n,cost_multiplier,dt,noise,cost_supply_fraction,policy,scenario,seed,service_fraction,consumer_p10,underserved_share,largest_component_mean,source_reach_mean,final_old_edge_share,gross_supply,lost,leaked,spilled,moved,rewiring_cost,swaps,largest_component_area,source_reach_area,max_mass_error,max_budget_ratio
24,20,0.2,0.0,0.0,fixed,persistent_damage,7000,0.9207187419522582,0.7442800147939516,0.05555555555555555,1.0000000000000075,1.0000000000000075,1.0,383.40487394217956,77.01057541916109,3.2773633297410374,0.22727179478342574,409.74467504857057,0.0,0,80.0000000000006,80.0000000000006,7.105427357601002e-15,0.5867134186656785
24,20,0.1,0.0,0.0,fixed,persistent_damage,7000,0.9202762709124211,0.7427069431876628,0.05555555555555555,0.9999999999999967,0.9999999999999967,1.0,383.40487394217956,76.98937634877394,3.2591713930388306,0.19075976783851933,409.67763808456806,0.0,0,79.99999999999973,79.99999999999973,1.0658141036401503e-14,0.5868227352572598
24,20,0.05,0.0,0.0,fixed,persistent_damage,7000,0.920044866544061,0.7418831819421553,0.05555555555555555,0.99999999999997,0.99999999999997,1.0,383.40487394217956,76.97811037467898,3.249781795411005,0.17316947160280272,409.6388093809516,0.0,0,79.9999999999976,79.9999999999976,1.0658141036401503e-14,0.5868728223004204
24,20,0.2,0.0,0.0738644757141791,random_swap,persistent_damage,7000,0.8419020142362839,0.5840286641120689,0.05555555555555555,1.0000000000000075,1.0000000000000075,0.22916666666666666,383.40487394217956,74.85075628250492,1.552729833449312,0.0,318.77591867270775,28.32000000000002,59,80.0000000000006,80.0000000000006,7.105427357601002e-15,0.5348844260178199
24,20,0.1,0.0,0.0738644757141791,random_swap,persistent_damage,7000,0.8412294423368673,0.5816789794062175,0.05555555555555555,0.9999999999999967,0.9999999999999967,0.22916666666666666,383.40487394217956,74.75052507149893,1.5311048167707242,0.0,318.4225034238754,28.32000000000002,59,79.99999999999973,79.99999999999973,1.0658141036401503e-14,0.5347364358909016
24,20,0.05,0.0,0.0738644757141791,random_swap,persistent_damage,7000,0.840881178493168,0.5805401576684346,0.05555555555555555,0.99999999999997,0.99999999999997,0.22916666666666666,383.40487394217956,74.70250443988733,1.5204148330199714,0.0,318.25004028574426,28.32000000000002,59,79.9999999999976,79.9999999999976,1.0658141036401503e-14,0.5346605417654375
24,20,0.2,0.0,0.0738644757141791,recent_contact,persistent_damage,7000,0.9297702004048319,0.7853410860768454,0.0,1.0000000000000075,1.0000000000000075,0.4375,383.40487394217956,50.970736827539454,1.5552907087543653,0.0,319.1768043531277,28.32000000000002,59,80.0000000000006,80.0000000000006,7.105427357601002e-15,0.5676635765202119
24,20,0.1,0.0,0.0738644757141791,recent_contact,persistent_damage,7000,0.9289556088973289,0.7838858793811487,0.0,0.9999999999999967,0.9999999999999967,0.4375,383.40487394217956,50.91927514887873,1.534031463910533,0.0,318.84478148152203,28.32000000000002,59,79.99999999999973,79.99999999999973,7.105427357601002e-15,0.5626701867201229
24,20,0.05,0.0,0.0738644757141791,recent_contact,persistent_damage,7000,0.9285351644558335,0.7831780073211078,0.0,0.99999999999997,0.99999999999997,0.4375,383.40487394217956,50.895189419623534,1.5236165895455882,0.0,318.6884699785771,28.32000000000002,59,79.9999999999976,79.9999999999976,1.0658141036401503e-14,0.5601833940589832
24,20,0.2,0.0,0.0738644757141791,experience_swap,persistent_damage,7000,1.0,1.0,0.0,1.0000000000000075,1.0000000000000075,0.375,383.40487394217956,22.430700874824012,4.508439617087073,0.0,307.432223788166,28.32000000000002,59,80.0000000000006,80.0000000000006,1.0658141036401503e-14,0.521613785104902
24,20,0.1,0.0,0.0738644757141791,experience_swap,persistent_damage,7000,1.0,1.0,0.0,0.9999999999999967,0.9999999999999967,0.375,383.40487394217956,22.421468665886056,4.4532832102783155,0.0,307.34042058513705,28.32000000000002,59,79.99999999999973,79.99999999999973,1.0658141036401503e-14,0.5168103598585361
24,20,0.05,0.0,0.0738644757141791,experience_swap,persistent_damage,7000,1.0,1.0,0.0,0.99999999999997,0.99999999999997,0.375,383.40487394217956,22.417609245920758,4.425554473196653,0.0,307.30335365613087,28.32000000000002,59,79.9999999999976,79.9999999999976,1.0658141036401503e-14,0.5147543860252567
24,20,0.2,0.0,0.0,fixed,persistent_damage,7001,0.8051587039801367,0.3836124717338506,0.2222222222222222,1.0000000000000075,1.0000000000000075,1.0,389.29441735797826,111.72761852621434,1.9489301224359052,0.11200766226973702,334.46724810713107,0.0,0,80.0000000000006,80.0000000000006,7.105427357601002e-15,0.5380273538654219
24,20,0.1,0.0,0.0,fixed,persistent_damage,7001,0.8045178086645722,0.38153861054374527,0.2222222222222222,0.9999999999999967,0.9999999999999967,1.0,389.29441735797826,111.71668219896834,1.9306236469105296,0.08353566413750668,334.37149252915253,0.0,0,79.99999999999973,79.99999999999973,7.105427357601002e-15,0.5381788391338549
24,20,0.05,0.0,0.0,fixed,persistent_damage,7001,0.8041881024430614,0.38047381830043747,0.2222222222222222,0.99999999999997,0.99999999999997,1.0,389.29441735797826,111.71025384343359,1.921321470769947,0.07065647178609114,334.31934049464826,0.0,0,79.9999999999976,79.9999999999976,1.0658141036401503e-14,0.5382506169291381
24,20,0.2,0.0,0.0727469974838046,random_swap,persistent_damage,7001,0.8710917136257207,0.6259111026438451,0.0,1.0000000000000075,1.0000000000000075,0.16666666666666666,389.29441735797826,72.1976852509293,1.4006707071106586,0.0,313.62384858509853,28.32000000000002,59,80.0000000000006,80.0000000000006,7.105427357601002e-15,0.5063457187551721
24,20,0.1,0.0,0.0727469974838046,random_swap,persistent_damage,7001,0.8703442963867076,0.6252274281553284,0.0,0.9999999999999967,0.9999999999999967,0.16666666666666666,389.29441735797826,72.10457105790339,1.3819569047182503,0.0,313.3011138411502,28.32000000000002,59,79.99999999999973,79.99999999999973,7.105427357601002e-15,0.5039486721792773
24,20,0.05,0.0,0.0727469974838046,random_swap,persistent_damage,7001,0.8699605355150968,0.6248492808421843,0.0,0.99999999999997,0.99999999999997,0.16666666666666666,389.29441735797826,72.05979365815897,1.3727227134746207,0.0,313.14592788806056,28.32000000000002,59,79.9999999999976,79.9999999999976,7.105427357601002e-15,0.502907006666954
24,20,0.2,0.0,0.0727469974838046,recent_contact,persistent_damage,7001,0.9802802333869456,0.9449242589043848,0.0,1.0000000000000075,1.0000000000000075,0.25,389.29441735797826,39.59769863438691,2.01562914418947,0.0,351.7560958370253,28.32000000000002,59,80.0000000000006,80.0000000000006,7.105427357601002e-15,0.5355709794871789
24,20,0.1,0.0,0.0727469974838046,recent_contact,persistent_damage,7001,0.9794322118186659,0.9422871788548303,0.0,0.9999999999999967,0.9999999999999967,0.25,389.29441735797826,39.537517719377284,1.9946082646636738,0.0,351.32362747268564,28.32000000000002,59,79.99999999999973,79.99999999999973,7.105427357601002e-15,0.5356304522195009
24,20,0.05,0.0,0.0727469974838046,recent_contact,persistent_damage,7001,0.9790046869151661,0.9411020785922855,0.0,0.99999999999997,0.99999999999997,0.25,389.29441735797826,39.50815190246356,1.98426476061393,0.0,351.1246662847608,28.32000000000002,59,79.9999999999976,79.9999999999976,7.105427357601002e-15,0.5356651197860706
24,20,0.2,0.0,0.0727469974838046,experience_swap,persistent_damage,7001,0.9988647607801605,0.9954075032514615,0.0,1.0000000000000075,1.0000000000000075,0.375,389.29441735797826,38.698525110675284,2.7121965809500383,0.0,329.02994176566455,28.32000000000002,59,80.0000000000006,80.0000000000006,7.105427357601002e-15,0.5431761942763845
24,20,0.1,0.0,0.0727469974838046,experience_swap,persistent_damage,7001,1.0,1.0,0.0,0.9999999999999967,0.9999999999999967,0.3333333333333333,389.29441735797826,25.693859070441288,4.032497235192864,0.0,333.3281276537335,28.32000000000002,59,79.99999999999973,79.99999999999973,7.105427357601002e-15,0.5413915081487102
24,20,0.05,0.0,0.0727469974838046,experience_swap,persistent_damage,7001,1.0,1.0,0.0,0.99999999999997,0.99999999999997,0.3333333333333333,389.29441735797826,25.68523504533879,4.004859752045165,0.0,333.2880961606335,28.32000000000002,59,79.9999999999976,79.9999999999976,7.105427357601002e-15,0.5399735789324793
24,20,0.2,0.0,0.0,fixed,persistent_damage,7002,0.8608851806361666,0.4907072208754494,0.1111111111111111,1.0000000000000075,1.0000000000000075,1.0,391.89836327043537,97.72401463112807,2.7328902327011693,0.11543819977975733,365.1801784653447,0.0,0,80.0000000000006,80.0000000000006,1.0658141036401503e-14,0.5899410915331003
24,20,0.1,0.0,0.0,fixed,persistent_damage,7002,0.8604843528926441,0.48924844191154,0.1111111111111111,0.9999999999999967,0.9999999999999967,1.0,391.89836327043537,97.66845920935496,2.7175606965117867,0.08362620240568042,365.0415269977893,0.0,0,79.99999999999973,79.99999999999973,7.105427357601002e-15,0.5900247182693903
24,20,0.05,0.0,0.0,fixed,persistent_damage,7002,0.8602797441427905,0.48850355934089884,0.1111111111111111,0.99999999999997,0.99999999999997,1.0,391.89836327043537,97.63925915470276,2.709802703639869,0.06853568473700866,364.9685994774715,0.0,0,79.9999999999976,79.9999999999976,1.0658141036401503e-14,0.5901304186203072
24,20,0.2,0.0,0.07226363428432432,random_swap,persistent_damage,7002,0.7254457099307086,0.4656661323621129,0.1111111111111111,1.0000000000000075,1.0000000000000075,0.22916666666666666,391.89836327043537,106.19104787884389,1.2732055184109528,0.0,311.6324739756914,28.32000000000002,59,80.0000000000006,80.0000000000006,1.0658141036401503e-14,0.5700536518717002
24,20,0.1,0.0,0.07226363428432432,random_swap,persistent_damage,7002,0.7249360212309495,0.4644640125882785,0.1111111111111111,0.9999999999999967,0.9999999999999967,0.22916666666666666,391.89836327043537,106.04415964074445,1.2595175756425683,0.0,311.2695958131056,28.32000000000002,59,79.99999999999973,79.99999999999973,7.105427357601002e-15,0.5699905910419933
24,20,0.05,0.0,0.07226363428432432,random_swap,persistent_damage,7002,0.7246709224654008,0.4638795587845265,0.16666666666666666,0.99999999999997,0.99999999999997,0.22916666666666666,391.89836327043537,105.97261409854764,1.2527174575226738,0.0,311.0975376625923,28.32000000000002,59,79.9999999999976,79.9999999999976,7.105427357601002e-15,0.570130026978887
24,20,0.2,0.0,0.07226363428432432,recent_contact,persistent_damage,7002,0.9858477360535178,0.9595971020080282,0.0,1.0000000000000075,1.0000000000000075,0.3125,391.89836327043537,43.95928490322335,1.784333294084973,0.0,345.91723026264253,28.32000000000002,59,80.0000000000006,80.0000000000006,1.0658141036401503e-14,0.5170290330390825
24,20,0.1,0.0,0.07226363428432432,recent_contact,persistent_damage,7002,0.9850089650017159,0.9585220124515118,0.0,0.9999999999999967,0.9999999999999967,0.3125,391.89836327043537,43.90419172387002,1.7592647568131607,0.0,345.54664489460527,28.32000000000002,59,79.99999999999973,79.99999999999973,7.105427357601002e-15,0.5170319366649263
24,20,0.05,0.0,0.07226363428432432,recent_contact,persistent_damage,7002,0.984585538404725,0.9579677423740315,0.0,0.99999999999997,0.99999999999997,0.3125,391.89836327043537,43.877032128454054,1.7469318172842465,0.0,345.36834249281407,28.32000000000002,59,79.9999999999976,79.9999999999976,7.105427357601002e-15,0.5170910637208215
24,20,0.2,0.0,0.07226363428432432,experience_swap,persistent_damage,7002,0.9659455180128244,0.9039416862693286,0.0,1.0000000000000075,1.0000000000000075,0.2708333333333333,391.89836327043537,52.802392746348474,1.8807078472554044,0.0,333.49111338586124,28.32000000000002,59,80.0000000000006,80.0000000000006,1.0658141036401503e-14,0.5349605216319573
24,20,0.1,0.0,0.07226363428432432,experience_swap,persistent_damage,7002,0.965452730163174,0.9029991989422926,0.0,0.9999999999999967,0.9999999999999967,0.2708333333333333,391.89836327043537,52.66125345435081,1.8556760846721398,0.0,333.06969587220897,28.32000000000002,59,79.99999999999973,79.99999999999973,7.105427357601002e-15,0.5347460775957588
24,20,0.05,0.0,0.07226363428432432,experience_swap,persistent_damage,7002,0.9652028609197051,0.9025070289888102,0.0,0.99999999999997,0.99999999999997,0.2708333333333333,391.89836327043537,52.59122598735168,1.8432198877204589,0.0,332.8651715171112,28.32000000000002,59,79.9999999999976,79.9999999999976,7.105427357601002e-15,0.5346399302511139
24,20,0.2,0.0,0.0,fixed,persistent_damage,7003,0.8044619601553581,0.3944738189678928,0.16666666666666666,1.0000000000000075,1.0000000000000075,1.0,392.13459896144894,117.04519373721855,1.907068643721489,0.0,326.205487433557,0.0,0,80.0000000000006,80.0000000000006,7.105427357601002e-15,0.5313084776936904
24,20,0.1,0.0,0.0,fixed,persistent_damage,7003,0.8037300588378851,0.3927021580002812,0.16666666666666666,0.9999999999999967,0.9999999999999967,1.0,392.13459896144894,116.94330480178614,1.8817902099654107,0.0,325.8649173737487,0.0,0,79.99999999999973,79.99999999999973,7.105427357601002e-15,0.5308941135675609
24,20,0.05,0.0,0.0,fixed,persistent_damage,7003,0.8033633564726627,0.3918134071643021,0.16666666666666666,0.99999999999997,0.99999999999997,1.0,392.13459896144894,116.89243757293643,1.8692316884759543,0.0,325.69490597619546,0.0,0,79.9999999999976,79.9999999999976,1.4210854715202004e-14,0.530764975086584
24,20,0.2,0.0,0.0722201001263451,random_swap,persistent_damage,7003,0.7941595631650382,0.4655195602887242,0.1111111111111111,1.0000000000000075,1.0000000000000075,0.125,392.13459896144894,89.89442667546798,1.3815201091303495,0.0,328.0223293381708,28.32000000000002,59,80.0000000000006,80.0000000000006,1.0658141036401503e-14,0.5698857627351299
24,20,0.1,0.0,0.0722201001263451,random_swap,persistent_damage,7003,0.7936346740395536,0.46384270669286204,0.1111111111111111,0.9999999999999967,0.9999999999999967,0.125,392.13459896144894,89.75729675361052,1.3668839948049607,0.0,327.6685522425995,28.32000000000002,59,79.99999999999973,79.99999999999973,7.105427357601002e-15,0.5654676980276525
24,20,0.05,0.0,0.0722201001263451,random_swap,persistent_damage,7003,0.7933672661703332,0.46300443391345114,0.1111111111111111,0.99999999999997,0.99999999999997,0.125,392.13459896144894,89.68946890975892,1.359637910104551,0.0,327.49718771214907,28.32000000000002,59,79.9999999999976,79.9999999999976,7.105427357601002e-15,0.5631536090469716
24,20,0.2,0.0,0.0722201001263451,recent_contact,persistent_damage,7003,0.9589950156051891,0.8337903570201936,0.0,1.0000000000000075,1.0000000000000075,0.2916666666666667,392.13459896144894,48.3345226661731,1.983563961037719,0.0,357.89315364201946,28.32000000000002,59,80.0000000000006,80.0000000000006,7.105427357601002e-15,0.5429345311405632
24,20,0.1,0.0,0.0722201001263451,recent_contact,persistent_damage,7003,0.9583689261487733,0.8300588364864553,0.0,0.9999999999999967,0.9999999999999967,0.2916666666666667,392.13459896144894,48.2165599071576,1.9672464311318052,0.0,357.47254673999765,28.32000000000002,59,79.99999999999973,79.99999999999973,7.105427357601002e-15,0.5402471481452125
24,20,0.05,0.0,0.0722201001263451,recent_contact,persistent_damage,7003,0.9580523331937721,0.8281923049947817,0.0,0.99999999999997,0.99999999999997,0.2916666666666667,392.13459896144894,48.15848079667383,1.9591240929875862,0.0,357.2732503425367,28.32000000000002,59,79.9999999999976,79.9999999999976,7.105427357601002e-15,0.5383266930191966
24,20,0.2,0.0,0.0722201001263451,experience_swap,persistent_damage,7003,0.9085876087443571,0.7199026073485586,0.0,1.0000000000000075,1.0000000000000075,0.3125,392.13459896144894,63.84094197162591,1.632979684228816,0.0,348.89586874411316,28.32000000000002,59,80.0000000000006,80.0000000000006,7.105427357601002e-15,0.6033379186585557
24,20,0.1,0.0,0.0722201001263451,experience_swap,persistent_damage,7003,0.9080311782018649,0.7193464000887729,0.0,0.9999999999999967,0.9999999999999967,0.3125,392.13459896144894,63.7097160260302,1.6161669253575055,0.0,348.49656056806134,28.32000000000002,59,79.99999999999973,79.99999999999973,7.105427357601002e-15,0.6031735063258908
24,20,0.05,0.0,0.0722201001263451,experience_swap,persistent_damage,7003,0.9567096522487883,0.861991491876271,0.0,0.99999999999997,0.99999999999997,0.25,392.13459896144894,49.712745178836464,1.80114338286868,0.0,337.60536616688626,28.32000000000002,59,79.9999999999976,79.9999999999976,7.105427357601002e-15,0.5101159895585778
24,20,0.2,0.0,0.0,fixed,persistent_damage,7004,0.8391987237898461,0.5142896592514951,0.1111111111111111,1.0000000000000075,1.0000000000000075,1.0,406.52402528809097,121.70728380236716,2.2209871028014803,0.186331883803307,338.8409390899359,0.0,0,80.0000000000006,80.0000000000006,1.4210854715202004e-14,0.5094336466167411
24,20,0.1,0.0,0.0,fixed,persistent_damage,7004,0.8387034042556317,0.5127211021897848,0.1111111111111111,0.9999999999999967,0.9999999999999967,1.0,406.52402528809097,121.67990254808329,2.2001422315809194,0.14110282943000074,338.7663032426092,0.0,0,79.99999999999973,79.99999999999973,1.4210854715202004e-14,0.5094379625656122
24,20,0.05,0.0,0.0,fixed,persistent_damage,7004,0.8384483754562015,0.5119142866562184,0.1111111111111111,0.99999999999997,0.99999999999997,1.0,406.52402528809097,121.66515161957818,2.189540643002253,0.11983127121806447,338.7258420278201,0.0,0,79.9999999999976,79.9999999999976,1.4210854715202004e-14,0.509440625252003
24,20,0.2,0.0,0.06966377935456709,random_swap,persistent_damage,7004,0.7192061037610057,0.5440223057132495,0.0,1.0000000000000075,1.0000000000000075,0.1875,406.52402528809097,121.5066073099882,1.4616097498217349,0.0,298.27670649850165,28.32000000000002,59,80.0000000000006,80.0000000000006,7.105427357601002e-15,0.5399741468962599
24,20,0.1,0.0,0.06966377935456709,random_swap,persistent_damage,7004,0.7184385448703055,0.5429819683273627,0.05555555555555555,0.9999999999999967,0.9999999999999967,0.1875,406.52402528809097,121.41294260416093,1.4410469908380665,0.0,297.99340902033094,28.32000000000002,59,79.99999999999973,79.99999999999973,7.105427357601002e-15,0.5389891780220395
24,20,0.05,0.0,0.06966377935456709,random_swap,persistent_damage,7004,0.7180369590077927,0.5424889806108397,0.05555555555555555,0.99999999999997,0.99999999999997,0.1875,406.52402528809097,121.36944232976529,1.4308419145551456,0.0,297.86064864503487,28.32000000000002,59,79.9999999999976,79.9999999999976,7.105427357601002e-15,0.5391310852829682
24,20,0.2,0.0,0.06966377935456709,recent_contact,persistent_damage,7004,1.0,1.0,0.0,1.0000000000000075,1.0000000000000075,0.3333333333333333,406.52402528809097,48.89332655943179,3.356267476968389,0.0,362.17107402527324,28.32000000000002,59,80.0000000000006,80.0000000000006,7.105427357601002e-15,0.5423838442036125
24,20,0.1,0.0,0.06966377935456709,recent_contact,persistent_damage,7004,1.0,1.0,0.0,0.9999999999999967,0.9999999999999967,0.3333333333333333,406.52402528809097,48.85329242648974,3.3004111456429013,0.0,362.01372716468256,28.32000000000002,59,79.99999999999973,79.99999999999973,7.105427357601002e-15,0.5422675061423414
24,20,0.05,0.0,0.06966377935456709,recent_contact,persistent_damage,7004,1.0,1.0,0.0,0.99999999999997,0.99999999999997,0.3333333333333333,406.52402528809097,48.83803657346618,3.2716329498833434,0.0,361.9512859791613,28.32000000000002,59,79.9999999999976,79.9999999999976,7.105427357601002e-15,0.5422099995574992
24,20,0.2,0.0,0.06966377935456709,experience_swap,persistent_damage,7004,0.9606999099571075,0.8687992124427882,0.0,1.0000000000000075,1.0000000000000075,0.3333333333333333,406.52402528809097,61.78063237057496,2.0444902523872144,0.0,379.3746048320342,28.32000000000002,59,80.0000000000006,80.0000000000006,7.105427357601002e-15,0.5897103844421048
24,20,0.1,0.0,0.06966377935456709,experience_swap,persistent_damage,7004,0.9557390105561047,0.840730835926358,0.0,0.9999999999999967,0.9999999999999967,0.2708333333333333,406.52402528809097,59.6462366455388,2.0946233473045837,0.0,384.53328983505645,28.32000000000002,59,79.99999999999973,79.99999999999973,7.105427357601002e-15,0.5889043028004867
24,20,0.05,0.0,0.06966377935456709,experience_swap,persistent_damage,7004,0.9554860977190475,0.8400993164864516,0.0,0.99999999999997,0.99999999999997,0.2708333333333333,406.52402528809097,59.575650834695075,2.0851062675841185,0.0,384.3356197219705,28.32000000000002,59,79.9999999999976,79.9999999999976,1.0658141036401503e-14,0.5885279517435467
24,20,0.2,0.0,0.0,fixed,persistent_damage,7005,0.7345001003063233,0.1617845533214717,0.3333333333333333,1.0000000000000075,1.0000000000000075,1.0,397.89900757018546,131.11436927043664,1.5926067732077154,0.1608226156544208,330.2611467360278,0.0,0,80.0000000000006,80.0000000000006,1.0658141036401503e-14,0.6389766238488455
24,20,0.1,0.0,0.0,fixed,persistent_damage,7005,0.7341878514726141,0.16069801697469177,0.3333333333333333,0.9999999999999967,0.9999999999999967,1.0,397.89900757018546,131.11083794879193,1.5841729322348892,0.11690237730001529,330.1931828552033,0.0,0,79.99999999999973,79.99999999999973,7.105427357601002e-15,0.6392142917398678
24,20,0.05,0.0,0.0,fixed,persistent_damage,7005,0.7340241688395769,0.16012937702468377,0.3333333333333333,0.99999999999997,0.99999999999997,1.0,397.89900757018546,131.10877789691332,1.5798848149995492,0.09568476989371,330.1585515925524,0.0,0,79.9999999999976,79.9999999999976,1.0658141036401503e-14,0.6393466177234388
24,20,0.2,0.0,0.07117383924362931,random_swap,persistent_damage,7005,0.7104507611131763,0.3999989584216258,0.16666666666666666,1.0000000000000075,1.0000000000000075,0.22916666666666666,397.89900757018546,112.08830868823468,1.371935675223177,0.0,309.65236356843894,28.32000000000002,59,80.0000000000006,80.0000000000006,1.0658141036401503e-14,0.5611612602912344
24,20,0.1,0.0,0.07117383924362931,random_swap,persistent_damage,7005,0.7097472698814086,0.39767551972486886,0.16666666666666666,0.9999999999999967,0.9999999999999967,0.22916666666666666,397.89900757018546,111.98477997933475,1.3542926148917491,0.0,309.31400847051987,28.32000000000002,59,79.99999999999973,79.99999999999973,7.105427357601002e-15,0.5607668364304976
24,20,0.05,0.0,0.07117383924362931,random_swap,persistent_damage,7005,0.7093858446821789,0.3965113417760374,0.16666666666666666,0.99999999999997,0.99999999999997,0.22916666666666666,397.89900757018546,111.93471854747578,1.3455362586974222,0.0,309.15087370631875,28.32000000000002,59,79.9999999999976,79.9999999999976,7.105427357601002e-15,0.5605664616106296
24,20,0.2,0.0,0.07117383924362931,recent_contact,persistent_damage,7005,0.9923393692317567,0.9738982348789168,0.0,1.0000000000000075,1.0000000000000075,0.3958333333333333,397.89900757018546,39.83045869045242,2.8638995757631536,0.0,387.4670060014223,28.32000000000002,59,80.0000000000006,80.0000000000006,7.105427357601002e-15,0.5850324241964033
24,20,0.1,0.0,0.07117383924362931,recent_contact,persistent_damage,7005,0.9917555614779401,0.9710263071837829,0.0,0.9999999999999967,0.9999999999999967,0.3958333333333333,397.89900757018546,39.784391840870995,2.8178525882828804,0.0,387.00159245936186,28.32000000000002,59,79.99999999999973,79.99999999999973,1.0658141036401503e-14,0.580201611137993
24,20,0.05,0.0,0.07117383924362931,recent_contact,persistent_damage,7005,0.9914558891200413,0.9694282925531238,0.0,0.99999999999997,0.99999999999997,0.3958333333333333,397.89900757018546,39.76260497726566,2.7947861187246965,0.0,386.78585909037656,28.32000000000002,59,79.9999999999976,79.9999999999976,1.0658141036401503e-14,0.5785822286853607
24,20,0.2,0.0,0.07117383924362931,experience_swap,persistent_damage,7005,0.9503276321021967,0.8278451869191583,0.0,1.0000000000000075,1.0000000000000075,0.2708333333333333,397.89900757018546,55.614943674649524,1.6238543025388033,0.0,341.37198160094994,28.32000000000002,59,80.0000000000006,80.0000000000006,7.105427357601002e-15,0.5265132749905208
24,20,0.1,0.0,0.07117383924362931,experience_swap,persistent_damage,7005,0.9554632016587152,0.8718341517400924,0.0,0.9999999999999967,0.9999999999999967,0.2916666666666667,397.89900757018546,52.13093366021483,1.6877253756772423,0.0,341.95415685702085,28.32000000000002,59,79.99999999999973,79.99999999999973,7.105427357601002e-15,0.5093377829238879
24,20,0.05,0.0,0.07117383924362931,experience_swap,persistent_damage,7005,0.937391750726441,0.763523744621844,0.0,0.99999999999997,0.99999999999997,0.2916666666666667,397.89900757018546,58.22758877175098,1.660589265209557,0.0,333.8698601242436,28.32000000000002,59,79.9999999999976,79.9999999999976,7.105427357601002e-15,0.49563253059410595
24,20,0.2,0.0,0.0,fixed,persistent_damage,7006,0.7522679201454427,0.1395570201274277,0.2777777777777778,1.0000000000000075,1.0000000000000075,1.0,398.7971068241994,131.8243758670591,1.727967005217069,0.20247390312957725,338.8744482913951,0.0,0,80.0000000000006,80.0000000000006,1.4210854715202004e-14,0.6493473817783464
24,20,0.1,0.0,0.0,fixed,persistent_damage,7006,0.7519499826861369,0.138421328544267,0.2777777777777778,0.9999999999999967,0.9999999999999967,1.0,398.7971068241994,131.77355995886379,1.716422077280163,0.1575955738492021,338.7641460850693,0.0,0,79.99999999999973,79.99999999999973,1.4210854715202004e-14,0.6496500250986642
24,20,0.05,0.0,0.0,fixed,persistent_damage,7006,0.7517851074864005,0.1378368298830481,0.2777777777777778,0.99999999999997,0.99999999999997,1.0,398.7971068241994,131.7464706242624,1.7105438240727429,0.13598457731758806,338.7043461924697,0.0,0,79.9999999999976,79.9999999999976,2.1316282072803006e-14,0.6499753156079182
24,20,0.2,0.0,0.07101355429964101,random_swap,persistent_damage,7006,0.8928597566547377,0.6983610843681459,0.05555555555555555,1.0000000000000075,1.0000000000000075,0.10416666666666667,398.7971068241994,73.68502935754488,1.6979898421731268,0.0,335.15793493146515,28.32000000000002,59,80.0000000000006,80.0000000000006,7.105427357601002e-15,0.5841047989107473
24,20,0.1,0.0,0.07101355429964101,random_swap,persistent_damage,7006,0.8923107274462224,0.6945251807438448,0.05555555555555555,0.9999999999999967,0.9999999999999967,0.10416666666666667,398.7971068241994,73.55210006275418,1.6772546610336603,0.0,334.7359674047381,28.32000000000002,59,79.99999999999973,79.99999999999973,7.105427357601002e-15,0.5833099623458821
24,20,0.05,0.0,0.07101355429964101,random_swap,persistent_damage,7006,0.8920246786051622,0.6926213562667692,0.05555555555555555,0.99999999999997,0.99999999999997,0.10416666666666667,398.7971068241994,73.48781629983242,1.6669247578272224,0.0,334.5333891637973,28.32000000000002,59,79.9999999999976,79.9999999999976,1.0658141036401503e-14,0.5828619545882144
24,20,0.2,0.0,0.07101355429964101,recent_contact,persistent_damage,7006,0.958469586944935,0.851513414394339,0.0,1.0000000000000075,1.0000000000000075,0.22916666666666666,398.7971068241994,53.705000304463745,1.9594905919761492,0.0,347.79227598350144,28.32000000000002,59,80.0000000000006,80.0000000000006,7.105427357601002e-15,0.5433150724794354
24,20,0.1,0.0,0.07101355429964101,recent_contact,persistent_damage,7006,0.9580005874818867,0.8482620332901197,0.0,0.9999999999999967,0.9999999999999967,0.22916666666666666,398.7971068241994,53.56264969083486,1.9370083747995892,0.0,347.3790178381871,28.32000000000002,59,79.99999999999973,79.99999999999973,7.105427357601002e-15,0.5430097076073261
24,20,0.05,0.0,0.07101355429964101,recent_contact,persistent_damage,7006,0.9577638482100655,0.8466274683110303,0.0,0.99999999999997,0.99999999999997,0.22916666666666666,398.7971068241994,53.491546902925414,1.9258534158483847,0.0,347.18043785144926,28.32000000000002,59,79.9999999999976,79.9999999999976,7.105427357601002e-15,0.5428462124050101
24,20,0.2,0.0,0.07101355429964101,experience_swap,persistent_damage,7006,0.9644698721983034,0.8662155356256463,0.0,1.0000000000000075,1.0000000000000075,0.1875,398.7971068241994,55.52996975449087,1.6027062463713035,0.0,320.9756825861182,28.32000000000002,59,80.0000000000006,80.0000000000006,7.105427357601002e-15,0.49293260329229305
24,20,0.1,0.0,0.07101355429964101,experience_swap,persistent_damage,7006,0.9636641946414852,0.8620016509200998,0.0,0.9999999999999967,0.9999999999999967,0.1875,398.7971068241994,55.45577005974258,1.5798629007299319,0.0,320.6020665787756,28.32000000000002,59,79.99999999999973,79.99999999999973,1.0658141036401503e-14,0.49292001614028313
24,20,0.05,0.0,0.07101355429964101,experience_swap,persistent_damage,7006,0.9632556919437734,0.8599604817289268,0.0,0.99999999999997,0.99999999999997,0.1875,398.7971068241994,55.41942046050461,1.5686213374006914,0.0,320.4210148063839,28.32000000000002,59,79.9999999999976,79.9999999999976,7.105427357601002e-15,0.49290981003912127
24,20,0.2,0.0,0.0,fixed,persistent_damage,7007,0.5655236202825614,0.05342659278302291,0.4444444444444444,1.0000000000000075,1.0000000000000075,1.0,393.0620102086608,162.99553105753333,1.8249519163481804,0.1599810223339886,358.8655963258385,0.0,0,80.0000000000006,80.0000000000006,7.105427357601002e-15,0.6587459888558579
24,20,0.1,0.0,0.0,fixed,persistent_damage,7007,0.5652099080146189,0.05257458992415169,0.4444444444444444,0.9999999999999967,0.9999999999999967,1.0,393.0620102086608,162.96026755051477,1.8183980140070954,0.1170190197139247,358.8060652182487,0.0,0,79.99999999999973,79.99999999999973,1.0658141036401503e-14,0.6593482874731832
24,20,0.05,0.0,0.0,fixed,persistent_damage,7007,0.5650472404081849,0.052124059044852435,0.4444444444444444,0.99999999999997,0.99999999999997,1.0,393.0620102086608,162.93949700798316,1.815009514730979,0.09695570685656074,358.77003786555616,0.0,0,79.9999999999976,79.9999999999976,7.105427357601002e-15,0.6596496313209589
24,20,0.2,0.0,0.07204970021133834,random_swap,persistent_damage,7007,0.7086956973206073,0.48706526952776513,0.1111111111111111,1.0000000000000075,1.0000000000000075,0.16666666666666666,393.0620102086608,110.26267148309682,0.9371827792781615,0.0,281.0607696462661,28.32000000000002,59,80.0000000000006,80.0000000000006,7.105427357601002e-15,0.5236104078350282
24,20,0.1,0.0,0.07204970021133834,random_swap,persistent_damage,7007,0.7083778867201745,0.48589412318966896,0.1111111111111111,0.9999999999999967,0.9999999999999967,0.16666666666666666,393.0620102086608,110.06937126286674,0.9244591435567999,0.0,280.7077051661103,28.32000000000002,59,79.99999999999973,79.99999999999973,7.105427357601002e-15,0.5233708236336749
24,20,0.05,0.0,0.07204970021133834,random_swap,persistent_damage,7007,0.7081969740099575,0.4853813312690036,0.1111111111111111,0.99999999999997,0.99999999999997,0.16666666666666666,393.0620102086608,109.97727326342239,0.9181659941729271,0.0,280.5441797730414,28.32000000000002,59,79.9999999999976,79.9999999999976,7.105427357601002e-15,0.5232521368432778
24,20,0.2,0.0,0.07204970021133834,recent_contact,persistent_damage,7007,0.8923772602124797,0.6396181411587579,0.0,1.0000000000000075,1.0000000000000075,0.2708333333333333,393.0620102086608,66.41742542635569,1.1783260613044146,0.0,301.0153539195999,28.32000000000002,59,80.0000000000006,80.0000000000006,7.105427357601002e-15,0.5761279311823609
24,20,0.1,0.0,0.07204970021133834,recent_contact,persistent_damage,7007,0.8917204554042,0.6378738779081725,0.0,0.9999999999999967,0.9999999999999967,0.2708333333333333,393.0620102086608,66.30686523426341,1.1647862411467143,0.0,300.69496790821233,28.32000000000002,59,79.99999999999973,79.99999999999973,7.105427357601002e-15,0.5761141942030429
24,20,0.05,0.0,0.07204970021133834,recent_contact,persistent_damage,7007,0.8913796282171135,0.6370058686332637,0.0,0.99999999999997,0.99999999999997,0.2708333333333333,393.0620102086608,66.25393481584847,1.1580752311513978,0.0,300.5407486497976,28.32000000000002,59,79.9999999999976,79.9999999999976,7.105427357601002e-15,0.5761157818509746
24,20,0.2,0.0,0.07204970021133834,experience_swap,persistent_damage,7007,0.9729957750365512,0.9243429831457034,0.0,1.0000000000000075,1.0000000000000075,0.3541666666666667,393.0620102086608,49.077233893123235,2.213236423884477,0.0,347.0872156978551,28.32000000000002,59,80.0000000000006,80.0000000000006,7.105427357601002e-15,0.5259547111457988
24,20,0.1,0.0,0.07204970021133834,experience_swap,persistent_damage,7007,0.9723042175302636,0.9232463893436346,0.0,0.9999999999999967,0.9999999999999967,0.3541666666666667,393.0620102086608,48.991152167057585,2.179538619961012,0.0,346.68922802025395,28.32000000000002,59,79.99999999999973,79.99999999999973,7.105427357601002e-15,0.5229872101965755
24,20,0.05,0.0,0.07204970021133834,experience_swap,persistent_damage,7007,0.9719540255472643,0.9227162611399967,0.0,0.99999999999997,0.99999999999997,0.3541666666666667,393.0620102086608,48.94877128582179,2.1627420568923506,0.0,346.4960683124629,28.32000000000002,59,79.9999999999976,79.9999999999976,7.105427357601002e-15,0.5217511864807653
24,20,0.2,0.0,0.0,fixed,persistent_damage,7008,0.8707789025620709,0.3714119179839974,0.16666666666666666,1.0000000000000075,1.0000000000000075,1.0,397.7833901563602,101.38800557653921,2.7001844182030426,0.7676378236257495,397.48011237388715,0.0,0,80.0000000000006,80.0000000000006,1.0658141036401503e-14,0.6344740468536139
24,20,0.1,0.0,0.0,fixed,persistent_damage,7008,0.8706510224692565,0.3707521800729176,0.16666666666666666,0.9999999999999967,0.9999999999999967,1.0,397.7833901563602,101.38400590504037,2.693364172731923,0.6983239246449084,397.4837097484864,0.0,0,79.99999999999973,79.99999999999973,7.105427357601002e-15,0.6345224113241531
24,20,0.05,0.0,0.0,fixed,persistent_damage,7008,0.8705847964273135,0.3704126337865285,0.16666666666666666,0.99999999999997,0.99999999999997,1.0,397.7833901563602,101.38203920130724,2.6899033248058317,0.6636876754033776,397.48497256106134,0.0,0,79.9999999999976,79.9999999999976,1.0658141036401503e-14,0.6345497897403799
24,20,0.2,0.0,0.07119452621907624,random_swap,persistent_damage,7008,0.7352997069388575,0.2978235876675552,0.2222222222222222,1.0000000000000075,1.0000000000000075,0.16666666666666666,397.7833901563602,116.02119697973575,1.496852415596495,0.0,324.5269840063632,28.32000000000002,59,80.0000000000006,80.0000000000006,1.0658141036401503e-14,0.5768870657065414
24,20,0.1,0.0,0.07119452621907624,random_swap,persistent_damage,7008,0.7347489224167709,0.29610669078335705,0.2222222222222222,0.9999999999999967,0.9999999999999967,0.16666666666666666,397.7833901563602,115.87406485920181,1.4808595234125959,0.0,324.16291838815965,28.32000000000002,59,79.99999999999973,79.99999999999973,7.105427357601002e-15,0.5756458508700761
24,20,0.05,0.0,0.07119452621907624,random_swap,persistent_damage,7008,0.7344546940349114,0.29526626021093433,0.2222222222222222,0.99999999999997,0.99999999999997,0.16666666666666666,397.7833901563602,115.80421021622077,1.4728684176284652,0.0,323.99274648064835,28.32000000000002,59,79.9999999999976,79.9999999999976,7.105427357601002e-15,0.5751336018568107
24,20,0.2,0.0,0.07119452621907624,recent_contact,persistent_damage,7008,0.9916902861433551,0.9823606483580177,0.0,1.0000000000000075,1.0000000000000075,0.2916666666666667,397.7833901563602,54.34549625464184,2.6841535026976358,0.0,353.90437835613096,28.32000000000002,59,80.0000000000006,80.0000000000006,7.105427357601002e-15,0.5336235799226998
24,20,0.1,0.0,0.07119452621907624,recent_contact,persistent_damage,7008,0.9910945561081762,0.9794223510461969,0.0,0.9999999999999967,0.9999999999999967,0.2916666666666667,397.7833901563602,54.27563252801853,2.6401450818302665,0.0,353.4922299658016,28.32000000000002,59,79.99999999999973,79.99999999999973,7.105427357601002e-15,0.5306623969747207
24,20,0.05,0.0,0.07119452621907624,recent_contact,persistent_damage,7008,0.9907812109366914,0.978060214436688,0.0,0.99999999999997,0.99999999999997,0.2916666666666667,397.7833901563602,54.24186913037768,2.6185999608082677,0.0,353.29347177871927,28.32000000000002,59,79.9999999999976,79.9999999999976,1.0658141036401503e-14,0.5298909764123727
24,20,0.2,0.0,0.07119452621907624,experience_swap,persistent_damage,7008,1.0,1.0,0.0,1.0000000000000075,1.0000000000000075,0.3125,397.7833901563602,43.62323191628043,4.246792082216124,0.0,357.79186946585827,28.32000000000002,59,80.0000000000006,80.0000000000006,1.0658141036401503e-14,0.5252377127495205
24,20,0.1,0.0,0.07119452621907624,experience_swap,persistent_damage,7008,1.0,1.0,0.0,0.9999999999999967,0.9999999999999967,0.3125,397.7833901563602,43.60703252158649,4.1888967969384705,0.0,357.6814238991214,28.32000000000002,59,79.99999999999973,79.99999999999973,7.105427357601002e-15,0.5231643478639568
24,20,0.05,0.0,0.07119452621907624,experience_swap,persistent_damage,7008,1.0,1.0,0.0,0.99999999999997,0.99999999999997,0.3125,397.7833901563602,43.599522375216566,4.159819055202402,0.0,357.63298361291254,28.32000000000002,59,79.9999999999976,79.9999999999976,7.105427357601002e-15,0.5220950524298892
24,20,0.2,0.0,0.0,fixed,persistent_damage,7009,0.8569166935859452,0.40748173723493125,0.16666666666666666,1.0000000000000075,1.0000000000000075,1.0,389.9353381487384,89.3920023091974,3.0246732964544347,0.38850511994092773,431.7544199438078,0.0,0,80.0000000000006,80.0000000000006,7.105427357601002e-15,0.6791172028654769
24,20,0.1,0.0,0.0,fixed,persistent_damage,7009,0.8566893352399642,0.4065901883371881,0.16666666666666666,0.9999999999999967,0.9999999999999967,1.0,389.9353381487384,89.34858334842373,3.0162821261540733,0.3481604768961444,431.67352820781014,0.0,0,79.99999999999973,79.99999999999973,1.0658141036401503e-14,0.6792384656822962
24,20,0.05,0.0,0.0,fixed,persistent_damage,7009,0.8565730207978485,0.4061333535251157,0.16666666666666666,0.99999999999997,0.99999999999997,1.0,389.9353381487384,89.32563531992024,3.0120463790067187,0.328512890870849,431.6302563140304,0.0,0,79.9999999999976,79.9999999999976,1.0658141036401503e-14,0.6792905613002841
24,20,0.2,0.0,0.07262742621495243,random_swap,persistent_damage,7009,0.8207344630068366,0.6145462146904946,0.0,1.0000000000000075,1.0000000000000075,0.08333333333333333,389.9353381487384,80.5403057891617,1.4501022244374178,0.0,328.337066452693,28.32000000000002,59,80.0000000000006,80.0000000000006,7.105427357601002e-15,0.6226843019857442
24,20,0.1,0.0,0.07262742621495243,random_swap,persistent_damage,7009,0.8198928594036861,0.6123351046122587,0.0,0.9999999999999967,0.9999999999999967,0.08333333333333333,389.9353381487384,80.4750945970021,1.4315819063534225,0.0,327.97107540219196,28.32000000000002,59,79.99999999999973,79.99999999999973,7.105427357601002e-15,0.617613344044883
24,20,0.05,0.0,0.07262742621495243,random_swap,persistent_damage,7009,0.8194654141520232,0.6112365112514955,0.0,0.99999999999997,0.99999999999997,0.08333333333333333,389.9353381487384,80.44340857938333,1.4224188872894665,0.0,327.7932847929924,28.32000000000002,59,79.9999999999976,79.9999999999976,1.0658141036401503e-14,0.6155392452866089
24,20,0.2,0.0,0.07262742621495243,recent_contact,persistent_damage,7009,0.9754853833529287,0.9079597851284572,0.0,1.0000000000000075,1.0000000000000075,0.4166666666666667,389.9353381487384,46.16994534253082,1.6353322373238777,0.0,353.0634065883657,28.32000000000002,59,80.0000000000006,80.0000000000006,7.105427357601002e-15,0.6681271328356899
24,20,0.1,0.0,0.07262742621495243,recent_contact,persistent_damage,7009,0.9748659835892848,0.9072614869699799,0.0,0.9999999999999967,0.9999999999999967,0.4166666666666667,389.9353381487384,46.06267499417823,1.6159256590495352,0.0,352.6198260187739,28.32000000000002,59,79.99999999999973,79.99999999999973,7.105427357601002e-15,0.6671796662242208
24,20,0.05,0.0,0.07262742621495243,recent_contact,persistent_damage,7009,0.9745513399616892,0.9069364518622685,0.0,0.99999999999997,0.99999999999997,0.4166666666666667,389.9353381487384,46.00944584064114,1.6063820284706396,0.0,352.4108569022973,28.32000000000002,59,79.9999999999976,79.9999999999976,1.0658141036401503e-14,0.6659787291840126
24,20,0.2,0.0,0.07262742621495243,experience_swap,persistent_damage,7009,0.9832792507517568,0.9672560624598834,0.0,1.0000000000000075,1.0000000000000075,0.3541666666666667,389.9353381487384,43.69239962888546,2.2905328941249454,0.0,360.56102283855887,28.32000000000002,59,80.0000000000006,80.0000000000006,7.105427357601002e-15,0.6134141851774824
24,20,0.1,0.0,0.07262742621495243,experience_swap,persistent_damage,7009,0.9824996671852403,0.9660362233761661,0.0,0.9999999999999967,0.9999999999999967,0.3541666666666667,389.9353381487384,43.63939303917561,2.246424119897141,0.0,360.15974863620676,28.32000000000002,59,79.99999999999973,79.99999999999973,7.105427357601002e-15,0.6053004068138598
24,20,0.05,0.0,0.07262742621495243,experience_swap,persistent_damage,7009,0.9821059044824199,0.9654280342653978,0.0,0.99999999999997,0.99999999999997,0.3541666666666667,389.9353381487384,43.61337344141247,2.2243850165200048,0.0,359.96940793933163,28.32000000000002,59,79.9999999999976,79.9999999999976,1.0658141036401503e-14,0.6022651113795031
24,20,0.2,0.0,0.0,fixed,persistent_damage,7010,0.8444084997092334,0.3409460211987629,0.2222222222222222,1.0000000000000075,1.0000000000000075,1.0,389.95539588917734,94.50050919231012,2.4798442998291703,0.2703797226216471,402.23576185927766,0.0,0,80.0000000000006,80.0000000000006,7.105427357601002e-15,0.6662789256624541
24,20,0.1,0.0,0.0,fixed,persistent_damage,7010,0.8441750457443106,0.33992226712618345,0.2222222222222222,0.9999999999999967,0.9999999999999967,1.0,389.95539588917734,94.46684582151839,2.4702817382090645,0.2281910978502748,402.18422540392197,0.0,0,79.99999999999973,79.99999999999973,7.105427357601002e-15,0.6659962372799924
24,20,0.05,0.0,0.0,fixed,persistent_damage,7010,0.84405357127887,0.3393848059836681,0.2222222222222222,0.99999999999997,0.99999999999997,1.0,389.95539588917734,94.44910290193968,2.4653947164234005,0.2076874414857568,402.1558827159049,0.0,0,79.9999999999976,79.9999999999976,1.0658141036401503e-14,0.6658672805035678
24,20,0.2,0.0,0.07262369055164548,random_swap,persistent_damage,7010,0.87336296818147,0.6522392903391873,0.0,1.0000000000000075,1.0000000000000075,0.16666666666666666,389.95539588917734,63.34797721006084,1.7361863677032272,0.0,310.67351866522864,28.32000000000002,59,80.0000000000006,80.0000000000006,7.105427357601002e-15,0.48917785929315843
24,20,0.1,0.0,0.07262369055164548,random_swap,persistent_damage,7010,0.8727669706346325,0.6496785853781237,0.0,0.9999999999999967,0.9999999999999967,0.16666666666666666,389.95539588917734,63.251388095605904,1.70805297317738,0.0,310.34636285576914,28.32000000000002,59,79.99999999999973,79.99999999999973,1.0658141036401503e-14,0.4895484896079774
24,20,0.05,0.0,0.07262369055164548,random_swap,persistent_damage,7010,0.8724532492697941,0.6482528032347802,0.0,0.99999999999997,0.99999999999997,0.16666666666666666,389.95539588917734,63.20621872623848,1.6940531013330253,0.0,310.18925692617745,28.32000000000002,59,79.9999999999976,79.9999999999976,7.105427357601002e-15,0.48973708678252936
24,20,0.2,0.0,0.07262369055164548,recent_contact,persistent_damage,7010,0.9460905850899332,0.839853961937186,0.0,1.0000000000000075,1.0000000000000075,0.3333333333333333,389.95539588917734,50.72905706977936,2.219652902915609,0.0,373.2041013267031,28.32000000000002,59,80.0000000000006,80.0000000000006,7.105427357601002e-15,0.5688144786897383
24,20,0.1,0.0,0.07262369055164548,recent_contact,persistent_damage,7010,0.9452700832440155,0.8348638157468475,0.0,0.9999999999999967,0.9999999999999967,0.3333333333333333,389.95539588917734,50.66227141110726,2.1914662031797074,0.0,372.71987572347774,28.32000000000002,59,79.99999999999973,79.99999999999973,7.105427357601002e-15,0.568194752503695
24,20,0.05,0.0,0.07262369055164548,recent_contact,persistent_damage,7010,0.9448561765105336,0.8323631201061436,0.0,0.99999999999997,0.99999999999997,0.3333333333333333,389.95539588917734,50.62914600925729,2.1775162468973015,0.0,372.48662060393207,28.32000000000002,59,79.9999999999976,79.9999999999976,7.105427357601002e-15,0.5679121033019887
24,20,0.2,0.0,0.07262369055164548,experience_swap,persistent_damage,7010,1.0,1.0,0.0,1.0000000000000075,1.0000000000000075,0.2916666666666667,389.95539588917734,28.410241714650603,3.1548698375242545,0.0,336.2181322935498,28.32000000000002,59,80.0000000000006,80.0000000000006,7.105427357601002e-15,0.498501960058869
24,20,0.1,0.0,0.07262369055164548,experience_swap,persistent_damage,7010,1.0,1.0,0.0,0.9999999999999967,0.9999999999999967,0.2916666666666667,389.95539588917734,28.400526577694023,3.0975647672441755,0.0,336.0351594706716,28.32000000000002,59,79.99999999999973,79.99999999999973,7.105427357601002e-15,0.4983420229057869
24,20,0.05,0.0,0.07262369055164548,experience_swap,persistent_damage,7010,1.0,1.0,0.0,0.99999999999997,0.99999999999997,0.2916666666666667,389.95539588917734,28.396310428796106,3.068795106927107,0.0,335.96591174525963,28.32000000000002,59,79.9999999999976,79.9999999999976,7.105427357601002e-15,0.49825894369011064
24,20,0.2,0.0,0.0,fixed,persistent_damage,7011,0.8626349641301435,0.5156778212963534,0.1111111111111111,1.0000000000000075,1.0000000000000075,1.0,394.29744196507636,93.96647904333523,2.9109402252574674,0.4318387276781994,390.15492116699704,0.0,0,80.0000000000006,80.0000000000006,7.105427357601002e-15,0.6268696166921767
24,20,0.1,0.0,0.0,fixed,persistent_damage,7011,0.862222288542084,0.5142837364803997,0.1111111111111111,0.9999999999999967,0.9999999999999967,1.0,394.29744196507636,93.98098903875274,2.8987982368169347,0.38191767166060453,390.0529880513405,0.0,0,79.99999999999973,79.99999999999973,7.105427357601002e-15,0.6279936133750222
24,20,0.05,0.0,0.0,fixed,persistent_damage,7011,0.8620113857928737,0.5135714442637089,0.1111111111111111,0.99999999999997,0.99999999999997,1.0,394.29744196507636,93.98796565758005,2.892657329004999,0.3574773671115703,390.00009493562214,0.0,0,79.9999999999976,79.9999999999976,1.0658141036401503e-14,0.6284651147359894
24,20,0.2,0.0,0.07182395061672345,random_swap,persistent_damage,7011,0.7558059544839971,0.4337775198536878,0.2222222222222222,1.0000000000000075,1.0000000000000075,0.20833333333333334,394.29744196507636,98.45217940118306,1.1769415101109306,0.0,301.78139855753574,28.32000000000002,59,80.0000000000006,80.0000000000006,1.0658141036401503e-14,0.5439664005261186
24,20,0.1,0.0,0.07182395061672345,random_swap,persistent_damage,7011,0.7551514694460654,0.43197517250262474,0.2222222222222222,0.9999999999999967,0.9999999999999967,0.20833333333333334,394.29744196507636,98.34457659831129,1.1604593839912294,0.0,301.4520297171081,28.32000000000002,59,79.99999999999973,79.99999999999973,7.105427357601002e-15,0.5445292586416826
24,20,0.05,0.0,0.07182395061672345,random_swap,persistent_damage,7011,0.7548084964561684,0.4311343224465865,0.2222222222222222,0.99999999999997,0.99999999999997,0.20833333333333334,394.29744196507636,98.29362315413859,1.1523313456778543,0.0,301.2989425074436,28.32000000000002,59,79.9999999999976,79.9999999999976,1.0658141036401503e-14,0.5448046549683982
24,20,0.2,0.0,0.07182395061672345,recent_contact,persistent_damage,7011,0.9425008283225005,0.820780162705168,0.0,1.0000000000000075,1.0000000000000075,0.3541666666666667,394.29744196507636,54.60317004732002,1.9110403700537912,0.0,354.7381272539805,28.32000000000002,59,80.0000000000006,80.0000000000006,1.0658141036401503e-14,0.5452205508623784
24,20,0.1,0.0,0.07182395061672345,recent_contact,persistent_damage,7011,0.9417763353730763,0.81789474971921,0.0,0.9999999999999967,0.9999999999999967,0.3541666666666667,394.29744196507636,54.512195100880476,1.892136676957887,0.0,354.1758365625206,28.32000000000002,59,79.99999999999973,79.99999999999973,1.0658141036401503e-14,0.5443460957394224
24,20,0.05,0.0,0.07182395061672345,recent_contact,persistent_damage,7011,0.9414065932094712,0.8164017476366132,0.0,0.99999999999997,0.99999999999997,0.3541666666666667,394.29744196507636,54.46767684668001,1.8827618835054316,0.0,353.91719321580234,28.32000000000002,59,79.9999999999976,79.9999999999976,1.0658141036401503e-14,0.5439309358244718
24,20,0.2,0.0,0.07182395061672345,experience_swap,persistent_damage,7011,1.0,1.0,0.0,1.0000000000000075,1.0000000000000075,0.3958333333333333,394.29744196507636,36.44416001724985,3.1270339513683543,0.0,386.44781041768874,28.32000000000002,59,80.0000000000006,80.0000000000006,7.105427357601002e-15,0.5695514974119669
24,20,0.1,0.0,0.07182395061672345,experience_swap,persistent_damage,7011,1.0,1.0,0.0,0.9999999999999967,0.9999999999999967,0.3333333333333333,394.29744196507636,36.91122766520045,3.079820020682627,0.0,385.7863772161621,28.32000000000002,59,79.99999999999973,79.99999999999973,7.105427357601002e-15,0.5690790975264035
24,20,0.05,0.0,0.07182395061672345,experience_swap,persistent_damage,7011,1.0,1.0,0.0,0.99999999999997,0.99999999999997,0.3333333333333333,394.29744196507636,36.89653700127717,3.0523372103718347,0.0,385.6832211769841,28.32000000000002,59,79.9999999999976,79.9999999999976,1.0658141036401503e-14,0.5688820115548074
24,20,0.2,0.0,0.0,fixed,persistent_damage,7012,0.8377791672906765,0.3558187767407456,0.2222222222222222,1.0000000000000075,1.0000000000000075,1.0,398.92548759395237,113.92629544117781,2.317437660715304,0.0,359.45035134876,0.0,0,80.0000000000006,80.0000000000006,2.1316282072803006e-14,0.5777008812432918
24,20,0.1,0.0,0.0,fixed,persistent_damage,7012,0.8372036981770032,0.3538249773238158,0.2222222222222222,0.9999999999999967,0.9999999999999967,1.0,398.92548759395237,113.78668060510029,2.2914506388594456,0.0,359.0986039303104,0.0,0,79.99999999999973,79.99999999999973,1.4210854715202004e-14,0.5773678254470888
24,20,0.05,0.0,0.0,fixed,persistent_damage,7012,0.8369155226502346,0.35283302366308333,0.2222222222222222,0.99999999999997,0.99999999999997,1.0,398.92548759395237,113.71688658483782,2.2785363973424375,0.0,358.9229926209906,0.0,0,79.9999999999976,79.9999999999976,1.4210854715202004e-14,0.577200574967668
24,20,0.2,0.0,0.07099070097227186,random_swap,persistent_damage,7012,0.7159035761767704,0.4565580446869595,0.1111111111111111,1.0000000000000075,1.0000000000000075,0.4166666666666667,398.92548759395237,114.75863713759426,1.214452112751931,0.0,303.1247050631191,28.32000000000002,59,80.0000000000006,80.0000000000006,7.105427357601002e-15,0.5399638933443713
24,20,0.1,0.0,0.07099070097227186,random_swap,persistent_damage,7012,0.7152069246380574,0.4551665380534783,0.1111111111111111,0.9999999999999967,0.9999999999999967,0.4166666666666667,398.92548759395237,114.64888480675668,1.1980289327517206,0.0,302.84095667644453,28.32000000000002,59,79.99999999999973,79.99999999999973,1.0658141036401503e-14,0.5401829014737464
24,20,0.05,0.0,0.07099070097227186,random_swap,persistent_damage,7012,0.7148502869504202,0.4544774495731138,0.1111111111111111,0.99999999999997,0.99999999999997,0.4166666666666667,398.92548759395237,114.5954612157918,1.1899067168676232,0.0,302.7047404107505,28.32000000000002,59,79.9999999999976,79.9999999999976,7.105427357601002e-15,0.5402852429587878
24,20,0.2,0.0,0.07099070097227186,recent_contact,persistent_damage,7012,0.9665744871367067,0.9150356478651461,0.0,1.0000000000000075,1.0000000000000075,0.375,398.92548759395237,51.043257872483785,2.036717424359012,0.0,339.5783716179949,28.32000000000002,59,80.0000000000006,80.0000000000006,1.0658141036401503e-14,0.521488762416686
24,20,0.1,0.0,0.07099070097227186,recent_contact,persistent_damage,7012,0.9709263925171778,0.906542541420002,0.0,0.9999999999999967,0.9999999999999967,0.3333333333333333,398.92548759395237,56.01135945223885,1.7622790154568306,0.0,330.6783711430118,28.32000000000002,59,79.99999999999973,79.99999999999973,1.0658141036401503e-14,0.5079372143018969
24,20,0.05,0.0,0.07099070097227186,recent_contact,persistent_damage,7012,0.9704335555293848,0.9049084467479231,0.0,0.99999999999997,0.99999999999997,0.3333333333333333,398.92548759395237,55.994131692208086,1.7497242141686162,0.0,330.5311453955584,28.32000000000002,59,79.9999999999976,79.9999999999976,7.105427357601002e-15,0.5077012710495089
24,20,0.2,0.0,0.07099070097227186,experience_swap,persistent_damage,7012,0.9424171123011976,0.846060185470891,0.0,1.0000000000000075,1.0000000000000075,0.3958333333333333,398.92548759395237,61.6270622835615,1.8744130159739776,0.0,346.6067627292868,28.32000000000002,59,80.0000000000006,80.0000000000006,1.0658141036401503e-14,0.5408437849238954
24,20,0.1,0.0,0.07099070097227186,experience_swap,persistent_damage,7012,0.9416495813630744,0.843918206754866,0.0,0.9999999999999967,0.9999999999999967,0.3958333333333333,398.92548759395237,61.54598739012881,1.8509786322415442,0.0,346.2434003281429,28.32000000000002,59,79.99999999999973,79.99999999999973,7.105427357601002e-15,0.5401113420273468
24,20,0.05,0.0,0.07099070097227186,experience_swap,persistent_damage,7012,0.9412578778766113,0.8427574420533829,0.0,0.99999999999997,0.99999999999997,0.3958333333333333,398.92548759395237,61.50706732718968,1.8393330066314288,0.0,346.06604807597404,28.32000000000002,59,79.9999999999976,79.9999999999976,1.0658141036401503e-14,0.5397799875545034
24,20,0.2,0.0,0.0,fixed,persistent_damage,7013,0.7537043404894972,0.38718430543577576,0.2777777777777778,1.0000000000000075,1.0000000000000075,1.0,391.1580495528902,123.70395624446783,1.7074230391603578,0.02745814391672985,328.57390835556714,0.0,0,80.0000000000006,80.0000000000006,7.105427357601002e-15,0.5558728968795617
24,20,0.1,0.0,0.0,fixed,persistent_damage,7013,0.7528309785758086,0.3849319714185353,0.2777777777777778,0.9999999999999967,0.9999999999999967,1.0,391.1580495528902,123.68161395035582,1.686220607945274,0.01216156516499689,328.37211626137906,0.0,0,79.99999999999973,79.99999999999973,7.105427357601002e-15,0.5560872595830306
24,20,0.05,0.0,0.0,fixed,persistent_damage,7013,0.7523837250693218,0.38378174749755645,0.2777777777777778,0.99999999999997,0.99999999999997,1.0,391.1580495528902,123.66760032036767,1.6754639460773815,0.006163249318989816,328.2602998484043,0.0,0,79.9999999999976,79.9999999999976,1.0658141036401503e-14,0.556123935215519
24,20,0.2,0.0,0.07240040191521292,random_swap,persistent_damage,7013,0.6856610233862096,0.3979256342699834,0.16666666666666666,1.0000000000000075,1.0000000000000075,0.20833333333333334,391.1580495528902,112.10004875001475,1.1528540819734459,0.0,290.72599753002237,28.32000000000002,59,80.0000000000006,80.0000000000006,7.105427357601002e-15,0.5167795192969988
24,20,0.1,0.0,0.07240040191521292,random_swap,persistent_damage,7013,0.6849860277573789,0.3958718957014537,0.16666666666666666,0.9999999999999967,0.9999999999999967,0.20833333333333334,391.1580495528902,111.99027697674799,1.1362393812121814,0.0,290.41436037944254,28.32000000000002,59,79.99999999999973,79.99999999999973,7.105427357601002e-15,0.5160847030860531
24,20,0.05,0.0,0.07240040191521292,random_swap,persistent_damage,7013,0.684634660916848,0.3948575275175367,0.16666666666666666,0.99999999999997,0.99999999999997,0.20833333333333334,391.1580495528902,111.9381990413073,1.1280097596982026,0.0,290.2675937247262,28.32000000000002,59,79.9999999999976,79.9999999999976,7.105427357601002e-15,0.5157678291428173
24,20,0.2,0.0,0.07240040191521292,recent_contact,persistent_damage,7013,0.9600468226192612,0.8622743649941899,0.0,1.0000000000000075,1.0000000000000075,0.3333333333333333,391.1580495528902,45.63540213127916,1.776576365184648,0.0,351.2597020012266,28.32000000000002,59,80.0000000000006,80.0000000000006,7.105427357601002e-15,0.5544402973104063
24,20,0.1,0.0,0.07240040191521292,recent_contact,persistent_damage,7013,0.9595947355163502,0.8623847112601792,0.0,0.9999999999999967,0.9999999999999967,0.3333333333333333,391.1580495528902,45.489330359224944,1.7586753370079988,0.0,350.83676927774115,28.32000000000002,59,79.99999999999973,79.99999999999973,7.105427357601002e-15,0.5542083261382587
24,20,0.05,0.0,0.07240040191521292,recent_contact,persistent_damage,7013,0.9593631596716897,0.8624323720510466,0.0,0.99999999999997,0.99999999999997,0.3333333333333333,391.1580495528902,45.41723166383709,1.7497828123887098,0.0,350.63250094870057,28.32000000000002,59,79.9999999999976,79.9999999999976,7.105427357601002e-15,0.5541135366436134
24,20,0.2,0.0,0.07240040191521292,experience_swap,persistent_damage,7013,0.8994894643956414,0.6966772943486839,0.05555555555555555,1.0000000000000075,1.0000000000000075,0.3333333333333333,391.1580495528902,60.22005208447263,1.777326076945417,0.0,353.2259158330898,28.32000000000002,59,80.0000000000006,80.0000000000006,7.105427357601002e-15,0.5591251646696036
24,20,0.1,0.0,0.07240040191521292,experience_swap,persistent_damage,7013,0.8988178681610326,0.6943421334779689,0.05555555555555555,0.9999999999999967,0.9999999999999967,0.3333333333333333,391.1580495528902,60.10726521035959,1.7631276254212966,0.0,352.7716989015812,28.32000000000002,59,79.99999999999973,79.99999999999973,7.105427357601002e-15,0.5584272513550964
24,20,0.05,0.0,0.07240040191521292,experience_swap,persistent_damage,7013,0.8984747107540223,0.693195439391917,0.05555555555555555,0.99999999999997,0.99999999999997,0.3333333333333333,391.1580495528902,60.05232680932397,1.756087917070465,0.0,352.5589828287244,28.32000000000002,59,79.9999999999976,79.9999999999976,1.0658141036401503e-14,0.5577779873489637
24,20,0.2,0.0,0.0,fixed,persistent_damage,7014,0.804746204134776,0.41448060247526486,0.2222222222222222,1.0000000000000075,1.0000000000000075,1.0,398.2653178486751,123.6341793555497,2.0793215092059305,0.12212656437315328,343.62519748721724,0.0,0,80.0000000000006,80.0000000000006,2.1316282072803006e-14,0.5486861962919681
24,20,0.1,0.0,0.0,fixed,persistent_damage,7014,0.8042491541005903,0.4129127245333209,0.2222222222222222,0.9999999999999967,0.9999999999999967,1.0,398.2653178486751,123.5955980779192,2.0611497435648802,0.08605866451766886,343.51725470971644,0.0,0,79.99999999999973,79.99999999999973,1.4210854715202004e-14,0.548789463343573
24,20,0.05,0.0,0.0,fixed,persistent_damage,7014,0.803993535682365,0.41210841603816506,0.2222222222222222,0.99999999999997,0.99999999999997,1.0,398.2653178486751,123.57522818534852,2.051928339245615,0.06918125013795828,343.460408717043,0.0,0,79.9999999999976,79.9999999999976,1.4210854715202004e-14,0.5488430956954764
24,20,0.2,0.0,0.07110837607697612,random_swap,persistent_damage,7014,0.7173580887640632,0.3987844978623391,0.16666666666666666,1.0000000000000075,1.0000000000000075,0.3125,398.2653178486751,116.62189113573163,1.3175816860793483,0.0,301.962785342321,28.32000000000002,59,80.0000000000006,80.0000000000006,7.105427357601002e-15,0.5230127873822122
24,20,0.1,0.0,0.07110837607697612,random_swap,persistent_damage,7014,0.7166999856609634,0.3988842122726671,0.2222222222222222,0.9999999999999967,0.9999999999999967,0.3125,398.2653178486751,116.49487575412074,1.3006205309278207,0.0,301.6471448910194,28.32000000000002,59,79.99999999999973,79.99999999999973,1.0658141036401503e-14,0.5222621875408432
24,20,0.05,0.0,0.07110837607697612,random_swap,persistent_damage,7014,0.7163596708488923,0.3989339148474064,0.2222222222222222,0.99999999999997,0.99999999999997,0.3125,398.2653178486751,116.43349172534869,1.2921962986723003,0.0,301.4960564156711,28.32000000000002,59,79.9999999999976,79.9999999999976,7.105427357601002e-15,0.5219214084546344
24,20,0.2,0.0,0.07110837607697612,recent_contact,persistent_damage,7014,0.9728901534215127,0.9115504344901172,0.0,1.0000000000000075,1.0000000000000075,0.4166666666666667,398.2653178486751,54.69424309285305,1.9431236863296035,0.0,366.69168993038596,28.32000000000002,59,80.0000000000006,80.0000000000006,1.0658141036401503e-14,0.7052778660211431
24,20,0.1,0.0,0.07110837607697612,recent_contact,persistent_damage,7014,0.9724034434749291,0.9106739179641512,0.0,0.9999999999999967,0.9999999999999967,0.4166666666666667,398.2653178486751,54.54548625965791,1.9263536398822,0.0,366.18432709889066,28.32000000000002,59,79.99999999999973,79.99999999999973,1.0658141036401503e-14,0.7030184327035952
24,20,0.05,0.0,0.07110837607697612,recent_contact,persistent_damage,7014,0.9721585756251269,0.9102592816851219,0.0,0.99999999999997,0.99999999999997,0.4166666666666667,398.2653178486751,54.47141972202623,1.9181300149476066,0.0,365.9380982521482,28.32000000000002,59,79.9999999999976,79.9999999999976,7.105427357601002e-15,0.7014425285239991
24,20,0.2,0.0,0.07110837607697612,experience_swap,persistent_damage,7014,0.9744235943028932,0.9243831070414856,0.0,1.0000000000000075,1.0000000000000075,0.2708333333333333,398.2653178486751,55.9819363746699,2.229688957221814,0.0,370.28108524151764,28.32000000000002,59,80.0000000000006,80.0000000000006,7.105427357601002e-15,0.5572205879419171
24,20,0.1,0.0,0.07110837607697612,experience_swap,persistent_damage,7014,0.9739403408743383,0.9218823053754783,0.0,0.9999999999999967,0.9999999999999967,0.2916666666666667,398.2653178486751,52.7578169004108,2.3828202472868143,0.0,362.2773998083468,28.32000000000002,59,79.99999999999973,79.99999999999973,1.0658141036401503e-14,0.5728858575618982
24,20,0.05,0.0,0.07110837607697612,experience_swap,persistent_damage,7014,0.9735670748610264,0.9219349598738711,0.0,0.99999999999997,0.99999999999997,0.2916666666666667,398.2653178486751,52.72123025059413,2.367184347242938,0.0,362.0539907918532,28.32000000000002,59,79.9999999999976,79.9999999999976,1.0658141036401503e-14,0.5728856250374643
24,20,0.2,0.0,0.0,fixed,persistent_damage,7015,0.6862829052894499,0.3316525918278899,0.4444444444444444,1.0000000000000075,1.0000000000000075,1.0,386.9140351043835,140.2094144042576,1.378676997883627,0.0,297.2641859170008,0.0,0,80.0000000000006,80.0000000000006,7.105427357601002e-15,0.49635719784664156
24,20,0.1,0.0,0.0,fixed,persistent_damage,7015,0.6855526146023344,0.32996920440622196,0.4444444444444444,0.9999999999999967,0.9999999999999967,1.0,386.9140351043835,140.10263543564324,1.360089197000339,0.0,297.03355235047786,0.0,0,79.99999999999973,79.99999999999973,1.4210854715202004e-14,0.49631765369521114
24,20,0.05,0.0,0.0,fixed,persistent_damage,7015,0.6851868529868479,0.32913579093950507,0.4444444444444444,0.99999999999997,0.99999999999997,1.0,386.9140351043835,140.04930040942278,1.3508679499708074,0.0,296.9183497622225,0.0,0,79.9999999999976,79.9999999999976,1.0658141036401503e-14,0.49629766055918556
24,20,0.2,0.0,0.07319455339054763,random_swap,persistent_damage,7015,0.6637982633570606,0.3534173923822191,0.3333333333333333,1.0000000000000075,1.0000000000000075,0.20833333333333334,386.9140351043835,117.67642381843416,1.0035790602286978,0.0,286.8783742056019,28.32000000000002,59,80.0000000000006,80.0000000000006,7.105427357601002e-15,0.5063184865993011
24,20,0.1,0.0,0.07319455339054763,random_swap,persistent_damage,7015,0.6631534833505123,0.35167425049990936,0.3333333333333333,0.9999999999999967,0.9999999999999967,0.20833333333333334,386.9140351043835,117.56003005125169,0.9903936243171595,0.0,286.6071148304464,28.32000000000002,59,79.99999999999973,79.99999999999973,7.105427357601002e-15,0.5041551683262174
24,20,0.05,0.0,0.07319455339054763,random_swap,persistent_damage,7015,0.6628200298779039,0.3508112695241389,0.3333333333333333,0.99999999999997,0.99999999999997,0.20833333333333334,386.9140351043835,117.503802668685,0.9838887945730705,0.0,286.4760054234908,28.32000000000002,59,79.9999999999976,79.9999999999976,1.0658141036401503e-14,0.502511149458825
24,20,0.2,0.0,0.07319455339054763,recent_contact,persistent_damage,7015,0.9161952520593273,0.7898450194946266,0.0,1.0000000000000075,1.0000000000000075,0.25,386.9140351043835,59.98943859255047,1.5895799555571735,0.0,337.52695874266357,28.32000000000002,59,80.0000000000006,80.0000000000006,7.105427357601002e-15,0.5160482357018421
24,20,0.1,0.0,0.07319455339054763,recent_contact,persistent_damage,7015,0.9153788020550094,0.7876289242278552,0.0,0.9999999999999967,0.9999999999999967,0.25,386.9140351043835,59.91412741730304,1.5742126535711687,0.0,337.23540240102955,28.32000000000002,59,79.99999999999973,79.99999999999973,1.0658141036401503e-14,0.5158676711050865
24,20,0.05,0.0,0.07319455339054763,recent_contact,persistent_damage,7015,0.9149664594300788,0.7865172124984454,0.0,0.99999999999997,0.99999999999997,0.25,386.9140351043835,59.876941476782925,1.5665985567885343,0.0,337.094274981754,28.32000000000002,59,79.9999999999976,79.9999999999976,7.105427357601002e-15,0.5157877603970898
24,20,0.2,0.0,0.07319455339054763,experience_swap,persistent_damage,7015,0.9555786979618569,0.8872108694429159,0.0,1.0000000000000075,1.0000000000000075,0.22916666666666666,386.9140351043835,51.210572276203656,1.6141523956684025,0.0,321.7559138512654,28.32000000000002,59,80.0000000000006,80.0000000000006,7.105427357601002e-15,0.5267184002713095
24,20,0.1,0.0,0.07319455339054763,experience_swap,persistent_damage,7015,0.9547921050379629,0.8835986092223488,0.0,0.9999999999999967,0.9999999999999967,0.22916666666666666,386.9140351043835,51.13869953250941,1.593643699234703,0.0,321.344879172259,28.32000000000002,59,79.99999999999973,79.99999999999973,7.105427357601002e-15,0.5208152655300304
24,20,0.05,0.0,0.07319455339054763,experience_swap,persistent_damage,7015,0.9543955583979958,0.881810626956236,0.0,0.99999999999997,0.99999999999997,0.22916666666666666,386.9140351043835,51.103023594805606,1.583507042691222,0.0,321.1454681313449,28.32000000000002,59,79.9999999999976,79.9999999999976,1.0658141036401503e-14,0.5178578903081529
24,20,0.2,0.0,0.0,fixed,persistent_damage,7016,0.6115267336927543,0.020010819992098174,0.3888888888888889,1.0000000000000075,1.0000000000000075,1.0,405.16551728329557,149.05007606834042,2.6071381587796116,1.2309775102837635,415.8953484767331,0.0,0,80.0000000000006,80.0000000000006,1.0658141036401503e-14,0.6877638434689052
24,20,0.1,0.0,0.0,fixed,persistent_damage,7016,0.6116098632924385,0.01989632001104405,0.3888888888888889,0.9999999999999967,0.9999999999999967,1.0,405.16551728329557,149.05501124809427,2.6068307219333455,1.1601873263937303,415.93753247719746,0.0,0,79.99999999999973,79.99999999999973,1.0658141036401503e-14,0.6892061991459508
24,20,0.05,0.0,0.0,fixed,persistent_damage,7016,0.6116509314924071,0.019831554236708872,0.3888888888888889,0.99999999999997,0.99999999999997,1.0,405.16551728329557,149.05742400245893,2.6066849142012107,1.1249615692352974,415.9579849777734,0.0,0,79.9999999999976,79.9999999999976,1.0658141036401503e-14,0.6904373860371669
24,20,0.2,0.0,0.06989735994783192,random_swap,persistent_damage,7016,0.808106648411006,0.6285787977430323,0.1111111111111111,1.0000000000000075,1.0000000000000075,0.2708333333333333,405.16551728329557,101.39100229157745,1.859615528005686,0.0,342.3727500188024,28.32000000000002,59,80.0000000000006,80.0000000000006,7.105427357601002e-15,0.7026877250777521
24,20,0.1,0.0,0.06989735994783192,random_swap,persistent_damage,7016,0.8074989968132865,0.627790949359751,0.1111111111111111,0.9999999999999967,0.9999999999999967,0.2708333333333333,405.16551728329557,101.25857188395881,1.8395289418691496,0.0,342.0226368633492,28.32000000000002,59,79.99999999999973,79.99999999999973,7.105427357601002e-15,0.7001494415601098
24,20,0.05,0.0,0.06989735994783192,random_swap,persistent_damage,7016,0.8071854910155929,0.6273843185313106,0.1111111111111111,0.99999999999997,0.99999999999997,0.2708333333333333,405.16551728329557,101.19413202046287,1.8294859537522288,0.0,341.85524231025124,28.32000000000002,59,79.9999999999976,79.9999999999976,1.0658141036401503e-14,0.6986251871810097
24,20,0.2,0.0,0.06989735994783192,recent_contact,persistent_damage,7016,0.8959250326757711,0.7316958205297391,0.0,1.0000000000000075,1.0000000000000075,0.3541666666666667,405.16551728329557,76.10855464266093,1.7397407300735561,0.06031332205965523,359.97995481488977,28.32000000000002,59,80.0000000000006,80.0000000000006,7.105427357601002e-15,0.7202822016634779
24,20,0.1,0.0,0.06989735994783192,recent_contact,persistent_damage,7016,0.8954470834226022,0.7305995254815955,0.0,0.9999999999999967,0.9999999999999967,0.3541666666666667,405.16551728329557,76.05067656167066,1.7264111773114297,0.031863849099394326,359.7582695933301,28.32000000000002,59,79.99999999999973,79.99999999999973,7.105427357601002e-15,0.7188478476813648
24,20,0.05,0.0,0.06989735994783192,recent_contact,persistent_damage,7016,0.8951828538329969,0.7300061731146128,0.0,0.99999999999997,0.99999999999997,0.3541666666666667,405.16551728329557,76.02106544284463,1.7194266288844546,0.017611868860009317,359.6497710261749,28.32000000000002,59,79.9999999999976,79.9999999999976,1.0658141036401503e-14,0.717987802660063
24,20,0.2,0.0,0.06989735994783192,experience_swap,persistent_damage,7016,0.9997800947680028,1.0,0.0,1.0000000000000075,1.0000000000000075,0.3333333333333333,405.16551728329557,48.055416189667056,2.763820686440117,0.0,353.17076270360894,28.32000000000002,59,80.0000000000006,80.0000000000006,1.0658141036401503e-14,0.6189529355803324
24,20,0.1,0.0,0.06989735994783192,experience_swap,persistent_damage,7016,0.9995580133296441,1.0,0.0,0.9999999999999967,0.9999999999999967,0.3333333333333333,405.16551728329557,48.037520759292185,2.7105156728438717,0.0,352.9739988922445,28.32000000000002,59,79.99999999999973,79.99999999999973,1.0658141036401503e-14,0.6131899708600651
24,20,0.05,0.0,0.06989735994783192,experience_swap,persistent_damage,7016,0.999427461544875,1.0,0.0,0.99999999999997,0.99999999999997,0.3333333333333333,405.16551728329557,48.027264371696106,2.6845714109631627,0.0,352.872373974237,28.32000000000002,59,79.9999999999976,79.9999999999976,1.4210854715202004e-14,0.6109933008187026
24,20,0.2,0.0,0.0,fixed,persistent_damage,7017,0.7450666816048973,0.21533397567225018,0.2777777777777778,1.0000000000000075,1.0000000000000075,1.0,395.53109629043746,128.53651979135944,1.705717725914934,0.10202984541459381,334.61640328655966,0.0,0,80.0000000000006,80.0000000000006,7.105427357601002e-15,0.6044013167152685
24,20,0.1,0.0,0.0,fixed,persistent_damage,7017,0.7446012396431223,0.2138627380170925,0.2777777777777778,0.9999999999999967,0.9999999999999967,1.0,395.53109629043746,128.4535756228687,1.6911176526321803,0.06960420765915787,334.4546989905512,0.0,0,79.99999999999973,79.99999999999973,1.4210854715202004e-14,0.6046568055479105
24,20,0.05,0.0,0.0,fixed,persistent_damage,7017,0.7443632633324674,0.21311295789457765,0.2777777777777778,0.99999999999997,0.99999999999997,1.0,395.53109629043746,128.4093536609923,1.6837449580356467,0.054863689514848435,334.3672029029209,0.0,0,79.9999999999976,79.9999999999976,1.0658141036401503e-14,0.6047793889110809
24,20,0.2,0.0,0.07159993301564517,random_swap,persistent_damage,7017,0.7714900561362212,0.3848060882838664,0.2222222222222222,1.0000000000000075,1.0000000000000075,0.22916666666666666,395.53109629043746,96.56577441822772,0.9523453705074014,0.0,279.3804589223906,28.32000000000002,59,80.0000000000006,80.0000000000006,7.105427357601002e-15,0.5063945455650045
24,20,0.1,0.0,0.07159993301564517,random_swap,persistent_damage,7017,0.7708755114558629,0.3825130466022502,0.2222222222222222,0.9999999999999967,0.9999999999999967,0.22916666666666666,395.53109629043746,96.44313712199002,0.9378819543255625,0.0,279.06939596911695,28.32000000000002,59,79.99999999999973,79.99999999999973,7.105427357601002e-15,0.506118399767122
24,20,0.05,0.0,0.07159993301564517,random_swap,persistent_damage,7017,0.7705401653152107,0.38142232984978586,0.2222222222222222,0.99999999999997,0.99999999999997,0.22916666666666666,395.53109629043746,96.38761930848895,0.930765073899247,0.0,278.93012387660247,28.32000000000002,59,79.9999999999976,79.9999999999976,7.105427357601002e-15,0.5059853035224482
24,20,0.2,0.0,0.07159993301564517,recent_contact,persistent_damage,7017,0.8669229144653369,0.6424559759410817,0.0,1.0000000000000075,1.0000000000000075,0.3541666666666667,395.53109629043746,72.93243455960895,1.5665996286225914,0.0,318.8814135335541,28.32000000000002,59,80.0000000000006,80.0000000000006,7.105427357601002e-15,0.528212952561107
24,20,0.1,0.0,0.07159993301564517,recent_contact,persistent_damage,7017,0.8660370719062224,0.6404613603762646,0.0,0.9999999999999967,0.9999999999999967,0.3541666666666667,395.53109629043746,72.87039720598537,1.5488255417025947,0.0,318.5793408988332,28.32000000000002,59,79.99999999999973,79.99999999999973,7.105427357601002e-15,0.5277547158256489
24,20,0.05,0.0,0.07159993301564517,recent_contact,persistent_damage,7017,0.865589983110219,0.6394437945103173,0.0,0.99999999999997,0.99999999999997,0.3541666666666667,395.53109629043746,72.84014079866763,1.540010022332923,0.0,318.4339585590977,28.32000000000002,59,79.9999999999976,79.9999999999976,7.105427357601002e-15,0.5275458277300661
24,20,0.2,0.0,0.07159993301564517,experience_swap,persistent_damage,7017,0.957219071860016,0.837475313593264,0.0,1.0000000000000075,1.0000000000000075,0.22916666666666666,395.53109629043746,51.4807195124002,1.5970884172850577,0.0,326.6504024478143,28.32000000000002,59,80.0000000000006,80.0000000000006,7.105427357601002e-15,0.5404095134792277
24,20,0.1,0.0,0.07159993301564517,experience_swap,persistent_damage,7017,0.9565015106857443,0.8344244907862888,0.0,0.9999999999999967,0.9999999999999967,0.22916666666666666,395.53109629043746,51.38407906571855,1.5793515344820823,0.0,326.32469058632967,28.32000000000002,59,79.99999999999973,79.99999999999973,7.105427357601002e-15,0.5406142127250647
24,20,0.05,0.0,0.07159993301564517,experience_swap,persistent_damage,7017,0.9561392250519165,0.83295860196113,0.0,0.99999999999997,0.99999999999997,0.22916666666666666,395.53109629043746,51.336365493981035,1.5705615474841859,0.0,326.1670845181661,28.32000000000002,59,79.9999999999976,79.9999999999976,7.105427357601002e-15,0.5407108236234012
24,20,0.2,0.0,0.0,fixed,persistent_damage,7018,0.7581163670511204,0.1748972927415253,0.2777777777777778,1.0000000000000075,1.0000000000000075,1.0,394.90165673481147,116.60174911706757,3.249990076647109,0.7397984107049771,423.1327686283882,0.0,0,80.0000000000006,80.0000000000006,7.105427357601002e-15,0.686716718561475
24,20,0.1,0.0,0.0,fixed,persistent_damage,7018,0.7579536532390486,0.1742203640822811,0.2777777777777778,0.9999999999999967,0.9999999999999967,1.0,394.90165673481147,116.60872349002733,3.2455510218490944,0.6710406645793299,423.1395374367674,0.0,0,79.99999999999973,79.99999999999973,1.0658141036401503e-14,0.6872291607514575
24,20,0.05,0.0,0.0,fixed,persistent_damage,7018,0.7578699283819773,0.1738724745007167,0.2777777777777778,0.99999999999997,0.99999999999997,1.0,394.90165673481147,116.61178652132524,3.24330881313617,0.6370373292927329,423.1417184259046,0.0,0,79.9999999999976,79.9999999999976,7.105427357601002e-15,0.6875712843371878
24,20,0.2,0.0,0.07171405720138006,random_swap,persistent_damage,7018,0.7685437029953307,0.5180074075273517,0.05555555555555555,1.0000000000000075,1.0000000000000075,0.22916666666666666,394.90165673481147,104.81746379600203,1.5948668038867981,0.0,315.6675368445693,28.32000000000002,59,80.0000000000006,80.0000000000006,7.105427357601002e-15,0.5476988101061853
24,20,0.1,0.0,0.07171405720138006,random_swap,persistent_damage,7018,0.7677547394033123,0.5165059260174366,0.1111111111111111,0.9999999999999967,0.9999999999999967,0.22916666666666666,394.90165673481147,104.72941563781313,1.5733337918406194,0.0,315.2905080297537,28.32000000000002,59,79.99999999999973,79.99999999999973,1.0658141036401503e-14,0.5473516507534256
24,20,0.05,0.0,0.07171405720138006,random_swap,persistent_damage,7018,0.7673549183292417,0.5158003078581725,0.1111111111111111,0.99999999999997,0.99999999999997,0.22916666666666666,394.90165673481147,104.68621243627894,1.562658576407143,0.0,315.1099078207971,28.32000000000002,59,79.9999999999976,79.9999999999976,1.0658141036401503e-14,0.5471771338446517
24,20,0.2,0.0,0.07171405720138006,recent_contact,persistent_damage,7018,0.9936566459671303,0.987816529458258,0.0,1.0000000000000075,1.0000000000000075,0.3125,394.90165673481147,52.03453149510076,2.6316565172699273,0.0,352.3667517865942,28.32000000000002,59,80.0000000000006,80.0000000000006,7.105427357601002e-15,0.5506010122561953
24,20,0.1,0.0,0.07171405720138006,recent_contact,persistent_damage,7018,0.9928245937972728,0.985680702707949,0.0,0.9999999999999967,0.9999999999999967,0.3125,394.90165673481147,52.00290433180366,2.589008070525736,0.0,351.90903873236334,28.32000000000002,59,79.99999999999973,79.99999999999973,7.105427357601002e-15,0.5503526416726592
24,20,0.05,0.0,0.07171405720138006,recent_contact,persistent_damage,7018,0.9924001427503284,0.9846687861494626,0.0,0.99999999999997,0.99999999999997,0.3125,394.90165673481147,51.987788079642186,2.567925012877619,0.0,351.69586453505883,28.32000000000002,59,79.9999999999976,79.9999999999976,7.105427357601002e-15,0.5502239267984987
24,20,0.2,0.0,0.07171405720138006,experience_swap,persistent_damage,7018,1.0,1.0,0.0,1.0000000000000075,1.0000000000000075,0.2708333333333333,394.90165673481147,41.91690929279934,3.2211873442051817,0.0,344.3479822330151,28.32000000000002,59,80.0000000000006,80.0000000000006,7.105427357601002e-15,0.5552343846836637
24,20,0.1,0.0,0.07171405720138006,experience_swap,persistent_damage,7018,1.0,1.0,0.0,0.9999999999999967,0.9999999999999967,0.2708333333333333,394.90165673481147,41.908313843650205,3.1628643400466103,0.0,344.21200799585324,28.32000000000002,59,79.99999999999973,79.99999999999973,1.0658141036401503e-14,0.5548441241871016
24,20,0.05,0.0,0.07171405720138006,experience_swap,persistent_damage,7018,1.0,1.0,0.0,0.99999999999997,0.99999999999997,0.2708333333333333,394.90165673481147,41.904386838572606,3.1336239812609614,0.0,344.1576603398749,28.32000000000002,59,79.9999999999976,79.9999999999976,7.105427357601002e-15,0.5546524983602912
24,20,0.2,0.0,0.0,fixed,persistent_damage,7019,0.9207372612633569,0.7402111647881684,0.05555555555555555,1.0000000000000075,1.0000000000000075,1.0,388.1716379736347,82.88861218746153,2.9553602977459312,0.0,367.5787293894681,0.0,0,80.0000000000006,80.0000000000006,7.105427357601002e-15,0.5568171060859134
24,20,0.1,0.0,0.0,fixed,persistent_damage,7019,0.9202456438607833,0.7385011266517246,0.05555555555555555,0.9999999999999967,0.9999999999999967,1.0,388.1716379736347,82.74442887263801,2.9259517439432936,0.0,367.17190396538336,0.0,0,79.99999999999973,79.99999999999973,7.105427357601002e-15,0.5564489922643362
24,20,0.05,0.0,0.0,fixed,persistent_damage,7019,0.919998324086519,0.7376398481699133,0.05555555555555555,0.99999999999997,0.99999999999997,1.0,388.1716379736347,82.67260401863274,2.911304151805342,0.0,366.9688080652854,0.0,0,79.9999999999976,79.9999999999976,1.0658141036401503e-14,0.5562517908911266
24,20,0.2,0.0,0.07295741684745027,random_swap,persistent_damage,7019,0.672346805351134,0.3871636299789038,0.2222222222222222,1.0000000000000075,1.0000000000000075,0.25,388.1716379736347,112.5454774498882,1.175864635898454,0.0,316.2825255184151,28.32000000000002,59,80.0000000000006,80.0000000000006,7.105427357601002e-15,0.621335649589291
24,20,0.1,0.0,0.07295741684745027,random_swap,persistent_damage,7019,0.6717059333291934,0.3860978669887743,0.2222222222222222,0.9999999999999967,0.9999999999999967,0.25,388.1716379736347,112.42791395430271,1.163343626985461,0.0,315.915935171689,28.32000000000002,59,79.99999999999973,79.99999999999973,7.105427357601002e-15,0.6215564759267481
24,20,0.05,0.0,0.07295741684745027,random_swap,persistent_damage,7019,0.6713759459692339,0.38554676200484156,0.2222222222222222,0.99999999999997,0.99999999999997,0.25,388.1716379736347,112.37098810593562,1.1571590698846346,0.0,315.7395612080982,28.32000000000002,59,79.9999999999976,79.9999999999976,7.105427357601002e-15,0.6216727696473902
24,20,0.2,0.0,0.07295741684745027,recent_contact,persistent_damage,7019,0.9144247577078006,0.7886300146465098,0.0,1.0000000000000075,1.0000000000000075,0.3958333333333333,388.1716379736347,58.22963963653463,1.4981133814903398,0.0,349.94183778634994,28.32000000000002,59,80.0000000000006,80.0000000000006,7.105427357601002e-15,0.5769963411135451
24,20,0.1,0.0,0.07295741684745027,recent_contact,persistent_damage,7019,0.9137164199182897,0.7868599414060098,0.0,0.9999999999999967,0.9999999999999967,0.3958333333333333,388.1716379736347,58.1314064859671,1.484468638879608,0.0,349.5514591586805,28.32000000000002,59,79.99999999999973,79.99999999999973,7.105427357601002e-15,0.5772055882054685
24,20,0.05,0.0,0.07295741684745027,recent_contact,persistent_damage,7019,0.9133586258669129,0.7859773850981139,0.0,0.99999999999997,0.99999999999997,0.3958333333333333,388.1716379736347,58.08266915899477,1.4777329442123626,0.0,349.36750155300774,28.32000000000002,59,79.9999999999976,79.9999999999976,7.105427357601002e-15,0.5773118792026127
24,20,0.2,0.0,0.07295741684745027,experience_swap,persistent_damage,7019,0.9854923335493447,0.9489668086802562,0.0,1.0000000000000075,1.0000000000000075,0.375,388.1716379736347,43.41101311727111,2.1660250799163383,0.0,346.31089316023974,28.32000000000002,59,80.0000000000006,80.0000000000006,7.105427357601002e-15,0.5490135801657027
24,20,0.1,0.0,0.07295741684745027,experience_swap,persistent_damage,7019,0.9846688621407707,0.9483793111604438,0.0,0.9999999999999967,0.9999999999999967,0.375,388.1716379736347,43.360238238575526,2.1300897086226174,0.0,345.81287067280834,28.32000000000002,59,79.99999999999973,79.99999999999973,7.105427357601002e-15,0.546602613392014
24,20,0.05,0.0,0.07295741684745027,experience_swap,persistent_damage,7019,0.9842375506512234,0.9480870681591254,0.0,0.99999999999997,0.99999999999997,0.375,388.1716379736347,43.338894562853675,2.1120727717936925,0.0,345.56578791030205,28.32000000000002,59,79.9999999999976,79.9999999999976,1.0658141036401503e-14,0.5454197110761697
24,1,0.2,0.0,0.0,fixed,separated_resources,7000,0.6285213121947777,0.0,0.3333333333333333,1.0000000000000075,1.0000000000000075,1.0,396.4101491293711,128.98454178636322,2.405670079224766,0.0,403.3666887036823,0.0,0,80.0000000000006,80.0000000000006,3.552713678800501e-15,0.5750601109168686
24,1,0.1,0.0,0.0,fixed,separated_resources,7000,0.6285168113680247,0.0,0.3333333333333333,0.9999999999999967,0.9999999999999967,1.0,396.4101491293711,128.97908606094907,2.405082633105971,0.0,403.35648959479965,0.0,0,79.99999999999973,79.99999999999973,7.105427357601002e-15,0.570648811939055
24,1,0.05,0.0,0.0,fixed,separated_resources,7000,0.6285145156173585,0.0,0.3333333333333333,0.99999999999997,0.99999999999997,1.0,396.4101491293711,128.97630296330027,2.4047866754279523,0.0,403.35128658454965,0.0,0,79.9999999999976,79.9999999999976,7.105427357601002e-15,0.568409684672291
24,1,0.2,0.0,0.003572057887796106,random_swap,separated_resources,7000,0.7387471359326965,0.5141125840092471,0.1111111111111111,1.0000000000000075,1.0000000000000075,0.22916666666666666,396.4101491293711,106.20286200452794,0.6713034508621633,0.0,304.29606670692567,1.4160000000000008,59,80.0000000000006,80.0000000000006,3.552713678800501e-15,0.5661824584627634
24,1,0.1,0.0,0.003572057887796106,random_swap,separated_resources,7000,0.7388484902716296,0.5139899400401734,0.1111111111111111,0.9999999999999967,0.9999999999999967,0.22916666666666666,396.4101491293711,106.18801580530442,0.6709290616660757,0.0,304.24126096362806,1.4160000000000008,59,79.99999999999973,79.99999999999973,7.105427357601002e-15,0.5633291135125563
24,1,0.05,0.0,0.003572057887796106,random_swap,separated_resources,7000,0.7388930541934948,0.513928281285286,0.1111111111111111,0.99999999999997,0.99999999999997,0.22916666666666666,396.4101491293711,106.18182257257067,0.6707483581799321,0.0,304.21818630390004,1.4160000000000008,59,79.9999999999976,79.9999999999976,7.105427357601002e-15,0.5619890031463867
24,1,0.2,0.0,0.003572057887796106,recent_contact,separated_resources,7000,0.7502907269152252,0.4621726919565282,0.16666666666666666,1.0000000000000075,1.0000000000000075,0.2708333333333333,396.4101491293711,93.55054642692102,2.5989160356361696,0.0,449.1881263662728,1.4160000000000008,59,80.0000000000006,80.0000000000006,5.329070518200751e-15,0.7088207612835516
24,1,0.1,0.0,0.003572057887796106,recent_contact,separated_resources,7000,0.7503523806273513,0.46175349225661716,0.16666666666666666,0.9999999999999967,0.9999999999999967,0.2708333333333333,396.4101491293711,93.55020866643778,2.596965887530053,0.0,449.06091852742077,1.4160000000000008,59,79.99999999999973,79.99999999999973,7.105427357601002e-15,0.7087346191329412
24,1,0.05,0.0,0.003572057887796106,recent_contact,separated_resources,7000,0.7503810613960543,0.4615912913461925,0.16666666666666666,0.99999999999997,0.99999999999997,0.2708333333333333,396.4101491293711,93.55015158789112,2.5960717640310165,0.0,449.0074560384014,1.4160000000000008,59,79.9999999999976,79.9999999999976,7.105427357601002e-15,0.7086892876830729
24,1,0.2,0.0,0.003572057887796106,experience_swap,separated_resources,7000,0.6938233427444246,0.36918257184903586,0.2777777777777778,1.0000000000000075,1.0000000000000075,0.2708333333333333,396.4101491293711,81.25010599359918,3.405362176938452,17.235678741669805,420.08432576635863,1.4160000000000008,59,80.0000000000006,80.0000000000006,7.105427357601002e-15,0.6700674361605811
24,1,0.1,0.0,0.003572057887796106,experience_swap,separated_resources,7000,0.6940112623918652,0.3690857537401199,0.2777777777777778,0.9999999999999967,0.9999999999999967,0.2708333333333333,396.4101491293711,81.29012328490052,3.4054935665783117,17.186084173589283,420.13540118346685,1.4160000000000008,59,79.99999999999973,79.99999999999973,1.0658141036401503e-14,0.6708766735158327
24,1,0.05,0.0,0.003572057887796106,experience_swap,separated_resources,7000,0.694099917399278,0.36908152882091566,0.2777777777777778,0.99999999999997,0.99999999999997,0.2708333333333333,396.4101491293711,81.30934473388379,3.405569137079658,17.1638477515995,420.168821047913,1.4160000000000008,59,79.9999999999976,79.9999999999976,1.0658141036401503e-14,0.6712881450904198
24,1,0.2,0.0,0.0,fixed,separated_resources,7001,0.7416239196765538,0.13195290071912735,0.2222222222222222,1.0000000000000075,1.0000000000000075,1.0,402.5897828494498,105.24023232962645,0.697529294665706,0.0,305.20101158941037,0.0,0,80.0000000000006,80.0000000000006,3.552713678800501e-15,0.5012158158051087
24,1,0.1,0.0,0.0,fixed,separated_resources,7001,0.7416243828997615,0.13195336707863706,0.2222222222222222,0.9999999999999967,0.9999999999999967,1.0,402.5897828494498,105.2403229545074,0.6974270507547586,0.0,305.20127770800883,0.0,0,79.99999999999973,79.99999999999973,5.329070518200751e-15,0.5011233611869627
24,1,0.05,0.0,0.0,fixed,separated_resources,7001,0.7416246090551123,0.1319535972029951,0.2222222222222222,0.99999999999997,0.99999999999997,1.0,402.5897828494498,105.24036721995681,0.6973759003785784,0.0,305.2014079755068,0.0,0,79.9999999999976,79.9999999999976,7.105427357601002e-15,0.501071779410727
24,1,0.2,0.0,0.0035172278590326774,random_swap,separated_resources,7001,0.6919275888845257,0.2923365486273656,0.2777777777777778,1.0000000000000075,1.0000000000000075,0.16666666666666666,402.5897828494498,115.58022828604334,0.594471771044146,0.0,297.20802919054506,1.4160000000000008,59,80.0000000000006,80.0000000000006,3.552713678800501e-15,0.5257659227348584
24,1,0.1,0.0,0.0035172278590326774,random_swap,separated_resources,7001,0.6919738569415244,0.2922434622499817,0.2777777777777778,0.9999999999999967,0.9999999999999967,0.16666666666666666,402.5897828494498,115.57216389795146,0.5942235337663518,0.0,297.1785533292389,1.4160000000000008,59,79.99999999999973,79.99999999999973,3.552713678800501e-15,0.5254824555604997
24,1,0.05,0.0,0.0035172278590326774,random_swap,separated_resources,7001,0.691995098760863,0.2922045276861285,0.2777777777777778,0.99999999999997,0.99999999999997,0.16666666666666666,402.5897828494498,115.56847397573519,0.59410291853078,0.0,297.16516945655604,1.4160000000000008,59,79.9999999999976,79.9999999999976,7.105427357601002e-15,0.5253403253834493
24,1,0.2,0.0,0.0035172278590326774,recent_contact,separated_resources,7001,0.7367042719623338,0.46318651684051443,0.16666666666666666,1.0000000000000075,1.0000000000000075,0.25,402.5897828494498,95.40022729453341,2.533633700807296,0.0,446.8487387929536,1.4160000000000008,59,80.0000000000006,80.0000000000006,5.329070518200751e-15,0.6926240293263481
24,1,0.1,0.0,0.0035172278590326774,recent_contact,separated_resources,7001,0.7367292902727262,0.4629729793355619,0.16666666666666666,0.9999999999999967,0.9999999999999967,0.25,402.5897828494498,95.39938513614321,2.5315437867083563,0.0,446.70030709806286,1.4160000000000008,59,79.99999999999973,79.99999999999973,5.329070518200751e-15,0.6920017705867295
24,1,0.05,0.0,0.0035172278590326774,recent_contact,separated_resources,7001,0.7367405290940359,0.46285896679703475,0.16666666666666666,0.99999999999997,0.99999999999997,0.25,402.5897828494498,95.39887490335731,2.530574915788802,0.0,446.63536102184577,1.4160000000000008,59,79.9999999999976,79.9999999999976,7.105427357601002e-15,0.691699446034908
24,1,0.2,0.0,0.0035172278590326774,experience_swap,separated_resources,7001,0.7518242987207612,0.4073450136777379,0.16666666666666666,1.0000000000000075,1.0000000000000075,0.3333333333333333,402.5897828494498,97.3357145325397,1.8919402673510624,0.0,386.25949859598256,1.4160000000000008,59,80.0000000000006,80.0000000000006,3.552713678800501e-15,0.6228262137877388
24,1,0.1,0.0,0.0035172278590326774,experience_swap,separated_resources,7001,0.7518333359785261,0.40740745922332544,0.16666666666666666,0.9999999999999967,0.9999999999999967,0.3333333333333333,402.5897828494498,97.33541556396904,1.8904483850405966,0.0,386.12814808313476,1.4160000000000008,59,79.99999999999973,79.99999999999973,3.552713678800501e-15,0.6226042015769493
24,1,0.05,0.0,0.0035172278590326774,experience_swap,separated_resources,7001,0.7518368729876255,0.40743671292534256,0.16666666666666666,0.99999999999997,0.99999999999997,0.3333333333333333,402.5897828494498,97.33529759747282,1.889753550714416,0.0,386.07054535595165,1.4160000000000008,59,79.9999999999976,79.9999999999976,7.105427357601002e-15,0.6225022887073159
24,1,0.2,0.0,0.0,fixed,separated_resources,7002,0.7020171254007568,0.12507155774357265,0.3333333333333333,1.0000000000000075,1.0000000000000075,1.0,395.5015552711574,112.33872441368095,1.4335660307435087,0.0,369.09637475609895,0.0,0,80.0000000000006,80.0000000000006,3.552713678800501e-15,0.6025006931197101
24,1,0.1,0.0,0.0,fixed,separated_resources,7002,0.7020136026033126,0.12506871196550617,0.3333333333333333,0.9999999999999967,0.9999999999999967,1.0,395.5015552711574,112.33803134487935,1.4333161517181754,0.0,369.0937841937045,0.0,0,79.99999999999973,79.99999999999973,7.105427357601002e-15,0.6008300071735797
24,1,0.05,0.0,0.0,fixed,separated_resources,7002,0.7020118738032569,0.12506731607673482,0.3333333333333333,0.99999999999997,0.99999999999997,1.0,395.5015552711574,112.33769121144006,1.433191546401659,0.0,369.09251291156494,0.0,0,79.9999999999976,79.9999999999976,7.105427357601002e-15,0.6000641403126346
24,1,0.2,0.0,0.003580264049857366,random_swap,separated_resources,7002,0.7376155989730359,0.4518439138381239,0.16666666666666666,1.0000000000000075,1.0000000000000075,0.22916666666666666,395.5015552711574,105.3020728846535,0.6664017030873666,0.0,301.98890954825316,1.4160000000000008,59,80.0000000000006,80.0000000000006,3.552713678800501e-15,0.6098491649883331
24,1,0.1,0.0,0.003580264049857366,random_swap,separated_resources,7002,0.7376631379112704,0.451689777986715,0.16666666666666666,0.9999999999999967,0.9999999999999967,0.22916666666666666,395.5015552711574,105.29100667989076,0.6660038334575653,0.0,301.94217082298326,1.4160000000000008,59,79.99999999999973,79.99999999999973,7.105427357601002e-15,0.6093437655758773
24,1,0.05,0.0,0.003580264049857366,random_swap,separated_resources,7002,0.7376840007407557,0.45161393393657234,0.16666666666666666,0.99999999999997,0.99999999999997,0.22916666666666666,395.5015552711574,105.2861559139502,0.6658244058242543,0.0,301.9222928562711,1.4160000000000008,59,79.9999999999976,79.9999999999976,7.105427357601002e-15,0.6090656326386652
24,1,0.2,0.0,0.003580264049857366,recent_contact,separated_resources,7002,0.7443297595581138,0.4323457038125469,0.16666666666666666,1.0000000000000075,1.0000000000000075,0.3125,395.5015552711574,93.13319603296108,2.3530564663752487,0.0,411.6928870847258,1.4160000000000008,59,80.0000000000006,80.0000000000006,5.329070518200751e-15,0.63201175863987
24,1,0.1,0.0,0.003580264049857366,recent_contact,separated_resources,7002,0.7443671109096075,0.4322289848278192,0.16666666666666666,0.9999999999999967,0.9999999999999967,0.3125,395.5015552711574,93.13328589319084,2.3519998555028034,0.0,411.51440534537494,1.4160000000000008,59,79.99999999999973,79.99999999999973,7.105427357601002e-15,0.632275342501312
24,1,0.05,0.0,0.003580264049857366,recent_contact,separated_resources,7002,0.7443825805276776,0.4321775279568508,0.16666666666666666,0.99999999999997,0.99999999999997,0.3125,395.5015552711574,93.1333186071038,2.3515438008821854,0.0,411.43969428133096,1.4160000000000008,59,79.9999999999976,79.9999999999976,7.105427357601002e-15,0.6322438843098434
24,1,0.2,0.0,0.003580264049857366,experience_swap,separated_resources,7002,0.7315064272519811,0.3558242031655948,0.2222222222222222,1.0000000000000075,1.0000000000000075,0.3125,395.5015552711574,90.2287166486068,2.447662192441387,1.1677674684631398,402.3260321908889,1.4160000000000008,59,80.0000000000006,80.0000000000006,5.329070518200751e-15,0.6510812967188012
24,1,0.1,0.0,0.003580264049857366,experience_swap,separated_resources,7002,0.7315941318053975,0.35579652659312955,0.2222222222222222,0.9999999999999967,0.9999999999999967,0.3125,395.5015552711574,90.24199447680515,2.446621272988009,1.179453687440942,402.2444863304068,1.4160000000000008,59,79.99999999999973,79.99999999999973,7.105427357601002e-15,0.6502475693159044
24,1,0.05,0.0,0.003580264049857366,experience_swap,separated_resources,7002,0.7316354997885268,0.35578589435242675,0.2222222222222222,0.99999999999997,0.99999999999997,0.3125,395.5015552711574,90.24837508978848,2.446157794653741,1.1860051826724702,402.21205167604757,1.4160000000000008,59,79.9999999999976,79.9999999999976,7.105427357601002e-15,0.6498752403846572
24,1,0.2,0.0,0.0,fixed,separated_resources,7003,0.6713466135360342,0.12972568032102358,0.3333333333333333,1.0000000000000075,1.0000000000000075,1.0,395.7167212115293,118.04986076204857,1.0694380685576477,0.0,325.3235865352823,0.0,0,80.0000000000006,80.0000000000006,3.552713678800501e-15,0.5497011901539242
24,1,0.1,0.0,0.0,fixed,separated_resources,7003,0.6713469317015326,0.12972593069015667,0.3333333333333333,0.9999999999999967,0.9999999999999967,1.0,395.7167212115293,118.04993285178556,1.0692792205870887,0.0,325.32384061802355,0.0,0,79.99999999999973,79.99999999999973,7.105427357601002e-15,0.5487861670894902
24,1,0.05,0.0,0.0,fixed,separated_resources,7003,0.6713470797306154,0.1297260558638339,0.3333333333333333,0.99999999999997,0.99999999999997,1.0,395.7167212115293,118.04996703437686,1.0691997475223431,0.0,325.3239599318413,0.0,0,79.9999999999976,79.9999999999976,7.105427357601002e-15,0.5483413895361334
24,1,0.2,0.0,0.003578317326760326,random_swap,separated_resources,7003,0.6772209437314921,0.45268826972348836,0.2222222222222222,1.0000000000000075,1.0000000000000075,0.125,395.7167212115293,116.51404624484547,0.8838227489774763,0.0,311.0045272974921,1.4160000000000008,59,80.0000000000006,80.0000000000006,3.552713678800501e-15,0.5447574964295553
24,1,0.1,0.0,0.003578317326760326,random_swap,separated_resources,7003,0.677309465389093,0.45267917897459936,0.2222222222222222,0.9999999999999967,0.9999999999999967,0.125,395.7167212115293,116.49742431317803,0.8831186361451241,0.0,310.92145808596496,1.4160000000000008,59,79.99999999999973,79.99999999999973,7.105427357601002e-15,0.5432721655462333
24,1,0.05,0.0,0.003578317326760326,random_swap,separated_resources,7003,0.677346601573745,0.45268526991526414,0.2222222222222222,0.99999999999997,0.99999999999997,0.125,395.7167212115293,116.49058252236094,0.882795997915826,0.0,310.8876842403787,1.4160000000000008,59,79.9999999999976,79.9999999999976,7.105427357601002e-15,0.5425032701381691
24,1,0.2,0.0,0.003578317326760326,recent_contact,separated_resources,7003,0.746667292720712,0.29380967121089596,0.16666666666666666,1.0000000000000075,1.0000000000000075,0.2916666666666667,395.7167212115293,93.61053734584515,3.2359447101480283,2.7676622256392203,432.8078229698156,1.4160000000000008,59,80.0000000000006,80.0000000000006,1.0658141036401503e-14,0.7003748282283194
24,1,0.1,0.0,0.003578317326760326,recent_contact,separated_resources,7003,0.7467439507128623,0.29389725590747173,0.16666666666666666,0.9999999999999967,0.9999999999999967,0.2916666666666667,395.7167212115293,93.6236483435953,3.2335777565535766,2.7296142578962623,432.6675598926279,1.4160000000000008,59,79.99999999999973,79.99999999999973,1.0658141036401503e-14,0.6995562808243907
24,1,0.05,0.0,0.003578317326760326,recent_contact,separated_resources,7003,0.7467765987833024,0.29392004867781946,0.16666666666666666,0.99999999999997,0.99999999999997,0.2916666666666667,395.7167212115293,93.62933428586703,3.2325376121888185,2.712243207251523,432.60998362369986,1.4160000000000008,59,79.9999999999976,79.9999999999976,7.105427357601002e-15,0.6990994791599051
24,1,0.2,0.0,0.003578317326760326,experience_swap,separated_resources,7003,0.7099307508321683,0.29893771591573215,0.2777777777777778,1.0000000000000075,1.0000000000000075,0.25,395.7167212115293,86.44355395631152,3.86765883054419,11.966609680651477,418.0456585208104,1.4160000000000008,59,80.0000000000006,80.0000000000006,7.105427357601002e-15,0.6203573897634477
24,1,0.1,0.0,0.003578317326760326,experience_swap,separated_resources,7003,0.7100576940200062,0.2984529432104971,0.2777777777777778,0.9999999999999967,0.9999999999999967,0.25,395.7167212115293,86.46458720173617,3.8661434765489617,11.907696176045274,417.9166250730099,1.4160000000000008,59,79.99999999999973,79.99999999999973,1.0658141036401503e-14,0.6197102654581734
24,1,0.05,0.0,0.003578317326760326,experience_swap,separated_resources,7003,0.7101147239273243,0.29827576039728687,0.2777777777777778,0.99999999999997,0.99999999999997,0.25,395.7167212115293,86.47447843444665,3.8654169774083473,11.880257143253104,417.86824753768684,1.4160000000000008,59,79.9999999999976,79.9999999999976,1.0658141036401503e-14,0.6194564242305932
24,1,0.2,0.0,0.0,fixed,separated_resources,7004,0.7299443807148326,0.14446972732380275,0.3333333333333333,1.0000000000000075,1.0000000000000075,1.0,391.2675155171696,102.74574687107042,0.8733267753326519,0.0,300.03192945301674,0.0,0,80.0000000000006,80.0000000000006,7.105427357601002e-15,0.4904150091265078
24,1,0.1,0.0,0.0,fixed,separated_resources,7004,0.7299427479414069,0.1444612386284576,0.3333333333333333,0.9999999999999967,0.9999999999999967,1.0,391.2675155171696,102.74554032631426,0.8731823943706019,0.0,300.0310819033017,0.0,0,79.99999999999973,79.99999999999973,7.105427357601002e-15,0.4901961503747144
24,1,0.05,0.0,0.0,fixed,separated_resources,7004,0.7299419050321047,0.14445686093145677,0.3333333333333333,0.99999999999997,0.99999999999997,1.0,391.2675155171696,102.7454334424759,0.8731100039477397,0.0,300.0306438147737,0.0,0,79.9999999999976,79.9999999999976,7.105427357601002e-15,0.4900208087598921
24,1,0.2,0.0,0.003619007313010282,random_swap,separated_resources,7004,0.720939270570326,0.45460894156058135,0.16666666666666666,1.0000000000000075,1.0000000000000075,0.1875,391.2675155171696,104.25013014965482,0.8570152703056202,0.0,319.3869342503645,1.4160000000000008,59,80.0000000000006,80.0000000000006,7.105427357601002e-15,0.5296646371436042
24,1,0.1,0.0,0.003619007313010282,random_swap,separated_resources,7004,0.7210126053122011,0.45468853088434685,0.16666666666666666,0.9999999999999967,0.9999999999999967,0.1875,391.2675155171696,104.23737430201554,0.856646858074164,0.0,319.33161411326984,1.4160000000000008,59,79.99999999999973,79.99999999999973,7.105427357601002e-15,0.528957389258549
24,1,0.05,0.0,0.003619007313010282,random_swap,separated_resources,7004,0.7210448194810584,0.45472736851618073,0.16666666666666666,0.99999999999997,0.99999999999997,0.1875,391.2675155171696,104.23192864874072,0.8564693832309566,0.0,319.30677815388924,1.4160000000000008,59,79.9999999999976,79.9999999999976,7.105427357601002e-15,0.5288492141931492
24,1,0.2,0.0,0.003619007313010282,recent_contact,separated_resources,7004,0.7478224570852948,0.38167131879651256,0.2222222222222222,1.0000000000000075,1.0000000000000075,0.20833333333333334,391.2675155171696,95.4293022566934,2.0567941324173225,0.0,388.2396957198409,1.4160000000000008,59,80.0000000000006,80.0000000000006,7.105427357601002e-15,0.5528185946540525
24,1,0.1,0.0,0.003619007313010282,recent_contact,separated_resources,7004,0.747821896411772,0.3819054434896612,0.2222222222222222,0.9999999999999967,0.9999999999999967,0.20833333333333334,391.2675155171696,95.42524582236211,2.0556789885056777,0.0,388.0833194617495,1.4160000000000008,59,79.99999999999973,79.99999999999973,7.105427357601002e-15,0.5527656222704346
24,1,0.05,0.0,0.003619007313010282,recent_contact,separated_resources,7004,0.7478204547299182,0.3819788161196418,0.2222222222222222,0.99999999999997,0.99999999999997,0.20833333333333334,391.2675155171696,95.42340509755691,2.055149598432221,0.0,388.0203326200412,1.4160000000000008,59,79.9999999999976,79.9999999999976,7.105427357601002e-15,0.5527455521228818
24,1,0.2,0.0,0.003619007313010282,experience_swap,separated_resources,7004,0.7448655993679457,0.460215234725502,0.1111111111111111,1.0000000000000075,1.0000000000000075,0.1875,391.2675155171696,94.93839490773816,1.8028480115808465,0.0,376.5324286920218,1.4160000000000008,59,80.0000000000006,80.0000000000006,7.105427357601002e-15,0.567725794129772
24,1,0.1,0.0,0.003619007313010282,experience_swap,separated_resources,7004,0.7261261157905996,0.48106869398394236,0.1111111111111111,0.9999999999999967,0.9999999999999967,0.22916666666666666,391.2675155171696,92.09640403817814,2.3297743586046162,0.0,417.4484353007441,1.4160000000000008,59,79.99999999999973,79.99999999999973,7.105427357601002e-15,0.6460984125936385
24,1,0.05,0.0,0.003619007313010282,experience_swap,separated_resources,7004,0.7261502379514699,0.48093504568662143,0.1111111111111111,0.99999999999997,0.99999999999997,0.22916666666666666,391.2675155171696,92.0980551404968,2.3292169710509723,0.0,417.396403545009,1.4160000000000008,59,79.9999999999976,79.9999999999976,7.105427357601002e-15,0.6458646616731181
24,1,0.2,0.0,0.0,fixed,separated_resources,7005,0.7166098777135788,0.0,0.2222222222222222,1.0000000000000075,1.0000000000000075,1.0,384.4395094137781,99.01301697366358,0.885956245953808,0.0,292.2430116821975,0.0,0,80.0000000000006,80.0000000000006,7.105427357601002e-15,0.5063802254388835
24,1,0.1,0.0,0.0,fixed,separated_resources,7005,0.7166086729344536,0.0,0.2222222222222222,0.9999999999999967,0.9999999999999967,1.0,384.4395094137781,99.0128678007393,0.8858150296937379,0.0,292.2423149303403,0.0,0,79.99999999999973,79.99999999999973,7.105427357601002e-15,0.5042314914267824
24,1,0.05,0.0,0.0,fixed,separated_resources,7005,0.7166080303865309,0.0,0.2222222222222222,0.99999999999997,0.99999999999997,1.0,384.4395094137781,99.01278768088608,0.8857441583703302,0.0,292.2419429707583,0.0,0,79.9999999999976,79.9999999999976,7.105427357601002e-15,0.503166099861696
24,1,0.2,0.0,0.003683284275747887,random_swap,separated_resources,7005,0.708750421299325,0.48804566753795287,0.16666666666666666,1.0000000000000075,1.0000000000000075,0.22916666666666666,384.4395094137781,100.78090370449436,0.5796519865377567,0.0,283.0459777626266,1.4160000000000008,59,80.0000000000006,80.0000000000006,7.105427357601002e-15,0.5411535856826744
24,1,0.1,0.0,0.003683284275747887,random_swap,separated_resources,7005,0.7087994325087016,0.4880667613008543,0.16666666666666666,0.9999999999999967,0.9999999999999967,0.22916666666666666,384.4395094137781,100.77153376514484,0.5794132393108818,0.0,283.01523772267467,1.4160000000000008,59,79.99999999999973,79.99999999999973,7.105427357601002e-15,0.5382448504683943
24,1,0.05,0.0,0.003683284275747887,random_swap,separated_resources,7005,0.7088202196797946,0.4880805645845629,0.16666666666666666,0.99999999999997,0.99999999999997,0.22916666666666666,384.4395094137781,100.76761963125932,0.5793023903855221,0.0,283.00203258246677,1.4160000000000008,59,79.9999999999976,79.9999999999976,7.105427357601002e-15,0.5367995178869818
24,1,0.2,0.0,0.003683284275747887,recent_contact,separated_resources,7005,0.6986625621863826,0.3488892293715052,0.2777777777777778,1.0000000000000075,1.0000000000000075,0.2708333333333333,384.4395094137781,87.66394963340548,3.2059485235672742,1.9788273455735337,415.0439580100937,1.4160000000000008,59,80.0000000000006,80.0000000000006,7.105427357601002e-15,0.6448963372548834
24,1,0.1,0.0,0.003683284275747887,recent_contact,separated_resources,7005,0.6986957816691118,0.3485377343846012,0.2777777777777778,0.9999999999999967,0.9999999999999967,0.2708333333333333,384.4395094137781,87.66395790891093,3.2041872706866568,1.9787574246894937,414.84038927951434,1.4160000000000008,59,79.99999999999973,79.99999999999973,7.105427357601002e-15,0.6447545919073844
24,1,0.05,0.0,0.003683284275747887,recent_contact,separated_resources,7005,0.6987101505257367,0.3483767563906509,0.2777777777777778,0.99999999999997,0.99999999999997,0.2708333333333333,384.4395094137781,87.66385877193734,3.203372339334214,1.9789311428447696,414.75347327994604,1.4160000000000008,59,79.9999999999976,79.9999999999976,1.0658141036401503e-14,0.6446878780044464
24,1,0.2,0.0,0.003683284275747887,experience_swap,separated_resources,7005,0.7096449334588348,0.36225262394607577,0.2222222222222222,1.0000000000000075,1.0000000000000075,0.3541666666666667,384.4395094137781,89.67999552481974,2.451231033161154,0.0,404.50719236236085,1.4160000000000008,59,80.0000000000006,80.0000000000006,7.105427357601002e-15,0.6475128263650215
24,1,0.1,0.0,0.003683284275747887,experience_swap,separated_resources,7005,0.7097121045351089,0.361965555272888,0.2222222222222222,0.9999999999999967,0.9999999999999967,0.3541666666666667,384.4395094137781,89.6851030886554,2.4498926580888964,0.0,404.3222510530902,1.4160000000000008,59,79.99999999999973,79.99999999999973,7.105427357601002e-15,0.6481325507822903
24,1,0.05,0.0,0.003683284275747887,experience_swap,separated_resources,7005,0.7097441887727656,0.36184658133434633,0.2222222222222222,0.99999999999997,0.99999999999997,0.3541666666666667,384.4395094137781,89.68788133311287,2.4492680272756275,0.0,404.2495282837382,1.4160000000000008,59,79.9999999999976,79.9999999999976,7.105427357601002e-15,0.648432309493192
24,1,0.2,0.0,0.0,fixed,separated_resources,7006,0.7851237498992211,0.47913870448929957,0.16666666666666666,1.0000000000000075,1.0000000000000075,1.0,404.475266916745,101.69907618177156,0.4487004525404994,0.0,275.477594866755,0.0,0,80.0000000000006,80.0000000000006,7.105427357601002e-15,0.43466086548917826
24,1,0.1,0.0,0.0,fixed,separated_resources,7006,0.7851239506184823,0.479138802390821,0.16666666666666666,0.9999999999999967,0.9999999999999967,1.0,404.475266916745,101.69910412811534,0.4486333787398914,0.0,275.4776766063574,0.0,0,79.99999999999973,79.99999999999973,3.552713678800501e-15,0.4343557071839159
24,1,0.05,0.0,0.0,fixed,separated_resources,7006,0.7851240511078744,0.47913885133424455,0.16666666666666666,0.99999999999997,0.99999999999997,1.0,404.475266916745,101.69911811248309,0.4485998470879614,0.0,275.47771751458123,0.0,0,79.9999999999976,79.9999999999976,1.0658141036401503e-14,0.43426074590090025
24,1,0.2,0.0,0.003500832104751321,random_swap,separated_resources,7006,0.747599092590141,0.45589333457061487,0.16666666666666666,1.0000000000000075,1.0000000000000075,0.10416666666666667,404.475266916745,107.07170713848045,0.855155645685994,0.0,323.0816782685442,1.4160000000000008,59,80.0000000000006,80.0000000000006,7.105427357601002e-15,0.49714075132304214
24,1,0.1,0.0,0.003500832104751321,random_swap,separated_resources,7006,0.74763143597609,0.45592961490198425,0.16666666666666666,0.9999999999999967,0.9999999999999967,0.10416666666666667,404.475266916745,107.06321332595799,0.8546717161012207,0.0,323.0307637058384,1.4160000000000008,59,79.99999999999973,79.99999999999973,3.552713678800501e-15,0.49639702902662386
24,1,0.05,0.0,0.003500832104751321,random_swap,separated_resources,7006,0.747644440435625,0.45593007813723896,0.16666666666666666,0.99999999999997,0.99999999999997,0.10416666666666667,404.475266916745,107.05965772120847,0.8544386322741357,0.0,323.00831673561777,1.4160000000000008,59,79.9999999999976,79.9999999999976,1.0658141036401503e-14,0.4960313840486205
24,1,0.2,0.0,0.003500832104751321,recent_contact,separated_resources,7006,0.7224339134928023,0.4150040716921862,0.2222222222222222,1.0000000000000075,1.0000000000000075,0.20833333333333334,404.475266916745,88.8245275131158,4.060310324701333,6.489202959745118,428.48846327421523,1.4160000000000008,59,80.0000000000006,80.0000000000006,7.105427357601002e-15,0.6888561078242141
24,1,0.1,0.0,0.003500832104751321,recent_contact,separated_resources,7006,0.7225592009863183,0.4150391830351866,0.2222222222222222,0.9999999999999967,0.9999999999999967,0.20833333333333334,404.475266916745,88.84963517178667,4.059370795679107,6.451914526570775,428.4112682522613,1.4160000000000008,59,79.99999999999973,79.99999999999973,7.105427357601002e-15,0.6891743232606526
24,1,0.05,0.0,0.003500832104751321,recent_contact,separated_resources,7006,0.7226167719117932,0.4150450014624492,0.2222222222222222,0.99999999999997,0.99999999999997,0.20833333333333334,404.475266916745,88.86159158277275,4.058964351267318,6.434924346869106,428.38676948905237,1.4160000000000008,59,79.9999999999976,79.9999999999976,1.0658141036401503e-14,0.6888872469595905
24,1,0.2,0.0,0.003500832104751321,experience_swap,separated_resources,7006,0.7617259743936274,0.4856449702603849,0.16666666666666666,1.0000000000000075,1.0000000000000075,0.25,404.475266916745,95.97141088622071,2.635932205111921,0.0,424.2869765875948,1.4160000000000008,59,80.0000000000006,80.0000000000006,7.105427357601002e-15,0.650806040496246
24,1,0.1,0.0,0.003500832104751321,experience_swap,separated_resources,7006,0.761783836902686,0.48562895841318104,0.16666666666666666,0.9999999999999967,0.9999999999999967,0.25,404.475266916745,95.97803974885305,2.6338820698877665,0.0,424.0983707249061,1.4160000000000008,59,79.99999999999973,79.99999999999973,5.329070518200751e-15,0.6498337405792142
24,1,0.05,0.0,0.003500832104751321,experience_swap,separated_resources,7006,0.7618082661853648,0.48562409646557164,0.16666666666666666,0.99999999999997,0.99999999999997,0.25,404.475266916745,95.9809138568922,2.6329813679869907,0.0,424.0210969270913,1.4160000000000008,59,79.9999999999976,79.9999999999976,1.0658141036401503e-14,0.650645909422828
24,1,0.2,0.0,0.0,fixed,separated_resources,7007,0.7029587264784578,0.023236617159216412,0.3333333333333333,1.0000000000000075,1.0000000000000075,1.0,396.7910647232427,112.08143896658625,0.725351576690391,0.0,291.89116308295786,0.0,0,80.0000000000006,80.0000000000006,7.105427357601002e-15,0.5031365393400176
24,1,0.1,0.0,0.0,fixed,separated_resources,7007,0.7029574198748082,0.023235001575536627,0.3333333333333333,0.9999999999999967,0.9999999999999967,1.0,396.7910647232427,112.08129599423809,0.7252337492924327,0.0,291.89046340838553,0.0,0,79.99999999999973,79.99999999999973,7.105427357601002e-15,0.5017634066302665
24,1,0.05,0.0,0.0,fixed,separated_resources,7007,0.7029567252447877,0.0232341426189561,0.3333333333333333,0.99999999999997,0.99999999999997,1.0,396.7910647232427,112.08121948121449,0.7251745670042486,0.0,291.8900903444897,0.0,0,79.9999999999976,79.9999999999976,7.105427357601002e-15,0.5008546042643996
24,1,0.2,0.0,0.0035686287466872393,random_swap,separated_resources,7007,0.7181974150424535,0.3652598749966575,0.16666666666666666,1.0000000000000075,1.0000000000000075,0.16666666666666666,396.7910647232427,108.16562252460831,0.7551157171001848,0.0,317.65315946104926,1.4160000000000008,59,80.0000000000006,80.0000000000006,7.105427357601002e-15,0.5159036427025133
24,1,0.1,0.0,0.0035686287466872393,random_swap,separated_resources,7007,0.7182417178654407,0.364898467843596,0.16666666666666666,0.9999999999999967,0.9999999999999967,0.16666666666666666,396.7910647232427,108.15606676294182,0.7546784469218413,0.0,317.60486091886145,1.4160000000000008,59,79.99999999999973,79.99999999999973,7.105427357601002e-15,0.5141115534677587
24,1,0.05,0.0,0.0035686287466872393,random_swap,separated_resources,7007,0.7182601907608581,0.36474504763066634,0.16666666666666666,0.99999999999997,0.99999999999997,0.16666666666666666,396.7910647232427,108.15207423515662,0.754473885583168,0.0,317.58357129813925,1.4160000000000008,59,79.9999999999976,79.9999999999976,7.105427357601002e-15,0.5139348182479179
24,1,0.2,0.0,0.0035686287466872393,recent_contact,separated_resources,7007,0.7312111171000825,0.26665261744450447,0.16666666666666666,1.0000000000000075,1.0000000000000075,0.20833333333333334,396.7910647232427,92.08500504464168,2.4630635630805626,0.0,411.1965895809812,1.4160000000000008,59,80.0000000000006,80.0000000000006,7.105427357601002e-15,0.6119957696161414
24,1,0.1,0.0,0.0035686287466872393,recent_contact,separated_resources,7007,0.7312760418924944,0.2666931302093466,0.16666666666666666,0.9999999999999967,0.9999999999999967,0.20833333333333334,396.7910647232427,92.09711978797388,2.4616077427435092,0.0,411.051054334647,1.4160000000000008,59,79.99999999999973,79.99999999999973,7.105427357601002e-15,0.6143506278729888
24,1,0.05,0.0,0.0035686287466872393,recent_contact,separated_resources,7007,0.7313062693851716,0.26670973168828715,0.16666666666666666,0.99999999999997,0.99999999999997,0.20833333333333334,396.7910647232427,92.10308766180376,2.4609300460595467,0.0,410.99065701006015,1.4160000000000008,59,79.9999999999976,79.9999999999976,7.105427357601002e-15,0.6142339263451031
24,1,0.2,0.0,0.0035686287466872393,experience_swap,separated_resources,7007,0.7441732712757712,0.47440834823956907,0.1111111111111111,1.0000000000000075,1.0000000000000075,0.25,396.7910647232427,95.27208749572624,2.471125848747681,0.0,436.18017162635505,1.4160000000000008,59,80.0000000000006,80.0000000000006,7.105427357601002e-15,0.6948886413170572
24,1,0.1,0.0,0.0035686287466872393,experience_swap,separated_resources,7007,0.7441769675149946,0.4740307651847881,0.1111111111111111,0.9999999999999967,0.9999999999999967,0.25,396.7910647232427,95.27106508892847,2.4698380452515356,0.0,436.05415250462005,1.4160000000000008,59,79.99999999999973,79.99999999999973,7.105427357601002e-15,0.6971941416358688
24,1,0.05,0.0,0.0035686287466872393,experience_swap,separated_resources,7007,0.7441783270348293,0.4738543110876041,0.1111111111111111,0.99999999999997,0.99999999999997,0.25,396.7910647232427,95.27068194434084,2.4692299152518635,0.0,436.00147949478026,1.4160000000000008,59,79.9999999999976,79.9999999999976,7.105427357601002e-15,0.6970575790432929
24,1,0.2,0.0,0.0,fixed,separated_resources,7008,0.6703064731066927,0.0,0.2777777777777778,1.0000000000000075,1.0000000000000075,1.0,389.20362467377197,115.6758840068904,1.978131910060476,0.0,345.36115948372134,0.0,0,80.0000000000006,80.0000000000006,7.105427357601002e-15,0.5291149321990211
24,1,0.1,0.0,0.0,fixed,separated_resources,7008,0.6702901844998588,0.0,0.2777777777777778,0.9999999999999967,0.9999999999999967,1.0,389.20362467377197,115.67332326252429,1.9776326042191683,0.0,345.3480469103756,0.0,0,79.99999999999973,79.99999999999973,5.329070518200751e-15,0.5256710404180925
24,1,0.05,0.0,0.0,fixed,separated_resources,7008,0.6702818829803409,0.0,0.2777777777777778,0.99999999999997,0.99999999999997,1.0,389.20362467377197,115.67201785599411,1.9773810313838247,0.0,345.3413630623403,0.0,0,79.9999999999976,79.9999999999976,7.105427357601002e-15,0.5237475054904865
24,1,0.2,0.0,0.003638198388277815,random_swap,separated_resources,7008,0.7308018483518832,0.40457627994491957,0.16666666666666666,1.0000000000000075,1.0000000000000075,0.16666666666666666,389.20362467377197,102.36161821323593,0.716286450316535,0.0,307.66019197863193,1.4160000000000008,59,80.0000000000006,80.0000000000006,7.105427357601002e-15,0.5627743604488585
24,1,0.1,0.0,0.003638198388277815,random_swap,separated_resources,7008,0.7308608048355059,0.40435686985873964,0.16666666666666666,0.9999999999999967,0.9999999999999967,0.16666666666666666,389.20362467377197,102.34990714095099,0.7159377095059601,0.0,307.6035083014284,1.4160000000000008,59,79.99999999999973,79.99999999999973,3.552713678800501e-15,0.5587902990982014
24,1,0.05,0.0,0.003638198388277815,random_swap,separated_resources,7008,0.7308861588842406,0.4042632782308584,0.16666666666666666,0.99999999999997,0.99999999999997,0.16666666666666666,389.20362467377197,102.34493163942284,0.7157736303466103,0.0,307.5793920743529,1.4160000000000008,59,79.9999999999976,79.9999999999976,7.105427357601002e-15,0.5567983233010415
24,1,0.2,0.0,0.003638198388277815,recent_contact,separated_resources,7008,0.7266459991289907,0.4158614400263433,0.2222222222222222,1.0000000000000075,1.0000000000000075,0.3541666666666667,389.20362467377197,91.51737043734563,2.1361838983425443,0.0,387.57525036246227,1.4160000000000008,59,80.0000000000006,80.0000000000006,7.105427357601002e-15,0.6025135200074092
24,1,0.1,0.0,0.003638198388277815,recent_contact,separated_resources,7008,0.7266781851222083,0.4156268430846462,0.2222222222222222,0.9999999999999967,0.9999999999999967,0.3541666666666667,389.20362467377197,91.51297436751595,2.1356409978388133,0.0,387.4142971547821,1.4160000000000008,59,79.99999999999973,79.99999999999973,5.329070518200751e-15,0.5971910621661468
24,1,0.05,0.0,0.003638198388277815,recent_contact,separated_resources,7008,0.7266934111688236,0.4155107162517221,0.2222222222222222,0.99999999999997,0.99999999999997,0.3541666666666667,389.20362467377197,91.5112489837542,2.1353994919091623,0.0,387.34654804198715,1.4160000000000008,59,79.9999999999976,79.9999999999976,7.105427357601002e-15,0.5942122200583778
24,1,0.2,0.0,0.003638198388277815,experience_swap,separated_resources,7008,0.7199591690232348,0.41522196055988625,0.2222222222222222,1.0000000000000075,1.0000000000000075,0.2708333333333333,389.20362467377197,89.19294492119278,2.49222415932857,1.5003588396173715,406.32961995440866,1.4160000000000008,59,80.0000000000006,80.0000000000006,7.105427357601002e-15,0.6282348824226379
24,1,0.1,0.0,0.003638198388277815,experience_swap,separated_resources,7008,0.7460523782818246,0.47759889897579744,0.2222222222222222,0.9999999999999967,0.9999999999999967,0.3125,389.20362467377197,94.84069069413346,2.428853045808375,0.0,405.1857007749203,1.4160000000000008,59,79.99999999999973,79.99999999999973,5.329070518200751e-15,0.6287844742284412
24,1,0.05,0.0,0.003638198388277815,experience_swap,separated_resources,7008,0.7460566083625608,0.4775762073969308,0.2222222222222222,0.99999999999997,0.99999999999997,0.3125,389.20362467377197,94.8389080445118,2.427579263626648,0.0,405.09105635017926,1.4160000000000008,59,79.9999999999976,79.9999999999976,7.105427357601002e-15,0.6285935066556293
24,1,0.2,0.0,0.0,fixed,separated_resources,7009,0.7302711472522543,0.013182474996042508,0.2777777777777778,1.0000000000000075,1.0000000000000075,1.0,395.35028995896795,107.01295123952038,1.6667676998167416,0.0,368.8908468840437,0.0,0,80.0000000000006,80.0000000000006,3.552713678800501e-15,0.5699800444048566
24,1,0.1,0.0,0.0,fixed,separated_resources,7009,0.7302226932114458,0.013100662237036763,0.2777777777777778,0.9999999999999967,0.9999999999999967,1.0,395.35028995896795,107.004308835551,1.6655852183211621,0.0,368.8558369416291,0.0,0,79.99999999999973,79.99999999999973,7.105427357601002e-15,0.5667903958686713
24,1,0.05,0.0,0.0,fixed,separated_resources,7009,0.7301980222272885,0.01305954609716912,0.2777777777777778,0.99999999999997,0.99999999999997,1.0,395.35028995896795,106.99998188431232,1.6649908118791614,0.0,368.8382325657567,0.0,0,79.9999999999976,79.9999999999976,7.105427357601002e-15,0.5656944164368245
24,1,0.2,0.0,0.003581633897744106,random_swap,separated_resources,7009,0.7495535330672692,0.4107787092796008,0.2222222222222222,1.0000000000000075,1.0000000000000075,0.08333333333333333,395.35028995896795,103.09917400358648,0.9434184795606151,0.0,327.98406507168664,1.4160000000000008,59,80.0000000000006,80.0000000000006,3.552713678800501e-15,0.6122225519098079
24,1,0.1,0.0,0.003581633897744106,random_swap,separated_resources,7009,0.7495871109050287,0.4105433154450979,0.2222222222222222,0.9999999999999967,0.9999999999999967,0.08333333333333333,395.35028995896795,103.08961829283362,0.9428555579460067,0.0,327.9137137872022,1.4160000000000008,59,79.99999999999973,79.99999999999973,7.105427357601002e-15,0.608495087120031
24,1,0.05,0.0,0.003581633897744106,random_swap,separated_resources,7009,0.7496014832634197,0.4104271330716447,0.2222222222222222,0.99999999999997,0.99999999999997,0.08333333333333333,395.35028995896795,103.08539455169769,0.9425840559482835,0.0,327.88298966810214,1.4160000000000008,59,79.9999999999976,79.9999999999976,7.105427357601002e-15,0.6066175663273823
24,1,0.2,0.0,0.003581633897744106,recent_contact,separated_resources,7009,0.7328347386347194,0.3407885845912707,0.16666666666666666,1.0000000000000075,1.0000000000000075,0.2708333333333333,395.35028995896795,92.78665839772697,3.155557294828933,0.8280523086592932,457.4823218395647,1.4160000000000008,59,80.0000000000006,80.0000000000006,7.105427357601002e-15,0.7253450875773442
24,1,0.1,0.0,0.003581633897744106,recent_contact,separated_resources,7009,0.732928960248036,0.34077783525784405,0.16666666666666666,0.9999999999999967,0.9999999999999967,0.2708333333333333,395.35028995896795,92.8009903076641,3.154182763983599,0.8029629922667763,457.40359721128095,1.4160000000000008,59,79.99999999999973,79.99999999999973,7.105427357601002e-15,0.7255829279417141
24,1,0.05,0.0,0.003581633897744106,recent_contact,separated_resources,7009,0.7329715941966397,0.3407949101258836,0.16666666666666666,0.99999999999997,0.99999999999997,0.2708333333333333,395.35028995896795,92.80754021336583,3.153557871347827,0.7917283597406422,457.37228917349404,1.4160000000000008,59,79.9999999999976,79.9999999999976,7.105427357601002e-15,0.7255231013777008
24,1,0.2,0.0,0.003581633897744106,experience_swap,separated_resources,7009,0.7444203481600562,0.3904534829971806,0.2222222222222222,1.0000000000000075,1.0000000000000075,0.3333333333333333,395.35028995896795,94.49586023689437,2.832951097922121,0.0,426.3029979350872,1.4160000000000008,59,80.0000000000006,80.0000000000006,5.329070518200751e-15,0.6525911961330496
24,1,0.1,0.0,0.003581633897744106,experience_swap,separated_resources,7009,0.7444249610897409,0.3903064124731995,0.2222222222222222,0.9999999999999967,0.9999999999999967,0.3333333333333333,395.35028995896795,94.49204050278645,2.831172929438084,0.0,426.099293071581,1.4160000000000008,59,79.99999999999973,79.99999999999973,7.105427357601002e-15,0.6519611032422141
24,1,0.05,0.0,0.003581633897744106,experience_swap,separated_resources,7009,0.7444265632784783,0.39024781558301247,0.2222222222222222,0.99999999999997,0.99999999999997,0.3333333333333333,395.35028995896795,94.49040954349027,2.83033720998943,0.0,426.0126801708437,1.4160000000000008,59,79.9999999999976,79.9999999999976,7.105427357601002e-15,0.651845971032449
24,1,0.2,0.0,0.0,fixed,separated_resources,7010,0.6916173310200002,0.047058749080114634,0.3333333333333333,1.0000000000000075,1.0000000000000075,1.0,394.6492962345379,110.9493788777883,1.3554041058343709,0.0,359.4235056233702,0.0,0,80.0000000000006,80.0000000000006,3.552713678800501e-15,0.5826951289221678
24,1,0.1,0.0,0.0,fixed,separated_resources,7010,0.6916134790773043,0.04705884765427565,0.3333333333333333,0.9999999999999967,0.9999999999999967,1.0,394.6492962345379,110.94849484301521,1.3551587529520717,0.0,359.4203628587734,0.0,0,79.99999999999973,79.99999999999973,5.329070518200751e-15,0.5813383927171569
24,1,0.05,0.0,0.0,fixed,separated_resources,7010,0.6916115885060864,0.0470588969426884,0.3333333333333333,0.99999999999997,0.99999999999997,1.0,394.6492962345379,110.94806097050646,1.3550364757198772,0.0,359.4188203896684,0.0,0,79.9999999999976,79.9999999999976,7.105427357601002e-15,0.5806333037566358
24,1,0.2,0.0,0.003587995756005301,random_swap,separated_resources,7010,0.7022668376749689,0.37885753204110717,0.16666666666666666,1.0000000000000075,1.0000000000000075,0.16666666666666666,394.6492962345379,108.95192132142392,0.8390187063714164,0.0,323.5039275108716,1.4160000000000008,59,80.0000000000006,80.0000000000006,3.552713678800501e-15,0.606779818465169
24,1,0.1,0.0,0.003587995756005301,random_swap,separated_resources,7010,0.702305026733917,0.3788494204689326,0.16666666666666666,0.9999999999999967,0.9999999999999967,0.16666666666666666,394.6492962345379,108.94534571235545,0.8385402459231581,0.0,323.44354974261745,1.4160000000000008,59,79.99999999999973,79.99999999999973,5.329070518200751e-15,0.6049881514448587
24,1,0.05,0.0,0.003587995756005301,random_swap,separated_resources,7010,0.7023213810124352,0.37883998445991357,0.16666666666666666,0.99999999999997,0.99999999999997,0.16666666666666666,394.6492962345379,108.94263484052783,0.8383100046444651,0.0,323.4171000944175,1.4160000000000008,59,79.9999999999976,79.9999999999976,7.105427357601002e-15,0.6040474871217866
24,1,0.2,0.0,0.003587995756005301,recent_contact,separated_resources,7010,0.7430674531772506,0.4017533279289387,0.2222222222222222,1.0000000000000075,1.0000000000000075,0.375,394.6492962345379,96.83419300460879,2.967148255225043,0.0,453.36273474428725,1.4160000000000008,59,80.0000000000006,80.0000000000006,5.329070518200751e-15,0.6599521456527819
24,1,0.1,0.0,0.003587995756005301,recent_contact,separated_resources,7010,0.7430301189619922,0.4016207657317715,0.2222222222222222,0.9999999999999967,0.9999999999999967,0.375,394.6492962345379,96.82212305362711,2.9643681712953627,0.0,453.1563450010961,1.4160000000000008,59,79.99999999999973,79.99999999999973,5.329070518200751e-15,0.6593940938348984
24,1,0.05,0.0,0.003587995756005301,recent_contact,separated_resources,7010,0.7430100900116793,0.4015765719323885,0.2222222222222222,0.99999999999997,0.99999999999997,0.375,394.6492962345379,96.8162092645275,2.9630646814676873,0.0,453.06703657911123,1.4160000000000008,59,79.9999999999976,79.9999999999976,7.105427357601002e-15,0.6591190798862752
24,1,0.2,0.0,0.003587995756005301,experience_swap,separated_resources,7010,0.6910202094488566,0.43406851276849706,0.2777777777777778,1.0000000000000075,1.0000000000000075,0.25,394.6492962345379,90.63445631282042,3.553834545540007,12.311193775123783,446.2380966047463,1.4160000000000008,59,80.0000000000006,80.0000000000006,7.105427357601002e-15,0.6957335084257487
24,1,0.1,0.0,0.003587995756005301,experience_swap,separated_resources,7010,0.6910450233834775,0.4338612462630866,0.2777777777777778,0.9999999999999967,0.9999999999999967,0.25,394.6492962345379,90.632087779303,3.552047243070457,12.342488115742587,446.07009954884734,1.4160000000000008,59,79.99999999999973,79.99999999999973,1.0658141036401503e-14,0.6958100035186184
24,1,0.05,0.0,0.003587995756005301,experience_swap,separated_resources,7010,0.6910535837541518,0.43379499496842155,0.2777777777777778,0.99999999999997,0.99999999999997,0.25,394.6492962345379,90.6308741561261,3.551232932074594,12.359188995766484,446.0025472963692,1.4160000000000008,59,79.9999999999976,79.9999999999976,7.105427357601002e-15,0.695870848125606
24,1,0.2,0.0,0.0,fixed,separated_resources,7011,0.7133380440019896,0.15227756547471555,0.3333333333333333,1.0000000000000075,1.0000000000000075,1.0,400.4319433706269,109.31029142178738,1.6558183433179874,0.0,393.7934112066962,0.0,0,80.0000000000006,80.0000000000006,7.105427357601002e-15,0.6040080988035711
24,1,0.1,0.0,0.0,fixed,separated_resources,7011,0.7133337609235191,0.15226417039153825,0.3333333333333333,0.9999999999999967,0.9999999999999967,1.0,400.4319433706269,109.3090661563779,1.655508567894994,0.0,393.789179178289,0.0,0,79.99999999999973,79.99999999999973,3.552713678800501e-15,0.6027149853338274
24,1,0.05,0.0,0.0,fixed,separated_resources,7011,0.7133315632850925,0.15225729937024346,0.3333333333333333,0.99999999999997,0.99999999999997,1.0,400.4319433706269,109.30843743496959,1.6553529097212833,0.0,393.78700762474773,0.0,0,79.9999999999976,79.9999999999976,7.105427357601002e-15,0.6020873566903735
24,1,0.2,0.0,0.003536181424690679,random_swap,separated_resources,7011,0.7421949992600881,0.37051517790669514,0.2222222222222222,1.0000000000000075,1.0000000000000075,0.20833333333333334,400.4319433706269,104.81006055693467,0.7588403132802244,0.0,318.6749162882137,1.4160000000000008,59,80.0000000000006,80.0000000000006,7.105427357601002e-15,0.6158374389608213
24,1,0.1,0.0,0.003536181424690679,random_swap,separated_resources,7011,0.7422231680964636,0.37033557376513104,0.2222222222222222,0.9999999999999967,0.9999999999999967,0.20833333333333334,400.4319433706269,104.80363317464129,0.7584416403569296,0.0,318.63093693140826,1.4160000000000008,59,79.99999999999973,79.99999999999973,3.552713678800501e-15,0.6143964416304806
24,1,0.05,0.0,0.003536181424690679,random_swap,separated_resources,7011,0.7422358752179272,0.37024768385253926,0.2222222222222222,0.99999999999997,0.99999999999997,0.20833333333333334,400.4319433706269,104.80071832934514,0.7582525520317899,0.0,318.6108298130085,1.4160000000000008,59,79.9999999999976,79.9999999999976,7.105427357601002e-15,0.6136367437008554
24,1,0.2,0.0,0.003536181424690679,recent_contact,separated_resources,7011,0.7379833990732343,0.3329892146673165,0.2222222222222222,1.0000000000000075,1.0000000000000075,0.3125,400.4319433706269,96.67072678818963,3.4614144332856367,4.076663014290975,465.5021212337565,1.4160000000000008,59,80.0000000000006,80.0000000000006,7.105427357601002e-15,0.7201835354694591
24,1,0.1,0.0,0.003536181424690679,recent_contact,separated_resources,7011,0.7380780518998387,0.332576807783215,0.2222222222222222,0.9999999999999967,0.9999999999999967,0.3125,400.4319433706269,96.68193643433835,3.4584313840977448,4.029573634963548,465.37342834837045,1.4160000000000008,59,79.99999999999973,79.99999999999973,7.105427357601002e-15,0.7197568289040808
24,1,0.05,0.0,0.003536181424690679,recent_contact,separated_resources,7011,0.7381206414902152,0.3324191152254536,0.2222222222222222,0.99999999999997,0.99999999999997,0.3125,400.4319433706269,96.68701412754025,3.457054355767134,4.007327964437533,465.3243741348508,1.4160000000000008,59,79.9999999999976,79.9999999999976,1.0658141036401503e-14,0.7195432494882616
24,1,0.2,0.0,0.003536181424690679,experience_swap,separated_resources,7011,0.705545183526254,0.334254544707351,0.2777777777777778,1.0000000000000075,1.0000000000000075,0.3333333333333333,400.4319433706269,90.22988944010466,4.362188726121697,8.395708137412695,462.1701795235555,1.4160000000000008,59,80.0000000000006,80.0000000000006,7.105427357601002e-15,0.6503891762796508
24,1,0.1,0.0,0.003536181424690679,experience_swap,separated_resources,7011,0.7056296950751902,0.33401634068701336,0.2777777777777778,0.9999999999999967,0.9999999999999967,0.3333333333333333,400.4319433706269,90.24221129408627,4.360948002162812,8.367336277738499,462.0225466621284,1.4160000000000008,59,79.99999999999973,79.99999999999973,7.105427357601002e-15,0.6503064698254782
24,1,0.05,0.0,0.003536181424690679,experience_swap,separated_resources,7011,0.7056711483900069,0.3339336806550594,0.2777777777777778,0.99999999999997,0.99999999999997,0.3333333333333333,400.4319433706269,90.24878337518929,4.36032833600102,8.353127765663148,461.9686693478008,1.4160000000000008,59,79.9999999999976,79.9999999999976,1.0658141036401503e-14,0.6502606535727153
24,1,0.2,0.0,0.0,fixed,separated_resources,7012,0.7062194000028936,0.0,0.2777777777777778,1.0000000000000075,1.0000000000000075,1.0,400.683921795326,113.75971720319954,2.481046745546097,0.0,358.97046661189097,0.0,0,80.0000000000006,80.0000000000006,7.105427357601002e-15,0.5310232344338748
24,1,0.1,0.0,0.0,fixed,separated_resources,7012,0.7061877150395864,0.0,0.2777777777777778,0.9999999999999967,0.9999999999999967,1.0,400.683921795326,113.75426949663866,2.480179451540999,0.0,358.94773158259284,0.0,0,79.99999999999973,79.99999999999973,5.329070518200751e-15,0.5280912818891591
24,1,0.05,0.0,0.0,fixed,separated_resources,7012,0.7061717369290441,0.0,0.2777777777777778,0.99999999999997,0.99999999999997,1.0,400.683921795326,113.75152221904393,2.4797437683180186,0.0,358.9362665413352,0.0,0,79.9999999999976,79.9999999999976,7.105427357601002e-15,0.5265965356867054
24,1,0.2,0.0,0.0035339576233940078,random_swap,separated_resources,7012,0.7248987262715576,0.29348423142302266,0.16666666666666666,1.0000000000000075,1.0000000000000075,0.4166666666666667,400.683921795326,110.72475536059666,0.7428870719163616,0.0,310.58701802788977,1.4160000000000008,59,80.0000000000006,80.0000000000006,7.105427357601002e-15,0.5996274345239839
24,1,0.1,0.0,0.0035339576233940078,random_swap,separated_resources,7012,0.7249417553074284,0.29363795279050203,0.16666666666666666,0.9999999999999967,0.9999999999999967,0.4166666666666667,400.683921795326,110.71796093743929,0.7424954660074925,0.0,310.5408690727603,1.4160000000000008,59,79.99999999999973,79.99999999999973,3.552713678800501e-15,0.5964862107701421
24,1,0.05,0.0,0.0035339576233940078,random_swap,separated_resources,7012,0.7249603670457813,0.29369808029186906,0.16666666666666666,0.99999999999997,0.99999999999997,0.4166666666666667,400.683921795326,110.71506868508423,0.7423079715283125,0.0,310.52102866903994,1.4160000000000008,59,79.9999999999976,79.9999999999976,7.105427357601002e-15,0.5949367741105756
24,1,0.2,0.0,0.0035339576233940078,recent_contact,separated_resources,7012,0.7486894192162589,0.34829982617599387,0.2777777777777778,1.0000000000000075,1.0000000000000075,0.2916666666666667,400.683921795326,94.93550452704791,2.224733004797649,0.0,387.9717160991085,1.4160000000000008,59,80.0000000000006,80.0000000000006,7.105427357601002e-15,0.59994759315463
24,1,0.1,0.0,0.0035339576233940078,recent_contact,separated_resources,7012,0.7487475336627657,0.34823661504418935,0.2777777777777778,0.9999999999999967,0.9999999999999967,0.2916666666666667,400.683921795326,94.94171168558557,2.224171187402668,0.0,387.8626096129313,1.4160000000000008,59,79.99999999999973,79.99999999999973,7.105427357601002e-15,0.5975353588426953
24,1,0.05,0.0,0.0035339576233940078,recent_contact,separated_resources,7012,0.7487755922006322,0.34825173159696665,0.2777777777777778,0.99999999999997,0.99999999999997,0.2916666666666667,400.683921795326,94.9449500714851,2.223916580303091,0.0,387.82111976925063,1.4160000000000008,59,79.9999999999976,79.9999999999976,7.105427357601002e-15,0.5962941953515215
24,1,0.2,0.0,0.0035339576233940078,experience_swap,separated_resources,7012,0.7431482170593965,0.4031240914461669,0.2222222222222222,1.0000000000000075,1.0000000000000075,0.375,400.683921795326,94.03082014554033,3.688631736025839,8.084454884226934,459.63307745416773,1.4160000000000008,59,80.0000000000006,80.0000000000006,7.105427357601002e-15,0.6812396188596773
24,1,0.1,0.0,0.0035339576233940078,experience_swap,separated_resources,7012,0.7432324907617919,0.402737472558515,0.2222222222222222,0.9999999999999967,0.9999999999999967,0.375,400.683921795326,94.03731566784067,3.6878003358337854,8.031325495264854,459.5166862407868,1.4160000000000008,59,79.99999999999973,79.99999999999973,7.105427357601002e-15,0.6813423783461007
24,1,0.05,0.0,0.0035339576233940078,experience_swap,separated_resources,7012,0.7432698925275326,0.402578514650422,0.2222222222222222,0.99999999999997,0.99999999999997,0.375,400.683921795326,94.04084529794797,3.6874056385096794,8.006002453295263,459.47644767153923,1.4160000000000008,59,79.9999999999976,79.9999999999976,7.105427357601002e-15,0.6813113371081828
24,1,0.2,0.0,0.0,fixed,separated_resources,7013,0.6053871152949865,0.0,0.4444444444444444,1.0000000000000075,1.0000000000000075,1.0,394.5449909556892,129.5393197403008,2.286378439593261,0.0,375.74465369220906,0.0,0,80.0000000000006,80.0000000000006,5.329070518200751e-15,0.5447409442417223
24,1,0.1,0.0,0.0,fixed,separated_resources,7013,0.6053465606872529,0.0,0.4444444444444444,0.9999999999999967,0.9999999999999967,1.0,394.5449909556892,129.5242492804934,2.284787170080354,0.0,375.68724015285386,0.0,0,79.99999999999973,79.99999999999973,7.105427357601002e-15,0.5415438897877897
24,1,0.05,0.0,0.0,fixed,separated_resources,7013,0.6053260537895163,0.0,0.4444444444444444,0.99999999999997,0.99999999999997,1.0,394.5449909556892,129.51667131337328,2.2839922708703706,0.0,375.6583225070868,0.0,0,79.9999999999976,79.9999999999976,5.329070518200751e-15,0.5399698374446887
24,1,0.2,0.0,0.00358894430916506,random_swap,separated_resources,7013,0.7361734578720553,0.4686053204288878,0.16666666666666666,1.0000000000000075,1.0000000000000075,0.20833333333333334,394.5449909556892,101.62204620639503,0.8242627794261158,0.0,318.77802431357935,1.4160000000000008,59,80.0000000000006,80.0000000000006,3.552713678800501e-15,0.5902201823135033
24,1,0.1,0.0,0.00358894430916506,random_swap,separated_resources,7013,0.7362630580597856,0.46856210794027625,0.16666666666666666,0.9999999999999967,0.9999999999999967,0.20833333333333334,394.5449909556892,101.60357299637695,0.823762382831006,0.0,318.6966899031611,1.4160000000000008,59,79.99999999999973,79.99999999999973,7.105427357601002e-15,0.5872885682698255
24,1,0.05,0.0,0.00358894430916506,random_swap,separated_resources,7013,0.7362996599677264,0.46852764763534954,0.16666666666666666,0.99999999999997,0.99999999999997,0.20833333333333334,394.5449909556892,101.59605849226091,0.8235222359375066,0.0,318.6640202856646,1.4160000000000008,59,79.9999999999976,79.9999999999976,3.552713678800501e-15,0.5858160854756842
24,1,0.2,0.0,0.00358894430916506,recent_contact,separated_resources,7013,0.7228376721684092,0.456871521502146,0.2222222222222222,1.0000000000000075,1.0000000000000075,0.3125,394.5449909556892,91.46371532319591,3.6244038854173137,0.4007313082940702,443.17382840603744,1.4160000000000008,59,80.0000000000006,80.0000000000006,7.105427357601002e-15,0.7653146168656153
24,1,0.1,0.0,0.00358894430916506,recent_contact,separated_resources,7013,0.722908624905389,0.45660836154065615,0.2222222222222222,0.9999999999999967,0.9999999999999967,0.3125,394.5449909556892,91.46950732603659,3.6227943609530486,0.38066501933028674,443.0423266255075,1.4160000000000008,59,79.99999999999973,79.99999999999973,7.105427357601002e-15,0.7638123098281682
24,1,0.05,0.0,0.00358894430916506,recent_contact,separated_resources,7013,0.7229403137152772,0.45652806388821965,0.2222222222222222,0.99999999999997,0.99999999999997,0.3125,394.5449909556892,91.47187101955137,3.622060936565298,0.3712454399263727,442.98631566994106,1.4160000000000008,59,79.9999999999976,79.9999999999976,7.105427357601002e-15,0.7628866191929919
24,1,0.2,0.0,0.00358894430916506,experience_swap,separated_resources,7013,0.7432705394520823,0.4710921451892206,0.2222222222222222,1.0000000000000075,1.0000000000000075,0.3125,394.5449909556892,94.10635888816778,2.386786345614194,0.0,402.3233778634893,1.4160000000000008,59,80.0000000000006,80.0000000000006,3.552713678800501e-15,0.6016754787857919
24,1,0.1,0.0,0.00358894430916506,experience_swap,separated_resources,7013,0.7432669660769498,0.4705962605761121,0.2222222222222222,0.9999999999999967,0.9999999999999967,0.3125,394.5449909556892,94.1044898465524,2.383908248693727,0.0,402.1731818894727,1.4160000000000008,59,79.99999999999973,79.99999999999973,7.105427357601002e-15,0.5978302494356289
24,1,0.05,0.0,0.00358894430916506,experience_swap,separated_resources,7013,0.7432639533601223,0.4703604486264365,0.2222222222222222,0.99999999999997,0.99999999999997,0.3125,394.5449909556892,94.10345509572083,2.382501158123676,0.0,402.10523013602796,1.4160000000000008,59,79.9999999999976,79.9999999999976,5.329070518200751e-15,0.5958957824237383
24,1,0.2,0.0,0.0,fixed,separated_resources,7014,0.5543818221689536,0.0,0.4444444444444444,1.0000000000000075,1.0000000000000075,1.0,402.373841988803,118.7818783543834,3.8874032229346476,27.009794670300273,437.3817053107096,0.0,0,80.0000000000006,80.0000000000006,5.329070518200751e-15,0.6004628001872083
24,1,0.1,0.0,0.0,fixed,separated_resources,7014,0.5544113104667155,0.0,0.4444444444444444,0.9999999999999967,0.9999999999999967,1.0,402.373841988803,118.79837296048383,3.887949357705746,26.986431327625944,437.459333236412,0.0,0,79.99999999999973,79.99999999999973,8.881784197001252e-15,0.5954080451918345
24,1,0.05,0.0,0.0,fixed,separated_resources,7014,0.5544260558113365,0.0,0.4444444444444444,0.99999999999997,0.99999999999997,1.0,402.373841988803,118.80662213029268,3.888222453075962,26.974746111082336,437.498155970991,0.0,0,79.9999999999976,79.9999999999976,1.0658141036401503e-14,0.592873078065602
24,1,0.2,0.0,0.0035191154400126346,random_swap,separated_resources,7014,0.7522479858327074,0.4667737391218354,0.2222222222222222,1.0000000000000075,1.0000000000000075,0.3125,402.373841988803,106.02205923512489,0.8856983446631557,0.0,337.1061814435689,1.4160000000000008,59,80.0000000000006,80.0000000000006,3.552713678800501e-15,0.667534989315736
24,1,0.1,0.0,0.0035191154400126346,random_swap,separated_resources,7014,0.7522769082594691,0.4666034178625255,0.2222222222222222,0.9999999999999967,0.9999999999999967,0.3125,402.373841988803,106.00941941505337,0.885041730306747,0.0,337.0479218590296,1.4160000000000008,59,79.99999999999973,79.99999999999973,7.105427357601002e-15,0.6654260900473935
24,1,0.05,0.0,0.0035191154400126346,random_swap,separated_resources,7014,0.7522877643663355,0.46652865754677336,0.2222222222222222,0.99999999999997,0.99999999999997,0.3125,402.373841988803,106.00391426557475,0.8847297338401069,0.0,337.022744032223,1.4160000000000008,59,79.9999999999976,79.9999999999976,7.105427357601002e-15,0.6641788110857213
24,1,0.2,0.0,0.0035191154400126346,recent_contact,separated_resources,7014,0.7248743292396209,0.41097838035773576,0.2222222222222222,1.0000000000000075,1.0000000000000075,0.2916666666666667,402.373841988803,90.92449686579276,3.074593700698173,4.045455125234151,433.12459476725877,1.4160000000000008,59,80.0000000000006,80.0000000000006,7.105427357601002e-15,0.6729080474667791
24,1,0.1,0.0,0.0035191154400126346,recent_contact,separated_resources,7014,0.7249332843652335,0.41083278830055886,0.2222222222222222,0.9999999999999967,0.9999999999999967,0.2916666666666667,402.373841988803,90.9370979563753,3.073861001642697,4.066589319680475,433.0619309821261,1.4160000000000008,59,79.99999999999973,79.99999999999973,7.105427357601002e-15,0.6721827215939544
24,1,0.05,0.0,0.0035191154400126346,recent_contact,separated_resources,7014,0.7249604099519794,0.4107739329036404,0.2222222222222222,0.99999999999997,0.99999999999997,0.2916666666666667,402.373841988803,90.94306525721127,3.0735445826738634,4.078124737673331,433.0388540010259,1.4160000000000008,59,79.9999999999976,79.9999999999976,1.0658141036401503e-14,0.6718027249772502
24,1,0.2,0.0,0.0035191154400126346,experience_swap,separated_resources,7014,0.6897075821979176,0.3334681699690661,0.2222222222222222,1.0000000000000075,1.0000000000000075,0.4166666666666667,402.373841988803,83.79466729943007,3.7893495686558065,19.666377026399406,445.01011908150355,1.4160000000000008,59,80.0000000000006,80.0000000000006,1.0658141036401503e-14,0.686001339706568
24,1,0.1,0.0,0.0035191154400126346,experience_swap,separated_resources,7014,0.6898486653210848,0.3331906042247313,0.2222222222222222,0.9999999999999967,0.9999999999999967,0.4166666666666667,402.373841988803,83.82038935091467,3.788707645717734,19.634814913289265,445.0289811171497,1.4160000000000008,59,79.99999999999973,79.99999999999973,1.0658141036401503e-14,0.6870817412552078
24,1,0.05,0.0,0.0035191154400126346,experience_swap,separated_resources,7014,0.6899123947958563,0.3330994349246861,0.2222222222222222,0.99999999999997,0.99999999999997,0.4166666666666667,402.373841988803,83.83264571228594,3.7884513196400342,19.62165882130519,445.0455289447097,1.4160000000000008,59,79.9999999999976,79.9999999999976,1.0658141036401503e-14,0.6875791955369214
24,1,0.2,0.0,0.0,fixed,separated_resources,7015,0.7050612589886345,0.0865299867158647,0.3888888888888889,1.0000000000000075,1.0000000000000075,1.0,394.5939010573216,112.2730908077658,1.4089317238077472,0.0,322.6728498926672,0.0,0,80.0000000000006,80.0000000000006,7.105427357601002e-15,0.5208478199275692
24,1,0.1,0.0,0.0,fixed,separated_resources,7015,0.7050561557413746,0.0865044686212758,0.3888888888888889,0.9999999999999967,0.9999999999999967,1.0,394.5939010573216,112.27178351259404,1.4086572369623254,0.0,322.6686602008161,0.0,0,79.99999999999973,79.99999999999973,5.329070518200751e-15,0.5188737116834017
24,1,0.05,0.0,0.0,fixed,separated_resources,7015,0.7050535866636394,0.08649162402861835,0.3888888888888889,0.99999999999997,0.99999999999997,1.0,394.5939010573216,112.27112534481792,1.4085198022119603,0.0,322.66655091739966,0.0,0,79.9999999999976,79.9999999999976,7.105427357601002e-15,0.5176614256579747
24,1,0.2,0.0,0.0035884994578116967,random_swap,separated_resources,7015,0.7542958771721262,0.4994010455609136,0.1111111111111111,1.0000000000000075,1.0000000000000075,0.20833333333333334,394.5939010573216,100.97060844881892,0.667354797262261,0.0,297.0342363333441,1.4160000000000008,59,80.0000000000006,80.0000000000006,7.105427357601002e-15,0.5912770590629403
24,1,0.1,0.0,0.0035884994578116967,random_swap,separated_resources,7015,0.7543443518215539,0.4990965027385445,0.1111111111111111,0.9999999999999967,0.9999999999999967,0.20833333333333334,394.5939010573216,100.9631622419094,0.6669604271943571,0.0,296.9858535530681,1.4160000000000008,59,79.99999999999973,79.99999999999973,5.329070518200751e-15,0.5901754159851149
24,1,0.05,0.0,0.0035884994578116967,random_swap,separated_resources,7015,0.7543655728933755,0.4989671011418493,0.1111111111111111,0.99999999999997,0.99999999999997,0.20833333333333334,394.5939010573216,100.96009809724956,0.6667781849992356,0.0,296.965019216453,1.4160000000000008,59,79.9999999999976,79.9999999999976,7.105427357601002e-15,0.5895941586561027
24,1,0.2,0.0,0.0035884994578116967,recent_contact,separated_resources,7015,0.7589817121155892,0.4279257062393401,0.16666666666666666,1.0000000000000075,1.0000000000000075,0.2916666666666667,394.5939010573216,95.51495896133112,2.1238783075599668,0.0,398.2460803052587,1.4160000000000008,59,80.0000000000006,80.0000000000006,7.105427357601002e-15,0.6080253431077438
24,1,0.1,0.0,0.0035884994578116967,recent_contact,separated_resources,7015,0.7590350692466544,0.4274834781520916,0.16666666666666666,0.9999999999999967,0.9999999999999967,0.2916666666666667,394.5939010573216,95.50967174035821,2.1228221140283856,0.0,398.0550645841983,1.4160000000000008,59,79.99999999999973,79.99999999999973,5.329070518200751e-15,0.6070599001621453
24,1,0.05,0.0,0.0035884994578116967,recent_contact,separated_resources,7015,0.7590585286911685,0.42729749962259095,0.16666666666666666,0.99999999999997,0.99999999999997,0.2916666666666667,394.5939010573216,95.50753173222658,2.12235482806933,0.0,397.97574883617204,1.4160000000000008,59,79.9999999999976,79.9999999999976,7.105427357601002e-15,0.6069136680496893
24,1,0.2,0.0,0.0035884994578116967,experience_swap,separated_resources,7015,0.7590882515988085,0.43543805500216803,0.16666666666666666,1.0000000000000075,1.0000000000000075,0.3541666666666667,394.5939010573216,95.26823581162043,2.5492123015056976,0.0,409.3792890813218,1.4160000000000008,59,80.0000000000006,80.0000000000006,7.105427357601002e-15,0.6226817709841629
24,1,0.1,0.0,0.0035884994578116967,experience_swap,separated_resources,7015,0.7590959409474091,0.4347549697863842,0.16666666666666666,0.9999999999999967,0.9999999999999967,0.3541666666666667,394.5939010573216,95.2648061467778,2.5474178629321593,0.0,409.1500913377923,1.4160000000000008,59,79.99999999999973,79.99999999999973,5.329070518200751e-15,0.6208911548673499
24,1,0.05,0.0,0.0035884994578116967,experience_swap,separated_resources,7015,0.7590983255401567,0.4344437525617918,0.16666666666666666,0.99999999999997,0.99999999999997,0.3541666666666667,394.5939010573216,95.26328566326251,2.5465897078939634,0.0,409.05510521831604,1.4160000000000008,59,79.9999999999976,79.9999999999976,7.105427357601002e-15,0.6207096879036913
24,1,0.2,0.0,0.0,fixed,separated_resources,7016,0.7283684765256713,0.06256284476533204,0.2777777777777778,1.0000000000000075,1.0000000000000075,1.0,404.46649404985135,110.30815539068696,1.3685509376095435,0.0,346.8472667814945,0.0,0,80.0000000000006,80.0000000000006,7.105427357601002e-15,0.5530235720755317
24,1,0.1,0.0,0.0,fixed,separated_resources,7016,0.7283686998685307,0.06256309414215452,0.2777777777777778,0.9999999999999967,0.9999999999999967,1.0,404.46649404985135,110.30823338304704,1.3683471123850044,0.0,346.84749734360423,0.0,0,79.99999999999973,79.99999999999973,7.105427357601002e-15,0.5518531273819168
24,1,0.05,0.0,0.0,fixed,separated_resources,7016,0.7283688017199681,0.06256320703240731,0.2777777777777778,0.99999999999997,0.99999999999997,1.0,404.46649404985135,110.30826971255156,1.3682451471756527,0.0,346.84760418621056,0.0,0,79.9999999999976,79.9999999999976,7.105427357601002e-15,0.5510451529846236
24,1,0.2,0.0,0.003500908037701328,random_swap,separated_resources,7016,0.7469125773797461,0.48148362799052424,0.1111111111111111,1.0000000000000075,1.0000000000000075,0.2708333333333333,404.46649404985135,105.54923647280297,0.7676799896111043,0.0,315.1743599450312,1.4160000000000008,59,80.0000000000006,80.0000000000006,7.105427357601002e-15,0.5719836226440537
24,1,0.1,0.0,0.003500908037701328,random_swap,separated_resources,7016,0.746982797442572,0.4813583557874619,0.1111111111111111,0.9999999999999967,0.9999999999999967,0.2708333333333333,404.46649404985135,105.54099990593859,0.7672523736265058,0.0,315.13123659392113,1.4160000000000008,59,79.99999999999973,79.99999999999973,7.105427357601002e-15,0.5691235757234274
24,1,0.05,0.0,0.003500908037701328,random_swap,separated_resources,7016,0.7470141011242685,0.4812832863400822,0.1111111111111111,0.99999999999997,0.99999999999997,0.2708333333333333,404.46649404985135,105.53771557873795,0.7670541728818269,0.0,315.1132247357955,1.4160000000000008,59,79.9999999999976,79.9999999999976,7.105427357601002e-15,0.5676991068788001
24,1,0.2,0.0,0.003500908037701328,recent_contact,separated_resources,7016,0.7046579385884227,0.29459500061621396,0.2222222222222222,1.0000000000000075,1.0000000000000075,0.3333333333333333,404.46649404985135,88.24163735930719,3.583731479310866,9.719208861315643,414.4793913984792,1.4160000000000008,59,80.0000000000006,80.0000000000006,1.0658141036401503e-14,0.7266854234201673
24,1,0.1,0.0,0.003500908037701328,recent_contact,separated_resources,7016,0.7048655786813423,0.29426806150437745,0.2222222222222222,0.9999999999999967,0.9999999999999967,0.3333333333333333,404.46649404985135,88.28062605283108,3.5843400427656134,9.650457325501627,414.4654822264953,1.4160000000000008,59,79.99999999999973,79.99999999999973,1.0658141036401503e-14,0.7270342845916463
24,1,0.05,0.0,0.003500908037701328,recent_contact,separated_resources,7016,0.7049626832225863,0.29414770663568435,0.2222222222222222,0.99999999999997,0.99999999999997,0.3333333333333333,404.46649404985135,88.29889025990205,3.5846714713202807,9.62018245932958,414.462973891613,1.4160000000000008,59,79.9999999999976,79.9999999999976,1.0658141036401503e-14,0.7271987933327881
24,1,0.2,0.0,0.003500908037701328,experience_swap,separated_resources,7016,0.7531081685111408,0.4223706901028212,0.2222222222222222,1.0000000000000075,1.0000000000000075,0.3333333333333333,404.46649404985135,97.39383302737781,2.0137001060535065,0.0,375.59825347702514,1.4160000000000008,59,80.0000000000006,80.0000000000006,7.105427357601002e-15,0.578509042332578
24,1,0.1,0.0,0.003500908037701328,experience_swap,separated_resources,7016,0.7531407158255438,0.42225351058414307,0.2222222222222222,0.9999999999999967,0.9999999999999967,0.3333333333333333,404.46649404985135,97.39767929025024,2.012789238684807,0.0,375.43839440990877,1.4160000000000008,59,79.99999999999973,79.99999999999973,7.105427357601002e-15,0.5760960691302245
24,1,0.05,0.0,0.003500908037701328,experience_swap,separated_resources,7016,0.7531557286104832,0.42223623352992884,0.2222222222222222,0.99999999999997,0.99999999999997,0.3333333333333333,404.46649404985135,97.39961652231484,2.012385846827653,0.0,375.37319143811516,1.4160000000000008,59,79.9999999999976,79.9999999999976,7.105427357601002e-15,0.5750503776618373
24,1,0.2,0.0,0.0,fixed,separated_resources,7017,0.7361514568882725,0.40566138763409954,0.3888888888888889,1.0000000000000075,1.0000000000000075,1.0,400.3956821910122,105.53321229892119,0.8325288631325561,0.0,316.4067682460062,0.0,0,80.0000000000006,80.0000000000006,7.105427357601002e-15,0.5020497005746889
24,1,0.1,0.0,0.0,fixed,separated_resources,7017,0.7361517734237021,0.4056620188915476,0.3888888888888889,0.9999999999999967,0.9999999999999967,1.0,400.3956821910122,105.53329223459366,0.8324052374643217,0.0,316.40700187264673,0.0,0,79.99999999999973,79.99999999999973,3.552713678800501e-15,0.5014332822227432
24,1,0.05,0.0,0.0,fixed,separated_resources,7017,0.7361519282558763,0.4056623266166789,0.3888888888888889,0.99999999999997,0.99999999999997,1.0,400.3956821910122,105.53333138611828,0.8323434184266034,0.0,316.40711628601935,0.0,0,79.9999999999976,79.9999999999976,7.105427357601002e-15,0.5011175259498022
24,1,0.2,0.0,0.003536501673173603,random_swap,separated_resources,7017,0.7349586800453275,0.3715191867394127,0.16666666666666666,1.0000000000000075,1.0000000000000075,0.22916666666666666,400.3956821910122,104.0411202804579,0.6270999394593241,0.0,300.5644612785809,1.4160000000000008,59,80.0000000000006,80.0000000000006,7.105427357601002e-15,0.5390154659041458
24,1,0.1,0.0,0.003536501673173603,random_swap,separated_resources,7017,0.7350274619900394,0.371448833650194,0.16666666666666666,0.9999999999999967,0.9999999999999967,0.22916666666666666,400.3956821910122,104.03187473285165,0.6269175177943435,0.0,300.5347363909949,1.4160000000000008,59,79.99999999999973,79.99999999999973,3.552713678800501e-15,0.5349846070222622
24,1,0.05,0.0,0.003536501673173603,random_swap,separated_resources,7017,0.7350573161262142,0.3714283013260464,0.16666666666666666,0.99999999999997,0.99999999999997,0.22916666666666666,400.3956821910122,104.02809252460796,0.6268350450474584,0.0,300.5227367389377,1.4160000000000008,59,79.9999999999976,79.9999999999976,7.105427357601002e-15,0.5328811610329482
24,1,0.2,0.0,0.003536501673173603,recent_contact,separated_resources,7017,0.732274745738087,0.384951248399561,0.2777777777777778,1.0000000000000075,1.0000000000000075,0.22916666666666666,400.3956821910122,92.84998901964435,2.5441467350862332,0.28149468866909055,397.82258927183625,1.4160000000000008,59,80.0000000000006,80.0000000000006,7.105427357601002e-15,0.6265671197035924
24,1,0.1,0.0,0.003536501673173603,recent_contact,separated_resources,7017,0.7323127665748612,0.3845035159656019,0.2777777777777778,0.9999999999999967,0.9999999999999967,0.22916666666666666,400.3956821910122,92.85726336979387,2.543247861138656,0.29581804446527116,397.7105695537461,1.4160000000000008,59,79.99999999999973,79.99999999999973,7.105427357601002e-15,0.627076165457388
24,1,0.05,0.0,0.003536501673173603,recent_contact,separated_resources,7017,0.7323297471170079,0.38432209598705397,0.2777777777777778,0.99999999999997,0.99999999999997,0.22916666666666666,400.3956821910122,92.86076007134685,2.5428488349431637,0.3032679548556554,397.6649542486208,1.4160000000000008,59,79.9999999999976,79.9999999999976,1.0658141036401503e-14,0.6273028717864645
24,1,0.2,0.0,0.003536501673173603,experience_swap,separated_resources,7017,0.7429835095850343,0.2969945109914529,0.2222222222222222,1.0000000000000075,1.0000000000000075,0.3125,400.3956821910122,96.51296600230943,2.9383465785792233,0.0,437.02898351623287,1.4160000000000008,59,80.0000000000006,80.0000000000006,7.105427357601002e-15,0.6612038804787506
24,1,0.1,0.0,0.003536501673173603,experience_swap,separated_resources,7017,0.7429997538531905,0.29690137719197773,0.2222222222222222,0.9999999999999967,0.9999999999999967,0.3125,400.3956821910122,96.50723375258697,2.9355116517792865,0.0,436.82518499366364,1.4160000000000008,59,79.99999999999973,79.99999999999973,7.105427357601002e-15,0.6605824377592996
24,1,0.05,0.0,0.003536501673173603,experience_swap,separated_resources,7017,0.7430066061386339,0.29686348149552094,0.2222222222222222,0.99999999999997,0.99999999999997,0.3125,400.3956821910122,96.50453861323432,2.9341783729418163,0.0,436.7355167689504,1.4160000000000008,59,79.9999999999976,79.9999999999976,7.105427357601002e-15,0.6602978395043757
24,1,0.2,0.0,0.0,fixed,separated_resources,7018,0.6693281695698272,0.0,0.3333333333333333,1.0000000000000075,1.0000000000000075,1.0,395.85861716434147,120.69839944522809,1.512762155335807,0.0,310.79979589520906,0.0,0,80.0000000000006,80.0000000000006,7.105427357601002e-15,0.5044043427017866
24,1,0.1,0.0,0.0,fixed,separated_resources,7018,0.6693172888531222,0.0,0.3333333333333333,0.9999999999999967,0.9999999999999967,1.0,395.85861716434147,120.69517089076972,1.512336361016686,0.0,310.79190079681416,0.0,0,79.99999999999973,79.99999999999973,5.329070518200751e-15,0.5027268969636968
24,1,0.05,0.0,0.0,fixed,separated_resources,7018,0.6693117133099584,0.0,0.3333333333333333,0.99999999999997,0.99999999999997,1.0,395.85861716434147,120.69351630164276,1.5121210371088174,0.0,310.7878546306121,0.0,0,79.9999999999976,79.9999999999976,7.105427357601002e-15,0.5018235164498023
24,1,0.2,0.0,0.0035770346750141494,random_swap,separated_resources,7018,0.7329014047627046,0.3533266254333058,0.16666666666666666,1.0000000000000075,1.0000000000000075,0.22916666666666666,395.85861716434147,106.87583857259472,0.7258886364096653,0.0,311.4209918661209,1.4160000000000008,59,80.0000000000006,80.0000000000006,7.105427357601002e-15,0.5502848868274103
24,1,0.1,0.0,0.0035770346750141494,random_swap,separated_resources,7018,0.7329476365243167,0.35311729262315433,0.16666666666666666,0.9999999999999967,0.9999999999999967,0.22916666666666666,395.85861716434147,106.86727526113994,0.7254608115349284,0.0,311.3773476694929,1.4160000000000008,59,79.99999999999973,79.99999999999973,5.329070518200751e-15,0.5483130455127877
24,1,0.05,0.0,0.0035770346750141494,random_swap,separated_resources,7018,0.7329672916898518,0.353026575605769,0.16666666666666666,0.99999999999997,0.99999999999997,0.22916666666666666,395.85861716434147,106.86369637054992,0.725256953580968,0.0,311.3590941807635,1.4160000000000008,59,79.9999999999976,79.9999999999976,7.105427357601002e-15,0.5473016477364142
24,1,0.2,0.0,0.0035770346750141494,recent_contact,separated_resources,7018,0.6699148113158347,0.21798685605690588,0.2777777777777778,1.0000000000000075,1.0000000000000075,0.22916666666666666,395.85861716434147,76.37770565583516,4.761128124925986,27.2337565793298,350.5258996442926,1.4160000000000008,59,80.0000000000006,80.0000000000006,1.0658141036401503e-14,0.5666325638768066
24,1,0.1,0.0,0.0035770346750141494,recent_contact,separated_resources,7018,0.6700634901932513,0.2176383035382057,0.2777777777777778,0.9999999999999967,0.9999999999999967,0.22916666666666666,395.85861716434147,76.4130907377734,4.762319737157128,27.19682001371903,350.51953348314197,1.4160000000000008,59,79.99999999999973,79.99999999999973,7.105427357601002e-15,0.562651358399614
24,1,0.05,0.0,0.0035770346750141494,recent_contact,separated_resources,7018,0.6701331794278705,0.21750470370960565,0.2777777777777778,0.99999999999997,0.99999999999997,0.22916666666666666,395.85861716434147,76.43004266540824,4.7628990878548185,27.18008988605252,350.5282354112549,1.4160000000000008,59,79.9999999999976,79.9999999999976,1.0658141036401503e-14,0.5607700272081667
24,1,0.2,0.0,0.0035770346750141494,experience_swap,separated_resources,7018,0.7505549360209575,0.47798477883110324,0.1111111111111111,1.0000000000000075,1.0000000000000075,0.25,395.85861716434147,92.56729213265254,1.9683466309013926,0.0,384.51966707164314,1.4160000000000008,59,80.0000000000006,80.0000000000006,7.105427357601002e-15,0.613776569729123
24,1,0.1,0.0,0.0035770346750141494,experience_swap,separated_resources,7018,0.7506146701880435,0.47774117389699394,0.1111111111111111,0.9999999999999967,0.9999999999999967,0.25,395.85861716434147,92.57800332348914,1.9678683591304094,0.0,384.42088440290223,1.4160000000000008,59,79.99999999999973,79.99999999999973,5.329070518200751e-15,0.6135820903323822
24,1,0.05,0.0,0.0035770346750141494,experience_swap,separated_resources,7018,0.7506433021107253,0.4776516335172677,0.1111111111111111,0.99999999999997,0.99999999999997,0.25,395.85861716434147,92.58341293292398,1.9676727559203484,0.0,384.3830992282364,1.4160000000000008,59,79.9999999999976,79.9999999999976,7.105427357601002e-15,0.6134964373556647
24,1,0.2,0.0,0.0,fixed,separated_resources,7019,0.6726962339612855,0.0,0.3333333333333333,1.0000000000000075,1.0000000000000075,1.0,393.6566312715914,115.8066909801019,1.81425474577762,0.0,342.44400867067634,0.0,0,80.0000000000006,80.0000000000006,5.329070518200751e-15,0.5341425653432829
24,1,0.1,0.0,0.0,fixed,separated_resources,7019,0.6726775427065195,0.0,0.3333333333333333,0.9999999999999967,0.9999999999999967,1.0,393.6566312715914,115.80411442963197,1.8137690746897117,0.0,342.43040499742466,0.0,0,79.99999999999973,79.99999999999973,7.105427357601002e-15,0.531402778339754
24,1,0.05,0.0,0.0,fixed,separated_resources,7019,0.6726680480899071,0.0,0.3333333333333333,0.99999999999997,0.99999999999997,1.0,393.6566312715914,115.80280541509335,1.8135245799340332,0.0,342.4234940338919,0.0,0,79.9999999999976,79.9999999999976,7.105427357601002e-15,0.5299174721983633
24,1,0.2,0.0,0.0035970434320540504,random_swap,separated_resources,7019,0.7106019951386859,0.4298604443219085,0.2222222222222222,1.0000000000000075,1.0000000000000075,0.25,393.6566312715914,106.53785271247513,0.7416153726215973,0.0,309.09378316607655,1.4160000000000008,59,80.0000000000006,80.0000000000006,5.329070518200751e-15,0.5860592171752368
24,1,0.1,0.0,0.0035970434320540504,random_swap,separated_resources,7019,0.7106839652999009,0.42957566094572985,0.2777777777777778,0.9999999999999967,0.9999999999999967,0.25,393.6566312715914,106.52455456420023,0.7413174448695915,0.0,309.0492410327399,1.4160000000000008,59,79.99999999999973,79.99999999999973,7.105427357601002e-15,0.5830465537210684
24,1,0.05,0.0,0.0035970434320540504,random_swap,separated_resources,7019,0.7107189385930858,0.42944832130008315,0.2777777777777778,0.99999999999997,0.99999999999997,0.25,393.6566312715914,106.51923761866107,0.7411738536511745,0.0,309.03080212941956,1.4160000000000008,59,79.9999999999976,79.9999999999976,7.105427357601002e-15,0.581628441250867
24,1,0.2,0.0,0.0035970434320540504,recent_contact,separated_resources,7019,0.7472628402916,0.39048648105636674,0.16666666666666666,1.0000000000000075,1.0000000000000075,0.2916666666666667,393.6566312715914,93.11493809669783,2.058846759297069,0.0,391.08487325587896,1.4160000000000008,59,80.0000000000006,80.0000000000006,5.329070518200751e-15,0.630654654145358
24,1,0.1,0.0,0.0035970434320540504,recent_contact,separated_resources,7019,0.7473062117631264,0.39035812589287305,0.16666666666666666,0.9999999999999967,0.9999999999999967,0.2916666666666667,393.6566312715914,93.11973403674213,2.057627962527476,0.0,390.9468743532296,1.4160000000000008,59,79.99999999999973,79.99999999999973,7.105427357601002e-15,0.630319336027903
24,1,0.05,0.0,0.0035970434320540504,recent_contact,separated_resources,7019,0.7473263741686582,0.39029354958828516,0.16666666666666666,0.99999999999997,0.99999999999997,0.2916666666666667,393.6566312715914,93.12213606991426,2.057074105332478,0.0,390.8883791347886,1.4160000000000008,59,79.9999999999976,79.9999999999976,7.105427357601002e-15,0.6301633824636157
24,1,0.2,0.0,0.0035970434320540504,experience_swap,separated_resources,7019,0.7322835377445701,0.3984192368200067,0.2777777777777778,1.0000000000000075,1.0000000000000075,0.375,393.6566312715914,94.07249223980762,2.9637137112526704,0.0,441.7586330560229,1.4160000000000008,59,80.0000000000006,80.0000000000006,5.329070518200751e-15,0.6932336460915594
24,1,0.1,0.0,0.0035970434320540504,experience_swap,separated_resources,7019,0.7323028721532487,0.3987359655541091,0.2777777777777778,0.9999999999999967,0.9999999999999967,0.375,393.6566312715914,94.06396399965749,2.9612586850246654,0.0,441.5412218109874,1.4160000000000008,59,79.99999999999973,79.99999999999973,7.105427357601002e-15,0.695564140223777
24,1,0.05,0.0,0.0035970434320540504,experience_swap,separated_resources,7019,0.7323104595477632,0.3988536570935833,0.2777777777777778,0.99999999999997,0.99999999999997,0.375,393.6566312715914,94.06006074086785,2.960098073696843,0.0,441.4442400231623,1.4160000000000008,59,79.9999999999976,79.9999999999976,7.105427357601002e-15,0.695573264562043
96,20,0.2,0.0,0.0,fixed,persistent_damage,7000,0.6478370299488291,0.005097278293117366,0.375,1.0000000000000075,1.0000000000000075,1.0,1585.3745081084674,563.9676483686721,9.44886391481088,9.710761152279563,1450.882367143097,0.0,0,80.0000000000006,80.0000000000006,4.263256414560601e-14,0.5338213946848196
96,20,0.1,0.0,0.0,fixed,persistent_damage,7000,0.6477790102021296,0.00496721337738657,0.375,0.9999999999999967,0.9999999999999967,1.0,1585.3745081084674,563.9953726091771,9.431426938933003,9.305937677918607,1450.9322079076935,0.0,0,79.99999999999973,79.99999999999973,4.263256414560601e-14,0.5338078033692346
96,20,0.05,0.0,0.0,fixed,persistent_damage,7000,0.6477485258955719,0.004903813964470677,0.375,0.99999999999997,0.99999999999997,1.0,1585.3745081084674,564.0088657951794,9.422668385696397,9.104710015060451,1450.9572388361667,0.0,0,79.9999999999976,79.9999999999976,4.263256414560601e-14,0.5338025956634361
96,20,0.2,0.0,0.07145314840160777,random_swap,persistent_damage,7000,0.7665606551966532,0.39815269468876846,0.19444444444444445,1.0000000000000075,1.0000000000000075,0.11458333333333333,1585.3745081084674,399.22292989750764,6.1214791532838175,0.0,1355.7353254526383,113.28000000000023,236,80.0000000000006,80.0000000000006,2.842170943040401e-14,0.5939513430507953
96,20,0.1,0.0,0.07145314840160777,random_swap,persistent_damage,7000,0.7660590629242041,0.39734762929126455,0.19444444444444445,0.9999999999999967,0.9999999999999967,0.11458333333333333,1585.3745081084674,398.651796636714,6.05814075572616,0.0,1353.9575527073569,113.28000000000023,236,79.99999999999973,79.99999999999973,2.842170943040401e-14,0.5928532746006119
96,20,0.05,0.0,0.07145314840160777,random_swap,persistent_damage,7000,0.7657935239448475,0.3969228850310055,0.19444444444444445,0.99999999999997,0.99999999999997,0.11458333333333333,1585.3745081084674,398.37758745165087,6.026599761330502,0.0,1353.12862939373,113.28000000000023,236,79.9999999999976,79.9999999999976,2.842170943040401e-14,0.5923668368883331
96,20,0.2,0.0,0.07145314840160777,recent_contact,persistent_damage,7000,0.9409681979576069,0.7955392035086822,0.013888888888888888,1.0000000000000075,1.0000000000000075,0.19791666666666666,1585.3745081084674,220.53641611370534,8.108830438163153,0.0,1532.5858219423696,113.28000000000023,236,80.0000000000006,80.0000000000006,2.842170943040401e-14,0.6084840711207186
96,20,0.1,0.0,0.07145314840160777,recent_contact,persistent_damage,7000,0.9405238987820702,0.7942880983583447,0.013888888888888888,0.9999999999999967,0.9999999999999967,0.19791666666666666,1585.3745081084674,220.12030788284133,8.059078772359141,0.0,1531.0321497087748,113.28000000000023,236,79.99999999999973,79.99999999999973,4.263256414560601e-14,0.6085276120031909
96,20,0.05,0.0,0.07145314840160777,recent_contact,persistent_damage,7000,0.9402909853154924,0.7936466795432537,0.013888888888888888,0.99999999999997,0.99999999999997,0.19791666666666666,1585.3745081084674,219.9164716045369,8.034190396155987,0.0,1530.2961528175592,113.28000000000023,236,79.9999999999976,79.9999999999976,2.842170943040401e-14,0.6085595370927592
96,20,0.2,0.0,0.07145314840160777,experience_swap,persistent_damage,7000,0.9953880608266159,0.9999995906020109,0.0,1.0000000000000075,1.0000000000000075,0.234375,1585.3745081084674,168.344579708224,10.471543224766451,0.0,1396.1850013113074,113.28000000000023,236,80.0000000000006,80.0000000000006,2.842170943040401e-14,0.5731102698124338
96,20,0.1,0.0,0.07145314840160777,experience_swap,persistent_damage,7000,0.9949198573496931,0.9989790469662728,0.0,0.9999999999999967,0.9999999999999967,0.234375,1585.3745081084674,168.04606723390978,10.324082861314663,0.0,1394.5237165917595,113.28000000000023,236,79.99999999999973,79.99999999999973,2.842170943040401e-14,0.5720350598415519
96,20,0.05,0.0,0.07145314840160777,experience_swap,persistent_damage,7000,0.9943453370207077,0.993963747727419,0.0,0.99999999999997,0.99999999999997,0.22916666666666666,1585.3745081084674,173.1683596776675,10.177977337926317,0.0,1402.4358484926163,113.28000000000023,236,79.9999999999976,79.9999999999976,4.263256414560601e-14,0.5714995179479607
96,20,0.2,0.0,0.0,fixed,persistent_damage,7001,0.678711075305413,0.035912293268189906,0.3472222222222222,1.0000000000000075,1.0000000000000075,1.0,1596.3118258039442,561.9821381254702,7.701212220101367,4.247979897900961,1340.8129067967432,0.0,0,80.0000000000006,80.0000000000006,4.263256414560601e-14,0.5310713917831417
96,20,0.1,0.0,0.0,fixed,persistent_damage,7001,0.6786477054276887,0.03506469084457116,0.3472222222222222,0.9999999999999967,0.9999999999999967,1.0,1596.3118258039442,561.9696411491801,7.68654071274432,3.9275882679400524,1340.6649441409945,0.0,0,79.99999999999973,79.99999999999973,2.842170943040401e-14,0.5307563019504172
96,20,0.05,0.0,0.0,fixed,persistent_damage,7001,0.6786176173548558,0.034812369012409215,0.3472222222222222,0.99999999999997,0.99999999999997,1.0,1596.3118258039442,561.9607455482062,7.679332131103,3.76907381885565,1340.5901335933545,0.0,0,79.9999999999976,79.9999999999976,4.263256414560601e-14,0.530604584605365
96,20,0.2,0.0,0.07096357877506136,random_swap,persistent_damage,7001,0.7522017590039208,0.44202615765753306,0.125,1.0000000000000075,1.0000000000000075,0.09895833333333333,1596.3118258039442,437.36853886923774,5.759646822557366,0.0,1295.1895708503641,113.28000000000023,236,80.0000000000006,80.0000000000006,4.263256414560601e-14,0.5667034761798571
96,20,0.1,0.0,0.07096357877506136,random_swap,persistent_damage,7001,0.7517056796563293,0.440854786377264,0.125,0.9999999999999967,0.9999999999999967,0.09895833333333333,1596.3118258039442,436.7534374809355,5.694514116247214,0.0,1293.6077050698968,113.28000000000023,236,79.99999999999973,79.99999999999973,2.842170943040401e-14,0.5618278701340276
96,20,0.05,0.0,0.07096357877506136,random_swap,persistent_damage,7001,0.7514425788133179,0.4402650673524103,0.125,0.99999999999997,0.99999999999997,0.09895833333333333,1596.3118258039442,436.45715458999945,5.662159339228589,0.0,1292.8659755065314,113.28000000000023,236,79.9999999999976,79.9999999999976,4.263256414560601e-14,0.5592291288957452
96,20,0.2,0.0,0.07096357877506136,recent_contact,persistent_damage,7001,0.9661655741294379,0.886627286661128,0.0,1.0000000000000075,1.0000000000000075,0.171875,1596.3118258039442,227.81313236101485,9.191061697909419,0.0,1490.4838121555977,113.28000000000023,236,80.0000000000006,80.0000000000006,2.842170943040401e-14,0.5501106681292725
96,20,0.1,0.0,0.07096357877506136,recent_contact,persistent_damage,7001,0.965602986169454,0.8863863135999827,0.0,0.9999999999999967,0.9999999999999967,0.171875,1596.3118258039442,227.39837456317514,9.105184503175671,0.0,1488.6107911100146,113.28000000000023,236,79.99999999999973,79.99999999999973,2.842170943040401e-14,0.5501407260091233
96,20,0.05,0.0,0.07096357877506136,recent_contact,persistent_damage,7001,0.965309703999395,0.8862360747468442,0.0,0.99999999999997,0.99999999999997,0.171875,1596.3118258039442,227.19389018696236,9.061895162476807,0.0,1487.7226615700674,113.28000000000023,236,79.9999999999976,79.9999999999976,4.263256414560601e-14,0.550154660684403
96,20,0.2,0.0,0.07096357877506136,experience_swap,persistent_damage,7001,0.9755685554999345,0.9054057992709788,0.0,1.0000000000000075,1.0000000000000075,0.16145833333333334,1596.3118258039442,230.11631473681354,8.352639825745458,0.0,1435.1474253374097,113.28000000000023,236,80.0000000000006,80.0000000000006,4.263256414560601e-14,0.5508406377729599
96,20,0.1,0.0,0.07096357877506136,experience_swap,persistent_damage,7001,0.9749642335367048,0.9030647339754821,0.0,0.9999999999999967,0.9999999999999967,0.16145833333333334,1596.3118258039442,229.62299346120736,8.266129873554506,0.0,1433.1473568424535,113.28000000000023,236,79.99999999999973,79.99999999999973,2.842170943040401e-14,0.5497856765946166
96,20,0.05,0.0,0.07096357877506136,experience_swap,persistent_damage,7001,0.974653595261578,0.9018822870187235,0.0,0.99999999999997,0.99999999999997,0.16145833333333334,1596.3118258039442,229.38318206678383,8.223229849204445,0.0,1432.2020620907542,113.28000000000023,236,79.9999999999976,79.9999999999976,4.263256414560601e-14,0.5492158982047219
96,20,0.2,0.0,0.0,fixed,persistent_damage,7002,0.6748564322341349,0.0,0.3333333333333333,1.0000000000000075,1.0000000000000075,1.0,1571.4848521709173,361.3079924441624,16.16381266421417,130.88941001689392,1235.6892928477027,0.0,0,80.0000000000006,80.0000000000006,2.842170943040401e-14,0.45336753365545895
96,20,0.1,0.0,0.0,fixed,persistent_damage,7002,0.6747703529939223,0.0,0.3333333333333333,0.9999999999999967,0.9999999999999967,1.0,1571.4848521709173,361.2652525668487,16.149372996918622,130.61215294881669,1235.6544455954709,0.0,0,79.99999999999973,79.99999999999973,4.263256414560601e-14,0.4528194927844425
96,20,0.05,0.0,0.0,fixed,persistent_damage,7002,0.6747264293567163,0.0,0.3333333333333333,0.99999999999997,0.99999999999997,1.0,1571.4848521709173,361.244310837521,16.142106616802497,130.47364830765537,1235.6390109225347,0.0,0,79.9999999999976,79.9999999999976,4.263256414560601e-14,0.45249769196188316
96,20,0.2,0.0,0.07208469101277708,random_swap,persistent_damage,7002,0.7356872026987622,0.3477842751402052,0.2361111111111111,1.0000000000000075,1.0000000000000075,0.07291666666666667,1571.4848521709173,413.1790759611083,4.835443185143223,0.0,1283.9455317403213,113.28000000000023,236,80.0000000000006,80.0000000000006,2.842170943040401e-14,0.6184553302747546
96,20,0.1,0.0,0.07208469101277708,random_swap,persistent_damage,7002,0.73537889005001,0.34668872643173165,0.2361111111111111,0.9999999999999967,0.9999999999999967,0.07291666666666667,1571.4848521709173,412.8207261286326,4.803999300704302,0.0,1282.9343101037314,113.28000000000023,236,79.99999999999973,79.99999999999973,4.263256414560601e-14,0.6180962385714566
96,20,0.05,0.0,0.07208469101277708,random_swap,persistent_damage,7002,0.7352116157548292,0.34613164736363217,0.2361111111111111,0.99999999999997,0.99999999999997,0.07291666666666667,1571.4848521709173,412.6459079346415,4.788143430061112,0.0,1282.4482595428951,113.28000000000023,236,79.9999999999976,79.9999999999976,4.263256414560601e-14,0.6179229403331493
96,20,0.2,0.0,0.07208469101277708,recent_contact,persistent_damage,7002,0.966830772572028,0.8751890634210637,0.0,1.0000000000000075,1.0000000000000075,0.24479166666666666,1571.4848521709173,200.12557248019354,7.693685189536375,0.0,1475.6593685737555,113.28000000000023,236,80.0000000000006,80.0000000000006,2.842170943040401e-14,0.5875562785367997
96,20,0.1,0.0,0.07208469101277708,recent_contact,persistent_damage,7002,0.9663804357734705,0.8738942615126013,0.0,0.9999999999999967,0.9999999999999967,0.24479166666666666,1571.4848521709173,199.8287397569155,7.63915523192328,0.0,1474.1955141811543,113.28000000000023,236,79.99999999999973,79.99999999999973,4.263256414560601e-14,0.5870095986745427
96,20,0.05,0.0,0.07208469101277708,recent_contact,persistent_damage,7002,0.9661456340147562,0.8729326261353888,0.0,0.99999999999997,0.99999999999997,0.24479166666666666,1571.4848521709173,199.68458935059934,7.611830609477734,0.0,1473.5118040607579,113.28000000000023,236,79.9999999999976,79.9999999999976,4.263256414560601e-14,0.5867545592236355
96,20,0.2,0.0,0.07208469101277708,experience_swap,persistent_damage,7002,0.9685010683781836,0.8940974665579383,0.0,1.0000000000000075,1.0000000000000075,0.22395833333333334,1571.4848521709173,195.16764921947114,7.892387731614118,0.0,1449.8894362847923,113.28000000000023,236,80.0000000000006,80.0000000000006,2.842170943040401e-14,0.5522336227793316
96,20,0.1,0.0,0.07208469101277708,experience_swap,persistent_damage,7002,0.986384183376713,0.9538184481195424,0.0,0.9999999999999967,0.9999999999999967,0.2708333333333333,1571.4848521709173,179.08663295317717,8.286926809880518,0.0,1421.6086243269676,113.28000000000023,236,79.99999999999973,79.99999999999973,2.842170943040401e-14,0.5460207742233768
96,20,0.05,0.0,0.07208469101277708,experience_swap,persistent_damage,7002,0.9861515210847374,0.9527839881617173,0.0,0.99999999999997,0.99999999999997,0.2708333333333333,1571.4848521709173,178.97306067215817,8.248759706787325,0.0,1420.9029405663473,113.28000000000023,236,79.9999999999976,79.9999999999976,4.263256414560601e-14,0.5457527929922387
96,20,0.2,0.0,0.0,fixed,persistent_damage,7003,0.7203346748381595,0.015203490529556742,0.2638888888888889,1.0000000000000075,1.0000000000000075,1.0,1568.9838058556834,441.97615216052014,11.056376481724739,44.780538631187426,1448.5604934452153,0.0,0,80.0000000000006,80.0000000000006,4.263256414560601e-14,0.5194556372638824
96,20,0.1,0.0,0.0,fixed,persistent_damage,7003,0.7202295319803868,0.014932600520346749,0.2638888888888889,0.9999999999999967,0.9999999999999967,1.0,1568.9838058556834,441.8872472438676,11.031237665790668,44.47679274390565,1448.4342418293556,0.0,0,79.99999999999973,79.99999999999973,2.842170943040401e-14,0.5192873981904488
96,20,0.05,0.0,0.0,fixed,persistent_damage,7003,0.7201761333676412,0.014796620253252773,0.2638888888888889,0.99999999999997,0.99999999999997,1.0,1568.9838058556834,441.841832222299,11.018694004648522,44.32581197370178,1448.3700726029351,0.0,0,79.9999999999976,79.9999999999976,4.263256414560601e-14,0.5192564554272316
96,20,0.2,0.0,0.07219959796730994,random_swap,persistent_damage,7003,0.7729241359906461,0.39909260783725536,0.19444444444444445,1.0000000000000075,1.0000000000000075,0.125,1568.9838058556834,375.25128473235134,5.938024316702292,0.0,1326.4037908231558,113.28000000000023,236,80.0000000000006,80.0000000000006,2.842170943040401e-14,0.5510257580321217
96,20,0.1,0.0,0.07219959796730994,random_swap,persistent_damage,7003,0.7724259409711475,0.39940193822368025,0.19444444444444445,0.9999999999999967,0.9999999999999967,0.125,1568.9838058556834,374.85699376017607,5.8845369329897155,0.0,1324.9926464842877,113.28000000000023,236,79.99999999999973,79.99999999999973,2.842170943040401e-14,0.551046597216033
96,20,0.05,0.0,0.07219959796730994,random_swap,persistent_damage,7003,0.7721667812654066,0.3991985644491025,0.19444444444444445,0.99999999999997,0.99999999999997,0.125,1568.9838058556834,374.66668425182456,5.857914420976051,0.0,1324.3303768180333,113.28000000000023,236,79.9999999999976,79.9999999999976,4.263256414560601e-14,0.5510456992512073
96,20,0.2,0.0,0.07219959796730994,recent_contact,persistent_damage,7003,0.9603845439721929,0.8615810332856686,0.0,1.0000000000000075,1.0000000000000075,0.21875,1568.9838058556834,198.64312063884978,7.708912177266953,0.0,1447.7905622597789,113.28000000000023,236,80.0000000000006,80.0000000000006,2.842170943040401e-14,0.5662841784533152
96,20,0.1,0.0,0.07219959796730994,recent_contact,persistent_damage,7003,0.9599101274258118,0.8579130183548975,0.0,0.9999999999999967,0.9999999999999967,0.21875,1568.9838058556834,198.29965636745612,7.6407104494193625,0.0,1446.110020105584,113.28000000000023,236,79.99999999999973,79.99999999999973,2.842170943040401e-14,0.5645411046633938
96,20,0.05,0.0,0.07219959796730994,recent_contact,persistent_damage,7003,0.9596645263828816,0.8561758778446148,0.0,0.99999999999997,0.99999999999997,0.21875,1568.9838058556834,198.1317418838377,7.606851218322812,0.0,1445.3314202039103,113.28000000000023,236,79.9999999999976,79.9999999999976,2.842170943040401e-14,0.5637292322107679
96,20,0.2,0.0,0.07219959796730994,experience_swap,persistent_damage,7003,0.9788159913248324,0.9398717773814739,0.0,1.0000000000000075,1.0000000000000075,0.203125,1568.9838058556834,177.75465258645676,8.323120330854954,0.0,1443.1547395091084,113.28000000000023,236,80.0000000000006,80.0000000000006,2.842170943040401e-14,0.55560060775714
96,20,0.1,0.0,0.07219959796730994,experience_swap,persistent_damage,7003,0.9782484567037927,0.9336650329687793,0.0,0.9999999999999967,0.9999999999999967,0.203125,1568.9838058556834,177.4735446767619,8.23614160064288,0.0,1441.2886147200156,113.28000000000023,236,79.99999999999973,79.99999999999973,4.263256414560601e-14,0.5542086915467781
96,20,0.05,0.0,0.07219959796730994,experience_swap,persistent_damage,7003,0.9779553026910175,0.9305867178212822,0.0,0.99999999999997,0.99999999999997,0.203125,1568.9838058556834,177.33655866122874,8.192514892914334,0.0,1440.4202703019505,113.28000000000023,236,79.9999999999976,79.9999999999976,2.842170943040401e-14,0.553792094564366
96,20,0.2,0.0,0.0,fixed,persistent_damage,7004,0.7306984687602083,0.03665937563990889,0.2638888888888889,1.0000000000000075,1.0000000000000075,1.0,1564.4391988786635,448.13698787424875,9.55880553190174,9.142584869657707,1426.9124040478916,0.0,0,80.0000000000006,80.0000000000006,2.842170943040401e-14,0.5057198761564099
96,20,0.1,0.0,0.0,fixed,persistent_damage,7004,0.7305401882962569,0.03525551698436184,0.2638888888888889,0.9999999999999967,0.9999999999999967,1.0,1564.4391988786635,448.05265868254304,9.546292678288227,8.834160790560183,1426.684242561485,0.0,0,79.99999999999973,79.99999999999973,4.263256414560601e-14,0.5064026662874592
96,20,0.05,0.0,0.0,fixed,persistent_damage,7004,0.7304599501297254,0.03452153315766815,0.2638888888888889,0.99999999999997,0.99999999999997,1.0,1564.4391988786635,448.0105128043079,9.540119893788194,8.680836366858077,1426.57007359311,0.0,0,79.9999999999976,79.9999999999976,4.263256414560601e-14,0.5067565259395855
96,20,0.2,0.0,0.07240933369682596,random_swap,persistent_damage,7004,0.7815946866823179,0.44831223237123297,0.1527777777777778,1.0000000000000075,1.0000000000000075,0.10416666666666667,1564.4391988786635,366.5559416926587,5.455649587210871,0.0,1260.0591997558008,113.28000000000023,236,80.0000000000006,80.0000000000006,2.842170943040401e-14,0.5525403776832127
96,20,0.1,0.0,0.07240933369682596,random_swap,persistent_damage,7004,0.7811568201728689,0.4458455373224715,0.1527777777777778,0.9999999999999967,0.9999999999999967,0.10416666666666667,1564.4391988786635,365.9393134395285,5.393935545370647,0.0,1258.4569348745508,113.28000000000023,236,79.99999999999973,79.99999999999973,4.263256414560601e-14,0.5491852659838663
96,20,0.05,0.0,0.07240933369682596,random_swap,persistent_damage,7004,0.780925348907411,0.4446136903685638,0.1527777777777778,0.99999999999997,0.99999999999997,0.10416666666666667,1564.4391988786635,365.63950295366783,5.363360661836024,0.0,1257.70951814007,113.28000000000023,236,79.9999999999976,79.9999999999976,2.842170943040401e-14,0.5490129216559326
96,20,0.2,0.0,0.07240933369682596,recent_contact,persistent_damage,7004,0.966896461301607,0.8675869260902264,0.0,1.0000000000000075,1.0000000000000075,0.21875,1564.4391988786635,190.13538019850458,7.746902551015946,0.0,1474.6398758225598,113.28000000000023,236,80.0000000000006,80.0000000000006,2.842170943040401e-14,0.5907974335247156
96,20,0.1,0.0,0.07240933369682596,recent_contact,persistent_damage,7004,0.9662360924561593,0.8662610704432127,0.0,0.9999999999999967,0.9999999999999967,0.21875,1564.4391988786635,189.71385689385053,7.674821465694565,0.0,1472.7542527377484,113.28000000000023,236,79.99999999999973,79.99999999999973,4.263256414560601e-14,0.5902940995149624
96,20,0.05,0.0,0.07240933369682596,recent_contact,persistent_damage,7004,0.9659006981068105,0.8656243216898709,0.0,0.99999999999997,0.99999999999997,0.21875,1564.4391988786635,189.5068452143655,7.639352988507268,0.0,1471.8709805587987,113.28000000000023,236,79.9999999999976,79.9999999999976,4.263256414560601e-14,0.5901162459320651
96,20,0.2,0.0,0.07240933369682596,experience_swap,persistent_damage,7004,0.9745412630346098,0.9121877899658754,0.0,1.0000000000000075,1.0000000000000075,0.22395833333333334,1564.4391988786635,184.96300504407128,8.052252244478083,0.0,1379.2041358807562,113.28000000000023,236,80.0000000000006,80.0000000000006,4.263256414560601e-14,0.5193494920399522
96,20,0.1,0.0,0.07240933369682596,experience_swap,persistent_damage,7004,0.9738837082473756,0.909582271535006,0.0,0.9999999999999967,0.9999999999999967,0.22395833333333334,1564.4391988786635,184.5447840852115,7.973720777151113,0.0,1377.4720254269585,113.28000000000023,236,79.99999999999973,79.99999999999973,4.263256414560601e-14,0.5190438652861245
96,20,0.05,0.0,0.07240933369682596,experience_swap,persistent_damage,7004,0.973550257895553,0.9083042769212991,0.0,0.99999999999997,0.99999999999997,0.22395833333333334,1564.4391988786635,184.33871599686685,7.934824377400955,0.0,1376.659623984368,113.28000000000023,236,79.9999999999976,79.9999999999976,2.842170943040401e-14,0.5188983575490586
96,20,0.2,0.0,0.0,fixed,persistent_damage,7005,0.6785110718543688,0.007656084219928859,0.3472222222222222,1.0000000000000075,1.0000000000000075,1.0,1590.1306575183671,447.6474762326082,10.38903979416027,77.80290761475047,1335.8328759266951,0.0,0,80.0000000000006,80.0000000000006,2.842170943040401e-14,0.4837099029949139
96,20,0.1,0.0,0.0,fixed,persistent_damage,7005,0.6783511978139152,0.007453851515827489,0.3472222222222222,0.9999999999999967,0.9999999999999967,1.0,1590.1306575183671,447.62969220415545,10.370121254640525,77.48199190007219,1335.8216858653752,0.0,0,79.99999999999973,79.99999999999973,4.263256414560601e-14,0.48345266811975524
96,20,0.05,0.0,0.0,fixed,persistent_damage,7005,0.6782707045275687,0.007353990338169663,0.3472222222222222,0.99999999999997,0.99999999999997,1.0,1590.1306575183671,447.61955524620856,10.360696244428555,77.32283216319543,1335.8140622289495,0.0,0,79.9999999999976,79.9999999999976,4.263256414560601e-14,0.4833332260666155
96,20,0.2,0.0,0.07123942895157455,random_swap,persistent_damage,7005,0.754949305901885,0.44571514476095925,0.18055555555555555,1.0000000000000075,1.0000000000000075,0.125,1590.1306575183671,408.4608068796084,5.108512041943374,0.0,1240.8919090245615,113.28000000000023,236,80.0000000000006,80.0000000000006,2.842170943040401e-14,0.5344432630063146
96,20,0.1,0.0,0.07123942895157455,random_swap,persistent_damage,7005,0.7545051308921386,0.4438073186617115,0.18055555555555555,0.9999999999999967,0.9999999999999967,0.125,1590.1306575183671,408.038766508948,5.058150597059948,0.0,1239.6630290217843,113.28000000000023,236,79.99999999999973,79.99999999999973,4.263256414560601e-14,0.5345830850187662
96,20,0.05,0.0,0.07123942895157455,random_swap,persistent_damage,7005,0.7542657807107279,0.44283310010168514,0.18055555555555555,0.99999999999997,0.99999999999997,0.125,1590.1306575183671,407.83710131308993,5.032818460032496,0.0,1239.0814128330314,113.28000000000023,236,79.9999999999976,79.9999999999976,4.263256414560601e-14,0.5346684077553033
96,20,0.2,0.0,0.07123942895157455,recent_contact,persistent_damage,7005,0.9342275012007375,0.7847574097716585,0.013888888888888888,1.0000000000000075,1.0000000000000075,0.19791666666666666,1590.1306575183671,232.43445695497348,7.665350325062419,0.4590756797228597,1478.8264500085347,113.28000000000023,236,80.0000000000006,80.0000000000006,2.842170943040401e-14,0.5794818431304396
96,20,0.1,0.0,0.07123942895157455,recent_contact,persistent_damage,7005,0.9337949992634001,0.7824824421185925,0.013888888888888888,0.9999999999999967,0.9999999999999967,0.19791666666666666,1590.1306575183671,232.09238941859255,7.615347403145182,0.39925625335587966,1477.4770335988765,113.28000000000023,236,79.99999999999973,79.99999999999973,4.263256414560601e-14,0.5793908822859222
96,20,0.05,0.0,0.07123942895157455,recent_contact,persistent_damage,7005,0.9335567877238655,0.7812690271862522,0.013888888888888888,0.99999999999997,0.99999999999997,0.19791666666666666,1590.1306575183671,231.92160294020405,7.589508755436256,0.3683705997826219,1476.8218103728796,113.28000000000023,236,79.9999999999976,79.9999999999976,4.263256414560601e-14,0.5793312147838046
96,20,0.2,0.0,0.07123942895157455,experience_swap,persistent_damage,7005,0.9445461494996351,0.7975783397827753,0.013888888888888888,1.0000000000000075,1.0000000000000075,0.21875,1590.1306575183671,219.5357012534213,7.961047398291224,0.0,1475.2593660009206,113.28000000000023,236,80.0000000000006,80.0000000000006,4.263256414560601e-14,0.5668210625738381
96,20,0.1,0.0,0.07123942895157455,experience_swap,persistent_damage,7005,0.9440978259191175,0.7970363646532228,0.013888888888888888,0.9999999999999967,0.9999999999999967,0.21875,1590.1306575183671,219.12976621053298,7.906485424286705,0.0,1473.584178982475,113.28000000000023,236,79.99999999999973,79.99999999999973,2.842170943040401e-14,0.5668121386482805
96,20,0.05,0.0,0.07123942895157455,experience_swap,persistent_damage,7005,0.9438653306313264,0.796742619752912,0.013888888888888888,0.99999999999997,0.99999999999997,0.21875,1590.1306575183671,218.93011939223894,7.879181719055172,0.0,1472.7948814266183,113.28000000000023,236,79.9999999999976,79.9999999999976,4.263256414560601e-14,0.5668102690046646
96,20,0.2,0.0,0.0,fixed,persistent_damage,7006,0.7588661083837522,0.08641570115195649,0.2222222222222222,1.0000000000000075,1.0000000000000075,1.0,1589.02095713719,481.4774706087941,9.06971945047347,2.8336849822998342,1476.3741997618126,0.0,0,80.0000000000006,80.0000000000006,4.263256414560601e-14,0.5859523063720739
96,20,0.1,0.0,0.0,fixed,persistent_damage,7006,0.7586083857662955,0.08523321909432574,0.2222222222222222,0.9999999999999967,0.9999999999999967,1.0,1589.02095713719,481.3222655782038,9.039191602089254,2.604245161127013,1476.0425743991404,0.0,0,79.99999999999973,79.99999999999973,4.263256414560601e-14,0.5851618648907834
96,20,0.05,0.0,0.0,fixed,persistent_damage,7006,0.7584773197748216,0.08463607687248485,0.2222222222222222,0.99999999999997,0.99999999999997,1.0,1589.02095713719,481.2425307302727,9.023836377765408,2.491358663084594,1475.8724349474576,0.0,0,79.9999999999976,79.9999999999976,4.263256414560601e-14,0.5847720205743708
96,20,0.2,0.0,0.07128917934731811,random_swap,persistent_damage,7006,0.7024713989738991,0.3645306040614106,0.20833333333333334,1.0000000000000075,1.0000000000000075,0.109375,1589.02095713719,453.28245553602005,5.264142118503072,0.0,1286.1913423687083,113.28000000000023,236,80.0000000000006,80.0000000000006,2.842170943040401e-14,0.5999540547275288
96,20,0.1,0.0,0.07128917934731811,random_swap,persistent_damage,7006,0.70198879263391,0.3621741398032262,0.20833333333333334,0.9999999999999967,0.9999999999999967,0.109375,1589.02095713719,452.67181968659935,5.204875339981019,0.0,1284.5693811513231,113.28000000000023,236,79.99999999999973,79.99999999999973,4.263256414560601e-14,0.6001964663585748
96,20,0.05,0.0,0.07128917934731811,random_swap,persistent_damage,7006,0.7017364537919586,0.36098798205914273,0.20833333333333334,0.99999999999997,0.99999999999997,0.109375,1589.02095713719,452.3746993009811,5.175447261581737,0.0,1283.796993300551,113.28000000000023,236,79.9999999999976,79.9999999999976,4.263256414560601e-14,0.6003139188113606
96,20,0.2,0.0,0.07128917934731811,recent_contact,persistent_damage,7006,0.9591959948250918,0.822689078533613,0.0,1.0000000000000075,1.0000000000000075,0.18229166666666666,1589.02095713719,214.95736939717827,8.032320105608514,0.0,1437.2185059120159,113.28000000000023,236,80.0000000000006,80.0000000000006,4.263256414560601e-14,0.5649091817156422
96,20,0.1,0.0,0.07128917934731811,recent_contact,persistent_damage,7006,0.958487054531714,0.8195502039513244,0.0,0.9999999999999967,0.9999999999999967,0.18229166666666666,1589.02095713719,214.56965596268745,7.944085003827661,0.0,1435.3184655745254,113.28000000000023,236,79.99999999999973,79.99999999999973,2.842170943040401e-14,0.5648509847960745
96,20,0.05,0.0,0.07128917934731811,recent_contact,persistent_damage,7006,0.9581234939492499,0.8178726074485504,0.0,0.99999999999997,0.99999999999997,0.18229166666666666,1589.02095713719,214.3826950797875,7.9004672128615585,0.0,1434.4314799014091,113.28000000000023,236,79.9999999999976,79.9999999999976,2.842170943040401e-14,0.5648458059397647
96,20,0.2,0.0,0.07128917934731811,experience_swap,persistent_damage,7006,0.9719239499317687,0.9157950043532574,0.0,1.0000000000000075,1.0000000000000075,0.23958333333333334,1589.02095713719,195.4987209478827,8.948327477553665,0.0,1463.9566571634814,113.28000000000023,236,80.0000000000006,80.0000000000006,2.842170943040401e-14,0.5259702815689544
96,20,0.1,0.0,0.07128917934731811,experience_swap,persistent_damage,7006,0.9709128239444602,0.9113579773296309,0.0,0.9999999999999967,0.9999999999999967,0.24479166666666666,1589.02095713719,196.61692552448451,7.748852629714507,0.0,1411.3290453452055,113.28000000000023,236,79.99999999999973,79.99999999999973,4.263256414560601e-14,0.5305343065547731
96,20,0.05,0.0,0.07128917934731811,experience_swap,persistent_damage,7006,0.9705653454255815,0.9097127774672663,0.0,0.99999999999997,0.99999999999997,0.24479166666666666,1589.02095713719,196.42515533185792,7.7078537850940005,0.0,1410.5506504872712,113.28000000000023,236,79.9999999999976,79.9999999999976,4.263256414560601e-14,0.5303915833089694
96,20,0.2,0.0,0.0,fixed,persistent_damage,7007,0.7278001017515728,0.06557267624358368,0.2638888888888889,1.0000000000000075,1.0000000000000075,1.0,1581.304211189076,468.2912504725513,13.146758024068763,9.951228640414708,1457.24562821464,0.0,0,80.0000000000006,80.0000000000006,4.263256414560601e-14,0.524016455332155
96,20,0.1,0.0,0.0,fixed,persistent_damage,7007,0.7275464441084472,0.06451450937319105,0.2638888888888889,0.9999999999999967,0.9999999999999967,1.0,1581.304211189076,468.25932869024797,13.12914026502354,9.624421004310152,1456.8935100963347,0.0,0,79.99999999999973,79.99999999999973,4.263256414560601e-14,0.5232272842052247
96,20,0.05,0.0,0.0,fixed,persistent_damage,7007,0.7274187601760743,0.06399962485169972,0.2638888888888889,0.99999999999997,0.99999999999997,1.0,1581.304211189076,468.2436402668043,13.120374175394781,9.461222154574147,1456.7179446308544,0.0,0,79.9999999999976,79.9999999999976,4.263256414560601e-14,0.5229002816394354
96,20,0.2,0.0,0.07163706970388595,random_swap,persistent_damage,7007,0.744227575317505,0.4338163560699247,0.18055555555555555,1.0000000000000075,1.0000000000000075,0.07291666666666667,1581.304211189076,429.8962551496705,5.582395685711932,0.0,1268.3628435804314,113.28000000000023,236,80.0000000000006,80.0000000000006,4.263256414560601e-14,0.563967721831342
96,20,0.1,0.0,0.07163706970388595,random_swap,persistent_damage,7007,0.7437154217567253,0.43219246549823626,0.18055555555555555,0.9999999999999967,0.9999999999999967,0.07291666666666667,1581.304211189076,429.43294883975136,5.520783821343907,0.0,1267.1520585932656,113.28000000000023,236,79.99999999999973,79.99999999999973,4.263256414560601e-14,0.5616132432454692
96,20,0.05,0.0,0.07163706970388595,random_swap,persistent_damage,7007,0.7434460908564475,0.431384440790555,0.18055555555555555,0.99999999999997,0.99999999999997,0.07291666666666667,1581.304211189076,429.2057661131693,5.489837220476988,0.0,1266.5689413200978,113.28000000000023,236,79.9999999999976,79.9999999999976,4.263256414560601e-14,0.5605933113446797
96,20,0.2,0.0,0.07163706970388595,recent_contact,persistent_damage,7007,0.9293187813464893,0.7853894621975386,0.0,1.0000000000000075,1.0000000000000075,0.19791666666666666,1581.304211189076,260.793103790513,7.3205545939949515,0.0,1431.250606861894,113.28000000000023,236,80.0000000000006,80.0000000000006,4.263256414560601e-14,0.5572117486868137
96,20,0.1,0.0,0.07163706970388595,recent_contact,persistent_damage,7007,0.9286521008912645,0.7857037322989778,0.0,0.9999999999999967,0.9999999999999967,0.19791666666666666,1581.304211189076,260.3620191062643,7.246952949719111,0.0,1429.5519880647857,113.28000000000023,236,79.99999999999973,79.99999999999973,2.842170943040401e-14,0.5562425509777331
96,20,0.05,0.0,0.07163706970388595,recent_contact,persistent_damage,7007,0.9283111579233485,0.7858113220410109,0.0,0.99999999999997,0.99999999999997,0.19791666666666666,1581.304211189076,260.15168215342743,7.210379498057819,0.0,1428.7454064993058,113.28000000000023,236,79.9999999999976,79.9999999999976,2.842170943040401e-14,0.5557624423028155
96,20,0.2,0.0,0.07163706970388595,experience_swap,persistent_damage,7007,0.9986378605197561,1.0,0.0,1.0000000000000075,1.0000000000000075,0.22916666666666666,1581.304211189076,184.2355311684095,11.156983766977906,0.0,1489.3160006895625,113.28000000000023,236,80.0000000000006,80.0000000000006,4.263256414560601e-14,0.5827488867634383
96,20,0.1,0.0,0.07163706970388595,experience_swap,persistent_damage,7007,0.9984195698483541,1.0,0.0,0.9999999999999967,0.9999999999999967,0.22916666666666666,1581.304211189076,183.9771073366912,10.971554745554931,0.0,1487.9832607338644,113.28000000000023,236,79.99999999999973,79.99999999999973,2.842170943040401e-14,0.577687285657476
96,20,0.05,0.0,0.07163706970388595,experience_swap,persistent_damage,7007,0.9983037784670206,1.0,0.0,0.99999999999997,0.99999999999997,0.22916666666666666,1581.304211189076,183.85004923698767,10.87795291067948,0.0,1487.3633242796777,113.28000000000023,236,79.9999999999976,79.9999999999976,2.842170943040401e-14,0.5755600092958586
96,20,0.2,0.0,0.0,fixed,persistent_damage,7008,0.7276596131055829,0.059328417304543864,0.3055555555555556,1.0000000000000075,1.0000000000000075,1.0,1579.3645789789966,451.19164044269587,10.96330246612684,14.144806679525669,1456.222764236781,0.0,0,80.0000000000006,80.0000000000006,4.263256414560601e-14,0.525774141233731
96,20,0.1,0.0,0.0,fixed,persistent_damage,7008,0.7274979784941676,0.05831389529707028,0.3055555555555556,0.9999999999999967,0.9999999999999967,1.0,1579.3645789789966,451.172682685979,10.952224155832472,13.803614475727235,1456.2603580591328,0.0,0,79.99999999999973,79.99999999999973,4.263256414560601e-14,0.5256272560245611
96,20,0.05,0.0,0.0,fixed,persistent_damage,7008,0.7274166978050609,0.057825350235708534,0.3055555555555556,0.99999999999997,0.99999999999997,1.0,1579.3645789789966,451.16295622428413,10.946731828228584,13.633766512904062,1456.2788542129883,0.0,0,79.9999999999976,79.9999999999976,4.263256414560601e-14,0.5255737142633041
96,20,0.2,0.0,0.07172504785008649,random_swap,persistent_damage,7008,0.7582576705976054,0.41784426544514813,0.16666666666666666,1.0000000000000075,1.0000000000000075,0.09895833333333333,1579.3645789789966,402.68794500525775,5.1825926484264375,0.0,1268.2757700448676,113.28000000000023,236,80.0000000000006,80.0000000000006,2.842170943040401e-14,0.5550856208930104
96,20,0.1,0.0,0.07172504785008649,random_swap,persistent_damage,7008,0.7577439080751859,0.4172178092660973,0.16666666666666666,0.9999999999999967,0.9999999999999967,0.09895833333333333,1579.3645789789966,402.1464902550841,5.125528337841133,0.0,1266.7398978537715,113.28000000000023,236,79.99999999999973,79.99999999999973,4.263256414560601e-14,0.5550045151973919
96,20,0.05,0.0,0.07172504785008649,random_swap,persistent_damage,7008,0.7574697006035833,0.4169196610766294,0.16666666666666666,0.99999999999997,0.99999999999997,0.09895833333333333,1579.3645789789966,401.8871507784921,5.0971453510788125,0.0,1266.0078359848378,113.28000000000023,236,79.9999999999976,79.9999999999976,4.263256414560601e-14,0.554979409937282
96,20,0.2,0.0,0.07172504785008649,recent_contact,persistent_damage,7008,0.9239094199492631,0.7715718329300023,0.0,1.0000000000000075,1.0000000000000075,0.20833333333333334,1579.3645789789966,241.6673577065738,7.69773867317553,0.0,1434.5697675479084,113.28000000000023,236,80.0000000000006,80.0000000000006,2.842170943040401e-14,0.5462697810101769
96,20,0.1,0.0,0.07172504785008649,recent_contact,persistent_damage,7008,0.9232021771277128,0.77072647584741,0.0,0.9999999999999967,0.9999999999999967,0.20833333333333334,1579.3645789789966,241.28411234795107,7.62359802547445,0.0,1432.768286976419,113.28000000000023,236,79.99999999999973,79.99999999999973,4.263256414560601e-14,0.5460656263741807
96,20,0.05,0.0,0.07172504785008649,recent_contact,persistent_damage,7008,0.9228389443726983,0.7703261828468586,0.0,0.99999999999997,0.99999999999997,0.20833333333333334,1579.3645789789966,241.0985104428776,7.586776186847868,0.0,1431.9038470897003,113.28000000000023,236,79.9999999999976,79.9999999999976,4.263256414560601e-14,0.5459696466085416
96,20,0.2,0.0,0.07172504785008649,experience_swap,persistent_damage,7008,0.9440195321348983,0.777329631928465,0.0,1.0000000000000075,1.0000000000000075,0.265625,1579.3645789789966,225.65010945680373,8.059299864438822,0.0,1503.7682016780118,113.28000000000023,236,80.0000000000006,80.0000000000006,2.842170943040401e-14,0.5710078012575391
96,20,0.1,0.0,0.07172504785008649,experience_swap,persistent_damage,7008,0.9433990881964937,0.7733334559066363,0.0,0.9999999999999967,0.9999999999999967,0.265625,1579.3645789789966,225.20826431557964,7.986841308184383,0.0,1501.761521458428,113.28000000000023,236,79.99999999999973,79.99999999999973,4.263256414560601e-14,0.5710112748441064
96,20,0.05,0.0,0.07172504785008649,experience_swap,persistent_damage,7008,0.9430790409250863,0.7713309038768608,0.0,0.99999999999997,0.99999999999997,0.265625,1579.3645789789966,224.98951483909306,7.950669650099733,0.0,1500.8003377400048,113.28000000000023,236,79.9999999999976,79.9999999999976,4.263256414560601e-14,0.5710153552755485
96,20,0.2,0.0,0.0,fixed,persistent_damage,7009,0.7082368516972245,0.0670155827550612,0.3194444444444444,1.0000000000000075,1.0000000000000075,1.0,1589.5166056806672,501.7326307683237,8.120832184793722,7.175012427725633,1426.9429808952916,0.0,0,80.0000000000006,80.0000000000006,2.842170943040401e-14,0.5317805955364958
96,20,0.1,0.0,0.0,fixed,persistent_damage,7009,0.7081298102692452,0.06646688967465203,0.3194444444444444,0.9999999999999967,0.9999999999999967,1.0,1589.5166056806672,501.73385091274076,8.09988441364329,6.843216456749797,1426.8457537587033,0.0,0,79.99999999999973,79.99999999999973,4.263256414560601e-14,0.5321933224712222
96,20,0.05,0.0,0.0,fixed,persistent_damage,7009,0.7080748515498322,0.06618639802537117,0.3194444444444444,0.99999999999997,0.99999999999997,1.0,1589.5166056806672,501.73205930523267,8.08913858512164,6.679700557969208,1426.7906163138111,0.0,0,79.9999999999976,79.9999999999976,4.263256414560601e-14,0.5324003460048411
96,20,0.2,0.0,0.07126694970984034,random_swap,persistent_damage,7009,0.7647794637295388,0.4828602525693763,0.1527777777777778,1.0000000000000075,1.0000000000000075,0.13020833333333334,1589.5166056806672,395.6839890550951,5.601194418890191,0.0,1312.1885885843099,113.28000000000023,236,80.0000000000006,80.0000000000006,2.842170943040401e-14,0.5485706447391776
96,20,0.1,0.0,0.07126694970984034,random_swap,persistent_damage,7009,0.7643552425091827,0.4825753786864625,0.1527777777777778,0.9999999999999967,0.9999999999999967,0.13020833333333334,1589.5166056806672,395.25200389720976,5.545811074865308,0.0,1310.8553972573056,113.28000000000023,236,79.99999999999973,79.99999999999973,4.263256414560601e-14,0.5478166882160602
96,20,0.05,0.0,0.07126694970984034,random_swap,persistent_damage,7009,0.764130424987887,0.48239342493949694,0.1527777777777778,0.99999999999997,0.99999999999997,0.13020833333333334,1589.5166056806672,395.0429306703957,5.518118930657761,0.0,1310.2288677067986,113.28000000000023,236,79.9999999999976,79.9999999999976,2.842170943040401e-14,0.5474801264699062
96,20,0.2,0.0,0.07126694970984034,recent_contact,persistent_damage,7009,0.9366572460174587,0.7339984406991041,0.0,1.0000000000000075,1.0000000000000075,0.22916666666666666,1589.5166056806672,228.4138565273727,8.562483772870978,0.02119121430255122,1533.6853065593955,113.28000000000023,236,80.0000000000006,80.0000000000006,2.842170943040401e-14,0.5743786602477717
96,20,0.1,0.0,0.07126694970984034,recent_contact,persistent_damage,7009,0.9359419061256781,0.7332698059374589,0.0,0.9999999999999967,0.9999999999999967,0.22916666666666666,1589.5166056806672,228.2085936062922,8.484310160862236,0.0,1531.7413150017273,113.28000000000023,236,79.99999999999973,79.99999999999973,4.263256414560601e-14,0.5743701261842555
96,20,0.05,0.0,0.07126694970984034,recent_contact,persistent_damage,7009,0.9355670380968562,0.7329089010518527,0.0,0.99999999999997,0.99999999999997,0.22916666666666666,1589.5166056806672,228.09982934569314,8.444769385281159,0.0,1530.7844951215134,113.28000000000023,236,79.9999999999976,79.9999999999976,4.263256414560601e-14,0.5743371235620494
96,20,0.2,0.0,0.07126694970984034,experience_swap,persistent_damage,7009,0.9594830850102748,0.8609637164028946,0.0,1.0000000000000075,1.0000000000000075,0.24479166666666666,1589.5166056806672,212.16460081809637,7.55053454006514,0.0,1453.649311477467,113.28000000000023,236,80.0000000000006,80.0000000000006,2.842170943040401e-14,0.5659851952472177
96,20,0.1,0.0,0.07126694970984034,experience_swap,persistent_damage,7009,0.9589809611272938,0.8580717435726516,0.0,0.9999999999999967,0.9999999999999967,0.24479166666666666,1589.5166056806672,211.72158236517905,7.487417927746984,0.0,1451.9668683805744,113.28000000000023,236,79.99999999999973,79.99999999999973,4.263256414560601e-14,0.565623971971115
96,20,0.05,0.0,0.07126694970984034,experience_swap,persistent_damage,7009,0.9587197726382024,0.8566028199841466,0.0,0.99999999999997,0.99999999999997,0.24479166666666666,1589.5166056806672,211.50308927239502,7.4557726422744395,0.0,1451.153156207236,113.28000000000023,236,79.9999999999976,79.9999999999976,4.263256414560601e-14,0.5648866126208397
96,20,0.2,0.0,0.0,fixed,persistent_damage,7010,0.6224555533950955,0.00097332869388967,0.4027777777777778,1.0000000000000075,1.0000000000000075,1.0,1596.4358195801042,493.3979100293021,17.303834221736366,53.78808286901523,1443.2516365210488,0.0,0,80.0000000000006,80.0000000000006,4.263256414560601e-14,0.5153511668159203
96,20,0.1,0.0,0.0,fixed,persistent_damage,7010,0.6224605176305706,0.0008783811732360095,0.4027777777777778,0.9999999999999967,0.9999999999999967,1.0,1596.4358195801042,493.44336173822956,17.303777956511574,53.37401329229714,1443.395337952931,0.0,0,79.99999999999973,79.99999999999973,4.263256414560601e-14,0.5136372948209919
96,20,0.05,0.0,0.0,fixed,persistent_damage,7010,0.622462373890144,0.000833035737622174,0.4027777777777778,0.99999999999997,0.99999999999997,1.0,1596.4358195801042,493.46498266494007,17.303770903319087,53.16842275090399,1443.4655829709857,0.0,0,79.9999999999976,79.9999999999976,4.263256414560601e-14,0.5127526460750373
96,20,0.2,0.0,0.0709580670958606,random_swap,persistent_damage,7010,0.7517536886639418,0.4068829546479014,0.2222222222222222,1.0000000000000075,1.0000000000000075,0.09375,1596.4358195801042,426.7946513516459,5.962353605648842,0.0,1332.2435951270402,113.28000000000023,236,80.0000000000006,80.0000000000006,2.842170943040401e-14,0.6072751103776066
96,20,0.1,0.0,0.0709580670958606,random_swap,persistent_damage,7010,0.7513076500632607,0.40545454267418074,0.2222222222222222,0.9999999999999967,0.9999999999999967,0.09375,1596.4358195801042,426.2186032823973,5.905969733650701,0.0,1330.6079048360418,113.28000000000023,236,79.99999999999973,79.99999999999973,2.842170943040401e-14,0.6021488837588124
96,20,0.05,0.0,0.0709580670958606,random_swap,persistent_damage,7010,0.7510718254755347,0.4047595227128095,0.2222222222222222,0.99999999999997,0.99999999999997,0.09375,1596.4358195801042,425.9419301989087,5.878001446211087,0.0,1329.854223527211,113.28000000000023,236,79.9999999999976,79.9999999999976,4.263256414560601e-14,0.6012279696893091
96,20,0.2,0.0,0.0709580670958606,recent_contact,persistent_damage,7010,0.9412925991722138,0.7815178820831798,0.013888888888888888,1.0000000000000075,1.0000000000000075,0.17708333333333334,1596.4358195801042,241.08357285749977,8.175467093140199,0.0,1468.0605030810173,113.28000000000023,236,80.0000000000006,80.0000000000006,2.842170943040401e-14,0.5792159753162645
96,20,0.1,0.0,0.0709580670958606,recent_contact,persistent_damage,7010,0.9406382348309232,0.7805776950466552,0.013888888888888888,0.9999999999999967,0.9999999999999967,0.17708333333333334,1596.4358195801042,240.6900585825429,8.095742539273619,0.0,1466.2334296557622,113.28000000000023,236,79.99999999999973,79.99999999999973,4.263256414560601e-14,0.5783059064001196
96,20,0.05,0.0,0.0709580670958606,recent_contact,persistent_damage,7010,0.9403031911837133,0.780092477918647,0.013888888888888888,0.99999999999997,0.99999999999997,0.17708333333333334,1596.4358195801042,240.4997026656019,8.056118202183166,0.0,1465.372281303133,113.28000000000023,236,79.9999999999976,79.9999999999976,4.263256414560601e-14,0.5782008476188741
96,20,0.2,0.0,0.0709580670958606,experience_swap,persistent_damage,7010,0.9436961710015123,0.8275289920666138,0.0,1.0000000000000075,1.0000000000000075,0.203125,1596.4358195801042,243.3929964229609,7.582643467689113,0.0,1452.6732234838928,113.28000000000023,236,80.0000000000006,80.0000000000006,2.842170943040401e-14,0.6049407357275413
96,20,0.1,0.0,0.0709580670958606,experience_swap,persistent_damage,7010,0.9431182034586874,0.8241161336054519,0.0,0.9999999999999967,0.9999999999999967,0.203125,1596.4358195801042,242.91543370916636,7.507341784686807,0.0,1450.8803611081278,113.28000000000023,236,79.99999999999973,79.99999999999973,2.842170943040401e-14,0.6003325183666722
96,20,0.05,0.0,0.0709580670958606,experience_swap,persistent_damage,7010,0.9428200600069266,0.8223774439259433,0.0,0.99999999999997,0.99999999999997,0.203125,1596.4358195801042,242.6799469459304,7.46981088971106,0.0,1450.0338209694473,113.28000000000023,236,79.9999999999976,79.9999999999976,4.263256414560601e-14,0.5984592258627902
96,20,0.2,0.0,0.0,fixed,persistent_damage,7011,0.6167743359397694,0.0007172353814493052,0.4027777777777778,1.0000000000000075,1.0000000000000075,1.0,1574.3970760400002,486.8078080057369,9.680999928306045,79.73030142547414,1421.2450731335762,0.0,0,80.0000000000006,80.0000000000006,2.842170943040401e-14,0.5384733551225129
96,20,0.1,0.0,0.0,fixed,persistent_damage,7011,0.6167900436676731,0.0006385694343788493,0.4027777777777778,0.9999999999999967,0.9999999999999967,1.0,1574.3970760400002,486.8803713379036,9.67460521340426,79.37729471610419,1421.4111980572668,0.0,0,79.99999999999973,79.99999999999973,4.263256414560601e-14,0.5371407028302735
96,20,0.05,0.0,0.0,fixed,persistent_damage,7011,0.6167972455105081,0.0006004248183549423,0.4027777777777778,0.99999999999997,0.99999999999997,1.0,1574.3970760400002,486.9165467572362,9.671372382921646,79.20106615951653,1421.494558370174,0.0,0,79.9999999999976,79.9999999999976,4.263256414560601e-14,0.5364609420046725
96,20,0.2,0.0,0.07195135313953172,random_swap,persistent_damage,7011,0.7742223648136005,0.45791195303907134,0.125,1.0000000000000075,1.0000000000000075,0.09895833333333333,1574.3970760400002,381.90820428836116,4.830039613012691,0.0,1305.4948569317023,113.28000000000023,236,80.0000000000006,80.0000000000006,2.842170943040401e-14,0.6124179465700013
96,20,0.1,0.0,0.07195135313953172,random_swap,persistent_damage,7011,0.773965264931239,0.45712479820181035,0.125,0.9999999999999967,0.9999999999999967,0.09895833333333333,1574.3970760400002,381.4685726421589,4.796236059226863,0.0,1304.3589364248905,113.28000000000023,236,79.99999999999973,79.99999999999973,4.263256414560601e-14,0.6119998928787935
96,20,0.05,0.0,0.07195135313953172,random_swap,persistent_damage,7011,0.7738193519287548,0.4567199773673179,0.125,0.99999999999997,0.99999999999997,0.09895833333333333,1574.3970760400002,381.2585716930097,4.779316841210979,0.0,1303.8235275073919,113.28000000000023,236,79.9999999999976,79.9999999999976,4.263256414560601e-14,0.6117832212343769
96,20,0.2,0.0,0.07195135313953172,recent_contact,persistent_damage,7011,0.9490964728317974,0.8459412588045304,0.0,1.0000000000000075,1.0000000000000075,0.16666666666666666,1574.3970760400002,215.86038315703541,7.407209351734469,0.0,1407.1784875450096,113.28000000000023,236,80.0000000000006,80.0000000000006,2.842170943040401e-14,0.5912543072128764
96,20,0.1,0.0,0.07195135313953172,recent_contact,persistent_damage,7011,0.9487547438421426,0.8449331734014205,0.0,0.9999999999999967,0.9999999999999967,0.16666666666666666,1574.3970760400002,215.6258086426743,7.362150756494326,0.0,1406.0342976881495,113.28000000000023,236,79.99999999999973,79.99999999999973,4.263256414560601e-14,0.5886877017017088
96,20,0.05,0.0,0.07195135313953172,recent_contact,persistent_damage,7011,0.9485752495219553,0.84442046336857,0.0,0.99999999999997,0.99999999999997,0.16666666666666666,1574.3970760400002,215.51031898339443,7.33944401028668,0.0,1405.5045131262507,113.28000000000023,236,79.9999999999976,79.9999999999976,4.263256414560601e-14,0.5875296371174062
96,20,0.2,0.0,0.07195135313953172,experience_swap,persistent_damage,7011,0.9019143003279173,0.7003549791970749,0.027777777777777776,1.0000000000000075,1.0000000000000075,0.17708333333333334,1574.3970760400002,255.90673723670994,6.417700887762391,0.0,1387.7030600193561,113.28000000000023,236,80.0000000000006,80.0000000000006,2.842170943040401e-14,0.6130083324124029
96,20,0.1,0.0,0.07195135313953172,experience_swap,persistent_damage,7011,0.901508122779902,0.7004514322768828,0.027777777777777776,0.9999999999999967,0.9999999999999967,0.17708333333333334,1574.3970760400002,255.48724511913582,6.373821046358424,0.0,1386.5343230471112,113.28000000000023,236,79.99999999999973,79.99999999999973,4.263256414560601e-14,0.6112696116639912
96,20,0.05,0.0,0.07195135313953172,experience_swap,persistent_damage,7011,0.9259177068901236,0.7467432904268735,0.0,0.99999999999997,0.99999999999997,0.22916666666666666,1574.3970760400002,227.9396175838876,7.566178389417929,0.0,1472.8147480994023,113.28000000000023,236,79.9999999999976,79.9999999999976,2.842170943040401e-14,0.57019022247974
96,20,0.2,0.0,0.0,fixed,persistent_damage,7012,0.6779845417118491,0.015362429652503284,0.3611111111111111,1.0000000000000075,1.0000000000000075,1.0,1585.987441380707,431.0356878411236,13.577602327331665,61.244074990380334,1193.573599335331,0.0,0,80.0000000000006,80.0000000000006,4.263256414560601e-14,0.4633090933505643
96,20,0.1,0.0,0.0,fixed,persistent_damage,7012,0.6777575994539432,0.015259731305939822,0.3611111111111111,0.9999999999999967,0.9999999999999967,1.0,1585.987441380707,431.03900182535574,13.570787700280436,60.925620936354434,1193.3874143062626,0.0,0,79.99999999999973,79.99999999999973,4.263256414560601e-14,0.46308785027515503
96,20,0.05,0.0,0.0,fixed,persistent_damage,7012,0.6776437863542655,0.015211172686468136,0.3611111111111111,0.99999999999997,0.99999999999997,1.0,1585.987441380707,431.0406833644081,13.567454556638587,60.76678818750969,1193.2941260449993,0.0,0,79.9999999999976,79.9999999999976,4.263256414560601e-14,0.46287120935370035
96,20,0.2,0.0,0.07142553405175926,random_swap,persistent_damage,7012,0.7818320276180264,0.503387443892298,0.08333333333333333,1.0000000000000075,1.0000000000000075,0.09895833333333333,1585.987441380707,389.04862056991396,5.3660160642559545,0.0,1293.90468003089,113.28000000000023,236,80.0000000000006,80.0000000000006,2.842170943040401e-14,0.5794239516845292
96,20,0.1,0.0,0.07142553405175926,random_swap,persistent_damage,7012,0.7812951284958787,0.5027549949968849,0.08333333333333333,0.9999999999999967,0.9999999999999967,0.09895833333333333,1585.987441380707,388.49156395486136,5.304901641179305,0.0,1292.360750129901,113.28000000000023,236,79.99999999999973,79.99999999999973,4.263256414560601e-14,0.5784093350716433
96,20,0.05,0.0,0.07142553405175926,random_swap,persistent_damage,7012,0.7810166897577322,0.5027136609160694,0.09722222222222222,0.99999999999997,0.99999999999997,0.09895833333333333,1585.987441380707,388.2200531386498,5.274610405723878,0.0,1291.6195428222638,113.28000000000023,236,79.9999999999976,79.9999999999976,4.263256414560601e-14,0.5778569047002325
96,20,0.2,0.0,0.07142553405175926,recent_contact,persistent_damage,7012,0.9802119007706299,0.9103891853984393,0.0,1.0000000000000075,1.0000000000000075,0.21354166666666666,1585.987441380707,206.89733983818286,8.228359024653301,0.0,1445.862145090277,113.28000000000023,236,80.0000000000006,80.0000000000006,2.842170943040401e-14,0.530384414516114
96,20,0.1,0.0,0.07142553405175926,recent_contact,persistent_damage,7012,0.9795667914232337,0.9054937061621683,0.0,0.9999999999999967,0.9999999999999967,0.21354166666666666,1585.987441380707,206.48700391807543,8.120915731936751,0.0,1443.8442418656557,113.28000000000023,236,79.99999999999973,79.99999999999973,2.842170943040401e-14,0.530192296059606
96,20,0.05,0.0,0.07142553405175926,recent_contact,persistent_damage,7012,0.9792351201330006,0.9027495639762305,0.0,0.99999999999997,0.99999999999997,0.21354166666666666,1585.987441380707,206.28770914726528,8.067836236345492,0.0,1442.889751503722,113.28000000000023,236,79.9999999999976,79.9999999999976,4.263256414560601e-14,0.5301020628248999
96,20,0.2,0.0,0.07142553405175926,experience_swap,persistent_damage,7012,0.9893734920919028,0.9595825264722155,0.0,1.0000000000000075,1.0000000000000075,0.2552083333333333,1585.987441380707,181.46404529290135,9.844600652191675,0.0,1497.234384342202,113.28000000000023,236,80.0000000000006,80.0000000000006,2.842170943040401e-14,0.5331249020491733
96,20,0.1,0.0,0.07142553405175926,experience_swap,persistent_damage,7012,0.984272926377647,0.9375297459432049,0.0,0.9999999999999967,0.9999999999999967,0.22916666666666666,1585.987441380707,189.0226089569046,9.46772936948889,0.0,1494.5879147605538,113.28000000000023,236,79.99999999999973,79.99999999999973,2.842170943040401e-14,0.5318858516123204
96,20,0.05,0.0,0.07142553405175926,experience_swap,persistent_damage,7012,0.9839207274882998,0.9363235175578092,0.0,0.99999999999997,0.99999999999997,0.22916666666666666,1585.987441380707,188.8552077774205,9.41150964309157,0.0,1493.639314335448,113.28000000000023,236,79.9999999999976,79.9999999999976,4.263256414560601e-14,0.5312322194179274
96,20,0.2,0.0,0.0,fixed,persistent_damage,7013,0.662908848062967,0.005522051075266631,0.3611111111111111,1.0000000000000075,1.0000000000000075,1.0,1574.1202571713184,498.0219297708059,11.407245364253816,8.896856902739202,1430.7761352120262,0.0,0,80.0000000000006,80.0000000000006,4.263256414560601e-14,0.5277917853910735
96,20,0.1,0.0,0.0,fixed,persistent_damage,7013,0.6628670336910475,0.005185017254351868,0.3611111111111111,0.9999999999999967,0.9999999999999967,1.0,1574.1202571713184,498.076052063351,11.402384072995785,8.551902756580436,1430.8420210408594,0.0,0,79.99999999999973,79.99999999999973,3.552713678800501e-14,0.5281846575587287
96,20,0.05,0.0,0.0,fixed,persistent_damage,7013,0.6628453161571897,0.0050218335871767715,0.3611111111111111,0.99999999999997,0.99999999999997,1.0,1574.1202571713184,498.1030150489521,11.399958126871843,8.38007821769289,1430.8752001335552,0.0,0,79.9999999999976,79.9999999999976,4.263256414560601e-14,0.5280378902111135
96,20,0.2,0.0,0.07196400623390965,random_swap,persistent_damage,7013,0.7483565740984721,0.4779089045322685,0.1111111111111111,1.0000000000000075,1.0000000000000075,0.09895833333333333,1574.1202571713184,399.0678478198058,5.208856694538214,0.0,1319.610857122018,113.28000000000023,236,80.0000000000006,80.0000000000006,2.842170943040401e-14,0.595356025199622
96,20,0.1,0.0,0.07196400623390965,random_swap,persistent_damage,7013,0.7477192978410948,0.4763399617148939,0.1111111111111111,0.9999999999999967,0.9999999999999967,0.09895833333333333,1574.1202571713184,398.59863128057987,5.157256260484669,0.0,1318.1620970987965,113.28000000000023,236,79.99999999999973,79.99999999999973,2.842170943040401e-14,0.5907630948954513
96,20,0.05,0.0,0.07196400623390965,random_swap,persistent_damage,7013,0.7473919098109023,0.4755711317915651,0.1111111111111111,0.99999999999997,0.99999999999997,0.09895833333333333,1574.1202571713184,398.37023024827414,5.131725885782437,0.0,1317.4681913714733,113.28000000000023,236,79.9999999999976,79.9999999999976,4.263256414560601e-14,0.5887486096877559
96,20,0.2,0.0,0.07196400623390965,recent_contact,persistent_damage,7013,0.9422172326388998,0.7856643955176258,0.013888888888888888,1.0000000000000075,1.0000000000000075,0.16666666666666666,1574.1202571713184,216.28338513669223,7.5869588385464155,0.0,1416.5987470570346,113.28000000000023,236,80.0000000000006,80.0000000000006,2.842170943040401e-14,0.5860324070945052
96,20,0.1,0.0,0.07196400623390965,recent_contact,persistent_damage,7013,0.9416101111076414,0.7856138395065915,0.013888888888888888,0.9999999999999967,0.9999999999999967,0.16666666666666666,1574.1202571713184,215.97404293350317,7.511536120403798,0.0,1414.9864655386532,113.28000000000023,236,79.99999999999973,79.99999999999973,2.842170943040401e-14,0.5828203040412976
96,20,0.05,0.0,0.07196400623390965,recent_contact,persistent_damage,7013,0.9413012898046534,0.7855310953285611,0.013888888888888888,0.99999999999997,0.99999999999997,0.16666666666666666,1574.1202571713184,215.825241003487,7.474252111844598,0.0,1414.2146285906924,113.28000000000023,236,79.9999999999976,79.9999999999976,4.263256414560601e-14,0.5816008573286725
96,20,0.2,0.0,0.07196400623390965,experience_swap,persistent_damage,7013,0.9880036611264644,0.9649260837726467,0.0,1.0000000000000075,1.0000000000000075,0.18229166666666666,1574.1202571713184,168.29916690195603,8.418641467835954,0.0,1399.129722135685,113.28000000000023,236,80.0000000000006,80.0000000000006,2.842170943040401e-14,0.5651113254966597
96,20,0.1,0.0,0.07196400623390965,experience_swap,persistent_damage,7013,0.9881020507470388,0.9809795184669842,0.0,0.9999999999999967,0.9999999999999967,0.1875,1574.1202571713184,168.14276927176283,8.997881174311852,0.0,1440.1076423652955,113.28000000000023,236,79.99999999999973,79.99999999999973,4.263256414560601e-14,0.5580482862326125
96,20,0.05,0.0,0.07196400623390965,experience_swap,persistent_damage,7013,0.984429824133149,0.9511981581627696,0.0,0.99999999999997,0.99999999999997,0.22395833333333334,1574.1202571713184,171.22597688809785,8.906875405040417,0.0,1439.5207699943526,113.28000000000023,236,79.9999999999976,79.9999999999976,4.263256414560601e-14,0.5688145377860347
96,20,0.2,0.0,0.0,fixed,persistent_damage,7014,0.6886735113751775,0.037709661116951856,0.2916666666666667,1.0000000000000075,1.0000000000000075,1.0,1574.4989319581614,457.20743191522274,9.92016678615815,38.03688920781378,1299.8935576825127,0.0,0,80.0000000000006,80.0000000000006,4.263256414560601e-14,0.47799573983155
96,20,0.1,0.0,0.0,fixed,persistent_damage,7014,0.688547581248223,0.03719321127486128,0.2916666666666667,0.9999999999999967,0.9999999999999967,1.0,1574.4989319581614,457.13434104683574,9.906097642469371,37.756920151793274,1299.733764523653,0.0,0,79.99999999999973,79.99999999999973,2.842170943040401e-14,0.477011192932542
96,20,0.05,0.0,0.0,fixed,persistent_damage,7014,0.6884842913707573,0.036942169014655905,0.2916666666666667,0.99999999999997,0.99999999999997,1.0,1574.4989319581614,457.0984880496583,9.89912012773899,37.61713701750642,1299.654524988793,0.0,0,79.9999999999976,79.9999999999976,4.263256414560601e-14,0.47652287576785957
96,20,0.2,0.0,0.07194669853419143,random_swap,persistent_damage,7014,0.685465558943139,0.3448948168138956,0.2916666666666667,1.0000000000000075,1.0000000000000075,0.11979166666666667,1574.4989319581614,461.61805293033945,4.686598529973357,0.0,1249.7340260123387,113.28000000000023,236,80.0000000000006,80.0000000000006,4.263256414560601e-14,0.5594456189763842
96,20,0.1,0.0,0.07194669853419143,random_swap,persistent_damage,7014,0.6849114761257572,0.34372468318058175,0.2916666666666667,0.9999999999999967,0.9999999999999967,0.11979166666666667,1574.4989319581614,461.1423716387732,4.6381255837580655,0.0,1248.3237748973195,113.28000000000023,236,79.99999999999973,79.99999999999973,4.263256414560601e-14,0.5592808918814572
96,20,0.05,0.0,0.07194669853419143,random_swap,persistent_damage,7014,0.6846198992732573,0.34309006175169765,0.2916666666666667,0.99999999999997,0.99999999999997,0.11979166666666667,1574.4989319581614,460.91298985825955,4.613961560674909,0.0,1247.648930771721,113.28000000000023,236,79.9999999999976,79.9999999999976,2.842170943040401e-14,0.5592077525110486
96,20,0.2,0.0,0.07194669853419143,recent_contact,persistent_damage,7014,0.9693510913304404,0.8786422673593263,0.0,1.0000000000000075,1.0000000000000075,0.20833333333333334,1574.4989319581614,203.22712740365202,7.68085056575948,0.0,1361.521214595211,113.28000000000023,236,80.0000000000006,80.0000000000006,2.842170943040401e-14,0.5195914865341144
96,20,0.1,0.0,0.07194669853419143,recent_contact,persistent_damage,7014,0.9686962595714298,0.8759660428180398,0.0,0.9999999999999967,0.9999999999999967,0.20833333333333334,1574.4989319581614,202.9660431408897,7.600495222664255,0.0,1360.0075794171164,113.28000000000023,236,79.99999999999973,79.99999999999973,2.842170943040401e-14,0.5193163795885427
96,20,0.05,0.0,0.07194669853419143,recent_contact,persistent_damage,7014,0.9683598962217026,0.8756970639160083,0.0,0.99999999999997,0.99999999999997,0.20833333333333334,1574.4989319581614,202.8397553130207,7.560406085302544,0.0,1359.2894602816925,113.28000000000023,236,79.9999999999976,79.9999999999976,2.842170943040401e-14,0.5191863355079612
96,20,0.2,0.0,0.07194669853419143,experience_swap,persistent_damage,7014,0.9670334200363582,0.901179182704858,0.0,1.0000000000000075,1.0000000000000075,0.21354166666666666,1574.4989319581614,192.71731401772692,8.073353376204444,0.0,1351.1405574610321,113.28000000000023,236,80.0000000000006,80.0000000000006,4.263256414560601e-14,0.5228062758215571
96,20,0.1,0.0,0.07194669853419143,experience_swap,persistent_damage,7014,0.9711365971910364,0.896835316091176,0.0,0.9999999999999967,0.9999999999999967,0.265625,1574.4989319581614,195.87892282106583,8.534897289732742,0.0,1464.7439726767816,113.28000000000023,236,79.99999999999973,79.99999999999973,2.842170943040401e-14,0.5334486399099801
96,20,0.05,0.0,0.07194669853419143,experience_swap,persistent_damage,7014,0.9707563831720216,0.8954471183627047,0.0,0.99999999999997,0.99999999999997,0.265625,1574.4989319581614,195.72151590607015,8.488637761705853,0.0,1463.7938764795408,113.28000000000023,236,79.9999999999976,79.9999999999976,2.842170943040401e-14,0.5326733508240324
96,20,0.2,0.0,0.0,fixed,persistent_damage,7015,0.5886017868888559,0.0010962195622472538,0.4166666666666667,1.0000000000000075,1.0000000000000075,1.0,1586.5669923517542,530.0536474751937,12.27913322834467,51.474773147491625,1274.0744586820392,0.0,0,80.0000000000006,80.0000000000006,4.263256414560601e-14,0.5166507853610687
96,20,0.1,0.0,0.0,fixed,persistent_damage,7015,0.5885793831571305,0.0009805606363587757,0.4166666666666667,0.9999999999999967,0.9999999999999967,1.0,1586.5669923517542,530.030679278527,12.273804963042377,51.16751742394132,1274.014261660107,0.0,0,79.99999999999973,79.99999999999973,2.842170943040401e-14,0.515824841889057
96,20,0.05,0.0,0.0,fixed,persistent_damage,7015,0.5885675066292465,0.0009253979069622396,0.4166666666666667,0.99999999999997,0.99999999999997,1.0,1586.5669923517542,530.0193339054547,12.271157085801907,51.01431573457544,1273.984390737668,0.0,0,79.9999999999976,79.9999999999976,4.263256414560601e-14,0.5154035226341503
96,20,0.2,0.0,0.07139944329239215,random_swap,persistent_damage,7015,0.7223458716006766,0.3842383516101006,0.19444444444444445,1.0000000000000075,1.0000000000000075,0.109375,1586.5669923517542,440.1337183142186,5.225027430925519,0.0,1287.0036896633542,113.28000000000023,236,80.0000000000006,80.0000000000006,2.842170943040401e-14,0.6067476966259902
96,20,0.1,0.0,0.07139944329239215,random_swap,persistent_damage,7015,0.7220094507787876,0.38283315968666426,0.19444444444444445,0.9999999999999967,0.9999999999999967,0.109375,1586.5669923517542,439.67360783797466,5.178505349540689,0.0,1285.807459964902,113.28000000000023,236,79.99999999999973,79.99999999999973,2.842170943040401e-14,0.6051420262847386
96,20,0.05,0.0,0.07139944329239215,random_swap,persistent_damage,7015,0.7218257930358573,0.38208922977846965,0.19444444444444445,0.99999999999997,0.99999999999997,0.109375,1586.5669923517542,439.45137958613253,5.155158358631753,0.0,1285.2319550593354,113.28000000000023,236,79.9999999999976,79.9999999999976,2.842170943040401e-14,0.6044702386248765
96,20,0.2,0.0,0.07139944329239215,recent_contact,persistent_damage,7015,0.9570222369675486,0.8434039010281892,0.0,1.0000000000000075,1.0000000000000075,0.16145833333333334,1586.5669923517542,227.54499352208896,7.421304487661794,0.0,1425.9469996997484,113.28000000000023,236,80.0000000000006,80.0000000000006,2.842170943040401e-14,0.6017254903587558
96,20,0.1,0.0,0.07139944329239215,recent_contact,persistent_damage,7015,0.9433335512494344,0.7957664544467573,0.0,0.9999999999999967,0.9999999999999967,0.16145833333333334,1586.5669923517542,234.09240714374695,7.396774073542258,0.0,1446.7934111868585,113.28000000000023,236,79.99999999999973,79.99999999999973,4.263256414560601e-14,0.5995847294127727
96,20,0.05,0.0,0.07139944329239215,recent_contact,persistent_damage,7015,0.9430645402020149,0.7951777353833595,0.0,0.99999999999997,0.99999999999997,0.16145833333333334,1586.5669923517542,233.97189672116906,7.366526982715621,0.0,1446.1539915882872,113.28000000000023,236,79.9999999999976,79.9999999999976,4.263256414560601e-14,0.5985765114206381
96,20,0.2,0.0,0.07139944329239215,experience_swap,persistent_damage,7015,0.9512977896180694,0.8165628464566853,0.0,1.0000000000000075,1.0000000000000075,0.19791666666666666,1586.5669923517542,224.0069486370195,7.468881532593688,0.0,1416.2458206692613,113.28000000000023,236,80.0000000000006,80.0000000000006,2.842170943040401e-14,0.5694035086536141
96,20,0.1,0.0,0.07139944329239215,experience_swap,persistent_damage,7015,0.950697774412548,0.8135032619967892,0.0,0.9999999999999967,0.9999999999999967,0.19791666666666666,1586.5669923517542,223.59262922785416,7.403530815517777,0.0,1414.6654565461452,113.28000000000023,236,79.99999999999973,79.99999999999973,4.263256414560601e-14,0.5660621311192862
96,20,0.05,0.0,0.07139944329239215,experience_swap,persistent_damage,7015,0.9503895347728634,0.8119487433473558,0.0,0.99999999999997,0.99999999999997,0.19791666666666666,1586.5669923517542,223.3887554522596,7.370862209307414,0.0,1413.9202430141356,113.28000000000023,236,79.9999999999976,79.9999999999976,4.263256414560601e-14,0.564753160089829
96,20,0.2,0.0,0.0,fixed,persistent_damage,7016,0.7315382579059645,0.0009244747310093965,0.2777777777777778,1.0000000000000075,1.0000000000000075,1.0,1588.11839945717,422.6835542554796,13.048529408902809,54.97817193160647,1518.4647738934057,0.0,0,80.0000000000006,80.0000000000006,4.263256414560601e-14,0.5349142021988204
96,20,0.1,0.0,0.0,fixed,persistent_damage,7016,0.7314894640080989,0.0008996441277757245,0.2777777777777778,0.9999999999999967,0.9999999999999967,1.0,1588.11839945717,422.7934563224875,13.035595077351507,54.55711862929042,1518.713645212806,0.0,0,79.99999999999973,79.99999999999973,4.263256414560601e-14,0.5350117127668768
96,20,0.05,0.0,0.0,fixed,persistent_damage,7016,0.7314639078104168,0.0008873014046112697,0.2777777777777778,0.99999999999997,0.99999999999997,1.0,1588.11839945717,422.8479419304122,13.029048082591178,54.34716872725711,1518.836056780569,0.0,0,79.9999999999976,79.9999999999976,4.263256414560601e-14,0.5350568658281694
96,20,0.2,0.0,0.07132969433432679,random_swap,persistent_damage,7016,0.7750156309768,0.5069884555744885,0.09722222222222222,1.0000000000000075,1.0000000000000075,0.10416666666666667,1588.11839945717,394.42953241895566,6.188047121240756,0.0,1366.1664734978863,113.28000000000023,236,80.0000000000006,80.0000000000006,2.842170943040401e-14,0.5785360968517715
96,20,0.1,0.0,0.07132969433432679,random_swap,persistent_damage,7016,0.7746436874285221,0.505282302902594,0.09722222222222222,0.9999999999999967,0.9999999999999967,0.10416666666666667,1588.11839945717,393.913579789472,6.133067632326492,0.0,1364.6446622990045,113.28000000000023,236,79.99999999999973,79.99999999999973,4.263256414560601e-14,0.5787207960522814
96,20,0.05,0.0,0.07132969433432679,random_swap,persistent_damage,7016,0.7744304692759929,0.504376899526756,0.09722222222222222,0.99999999999997,0.99999999999997,0.10416666666666667,1588.11839945717,393.65518504044405,6.10446899332124,0.0,1363.9017993600705,113.28000000000023,236,79.9999999999976,79.9999999999976,2.842170943040401e-14,0.5786962738835452
96,20,0.2,0.0,0.07132969433432679,recent_contact,persistent_damage,7016,0.898897357963962,0.6868724080603864,0.013888888888888888,1.0000000000000075,1.0000000000000075,0.21354166666666666,1588.11839945717,279.02271913271017,7.3005772644973375,0.0,1400.743082936142,113.28000000000023,236,80.0000000000006,80.0000000000006,2.842170943040401e-14,0.5875435663586142
96,20,0.1,0.0,0.07132969433432679,recent_contact,persistent_damage,7016,0.8985067157868253,0.6858464867700975,0.013888888888888888,0.9999999999999967,0.9999999999999967,0.21354166666666666,1588.11839945717,278.6406002493997,7.252050141017385,0.0,1399.2597774060496,113.28000000000023,236,79.99999999999973,79.99999999999973,4.263256414560601e-14,0.585769485813095
96,20,0.05,0.0,0.07132969433432679,recent_contact,persistent_damage,7016,0.8983009767829994,0.685308051546066,0.013888888888888888,0.99999999999997,0.99999999999997,0.21354166666666666,1588.11839945717,278.4559479253072,7.227587766250422,0.0,1398.5925117258137,113.28000000000023,236,79.9999999999976,79.9999999999976,4.263256414560601e-14,0.5849027069180613
96,20,0.2,0.0,0.07132969433432679,experience_swap,persistent_damage,7016,0.966978628237604,0.8775997086173429,0.013888888888888888,1.0000000000000075,1.0000000000000075,0.24479166666666666,1588.11839945717,213.08505523263022,8.643973705119505,0.0,1416.172461593585,113.28000000000023,236,80.0000000000006,80.0000000000006,2.842170943040401e-14,0.5571080263838177
96,20,0.1,0.0,0.07132969433432679,experience_swap,persistent_damage,7016,0.9713023783369695,0.8812336840545105,0.0,0.9999999999999967,0.9999999999999967,0.21875,1588.11839945717,208.0832093130393,8.613825305330506,0.0,1404.6681385786744,113.28000000000023,236,79.99999999999973,79.99999999999973,5.684341886080802e-14,0.553742345506518
96,20,0.05,0.0,0.07132969433432679,experience_swap,persistent_damage,7016,0.9710145185337864,0.8796075556272092,0.0,0.99999999999997,0.99999999999997,0.21875,1588.11839945717,207.8843768007301,8.574810760387587,0.0,1403.8294744806492,113.28000000000023,236,79.9999999999976,79.9999999999976,2.842170943040401e-14,0.5525471777089572
96,20,0.2,0.0,0.0,fixed,persistent_damage,7017,0.781238829486462,0.04467455117437556,0.18055555555555555,1.0000000000000075,1.0000000000000075,1.0,1582.0924026559849,466.92680602606475,10.1699984538,4.1518796819505965,1458.33257859164,0.0,0,80.0000000000006,80.0000000000006,4.263256414560601e-14,0.5408510463765388
96,20,0.1,0.0,0.0,fixed,persistent_damage,7017,0.7811840051065115,0.04406966464086133,0.18055555555555555,0.9999999999999967,0.9999999999999967,1.0,1582.0924026559849,466.9355389298772,10.152107830502523,3.811645370950854,1458.430817505101,0.0,0,79.99999999999973,79.99999999999973,4.263256414560601e-14,0.5410066947775751
96,20,0.05,0.0,0.0,fixed,persistent_damage,7017,0.7811540526188897,0.04376682646735843,0.18055555555555555,0.99999999999997,0.99999999999997,1.0,1582.0924026559849,466.94039788077026,10.142855801875342,3.6427964877004184,1458.4770825397995,0.0,0,79.9999999999976,79.9999999999976,4.263256414560601e-14,0.5410884894696643
96,20,0.2,0.0,0.07160138043127447,random_swap,persistent_damage,7017,0.7432326688612203,0.4658070421481703,0.16666666666666666,1.0000000000000075,1.0000000000000075,0.10416666666666667,1582.0924026559849,417.9299765622902,6.075708580167618,0.0,1337.1718810262005,113.28000000000023,236,80.0000000000006,80.0000000000006,4.263256414560601e-14,0.5874929848232956
96,20,0.1,0.0,0.07160138043127447,random_swap,persistent_damage,7017,0.742835305983653,0.46349944256743764,0.16666666666666666,0.9999999999999967,0.9999999999999967,0.10416666666666667,1582.0924026559849,417.32328748728617,6.017365093999348,0.0,1335.5734433494026,113.28000000000023,236,79.99999999999973,79.99999999999973,4.263256414560601e-14,0.5854805186850813
96,20,0.05,0.0,0.07160138043127447,random_swap,persistent_damage,7017,0.7426255482996792,0.46239986217068996,0.16666666666666666,0.99999999999997,0.99999999999997,0.10416666666666667,1582.0924026559849,417.0292293424949,5.988373306995142,0.0,1334.8080257091376,113.28000000000023,236,79.9999999999976,79.9999999999976,2.842170943040401e-14,0.5844581949980305
96,20,0.2,0.0,0.07160138043127447,recent_contact,persistent_damage,7017,0.936273239562026,0.8095094291448938,0.027777777777777776,1.0000000000000075,1.0000000000000075,0.20833333333333334,1582.0924026559849,233.728132785342,7.130893068180902,0.0,1413.8648808821483,113.28000000000023,236,80.0000000000006,80.0000000000006,4.263256414560601e-14,0.5524442956085482
96,20,0.1,0.0,0.07160138043127447,recent_contact,persistent_damage,7017,0.9356544933824605,0.8089693428428515,0.027777777777777776,0.9999999999999967,0.9999999999999967,0.20833333333333334,1582.0924026559849,233.33717241987694,7.057652185650474,0.0,1412.3384447491705,113.28000000000023,236,79.99999999999973,79.99999999999973,2.842170943040401e-14,0.551914324782351
96,20,0.05,0.0,0.07160138043127447,recent_contact,persistent_damage,7017,0.9353395703836577,0.8073530238092419,0.027777777777777776,0.99999999999997,0.99999999999997,0.20833333333333334,1582.0924026559849,233.148105006729,7.021429192178278,0.0,1411.6101771190306,113.28000000000023,236,79.9999999999976,79.9999999999976,2.842170943040401e-14,0.5518518881289678
96,20,0.2,0.0,0.07160138043127447,experience_swap,persistent_damage,7017,0.9451702813921309,0.791725014154252,0.0,1.0000000000000075,1.0000000000000075,0.23958333333333334,1582.0924026559849,224.47033123885012,7.677011313591683,0.0,1446.3318129986383,113.28000000000023,236,80.0000000000006,80.0000000000006,4.263256414560601e-14,0.5408546797883456
96,20,0.1,0.0,0.07160138043127447,experience_swap,persistent_damage,7017,0.971458254458064,0.912632731408001,0.0,0.9999999999999967,0.9999999999999967,0.21875,1582.0924026559849,193.10172157083392,8.68683197658692,0.0,1469.821101632838,113.28000000000023,236,79.99999999999973,79.99999999999973,2.842170943040401e-14,0.5545394175359173
96,20,0.05,0.0,0.07160138043127447,experience_swap,persistent_damage,7017,0.97113133850181,0.911670133732501,0.0,0.99999999999997,0.99999999999997,0.21875,1582.0924026559849,192.9119985999302,8.644758247655421,0.0,1468.8408288574765,113.28000000000023,236,79.9999999999976,79.9999999999976,4.263256414560601e-14,0.5543871248439459
96,20,0.2,0.0,0.0,fixed,persistent_damage,7018,0.6811287636592249,8.085414599301528e-05,0.3333333333333333,1.0000000000000075,1.0000000000000075,1.0,1596.4658901420858,401.3362906807168,12.496025752793276,109.91132769555117,1341.3617367520908,0.0,0,80.0000000000006,80.0000000000006,2.842170943040401e-14,0.49166055789018603
96,20,0.1,0.0,0.0,fixed,persistent_damage,7018,0.6810588609517357,6.676394818037612e-05,0.3333333333333333,0.9999999999999967,0.9999999999999967,1.0,1596.4658901420858,401.4055685955391,12.486115209063817,109.53545716891722,1341.5594221954416,0.0,0,79.99999999999973,79.99999999999973,2.842170943040401e-14,0.49161495642353753
96,20,0.05,0.0,0.0,fixed,persistent_damage,7018,0.6810232389559514,6.0360895825354745e-05,0.3333333333333333,0.99999999999997,0.99999999999997,1.0,1596.4658901420858,401.4396439445795,12.481152080187307,109.34746122487024,1341.6582493558224,0.0,0,79.9999999999976,79.9999999999976,4.263256414560601e-14,0.4913245077093278
96,20,0.2,0.0,0.07095673055057775,random_swap,persistent_damage,7018,0.7332775791129226,0.42068868973164253,0.2361111111111111,1.0000000000000075,1.0000000000000075,0.13020833333333334,1596.4658901420858,447.63791484632316,5.558597624281809,0.1341568929320056,1281.1562710199414,113.28000000000023,236,80.0000000000006,80.0000000000006,2.842170943040401e-14,0.5865978991101618
96,20,0.1,0.0,0.07095673055057775,random_swap,persistent_damage,7018,0.732809020122903,0.4193883085915045,0.2361111111111111,0.9999999999999967,0.9999999999999967,0.13020833333333334,1596.4658901420858,447.18916284699094,5.502545884123265,0.06861070333320196,1279.8070205850192,113.28000000000023,236,79.99999999999973,79.99999999999973,4.263256414560601e-14,0.5837253723495692
96,20,0.05,0.0,0.07095673055057775,random_swap,persistent_damage,7018,0.7325603067991774,0.41877312868989314,0.2361111111111111,0.99999999999997,0.99999999999997,0.13020833333333334,1596.4658901420858,446.97293991434094,5.47463203126531,0.04031980402347202,1279.177369804223,113.28000000000023,236,79.9999999999976,79.9999999999976,2.842170943040401e-14,0.5824923226684217
96,20,0.2,0.0,0.07095673055057775,recent_contact,persistent_damage,7018,0.9835256535583004,0.9764142221459611,0.0,1.0000000000000075,1.0000000000000075,0.19791666666666666,1596.4658901420858,194.87507233862158,9.428906154433063,0.0,1456.4623634117252,113.28000000000023,236,80.0000000000006,80.0000000000006,2.842170943040401e-14,0.5809012301734907
96,20,0.1,0.0,0.07095673055057775,recent_contact,persistent_damage,7018,0.9831070137569231,0.9748556487329483,0.0,0.9999999999999967,0.9999999999999967,0.19791666666666666,1596.4658901420858,194.51270746127508,9.36219899960411,0.0,1454.6005826396208,113.28000000000023,236,79.99999999999973,79.99999999999973,2.842170943040401e-14,0.5810968164535375
96,20,0.05,0.0,0.07095673055057775,recent_contact,persistent_damage,7018,0.9828946284323834,0.9741484996105981,0.0,0.99999999999997,0.99999999999997,0.19791666666666666,1596.4658901420858,194.33753114791068,9.32932527527081,0.0,1453.7506769067436,113.28000000000023,236,79.9999999999976,79.9999999999976,4.263256414560601e-14,0.5811908083103088
96,20,0.2,0.0,0.07095673055057775,experience_swap,persistent_damage,7018,1.0,1.0,0.0,1.0000000000000075,1.0000000000000075,0.24479166666666666,1596.4658901420858,172.18226110653146,12.471744990272608,0.0,1424.6116734435789,113.28000000000023,236,80.0000000000006,80.0000000000006,4.263256414560601e-14,0.5911879968627526
96,20,0.1,0.0,0.07095673055057775,experience_swap,persistent_damage,7018,0.9948831956225577,0.9838762384255249,0.0,0.9999999999999967,0.9999999999999967,0.20833333333333334,1596.4658901420858,184.97896463444775,10.137348708642527,0.0,1463.2024782197045,113.28000000000023,236,79.99999999999973,79.99999999999973,4.263256414560601e-14,0.570653830283384
96,20,0.05,0.0,0.07095673055057775,experience_swap,persistent_damage,7018,0.9895725632302266,0.975907053646898,0.0,0.99999999999997,0.99999999999997,0.22395833333333334,1596.4658901420858,201.80974136252058,9.100015478235433,0.0,1458.853189810296,113.28000000000023,236,79.9999999999976,79.9999999999976,4.263256414560601e-14,0.5739668672676252
96,20,0.2,0.0,0.0,fixed,persistent_damage,7019,0.6870359194068622,0.01089840450580774,0.2916666666666667,1.0000000000000075,1.0000000000000075,1.0,1589.5672308398453,440.92093521671603,10.256392923931754,69.10731741779686,1289.6074322906843,0.0,0,80.0000000000006,80.0000000000006,4.263256414560601e-14,0.47232717345425146
96,20,0.1,0.0,0.0,fixed,persistent_damage,7019,0.6868709533971816,0.010521704424279086,0.2916666666666667,0.9999999999999967,0.9999999999999967,1.0,1589.5672308398453,441.03198413834207,10.235828003127706,68.74411053236831,1289.4858334792937,0.0,0,79.99999999999973,79.99999999999973,4.263256414560601e-14,0.47268223327614317
96,20,0.05,0.0,0.0,fixed,persistent_damage,7019,0.6867842158738308,0.010324796683384969,0.2916666666666667,0.99999999999997,0.99999999999997,1.0,1589.5672308398453,441.08867060720416,10.22509286344475,68.56473480167408,1289.412292404461,0.0,0,79.9999999999976,79.9999999999976,4.263256414560601e-14,0.4729370533908551
96,20,0.2,0.0,0.07126467997213866,random_swap,persistent_damage,7019,0.7621997337849304,0.4560415448355543,0.1388888888888889,1.0000000000000075,1.0000000000000075,0.125,1589.5672308398453,410.76285409442926,5.541444040472283,0.0,1303.4695754922736,113.28000000000023,236,80.0000000000006,80.0000000000006,2.842170943040401e-14,0.5716025463068678
96,20,0.1,0.0,0.07126467997213866,random_swap,persistent_damage,7019,0.7617337947532061,0.45579362578065397,0.1388888888888889,0.9999999999999967,0.9999999999999967,0.125,1589.5672308398453,410.2374529351769,5.48455400836858,0.0,1302.1112423436819,113.28000000000023,236,79.99999999999973,79.99999999999973,4.263256414560601e-14,0.5713326414533451
96,20,0.05,0.0,0.07126467997213866,random_swap,persistent_damage,7019,0.761488434273055,0.4556656169342515,0.1527777777777778,0.99999999999997,0.99999999999997,0.125,1589.5672308398453,409.983420312978,5.456261941297594,0.0,1301.463972572013,113.28000000000023,236,79.9999999999976,79.9999999999976,4.263256414560601e-14,0.5711998319475367
96,20,0.2,0.0,0.07126467997213866,recent_contact,persistent_damage,7019,0.9161018250767262,0.6916070898341834,0.013888888888888888,1.0000000000000075,1.0000000000000075,0.1875,1589.5672308398453,257.2085950274148,6.913322240261678,0.0357528789112771,1445.4990281665755,113.28000000000023,236,80.0000000000006,80.0000000000006,4.263256414560601e-14,0.5834477075491808
96,20,0.1,0.0,0.07126467997213866,recent_contact,persistent_damage,7019,0.9155781716125518,0.6903463264749634,0.013888888888888888,0.9999999999999967,0.9999999999999967,0.1875,1589.5672308398453,256.9772116710057,6.864601483329041,0.01231865641451213,1444.220682019051,113.28000000000023,236,79.99999999999973,79.99999999999973,5.684341886080802e-14,0.5834178230156115
96,20,0.05,0.0,0.07126467997213866,recent_contact,persistent_damage,7019,0.9153043053203029,0.6897044280231565,0.013888888888888888,0.99999999999997,0.99999999999997,0.1875,1589.5672308398453,256.86165503929396,6.840109491174836,0.0023250845053963687,1443.6222835828157,113.28000000000023,236,79.9999999999976,79.9999999999976,4.263256414560601e-14,0.5834034838037985
96,20,0.2,0.0,0.07126467997213866,experience_swap,persistent_damage,7019,0.9584407269304639,0.8352333685468769,0.0,1.0000000000000075,1.0000000000000075,0.23958333333333334,1589.5672308398453,218.0757195941632,8.16129876372515,0.0,1444.2866718619557,113.28000000000023,236,80.0000000000006,80.0000000000006,2.842170943040401e-14,0.5636411938661304
96,20,0.1,0.0,0.07126467997213866,experience_swap,persistent_damage,7019,0.9752245859848199,0.9240985323716041,0.0,0.9999999999999967,0.9999999999999967,0.20833333333333334,1589.5672308398453,198.21476592433348,10.003874705948933,0.0,1547.577617652172,113.28000000000023,236,79.99999999999973,79.99999999999973,4.263256414560601e-14,0.5607282608073885
96,20,0.05,0.0,0.07126467997213866,experience_swap,persistent_damage,7019,0.9743811907260671,0.9229324750096232,0.0,0.99999999999997,0.99999999999997,0.203125,1589.5672308398453,198.76794457021023,9.949408097469036,0.0,1551.0272434290466,113.28000000000023,236,79.9999999999976,79.9999999999976,4.263256414560601e-14,0.5595303787253503
