n,scenario,seed,dt,rate,policy,service,p10,messages,requests,swaps,resource_cost,pulse_messages,signal_messages,pulse_requests,signal_requests,active_need_end,source_reach_end,max_mass_error,max_flow_ratio,max_message_budget_excess,minimum_request_gap,allowed_message_envelope,active_edges,phase0_service,phase0_messages,phase1_service,phase1_messages,phase2_service,phase2_messages,phase3_service,phase3_messages
96,uniform,12000,0.2,1.0,fixed,0.9781174645784917,0.9999999999999967,0,0,0,0.0,0,0,0,0,3,1.0,4.263256414560601e-14,1.0000000000000004,0.0,-1.0,13809.6,192,0.9823651078253278,0,0.9767208282858942,0,0.9782771184804385,0,0.9787359557738169,0
96,uniform,12000,0.2,1.0,pulse_only,0.9999830856789172,0.9999999999999967,11112,359,312,7.488,11112,0,359,0,0,1.0,5.684341886080802e-14,1.0000000000000002,0.0,31.999999999999986,13809.6,192,0.997215858370186,2648,0.9999323427156691,2160,1.0,2048,1.0,4256
96,uniform,12000,0.2,1.0,hybrid_75,0.9999999999999998,0.9999999999999968,8152,264,227,5.448,8152,0,264,0,0,1.0,8.526512829121202e-14,1.0000000000000004,0.0,42.599999999999994,13809.6,192,0.9992159163257042,2152,1.0,1344,1.0,1672,1.0,2984
96,uniform,12000,0.2,1.0,hybrid_50,0.9999999999999998,0.9999999999999968,5424,173,159,3.8160000000000003,5424,0,173,0,0,1.0,5.684341886080802e-14,1.0000000000000002,0.0,63.999999999999986,13809.6,192,0.9987957259193918,1192,1.0,1208,1.0,944,1.0,2080
96,uniform,12000,0.2,1.0,hybrid_25,0.9981699615578216,0.999999999999996,2960,94,88,2.112,2616,344,83,11,0,1.0,4.263256414560601e-14,1.0000000000000002,0.0,32.0,13809.6,192,0.9885250927281801,848,0.9948307206075515,416,0.9997575283633842,800,0.9990457986301755,896
96,uniform,12000,0.2,1.0,signal_only,0.9956523677874353,0.9999999999999967,496,17,11,0.264,0,496,0,17,1,1.0,4.263256414560601e-14,1.0000000000000002,0.0,24.0,13809.6,192,0.9976444532287944,216,0.9934946826396635,112,0.9928264982166412,88,0.9981441451467183,80
96,uniform,12000,0.2,4.0,fixed,0.9781174645784917,0.9999999999999967,0,0,0,0.0,0,0,0,0,3,1.0,4.263256414560601e-14,1.0000000000000004,0.0,-1.0,48326.4,192,0.9823651078253278,0,0.9767208282858942,0,0.9782771184804385,0,0.9787359557738169,0
96,uniform,12000,0.2,4.0,pulse_only,0.9999999999999998,0.9999999999999968,44184,1439,1206,28.944,44184,0,1439,0,0,1.0,5.684341886080802e-14,1.0000000000000002,0.0,7.999999999999986,48326.4,192,1.0,11216,1.0,8168,1.0,8192,1.0,16608
96,uniform,12000,0.2,4.0,hybrid_75,0.9999999999999998,0.9999999999999968,33216,1079,915,21.96,33216,0,1079,0,0,1.0,5.684341886080802e-14,1.0000000000000002,0.0,10.599999999999994,48326.4,192,1.0,8256,1.0,6152,1.0,6352,1.0,12456
96,uniform,12000,0.2,4.0,hybrid_50,0.9999999999999998,0.9999999999999968,22264,719,626,15.024000000000001,22264,0,719,0,0,1.0,8.526512829121202e-14,1.0000000000000002,0.0,15.999999999999986,48326.4,192,1.0,5400,1.0,4280,1.0,4144,1.0,8440
96,uniform,12000,0.2,4.0,hybrid_25,0.9999999999999998,0.9999999999999968,11256,362,321,7.704,11160,96,359,3,0,1.0,5.684341886080802e-14,1.0000000000000002,0.0,8.0,48326.4,192,0.9990975657726847,2736,1.0,2152,1.0,2056,1.0,4312
96,uniform,12000,0.2,4.0,signal_only,0.9951141020348354,0.9999999999999967,632,24,7,0.168,0,632,0,24,1,1.0,4.263256414560601e-14,1.0000000000000002,0.0,8.0,48326.4,192,0.9979484185090692,272,0.9966471198813952,96,0.9947414031599738,72,0.9945339425489865,192
96,uniform,12001,0.2,1.0,fixed,0.94521619248157,0.8879632234310549,0,0,0,0.0,0,0,0,0,8,1.0,4.263256414560601e-14,1.0000000000000002,0.0,-1.0,13809.6,192,0.9606443232334261,0,0.9440801681539582,0,0.9454123417761149,0,0.9456861299981034,0
96,uniform,12001,0.2,1.0,pulse_only,1.0000000000000002,0.9999999999999972,11096,358,313,7.5120000000000005,11096,0,358,0,0,1.0,4.263256414560601e-14,1.0000000000000002,0.0,31.999999999999986,13809.6,192,0.9997703729224737,2560,1.0,2168,1.0,2208,1.0000000000000004,4160
96,uniform,12001,0.2,1.0,hybrid_75,0.9983775809605384,0.9999999999999966,8192,264,232,5.5680000000000005,8192,0,264,0,0,1.0,4.263256414560601e-14,1.0000000000000002,0.0,42.599999999999994,13809.6,192,0.9951997934941554,2088,0.9935103238421531,1328,1.0,1568,1.0000000000000004,3208
96,uniform,12001,0.2,1.0,hybrid_50,0.999858593571528,0.9999999999999971,5472,174,162,3.888,5352,120,170,4,0,1.0,4.263256414560601e-14,1.0000000000000002,0.0,24.0,13809.6,192,0.9920047401158001,1168,0.9994343742861115,1456,1.0,824,1.0000000000000004,2024
96,uniform,12001,0.2,1.0,hybrid_25,0.997639008922925,0.9969167729811039,2864,94,76,1.824,2520,344,82,12,0,1.0,5.684341886080802e-14,1.0000000000000002,0.0,24.0,13809.6,192,0.9912987158774607,528,0.9946043691551167,584,0.99958672767279,792,0.9981824694318967,960
96,uniform,12001,0.2,1.0,signal_only,0.9673591611654052,0.9979817627358852,1160,43,16,0.384,0,1160,0,43,6,1.0,4.263256414560601e-14,1.0000000000000002,0.0,23.999999999999986,13809.6,192,0.9852285030252333,272,0.970605475775654,240,0.9700883724687149,208,0.9643713982086258,440
96,uniform,12001,0.2,4.0,fixed,0.94521619248157,0.8879632234310549,0,0,0,0.0,0,0,0,0,8,1.0,4.263256414560601e-14,1.0000000000000002,0.0,-1.0,48326.4,192,0.9606443232334261,0,0.9440801681539582,0,0.9454123417761149,0,0.9456861299981034,0
96,uniform,12001,0.2,4.0,pulse_only,1.0000000000000002,0.9999999999999972,44616,1438,1263,30.312,44616,0,1438,0,0,1.0,5.684341886080802e-14,1.0000000000000002,0.0,7.999999999999986,48326.4,192,1.0,11184,1.0,8288,1.0,8296,1.0000000000000004,16848
96,uniform,12001,0.2,4.0,hybrid_75,1.0000000000000002,0.9999999999999972,33520,1078,956,22.944,33520,0,1078,0,0,1.0,4.263256414560601e-14,1.0000000000000004,0.0,10.599999999999994,48326.4,192,1.0,8304,1.0,6128,1.0,6320,1.0000000000000004,12768
96,uniform,12001,0.2,4.0,hybrid_50,1.0000000000000002,0.9999999999999972,22448,718,652,15.648,22448,0,718,0,0,1.0,4.263256414560601e-14,1.0000000000000002,0.0,15.999999999999986,48326.4,192,1.0,5368,1.0,4224,1.0,4272,1.0000000000000004,8584
96,uniform,12001,0.2,4.0,hybrid_25,1.0000000000000002,0.9999999999999972,11168,359,319,7.656000000000001,11136,32,358,1,0,1.0,4.263256414560601e-14,1.0000000000000002,0.0,8.0,48326.4,192,0.9998412815087131,2592,1.0,2168,1.0,2192,1.0000000000000004,4216
96,uniform,12001,0.2,4.0,signal_only,0.9628706980103805,0.9988623271944107,2104,84,11,0.264,0,2104,0,84,4,1.0,4.263256414560601e-14,1.0000000000000002,0.0,7.999999999999986,48326.4,192,0.9854824553479582,576,0.9656699468189867,448,0.9629281388010449,360,0.9614423532107451,720
96,uniform,12002,0.2,1.0,fixed,0.8948153746460924,0.43451635812691813,0,0,0,0.0,0,0,0,0,10,1.0,4.263256414560601e-14,0.9551964986391516,0.0,-1.0,13809.6,192,0.9167767518216728,0,0.8944106840790278,0,0.8949078746768053,0,0.8949714699142685,0
96,uniform,12002,0.2,1.0,pulse_only,0.9939343049827069,0.9999999999999958,11000,358,301,7.224,11000,0,358,0,0,1.0,4.263256414560601e-14,1.0000000000000004,0.0,31.999999999999986,13809.6,192,0.9834743771786604,2680,0.9808569629766697,2080,0.994977099838303,2016,0.9999515785579272,4224
96,uniform,12002,0.2,1.0,hybrid_75,0.9657131936773304,0.9552296894244604,8208,271,213,5.112,7952,256,262,9,6,1.0,4.263256414560601e-14,1.0000000000000002,0.0,24.0,13809.6,192,0.965818367383574,1992,0.9571196276471411,1448,0.9744737369560339,1760,0.9656297050530734,3008
96,uniform,12002,0.2,1.0,hybrid_50,0.9682191099380819,0.9977871912731129,5792,193,145,3.48,5336,456,176,17,2,1.0,4.263256414560601e-14,1.0000000000000002,0.0,24.0,13809.6,192,0.9580714017658123,1288,0.9629205820166733,1096,0.9649827785625643,1144,0.9724865395865447,2264
96,uniform,12002,0.2,1.0,hybrid_25,0.978454755511476,0.9999999999999958,3224,108,79,1.8960000000000001,2616,608,86,22,3,1.0,4.263256414560601e-14,1.0000000000000002,0.0,23.999999999999993,13809.6,192,0.9577194527637795,960,0.9639019290631243,552,0.985063665963253,432,0.9824267135097631,1280
96,uniform,12002,0.2,1.0,signal_only,0.9303416670075447,0.8606902676546986,2512,95,29,0.6960000000000001,0,2512,0,95,12,1.0,4.263256414560601e-14,1.0000000000000002,0.0,24.0,13809.6,192,0.9378800230727615,656,0.9201558334014285,608,0.9284630024649961,416,0.9363739160818768,832
96,uniform,12002,0.2,4.0,fixed,0.8948153746460924,0.43451635812691813,0,0,0,0.0,0,0,0,0,10,1.0,4.263256414560601e-14,0.9551964986391516,0.0,-1.0,48326.4,192,0.9167767518216728,0,0.8944106840790278,0,0.8949078746768053,0,0.8949714699142685,0
96,uniform,12002,0.2,4.0,pulse_only,0.9927471496165503,0.9972678308988527,43288,1438,1097,26.328,43288,0,1438,0,2,1.0,4.263256414560601e-14,1.0000000000000002,0.0,7.999999999999986,48326.4,192,0.982738156816495,10904,0.992326393692626,7896,0.9872924599629843,8192,0.9956848724052954,16296
96,uniform,12002,0.2,4.0,hybrid_75,0.9934619186821102,0.995813747193473,33104,1093,859,20.616,32712,392,1078,15,0,1.0,4.263256414560601e-14,1.0000000000000002,0.0,7.999999999999986,48326.4,192,0.9815662575963275,8088,0.98535632939028,6312,0.9936840067029364,6368,0.9974036693176124,12336
96,uniform,12002,0.2,4.0,hybrid_50,0.983217625636943,0.9662339023237538,22904,760,583,13.992,21776,1128,718,42,6,1.0,4.263256414560601e-14,1.0000000000000004,0.0,7.9999999999999964,48326.4,192,0.970352180630122,5656,0.9644300328825226,4400,0.9852506397590842,4280,0.9915949149530828,8568
96,uniform,12002,0.2,4.0,hybrid_25,0.9891501208498147,0.9999999999999953,11712,390,294,7.056,10856,856,357,33,1,1.0,4.263256414560601e-14,1.0000000000000002,0.0,7.9999999999999964,48326.4,192,0.984245796857404,2936,0.9771392831106278,2272,0.9895036889534404,2088,0.9949787556675947,4416
96,uniform,12002,0.2,4.0,signal_only,0.9390885471619235,0.8912905286501649,6416,261,19,0.456,0,6416,0,261,13,1.0,4.263256414560601e-14,1.0000000000000002,0.0,7.999999999999993,48326.4,192,0.9497393395534446,1632,0.9337704402165382,1256,0.94163385542819,1248,0.9404749465014828,2280
96,uniform,12003,0.2,1.0,fixed,0.8612939327708845,0.17126863694704464,0,0,0,0.0,0,0,0,0,17,1.0,4.263256414560601e-14,1.0000000000000002,0.0,-1.0,13809.6,192,0.8907190198320472,0,0.8607349788772628,0,0.8613977368035143,0,0.8615215077013805,0
96,uniform,12003,0.2,1.0,pulse_only,0.9535596306275951,0.9470159414696853,10736,357,271,6.5040000000000004,10736,0,357,0,3,1.0,4.263256414560601e-14,1.0000000000000002,0.0,31.999999999999986,13809.6,192,0.9403879300327377,2680,0.9468595850595317,2064,0.9492213258403579,2088,0.9590788058052451,3904
96,uniform,12003,0.2,1.0,hybrid_75,0.9423003720362083,0.9342316933202963,8000,270,190,4.5600000000000005,7672,328,257,13,9,1.0,4.263256414560601e-14,1.0000000000000002,0.0,23.999999999999986,13809.6,192,0.9298720560530843,1824,0.9309015702841557,1512,0.9459798103202903,1696,0.9461600537701932,2968
96,uniform,12003,0.2,1.0,hybrid_50,0.9412932972802016,0.9028116722016208,5992,203,140,3.36,5248,744,174,29,11,1.0,4.263256414560601e-14,1.0000000000000002,0.0,24.0,13809.6,192,0.9309154952201991,1312,0.9242639800775792,1424,0.9417342026102556,976,0.9495875032164859,2280
96,uniform,12003,0.2,1.0,hybrid_25,0.906503491679785,0.8088192782146394,4456,160,77,1.848,2640,1816,88,72,12,1.0,4.263256414560601e-14,1.0000000000000002,0.0,23.999999999999986,13809.6,192,0.9022979353333097,1072,0.9090490883967821,752,0.9037461348923599,720,0.9066093717149988,1912
96,uniform,12003,0.2,1.0,signal_only,0.8789803552218088,0.4288073808336498,2704,112,2,0.048,0,2704,0,112,16,1.0,4.263256414560601e-14,1.0000000000000002,0.0,23.999999999999986,13809.6,192,0.9101864447443564,784,0.8792313947707163,408,0.8789156549019691,384,0.878887185607275,1128
96,uniform,12003,0.2,4.0,fixed,0.8612939327708845,0.17126863694704464,0,0,0,0.0,0,0,0,0,17,1.0,4.263256414560601e-14,1.0000000000000002,0.0,-1.0,48326.4,192,0.8907190198320472,0,0.8607349788772628,0,0.8613977368035143,0,0.8615215077013805,0
96,uniform,12003,0.2,4.0,pulse_only,0.9771471994354246,0.9537864266316506,43248,1437,1095,26.28,43248,0,1437,0,4,1.0,4.263256414560601e-14,1.0000000000000004,0.0,7.999999999999986,48326.4,192,0.9710707259074058,10856,0.9552469952430084,7792,0.968302508468808,8264,0.9925196470149411,16336
96,uniform,12003,0.2,4.0,hybrid_75,0.975275148180267,0.9661917411938724,32856,1112,771,18.504,31944,912,1076,36,2,1.0,4.263256414560601e-14,1.0000000000000004,0.0,7.999999999999986,48326.4,192,0.9673563269251603,8024,0.9665390727336117,6384,0.9660684859047431,6064,0.9842465170413566,12384
96,uniform,12003,0.2,4.0,hybrid_50,0.9733217725601678,0.9776922826660853,23024,775,553,13.272,21544,1480,715,60,3,1.0,4.263256414560601e-14,1.0000000000000002,0.0,7.999999999999993,48326.4,192,0.9589452870268469,5704,0.9610736142813557,4472,0.9632392196461704,4424,0.9844871281565728,8424
96,uniform,12003,0.2,4.0,hybrid_25,0.9689561420900826,0.9509865581611189,13336,457,296,7.104,10712,2624,355,102,3,1.0,5.684341886080802e-14,1.0000000000000002,0.0,7.999999999999993,48326.4,192,0.9568720271060713,3528,0.9383645196707103,2824,0.960205283779248,2512,0.9886273824551862,4472
96,uniform,12003,0.2,4.0,signal_only,0.8789803552218088,0.4288073808336498,7336,305,2,0.048,0,7336,0,305,16,1.0,4.263256414560601e-14,1.0000000000000002,0.0,7.999999999999986,48326.4,192,0.9101864447443564,1576,0.8792313947707163,1512,0.8789156549019691,1368,0.878887185607275,2880
96,uniform,12004,0.2,1.0,fixed,0.8756782753584745,0.21911876324325325,0,0,0,0.0,0,0,0,0,14,1.0,4.263256414560601e-14,1.0000000000000002,0.0,-1.0,13809.6,192,0.8932138622417757,0,0.8730966438490002,0,0.8751372392865193,0,0.8772396091491893,0
96,uniform,12004,0.2,1.0,pulse_only,0.9557208537495747,0.8965297323373816,10768,360,266,6.384,10768,0,360,0,2,1.0,4.263256414560601e-14,1.0000000000000002,0.0,31.999999999999986,13809.6,192,0.9379469758797031,2776,0.9563708654765618,1992,0.9301006909276013,1920,0.9682059292970681,4080
96,uniform,12004,0.2,1.0,hybrid_75,0.9308641953432507,0.7648449265812831,8448,281,213,5.112,8120,328,269,12,8,1.0,4.263256414560601e-14,1.0000000000000004,0.0,24.0,13809.6,192,0.9244141084112386,2112,0.9368453954907418,1712,0.8982504587700155,1520,0.9441804635561226,3104
96,uniform,12004,0.2,1.0,hybrid_50,0.9766042053688416,0.9945113605394225,6232,205,164,3.936,5696,536,186,19,4,1.0,4.263256414560601e-14,1.0000000000000002,0.0,24.0,13809.6,192,0.9449243550955626,1880,0.9721601364194995,864,0.9624295056871591,1392,0.9859135896843542,2096
96,uniform,12004,0.2,1.0,hybrid_25,0.9380119360026867,0.8785416808516808,4064,139,91,2.184,2776,1288,91,48,6,1.0,4.263256414560601e-14,1.0000000000000004,0.0,23.999999999999986,13809.6,192,0.9250489235314572,1120,0.9245184139850973,992,0.9386411018601812,752,0.9444441140827339,1200
96,uniform,12004,0.2,1.0,signal_only,0.9278693192996774,0.8463239508199724,2248,86,23,0.552,0,2248,0,86,10,1.0,4.263256414560601e-14,1.0000000000000002,0.0,23.999999999999986,13809.6,192,0.9086717726544097,664,0.9256819475718975,584,0.9296155585694474,376,0.9280898855286821,624
96,uniform,12004,0.2,4.0,fixed,0.8756782753584745,0.21911876324325325,0,0,0,0.0,0,0,0,0,14,1.0,4.263256414560601e-14,1.0000000000000002,0.0,-1.0,48326.4,192,0.8932138622417757,0,0.8730966438490002,0,0.8751372392865193,0,0.8772396091491893,0
96,uniform,12004,0.2,4.0,pulse_only,0.9855186924120893,0.964019208679543,43440,1440,1110,26.64,43440,0,1440,0,0,1.0,4.263256414560601e-14,1.0000000000000004,0.0,7.999999999999986,48326.4,192,0.984971647471944,10960,0.9678091085228038,8088,0.9867204679814184,8296,0.9937725965720674,16096
96,uniform,12004,0.2,4.0,hybrid_75,0.9603808225388588,0.9143203623246468,33440,1123,811,19.464,32128,1312,1075,48,4,1.0,4.263256414560601e-14,1.0000000000000002,0.0,7.999999999999986,48326.4,192,0.9745036158482313,8408,0.9425346023236357,6328,0.9728312782265585,6344,0.9630787048026207,12360
96,uniform,12004,0.2,4.0,hybrid_50,0.9468845980020756,0.8782357237417906,23744,808,544,13.056000000000001,21288,2456,717,91,6,1.0,4.263256414560601e-14,1.0000000000000004,0.0,7.999999999999986,48326.4,192,0.9598667038233583,6176,0.9450938306893414,4448,0.9493902382341181,4376,0.9465271615424214,8744
96,uniform,12004,0.2,4.0,hybrid_25,0.9574743827136898,0.9222351346547224,13472,457,313,7.5120000000000005,10944,2528,360,97,5,1.0,4.263256414560601e-14,1.0000000000000002,0.0,7.999999999999993,48326.4,192,0.9527600338892479,3592,0.9277910853124373,2480,0.966949564194878,2352,0.967578440673722,5048
96,uniform,12004,0.2,4.0,signal_only,0.9241102526762692,0.8532489679938321,5384,215,28,0.672,0,5384,0,215,10,1.0,4.263256414560601e-14,1.0000000000000002,0.0,7.999999999999986,48326.4,192,0.9208676446545231,1784,0.9244759113057182,864,0.9234400751375453,936,0.9242625121309069,1800
96,uniform,12005,0.2,1.0,fixed,0.9184013930234605,0.7293349660901896,0,0,0,0.0,0,0,0,0,11,1.0,4.263256414560601e-14,0.9969429564549558,0.0,-1.0,13809.6,192,0.9479741247073702,0,0.9173362716909578,0,0.9185361045208055,0,0.9188665979410391,0
96,uniform,12005,0.2,1.0,pulse_only,0.9817516240623234,0.9379349763811023,10760,359,268,6.432,10760,0,359,0,1,1.0,4.263256414560601e-14,1.0000000000000002,0.0,31.999999999999986,13809.6,192,0.9842377689270073,2792,0.9747251371456416,2144,0.9838377272740554,1992,0.9842218159147984,3832
96,uniform,12005,0.2,1.0,hybrid_75,0.9873679706106598,0.9989216905008075,8208,273,207,4.968,8096,112,269,4,3,1.0,4.263256414560601e-14,1.0000000000000002,0.0,24.0,13809.6,192,0.9825360941769559,2144,0.975422430297761,1496,0.9845840789561326,1584,0.9947326865943726,2984
96,uniform,12005,0.2,1.0,hybrid_50,0.9775979051938442,0.9817322528701039,5808,194,144,3.456,5344,464,176,18,2,1.0,4.263256414560601e-14,1.0000000000000002,0.0,24.0,13809.6,192,0.9686502399316634,1512,0.9529085281106587,1256,0.9761833947760968,1032,0.9906498489443104,2008
96,uniform,12005,0.2,1.0,hybrid_25,0.9802845756450085,0.9786739117107318,3712,124,92,2.208,2768,944,91,33,0,1.0,4.263256414560601e-14,1.0000000000000002,0.0,23.999999999999993,13809.6,192,0.9738519678720025,1072,0.9658386805405642,728,0.980792722083983,536,0.9872534499777432,1376
96,uniform,12005,0.2,1.0,signal_only,0.9430886196039607,0.9326795330822405,1528,61,8,0.192,0,1528,0,61,9,1.0,4.263256414560601e-14,1.0000000000000002,0.0,23.999999999999986,13809.6,192,0.9635166100229275,416,0.9404751169794144,368,0.9436385761174794,288,0.9441203926594744,456
96,uniform,12005,0.2,4.0,fixed,0.9184013930234605,0.7293349660901896,0,0,0,0.0,0,0,0,0,11,1.0,4.263256414560601e-14,0.9969429564549558,0.0,-1.0,48326.4,192,0.9479741247073702,0,0.9173362716909578,0,0.9185361045208055,0,0.9188665979410391,0
96,uniform,12005,0.2,4.0,pulse_only,0.9996975326337785,0.9999999999999973,43416,1439,1110,26.64,43416,0,1439,0,0,1.0,2.842170943040401e-14,1.0000000000000002,0.0,7.999999999999986,48326.4,192,0.99685641481546,10960,0.9990951261862363,8040,0.9996950043488767,8096,1.0000000000000004,16320
96,uniform,12005,0.2,4.0,hybrid_75,0.9993776478063523,0.9999999999999958,32776,1086,839,20.136,32600,176,1079,7,0,1.0,4.263256414560601e-14,1.0000000000000002,0.0,7.9999999999999964,48326.4,192,0.9945543265882087,8216,0.9982806297479419,6128,1.0000000000000002,6272,0.9996149807387334,12160
96,uniform,12005,0.2,4.0,hybrid_50,0.9960713736891491,0.9890553154710492,22008,735,546,13.104000000000001,21568,440,719,16,0,1.0,4.263256414560601e-14,1.0000000000000004,0.0,7.9999999999999964,48326.4,192,0.9945772579184451,5520,0.9995977132521425,4184,0.9846877815044524,4200,1.0000000000000004,8104
96,uniform,12005,0.2,4.0,hybrid_25,0.9935563470775718,0.9938788486849212,11848,400,281,6.744,10784,1064,359,41,1,1.0,4.263256414560601e-14,1.0000000000000002,0.0,7.999999999999993,48326.4,192,0.9858241764426225,3288,0.9796572470580724,2584,0.9968598807392982,2088,0.9988541302564583,3888
96,uniform,12005,0.2,4.0,signal_only,0.9460535601717377,0.9326809380344235,4024,165,8,0.192,0,4024,0,165,9,1.0,4.263256414560601e-14,1.0000000000000002,0.0,7.999999999999986,48326.4,192,0.9678597012317556,784,0.9454495072343015,864,0.9458189075256848,840,0.9464729129634822,1536
96,uniform,12006,0.2,1.0,fixed,0.9623932082208151,0.9897818488192638,0,0,0,0.0,0,0,0,0,6,1.0,4.263256414560601e-14,1.0000000000000002,0.0,-1.0,13809.6,192,0.9821246627553766,0,0.9632752420212878,0,0.9621158342841268,0,0.9620908782889228,0
96,uniform,12006,0.2,1.0,pulse_only,0.9999999999999997,0.9999999999999969,11208,359,324,7.776,11208,0,359,0,0,1.0,5.684341886080802e-14,1.0000000000000002,0.0,31.999999999999986,13809.6,192,0.999634790113638,2560,0.9999999999999994,2144,0.9999999999999994,2216,0.9999999999999998,4288
96,uniform,12006,0.2,1.0,hybrid_75,0.9998447324954938,0.999999999999996,8576,273,253,6.072,8576,0,273,0,0,1.0,8.526512829121202e-14,1.0000000000000002,0.0,42.599999999999994,13809.6,192,0.9997467849367688,2192,0.9993789299819759,1520,0.9999999999999994,1240,0.9999999999999998,3624
96,uniform,12006,0.2,1.0,hybrid_50,0.9999999999999997,0.9999999999999969,5464,175,158,3.7920000000000003,5432,32,174,1,0,1.0,5.684341886080802e-14,1.0000000000000002,0.0,32.0,13809.6,192,0.9965392318155104,1400,0.9999999999999994,912,0.9999999999999994,1184,0.9999999999999998,1968
96,uniform,12006,0.2,1.0,hybrid_25,0.9998159593614416,0.9999999999999963,2720,86,82,1.968,2592,128,82,4,0,1.0,8.526512829121202e-14,1.0000000000000004,0.0,32.0,13809.6,192,0.997816989505155,544,0.9992638374457673,768,0.9999999999999994,784,0.9999999999999998,624
96,uniform,12006,0.2,1.0,signal_only,0.9811523050884282,0.9999999999999951,832,33,5,0.12,0,832,0,33,5,1.0,4.263256414560601e-14,1.0000000000000004,0.0,23.999999999999986,13809.6,192,0.9961863988587657,232,0.9815202337676356,168,0.9810416412908832,120,0.9810236726475973,312
96,uniform,12006,0.2,4.0,fixed,0.9623932082208151,0.9897818488192638,0,0,0,0.0,0,0,0,0,6,1.0,4.263256414560601e-14,1.0000000000000002,0.0,-1.0,48326.4,192,0.9821246627553766,0,0.9632752420212878,0,0.9621158342841268,0,0.9620908782889228,0
96,uniform,12006,0.2,4.0,pulse_only,0.9999999999999997,0.9999999999999969,44256,1439,1215,29.16,44256,0,1439,0,0,1.0,8.526512829121202e-14,1.0000000000000002,0.0,7.999999999999986,48326.4,192,0.9999999999999994,11200,0.9999999999999994,8472,0.9999999999999994,8008,0.9999999999999998,16576
96,uniform,12006,0.2,4.0,hybrid_75,0.9999999999999997,0.9999999999999969,33400,1079,938,22.512,33400,0,1079,0,0,1.0,8.526512829121202e-14,1.0000000000000002,0.0,10.599999999999994,48326.4,192,0.9999999999999994,8536,0.9999999999999994,6024,0.9999999999999994,6064,0.9999999999999998,12776
96,uniform,12006,0.2,4.0,hybrid_50,0.9999999999999997,0.9999999999999969,22136,719,610,14.64,22136,0,719,0,0,1.0,8.526512829121202e-14,1.0000000000000004,0.0,15.999999999999986,48326.4,192,0.9999999999999994,5424,0.9999999999999994,4072,0.9999999999999994,4208,0.9999999999999998,8432
96,uniform,12006,0.2,4.0,hybrid_25,0.9999999999999997,0.9999999999999969,11312,361,331,7.944,11248,64,359,2,0,1.0,8.526512829121202e-14,1.0000000000000002,0.0,8.0,48326.4,192,0.9997121244591212,2640,0.9999999999999994,2152,0.9999999999999994,2232,0.9999999999999998,4288
96,uniform,12006,0.2,4.0,signal_only,0.9811523050884282,0.9999999999999951,2056,84,5,0.12,0,2056,0,84,5,1.0,4.263256414560601e-14,1.0000000000000004,0.0,7.999999999999986,48326.4,192,0.9961863988587657,256,0.9815202337676356,456,0.9810416412908832,456,0.9810236726475973,888
96,uniform,12007,0.2,1.0,fixed,0.9639948710083541,0.9999999999999961,0,0,0,0.0,0,0,0,0,6,1.0,4.263256414560601e-14,1.0000000000000002,0.0,-1.0,13809.6,192,0.9845402581930077,0,0.9647362969246966,0,0.9637441698041709,0,0.9637495086522748,0
96,uniform,12007,0.2,1.0,pulse_only,1.0,0.9999999999999967,11032,358,305,7.32,11032,0,358,0,0,1.0,5.684341886080802e-14,1.0000000000000002,0.0,31.999999999999986,13809.6,192,0.9978517712678605,2800,0.9999999999999998,2216,0.9999999999999998,2048,1.0,3968
96,uniform,12007,0.2,1.0,hybrid_75,0.9994446943922789,0.9999999999999963,8496,273,243,5.832,8464,32,272,1,0,1.0,5.684341886080802e-14,1.0000000000000002,0.0,32.0,13809.6,192,0.9949513997701006,2096,0.9999098804475561,1688,0.9978688971215596,1736,1.0,2976
96,uniform,12007,0.2,1.0,hybrid_50,0.9985588623988072,0.9999999999999963,5792,189,157,3.7680000000000002,5648,144,184,5,0,1.0,5.684341886080802e-14,1.0000000000000002,0.0,24.0,13809.6,192,0.997139968133096,1568,0.9999999999999998,1088,0.9969762791692514,1032,0.9986295852129891,2104
96,uniform,12007,0.2,1.0,hybrid_25,0.995909240866718,0.9982697539095644,3136,103,83,1.992,2736,400,90,13,0,1.0,5.684341886080802e-14,1.0000000000000002,0.0,24.0,13809.6,192,0.9914587189840319,1056,0.98468680604156,528,0.9989501574253125,656,1.0,896
96,uniform,12007,0.2,1.0,signal_only,0.9856894782953913,0.9999936145573838,624,23,9,0.216,0,624,0,23,3,1.0,4.263256414560601e-14,1.0000000000000002,0.0,23.999999999999986,13809.6,192,0.9926909841277528,240,0.9834062752318292,48,0.9822356981012375,80,0.988557969924249,256
96,uniform,12007,0.2,4.0,fixed,0.9639948710083541,0.9999999999999961,0,0,0,0.0,0,0,0,0,6,1.0,4.263256414560601e-14,1.0000000000000002,0.0,-1.0,48326.4,192,0.9845402581930077,0,0.9647362969246966,0,0.9637441698041709,0,0.9637495086522748,0
96,uniform,12007,0.2,4.0,pulse_only,1.0,0.9999999999999967,44216,1438,1213,29.112000000000002,44216,0,1438,0,0,1.0,5.684341886080802e-14,1.0000000000000002,0.0,7.999999999999986,48326.4,192,0.9999005838408377,11088,0.9999999999999998,8464,0.9999999999999998,8320,1.0,16344
96,uniform,12007,0.2,4.0,hybrid_75,1.0,0.9999999999999967,33136,1078,908,21.792,33136,0,1078,0,0,1.0,8.526512829121202e-14,1.0000000000000002,0.0,10.599999999999994,48326.4,192,0.9999999999999999,8464,0.9999999999999998,6224,0.9999999999999998,6224,1.0,12224
96,uniform,12007,0.2,4.0,hybrid_50,1.0,0.9999999999999967,22232,718,625,15.0,22232,0,718,0,0,1.0,5.684341886080802e-14,1.0000000000000002,0.0,15.999999999999986,48326.4,192,0.9999999999999999,5792,0.9999999999999998,4168,0.9999999999999998,4056,1.0,8216
96,uniform,12007,0.2,4.0,hybrid_25,1.0,0.9999999999999967,11168,361,313,7.5120000000000005,11072,96,358,3,0,1.0,5.684341886080802e-14,1.0000000000000002,0.0,8.0,48326.4,192,0.9992649978486527,2896,0.9999999999999998,2240,0.9999999999999998,2064,1.0,3968
96,uniform,12007,0.2,4.0,signal_only,0.9862758639568516,0.9999999999999954,1304,50,13,0.312,0,1304,0,50,2,1.0,4.263256414560601e-14,1.0000000000000002,0.0,7.999999999999993,48326.4,192,0.9934924835132392,400,0.9871119912280776,224,0.9853756516312878,288,0.9863079064840207,392
96,uniform,12008,0.2,1.0,fixed,0.9605725945361357,0.999999999999996,0,0,0,0.0,0,0,0,0,4,1.0,4.263256414560601e-14,1.0000000000000004,0.0,-1.0,13809.6,192,0.970138315494011,0,0.9602942788485559,0,0.9606738140793031,0,0.9606611426083421,0
96,uniform,12008,0.2,1.0,pulse_only,0.9999999999999994,0.9999999999999964,11104,358,314,7.5360000000000005,11104,0,358,0,0,1.0,4.263256414560601e-14,1.0000000000000004,0.0,31.999999999999986,13809.6,192,0.9954671251797141,2592,0.9999999999999997,2096,0.9999999999999997,2136,0.9999999999999991,4280
96,uniform,12008,0.2,1.0,hybrid_75,0.9999999999999994,0.9999999999999964,8344,267,242,5.808,8344,0,267,0,0,1.0,5.684341886080802e-14,1.0000000000000002,0.0,42.599999999999994,13809.6,192,0.9988902647474551,2008,0.9999999999999997,1656,0.9999999999999997,1440,0.9999999999999991,3240
96,uniform,12008,0.2,1.0,hybrid_50,0.9980991343539607,0.999999999999996,5600,178,166,3.984,5448,152,173,5,0,1.0,4.263256414560601e-14,1.0000000000000002,0.0,24.000000000000004,13809.6,192,0.9853412006214407,1384,0.9980009205452138,1056,0.9944743018860659,1048,0.9999606574922816,2112
96,uniform,12008,0.2,1.0,hybrid_25,0.9882322115649889,0.999999999999996,2880,94,78,1.872,2568,312,82,12,2,1.0,4.263256414560601e-14,1.0000000000000002,0.0,24.0,13809.6,192,0.9863520736382692,608,0.9704265241463017,576,0.9936763941747105,752,0.9944129639694718,944
96,uniform,12008,0.2,1.0,signal_only,0.9750844745007534,0.9975079643770665,872,34,7,0.168,0,872,0,34,5,1.0,4.263256414560601e-14,1.0000000000000004,0.0,24.0,13809.6,192,0.982054312253983,160,0.9755112947224516,224,0.9750364483530831,200,0.9748950774637394,288
96,uniform,12008,0.2,4.0,fixed,0.9605725945361357,0.999999999999996,0,0,0,0.0,0,0,0,0,4,1.0,4.263256414560601e-14,1.0000000000000004,0.0,-1.0,48326.4,192,0.970138315494011,0,0.9602942788485559,0,0.9606738140793031,0,0.9606611426083421,0
96,uniform,12008,0.2,4.0,pulse_only,0.9999999999999994,0.9999999999999964,44280,1438,1221,29.304000000000002,44280,0,1438,0,0,1.0,8.526512829121202e-14,1.0000000000000002,0.0,7.999999999999986,48326.4,192,0.9999999999999992,11240,0.9999999999999997,8272,0.9999999999999997,8144,0.9999999999999991,16624
96,uniform,12008,0.2,4.0,hybrid_75,0.9999189978822461,0.9999999999999961,33408,1081,933,22.392,33320,88,1078,3,0,1.0,8.526512829121202e-14,1.0000000000000002,0.0,8.0,48326.4,192,0.9982706858472895,8376,0.9999999999999997,6080,0.999675991528987,6240,0.9999999999999991,12712
96,uniform,12008,0.2,4.0,hybrid_50,0.9999999999999994,0.9999999999999964,22280,718,631,15.144,22280,0,718,0,0,1.0,8.526512829121202e-14,1.0000000000000002,0.0,15.999999999999986,48326.4,192,0.9999999999999992,5416,0.9999999999999997,4152,0.9999999999999997,4248,0.9999999999999991,8464
96,uniform,12008,0.2,4.0,hybrid_25,0.9999999999999994,0.9999999999999964,11216,362,316,7.5840000000000005,11096,120,358,4,0,1.0,4.263256414560601e-14,1.0000000000000004,0.0,8.0,48326.4,192,0.9982046578229136,2712,0.9999999999999997,2088,0.9999999999999997,2168,0.9999999999999991,4248
96,uniform,12008,0.2,4.0,signal_only,0.9745455562652667,0.999999999999996,1416,58,3,0.07200000000000001,0,1416,0,58,3,1.0,4.263256414560601e-14,1.0000000000000004,0.0,7.999999999999993,48326.4,192,0.9846040663938516,336,0.9742300805874716,240,0.9745925403004779,288,0.9746798020865588,552
96,uniform,12009,0.2,1.0,fixed,0.8685808083830527,0.027648663030436102,0,0,0,0.0,0,0,0,0,15,1.0,4.263256414560601e-14,1.0000000000000002,0.0,-1.0,13809.6,192,0.8992122441622605,0,0.8686509456995968,0,0.8685661049227824,0,0.8685530914549159,0
96,uniform,12009,0.2,1.0,pulse_only,0.9475045115988783,0.9634850505365123,10848,359,279,6.696,10848,0,359,0,6,1.0,4.263256414560601e-14,1.0000000000000004,0.0,31.999999999999986,13809.6,192,0.9303702894253952,2632,0.9472339707382049,2168,0.952951240651705,2000,0.9449164175028015,4048
96,uniform,12009,0.2,1.0,hybrid_75,0.9455452930156286,0.9775083334830617,8384,279,211,5.064,8120,264,269,10,10,1.0,4.263256414560601e-14,1.0000000000000002,0.0,23.999999999999986,13809.6,192,0.9361728788438156,2120,0.9354425297022545,1536,0.950941605603618,1608,0.9478985183783206,3120
96,uniform,12009,0.2,1.0,hybrid_50,0.9238829968014952,0.8990353548210481,6136,207,146,3.504,5576,560,184,23,7,1.0,4.263256414560601e-14,1.0000000000000002,0.0,23.999999999999986,13809.6,192,0.9171533322840985,1632,0.9118063732840861,960,0.9220340870955768,1328,0.9308457634131594,2216
96,uniform,12009,0.2,1.0,hybrid_25,0.9318751618533021,0.8339842828507247,3568,123,77,1.848,2632,936,86,37,6,1.0,4.263256414560601e-14,1.0000000000000004,0.0,23.999999999999993,13809.6,192,0.9205568177640573,1016,0.9117611533811192,832,0.9238366786441835,600,0.9459514076939528,1120
96,uniform,12009,0.2,1.0,signal_only,0.8827021454421462,0.153850089558813,2328,94,9,0.216,0,2328,0,94,13,1.0,4.263256414560601e-14,1.0000000000000002,0.0,23.999999999999986,13809.6,192,0.905432799921776,632,0.880976274262795,544,0.8838405453717454,312,0.8829958810670224,840
96,uniform,12009,0.2,4.0,fixed,0.8685808083830527,0.027648663030436102,0,0,0,0.0,0,0,0,0,15,1.0,4.263256414560601e-14,1.0000000000000002,0.0,-1.0,48326.4,192,0.8992122441622605,0,0.8686509456995968,0,0.8685661049227824,0,0.8685530914549159,0
96,uniform,12009,0.2,4.0,pulse_only,0.9783556476943962,0.9819077503106546,42488,1439,994,23.856,42488,0,1439,0,5,1.0,4.263256414560601e-14,1.0000000000000002,0.0,7.999999999999986,48326.4,192,0.9664082197195581,10816,0.9779147746236998,8032,0.9732445774683351,7976,0.981131619342775,15664
96,uniform,12009,0.2,4.0,hybrid_75,0.953274432884295,0.990899665066429,32384,1108,724,17.376,31496,888,1072,36,5,1.0,4.263256414560601e-14,1.0000000000000002,0.0,7.9999999999999964,48326.4,192,0.9602241155379008,8208,0.9547605614344742,6336,0.9534714235227381,5952,0.9524328732899837,11888
96,uniform,12009,0.2,4.0,hybrid_50,0.9767927589671713,0.9928172971484491,22776,761,564,13.536,21720,1056,719,42,3,1.0,5.684341886080802e-14,1.0000000000000004,0.0,7.999999999999986,48326.4,192,0.9555976892882369,6000,0.9669594163672922,4048,0.9695131014743267,4112,0.9853492590135334,8616
96,uniform,12009,0.2,4.0,hybrid_25,0.9475752231957775,0.9819387055241341,13432,470,269,6.456,10624,2808,358,112,5,1.0,4.263256414560601e-14,1.0000000000000002,0.0,7.999999999999986,48326.4,192,0.9412083902632268,3504,0.9506590400257423,2728,0.9485610273583359,2320,0.945540412699516,4880
96,uniform,12009,0.2,4.0,signal_only,0.8755297697221637,0.15273645971862426,6448,266,8,0.192,0,6448,0,266,14,1.0,4.263256414560601e-14,1.0000000000000004,0.0,7.999999999999986,48326.4,192,0.9092742218555561,1408,0.8758075787658598,1224,0.8754544234698839,1320,0.8754285383264558,2496
96,uniform,12010,0.2,1.0,fixed,0.8871294406315704,0.474346297807852,0,0,0,0.0,0,0,0,0,13,1.0,4.263256414560601e-14,1.0000000000000002,0.0,-1.0,13809.6,192,0.9177767470702264,0,0.8869184422165312,0,0.88719882492544,0,0.8872002476921552,0
96,uniform,12010,0.2,1.0,pulse_only,0.9882849903000546,0.9853267264440358,10728,359,264,6.336,10728,0,359,0,0,1.0,4.263256414560601e-14,1.0000000000000002,0.0,31.999999999999986,13809.6,192,0.9740578504464088,2640,0.97932435473959,2008,0.9857249250019736,2120,0.9940453407293275,3960
96,uniform,12010,0.2,1.0,hybrid_75,0.9883830955203508,0.987127469979803,8072,268,205,4.92,7920,152,262,6,3,1.0,2.842170943040401e-14,1.0000000000000002,0.0,23.999999999999986,13809.6,192,0.9614299784206681,1872,0.9687944741568479,1528,0.9941646187035421,1584,0.9952866446105062,3088
96,uniform,12010,0.2,1.0,hybrid_50,0.9606842289796709,0.9672098754738242,5792,198,130,3.12,5184,608,174,24,3,1.0,2.842170943040401e-14,1.0000000000000002,0.0,24.0,13809.6,192,0.9538445602368065,1456,0.9494676692479157,1184,0.9577860160112079,1032,0.9677416153297801,2120
96,uniform,12010,0.2,1.0,hybrid_25,0.9274389809581903,0.8804833822740223,4184,151,70,1.68,2512,1672,86,65,6,1.0,4.263256414560601e-14,1.0000000000000002,0.0,23.999999999999993,13809.6,192,0.9437904209893868,864,0.9112618548481038,816,0.9100773152129807,728,0.9442083768858385,1776
96,uniform,12010,0.2,1.0,signal_only,0.9300215757320203,0.8740522353766843,2304,91,15,0.36,0,2304,0,91,13,1.0,2.842170943040401e-14,1.0000000000000002,0.0,23.999999999999986,13809.6,192,0.9499827089466095,680,0.9266494625677747,488,0.9310675102835266,440,0.93118466503839,696
96,uniform,12010,0.2,4.0,fixed,0.8871294406315704,0.474346297807852,0,0,0,0.0,0,0,0,0,13,1.0,4.263256414560601e-14,1.0000000000000002,0.0,-1.0,48326.4,192,0.9177767470702264,0,0.8869184422165312,0,0.88719882492544,0,0.8872002476921552,0
96,uniform,12010,0.2,4.0,pulse_only,0.9934111618778613,0.9979059846016008,42832,1439,1037,24.888,42832,0,1439,0,1,1.0,4.263256414560601e-14,1.0000000000000002,0.0,7.999999999999986,48326.4,192,0.9821010798346012,10808,0.977211520403498,7664,0.998965863532871,8048,0.9987336317875382,16312
96,uniform,12010,0.2,4.0,hybrid_75,0.9855437884714102,0.9947476248087487,32440,1101,752,18.048000000000002,31832,608,1078,23,0,1.0,2.842170943040401e-14,1.0000000000000004,0.0,7.999999999999986,48326.4,192,0.9701772463897638,8064,0.9631764172004263,6088,0.9862628395735293,6080,0.9963679485558424,12208
96,uniform,12010,0.2,4.0,hybrid_50,0.9891055923739451,0.9796370085659952,22976,783,523,12.552,21344,1632,719,64,0,1.0,4.263256414560601e-14,1.0000000000000002,0.0,7.999999999999993,48326.4,192,0.9621281449257232,5952,0.9653193652057844,4496,0.9948408039313654,4160,0.9981311001793152,8368
96,uniform,12010,0.2,4.0,hybrid_25,0.9908604703834094,0.9937486927618921,11848,409,254,6.096,10592,1256,359,50,0,1.0,4.263256414560601e-14,1.0000000000000002,0.0,7.9999999999999964,48326.4,192,0.9746742219449303,3104,0.9839730577117823,2312,0.983306747591606,2344,0.9980810381151247,4088
96,uniform,12010,0.2,4.0,signal_only,0.9537890248215818,0.9134441610621242,5216,212,16,0.384,0,5216,0,212,11,1.0,2.842170943040401e-14,1.0000000000000002,0.0,7.999999999999986,48326.4,192,0.9600476858072414,1280,0.9527107243237061,984,0.9536386104423243,1008,0.9544033822601484,1944
96,uniform,12011,0.2,1.0,fixed,0.863527119339942,0.11949949461340365,0,0,0,0.0,0,0,0,0,15,1.0,4.263256414560601e-14,1.0000000000000002,0.0,-1.0,13809.6,192,0.8875725851591456,0,0.8634323616926716,0,0.8635410440215507,0,0.8635675358227728,0
96,uniform,12011,0.2,1.0,pulse_only,0.9551213279774045,0.8914343559224904,10808,356,283,6.792,10808,0,356,0,5,1.0,4.263256414560601e-14,1.0000000000000004,0.0,31.999999999999986,13809.6,192,0.9191847288498951,2680,0.9240667814001384,2144,0.9497637290086679,1968,0.9733274007504059,4016
96,uniform,12011,0.2,1.0,hybrid_75,0.9315522513798888,0.7990786064430945,8136,270,207,4.968,7840,296,259,11,10,1.0,4.263256414560601e-14,1.0000000000000004,0.0,23.999999999999986,13809.6,192,0.9153719438824305,1952,0.9075159280692026,1440,0.9304056211720299,1752,0.9441437281391614,2992
96,uniform,12011,0.2,1.0,hybrid_50,0.9439384247316721,0.9339689126647003,6272,210,154,3.696,5272,1000,174,36,7,1.0,4.263256414560601e-14,1.0000000000000002,0.0,24.0,13809.6,192,0.902071751252495,1456,0.925048078596042,1336,0.9428924480589276,1096,0.9539065861358594,2384
96,uniform,12011,0.2,1.0,hybrid_25,0.9152161043291875,0.7782595454809529,4304,151,85,2.04,2592,1712,87,64,10,1.0,4.263256414560601e-14,1.0000000000000002,0.0,23.999999999999993,13809.6,192,0.9183145601566803,1184,0.9262940863235511,576,0.9176900625029015,848,0.9084401342451487,1696
96,uniform,12011,0.2,1.0,signal_only,0.8943573683822414,0.63779792102088,2384,95,13,0.312,0,2384,0,95,13,1.0,4.263256414560601e-14,1.0000000000000002,0.0,23.999999999999986,13809.6,192,0.9174902620625595,728,0.8953020268055266,472,0.8937766488920854,344,0.8941753989156768,840
96,uniform,12011,0.2,4.0,fixed,0.863527119339942,0.11949949461340365,0,0,0,0.0,0,0,0,0,15,1.0,4.263256414560601e-14,1.0000000000000002,0.0,-1.0,48326.4,192,0.8875725851591456,0,0.8634323616926716,0,0.8635410440215507,0,0.8635675358227728,0
96,uniform,12011,0.2,4.0,pulse_only,0.962992181355102,0.9440270969678787,42480,1436,1002,24.048000000000002,42480,0,1436,0,10,1.0,4.263256414560601e-14,1.0000000000000002,0.0,7.999999999999986,48326.4,192,0.947914577273746,10768,0.9618591508634771,7848,0.9570730714353428,7976,0.9665182515607944,15888
96,uniform,12011,0.2,4.0,hybrid_75,0.9579255185245337,0.9588021042857511,32800,1121,737,17.688,31488,1312,1072,49,4,1.0,4.263256414560601e-14,1.0000000000000004,0.0,7.9999999999999964,48326.4,192,0.9275254209239362,8312,0.9486706109258319,6464,0.9436357139711733,6232,0.9696978746005647,11792
96,uniform,12011,0.2,4.0,hybrid_50,0.9457504540212135,0.9100479565449839,24112,824,542,13.008000000000001,21240,2872,713,111,5,1.0,4.263256414560601e-14,1.0000000000000002,0.0,7.999999999999986,48326.4,192,0.9399258876006126,5936,0.9382320460321397,4752,0.9458194320127847,4584,0.9494751690199646,8840
96,uniform,12011,0.2,4.0,hybrid_25,0.9439838447126764,0.9391678430648641,14280,500,285,6.84,10592,3688,356,144,4,1.0,4.263256414560601e-14,1.0000000000000002,0.0,7.999999999999986,48326.4,192,0.9344991443067721,3736,0.9258400151286934,3040,0.95133708167256,2536,0.9493791410247261,4968
96,uniform,12011,0.2,4.0,signal_only,0.8921885500355073,0.63779792102088,6288,257,15,0.36,0,6288,0,257,13,1.0,4.263256414560601e-14,1.0000000000000002,0.0,7.999999999999986,48326.4,192,0.9169652294731926,1544,0.8935510159731251,1288,0.8920107032902276,1248,0.8915962404393384,2208
96,uniform,12012,0.2,1.0,fixed,0.9226117435206498,0.8292937426261561,0,0,0,0.0,0,0,0,0,9,1.0,4.263256414560601e-14,1.0000000000000002,0.0,-1.0,13809.6,192,0.9351615409728659,0,0.9215693906202741,0,0.92291702557711,0,0.9229802789426075,0
96,uniform,12012,0.2,1.0,pulse_only,0.9922552345078679,0.9722693807707689,11056,357,311,7.464,11056,0,357,0,0,1.0,4.263256414560601e-14,1.0000000000000002,0.0,31.999999999999986,13809.6,192,0.9914135542307475,2648,0.9976869174281962,2192,0.9873171046381739,2144,0.9920084579825509,4072
96,uniform,12012,0.2,1.0,hybrid_75,0.9923999232126112,0.9999999999999961,8056,261,224,5.376,8032,24,260,1,0,1.0,4.263256414560601e-14,1.0000000000000002,0.0,23.999999999999986,13809.6,192,0.9903229094356442,2048,0.985466696210206,1336,0.9871227291182922,1696,0.998505133760973,2976
96,uniform,12012,0.2,1.0,hybrid_50,0.9827080348751116,0.9917378349374197,5736,188,153,3.672,5384,352,175,13,2,1.0,4.263256414560601e-14,1.0000000000000002,0.0,24.0,13809.6,192,0.9677859881755727,1216,0.9762881270704353,1360,0.9826047390909581,952,0.9859696366695264,2208
96,uniform,12012,0.2,1.0,hybrid_25,0.9669809103370314,0.9405752005921205,3456,119,75,1.8,2440,1016,83,36,0,1.0,2.842170943040401e-14,1.0000000000000002,0.0,23.999999999999986,13809.6,192,0.9795324552241891,816,0.970264829932064,752,0.9573922529761938,632,0.9701332792199334,1256
96,uniform,12012,0.2,1.0,signal_only,0.9475087776184218,0.991469028489534,1376,52,16,0.384,0,1376,0,52,7,1.0,2.842170943040401e-14,1.0000000000000002,0.0,23.999999999999986,13809.6,192,0.9674522555701285,432,0.9511681016119855,296,0.9457278730713972,216,0.9465695678951521,432
96,uniform,12012,0.2,4.0,fixed,0.9226117435206498,0.8292937426261561,0,0,0,0.0,0,0,0,0,9,1.0,4.263256414560601e-14,1.0000000000000002,0.0,-1.0,48326.4,192,0.9351615409728659,0,0.9215693906202741,0,0.92291702557711,0,0.9229802789426075,0
96,uniform,12012,0.2,4.0,pulse_only,0.9998995553424923,0.9999999999999961,44320,1437,1229,29.496000000000002,44320,0,1437,0,0,1.0,4.263256414560601e-14,1.0000000000000002,0.0,7.999999999999986,48326.4,192,0.9990998589972809,11128,0.999618951149701,8072,0.9999959889992655,8456,0.9999916406105014,16664
96,uniform,12012,0.2,4.0,hybrid_75,0.9999859732295703,0.9999999999999962,33272,1081,916,21.984,33168,104,1077,4,0,1.0,4.263256414560601e-14,1.0000000000000002,0.0,8.0,48326.4,192,0.9927357589395709,8088,0.9999438929182801,6272,0.9999999999999998,6408,1.0000000000000004,12504
96,uniform,12012,0.2,4.0,hybrid_50,0.9972672134883769,0.9974966569708791,22568,736,613,14.712,22064,504,717,19,0,1.0,4.263256414560601e-14,1.0000000000000002,0.0,7.9999999999999964,48326.4,192,0.9876572558812761,5600,0.9973117973462319,4208,0.9989235190503102,4232,0.9964167687784827,8528
96,uniform,12012,0.2,4.0,hybrid_25,0.9989860417090506,0.9999999999999958,11560,372,329,7.896,11144,416,357,15,0,1.0,4.263256414560601e-14,1.0000000000000002,0.0,8.0,48326.4,192,0.996907554846596,2808,0.9983433009233975,2320,0.9976008659128031,2232,1.0000000000000004,4200
96,uniform,12012,0.2,4.0,signal_only,0.9448885566502077,0.9999999999999956,3096,123,18,0.432,0,3096,0,123,6,1.0,4.263256414560601e-14,1.0000000000000002,0.0,7.999999999999986,48326.4,192,0.9719982423833601,936,0.9434732494881297,528,0.9446842285161675,528,0.9456983742982666,1104
96,uniform,12013,0.2,1.0,fixed,0.9007257731212279,0.4814133031673247,0,0,0,0.0,0,0,0,0,11,1.0,4.263256414560601e-14,1.0000000000000002,0.0,-1.0,13809.6,192,0.9231667193827816,0,0.9000583091590819,0,0.9007343298131173,0,0.9010552267563559,0
96,uniform,12013,0.2,1.0,pulse_only,0.9635817008401609,0.9365683893142179,10696,360,257,6.168,10696,0,360,0,6,1.0,5.684341886080802e-14,1.0000000000000004,0.0,31.999999999999986,13809.6,192,0.9662632682837462,2904,0.9669400348260403,1888,0.960648354560623,1944,0.9633692069869901,3960
96,uniform,12013,0.2,1.0,hybrid_75,0.9637070005483427,0.9283113003365668,8384,285,193,4.632,8016,368,272,13,5,1.0,5.684341886080802e-14,1.0000000000000002,0.0,24.0,13809.6,192,0.9728112257036245,2104,0.9716470024737232,1656,0.9712747049845669,1488,0.9559531473675403,3136
96,uniform,12013,0.2,1.0,hybrid_50,0.9693015263424226,0.9607976417326027,6008,202,145,3.48,5520,488,184,18,9,1.0,4.263256414560601e-14,1.0000000000000002,0.0,24.0,13809.6,192,0.9678859567600753,1720,0.9686980453903362,896,0.9708966528356209,1232,0.9688057035718667,2160
96,uniform,12013,0.2,1.0,hybrid_25,0.9750453740345699,0.9999999999999953,3552,121,81,1.944,2840,712,95,26,4,1.0,4.263256414560601e-14,1.0000000000000002,0.0,23.999999999999993,13809.6,192,0.9674793547411056,1200,0.9603519717545143,520,0.9690965644218955,640,0.9853664799809351,1192
96,uniform,12013,0.2,1.0,signal_only,0.9261477915771776,0.8780614077963075,2080,77,29,0.6960000000000001,0,2080,0,77,10,1.0,4.263256414560601e-14,1.0000000000000002,0.0,23.999999999999986,13809.6,192,0.9460542187284807,664,0.9258960384843676,496,0.9248307564656276,336,0.926932185679358,584
96,uniform,12013,0.2,4.0,fixed,0.9007257731212279,0.4814133031673247,0,0,0,0.0,0,0,0,0,11,1.0,4.263256414560601e-14,1.0000000000000002,0.0,-1.0,48326.4,192,0.9231667193827816,0,0.9000583091590819,0,0.9007343298131173,0,0.9010552267563559,0
96,uniform,12013,0.2,4.0,pulse_only,0.9942870546366904,0.9929103572243592,43088,1440,1066,25.584,43088,0,1440,0,3,1.0,5.684341886080802e-14,1.0000000000000004,0.0,7.999999999999986,48326.4,192,0.9831314222103712,10816,0.9927719278288846,8168,0.9891401207603685,8000,0.9976180849787544,16104
96,uniform,12013,0.2,4.0,hybrid_75,0.9944612129113629,0.997925132913299,32704,1100,788,18.912,32136,568,1080,20,1,1.0,4.263256414560601e-14,1.0000000000000002,0.0,8.0,48326.4,192,0.9820301727679659,8472,0.9863927947963875,6136,0.994114656559221,6072,0.9986687001449216,12024
96,uniform,12013,0.2,4.0,hybrid_50,0.9930530888184897,0.9940624195568966,22336,755,527,12.648,21416,920,720,35,0,1.0,4.263256414560601e-14,1.0000000000000002,0.0,7.999999999999986,48326.4,192,0.9830470848247785,5968,0.9848144709152622,4152,0.990179225872383,4208,0.998609329243157,8008
96,uniform,12013,0.2,4.0,hybrid_25,0.9817374247380608,0.9887575875144329,12224,419,271,6.5040000000000004,10664,1560,359,60,3,1.0,4.263256414560601e-14,1.0000000000000002,0.0,7.999999999999993,48326.4,192,0.971593612793707,3392,0.9744371459598824,2248,0.9844776013903843,2136,0.9840174758009884,4448
96,uniform,12013,0.2,4.0,signal_only,0.9304675063276568,0.9133508690449363,4776,187,36,0.864,0,4776,0,187,9,1.0,4.263256414560601e-14,1.0000000000000002,0.0,7.999999999999986,48326.4,192,0.9498539375694569,1552,0.9309755193896867,896,0.930778316275977,696,0.930058094822482,1632
96,uniform,12014,0.2,1.0,fixed,0.7677300436101332,0.0,0,0,0,0.0,0,0,0,0,24,1.0,2.842170943040401e-14,1.0000000000000002,0.0,-1.0,13809.6,192,0.8044895969778888,0,0.7673574690239434,0,0.7678432620083563,0,0.7678597217041163,0
96,uniform,12014,0.2,1.0,pulse_only,0.8678232562196195,0.5914755347412461,10272,353,225,5.4,10272,0,353,0,18,1.0,4.263256414560601e-14,1.0000000000000002,0.0,31.999999999999986,13809.6,192,0.8589446843013291,2696,0.8516752420447256,1872,0.886526968951379,1888,0.8665454069411868,3816
96,uniform,12014,0.2,1.0,hybrid_75,0.8270153184579934,0.0036605178831730606,8224,287,167,4.008,7712,512,266,21,16,1.0,4.263256414560601e-14,1.0000000000000002,0.0,24.0,13809.6,192,0.8508816302008703,1848,0.8295109348559453,1608,0.8209516508102427,1736,0.8287993440828926,3032
96,uniform,12014,0.2,1.0,hybrid_50,0.8517039759672039,0.07536778360786023,6480,229,123,2.952,5232,1248,179,50,16,1.0,4.263256414560601e-14,1.0000000000000002,0.0,24.0,13809.6,192,0.8474489134387729,1568,0.8570119104575299,1208,0.8512956453887971,1336,0.8492541740112444,2368
96,uniform,12014,0.2,1.0,hybrid_25,0.8331157914446499,0.12898085889720204,5280,193,81,1.944,2656,2624,90,103,21,1.0,4.263256414560601e-14,1.0000000000000002,0.0,23.999999999999986,13809.6,192,0.8170755904178726,1392,0.8431897813123007,1024,0.833314967443881,920,0.8279792085112088,1944
96,uniform,12014,0.2,1.0,signal_only,0.7953521949107373,4.747148656550882e-06,4056,165,12,0.28800000000000003,0,4056,0,165,22,1.0,4.263256414560601e-14,1.0000000000000002,0.0,23.999999999999986,13809.6,192,0.8225299541518563,1352,0.7951407403763859,592,0.7954396424661717,528,0.7954141984001954,1584
96,uniform,12014,0.2,4.0,fixed,0.7677300436101332,0.0,0,0,0,0.0,0,0,0,0,24,1.0,2.842170943040401e-14,1.0000000000000002,0.0,-1.0,48326.4,192,0.8044895969778888,0,0.7673574690239434,0,0.7678432620083563,0,0.7678597217041163,0
96,uniform,12014,0.2,4.0,pulse_only,0.8813450699073315,0.7020984345620167,41280,1433,861,20.664,41280,0,1433,0,15,1.0,4.263256414560601e-14,1.0000000000000002,0.0,7.999999999999986,48326.4,192,0.871398986138869,10408,0.8759660917071921,7816,0.8796046036040028,7776,0.8849047921590654,15280
96,uniform,12014,0.2,4.0,hybrid_75,0.8692007602913872,0.32365672332146567,33088,1157,665,15.96,30784,2304,1065,92,14,1.0,4.263256414560601e-14,1.0000000000000004,0.0,7.999999999999986,48326.4,192,0.8853600941964821,8184,0.8634126837726155,6392,0.8660634312916174,6248,0.8736634630506576,12264
96,uniform,12014,0.2,4.0,hybrid_50,0.8783570892851206,0.5913008993855204,24976,890,452,10.848,20432,4544,710,180,13,1.0,2.842170943040401e-14,1.0000000000000004,0.0,7.999999999999986,48326.4,192,0.8813347926479264,6344,0.871731336031544,4832,0.8717314035494955,4736,0.8849828087797215,9064
96,uniform,12014,0.2,4.0,hybrid_25,0.8658875101101393,0.4414581649257575,16696,616,239,5.736,10144,6552,351,265,15,1.0,4.263256414560601e-14,1.0000000000000002,0.0,7.999999999999986,48326.4,192,0.86267082732955,4488,0.8358695609838583,3320,0.8782682904973579,3024,0.8747060944796701,5864
96,uniform,12014,0.2,4.0,signal_only,0.7956070471642208,0.0,10504,433,14,0.336,0,10504,0,433,22,1.0,4.263256414560601e-14,1.0000000000000002,0.0,7.999999999999986,48326.4,192,0.8275156731167599,2584,0.7953682427838297,2016,0.7956652480363642,2064,0.7956973489183449,3840
96,uniform,12015,0.2,1.0,fixed,0.9935196723462452,0.9999999999999964,0,0,0,0.0,0,0,0,0,1,1.0,4.263256414560601e-14,1.0000000000000004,0.0,-1.0,13809.6,192,0.9842454735111462,0,0.9907112697239642,0,0.9936673817889541,0,0.994850018936031,0
96,uniform,12015,0.2,1.0,pulse_only,1.0,0.999999999999997,11128,356,323,7.752,11128,0,356,0,0,1.0,8.526512829121202e-14,1.0000000000000002,0.0,31.999999999999986,13809.6,192,0.9999196076804667,2864,1.0,2064,1.0,1944,1.0000000000000002,4256
96,uniform,12015,0.2,1.0,hybrid_75,1.0,0.999999999999997,8376,269,240,5.76,8376,0,269,0,0,1.0,8.526512829121202e-14,1.0000000000000002,0.0,42.599999999999994,13809.6,192,0.9994483475983582,2072,1.0,1472,1.0,1728,1.0000000000000002,3104
96,uniform,12015,0.2,1.0,hybrid_50,1.0,0.999999999999997,5528,177,160,3.84,5528,0,177,0,0,1.0,5.684341886080802e-14,1.0000000000000002,0.0,63.999999999999986,13809.6,192,0.9963496312235268,1264,1.0,1040,1.0,1160,1.0000000000000002,2064
96,uniform,12015,0.2,1.0,hybrid_25,1.0,0.999999999999997,2936,95,82,1.968,2808,128,91,4,0,1.0,5.684341886080802e-14,1.0000000000000002,0.0,32.0,13809.6,192,0.9990165249419052,768,1.0,504,1.0,576,1.0000000000000002,1088
96,uniform,12015,0.2,1.0,signal_only,1.0,0.999999999999997,128,4,4,0.096,0,128,0,4,0,1.0,4.263256414560601e-14,1.0000000000000004,0.0,1000000011.0,13809.6,192,0.998983076459372,128,1.0,0,1.0,0,1.0000000000000002,0
96,uniform,12015,0.2,4.0,fixed,0.9935196723462452,0.9999999999999964,0,0,0,0.0,0,0,0,0,1,1.0,4.263256414560601e-14,1.0000000000000004,0.0,-1.0,48326.4,192,0.9842454735111462,0,0.9907112697239642,0,0.9936673817889541,0,0.994850018936031,0
96,uniform,12015,0.2,4.0,pulse_only,1.0,0.999999999999997,44136,1436,1209,29.016000000000002,44136,0,1436,0,0,1.0,5.684341886080802e-14,1.0000000000000004,0.0,7.999999999999986,48326.4,192,1.0,11024,1.0,8472,1.0,8216,1.0000000000000002,16424
96,uniform,12015,0.2,4.0,hybrid_75,1.0,0.999999999999997,33216,1076,924,22.176000000000002,33216,0,1076,0,0,1.0,8.526512829121202e-14,1.0000000000000002,0.0,10.599999999999994,48326.4,192,1.0,8440,1.0,6160,1.0,6336,1.0000000000000002,12280
96,uniform,12015,0.2,4.0,hybrid_50,1.0,0.999999999999997,22120,716,617,14.808,22120,0,716,0,0,1.0,5.684341886080802e-14,1.0000000000000002,0.0,15.999999999999986,48326.4,192,1.0,5528,1.0,4256,1.0,4248,1.0000000000000002,8088
96,uniform,12015,0.2,4.0,hybrid_25,1.0,0.999999999999997,11088,357,315,7.5600000000000005,11056,32,356,1,0,1.0,5.684341886080802e-14,1.0000000000000002,0.0,8.0,48326.4,192,0.9999475194350093,2896,1.0,2064,1.0,1952,1.0000000000000002,4176
96,uniform,12015,0.2,4.0,signal_only,1.0,0.999999999999997,128,4,4,0.096,0,128,0,4,0,1.0,4.263256414560601e-14,1.0000000000000004,0.0,1000000011.0,48326.4,192,0.998983076459372,128,1.0,0,1.0,0,1.0000000000000002,0
96,uniform,12016,0.2,1.0,fixed,0.8496028839496126,0.006771883388493022,0,0,0,0.0,0,0,0,0,12,1.0,4.263256414560601e-14,1.0000000000000002,0.0,-1.0,13809.6,192,0.8712311304994343,0,0.8493627327929482,0,0.849631277939649,0,0.8497087625329265,0
96,uniform,12016,0.2,1.0,pulse_only,0.9301203945261852,0.8144781767499091,11008,359,299,7.176,11008,0,359,0,6,1.0,4.263256414560601e-14,1.0000000000000002,0.0,31.999999999999986,13809.6,192,0.9055427249126301,2848,0.9280792364657375,2160,0.9211800620223669,1984,0.9356111398083187,4016
96,uniform,12016,0.2,1.0,hybrid_75,0.9372036949668868,0.832672372389802,8384,279,211,5.064,8080,304,268,11,6,1.0,4.263256414560601e-14,1.0000000000000004,0.0,24.0,13809.6,192,0.9256392935501506,2096,0.9292784964577349,1616,0.9091455971563385,1632,0.955195343126737,3040
96,uniform,12016,0.2,1.0,hybrid_50,0.9482113819053868,0.9587635651276625,6112,205,149,3.576,5504,608,182,23,6,1.0,5.684341886080802e-14,1.0000000000000002,0.0,24.0,13809.6,192,0.9040959194551125,1704,0.9515418519229168,1096,0.9547453975440757,1240,0.9432791390772772,2072
96,uniform,12016,0.2,1.0,hybrid_25,0.9387425929723572,0.8552008208506626,3744,128,84,2.016,2832,912,93,35,4,1.0,4.263256414560601e-14,1.0000000000000002,0.0,23.999999999999993,13809.6,192,0.9116227837648156,1120,0.8941770479221491,848,0.9441319558998542,472,0.9583306840337124,1304
96,uniform,12016,0.2,1.0,signal_only,0.8823753067982472,0.372279308726519,2176,84,20,0.48,0,2176,0,84,10,1.0,4.263256414560601e-14,1.0000000000000002,0.0,23.999999999999986,13809.6,192,0.904370803439744,712,0.8767888498016234,384,0.8855420933477611,336,0.8835851420218018,744
96,uniform,12016,0.2,4.0,fixed,0.8496028839496126,0.006771883388493022,0,0,0,0.0,0,0,0,0,12,1.0,4.263256414560601e-14,1.0000000000000002,0.0,-1.0,48326.4,192,0.8712311304994343,0,0.8493627327929482,0,0.849631277939649,0,0.8497087625329265,0
96,uniform,12016,0.2,4.0,pulse_only,0.9808228743393281,0.9677621677491793,43408,1439,1109,26.616,43408,0,1439,0,7,1.0,4.263256414560601e-14,1.0000000000000002,0.0,7.999999999999986,48326.4,192,0.9596822506013082,11064,0.9792837003771288,8088,0.984739399330001,8176,0.9796341988250911,16080
96,uniform,12016,0.2,4.0,hybrid_75,0.9771134584225412,0.9643121018908943,33376,1111,839,20.136,32480,896,1078,33,0,1.0,4.263256414560601e-14,1.0000000000000002,0.0,7.999999999999986,48326.4,192,0.9610779381745099,8336,0.9678824316002099,6312,0.9666027978618096,6312,0.9869843021140726,12416
96,uniform,12016,0.2,4.0,hybrid_50,0.9664452354808584,0.9075314915897109,23744,808,544,13.056000000000001,21232,2512,717,91,9,1.0,4.263256414560601e-14,1.0000000000000002,0.0,7.999999999999986,48326.4,192,0.9506620248102086,6160,0.9541346855584599,4592,0.9621591219654516,4280,0.9747435671997607,8712
96,uniform,12016,0.2,4.0,hybrid_25,0.9434557951442363,0.952590076271091,13872,478,300,7.2,10816,3056,359,119,5,1.0,4.263256414560601e-14,1.0000000000000004,0.0,7.999999999999986,48326.4,192,0.9375617514828966,3744,0.9486317870926003,2560,0.9475989624019926,2392,0.938796215541176,5176
96,uniform,12016,0.2,4.0,signal_only,0.8835729515371855,0.37902344318898373,5616,227,21,0.504,0,5616,0,227,11,1.0,4.263256414560601e-14,1.0000000000000004,0.0,7.999999999999986,48326.4,192,0.9038204390859088,1616,0.8851379401058757,952,0.883200402423447,1056,0.8829767318097096,1992
96,uniform,12017,0.2,1.0,fixed,0.8390541314814516,0.06276183537252586,0,0,0,0.0,0,0,0,0,14,1.0,4.263256414560601e-14,1.0000000000000002,0.0,-1.0,13809.6,192,0.8700203626471539,0,0.8388201749492057,0,0.8391191151999237,0,0.8391386178883385,0
96,uniform,12017,0.2,1.0,pulse_only,0.9456765470067284,0.8257760223252673,10688,357,265,6.36,10688,0,357,0,5,1.0,4.263256414560601e-14,1.0000000000000002,0.0,31.999999999999986,13809.6,192,0.9240116603466874,2768,0.9239585026457452,2064,0.9302665542558225,1904,0.9642405655626733,3952
96,uniform,12017,0.2,1.0,hybrid_75,0.9388180286636573,0.9315694119345005,8216,274,205,4.92,7944,272,264,10,9,1.0,4.263256414560601e-14,1.0000000000000002,0.0,24.0,13809.6,192,0.9312843585416488,1880,0.9318707442051117,1528,0.9365918376135209,1848,0.9434047664179983,2960
96,uniform,12017,0.2,1.0,hybrid_50,0.9450169234449073,0.8895266449116059,6120,204,153,3.672,5392,728,178,26,4,1.0,4.263256414560601e-14,1.0000000000000002,0.0,24.0,13809.6,192,0.911449476273223,1416,0.9247375289869844,1352,0.9359912967655393,1080,0.9596694340135528,2272
96,uniform,12017,0.2,1.0,hybrid_25,0.9064713438614892,0.5489775473489448,4160,145,85,2.04,2696,1464,91,54,8,1.0,4.263256414560601e-14,1.0000000000000002,0.0,23.999999999999986,13809.6,192,0.9135376937017861,1168,0.8963050044774686,656,0.8938898285619394,720,0.9178452712032739,1616
96,uniform,12017,0.2,1.0,signal_only,0.8630048740811134,0.24133897105391314,2488,98,17,0.40800000000000003,0,2488,0,98,13,1.0,4.263256414560601e-14,1.0000000000000002,0.0,23.999999999999986,13809.6,192,0.8938282303211231,728,0.8581534486585084,480,0.8598272196729785,376,0.8670194139964832,904
96,uniform,12017,0.2,4.0,fixed,0.8390541314814516,0.06276183537252586,0,0,0,0.0,0,0,0,0,14,1.0,4.263256414560601e-14,1.0000000000000002,0.0,-1.0,48326.4,192,0.8700203626471539,0,0.8388201749492057,0,0.8391191151999237,0,0.8391386178883385,0
96,uniform,12017,0.2,4.0,pulse_only,0.9464818539000184,0.8326615699258093,42976,1437,1061,25.464000000000002,42976,0,1437,0,5,1.0,4.263256414560601e-14,1.0000000000000002,0.0,7.999999999999986,48326.4,192,0.9485268598955994,10816,0.9223418157089068,8080,0.9547577182876082,8200,0.9544139408017791,15880
96,uniform,12017,0.2,4.0,hybrid_75,0.9555403349057697,0.9235995889053544,33064,1112,797,19.128,31976,1088,1071,41,3,1.0,4.263256414560601e-14,1.0000000000000002,0.0,7.999999999999986,48326.4,192,0.9477801845358458,8184,0.9378864293363314,6176,0.9515976405796329,6440,0.9663386348535573,12264
96,uniform,12017,0.2,4.0,hybrid_50,0.9573745493871559,0.792465942024428,23784,801,570,13.68,21488,2296,716,85,6,1.0,5.684341886080802e-14,1.0000000000000002,0.0,7.999999999999986,48326.4,192,0.9351907497916598,6048,0.9390386246554963,4560,0.9560622836177755,4440,0.9671986446376761,8736
96,uniform,12017,0.2,4.0,hybrid_25,0.962488090887807,0.9327946496650864,12984,448,279,6.696,10632,2352,356,92,3,1.0,4.263256414560601e-14,1.0000000000000002,0.0,7.999999999999993,48326.4,192,0.9514680649971583,3496,0.9508621611472081,2536,0.954189242295849,2368,0.9724504800540851,4584
96,uniform,12017,0.2,4.0,signal_only,0.8685788674481468,0.24133897105391314,5912,242,13,0.312,0,5912,0,242,12,1.0,4.263256414560601e-14,1.0000000000000002,0.0,7.999999999999986,48326.4,192,0.8994732523629897,1592,0.8695588666524983,1032,0.8682916376041864,1080,0.8682324827679517,2208
96,uniform,12018,0.2,1.0,fixed,0.9546897391360606,0.9999999999999967,0,0,0,0.0,0,0,0,0,5,1.0,4.263256414560601e-14,1.0000000000000002,0.0,-1.0,13809.6,192,0.9614491065178437,0,0.9530613294192367,0,0.9545068590089455,0,0.9555953840580299,0
96,uniform,12018,0.2,1.0,pulse_only,1.0000000000000004,0.9999999999999971,11120,358,316,7.5840000000000005,11120,0,358,0,0,1.0,5.684341886080802e-14,1.0000000000000002,0.0,31.999999999999986,13809.6,192,0.9894787667959587,2776,1.0000000000000004,2192,1.0000000000000004,2016,1.0000000000000004,4136
96,uniform,12018,0.2,1.0,hybrid_75,0.9972141841489093,0.9999999999999968,8520,273,246,5.904,8520,0,273,0,0,1.0,4.263256414560601e-14,1.0000000000000002,0.0,42.599999999999994,13809.6,192,0.9880742529717622,2064,0.9888567365956361,1776,1.0000000000000004,1576,1.0000000000000004,3104
96,uniform,12018,0.2,1.0,hybrid_50,0.9999506767644175,0.999999999999997,5840,185,175,4.2,5744,96,182,3,0,1.0,4.263256414560601e-14,1.0000000000000002,0.0,32.0,13809.6,192,0.9853137552932596,1656,0.9998027070576686,848,1.0000000000000004,1184,1.0000000000000004,2152
96,uniform,12018,0.2,1.0,hybrid_25,0.998845345301585,0.9999999999999967,3128,99,94,2.2560000000000002,2808,320,89,10,0,1.0,5.684341886080802e-14,1.0000000000000004,0.0,32.0,13809.6,192,0.985968821698775,1008,0.9953813812063385,608,1.0000000000000004,544,1.0000000000000004,968
96,uniform,12018,0.2,1.0,signal_only,0.9862071530154046,0.9994192190825235,832,31,11,0.264,0,832,0,31,2,1.0,4.263256414560601e-14,1.0000000000000002,0.0,23.999999999999993,13809.6,192,0.9822392515243318,216,0.9837564502433996,264,0.9863129081687014,120,0.9873796268247589,232
96,uniform,12018,0.2,4.0,fixed,0.9546897391360606,0.9999999999999967,0,0,0,0.0,0,0,0,0,5,1.0,4.263256414560601e-14,1.0000000000000002,0.0,-1.0,48326.4,192,0.9614491065178437,0,0.9530613294192367,0,0.9545068590089455,0,0.9555953840580299,0
96,uniform,12018,0.2,4.0,pulse_only,1.0000000000000004,0.9999999999999971,44256,1438,1218,29.232,44256,0,1438,0,0,1.0,5.684341886080802e-14,1.0000000000000002,0.0,7.999999999999986,48326.4,192,1.0000000000000004,11144,1.0000000000000004,8464,1.0000000000000004,8208,1.0000000000000004,16440
96,uniform,12018,0.2,4.0,hybrid_75,1.0000000000000004,0.9999999999999971,33240,1078,921,22.104,33240,0,1078,0,0,1.0,8.526512829121202e-14,1.0000000000000002,0.0,10.599999999999994,48326.4,192,0.9998399866980215,8536,1.0000000000000004,6208,1.0000000000000004,6296,1.0000000000000004,12200
96,uniform,12018,0.2,4.0,hybrid_50,1.0000000000000004,0.9999999999999971,22096,718,608,14.592,22096,0,718,0,0,1.0,8.526512829121202e-14,1.0000000000000002,0.0,15.999999999999986,48326.4,192,0.999783200175475,5744,1.0000000000000004,4216,1.0000000000000004,3984,1.0000000000000004,8152
96,uniform,12018,0.2,4.0,hybrid_25,0.9999971514616688,0.9999999999999971,11288,366,313,7.5120000000000005,11056,232,358,8,0,1.0,5.684341886080802e-14,1.0000000000000002,0.0,7.9999999999999964,48326.4,192,0.9977832089216636,2984,0.9999886058466739,2192,1.0000000000000004,2016,1.0000000000000004,4096
96,uniform,12018,0.2,4.0,signal_only,0.9923814430475238,0.9999999999999968,1272,48,15,0.36,0,1272,0,48,2,1.0,4.263256414560601e-14,1.0000000000000002,0.0,8.0,48326.4,192,0.9897471907107219,568,0.9924271839181171,176,0.9920379467177549,144,0.9925303207771118,384
96,uniform,12019,0.2,1.0,fixed,0.972160838945757,0.9999999999999961,0,0,0,0.0,0,0,0,0,4,1.0,4.263256414560601e-14,1.0000000000000004,0.0,-1.0,13809.6,192,0.9855778082000906,0,0.9713982314780806,0,0.9717422947026545,0,0.9727514148011467,0
96,uniform,12019,0.2,1.0,pulse_only,0.9999999999999997,0.9999999999999969,11096,359,310,7.44,11096,0,359,0,0,1.0,5.684341886080802e-14,1.0000000000000002,0.0,31.999999999999986,13809.6,192,0.9999999999999998,2744,0.9999999999999998,2080,0.9999999999999998,2072,0.9999999999999997,4200
96,uniform,12019,0.2,1.0,hybrid_75,0.9999884962284071,0.9999999999999967,8216,265,232,5.5680000000000005,8216,0,265,0,0,1.0,5.684341886080802e-14,1.0000000000000002,0.0,42.599999999999994,13809.6,192,0.9999999999999998,2136,0.9999539849136293,1432,0.9999999999999998,1520,0.9999999999999997,3128
96,uniform,12019,0.2,1.0,hybrid_50,0.9998245300191565,0.9999999999999961,5392,173,155,3.72,5296,96,170,3,0,1.0,5.684341886080802e-14,1.0000000000000004,0.0,32.0,13809.6,192,0.9999999999999998,1296,0.9992981200766268,1200,0.9999999999999998,872,0.9999999999999997,2024
96,uniform,12019,0.2,1.0,hybrid_25,0.9999718994793527,0.9999999999999967,2808,90,81,1.944,2744,64,88,2,0,1.0,5.684341886080802e-14,1.0000000000000002,0.0,32.0,13809.6,192,0.9999359887734439,600,0.9998875979174118,400,0.9999999999999998,680,0.9999999999999997,1128
96,uniform,12019,0.2,1.0,signal_only,0.9759779611947587,0.9999999999999957,464,18,4,0.096,0,464,0,18,3,1.0,4.263256414560601e-14,1.0000000000000002,0.0,23.999999999999986,13809.6,192,0.9912329367054789,128,0.9756292750691015,48,0.9755452196642329,144,0.9763686750228502,144
96,uniform,12019,0.2,4.0,fixed,0.972160838945757,0.9999999999999961,0,0,0,0.0,0,0,0,0,4,1.0,4.263256414560601e-14,1.0000000000000004,0.0,-1.0,48326.4,192,0.9855778082000906,0,0.9713982314780806,0,0.9717422947026545,0,0.9727514148011467,0
96,uniform,12019,0.2,4.0,pulse_only,0.9999999999999997,0.9999999999999969,44304,1439,1221,29.304000000000002,44304,0,1439,0,0,1.0,5.684341886080802e-14,1.0000000000000004,0.0,7.999999999999986,48326.4,192,0.9999999999999998,11248,0.9999999999999998,8120,0.9999999999999998,8104,0.9999999999999997,16832
96,uniform,12019,0.2,4.0,hybrid_75,0.9999999999999997,0.9999999999999969,33384,1079,936,22.464000000000002,33384,0,1079,0,0,1.0,5.684341886080802e-14,1.0000000000000002,0.0,10.599999999999994,48326.4,192,0.9999999999999998,8288,0.9999999999999998,6112,0.9999999999999998,6352,0.9999999999999997,12632
96,uniform,12019,0.2,4.0,hybrid_50,0.9999999999999997,0.9999999999999969,22128,719,609,14.616,22128,0,719,0,0,1.0,5.684341886080802e-14,1.0000000000000002,0.0,15.999999999999986,48326.4,192,0.9999999999999998,5288,0.9999999999999998,4328,0.9999999999999998,4248,0.9999999999999997,8264
96,uniform,12019,0.2,4.0,hybrid_25,0.9999999999999997,0.9999999999999969,11096,359,310,7.44,11096,0,359,0,0,1.0,5.684341886080802e-14,1.0000000000000002,0.0,31.999999999999986,48326.4,192,0.9999999999999998,2744,0.9999999999999998,2080,0.9999999999999998,2072,0.9999999999999997,4200
96,uniform,12019,0.2,4.0,signal_only,0.9759779611947587,0.9999999999999957,1232,50,4,0.096,0,1232,0,50,3,1.0,4.263256414560601e-14,1.0000000000000002,0.0,7.999999999999986,48326.4,192,0.9912329367054789,224,0.9756292750691015,192,0.9755452196642329,288,0.9763686750228502,528
96,persistent_damage,12000,0.2,1.0,fixed,0.7288999290628464,0.04743759026234752,0,0,0,0.0,0,0,0,0,35,1.0,2.842170943040401e-14,1.0000000000000004,0.0,-1.0,13809.6,192,0.9823651078253278,0,0.7986065656078953,0,0.7089262213877223,0,0.7040334646278841,0
96,persistent_damage,12000,0.2,1.0,pulse_only,0.9396274296823209,0.7691713649829836,10896,359,285,6.84,10896,0,359,0,4,1.0,4.263256414560601e-14,1.0000000000000002,0.0,31.999999999999986,13809.6,192,0.997215858370186,2648,0.929004985256068,2136,0.9054780707300384,1936,0.962013331371589,4176
96,persistent_damage,12000,0.2,1.0,hybrid_75,0.9496332984461024,0.8196917260371586,8224,273,209,5.016,7944,280,263,10,6,1.0,4.263256414560601e-14,1.0000000000000002,0.0,24.0,13809.6,192,0.9992159163257042,2152,0.9516471085077596,1360,0.9544285417330309,1608,0.9462287717718096,3104
96,persistent_damage,12000,0.2,1.0,hybrid_50,0.8817058088524111,0.4810447842920379,6112,216,116,2.7840000000000003,4936,1176,172,44,17,1.0,2.842170943040401e-14,1.0000000000000002,0.0,23.999999999999986,13809.6,192,0.9987957259193918,1192,0.9358657677349345,1392,0.8627311222304382,1184,0.8641131727221361,2344
96,persistent_damage,12000,0.2,1.0,hybrid_25,0.8913263890740303,0.4531140117192809,4248,148,87,2.088,2488,1760,84,64,12,1.0,4.263256414560601e-14,1.0000000000000002,0.0,23.999999999999986,13809.6,192,0.9885250927281801,848,0.8854453224065129,1024,0.8824397741545036,1072,0.8987102298675521,1304
96,persistent_damage,12000,0.2,1.0,signal_only,0.8660557394031605,0.301239440061835,3136,121,29,0.6960000000000001,0,3136,0,121,20,1.0,2.842170943040401e-14,1.0000000000000002,0.0,23.999999999999986,13809.6,192,0.9976444532287944,216,0.8887539964751027,976,0.8525601266103143,752,0.8614544172636125,1192
96,persistent_damage,12000,0.2,4.0,fixed,0.7288999290628464,0.04743759026234752,0,0,0,0.0,0,0,0,0,35,1.0,2.842170943040401e-14,1.0000000000000004,0.0,-1.0,48326.4,192,0.9823651078253278,0,0.7986065656078953,0,0.7089262213877223,0,0.7040334646278841,0
96,persistent_damage,12000,0.2,4.0,pulse_only,0.9999861933245425,0.9999999999999968,44856,1439,1290,30.96,44856,0,1439,0,0,1.0,4.263256414560601e-14,1.0000000000000004,0.0,7.999999999999986,48326.4,192,1.0,11216,0.9999447732981702,8232,1.0,8400,1.0,17008
96,persistent_damage,12000,0.2,4.0,hybrid_75,0.9990797150584204,0.9999999999999967,33792,1083,975,23.400000000000002,33664,128,1079,4,0,1.0,4.263256414560601e-14,1.0000000000000002,0.0,8.0,48326.4,192,1.0,8256,0.9985434420633688,6320,0.9977754181703133,6520,1.0,12696
96,persistent_damage,12000,0.2,4.0,hybrid_50,0.9967519188597881,0.9982093649123246,22696,732,641,15.384,22312,384,719,13,0,1.0,4.263256414560601e-14,1.0000000000000002,0.0,7.999999999999993,48326.4,192,1.0,5400,0.9981322370596731,4320,0.990796840433547,4256,0.9990392989729661,8720
96,persistent_damage,12000,0.2,4.0,hybrid_25,0.9500342654614589,0.9378464310166477,12792,448,255,6.12,10512,2280,358,90,6,1.0,4.263256414560601e-14,1.0000000000000002,0.0,7.999999999999986,48326.4,192,0.9990975657726847,2736,0.9520929015274869,2528,0.9341497899148842,2536,0.9569471852017323,4992
96,persistent_damage,12000,0.2,4.0,signal_only,0.8542644591165218,0.34223538722778246,8024,321,40,0.96,0,8024,0,321,21,1.0,2.842170943040401e-14,1.0000000000000004,0.0,7.999999999999986,48326.4,192,0.9979484185090692,272,0.9039213705441408,1928,0.8396775811213173,2032,0.8367294424003147,3792
96,persistent_damage,12001,0.2,1.0,fixed,0.6533781981921172,0.028784313969902334,0,0,0,0.0,0,0,0,0,37,1.0,2.842170943040401e-14,1.0000000000000002,0.0,-1.0,13809.6,192,0.9606443232334261,0,0.7175807284848948,0,0.6339380253368498,0,0.6309970194733623,0
96,persistent_damage,12001,0.2,1.0,pulse_only,0.8235333502725547,0.24290591401788605,10256,358,208,4.992,10256,0,358,0,19,1.0,4.263256414560601e-14,1.0000000000000002,0.0,31.999999999999986,13809.6,192,0.9997703729224737,2560,0.8304453990833275,1976,0.8180838040449834,1992,0.822802098980954,3728
96,persistent_damage,12001,0.2,1.0,hybrid_75,0.8226486163921014,0.22212669508636812,8056,284,155,3.72,7504,552,262,22,17,1.0,2.842170943040401e-14,1.0000000000000004,0.0,23.999999999999986,13809.6,192,0.9951997934941554,2088,0.84195682033756,1256,0.7864305973650683,1688,0.8311035239328886,3024
96,persistent_damage,12001,0.2,1.0,hybrid_50,0.8405133367719962,0.30217887842954366,6200,223,106,2.544,4824,1376,170,53,16,1.0,4.263256414560601e-14,1.0000000000000004,0.0,23.999999999999986,13809.6,192,0.9920047401158001,1168,0.8457192513439011,1672,0.8253556063630884,1072,0.8454892446904978,2288
96,persistent_damage,12001,0.2,1.0,hybrid_25,0.8261037075102398,0.349887137396262,4752,173,75,1.8,2336,2416,82,91,22,1.0,4.263256414560601e-14,1.0000000000000002,0.0,23.999999999999986,13809.6,192,0.9912987158774607,528,0.8509006253716509,1176,0.8156492694478537,1200,0.8189324676107274,1848
96,persistent_damage,12001,0.2,1.0,signal_only,0.7800217423040342,0.2200176398813677,3944,150,43,1.032,0,3944,0,150,24,1.0,4.263256414560601e-14,1.0000000000000002,0.0,23.999999999999986,13809.6,192,0.9852285030252333,272,0.7912511855205606,1352,0.7652517621695821,992,0.781792010762997,1328
96,persistent_damage,12001,0.2,4.0,fixed,0.6533781981921172,0.028784313969902334,0,0,0,0.0,0,0,0,0,37,1.0,2.842170943040401e-14,1.0000000000000002,0.0,-1.0,48326.4,192,0.9606443232334261,0,0.7175807284848948,0,0.6339380253368498,0,0.6309970194733623,0
96,persistent_damage,12001,0.2,4.0,pulse_only,0.8898965210539189,0.5549799151105164,41864,1438,919,22.056,41864,0,1438,0,16,1.0,2.842170943040401e-14,1.0000000000000002,0.0,7.999999999999986,48326.4,192,1.0,11184,0.9165532787455153,7800,0.8755432019462682,7480,0.8837448017619459,15400
96,persistent_damage,12001,0.2,4.0,hybrid_75,0.9158482258121361,0.6593601501065195,32608,1137,665,15.96,30984,1624,1073,64,13,1.0,4.263256414560601e-14,1.0000000000000002,0.0,7.999999999999986,48326.4,192,1.0,8304,0.9294873157538698,6016,0.891738230452099,6128,0.9210836785212876,12160
96,persistent_damage,12001,0.2,4.0,hybrid_50,0.9136454276223729,0.6013959807605553,23440,822,464,11.136000000000001,20808,2632,717,105,14,1.0,2.842170943040401e-14,1.0000000000000002,0.0,7.999999999999986,48326.4,192,1.0,5368,0.9276176987244398,4568,0.9045250674855222,4496,0.9112194721397647,9008
96,persistent_damage,12001,0.2,4.0,hybrid_25,0.8281651072520767,0.3558230980080608,16640,615,235,5.64,10192,6448,356,259,21,1.0,4.263256414560601e-14,1.0000000000000002,0.0,7.999999999999986,48326.4,192,0.9998412815087131,2592,0.8463217800033125,3624,0.803504073078047,3616,0.8314172879634731,6808
96,persistent_damage,12001,0.2,4.0,signal_only,0.8036275344576908,0.2225175503365491,10056,405,42,1.008,0,10056,0,405,22,1.0,4.263256414560601e-14,1.0000000000000002,0.0,7.999999999999986,48326.4,192,0.9854824553479582,576,0.8026396734170596,2960,0.7984253750690504,2264,0.8067225446723264,4256
96,persistent_damage,12002,0.2,1.0,fixed,0.6066768150953067,0.0035079630255906206,0,0,0,0.0,0,0,0,0,41,1.0,4.263256414560601e-14,1.0000000000000002,0.0,-1.0,13809.6,192,0.9167767518216728,0,0.680790149388293,0,0.5836449941272778,0,0.5811360584328279,0
96,persistent_damage,12002,0.2,1.0,pulse_only,0.7919941236537302,0.1814341876811455,10184,358,199,4.776,10184,0,358,0,25,1.0,2.842170943040401e-14,1.0000000000000002,0.0,31.999999999999986,13809.6,192,0.9834743771786604,2680,0.8164537458747761,1976,0.7832430605787494,1784,0.7841398440806978,3744
96,persistent_damage,12002,0.2,1.0,hybrid_75,0.7868540801023144,0.057441166749881284,8064,289,141,3.384,7352,712,261,28,22,1.0,4.263256414560601e-14,1.0000000000000002,0.0,23.999999999999986,13809.6,192,0.965818367383574,1992,0.8037779588515414,1320,0.761541160088813,1728,0.7910486007344515,3024
96,persistent_damage,12002,0.2,1.0,hybrid_50,0.7881860587535661,0.17512556343429747,6736,243,113,2.712,5000,1736,177,66,22,1.0,2.842170943040401e-14,1.0000000000000002,0.0,23.999999999999993,13809.6,192,0.9580714017658123,1288,0.8034897064527894,1528,0.7761958369032304,1336,0.7865293458291223,2584
96,persistent_damage,12002,0.2,1.0,hybrid_25,0.7766186667556357,0.18355522136079985,5400,197,84,2.016,2480,2920,86,111,23,1.0,4.263256414560601e-14,1.0000000000000002,0.0,23.999999999999986,13809.6,192,0.9577194527637795,960,0.7771359947539664,1264,0.7330398413607059,1088,0.7981494154539351,2088
96,persistent_damage,12002,0.2,1.0,signal_only,0.6878280987764217,0.02916964480963853,5248,202,50,1.2,0,5248,0,202,36,1.0,4.263256414560601e-14,1.0000000000000004,0.0,23.999999999999986,13809.6,192,0.9378800230727615,656,0.7185463811204346,1384,0.6831270288985118,1104,0.6748194925433703,2104
96,persistent_damage,12002,0.2,4.0,fixed,0.6066768150953067,0.0035079630255906206,0,0,0,0.0,0,0,0,0,41,1.0,4.263256414560601e-14,1.0000000000000002,0.0,-1.0,48326.4,192,0.9167767518216728,0,0.680790149388293,0,0.5836449941272778,0,0.5811360584328279,0
96,persistent_damage,12002,0.2,4.0,pulse_only,0.8758788222225268,0.3396133144547934,42888,1438,1047,25.128,42888,0,1438,0,16,1.0,4.263256414560601e-14,1.0000000000000002,0.0,7.999999999999986,48326.4,192,0.982738156816495,10904,0.8722758972356118,7728,0.8687506251614239,8152,0.8812443832465359,16104
96,persistent_damage,12002,0.2,4.0,hybrid_75,0.848351623738633,0.20356069145008496,33752,1151,766,18.384,31856,1896,1075,76,15,1.0,4.263256414560601e-14,1.0000000000000004,0.0,7.999999999999986,48326.4,192,0.9815662575963275,8088,0.843093553910283,6424,0.8313073876548005,6368,0.8595027766947244,12872
96,persistent_damage,12002,0.2,4.0,hybrid_50,0.8453184801460462,0.3978954862744241,25672,889,542,13.008000000000001,21264,4408,716,173,15,1.0,4.263256414560601e-14,1.0000000000000002,0.0,7.999999999999986,48326.4,192,0.970352180630122,5656,0.8040552024042175,5096,0.8279240936142047,4952,0.8746473122828813,9968
96,persistent_damage,12002,0.2,4.0,hybrid_25,0.8390766724364139,0.2067035724857389,15648,564,264,6.336,10448,5200,357,207,16,1.0,4.263256414560601e-14,1.0000000000000002,0.0,7.999999999999986,48326.4,192,0.984245796857404,2936,0.8284534664535093,3312,0.8336018850701393,3096,0.8471256691110035,6304
96,persistent_damage,12002,0.2,4.0,signal_only,0.7148665108212436,0.10852896672901806,14344,581,50,1.2,0,14344,0,581,34,1.0,4.263256414560601e-14,1.0000000000000002,0.0,7.999999999999986,48326.4,192,0.9497393395534446,1632,0.7354280707795603,3472,0.7085624876094395,3240,0.7077377424479875,6000
96,persistent_damage,12003,0.2,1.0,fixed,0.6018975386707265,0.0005652498884326283,0,0,0,0.0,0,0,0,0,42,1.0,4.263256414560601e-14,1.0000000000000002,0.0,-1.0,13809.6,192,0.8907190198320472,0,0.6646427556408488,0,0.583661362359647,0,0.5796430183412051,0
96,persistent_damage,12003,0.2,1.0,pulse_only,0.8561900274952807,0.24639332579075804,10640,357,259,6.216,10640,0,357,0,12,1.0,4.263256414560601e-14,1.0000000000000002,0.0,31.999999999999986,13809.6,192,0.9403879300327377,2680,0.8551529494694526,2040,0.8460916739597499,2032,0.8617577432759604,3888
96,persistent_damage,12003,0.2,1.0,hybrid_75,0.8144217373852821,0.19361777245805853,8120,279,178,4.272,7536,584,256,23,22,1.0,4.263256414560601e-14,1.0000000000000004,0.0,23.999999999999986,13809.6,192,0.9298720560530843,1824,0.7856177914061387,1472,0.7894809329037796,1840,0.8412941126156052,2984
96,persistent_damage,12003,0.2,1.0,hybrid_50,0.8123361711255469,0.1903215382419364,6696,235,132,3.168,5160,1536,175,60,14,1.0,4.263256414560601e-14,1.0000000000000002,0.0,24.0,13809.6,192,0.9309154952201991,1312,0.7951953551417273,1640,0.7905654356271152,1264,0.8317919468666726,2480
96,persistent_damage,12003,0.2,1.0,hybrid_25,0.747688077515269,0.15695949029466955,5600,207,79,1.8960000000000001,2504,3096,87,120,18,1.0,4.263256414560601e-14,1.0000000000000004,0.0,23.999999999999986,13809.6,192,0.9022979353333097,1072,0.7337740744725538,1240,0.7189366210435718,944,0.7690208072724755,2344
96,persistent_damage,12003,0.2,1.0,signal_only,0.7721821492897482,0.01697307939521681,4112,165,19,0.456,0,4112,0,165,24,1.0,4.263256414560601e-14,1.0000000000000002,0.0,23.999999999999986,13809.6,192,0.9101864447443564,784,0.7802932172263396,1064,0.7708437141255265,632,0.7687958329035633,1632
96,persistent_damage,12003,0.2,4.0,fixed,0.6018975386707265,0.0005652498884326283,0,0,0,0.0,0,0,0,0,42,1.0,4.263256414560601e-14,1.0000000000000002,0.0,-1.0,48326.4,192,0.8907190198320472,0,0.6646427556408488,0,0.583661362359647,0,0.5796430183412051,0
96,persistent_damage,12003,0.2,4.0,pulse_only,0.8937276726051663,0.5128241819977897,42640,1437,1019,24.456,42640,0,1437,0,21,1.0,5.684341886080802e-14,1.0000000000000004,0.0,7.999999999999986,48326.4,192,0.9710707259074058,10856,0.9034721891762892,7728,0.8959586492082817,8176,0.8877399260180466,15880
96,persistent_damage,12003,0.2,4.0,hybrid_75,0.8617711550136491,0.2551459001893383,33880,1154,773,18.552,31720,2160,1070,84,13,1.0,4.263256414560601e-14,1.0000000000000002,0.0,7.999999999999986,48326.4,192,0.9673563269251603,8024,0.8429039623658833,6528,0.8607466177528671,6536,0.871717019967923,12792
96,persistent_damage,12003,0.2,4.0,hybrid_50,0.8745792451747623,0.3064713857449852,24904,861,530,12.72,21192,3712,713,148,15,1.0,4.263256414560601e-14,1.0000000000000004,0.0,7.999999999999986,48326.4,192,0.9589452870268469,5704,0.8739232602642216,4920,0.8837669847638585,4744,0.8703133678354843,9536
96,persistent_damage,12003,0.2,4.0,hybrid_25,0.8573692653096695,0.3999841176363815,16320,583,291,6.984,10512,5808,354,229,15,1.0,4.263256414560601e-14,1.0000000000000002,0.0,7.999999999999986,48326.4,192,0.9568720271060713,3528,0.8143245930183678,3536,0.859648744734686,3120,0.8777518617428122,6136
96,persistent_damage,12003,0.2,4.0,signal_only,0.7666106026159253,0.17220767603608866,10904,446,25,0.6,0,10904,0,446,25,1.0,4.263256414560601e-14,1.0000000000000004,0.0,7.999999999999986,48326.4,192,0.9101864447443564,1576,0.7777721149631429,2576,0.7614348184019104,2240,0.7636177385493239,4512
96,persistent_damage,12004,0.2,1.0,fixed,0.6584857174612581,0.0008247780831069772,0,0,0,0.0,0,0,0,0,35,1.0,2.842170943040401e-14,1.0000000000000002,0.0,-1.0,13809.6,192,0.8932138622417757,0,0.7149291077593625,0,0.6403862464425978,0,0.6393137578215361,0
96,persistent_damage,12004,0.2,1.0,pulse_only,0.8245369534948176,0.20169442465716977,10256,360,202,4.848,10256,0,360,0,16,1.0,4.263256414560601e-14,1.0000000000000002,0.0,31.999999999999986,13809.6,192,0.9379469758797031,2776,0.8367167903731098,1912,0.7869053173638525,1736,0.8372628531211542,3832
96,persistent_damage,12004,0.2,1.0,hybrid_75,0.8605693672769242,0.45414410368411134,8456,292,181,4.344,7888,568,270,22,9,1.0,4.263256414560601e-14,1.0000000000000004,0.0,24.0,13809.6,192,0.9244141084112386,2112,0.8041808156949186,1672,0.8271224924748426,1672,0.9054870804689675,3000
96,persistent_damage,12004,0.2,1.0,hybrid_50,0.8250576166511042,0.22347765643720385,6928,244,134,3.216,5384,1544,186,58,18,1.0,4.263256414560601e-14,1.0000000000000002,0.0,24.0,13809.6,192,0.9449243550955626,1880,0.8481301242798266,1096,0.8038399606604321,1464,0.8241301908320794,2488
96,persistent_damage,12004,0.2,1.0,hybrid_25,0.7777743593692833,0.16604209603017941,5360,193,91,2.184,2608,2752,90,103,22,1.0,4.263256414560601e-14,1.0000000000000004,0.0,23.999999999999986,13809.6,192,0.9250489235314572,1120,0.744849404601257,1360,0.7606796419707512,1072,0.8027841954525625,1808
96,persistent_damage,12004,0.2,1.0,signal_only,0.7770180452660437,0.17467458945946965,4328,164,49,1.176,0,4328,0,164,23,1.0,4.263256414560601e-14,1.0000000000000002,0.0,23.999999999999986,13809.6,192,0.9086717726544097,664,0.7720819146753084,1200,0.7587224109452916,848,0.7886339277217875,1616
96,persistent_damage,12004,0.2,4.0,fixed,0.6584857174612581,0.0008247780831069772,0,0,0,0.0,0,0,0,0,35,1.0,2.842170943040401e-14,1.0000000000000002,0.0,-1.0,48326.4,192,0.8932138622417757,0,0.7149291077593625,0,0.6403862464425978,0,0.6393137578215361,0
96,persistent_damage,12004,0.2,4.0,pulse_only,0.9096107331655855,0.5567574247272212,43408,1440,1106,26.544,43408,0,1440,0,14,1.0,4.263256414560601e-14,1.0000000000000004,0.0,7.999999999999986,48326.4,192,0.984971647471944,10960,0.9021698135851997,8272,0.9173351823266879,8304,0.9094689683752274,15872
96,persistent_damage,12004,0.2,4.0,hybrid_75,0.8722541800710465,0.35802542489876404,33312,1149,717,17.208000000000002,31232,2080,1070,79,15,1.0,4.263256414560601e-14,1.0000000000000002,0.0,7.999999999999986,48326.4,192,0.9745036158482313,8408,0.8780107495222766,6328,0.8742136699181446,6336,0.8683961504218823,12240
96,persistent_damage,12004,0.2,4.0,hybrid_50,0.8880752410261812,0.32645249439215346,24736,841,569,13.656,21504,3232,717,124,16,1.0,4.263256414560601e-14,1.0000000000000002,0.0,7.999999999999986,48326.4,192,0.9598667038233583,6176,0.8677130778608253,4800,0.8903451410676038,4496,0.8971213725881478,9264
96,persistent_damage,12004,0.2,4.0,hybrid_25,0.8672779728353507,0.32167435802610467,16224,583,279,6.696,10344,5880,356,227,16,1.0,4.263256414560601e-14,1.0000000000000002,0.0,7.999999999999993,48326.4,192,0.9527600338892479,3592,0.8692850017823711,3352,0.8590393402534435,3136,0.8703937746527937,6144
96,persistent_damage,12004,0.2,4.0,signal_only,0.8113343448159287,0.2542342673905789,10640,426,52,1.248,0,10640,0,426,24,1.0,2.842170943040401e-14,1.0000000000000004,0.0,7.999999999999986,48326.4,192,0.9208676446545231,1784,0.8264275475806467,2192,0.804788110551126,2272,0.8070608605659713,4392
96,persistent_damage,12005,0.2,1.0,fixed,0.6919571470689417,0.00995867888190519,0,0,0,0.0,0,0,0,0,34,1.0,2.842170943040401e-14,1.0000000000000002,0.0,-1.0,13809.6,192,0.9479741247073702,0,0.7369736815835642,0,0.6832392644241719,0,0.6738078211340157,0
96,persistent_damage,12005,0.2,1.0,pulse_only,0.8239237995125354,0.17851959570360487,10528,359,239,5.736,10528,0,359,0,15,1.0,4.263256414560601e-14,1.0000000000000002,0.0,31.999999999999986,13809.6,192,0.9842377689270073,2792,0.8235324903709256,2072,0.8047276351102886,1920,0.8337175362844635,3744
96,persistent_damage,12005,0.2,1.0,hybrid_75,0.8621184849399883,0.23963024489635015,8472,286,201,4.824,7976,496,267,19,17,1.0,4.263256414560601e-14,1.0000000000000002,0.0,23.999999999999986,13809.6,192,0.9825360941769559,2144,0.8544473042182378,1504,0.8535066083083723,1704,0.8702600136166717,3120
96,persistent_damage,12005,0.2,1.0,hybrid_50,0.8099713653871988,0.17867216680197287,6656,236,124,2.976,5168,1488,178,58,15,1.0,2.842170943040401e-14,1.0000000000000004,0.0,23.999999999999986,13809.6,192,0.9686502399316634,1512,0.7893285785598423,1480,0.7914888587027271,1304,0.8295340121431128,2360
96,persistent_damage,12005,0.2,1.0,hybrid_25,0.7737161726291469,0.1860410341300467,5264,189,91,2.184,2632,2632,91,98,23,1.0,2.842170943040401e-14,1.0000000000000002,0.0,23.999999999999986,13809.6,192,0.9738519678720025,1072,0.7820288017910906,1000,0.7775546334595752,1024,0.767640627632961,2168
96,persistent_damage,12005,0.2,1.0,signal_only,0.7942202503554372,0.17871301452407107,3504,135,33,0.792,0,3504,0,135,23,1.0,2.842170943040401e-14,1.0000000000000002,0.0,23.999999999999986,13809.6,192,0.9635166100229275,416,0.8067704688553694,1000,0.7890096906883823,864,0.7905504209389984,1224
96,persistent_damage,12005,0.2,4.0,fixed,0.6919571470689417,0.00995867888190519,0,0,0,0.0,0,0,0,0,34,1.0,2.842170943040401e-14,1.0000000000000002,0.0,-1.0,48326.4,192,0.9479741247073702,0,0.7369736815835642,0,0.6832392644241719,0,0.6738078211340157,0
96,persistent_damage,12005,0.2,4.0,pulse_only,0.8973667807299733,0.44557200238079103,42784,1439,1031,24.744,42784,0,1439,0,11,1.0,2.842170943040401e-14,1.0000000000000002,0.0,7.999999999999986,48326.4,192,0.99685641481546,10960,0.8924257081072318,7912,0.8907769765853568,7864,0.9031322191136527,16048
96,persistent_damage,12005,0.2,4.0,hybrid_75,0.8543320901510856,0.26879060343759753,33904,1159,761,18.264,31744,2160,1075,84,17,1.0,2.842170943040401e-14,1.0000000000000004,0.0,7.999999999999986,48326.4,192,0.9945543265882087,8216,0.8346570647089586,6432,0.8336384128864386,6608,0.8745164415044728,12648
96,persistent_damage,12005,0.2,4.0,hybrid_50,0.8838228737517354,0.35132905282241117,24208,836,518,12.432,21216,2992,717,119,11,1.0,4.263256414560601e-14,1.0000000000000002,0.0,7.999999999999986,48326.4,192,0.9945772579184451,5520,0.8749805875545997,4864,0.8739366495030364,4616,0.8931871289746526,9208
96,persistent_damage,12005,0.2,4.0,hybrid_25,0.8573025079420684,0.20010148119257243,15312,552,258,6.192,10544,4768,359,193,13,1.0,4.263256414560601e-14,1.0000000000000002,0.0,7.999999999999986,48326.4,192,0.9858241764426225,3288,0.8484198807162364,3312,0.8542329378169261,2992,0.8632786066175554,5720
96,persistent_damage,12005,0.2,4.0,signal_only,0.807545037263936,0.1858992804423047,9024,354,66,1.584,0,9024,0,354,20,1.0,2.842170943040401e-14,1.0000000000000002,0.0,7.999999999999986,48326.4,192,0.9678597012317556,784,0.8102660953789526,2360,0.8084606846986035,2056,0.8057266844890942,3824
96,persistent_damage,12006,0.2,1.0,fixed,0.6945889868901691,0.011287909062543332,0,0,0,0.0,0,0,0,0,35,1.0,4.263256414560601e-14,1.0000000000000002,0.0,-1.0,13809.6,192,0.9821246627553766,0,0.7461706440791013,0,0.6811734523159572,0,0.675505925582809,0
96,persistent_damage,12006,0.2,1.0,pulse_only,0.8863391436975223,0.42080139836639285,10840,359,278,6.672,10840,0,359,0,5,1.0,4.263256414560601e-14,1.0000000000000002,0.0,31.999999999999986,13809.6,192,0.999634790113638,2560,0.8744578742574622,2064,0.8564732003950035,2088,0.9072127500688116,4128
96,persistent_damage,12006,0.2,1.0,hybrid_75,0.9209340655145787,0.6735775809241588,8608,284,224,5.376,8272,336,271,13,11,1.0,2.842170943040401e-14,1.0000000000000004,0.0,23.999999999999986,13809.6,192,0.9997467849367688,2192,0.8824810947710423,1480,0.9288773537011306,1384,0.936188906793071,3552
96,persistent_damage,12006,0.2,1.0,hybrid_50,0.9096283724717316,0.5909974165847007,6480,218,156,3.744,5248,1232,174,44,14,1.0,4.263256414560601e-14,1.0000000000000002,0.0,23.999999999999986,13809.6,192,0.9965392318155104,1400,0.9264140893963144,1160,0.9003032472286201,1456,0.9058980766309962,2464
96,persistent_damage,12006,0.2,1.0,hybrid_25,0.9402454576449024,0.8294644341271741,3792,129,87,2.088,2472,1320,82,47,7,1.0,4.263256414560601e-14,1.0000000000000002,0.0,23.999999999999986,13809.6,192,0.997816989505155,544,0.926870890592429,1120,0.9325832572326184,1072,0.9507638413772813,1056
96,persistent_damage,12006,0.2,1.0,signal_only,0.8507539698280648,0.4042001351795779,3688,139,44,1.056,0,3688,0,139,22,1.0,2.842170943040401e-14,1.0000000000000004,0.0,23.999999999999986,13809.6,192,0.9961863988587657,232,0.8457034946114054,1168,0.8525658600473014,920,0.852373262326776,1368
96,persistent_damage,12006,0.2,4.0,fixed,0.6945889868901691,0.011287909062543332,0,0,0,0.0,0,0,0,0,35,1.0,4.263256414560601e-14,1.0000000000000002,0.0,-1.0,48326.4,192,0.9821246627553766,0,0.7461706440791013,0,0.6811734523159572,0,0.675505925582809,0
96,persistent_damage,12006,0.2,4.0,pulse_only,0.9975061930608169,0.9996832574349488,44640,1439,1263,30.312,44640,0,1439,0,1,1.0,4.263256414560601e-14,1.0000000000000002,0.0,7.999999999999986,48326.4,192,0.9999999999999994,11200,0.9953437101400754,8472,0.9963013085525185,8040,0.9991898767753367,16928
96,persistent_damage,12006,0.2,4.0,hybrid_75,0.9777575759584768,0.9272733511096796,33608,1103,892,21.408,32920,688,1078,25,2,1.0,4.263256414560601e-14,1.0000000000000002,0.0,7.999999999999986,48326.4,192,0.9999999999999994,8536,0.9554940754660749,6160,0.9726824328570147,6160,0.9914268977554087,12752
96,persistent_damage,12006,0.2,4.0,hybrid_50,0.9629708621558665,0.8592679891450871,23528,785,586,14.064,21712,1816,718,67,6,1.0,4.263256414560601e-14,1.0000000000000002,0.0,7.999999999999993,48326.4,192,0.9999999999999994,5424,0.943653777518207,4488,0.9479171801800025,4584,0.9801562454626284,9032
96,persistent_damage,12006,0.2,4.0,hybrid_25,0.9397572326767252,0.7936033627874394,13928,476,313,7.5120000000000005,10848,3080,359,117,4,1.0,4.263256414560601e-14,1.0000000000000002,0.0,7.999999999999986,48326.4,192,0.9997121244591212,2640,0.9192058729912682,3048,0.9358698258840472,2832,0.9519766159157926,5408
96,persistent_damage,12006,0.2,4.0,signal_only,0.9058798704267961,0.837478104921143,6112,239,47,1.1280000000000001,0,6112,0,239,11,1.0,2.842170943040401e-14,1.0000000000000004,0.0,7.999999999999986,48326.4,192,0.9961863988587657,256,0.886468509363542,2280,0.899716770645855,1512,0.9186671008488936,2064
96,persistent_damage,12007,0.2,1.0,fixed,0.7198148095749485,0.1593284009772643,0,0,0,0.0,0,0,0,0,33,1.0,4.263256414560601e-14,1.0000000000000002,0.0,-1.0,13809.6,192,0.9845402581930077,0,0.7726414972220392,0,0.7193457026617293,0,0.6936360192080128,0
96,persistent_damage,12007,0.2,1.0,pulse_only,0.8963196162594196,0.4575547556324738,10608,358,252,6.048,10608,0,358,0,11,1.0,4.263256414560601e-14,1.0000000000000002,0.0,31.999999999999986,13809.6,192,0.9978517712678605,2800,0.8848120519726062,2136,0.8936344274657807,1984,0.9034159927996456,3688
96,persistent_damage,12007,0.2,1.0,hybrid_75,0.8623130507255137,0.3652060348669556,8544,289,201,4.824,8096,448,271,18,15,1.0,4.263256414560601e-14,1.0000000000000002,0.0,23.999999999999986,13809.6,192,0.9949513997701006,2096,0.8554857880115581,1608,0.8541866822957388,1688,0.8697898662973789,3152
96,persistent_damage,12007,0.2,1.0,hybrid_50,0.8801968767218478,0.3938012429686923,6512,226,136,3.2640000000000002,5456,1056,184,42,15,1.0,4.263256414560601e-14,1.0000000000000002,0.0,23.999999999999986,13809.6,192,0.997139968133096,1568,0.8967026030628401,1360,0.861698993680571,1160,0.88119295507199,2424
96,persistent_damage,12007,0.2,1.0,hybrid_25,0.8420153550756242,0.29818924330511554,4872,176,81,1.944,2624,2248,90,86,16,1.0,4.263256414560601e-14,1.0000000000000002,0.0,23.999999999999986,13809.6,192,0.9914587189840319,1056,0.8448917994233999,960,0.8084687251310453,1040,0.8573504478740261,1816
96,persistent_damage,12007,0.2,1.0,signal_only,0.8308848134924749,0.22771895832001024,3040,119,23,0.552,0,3040,0,119,21,1.0,4.263256414560601e-14,1.0000000000000002,0.0,23.999999999999986,13809.6,192,0.9926909841277528,240,0.8534902319929435,720,0.816857154274582,752,0.8265959338511871,1328
96,persistent_damage,12007,0.2,4.0,fixed,0.7198148095749485,0.1593284009772643,0,0,0,0.0,0,0,0,0,33,1.0,4.263256414560601e-14,1.0000000000000002,0.0,-1.0,48326.4,192,0.9845402581930077,0,0.7726414972220392,0,0.7193457026617293,0,0.6936360192080128,0
96,persistent_damage,12007,0.2,4.0,pulse_only,0.9542571750466254,0.9665044653607082,43360,1438,1106,26.544,43360,0,1438,0,7,1.0,5.684341886080802e-14,1.0000000000000002,0.0,7.999999999999986,48326.4,192,0.9999005838408377,11088,0.9420582306704793,8280,0.9519537571757731,8064,0.9615083561701248,15928
96,persistent_damage,12007,0.2,4.0,hybrid_75,0.9438175089430701,0.8828231841478716,33384,1120,813,19.512,32216,1168,1074,46,11,1.0,4.263256414560601e-14,1.0000000000000002,0.0,7.999999999999986,48326.4,192,0.9999999999999999,8464,0.9704893405109231,6272,0.9478642424366265,6288,0.9284582264123658,12360
96,persistent_damage,12007,0.2,4.0,hybrid_50,0.9055496760005154,0.5982828488018745,24216,825,552,13.248000000000001,21560,2656,718,107,12,1.0,4.263256414560601e-14,1.0000000000000002,0.0,7.999999999999986,48326.4,192,0.9999999999999999,5792,0.9101070380304894,4656,0.8952451286974797,4544,0.9084232686370463,9224
96,persistent_damage,12007,0.2,4.0,hybrid_25,0.9042319030678975,0.7005171333444417,14376,508,273,6.5520000000000005,10592,3784,357,151,11,1.0,4.263256414560601e-14,1.0000000000000002,0.0,7.999999999999986,48326.4,192,0.9992649978486527,2896,0.8979765511548723,3112,0.8983130933286281,2848,0.9103189838940449,5520
96,persistent_damage,12007,0.2,4.0,signal_only,0.8452284963372237,0.33868394302228666,8232,334,27,0.648,0,8232,0,334,23,1.0,4.263256414560601e-14,1.0000000000000002,0.0,7.999999999999986,48326.4,192,0.9934924835132392,400,0.8810537890023293,1704,0.84405435495804,2000,0.8279029206942625,4128
96,persistent_damage,12008,0.2,1.0,fixed,0.7726608891936145,0.048105514160525734,0,0,0,0.0,0,0,0,0,27,1.0,4.263256414560601e-14,1.0000000000000002,0.0,-1.0,13809.6,192,0.970138315494011,0,0.8109273949438661,0,0.7639592980279469,0,0.7578784319013224,0
96,persistent_damage,12008,0.2,1.0,pulse_only,0.9400696320606391,0.8437560820090797,10904,358,289,6.936,10904,0,358,0,4,1.0,4.263256414560601e-14,1.0000000000000002,0.0,31.999999999999986,13809.6,192,0.9954671251797141,2592,0.9360216100440559,2048,0.9210464947399096,2072,0.9516052117292952,4192
96,persistent_damage,12008,0.2,1.0,hybrid_75,0.9408474933957456,0.8497907101876357,8344,275,218,5.232,8024,320,263,12,4,1.0,4.263256414560601e-14,1.0000000000000004,0.0,23.999999999999986,13809.6,192,0.9988902647474551,2008,0.9144549420966148,1536,0.9254012743031742,1536,0.9617668785915968,3264
96,persistent_damage,12008,0.2,1.0,hybrid_50,0.9374865070588972,0.8214930236378993,6328,209,164,3.936,5264,1064,173,36,2,1.0,4.263256414560601e-14,1.0000000000000002,0.0,23.999999999999986,13809.6,192,0.9853412006214407,1384,0.9138936342418433,1424,0.8819355129999293,1192,0.9770584404969084,2328
96,persistent_damage,12008,0.2,1.0,hybrid_25,0.9249023754424031,0.6878318803293219,3640,126,77,1.848,2472,1168,82,44,7,1.0,2.842170943040401e-14,1.0000000000000002,0.0,23.999999999999986,13809.6,192,0.9863520736382692,608,0.910541848933242,864,0.9153298882069575,960,0.9368688823147067,1208
96,persistent_damage,12008,0.2,1.0,signal_only,0.8826653537827762,0.42368439781631423,2768,106,28,0.672,0,2768,0,106,19,1.0,4.263256414560601e-14,1.0000000000000002,0.0,23.999999999999986,13809.6,192,0.982054312253983,160,0.9132096872759908,912,0.8584768312506806,536,0.8794874483022165,1160
96,persistent_damage,12008,0.2,4.0,fixed,0.7726608891936145,0.048105514160525734,0,0,0,0.0,0,0,0,0,27,1.0,4.263256414560601e-14,1.0000000000000002,0.0,-1.0,48326.4,192,0.970138315494011,0,0.8109273949438661,0,0.7639592980279469,0,0.7578784319013224,0
96,persistent_damage,12008,0.2,4.0,pulse_only,0.9997301605180448,0.9999999999999959,44592,1438,1260,30.240000000000002,44592,0,1438,0,0,1.0,4.263256414560601e-14,1.0000000000000002,0.0,7.999999999999986,48326.4,192,0.9999999999999992,11240,0.9989206420721811,8256,0.9999999999999997,8160,0.9999999999999991,16936
96,persistent_damage,12008,0.2,4.0,hybrid_75,0.9918697719460279,0.9734537766109429,33832,1099,932,22.368000000000002,33224,608,1078,21,0,1.0,4.263256414560601e-14,1.0000000000000002,0.0,8.0,48326.4,192,0.9982706858472895,8376,0.9873249928632342,6312,0.9967224057142131,6264,0.991715844603332,12880
96,persistent_damage,12008,0.2,4.0,hybrid_50,0.9863638080583201,0.9626286542173803,22928,744,634,15.216000000000001,22232,696,718,26,0,1.0,4.263256414560601e-14,1.0000000000000002,0.0,7.999999999999993,48326.4,192,0.9999999999999992,5416,0.9719895309267919,4488,0.9767148286987275,4416,0.9983754363038807,8608
96,persistent_damage,12008,0.2,4.0,hybrid_25,0.9903064909867669,0.9900653483583491,11976,392,321,7.704,11064,912,358,34,0,1.0,4.263256414560601e-14,1.0000000000000004,0.0,7.999999999999993,48326.4,192,0.9982046578229136,2712,0.9875299602308714,2392,0.9737506455639485,2520,0.9999726790761235,4352
96,persistent_damage,12008,0.2,4.0,signal_only,0.8886560731961237,0.4882992241968118,7360,298,26,0.624,0,7360,0,298,22,1.0,4.263256414560601e-14,1.0000000000000002,0.0,7.999999999999986,48326.4,192,0.9846040663938516,336,0.9135660553635516,1560,0.885973920178055,1744,0.8775421586214437,3720
96,persistent_damage,12009,0.2,1.0,fixed,0.5575372101973308,0.00013792602941493378,0,0,0,0.0,0,0,0,0,46,1.0,2.842170943040401e-14,1.0000000000000002,0.0,-1.0,13809.6,192,0.8992122441622605,0,0.6026360120077107,0,0.5463115209594216,0,0.5406006539110954,0
96,persistent_damage,12009,0.2,1.0,pulse_only,0.8030208510860715,0.168284434033445,10520,359,238,5.712,10520,0,359,0,15,1.0,4.263256414560601e-14,1.0000000000000002,0.0,31.999999999999986,13809.6,192,0.9303702894253952,2632,0.7828615473362944,2000,0.7740872518908479,1896,0.827567302558572,3992
96,persistent_damage,12009,0.2,1.0,hybrid_75,0.7872739052268749,0.1260372925648887,8392,294,167,4.008,7768,624,269,25,21,1.0,4.263256414560601e-14,1.0000000000000002,0.0,23.999999999999986,13809.6,192,0.9361728788438156,2120,0.7820146719206964,1456,0.7721334778008275,1656,0.7974737355929881,3160
96,persistent_damage,12009,0.2,1.0,hybrid_50,0.7622730039309126,0.06534453930029714,7208,256,133,3.192,5320,1888,185,71,17,1.0,4.263256414560601e-14,1.0000000000000002,0.0,23.999999999999986,13809.6,192,0.9171533322840985,1632,0.7423400529325734,1328,0.7084447240814628,1672,0.7991536193548068,2576
96,persistent_damage,12009,0.2,1.0,hybrid_25,0.7302226204435532,0.007289858653260792,5464,205,68,1.6320000000000001,2416,3048,85,120,28,1.0,4.263256414560601e-14,1.0000000000000004,0.0,23.999999999999993,13809.6,192,0.9205568177640573,1016,0.7444329363252747,1400,0.7215925967537572,1104,0.7274324743475906,1944
96,persistent_damage,12009,0.2,1.0,signal_only,0.7606463131801419,0.06134885616216059,4224,162,42,1.008,0,4224,0,162,23,1.0,4.263256414560601e-14,1.0000000000000002,0.0,23.999999999999986,13809.6,192,0.905432799921776,632,0.7370555087052688,1432,0.7535535435329511,776,0.7759881002411738,1384
96,persistent_damage,12009,0.2,4.0,fixed,0.5575372101973308,0.00013792602941493378,0,0,0,0.0,0,0,0,0,46,1.0,2.842170943040401e-14,1.0000000000000002,0.0,-1.0,48326.4,192,0.8992122441622605,0,0.6026360120077107,0,0.5463115209594216,0,0.5406006539110954,0
96,persistent_damage,12009,0.2,4.0,pulse_only,0.8495954360934999,0.21797602144808914,42000,1439,933,22.392,42000,0,1439,0,15,1.0,4.263256414560601e-14,1.0000000000000002,0.0,7.999999999999986,48326.4,192,0.9664082197195581,10816,0.8320243019531934,7808,0.8532380117231053,7952,0.8565597153488501,15424
96,persistent_damage,12009,0.2,4.0,hybrid_75,0.8412925974374468,0.2437037748580966,33360,1165,675,16.2,30928,2432,1067,98,20,1.0,4.263256414560601e-14,1.0000000000000004,0.0,7.999999999999986,48326.4,192,0.9602241155379008,8208,0.8330134369372527,6560,0.8247060726953261,6160,0.8537254400586043,12432
96,persistent_damage,12009,0.2,4.0,hybrid_50,0.8121491876654354,0.18945710558351486,25352,894,487,11.688,20856,4496,713,181,17,1.0,4.263256414560601e-14,1.0000000000000002,0.0,7.999999999999993,48326.4,192,0.9555976892882369,6000,0.7958745821652417,4920,0.7868418286051068,4744,0.8329401699456968,9688
96,persistent_damage,12009,0.2,4.0,hybrid_25,0.835157555356443,0.11389386157136541,16888,617,260,6.24,10392,6496,357,260,18,1.0,4.263256414560601e-14,1.0000000000000002,0.0,7.999999999999986,48326.4,192,0.9412083902632268,3504,0.8274065314170516,3480,0.8140968772324025,3480,0.8495634063881585,6424
96,persistent_damage,12009,0.2,4.0,signal_only,0.7647350650599998,0.0038566899221163234,11272,451,56,1.344,0,11272,0,451,24,1.0,4.263256414560601e-14,1.0000000000000002,0.0,7.999999999999986,48326.4,192,0.9092742218555561,1408,0.7468235406051809,3168,0.7678446137264652,2408,0.7721360529541765,4288
96,persistent_damage,12010,0.2,1.0,fixed,0.7466262071344878,0.006110896765325455,0,0,0,0.0,0,0,0,0,33,1.0,2.842170943040401e-14,1.0000000000000002,0.0,-1.0,13809.6,192,0.9177767470702264,0,0.7941240908206092,0,0.7361885678096365,0,0.728096084953853,0
96,persistent_damage,12010,0.2,1.0,pulse_only,0.8778731384532242,0.4026062025213448,10528,359,239,5.736,10528,0,359,0,8,1.0,2.842170943040401e-14,1.0000000000000002,0.0,31.999999999999986,13809.6,192,0.9740578504464088,2640,0.857105154825241,1984,0.8489091055329113,2024,0.9027391467273724,3880
96,persistent_damage,12010,0.2,1.0,hybrid_75,0.8555568858276535,0.2785031806316628,8208,279,189,4.5360000000000005,7744,464,261,18,16,1.0,4.263256414560601e-14,1.0000000000000002,0.0,24.0,13809.6,192,0.9614299784206681,1872,0.8376757983235512,1504,0.8620509133197144,1600,0.8612504158336745,3232
96,persistent_damage,12010,0.2,1.0,hybrid_50,0.8578591672581978,0.4125148433383856,6520,234,113,2.712,4976,1544,174,60,17,1.0,2.842170943040401e-14,1.0000000000000004,0.0,23.999999999999986,13809.6,192,0.9538445602368065,1456,0.8411062787806624,1408,0.856210796700968,1392,0.8670597967755803,2264
96,persistent_damage,12010,0.2,1.0,hybrid_25,0.8361937076656244,0.1966451252465987,4456,162,71,1.704,2496,1960,85,77,17,1.0,2.842170943040401e-14,1.0000000000000002,0.0,23.999999999999986,13809.6,192,0.9437904209893868,864,0.8240654324799559,976,0.8266994545835556,736,0.847004971799493,1880
96,persistent_damage,12010,0.2,1.0,signal_only,0.8106932904286465,0.18336561081286304,3800,149,28,0.672,0,3800,0,149,21,1.0,2.842170943040401e-14,1.0000000000000002,0.0,23.999999999999986,13809.6,192,0.9499827089466095,680,0.8056221214980585,920,0.8006634353739686,880,0.8182438024212795,1320
96,persistent_damage,12010,0.2,4.0,fixed,0.7466262071344878,0.006110896765325455,0,0,0,0.0,0,0,0,0,33,1.0,2.842170943040401e-14,1.0000000000000002,0.0,-1.0,48326.4,192,0.9177767470702264,0,0.7941240908206092,0,0.7361885678096365,0,0.728096084953853,0
96,persistent_damage,12010,0.2,4.0,pulse_only,0.8963836998062921,0.5391107617933972,42496,1439,995,23.88,42496,0,1439,0,12,1.0,4.263256414560601e-14,1.0000000000000004,0.0,7.999999999999986,48326.4,192,0.9821010798346012,10808,0.8764858636435298,7688,0.9028882703115145,8064,0.9030803326350622,15936
96,persistent_damage,12010,0.2,4.0,hybrid_75,0.9264410441608191,0.8545169326379315,33064,1134,731,17.544,31448,1616,1072,62,6,1.0,2.842170943040401e-14,1.0000000000000002,0.0,7.999999999999986,48326.4,192,0.9701772463897638,8064,0.8971444424940489,6344,0.9371793951662833,6344,0.9357201694914719,12312
96,persistent_damage,12010,0.2,4.0,hybrid_50,0.8916012159463949,0.57458877617738,25424,885,523,12.552,21112,4312,716,169,13,1.0,4.263256414560601e-14,1.0000000000000002,0.0,7.999999999999986,48326.4,192,0.9621281449257232,5952,0.8456957800648631,5104,0.8848975093860655,4976,0.9179057871673253,9392
96,persistent_damage,12010,0.2,4.0,hybrid_25,0.883311982245522,0.3539656509779248,15792,569,267,6.408,10472,5320,356,213,14,1.0,2.842170943040401e-14,1.0000000000000004,0.0,7.999999999999986,48326.4,192,0.9746742219449303,3104,0.8668121233097185,3296,0.8745884864136366,3192,0.8959236596293667,6200
96,persistent_damage,12010,0.2,4.0,signal_only,0.8561797247536684,0.27982897983333443,8632,349,32,0.768,0,8632,0,349,18,1.0,4.263256414560601e-14,1.0000000000000002,0.0,7.999999999999986,48326.4,192,0.9600476858072414,1280,0.8465695140305093,2272,0.8506075694129531,1960,0.863770907785606,3120
96,persistent_damage,12011,0.2,1.0,fixed,0.6939349928213712,0.0003787482328847467,0,0,0,0.0,0,0,0,0,30,1.0,2.842170943040401e-14,1.0000000000000002,0.0,-1.0,13809.6,192,0.8875725851591456,0,0.7321442784912102,0,0.6860840088392351,0,0.6787558419775197,0
96,persistent_damage,12011,0.2,1.0,pulse_only,0.8370555615297764,0.2263375997893741,10816,356,284,6.816,10816,0,356,0,11,1.0,4.263256414560601e-14,1.0000000000000002,0.0,31.999999999999986,13809.6,192,0.9191847288498951,2680,0.807853561660467,2176,0.8147941220433804,1944,0.8627872812076288,4016
96,persistent_damage,12011,0.2,1.0,hybrid_75,0.8414209040079701,0.1923572890486456,8264,279,196,4.704,7736,528,259,20,15,1.0,4.263256414560601e-14,1.0000000000000002,0.0,23.999999999999986,13809.6,192,0.9153719438824305,1952,0.8206756342809834,1456,0.8365247881016964,1816,0.8542415968246004,3040
96,persistent_damage,12011,0.2,1.0,hybrid_50,0.8003455896580192,0.1596154664778122,6816,235,147,3.528,5184,1632,174,61,16,1.0,4.263256414560601e-14,1.0000000000000002,0.0,23.999999999999986,13809.6,192,0.902071751252495,1456,0.7782570971072541,1480,0.7779539865379531,1320,0.8225856374934347,2560
96,persistent_damage,12011,0.2,1.0,hybrid_25,0.8256459143028987,0.18065291541012796,4760,175,70,1.68,2528,2232,87,88,18,1.0,4.263256414560601e-14,1.0000000000000002,0.0,23.999999999999986,13809.6,192,0.9183145601566803,1184,0.8239289222334125,848,0.81497421825555,936,0.8318402583613158,1792
96,persistent_damage,12011,0.2,1.0,signal_only,0.7760029539442862,0.02683153483627965,3904,153,29,0.6960000000000001,0,3904,0,153,22,1.0,2.842170943040401e-14,1.0000000000000002,0.0,23.999999999999986,13809.6,192,0.9174902620625595,728,0.7614656263963174,856,0.7802016799732131,896,0.7811722547038071,1424
96,persistent_damage,12011,0.2,4.0,fixed,0.6939349928213712,0.0003787482328847467,0,0,0,0.0,0,0,0,0,30,1.0,2.842170943040401e-14,1.0000000000000002,0.0,-1.0,48326.4,192,0.8875725851591456,0,0.7321442784912102,0,0.6860840088392351,0,0.6787558419775197,0
96,persistent_damage,12011,0.2,4.0,pulse_only,0.8781627387387724,0.36425676224722375,42624,1436,1020,24.48,42624,0,1436,0,11,1.0,4.263256414560601e-14,1.0000000000000002,0.0,7.999999999999986,48326.4,192,0.947914577273746,10768,0.8608580176982886,7792,0.8543970298747061,7992,0.8986979536910475,16072
96,persistent_damage,12011,0.2,4.0,hybrid_75,0.8814468460913623,0.5466349360949297,34432,1154,842,20.208000000000002,32040,2392,1067,87,12,1.0,4.263256414560601e-14,1.0000000000000004,0.0,7.999999999999986,48326.4,192,0.9275254209239362,8312,0.8818069081600468,6744,0.8786831824561944,6536,0.8826486468746035,12840
96,persistent_damage,12011,0.2,4.0,hybrid_50,0.8745654589527395,0.45690284665681663,24984,864,531,12.744,21128,3856,710,154,14,1.0,4.263256414560601e-14,1.0000000000000002,0.0,7.999999999999986,48326.4,192,0.9399258876006126,5936,0.8537415468530385,4968,0.8767250493002842,4640,0.8838976198288174,9440
96,persistent_damage,12011,0.2,4.0,hybrid_25,0.8571184943105551,0.3241883677154229,16520,594,283,6.792,10408,6112,353,241,14,1.0,4.263256414560601e-14,1.0000000000000002,0.0,7.999999999999986,48326.4,192,0.9344991443067721,3736,0.8173509757049331,3816,0.8551798430261076,3032,0.8779715792555897,5936
96,persistent_damage,12011,0.2,4.0,signal_only,0.7783205581593189,0.01412802519048494,9848,400,31,0.744,0,9848,0,400,22,1.0,4.263256414560601e-14,1.0000000000000004,0.0,7.999999999999986,48326.4,192,0.9169652294731926,1544,0.7681703395816891,2280,0.7836094215555106,2208,0.780751235750038,3816
96,persistent_damage,12012,0.2,1.0,fixed,0.6931566965979998,0.004915195022298795,0,0,0,0.0,0,0,0,0,32,1.0,2.842170943040401e-14,1.0000000000000002,0.0,-1.0,13809.6,192,0.9351615409728659,0,0.7556979474406874,0,0.6733987101470351,0,0.6717650644021382,0
96,persistent_damage,12012,0.2,1.0,pulse_only,0.8706884299720618,0.3940199284010188,10632,357,258,6.192,10632,0,357,0,14,1.0,4.263256414560601e-14,1.0000000000000002,0.0,31.999999999999986,13809.6,192,0.9914135542307475,2648,0.8402830740950529,2048,0.8443844724464199,2040,0.8990430866733871,3896
96,persistent_damage,12012,0.2,1.0,hybrid_75,0.8740333792755807,0.3683331753967545,8120,274,193,4.632,7736,384,259,15,11,1.0,4.263256414560601e-14,1.0000000000000002,0.0,23.999999999999986,13809.6,192,0.9903229094356442,2048,0.8605843898550174,1288,0.8586345765720194,1824,0.888457275337643,2960
96,persistent_damage,12012,0.2,1.0,hybrid_50,0.8852143887070881,0.4701938088441095,6432,219,147,3.528,5152,1280,173,46,8,1.0,4.263256414560601e-14,1.0000000000000002,0.0,23.999999999999986,13809.6,192,0.9677859881755727,1216,0.8713255271813228,1448,0.8694765427820884,1296,0.9000277424324709,2472
96,persistent_damage,12012,0.2,1.0,hybrid_25,0.8383052894289874,0.29540929236136154,4360,155,80,1.92,2440,1920,83,72,13,1.0,2.842170943040401e-14,1.0000000000000002,0.0,23.999999999999986,13809.6,192,0.9795324552241891,816,0.8424667976746739,1024,0.8048752392587486,888,0.8529395603912638,1632
96,persistent_damage,12012,0.2,1.0,signal_only,0.8431130094769819,0.28540725424799257,3200,122,34,0.8160000000000001,0,3200,0,122,19,1.0,2.842170943040401e-14,1.0000000000000002,0.0,23.999999999999986,13809.6,192,0.9674522555701285,432,0.8543954804441045,1064,0.842227155005258,648,0.8379147012292824,1056
96,persistent_damage,12012,0.2,4.0,fixed,0.6931566965979998,0.004915195022298795,0,0,0,0.0,0,0,0,0,32,1.0,2.842170943040401e-14,1.0000000000000002,0.0,-1.0,48326.4,192,0.9351615409728659,0,0.7556979474406874,0,0.6733987101470351,0,0.6717650644021382,0
96,persistent_damage,12012,0.2,4.0,pulse_only,0.9012134938469595,0.5734403840473271,42864,1437,1047,25.128,42864,0,1437,0,11,1.0,4.263256414560601e-14,1.0000000000000004,0.0,7.999999999999986,48326.4,192,0.9990998589972809,11128,0.8868792363659278,7696,0.8931227698256708,8088,0.9124259845981195,15952
96,persistent_damage,12012,0.2,4.0,hybrid_75,0.903893646236931,0.5848221418115198,33432,1132,783,18.792,31824,1608,1070,62,11,1.0,4.263256414560601e-14,1.0000000000000002,0.0,7.999999999999986,48326.4,192,0.9927357589395709,8088,0.8878600540416621,6312,0.9063676769049397,6440,0.9106734270005612,12592
96,persistent_damage,12012,0.2,4.0,hybrid_50,0.8866129418089345,0.42440586542906106,24088,838,497,11.928,20992,3096,714,124,12,1.0,4.263256414560601e-14,1.0000000000000004,0.0,7.999999999999986,48326.4,192,0.9876572558812761,5600,0.8635682751061251,4752,0.8803417992407376,4568,0.9012708464444378,9168
96,persistent_damage,12012,0.2,4.0,hybrid_25,0.9017676135101117,0.5639128686180787,14576,515,277,6.648000000000001,10552,4024,356,159,14,1.0,4.263256414560601e-14,1.0000000000000002,0.0,7.999999999999986,48326.4,192,0.996907554846596,2808,0.8712889321218981,3400,0.9057257353832131,2808,0.9150278932676679,5560
96,persistent_damage,12012,0.2,4.0,signal_only,0.7890009343424711,0.20135433123679103,9528,386,33,0.792,0,9528,0,386,24,1.0,2.842170943040401e-14,1.0000000000000002,0.0,7.999999999999986,48326.4,192,0.9719982423833601,936,0.8050483084851782,2184,0.7842678222399833,2160,0.7833438033223615,4248
96,persistent_damage,12013,0.2,1.0,fixed,0.6614036394727993,0.004096418419332006,0,0,0,0.0,0,0,0,0,37,1.0,4.263256414560601e-14,1.0000000000000002,0.0,-1.0,13809.6,192,0.9231667193827816,0,0.709865071108556,0,0.6575026785938276,0,0.6391234040944068,0
96,persistent_damage,12013,0.2,1.0,pulse_only,0.8708006585785908,0.5367461169829862,10704,360,258,6.192,10704,0,360,0,13,1.0,4.263256414560601e-14,1.0000000000000002,0.0,31.999999999999986,13809.6,192,0.9662632682837462,2904,0.8400144507596858,1848,0.8501715121942959,1928,0.8965083356801906,4024
96,persistent_damage,12013,0.2,1.0,hybrid_75,0.8664235674715197,0.4595863369868164,8496,290,192,4.6080000000000005,8000,496,271,19,11,1.0,4.263256414560601e-14,1.0000000000000002,0.0,24.0,13809.6,192,0.9728112257036245,2104,0.8367622938590316,1624,0.8562469202248669,1568,0.8863425279010904,3200
96,persistent_damage,12013,0.2,1.0,hybrid_50,0.873261948554305,0.3299988768272878,6520,229,128,3.072,5304,1216,183,46,12,1.0,4.263256414560601e-14,1.0000000000000004,0.0,23.999999999999993,13809.6,192,0.9678859567600753,1720,0.8787156423894027,1088,0.860237542961074,1432,0.8770473044333714,2280
96,persistent_damage,12013,0.2,1.0,hybrid_25,0.8699291215917104,0.3718036793802215,4712,170,79,1.8960000000000001,2752,1960,95,75,13,1.0,4.263256414560601e-14,1.0000000000000004,0.0,23.999999999999986,13809.6,192,0.9674793547411056,1200,0.849505368457229,1008,0.8674671077378999,992,0.8813720050858563,1512
96,persistent_damage,12013,0.2,1.0,signal_only,0.8072018979271699,0.2133496090774695,3800,143,46,1.104,0,3800,0,143,18,1.0,4.263256414560601e-14,1.0000000000000002,0.0,23.999999999999986,13809.6,192,0.9460542187284807,664,0.7956866958203752,1040,0.7857221017369127,808,0.823699397075696,1288
96,persistent_damage,12013,0.2,4.0,fixed,0.6614036394727993,0.004096418419332006,0,0,0,0.0,0,0,0,0,37,1.0,4.263256414560601e-14,1.0000000000000002,0.0,-1.0,48326.4,192,0.9231667193827816,0,0.709865071108556,0,0.6575026785938276,0,0.6391234040944068,0
96,persistent_damage,12013,0.2,4.0,pulse_only,0.9270757479379119,0.8749815806897596,42816,1440,1032,24.768,42816,0,1440,0,6,1.0,5.684341886080802e-14,1.0000000000000002,0.0,7.999999999999986,48326.4,192,0.9831314222103712,10816,0.9188946242614318,8032,0.9198876454516924,7920,0.934760361019262,16048
96,persistent_damage,12013,0.2,4.0,hybrid_75,0.9355970865620816,0.9001047486674937,33272,1118,805,19.32,32176,1096,1076,42,4,1.0,4.263256414560601e-14,1.0000000000000004,0.0,7.999999999999993,48326.4,192,0.9820301727679659,8472,0.9106908627849369,6168,0.9343145050051325,6232,0.9486914892291286,12400
96,persistent_damage,12013,0.2,4.0,hybrid_50,0.9338017774890325,0.8730177670442897,23688,811,528,12.672,21384,2304,719,92,9,1.0,4.263256414560601e-14,1.0000000000000004,0.0,7.999999999999986,48326.4,192,0.9830470848247785,5968,0.917357696835248,4504,0.9294510864779444,4536,0.9441991633214692,8680
96,persistent_damage,12013,0.2,4.0,hybrid_25,0.8926876103430564,0.5151535333721617,14496,511,279,6.696,10528,3968,357,154,8,1.0,4.263256414560601e-14,1.0000000000000002,0.0,7.999999999999993,48326.4,192,0.971593612793707,3392,0.8524459924314476,2928,0.8796855378886408,2904,0.9193094555260687,5272
96,persistent_damage,12013,0.2,4.0,signal_only,0.8424778367772148,0.19193936432477043,8824,348,59,1.416,0,8824,0,348,19,1.0,4.263256414560601e-14,1.0000000000000002,0.0,7.999999999999986,48326.4,192,0.9498539375694569,1552,0.8421168807378154,2024,0.8446269245297264,1704,0.8415837709206586,3544
96,persistent_damage,12014,0.2,1.0,fixed,0.6524367368783839,0.0,0,0,0,0.0,0,0,0,0,36,1.0,2.842170943040401e-14,1.0000000000000002,0.0,-1.0,13809.6,192,0.8044895969778888,0,0.6739537709480907,0,0.6544321601172962,0,0.6406805082240742,0
96,persistent_damage,12014,0.2,1.0,pulse_only,0.786101302398045,0.0006307050600135004,10240,353,221,5.304,10240,0,353,0,22,1.0,4.263256414560601e-14,1.0000000000000002,0.0,31.999999999999986,13809.6,192,0.8589446843013291,2696,0.7748126839492675,1872,0.7892000131216721,1872,0.7901962562606201,3800
96,persistent_damage,12014,0.2,1.0,hybrid_75,0.755212814123451,0.0002674592785527427,8320,291,167,4.008,7696,624,266,25,21,1.0,4.263256414560601e-14,1.0000000000000004,0.0,24.0,13809.6,192,0.8508816302008703,1848,0.7359696365074605,1584,0.7401776169837019,1704,0.7723520015013209,3184
96,persistent_damage,12014,0.2,1.0,hybrid_50,0.7698083747858391,0.0027407009226669767,6872,246,121,2.904,5168,1704,178,68,22,1.0,4.263256414560601e-14,1.0000000000000004,0.0,23.999999999999986,13809.6,192,0.8474489134387729,1568,0.7460938574735292,1400,0.7480863196686917,1392,0.7925266610005677,2512
96,persistent_damage,12014,0.2,1.0,hybrid_25,0.7585205742267407,0.001988868530593244,5936,219,85,2.04,2656,3280,90,129,23,1.0,2.842170943040401e-14,1.0000000000000002,0.0,23.999999999999986,13809.6,192,0.8170755904178726,1392,0.7573448923615822,1096,0.7488398632767376,1168,0.7639487706343212,2280
96,persistent_damage,12014,0.2,1.0,signal_only,0.7342578241637039,7.3318696322992025e-06,5008,201,23,0.552,0,5008,0,201,29,1.0,2.842170943040401e-14,1.0000000000000002,0.0,23.999999999999986,13809.6,192,0.8225299541518563,1352,0.7510840829002915,800,0.7399982124847827,792,0.7229745006348705,2064
96,persistent_damage,12014,0.2,4.0,fixed,0.6524367368783839,0.0,0,0,0,0.0,0,0,0,0,36,1.0,2.842170943040401e-14,1.0000000000000002,0.0,-1.0,48326.4,192,0.8044895969778888,0,0.6739537709480907,0,0.6544321601172962,0,0.6406805082240742,0
96,persistent_damage,12014,0.2,4.0,pulse_only,0.8301439853254315,0.021937677328562884,41184,1433,849,20.376,41184,0,1433,0,25,1.0,4.263256414560601e-14,1.0000000000000002,0.0,7.999999999999986,48326.4,192,0.871398986138869,10408,0.8266868548944095,7792,0.8285805768981507,7776,0.8326542547545831,15208
96,persistent_damage,12014,0.2,4.0,hybrid_75,0.8063190751042,0.08263729035481245,33608,1180,661,15.864,30544,3064,1059,121,26,1.0,4.263256414560601e-14,1.0000000000000002,0.0,7.999999999999986,48326.4,192,0.8853600941964821,8184,0.7880460373713655,6448,0.8002197839348497,6344,0.8185052395552925,12632
96,persistent_damage,12014,0.2,4.0,hybrid_50,0.8089545610257894,0.12051416003677726,26792,954,487,11.688,20576,6216,710,244,17,1.0,4.263256414560601e-14,1.0000000000000002,0.0,7.999999999999986,48326.4,192,0.8813347926479264,6344,0.7634500353965717,5424,0.8077098357809464,5088,0.83232918646282,9936
96,persistent_damage,12014,0.2,4.0,hybrid_25,0.7859587098375641,0.03869645071607644,18784,700,248,5.952,10128,8656,351,349,17,1.0,4.263256414560601e-14,1.0000000000000002,0.0,7.999999999999986,48326.4,192,0.86267082732955,4488,0.7621854148514392,3864,0.7647326411829016,3792,0.808458391657958,6640
96,persistent_damage,12014,0.2,4.0,signal_only,0.7467051444566156,0.0,12632,517,28,0.672,0,12632,0,517,28,1.0,2.842170943040401e-14,1.0000000000000002,0.0,7.999999999999986,48326.4,192,0.8275156731167599,2584,0.7695730273770722,2328,0.7453247598689873,2784,0.7359613952902014,4936
96,persistent_damage,12015,0.2,1.0,fixed,0.7808525364745947,0.06477788064393619,0,0,0,0.0,0,0,0,0,26,1.0,4.263256414560601e-14,1.0000000000000004,0.0,-1.0,13809.6,192,0.9842454735111462,0,0.8248987605375528,0,0.7685375602135127,0,0.7649869125736568,0
96,persistent_damage,12015,0.2,1.0,pulse_only,0.931788383730628,0.7621009023167377,10664,356,265,6.36,10664,0,356,0,7,1.0,4.263256414560601e-14,1.0000000000000002,0.0,31.999999999999986,13809.6,192,0.9999196076804667,2864,0.9622762573488922,2032,0.9156934038545108,1816,0.9245919368595547,3952
96,persistent_damage,12015,0.2,1.0,hybrid_75,0.9352187337828723,0.757108447790553,8368,281,203,4.872,8040,328,268,13,10,1.0,4.263256414560601e-14,1.0000000000000002,0.0,24.0,13809.6,192,0.9994483475983582,2072,0.9785045963423611,1448,0.902462339506261,1728,0.929953999641434,3120
96,persistent_damage,12015,0.2,1.0,hybrid_50,0.9639584578041279,0.9488723054149232,6016,198,158,3.7920000000000003,5440,576,177,21,8,1.0,5.684341886080802e-14,1.0000000000000004,0.0,24.0,13809.6,192,0.9963496312235268,1264,0.9769166380426,1096,0.9482104748358718,1328,0.9653533591690198,2328
96,persistent_damage,12015,0.2,1.0,hybrid_25,0.9159932279632196,0.6465768731472078,4168,144,89,2.136,2680,1488,91,53,15,1.0,4.263256414560601e-14,1.0000000000000002,0.0,23.999999999999986,13809.6,192,0.9990165249419052,768,0.9478007263467456,912,0.9110963516129429,904,0.9025379169465948,1584
96,persistent_damage,12015,0.2,1.0,signal_only,0.927178082002225,0.7505936180879395,2064,76,30,0.72,0,2064,0,76,10,1.0,4.263256414560601e-14,1.0000000000000004,0.0,23.999999999999986,13809.6,192,0.998983076459372,128,0.9357339014473607,840,0.9208250493877495,416,0.926076688586895,680
96,persistent_damage,12015,0.2,4.0,fixed,0.7808525364745947,0.06477788064393619,0,0,0,0.0,0,0,0,0,26,1.0,4.263256414560601e-14,1.0000000000000004,0.0,-1.0,48326.4,192,0.9842454735111462,0,0.8248987605375528,0,0.7685375602135127,0,0.7649869125736568,0
96,persistent_damage,12015,0.2,4.0,pulse_only,1.0,0.999999999999997,44704,1436,1280,30.72,44704,0,1436,0,0,1.0,4.263256414560601e-14,1.0000000000000004,0.0,7.999999999999986,48326.4,192,1.0,11024,1.0,8520,1.0,8392,1.0000000000000002,16768
96,persistent_damage,12015,0.2,4.0,hybrid_75,0.9949578585031289,0.9999404021244381,33920,1087,979,23.496000000000002,33600,320,1076,11,0,1.0,4.263256414560601e-14,1.0000000000000002,0.0,7.999999999999993,48326.4,192,1.0,8440,0.9907406659315182,6376,0.98911105852591,6376,0.9999898547775437,12728
96,persistent_damage,12015,0.2,4.0,hybrid_50,0.9914315086669175,0.9820029672305067,22472,734,607,14.568,21976,496,714,20,7,1.0,4.263256414560601e-14,1.0000000000000004,0.0,7.999999999999986,48326.4,192,1.0,5528,1.0,4296,0.9994996067335229,4288,0.9831132139670735,8360
96,persistent_damage,12015,0.2,4.0,hybrid_25,0.9482598934434601,0.9084797534042562,13408,468,272,6.5280000000000005,10560,2848,356,112,6,1.0,2.842170943040401e-14,1.0000000000000002,0.0,7.999999999999986,48326.4,192,0.9999475194350093,2896,0.9835661137418187,2424,0.9292946409596303,2848,0.9400894095361959,5240
96,persistent_damage,12015,0.2,4.0,signal_only,0.9082054956532287,0.6716073523742978,5912,234,37,0.888,0,5912,0,234,15,1.0,4.263256414560601e-14,1.0000000000000004,0.0,7.999999999999993,48326.4,192,0.998983076459372,128,0.9212352607636675,1720,0.9064417135249836,1336,0.9025725041621318,2728
96,persistent_damage,12016,0.2,1.0,fixed,0.6815582161660566,9.510090737908983e-06,0,0,0,0.0,0,0,0,0,36,1.0,4.263256414560601e-14,1.0000000000000002,0.0,-1.0,13809.6,192,0.8712311304994343,0,0.7446980719758768,0,0.6621124393339205,0,0.6597111766772146,0
96,persistent_damage,12016,0.2,1.0,pulse_only,0.8892813394546036,0.5640644906392673,10944,359,291,6.984,10944,0,359,0,9,1.0,4.263256414560601e-14,1.0000000000000002,0.0,31.999999999999986,13809.6,192,0.9055427249126301,2848,0.8505362252866396,2128,0.8850792954674837,1960,0.9107549185321455,4008
96,persistent_damage,12016,0.2,1.0,hybrid_75,0.8842096391592904,0.5495973411340593,8488,281,218,5.232,8128,360,268,13,8,1.0,4.263256414560601e-14,1.0000000000000002,0.0,24.0,13809.6,192,0.9256392935501506,2096,0.8441431609852347,1584,0.8633353789441757,1712,0.9146800083538759,3096
96,persistent_damage,12016,0.2,1.0,hybrid_50,0.8620511295222094,0.14537572444489552,6648,226,153,3.672,5488,1160,183,43,12,1.0,4.263256414560601e-14,1.0000000000000002,0.0,24.0,13809.6,192,0.9040959194551125,1704,0.8399320593538446,1264,0.8494053110365589,1280,0.879433573849217,2400
96,persistent_damage,12016,0.2,1.0,hybrid_25,0.8352540491776917,0.19392469788696093,4528,162,80,1.92,2680,1848,91,71,14,1.0,4.263256414560601e-14,1.0000000000000002,0.0,23.999999999999986,13809.6,192,0.9116227837648156,1120,0.8108899401812862,1000,0.835307477197761,784,0.8474093896658602,1624
96,persistent_damage,12016,0.2,1.0,signal_only,0.8203258763252989,0.11849822157935364,2880,111,27,0.648,0,2880,0,111,14,1.0,4.263256414560601e-14,1.0000000000000002,0.0,23.999999999999986,13809.6,192,0.904370803439744,712,0.8063184800360345,808,0.8179444595703325,512,0.8285202828474144,848
96,persistent_damage,12016,0.2,4.0,fixed,0.6815582161660566,9.510090737908983e-06,0,0,0,0.0,0,0,0,0,36,1.0,4.263256414560601e-14,1.0000000000000002,0.0,-1.0,48326.4,192,0.8712311304994343,0,0.7446980719758768,0,0.6621124393339205,0,0.6597111766772146,0
96,persistent_damage,12016,0.2,4.0,pulse_only,0.9178847658838762,0.8050524203520935,43776,1439,1155,27.72,43776,0,1439,0,8,1.0,4.263256414560601e-14,1.0000000000000002,0.0,7.999999999999986,48326.4,192,0.9596822506013082,11064,0.9039453756704593,8168,0.9152936253047882,8184,0.9261500312801288,16360
96,persistent_damage,12016,0.2,4.0,hybrid_75,0.9030070618495007,0.6383244584105103,33968,1132,850,20.400000000000002,32432,1536,1074,58,9,1.0,4.263256414560601e-14,1.0000000000000002,0.0,7.999999999999986,48326.4,192,0.9610779381745099,8336,0.8826400435634817,6576,0.9058956734865872,6400,0.9117462651739671,12656
96,persistent_damage,12016,0.2,4.0,hybrid_50,0.9113853654827465,0.7950890919665278,24616,831,584,14.016,21680,2936,718,113,8,1.0,4.263256414560601e-14,1.0000000000000002,0.0,7.999999999999986,48326.4,192,0.9506620248102086,6160,0.8968692041960841,4792,0.9142018340625451,4544,0.9172352118361785,9120
96,persistent_damage,12016,0.2,4.0,hybrid_25,0.881526863635622,0.45018914489733525,15216,531,309,7.416,10768,4448,358,173,11,1.0,5.684341886080802e-14,1.0000000000000004,0.0,7.999999999999986,48326.4,192,0.9375617514828966,3744,0.8507271052999384,3160,0.8735874929085328,2816,0.9008964281670084,5496
96,persistent_damage,12016,0.2,4.0,signal_only,0.8401267127556075,0.18533336062486014,7936,317,41,0.984,0,7936,0,317,15,1.0,4.263256414560601e-14,1.0000000000000002,0.0,7.999999999999986,48326.4,192,0.9038204390859088,1616,0.8227510496135205,2000,0.845354943603538,1544,0.8462004289026855,2776
96,persistent_damage,12017,0.2,1.0,fixed,0.6670712966445572,0.00012550475787415484,0,0,0,0.0,0,0,0,0,37,1.0,4.263256414560601e-14,1.0000000000000004,0.0,-1.0,13809.6,192,0.8700203626471539,0,0.7107462588421369,0,0.6564425274181231,0,0.6505482001589844,0
96,persistent_damage,12017,0.2,1.0,pulse_only,0.799959774268941,0.22913986946731005,10440,357,234,5.6160000000000005,10440,0,357,0,17,1.0,2.842170943040401e-14,1.0000000000000004,0.0,31.999999999999986,13809.6,192,0.9240116603466874,2768,0.8149651791929405,2008,0.7857217728196398,1824,0.7995760725315921,3840
96,persistent_damage,12017,0.2,1.0,hybrid_75,0.7946638377270512,0.05822166812673345,8280,288,171,4.104,7672,608,264,24,20,1.0,4.263256414560601e-14,1.0000000000000002,0.0,23.999999999999986,13809.6,192,0.9312843585416488,1880,0.7978895763440049,1504,0.7897881331832262,1904,0.7954888206904867,2992
96,persistent_damage,12017,0.2,1.0,hybrid_50,0.8072276608562476,0.04913376581936795,6616,232,131,3.144,5144,1472,178,54,18,1.0,4.263256414560601e-14,1.0000000000000002,0.0,24.0,13809.6,192,0.911449476273223,1416,0.8097259721749807,1576,0.7931396420928915,1232,0.813022514578559,2392
96,persistent_damage,12017,0.2,1.0,hybrid_25,0.8076893058237187,0.12403735895074455,5232,188,90,2.16,2672,2560,91,97,16,1.0,4.263256414560601e-14,1.0000000000000002,0.0,23.999999999999986,13809.6,192,0.9135376937017861,1168,0.7968903138705627,1008,0.7859276260785675,976,0.8239696416728721,2080
96,persistent_damage,12017,0.2,1.0,signal_only,0.7236119615427385,0.001955879789764596,4200,164,33,0.792,0,4200,0,164,25,1.0,2.842170943040401e-14,1.0000000000000002,0.0,23.999999999999986,13809.6,192,0.8938282303211231,728,0.7466068290406368,1120,0.7182441547821647,824,0.7147984311740764,1528
96,persistent_damage,12017,0.2,4.0,fixed,0.6670712966445572,0.00012550475787415484,0,0,0,0.0,0,0,0,0,37,1.0,4.263256414560601e-14,1.0000000000000004,0.0,-1.0,48326.4,192,0.8700203626471539,0,0.7107462588421369,0,0.6564425274181231,0,0.6505482001589844,0
96,persistent_damage,12017,0.2,4.0,pulse_only,0.8695417697037539,0.33252964803537843,42232,1437,968,23.232,42232,0,1437,0,13,1.0,4.263256414560601e-14,1.0000000000000004,0.0,7.999999999999986,48326.4,192,0.9485268598955994,10816,0.8412530603640972,7768,0.8750093705023348,7952,0.8809523239742918,15696
96,persistent_damage,12017,0.2,4.0,hybrid_75,0.829785257434465,0.23270387332894463,34008,1162,765,18.36,31552,2456,1069,93,19,1.0,4.263256414560601e-14,1.0000000000000002,0.0,7.999999999999986,48326.4,192,0.9477801845358458,8184,0.8160299830898063,6488,0.8297229491588191,6608,0.8366940487446173,12728
96,persistent_damage,12017,0.2,4.0,hybrid_50,0.8297944379944665,0.2049678436168299,25328,884,514,12.336,20880,4448,712,172,18,1.0,2.842170943040401e-14,1.0000000000000004,0.0,7.999999999999986,48326.4,192,0.9351907497916598,6048,0.8161126212973009,4992,0.8403994815333979,4904,0.8313328245735837,9384
96,persistent_damage,12017,0.2,4.0,hybrid_25,0.8033844295262887,0.19396682029518156,16712,608,265,6.36,10272,6440,352,256,19,1.0,4.263256414560601e-14,1.0000000000000002,0.0,7.999999999999986,48326.4,192,0.9514680649971583,3496,0.8008137345891654,3512,0.8093752218404027,3240,0.8016743808377935,6464
96,persistent_damage,12017,0.2,4.0,signal_only,0.7454066671741346,0.006236272499361136,10456,425,32,0.768,0,10456,0,425,25,1.0,2.842170943040401e-14,1.0000000000000002,0.0,7.999999999999986,48326.4,192,0.8994732523629897,1592,0.7639984433899477,2232,0.7454092308221527,2216,0.7361094972422191,4416
96,persistent_damage,12018,0.2,1.0,fixed,0.6879834973732679,0.021197610945854484,0,0,0,0.0,0,0,0,0,33,1.0,4.263256414560601e-14,1.0000000000000002,0.0,-1.0,13809.6,192,0.9614491065178437,0,0.7480239868233841,0,0.6706690740337578,0,0.6666204643179651,0
96,persistent_damage,12018,0.2,1.0,pulse_only,0.937330303121089,0.8686125229573118,10816,358,278,6.672,10816,0,358,0,5,1.0,4.263256414560601e-14,1.0000000000000002,0.0,31.999999999999986,13809.6,192,0.9894787667959587,2776,0.9246140739205929,2104,0.9361015398043553,1944,0.9443027993797038,3992
96,persistent_damage,12018,0.2,1.0,hybrid_75,0.9351705678975315,0.8635920790364978,8616,281,234,5.6160000000000005,8344,272,271,10,4,1.0,4.263256414560601e-14,1.0000000000000002,0.0,24.0,13809.6,192,0.9880742529717622,2064,0.9094388056831751,1752,0.9149133668426452,1536,0.9581650495321528,3264
96,persistent_damage,12018,0.2,1.0,hybrid_50,0.9253932036887472,0.8569166138366229,6600,224,153,3.672,5456,1144,182,42,12,1.0,2.842170943040401e-14,1.0000000000000002,0.0,24.0,13809.6,192,0.9853137552932596,1656,0.9020447508768515,1160,0.9273544583329708,1408,0.9360868027725834,2376
96,persistent_damage,12018,0.2,1.0,hybrid_25,0.9446387136087971,0.9636370619724777,3832,128,95,2.2800000000000002,2704,1128,89,39,5,1.0,4.263256414560601e-14,1.0000000000000004,0.0,23.999999999999986,13809.6,192,0.985968821698775,1008,0.9357393722588712,1040,0.9456542837034991,680,0.9485805992364089,1104
96,persistent_damage,12018,0.2,1.0,signal_only,0.8880406726753645,0.4790326392569171,2368,85,41,0.984,0,2368,0,85,8,1.0,2.842170943040401e-14,1.0000000000000002,0.0,23.999999999999993,13809.6,192,0.9822392515243318,216,0.8745211093815023,1056,0.8817929131709452,536,0.8979243340745053,560
96,persistent_damage,12018,0.2,4.0,fixed,0.6879834973732679,0.021197610945854484,0,0,0,0.0,0,0,0,0,33,1.0,4.263256414560601e-14,1.0000000000000002,0.0,-1.0,48326.4,192,0.9614491065178437,0,0.7480239868233841,0,0.6706690740337578,0,0.6666204643179651,0
96,persistent_damage,12018,0.2,4.0,pulse_only,0.9684348101446857,0.9102627766050678,44008,1438,1187,28.488,44008,0,1438,0,6,1.0,4.263256414560601e-14,1.0000000000000004,0.0,7.999999999999986,48326.4,192,1.0000000000000004,11144,0.9716468147056752,8480,0.9697204816782803,8232,0.9661859720973938,16152
96,persistent_damage,12018,0.2,4.0,hybrid_75,0.9724652271592552,0.97540844240467,33664,1103,899,21.576,32928,736,1076,27,5,1.0,4.263256414560601e-14,1.0000000000000002,0.0,7.999999999999986,48326.4,192,0.9998399866980215,8536,0.9636838219820424,6272,0.9687975151329641,6408,0.9786897857610072,12448
96,persistent_damage,12018,0.2,4.0,hybrid_50,0.9811838546655761,0.9615082667163484,23144,752,637,15.288,22168,976,718,34,1,1.0,4.263256414560601e-14,1.0000000000000002,0.0,7.999999999999993,48326.4,192,0.999783200175475,5744,0.9662106952152051,4496,0.9671479355866345,4376,0.9956883939302325,8528
96,persistent_damage,12018,0.2,4.0,hybrid_25,0.9576394732190874,0.9528246597078979,13328,448,322,7.728,10832,2496,356,92,6,1.0,4.263256414560601e-14,1.0000000000000002,0.0,7.999999999999993,48326.4,192,0.9977832089216636,2984,0.9484260171420764,2864,0.9622964931884083,2528,0.959917691272932,4952
96,persistent_damage,12018,0.2,4.0,signal_only,0.9018903922954014,0.5158293811411725,5728,225,41,0.984,0,5728,0,225,12,1.0,2.842170943040401e-14,1.0000000000000004,0.0,7.999999999999986,48326.4,192,0.9897471907107219,568,0.9041975058882166,1720,0.9000769289952041,1208,0.9016435671490921,2232
96,persistent_damage,12019,0.2,1.0,fixed,0.7043618718770638,0.052958397668737264,0,0,0,0.0,0,0,0,0,35,1.0,2.842170943040401e-14,1.0000000000000002,0.0,-1.0,13809.6,192,0.9855778082000906,0,0.7856857718130934,0,0.690332729948446,0,0.6707144928733577,0
96,persistent_damage,12019,0.2,1.0,pulse_only,0.9026445920067012,0.4670733157767386,10632,359,252,6.048,10632,0,359,0,13,1.0,4.263256414560601e-14,1.0000000000000002,0.0,31.999999999999986,13809.6,192,0.9999999999999998,2744,0.9128252611574399,1984,0.909980194832915,1976,0.8938864560182247,3928
96,persistent_damage,12019,0.2,1.0,hybrid_75,0.8652578011786127,0.327702422065856,8232,279,192,4.6080000000000005,7888,344,265,14,12,1.0,2.842170943040401e-14,1.0000000000000004,0.0,23.999999999999986,13809.6,192,0.9999999999999998,2136,0.8516062247238254,1360,0.8522774242958909,1672,0.8785737778473676,3064
96,persistent_damage,12019,0.2,1.0,hybrid_50,0.841776251688861,0.23625651740871273,6000,212,114,2.736,4952,1048,170,42,16,1.0,2.842170943040401e-14,1.0000000000000004,0.0,23.999999999999986,13809.6,192,0.9999999999999998,1296,0.8633256718898717,1416,0.8342995151123914,1040,0.8347399098765905,2248
96,persistent_damage,12019,0.2,1.0,hybrid_25,0.8781889047344799,0.4975171271735115,4128,148,72,1.728,2536,1592,87,61,13,1.0,2.842170943040401e-14,1.0000000000000004,0.0,23.999999999999993,13809.6,192,0.9999359887734439,600,0.9069706242831419,776,0.8610098921085884,1008,0.8723875512730943,1744
96,persistent_damage,12019,0.2,1.0,signal_only,0.8014367312581463,0.218501655726504,3224,123,34,0.8160000000000001,0,3224,0,123,20,1.0,4.263256414560601e-14,1.0000000000000002,0.0,23.999999999999986,13809.6,192,0.9912329367054789,128,0.830650194290617,992,0.7739428832881062,856,0.8005769237269307,1248
96,persistent_damage,12019,0.2,4.0,fixed,0.7043618718770638,0.052958397668737264,0,0,0,0.0,0,0,0,0,35,1.0,2.842170943040401e-14,1.0000000000000002,0.0,-1.0,48326.4,192,0.9855778082000906,0,0.7856857718130934,0,0.690332729948446,0,0.6707144928733577,0
96,persistent_damage,12019,0.2,4.0,pulse_only,0.981307901390815,0.9712032330181635,43464,1439,1116,26.784,43464,0,1439,0,4,1.0,2.842170943040401e-14,1.0000000000000002,0.0,7.999999999999986,48326.4,192,0.9999999999999998,11248,0.9973824656578179,8088,0.9769756258936112,7912,0.9754367570059157,16216
96,persistent_damage,12019,0.2,4.0,hybrid_75,0.9581148373293595,0.9203713599877273,33168,1114,804,19.296,32176,992,1076,38,8,1.0,2.842170943040401e-14,1.0000000000000004,0.0,7.999999999999986,48326.4,192,0.9999999999999998,8288,0.9528480408864719,6304,0.9656898893475105,6240,0.9569607095417281,12336
96,persistent_damage,12019,0.2,4.0,hybrid_50,0.9460641303681322,0.9063106129959545,22752,777,513,12.312,21288,1464,718,59,5,1.0,2.842170943040401e-14,1.0000000000000002,0.0,7.999999999999986,48326.4,192,0.9999999999999998,5288,0.9451026974350475,4464,0.9257492586733402,4480,0.9567022826820705,8520
96,persistent_damage,12019,0.2,4.0,hybrid_25,0.9225026193604563,0.5744918765909951,13488,475,261,6.264,10544,2944,358,117,9,1.0,4.263256414560601e-14,1.0000000000000002,0.0,7.999999999999986,48326.4,192,0.9999999999999998,2744,0.9258893134366958,2800,0.9176608196807439,2664,0.9232301721621927,5280
96,persistent_damage,12019,0.2,4.0,signal_only,0.8684474807585666,0.26857039929586285,6064,238,44,1.056,0,6064,0,238,13,1.0,4.263256414560601e-14,1.0000000000000002,0.0,7.999999999999986,48326.4,192,0.9912329367054789,224,0.8495461239514963,2144,0.871679023854828,1408,0.8762823876139708,2288
96,repeated_damage,12000,0.2,1.0,fixed,0.8093527904199084,0.3448832062748101,0,0,0,0.0,0,0,0,0,29,1.0,2.842170943040401e-14,1.0000000000000004,0.0,-1.0,13809.6,192,0.9823651078253278,0,0.7986065656078953,0,0.9163800790136798,0,0.7612122585290291,0
96,repeated_damage,12000,0.2,1.0,pulse_only,0.9379755414113776,0.7685603721257823,10880,359,283,6.792,10880,0,359,0,11,1.0,2.842170943040401e-14,1.0000000000000002,0.0,31.999999999999986,13809.6,192,0.997215858370186,2648,0.929004985256068,2136,0.983190049611115,2032,0.9198535653891636,4064
96,repeated_damage,12000,0.2,1.0,hybrid_75,0.936783407422167,0.7665809841087343,8496,280,222,5.328,7904,592,258,22,19,1.0,4.263256414560601e-14,1.0000000000000002,0.0,23.999999999999986,13809.6,192,0.9992159163257042,2152,0.9516471085077596,1360,0.996757549454966,1672,0.8993644858629716,3312
96,repeated_damage,12000,0.2,1.0,hybrid_50,0.9076600649905315,0.6274393312874784,6240,214,138,3.3120000000000003,5112,1128,172,42,19,1.0,2.842170943040401e-14,1.0000000000000002,0.0,23.999999999999986,13809.6,192,0.9987957259193918,1192,0.9358657677349345,1392,0.9907258801597172,1200,0.8520243060337371,2456
96,repeated_damage,12000,0.2,1.0,hybrid_25,0.8972490743633011,0.5841744684648472,4248,146,93,2.232,2512,1736,83,63,20,1.0,4.263256414560601e-14,1.0000000000000002,0.0,23.999999999999986,13809.6,192,0.9885250927281801,848,0.8854453224065129,1024,0.9853522985373471,936,0.8590993382546722,1440
96,repeated_damage,12000,0.2,1.0,signal_only,0.8880840902979746,0.6100811814237957,3408,127,45,1.08,0,3408,0,127,23,1.0,2.842170943040401e-14,1.0000000000000002,0.0,23.999999999999986,13809.6,192,0.9976444532287944,216,0.8887539964751027,976,0.9814891631717664,368,0.8410466007725148,1848
96,repeated_damage,12000,0.2,4.0,fixed,0.8093527904199084,0.3448832062748101,0,0,0,0.0,0,0,0,0,29,1.0,2.842170943040401e-14,1.0000000000000004,0.0,-1.0,48326.4,192,0.9823651078253278,0,0.7986065656078953,0,0.9163800790136798,0,0.7612122585290291,0
96,repeated_damage,12000,0.2,4.0,pulse_only,0.993746758849736,0.9949799480226548,44744,1439,1276,30.624000000000002,44744,0,1439,0,6,1.0,4.263256414560601e-14,1.0000000000000004,0.0,7.999999999999986,48326.4,192,1.0,11216,0.9999447732981702,8232,1.0,8424,0.9875211310503872,16872
96,repeated_damage,12000,0.2,4.0,hybrid_75,0.9875703408340597,0.9867289276354732,33664,1090,938,22.512,33296,368,1077,13,6,1.0,2.842170943040401e-14,1.0000000000000002,0.0,7.999999999999986,48326.4,192,1.0,8256,0.9985434420633688,6320,1.0,6456,0.9758689606364348,12632
96,repeated_damage,12000,0.2,4.0,hybrid_50,0.9654101379396209,0.8653248570230996,23352,762,633,15.192,22088,1264,716,46,10,1.0,2.842170943040401e-14,1.0000000000000002,0.0,7.999999999999986,48326.4,192,1.0,5400,0.9981322370596731,4320,0.9999929418855663,4216,0.931757686406622,9416
96,repeated_damage,12000,0.2,4.0,hybrid_25,0.9529820782106259,0.8074543316576536,12864,441,285,6.84,10704,2160,356,85,12,1.0,4.263256414560601e-14,1.0000000000000002,0.0,7.999999999999986,48326.4,192,0.9990975657726847,2736,0.9520929015274869,2528,0.9967728493865772,2208,0.9315312809642198,5392
96,repeated_damage,12000,0.2,4.0,signal_only,0.8906658249226509,0.6162149025712829,6664,260,53,1.272,0,6664,0,260,21,1.0,2.842170943040401e-14,1.0000000000000004,0.0,7.999999999999986,48326.4,192,0.9979484185090692,272,0.9039213705441408,1928,0.9858627899215446,576,0.8364395696124592,3888
96,repeated_damage,12001,0.2,1.0,fixed,0.7576441942094079,0.18009463969328152,0,0,0,0.0,0,0,0,0,38,1.0,2.842170943040401e-14,1.0000000000000002,0.0,-1.0,13809.6,192,0.9606443232334261,0,0.7175807284848948,0,0.8887797103361889,0,0.7121081690082739,0
96,repeated_damage,12001,0.2,1.0,pulse_only,0.9062663164928393,0.6835658822792119,10544,358,244,5.856,10544,0,358,0,14,1.0,4.263256414560601e-14,1.0000000000000004,0.0,31.999999999999986,13809.6,192,0.9997703729224737,2560,0.8304453990833275,1976,0.9834185386546289,2184,0.9056006641167005,3824
96,repeated_damage,12001,0.2,1.0,hybrid_75,0.886511752843912,0.6444609112122228,8264,283,184,4.416,7632,632,259,24,15,1.0,4.263256414560601e-14,1.0000000000000004,0.0,23.999999999999986,13809.6,192,0.9951997934941554,2088,0.84195682033756,1256,0.9742389475201584,1632,0.8649256217589651,3288
96,repeated_damage,12001,0.2,1.0,hybrid_50,0.9016014134578152,0.6627176752668426,6336,220,132,3.168,4976,1360,169,51,16,1.0,4.263256414560601e-14,1.0000000000000004,0.0,23.999999999999986,13809.6,192,0.9920047401158001,1168,0.8457192513439011,1672,0.9701463931362541,1048,0.8952700046755527,2448
96,repeated_damage,12001,0.2,1.0,hybrid_25,0.8648674366963249,0.4704208996364684,4536,161,84,2.016,2360,2176,81,80,20,1.0,4.263256414560601e-14,1.0000000000000004,0.0,23.999999999999986,13809.6,192,0.9912987158774607,528,0.8509006253716509,1176,0.9798495768993254,1096,0.814359772257162,1736
96,repeated_damage,12001,0.2,1.0,signal_only,0.843201357306912,0.49786780141652265,4176,156,54,1.296,0,4176,0,156,29,1.0,4.263256414560601e-14,1.0000000000000002,0.0,23.999999999999986,13809.6,192,0.9852285030252333,272,0.7912511855205606,1352,0.9668361812759307,440,0.8073590312155785,2112
96,repeated_damage,12001,0.2,4.0,fixed,0.7576441942094079,0.18009463969328152,0,0,0,0.0,0,0,0,0,38,1.0,2.842170943040401e-14,1.0000000000000002,0.0,-1.0,48326.4,192,0.9606443232334261,0,0.7175807284848948,0,0.8887797103361889,0,0.7121081690082739,0
96,repeated_damage,12001,0.2,4.0,pulse_only,0.9498218322132951,0.8186910178053964,42912,1438,1050,25.2,42912,0,1438,0,10,1.0,2.842170943040401e-14,1.0000000000000002,0.0,7.999999999999986,48326.4,192,1.0,11184,0.9165532787455153,7800,0.99388923271547,8160,0.9444224086960974,15768
96,repeated_damage,12001,0.2,4.0,hybrid_75,0.9489425996845747,0.8083436732334655,33160,1121,782,18.768,31944,1216,1073,48,13,1.0,4.263256414560601e-14,1.0000000000000004,0.0,7.999999999999986,48326.4,192,1.0,8304,0.9294873157538698,6016,0.994433927860895,6400,0.9359245775617672,12440
96,repeated_damage,12001,0.2,4.0,hybrid_50,0.9643575050117993,0.8262515830047736,22936,774,545,13.08,21464,1472,717,57,6,1.0,2.842170943040401e-14,1.0000000000000002,0.0,7.999999999999986,48326.4,192,1.0,5368,0.9276176987244398,4568,0.9977534933243093,4392,0.966029413999224,8608
96,repeated_damage,12001,0.2,4.0,hybrid_25,0.913949421033954,0.7218681299118973,14248,509,254,6.096,10336,3912,355,154,14,1.0,4.263256414560601e-14,1.0000000000000002,0.0,7.999999999999986,48326.4,192,0.9998412815087131,2592,0.8463217800033125,3624,0.9903919979405925,2712,0.9095419530959556,5320
96,repeated_damage,12001,0.2,4.0,signal_only,0.8665507658441168,0.6190197545021394,8736,343,63,1.512,0,8736,0,343,21,1.0,4.263256414560601e-14,1.0000000000000002,0.0,7.999999999999986,48326.4,192,0.9854824553479582,576,0.8026396734170596,2960,0.9665524400136876,904,0.8485054749728601,4296
96,repeated_damage,12002,0.2,1.0,fixed,0.7562632217871221,0.054677720549270836,0,0,0,0.0,0,0,0,0,30,1.0,4.263256414560601e-14,1.0000000000000002,0.0,-1.0,13809.6,192,0.9167767518216728,0,0.680790149388293,0,0.8543566140341299,0,0.7449530618630328,0
96,repeated_damage,12002,0.2,1.0,pulse_only,0.8658248018787716,0.5492320118692682,10632,358,255,6.12,10632,0,358,0,20,1.0,4.263256414560601e-14,1.0000000000000004,0.0,31.999999999999986,13809.6,192,0.9834743771786604,2680,0.8164537458747761,1976,0.9468262671299715,1912,0.8500095972551696,4064
96,repeated_damage,12002,0.2,1.0,hybrid_75,0.8653719270119059,0.4687096383359176,8192,277,193,4.632,7736,456,260,17,15,1.0,4.263256414560601e-14,1.0000000000000002,0.0,23.999999999999986,13809.6,192,0.965818367383574,1992,0.8037779588515414,1320,0.923663271240678,1768,0.8670232389777022,3112
96,repeated_damage,12002,0.2,1.0,hybrid_50,0.870298727595797,0.562439967776235,6664,230,143,3.432,5224,1440,176,54,13,1.0,2.842170943040401e-14,1.0000000000000002,0.0,23.999999999999986,13809.6,192,0.9580714017658123,1288,0.8034897064527894,1528,0.9305863929148179,1312,0.8735594055077904,2536
96,repeated_damage,12002,0.2,1.0,hybrid_25,0.861737715490773,0.48499436365466986,4920,176,87,2.088,2528,2392,86,90,17,1.0,4.263256414560601e-14,1.0000000000000002,0.0,23.999999999999986,13809.6,192,0.9577194527637795,960,0.7771359947539664,1264,0.9414692586039365,696,0.8641728043025947,2000
96,repeated_damage,12002,0.2,1.0,signal_only,0.8312574035380116,0.4238089502289031,4064,154,46,1.104,0,4064,0,154,23,1.0,4.263256414560601e-14,1.0000000000000004,0.0,23.999999999999986,13809.6,192,0.9378800230727615,656,0.7185463811204346,1384,0.9228841578163909,528,0.8417995376076106,1496
96,repeated_damage,12002,0.2,4.0,fixed,0.7562632217871221,0.054677720549270836,0,0,0,0.0,0,0,0,0,30,1.0,4.263256414560601e-14,1.0000000000000002,0.0,-1.0,48326.4,192,0.9167767518216728,0,0.680790149388293,0,0.8543566140341299,0,0.7449530618630328,0
96,repeated_damage,12002,0.2,4.0,pulse_only,0.9067143864632403,0.5716187882710814,43040,1438,1066,25.584,43040,0,1438,0,12,1.0,4.263256414560601e-14,1.0000000000000002,0.0,7.999999999999986,48326.4,192,0.982738156816495,10904,0.8722758972356118,7728,0.9766889235194853,8304,0.8889463625489319,16104
96,repeated_damage,12002,0.2,4.0,hybrid_75,0.9083246225872488,0.6094171480804979,33640,1131,812,19.488,32256,1384,1075,56,14,1.0,4.263256414560601e-14,1.0000000000000004,0.0,7.999999999999986,48326.4,192,0.9815662575963275,8088,0.843093553910283,6424,0.9665945045600384,6488,0.911805215939337,12640
96,repeated_damage,12002,0.2,4.0,hybrid_50,0.8942383376503703,0.6854409942042226,24664,850,533,12.792,21256,3408,716,134,9,1.0,4.263256414560601e-14,1.0000000000000002,0.0,7.999999999999986,48326.4,192,0.970352180630122,5656,0.8040552024042175,5096,0.9596062955325849,4408,0.9066459263323395,9504
96,repeated_damage,12002,0.2,4.0,hybrid_25,0.8746897648568943,0.6045158878728543,15528,559,264,6.336,10448,5080,357,202,20,1.0,4.263256414560601e-14,1.0000000000000002,0.0,7.999999999999986,48326.4,192,0.984245796857404,2936,0.8284534664535093,3312,0.9612084883906085,2496,0.8545485522917297,6784
96,repeated_damage,12002,0.2,4.0,signal_only,0.8473390785892667,0.5068891227887373,10480,415,65,1.56,0,10480,0,415,19,1.0,4.263256414560601e-14,1.0000000000000002,0.0,7.999999999999986,48326.4,192,0.9497393395534446,1632,0.7354280707795603,3472,0.9375966284317001,1520,0.858165807572903,3856
96,repeated_damage,12003,0.2,1.0,fixed,0.7141856816680164,0.013092431975038631,0,0,0,0.0,0,0,0,0,36,1.0,4.263256414560601e-14,1.0000000000000002,0.0,-1.0,13809.6,192,0.8907190198320472,0,0.6646427556408488,0,0.8315679139988731,0,0.6802660285161721,0
96,repeated_damage,12003,0.2,1.0,pulse_only,0.8804015745198189,0.5747347635339164,10584,357,252,6.048,10584,0,357,0,17,1.0,4.263256414560601e-14,1.0000000000000002,0.0,31.999999999999986,13809.6,192,0.9403879300327377,2680,0.8551529494694526,2040,0.9468777527549457,2088,0.8597877979274389,3776
96,repeated_damage,12003,0.2,1.0,hybrid_75,0.8333738590481411,0.40211562649640686,8304,285,183,4.392,7584,720,257,28,22,1.0,4.263256414560601e-14,1.0000000000000004,0.0,23.999999999999986,13809.6,192,0.9298720560530843,1824,0.7856177914061387,1472,0.9246685143637783,1768,0.8116045652113233,3240
96,repeated_damage,12003,0.2,1.0,hybrid_50,0.8451426436410995,0.4497789404879374,6720,235,135,3.24,5160,1560,175,60,16,1.0,4.263256414560601e-14,1.0000000000000002,0.0,24.0,13809.6,192,0.9309154952201991,1312,0.7951953551417273,1640,0.9210660321576253,1208,0.8321545936325229,2560
96,repeated_damage,12003,0.2,1.0,hybrid_25,0.8291705381249954,0.29066900811267554,5336,194,85,2.04,2552,2784,88,106,18,1.0,4.263256414560601e-14,1.0000000000000002,0.0,23.999999999999986,13809.6,192,0.9022979353333097,1072,0.7337740744725538,1240,0.9100180389825432,840,0.8364450195224424,2184
96,repeated_damage,12003,0.2,1.0,signal_only,0.7994069272469471,0.2106178916781542,4688,183,37,0.888,0,4688,0,183,33,1.0,4.263256414560601e-14,1.0000000000000002,0.0,23.999999999999986,13809.6,192,0.9101864447443564,784,0.7802932172263396,1064,0.9000260150012359,504,0.7586542383801065,2336
96,repeated_damage,12003,0.2,4.0,fixed,0.7141856816680164,0.013092431975038631,0,0,0,0.0,0,0,0,0,36,1.0,4.263256414560601e-14,1.0000000000000002,0.0,-1.0,48326.4,192,0.8907190198320472,0,0.6646427556408488,0,0.8315679139988731,0,0.6802660285161721,0
96,repeated_damage,12003,0.2,4.0,pulse_only,0.9097204622687801,0.5660592909939345,42888,1437,1050,25.2,42888,0,1437,0,17,1.0,4.263256414560601e-14,1.0000000000000004,0.0,7.999999999999986,48326.4,192,0.9710707259074058,10856,0.9034721891762892,7728,0.9611540287143454,8240,0.8871278155922429,16064
96,repeated_damage,12003,0.2,4.0,hybrid_75,0.9035356583383437,0.6442282299229357,33664,1141,785,18.84,31856,1808,1070,71,16,1.0,4.263256414560601e-14,1.0000000000000004,0.0,7.999999999999986,48326.4,192,0.9673563269251603,8024,0.8429039623658833,6528,0.9737666388024433,6400,0.8987360160925238,12712
96,repeated_damage,12003,0.2,4.0,hybrid_50,0.902755190885243,0.5987093277820942,24392,838,535,12.84,21296,3096,714,124,14,1.0,4.263256414560601e-14,1.0000000000000002,0.0,7.999999999999993,48326.4,192,0.9589452870268469,5704,0.8739232602642216,4920,0.9629754456332362,4464,0.8870610288217575,9304
96,repeated_damage,12003,0.2,4.0,hybrid_25,0.8759205149240615,0.5622064210105573,15960,569,288,6.912,10568,5392,355,214,19,1.0,4.263256414560601e-14,1.0000000000000002,0.0,7.999999999999993,48326.4,192,0.9568720271060713,3528,0.8143245930183678,3536,0.9483144385873958,2808,0.8705215140452411,6088
96,repeated_damage,12003,0.2,4.0,signal_only,0.8196153697615096,0.35952482987537704,10672,429,47,1.1280000000000001,0,10672,0,429,24,1.0,4.263256414560601e-14,1.0000000000000004,0.0,7.999999999999986,48326.4,192,0.9101864447443564,1576,0.7777721149631429,2576,0.9111077776495449,1480,0.7947907932166752,5040
96,repeated_damage,12004,0.2,1.0,fixed,0.7452937403420371,0.02471559978998082,0,0,0,0.0,0,0,0,0,37,1.0,3.552713678800501e-14,1.0000000000000002,0.0,-1.0,13809.6,192,0.8932138622417757,0,0.7149291077593625,0,0.8485583745298448,0,0.7088437395394702,0
96,repeated_damage,12004,0.2,1.0,pulse_only,0.8724892551339457,0.49718910568766206,10480,360,230,5.5200000000000005,10480,0,360,0,14,1.0,4.263256414560601e-14,1.0000000000000002,0.0,31.999999999999986,13809.6,192,0.9379469758797031,2776,0.8367167903731098,1912,0.9349812954140009,1848,0.8591294673743358,3944
96,repeated_damage,12004,0.2,1.0,hybrid_75,0.8519304050687665,0.57468011247491,8552,295,184,4.416,7808,744,266,29,23,1.0,4.263256414560601e-14,1.0000000000000002,0.0,23.999999999999986,13809.6,192,0.9244141084112386,2112,0.8041808156949186,1672,0.9636969542057515,1552,0.819921925187198,3216
96,repeated_damage,12004,0.2,1.0,hybrid_50,0.8422171057450842,0.47615258489992623,7048,246,143,3.432,5432,1616,185,61,25,1.0,4.263256414560601e-14,1.0000000000000002,0.0,24.0,13809.6,192,0.9449243550955626,1880,0.8481301242798266,1096,0.935545563317916,1552,0.7925963676912976,2520
96,repeated_damage,12004,0.2,1.0,hybrid_25,0.8248036275318674,0.36183646192654945,5416,194,95,2.2800000000000002,2584,2832,88,106,25,1.0,4.263256414560601e-14,1.0000000000000004,0.0,23.999999999999986,13809.6,192,0.9250489235314572,1120,0.744849404601257,1360,0.9270518093022346,832,0.8136566481119892,2104
96,repeated_damage,12004,0.2,1.0,signal_only,0.8435099163523107,0.4063009827284829,3808,142,50,1.2,0,3808,0,142,20,1.0,4.263256414560601e-14,1.0000000000000002,0.0,23.999999999999986,13809.6,192,0.9086717726544097,664,0.7720819146753084,1200,0.9053206800842889,456,0.8483185353248229,1488
96,repeated_damage,12004,0.2,4.0,fixed,0.7452937403420371,0.02471559978998082,0,0,0,0.0,0,0,0,0,37,1.0,3.552713678800501e-14,1.0000000000000002,0.0,-1.0,48326.4,192,0.8932138622417757,0,0.7149291077593625,0,0.8485583745298448,0,0.7088437395394702,0
96,repeated_damage,12004,0.2,4.0,pulse_only,0.9433165857773181,0.844377405211615,43216,1440,1082,25.968,43216,0,1440,0,6,1.0,4.263256414560601e-14,1.0000000000000004,0.0,7.999999999999986,48326.4,192,0.984971647471944,10960,0.9021698135851997,8272,0.9833300061030638,8400,0.9438832617105041,15584
96,repeated_damage,12004,0.2,4.0,hybrid_75,0.9374638535728781,0.8028859640092761,33200,1133,751,18.024,31664,1536,1075,58,7,1.0,4.263256414560601e-14,1.0000000000000002,0.0,7.999999999999986,48326.4,192,0.9745036158482313,8408,0.8780107495222766,6328,0.9792727646710145,6352,0.9462859500491108,12112
96,repeated_damage,12004,0.2,4.0,hybrid_50,0.9057459897804632,0.6562376105814736,24528,843,537,12.888,21272,3256,718,125,15,1.0,4.263256414560601e-14,1.0000000000000002,0.0,7.999999999999986,48326.4,192,0.9598667038233583,6176,0.8677130778608253,4800,0.9778577803374092,4280,0.8887065504618089,9272
96,repeated_damage,12004,0.2,4.0,hybrid_25,0.897095696923577,0.5728953411167724,15664,559,281,6.744,10440,5224,358,201,14,1.0,4.263256414560601e-14,1.0000000000000004,0.0,7.999999999999986,48326.4,192,0.9527600338892479,3592,0.8692850017823711,3352,0.9472564695372044,2736,0.8859206581873665,5984
96,repeated_damage,12004,0.2,4.0,signal_only,0.8865017879183896,0.6244397308433719,8464,332,62,1.488,0,8464,0,332,20,1.0,2.842170943040401e-14,1.0000000000000004,0.0,7.999999999999986,48326.4,192,0.9208676446545231,1784,0.8264275475806467,2192,0.95012252218872,1072,0.8847285409520957,3416
96,repeated_damage,12005,0.2,1.0,fixed,0.7578310603571532,0.22255212332364915,0,0,0,0.0,0,0,0,0,36,1.0,2.842170943040401e-14,1.0000000000000002,0.0,-1.0,13809.6,192,0.9479741247073702,0,0.7369736815835642,0,0.8979985672858061,0,0.6981759962796213,0
96,repeated_damage,12005,0.2,1.0,pulse_only,0.8303017513191836,0.39610033252726223,10544,359,241,5.784,10544,0,359,0,26,1.0,2.842170943040401e-14,1.0000000000000004,0.0,31.999999999999986,13809.6,192,0.9842377689270073,2792,0.8235324903709256,2072,0.9708148220613692,2000,0.76342984642222,3680
96,repeated_damage,12005,0.2,1.0,hybrid_75,0.877381786128515,0.5540818824915875,8568,295,186,4.464,7864,704,268,27,20,1.0,2.842170943040401e-14,1.0000000000000002,0.0,23.999999999999986,13809.6,192,0.9825360941769559,2144,0.8544473042182378,1504,0.9746457659488943,1536,0.8402170371734639,3384
96,repeated_damage,12005,0.2,1.0,hybrid_50,0.839117807340093,0.3810223241376015,6920,244,133,3.192,5200,1720,178,66,23,1.0,2.842170943040401e-14,1.0000000000000002,0.0,23.999999999999986,13809.6,192,0.9686502399316634,1512,0.7893285785598423,1480,0.9561921892389038,1208,0.805475230780813,2720
96,repeated_damage,12005,0.2,1.0,hybrid_25,0.8391874073766411,0.3972179145314336,5248,185,101,2.424,2720,2528,91,94,19,1.0,2.842170943040401e-14,1.0000000000000002,0.0,23.999999999999986,13809.6,192,0.9738519678720025,1072,0.7820288017910906,1000,0.9504396670002877,720,0.8121405803575931,2456
96,repeated_damage,12005,0.2,1.0,signal_only,0.8265035521222199,0.4061335584419665,4008,154,39,0.936,0,4008,0,154,28,1.0,4.263256414560601e-14,1.0000000000000004,0.0,23.999999999999986,13809.6,192,0.9635166100229275,416,0.8067704688553694,1000,0.9523965112757035,408,0.7734236141789035,2184
96,repeated_damage,12005,0.2,4.0,fixed,0.7578310603571532,0.22255212332364915,0,0,0,0.0,0,0,0,0,36,1.0,2.842170943040401e-14,1.0000000000000002,0.0,-1.0,48326.4,192,0.9479741247073702,0,0.7369736815835642,0,0.8979985672858061,0,0.6981759962796213,0
96,repeated_damage,12005,0.2,4.0,pulse_only,0.8893739705877952,0.5687970041985644,42584,1439,1006,24.144000000000002,42584,0,1439,0,20,1.0,4.263256414560601e-14,1.0000000000000002,0.0,7.999999999999986,48326.4,192,0.99685641481546,10960,0.8924257081072318,7912,0.9943400413428093,8096,0.8353650664505701,15616
96,repeated_damage,12005,0.2,4.0,hybrid_75,0.8592142723111073,0.5293659315703164,34024,1157,782,18.768,31736,2288,1070,87,19,1.0,4.263256414560601e-14,1.0000000000000004,0.0,7.999999999999986,48326.4,192,0.9945543265882087,8216,0.8346570647089586,6432,0.9822181441583582,6616,0.8099909401885561,12760
96,repeated_damage,12005,0.2,4.0,hybrid_50,0.8861014392071707,0.4915294640603061,24584,847,532,12.768,21184,3400,715,132,21,1.0,4.263256414560601e-14,1.0000000000000002,0.0,7.999999999999986,48326.4,192,0.9945772579184451,5520,0.8749805875545997,4864,0.9915658437680487,4264,0.8389296627530171,9936
96,repeated_damage,12005,0.2,4.0,hybrid_25,0.8484574970147092,0.4123726197209876,16544,600,268,6.432,10472,6072,357,243,27,1.0,4.263256414560601e-14,1.0000000000000002,0.0,7.999999999999986,48326.4,192,0.9858241764426225,3288,0.8484198807162364,3312,0.9744858087399362,2528,0.7854621493013318,7416
96,repeated_damage,12005,0.2,4.0,signal_only,0.8372786497040422,0.4061351132991649,9368,372,55,1.32,0,9368,0,372,28,1.0,2.842170943040401e-14,1.0000000000000004,0.0,7.999999999999986,48326.4,192,0.9678597012317556,784,0.8102660953789526,2360,0.956546249367604,936,0.7911511270348063,5288
96,repeated_damage,12006,0.2,1.0,fixed,0.7691531132992364,0.2519507442773659,0,0,0,0.0,0,0,0,0,39,1.0,4.263256414560601e-14,1.0000000000000002,0.0,-1.0,13809.6,192,0.9821246627553766,0,0.7461706440791013,0,0.9312900214063872,0,0.6995758938557286,0
96,repeated_damage,12006,0.2,1.0,pulse_only,0.9134203278508121,0.6993679118849052,10888,359,284,6.816,10888,0,359,0,14,1.0,2.842170943040401e-14,1.0000000000000002,0.0,31.999999999999986,13809.6,192,0.999634790113638,2560,0.8744578742574622,2064,0.9861143176006186,2184,0.8965545597725835,4080
96,repeated_damage,12006,0.2,1.0,hybrid_75,0.9276229503745271,0.6700979154539093,8552,280,229,5.496,8040,512,262,18,13,1.0,2.842170943040401e-14,1.0000000000000004,0.0,24.0,13809.6,192,0.9997467849367688,2192,0.8824810947710423,1480,0.9979651165266801,1224,0.915022795100193,3656
96,repeated_damage,12006,0.2,1.0,hybrid_50,0.934477745746616,0.7532989776278259,6288,212,150,3.6,5192,1096,172,40,19,1.0,4.263256414560601e-14,1.0000000000000002,0.0,23.999999999999986,13809.6,192,0.9965392318155104,1400,0.9264140893963144,1160,0.992683084170874,1360,0.9094069047096378,2368
96,repeated_damage,12006,0.2,1.0,hybrid_25,0.9101057177058284,0.624194102054606,4632,156,111,2.664,2480,2152,81,75,24,1.0,4.263256414560601e-14,1.0000000000000004,0.0,23.999999999999993,13809.6,192,0.997816989505155,544,0.926870890592429,1120,0.9905845374302591,1016,0.8614837214003129,1952
96,repeated_damage,12006,0.2,1.0,signal_only,0.8802719798686112,0.6271842624668543,4032,145,69,1.6560000000000001,0,4032,0,145,25,1.0,2.842170943040401e-14,1.0000000000000004,0.0,23.999999999999986,13809.6,192,0.9961863988587657,232,0.8457034946114054,1168,0.9848020946582284,312,0.845291165102405,2320
96,repeated_damage,12006,0.2,4.0,fixed,0.7691531132992364,0.2519507442773659,0,0,0,0.0,0,0,0,0,39,1.0,4.263256414560601e-14,1.0000000000000002,0.0,-1.0,48326.4,192,0.9821246627553766,0,0.7461706440791013,0,0.9312900214063872,0,0.6995758938557286,0
96,repeated_damage,12006,0.2,4.0,pulse_only,0.9927958763889533,0.9844803362416293,44520,1439,1248,29.952,44520,0,1439,0,4,1.0,5.684341886080802e-14,1.0000000000000002,0.0,7.999999999999986,48326.4,192,0.9999999999999994,11200,0.9953437101400754,8472,0.999976349310016,8136,0.9879317230528609,16712
96,repeated_damage,12006,0.2,4.0,hybrid_75,0.9869476441194881,0.940894165808454,33664,1094,926,22.224,33152,512,1076,18,2,1.0,4.263256414560601e-14,1.0000000000000002,0.0,7.999999999999993,48326.4,192,0.9999999999999994,8536,0.9554940754660749,6160,0.9984443222056486,6192,0.9969260894031143,12776
96,repeated_damage,12006,0.2,4.0,hybrid_50,0.9733306578802828,0.9153569805866909,23152,761,611,14.664,21944,1208,717,44,7,1.0,4.263256414560601e-14,1.0000000000000002,0.0,7.999999999999993,48326.4,192,0.9999999999999994,5424,0.943653777518207,4488,0.9990301163397355,4352,0.9753193688315943,8888
96,repeated_damage,12006,0.2,4.0,hybrid_25,0.9472607531035765,0.761674269384393,13744,465,323,7.752,10904,2840,359,106,10,1.0,4.263256414560601e-14,1.0000000000000002,0.0,7.999999999999986,48326.4,192,0.9997121244591212,2640,0.9192058729912682,3048,0.9953125231956846,2488,0.9372623081136765,5568
96,repeated_damage,12006,0.2,4.0,signal_only,0.8938912802205802,0.6204814548463151,7640,292,79,1.8960000000000001,0,7640,0,292,20,1.0,4.263256414560601e-14,1.0000000000000004,0.0,7.999999999999986,48326.4,192,0.9961863988587657,256,0.886468509363542,2280,0.9903847520463531,496,0.8493559297362128,4608
96,repeated_damage,12007,0.2,1.0,fixed,0.8187886598101632,0.2974569966569467,0,0,0,0.0,0,0,0,0,29,1.0,4.263256414560601e-14,1.0000000000000002,0.0,-1.0,13809.6,192,0.9845402581930077,0,0.7726414972220392,0,0.9371429050282095,0,0.7826851184952024,0
96,repeated_damage,12007,0.2,1.0,pulse_only,0.9215056717124507,0.6977878110106557,10792,358,275,6.6000000000000005,10792,0,358,0,12,1.0,4.263256414560601e-14,1.0000000000000002,0.0,31.999999999999986,13809.6,192,0.9978517712678605,2800,0.8848120519726062,2136,0.9858236561382832,2056,0.9076934893694569,3800
96,repeated_damage,12007,0.2,1.0,hybrid_75,0.9271573231435264,0.7558435469388276,8512,284,212,5.088,7888,624,262,22,15,1.0,4.263256414560601e-14,1.0000000000000002,0.0,23.999999999999986,13809.6,192,0.9949513997701006,2096,0.8554857880115581,1608,0.9903604669401098,1680,0.931391518811219,3128
96,repeated_damage,12007,0.2,1.0,hybrid_50,0.9195469928427834,0.6639090670229633,6472,222,143,3.432,5504,968,184,38,14,1.0,4.263256414560601e-14,1.0000000000000002,0.0,23.999999999999986,13809.6,192,0.997139968133096,1568,0.8967026030628401,1360,0.9788977930483924,1096,0.9012937876299505,2448
96,repeated_damage,12007,0.2,1.0,hybrid_25,0.889585339302899,0.6158673738592508,4600,163,86,2.064,2592,2008,88,75,23,1.0,4.263256414560601e-14,1.0000000000000002,0.0,23.999999999999993,13809.6,192,0.9914587189840319,1056,0.8448917994233999,960,0.9731694515623313,808,0.8701400531129326,1776
96,repeated_damage,12007,0.2,1.0,signal_only,0.871370683583213,0.5372344770937337,2992,114,32,0.768,0,2992,0,114,26,1.0,4.263256414560601e-14,1.0000000000000002,0.0,23.999999999999986,13809.6,192,0.9926909841277528,240,0.8534902319929435,720,0.9792206848956369,128,0.8263859087221358,1904
96,repeated_damage,12007,0.2,4.0,fixed,0.8187886598101632,0.2974569966569467,0,0,0,0.0,0,0,0,0,29,1.0,4.263256414560601e-14,1.0000000000000002,0.0,-1.0,48326.4,192,0.9845402581930077,0,0.7726414972220392,0,0.9371429050282095,0,0.7826851184952024,0
96,repeated_damage,12007,0.2,4.0,pulse_only,0.9740963351125208,0.9460029379036655,43848,1438,1167,28.008,43848,0,1438,0,5,1.0,4.263256414560601e-14,1.0000000000000002,0.0,7.999999999999986,48326.4,192,0.9999005838408377,11088,0.9420582306704793,8280,0.9957223962311645,8312,0.9793023567742196,16168
96,repeated_damage,12007,0.2,4.0,hybrid_75,0.9730715479210442,0.9020027739427369,33600,1104,888,21.312,32928,672,1078,26,5,1.0,4.263256414560601e-14,1.0000000000000002,0.0,7.999999999999986,48326.4,192,0.9999999999999999,8464,0.9704893405109231,6272,0.9970131587830163,6488,0.9623918461951189,12376
96,repeated_damage,12007,0.2,4.0,hybrid_50,0.9563524971281833,0.8278837860194879,23408,786,568,13.632,21648,1760,716,70,7,1.0,4.263256414560601e-14,1.0000000000000002,0.0,7.999999999999986,48326.4,192,0.9999999999999999,5792,0.9101070380304894,4656,0.9953671000752322,4160,0.9599679252035056,8800
96,repeated_damage,12007,0.2,4.0,hybrid_25,0.9304784026324036,0.7716622700476307,14152,493,290,6.96,10672,3480,357,136,17,1.0,4.263256414560601e-14,1.0000000000000002,0.0,7.999999999999986,48326.4,192,0.9992649978486527,2896,0.8979765511548723,3112,0.9892779852070196,2264,0.917329537083861,5880
96,repeated_damage,12007,0.2,4.0,signal_only,0.9013944533915065,0.6896928118808467,6184,242,47,1.1280000000000001,0,6184,0,242,25,1.0,4.263256414560601e-14,1.0000000000000002,0.0,7.999999999999986,48326.4,192,0.9934924835132392,400,0.8810537890023293,1704,0.988095819977957,512,0.8682141022928698,3568
96,repeated_damage,12008,0.2,1.0,fixed,0.8373878937462323,0.31490415944425787,0,0,0,0.0,0,0,0,0,29,1.0,4.263256414560601e-14,1.0000000000000002,0.0,-1.0,13809.6,192,0.970138315494011,0,0.8109273949438661,0,0.9214117461046262,0,0.8086062169682185,0
96,repeated_damage,12008,0.2,1.0,pulse_only,0.9054578558012814,0.6908734961986838,10752,358,270,6.48,10752,0,358,0,23,1.0,4.263256414560601e-14,1.0000000000000002,0.0,31.999999999999986,13809.6,192,0.9954671251797141,2592,0.9360216100440559,2048,0.9892209156336544,2136,0.8482944487637079,3976
96,repeated_damage,12008,0.2,1.0,hybrid_75,0.9488202173616624,0.8423468477642913,8416,275,227,5.448,8104,312,264,11,8,1.0,4.263256414560601e-14,1.0000000000000002,0.0,23.999999999999986,13809.6,192,0.9988902647474551,2008,0.9144549420966148,1536,0.985158173197661,1408,0.9478338770761868,3464
96,repeated_damage,12008,0.2,1.0,hybrid_50,0.9278580027522394,0.7909419377959107,6416,215,157,3.7680000000000002,5216,1200,173,42,14,1.0,4.263256414560601e-14,1.0000000000000002,0.0,23.999999999999986,13809.6,192,0.9853412006214407,1384,0.9138936342418433,1424,0.973998611131456,1152,0.9117698828178292,2456
96,repeated_damage,12008,0.2,1.0,hybrid_25,0.9168386270654367,0.7250652074884422,4144,143,89,2.136,2432,1712,81,62,16,1.0,4.263256414560601e-14,1.0000000000000002,0.0,23.999999999999986,13809.6,192,0.9863520736382692,608,0.910541848933242,864,0.9803677894538732,880,0.8882224349373159,1792
96,repeated_damage,12008,0.2,1.0,signal_only,0.9073536716541907,0.593250994820118,2984,111,40,0.96,0,2984,0,111,21,1.0,4.263256414560601e-14,1.0000000000000002,0.0,23.999999999999986,13809.6,192,0.982054312253983,160,0.9132096872759908,912,0.9765762713158492,176,0.8698143640124611,1736
96,repeated_damage,12008,0.2,4.0,fixed,0.8373878937462323,0.31490415944425787,0,0,0,0.0,0,0,0,0,29,1.0,4.263256414560601e-14,1.0000000000000002,0.0,-1.0,48326.4,192,0.970138315494011,0,0.8109273949438661,0,0.9214117461046262,0,0.8086062169682185,0
96,repeated_damage,12008,0.2,4.0,pulse_only,0.9864276863280552,0.9779051978020978,44560,1438,1256,30.144000000000002,44560,0,1438,0,5,1.0,5.684341886080802e-14,1.0000000000000002,0.0,7.999999999999986,48326.4,192,0.9999999999999992,11240,0.9989206420721811,8256,0.9999999999999997,8296,0.9733950516200204,16768
96,repeated_damage,12008,0.2,4.0,hybrid_75,0.9790766299583655,0.9693196491879678,33856,1097,941,22.584,33160,696,1072,25,10,1.0,4.263256414560601e-14,1.0000000000000004,0.0,7.999999999999986,48326.4,192,0.9982706858472895,8376,0.9873249928632342,6312,0.9998347343600331,6280,0.9645733963050975,12888
96,repeated_damage,12008,0.2,4.0,hybrid_50,0.9638379683032425,0.8923695496294736,23288,763,622,14.928,22016,1272,716,47,7,1.0,4.263256414560601e-14,1.0000000000000002,0.0,7.999999999999986,48326.4,192,0.9999999999999992,5416,0.9719895309267919,4488,0.9954926997690631,4384,0.9439348212585574,9000
96,repeated_damage,12008,0.2,4.0,hybrid_25,0.943773117220579,0.8484942931918933,13584,470,288,6.912,10728,2856,358,112,14,1.0,4.263256414560601e-14,1.0000000000000004,0.0,7.999999999999986,48326.4,192,0.9982046578229136,2712,0.9875299602308714,2392,0.9934932801146025,2256,0.8970346142684208,6224
96,repeated_damage,12008,0.2,4.0,signal_only,0.9093282276559853,0.6014905816205841,6408,251,48,1.1520000000000001,0,6408,0,251,20,1.0,4.263256414560601e-14,1.0000000000000002,0.0,7.999999999999986,48326.4,192,0.9846040663938516,336,0.9135660553635516,1560,0.9827976039561607,672,0.8704746256521145,3840
96,repeated_damage,12009,0.2,1.0,fixed,0.6712601682183129,0.0018859092206962654,0,0,0,0.0,0,0,0,0,40,1.0,2.842170943040401e-14,1.0000000000000002,0.0,-1.0,13809.6,192,0.8992122441622605,0,0.6026360120077107,0,0.8292542198606925,0,0.6265752205024243,0
96,repeated_damage,12009,0.2,1.0,pulse_only,0.8468330371689179,0.2910041294055845,10664,359,256,6.144,10664,0,359,0,16,1.0,4.263256414560601e-14,1.0000000000000002,0.0,31.999999999999986,13809.6,192,0.9303702894253952,2632,0.7828615473362944,2000,0.9048801555443565,1992,0.8497952228975106,4040
96,repeated_damage,12009,0.2,1.0,hybrid_75,0.8198326767215972,0.3619771053073147,8512,294,182,4.368,7776,736,267,27,19,1.0,4.263256414560601e-14,1.0000000000000002,0.0,23.999999999999986,13809.6,192,0.9361728788438156,2120,0.7820146719206964,1456,0.9101417888822586,1624,0.7935871230417166,3312
96,repeated_damage,12009,0.2,1.0,hybrid_50,0.8238792832355648,0.33727591948168995,7216,251,149,3.576,5440,1776,185,66,15,1.0,4.263256414560601e-14,1.0000000000000002,0.0,23.999999999999986,13809.6,192,0.9171533322840985,1632,0.7423400529325734,1328,0.9033204522816164,1560,0.8249283138640344,2696
96,repeated_damage,12009,0.2,1.0,hybrid_25,0.8090035058391197,0.1567973661826126,5160,189,78,1.872,2480,2680,86,103,22,1.0,4.263256414560601e-14,1.0000000000000004,0.0,23.999999999999986,13809.6,192,0.9205568177640573,1016,0.7444329363252747,1400,0.8902203752230751,888,0.8006803559040645,1856
96,repeated_damage,12009,0.2,1.0,signal_only,0.8156253550633431,0.2988009495851453,4064,155,43,1.032,0,4064,0,155,24,1.0,4.263256414560601e-14,1.0000000000000002,0.0,23.999999999999986,13809.6,192,0.905432799921776,632,0.7370555087052688,1432,0.9077700982625644,352,0.8088379066427692,1648
96,repeated_damage,12009,0.2,4.0,fixed,0.6712601682183129,0.0018859092206962654,0,0,0,0.0,0,0,0,0,40,1.0,2.842170943040401e-14,1.0000000000000002,0.0,-1.0,48326.4,192,0.8992122441622605,0,0.6026360120077107,0,0.8292542198606925,0,0.6265752205024243,0
96,repeated_damage,12009,0.2,4.0,pulse_only,0.8778078757323317,0.6052230701215673,41984,1439,931,22.344,41984,0,1439,0,14,1.0,4.263256414560601e-14,1.0000000000000004,0.0,7.999999999999986,48326.4,192,0.9664082197195581,10816,0.8320243019531934,7808,0.9564029485617171,7968,0.8614021262072079,15392
96,repeated_damage,12009,0.2,4.0,hybrid_75,0.869887436232696,0.5253116627604048,33264,1150,708,16.992,31376,1888,1072,78,14,1.0,2.842170943040401e-14,1.0000000000000002,0.0,7.999999999999986,48326.4,192,0.9602241155379008,8208,0.8330134369372527,6560,0.953901020776442,6144,0.8463176436085446,12352
96,repeated_damage,12009,0.2,4.0,hybrid_50,0.8508436972894483,0.38319641806112376,24920,870,505,12.120000000000001,21096,3824,716,154,14,1.0,4.263256414560601e-14,1.0000000000000002,0.0,7.999999999999986,48326.4,192,0.9555976892882369,6000,0.7958745821652417,4920,0.9375320691924697,4248,0.8349840689000412,9752
96,repeated_damage,12009,0.2,4.0,hybrid_25,0.8616766557859042,0.3429803363161306,16440,590,285,6.84,10664,5776,358,232,16,1.0,4.263256414560601e-14,1.0000000000000004,0.0,7.999999999999986,48326.4,192,0.9412083902632268,3504,0.8274065314170516,3480,0.9281126047167207,2984,0.8455937435049227,6472
96,repeated_damage,12009,0.2,4.0,signal_only,0.8258013508594141,0.36499714608071915,10200,405,60,1.44,0,10200,0,405,24,1.0,4.263256414560601e-14,1.0000000000000002,0.0,7.999999999999986,48326.4,192,0.9092742218555561,1408,0.7468235406051809,3168,0.904084799978449,1568,0.8261485314270135,4056
96,repeated_damage,12010,0.2,1.0,fixed,0.7633714240634475,0.056244878100617804,0,0,0,0.0,0,0,0,0,41,1.0,4.263256414560601e-14,1.0000000000000004,0.0,-1.0,13809.6,192,0.9177767470702264,0,0.7941240908206092,0,0.8595932267350147,0,0.699884189349083,0
96,repeated_damage,12010,0.2,1.0,pulse_only,0.8369814230858793,0.41308459651620727,10384,359,221,5.304,10384,0,359,0,30,1.0,4.263256414560601e-14,1.0000000000000004,0.0,31.999999999999986,13809.6,192,0.9740578504464088,2640,0.857105154825241,1984,0.9412429547381949,2072,0.7747887913900405,3688
96,repeated_damage,12010,0.2,1.0,hybrid_75,0.8446577357153269,0.3752524666063849,8424,290,183,4.392,7576,848,258,32,25,1.0,2.842170943040401e-14,1.0000000000000002,0.0,23.999999999999986,13809.6,192,0.9614299784206681,1872,0.8376757983235512,1504,0.9322051889937322,1568,0.804374977772012,3480
96,repeated_damage,12010,0.2,1.0,hybrid_50,0.8620164460813895,0.5561207384632594,6888,245,126,3.024,4944,1944,172,73,31,1.0,2.842170943040401e-14,1.0000000000000004,0.0,23.999999999999986,13809.6,192,0.9538445602368065,1456,0.8411062787806624,1408,0.9575701458293974,1224,0.8246946798577491,2800
96,repeated_damage,12010,0.2,1.0,hybrid_25,0.8248204411837409,0.3774326529013747,5000,184,73,1.752,2448,2552,85,99,30,1.0,2.842170943040401e-14,1.0000000000000002,0.0,23.999999999999986,13809.6,192,0.9437904209893868,864,0.8240654324799559,976,0.9365524698100606,616,0.7693319312224731,2544
96,repeated_damage,12010,0.2,1.0,signal_only,0.8221225585978461,0.37386347451149765,4336,168,38,0.912,0,4336,0,168,28,1.0,2.842170943040401e-14,1.0000000000000002,0.0,23.999999999999986,13809.6,192,0.9499827089466095,680,0.8056221214980585,920,0.8958546384261761,664,0.7935067372335752,2072
96,repeated_damage,12010,0.2,4.0,fixed,0.7633714240634475,0.056244878100617804,0,0,0,0.0,0,0,0,0,41,1.0,4.263256414560601e-14,1.0000000000000004,0.0,-1.0,48326.4,192,0.9177767470702264,0,0.7941240908206092,0,0.8595932267350147,0,0.699884189349083,0
96,repeated_damage,12010,0.2,4.0,pulse_only,0.9020432262193238,0.6012432742152721,42264,1439,966,23.184,42264,0,1439,0,16,1.0,4.263256414560601e-14,1.0000000000000002,0.0,7.999999999999986,48326.4,192,0.9821010798346012,10808,0.8764858636435298,7688,0.9843622940441857,8064,0.8736623735947899,15704
96,repeated_damage,12010,0.2,4.0,hybrid_75,0.8932639252534272,0.5579569350236115,33240,1149,708,16.992,31200,2040,1071,78,20,1.0,2.842170943040401e-14,1.0000000000000002,0.0,7.999999999999986,48326.4,192,0.9701772463897638,8064,0.8971444424940489,6344,0.9670275541172213,6184,0.8544418522012192,12648
96,repeated_damage,12010,0.2,4.0,hybrid_50,0.8730944790950326,0.567982859198809,25640,908,481,11.544,20792,4848,713,195,26,1.0,4.263256414560601e-14,1.0000000000000004,0.0,7.999999999999986,48326.4,192,0.9621281449257232,5952,0.8456957800648631,5104,0.965773285486921,4632,0.8404544254141731,9952
96,repeated_damage,12010,0.2,4.0,hybrid_25,0.8485118274818001,0.5310085008901301,16824,621,240,5.76,10192,6632,352,269,29,1.0,2.842170943040401e-14,1.0000000000000002,0.0,7.999999999999986,48326.4,192,0.9746742219449303,3104,0.8668121233097185,3296,0.9525352217672509,2848,0.7873499824251157,7576
96,repeated_damage,12010,0.2,4.0,signal_only,0.831121462781819,0.4389737686455417,10072,402,53,1.272,0,10072,0,402,26,1.0,4.263256414560601e-14,1.0000000000000002,0.0,7.999999999999986,48326.4,192,0.9600476858072414,1280,0.8465695140305093,2272,0.9352141326028796,1296,0.7713511022469437,5224
96,repeated_damage,12011,0.2,1.0,fixed,0.7008374875980872,0.003224641752209218,0,0,0,0.0,0,0,0,0,43,1.0,2.842170943040401e-14,1.0000000000000004,0.0,-1.0,13809.6,192,0.8875725851591456,0,0.7321442784912102,0,0.8402444486933623,0,0.615480611603888,0
96,repeated_damage,12011,0.2,1.0,pulse_only,0.8574904664080597,0.38916482419893544,10688,356,268,6.432,10688,0,356,0,15,1.0,2.842170943040401e-14,1.0000000000000002,0.0,31.999999999999986,13809.6,192,0.9191847288498951,2680,0.807853561660467,2176,0.9265378296231087,1992,0.8477852371743317,3840
96,repeated_damage,12011,0.2,1.0,hybrid_75,0.829799345568912,0.3690889065784958,8592,291,201,4.824,7744,848,259,32,26,1.0,4.263256414560601e-14,1.0000000000000004,0.0,23.999999999999986,13809.6,192,0.9153719438824305,1952,0.8206756342809834,1456,0.923880384667922,1808,0.7873206816633713,3376
96,repeated_damage,12011,0.2,1.0,hybrid_50,0.8254369760425643,0.3816186184897202,7000,240,155,3.72,5184,1816,174,66,19,1.0,4.263256414560601e-14,1.0000000000000002,0.0,23.999999999999986,13809.6,192,0.902071751252495,1456,0.7782570971072541,1480,0.9151935038220461,1264,0.8041486516204783,2800
96,repeated_damage,12011,0.2,1.0,hybrid_25,0.8297814821096418,0.24445515219245711,5152,188,80,1.92,2512,2640,86,102,23,1.0,4.263256414560601e-14,1.0000000000000002,0.0,23.999999999999986,13809.6,192,0.9183145601566803,1184,0.8239289222334125,848,0.9121660315967458,816,0.7915154873042043,2304
96,repeated_damage,12011,0.2,1.0,signal_only,0.7802825633932933,0.12516624927356843,4512,175,39,0.936,0,4512,0,175,28,1.0,2.842170943040401e-14,1.0000000000000004,0.0,23.999999999999986,13809.6,192,0.9174902620625595,728,0.7614656263963174,856,0.8773872433243478,592,0.7411386919262537,2336
96,repeated_damage,12011,0.2,4.0,fixed,0.7008374875980872,0.003224641752209218,0,0,0,0.0,0,0,0,0,43,1.0,2.842170943040401e-14,1.0000000000000004,0.0,-1.0,48326.4,192,0.8875725851591456,0,0.7321442784912102,0,0.8402444486933623,0,0.615480611603888,0
96,repeated_damage,12011,0.2,4.0,pulse_only,0.9028450412108902,0.6866734119193686,42800,1436,1042,25.008,42800,0,1436,0,13,1.0,4.263256414560601e-14,1.0000000000000004,0.0,7.999999999999986,48326.4,192,0.947914577273746,10768,0.8608580176982886,7792,0.9522773505034734,8152,0.8991223983208995,16088
96,repeated_damage,12011,0.2,4.0,hybrid_75,0.8880242972269737,0.5996450726079042,34568,1155,856,20.544,32144,2424,1066,89,14,1.0,4.263256414560601e-14,1.0000000000000004,0.0,7.999999999999986,48326.4,192,0.9275254209239362,8312,0.8818069081600468,6744,0.9467403029295729,6464,0.8617749889091375,13048
96,repeated_damage,12011,0.2,4.0,hybrid_50,0.8794025157674507,0.42382373431459686,24760,854,533,12.792,21096,3664,709,145,18,1.0,4.263256414560601e-14,1.0000000000000002,0.0,7.999999999999986,48326.4,192,0.9399258876006126,5936,0.8537415468530385,4968,0.9462660255658715,4472,0.8588012453254462,9384
96,repeated_damage,12011,0.2,4.0,hybrid_25,0.8592415909664519,0.41290067537698144,16552,593,290,6.96,10520,6032,355,238,18,1.0,4.263256414560601e-14,1.0000000000000002,0.0,7.999999999999986,48326.4,192,0.9344991443067721,3736,0.8173509757049331,3816,0.9460462427234774,2552,0.8367845727186985,6448
96,repeated_damage,12011,0.2,4.0,signal_only,0.7980472238861006,0.12543848873142668,10208,406,58,1.3920000000000001,0,10208,0,406,24,1.0,4.263256414560601e-14,1.0000000000000004,0.0,7.999999999999986,48326.4,192,0.9169652294731926,1544,0.7681703395816891,2280,0.8854734369345333,1616,0.76927255951409,4768
96,repeated_damage,12012,0.2,1.0,fixed,0.7586687329257108,0.10649907514550079,0,0,0,0.0,0,0,0,0,34,1.0,4.263256414560601e-14,1.0000000000000002,0.0,-1.0,13809.6,192,0.9351615409728659,0,0.7556979474406874,0,0.8739332548807754,0,0.7025218646906901,0
96,repeated_damage,12012,0.2,1.0,pulse_only,0.8839235598708768,0.6094820874417793,10688,357,265,6.36,10688,0,357,0,13,1.0,4.263256414560601e-14,1.0000000000000004,0.0,31.999999999999986,13809.6,192,0.9914135542307475,2648,0.8402830740950529,2048,0.9698860659654612,2104,0.8627625497114965,3888
96,repeated_damage,12012,0.2,1.0,hybrid_75,0.8886350355539488,0.5278431029363971,8104,277,182,4.368,7592,512,257,20,16,1.0,4.263256414560601e-14,1.0000000000000002,0.0,23.999999999999986,13809.6,192,0.9903229094356442,2048,0.8605843898550174,1288,0.9788132343575403,1664,0.8575712590016187,3104
96,repeated_damage,12012,0.2,1.0,hybrid_50,0.8706855702291776,0.5706669391888857,6832,233,155,3.72,5160,1672,173,60,19,1.0,4.263256414560601e-14,1.0000000000000004,0.0,23.999999999999986,13809.6,192,0.9677859881755727,1216,0.8713255271813228,1448,0.9574219543303387,1352,0.8269973997025245,2816
96,repeated_damage,12012,0.2,1.0,hybrid_25,0.8592606456989097,0.42643545994694376,4216,148,83,1.992,2464,1752,83,65,16,1.0,4.263256414560601e-14,1.0000000000000002,0.0,23.999999999999986,13809.6,192,0.9795324552241891,816,0.8424667976746739,1024,0.9501695068300174,720,0.822203139145474,1656
96,repeated_damage,12012,0.2,1.0,signal_only,0.8477198941586027,0.4800946735212299,3352,125,44,1.056,0,3352,0,125,20,1.0,2.842170943040401e-14,1.0000000000000002,0.0,23.999999999999986,13809.6,192,0.9674522555701285,432,0.8543954804441045,1064,0.9365789892781401,320,0.7999525534560834,1536
96,repeated_damage,12012,0.2,4.0,fixed,0.7586687329257108,0.10649907514550079,0,0,0,0.0,0,0,0,0,34,1.0,4.263256414560601e-14,1.0000000000000002,0.0,-1.0,48326.4,192,0.9351615409728659,0,0.7556979474406874,0,0.8739332548807754,0,0.7025218646906901,0
96,repeated_damage,12012,0.2,4.0,pulse_only,0.9257896895229177,0.735103132171511,42880,1437,1049,25.176000000000002,42880,0,1437,0,12,1.0,4.263256414560601e-14,1.0000000000000002,0.0,7.999999999999986,48326.4,192,0.9990998589972809,11128,0.8868792363659278,7696,0.9960000348251916,8208,0.9101397434502759,15848
96,repeated_damage,12012,0.2,4.0,hybrid_75,0.9217486824194283,0.7094739420059542,33048,1124,759,18.216,31696,1352,1070,54,12,1.0,4.263256414560601e-14,1.0000000000000002,0.0,7.999999999999986,48326.4,192,0.9927357589395709,8088,0.8878600540416621,6312,0.9933372827112507,6320,0.9028986964624003,12328
96,repeated_damage,12012,0.2,4.0,hybrid_50,0.8946907568515943,0.5942334735767908,24032,835,499,11.976,21032,3000,716,119,12,1.0,4.263256414560601e-14,1.0000000000000004,0.0,7.999999999999986,48326.4,192,0.9876572558812761,5600,0.8635682751061251,4752,0.9815621781605216,4160,0.8668162870698651,9520
96,repeated_damage,12012,0.2,4.0,hybrid_25,0.9151551081144659,0.7097402753417478,14544,509,291,6.984,10584,3960,357,152,10,1.0,4.263256414560601e-14,1.0000000000000002,0.0,7.999999999999986,48326.4,192,0.996907554846596,2808,0.8712889321218981,3400,0.9893301170141945,2416,0.9000006916608859,5920
96,repeated_damage,12012,0.2,4.0,signal_only,0.8529385910697814,0.4110179015218921,7400,292,49,1.176,0,7400,0,292,16,1.0,2.842170943040401e-14,1.0000000000000002,0.0,7.999999999999986,48326.4,192,0.9719982423833601,936,0.8050483084851782,2184,0.937120374886414,1000,0.834792840453767,3280
96,repeated_damage,12013,0.2,1.0,fixed,0.753163007003139,0.06247823806260088,0,0,0,0.0,0,0,0,0,29,1.0,4.263256414560601e-14,1.0000000000000002,0.0,-1.0,13809.6,192,0.9231667193827816,0,0.709865071108556,0,0.8619958746305683,0,0.7203955411367158,0
96,repeated_damage,12013,0.2,1.0,pulse_only,0.8898984656032487,0.525949316190677,10800,360,270,6.48,10800,0,360,0,11,1.0,4.263256414560601e-14,1.0000000000000002,0.0,31.999999999999986,13809.6,192,0.9662632682837462,2904,0.8400144507596858,1848,0.9447762567009699,2008,0.8874015774761695,4040
96,repeated_damage,12013,0.2,1.0,hybrid_75,0.8780528566243077,0.6044960455577956,8656,293,203,4.872,8040,616,270,23,14,1.0,4.263256414560601e-14,1.0000000000000002,0.0,23.999999999999986,13809.6,192,0.9728112257036245,2104,0.8367622938590316,1624,0.9402269014752087,1560,0.8676111155814955,3368
96,repeated_damage,12013,0.2,1.0,hybrid_50,0.888419933652533,0.630476827803405,6560,227,139,3.336,5408,1152,184,43,16,1.0,4.263256414560601e-14,1.0000000000000004,0.0,23.999999999999993,13809.6,192,0.9678859567600753,1720,0.8787156423894027,1088,0.9555666410917704,1272,0.8596987255644792,2480
96,repeated_damage,12013,0.2,1.0,hybrid_25,0.860763982585452,0.48891476017942326,5000,178,91,2.184,2752,2248,94,84,21,1.0,4.263256414560601e-14,1.0000000000000004,0.0,23.999999999999986,13809.6,192,0.9674793547411056,1200,0.849505368457229,1008,0.9415626150992359,792,0.8259939733926714,2000
96,repeated_damage,12013,0.2,1.0,signal_only,0.8284020427636636,0.3700826914241617,3896,147,46,1.104,0,3896,0,147,22,1.0,4.263256414560601e-14,1.0000000000000002,0.0,23.999999999999986,13809.6,192,0.9460542187284807,664,0.7956866958203752,1040,0.9280003916178199,464,0.7949605418082301,1728
96,repeated_damage,12013,0.2,4.0,fixed,0.753163007003139,0.06247823806260088,0,0,0,0.0,0,0,0,0,29,1.0,4.263256414560601e-14,1.0000000000000002,0.0,-1.0,48326.4,192,0.9231667193827816,0,0.709865071108556,0,0.8619958746305683,0,0.7203955411367158,0
96,repeated_damage,12013,0.2,4.0,pulse_only,0.9179942937678374,0.6747997722633159,42584,1440,1003,24.072,42584,0,1440,0,14,1.0,5.684341886080802e-14,1.0000000000000002,0.0,7.999999999999986,48326.4,192,0.9831314222103712,10816,0.9188946242614318,8032,0.9827863032254744,8024,0.8851481237922217,15712
96,repeated_damage,12013,0.2,4.0,hybrid_75,0.910294515709085,0.6129724780569825,33624,1137,792,19.008,32000,1624,1075,62,12,1.0,4.263256414560601e-14,1.0000000000000002,0.0,7.999999999999986,48326.4,192,0.9820301727679659,8472,0.9106908627849369,6168,0.9785229592161856,6328,0.8759821204176087,12656
96,repeated_damage,12013,0.2,4.0,hybrid_50,0.9035963257969004,0.6256524253749645,24600,840,555,13.32,21488,3112,719,121,16,1.0,4.263256414560601e-14,1.0000000000000004,0.0,7.999999999999986,48326.4,192,0.9830470848247785,5968,0.917357696835248,4504,0.9827465432908582,4504,0.8571405315307479,9624
96,repeated_damage,12013,0.2,4.0,hybrid_25,0.8886321485708957,0.5947927786462083,15088,540,266,6.384,10504,4584,359,181,15,1.0,2.842170943040401e-14,1.0000000000000002,0.0,7.999999999999986,48326.4,192,0.971593612793707,3392,0.8524459924314476,2928,0.9565561197069398,2584,0.8727632410725978,6184
96,repeated_damage,12013,0.2,4.0,signal_only,0.8633261767434309,0.6004395632034153,8536,334,65,1.56,0,8536,0,334,20,1.0,4.263256414560601e-14,1.0000000000000002,0.0,7.999999999999986,48326.4,192,0.9498539375694569,1552,0.8421168807378154,2024,0.9452749711089015,896,0.8329564275635032,4064
96,repeated_damage,12014,0.2,1.0,fixed,0.6875381620117981,0.0,0,0,0,0.0,0,0,0,0,33,1.0,4.263256414560601e-14,1.0000000000000002,0.0,-1.0,13809.6,192,0.8044895969778888,0,0.6739537709480907,0,0.7516930037077703,0,0.6622529366956658,0
96,repeated_damage,12014,0.2,1.0,pulse_only,0.8003030887878108,0.20040498087384706,10248,353,222,5.328,10248,0,353,0,19,1.0,4.263256414560601e-14,1.0000000000000002,0.0,31.999999999999986,13809.6,192,0.8589446843013291,2696,0.7748126839492675,1872,0.8694975212520346,1888,0.7784510749749702,3792
96,repeated_damage,12014,0.2,1.0,hybrid_75,0.7680617481865432,0.014223535642885974,8480,294,178,4.272,7728,752,265,29,24,1.0,4.263256414560601e-14,1.0000000000000004,0.0,24.0,13809.6,192,0.8508816302008703,1848,0.7359696365074605,1584,0.8246928646589752,1744,0.7557922457898685,3304
96,repeated_damage,12014,0.2,1.0,hybrid_50,0.7676968734575215,0.02289366758675687,7176,255,132,3.168,5232,1944,179,76,24,1.0,4.263256414560601e-14,1.0000000000000004,0.0,24.0,13809.6,192,0.8474489134387729,1568,0.7460938574735292,1400,0.8398549379052491,1416,0.7424193492256537,2792
96,repeated_damage,12014,0.2,1.0,hybrid_25,0.7747365167986612,0.04399469330393052,5880,216,87,2.088,2632,3248,89,127,26,1.0,4.263256414560601e-14,1.0000000000000004,0.0,23.999999999999986,13809.6,192,0.8170755904178726,1392,0.7573448923615822,1096,0.8234928221395819,1024,0.7590541763467402,2368
96,repeated_damage,12014,0.2,1.0,signal_only,0.740986296526159,0.01068741359380944,5072,201,31,0.744,0,5072,0,201,31,1.0,2.842170943040401e-14,1.0000000000000002,0.0,23.999999999999986,13809.6,192,0.8225299541518563,1352,0.7510840829002915,800,0.8035324441156868,656,0.7046643295443289,2264
96,repeated_damage,12014,0.2,4.0,fixed,0.6875381620117981,0.0,0,0,0,0.0,0,0,0,0,33,1.0,4.263256414560601e-14,1.0000000000000002,0.0,-1.0,48326.4,192,0.8044895969778888,0,0.6739537709480907,0,0.7516930037077703,0,0.6622529366956658,0
96,repeated_damage,12014,0.2,4.0,pulse_only,0.823743786987556,0.0768160604815813,41296,1433,863,20.712,41296,0,1433,0,19,1.0,4.263256414560601e-14,1.0000000000000002,0.0,7.999999999999986,48326.4,192,0.871398986138869,10408,0.8266868548944095,7792,0.851955050070501,7768,0.8081666214926568,15328
96,repeated_damage,12014,0.2,4.0,hybrid_75,0.7991932366784327,0.09888970764255349,33856,1183,683,16.392,30712,3144,1061,122,27,1.0,4.263256414560601e-14,1.0000000000000004,0.0,7.999999999999986,48326.4,192,0.8853600941964821,8184,0.7880460373713655,6448,0.8682971961413568,6328,0.7702148566005044,12896
96,repeated_damage,12014,0.2,4.0,hybrid_50,0.7957005671778653,0.14980118679245075,26632,955,464,11.136000000000001,20440,6192,709,246,23,1.0,4.263256414560601e-14,1.0000000000000004,0.0,7.999999999999986,48326.4,192,0.8813347926479264,6344,0.7634500353965717,5424,0.8588579938057241,4896,0.7802471197545827,9968
96,repeated_damage,12014,0.2,4.0,hybrid_25,0.7762481211046498,0.1017861035153852,19144,720,233,5.5920000000000005,10032,9112,350,370,22,1.0,4.263256414560601e-14,1.0000000000000002,0.0,7.999999999999986,48326.4,192,0.86267082732955,4488,0.7621854148514392,3864,0.8490941556593179,3384,0.7468564569539212,7408
96,repeated_damage,12014,0.2,4.0,signal_only,0.7502734909558151,0.00022843737371764806,12576,512,36,0.864,0,12576,0,512,30,1.0,2.842170943040401e-14,1.0000000000000002,0.0,7.999999999999986,48326.4,192,0.8275156731167599,2584,0.7695730273770722,2328,0.8083212956647229,2168,0.7115998203907323,5496
96,repeated_damage,12015,0.2,1.0,fixed,0.8184307232030323,0.3148828525520272,0,0,0,0.0,0,0,0,0,29,1.0,4.263256414560601e-14,1.0000000000000002,0.0,-1.0,13809.6,192,0.9842454735111462,0,0.8248987605375528,0,0.9430986586773902,0,0.7528627367985933,0
96,repeated_damage,12015,0.2,1.0,pulse_only,0.9589454673106584,0.8241276355589103,10880,356,292,7.008,10880,0,356,0,13,1.0,4.263256414560601e-14,1.0000000000000002,0.0,31.999999999999986,13809.6,192,0.9999196076804667,2864,0.9622762573488922,2032,0.9968251263395115,1960,0.938340242777115,4024
96,repeated_damage,12015,0.2,1.0,hybrid_75,0.9204685188971018,0.7039602325578422,8560,287,209,5.016,7808,752,260,27,23,1.0,4.263256414560601e-14,1.0000000000000004,0.0,23.999999999999986,13809.6,192,0.9994483475983582,2072,0.9785045963423611,1448,0.9964543235415739,1712,0.8534575778522361,3328
96,repeated_damage,12015,0.2,1.0,hybrid_50,0.9583455393316999,0.8090973253657396,6016,202,146,3.504,5328,688,177,25,15,1.0,5.684341886080802e-14,1.0000000000000002,0.0,23.999999999999986,13809.6,192,0.9963496312235268,1264,0.9769166380426,1096,0.9970644415415224,1288,0.9297005388713385,2368
96,repeated_damage,12015,0.2,1.0,hybrid_25,0.9039146097671835,0.6750244438329188,4480,155,95,2.2800000000000002,2584,1896,87,68,26,1.0,4.263256414560601e-14,1.0000000000000002,0.0,24.0,13809.6,192,0.9990165249419052,768,0.9478007263467456,912,0.9965558897017662,656,0.8356509115101111,2144
96,repeated_damage,12015,0.2,1.0,signal_only,0.9081414847238637,0.655907836003188,2624,96,40,0.96,0,2624,0,96,21,1.0,4.263256414560601e-14,1.0000000000000004,0.0,23.999999999999986,13809.6,192,0.998983076459372,128,0.9357339014473607,840,0.9943241221465904,72,0.8512539576507518,1584
96,repeated_damage,12015,0.2,4.0,fixed,0.8184307232030323,0.3148828525520272,0,0,0,0.0,0,0,0,0,29,1.0,4.263256414560601e-14,1.0000000000000002,0.0,-1.0,48326.4,192,0.9842454735111462,0,0.8248987605375528,0,0.9430986586773902,0,0.7528627367985933,0
96,repeated_damage,12015,0.2,4.0,pulse_only,0.9996400195331578,0.9999999999999963,44696,1436,1279,30.696,44696,0,1436,0,0,1.0,4.263256414560601e-14,1.0000000000000004,0.0,7.999999999999986,48326.4,192,1.0,11024,1.0,8520,1.0,8328,0.9992800390663155,16824
96,repeated_damage,12015,0.2,4.0,hybrid_75,0.9973098436268762,0.9980792489890727,33824,1083,979,23.496000000000002,33592,232,1075,8,0,1.0,4.263256414560601e-14,1.0000000000000002,0.0,7.999999999999993,48326.4,192,1.0,8440,0.9907406659315182,6376,0.9995770246418678,6432,0.9994608419670596,12576
96,repeated_damage,12015,0.2,4.0,hybrid_50,0.9897612399832212,0.9782881930020842,22496,732,616,14.784,22072,424,716,16,12,1.0,4.263256414560601e-14,1.0000000000000004,0.0,7.999999999999986,48326.4,192,1.0,5528,1.0,4296,1.0,4288,0.9795224799664423,8384
96,repeated_damage,12015,0.2,4.0,hybrid_25,0.9852600217030412,0.9253005352048482,12304,409,311,7.464,10856,1448,356,53,8,1.0,2.842170943040401e-14,1.0000000000000002,0.0,7.999999999999986,48326.4,192,0.9999475194350093,2896,0.9835661137418187,2424,0.9972475451373057,2128,0.9801132139665201,4856
96,repeated_damage,12015,0.2,4.0,signal_only,0.9172659558509407,0.7062555647367927,5272,200,59,1.416,0,5272,0,200,20,1.0,4.263256414560601e-14,1.0000000000000004,0.0,7.999999999999986,48326.4,192,0.998983076459372,128,0.9212352607636675,1720,0.9922288513377727,320,0.8777998556511611,3104
96,repeated_damage,12016,0.2,1.0,fixed,0.7041690861914667,9.510090737908983e-06,0,0,0,0.0,0,0,0,0,43,1.0,4.263256414560601e-14,1.0000000000000002,0.0,-1.0,13809.6,192,0.8712311304994343,0,0.7446980719758768,0,0.8349468600949713,0,0.6185157063475092,0
96,repeated_damage,12016,0.2,1.0,pulse_only,0.8642200242095398,0.31668785373647984,10784,359,271,6.5040000000000004,10784,0,359,0,14,1.0,4.263256414560601e-14,1.0000000000000002,0.0,31.999999999999986,13809.6,192,0.9055427249126301,2848,0.8505362252866396,2128,0.9279322054823846,1944,0.8392058330345672,3864
96,repeated_damage,12016,0.2,1.0,hybrid_75,0.8680931100380742,0.47538771266831475,8512,286,206,4.944,7912,600,264,22,15,1.0,4.263256414560601e-14,1.0000000000000002,0.0,23.999999999999986,13809.6,192,0.9256392935501506,2096,0.8441431609852347,1584,0.9144448127704755,1736,0.8568922331982936,3096
96,repeated_damage,12016,0.2,1.0,hybrid_50,0.8653877238527241,0.4184983318363066,6728,231,148,3.552,5448,1280,182,49,19,1.0,4.263256414560601e-14,1.0000000000000002,0.0,23.999999999999986,13809.6,192,0.9040959194551125,1704,0.8399320593538446,1264,0.9305801805231625,1344,0.8455193277669447,2416
96,repeated_damage,12016,0.2,1.0,hybrid_25,0.8667062099695886,0.42833357064595723,4808,169,94,2.2560000000000002,2720,2088,91,78,23,1.0,4.263256414560601e-14,1.0000000000000002,0.0,23.999999999999993,13809.6,192,0.9116227837648156,1120,0.8108899401812862,1000,0.951729427254327,632,0.8521027362213709,2056
96,repeated_damage,12016,0.2,1.0,signal_only,0.8361316518191113,0.46466324259178354,3864,145,48,1.1520000000000001,0,3864,0,145,26,1.0,4.263256414560601e-14,1.0000000000000004,0.0,23.999999999999986,13809.6,192,0.904370803439744,712,0.8063184800360345,808,0.9055895940544897,296,0.8163092665929607,2048
96,repeated_damage,12016,0.2,4.0,fixed,0.7041690861914667,9.510090737908983e-06,0,0,0,0.0,0,0,0,0,43,1.0,4.263256414560601e-14,1.0000000000000002,0.0,-1.0,48326.4,192,0.8712311304994343,0,0.7446980719758768,0,0.8349468600949713,0,0.6185157063475092,0
96,repeated_damage,12016,0.2,4.0,pulse_only,0.9256267345374378,0.776037420252866,43616,1439,1135,27.240000000000002,43616,0,1439,0,14,1.0,4.263256414560601e-14,1.0000000000000002,0.0,7.999999999999986,48326.4,192,0.9596822506013082,11064,0.9039453756704593,8168,0.9890088419756942,8336,0.9047763602517988,16048
96,repeated_damage,12016,0.2,4.0,hybrid_75,0.9071802045218645,0.5863254224510103,34016,1137,841,20.184,32408,1608,1076,61,11,1.0,4.263256414560601e-14,1.0000000000000002,0.0,7.999999999999986,48326.4,192,0.9610779381745099,8336,0.8826400435634817,6576,0.9859005993675265,6368,0.8800900875782255,12736
96,repeated_damage,12016,0.2,4.0,hybrid_50,0.9231628474256922,0.7795326544508944,24432,827,573,13.752,21560,2872,718,109,9,1.0,4.263256414560601e-14,1.0000000000000002,0.0,7.999999999999986,48326.4,192,0.9506620248102086,6160,0.8968692041960841,4792,0.980147214965947,4312,0.9078174852703692,9168
96,repeated_damage,12016,0.2,4.0,hybrid_25,0.9093963730842947,0.6229214659971194,14784,515,303,7.272,10752,4032,357,158,9,1.0,4.263256414560601e-14,1.0000000000000004,0.0,7.999999999999986,48326.4,192,0.9375617514828966,3744,0.8507271052999384,3160,0.9718476696657413,2400,0.9075053586857497,5480
96,repeated_damage,12016,0.2,4.0,signal_only,0.8549441948434502,0.4756924276431224,8608,337,65,1.56,0,8608,0,337,21,1.0,4.263256414560601e-14,1.0000000000000002,0.0,7.999999999999986,48326.4,192,0.9038204390859088,1616,0.8227510496135205,2000,0.9380001517540694,784,0.8295127890031055,4208
96,repeated_damage,12017,0.2,1.0,fixed,0.7177283537971989,0.01244102392263669,0,0,0,0.0,0,0,0,0,37,1.0,4.263256414560601e-14,1.0000000000000004,0.0,-1.0,13809.6,192,0.8700203626471539,0,0.7107462588421369,0,0.8126940692228921,0,0.6737365435618834,0
96,repeated_damage,12017,0.2,1.0,pulse_only,0.8541986244439185,0.49173058860611035,10544,357,247,5.928,10544,0,357,0,13,1.0,4.263256414560601e-14,1.0000000000000002,0.0,31.999999999999986,13809.6,192,0.9240116603466874,2768,0.8149651791929405,2008,0.9047218137571675,1880,0.8485537524127831,3888
96,repeated_damage,12017,0.2,1.0,hybrid_75,0.8418907859302354,0.40279803213145415,8264,285,178,4.272,7760,504,265,20,17,1.0,4.263256414560601e-14,1.0000000000000002,0.0,23.999999999999986,13809.6,192,0.9312843585416488,1880,0.7978895763440049,1504,0.9097204446247118,1784,0.8299765613761123,3096
96,repeated_damage,12017,0.2,1.0,hybrid_50,0.8500915111821853,0.4412829388860687,6800,235,145,3.48,5216,1584,177,58,16,1.0,4.263256414560601e-14,1.0000000000000004,0.0,23.999999999999986,13809.6,192,0.911449476273223,1416,0.8097259721749807,1576,0.9121584725322975,1160,0.8392408000107313,2648
96,repeated_damage,12017,0.2,1.0,hybrid_25,0.8169017752964043,0.16093246282460888,5240,190,85,2.04,2600,2640,90,100,19,1.0,4.263256414560601e-14,1.0000000000000002,0.0,23.999999999999986,13809.6,192,0.9135376937017861,1168,0.7968903138705627,1008,0.8903675826475733,784,0.7901746023337407,2280
96,repeated_damage,12017,0.2,1.0,signal_only,0.8133633997690227,0.2543796173008075,3848,146,43,1.032,0,3848,0,146,16,1.0,4.263256414560601e-14,1.0000000000000002,0.0,23.999999999999986,13809.6,192,0.8938282303211231,728,0.7466068290406368,1120,0.8825163235762565,392,0.8121652232295983,1608
96,repeated_damage,12017,0.2,4.0,fixed,0.7177283537971989,0.01244102392263669,0,0,0,0.0,0,0,0,0,37,1.0,4.263256414560601e-14,1.0000000000000004,0.0,-1.0,48326.4,192,0.8700203626471539,0,0.7107462588421369,0,0.8126940692228921,0,0.6737365435618834,0
96,repeated_damage,12017,0.2,4.0,pulse_only,0.8967276987853352,0.6752990908434066,42488,1437,1000,24.0,42488,0,1437,0,15,1.0,4.263256414560601e-14,1.0000000000000004,0.0,7.999999999999986,48326.4,192,0.9485268598955994,10816,0.8412530603640972,7768,0.9379673763601025,8096,0.9038451792085705,15808
96,repeated_damage,12017,0.2,4.0,hybrid_75,0.8775417906358788,0.5698737526473007,33744,1148,774,18.576,31648,2096,1069,79,11,1.0,4.263256414560601e-14,1.0000000000000002,0.0,7.999999999999986,48326.4,192,0.9477801845358458,8184,0.8160299830898063,6488,0.9300570410670931,6600,0.8820400691933079,12472
96,repeated_damage,12017,0.2,4.0,hybrid_50,0.8776926074128919,0.5339530114986428,24864,860,528,12.672,21160,3704,715,145,10,1.0,4.263256414560601e-14,1.0000000000000002,0.0,7.999999999999986,48326.4,192,0.9351907497916598,6048,0.8161126212973009,4992,0.940206025097586,4608,0.8772258916283403,9216
96,repeated_damage,12017,0.2,4.0,hybrid_25,0.850049418796284,0.3936241917759529,16584,597,282,6.768,10368,6216,354,243,13,1.0,4.263256414560601e-14,1.0000000000000002,0.0,7.999999999999986,48326.4,192,0.9514680649971583,3496,0.8008137345891654,3512,0.9194581837453351,2832,0.8399628784253177,6744
96,repeated_damage,12017,0.2,4.0,signal_only,0.8154831979537331,0.16247536477992272,8176,329,35,0.84,0,8176,0,329,18,1.0,4.263256414560601e-14,1.0000000000000002,0.0,7.999999999999986,48326.4,192,0.8994732523629897,1592,0.7639984433899477,2232,0.8840408454055955,1200,0.8069467515096944,3152
96,repeated_damage,12018,0.2,1.0,fixed,0.768143314878609,0.23044948469622528,0,0,0,0.0,0,0,0,0,33,1.0,4.263256414560601e-14,1.0000000000000004,0.0,-1.0,13809.6,192,0.9614491065178437,0,0.7480239868233841,0,0.9162805287221651,0,0.7041343719844433,0
96,repeated_damage,12018,0.2,1.0,pulse_only,0.9432835959824273,0.799188505597082,10824,358,279,6.696,10824,0,358,0,13,1.0,4.263256414560601e-14,1.0000000000000002,0.0,31.999999999999986,13809.6,192,0.9894787667959587,2776,0.9246140739205929,2104,0.9951760074647095,2008,0.9266721512722031,3936
96,repeated_damage,12018,0.2,1.0,hybrid_75,0.9090556509249449,0.6822214057772811,8696,290,217,5.208,8056,640,267,23,18,1.0,4.263256414560601e-14,1.0000000000000004,0.0,23.999999999999986,13809.6,192,0.9880742529717622,2064,0.9094388056831751,1752,0.990426343809326,1536,0.8681787271036391,3344
96,repeated_damage,12018,0.2,1.0,hybrid_50,0.9072678048313412,0.6379006567022104,6944,234,166,3.984,5400,1544,179,55,14,1.0,4.263256414560601e-14,1.0000000000000002,0.0,23.999999999999986,13809.6,192,0.9853137552932596,1656,0.9020447508768515,1160,0.9909257079293066,1376,0.8680503802596035,2752
96,repeated_damage,12018,0.2,1.0,hybrid_25,0.9178156381260184,0.7336565525607132,4624,156,110,2.64,2608,2016,86,70,18,1.0,4.263256414560601e-14,1.0000000000000004,0.0,23.999999999999986,13809.6,192,0.985968821698775,1008,0.9357393722588712,1040,0.989989295856263,600,0.8727669421944698,1976
96,repeated_damage,12018,0.2,1.0,signal_only,0.884573557530062,0.650348768921393,3104,112,52,1.248,0,3104,0,112,21,1.0,4.263256414560601e-14,1.0000000000000002,0.0,23.999999999999986,13809.6,192,0.9822392515243318,216,0.8745211093815023,1056,0.9718033353513267,272,0.8459848926937096,1560
96,repeated_damage,12018,0.2,4.0,fixed,0.768143314878609,0.23044948469622528,0,0,0,0.0,0,0,0,0,33,1.0,4.263256414560601e-14,1.0000000000000004,0.0,-1.0,48326.4,192,0.9614491065178437,0,0.7480239868233841,0,0.9162805287221651,0,0.7041343719844433,0
96,repeated_damage,12018,0.2,4.0,pulse_only,0.9838818052210283,0.9352457442896177,44368,1438,1232,29.568,44368,0,1438,0,7,1.0,4.263256414560601e-14,1.0000000000000004,0.0,7.999999999999986,48326.4,192,1.0000000000000004,11144,0.9716468147056752,8480,0.9937397764728255,8304,0.9850703148528063,16440
96,repeated_damage,12018,0.2,4.0,hybrid_75,0.9837459688729907,0.9541831866795779,33776,1091,949,22.776,33264,512,1073,18,5,1.0,4.263256414560601e-14,1.0000000000000002,0.0,7.999999999999993,48326.4,192,0.9998399866980215,8536,0.9636838219820424,6272,0.9995236752102759,6464,0.9858881891498222,12504
96,repeated_damage,12018,0.2,4.0,hybrid_50,0.9726498467808067,0.9220031825487697,23104,754,626,15.024000000000001,22048,1056,715,39,4,1.0,4.263256414560601e-14,1.0000000000000002,0.0,7.999999999999986,48326.4,192,0.999783200175475,5744,0.9662106952152051,4496,0.996201415599311,4176,0.9640936381543551,8688
96,repeated_damage,12018,0.2,4.0,hybrid_25,0.9578053681689852,0.8625611636549345,13496,452,331,7.944,10848,2648,355,97,7,1.0,4.263256414560601e-14,1.0000000000000002,0.0,7.999999999999986,48326.4,192,0.9977832089216636,2984,0.9484260171420764,2864,0.9973907587120658,2256,0.9427023484108991,5392
96,repeated_damage,12018,0.2,4.0,signal_only,0.9057214289937943,0.721267619632805,6704,257,67,1.608,0,6704,0,257,20,1.0,4.263256414560601e-14,1.0000000000000002,0.0,7.999999999999986,48326.4,192,0.9897471907107219,568,0.9041975058882166,1720,0.9808099063464439,496,0.8689391518702586,3920
96,repeated_damage,12019,0.2,1.0,fixed,0.8062742171964636,0.3404386147128268,0,0,0,0.0,0,0,0,0,31,1.0,2.842170943040401e-14,1.0000000000000002,0.0,-1.0,13809.6,192,0.9855778082000906,0,0.7856857718130934,0,0.9327861039017782,0,0.7533124965354915,0
96,repeated_damage,12019,0.2,1.0,pulse_only,0.935608154942866,0.7489858692789497,10752,359,267,6.408,10752,0,359,0,11,1.0,4.263256414560601e-14,1.0000000000000002,0.0,31.999999999999986,13809.6,192,0.9999999999999998,2744,0.9128252611574399,1984,0.992417177134772,2016,0.918595090739626,4008
96,repeated_damage,12019,0.2,1.0,hybrid_75,0.930836099764632,0.7840858941046637,8248,272,215,5.16,7936,312,261,11,7,1.0,2.842170943040401e-14,1.0000000000000004,0.0,24.0,13809.6,192,0.9999999999999998,2136,0.8516062247238254,1360,0.9847776670442623,1528,0.94348025364522,3224
96,repeated_damage,12019,0.2,1.0,hybrid_50,0.9278833216437599,0.8153197507375068,5888,202,130,3.12,5080,808,170,32,10,1.0,2.842170943040401e-14,1.0000000000000004,0.0,23.999999999999986,13809.6,192,0.9999999999999998,1296,0.8633256718898717,1416,0.9856352562332011,984,0.9312861792259831,2192
96,repeated_damage,12019,0.2,1.0,hybrid_25,0.9009669599172964,0.700858239383489,4152,147,78,1.872,2528,1624,86,61,20,1.0,2.842170943040401e-14,1.0000000000000004,0.0,23.999999999999986,13809.6,192,0.9999359887734439,600,0.9069706242831419,776,0.9777829557118926,888,0.8595571298370752,1888
96,repeated_damage,12019,0.2,1.0,signal_only,0.8669479488065905,0.5207620840714432,3016,111,44,1.056,0,3016,0,111,24,1.0,4.263256414560601e-14,1.0000000000000002,0.0,23.999999999999986,13809.6,192,0.9912329367054789,128,0.830650194290617,992,0.9742336345184003,392,0.8314539832086724,1504
96,repeated_damage,12019,0.2,4.0,fixed,0.8062742171964636,0.3404386147128268,0,0,0,0.0,0,0,0,0,31,1.0,2.842170943040401e-14,1.0000000000000002,0.0,-1.0,48326.4,192,0.9855778082000906,0,0.7856857718130934,0,0.9327861039017782,0,0.7533124965354915,0
96,repeated_damage,12019,0.2,4.0,pulse_only,0.9993247939888981,0.9999999999999963,44520,1439,1248,29.952,44520,0,1439,0,0,1.0,4.263256414560601e-14,1.0000000000000002,0.0,7.999999999999986,48326.4,192,0.9999999999999998,11248,0.9973824656578179,8088,0.9999167102977751,8232,0.9999999999999997,16952
96,repeated_damage,12019,0.2,4.0,hybrid_75,0.9877818547975749,0.9804071363160857,33464,1097,892,21.408,32968,496,1079,18,0,1.0,2.842170943040401e-14,1.0000000000000002,0.0,7.999999999999993,48326.4,192,0.9999999999999998,8288,0.9528480408864719,6304,0.9993420334813545,6400,0.9994686724112367,12472
96,repeated_damage,12019,0.2,4.0,hybrid_50,0.9531361060789773,0.817635028359874,22968,776,543,13.032,21472,1496,717,59,9,1.0,4.263256414560601e-14,1.0000000000000002,0.0,7.999999999999986,48326.4,192,0.9999999999999998,5288,0.9451026974350475,4464,0.9965726528626703,4392,0.9354345370090954,8824
96,repeated_damage,12019,0.2,4.0,hybrid_25,0.9550557822813295,0.8022719348719435,12904,441,290,6.96,10696,2208,357,84,6,1.0,4.263256414560601e-14,1.0000000000000002,0.0,7.999999999999986,48326.4,192,0.9999999999999998,2744,0.9258893134366958,2800,0.9945693262771785,2272,0.9498822447057216,5088
96,repeated_damage,12019,0.2,4.0,signal_only,0.8969917256038523,0.6746219685704883,6080,236,52,1.248,0,6080,0,236,19,1.0,4.263256414560601e-14,1.0000000000000002,0.0,7.999999999999986,48326.4,192,0.9912329367054789,224,0.8495461239514963,2144,0.977853667653594,696,0.8802835554051596,3016
96,scarcity,12000,0.2,1.0,fixed,0.6483742269625976,0.0,0,0,0,0.0,0,0,0,0,38,1.0,1.4210854715202004e-14,0.6713626417480688,0.0,-1.0,13809.6,192,0.7673437622416247,0,0.651376473775802,0,0.6476792925380673,0,0.6472205707682607,0
96,scarcity,12000,0.2,1.0,pulse_only,0.6522257929176658,0.0,8880,359,33,0.792,8880,0,359,0,46,1.0,1.4210854715202004e-14,1.0,0.0,31.999999999999986,13809.6,192,0.7875288223608815,2280,0.6537307290753586,1680,0.65172416588049,1584,0.6517241383574073,3336
96,scarcity,12000,0.2,1.0,hybrid_75,0.6512186031946036,0.0,7696,313,23,0.552,6520,1176,264,49,49,1.0,1.4210854715202004e-14,1.0,0.0,23.999999999999986,13809.6,192,0.7871744855427932,1840,0.6514097412621307,1032,0.6511549005384304,1920,0.6511548854889266,2904
96,scarcity,12000,0.2,1.0,hybrid_50,0.6503671052385908,0.001930961685373115,7008,286,18,0.432,4296,2712,173,113,43,1.0,1.4210854715202004e-14,0.9478654983992928,0.0,23.999999999999986,13809.6,192,0.7825872900649107,1704,0.6514841240878189,1272,0.6499971707685361,1440,0.649993563049004,2592
96,scarcity,12000,0.2,1.0,hybrid_25,0.6519528589051808,0.008007401893645608,6864,279,21,0.504,2080,4784,84,195,45,1.0,1.4210854715202004e-14,1.0,0.0,23.999999999999986,13809.6,192,0.7828859310661732,1632,0.6544003317159388,1344,0.6512070217624046,1440,0.6511020410711897,2448
96,scarcity,12000,0.2,1.0,signal_only,0.6524782142441524,0.03501171246848887,7288,297,20,0.48,0,7288,0,297,46,1.0,1.4210854715202004e-14,1.0,0.0,23.999999999999986,13809.6,192,0.7838444093604727,1704,0.6557687642724088,1576,0.6513939214982776,1248,0.651375085602962,2760
96,scarcity,12000,0.2,4.0,fixed,0.6483742269625976,0.0,0,0,0,0.0,0,0,0,0,38,1.0,1.4210854715202004e-14,0.6713626417480688,0.0,-1.0,48326.4,192,0.7673437622416247,0,0.651376473775802,0,0.6476792925380673,0,0.6472205707682607,0
96,scarcity,12000,0.2,4.0,pulse_only,0.6517884281321078,0.01725484027490015,35360,1439,103,2.472,35360,0,1439,0,44,1.0,1.4210854715202004e-14,0.9131682104617529,0.0,7.999999999999986,48326.4,192,0.7860209034657067,9440,0.6519559984892027,6360,0.6517326015338245,6456,0.6517325562527021,13104
96,scarcity,12000,0.2,4.0,hybrid_75,0.6517191815358796,0.0008133377319083791,30864,1259,81,1.944,25768,5096,1047,212,43,1.0,1.4210854715202004e-14,0.906007629755265,0.0,7.999999999999986,48326.4,192,0.786865851330791,7560,0.651867522431976,5880,0.6516697437695936,5880,0.6516697299709742,11544
96,scarcity,12000,0.2,4.0,hybrid_50,0.6515637881259806,0.0,28104,1153,54,1.296,17416,10688,709,444,48,1.0,1.4210854715202004e-14,1.0000000000000002,0.0,7.999999999999986,48326.4,192,0.78855691399487,6480,0.6515675394258131,5496,0.6515625376932105,5208,0.6515625376924493,10920
96,scarcity,12000,0.2,4.0,hybrid_25,0.6517026683809164,0.0,25848,1064,39,0.936,8672,17176,352,712,52,1.0,1.4210854715202004e-14,1.0,0.0,7.999999999999986,48326.4,192,0.7889065129200317,5352,0.6517385500318302,5160,0.6516907088464533,5160,0.6516907073226912,10176
96,scarcity,12000,0.2,4.0,signal_only,0.6524782142441524,0.03501171246848887,20368,842,20,0.48,0,20368,0,842,46,1.0,1.4210854715202004e-14,1.0,0.0,7.999999999999986,48326.4,192,0.7838444093604727,3816,0.6557687642724088,4216,0.6513939214982776,4176,0.651375085602962,8160
96,scarcity,12001,0.2,1.0,fixed,0.6362714257875851,0.0,0,0,0,0.0,0,0,0,0,39,1.0,2.1316282072803006e-14,0.6782225100089206,0.0,-1.0,13809.6,192,0.7360654283396504,0,0.6392523823372125,0,0.6356081589087268,0,0.6351125809522008,0
96,scarcity,12001,0.2,1.0,pulse_only,0.6471431543175897,0.0,8952,358,45,1.08,8952,0,358,0,41,1.0,1.4210854715202004e-14,1.0,0.0,31.999999999999986,13809.6,192,0.7603456862088248,2280,0.6585715375135147,1728,0.6434873719500722,1704,0.6432568539033858,3240
96,scarcity,12001,0.2,1.0,hybrid_75,0.6471882835780975,0.0,7696,305,47,1.1280000000000001,6712,984,264,41,41,1.0,2.1316282072803006e-14,1.0000000000000002,0.0,23.999999999999986,13809.6,192,0.7552375145502115,1848,0.65685226047986,1080,0.6456943482179558,1752,0.6431032628072872,3016
96,scarcity,12001,0.2,1.0,hybrid_50,0.6457267523940332,0.0,7232,289,37,0.888,4344,2888,170,119,44,1.0,2.1316282072803006e-14,0.9972957838588024,0.0,23.999999999999986,13809.6,192,0.7578543488275951,1664,0.6505721233919747,1488,0.6454661577539532,1400,0.6434343642151024,2680
96,scarcity,12001,0.2,1.0,hybrid_25,0.6450534973065246,0.06803239319765814,7312,293,35,0.84,2064,5248,82,211,47,1.0,2.1316282072803006e-14,1.0,0.0,23.999999999999986,13809.6,192,0.7693206803430659,1544,0.6477695362823109,1544,0.6453940631684688,1632,0.6435251948876596,2592
96,scarcity,12001,0.2,1.0,signal_only,0.6438588236527338,0.0,7672,313,20,0.48,0,7672,0,313,48,1.0,2.1316282072803006e-14,1.0,0.0,23.999999999999986,13809.6,192,0.7593662214477009,1848,0.6484869850261215,1648,0.6433811221356396,1272,0.6417835937245874,2904
96,scarcity,12001,0.2,4.0,fixed,0.6362714257875851,0.0,0,0,0,0.0,0,0,0,0,39,1.0,2.1316282072803006e-14,0.6782225100089206,0.0,-1.0,48326.4,192,0.7360654283396504,0,0.6392523823372125,0,0.6356081589087268,0,0.6351125809522008,0
96,scarcity,12001,0.2,4.0,pulse_only,0.6452625262916758,0.0023547957352504263,35536,1438,128,3.072,35536,0,1438,0,46,1.0,1.4210854715202004e-14,0.9522549436599627,0.0,7.999999999999986,48326.4,192,0.7685780642709394,9616,0.6497715290000624,6384,0.6437793382160523,6384,0.643749618975294,13152
96,scarcity,12001,0.2,4.0,hybrid_75,0.6443762951511904,0.0,31440,1278,96,2.3040000000000003,25776,5664,1042,236,49,1.0,2.1316282072803006e-14,1.0,0.0,7.999999999999986,48326.4,192,0.7749423913330868,7656,0.6454579500306818,6048,0.6440162178024202,5904,0.64401550638583,11832
96,scarcity,12001,0.2,4.0,hybrid_50,0.643432333530606,0.0,27608,1127,70,1.68,17456,10152,705,422,45,1.0,2.1316282072803006e-14,0.99987104378672,0.0,7.999999999999986,48326.4,192,0.7720463157965928,6464,0.6450458254013303,5328,0.6428981515973098,5352,0.642892678561892,10464
96,scarcity,12001,0.2,4.0,hybrid_25,0.6462294507880302,0.0,23088,947,45,1.08,8704,14384,351,596,44,1.0,1.4210854715202004e-14,1.0000000000000002,0.0,7.999999999999986,48326.4,192,0.7680631802650346,4816,0.6534853451154912,4616,0.643998895708496,4728,0.6437167811640667,8928
96,scarcity,12001,0.2,4.0,signal_only,0.6447376453022255,0.0,21472,885,29,0.6960000000000001,0,21472,0,885,47,1.0,2.1316282072803006e-14,1.0,0.0,7.999999999999986,48326.4,192,0.7613395185337732,4256,0.6502280254895174,4408,0.6424892396541918,4472,0.6431166580325963,8336
96,scarcity,12002,0.2,1.0,fixed,0.6411541138782934,0.0,0,0,0,0.0,0,0,0,0,41,1.0,2.1316282072803006e-14,0.8082591747693967,0.0,-1.0,13809.6,192,0.7411500129833225,0,0.6406679672404612,0,0.641131601762413,0,0.6414084432551496,0
96,scarcity,12002,0.2,1.0,pulse_only,0.6544391909853139,0.0,9208,358,77,1.848,9208,0,358,0,41,1.0,2.1316282072803006e-14,1.0,0.0,31.999999999999986,13809.6,192,0.764708542551967,2328,0.6627281956620789,1720,0.6511435275570929,1688,0.6519425203610418,3472
96,scarcity,12002,0.2,1.0,hybrid_75,0.6519904923344705,0.0,7864,307,62,1.488,6784,1080,262,45,46,1.0,1.4210854715202004e-14,1.0000000000000002,0.0,23.999999999999986,13809.6,192,0.7617735350187593,1768,0.6576678640126961,1200,0.6470163913296637,1840,0.6516388569977609,3056
96,scarcity,12002,0.2,1.0,hybrid_50,0.6551716665552334,0.0,7104,282,42,1.008,4584,2520,177,105,40,1.0,2.1316282072803006e-14,1.0000000000000002,0.0,23.999999999999986,13809.6,192,0.7579090920362413,1592,0.6584939738802054,1296,0.6587536101358716,1488,0.6517195411024281,2728
96,scarcity,12002,0.2,1.0,hybrid_25,0.654641772875744,0.0,6720,270,30,0.72,2096,4624,81,189,42,1.0,2.1316282072803006e-14,1.0,0.0,23.999999999999986,13809.6,192,0.7605267040231198,1576,0.6531094247486579,1264,0.6549785101821496,1216,0.6552395782860844,2664
96,scarcity,12002,0.2,1.0,signal_only,0.6490852041641948,0.0,6936,283,18,0.432,0,6936,0,283,42,1.0,2.1316282072803006e-14,0.942523168775901,0.0,23.999999999999986,13809.6,192,0.7569951939899462,1768,0.6545310199947517,1272,0.6482464078864082,1208,0.6467816943878095,2688
96,scarcity,12002,0.2,4.0,fixed,0.6411541138782934,0.0,0,0,0,0.0,0,0,0,0,41,1.0,2.1316282072803006e-14,0.8082591747693967,0.0,-1.0,48326.4,192,0.7411500129833225,0,0.6406679672404612,0,0.641131601762413,0,0.6414084432551496,0
96,scarcity,12002,0.2,4.0,pulse_only,0.6535051483055363,0.0007561184195840266,35944,1438,179,4.296,35944,0,1438,0,44,1.0,2.1316282072803006e-14,1.0,0.0,7.999999999999986,48326.4,192,0.773123669966605,9744,0.656598034757976,6576,0.6525993381572264,6640,0.6524116101534715,12984
96,scarcity,12002,0.2,4.0,hybrid_75,0.6534807969641813,0.0,31000,1254,113,2.712,26144,4856,1052,202,42,1.0,1.4210854715202004e-14,1.0000000000000002,0.0,7.999999999999986,48326.4,192,0.7783501196477154,7472,0.6559880034348912,6032,0.6525509239564091,5904,0.6526921302327126,11592
96,scarcity,12002,0.2,4.0,hybrid_50,0.6529670340966044,0.0,27080,1094,103,2.472,17776,9304,707,387,41,1.0,2.1316282072803006e-14,1.0,0.0,7.999999999999986,48326.4,192,0.7743298601070673,6536,0.6588883692160948,5192,0.647178200935649,5080,0.6529007831173369,10272
96,scarcity,12002,0.2,4.0,hybrid_25,0.6561874274360241,0.0,22880,931,67,1.608,8904,13976,352,579,41,1.0,2.1316282072803006e-14,1.0000000000000002,0.0,7.999999999999986,48326.4,192,0.7684972498590952,4936,0.6655294116940865,4552,0.6533813168622223,4656,0.6529194905938936,8736
96,scarcity,12002,0.2,4.0,signal_only,0.6477799471660117,0.0,18736,775,17,0.40800000000000003,0,18736,0,775,41,1.0,2.1316282072803006e-14,0.9216107160966929,0.0,7.999999999999986,48326.4,192,0.7569951939899462,3856,0.652135651746137,3744,0.6470739310968492,3768,0.6459551029105303,7368
96,scarcity,12003,0.2,1.0,fixed,0.6276605021564305,0.0,0,0,0,0.0,0,0,0,0,39,1.0,1.4210854715202004e-14,1.0000000000000002,0.0,-1.0,13809.6,192,0.7154766317636588,0,0.6279319250675346,0,0.6275722845154684,0,0.6275688995213595,0
96,scarcity,12003,0.2,1.0,pulse_only,0.6485327600051481,0.0,9264,357,87,2.088,9264,0,357,0,44,1.0,1.4210854715202004e-14,1.0,0.0,31.999999999999986,13809.6,192,0.7558346062038119,2448,0.6518809013026541,1752,0.6508508223766601,1776,0.6456996581706392,3288
96,scarcity,12003,0.2,1.0,hybrid_75,0.648892661166933,0.0,7808,301,73,1.752,6800,1008,259,42,39,1.0,1.4210854715202004e-14,1.0000000000000002,0.0,23.999999999999986,13809.6,192,0.7395508538660296,1696,0.6487354190362169,1312,0.6553341265203981,1688,0.6457505495555586,3112
96,scarcity,12003,0.2,1.0,hybrid_50,0.6499067360887204,0.0,7240,285,50,1.2,4568,2672,175,110,39,1.0,2.1316282072803006e-14,1.0000000000000002,0.0,23.999999999999986,13809.6,192,0.7440520307384674,1712,0.6569053383298453,1336,0.6476549857799663,1520,0.6475333101225351,2672
96,scarcity,12003,0.2,1.0,hybrid_25,0.6503951335420796,0.0,6944,276,40,0.96,2280,4664,88,188,41,1.0,1.4210854715202004e-14,1.0000000000000002,0.0,23.999999999999986,13809.6,192,0.7363744084952175,1656,0.6505512469239058,1440,0.6544275796020887,1200,0.6483008538211618,2648
96,scarcity,12003,0.2,1.0,signal_only,0.6400208367287474,0.0,6760,275,20,0.48,0,6760,0,275,40,1.0,1.4210854715202004e-14,1.0000000000000002,0.0,23.999999999999986,13809.6,192,0.7365037530943848,1832,0.640229262732995,1248,0.6387805663628146,1096,0.64053675890959,2584
96,scarcity,12003,0.2,4.0,fixed,0.6276605021564305,0.0,0,0,0,0.0,0,0,0,0,39,1.0,1.4210854715202004e-14,1.0000000000000002,0.0,-1.0,48326.4,192,0.7154766317636588,0,0.6279319250675346,0,0.6275722845154684,0,0.6275688995213595,0
96,scarcity,12003,0.2,4.0,pulse_only,0.6475557304480316,0.0,36192,1437,213,5.112,36192,0,1437,0,43,1.0,1.4210854715202004e-14,1.0,0.0,7.999999999999986,48326.4,192,0.7631786132066806,9656,0.64623536072387,6624,0.6491195536815517,6864,0.6474340036933527,13048
96,scarcity,12003,0.2,4.0,hybrid_75,0.6454679714033572,0.0,31920,1247,249,5.976,27136,4784,1049,198,39,1.0,1.4210854715202004e-14,1.0,0.0,7.999999999999986,48326.4,192,0.7578981026222804,7640,0.6498755310372583,6192,0.6408647699278108,6032,0.64556579232418,12056
96,scarcity,12003,0.2,4.0,hybrid_50,0.6479091816807826,0.0,27472,1092,158,3.7920000000000003,18088,9384,705,387,39,1.0,2.842170943040401e-14,1.0000000000000002,0.0,7.999999999999986,48326.4,192,0.757989453903903,6480,0.6489800053174378,5296,0.6451332683307927,5368,0.6487617265374499,10328
96,scarcity,12003,0.2,4.0,hybrid_25,0.6499173847068268,0.0,23856,967,81,1.944,8848,15008,346,621,43,1.0,1.4210854715202004e-14,1.0,0.0,7.999999999999986,48326.4,192,0.7601313620777026,5320,0.6540315457517815,4752,0.6521438175061843,4672,0.6467470877846705,9112
96,scarcity,12003,0.2,4.0,signal_only,0.6402361726613337,0.0,18544,766,20,0.48,0,18544,0,766,40,1.0,1.4210854715202004e-14,1.0000000000000002,0.0,7.999999999999986,48326.4,192,0.7365037530943848,4016,0.640229262732995,3720,0.6398887272256436,3848,0.640413350343348,6960
96,scarcity,12004,0.2,1.0,fixed,0.6330191851555669,0.0,0,0,0,0.0,0,0,0,0,38,1.0,2.1316282072803006e-14,0.8860447179010033,0.0,-1.0,13809.6,192,0.7166334119765042,0,0.6290645275120627,0,0.6330357956809844,0,0.6349882087146101,0
96,scarcity,12004,0.2,1.0,pulse_only,0.6552540735228461,9.945990945271966e-07,9400,360,95,2.2800000000000002,9400,0,360,0,38,1.0,2.1316282072803006e-14,1.0,0.0,31.999999999999986,13809.6,192,0.7495971448954024,2520,0.6665426039252293,1720,0.6510438558936367,1640,0.6517149171362593,3520
96,scarcity,12004,0.2,1.0,hybrid_75,0.6525099034757951,0.0,8192,312,88,2.112,7168,1024,270,42,41,1.0,2.1316282072803006e-14,1.0,0.0,23.999999999999986,13809.6,192,0.7343834820641807,1936,0.6587401706181837,1464,0.6308643605853975,1712,0.6602175413497996,3080
96,scarcity,12004,0.2,1.0,hybrid_50,0.6560622192382707,0.0,7200,285,45,1.08,4816,2384,186,99,37,1.0,2.1316282072803006e-14,1.0,0.0,23.999999999999986,13809.6,192,0.7508657369373024,1864,0.6712417059724737,1200,0.6491609350302523,1520,0.6519231179751782,2616
96,scarcity,12004,0.2,1.0,hybrid_25,0.6524543088852545,0.0,7056,280,42,1.008,2408,4648,90,190,41,1.0,2.1316282072803006e-14,1.0,0.0,23.999999999999986,13809.6,192,0.7428186453841665,1656,0.6562246878414658,1360,0.6556734966541615,1432,0.6489595255226953,2608
96,scarcity,12004,0.2,1.0,signal_only,0.651924708081473,0.0,7568,305,31,0.744,0,7568,0,305,45,1.0,2.1316282072803006e-14,1.0000000000000002,0.0,23.999999999999986,13809.6,192,0.7400668090144026,1896,0.6582601418446645,1472,0.655732138238441,1232,0.6468532761213931,2968
96,scarcity,12004,0.2,4.0,fixed,0.6330191851555669,0.0,0,0,0,0.0,0,0,0,0,38,1.0,2.1316282072803006e-14,0.8860447179010033,0.0,-1.0,48326.4,192,0.7166334119765042,0,0.6290645275120627,0,0.6330357956809844,0,0.6349882087146101,0
96,scarcity,12004,0.2,4.0,pulse_only,0.6536801494695149,0.00584642448322462,36016,1440,182,4.368,36016,0,1440,0,41,1.0,1.4210854715202004e-14,1.0,0.0,7.999999999999986,48326.4,192,0.764688054021065,9760,0.6585247016403587,6840,0.6537011497976584,6600,0.6512473732200212,12816
96,scarcity,12004,0.2,4.0,hybrid_75,0.6556856775004365,0.0072270485192219465,31560,1266,147,3.528,26328,5232,1049,217,44,1.0,1.4210854715202004e-14,1.0,0.0,7.999999999999986,48326.4,192,0.759809914337717,7784,0.6581815569945697,6224,0.6616317670873247,6056,0.6514646929599258,11496
96,scarcity,12004,0.2,4.0,hybrid_50,0.6564950692860404,0.006697258851710958,27720,1115,120,2.88,17960,9760,712,403,42,1.0,1.4210854715202004e-14,1.0,0.0,7.999999999999986,48326.4,192,0.7573738562503751,6968,0.6658694657459593,5312,0.6572391430115232,5168,0.6514358341933397,10272
96,scarcity,12004,0.2,4.0,hybrid_25,0.6541789540900812,0.0,22832,919,97,2.328,9248,13584,356,563,39,1.0,2.1316282072803006e-14,1.0,0.0,7.999999999999986,48326.4,192,0.7566531759565001,5336,0.6625438144205198,4200,0.6525171294404772,4320,0.650827436249664,8976
96,scarcity,12004,0.2,4.0,signal_only,0.6544451534634059,0.0,19464,802,27,0.648,0,19464,0,802,41,1.0,2.1316282072803006e-14,1.0000000000000002,0.0,7.999999999999986,48326.4,192,0.7480875882479706,4232,0.6549093892131911,3856,0.6546098791461271,3928,0.654130672747153,7448
96,scarcity,12005,0.2,1.0,fixed,0.6456858427539605,0.0,0,0,0,0.0,0,0,0,0,38,1.0,1.4210854715202004e-14,0.6956287356170139,0.0,-1.0,13809.6,192,0.7445066233035456,0,0.6491795216278406,0,0.6449929413531338,0,0.6442854540174336,0
96,scarcity,12005,0.2,1.0,pulse_only,0.6563609233634305,0.0,8992,359,47,1.1280000000000001,8992,0,359,0,43,1.0,1.4210854715202004e-14,1.0,0.0,31.999999999999986,13809.6,192,0.7704087613223916,2536,0.66707272625351,1728,0.6531634792374479,1608,0.652603743981382,3120
96,scarcity,12005,0.2,1.0,hybrid_75,0.6572658715708563,0.0,7752,309,42,1.008,6816,936,270,39,39,1.0,1.4210854715202004e-14,1.0,0.0,23.999999999999986,13809.6,192,0.7685808413224224,1904,0.6644126488052158,1296,0.6585817330786452,1672,0.6530345521997818,2880
96,scarcity,12005,0.2,1.0,hybrid_50,0.6587835313591188,0.003811669603948441,7232,288,40,0.96,4536,2696,178,110,41,1.0,1.4210854715202004e-14,1.0,0.0,23.999999999999986,13809.6,192,0.7597654379125567,1824,0.6763236859231272,1432,0.654638290464569,1432,0.6520860745243897,2544
96,scarcity,12005,0.2,1.0,hybrid_25,0.6557662534419543,0.017524010255260555,6904,276,35,0.84,2328,4576,90,186,43,1.0,1.4210854715202004e-14,0.9582101743997193,0.0,23.999999999999986,13809.6,192,0.7649924805091927,1696,0.6620985438690202,1424,0.6549573479524298,1264,0.6530045609731836,2520
96,scarcity,12005,0.2,1.0,signal_only,0.656773717914682,0.009278439552773821,7240,293,26,0.624,0,7240,0,293,43,1.0,1.4210854715202004e-14,1.0,0.0,23.999999999999986,13809.6,192,0.7584392687533262,1888,0.6561695862734246,1368,0.6525482044131966,1168,0.6591885404860535,2816
96,scarcity,12005,0.2,4.0,fixed,0.6456858427539605,0.0,0,0,0,0.0,0,0,0,0,38,1.0,1.4210854715202004e-14,0.6956287356170139,0.0,-1.0,48326.4,192,0.7445066233035456,0,0.6491795216278406,0,0.6449929413531338,0,0.6442854540174336,0
96,scarcity,12005,0.2,4.0,pulse_only,0.6552519259612549,0.01572043727579385,35592,1439,132,3.168,35592,0,1439,0,43,1.0,1.4210854715202004e-14,1.0,0.0,7.999999999999986,48326.4,192,0.7777372649181227,9672,0.6608577980976483,6504,0.6534194082980623,6432,0.6533652487246543,12984
96,scarcity,12005,0.2,4.0,hybrid_75,0.6563321277172928,7.088120018333096e-07,30960,1258,96,2.3040000000000003,25992,4968,1051,207,44,1.0,1.4210854715202004e-14,0.9809911782473383,0.0,7.999999999999986,48326.4,192,0.7801457056653333,7584,0.663220276985341,5952,0.6540500518630102,6000,0.6540290910104098,11424
96,scarcity,12005,0.2,4.0,hybrid_50,0.6554214028246159,0.008734491836533503,27768,1132,75,1.8,17696,10072,713,419,45,1.0,2.842170943040401e-14,1.0,0.0,7.999999999999986,48326.4,192,0.7778250745038403,6744,0.6620943687195671,5448,0.6533693900092427,5256,0.6531109262848269,10320
96,scarcity,12005,0.2,4.0,hybrid_25,0.656086637129567,0.0,23664,967,57,1.368,8888,14776,354,613,45,1.0,1.4210854715202004e-14,1.0,0.0,7.999999999999986,48326.4,192,0.7745286295371631,5256,0.6642778169590503,4752,0.6541050685943359,4680,0.6529818314824408,8976
96,scarcity,12005,0.2,4.0,signal_only,0.6556513732226488,0.007377745681680032,20904,857,42,1.008,0,20904,0,857,46,1.0,1.4210854715202004e-14,1.0,0.0,7.999999999999986,48326.4,192,0.7677595202020666,4160,0.6627015361355809,4200,0.6554347203002302,4384,0.6522346182273919,8160
96,scarcity,12006,0.2,1.0,fixed,0.6444388218983887,0.0,0,0,0,0.0,0,0,0,0,39,1.0,1.4210854715202004e-14,0.7000399367336156,0.0,-1.0,13809.6,192,0.7587583933272246,0,0.6452375925724024,0,0.6442525534998261,0,0.6441325707606632,0
96,scarcity,12006,0.2,1.0,pulse_only,0.6505681365155496,0.032995836118751745,8888,359,34,0.8160000000000001,8888,0,359,0,47,1.0,1.4210854715202004e-14,1.0,0.0,31.999999999999986,13809.6,192,0.7861681768927894,2240,0.6505852799245806,1632,0.650562422134292,1704,0.6505624220016628,3312
96,scarcity,12006,0.2,1.0,hybrid_75,0.6495488634976572,0.0,7808,318,22,0.528,6728,1080,273,45,45,1.0,1.4210854715202004e-14,1.0,0.0,23.999999999999986,13809.6,192,0.7831648758863958,1856,0.6496012912916234,1152,0.6495314218985156,1752,0.6495313704002449,3048
96,scarcity,12006,0.2,1.0,hybrid_50,0.6502669981595196,0.0,7152,291,21,0.504,4320,2832,174,117,43,1.0,1.4210854715202004e-14,0.9350472999645602,0.0,23.999999999999986,13809.6,192,0.7812290540674482,1776,0.6521209990652233,1176,0.6496490418577051,1560,0.649648975857575,2640
96,scarcity,12006,0.2,1.0,hybrid_25,0.6510277171079167,0.00017552489898679257,7040,286,22,0.528,2000,5040,82,204,48,1.0,1.4210854715202004e-14,1.0000000000000002,0.0,23.999999999999986,13809.6,192,0.786805395907581,1616,0.6510568049776856,1440,0.6510180243823841,1392,0.6510180195357987,2592
96,scarcity,12006,0.2,1.0,signal_only,0.6506156196398678,0.1158237510653252,7832,319,22,0.528,0,7832,0,319,50,1.0,1.4210854715202004e-14,1.0,0.0,23.999999999999986,13809.6,192,0.7862988626915314,1832,0.6506581894009016,1584,0.6506014402935534,1560,0.650601424432508,2856
96,scarcity,12006,0.2,4.0,fixed,0.6444388218983887,0.0,0,0,0,0.0,0,0,0,0,39,1.0,1.4210854715202004e-14,0.7000399367336156,0.0,-1.0,48326.4,192,0.7587583933272246,0,0.6452375925724024,0,0.6442525534998261,0,0.6441325707606632,0
96,scarcity,12006,0.2,4.0,pulse_only,0.6511850958280337,0.12108138901066368,35296,1439,95,2.2800000000000002,35296,0,1439,0,46,1.0,1.4210854715202004e-14,1.0,0.0,7.999999999999986,48326.4,192,0.7866787227819074,9376,0.651194527778892,6576,0.651181952287318,6264,0.6511819516229624,13080
96,scarcity,12006,0.2,4.0,hybrid_75,0.6510788713149813,0.0,30760,1256,77,1.848,25624,5136,1042,214,43,1.0,1.4210854715202004e-14,1.0,0.0,7.999999999999986,48326.4,192,0.7866294516287613,7432,0.6510797889829177,6024,0.6510785654275039,6024,0.6510785654247518,11280
96,scarcity,12006,0.2,4.0,hybrid_50,0.6506157059967663,0.0054620761080879585,26816,1100,52,1.248,17456,9360,712,388,42,1.0,1.4210854715202004e-14,0.9040543073659422,0.0,7.999999999999986,48326.4,192,0.7857934142917825,6320,0.6506503458100428,5256,0.6506041778258818,5160,0.6506041501755703,10080
96,scarcity,12006,0.2,4.0,hybrid_25,0.6504728225731032,0.012614661366423795,24784,1020,38,0.912,8816,15968,358,662,48,1.0,1.4210854715202004e-14,1.0,0.0,7.999999999999986,48326.4,192,0.7857175459842957,5272,0.6504993282131142,4704,0.6504639904089395,4968,0.6504639858351796,9840
96,scarcity,12006,0.2,4.0,signal_only,0.6506156196398678,0.1158237510653252,22304,922,22,0.528,0,22304,0,922,50,1.0,1.4210854715202004e-14,1.0,0.0,7.999999999999986,48326.4,192,0.7862988626915314,4304,0.6506581894009016,4656,0.6506014402935534,4488,0.650601424432508,8856
96,scarcity,12007,0.2,1.0,fixed,0.6498506285691904,0.0,0,0,0,0.0,0,0,0,0,41,1.0,1.4210854715202004e-14,0.6370697773358721,0.0,-1.0,13809.6,192,0.7802033701862445,0,0.6515411292686346,0,0.6493405300032623,0,0.6492604275024325,0
96,scarcity,12007,0.2,1.0,pulse_only,0.6511184865064567,0.005693262147296657,8856,358,33,0.792,8856,0,358,0,44,1.0,1.4210854715202004e-14,0.9381548370728434,0.0,31.999999999999986,13809.6,192,0.7887705697526087,2424,0.6511762448294915,1704,0.6510992387144997,1632,0.6510992312409174,3096
96,scarcity,12007,0.2,1.0,hybrid_75,0.6508160264520247,0.0,7904,320,28,0.672,6776,1128,273,47,47,1.0,1.4210854715202004e-14,0.8270998406811509,0.0,23.999999999999986,13809.6,192,0.7881066498140038,1832,0.6509718706179346,1296,0.6507643139400401,1776,0.6507639606250623,3000
96,scarcity,12007,0.2,1.0,hybrid_50,0.6517842025226535,8.884048868722862e-05,7712,315,19,0.456,4560,3152,184,131,51,1.0,1.4210854715202004e-14,0.8717031730480664,0.0,23.999999999999986,13809.6,192,0.787739415137922,1856,0.6535905785306333,1512,0.6511821739558825,1488,0.6511820288020491,2856
96,scarcity,12007,0.2,1.0,hybrid_25,0.6508927946545564,0.0,6976,285,17,0.40800000000000003,2184,4792,88,197,46,1.0,1.4210854715202004e-14,0.9263832408367243,0.0,23.999999999999986,13809.6,192,0.7882173037267651,1816,0.6512038469070743,1248,0.6507894045829249,1344,0.6507889635641132,2568
96,scarcity,12007,0.2,1.0,signal_only,0.6508694006196285,0.09302624943471231,7808,321,13,0.312,0,7808,0,321,50,1.0,1.4210854715202004e-14,1.0000000000000002,0.0,23.999999999999986,13809.6,192,0.7894310549640781,1808,0.6509734672765144,1464,0.6508347620912494,1584,0.650834686555375,2952
96,scarcity,12007,0.2,4.0,fixed,0.6498506285691904,0.0,0,0,0,0.0,0,0,0,0,41,1.0,1.4210854715202004e-14,0.6370697773358721,0.0,-1.0,48326.4,192,0.7802033701862445,0,0.6515411292686346,0,0.6493405300032623,0,0.6492604275024325,0
96,scarcity,12007,0.2,4.0,pulse_only,0.6514280667346088,0.0002787711858687005,35344,1438,104,2.496,35344,0,1438,0,47,1.0,1.4210854715202004e-14,0.9077160973322449,0.0,7.999999999999986,48326.4,192,0.7876130913096414,9424,0.6514356172448735,6600,0.651425550113581,6504,0.6514255497899903,12816
96,scarcity,12007,0.2,4.0,hybrid_75,0.6515953464236368,0.11641459653660458,31552,1289,77,1.848,25696,5856,1045,244,50,1.0,2.1316282072803006e-14,0.8156539941726528,0.0,7.999999999999986,48326.4,192,0.7898525624266154,7696,0.6515967786619634,6120,0.6515948690111167,6120,0.6515948690107336,11616
96,scarcity,12007,0.2,4.0,hybrid_50,0.6512516116720956,0.09285255259786573,28224,1158,54,1.296,17496,10728,711,447,48,1.0,1.4210854715202004e-14,0.8831837948563134,0.0,7.999999999999986,48326.4,192,0.7898850750565365,6672,0.6512568619449574,5448,0.6512498616702089,5328,0.6512498615366079,10776
96,scarcity,12007,0.2,4.0,hybrid_25,0.6514664122391554,0.01851481742725115,23712,974,42,1.008,8768,14944,354,620,45,1.0,1.4210854715202004e-14,1.0,0.0,7.999999999999986,48326.4,192,0.7895783636241468,5160,0.65155804125184,4776,0.6514359057590366,4728,0.6514358509728724,9048
96,scarcity,12007,0.2,4.0,signal_only,0.6508694006196285,0.09302624943471231,21968,911,13,0.312,0,21968,0,911,50,1.0,1.4210854715202004e-14,1.0000000000000002,0.0,7.999999999999986,48326.4,192,0.7894310549640781,3968,0.6509734672765144,4536,0.6508347620912494,4584,0.650834686555375,8880
96,scarcity,12008,0.2,1.0,fixed,0.6536700399272247,0.0,0,0,0,0.0,0,0,0,0,43,1.0,1.4210854715202004e-14,0.6930455302593685,0.0,-1.0,13809.6,192,0.7726103431341319,0,0.6572505969312371,0,0.6529531413464792,0,0.6522382107155913,0
96,scarcity,12008,0.2,1.0,pulse_only,0.655910449398138,0.0,8872,358,35,0.84,8872,0,358,0,47,1.0,1.4210854715202004e-14,0.9394843263305459,0.0,31.999999999999986,13809.6,192,0.791536022202426,2248,0.6567639091940322,1608,0.6556277892881802,1680,0.65562504955517,3336
96,scarcity,12008,0.2,1.0,hybrid_75,0.6566068774947702,0.0,7664,310,28,0.672,6632,1032,267,43,43,1.0,1.4210854715202004e-14,0.8841030161320151,0.0,23.999999999999986,13809.6,192,0.7889422206236048,1760,0.6598279042107432,1248,0.6555332808000189,1608,0.6555331624841596,3048
96,scarcity,12008,0.2,1.0,hybrid_50,0.6566747071103612,0.0,7272,296,21,0.504,4296,2976,173,123,48,1.0,1.4210854715202004e-14,1.0,0.0,23.999999999999986,13809.6,192,0.788443642100767,1656,0.6599468566848559,1392,0.6555848623541374,1464,0.6555835547012258,2760
96,scarcity,12008,0.2,1.0,hybrid_25,0.6559438680356632,0.02770555576410666,7184,294,16,0.384,1952,5232,81,213,48,1.0,1.4210854715202004e-14,1.0,0.0,23.999999999999986,13809.6,192,0.7906826737329989,1640,0.6578423374725018,1416,0.6553661640723624,1464,0.6552834852988942,2664
96,scarcity,12008,0.2,1.0,signal_only,0.6558295451893045,0.025053390313947703,7440,305,15,0.36,0,7440,0,305,47,1.0,1.4210854715202004e-14,1.0,0.0,23.999999999999986,13809.6,192,0.7902576635057736,1800,0.6577368854473604,1392,0.6552490686538389,1320,0.6551661133280093,2928
96,scarcity,12008,0.2,4.0,fixed,0.6536700399272247,0.0,0,0,0,0.0,0,0,0,0,43,1.0,1.4210854715202004e-14,0.6930455302593685,0.0,-1.0,48326.4,192,0.7726103431341319,0,0.6572505969312371,0,0.6529531413464792,0,0.6522382107155913,0
96,scarcity,12008,0.2,4.0,pulse_only,0.6559212287301809,0.0,35376,1438,108,2.592,35376,0,1438,0,46,1.0,1.4210854715202004e-14,1.0,0.0,7.999999999999986,48326.4,192,0.7910203181392209,9456,0.6559839423269799,6456,0.6559003246324108,6384,0.6559003239806664,13080
96,scarcity,12008,0.2,4.0,hybrid_75,0.6561548440430459,0.00023167446893733996,31120,1270,80,1.92,25840,5280,1050,220,46,1.0,1.4210854715202004e-14,1.0000000000000002,0.0,7.999999999999986,48326.4,192,0.792699347764038,7480,0.6565086645821216,5928,0.6560369051294381,6024,0.656036903230312,11688
96,scarcity,12008,0.2,4.0,hybrid_50,0.6559058606994581,0.0,27776,1138,58,1.3920000000000001,17424,10352,708,430,47,1.0,1.4210854715202004e-14,0.9684619065593958,0.0,7.999999999999986,48326.4,192,0.7937735487749908,6344,0.6560413949208522,5424,0.6558606852420157,5448,0.6558606813174822,10560
96,scarcity,12008,0.2,4.0,hybrid_25,0.6562385889867272,0.008336875878169187,24848,1022,40,0.96,8704,16144,352,670,49,1.0,1.4210854715202004e-14,1.0,0.0,7.999999999999986,48326.4,192,0.7942913713174519,5096,0.6564712576838816,5112,0.6561611359517446,4896,0.656160981155641,9744
96,scarcity,12008,0.2,4.0,signal_only,0.6558295451893045,0.025053390313947703,20760,860,15,0.36,0,20760,0,860,47,1.0,1.4210854715202004e-14,1.0,0.0,7.999999999999986,48326.4,192,0.7902576635057736,3840,0.6577368854473604,4224,0.6552490686538389,4368,0.6551661133280093,8328
96,scarcity,12009,0.2,1.0,fixed,0.6299026891342602,0.0,0,0,0,0.0,0,0,0,0,37,1.0,2.1316282072803006e-14,0.7366222926792098,0.0,-1.0,13809.6,192,0.7113988559108922,0,0.6277608449328558,0,0.6296984501897648,0,0.6310757307072102,0
96,scarcity,12009,0.2,1.0,pulse_only,0.6503230577337599,0.0,9208,359,74,1.776,9208,0,359,0,42,1.0,1.4210854715202004e-14,1.0,0.0,31.999999999999986,13809.6,192,0.7495092375380058,2408,0.6615296434063577,1800,0.6481693215122805,1680,0.6457966330082006,3320
96,scarcity,12009,0.2,1.0,hybrid_75,0.6497594332531844,0.0,7904,312,52,1.248,6896,1008,270,42,42,1.0,1.4210854715202004e-14,1.0,0.0,23.999999999999986,13809.6,192,0.7546667758514551,1960,0.6562594045385698,1288,0.6522702257551939,1728,0.6452540513594872,2928
96,scarcity,12009,0.2,1.0,hybrid_50,0.6484327502787285,0.0,7264,284,56,1.344,4864,2400,184,100,38,1.0,1.4210854715202004e-14,1.0,0.0,23.999999999999986,13809.6,192,0.7456851825064157,1872,0.6514249087464076,1080,0.6497296237828469,1664,0.6462882342928298,2648
96,scarcity,12009,0.2,1.0,hybrid_25,0.6503244142128065,0.0,6816,271,39,0.936,2264,4552,86,185,41,1.0,1.4210854715202004e-14,1.0000000000000002,0.0,23.999999999999986,13809.6,192,0.7431783648421257,1744,0.6598471519862785,1448,0.650580874273984,1256,0.6454348152954819,2368
96,scarcity,12009,0.2,1.0,signal_only,0.6419325206397223,0.0,7008,287,15,0.36,0,7008,0,287,43,1.0,1.4210854715202004e-14,1.0000000000000002,0.0,23.999999999999986,13809.6,192,0.7432314970948685,1840,0.6442436257311451,1272,0.6419949902419996,1208,0.6407457332928722,2688
96,scarcity,12009,0.2,4.0,fixed,0.6299026891342602,0.0,0,0,0,0.0,0,0,0,0,37,1.0,2.1316282072803006e-14,0.7366222926792098,0.0,-1.0,48326.4,192,0.7113988559108922,0,0.6277608449328558,0,0.6296984501897648,0,0.6310757307072102,0
96,scarcity,12009,0.2,4.0,pulse_only,0.647645041432072,0.0,35704,1439,146,3.504,35704,0,1439,0,41,1.0,1.4210854715202004e-14,1.0,0.0,7.999999999999986,48326.4,192,0.7636262290428493,9696,0.6529446965648865,6592,0.6462706290353396,6600,0.645682420064031,12816
96,scarcity,12009,0.2,4.0,hybrid_75,0.6487472603653984,0.0,31128,1255,126,3.024,26160,4968,1048,207,43,1.0,1.4210854715202004e-14,1.0,0.0,7.999999999999986,48326.4,192,0.758535591626786,7824,0.6573341706212328,6168,0.6465179652482679,5736,0.6455684527960462,11400
96,scarcity,12009,0.2,4.0,hybrid_50,0.6501095266732669,0.0,27280,1098,116,2.7840000000000003,17920,9360,709,389,41,1.0,1.4210854715202004e-14,1.0,0.0,7.999999999999986,48326.4,192,0.7555742553958281,6800,0.6612577919412324,5280,0.6478087420597414,5072,0.645685786346047,10128
96,scarcity,12009,0.2,4.0,hybrid_25,0.6503265746520088,0.0,23888,969,79,1.8960000000000001,9032,14856,354,615,44,1.0,1.4210854715202004e-14,1.0,0.0,7.999999999999986,48326.4,192,0.7545032295757714,5384,0.6618311896354041,4592,0.648280688591048,4688,0.6455972101907919,9224
96,scarcity,12009,0.2,4.0,signal_only,0.6419325206397223,0.0,19560,810,15,0.36,0,19560,0,810,43,1.0,1.4210854715202004e-14,1.0000000000000002,0.0,7.999999999999986,48326.4,192,0.7432314970948685,4120,0.6442436257311451,3720,0.6419949902419996,4088,0.6407457332928722,7632
96,scarcity,12010,0.2,1.0,fixed,0.6437904454766719,0.0,0,0,0,0.0,0,0,0,0,41,1.0,2.1316282072803006e-14,0.7137826373498858,0.0,-1.0,13809.6,192,0.7407103845856285,0,0.649984131221303,0,0.6441668722208791,0,0.6405053892322526,0
96,scarcity,12010,0.2,1.0,pulse_only,0.6486843783296543,0.0,8920,359,38,0.912,8920,0,359,0,40,1.0,2.1316282072803006e-14,0.938308577687273,0.0,31.999999999999986,13809.6,192,0.7724063803588994,2376,0.6556318314647818,1648,0.6463884857638804,1680,0.6463585980449775,3216
96,scarcity,12010,0.2,1.0,hybrid_75,0.6491115362656061,0.0,7624,307,32,0.768,6568,1056,263,44,44,1.0,2.1316282072803006e-14,1.0000000000000002,0.0,23.999999999999986,13809.6,192,0.7657850092237233,1704,0.6582655991178532,1240,0.6464559315548986,1584,0.6458623071948366,3096
96,scarcity,12010,0.2,1.0,hybrid_50,0.6501857797252976,0.0,7040,286,22,0.528,4352,2688,174,112,42,1.0,2.1316282072803006e-14,1.0,0.0,23.999999999999986,13809.6,192,0.7671894585469394,1696,0.6603252118873686,1288,0.6476014389844196,1440,0.6464082340147008,2616
96,scarcity,12010,0.2,1.0,hybrid_25,0.6500808947848812,0.0,6856,278,23,0.552,2160,4696,86,192,43,1.0,2.1316282072803006e-14,1.0,0.0,23.999999999999986,13809.6,192,0.7629229359115832,1464,0.6614158117541225,1568,0.6477527768294837,1232,0.6455774952779593,2592
96,scarcity,12010,0.2,1.0,signal_only,0.6517244475434398,0.0,7168,291,23,0.552,0,7168,0,291,44,1.0,2.1316282072803006e-14,0.9642945243796405,0.0,23.999999999999986,13809.6,192,0.7595105555150833,1704,0.6650606554696593,1520,0.649094592242593,1184,0.6463712712307533,2760
96,scarcity,12010,0.2,4.0,fixed,0.6437904454766719,0.0,0,0,0,0.0,0,0,0,0,41,1.0,2.1316282072803006e-14,0.7137826373498858,0.0,-1.0,48326.4,192,0.7407103845856285,0,0.649984131221303,0,0.6441668722208791,0,0.6405053892322526,0
96,scarcity,12010,0.2,4.0,pulse_only,0.6482029825829018,0.0,35440,1439,113,2.712,35440,0,1439,0,44,1.0,1.4210854715202004e-14,0.9951306007936719,0.0,7.999999999999986,48326.4,192,0.7789966055071379,9520,0.650602947778234,6336,0.6474030216292226,6504,0.6474029804620752,13080
96,scarcity,12010,0.2,4.0,hybrid_75,0.6495550111573923,0.0,30624,1241,105,2.52,26048,4576,1051,190,39,1.0,2.842170943040401e-14,1.0000000000000002,0.0,7.999999999999986,48326.4,192,0.7688667479494551,7608,0.6580937712659706,5904,0.6467768019974601,5688,0.6466747356830694,11424
96,scarcity,12010,0.2,4.0,hybrid_50,0.6498934063742222,0.0032147337928165403,27176,1111,64,1.536,17456,9720,706,405,44,1.0,2.842170943040401e-14,1.0000000000000002,0.0,7.999999999999986,48326.4,192,0.7731030765448648,6368,0.6572900053693825,5232,0.6478005528717462,5232,0.6472415336278802,10344
96,scarcity,12010,0.2,4.0,hybrid_25,0.6477415805672664,0.0,22968,943,42,1.008,8704,14264,351,592,43,1.0,2.1316282072803006e-14,0.9383085813199691,0.0,7.999999999999986,48326.4,192,0.7738960129020908,4896,0.6528140734288663,4488,0.646057028339011,4680,0.6460476102505939,8904
96,scarcity,12010,0.2,4.0,signal_only,0.6509232932585268,0.0,19392,801,21,0.504,0,19392,0,801,43,1.0,2.1316282072803006e-14,1.0,0.0,7.999999999999986,48326.4,192,0.7634902979248297,3872,0.6631705466615991,3920,0.6481410174658888,3968,0.6461908044533096,7632
96,scarcity,12011,0.2,1.0,fixed,0.6386011190474917,0.0,0,0,0,0.0,0,0,0,0,35,1.0,1.4210854715202004e-14,0.6734900065165168,0.0,-1.0,13809.6,192,0.7261000687444753,0,0.6403020434196005,0,0.6385052739248089,0,0.6377985794227788,0
96,scarcity,12011,0.2,1.0,pulse_only,0.6532412237725692,0.0,9064,356,65,1.56,9064,0,356,0,41,1.0,1.4210854715202004e-14,1.0,0.0,31.999999999999986,13809.6,192,0.7497542093943844,2424,0.6702466091657812,1800,0.6467911445988069,1664,0.6479635706628443,3176
96,scarcity,12011,0.2,1.0,hybrid_75,0.6511050304142748,0.0,7680,300,60,1.44,6744,936,261,39,38,1.0,1.4210854715202004e-14,1.0000000000000002,0.0,23.999999999999986,13809.6,192,0.7483097357980202,1808,0.66681230827475,1256,0.6458854729591916,1688,0.6458611702115786,2928
96,scarcity,12011,0.2,1.0,hybrid_50,0.6528291364828939,0.0,7064,278,49,1.176,4536,2528,174,104,38,1.0,1.4210854715202004e-14,1.0,0.0,23.999999999999986,13809.6,192,0.744376203395254,1624,0.6648037658439233,1448,0.6522767696385197,1336,0.6471180052245662,2656
96,scarcity,12011,0.2,1.0,hybrid_25,0.6533104840494015,0.0,6752,270,34,0.8160000000000001,2256,4496,87,183,42,1.0,1.4210854715202004e-14,1.0,0.0,23.999999999999986,13809.6,192,0.7515842076419804,1576,0.6626662598472313,1208,0.6534712356930495,1408,0.6485522203286626,2560
96,scarcity,12011,0.2,1.0,signal_only,0.6507621773256537,0.0,6576,265,27,0.648,0,6576,0,265,39,1.0,1.4210854715202004e-14,1.0,0.0,23.999999999999986,13809.6,192,0.748273096996322,1656,0.6577379637773763,1280,0.6516638634657358,1176,0.6468234410297513,2464
96,scarcity,12011,0.2,4.0,fixed,0.6386011190474917,0.0,0,0,0,0.0,0,0,0,0,35,1.0,1.4210854715202004e-14,0.6734900065165168,0.0,-1.0,48326.4,192,0.7261000687444753,0,0.6403020434196005,0,0.6385052739248089,0,0.6377985794227788,0
96,scarcity,12011,0.2,4.0,pulse_only,0.6506783926256375,0.0,35520,1436,132,3.168,35520,0,1436,0,45,1.0,1.4210854715202004e-14,1.0000000000000002,0.0,7.999999999999986,48326.4,192,0.7676050420429197,9600,0.6591403776870032,6360,0.647889853387904,6552,0.6478416697138215,13008
96,scarcity,12011,0.2,4.0,hybrid_75,0.6480220558812276,0.0,30952,1247,128,3.072,26144,4808,1047,200,41,1.0,1.4210854715202004e-14,1.0,0.0,7.999999999999986,48326.4,192,0.767104121338006,7744,0.6519231182861998,6000,0.6469155630066519,5784,0.6466247711160293,11424
96,scarcity,12011,0.2,4.0,hybrid_50,0.6487525426567318,0.0,26952,1090,99,2.376,17512,9440,699,391,41,1.0,1.4210854715202004e-14,1.0,0.0,7.999999999999986,48326.4,192,0.7642166785107819,6552,0.6541809856656514,5352,0.6479816980851543,4992,0.6464237434380606,10056
96,scarcity,12011,0.2,4.0,hybrid_25,0.6505320782056547,0.0,23256,947,66,1.584,8776,14480,348,599,43,1.0,1.4210854715202004e-14,1.0,0.0,7.999999999999986,48326.4,192,0.7594691234939338,5216,0.6641845339607269,4464,0.6450935784183279,4584,0.646425100221782,8992
96,scarcity,12011,0.2,4.0,signal_only,0.648162981840014,0.0,18096,746,24,0.5760000000000001,0,18096,0,746,40,1.0,1.4210854715202004e-14,1.0,0.0,7.999999999999986,48326.4,192,0.752416622633127,3944,0.6554031970787613,3376,0.6486403296257959,3504,0.6443042003277494,7272
96,scarcity,12012,0.2,1.0,fixed,0.6413685992016206,0.0,0,0,0,0.0,0,0,0,0,37,1.0,1.4210854715202004e-14,0.7173562473701861,0.0,-1.0,13809.6,192,0.7432136923598631,0,0.6424950831086524,0,0.6411957671296536,0,0.6408917732840882,0
96,scarcity,12012,0.2,1.0,pulse_only,0.6505263170308432,0.0,9032,357,58,1.3920000000000001,9032,0,357,0,40,1.0,1.4210854715202004e-14,1.0,0.0,31.999999999999986,13809.6,192,0.7669071328155506,2320,0.6528472490590189,1744,0.6486913256991867,1760,0.6502833466825836,3208
96,scarcity,12012,0.2,1.0,hybrid_75,0.6500928541300408,0.0,7496,301,34,0.8160000000000001,6512,984,260,41,41,1.0,1.4210854715202004e-14,1.0000000000000002,0.0,23.999999999999986,13809.6,192,0.7723335526440591,1816,0.6546438737298685,1056,0.6488099779947791,1744,0.6484587823977578,2880
96,scarcity,12012,0.2,1.0,hybrid_50,0.6520286276250078,0.0,6824,274,31,0.744,4440,2384,175,99,37,1.0,1.4210854715202004e-14,1.0,0.0,23.999999999999986,13809.6,192,0.7661398408266011,1624,0.6597700160336352,1400,0.6506358323867786,1256,0.6488543310398086,2544
96,scarcity,12012,0.2,1.0,hybrid_25,0.6521795641251852,0.0,6616,265,32,0.768,2120,4496,83,182,41,1.0,1.4210854715202004e-14,1.0,0.0,23.999999999999986,13809.6,192,0.7634360154900195,1600,0.6616559042509047,1248,0.6506591442279371,1352,0.6482016040109495,2416
96,scarcity,12012,0.2,1.0,signal_only,0.6502198693531946,0.0,6848,279,19,0.456,0,6848,0,279,43,1.0,1.4210854715202004e-14,1.0000000000000002,0.0,23.999999999999986,13809.6,192,0.7607234395909342,1648,0.6581569871761027,1360,0.6487590327962786,1176,0.6469817287201988,2664
96,scarcity,12012,0.2,4.0,fixed,0.6413685992016206,0.0,0,0,0,0.0,0,0,0,0,37,1.0,1.4210854715202004e-14,0.7173562473701861,0.0,-1.0,48326.4,192,0.7432136923598631,0,0.6424950831086524,0,0.6411957671296536,0,0.6408917732840882,0
96,scarcity,12012,0.2,4.0,pulse_only,0.6502177649586997,5.314116246291319e-05,35472,1437,123,2.952,35472,0,1437,0,43,1.0,1.4210854715202004e-14,0.9394608450812766,0.0,7.999999999999986,48326.4,192,0.7785973979250411,9552,0.6515322844812799,6312,0.6497911163838248,6600,0.6497738294848467,13008
96,scarcity,12012,0.2,4.0,hybrid_75,0.6512276443265287,0.0,30776,1243,118,2.832,26112,4664,1050,193,40,1.0,1.4210854715202004e-14,1.0,0.0,7.999999999999986,48326.4,192,0.7718306587981607,7584,0.656521918666111,5936,0.6495471123652431,5808,0.6494207731373803,11448
96,scarcity,12012,0.2,4.0,hybrid_50,0.6499775585069184,0.0,26464,1077,77,1.848,17512,8952,706,371,39,1.0,1.4210854715202004e-14,1.0,0.0,7.999999999999986,48326.4,192,0.7776020522153246,6472,0.6520780861133721,4992,0.6492879057041598,4968,0.6492721211050709,10032
96,scarcity,12012,0.2,4.0,hybrid_25,0.6508501605696811,0.0,22352,914,52,1.248,8736,13616,349,565,40,1.0,1.4210854715202004e-14,1.0,0.0,7.999999999999986,48326.4,192,0.7723074818357092,4952,0.6557968180042829,4488,0.6497699941468909,4392,0.6489169150637752,8520
96,scarcity,12012,0.2,4.0,signal_only,0.6487361076236966,0.0,19088,788,22,0.528,0,19088,0,788,42,1.0,1.4210854715202004e-14,1.0000000000000002,0.0,7.999999999999986,48326.4,192,0.7645898546897896,3912,0.6534854933358927,3848,0.6480293624801855,3768,0.6467147873393541,7560
96,scarcity,12013,0.2,1.0,fixed,0.6448507217684026,0.0,0,0,0,0.0,0,0,0,0,36,1.0,2.1316282072803006e-14,0.6583266315492955,0.0,-1.0,13809.6,192,0.7487340951391451,0,0.6499007493531012,0,0.6437919220915236,0,0.642855107814493,0
96,scarcity,12013,0.2,1.0,pulse_only,0.6506783810677988,0.0,9048,360,51,1.224,9048,0,360,0,38,1.0,2.1316282072803006e-14,0.914820957420291,0.0,31.999999999999986,13809.6,192,0.7706945154962093,2664,0.658297313411002,1560,0.6482861773770332,1560,0.6480650167415801,3264
96,scarcity,12013,0.2,1.0,hybrid_75,0.6484626207480678,0.0,7952,319,37,0.888,6896,1056,275,44,44,1.0,2.1316282072803006e-14,0.852968782686304,0.0,23.999999999999986,13809.6,192,0.7780552041580838,1952,0.6505549194614739,1344,0.6477689272391735,1632,0.6477633181458118,3024
96,scarcity,12013,0.2,1.0,hybrid_50,0.6501026829613114,0.0,7248,292,30,0.72,4656,2592,184,108,43,1.0,2.1316282072803006e-14,1.0,0.0,23.999999999999986,13809.6,192,0.7718055991120492,1984,0.6570385995797337,1160,0.6478200404218873,1464,0.6477760459218123,2640
96,scarcity,12013,0.2,1.0,hybrid_25,0.6513763959813337,0.0,6880,279,23,0.552,2384,4496,94,185,43,1.0,2.1316282072803006e-14,1.0000000000000002,0.0,23.999999999999986,13809.6,192,0.7695731755143327,1720,0.6615036844664356,1272,0.6480772304876694,1320,0.6479623344856149,2568
96,scarcity,12013,0.2,1.0,signal_only,0.6503117845584924,0.0,7232,296,16,0.384,0,7232,0,296,45,1.0,2.1316282072803006e-14,1.0,0.0,23.999999999999986,13809.6,192,0.7735005589411078,1856,0.6568996067047227,1320,0.6481980716686023,1152,0.6480747299303222,2904
96,scarcity,12013,0.2,4.0,fixed,0.6448507217684026,0.0,0,0,0,0.0,0,0,0,0,36,1.0,2.1316282072803006e-14,0.6583266315492955,0.0,-1.0,48326.4,192,0.7487340951391451,0,0.6499007493531012,0,0.6437919220915236,0,0.642855107814493,0
96,scarcity,12013,0.2,4.0,pulse_only,0.649970791983226,0.0,35624,1440,133,3.192,35624,0,1440,0,41,1.0,1.4210854715202004e-14,0.9999999999999998,0.0,7.999999999999986,48326.4,192,0.7774965331289133,9704,0.6525264183492352,6600,0.6491195329045005,6456,0.649118608339584,12864
96,scarcity,12013,0.2,4.0,hybrid_75,0.6495927555457207,0.0,30768,1253,87,2.088,26088,4680,1058,195,41,1.0,1.4210854715202004e-14,0.9527803073458435,0.0,7.999999999999986,48326.4,192,0.7801767621789062,7728,0.6515836006574148,5616,0.6489294288033914,5952,0.6489289963610383,11472
96,scarcity,12013,0.2,4.0,hybrid_50,0.6497595874870032,0.0,27192,1108,75,1.8,17624,9568,710,398,43,1.0,2.1316282072803006e-14,0.8411918032817207,0.0,7.999999999999986,48326.4,192,0.7783775860716865,6552,0.6528525927942515,5184,0.6487298583357091,5352,0.6487279494090261,10104
96,scarcity,12013,0.2,4.0,hybrid_25,0.6500208675442875,0.0,22016,899,55,1.32,8976,13040,359,540,39,1.0,2.1316282072803006e-14,0.914820957420291,0.0,7.999999999999986,48326.4,192,0.7733008094270389,5112,0.6559739659064958,4136,0.6480397381729509,4224,0.6480348830488515,8544
96,scarcity,12013,0.2,4.0,signal_only,0.6514146565298607,0.0,20024,828,19,0.456,0,20024,0,828,45,1.0,2.1316282072803006e-14,1.0,0.0,7.999999999999986,48326.4,192,0.7731690744826225,3800,0.6597033020249011,4080,0.6489526603040427,3960,0.6485013318952495,8184
96,scarcity,12014,0.2,1.0,fixed,0.5971136115131702,0.0,0,0,0,0.0,0,0,0,0,37,1.0,2.1316282072803006e-14,0.7945124707706238,0.0,-1.0,13809.6,192,0.672617569745388,0,0.5981075176460481,0,0.5970414634061525,0,0.5966527325002401,0
96,scarcity,12014,0.2,1.0,pulse_only,0.6462532302747177,0.0,9688,353,152,3.648,9688,0,353,0,34,1.0,2.1316282072803006e-14,1.0,0.0,31.999999999999986,13809.6,192,0.69981347869904,2568,0.6461609666264225,1800,0.648074267999633,1776,0.6453888432364078,3544
96,scarcity,12014,0.2,1.0,hybrid_75,0.6467190001904735,0.0,8176,301,119,2.856,7312,864,265,36,35,1.0,2.1316282072803006e-14,1.0000000000000002,0.0,23.999999999999986,13809.6,192,0.6894019541700411,1776,0.6347076668225055,1496,0.6497999412383721,1800,0.6511841963505081,3104
96,scarcity,12014,0.2,1.0,hybrid_50,0.6339225026869354,0.0,7064,268,79,1.8960000000000001,4920,2144,179,89,32,1.0,2.1316282072803006e-14,1.0000000000000002,0.0,23.999999999999986,13809.6,192,0.6910177944912194,1680,0.625576124370722,1384,0.6328034793862904,1400,0.6386552034953645,2600
96,scarcity,12014,0.2,1.0,hybrid_25,0.6336785286315932,0.0,6576,259,45,1.08,2480,4096,90,169,35,1.0,2.1316282072803006e-14,1.0000000000000002,0.0,23.999999999999986,13809.6,192,0.6915691207777814,1568,0.6302366864190891,1248,0.6363529594931578,1224,0.6340622343070632,2536
96,scarcity,12014,0.2,1.0,signal_only,0.6009450730341476,0.0,6552,270,9,0.216,0,6552,0,270,40,1.0,2.1316282072803006e-14,0.9007297903250542,0.0,23.999999999999986,13809.6,192,0.6822984336671861,1752,0.6020611526841779,1176,0.600844726216811,984,0.6004372066178005,2640
96,scarcity,12014,0.2,4.0,fixed,0.5971136115131702,0.0,0,0,0,0.0,0,0,0,0,37,1.0,2.1316282072803006e-14,0.7945124707706238,0.0,-1.0,48326.4,192,0.672617569745388,0,0.5981075176460481,0,0.5970414634061525,0,0.5966527325002401,0
96,scarcity,12014,0.2,4.0,pulse_only,0.6416005704666103,0.0,38456,1433,508,12.192,38456,0,1433,0,35,1.0,2.1316282072803006e-14,1.0,0.0,7.999999999999986,48326.4,192,0.7149510723482335,9816,0.6449281354535273,7288,0.6426866563329794,7200,0.6393937450399673,14152
96,scarcity,12014,0.2,4.0,hybrid_75,0.6460627275496265,0.0,32480,1223,391,9.384,28400,4080,1053,170,34,1.0,1.4210854715202004e-14,1.0,0.0,7.999999999999986,48326.4,192,0.7121302251994759,7824,0.648923292021881,6368,0.6483352629792155,6208,0.6434961775987047,12080
96,scarcity,12014,0.2,4.0,hybrid_50,0.6445909070572607,0.0,27080,1037,274,6.5760000000000005,19080,8000,704,333,33,1.0,1.4210854715202004e-14,1.0,0.0,7.999999999999986,48326.4,192,0.703192266997587,6624,0.6467772069843161,5336,0.6430171810013151,5264,0.6442846201217058,9856
96,scarcity,12014,0.2,4.0,hybrid_25,0.6456530802718953,0.0,21696,856,144,3.456,9480,12216,348,508,34,1.0,2.1316282072803006e-14,1.0000000000000002,0.0,7.999999999999986,48326.4,192,0.7067486109661567,5360,0.6499368418862521,3824,0.6445853773525954,4176,0.6440450509243668,8336
96,scarcity,12014,0.2,4.0,signal_only,0.6009450730341476,0.0,18576,771,9,0.216,0,18576,0,771,40,1.0,2.1316282072803006e-14,0.9007297903250542,0.0,7.999999999999986,48326.4,192,0.6822984336671861,4176,0.6020611526841779,3456,0.600844726216811,3792,0.6004372066178005,7152
96,scarcity,12015,0.2,1.0,fixed,0.6501557734320829,0.0,0,0,0,0.0,0,0,0,0,39,1.0,2.1316282072803006e-14,0.6275733896805701,0.0,-1.0,13809.6,192,0.770987614482122,0,0.6544958922567925,0,0.6495233599585781,0,0.6483019207564805,0
96,scarcity,12015,0.2,1.0,pulse_only,0.6511067644269918,0.0,8808,356,33,0.792,8808,0,356,0,43,1.0,1.4210854715202004e-14,0.9406715213943587,0.0,31.999999999999986,13809.6,192,0.7843033970568903,2448,0.653990976546438,1584,0.650197004896638,1512,0.6501195381324456,3264
96,scarcity,12015,0.2,1.0,hybrid_75,0.6497735276948682,0.0016273403634403448,7648,311,23,0.552,6640,1008,269,42,42,1.0,2.1316282072803006e-14,1.0,0.0,23.999999999999986,13809.6,192,0.7875177529625144,1768,0.6498015221959331,1128,0.6497641962344739,1848,0.6497641961745327,2904
96,scarcity,12015,0.2,1.0,hybrid_50,0.6503478919756023,0.0,7064,289,16,0.384,4360,2704,177,112,44,1.0,2.1316282072803006e-14,0.9424593012685987,0.0,23.999999999999986,13809.6,192,0.7836437305256976,1616,0.65290540532915,1344,0.6494973896272328,1488,0.649494386473013,2616
96,scarcity,12015,0.2,1.0,hybrid_25,0.6499912206674403,0.004374079097812029,6784,275,23,0.552,2168,4616,89,186,43,1.0,2.1316282072803006e-14,0.8914777264241287,0.0,23.999999999999986,13809.6,192,0.7807686155304566,1600,0.6526102752077473,1416,0.6493028280177082,1248,0.6490258897221528,2520
96,scarcity,12015,0.2,1.0,signal_only,0.6516144398044719,0.03461995106932128,6984,284,21,0.504,0,6984,0,284,45,1.0,2.1316282072803006e-14,0.9999999999999998,0.0,23.999999999999986,13809.6,192,0.7821062555024302,1632,0.656736031725597,1536,0.6499090166496752,1224,0.6499063554213077,2592
96,scarcity,12015,0.2,4.0,fixed,0.6501557734320829,0.0,0,0,0,0.0,0,0,0,0,39,1.0,2.1316282072803006e-14,0.6275733896805701,0.0,-1.0,48326.4,192,0.770987614482122,0,0.6544958922567925,0,0.6495233599585781,0,0.6483019207564805,0
96,scarcity,12015,0.2,4.0,pulse_only,0.6508674331526353,0.0032188226000607104,35168,1436,88,2.112,35168,0,1436,0,39,1.0,2.1316282072803006e-14,1.0,0.0,7.999999999999986,48326.4,192,0.7877430121958072,9248,0.6512567609047355,6552,0.6507389837536911,6432,0.6507369939760573,12936
96,scarcity,12015,0.2,4.0,hybrid_75,0.6505641410831192,0.03165236846223995,30656,1253,73,1.752,25736,4920,1048,205,42,1.0,1.4210854715202004e-14,0.8815358720258166,0.0,7.999999999999986,48326.4,192,0.7871515598898546,7448,0.6511502002364293,5832,0.6503704761925464,6000,0.6503679439517506,11376
96,scarcity,12015,0.2,4.0,hybrid_50,0.6509562688718786,0.028590933772582705,27904,1144,56,1.344,17432,10472,709,435,47,1.0,1.4210854715202004e-14,1.0,0.0,7.999999999999986,48326.4,192,0.7898016798856852,6472,0.6511957150412603,5568,0.650876748042538,5352,0.650876306201858,10512
96,scarcity,12015,0.2,4.0,hybrid_25,0.650102507841256,0.005315217002692567,24296,998,43,1.032,8712,15584,353,645,47,1.0,1.4210854715202004e-14,0.9406715213943587,0.0,7.999999999999986,48326.4,192,0.7866747380342131,5216,0.6502336194816369,4872,0.6500588625960526,4680,0.6500587746436672,9528
96,scarcity,12015,0.2,4.0,signal_only,0.6513213707253646,0.007318059573374752,18616,769,20,0.48,0,18616,0,769,42,1.0,2.1316282072803006e-14,0.9999999999999998,0.0,7.999999999999986,48326.4,192,0.783516795597737,3640,0.6554458904941151,3648,0.6499873028418668,3792,0.6499261447827382,7536
96,scarcity,12016,0.2,1.0,fixed,0.6408102932450509,0.0,0,0,0,0.0,0,0,0,0,38,1.0,1.4210854715202004e-14,0.7413000234584053,0.0,-1.0,13809.6,192,0.7415484052582827,0,0.6457180257015284,0,0.640173168956398,0,0.6386749891611386,0
96,scarcity,12016,0.2,1.0,pulse_only,0.6474337802209267,0.0,9024,359,51,1.224,9024,0,359,0,37,1.0,1.4210854715202004e-14,1.0,0.0,31.999999999999986,13809.6,192,0.7678263071881601,2616,0.6515258017099758,1704,0.6463865770906588,1536,0.645911371041536,3168
96,scarcity,12016,0.2,1.0,hybrid_75,0.6464809757915289,0.0,7720,310,35,0.84,6760,960,270,40,40,1.0,1.4210854715202004e-14,1.0,0.0,23.999999999999986,13809.6,192,0.7773513139963926,1912,0.6468953122408371,1272,0.6463430583981078,1704,0.646342766263585,2832
96,scarcity,12016,0.2,1.0,hybrid_50,0.6469804029555358,0.0,7000,280,35,0.84,4664,2336,183,97,38,1.0,1.4210854715202004e-14,1.0,0.0,23.999999999999986,13809.6,192,0.7678908855583004,1864,0.6506760626637283,1272,0.6451077820021031,1392,0.6460688835781558,2472
96,scarcity,12016,0.2,1.0,hybrid_25,0.6466182925071355,0.0,6800,275,25,0.6,2336,4464,93,182,41,1.0,1.4210854715202004e-14,1.0,0.0,23.999999999999986,13809.6,192,0.7768357116982235,1832,0.6483193921529039,1248,0.6460516000217369,1056,0.6460510889269507,2664
96,scarcity,12016,0.2,1.0,signal_only,0.6504437114378453,0.0,7104,286,30,0.72,0,7104,0,286,44,1.0,1.4210854715202004e-14,1.0,0.0,23.999999999999986,13809.6,192,0.7629425132360039,1752,0.6605115136402504,1336,0.6481644251053894,1232,0.6465494535028707,2784
96,scarcity,12016,0.2,4.0,fixed,0.6408102932450509,0.0,0,0,0,0.0,0,0,0,0,38,1.0,1.4210854715202004e-14,0.7413000234584053,0.0,-1.0,48326.4,192,0.7415484052582827,0,0.6457180257015284,0,0.640173168956398,0,0.6386749891611386,0
96,scarcity,12016,0.2,4.0,pulse_only,0.6479157919736177,0.0,35448,1439,114,2.736,35448,0,1439,0,45,1.0,1.4210854715202004e-14,1.0,0.0,7.999999999999986,48326.4,192,0.7790905620864743,9528,0.6486003558928103,6504,0.6476877699595698,6552,0.6476875210210454,12864
96,scarcity,12016,0.2,4.0,hybrid_75,0.648064970240805,0.0,31000,1262,89,2.136,26200,4800,1062,200,42,1.0,1.4210854715202004e-14,1.0,0.0,7.999999999999986,48326.4,192,0.7827370548076792,7720,0.6481033192701846,5808,0.6480521882740461,5952,0.6480521867094945,11520
96,scarcity,12016,0.2,4.0,hybrid_50,0.6474005404259608,0.0,26920,1097,74,1.776,17552,9368,708,389,42,1.0,1.4210854715202004e-14,1.0000000000000002,0.0,7.999999999999986,48326.4,192,0.7774695436392427,6448,0.6487170466118883,5328,0.6469623909073405,5160,0.6469613620923071,9984
96,scarcity,12016,0.2,4.0,hybrid_25,0.6473725018932386,0.0,23752,972,53,1.272,8920,14832,357,615,45,1.0,1.4210854715202004e-14,1.0,0.0,7.999999999999986,48326.4,192,0.7755394087500821,5248,0.6495963715462854,4584,0.6466312883883675,4608,0.6466311738191509,9312
96,scarcity,12016,0.2,4.0,signal_only,0.6477138955149842,0.0,19496,801,34,0.8160000000000001,0,19496,0,801,43,1.0,1.4210854715202004e-14,1.0,0.0,7.999999999999986,48326.4,192,0.7744564070299688,3952,0.6509755039139208,3760,0.6466267601939152,3792,0.6466266589760504,7992
96,scarcity,12017,0.2,1.0,fixed,0.6231693034761152,0.0,0,0,0,0.0,0,0,0,0,37,1.0,2.1316282072803006e-14,0.837445654327514,0.0,-1.0,13809.6,192,0.7015377126327829,0,0.6221602131932197,0,0.6233348702337371,0,0.6235910652387521,0
96,scarcity,12017,0.2,1.0,pulse_only,0.6455928731565178,0.0,9240,357,84,2.016,9240,0,357,0,41,1.0,1.4210854715202004e-14,1.0,0.0,31.999999999999986,13809.6,192,0.7489059600145773,2488,0.6518083783969358,1784,0.6475607798947586,1608,0.6415011671671884,3360
96,scarcity,12017,0.2,1.0,hybrid_75,0.6403836191724834,0.0,7904,304,76,1.824,6992,912,266,38,38,1.0,1.4210854715202004e-14,0.9999999999999998,0.0,23.999999999999986,13809.6,192,0.7510471656971838,1744,0.6341357889610546,1344,0.6357669749134144,1848,0.6458158564077323,2968
96,scarcity,12017,0.2,1.0,hybrid_50,0.6455869467236537,0.0,7032,277,48,1.1520000000000001,4624,2408,178,99,38,1.0,2.1316282072803006e-14,1.0,0.0,23.999999999999986,13809.6,192,0.7443741671771891,1664,0.6556291595322402,1432,0.6443913232757268,1360,0.6411636520433237,2576
96,scarcity,12017,0.2,1.0,hybrid_25,0.6432424681935403,0.0,6832,271,41,0.984,2408,4424,91,180,40,1.0,1.4210854715202004e-14,1.0000000000000002,0.0,23.999999999999986,13809.6,192,0.7328382228277078,1656,0.6517743628211342,1280,0.6457194741449838,1176,0.6377380179040215,2720
96,scarcity,12017,0.2,1.0,signal_only,0.635735124163691,0.0,7048,286,23,0.552,0,7048,0,286,42,1.0,2.1316282072803006e-14,1.0,0.0,23.999999999999986,13809.6,192,0.7306692709050228,1904,0.6338966258125709,1328,0.6396268149654315,1200,0.634708527938381,2616
96,scarcity,12017,0.2,4.0,fixed,0.6231693034761152,0.0,0,0,0,0.0,0,0,0,0,37,1.0,2.1316282072803006e-14,0.837445654327514,0.0,-1.0,48326.4,192,0.7015377126327829,0,0.6221602131932197,0,0.6233348702337371,0,0.6235910652387521,0
96,scarcity,12017,0.2,4.0,pulse_only,0.6443183063954443,0.0,35968,1437,185,4.44,35968,0,1437,0,40,1.0,1.4210854715202004e-14,1.0,0.0,7.999999999999986,48326.4,192,0.7556680173308342,9704,0.6478867396019675,6736,0.6442107585317696,6592,0.6425878637240201,12936
96,scarcity,12017,0.2,4.0,hybrid_75,0.6456462771365693,0.0,30872,1242,133,3.192,26256,4616,1050,192,39,1.0,1.4210854715202004e-14,1.0000000000000002,0.0,7.999999999999986,48326.4,192,0.758543908640021,7688,0.6509150675417301,6112,0.6454406007812575,5816,0.6431147201116448,11256
96,scarcity,12017,0.2,4.0,hybrid_50,0.6439706717666137,0.0,26816,1075,127,3.048,17952,8864,706,369,39,1.0,2.1316282072803006e-14,1.0000000000000002,0.0,7.999999999999986,48326.4,192,0.7542255661906431,6344,0.6419229562834936,5400,0.6473797071330112,5184,0.6432900118249749,9888
96,scarcity,12017,0.2,4.0,hybrid_25,0.6445930922444818,0.0,22656,916,84,2.016,9096,13560,353,563,42,1.0,1.4210854715202004e-14,1.0,0.0,7.999999999999986,48326.4,192,0.7509327346197222,5104,0.6522199095164989,4408,0.6424279308837879,4360,0.6418622642888203,8784
96,scarcity,12017,0.2,4.0,signal_only,0.6377581250827198,0.0,19248,794,24,0.5760000000000001,0,19248,0,794,42,1.0,2.1316282072803006e-14,0.9318609405197191,0.0,7.999999999999986,48326.4,192,0.7316949377804952,4240,0.6423501199443504,3800,0.637996940109981,3912,0.6353427201382736,7296
96,scarcity,12018,0.2,1.0,fixed,0.6494262468403754,0.0,0,0,0,0.0,0,0,0,0,37,1.0,1.4210854715202004e-14,0.8124310113388935,0.0,-1.0,13809.6,192,0.7519112768741366,0,0.6524740808595957,0,0.6491027933102798,0,0.648064056595813,0
96,scarcity,12018,0.2,1.0,pulse_only,0.6557132547887782,0.0,8920,358,41,0.984,8920,0,358,0,43,1.0,1.4210854715202004e-14,1.0000000000000002,0.0,31.999999999999986,13809.6,192,0.7864247001039393,2464,0.65703201378307,1680,0.6553030151868147,1560,0.6552589950926141,3216
96,scarcity,12018,0.2,1.0,hybrid_75,0.6561593909664278,0.005896142054475822,7880,314,43,1.032,6896,984,273,41,41,1.0,1.4210854715202004e-14,1.0,0.0,23.999999999999986,13809.6,192,0.7762735808693684,1888,0.6623182445305908,1408,0.6541670000833024,1656,0.654076159625909,2928
96,scarcity,12018,0.2,1.0,hybrid_50,0.6565383115667126,0.0,7080,281,42,1.008,4672,2408,182,99,38,1.0,1.4210854715202004e-14,1.0,0.0,24.0,13809.6,192,0.7739084050743271,1832,0.660888579361603,1288,0.6567080523000701,1392,0.6542783073025886,2568
96,scarcity,12018,0.2,1.0,hybrid_25,0.6568395600393651,0.003396185647116282,6808,272,35,0.84,2272,4536,88,184,42,1.0,1.4210854715202004e-14,1.0,0.0,23.999999999999986,13809.6,192,0.7777148760455217,1720,0.6619316750695926,1352,0.6549096335196224,1312,0.6552584657841226,2424
96,scarcity,12018,0.2,1.0,signal_only,0.6574588615798429,0.023095540634778994,7592,305,34,0.8160000000000001,0,7592,0,305,46,1.0,1.4210854715202004e-14,1.0,0.0,23.999999999999986,13809.6,192,0.7739345183812497,1800,0.6633524506545874,1640,0.6575088827228123,1248,0.6544870564709859,2904
96,scarcity,12018,0.2,4.0,fixed,0.6494262468403754,0.0,0,0,0,0.0,0,0,0,0,37,1.0,1.4210854715202004e-14,0.8124310113388935,0.0,-1.0,48326.4,192,0.7519112768741366,0,0.6524740808595957,0,0.6491027933102798,0,0.648064056595813,0
96,scarcity,12018,0.2,4.0,pulse_only,0.6556307554304149,3.7143054553709057e-07,35440,1438,116,2.7840000000000003,35440,0,1438,0,40,1.0,1.4210854715202004e-14,0.9999999999999998,0.0,7.999999999999986,48326.4,192,0.7868142868536757,9520,0.6557819928957705,6600,0.6555803614440088,6456,0.6555803336909403,12864
96,scarcity,12018,0.2,4.0,hybrid_75,0.6556656795278049,0.0,31296,1273,93,2.232,25968,5328,1052,221,46,1.0,1.4210854715202004e-14,1.0,0.0,7.999999999999986,48326.4,192,0.7880302678813637,7752,0.6556992973318332,5904,0.6556544737039183,6096,0.655654473537734,11544
96,scarcity,12018,0.2,4.0,hybrid_50,0.65515026631743,0.0058920582651237775,27896,1135,82,1.968,17640,10256,711,424,45,1.0,1.4210854715202004e-14,1.0,0.0,7.999999999999986,48326.4,192,0.7846466197086107,6872,0.6559994411466844,5184,0.654868801667927,5376,0.6548664112275543,10464
96,scarcity,12018,0.2,4.0,hybrid_25,0.6560095604571278,0.009128238459012297,24776,1017,46,1.104,8800,15976,355,662,48,1.0,1.4210854715202004e-14,1.0000000000000002,0.0,7.999999999999986,48326.4,192,0.7897616213746902,5408,0.6566934733892205,4872,0.6557852235629491,4704,0.6557797724381705,9792
96,scarcity,12018,0.2,4.0,signal_only,0.6571266610375002,0.0,20272,836,26,0.624,0,20272,0,836,45,1.0,1.4210854715202004e-14,1.0,0.0,7.999999999999986,48326.4,192,0.7799427221009851,4208,0.6635003380965354,3896,0.655255410218758,4008,0.6548754479173536,8160
96,scarcity,12019,0.2,1.0,fixed,0.6431116799899929,0.0,0,0,0,0.0,0,0,0,0,45,1.0,1.4210854715202004e-14,0.6524179936642466,0.0,-1.0,13809.6,192,0.7751412318283117,0,0.6433637587090604,0,0.6430281093743556,0,0.6430274259382776,0
96,scarcity,12019,0.2,1.0,pulse_only,0.6464953234525432,0.0,8856,359,30,0.72,8856,0,359,0,44,1.0,1.4210854715202004e-14,1.0,0.0,31.999999999999986,13809.6,192,0.7845165181423212,2352,0.6469119997157242,1632,0.6463564321570735,1608,0.6463564309686873,3264
96,scarcity,12019,0.2,1.0,hybrid_75,0.646924029043431,0.004022087118578823,7768,315,26,0.624,6568,1200,265,50,50,1.0,1.4210854715202004e-14,0.9570312350779908,0.0,23.999999999999986,13809.6,192,0.7819168476644699,1840,0.6489087071245175,1104,0.6462624696920456,1704,0.6462624696785804,3120
96,scarcity,12019,0.2,1.0,hybrid_50,0.6458355560264534,0.0,7288,297,20,0.48,4224,3064,170,127,46,1.0,1.4210854715202004e-14,1.0,0.0,23.999999999999986,13809.6,192,0.7820860291194395,1792,0.6461090994340368,1368,0.6457443799711982,1512,0.6457443723502893,2616
96,scarcity,12019,0.2,1.0,hybrid_25,0.6459586235501814,0.0,7224,297,12,0.28800000000000003,2120,5104,86,211,50,1.0,1.4210854715202004e-14,1.0,0.0,23.999999999999986,13809.6,192,0.7846208136664864,1608,0.645971944386512,1344,0.6459541833890742,1416,0.6459541832125698,2856
96,scarcity,12019,0.2,1.0,signal_only,0.6458285138791597,0.03174618429595025,8096,332,16,0.384,0,8096,0,332,51,1.0,1.4210854715202004e-14,0.9278723628206315,0.0,23.999999999999986,13809.6,192,0.7834650688611366,1976,0.6458326986126832,1464,0.6458271189680013,1392,0.6458271189679773,3264
96,scarcity,12019,0.2,4.0,fixed,0.6431116799899929,0.0,0,0,0,0.0,0,0,0,0,45,1.0,1.4210854715202004e-14,0.6524179936642466,0.0,-1.0,48326.4,192,0.7751412318283117,0,0.6433637587090604,0,0.6430281093743556,0,0.6430274259382776,0
96,scarcity,12019,0.2,4.0,pulse_only,0.6464307245149412,0.0023690590705938144,35400,1439,108,2.592,35400,0,1439,0,46,1.0,1.4210854715202004e-14,0.8738044233174247,0.0,7.999999999999986,48326.4,192,0.7816221263820857,9480,0.6464413424873335,6384,0.646427192848325,6360,0.6464271813620532,13176
96,scarcity,12019,0.2,4.0,hybrid_75,0.6465052253890738,0.04093550836814753,31216,1276,74,1.776,25816,5400,1051,225,46,1.0,1.4210854715202004e-14,0.9192542666625833,0.0,7.999999999999986,48326.4,192,0.7839339053178472,7456,0.6465288526108148,5832,0.6464973497905258,6168,0.6464973495774775,11760
96,scarcity,12019,0.2,4.0,hybrid_50,0.6466443937533811,0.4343205213979239,29080,1193,56,1.344,17488,11592,710,483,53,1.0,1.4210854715202004e-14,1.0,0.0,7.999999999999986,48326.4,192,0.7853446677554753,6592,0.6466452449532336,5808,0.6466441100202063,5640,0.6466441100200421,11040
96,scarcity,12019,0.2,4.0,hybrid_25,0.6467236348934878,0.0036531358921911075,23824,982,32,0.768,8672,15152,353,629,46,1.0,1.4210854715202004e-14,1.0,0.0,7.999999999999986,48326.4,192,0.7855892178775832,4960,0.64672620166395,4800,0.6467227793116301,4704,0.6467227792991855,9360
96,scarcity,12019,0.2,4.0,signal_only,0.6458285138791597,0.03174618429595025,22352,926,16,0.384,0,22352,0,926,51,1.0,1.4210854715202004e-14,0.9278723628206315,0.0,7.999999999999986,48326.4,192,0.7834650688611366,3992,0.6458326986126832,4728,0.6458271189680013,4584,0.6458271189679773,9048
960,uniform,12000,0.2,1.0,fixed,0.8704829059229569,0.15268083657630763,0,0,0,0.0,0,0,0,0,131,1.0,3.410605131648481e-13,1.0000000000000004,0.0,-1.0,138096.0,1920,0.8986137803396945,0,0.8704530033333359,0,0.8705292637483851,0,0.8704746783050534,0
960,uniform,12000,0.2,1.0,pulse_only,0.9209154901948478,0.79580595109227,106216,3580,2537,60.888,106216,0,3580,0,74,1.0,4.547473508864641e-13,1.0000000000000004,0.0,31.999999999999986,138096.0,1920,0.9272198015714553,26880,0.9146659293384026,20168,0.9186557869200696,19624,0.9251701222604591,39544
960,uniform,12000,0.2,1.0,hybrid_75,0.9232660478465552,0.8498582358135701,82664,2773,2014,48.336,80096,2568,2674,99,68,1.0,6.821210263296962e-13,1.0000000000000004,0.0,23.999999999999986,138096.0,1920,0.9286053077130555,20352,0.9168020941413686,15256,0.9209095466819666,16200,0.9276762752814427,30856
960,uniform,12000,0.2,1.0,hybrid_50,0.9206967885107387,0.8316543139339759,60712,2067,1388,33.312,53800,6912,1796,271,84,1.0,4.547473508864641e-13,1.0000000000000002,0.0,23.999999999999986,138096.0,1920,0.9232613411107562,15080,0.910563281492381,11040,0.9212648618796491,12248,0.9254795053354624,22344
960,uniform,12000,0.2,1.0,hybrid_25,0.9124766917642869,0.7853955803394266,39648,1403,747,17.928,26264,13384,882,521,87,1.0,3.410605131648481e-13,1.0000000000000004,0.0,23.999999999999986,138096.0,1920,0.9202733010303346,10616,0.9020418181665071,7888,0.9101227666046704,7696,0.9188710911429848,13448
960,uniform,12000,0.2,1.0,signal_only,0.8898646202145843,0.3020748079684398,22816,897,161,3.864,0,22816,0,897,124,1.0,3.410605131648481e-13,1.0000000000000004,0.0,23.999999999999986,138096.0,1920,0.9153432157988718,6448,0.8897244777179739,4312,0.8895374447077068,3736,0.8900982792163283,8320
960,uniform,12000,0.2,4.0,fixed,0.8704829059229569,0.15268083657630763,0,0,0,0.0,0,0,0,0,131,1.0,3.410605131648481e-13,1.0000000000000004,0.0,-1.0,483264.00000000006,1920,0.8986137803396945,0,0.8704530033333359,0,0.8705292637483851,0,0.8704746783050534,0
960,uniform,12000,0.2,4.0,pulse_only,0.9428918548200232,0.9508322039758129,421992,14380,9609,230.616,421992,0,14380,0,68,1.0,6.821210263296962e-13,1.0000000000000004,0.0,7.999999999999986,483264.00000000006,1920,0.948985378260089,107992,0.9432243924398324,79112,0.9433345537459722,78568,0.9425042365471441,156320
960,uniform,12000,0.2,4.0,hybrid_75,0.9347840353256941,0.9031148517481259,327032,11184,7327,175.848,315768,11264,10738,446,73,1.0,6.821210263296962e-13,1.0000000000000002,0.0,7.999999999999986,483264.00000000006,1920,0.944285174430575,82128,0.9288923328954681,61568,0.9333605170495858,61784,0.9384416456788613,121552
960,uniform,12000,0.2,4.0,hybrid_50,0.9378324793137784,0.9148709561169468,230832,7958,4980,119.52,210728,20104,7160,798,65,1.0,6.821210263296962e-13,1.0000000000000002,0.0,7.999999999999986,483264.00000000006,1920,0.9412290081043921,59432,0.9340933489861251,44056,0.9391197697799617,42512,0.9390583992445133,84832
960,uniform,12000,0.2,4.0,hybrid_25,0.9291560138899407,0.8728321271452502,136936,4834,2615,62.76,105768,31168,3573,1261,69,1.0,6.821210263296962e-13,1.0000000000000002,0.0,7.999999999999986,483264.00000000006,1920,0.9338130939904985,34768,0.9188299968103185,26344,0.9233043598981826,26096,0.9372448494256307,49728
960,uniform,12000,0.2,4.0,signal_only,0.8936550136189724,0.33088590085588293,58984,2397,182,4.368,0,58984,0,2397,120,1.0,3.410605131648481e-13,1.0000000000000002,0.0,7.999999999999986,483264.00000000006,1920,0.9187689603149132,14360,0.8941112716380919,10904,0.8935609225119305,11336,0.8934739301629334,22384
960,uniform,12001,0.2,1.0,fixed,0.8904481561807774,0.34900245028637955,0,0,0,0.0,0,0,0,0,117,1.0,4.547473508864641e-13,1.0000000000000004,0.0,-1.0,138096.0,1920,0.9103426590895025,0,0.8897340295935263,0,0.890519864607497,0,0.8907693652610433,0
960,uniform,12001,0.2,1.0,pulse_only,0.9499484122037856,0.9498610628484131,108584,3586,2815,67.56,108584,0,3586,0,43,1.0,4.547473508864641e-13,1.0000000000000004,0.0,31.999999999999986,138096.0,1920,0.9480878559910946,26944,0.9510998347666307,20576,0.9493041907936302,20432,0.9496948116274405,40632
960,uniform,12001,0.2,1.0,hybrid_75,0.9495185708749961,0.9571331050013304,83168,2739,2179,52.296,81400,1768,2671,68,41,1.0,6.821210263296962e-13,1.0000000000000004,0.0,23.999999999999986,138096.0,1920,0.9437037667336733,20624,0.9433646616544032,15312,0.9473576306755287,15584,0.9536759955850265,31648
960,uniform,12001,0.2,1.0,hybrid_50,0.9439028738638068,0.9765842604057258,58976,1967,1471,35.304,53736,5240,1769,198,48,1.0,4.547473508864641e-13,1.0000000000000004,0.0,23.999999999999986,138096.0,1920,0.941169574536054,14528,0.9394168132576857,11480,0.9426935905155809,10992,0.9467505458409802,21976
960,uniform,12001,0.2,1.0,hybrid_25,0.9426129362980082,0.9547240324605891,36344,1237,832,19.968,26544,9800,870,367,59,1.0,4.547473508864641e-13,1.0000000000000004,0.0,23.999999999999986,138096.0,1920,0.9377147732890594,9280,0.9357635723365263,7152,0.94060088176646,7304,0.9470436455445232,12608
960,uniform,12001,0.2,1.0,signal_only,0.92092569463558,0.778175438104533,17936,696,154,3.696,0,17936,0,696,93,1.0,3.410605131648481e-13,1.0000000000000004,0.0,23.999999999999986,138096.0,1920,0.9364915329340048,5808,0.9207635780643615,3200,0.9214541281524853,2872,0.9207425361627365,6056
960,uniform,12001,0.2,4.0,fixed,0.8904481561807774,0.34900245028637955,0,0,0,0.0,0,0,0,0,117,1.0,4.547473508864641e-13,1.0000000000000004,0.0,-1.0,483264.00000000006,1920,0.9103426590895025,0,0.8897340295935263,0,0.890519864607497,0,0.8907693652610433,0
960,uniform,12001,0.2,4.0,pulse_only,0.9569504155509186,0.9908334481855298,428168,14386,10363,248.71200000000002,428168,0,14386,0,43,1.0,6.821210263296962e-13,1.0000000000000004,0.0,7.999999999999986,483264.00000000006,1920,0.9633334991124863,109496,0.9555127849600772,80232,0.9580147218066506,79552,0.9571370777184732,158888
960,uniform,12001,0.2,4.0,hybrid_75,0.9577070682684031,0.9898462282039096,328944,11017,8067,193.608,322336,6608,10755,262,42,1.0,4.547473508864641e-13,1.0000000000000004,0.0,7.999999999999986,483264.00000000006,1920,0.9590835744226259,82832,0.9536508224130847,61592,0.9575485027366203,61832,0.9598144739619537,122688
960,uniform,12001,0.2,4.0,hybrid_50,0.955072691629314,0.9790601056964482,229704,7760,5433,130.392,214664,15040,7171,589,42,1.0,4.547473508864641e-13,1.0000000000000004,0.0,7.999999999999986,483264.00000000006,1920,0.9555775009763311,57984,0.952126243694579,43488,0.9561498101941177,42816,0.9560073563142797,85416
960,uniform,12001,0.2,4.0,hybrid_25,0.9529359583637386,0.9778206847912163,129584,4442,2872,68.928,107768,21816,3579,863,47,1.0,4.547473508864641e-13,1.0000000000000004,0.0,7.999999999999986,483264.00000000006,1920,0.951786450727956,33240,0.9528535826979201,24192,0.9503306955004893,24488,0.9542797776282723,47664
960,uniform,12001,0.2,4.0,signal_only,0.9237120723591155,0.8495294549624877,45072,1817,183,4.392,0,45072,0,1817,86,1.0,3.410605131648481e-13,1.0000000000000004,0.0,7.999999999999986,483264.00000000006,1920,0.9398760793203568,12320,0.9230359809014265,8248,0.9216245935883732,8608,0.925093857473331,15896
960,uniform,12002,0.2,1.0,fixed,0.8887723159331617,0.31339667381536007,0,0,0,0.0,0,0,0,0,118,1.0,4.547473508864641e-13,1.0000000000000004,0.0,-1.0,138096.0,1920,0.9173829039406868,0,0.8887702406409118,0,0.8886748819304664,0,0.8888220705806347,0
960,uniform,12002,0.2,1.0,pulse_only,0.9240359319419282,0.8519354551836307,104784,3589,2331,55.944,104784,0,3589,0,92,1.0,4.547473508864641e-13,1.0000000000000004,0.0,31.999999999999986,138096.0,1920,0.941816538837808,26896,0.9239760926380334,19664,0.9258200480761801,19208,0.9231737935267496,39016
960,uniform,12002,0.2,1.0,hybrid_75,0.9201081418673623,0.8512381589996223,81600,2798,1806,43.344,78504,3096,2676,122,99,1.0,6.821210263296962e-13,1.0000000000000004,0.0,23.999999999999986,138096.0,1920,0.9368622407548477,20448,0.9152644245412702,14720,0.9209399761882018,15808,0.922114083369989,30624
960,uniform,12002,0.2,1.0,hybrid_50,0.9167001800356092,0.7900273085510147,60232,2089,1262,30.288,52424,7808,1781,308,98,1.0,4.547473508864641e-13,1.0000000000000002,0.0,23.999999999999986,138096.0,1920,0.9333350128968785,15184,0.912806554126618,11168,0.9150420256532057,11768,0.9194760701813064,22112
960,uniform,12002,0.2,1.0,hybrid_25,0.9150148333721069,0.831501271659068,39344,1397,727,17.448,25944,13400,875,522,98,1.0,4.547473508864641e-13,1.0000000000000004,0.0,23.999999999999986,138096.0,1920,0.9332021359600886,10024,0.9093867998540249,7696,0.9124346984647891,7848,0.9191189175848065,13776
960,uniform,12002,0.2,1.0,signal_only,0.9007852839242192,0.5921393709272121,21872,869,127,3.048,0,21872,0,869,124,1.0,3.410605131648481e-13,1.0000000000000004,0.0,23.999999999999986,138096.0,1920,0.9305415320650432,5872,0.9016188410560255,4376,0.9004651847694998,3600,0.9005285549356756,8024
960,uniform,12002,0.2,4.0,fixed,0.8887723159331617,0.31339667381536007,0,0,0,0.0,0,0,0,0,118,1.0,4.547473508864641e-13,1.0000000000000004,0.0,-1.0,483264.00000000006,1920,0.9173829039406868,0,0.8887702406409118,0,0.8886748819304664,0,0.8888220705806347,0
960,uniform,12002,0.2,4.0,pulse_only,0.927884008218802,0.8588360526757592,410960,14389,8203,196.872,410960,0,14389,0,85,1.0,6.821210263296962e-13,1.0000000000000004,0.0,7.999999999999986,483264.00000000006,1920,0.9512194788598162,107096,0.9292141028004558,76648,0.9266967839626459,75736,0.927812573056053,151480
960,uniform,12002,0.2,4.0,hybrid_75,0.927275926339452,0.8591567108976209,321016,11219,6470,155.28,308856,12160,10731,488,85,1.0,6.821210263296962e-13,1.0000000000000004,0.0,7.999999999999986,483264.00000000006,1920,0.9475629097647902,81808,0.9245946185170767,60320,0.9266755396155049,60672,0.9289167736126132,118216
960,uniform,12002,0.2,4.0,hybrid_50,0.9274779692351435,0.8703959324623259,230712,8119,4482,107.568,207008,23704,7165,954,84,1.0,4.547473508864641e-13,1.0000000000000002,0.0,7.999999999999986,483264.00000000006,1920,0.9500976400457802,58536,0.9243076399988704,43696,0.9283200710366847,42616,0.9286420829525093,85864
960,uniform,12002,0.2,4.0,hybrid_25,0.9251428529577321,0.8724556437973692,139816,5024,2405,57.72,104256,35560,3581,1443,92,1.0,4.547473508864641e-13,1.0000000000000004,0.0,7.999999999999986,483264.00000000006,1920,0.9447716216715514,34200,0.922129265218641,26720,0.925980480586086,26384,0.9262308330131004,52512
960,uniform,12002,0.2,4.0,signal_only,0.901605866769551,0.5871263825038954,58816,2387,191,4.5840000000000005,0,58816,0,2387,123,1.0,3.410605131648481e-13,1.0000000000000004,0.0,7.999999999999986,483264.00000000006,1920,0.9324585975602638,13216,0.9024049147707779,11880,0.9015176846262297,11352,0.9012504338405984,22368
960,uniform,12003,0.2,1.0,fixed,0.9082823679062247,0.7118121143648892,0,0,0,0.0,0,0,0,0,110,1.0,3.410605131648481e-13,1.0000000000000004,0.0,-1.0,138096.0,1920,0.933675595399078,0,0.908632367596266,0,0.9083344238273557,0,0.9080813401006383,0
960,uniform,12003,0.2,1.0,pulse_only,0.9437255267925444,0.9561266450714275,106336,3574,2570,61.68,106336,0,3574,0,61,1.0,6.821210263296962e-13,1.0000000000000004,0.0,31.999999999999986,138096.0,1920,0.9550554475152178,26616,0.9420937597481395,20608,0.942418262022444,19744,0.9451950426997973,39368
960,uniform,12003,0.2,1.0,hybrid_75,0.9411327791466128,0.9306851999581476,81776,2751,1969,47.256,79776,2000,2670,81,68,1.0,6.821210263296962e-13,1.0000000000000004,0.0,23.999999999999986,138096.0,1920,0.9529992801942896,20040,0.9389994051065208,14856,0.9394437732306365,16016,0.9430439691246465,30864
960,uniform,12003,0.2,1.0,hybrid_50,0.9439735850558395,0.9368285702848704,58808,1996,1363,32.712,53160,5648,1776,220,69,1.0,4.547473508864641e-13,1.0000000000000002,0.0,23.999999999999986,138096.0,1920,0.9498785351520281,14160,0.9428096372345386,11656,0.9468048890049413,11056,0.943139906991939,21936
960,uniform,12003,0.2,1.0,hybrid_25,0.936462158548228,0.8882346872111108,37912,1325,764,18.336000000000002,26040,11872,864,461,95,1.0,4.547473508864641e-13,1.0000000000000004,0.0,23.999999999999986,138096.0,1920,0.9507104534750298,9176,0.9323548055454904,7568,0.9353018278227904,7800,0.9390960004123154,13368
960,uniform,12003,0.2,1.0,signal_only,0.9237238242074683,0.8877943646656645,17096,665,142,3.408,0,17096,0,665,85,1.0,3.410605131648481e-13,1.0000000000000004,0.0,23.999999999999986,138096.0,1920,0.9476309238954786,4736,0.9247310403613258,3632,0.9232249182830158,2880,0.9234696690927658,5848
960,uniform,12003,0.2,4.0,fixed,0.9082823679062247,0.7118121143648892,0,0,0,0.0,0,0,0,0,110,1.0,3.410605131648481e-13,1.0000000000000004,0.0,-1.0,483264.00000000006,1920,0.933675595399078,0,0.908632367596266,0,0.9083344238273557,0,0.9080813401006383,0
960,uniform,12003,0.2,4.0,pulse_only,0.9473273639527708,0.9758487192130704,422544,14374,9696,232.704,422544,0,14374,0,65,1.0,6.821210263296962e-13,1.0000000000000004,0.0,7.999999999999986,483264.00000000006,1920,0.9615686342094245,108272,0.9461230493141948,78944,0.9473878385814688,79136,0.9478992839577098,156192
960,uniform,12003,0.2,4.0,hybrid_75,0.946955515555672,0.9589586284715078,324072,11090,7239,173.736,314960,9112,10723,367,66,1.0,4.547473508864641e-13,1.0000000000000004,0.0,7.999999999999986,483264.00000000006,1920,0.9614523723496059,81888,0.9462349074254507,61040,0.9475925953769472,61208,0.9469972797101451,119936
960,uniform,12003,0.2,4.0,hybrid_50,0.9465448945439267,0.9622491354059289,226544,7793,4939,118.536,210920,15624,7160,633,56,1.0,6.821210263296962e-13,1.0000000000000002,0.0,7.999999999999986,483264.00000000006,1920,0.9604240260136475,57648,0.9429197866678001,42728,0.9451516648512069,42208,0.9490540633283497,83960
960,uniform,12003,0.2,4.0,hybrid_25,0.9469813534443903,0.979677820376915,129664,4536,2600,62.4,105832,23832,3570,966,61,1.0,6.821210263296962e-13,1.0000000000000002,0.0,7.999999999999986,483264.00000000006,1920,0.9592947445514798,32416,0.9443546364276044,25352,0.9455879339317153,24208,0.9489914217091209,47688
960,uniform,12003,0.2,4.0,signal_only,0.9247038491716907,0.890329977259665,42056,1708,133,3.192,0,42056,0,1708,89,1.0,3.410605131648481e-13,1.0000000000000004,0.0,7.999999999999986,483264.00000000006,1920,0.9488907788469807,10008,0.9279238264789845,7808,0.9247921033462453,8272,0.9230497334307664,15968
960,uniform,12004,0.2,1.0,fixed,0.9152319267819861,0.7854017336214114,0,0,0,0.0,0,0,0,0,91,1.0,6.821210263296962e-13,1.0000000000000004,0.0,-1.0,138096.0,1920,0.9348977451556373,0,0.9141019879128509,0,0.9151523734020933,0,0.9158366729064996,0
960,uniform,12004,0.2,1.0,pulse_only,0.9636426828050054,0.9969237324972707,108736,3585,2837,68.08800000000001,108736,0,3585,0,35,1.0,6.821210263296962e-13,1.0000000000000004,0.0,31.999999999999986,138096.0,1920,0.9593072303374054,27328,0.9594026904250637,20816,0.9637663545220106,19976,0.9657008431364738,40616
960,uniform,12004,0.2,1.0,hybrid_75,0.9584763936508814,0.988740200048713,82856,2731,2164,51.936,81400,1456,2675,56,37,1.0,6.821210263296962e-13,1.0000000000000004,0.0,23.999999999999986,138096.0,1920,0.9536681220733444,20696,0.9531495228565433,15344,0.9555598871403106,15400,0.9625980823033359,31416
960,uniform,12004,0.2,1.0,hybrid_50,0.9568702639582048,0.9804888265706587,59176,1963,1508,36.192,54320,4856,1778,185,42,1.0,6.821210263296962e-13,1.0000000000000004,0.0,23.999999999999986,138096.0,1920,0.9517053824023773,14992,0.9465738722935065,10856,0.9551710456220984,11792,0.962868068958607,21536
960,uniform,12004,0.2,1.0,hybrid_25,0.9524675135653694,0.9724821957022322,35592,1214,807,19.368000000000002,26912,8680,885,329,49,1.0,4.547473508864641e-13,1.0000000000000002,0.0,23.999999999999986,138096.0,1920,0.9554120692865488,9104,0.9471510535711801,7040,0.9522138562757726,6872,0.9552525722072625,12576
960,uniform,12004,0.2,1.0,signal_only,0.9367490596727185,0.8938548277827115,15688,602,155,3.72,0,15688,0,602,77,1.0,3.410605131648481e-13,1.0000000000000004,0.0,23.999999999999986,138096.0,1920,0.950241975809072,4480,0.9373867550338808,2928,0.9364764954069138,2600,0.9365664941250398,5680
960,uniform,12004,0.2,4.0,fixed,0.9152319267819861,0.7854017336214114,0,0,0,0.0,0,0,0,0,91,1.0,6.821210263296962e-13,1.0000000000000004,0.0,-1.0,483264.00000000006,1920,0.9348977451556373,0,0.9141019879128509,0,0.9151523734020933,0,0.9158366729064996,0
960,uniform,12004,0.2,4.0,pulse_only,0.9679636447686789,0.9886870477934723,429448,14385,10526,252.624,429448,0,14385,0,36,1.0,6.821210263296962e-13,1.0000000000000004,0.0,7.999999999999986,483264.00000000006,1920,0.9699269651088079,108936,0.9645967471981803,80056,0.9683430000008119,80344,0.9694574159378614,160112
960,uniform,12004,0.2,4.0,hybrid_75,0.9676744557264952,0.9860268542305628,329224,11042,8027,192.648,322136,7088,10762,280,42,1.0,6.821210263296962e-13,1.0000000000000004,0.0,7.999999999999986,483264.00000000006,1920,0.971096450746835,82808,0.9656328035812146,61880,0.9659149664824462,61880,0.9695750264211599,122656
960,uniform,12004,0.2,4.0,hybrid_50,0.9653546318088075,0.9949745724670523,227408,7653,5467,131.208,215248,12160,7173,480,34,1.0,6.821210263296962e-13,1.0000000000000004,0.0,7.999999999999986,483264.00000000006,1920,0.9685270958000105,57368,0.9588645328039102,42952,0.9629622142842778,42792,0.9697958900735212,84296
960,uniform,12004,0.2,4.0,hybrid_25,0.9649265133224414,0.9967963144350995,124560,4243,2841,68.184,107712,16848,3577,666,42,1.0,4.547473508864641e-13,1.0000000000000004,0.0,7.999999999999986,483264.00000000006,1920,0.964230482654932,32000,0.9628299438593512,24080,0.965763473712394,22544,0.9655563178590103,45936
960,uniform,12004,0.2,4.0,signal_only,0.9385145756721742,0.9335296343507423,38600,1534,223,5.352,0,38600,0,1534,75,1.0,3.410605131648481e-13,1.0000000000000004,0.0,7.999999999999986,483264.00000000006,1920,0.9533806892878781,9824,0.9386098155643674,7416,0.9385456939448402,7072,0.938451396589745,14288
960,uniform,12005,0.2,1.0,fixed,0.8878442802332046,0.30526764025560565,0,0,0,0.0,0,0,0,0,115,1.0,6.821210263296962e-13,1.0000000000000004,0.0,-1.0,138096.0,1920,0.9125474862076942,0,0.8880157961047646,0,0.8877116619715699,0,0.8878248314282422,0
960,uniform,12005,0.2,1.0,pulse_only,0.9218227976490727,0.8487948739270945,106648,3583,2582,61.968,106648,0,3583,0,74,1.0,6.821210263296962e-13,1.0000000000000004,0.0,31.999999999999986,138096.0,1920,0.9344749035096118,26920,0.9154873202303063,20272,0.9206786331015954,19720,0.9255626186321947,39736
960,uniform,12005,0.2,1.0,hybrid_75,0.9218588388370911,0.8496699446176953,81944,2767,1942,46.608000000000004,79528,2416,2671,96,78,1.0,6.821210263296962e-13,1.0000000000000002,0.0,23.999999999999986,138096.0,1920,0.9326029186049731,20024,0.9186065601367962,15184,0.9216729193786617,15936,0.9235779379164533,30800
960,uniform,12005,0.2,1.0,hybrid_50,0.9223108395057846,0.8480819462055477,58960,2009,1343,32.232,52760,6200,1763,246,68,1.0,4.547473508864641e-13,1.0000000000000004,0.0,23.999999999999986,138096.0,1920,0.9306131591345476,14488,0.9165492724913501,11632,0.9203871223692169,10960,0.9261534815812859,21880
960,uniform,12005,0.2,1.0,hybrid_25,0.9169687595472499,0.8329225033586481,37104,1307,717,17.208000000000002,26256,10848,881,426,71,1.0,4.547473508864641e-13,1.0000000000000002,0.0,23.999999999999986,138096.0,1920,0.9273534257747318,9256,0.9100247498595488,6944,0.9121276047243689,7512,0.9228613418025409,13392
960,uniform,12005,0.2,1.0,signal_only,0.8985270344050444,0.4930779411597803,19688,782,115,2.7600000000000002,0,19688,0,782,110,1.0,3.410605131648481e-13,1.0000000000000004,0.0,23.999999999999986,138096.0,1920,0.9242520593024968,5640,0.8991465368189008,3712,0.8982918235711629,3120,0.8983348886150573,7216
960,uniform,12005,0.2,4.0,fixed,0.8878442802332046,0.30526764025560565,0,0,0,0.0,0,0,0,0,115,1.0,6.821210263296962e-13,1.0000000000000004,0.0,-1.0,483264.00000000006,1920,0.9125474862076942,0,0.8880157961047646,0,0.8877116619715699,0,0.8878248314282422,0
960,uniform,12005,0.2,4.0,pulse_only,0.9308773447477927,0.9081476987779341,421648,14383,9557,229.368,421648,0,14383,0,78,1.0,6.821210263296962e-13,1.0000000000000004,0.0,7.999999999999986,483264.00000000006,1920,0.9453904706805532,107680,0.9283392757573633,78424,0.9302539227007458,78160,0.9324580902665309,157384
960,uniform,12005,0.2,4.0,hybrid_75,0.9303612296027585,0.9354328051579786,325368,11114,7329,175.89600000000002,315984,9384,10734,380,72,1.0,6.821210263296962e-13,1.0000000000000004,0.0,7.999999999999986,483264.00000000006,1920,0.9437357281609289,82160,0.9279893951483803,61200,0.9328302298691067,61280,0.9303126466967733,120728
960,uniform,12005,0.2,4.0,hybrid_50,0.9239668602539138,0.8668684511581247,232248,8032,4935,118.44,210464,21784,7153,879,82,1.0,4.547473508864641e-13,1.0000000000000002,0.0,7.999999999999986,483264.00000000006,1920,0.9410556439258939,57808,0.9182099039801576,44464,0.924142923437031,43648,0.9267573067992337,86328
960,uniform,12005,0.2,4.0,hybrid_25,0.924515527000694,0.9091111725420199,135136,4756,2624,62.976,106112,29024,3579,1177,77,1.0,4.547473508864641e-13,1.0000000000000004,0.0,7.999999999999986,483264.00000000006,1920,0.9384249342406076,33824,0.9200048342478624,26176,0.9252032723673191,24960,0.926427000693797,50176
960,uniform,12005,0.2,4.0,signal_only,0.9007505401133169,0.521705058006176,50232,2050,129,3.096,0,50232,0,2050,103,1.0,3.410605131648481e-13,1.0000000000000004,0.0,7.999999999999986,483264.00000000006,1920,0.9255716358620735,11904,0.900536612845043,9984,0.9010934621622131,9816,0.9006860427230055,18528
960,uniform,12006,0.2,1.0,fixed,0.8862299668533189,0.36722998907997656,0,0,0,0.0,0,0,0,0,123,1.0,5.684341886080801e-13,1.0000000000000004,0.0,-1.0,138096.0,1920,0.9119682896241984,0,0.8860724402619844,0,0.8861289021706028,0,0.8863592624903441,0
960,uniform,12006,0.2,1.0,pulse_only,0.9385188057128195,0.9140944382042195,106160,3577,2539,60.936,106160,0,3577,0,64,1.0,5.684341886080801e-13,1.0000000000000004,0.0,31.999999999999986,138096.0,1920,0.948160243823963,26976,0.934305073649074,20624,0.9388633503525105,19336,0.9404533994248467,39224
960,uniform,12006,0.2,1.0,hybrid_75,0.9365252616224815,0.8697181250285652,82408,2776,1973,47.352000000000004,79760,2648,2675,101,66,1.0,5.684341886080801e-13,1.0000000000000004,0.0,23.999999999999986,138096.0,1920,0.9418440437136517,20312,0.9288061257450874,15600,0.9357729932816418,15344,0.9407609637315985,31152
960,uniform,12006,0.2,1.0,hybrid_50,0.9377702699087147,0.927991427006288,59560,2034,1343,32.232,53480,6080,1802,232,67,1.0,4.547473508864641e-13,1.0000000000000004,0.0,23.999999999999986,138096.0,1920,0.9379849594829646,15192,0.932699117384287,11160,0.9358604727662696,11896,0.9412607447421506,21312
960,uniform,12006,0.2,1.0,hybrid_25,0.9291203429138823,0.8815913724793428,38088,1339,744,17.856,26184,11904,882,457,77,1.0,4.547473508864641e-13,1.0000000000000004,0.0,23.999999999999986,138096.0,1920,0.9373396343933991,9824,0.9227265835990421,8296,0.9291431528749046,6920,0.9323058175907915,13048
960,uniform,12006,0.2,1.0,signal_only,0.909970251383289,0.6294408446919398,20160,784,168,4.032,0,20160,0,784,104,1.0,3.410605131648481e-13,1.0000000000000004,0.0,23.999999999999986,138096.0,1920,0.9336029716464487,6000,0.9087964404299688,4448,0.9107400226406844,2888,0.9101722712312513,6824
960,uniform,12006,0.2,4.0,fixed,0.8862299668533189,0.36722998907997656,0,0,0,0.0,0,0,0,0,123,1.0,5.684341886080801e-13,1.0000000000000004,0.0,-1.0,483264.00000000006,1920,0.9119682896241984,0,0.8860724402619844,0,0.8861289021706028,0,0.8863592624903441,0
960,uniform,12006,0.2,4.0,pulse_only,0.9476587825572413,0.9548029811608327,418440,14377,9174,220.17600000000002,418440,0,14377,0,60,1.0,6.821210263296962e-13,1.0000000000000004,0.0,7.999999999999986,483264.00000000006,1920,0.9602497520726219,107704,0.9466058074730501,78528,0.947484320021915,78176,0.9482725013669998,154032
960,uniform,12006,0.2,4.0,hybrid_75,0.9464057932799432,0.9411937832924114,322576,11102,7016,168.38400000000001,313568,9008,10745,357,60,1.0,6.821210263296962e-13,1.0000000000000004,0.0,7.999999999999986,483264.00000000006,1920,0.958771161176795,82216,0.9450323815552764,60632,0.9443922775584845,59696,0.9480992570030061,120032
960,uniform,12006,0.2,4.0,hybrid_50,0.9443591774133971,0.9595212091161082,226472,7837,4798,115.152,209632,16840,7156,681,71,1.0,4.547473508864641e-13,1.0000000000000004,0.0,7.999999999999986,483264.00000000006,1920,0.9571995546095997,58256,0.939849665903494,42408,0.9421912218656321,42328,0.9476979109422314,83480
960,uniform,12006,0.2,4.0,hybrid_25,0.9402103913247799,0.9443331499463399,132864,4656,2640,63.36,105648,27216,3569,1087,66,1.0,4.547473508864641e-13,1.0000000000000004,0.0,7.999999999999986,483264.00000000006,1920,0.9516090010376803,33296,0.9367833948917337,25504,0.9394135654299222,24912,0.9423223024887318,49152
960,uniform,12006,0.2,4.0,signal_only,0.9103464282507184,0.623142915166607,51368,2066,223,5.352,0,51368,0,2066,103,1.0,3.410605131648481e-13,1.0000000000000004,0.0,7.999999999999986,483264.00000000006,1920,0.9379661707377646,13096,0.9120740554225482,9736,0.9101439312539824,9488,0.9095838631631717,19048
960,uniform,12007,0.2,1.0,fixed,0.8635283296919071,0.1187257212818952,0,0,0,0.0,0,0,0,0,153,1.0,5.684341886080801e-13,1.0000000000000004,0.0,-1.0,138096.0,1920,0.8946848830379017,0,0.862906696081335,0,0.8635891292640241,0,0.8638087467111345,0
960,uniform,12007,0.2,1.0,pulse_only,0.9138441867703743,0.7129951402035148,104920,3582,2369,56.856,104920,0,3582,0,93,1.0,4.547473508864641e-13,1.0000000000000004,0.0,31.999999999999986,138096.0,1920,0.927944320060041,27456,0.9120309160999065,19912,0.9075504254343743,18768,0.9178977027736084,38784
960,uniform,12007,0.2,1.0,hybrid_75,0.9125172104871504,0.7772062639088333,82112,2807,1843,44.232,79000,3112,2686,121,100,1.0,4.547473508864641e-13,1.0000000000000004,0.0,23.999999999999986,138096.0,1920,0.9254706392472278,20248,0.9077615090620071,15264,0.9110233170402665,15776,0.9156420079231642,30824
960,uniform,12007,0.2,1.0,hybrid_50,0.9087887574256573,0.7283606743851878,62552,2158,1345,32.28,53432,9120,1807,351,106,1.0,6.821210263296962e-13,1.0000000000000004,0.0,23.999999999999986,138096.0,1920,0.9165990698505802,15952,0.9063241019853083,11440,0.9064014702632898,12232,0.9112147287270154,22928
960,uniform,12007,0.2,1.0,hybrid_25,0.9028081894801185,0.635821689284815,41184,1474,726,17.424,26552,14632,901,573,111,1.0,4.547473508864641e-13,1.0000000000000004,0.0,23.999999999999986,138096.0,1920,0.9173004684111484,11464,0.8952968974507967,7880,0.901629448632459,7272,0.9071532059186093,14568
960,uniform,12007,0.2,1.0,signal_only,0.8854941491141783,0.2977812642842566,25128,990,171,4.104,0,25128,0,990,133,1.0,4.547473508864641e-13,1.0000000000000002,0.0,23.999999999999986,138096.0,1920,0.9129607963821654,7008,0.8834866125762691,5072,0.8860382948940133,4400,0.8862258444932157,8648
960,uniform,12007,0.2,4.0,fixed,0.8635283296919071,0.1187257212818952,0,0,0,0.0,0,0,0,0,153,1.0,5.684341886080801e-13,1.0000000000000004,0.0,-1.0,483264.00000000006,1920,0.8946848830379017,0,0.862906696081335,0,0.8635891292640241,0,0.8638087467111345,0
960,uniform,12007,0.2,4.0,pulse_only,0.9240496726427615,0.8643926468334204,418168,14382,9125,219.0,418168,0,14382,0,95,1.0,6.821210263296962e-13,1.0000000000000004,0.0,7.999999999999986,483264.00000000006,1920,0.9376737517427013,106920,0.919833787081932,78648,0.9259844540679567,78360,0.9251902247105785,154240
960,uniform,12007,0.2,4.0,hybrid_75,0.9237816084658634,0.8333802653706542,324248,11244,6799,163.17600000000002,311416,12832,10726,518,89,1.0,6.821210263296962e-13,1.0000000000000004,0.0,7.999999999999986,483264.00000000006,1920,0.9356674855101037,82328,0.9210995085714563,61136,0.9217197247181914,61008,0.9261536002869032,119776
960,uniform,12007,0.2,4.0,hybrid_50,0.9203407962623024,0.8509814592265519,233872,8192,4658,111.792,208368,25504,7162,1030,94,1.0,4.547473508864641e-13,1.0000000000000002,0.0,7.999999999999986,483264.00000000006,1920,0.9361122314836158,59952,0.9160504600934705,43880,0.919446655160662,43944,0.9229330348975388,86096
960,uniform,12007,0.2,4.0,hybrid_25,0.9179965527985673,0.8206456736996766,143296,5144,2480,59.52,104480,38816,3573,1571,100,1.0,4.547473508864641e-13,1.0000000000000004,0.0,7.999999999999986,483264.00000000006,1920,0.9318214296421881,36600,0.9130966939338947,27880,0.9144625715738938,26776,0.9222134728432406,52040
960,uniform,12007,0.2,4.0,signal_only,0.8846418137611815,0.28358094524107663,63952,2612,158,3.7920000000000003,0,63952,0,2612,133,1.0,3.410605131648481e-13,1.0000000000000002,0.0,7.999999999999986,483264.00000000006,1920,0.9165857285173926,15320,0.884704942158636,12288,0.8845114509497558,12704,0.8846754309681669,23640
960,uniform,12008,0.2,1.0,fixed,0.8874702420530107,0.3609922624639531,0,0,0,0.0,0,0,0,0,117,1.0,6.821210263296962e-13,1.0000000000000002,0.0,-1.0,138096.0,1920,0.9082433096777259,0,0.8871267138937631,0,0.8875247708804422,0,0.8876147417189186,0
960,uniform,12008,0.2,1.0,pulse_only,0.9337857656976379,0.9165479523630732,107152,3582,2648,63.552,107152,0,3582,0,74,1.0,6.821210263296962e-13,1.0000000000000004,0.0,31.999999999999986,138096.0,1920,0.9430615418539224,26824,0.9336365685101674,20608,0.9332331995948573,20216,0.9341366473427636,39504
960,uniform,12008,0.2,1.0,hybrid_75,0.9331184330221616,0.9196531581954502,82512,2755,2049,49.176,80448,2064,2674,81,63,1.0,6.821210263296962e-13,1.0000000000000004,0.0,23.999999999999986,138096.0,1920,0.9359095989394165,20544,0.9288719212230732,15176,0.9294553073679817,15696,0.937073251748796,31096
960,uniform,12008,0.2,1.0,hybrid_50,0.9319387820824742,0.8772154249808446,59504,2012,1402,33.648,53504,6000,1780,232,71,1.0,6.821210263296962e-13,1.0000000000000004,0.0,23.999999999999986,138096.0,1920,0.9319047572395351,14744,0.9323415033035019,11640,0.9312386750337683,11232,0.9320874749963132,21888
960,uniform,12008,0.2,1.0,hybrid_25,0.9233600748770208,0.8505590128171308,37192,1296,761,18.264,26392,10800,873,423,76,1.0,6.821210263296962e-13,1.0000000000000004,0.0,23.999999999999986,138096.0,1920,0.9307655745901648,9776,0.9148504331947785,7320,0.9218746013690198,7664,0.9283576324721423,12432
960,uniform,12008,0.2,1.0,signal_only,0.905502871537956,0.6793684546488458,18504,732,117,2.8080000000000003,0,18504,0,732,99,1.0,3.410605131648481e-13,1.0000000000000004,0.0,23.999999999999986,138096.0,1920,0.9265299670158651,5528,0.9058530185745002,3408,0.9048352342785052,2824,0.9056616166494093,6744
960,uniform,12008,0.2,4.0,fixed,0.8874702420530107,0.3609922624639531,0,0,0,0.0,0,0,0,0,117,1.0,6.821210263296962e-13,1.0000000000000002,0.0,-1.0,483264.00000000006,1920,0.9082433096777259,0,0.8871267138937631,0,0.8875247708804422,0,0.8876147417189186,0
960,uniform,12008,0.2,4.0,pulse_only,0.941188438705033,0.9164353884901749,423648,14382,9810,235.44,423648,0,14382,0,63,1.0,9.094947017729282e-13,1.0000000000000004,0.0,7.999999999999986,483264.00000000006,1920,0.950519225715342,108216,0.9356756870309159,79192,0.943919719091145,78928,0.9425791743490358,157312
960,uniform,12008,0.2,4.0,hybrid_75,0.9403246786945225,0.941353178899475,325896,11126,7359,176.616,316352,9544,10746,380,61,1.0,6.821210263296962e-13,1.0000000000000004,0.0,7.999999999999986,483264.00000000006,1920,0.9486129499456473,82520,0.9366152111403463,61248,0.940588088330882,60728,0.9420477076534307,121400
960,uniform,12008,0.2,4.0,hybrid_50,0.9388805157340504,0.9134959061087419,231576,7949,5100,122.4,212040,19536,7167,782,71,1.0,6.821210263296962e-13,1.0000000000000004,0.0,7.999999999999986,483264.00000000006,1920,0.9491945972377854,58968,0.9365880671788033,43584,0.9385637445956794,43440,0.9401851255808593,85584
960,uniform,12008,0.2,4.0,hybrid_25,0.9377275410818319,0.9622033100663488,132392,4622,2683,64.392,106488,25904,3579,1043,66,1.0,6.821210263296962e-13,1.0000000000000002,0.0,7.999999999999986,483264.00000000006,1920,0.9427146312360863,33584,0.9333794376478505,25704,0.9377442411003739,24744,0.9398932427895517,48360
960,uniform,12008,0.2,4.0,signal_only,0.9073394550802691,0.6493793418233659,46936,1915,122,2.928,0,46936,0,1915,96,1.0,3.410605131648481e-13,1.0000000000000004,0.0,7.999999999999986,483264.00000000006,1920,0.9290346371550893,11800,0.9076834266304094,8840,0.907182111901064,8968,0.9072461408948014,17328
960,uniform,12009,0.2,1.0,fixed,0.8824710679333067,0.26532376729278806,0,0,0,0.0,0,0,0,0,134,1.0,3.410605131648481e-13,1.0000000000000004,0.0,-1.0,138096.0,1920,0.9122508580705725,0,0.8824361672632728,0,0.8824302667450813,0,0.8825089188624363,0
960,uniform,12009,0.2,1.0,pulse_only,0.9527870954595116,0.9321578408942901,107216,3581,2659,63.816,107216,0,3581,0,61,1.0,6.821210263296962e-13,1.0000000000000002,0.0,31.999999999999986,138096.0,1920,0.9488475010069578,27616,0.9500116249925216,20416,0.9506565701555889,19792,0.9552400933449676,39392
960,uniform,12009,0.2,1.0,hybrid_75,0.9401314762430081,0.8807378514486215,82344,2766,1995,47.88,79816,2528,2670,96,73,1.0,4.547473508864641e-13,1.0000000000000004,0.0,23.999999999999986,138096.0,1920,0.9386520125697158,20344,0.9364888871861237,15544,0.9411626534955259,16160,0.9414371821451915,30296
960,uniform,12009,0.2,1.0,hybrid_50,0.9441235776597737,0.8879058523702696,61296,2067,1461,35.064,54296,7000,1798,269,68,1.0,6.821210263296962e-13,1.0000000000000004,0.0,23.999999999999986,138096.0,1920,0.9336772161774218,15872,0.9317684825790009,11152,0.941171561935805,11936,0.9517771330621444,22336
960,uniform,12009,0.2,1.0,hybrid_25,0.9281142052791927,0.8752997299569885,38928,1371,753,18.072,26808,12120,902,469,80,1.0,3.410605131648481e-13,1.0000000000000004,0.0,23.999999999999986,138096.0,1920,0.9377784931316485,10880,0.9223147358152695,7144,0.9239229970479901,7000,0.933109544126756,13904
960,uniform,12009,0.2,1.0,signal_only,0.9051427535234856,0.5398988936506858,20928,826,138,3.3120000000000003,0,20928,0,826,115,1.0,3.410605131648481e-13,1.0000000000000004,0.0,23.999999999999986,138096.0,1920,0.9318207803951957,6224,0.9052633699117928,4696,0.9051350107974031,3128,0.9050863166923735,6880
960,uniform,12009,0.2,4.0,fixed,0.8824710679333067,0.26532376729278806,0,0,0,0.0,0,0,0,0,134,1.0,3.410605131648481e-13,1.0000000000000004,0.0,-1.0,483264.00000000006,1920,0.9122508580705725,0,0.8824361672632728,0,0.8824302667450813,0,0.8825089188624363,0
960,uniform,12009,0.2,4.0,pulse_only,0.9629286029787426,0.9729272157409161,425984,14381,10105,242.52,425984,0,14381,0,50,1.0,6.821210263296962e-13,1.0000000000000004,0.0,7.999999999999986,483264.00000000006,1920,0.9617690725981893,108384,0.9568608377737026,79720,0.961338294729123,80056,0.9667576397060724,157824
960,uniform,12009,0.2,4.0,hybrid_75,0.9606299142623513,0.9689931456322088,328640,11104,7768,186.43200000000002,319664,8976,10751,353,48,1.0,6.821210263296962e-13,1.0000000000000004,0.0,7.999999999999986,483264.00000000006,1920,0.9609817378527598,82472,0.9548371997067481,62368,0.9601941734488442,62240,0.9637441419469064,121560
960,uniform,12009,0.2,4.0,hybrid_50,0.9551409152687508,0.9307718793475691,231912,7917,5238,125.712,213040,18872,7170,747,53,1.0,4.547473508864641e-13,1.0000000000000004,0.0,7.999999999999986,483264.00000000006,1920,0.9576167081525814,59400,0.9496804559046702,43576,0.9522188022934405,43480,0.9593322014384463,85456
960,uniform,12009,0.2,4.0,hybrid_25,0.9522648331904562,0.9384686574620855,133464,4649,2736,65.664,106656,26808,3575,1074,68,1.0,5.684341886080801e-13,1.0000000000000002,0.0,7.999999999999986,483264.00000000006,1920,0.9546111976168168,34232,0.9478155398743439,25072,0.9524119227006536,24616,0.9544159350934137,49544
960,uniform,12009,0.2,4.0,signal_only,0.908899864014053,0.7611876713134426,59056,2403,173,4.152,0,59056,0,2403,122,1.0,3.410605131648481e-13,1.0000000000000004,0.0,7.999999999999986,483264.00000000006,1920,0.9329896692663874,14032,0.907481844575272,11936,0.907986150670648,11312,0.9100657304051459,21776
960,uniform,12010,0.2,1.0,fixed,0.8849441847234055,0.3810032571923301,0,0,0,0.0,0,0,0,0,131,1.0,4.547473508864641e-13,1.0000000000000004,0.0,-1.0,138096.0,1920,0.9064082933100336,0,0.8842046350228251,0,0.885062004942053,0,0.8852550494643722,0
960,uniform,12010,0.2,1.0,pulse_only,0.9455563960680602,0.9222222665528591,107608,3584,2699,64.776,107608,0,3584,0,57,1.0,6.821210263296962e-13,1.0000000000000004,0.0,31.999999999999986,138096.0,1920,0.9439192621408323,26448,0.9409637459179744,20608,0.9457638231894994,20072,0.9477490075823837,40480
960,uniform,12010,0.2,1.0,hybrid_75,0.9417563290244123,0.9199656622366705,82880,2768,2056,49.344,80640,2240,2681,87,68,1.0,6.821210263296962e-13,1.0000000000000004,0.0,23.999999999999986,138096.0,1920,0.9362854408211452,20232,0.933344603160875,15448,0.9424614854796454,15176,0.9456096137285642,32024
960,uniform,12010,0.2,1.0,hybrid_50,0.9393458864182056,0.8534994670925949,59752,2007,1448,34.752,53456,6296,1769,238,56,1.0,5.684341886080801e-13,1.0000000000000004,0.0,23.999999999999986,138096.0,1920,0.9321747637980585,14880,0.9322833947079527,11456,0.9378511207126408,11616,0.9436245151261146,21800
960,uniform,12010,0.2,1.0,hybrid_25,0.9339638324190424,0.9001597603540974,37584,1307,777,18.648,26032,11552,863,444,70,1.0,4.547473508864641e-13,1.0000000000000004,0.0,23.999999999999986,138096.0,1920,0.9311199394677422,9728,0.9256378417311713,7592,0.9337629100786335,8048,0.9382272889331825,12216
960,uniform,12010,0.2,1.0,signal_only,0.9079079546197414,0.8108256109159526,20272,802,128,3.072,0,20272,0,802,109,1.0,3.410605131648481e-13,1.0000000000000004,0.0,23.999999999999986,138096.0,1920,0.9268726574722752,6032,0.9055906570379283,4160,0.9082757524118462,3176,0.9088827045145953,6904
960,uniform,12010,0.2,4.0,fixed,0.8849441847234055,0.3810032571923301,0,0,0,0.0,0,0,0,0,131,1.0,4.547473508864641e-13,1.0000000000000004,0.0,-1.0,483264.00000000006,1920,0.9064082933100336,0,0.8842046350228251,0,0.885062004942053,0,0.8852550494643722,0
960,uniform,12010,0.2,4.0,pulse_only,0.9573597056340044,0.9832624004537229,427432,14384,10277,246.648,427432,0,14384,0,39,1.0,6.821210263296962e-13,1.0000000000000002,0.0,7.999999999999986,483264.00000000006,1920,0.9570864377884436,108400,0.953781132879728,80208,0.9542934551631446,79008,0.9606821172465723,159816
960,uniform,12010,0.2,4.0,hybrid_75,0.9544167078928296,0.9625514908397741,329872,11089,7967,191.208,321280,8592,10751,338,48,1.0,6.821210263296962e-13,1.0000000000000004,0.0,7.999999999999986,483264.00000000006,1920,0.9560708711724208,83056,0.9514094161275032,61104,0.9558824132534278,62032,0.955187501095194,123680
960,uniform,12010,0.2,4.0,hybrid_50,0.9515389165358248,0.9553506514283031,229784,7800,5323,127.75200000000001,213688,16096,7164,636,43,1.0,6.821210263296962e-13,1.0000000000000004,0.0,7.999999999999986,483264.00000000006,1920,0.952225896354009,57896,0.9437918435903782,43560,0.9515162930810366,42992,0.9554237647359423,85336
960,uniform,12010,0.2,4.0,hybrid_25,0.9507780575692244,0.9652371643682924,130928,4560,2686,64.464,106344,24584,3576,984,46,1.0,6.821210263296962e-13,1.0000000000000004,0.0,7.999999999999986,483264.00000000006,1920,0.9488543125110682,33152,0.9469466434257757,24808,0.9495290188045097,24712,0.953318284023306,48256
960,uniform,12010,0.2,4.0,signal_only,0.9092814926947621,0.8161010345137364,52056,2119,150,3.6,0,52056,0,2119,105,1.0,2.2737367544323206e-13,1.0000000000000004,0.0,7.999999999999986,483264.00000000006,1920,0.9305409414651235,13208,0.9095450035344468,9520,0.9088743397200998,10048,0.9093533137622513,19280
960,uniform,12011,0.2,1.0,fixed,0.860694575382161,0.08828349240200471,0,0,0,0.0,0,0,0,0,142,1.0,3.410605131648481e-13,1.0000000000000004,0.0,-1.0,138096.0,1920,0.8876433132511209,0,0.8602360427204703,0,0.8607272565555992,0,0.8609075011262873,0
960,uniform,12011,0.2,1.0,pulse_only,0.9152771690209417,0.8343883876385865,107216,3582,2656,63.744,107216,0,3582,0,75,1.0,6.821210263296962e-13,1.0000000000000004,0.0,31.999999999999986,138096.0,1920,0.9215039955075556,26480,0.9081785903093179,20664,0.9133879850129022,19848,0.9197710503807732,40224
960,uniform,12011,0.2,1.0,hybrid_75,0.9234160564021127,0.8526729532419,82816,2767,2051,49.224000000000004,80544,2272,2677,90,82,1.0,6.821210263296962e-13,1.0000000000000004,0.0,23.999999999999986,138096.0,1920,0.9215530487563878,20312,0.9203340770076995,15608,0.9219920755355466,15128,0.925669036532602,31768
960,uniform,12011,0.2,1.0,hybrid_50,0.9128244285998878,0.7890551399155104,60392,2055,1384,33.216,53680,6712,1792,263,82,1.0,4.547473508864641e-13,1.0000000000000004,0.0,23.999999999999986,138096.0,1920,0.910574346505877,15256,0.9050686907969352,11096,0.9152974683515929,11904,0.9154657776255111,22136
960,uniform,12011,0.2,1.0,hybrid_25,0.9066175301917214,0.766509550438669,38696,1364,745,17.88,25808,12888,869,495,86,1.0,4.547473508864641e-13,1.0000000000000002,0.0,23.999999999999986,138096.0,1920,0.91472481928909,9896,0.9009039504121532,8728,0.9060808710928887,7624,0.9097426496309217,12448
960,uniform,12011,0.2,1.0,signal_only,0.8924322435842686,0.4944567315877409,23216,911,169,4.056,0,23216,0,911,121,1.0,3.410605131648481e-13,1.0000000000000004,0.0,23.999999999999986,138096.0,1920,0.9098515806813985,7104,0.8910440902256795,5160,0.8934782634128089,3272,0.892603310349293,7680
960,uniform,12011,0.2,4.0,fixed,0.860694575382161,0.08828349240200471,0,0,0,0.0,0,0,0,0,142,1.0,3.410605131648481e-13,1.0000000000000004,0.0,-1.0,483264.00000000006,1920,0.8876433132511209,0,0.8602360427204703,0,0.8607272565555992,0,0.8609075011262873,0
960,uniform,12011,0.2,4.0,pulse_only,0.9289359274100806,0.9275507476491063,424584,14382,9927,238.24800000000002,424584,0,14382,0,63,1.0,6.821210263296962e-13,1.0000000000000004,0.0,7.999999999999986,483264.00000000006,1920,0.9339491004934736,108080,0.9253113441086449,79288,0.9258644649523092,78800,0.9322839502896839,158416
960,uniform,12011,0.2,4.0,hybrid_75,0.9312773878627656,0.9245742358811538,328192,11136,7616,182.784,318208,9984,10736,400,65,1.0,4.547473508864641e-13,1.0000000000000004,0.0,7.999999999999986,483264.00000000006,1920,0.9349140727692687,82456,0.9302990492099119,61928,0.9301547870931521,60784,0.9323278575739989,123024
960,uniform,12011,0.2,4.0,hybrid_50,0.9269039496432204,0.916875817901361,232800,7984,5148,123.552,212120,20680,7158,826,72,1.0,6.821210263296962e-13,1.0000000000000004,0.0,7.999999999999986,483264.00000000006,1920,0.9315387196017103,59304,0.9222681813979058,43408,0.9259608916503449,43680,0.9296933627623152,86408
960,uniform,12011,0.2,4.0,hybrid_25,0.9167986624073967,0.8836686868856736,138808,4883,2702,64.848,106400,32408,3571,1312,80,1.0,6.821210263296962e-13,1.0000000000000004,0.0,7.999999999999986,483264.00000000006,1920,0.9273094783066305,34320,0.912873159314383,26768,0.9170970366574672,25680,0.9186122268288681,52040
960,uniform,12011,0.2,4.0,signal_only,0.8918041683932633,0.4609959587276936,60488,2453,202,4.848,0,60488,0,2453,122,1.0,3.410605131648481e-13,1.0000000000000004,0.0,7.999999999999986,483264.00000000006,1920,0.914951916949703,16032,0.8929953613969065,10976,0.8912547462321184,11216,0.8914832829720141,22264
960,uniform,12012,0.2,1.0,fixed,0.9182448511225766,0.7899211840275123,0,0,0,0.0,0,0,0,0,93,1.0,4.547473508864641e-13,1.0000000000000004,0.0,-1.0,138096.0,1920,0.9351409339183293,0,0.9173864629645547,0,0.9182513163023129,0,0.9186708126117191,0
960,uniform,12012,0.2,1.0,pulse_only,0.9687917839767569,0.9889416900226604,108568,3587,2810,67.44,108568,0,3587,0,35,1.0,4.547473508864641e-13,1.0000000000000004,0.0,31.999999999999986,138096.0,1920,0.9677368490770301,27816,0.96671254620002,20904,0.9682898503791791,19656,0.9700823696639146,40192
960,uniform,12012,0.2,1.0,hybrid_75,0.9664415077785463,0.9927518598247999,82480,2729,2123,50.952,81016,1464,2673,56,40,1.0,4.547473508864641e-13,1.0000000000000002,0.0,23.999999999999986,138096.0,1920,0.9662051000745223,20920,0.9628021097068986,15312,0.9659651913134941,16224,0.9684993650468962,30024
960,uniform,12012,0.2,1.0,hybrid_50,0.9616137128177477,0.9899329493086706,58488,1950,1461,35.064,54376,4112,1793,157,42,1.0,4.547473508864641e-13,1.0000000000000004,0.0,23.999999999999986,138096.0,1920,0.9633815182925488,14472,0.9597708546743602,11408,0.9599601569051828,10768,0.9633619198457238,21840
960,uniform,12012,0.2,1.0,hybrid_25,0.9624509739259879,0.9904576239218524,34600,1167,824,19.776,27384,7216,899,268,37,1.0,4.547473508864641e-13,1.0000000000000002,0.0,23.999999999999986,138096.0,1920,0.9596420831016895,9584,0.9572877979570366,6000,0.9628526548528454,6944,0.9648317214470349,12072
960,uniform,12012,0.2,1.0,signal_only,0.9439934698128379,0.9416947286104987,14712,555,174,4.176,0,14712,0,555,66,1.0,3.410605131648481e-13,1.0000000000000002,0.0,23.999999999999986,138096.0,1920,0.9584570074482952,4616,0.9455136401311688,2976,0.9444942836897329,2696,0.942982977715225,4424
960,uniform,12012,0.2,4.0,fixed,0.9182448511225766,0.7899211840275123,0,0,0,0.0,0,0,0,0,93,1.0,4.547473508864641e-13,1.0000000000000004,0.0,-1.0,483264.00000000006,1920,0.9351409339183293,0,0.9173864629645547,0,0.9182513163023129,0,0.9186708126117191,0
960,uniform,12012,0.2,4.0,pulse_only,0.9732658672926293,0.9970779314343274,431688,14387,10800,259.2,431688,0,14387,0,34,1.0,4.547473508864641e-13,1.0000000000000004,0.0,7.999999999999986,483264.00000000006,1920,0.9799640678884111,109800,0.9714449149119035,80632,0.9734230098904126,80976,0.9740977721841007,160280
960,uniform,12012,0.2,4.0,hybrid_75,0.9731764446012254,0.9999999999999952,327704,10957,8092,194.208,323104,4600,10774,183,31,1.0,6.821210263296962e-13,1.0000000000000004,0.0,7.999999999999986,483264.00000000006,1920,0.9786584274734816,83064,0.9726375231888775,61560,0.9731980323712179,62144,0.9734351114224029,120936
960,uniform,12012,0.2,4.0,hybrid_50,0.9698772642517955,0.9965972316688503,225384,7562,5487,131.68800000000002,215624,9760,7177,385,28,1.0,4.547473508864641e-13,1.0000000000000004,0.0,7.999999999999986,483264.00000000006,1920,0.975902552763222,57512,0.9709878040957761,42720,0.968756795291366,41984,0.96988222881002,83168
960,uniform,12012,0.2,4.0,hybrid_25,0.9691560815715625,0.9952612533481789,124120,4221,2852,68.44800000000001,107792,16328,3580,641,32,1.0,4.547473508864641e-13,1.0000000000000004,0.0,7.999999999999986,483264.00000000006,1920,0.9727801113201606,32120,0.9671305855888446,24208,0.9686930957059784,22912,0.9704003224957135,44880
960,uniform,12012,0.2,4.0,signal_only,0.9468298812819259,0.9752073311297275,33632,1335,199,4.776,0,33632,0,1335,68,1.0,3.410605131648481e-13,1.0000000000000002,0.0,7.999999999999986,483264.00000000006,1920,0.9630551451949697,8904,0.9502813123464291,5848,0.9462610372986225,6296,0.945388587741326,12584
960,uniform,12013,0.2,1.0,fixed,0.8898650787576752,0.3230219967393595,0,0,0,0.0,0,0,0,0,108,1.0,6.821210263296962e-13,1.0000000000000002,0.0,-1.0,138096.0,1920,0.9118944148471009,0,0.8895629841669872,0,0.8898953889294786,0,0.8900009709671173,0
960,uniform,12013,0.2,1.0,pulse_only,0.9419480310029275,0.9095780246425362,107088,3590,2616,62.784,107088,0,3590,0,68,1.0,6.821210263296962e-13,1.0000000000000004,0.0,31.999999999999986,138096.0,1920,0.94754453932698,26920,0.9381164772899492,20120,0.9418167494473436,20104,0.9439294486372084,39944
960,uniform,12013,0.2,1.0,hybrid_75,0.9388725506501953,0.8566309179292186,82416,2768,1998,47.952,80184,2232,2681,87,62,1.0,6.821210263296962e-13,1.0000000000000004,0.0,23.999999999999986,138096.0,1920,0.9427121031090113,20768,0.9332856000720756,14848,0.936847603263278,15424,0.9426784996327139,31376
960,uniform,12013,0.2,1.0,hybrid_50,0.9397450458281663,0.915426659251738,59896,2034,1385,33.24,53256,6640,1783,251,63,1.0,4.547473508864641e-13,1.0000000000000004,0.0,23.999999999999986,138096.0,1920,0.9403500354902591,14872,0.9386128095418862,11712,0.9379826068949627,11456,0.9411923834379082,21856
960,uniform,12013,0.2,1.0,hybrid_25,0.9333310682718122,0.9006955137551256,37544,1310,763,18.312,26040,11504,874,436,75,1.0,4.547473508864641e-13,1.0000000000000004,0.0,23.999999999999986,138096.0,1920,0.9400911259498912,9720,0.9275795707214622,7976,0.9324085805010942,7424,0.9366680609323463,12424
960,uniform,12013,0.2,1.0,signal_only,0.9171353145475794,0.8063926867180395,19016,739,160,3.84,0,19016,0,739,101,1.0,3.410605131648481e-13,1.0000000000000004,0.0,23.999999999999986,138096.0,1920,0.9380590217988232,5920,0.9177088668013617,3624,0.9172094592779886,2824,0.9168114660554837,6648
960,uniform,12013,0.2,4.0,fixed,0.8898650787576752,0.3230219967393595,0,0,0,0.0,0,0,0,0,108,1.0,6.821210263296962e-13,1.0000000000000002,0.0,-1.0,483264.00000000006,1920,0.9118944148471009,0,0.8895629841669872,0,0.8898953889294786,0,0.8900009709671173,0
960,uniform,12013,0.2,4.0,pulse_only,0.9503413929581694,0.9525039369350263,420704,14390,9418,226.032,420704,0,14390,0,60,1.0,6.821210263296962e-13,1.0000000000000004,0.0,7.999999999999986,483264.00000000006,1920,0.9632364903594237,108400,0.9473942747067785,78880,0.9492036155839008,77880,0.9523838407709995,155544
960,uniform,12013,0.2,4.0,hybrid_75,0.9498247843774233,0.9540269901141736,325896,11111,7404,177.696,316536,9360,10742,369,67,1.0,6.821210263296962e-13,1.0000000000000002,0.0,7.999999999999986,483264.00000000006,1920,0.9621045426839832,82952,0.9485195321371903,60896,0.9493052744730276,60544,0.9507371654497377,121504
960,uniform,12013,0.2,4.0,hybrid_50,0.9454988213567231,0.9005564691576876,229456,7904,4970,119.28,210888,18568,7170,734,61,1.0,6.821210263296962e-13,1.0000000000000004,0.0,7.999999999999986,483264.00000000006,1920,0.954694375416795,58808,0.9360334980864585,43200,0.9444136092312014,43056,0.9507740890546164,84392
960,uniform,12013,0.2,4.0,hybrid_25,0.942889708462238,0.932519131980774,133888,4704,2624,62.976,105672,28216,3582,1122,66,1.0,6.821210263296962e-13,1.0000000000000002,0.0,7.999999999999986,483264.00000000006,1920,0.9521730416789602,34112,0.9377180104759327,25264,0.9420011088527765,24928,0.9459198572601212,49584
960,uniform,12013,0.2,4.0,signal_only,0.9202976935581526,0.8321392344648874,48408,1949,204,4.896,0,48408,0,1949,100,1.0,3.410605131648481e-13,1.0000000000000004,0.0,7.999999999999986,483264.00000000006,1920,0.9414842134040731,12360,0.9211209413487323,8872,0.9204240605148143,9112,0.919822886184532,18064
960,uniform,12014,0.2,1.0,fixed,0.9123215203150136,0.8224767916495614,0,0,0,0.0,0,0,0,0,101,1.0,4.547473508864641e-13,1.0000000000000004,0.0,-1.0,138096.0,1920,0.9333999969845568,0,0.911711936714537,0,0.9122219982333091,0,0.9126760731561042,0
960,uniform,12014,0.2,1.0,pulse_only,0.9635689063746166,0.9766519005521069,108256,3582,2786,66.864,108256,0,3582,0,40,1.0,4.547473508864641e-13,1.0000000000000004,0.0,31.999999999999986,138096.0,1920,0.9622868983411788,27472,0.9573660637769431,20624,0.9613443477477731,19680,0.967782606986875,40480
960,uniform,12014,0.2,1.0,hybrid_75,0.9621633344804391,0.9983746061864063,82440,2731,2112,50.688,81256,1184,2683,48,40,1.0,6.821210263296962e-13,1.0000000000000002,0.0,23.999999999999986,138096.0,1920,0.9594147610282681,20560,0.9576900634692446,15680,0.9587210041003024,15832,0.9661211351761048,30368
960,uniform,12014,0.2,1.0,hybrid_50,0.959536534510696,0.9618870228809031,58672,1956,1466,35.184,54120,4552,1783,173,54,1.0,4.547473508864641e-13,1.0000000000000004,0.0,23.999999999999986,138096.0,1920,0.9602465234722202,14568,0.9533943179813028,11120,0.9582203745947298,11416,0.9632657227333756,21568
960,uniform,12014,0.2,1.0,hybrid_25,0.9540296328902191,0.9785209410144242,34792,1186,791,18.984,26928,7864,889,297,47,1.0,4.547473508864641e-13,1.0000000000000002,0.0,23.999999999999986,138096.0,1920,0.9569624758655911,9592,0.9478942006613499,6536,0.9531746619469907,6776,0.9575248344762678,11888
960,uniform,12014,0.2,1.0,signal_only,0.9344265807006094,0.923932043380256,14992,577,143,3.432,0,14992,0,577,76,1.0,2.2737367544323206e-13,1.0000000000000004,0.0,23.999999999999986,138096.0,1920,0.951811393183803,4280,0.9343169171616148,3504,0.9347295483510756,2440,0.9343299286448735,4768
960,uniform,12014,0.2,4.0,fixed,0.9123215203150136,0.8224767916495614,0,0,0,0.0,0,0,0,0,101,1.0,4.547473508864641e-13,1.0000000000000004,0.0,-1.0,483264.00000000006,1920,0.9333999969845568,0,0.911711936714537,0,0.9122219982333091,0,0.9126760731561042,0
960,uniform,12014,0.2,4.0,pulse_only,0.9703592096052664,0.9972645320565854,427928,14382,10345,248.28,427928,0,14382,0,43,1.0,4.547473508864641e-13,1.0000000000000004,0.0,7.999999999999986,483264.00000000006,1920,0.9739413266473875,109448,0.9666300104031413,80064,0.9717188610740651,79480,0.9715439834719298,158936
960,uniform,12014,0.2,4.0,hybrid_75,0.9704040863502831,0.9867997542604238,325400,11010,7645,183.48,319024,6376,10757,253,43,1.0,4.547473508864641e-13,1.0000000000000004,0.0,7.999999999999986,483264.00000000006,1920,0.9743230397935843,82936,0.9693888688076271,61104,0.9688142732560432,61408,0.9717066016687309,119952
960,uniform,12014,0.2,4.0,hybrid_50,0.9654019778119817,0.9914073497596557,225784,7671,5210,125.04,213336,12448,7176,495,42,1.0,6.821210263296962e-13,1.0000000000000004,0.0,7.999999999999986,483264.00000000006,1920,0.9691360901239744,57640,0.9621504837552292,42768,0.9658985843021628,41952,0.9667794215952675,83424
960,uniform,12014,0.2,4.0,hybrid_25,0.9612366563758454,0.9918039924031777,127232,4376,2776,66.624,107264,19968,3575,801,50,1.0,4.547473508864641e-13,1.0000000000000004,0.0,7.999999999999986,483264.00000000006,1920,0.9646317040892229,32824,0.9588135306740401,24448,0.9599180545845662,23168,0.9631075201223878,46792
960,uniform,12014,0.2,4.0,signal_only,0.9347882242637462,0.9251752859570425,38024,1524,181,4.344,0,38024,0,1524,77,1.0,3.410605131648481e-13,1.0000000000000002,0.0,7.999999999999986,483264.00000000006,1920,0.9545925767798351,9816,0.9353873274439691,7144,0.9346545671921715,7152,0.9345555012094222,13912
960,uniform,12015,0.2,1.0,fixed,0.89548001524362,0.4753389944194246,0,0,0,0.0,0,0,0,0,117,1.0,4.547473508864641e-13,1.0000000000000004,0.0,-1.0,138096.0,1920,0.917756169817699,0,0.8953570767669169,0,0.8954871373908084,0,0.8955379234083773,0
960,uniform,12015,0.2,1.0,pulse_only,0.9653168639994926,0.961326608706286,108328,3577,2810,67.44,108328,0,3577,0,42,1.0,6.821210263296962e-13,1.0000000000000004,0.0,31.999999999999986,138096.0,1920,0.9625124774280314,27240,0.9620489122843452,20416,0.9635071327995098,20200,0.9678557054570576,40472
960,uniform,12015,0.2,1.0,hybrid_75,0.9670250413120487,0.9637197770103787,82760,2732,2149,51.576,80584,2176,2651,81,45,1.0,6.821210263296962e-13,1.0000000000000004,0.0,23.999999999999986,138096.0,1920,0.9565372264345899,20416,0.9623620863504759,15120,0.9660128118261776,16392,0.9698626335357708,30832
960,uniform,12015,0.2,1.0,hybrid_50,0.9576055203703382,0.9167460066887189,60264,2013,1494,35.856,53784,6480,1775,238,55,1.0,4.547473508864641e-13,1.0000000000000004,0.0,23.999999999999986,138096.0,1920,0.9443408080550562,14672,0.9476377384211655,11648,0.9549812627947077,11576,0.9639015401327395,22368
960,uniform,12015,0.2,1.0,hybrid_25,0.9538525812395815,0.9354029678238931,37168,1274,824,19.776,26640,10528,880,394,60,1.0,6.821210263296962e-13,1.0000000000000004,0.0,23.999999999999986,138096.0,1920,0.9460753526831525,9864,0.9436481427499817,7360,0.9525760405458266,6688,0.9595930708312592,13256
960,uniform,12015,0.2,1.0,signal_only,0.922379367683855,0.8042290520553441,19128,747,150,3.6,0,19128,0,747,98,1.0,3.410605131648481e-13,1.0000000000000004,0.0,23.999999999999986,138096.0,1920,0.9401456795693541,5512,0.9223284074052107,4064,0.9215085492829741,3016,0.9228402570236176,6536
960,uniform,12015,0.2,4.0,fixed,0.89548001524362,0.4753389944194246,0,0,0,0.0,0,0,0,0,117,1.0,4.547473508864641e-13,1.0000000000000004,0.0,-1.0,483264.00000000006,1920,0.917756169817699,0,0.8953570767669169,0,0.8954871373908084,0,0.8955379234083773,0
960,uniform,12015,0.2,4.0,pulse_only,0.9769934491739233,0.9655220150772484,428536,14377,10436,250.464,428536,0,14377,0,45,1.0,6.821210263296962e-13,1.0000000000000004,0.0,7.999999999999986,483264.00000000006,1920,0.9779608779815357,109448,0.9733505479368438,79904,0.9773878754522456,79824,0.9786176866533018,159360
960,uniform,12015,0.2,4.0,hybrid_75,0.9766990023963666,0.9846137239525996,328040,11009,7978,191.472,321600,6440,10761,248,32,1.0,6.821210263296962e-13,1.0000000000000004,0.0,7.999999999999986,483264.00000000006,1920,0.9751149705979314,82272,0.9718450522968659,62104,0.9749532622615268,62040,0.9799988475135366,121624
960,uniform,12015,0.2,4.0,hybrid_50,0.9752433417182061,0.9824859334085498,228224,7680,5488,131.712,214712,13512,7170,510,30,1.0,6.821210263296962e-13,1.0000000000000004,0.0,7.999999999999986,483264.00000000006,1920,0.9715339236580766,58344,0.9698256286826006,43464,0.9743801477176078,42328,0.9783837952363081,84088
960,uniform,12015,0.2,4.0,hybrid_25,0.9691097315119453,0.9827830504157989,128904,4395,2928,70.272,107768,21136,3575,820,37,1.0,4.547473508864641e-13,1.0000000000000004,0.0,7.999999999999986,483264.00000000006,1920,0.9622006048871292,33808,0.9622319225919873,23968,0.9639782919314785,24480,0.9751143557621575,46648
960,uniform,12015,0.2,4.0,signal_only,0.9253504208838974,0.8469829257822022,48992,1980,184,4.416,0,48992,0,1980,98,1.0,3.410605131648481e-13,1.0000000000000002,0.0,7.999999999999986,483264.00000000006,1920,0.9445820813706498,12048,0.9245677011535671,9584,0.9251781131590533,9280,0.9258279346114844,18080
960,uniform,12016,0.2,1.0,fixed,0.9165200916136992,0.7644856151186452,0,0,0,0.0,0,0,0,0,85,1.0,4.547473508864641e-13,1.0000000000000002,0.0,-1.0,138096.0,1920,0.9343258057122749,0,0.9168387578075252,0,0.9163748407685058,0,0.9164333839393828,0
960,uniform,12016,0.2,1.0,pulse_only,0.9593767351802613,0.9590820618600208,106936,3587,2606,62.544000000000004,106936,0,3587,0,49,1.0,4.547473508864641e-13,1.0000000000000004,0.0,31.999999999999986,138096.0,1920,0.9648756608617098,28064,0.9575799096868475,20672,0.9598896147808839,19400,0.9600187081266573,38800
960,uniform,12016,0.2,1.0,hybrid_75,0.9606057556824636,0.99148582893922,82376,2744,2065,49.56,80872,1504,2687,57,44,1.0,6.821210263296962e-13,1.0000000000000004,0.0,23.999999999999986,138096.0,1920,0.9669482239982641,20824,0.9561191888476541,15416,0.9584329843897424,16384,0.963935424746229,29752
960,uniform,12016,0.2,1.0,hybrid_50,0.9562028814936356,0.9859864368901775,59176,1976,1469,35.256,54664,4512,1805,171,47,1.0,6.821210263296962e-13,1.0000000000000004,0.0,23.999999999999986,138096.0,1920,0.9625970536316307,14744,0.9559246008889138,11320,0.9561664430378428,11312,0.9563602410238928,21800
960,uniform,12016,0.2,1.0,hybrid_25,0.9590522805540437,0.9811995511401285,35552,1201,841,20.184,27664,7888,911,290,43,1.0,4.547473508864641e-13,1.0000000000000004,0.0,23.999999999999986,138096.0,1920,0.960938886003372,9856,0.9539048541383583,6360,0.9574151290111123,6936,0.9624445695333522,12400
960,uniform,12016,0.2,1.0,signal_only,0.9387663619230654,0.9433736390056183,14816,558,178,4.272,0,14816,0,558,70,1.0,3.410605131648481e-13,1.0000000000000002,0.0,23.999999999999986,138096.0,1920,0.9541740369405627,4808,0.9399948119092795,2800,0.9397088201693152,2576,0.9376809078068336,4632
960,uniform,12016,0.2,4.0,fixed,0.9165200916136992,0.7644856151186452,0,0,0,0.0,0,0,0,0,85,1.0,4.547473508864641e-13,1.0000000000000002,0.0,-1.0,483264.00000000006,1920,0.9343258057122749,0,0.9168387578075252,0,0.9163748407685058,0,0.9164333839393828,0
960,uniform,12016,0.2,4.0,pulse_only,0.9682463683487088,0.9848428764305946,424712,14387,9928,238.272,424712,0,14387,0,42,1.0,6.821210263296962e-13,1.0000000000000004,0.0,7.999999999999986,483264.00000000006,1920,0.9817039797466319,109680,0.9666118024754815,79936,0.9655977942588357,78704,0.9703879383302588,156392
960,uniform,12016,0.2,4.0,hybrid_75,0.9676144427577987,0.9946637342210747,322592,11001,7321,175.704,316656,5936,10766,235,47,1.0,6.821210263296962e-13,1.0000000000000002,0.0,7.999999999999986,483264.00000000006,1920,0.9775336835407863,83112,0.9680034973276322,60520,0.9667578685298108,60616,0.9678482025868761,118344
960,uniform,12016,0.2,4.0,hybrid_50,0.9631905773507846,0.9847479686849919,225304,7683,5114,122.736,212128,13176,7176,507,35,1.0,4.547473508864641e-13,1.0000000000000004,0.0,7.999999999999986,483264.00000000006,1920,0.9740535443113325,58224,0.9582985641810128,43120,0.9603166961713249,42080,0.9670735245254005,81880
960,uniform,12016,0.2,4.0,hybrid_25,0.962953940627266,0.9895471993092818,125240,4320,2695,64.68,106480,18760,3580,740,54,1.0,6.821210263296962e-13,1.0000000000000004,0.0,7.999999999999986,483264.00000000006,1920,0.9728554032598542,32440,0.9633156729915981,23960,0.9646148335601626,22784,0.9619426279786518,46056
960,uniform,12016,0.2,4.0,signal_only,0.93934822387168,0.9442697599672112,38016,1517,201,4.824,0,38016,0,1517,80,1.0,3.410605131648481e-13,1.0000000000000002,0.0,7.999999999999986,483264.00000000006,1920,0.9594461166554917,9424,0.9418297645366054,6768,0.9390071083597846,7168,0.9382780112951652,14656
960,uniform,12017,0.2,1.0,fixed,0.8863396046326985,0.23681037495834453,0,0,0,0.0,0,0,0,0,116,1.0,4.547473508864641e-13,1.0000000000000004,0.0,-1.0,138096.0,1920,0.9076109327469121,0,0.8855812788245914,0,0.8863393146227357,0,0.8867189125417334,0
960,uniform,12017,0.2,1.0,pulse_only,0.9367234336891045,0.8905936119971586,107344,3572,2702,64.848,107344,0,3572,0,70,1.0,6.821210263296962e-13,1.0000000000000004,0.0,31.999999999999986,138096.0,1920,0.9399030985565449,27176,0.9372038254395969,20376,0.9377636800408138,20032,0.935963114638004,39760
960,uniform,12017,0.2,1.0,hybrid_75,0.9395091755919766,0.9395697294320515,82744,2748,2099,50.376,80456,2288,2661,87,58,1.0,6.821210263296962e-13,1.0000000000000004,0.0,23.999999999999986,138096.0,1920,0.9340059069431053,20048,0.9366490169083611,15632,0.9378956520571273,15912,0.9417460167012088,31152
960,uniform,12017,0.2,1.0,hybrid_50,0.9307622802923996,0.8808277082383101,59736,2028,1383,33.192,53448,6288,1785,243,76,1.0,6.821210263296962e-13,1.0000000000000004,0.0,23.999999999999986,138096.0,1920,0.9285298253220509,14688,0.9242727582474514,11480,0.9317912209250595,11752,0.933492570998544,21816
960,uniform,12017,0.2,1.0,hybrid_25,0.929023701990841,0.8837058248604072,37880,1325,760,18.240000000000002,26432,11448,883,442,75,1.0,6.821210263296962e-13,1.0000000000000004,0.0,23.999999999999986,138096.0,1920,0.9317619771259202,9440,0.9203852273331191,7864,0.9301971091846319,7016,0.9327562357228064,13560
960,uniform,12017,0.2,1.0,signal_only,0.906757039687554,0.8074174752766062,18248,726,103,2.472,0,18248,0,726,102,1.0,3.410605131648481e-13,1.0000000000000004,0.0,23.999999999999986,138096.0,1920,0.927991976123406,5712,0.9066477217604517,3280,0.9068074097797997,2784,0.9067865136049821,6472
960,uniform,12017,0.2,4.0,fixed,0.8863396046326985,0.23681037495834453,0,0,0,0.0,0,0,0,0,116,1.0,4.547473508864641e-13,1.0000000000000004,0.0,-1.0,483264.00000000006,1920,0.9076109327469121,0,0.8855812788245914,0,0.8863393146227357,0,0.8867189125417334,0
960,uniform,12017,0.2,4.0,pulse_only,0.9453773756807834,0.9455853755953336,424728,14372,9975,239.4,424728,0,14372,0,59,1.0,6.821210263296962e-13,1.0000000000000004,0.0,7.999999999999986,483264.00000000006,1920,0.9542081550523918,108368,0.9419507361091205,79928,0.9480800826846877,79520,0.9457393419646627,156912
960,uniform,12017,0.2,4.0,hybrid_75,0.9406227667837438,0.9492743419175602,326808,11099,7554,181.296,317592,9216,10735,364,59,1.0,6.821210263296962e-13,1.0000000000000004,0.0,7.999999999999986,483264.00000000006,1920,0.9481388052349315,82112,0.940542721926308,61752,0.9405312799704565,61440,0.9407085326191054,121504
960,uniform,12017,0.2,4.0,hybrid_50,0.9419296536869413,0.960038053330812,230496,7872,5196,124.70400000000001,212208,18288,7156,716,58,1.0,6.821210263296962e-13,1.0000000000000004,0.0,7.999999999999986,483264.00000000006,1920,0.9481952907268087,58752,0.9406779541178846,43752,0.9410309464071069,42888,0.9430048571113873,85104
960,uniform,12017,0.2,4.0,hybrid_25,0.9428720216640608,0.9568527912999755,133528,4618,2837,68.08800000000001,106896,26632,3565,1053,64,1.0,5.684341886080801e-13,1.0000000000000002,0.0,7.999999999999986,483264.00000000006,1920,0.9432072397718803,34112,0.9388147041462366,25096,0.9424815229807166,24896,0.9450959297646451,49424
960,uniform,12017,0.2,4.0,signal_only,0.9108005469502066,0.7810085713992246,47616,1942,126,3.024,0,47616,0,1942,97,1.0,3.410605131648481e-13,1.0000000000000004,0.0,7.999999999999986,483264.00000000006,1920,0.9290333694062448,12360,0.9115208457268746,8456,0.9107945094253321,9064,0.9104434163243096,17736
960,uniform,12018,0.2,1.0,fixed,0.8799597797675062,0.21446398693317134,0,0,0,0.0,0,0,0,0,128,1.0,4.547473508864641e-13,1.0000000000000002,0.0,-1.0,138096.0,1920,0.9023202891776533,0,0.8789978221264684,0,0.8800323002550632,0,0.8804044983442464,0
960,uniform,12018,0.2,1.0,pulse_only,0.9603951445251142,0.9556446214468775,108064,3580,2768,66.432,108064,0,3580,0,42,1.0,6.821210263296962e-13,1.0000000000000004,0.0,31.999999999999986,138096.0,1920,0.9479426583229238,27176,0.9522479405982608,20984,0.9599498391807754,19664,0.9646913991607103,40240
960,uniform,12018,0.2,1.0,hybrid_75,0.9630672584560739,0.9657237407403014,83056,2755,2117,50.808,81240,1816,2685,70,46,1.0,6.821210263296962e-13,1.0000000000000004,0.0,23.999999999999986,138096.0,1920,0.9462283604357243,20696,0.9596276615643458,16024,0.9616559574639866,15792,0.9654927073979818,30544
960,uniform,12018,0.2,1.0,hybrid_50,0.958985550347526,0.9678567168063525,60240,2005,1515,36.36,54952,5288,1809,196,52,1.0,5.684341886080801e-13,1.0000000000000004,0.0,23.999999999999986,138096.0,1920,0.9424268695150384,15424,0.9513702100112256,10824,0.9566967193786456,12272,0.9639376360001164,21720
960,uniform,12018,0.2,1.0,hybrid_25,0.9444533093676942,0.9335584327509223,37624,1294,821,19.704,26616,11008,878,416,60,1.0,3.410605131648481e-13,1.0000000000000004,0.0,23.999999999999986,138096.0,1920,0.9354646368576224,10688,0.9361023568977366,7560,0.9438512588890303,6520,0.9489298108420048,12856
960,uniform,12018,0.2,1.0,signal_only,0.9156169494012478,0.7776143045502113,18264,704,171,4.104,0,18264,0,704,92,1.0,3.410605131648481e-13,1.0000000000000004,0.0,23.999999999999986,138096.0,1920,0.9316399302618655,5968,0.9151247140337706,3600,0.9159247241575162,2600,0.9157091797068523,6096
960,uniform,12018,0.2,4.0,fixed,0.8799597797675062,0.21446398693317134,0,0,0,0.0,0,0,0,0,128,1.0,4.547473508864641e-13,1.0000000000000002,0.0,-1.0,483264.00000000006,1920,0.9023202891776533,0,0.8789978221264684,0,0.8800323002550632,0,0.8804044983442464,0
960,uniform,12018,0.2,4.0,pulse_only,0.9702684732637886,0.9854925432728953,424528,14380,9926,238.22400000000002,424528,0,14380,0,47,1.0,4.547473508864641e-13,1.0000000000000004,0.0,7.999999999999986,483264.00000000006,1920,0.967450564224598,109376,0.9688414982292569,80104,0.9679820138163702,79104,0.9721251905047636,155944
960,uniform,12018,0.2,4.0,hybrid_75,0.9670359609173064,0.9738142114213177,326304,11050,7638,183.312,318744,7560,10760,290,37,1.0,4.547473508864641e-13,1.0000000000000004,0.0,7.999999999999986,483264.00000000006,1920,0.967634342348621,83064,0.9643536876959083,62024,0.9638198081740097,61616,0.9699851738996534,119600
960,uniform,12018,0.2,4.0,hybrid_50,0.9652668885077427,0.9708477358922499,226296,7722,5121,122.904,211976,14320,7165,557,44,1.0,6.821210263296962e-13,1.0000000000000004,0.0,7.999999999999986,483264.00000000006,1920,0.9625667694866878,58792,0.9620217168414124,43032,0.9670615640497287,41448,0.965992136569915,83024
960,uniform,12018,0.2,4.0,hybrid_25,0.9663674551651873,0.9750976498970918,128872,4410,2879,69.096,107432,21440,3575,835,48,1.0,4.547473508864641e-13,1.0000000000000004,0.0,7.999999999999986,483264.00000000006,1920,0.9609608829624592,33104,0.9650298440569008,24672,0.9645368698317636,23824,0.9679515533860423,47272
960,uniform,12018,0.2,4.0,signal_only,0.9171442504638724,0.8630131760627234,43864,1771,170,4.08,0,43864,0,1771,87,1.0,3.410605131648481e-13,1.0000000000000004,0.0,7.999999999999986,483264.00000000006,1920,0.93518212462663,12168,0.9181185309489941,8080,0.9171963574745011,8112,0.916631056715997,15504
960,uniform,12019,0.2,1.0,fixed,0.8678430254295203,0.15072218683226885,0,0,0,0.0,0,0,0,0,144,1.0,3.410605131648481e-13,1.0000000000000004,0.0,-1.0,138096.0,1920,0.8965441199887146,0,0.8674946174777327,0,0.8678983061545035,0,0.8679895890429224,0
960,uniform,12019,0.2,1.0,pulse_only,0.9230538998069193,0.847719074544177,106608,3583,2577,61.848,106608,0,3583,0,81,1.0,4.547473508864641e-13,1.0000000000000004,0.0,31.999999999999986,138096.0,1920,0.9253390617137032,26608,0.9162129937658944,20304,0.9249445842918108,19896,0.925529010584986,39800
960,uniform,12019,0.2,1.0,hybrid_75,0.9220992721070883,0.8886900200574113,81800,2753,1966,47.184,79728,2072,2670,83,69,1.0,4.547473508864641e-13,1.0000000000000002,0.0,23.999999999999986,138096.0,1920,0.9240451560829065,20544,0.9168758680647864,14800,0.9193523126945985,15072,0.9260844538344842,31384
960,uniform,12019,0.2,1.0,hybrid_50,0.9260666282123906,0.8777609375446664,59768,2034,1369,32.856,53144,6624,1779,255,65,1.0,6.821210263296962e-13,1.0000000000000004,0.0,23.999999999999986,138096.0,1920,0.92333200862945,14712,0.9173967077108064,11576,0.9214572532420785,11536,0.9327062759483385,21944
960,uniform,12019,0.2,1.0,hybrid_25,0.9122885208832824,0.7919545806746219,39440,1388,766,18.384,26000,13440,872,516,79,1.0,4.547473508864641e-13,1.0000000000000004,0.0,23.999999999999986,138096.0,1920,0.9176598784131061,9496,0.9018760951499959,8624,0.9096098105291133,7408,0.9188340889270101,13912
960,uniform,12019,0.2,1.0,signal_only,0.8882265690009178,0.3139686276467011,22920,901,162,3.888,0,22920,0,901,119,1.0,2.2737367544323206e-13,1.0000000000000004,0.0,23.999999999999986,138096.0,1920,0.916481112686707,6840,0.8877080993809332,4528,0.8880094450133212,3816,0.8885943658047083,7736
960,uniform,12019,0.2,4.0,fixed,0.8678430254295203,0.15072218683226885,0,0,0,0.0,0,0,0,0,144,1.0,3.410605131648481e-13,1.0000000000000004,0.0,-1.0,483264.00000000006,1920,0.8965441199887146,0,0.8674946174777327,0,0.8678983061545035,0,0.8679895890429224,0
960,uniform,12019,0.2,4.0,pulse_only,0.9364366938020271,0.9472495717178528,421760,14383,9571,229.704,421760,0,14383,0,60,1.0,6.821210263296962e-13,1.0000000000000004,0.0,7.999999999999986,483264.00000000006,1920,0.9451146169331224,107968,0.9304626753949414,78640,0.9361111078891083,78808,0.9395864959620297,156344
960,uniform,12019,0.2,4.0,hybrid_75,0.9317000306579644,0.8954457198909495,324616,11143,7148,171.552,314512,10104,10739,404,63,1.0,6.821210263296962e-13,1.0000000000000004,0.0,7.999999999999986,483264.00000000006,1920,0.9378180581665931,81280,0.9250332456087164,61096,0.9287980849472105,60848,0.9364843960379652,121392
960,uniform,12019,0.2,4.0,hybrid_50,0.9361601467709647,0.9139795006601283,231248,7971,4993,119.83200000000001,211024,20224,7166,805,74,1.0,6.821210263296962e-13,1.0000000000000004,0.0,7.999999999999986,483264.00000000006,1920,0.9379692345715714,58800,0.9331975008080747,43112,0.9339835328172312,43504,0.9387297767292763,85832
960,uniform,12019,0.2,4.0,hybrid_25,0.9283405610931286,0.8923657813474899,137816,4850,2677,64.248,106024,31792,3580,1270,70,1.0,6.821210263296962e-13,1.0000000000000004,0.0,7.999999999999986,483264.00000000006,1920,0.9314270467455796,35128,0.9223375195155571,26424,0.9260206069229008,25632,0.9325020589670281,50632
960,uniform,12019,0.2,4.0,signal_only,0.8898453220310025,0.27991580694899776,58944,2391,195,4.68,0,58944,0,2391,118,1.0,3.410605131648481e-13,1.0000000000000004,0.0,7.999999999999986,483264.00000000006,1920,0.9181361080549635,14680,0.889676425042468,11312,0.8902336255370775,11040,0.8897356187722322,21912
960,persistent_damage,12000,0.2,1.0,fixed,0.6702192083551324,0.00033777539966492633,0,0,0,0.0,0,0,0,0,343,1.0,3.410605131648481e-13,1.0000000000000004,0.0,-1.0,138096.0,1920,0.8986137803396945,0,0.7136205404331402,0,0.6592586991990621,0,0.6539987968941636,0
960,persistent_damage,12000,0.2,1.0,pulse_only,0.8208690213798711,0.13168427050080195,104120,3580,2275,54.6,104120,0,3580,0,170,1.0,3.410605131648481e-13,1.0000000000000004,0.0,31.999999999999986,138096.0,1920,0.9272198015714553,26880,0.8065488707383819,19656,0.8098146794064128,18920,0.8335562676873449,38664
960,persistent_damage,12000,0.2,1.0,hybrid_75,0.8151594882262275,0.14178978332830489,82824,2879,1716,41.184,77576,5248,2672,207,173,1.0,3.410605131648481e-13,1.0000000000000004,0.0,23.999999999999986,138096.0,1920,0.9286053077130555,20352,0.801890404550975,14808,0.8037838006604675,16672,0.8274818738467338,30992
960,persistent_damage,12000,0.2,1.0,hybrid_50,0.8020449866795256,0.0982414002164753,67056,2377,1251,30.024,52112,14944,1796,581,189,1.0,3.410605131648481e-13,1.0000000000000004,0.0,23.999999999999986,138096.0,1920,0.9232613411107562,15080,0.7943229193118873,13560,0.7949655793424288,14040,0.8094457240318933,24376
960,persistent_damage,12000,0.2,1.0,hybrid_25,0.7924944528120329,0.04777609320774899,51000,1875,750,18.0,25256,25744,879,996,200,1.0,3.410605131648481e-13,1.0000000000000004,0.0,23.999999999999986,138096.0,1920,0.9202733010303346,10616,0.7934919538160021,11264,0.781300769099953,10520,0.7975925441660879,18600
960,persistent_damage,12000,0.2,1.0,signal_only,0.7802627377844594,0.06310341927620551,39320,1541,292,7.008,0,39320,0,1541,233,1.0,3.410605131648481e-13,1.0000000000000002,0.0,23.999999999999986,138096.0,1920,0.9153432157988718,6448,0.7874766462193972,10640,0.7784489492345499,8064,0.7775626778419451,14168
960,persistent_damage,12000,0.2,4.0,fixed,0.6702192083551324,0.00033777539966492633,0,0,0,0.0,0,0,0,0,343,1.0,3.410605131648481e-13,1.0000000000000004,0.0,-1.0,483264.00000000006,1920,0.8986137803396945,0,0.7136205404331402,0,0.6592586991990621,0,0.6539987968941636,0
960,persistent_damage,12000,0.2,4.0,pulse_only,0.8436372985276204,0.19867078663558688,416032,14380,8864,212.73600000000002,416032,0,14380,0,165,1.0,3.410605131648481e-13,1.0000000000000004,0.0,7.999999999999986,483264.00000000006,1920,0.948985378260089,107992,0.8531068039142775,78200,0.8444043342190722,77528,0.8385190279885658,152312
960,persistent_damage,12000,0.2,4.0,hybrid_75,0.84427176147222,0.19207060395793926,332616,11567,6876,165.024,311152,21464,10709,858,179,1.0,3.410605131648481e-13,1.0000000000000004,0.0,7.999999999999986,483264.00000000006,1920,0.944285174430575,82128,0.8434389846314962,63376,0.8444280477838988,63032,0.8446100067367426,124080
960,persistent_damage,12000,0.2,4.0,hybrid_50,0.834991037166121,0.20039598902485264,247552,8801,4541,108.98400000000001,206112,41440,7146,1655,172,1.0,3.410605131648481e-13,1.0000000000000004,0.0,7.999999999999986,483264.00000000006,1920,0.9412290081043921,59432,0.8369680436836221,48296,0.8262680945356167,46944,0.8383640052226227,92880
960,persistent_damage,12000,0.2,4.0,hybrid_25,0.8263583457076094,0.16684311220673315,166712,6126,2461,59.064,103208,63504,3562,2564,179,1.0,3.410605131648481e-13,1.0000000000000004,0.0,7.999999999999986,483264.00000000006,1920,0.9338130939904985,34768,0.817824527816661,34616,0.8174220484591177,33296,0.8350934032773294,64032
960,persistent_damage,12000,0.2,4.0,signal_only,0.7911605937203943,0.08047980060204903,102616,4141,404,9.696,0,102616,0,4141,223,1.0,3.410605131648481e-13,1.0000000000000004,0.0,7.999999999999986,483264.00000000006,1920,0.9187689603149132,14360,0.7932614944561642,24168,0.787999918348669,22944,0.791690481038372,41144
960,persistent_damage,12001,0.2,1.0,fixed,0.6566019310602326,0.001649935897830174,0,0,0,0.0,0,0,0,0,363,1.0,3.410605131648481e-13,1.0000000000000004,0.0,-1.0,138096.0,1920,0.9103426590895025,0,0.7133188134076993,0,0.6422154077786489,0,0.6354367515272911,0
960,persistent_damage,12001,0.2,1.0,pulse_only,0.84091604163559,0.22808173758476724,105624,3586,2445,58.68,105624,0,3586,0,150,1.0,4.547473508864641e-13,1.0000000000000004,0.0,31.999999999999986,138096.0,1920,0.9480878559910946,26944,0.8325540926209536,20112,0.8365181951720083,19536,0.847295939374699,39032
960,persistent_damage,12001,0.2,1.0,hybrid_75,0.8255614278112996,0.16584550747128649,83160,2864,1803,43.272,78080,5080,2663,201,160,1.0,3.410605131648481e-13,1.0000000000000004,0.0,23.999999999999986,138096.0,1920,0.9437037667336733,20624,0.807524340313577,14680,0.8173335804336064,16016,0.8386938952490074,31840
960,persistent_damage,12001,0.2,1.0,hybrid_50,0.82339074718326,0.20228363480200895,66624,2333,1329,31.896,51576,15048,1762,571,173,1.0,3.410605131648481e-13,1.0000000000000004,0.0,23.999999999999986,138096.0,1920,0.941169574536054,14528,0.8178853154859492,13928,0.8149043270445121,13464,0.8303866731012892,24704
960,persistent_damage,12001,0.2,1.0,hybrid_25,0.8112479117131365,0.1766319478070318,48656,1755,817,19.608,25064,23592,860,895,186,1.0,3.410605131648481e-13,1.0000000000000004,0.0,23.999999999999986,138096.0,1920,0.9377147732890594,9280,0.8069658143291765,11864,0.7987773880445989,10208,0.8196242222393854,17304
960,persistent_damage,12001,0.2,1.0,signal_only,0.791714557456739,0.1465558474585891,38200,1474,353,8.472,0,38200,0,1474,219,1.0,3.410605131648481e-13,1.0000000000000004,0.0,23.999999999999986,138096.0,1920,0.9364915329340048,5808,0.7983329339919835,10824,0.7830068041159546,7872,0.7927592458595091,13696
960,persistent_damage,12001,0.2,4.0,fixed,0.6566019310602326,0.001649935897830174,0,0,0,0.0,0,0,0,0,363,1.0,3.410605131648481e-13,1.0000000000000004,0.0,-1.0,483264.00000000006,1920,0.9103426590895025,0,0.7133188134076993,0,0.6422154077786489,0,0.6354367515272911,0
960,persistent_damage,12001,0.2,4.0,pulse_only,0.8752344314807646,0.34162773354839243,421288,14386,9503,228.072,421288,0,14386,0,141,1.0,6.821210263296962e-13,1.0000000000000004,0.0,7.999999999999986,483264.00000000006,1920,0.9633334991124863,109496,0.8845318991307484,79264,0.8762931049753673,77840,0.8700563609084712,154688
960,persistent_damage,12001,0.2,4.0,hybrid_75,0.8724826888435041,0.3216040172903224,333280,11444,7328,175.872,314760,18520,10718,726,152,1.0,4.547473508864641e-13,1.0000000000000002,0.0,7.999999999999986,483264.00000000006,1920,0.9590835744226259,82832,0.8777525984297514,63272,0.8746516157491031,62560,0.8687632705975811,124616
960,persistent_damage,12001,0.2,4.0,hybrid_50,0.8519437680787993,0.22491542197511924,246112,8634,4862,116.688,208664,37448,7147,1487,158,1.0,4.547473508864641e-13,1.0000000000000004,0.0,7.999999999999986,483264.00000000006,1920,0.9555775009763311,57984,0.8544808029052656,47752,0.8415728306383712,47176,0.8558607193857803,93200
960,persistent_damage,12001,0.2,4.0,hybrid_25,0.8494895159731776,0.23490244169690552,156040,5662,2519,60.456,103952,52088,3572,2090,143,1.0,4.547473508864641e-13,1.0000000000000004,0.0,7.999999999999986,483264.00000000006,1920,0.951786450727956,33240,0.8513260563316484,32408,0.8431207365159071,30544,0.8517556355225774,59848
960,persistent_damage,12001,0.2,4.0,signal_only,0.7877896002725162,0.11667503742552321,101000,4056,457,10.968,0,101000,0,4056,233,1.0,3.410605131648481e-13,1.0000000000000004,0.0,7.999999999999986,483264.00000000006,1920,0.9398760793203568,12320,0.7995940418929104,24488,0.784593422531541,22072,0.7834854683328066,42120
960,persistent_damage,12002,0.2,1.0,fixed,0.7114840291059533,0.002110863401453177,0,0,0,0.0,0,0,0,0,318,1.0,3.410605131648481e-13,1.0000000000000004,0.0,-1.0,138096.0,1920,0.9173829039406868,0,0.7547136887318482,0,0.6999200389084453,0,0.69565119439176,0
960,persistent_damage,12002,0.2,1.0,pulse_only,0.8216370926809875,0.12963236666302808,103320,3589,2148,51.552,103320,0,3589,0,191,1.0,3.410605131648481e-13,1.0000000000000004,0.0,31.999999999999986,138096.0,1920,0.941816538837808,26896,0.8273110004950889,19456,0.8144762539712197,18816,0.8223805581288205,38152
960,persistent_damage,12002,0.2,1.0,hybrid_75,0.8186191642899077,0.1399119833244766,82424,2902,1597,38.328,76808,5616,2675,227,198,1.0,4.547473508864641e-13,1.0000000000000004,0.0,23.999999999999986,138096.0,1920,0.9368622407548477,20448,0.8177670374421279,14400,0.809712823976265,16424,0.8234983978706187,31152
960,persistent_damage,12002,0.2,1.0,hybrid_50,0.8116438254479461,0.09343792194191944,66696,2385,1182,28.368000000000002,51296,15400,1780,605,202,1.0,3.410605131648481e-13,1.0000000000000004,0.0,23.999999999999986,138096.0,1920,0.9333350128968785,15184,0.8127583184683341,13448,0.8061944897480888,13720,0.8138112467876806,24344
960,persistent_damage,12002,0.2,1.0,hybrid_25,0.811976623109757,0.10196614739466126,49232,1812,718,17.232,25032,24200,870,942,205,1.0,3.410605131648481e-13,1.0000000000000004,0.0,23.999999999999986,138096.0,1920,0.9332021359600886,10024,0.8123812783245585,10864,0.8082618106158656,10696,0.8136317017493018,17648
960,persistent_damage,12002,0.2,1.0,signal_only,0.8259077796458113,0.16675081711439768,34008,1325,276,6.6240000000000006,0,34008,0,1325,190,1.0,3.410605131648481e-13,1.0000000000000004,0.0,23.999999999999986,138096.0,1920,0.9305415320650432,5872,0.8298570356032837,9264,0.8178432780131917,6832,0.8279654024833848,12040
960,persistent_damage,12002,0.2,4.0,fixed,0.7114840291059533,0.002110863401453177,0,0,0,0.0,0,0,0,0,318,1.0,3.410605131648481e-13,1.0000000000000004,0.0,-1.0,483264.00000000006,1920,0.9173829039406868,0,0.7547136887318482,0,0.6999200389084453,0,0.69565119439176,0
960,persistent_damage,12002,0.2,4.0,pulse_only,0.8432847287707388,0.18826418331117725,408584,14389,7906,189.744,408584,0,14389,0,174,1.0,4.547473508864641e-13,1.0000000000000004,0.0,7.999999999999986,483264.00000000006,1920,0.9512194788598162,107096,0.8497750760733201,76560,0.8421632133874625,75328,0.840600312811086,149600
960,persistent_damage,12002,0.2,4.0,hybrid_75,0.8341139054389903,0.16750121559402517,326544,11557,6147,147.528,305472,21072,10698,859,180,1.0,3.410605131648481e-13,1.0000000000000004,0.0,7.999999999999986,483264.00000000006,1920,0.9475629097647902,81808,0.8392963022555212,61864,0.8318037937467124,61944,0.832677762876864,120928
960,persistent_damage,12002,0.2,4.0,hybrid_50,0.8390030559724911,0.18146213248559281,244192,8799,4127,99.048,203376,40816,7142,1657,189,1.0,4.547473508864641e-13,1.0000000000000004,0.0,7.999999999999986,483264.00000000006,1920,0.9500976400457802,58536,0.8431385254684733,47640,0.8372216948796245,46200,0.8378260017709336,91816
960,persistent_damage,12002,0.2,4.0,hybrid_25,0.8344199406671003,0.18197712269307964,164256,6080,2292,55.008,102648,61608,3570,2510,188,1.0,4.547473508864641e-13,1.0000000000000004,0.0,7.999999999999986,483264.00000000006,1920,0.9447716216715514,34200,0.8370554568596498,33472,0.8303944181721667,32376,0.8351149438182923,64208
960,persistent_damage,12002,0.2,4.0,signal_only,0.828593712084685,0.17426869669100917,87384,3530,333,7.992,0,87384,0,3530,192,1.0,3.410605131648481e-13,1.0000000000000002,0.0,7.999999999999986,483264.00000000006,1920,0.9324585975602638,13216,0.830942015335515,20976,0.8278306359182948,18680,0.8278010985424652,34512
960,persistent_damage,12003,0.2,1.0,fixed,0.6813498814118845,0.012124854578468965,0,0,0,0.0,0,0,0,0,353,1.0,3.410605131648481e-13,1.0000000000000004,0.0,-1.0,138096.0,1920,0.933675595399078,0,0.7273826796555575,0,0.6687681046033139,0,0.6646243706943333,0
960,persistent_damage,12003,0.2,1.0,pulse_only,0.8522279063517428,0.21719757522103206,104512,3574,2342,56.208,104512,0,3574,0,158,1.0,4.547473508864641e-13,1.0000000000000004,0.0,31.999999999999986,138096.0,1920,0.9550554475152178,26616,0.8527496194044459,20280,0.8444059934765273,19208,0.8558780062629991,38408
960,persistent_damage,12003,0.2,1.0,hybrid_75,0.8462350144684814,0.21087294335704898,82480,2847,1769,42.456,77880,4600,2662,185,148,1.0,3.410605131648481e-13,1.0000000000000004,0.0,23.999999999999986,138096.0,1920,0.9529992801942896,20040,0.8418474761423326,14536,0.8383348216145986,16760,0.8523788800584972,31144
960,persistent_damage,12003,0.2,1.0,hybrid_50,0.8463171806529207,0.19705681721931784,65552,2295,1309,31.416,52040,13512,1776,519,149,1.0,3.410605131648481e-13,1.0000000000000004,0.0,23.999999999999986,138096.0,1920,0.9498785351520281,14160,0.8414481393943023,14056,0.8330265420000397,13120,0.8553970206086704,24216
960,persistent_damage,12003,0.2,1.0,hybrid_25,0.8351346494969314,0.1906364674326297,47928,1747,750,18.0,24864,23064,862,885,179,1.0,3.410605131648481e-13,1.0000000000000002,0.0,23.999999999999986,138096.0,1920,0.9507104534750298,9176,0.829489170181237,11152,0.825716411851289,10128,0.8426665079775998,17472
960,persistent_damage,12003,0.2,1.0,signal_only,0.8085163723113843,0.18188273102843205,37672,1464,317,7.6080000000000005,0,37672,0,1464,227,1.0,3.410605131648481e-13,1.0000000000000004,0.0,23.999999999999986,138096.0,1920,0.9476309238954786,4736,0.8145449029910466,11064,0.8031869634403019,7872,0.8081668114070947,14000
960,persistent_damage,12003,0.2,4.0,fixed,0.6813498814118845,0.012124854578468965,0,0,0,0.0,0,0,0,0,353,1.0,3.410605131648481e-13,1.0000000000000004,0.0,-1.0,483264.00000000006,1920,0.933675595399078,0,0.7273826796555575,0,0.6687681046033139,0,0.6646243706943333,0
960,persistent_damage,12003,0.2,4.0,pulse_only,0.8793475566363202,0.2658158189682375,420328,14374,9419,226.056,420328,0,14374,0,130,1.0,4.547473508864641e-13,1.0000000000000004,0.0,7.999999999999986,483264.00000000006,1920,0.9615686342094245,108272,0.8830411218432406,78464,0.8764994366242651,78424,0.8789248340388879,155168
960,persistent_damage,12003,0.2,4.0,hybrid_75,0.8786825429839917,0.3003685273829722,329736,11380,7077,169.848,312840,16896,10697,683,147,1.0,4.547473508864641e-13,1.0000000000000004,0.0,7.999999999999986,483264.00000000006,1920,0.9614523723496059,81888,0.8768772899562776,62512,0.8783501767126358,62544,0.8797513526335269,122792
960,persistent_damage,12003,0.2,4.0,hybrid_50,0.8805858270158312,0.31553454251564583,238920,8331,4872,116.928,209744,29176,7147,1184,124,1.0,4.547473508864641e-13,1.0000000000000004,0.0,7.999999999999986,483264.00000000006,1920,0.9604240260136475,57648,0.8727218945005182,45952,0.8797009114769215,45248,0.8849602510429427,90072
960,persistent_damage,12003,0.2,4.0,hybrid_25,0.874747852379173,0.25891212459062324,150224,5410,2548,61.152,104544,45680,3564,1846,121,1.0,4.547473508864641e-13,1.0000000000000004,0.0,7.999999999999986,483264.00000000006,1920,0.9592947445514798,32416,0.8733000679067814,30336,0.8697033970189035,29808,0.8779939722955034,57664
960,persistent_damage,12003,0.2,4.0,signal_only,0.8154347046508111,0.17646272390972667,97136,3922,376,9.024000000000001,0,97136,0,3922,228,1.0,3.410605131648481e-13,1.0000000000000004,0.0,7.999999999999986,483264.00000000006,1920,0.9488907788469807,10008,0.8212687559864216,24568,0.8149986686989961,21552,0.8127356969589136,41008
960,persistent_damage,12004,0.2,1.0,fixed,0.6854928672807059,0.01548367858411234,0,0,0,0.0,0,0,0,0,350,1.0,3.410605131648481e-13,1.0000000000000004,0.0,-1.0,138096.0,1920,0.9348977451556373,0,0.7507398932344562,0,0.667723539228315,0,0.6617540183300261,0
960,persistent_damage,12004,0.2,1.0,pulse_only,0.8556982672845155,0.3267307645650032,104608,3585,2321,55.704,104608,0,3585,0,146,1.0,3.410605131648481e-13,1.0000000000000004,0.0,31.999999999999986,138096.0,1920,0.9593072303374054,27328,0.8621100491041674,20176,0.8424420353780979,18600,0.8591204923278984,38504
960,persistent_damage,12004,0.2,1.0,hybrid_75,0.837007530123946,0.21787957550618023,82112,2866,1666,39.984,77184,4928,2669,197,167,1.0,5.684341886080801e-13,1.0000000000000004,0.0,23.999999999999986,138096.0,1920,0.9536681220733444,20696,0.8461276464664467,14872,0.8250114295454591,15584,0.8384455222419392,30960
960,persistent_damage,12004,0.2,1.0,hybrid_50,0.8244381932045382,0.22180939507571687,65400,2330,1185,28.44,51040,14360,1777,553,180,1.0,3.410605131648481e-13,1.0000000000000002,0.0,23.999999999999986,138096.0,1920,0.9517053824023773,14992,0.8388628695638278,13280,0.8085024868982169,13432,0.8251937081780543,23696
960,persistent_damage,12004,0.2,1.0,hybrid_25,0.8289195500375399,0.23183285274495016,47528,1750,691,16.584,24928,22600,880,870,195,1.0,3.410605131648481e-13,1.0000000000000004,0.0,23.999999999999986,138096.0,1920,0.9554120692865488,9104,0.8462963047699372,11184,0.8118302697855929,9576,0.8287758127973147,17664
960,persistent_damage,12004,0.2,1.0,signal_only,0.8105140769871478,0.196607758887011,37608,1455,336,8.064,0,37608,0,1455,225,1.0,2.2737367544323206e-13,1.0000000000000004,0.0,23.999999999999986,138096.0,1920,0.950241975809072,4480,0.827541681090517,10328,0.8000920118366055,7824,0.8072113075107343,14976
960,persistent_damage,12004,0.2,4.0,fixed,0.6854928672807059,0.01548367858411234,0,0,0,0.0,0,0,0,0,350,1.0,3.410605131648481e-13,1.0000000000000004,0.0,-1.0,483264.00000000006,1920,0.9348977451556373,0,0.7507398932344562,0,0.667723539228315,0,0.6617540183300261,0
960,persistent_damage,12004,0.2,4.0,pulse_only,0.8850095985709558,0.42306458463517227,417456,14385,9027,216.648,417456,0,14385,0,143,1.0,3.410605131648481e-13,1.0000000000000004,0.0,7.999999999999986,483264.00000000006,1920,0.9699269651088079,108936,0.8898343829746186,78384,0.8831202518420952,76960,0.883541879733555,153176
960,persistent_damage,12004,0.2,4.0,hybrid_75,0.8914544843503489,0.4723360739053986,328368,11380,6906,165.744,312024,16344,10730,650,133,1.0,3.410605131648481e-13,1.0000000000000004,0.0,7.999999999999986,483264.00000000006,1920,0.971096450746835,82808,0.9002600854438325,62456,0.8831814255635729,61152,0.8911882131969954,121952
960,persistent_damage,12004,0.2,4.0,hybrid_50,0.8743819239382913,0.36833185153491294,239976,8428,4713,113.11200000000001,207904,32072,7153,1275,143,1.0,3.410605131648481e-13,1.0000000000000004,0.0,7.999999999999986,483264.00000000006,1920,0.9685270958000105,57368,0.8825249577070065,46184,0.8652065240496334,46840,0.8748981069982624,89584
960,persistent_damage,12004,0.2,4.0,hybrid_25,0.8590897775939152,0.2983580165360024,155696,5686,2404,57.696,103240,52456,3570,2116,162,1.0,2.2737367544323206e-13,1.0000000000000004,0.0,7.999999999999986,483264.00000000006,1920,0.964230482654932,32000,0.8653882148804483,31736,0.8523048923102083,31200,0.8593330015925025,60760
960,persistent_damage,12004,0.2,4.0,signal_only,0.829504551024471,0.219555214166841,91048,3661,398,9.552,0,91048,0,3661,211,1.0,2.2737367544323206e-13,1.0000000000000004,0.0,7.999999999999986,483264.00000000006,1920,0.9533806892878781,9824,0.8456533909067164,21520,0.8230655109081498,20848,0.8246496511415089,38856
960,persistent_damage,12005,0.2,1.0,fixed,0.6726337511036101,0.0009126004767802087,0,0,0,0.0,0,0,0,0,368,1.0,3.410605131648481e-13,1.0000000000000002,0.0,-1.0,138096.0,1920,0.9125474862076942,0,0.7358649036460853,0,0.6564543118363831,0,0.649107894465986,0
960,persistent_damage,12005,0.2,1.0,pulse_only,0.8376417788003508,0.16364890964559398,103952,3583,2245,53.88,103952,0,3583,0,162,1.0,4.547473508864641e-13,1.0000000000000002,0.0,31.999999999999986,138096.0,1920,0.9344749035096118,26920,0.8309773005548692,19840,0.828994599578808,18864,0.8452976075338628,38328
960,persistent_damage,12005,0.2,1.0,hybrid_75,0.8156552400812217,0.157067717786977,82872,2888,1695,40.68,76952,5920,2657,231,182,1.0,4.547473508864641e-13,1.0000000000000004,0.0,23.999999999999986,138096.0,1920,0.9326029186049731,20024,0.82324375851999,14936,0.7970974384823692,16664,0.8211398816612637,31248
960,persistent_damage,12005,0.2,1.0,hybrid_50,0.8158335058073282,0.1761208146763844,64984,2321,1160,27.84,50680,14304,1762,559,189,1.0,4.547473508864641e-13,1.0000000000000004,0.0,23.999999999999986,138096.0,1920,0.9306131591345476,14488,0.8226182134116578,13600,0.8067471791417723,12984,0.8169843153379416,23912
960,persistent_damage,12005,0.2,1.0,hybrid_25,0.7946686814335137,0.10769998497709461,49088,1830,646,15.504,24624,24464,873,957,213,1.0,3.410605131648481e-13,1.0000000000000004,0.0,23.999999999999986,138096.0,1920,0.9273534257747318,9256,0.8118764703820561,11312,0.7766680577063977,9944,0.7950650988228004,18576
960,persistent_damage,12005,0.2,1.0,signal_only,0.7771420218786761,0.0780885723361137,40640,1597,289,6.936,0,40640,0,1597,253,1.0,3.410605131648481e-13,1.0000000000000004,0.0,23.999999999999986,138096.0,1920,0.9242520593024968,5640,0.7918464746974183,10576,0.7666960117087612,8536,0.7750128005542624,15888
960,persistent_damage,12005,0.2,4.0,fixed,0.6726337511036101,0.0009126004767802087,0,0,0,0.0,0,0,0,0,368,1.0,3.410605131648481e-13,1.0000000000000002,0.0,-1.0,483264.00000000006,1920,0.9125474862076942,0,0.7358649036460853,0,0.6564543118363831,0,0.649107894465986,0
960,persistent_damage,12005,0.2,4.0,pulse_only,0.8575930187217436,0.20305263920072558,416928,14383,8967,215.208,416928,0,14383,0,157,1.0,4.547473508864641e-13,1.0000000000000004,0.0,7.999999999999986,483264.00000000006,1920,0.9453904706805532,107680,0.869463827676277,78312,0.8500170387709444,76776,0.8554456042198769,154160
960,persistent_damage,12005,0.2,4.0,hybrid_75,0.8533390018013292,0.21865179034779125,329480,11443,6856,164.544,311080,18400,10701,742,162,1.0,4.547473508864641e-13,1.0000000000000004,0.0,7.999999999999986,483264.00000000006,1920,0.9437357281609289,82160,0.8622232990921165,62328,0.8544096856747673,62808,0.8483615112192162,122184
960,persistent_damage,12005,0.2,4.0,hybrid_50,0.854356652557952,0.19116379803464345,245344,8687,4607,110.568,206744,38600,7136,1551,167,1.0,4.547473508864641e-13,1.0000000000000004,0.0,7.999999999999986,483264.00000000006,1920,0.9410556439258939,57808,0.8487369598697592,48416,0.851686694386584,46888,0.8585014779877326,92232
960,persistent_damage,12005,0.2,4.0,hybrid_25,0.8452800641444443,0.18184435306508887,160736,5886,2434,58.416000000000004,103312,57424,3567,2319,169,1.0,4.547473508864641e-13,1.0000000000000004,0.0,7.999999999999986,483264.00000000006,1920,0.9384249342406076,33824,0.844301068463882,32656,0.8380155178718761,32024,0.8494018351210095,62232
960,persistent_damage,12005,0.2,4.0,signal_only,0.7836732778098084,0.0892831262568361,104584,4228,389,9.336,0,104584,0,4228,245,1.0,2.2737367544323206e-13,1.0000000000000004,0.0,7.999999999999986,483264.00000000006,1920,0.9255716358620735,11904,0.7983490957974464,23624,0.7760957996665235,25024,0.780124107887632,44032
960,persistent_damage,12006,0.2,1.0,fixed,0.6854065992647224,0.0014573810940684139,0,0,0,0.0,0,0,0,0,334,1.0,2.2737367544323206e-13,1.0000000000000004,0.0,-1.0,138096.0,1920,0.9119682896241984,0,0.7303638799481432,0,0.6742865098884885,0,0.668488003611129,0
960,persistent_damage,12006,0.2,1.0,pulse_only,0.8337111566493359,0.19233236013908248,103968,3577,2265,54.36,103968,0,3577,0,165,1.0,3.410605131648481e-13,1.0000000000000004,0.0,31.999999999999986,138096.0,1920,0.948160243823963,26976,0.8280495723088016,20184,0.8236901787707804,18592,0.8415524377588809,38216
960,persistent_damage,12006,0.2,1.0,hybrid_75,0.8205359149337782,0.17904664646147928,82888,2881,1718,41.232,77768,5120,2676,205,169,1.0,3.410605131648481e-13,1.0000000000000004,0.0,23.999999999999986,138096.0,1920,0.9418440437136517,20312,0.8144896194030763,15168,0.8052741294545115,15760,0.8311899554387625,31648
960,persistent_damage,12006,0.2,1.0,hybrid_50,0.8196198371754619,0.18069146218319493,66880,2369,1253,30.072,52040,14840,1800,569,183,1.0,3.410605131648481e-13,1.0000000000000004,0.0,23.999999999999986,138096.0,1920,0.9379849594829646,15192,0.8195474868699231,13512,0.8104375051740708,14064,0.8242471783289271,24112
960,persistent_damage,12006,0.2,1.0,hybrid_25,0.8105033453165273,0.17518821607893434,49048,1790,761,18.264,25360,23688,877,913,188,1.0,3.410605131648481e-13,1.0000000000000004,0.0,23.999999999999986,138096.0,1920,0.9373396343933991,9824,0.8015294126969705,11448,0.7984723965148647,10048,0.8210057860271371,17728
960,persistent_damage,12006,0.2,1.0,signal_only,0.7906374418476525,0.13006283436134294,36272,1413,295,7.08,0,36272,0,1413,211,1.0,2.2737367544323206e-13,1.0000000000000004,0.0,23.999999999999986,138096.0,1920,0.9336029716464487,6000,0.7985171208325886,10144,0.781396295495775,7352,0.7913181755311233,12776
960,persistent_damage,12006,0.2,4.0,fixed,0.6854065992647224,0.0014573810940684139,0,0,0,0.0,0,0,0,0,334,1.0,2.2737367544323206e-13,1.0000000000000004,0.0,-1.0,483264.00000000006,1920,0.9119682896241984,0,0.7303638799481432,0,0.6742865098884885,0,0.668488003611129,0
960,persistent_damage,12006,0.2,4.0,pulse_only,0.8610814699527432,0.239375149472932,417112,14377,9008,216.192,417112,0,14377,0,159,1.0,3.410605131648481e-13,1.0000000000000004,0.0,7.999999999999986,483264.00000000006,1920,0.9602497520726219,107704,0.8606407516686521,77928,0.860998646333331,77824,0.8613432409044948,153656
960,persistent_damage,12006,0.2,4.0,hybrid_75,0.8637532274644837,0.25634928522657624,330528,11495,6831,163.94400000000002,311016,19512,10722,773,144,1.0,2.2737367544323206e-13,1.0000000000000004,0.0,7.999999999999986,483264.00000000006,1920,0.958771161176795,82216,0.8583301334064583,62824,0.8561871064973055,62120,0.8702478349770855,123368
960,persistent_damage,12006,0.2,4.0,hybrid_50,0.855570684139932,0.24855706299076397,241640,8582,4459,107.016,205848,35792,7140,1442,162,1.0,3.410605131648481e-13,1.0000000000000004,0.0,7.999999999999986,483264.00000000006,1920,0.9571995546095997,58256,0.852985563476011,46048,0.8529468765668797,46280,0.8581751482584187,91056
960,persistent_damage,12006,0.2,4.0,hybrid_25,0.844367335804752,0.2073218553379354,161024,5915,2383,57.192,102632,58392,3557,2358,179,1.0,3.410605131648481e-13,1.0000000000000004,0.0,7.999999999999986,483264.00000000006,1920,0.9516090010376803,33296,0.8438184636689465,33272,0.8434856580200522,31736,0.8450826107650046,62720
960,persistent_damage,12006,0.2,4.0,signal_only,0.8024377861633011,0.15121313353459426,97320,3907,444,10.656,0,97320,0,3907,215,1.0,3.410605131648481e-13,1.0000000000000004,0.0,7.999999999999986,483264.00000000006,1920,0.9379661707377646,13096,0.8096144651336136,23000,0.7975219699716745,21600,0.8013073547739581,39624
960,persistent_damage,12007,0.2,1.0,fixed,0.6964032378294581,0.00040050145431174273,0,0,0,0.0,0,0,0,0,325,1.0,3.410605131648481e-13,1.0000000000000002,0.0,-1.0,138096.0,1920,0.8946848830379017,0,0.7367815626984632,0,0.6883216643249296,0,0.6802548621472198,0
960,persistent_damage,12007,0.2,1.0,pulse_only,0.8231118181338625,0.1238004738961728,104144,3582,2272,54.528,104144,0,3582,0,176,1.0,3.410605131648481e-13,1.0000000000000004,0.0,31.999999999999986,138096.0,1920,0.927944320060041,27456,0.8091760634433223,19688,0.8187672131326272,18520,0.8322519979797504,38480
960,persistent_damage,12007,0.2,1.0,hybrid_75,0.815607125175887,0.11951971051291412,83664,2900,1758,42.192,78016,5648,2677,223,195,1.0,4.547473508864641e-13,1.0000000000000004,0.0,23.999999999999986,138096.0,1920,0.9254706392472278,20248,0.8036793147376455,15072,0.8045972471936474,16824,0.8270759693861275,31520
960,persistent_damage,12007,0.2,1.0,hybrid_50,0.805955547374634,0.10662422886814635,67976,2402,1291,30.984,52568,15408,1805,597,177,1.0,3.410605131648481e-13,1.0000000000000004,0.0,23.999999999999986,138096.0,1920,0.9165990698505802,15952,0.7920676962256324,13416,0.7931123702244995,13976,0.819321061524202,24632
960,persistent_damage,12007,0.2,1.0,hybrid_25,0.799600514260501,0.05453714895677948,50064,1840,738,17.712,25936,24128,897,943,198,1.0,3.410605131648481e-13,1.0000000000000004,0.0,23.999999999999986,138096.0,1920,0.9173004684111484,11464,0.7929005660481869,11080,0.7855157423580987,9680,0.8099928743178592,17840
960,persistent_damage,12007,0.2,1.0,signal_only,0.7708822130354646,0.027294295039952236,40232,1585,274,6.5760000000000005,0,40232,0,1585,243,1.0,3.410605131648481e-13,1.0000000000000004,0.0,23.999999999999986,138096.0,1920,0.9129607963821654,7008,0.7788379033586261,10400,0.767022348864984,8056,0.7688342999591239,14768
960,persistent_damage,12007,0.2,4.0,fixed,0.6964032378294581,0.00040050145431174273,0,0,0,0.0,0,0,0,0,325,1.0,3.410605131648481e-13,1.0000000000000002,0.0,-1.0,483264.00000000006,1920,0.8946848830379017,0,0.7367815626984632,0,0.6883216643249296,0,0.6802548621472198,0
960,persistent_damage,12007,0.2,4.0,pulse_only,0.8515558306704978,0.19138362219809385,417208,14382,9005,216.12,417208,0,14382,0,158,1.0,4.547473508864641e-13,1.0000000000000004,0.0,7.999999999999986,483264.00000000006,1920,0.9376737517427013,106920,0.8430755264643132,78320,0.8503949523838843,78064,0.856376421916897,153904
960,persistent_damage,12007,0.2,4.0,hybrid_75,0.8386328973888029,0.18310279399501586,332664,11559,6906,165.744,310896,21768,10690,869,176,1.0,3.410605131648481e-13,1.0000000000000004,0.0,7.999999999999986,483264.00000000006,1920,0.9356674855101037,82328,0.8371520556680283,63096,0.8369356658013012,63184,0.8402219340429411,124056
960,persistent_damage,12007,0.2,4.0,hybrid_50,0.8412315697273007,0.1838076903093564,249384,8823,4704,112.896,207576,41808,7144,1679,168,1.0,3.410605131648481e-13,1.0000000000000004,0.0,7.999999999999986,483264.00000000006,1920,0.9361122314836158,59952,0.8245132375517594,48736,0.8393349086896997,47968,0.8505390663338718,92728
960,persistent_damage,12007,0.2,4.0,hybrid_25,0.8377633318349438,0.17853289519417398,165136,6042,2516,60.384,103760,61376,3565,2477,157,1.0,4.547473508864641e-13,1.0000000000000004,0.0,7.999999999999986,483264.00000000006,1920,0.9318214296421881,36600,0.8227857727538925,34544,0.8341865503694583,31832,0.8470405021082122,62160
960,persistent_damage,12007,0.2,4.0,signal_only,0.7827820487025027,0.046352951306946416,105288,4267,360,8.64,0,105288,0,4267,233,1.0,3.410605131648481e-13,1.0000000000000004,0.0,7.999999999999986,483264.00000000006,1920,0.9165857285173926,15320,0.7858505284161056,24432,0.7789503668462283,22960,0.7831636497738383,42576
960,persistent_damage,12008,0.2,1.0,fixed,0.6922285194744369,0.0012085440769980384,0,0,0,0.0,0,0,0,0,338,1.0,3.410605131648481e-13,1.0000000000000002,0.0,-1.0,138096.0,1920,0.9082433096777259,0,0.7432985380102428,0,0.6794408849969304,0,0.6730873274452871,0
960,persistent_damage,12008,0.2,1.0,pulse_only,0.8408373817014855,0.20790562529006706,104696,3582,2341,56.184000000000005,104696,0,3582,0,143,1.0,6.821210263296962e-13,1.0000000000000004,0.0,31.999999999999986,138096.0,1920,0.9430615418539224,26824,0.8335406275330342,20032,0.8239424771556636,19264,0.8529332110586217,38576
960,persistent_damage,12008,0.2,1.0,hybrid_75,0.8401174435754942,0.1930215376024094,83312,2857,1843,44.232,78432,4880,2665,192,152,1.0,4.547473508864641e-13,1.0000000000000004,0.0,23.999999999999986,138096.0,1920,0.9359095989394165,20544,0.8265253422327684,14720,0.8322151105915386,16408,0.8508646607388349,31640
960,persistent_damage,12008,0.2,1.0,hybrid_50,0.8187373208317357,0.18411116782199963,65280,2311,1227,29.448,51496,13784,1780,531,169,1.0,3.410605131648481e-13,1.0000000000000004,0.0,23.999999999999986,138096.0,1920,0.9319047572395351,14744,0.8218418412271645,13760,0.8006356707220892,12880,0.8262358856888449,23896
960,persistent_damage,12008,0.2,1.0,hybrid_25,0.8225782390828467,0.159622971367955,48688,1766,788,18.912,25288,23400,866,900,181,1.0,3.410605131648481e-13,1.0000000000000004,0.0,23.999999999999986,138096.0,1920,0.9307655745901648,9776,0.8166622086472041,10896,0.8117930558398582,10536,0.8309288459221623,17480
960,persistent_damage,12008,0.2,1.0,signal_only,0.8041836862454761,0.09192453910455711,36624,1428,294,7.056,0,36624,0,1428,208,1.0,3.410605131648481e-13,1.0000000000000004,0.0,23.999999999999986,138096.0,1920,0.9265299670158651,5528,0.8108857369358422,9840,0.7952241224961375,7440,0.8053124427749623,13816
960,persistent_damage,12008,0.2,4.0,fixed,0.6922285194744369,0.0012085440769980384,0,0,0,0.0,0,0,0,0,338,1.0,3.410605131648481e-13,1.0000000000000002,0.0,-1.0,483264.00000000006,1920,0.9082433096777259,0,0.7432985380102428,0,0.6794408849969304,0,0.6730873274452871,0
960,persistent_damage,12008,0.2,4.0,pulse_only,0.8774122031915329,0.3137783754425828,421448,14382,9535,228.84,421448,0,14382,0,122,1.0,9.094947017729282e-13,1.0000000000000004,0.0,7.999999999999986,483264.00000000006,1920,0.950519225715342,108216,0.879569648819322,79184,0.8752830748265633,77880,0.8773980445601234,156168
960,persistent_damage,12008,0.2,4.0,hybrid_75,0.8768735201954152,0.3499831786571698,330992,11392,7198,172.752,313928,17064,10713,679,136,1.0,4.547473508864641e-13,1.0000000000000004,0.0,7.999999999999986,483264.00000000006,1920,0.9486129499456473,82520,0.868904490474305,62632,0.8767054126354561,62024,0.8809420888359499,123816
960,persistent_damage,12008,0.2,4.0,hybrid_50,0.8685532497017683,0.23706292505806337,244848,8553,4947,118.72800000000001,209888,34960,7154,1399,154,1.0,6.821210263296962e-13,1.0000000000000004,0.0,7.999999999999986,483264.00000000006,1920,0.9491945972377854,58968,0.8667892904935439,47456,0.8700751614099047,46288,0.8686742734518125,92136
960,persistent_damage,12008,0.2,4.0,hybrid_25,0.8603761397220859,0.25813347879143483,154952,5626,2491,59.784,103960,50992,3571,2055,137,1.0,4.547473508864641e-13,1.0000000000000004,0.0,7.999999999999986,483264.00000000006,1920,0.9427146312360863,33584,0.8617223519365899,31784,0.8549315476669286,30544,0.8624253296424127,59040
960,persistent_damage,12008,0.2,4.0,signal_only,0.8068172043159303,0.14774135291214352,92536,3744,335,8.040000000000001,0,92536,0,3744,212,1.0,3.410605131648481e-13,1.0000000000000004,0.0,7.999999999999986,483264.00000000006,1920,0.9290346371550893,11800,0.8180663480130397,22296,0.8025486099057219,20600,0.80332692967248,37840
960,persistent_damage,12009,0.2,1.0,fixed,0.6349905406722299,0.0011826594165653965,0,0,0,0.0,0,0,0,0,377,1.0,3.410605131648481e-13,1.0000000000000004,0.0,-1.0,138096.0,1920,0.9122508580705725,0,0.6795946917010541,0,0.6248438598934609,0,0.6177618055472025,0
960,persistent_damage,12009,0.2,1.0,pulse_only,0.8262582983954545,0.1775087589774577,104504,3581,2320,55.68,104504,0,3581,0,184,1.0,3.410605131648481e-13,1.0000000000000004,0.0,31.999999999999986,138096.0,1920,0.9488475010069578,27616,0.819819324535598,19968,0.8221193122982048,18992,0.8315472783740077,37928
960,persistent_damage,12009,0.2,1.0,hybrid_75,0.8289146700159006,0.1750396078249437,83624,2869,1846,44.304,78288,5336,2659,210,168,1.0,3.410605131648481e-13,1.0000000000000004,0.0,23.999999999999986,138096.0,1920,0.9386520125697158,20344,0.8159008508667536,15264,0.8149013802735525,16760,0.8424282244616481,31256
960,persistent_damage,12009,0.2,1.0,hybrid_50,0.7982970233594932,0.16154893901287357,68704,2434,1286,30.864,52136,16568,1798,636,188,1.0,2.2737367544323206e-13,1.0000000000000004,0.0,23.999999999999986,138096.0,1920,0.9336772161774218,15872,0.79247332072016,13544,0.7855514328617015,14256,0.8075816699280558,25032
960,persistent_damage,12009,0.2,1.0,hybrid_25,0.7960036271659847,0.16813793883046763,51144,1877,762,18.288,25712,25432,895,982,209,1.0,3.410605131648481e-13,1.0000000000000004,0.0,23.999999999999986,138096.0,1920,0.9377784931316485,10880,0.799231064325352,11512,0.780356051132996,10072,0.8022136966027953,18680
960,persistent_damage,12009,0.2,1.0,signal_only,0.7683113185756628,0.1322397433206585,41368,1593,392,9.408,0,41368,0,1593,229,1.0,3.410605131648481e-13,1.0000000000000004,0.0,23.999999999999986,138096.0,1920,0.9318207803951957,6224,0.7695531626304661,11864,0.759515704708954,8680,0.7720882034816153,14600
960,persistent_damage,12009,0.2,4.0,fixed,0.6349905406722299,0.0011826594165653965,0,0,0,0.0,0,0,0,0,377,1.0,3.410605131648481e-13,1.0000000000000004,0.0,-1.0,483264.00000000006,1920,0.9122508580705725,0,0.6795946917010541,0,0.6248438598934609,0,0.6177618055472025,0
960,persistent_damage,12009,0.2,4.0,pulse_only,0.8601149186841904,0.2323689983199427,422032,14381,9611,230.66400000000002,422032,0,14381,0,167,1.0,3.410605131648481e-13,1.0000000000000004,0.0,7.999999999999986,483264.00000000006,1920,0.9617690725981893,108384,0.861315630839483,78920,0.8557544950847074,78752,0.8616947744062855,155976
960,persistent_damage,12009,0.2,4.0,hybrid_75,0.8564673300743124,0.22189664265030856,333712,11493,7235,173.64000000000001,313616,20096,10702,791,163,1.0,3.410605131648481e-13,1.0000000000000004,0.0,7.999999999999986,483264.00000000006,1920,0.9609817378527598,82472,0.8540306032402273,63736,0.8495608645304438,63264,0.8611389262632891,124240
960,persistent_damage,12009,0.2,4.0,hybrid_50,0.8502346885576606,0.2221622116296274,246808,8645,4916,117.98400000000001,209048,37760,7138,1507,145,1.0,3.410605131648481e-13,1.0000000000000004,0.0,7.999999999999986,483264.00000000006,1920,0.9576167081525814,59400,0.8352646154294048,48152,0.844296576703597,47224,0.8606887810488205,92032
960,persistent_damage,12009,0.2,4.0,hybrid_25,0.8348298484518665,0.19208185785528564,166352,6065,2599,62.376000000000005,103680,62672,3557,2508,179,1.0,3.410605131648481e-13,1.0000000000000004,0.0,7.999999999999986,483264.00000000006,1920,0.9546111976168168,34232,0.8309307956703775,34656,0.826847604753461,32984,0.8407704966918138,64480
960,persistent_damage,12009,0.2,4.0,signal_only,0.7820661744388493,0.1652723055627633,106208,4275,451,10.824,0,106208,0,4275,236,1.0,2.2737367544323206e-13,1.0000000000000004,0.0,7.999999999999986,483264.00000000006,1920,0.9329896692663874,14032,0.7863215682438752,26464,0.7762812577227134,23720,0.7828309358944044,41992
960,persistent_damage,12010,0.2,1.0,fixed,0.6794990387053869,0.0015276926236598982,0,0,0,0.0,0,0,0,0,341,1.0,3.410605131648481e-13,1.0000000000000004,0.0,-1.0,138096.0,1920,0.9064082933100336,0,0.7284923940928083,0,0.667367602959378,0,0.6610680788846808,0
960,persistent_damage,12010,0.2,1.0,pulse_only,0.8349395357640673,0.23752870846034563,104672,3584,2332,55.968,104672,0,3584,0,168,1.0,3.410605131648481e-13,1.0000000000000004,0.0,31.999999999999986,138096.0,1920,0.9439192621408323,26448,0.8348323279815749,20256,0.821885852283833,19088,0.8415199813954304,38880
960,persistent_damage,12010,0.2,1.0,hybrid_75,0.8148585983335012,0.1847419277891098,83816,2901,1774,42.576,77816,6000,2666,235,184,1.0,2.2737367544323206e-13,1.0000000000000004,0.0,23.999999999999986,138096.0,1920,0.9362854408211452,20232,0.8107130820030906,14880,0.7997278499321151,16400,0.8244967306993993,32304
960,persistent_damage,12010,0.2,1.0,hybrid_50,0.8228967689719929,0.1610058501744603,66024,2328,1269,30.456,51392,14632,1770,558,166,1.0,3.410605131648481e-13,1.0000000000000004,0.0,23.999999999999986,138096.0,1920,0.9321747637980585,14880,0.8169545967492953,13896,0.8078495383240769,13456,0.8333914704072997,23792
960,persistent_damage,12010,0.2,1.0,hybrid_25,0.8106130168171551,0.17068051853991298,49408,1802,770,18.48,24752,24656,858,944,174,1.0,2.2737367544323206e-13,1.0000000000000004,0.0,23.999999999999986,138096.0,1920,0.9311199394677422,9728,0.8107394288841281,11600,0.7957016161378886,10792,0.8180055111233019,17288
960,persistent_damage,12010,0.2,1.0,signal_only,0.7893853596705604,0.07457921654311717,40680,1578,351,8.424,0,40680,0,1578,236,1.0,2.2737367544323206e-13,1.0000000000000004,0.0,23.999999999999986,138096.0,1920,0.9268726574722752,6032,0.7888046847040149,11320,0.7819320293193688,8424,0.7934023623294292,14904
960,persistent_damage,12010,0.2,4.0,fixed,0.6794990387053869,0.0015276926236598982,0,0,0,0.0,0,0,0,0,341,1.0,3.410605131648481e-13,1.0000000000000004,0.0,-1.0,483264.00000000006,1920,0.9064082933100336,0,0.7284923940928083,0,0.667367602959378,0,0.6610680788846808,0
960,persistent_damage,12010,0.2,4.0,pulse_only,0.8788342495252789,0.3044756632525624,423048,14384,9729,233.496,423048,0,14384,0,128,1.0,4.547473508864641e-13,1.0000000000000004,0.0,7.999999999999986,483264.00000000006,1920,0.9570864377884436,108400,0.8756135885532644,79408,0.8792607797264715,77832,0.88023131491069,157408
960,persistent_damage,12010,0.2,4.0,hybrid_75,0.8835318063192898,0.4119706313319852,333704,11375,7588,182.112,317264,16440,10725,650,118,1.0,4.547473508864641e-13,1.0000000000000004,0.0,7.999999999999986,483264.00000000006,1920,0.9560708711724208,83056,0.8773337916933055,62720,0.8819031932940683,62864,0.8874451201448924,125064
960,persistent_damage,12010,0.2,4.0,hybrid_50,0.8729765267134235,0.2547080706964956,243448,8461,5048,121.152,210376,33072,7145,1316,122,1.0,3.410605131648481e-13,1.0000000000000004,0.0,7.999999999999986,483264.00000000006,1920,0.952225896354009,57896,0.8677192486814439,47384,0.8701272152597213,46792,0.8770298214562646,91376
960,persistent_damage,12010,0.2,4.0,hybrid_25,0.8498941585901744,0.23153657055707416,161360,5875,2545,61.08,103848,57512,3567,2308,151,1.0,2.2737367544323206e-13,1.0000000000000004,0.0,7.999999999999986,483264.00000000006,1920,0.9488543125110682,33152,0.8444359640694648,33328,0.8425340652767944,32304,0.8563033025072193,62576
960,persistent_damage,12010,0.2,4.0,signal_only,0.7912971667038409,0.095739948161709,106352,4294,412,9.888,0,106352,0,4294,240,1.0,2.2737367544323206e-13,1.0000000000000004,0.0,7.999999999999986,483264.00000000006,1920,0.9305409414651235,13208,0.7975306714973472,25760,0.7828138496163882,24384,0.792422072850814,43000
960,persistent_damage,12011,0.2,1.0,fixed,0.6522727846290288,0.00020869840165254908,0,0,0,0.0,0,0,0,0,369,1.0,3.410605131648481e-13,1.0000000000000004,0.0,-1.0,138096.0,1920,0.8876433132511209,0,0.6987790161123879,0,0.6415969736165001,0,0.6343575743936133,0
960,persistent_damage,12011,0.2,1.0,pulse_only,0.8337288777212493,0.1549927089129012,105128,3582,2395,57.480000000000004,105128,0,3582,0,155,1.0,3.410605131648481e-13,1.0000000000000002,0.0,31.999999999999986,138096.0,1920,0.9215039955075556,26480,0.8217229288858631,20384,0.825176380962729,19192,0.8440081005182026,39072
960,persistent_damage,12011,0.2,1.0,hybrid_75,0.8181173092077265,0.11065685647362825,83416,2865,1832,43.968,78536,4880,2671,194,159,1.0,3.410605131648481e-13,1.0000000000000004,0.0,23.999999999999986,138096.0,1920,0.9215530487563878,20312,0.8043748242653485,15120,0.8036092064401448,15744,0.8322426030627065,32240
960,persistent_damage,12011,0.2,1.0,hybrid_50,0.8130423076842354,0.0596692230451884,66768,2351,1293,31.032,52360,14408,1794,557,177,1.0,3.410605131648481e-13,1.0000000000000004,0.0,23.999999999999986,138096.0,1920,0.910574346505877,15256,0.8041587052939818,13392,0.8054861732120896,13688,0.821262176115435,24432
960,persistent_damage,12011,0.2,1.0,hybrid_25,0.7950062337567969,0.05318218080952421,49792,1820,764,18.336000000000002,24928,24864,863,957,198,1.0,3.410605131648481e-13,1.0000000000000004,0.0,23.999999999999986,138096.0,1920,0.91472481928909,9896,0.7974211134177936,11904,0.7877015597979476,10520,0.7974511309057233,17472
960,persistent_damage,12011,0.2,1.0,signal_only,0.7787169125725673,0.06309781455055581,42096,1635,357,8.568,0,42096,0,1635,239,1.0,3.410605131648481e-13,1.0000000000000004,0.0,23.999999999999986,138096.0,1920,0.9098515806813985,7104,0.784294691508586,11736,0.769969743459772,8232,0.7803016076609555,15024
960,persistent_damage,12011,0.2,4.0,fixed,0.6522727846290288,0.00020869840165254908,0,0,0,0.0,0,0,0,0,369,1.0,3.410605131648481e-13,1.0000000000000004,0.0,-1.0,483264.00000000006,1920,0.8876433132511209,0,0.6987790161123879,0,0.6415969736165001,0,0.6343575743936133,0
960,persistent_damage,12011,0.2,4.0,pulse_only,0.8658797352384838,0.2105000650391032,421832,14382,9583,229.99200000000002,421832,0,14382,0,134,1.0,4.547473508864641e-13,1.0000000000000004,0.0,7.999999999999986,483264.00000000006,1920,0.9339491004934736,108080,0.8625664261210215,79192,0.8685307888942285,78440,0.8662108629693428,156120
960,persistent_damage,12011,0.2,4.0,hybrid_75,0.855951284617265,0.20113854919899915,332800,11443,7271,174.504,314264,18536,10701,742,147,1.0,3.410605131648481e-13,1.0000000000000004,0.0,7.999999999999986,483264.00000000006,1920,0.9349140727692687,82456,0.8568218750405581,63376,0.8547154340869656,62360,0.8561339146707683,124608
960,persistent_damage,12011,0.2,4.0,hybrid_50,0.8602566721598848,0.23477628695075653,243720,8516,4917,118.008,209600,34120,7140,1376,150,1.0,3.410605131648481e-13,1.0000000000000004,0.0,7.999999999999986,483264.00000000006,1920,0.9315387196017103,59304,0.858771389588835,46512,0.8566324873110329,45840,0.8628114058698356,92064
960,persistent_damage,12011,0.2,4.0,hybrid_25,0.8411886539836413,0.17357028179379727,159080,5791,2512,60.288000000000004,104096,54984,3561,2230,148,1.0,3.410605131648481e-13,1.0000000000000004,0.0,7.999999999999986,483264.00000000006,1920,0.9273094783066305,34320,0.835467751223349,32968,0.833691788237733,31288,0.8477975382367418,60504
960,persistent_damage,12011,0.2,4.0,signal_only,0.7843156987560135,0.06466889776436176,109368,4386,513,12.312,0,109368,0,4386,241,1.0,3.410605131648481e-13,1.0000000000000004,0.0,7.999999999999986,483264.00000000006,1920,0.914951916949703,16032,0.7929361414663001,25192,0.7808901741218315,23784,0.781718239717961,44360
960,persistent_damage,12012,0.2,1.0,fixed,0.6918199826304348,0.0067844635741041975,0,0,0,0.0,0,0,0,0,324,1.0,2.2737367544323206e-13,1.0000000000000004,0.0,-1.0,138096.0,1920,0.9351409339183293,0,0.7396123116350393,0,0.6793956008616977,0,0.6741360090125011,0
960,persistent_damage,12012,0.2,1.0,pulse_only,0.8473848030682652,0.269229610971349,104672,3587,2323,55.752,104672,0,3587,0,163,1.0,3.410605131648481e-13,1.0000000000000004,0.0,31.999999999999986,138096.0,1920,0.9677368490770301,27816,0.8547518533938875,20280,0.8345873577594085,18496,0.8501000005598827,38080
960,persistent_damage,12012,0.2,1.0,hybrid_75,0.8498540477099131,0.24834138587036378,82976,2856,1804,43.296,78256,4720,2669,187,162,1.0,3.410605131648481e-13,1.0000000000000004,0.0,23.999999999999986,138096.0,1920,0.9662051000745223,20920,0.8450115755476908,14744,0.8419249792870984,16728,0.8562398180024318,30584
960,persistent_damage,12012,0.2,1.0,hybrid_50,0.8433704959986879,0.2438037877532667,64888,2300,1211,29.064,51568,13320,1792,508,163,1.0,3.410605131648481e-13,1.0000000000000004,0.0,23.999999999999986,138096.0,1920,0.9633815182925488,14472,0.8445987928184666,13600,0.8305959345266474,12992,0.8491436283248187,23824
960,persistent_damage,12012,0.2,1.0,hybrid_25,0.812372211062389,0.19851712942213373,49176,1796,759,18.216,25704,23472,894,902,205,1.0,3.410605131648481e-13,1.0000000000000004,0.0,23.999999999999986,138096.0,1920,0.9596420831016895,9584,0.8218828190097731,10784,0.8002344434614596,10712,0.8136857908891617,18096
960,persistent_damage,12012,0.2,1.0,signal_only,0.8077962404428288,0.1790759198721823,35240,1354,343,8.232,0,35240,0,1354,205,1.0,3.410605131648481e-13,1.0000000000000004,0.0,23.999999999999986,138096.0,1920,0.9584570074482952,4616,0.8186737088228946,9680,0.7946519049430807,8368,0.8089296740026697,12576
960,persistent_damage,12012,0.2,4.0,fixed,0.6918199826304348,0.0067844635741041975,0,0,0,0.0,0,0,0,0,324,1.0,2.2737367544323206e-13,1.0000000000000004,0.0,-1.0,483264.00000000006,1920,0.9351409339183293,0,0.7396123116350393,0,0.6793956008616977,0,0.6741360090125011,0
960,persistent_damage,12012,0.2,4.0,pulse_only,0.8926569122619362,0.4321578440850571,419440,14387,9269,222.45600000000002,419440,0,14387,0,138,1.0,3.410605131648481e-13,1.0000000000000004,0.0,7.999999999999986,483264.00000000006,1920,0.9799640678884111,109800,0.9009268778802798,78456,0.8852781495373082,77384,0.8922113108150787,153800
960,persistent_damage,12012,0.2,4.0,hybrid_75,0.8862939485080524,0.3050140289866581,329728,11344,7184,172.416,314600,15128,10741,603,138,1.0,3.410605131648481e-13,1.0000000000000004,0.0,7.999999999999986,483264.00000000006,1920,0.9786584274734816,83064,0.8930069472009496,62136,0.885543136549181,62232,0.8833128551410396,122296
960,persistent_damage,12012,0.2,4.0,hybrid_50,0.8836120899240243,0.40049829035599216,238472,8340,4789,114.936,208872,29600,7160,1180,129,1.0,3.410605131648481e-13,1.0000000000000004,0.0,7.999999999999986,483264.00000000006,1920,0.975902552763222,57512,0.8875696392911625,46704,0.8782754109218676,45096,0.8843016547415335,89160
960,persistent_damage,12012,0.2,4.0,hybrid_25,0.8623617680406365,0.2981990974489089,155528,5650,2491,59.784,103520,52008,3570,2080,151,1.0,3.410605131648481e-13,1.0000000000000004,0.0,7.999999999999986,483264.00000000006,1920,0.9727801113201606,32120,0.8661332063219571,32376,0.8535428255345013,30768,0.8648855201530435,60264
960,persistent_damage,12012,0.2,4.0,signal_only,0.8178827674857904,0.18645457082246503,92968,3750,371,8.904,0,92968,0,3750,226,1.0,3.410605131648481e-13,1.0000000000000004,0.0,7.999999999999986,483264.00000000006,1920,0.9630551451949697,8904,0.8335112615261687,22624,0.8127293854181294,21280,0.8126452114994315,40160
960,persistent_damage,12013,0.2,1.0,fixed,0.675940576476654,0.0015206169933608897,0,0,0,0.0,0,0,0,0,363,1.0,4.547473508864641e-13,1.0000000000000004,0.0,-1.0,138096.0,1920,0.9118944148471009,0,0.7387506554339285,0,0.6612071177653766,0,0.6519022663536557,0
960,persistent_damage,12013,0.2,1.0,pulse_only,0.8271230899965915,0.17986311875169134,104248,3590,2261,54.264,104248,0,3590,0,165,1.0,4.547473508864641e-13,1.0000000000000004,0.0,31.999999999999986,138096.0,1920,0.94754453932698,26920,0.8158548836770054,19688,0.8226188003127858,19208,0.8350093379982872,38432
960,persistent_damage,12013,0.2,1.0,hybrid_75,0.8344735257388323,0.2074061917527007,83264,2863,1819,43.656,78304,4960,2669,194,169,1.0,4.547473508864641e-13,1.0000000000000004,0.0,23.999999999999986,138096.0,1920,0.9427121031090113,20768,0.8295625621176242,14488,0.831194084803045,15896,0.8385687280173297,32112
960,persistent_damage,12013,0.2,1.0,hybrid_50,0.8168686600878848,0.18014327950747122,66368,2346,1258,30.192,51600,14768,1781,565,181,1.0,3.410605131648481e-13,1.0000000000000004,0.0,23.999999999999986,138096.0,1920,0.9403500354902591,14872,0.8223826714555351,13680,0.8083450010725284,13336,0.8183734839117381,24480
960,persistent_damage,12013,0.2,1.0,hybrid_25,0.8081500275718488,0.17687152128821154,49752,1807,798,19.152,25128,24624,868,939,203,1.0,3.410605131648481e-13,1.0000000000000004,0.0,23.999999999999986,138096.0,1920,0.9400911259498912,9720,0.8094946128407462,11864,0.7967514219604899,10712,0.8131770377430797,17456
960,persistent_damage,12013,0.2,1.0,signal_only,0.7925657512175159,0.16439118632454217,40144,1544,386,9.264,0,40144,0,1544,234,1.0,3.410605131648481e-13,1.0000000000000004,0.0,23.999999999999986,138096.0,1920,0.9380590217988232,5920,0.7995452611700293,11416,0.7853361931219216,8048,0.7926907752890564,14760
960,persistent_damage,12013,0.2,4.0,fixed,0.675940576476654,0.0015206169933608897,0,0,0,0.0,0,0,0,0,363,1.0,4.547473508864641e-13,1.0000000000000004,0.0,-1.0,483264.00000000006,1920,0.9118944148471009,0,0.7387506554339285,0,0.6612071177653766,0,0.6519022663536557,0
960,persistent_damage,12013,0.2,4.0,pulse_only,0.8563212793330013,0.23188779338395185,416280,14390,8865,212.76,416280,0,14390,0,156,1.0,3.410605131648481e-13,1.0000000000000004,0.0,7.999999999999986,483264.00000000006,1920,0.9632364903594237,108400,0.8586867630763049,77640,0.8520627078988099,76752,0.8572678231784451,153488
960,persistent_damage,12013,0.2,4.0,hybrid_75,0.8446031757199559,0.20068103007888402,330720,11547,6699,160.776,309664,21056,10706,841,161,1.0,4.547473508864641e-13,1.0000000000000004,0.0,7.999999999999986,483264.00000000006,1920,0.9621045426839832,82952,0.8533147365252958,62704,0.8434588534299066,62176,0.8408195564623109,122888
960,persistent_damage,12013,0.2,4.0,hybrid_50,0.8538145195439463,0.22345568398648993,244256,8632,4636,111.264,207128,37128,7145,1487,155,1.0,4.547473508864641e-13,1.0000000000000004,0.0,7.999999999999986,483264.00000000006,1920,0.954694375416795,58808,0.8523581403021245,47080,0.8517504085420533,46456,0.8555747646658035,91912
960,persistent_damage,12013,0.2,4.0,hybrid_25,0.8399761861147103,0.1872104163178615,163440,5997,2439,58.536,103040,60400,3570,2427,173,1.0,3.410605131648481e-13,1.0000000000000002,0.0,7.999999999999986,483264.00000000006,1920,0.9521730416789602,34112,0.8358254899481184,34016,0.8356164920691336,32368,0.8442313812207943,62944
960,persistent_damage,12013,0.2,4.0,signal_only,0.7960248309772937,0.16139251768918084,103792,4177,443,10.632,0,103792,0,4177,238,1.0,3.410605131648481e-13,1.0000000000000004,0.0,7.999999999999986,483264.00000000006,1920,0.9414842134040731,12360,0.8004336818817709,25216,0.7933227422286101,23552,0.7951714498993969,42664
960,persistent_damage,12014,0.2,1.0,fixed,0.6605046868325467,0.0094922796077767,0,0,0,0.0,0,0,0,0,383,1.0,2.2737367544323206e-13,1.0000000000000004,0.0,-1.0,138096.0,1920,0.9333999969845568,0,0.7240121525272772,0,0.6428942057365259,0,0.6375561945331919,0
960,persistent_damage,12014,0.2,1.0,pulse_only,0.8450116092456512,0.26586804841877326,104472,3582,2313,55.512,104472,0,3582,0,154,1.0,3.410605131648481e-13,1.0000000000000004,0.0,31.999999999999986,138096.0,1920,0.9622868983411788,27472,0.8416708214968656,20024,0.8288997376286533,18640,0.854737938928543,38336
960,persistent_damage,12014,0.2,1.0,hybrid_75,0.8270812822118041,0.24609850332243735,83408,2885,1771,42.504,77768,5640,2663,222,183,1.0,3.410605131648481e-13,1.0000000000000004,0.0,23.999999999999986,138096.0,1920,0.9594147610282681,20560,0.8271337099759889,15176,0.8053054756549881,16424,0.8379429716081196,31248
960,persistent_damage,12014,0.2,1.0,hybrid_50,0.8347423910297962,0.23224729193611635,66128,2339,1249,29.976,51352,14776,1778,561,174,1.0,3.410605131648481e-13,1.0000000000000004,0.0,23.999999999999986,138096.0,1920,0.9602465234722202,14568,0.8418005915126753,13544,0.8167494099974691,13728,0.8402097813045203,24288
960,persistent_damage,12014,0.2,1.0,hybrid_25,0.817137224653183,0.1985466823461928,48720,1790,720,17.28,25232,23488,887,903,200,1.0,3.410605131648481e-13,1.0000000000000004,0.0,23.999999999999986,138096.0,1920,0.9569624758655911,9592,0.8274524627461629,11280,0.7979754428484659,10176,0.8215604965090514,17672
960,persistent_damage,12014,0.2,1.0,signal_only,0.7971798994915548,0.18425874067587722,37800,1461,342,8.208,0,37800,0,1461,225,1.0,2.2737367544323206e-13,1.0000000000000004,0.0,23.999999999999986,138096.0,1920,0.951811393183803,4280,0.8096891447059376,11560,0.7859558895060894,7856,0.7965372818770962,14104
960,persistent_damage,12014,0.2,4.0,fixed,0.6605046868325467,0.0094922796077767,0,0,0,0.0,0,0,0,0,383,1.0,2.2737367544323206e-13,1.0000000000000004,0.0,-1.0,483264.00000000006,1920,0.9333999969845568,0,0.7240121525272772,0,0.6428942057365259,0,0.6375561945331919,0
960,persistent_damage,12014,0.2,4.0,pulse_only,0.8897591216519164,0.5119297242373552,421568,14382,9550,229.20000000000002,421568,0,14382,0,131,1.0,3.410605131648481e-13,1.0000000000000004,0.0,7.999999999999986,483264.00000000006,1920,0.9739413266473875,109448,0.8985975427588434,79120,0.884321186809551,77760,0.8880588785196358,155240
960,persistent_damage,12014,0.2,4.0,hybrid_75,0.8879979371128959,0.39564883111651694,329952,11371,7131,171.144,313624,16328,10723,648,139,1.0,4.547473508864641e-13,1.0000000000000004,0.0,7.999999999999986,483264.00000000006,1920,0.9743230397935843,82936,0.8919368972289082,62424,0.8858766309366282,61936,0.8870891101430237,122656
960,persistent_damage,12014,0.2,4.0,hybrid_50,0.8782303540024612,0.3461560132370243,240888,8428,4827,115.848,208600,32288,7147,1281,138,1.0,4.547473508864641e-13,1.0000000000000004,0.0,7.999999999999986,483264.00000000006,1920,0.9691360901239744,57640,0.8780075629336721,47272,0.8710327665628438,45392,0.8819405432566644,90584
960,persistent_damage,12014,0.2,4.0,hybrid_25,0.8516396157775521,0.21892526499232692,158600,5773,2506,60.144,103800,54800,3572,2201,150,1.0,3.410605131648481e-13,1.0000000000000004,0.0,7.999999999999986,483264.00000000006,1920,0.9646317040892229,32824,0.8531586864688416,32512,0.8413515178265548,32128,0.856024129407406,61136
960,persistent_damage,12014,0.2,4.0,signal_only,0.8120316639706483,0.18515674184889902,95184,3831,405,9.72,0,95184,0,3831,217,1.0,3.410605131648481e-13,1.0000000000000004,0.0,7.999999999999986,483264.00000000006,1920,0.9545925767798351,9816,0.8243286859140055,23392,0.8038434932994412,21936,0.8099772383345731,40040
960,persistent_damage,12015,0.2,1.0,fixed,0.6678788303350055,0.002444194214777369,0,0,0,0.0,0,0,0,0,353,1.0,3.410605131648481e-13,1.0000000000000004,0.0,-1.0,138096.0,1920,0.917756169817699,0,0.7179394115635278,0,0.6535752742075667,0,0.6500003177844638,0
960,persistent_damage,12015,0.2,1.0,pulse_only,0.8526488041493063,0.3266474182208154,104872,3577,2378,57.072,104872,0,3577,0,139,1.0,3.410605131648481e-13,1.0000000000000004,0.0,31.999999999999986,138096.0,1920,0.9625124774280314,27240,0.8326440214836794,19672,0.8453163912457204,19472,0.8663174019339127,38488
960,persistent_damage,12015,0.2,1.0,hybrid_75,0.8453763359126043,0.2542059100565451,82984,2834,1871,44.904,77768,5216,2635,199,144,1.0,3.410605131648481e-13,1.0000000000000004,0.0,23.999999999999986,138096.0,1920,0.9565372264345899,20416,0.8255787095905199,14536,0.8328225325790337,17136,0.8615520507404318,30896
960,persistent_damage,12015,0.2,1.0,hybrid_50,0.8318548220522295,0.19803859251519487,66904,2339,1346,32.304,51960,14944,1771,568,167,1.0,3.410605131648481e-13,1.0000000000000004,0.0,23.999999999999986,138096.0,1920,0.9443408080550562,14672,0.8274095861993707,13752,0.821688895940605,13840,0.839160403034471,24640
960,persistent_damage,12015,0.2,1.0,hybrid_25,0.8192103635809738,0.18854552966526808,48888,1764,819,19.656,25544,23344,879,885,171,1.0,2.8421709430404007e-13,1.0000000000000004,0.0,23.999999999999986,138096.0,1920,0.9460753526831525,9864,0.8147604102238094,11272,0.7980895719288411,10264,0.8319957360856219,17488
960,persistent_damage,12015,0.2,1.0,signal_only,0.7948319055823745,0.18054847460347845,39968,1546,358,8.592,0,39968,0,1546,227,1.0,3.410605131648481e-13,1.0000000000000004,0.0,23.999999999999986,138096.0,1920,0.9401456795693541,5512,0.7984932790778929,11712,0.7801760863346462,8368,0.8003291284584795,14376
960,persistent_damage,12015,0.2,4.0,fixed,0.6678788303350055,0.002444194214777369,0,0,0,0.0,0,0,0,0,353,1.0,3.410605131648481e-13,1.0000000000000004,0.0,-1.0,483264.00000000006,1920,0.917756169817699,0,0.7179394115635278,0,0.6535752742075667,0,0.6500003177844638,0
960,persistent_damage,12015,0.2,4.0,pulse_only,0.8921127594986409,0.40440946395405875,424456,14377,9926,238.22400000000002,424456,0,14377,0,122,1.0,3.410605131648481e-13,1.0000000000000004,0.0,7.999999999999986,483264.00000000006,1920,0.9779608779815357,109448,0.8895398711179254,78856,0.8924302271571333,79160,0.8932404698597526,156992
960,persistent_damage,12015,0.2,4.0,hybrid_75,0.8945831445437902,0.45479526381733,333160,11373,7526,180.624,316408,16752,10719,654,121,1.0,2.2737367544323206e-13,1.0000000000000004,0.0,7.999999999999986,483264.00000000006,1920,0.9751149705979314,82272,0.8908340166801962,63752,0.8998104891577434,63624,0.8938440361686105,123512
960,persistent_damage,12015,0.2,4.0,hybrid_50,0.8890902144615492,0.357784704141309,243032,8367,5278,126.672,211960,31072,7147,1220,135,1.0,3.410605131648481e-13,1.0000000000000004,0.0,7.999999999999986,483264.00000000006,1920,0.9715339236580766,58344,0.882218237445484,47520,0.8879798271705698,46216,0.8930813966150716,90952
960,persistent_damage,12015,0.2,4.0,hybrid_25,0.8761936995269191,0.34038896355548637,154536,5532,2721,65.304,104440,50096,3559,1973,120,1.0,3.410605131648481e-13,1.0000000000000004,0.0,7.999999999999986,483264.00000000006,1920,0.9622006048871292,33808,0.8614420235838403,32816,0.8716018640279258,30688,0.8858654552479547,57224
960,persistent_damage,12015,0.2,4.0,signal_only,0.8100256133837792,0.18321401145145483,100784,4039,481,11.544,0,100784,0,4039,225,1.0,2.2737367544323206e-13,1.0000000000000004,0.0,7.999999999999986,483264.00000000006,1920,0.9445820813706498,12048,0.8132855748145794,25368,0.8079589238959549,22064,0.8094289774122913,41304
960,persistent_damage,12016,0.2,1.0,fixed,0.7085933620477406,0.014366819731409606,0,0,0,0.0,0,0,0,0,309,1.0,3.410605131648481e-13,1.0000000000000004,0.0,-1.0,138096.0,1920,0.9343258057122749,0,0.7649205385174949,0,0.6926004299756323,0,0.6884262398489175,0
960,persistent_damage,12016,0.2,1.0,pulse_only,0.8523850010148584,0.2592777197979613,104360,3587,2284,54.816,104360,0,3587,0,141,1.0,4.547473508864641e-13,1.0000000000000004,0.0,31.999999999999986,138096.0,1920,0.9648756608617098,28064,0.8611248830492085,20152,0.8341611309642527,18544,0.8571269950229861,37600
960,persistent_damage,12016,0.2,1.0,hybrid_75,0.8518521752189279,0.25416994358343276,82936,2868,1763,42.312,78240,4696,2683,185,161,1.0,3.410605131648481e-13,1.0000000000000004,0.0,23.999999999999986,138096.0,1920,0.9669482239982641,20824,0.8558934242542819,15016,0.837840504930122,17040,0.8568373858456536,30056
960,persistent_damage,12016,0.2,1.0,hybrid_50,0.851298378839128,0.2296605381865258,65232,2292,1278,30.672,52536,12696,1806,486,155,1.0,3.410605131648481e-13,1.0000000000000004,0.0,23.999999999999986,138096.0,1920,0.9625970536316307,14744,0.8597708722170339,13552,0.8416758874581293,12736,0.8518733778406744,24200
960,persistent_damage,12016,0.2,1.0,hybrid_25,0.8325234267462845,0.2332291437842041,47792,1725,799,19.176000000000002,26080,21712,905,820,175,1.0,2.2737367544323206e-13,1.0000000000000004,0.0,23.999999999999986,138096.0,1920,0.960938886003372,9856,0.8408188622045654,10832,0.8155199142107311,9632,0.8368774652849211,17472
960,persistent_damage,12016,0.2,1.0,signal_only,0.8131984930930714,0.19117113688689355,34336,1318,338,8.112,0,34336,0,1318,204,1.0,3.410605131648481e-13,1.0000000000000004,0.0,23.999999999999986,138096.0,1920,0.9541740369405627,4808,0.8291043748977274,9296,0.801353772129973,7208,0.8111679126722925,13024
960,persistent_damage,12016,0.2,4.0,fixed,0.7085933620477406,0.014366819731409606,0,0,0,0.0,0,0,0,0,309,1.0,3.410605131648481e-13,1.0000000000000004,0.0,-1.0,483264.00000000006,1920,0.9343258057122749,0,0.7649205385174949,0,0.6926004299756323,0,0.6884262398489175,0
960,persistent_damage,12016,0.2,4.0,pulse_only,0.8795570495865006,0.316799635232082,418336,14387,9131,219.144,418336,0,14387,0,152,1.0,3.410605131648481e-13,1.0000000000000004,0.0,7.999999999999986,483264.00000000006,1920,0.9817039797466319,109680,0.8926253014638337,78920,0.8759391706475942,77600,0.8748318631172876,152136
960,persistent_damage,12016,0.2,4.0,hybrid_75,0.873459321120028,0.24351955759927876,330656,11418,7078,169.872,313648,17008,10738,680,141,1.0,3.410605131648481e-13,1.0000000000000004,0.0,7.999999999999986,483264.00000000006,1920,0.9775336835407863,83112,0.8793394242558338,62416,0.8713806928857685,62824,0.8715585836692548,122304
960,persistent_damage,12016,0.2,4.0,hybrid_50,0.8696698780479304,0.2663641882857883,241200,8487,4689,112.536,208048,33152,7161,1326,163,1.0,3.410605131648481e-13,1.0000000000000004,0.0,7.999999999999986,483264.00000000006,1920,0.9740535443113325,58224,0.8758824865236556,46888,0.869769281146472,45456,0.8665138722607967,90632
960,persistent_damage,12016,0.2,4.0,hybrid_25,0.8681151723533409,0.29497930476866857,152976,5533,2523,60.552,103768,49208,3570,1963,146,1.0,3.410605131648481e-13,1.0000000000000004,0.0,7.999999999999986,483264.00000000006,1920,0.9728554032598542,32440,0.8708269774496616,31528,0.8545944640899895,30520,0.8735196239368561,58488
960,persistent_damage,12016,0.2,4.0,signal_only,0.8186739321337376,0.1938383992062382,90840,3637,444,10.656,0,90840,0,3637,205,1.0,3.410605131648481e-13,1.0000000000000004,0.0,7.999999999999986,483264.00000000006,1920,0.9594461166554917,9424,0.827226434488795,22760,0.8114033429977889,20928,0.8180329755241832,37728
960,persistent_damage,12017,0.2,1.0,fixed,0.6636772654736585,0.0010301492293977995,0,0,0,0.0,0,0,0,0,355,1.0,3.410605131648481e-13,1.0000000000000004,0.0,-1.0,138096.0,1920,0.9076109327469121,0,0.723673863161844,0,0.6477143101225574,0,0.6416604443051162,0
960,persistent_damage,12017,0.2,1.0,pulse_only,0.8120366349733252,0.12424474324063234,103696,3572,2246,53.904,103696,0,3572,0,194,1.0,5.684341886080801e-13,1.0000000000000004,0.0,31.999999999999986,138096.0,1920,0.9399030985565449,27176,0.8185232586077006,19624,0.8043749167264876,18968,0.8126241822795565,37928
960,persistent_damage,12017,0.2,1.0,hybrid_75,0.8129842715955269,0.164987803214581,82584,2869,1716,41.184,77064,5520,2651,218,179,1.0,3.410605131648481e-13,1.0000000000000002,0.0,23.999999999999986,138096.0,1920,0.9340059069431053,20048,0.8062739853153411,15024,0.8010291907943472,16376,0.8223169551362096,31136
960,persistent_damage,12017,0.2,1.0,hybrid_50,0.811857648280078,0.17978995959205887,65568,2333,1197,28.728,51280,14288,1783,550,182,1.0,3.410605131648481e-13,1.0000000000000002,0.0,23.999999999999986,138096.0,1920,0.9285298253220509,14688,0.8185738174948456,13584,0.7991557894791878,13320,0.8148504930731394,23976
960,persistent_damage,12017,0.2,1.0,hybrid_25,0.7923267203064559,0.117222201720704,50056,1850,707,16.968,24872,25184,878,972,219,1.0,2.2737367544323206e-13,1.0000000000000004,0.0,23.999999999999986,138096.0,1920,0.9317619771259202,9440,0.7990779008493969,12192,0.7817074413535228,10032,0.7942607695114521,18392
960,persistent_damage,12017,0.2,1.0,signal_only,0.7688819723821076,0.0964988795878378,41416,1616,329,7.896,0,41416,0,1616,252,1.0,2.2737367544323206e-13,1.0000000000000004,0.0,23.999999999999986,138096.0,1920,0.927991976123406,5712,0.7859559778031935,11608,0.7565004709813223,8384,0.7665357203719577,15712
960,persistent_damage,12017,0.2,4.0,fixed,0.6636772654736585,0.0010301492293977995,0,0,0,0.0,0,0,0,0,355,1.0,3.410605131648481e-13,1.0000000000000004,0.0,-1.0,483264.00000000006,1920,0.9076109327469121,0,0.723673863161844,0,0.6477143101225574,0,0.6416604443051162,0
960,persistent_damage,12017,0.2,4.0,pulse_only,0.8608417881164108,0.23172521624099227,416848,14372,8990,215.76,416848,0,14372,0,156,1.0,3.410605131648481e-13,1.0000000000000004,0.0,7.999999999999986,483264.00000000006,1920,0.9542081550523918,108368,0.8656132446083976,78560,0.8573671740411893,77248,0.8601933669080283,152672
960,persistent_damage,12017,0.2,4.0,hybrid_75,0.8557138513423014,0.22284421526125905,329224,11449,6806,163.344,310064,19160,10689,760,154,1.0,3.410605131648481e-13,1.0000000000000004,0.0,7.999999999999986,483264.00000000006,1920,0.9481388052349315,82112,0.8614350359005235,63016,0.8571142895134446,62464,0.8521530399776185,121632
960,persistent_damage,12017,0.2,4.0,hybrid_50,0.8514993046876882,0.20842291918964853,245336,8611,4834,116.016,208192,37144,7140,1471,151,1.0,3.410605131648481e-13,1.0000000000000004,0.0,7.999999999999986,483264.00000000006,1920,0.9481952907268087,58752,0.854973032882861,47752,0.8501240004687013,46800,0.8504500926995952,92032
960,persistent_damage,12017,0.2,4.0,hybrid_25,0.8309405802559477,0.18987625072495073,164008,6032,2405,57.72,101944,62064,3550,2482,178,1.0,3.410605131648481e-13,1.0000000000000004,0.0,7.999999999999986,483264.00000000006,1920,0.9432072397718803,34112,0.8348292067831006,33096,0.8229811166929444,33104,0.8329759987738728,63696
960,persistent_damage,12017,0.2,4.0,signal_only,0.7833537063004447,0.14577240411755155,104960,4235,415,9.96,0,104960,0,4235,240,1.0,3.410605131648481e-13,1.0000000000000004,0.0,7.999999999999986,483264.00000000006,1920,0.9290333694062448,12360,0.7977598098104562,24256,0.775695042534993,24568,0.7799799864281648,43776
960,persistent_damage,12018,0.2,1.0,fixed,0.6911426122089529,0.0011277919019177431,0,0,0,0.0,0,0,0,0,330,1.0,3.410605131648481e-13,1.0000000000000002,0.0,-1.0,138096.0,1920,0.9023202891776533,0,0.7363612797391695,0,0.6814689171465578,0,0.6733701259750419,0
960,persistent_damage,12018,0.2,1.0,pulse_only,0.8326216526579885,0.22006922757296662,104800,3580,2360,56.64,104800,0,3580,0,163,1.0,2.2737367544323206e-13,1.0000000000000004,0.0,31.999999999999986,138096.0,1920,0.9479426583229238,27176,0.8261150554999005,20256,0.8275469031715,18888,0.8384123259802768,38480
960,persistent_damage,12018,0.2,1.0,hybrid_75,0.8309623100618491,0.20962405902839124,83456,2879,1795,43.08,78496,4960,2682,197,167,1.0,3.410605131648481e-13,1.0000000000000004,0.0,23.999999999999986,138096.0,1920,0.9462283604357243,20696,0.8239414135811837,15512,0.8223598937529087,16320,0.8387739664566519,30928
960,persistent_damage,12018,0.2,1.0,hybrid_50,0.8312191840395629,0.21970333479663273,67128,2359,1314,31.536,52392,14736,1804,555,170,1.0,3.410605131648481e-13,1.0000000000000004,0.0,23.999999999999986,138096.0,1920,0.9424268695150384,15424,0.8283442549798274,13200,0.8178142021944851,13968,0.8393591394919694,24536
960,persistent_damage,12018,0.2,1.0,hybrid_25,0.8305374295710447,0.187673044120699,48112,1734,812,19.488,25600,22512,875,859,165,1.0,2.2737367544323206e-13,1.0000000000000004,0.0,23.999999999999986,138096.0,1920,0.9354646368576224,10688,0.8195775804310743,10752,0.8192906567119904,9576,0.8416407405705569,17096
960,persistent_damage,12018,0.2,1.0,signal_only,0.7962310716054811,0.10202287670733529,37560,1456,327,7.848,0,37560,0,1456,221,1.0,3.410605131648481e-13,1.0000000000000004,0.0,23.999999999999986,138096.0,1920,0.9316399302618655,5968,0.8041377853963887,10256,0.7893530589108806,7736,0.7957167210573275,13600
960,persistent_damage,12018,0.2,4.0,fixed,0.6911426122089529,0.0011277919019177431,0,0,0,0.0,0,0,0,0,330,1.0,3.410605131648481e-13,1.0000000000000002,0.0,-1.0,483264.00000000006,1920,0.9023202891776533,0,0.7363612797391695,0,0.6814689171465578,0,0.6733701259750419,0
960,persistent_damage,12018,0.2,4.0,pulse_only,0.8830638324215149,0.4510490837942584,421144,14380,9503,228.072,421144,0,14380,0,149,1.0,3.410605131648481e-13,1.0000000000000004,0.0,7.999999999999986,483264.00000000006,1920,0.967450564224598,109376,0.8856373377359953,79072,0.8816150433577208,78432,0.8825014742961717,154264
960,persistent_damage,12018,0.2,4.0,hybrid_75,0.8788496211189555,0.36368418387707807,329392,11376,7046,169.104,312600,16792,10715,661,135,1.0,3.410605131648481e-13,1.0000000000000004,0.0,7.999999999999986,483264.00000000006,1920,0.967634342348621,83064,0.8832268882538791,62952,0.87900890685664,61976,0.8765813446826514,121400
960,persistent_damage,12018,0.2,4.0,hybrid_50,0.8792579484729773,0.41260565362027096,243056,8539,4765,114.36,207960,35096,7145,1394,139,1.0,3.410605131648481e-13,1.0000000000000004,0.0,7.999999999999986,483264.00000000006,1920,0.9625667694866878,58792,0.876858388329985,47592,0.8769780221331096,45136,0.8815976917144072,91536
960,persistent_damage,12018,0.2,4.0,hybrid_25,0.8561035904705635,0.2689852163582505,157024,5701,2525,60.6,103224,53800,3557,2144,154,1.0,3.410605131648481e-13,1.0000000000000004,0.0,7.999999999999986,483264.00000000006,1920,0.9609608829624592,33104,0.8528210433028238,33192,0.8547524532433417,30456,0.8584204326680444,60272
960,persistent_damage,12018,0.2,4.0,signal_only,0.8141516367058895,0.11590626798095482,92216,3701,424,10.176,0,92216,0,3701,208,1.0,2.2737367544323206e-13,1.0000000000000004,0.0,7.999999999999986,483264.00000000006,1920,0.93518212462663,12168,0.8170891837337111,22048,0.8112422749098948,20576,0.8141375440899759,37424
960,persistent_damage,12019,0.2,1.0,fixed,0.6390279447691634,0.00034575457956591727,0,0,0,0.0,0,0,0,0,372,1.0,3.410605131648481e-13,1.0000000000000004,0.0,-1.0,138096.0,1920,0.8965441199887146,0,0.681913814197544,0,0.6281124988126504,0,0.6230427330332292,0
960,persistent_damage,12019,0.2,1.0,pulse_only,0.7952677928377333,0.14902026367651944,103672,3583,2210,53.04,103672,0,3583,0,190,1.0,2.2737367544323206e-13,1.0000000000000004,0.0,31.999999999999986,138096.0,1920,0.9253390617137032,26608,0.7897651167260188,19648,0.7810789306629919,18984,0.8051135619809615,38432
960,persistent_damage,12019,0.2,1.0,hybrid_75,0.7786397166114624,0.08099275780317587,83056,2901,1679,40.296,76792,6264,2656,245,205,1.0,3.410605131648481e-13,1.0000000000000004,0.0,23.999999999999986,138096.0,1920,0.9240451560829065,20544,0.7680134320549378,14344,0.7650909424022647,16400,0.7907272459943233,31768
960,persistent_damage,12019,0.2,1.0,hybrid_50,0.7781532062822606,0.07412603135818387,67928,2428,1207,28.968,51144,16784,1776,652,224,1.0,3.410605131648481e-13,1.0000000000000004,0.0,23.999999999999986,138096.0,1920,0.92333200862945,14712,0.777495387108886,14096,0.7648087487536444,13840,0.7851543446332561,25280
960,persistent_damage,12019,0.2,1.0,hybrid_25,0.7817692236060668,0.14246785776826826,50912,1867,763,18.312,24984,25928,867,1000,217,1.0,3.410605131648481e-13,1.0000000000000004,0.0,23.999999999999986,138096.0,1920,0.9176598784131061,9496,0.7767194903102337,12256,0.7721560085933276,10640,0.789100697760353,18520
960,persistent_damage,12019,0.2,1.0,signal_only,0.7656287480185313,0.01871635576725831,41648,1634,304,7.296,0,41648,0,1634,247,1.0,3.410605131648481e-13,1.0000000000000004,0.0,23.999999999999986,138096.0,1920,0.916481112686707,6840,0.7699700177676759,10992,0.7581660687251665,8560,0.7671894527906412,15256
960,persistent_damage,12019,0.2,4.0,fixed,0.6390279447691634,0.00034575457956591727,0,0,0,0.0,0,0,0,0,372,1.0,3.410605131648481e-13,1.0000000000000004,0.0,-1.0,483264.00000000006,1920,0.8965441199887146,0,0.681913814197544,0,0.6281124988126504,0,0.6230427330332292,0
960,persistent_damage,12019,0.2,4.0,pulse_only,0.8375870049647753,0.20127432508463408,415912,14383,8840,212.16,415912,0,14383,0,180,1.0,3.410605131648481e-13,1.0000000000000004,0.0,7.999999999999986,483264.00000000006,1920,0.9451146169331224,107968,0.8345152181695735,77408,0.8358685638712302,77168,0.8399821189091488,153368
960,persistent_damage,12019,0.2,4.0,hybrid_75,0.8509017866236528,0.19419585230262384,330624,11513,6789,162.936,310648,19976,10719,794,157,1.0,3.410605131648481e-13,1.0000000000000004,0.0,7.999999999999986,483264.00000000006,1920,0.9378180581665931,81280,0.852406747950369,63272,0.8456911491270034,62144,0.8527546247086192,123928
960,persistent_damage,12019,0.2,4.0,hybrid_50,0.8173377725337639,0.1833845586635158,250496,8906,4594,110.256,206512,43984,7151,1755,186,1.0,3.410605131648481e-13,1.0000000000000004,0.0,7.999999999999986,483264.00000000006,1920,0.9379692345715714,58800,0.8177891342103023,48936,0.8114810880116076,48216,0.8200404339565731,94544
960,persistent_damage,12019,0.2,4.0,hybrid_25,0.816025390172293,0.16684950478666935,167280,6151,2457,58.968,102752,64528,3564,2587,179,1.0,3.410605131648481e-13,1.0000000000000004,0.0,7.999999999999986,483264.00000000006,1920,0.9314270467455796,35128,0.8024132179461958,35288,0.807945963630414,33104,0.8268711895562809,63760
960,persistent_damage,12019,0.2,4.0,signal_only,0.7693765974914493,0.04022952532161795,109960,4452,389,9.336,0,109960,0,4452,248,1.0,2.2737367544323206e-13,1.0000000000000004,0.0,7.999999999999986,483264.00000000006,1920,0.9181361080549635,14680,0.7762084841003201,25768,0.7648636320843529,24376,0.7682171368905617,45136
960,repeated_damage,12000,0.2,1.0,fixed,0.7195157884855646,0.007564298198986224,0,0,0,0.0,0,0,0,0,367,1.0,3.410605131648481e-13,1.0000000000000004,0.0,-1.0,138096.0,1920,0.8986137803396945,0,0.7136205404331402,0,0.8421186566517151,0,0.6611619784287015,0
960,repeated_damage,12000,0.2,1.0,pulse_only,0.8394159730035796,0.30927022187289666,104728,3580,2351,56.424,104728,0,3580,0,176,1.0,3.410605131648481e-13,1.0000000000000004,0.0,31.999999999999986,138096.0,1920,0.9272198015714553,26880,0.8065488707383819,19656,0.9054946090124005,19488,0.822810206131768,38704
960,repeated_damage,12000,0.2,1.0,hybrid_75,0.8304318926176726,0.312685224975942,84360,2922,1779,42.696,77632,6728,2663,259,207,1.0,3.410605131648481e-13,1.0000000000000004,0.0,23.999999999999986,138096.0,1920,0.9286053077130555,20352,0.801890404550975,14808,0.9057217777339739,15888,0.8070576940928706,33312
960,repeated_damage,12000,0.2,1.0,hybrid_50,0.8262021568772762,0.3187938845100559,68008,2402,1295,31.080000000000002,52072,15936,1788,614,212,1.0,3.410605131648481e-13,1.0000000000000002,0.0,23.999999999999986,138096.0,1920,0.9232613411107562,15080,0.7943229193118873,13560,0.9132442286524474,13504,0.7986207397723848,25864
960,repeated_damage,12000,0.2,1.0,hybrid_25,0.8201807553010849,0.2661820893821908,51096,1859,810,19.44,25144,25952,868,991,239,1.0,3.410605131648481e-13,1.0000000000000004,0.0,23.999999999999986,138096.0,1920,0.9202733010303346,10616,0.7934919538160021,11264,0.900576840484001,9040,0.7933271134521681,20176
960,repeated_damage,12000,0.2,1.0,signal_only,0.8057757003802181,0.17704176183378975,42144,1623,399,9.576,0,42144,0,1623,271,1.0,3.410605131648481e-13,1.0000000000000004,0.0,23.999999999999986,138096.0,1920,0.9153432157988718,6448,0.7874766462193972,10640,0.8874439853436604,4552,0.7740910849789073,20504
960,repeated_damage,12000,0.2,4.0,fixed,0.7195157884855646,0.007564298198986224,0,0,0,0.0,0,0,0,0,367,1.0,3.410605131648481e-13,1.0000000000000004,0.0,-1.0,483264.00000000006,1920,0.8986137803396945,0,0.7136205404331402,0,0.8421186566517151,0,0.6611619784287015,0
960,repeated_damage,12000,0.2,4.0,pulse_only,0.8677443750277544,0.45054576045873174,419672,14380,9319,223.656,419672,0,14380,0,164,1.0,3.410605131648481e-13,1.0000000000000004,0.0,7.999999999999986,483264.00000000006,1920,0.948985378260089,107992,0.8531068039142775,78200,0.9283445024169849,79032,0.8447630968898776,154448
960,repeated_damage,12000,0.2,4.0,hybrid_75,0.8666385216014574,0.39760775764197936,331416,11478,6993,167.832,312432,18984,10720,758,167,1.0,3.410605131648481e-13,1.0000000000000004,0.0,7.999999999999986,483264.00000000006,1920,0.944285174430575,82128,0.8434389846314962,63376,0.9227799280085685,62456,0.8501675868828826,123456
960,repeated_damage,12000,0.2,4.0,hybrid_50,0.8562758889027331,0.3927776967758951,245416,8667,4676,112.224,207248,38168,7145,1522,174,1.0,3.410605131648481e-13,1.0000000000000004,0.0,7.999999999999986,483264.00000000006,1920,0.9412290081043921,59432,0.8369680436836221,48296,0.9200785285315354,44280,0.8340284916978875,93408
960,repeated_damage,12000,0.2,4.0,hybrid_25,0.8531547949293691,0.3876320698905078,161280,5880,2520,60.480000000000004,103544,57736,3561,2319,177,1.0,3.410605131648481e-13,1.0000000000000004,0.0,7.999999999999986,483264.00000000006,1920,0.9338130939904985,34768,0.817824527816661,34616,0.9146917151014722,27960,0.8400514683996714,63936
960,repeated_damage,12000,0.2,4.0,signal_only,0.8155274771823401,0.2548321344745483,100616,4028,493,11.832,0,100616,0,4028,255,1.0,3.410605131648481e-13,1.0000000000000004,0.0,7.999999999999986,483264.00000000006,1920,0.9187689603149132,14360,0.7932614944561642,24168,0.9006930642510351,13736,0.7840776750110804,48352
960,repeated_damage,12001,0.2,1.0,fixed,0.7312228256818406,0.027116224277826995,0,0,0,0.0,0,0,0,0,350,1.0,3.410605131648481e-13,1.0000000000000004,0.0,-1.0,138096.0,1920,0.9103426590895025,0,0.7133188134076993,0,0.8538189914218722,0,0.6788767489488956,0
960,repeated_damage,12001,0.2,1.0,pulse_only,0.847253605174895,0.4586863103752631,105360,3586,2412,57.888,105360,0,3586,0,210,1.0,4.547473508864641e-13,1.0000000000000004,0.0,31.999999999999986,138096.0,1920,0.9480878559910946,26944,0.8325540926209536,20112,0.9369415007585193,20168,0.8097594136600537,38136
960,repeated_damage,12001,0.2,1.0,hybrid_75,0.8508113510670993,0.4183248304609347,84512,2878,1930,46.32,78408,6104,2647,231,183,1.0,3.410605131648481e-13,1.0000000000000004,0.0,23.999999999999986,138096.0,1920,0.9437037667336733,20624,0.807524340313577,14680,0.925479026547562,15624,0.8351210187036292,33584
960,repeated_damage,12001,0.2,1.0,hybrid_50,0.8490580548688111,0.42614678829552327,67008,2325,1401,33.624,51976,15032,1761,564,197,1.0,2.2737367544323206e-13,1.0000000000000004,0.0,23.999999999999986,138096.0,1920,0.941169574536054,14528,0.8178853154859492,13928,0.9301855367739762,12360,0.8240806836076595,26192
960,repeated_damage,12001,0.2,1.0,hybrid_25,0.8361959842422655,0.37319364313446285,49272,1754,897,21.528,25256,24016,856,898,210,1.0,3.410605131648481e-13,1.0000000000000004,0.0,23.999999999999986,138096.0,1920,0.9377147732890594,9280,0.8069658143291765,11864,0.9205497306233872,8664,0.8086341960082492,19464
960,repeated_damage,12001,0.2,1.0,signal_only,0.8249053246841649,0.37241720067939577,39160,1485,440,10.56,0,39160,0,1485,253,1.0,3.410605131648481e-13,1.0000000000000004,0.0,23.999999999999986,138096.0,1920,0.9364915329340048,5808,0.7983329339919835,10824,0.918124838473158,3992,0.7915817631357595,18536
960,repeated_damage,12001,0.2,4.0,fixed,0.7312228256818406,0.027116224277826995,0,0,0,0.0,0,0,0,0,350,1.0,3.410605131648481e-13,1.0000000000000004,0.0,-1.0,483264.00000000006,1920,0.9103426590895025,0,0.7133188134076993,0,0.8538189914218722,0,0.6788767489488956,0
960,repeated_damage,12001,0.2,4.0,pulse_only,0.8887227106694847,0.5705501272068014,422584,14386,9665,231.96,422584,0,14386,0,156,1.0,6.821210263296962e-13,1.0000000000000004,0.0,7.999999999999986,483264.00000000006,1920,0.9633334991124863,109496,0.8845318991307484,79264,0.9457341188504613,79304,0.8623124123483646,154520
960,repeated_damage,12001,0.2,4.0,hybrid_75,0.884093128664996,0.5742347393645488,332864,11386,7450,178.8,315824,17040,10721,665,175,1.0,4.547473508864641e-13,1.0000000000000004,0.0,7.999999999999986,483264.00000000006,1920,0.9590835744226259,82832,0.8777525984297514,63272,0.9450233666113815,62376,0.8567982748094257,124384
960,repeated_damage,12001,0.2,4.0,hybrid_50,0.8718663510730283,0.5207494779984712,245424,8544,5046,121.104,209504,35920,7130,1414,192,1.0,4.547473508864641e-13,1.0000000000000004,0.0,7.999999999999986,483264.00000000006,1920,0.9555775009763311,57984,0.8544808029052656,47752,0.9388566733911675,45112,0.8470639639978405,94576
960,repeated_damage,12001,0.2,4.0,hybrid_25,0.8646966726054028,0.48780334257503233,157000,5647,2684,64.416,104312,52688,3564,2083,193,1.0,4.547473508864641e-13,1.0000000000000004,0.0,7.999999999999986,483264.00000000006,1920,0.951786450727956,33240,0.8513260563316484,32408,0.9369755973714962,26336,0.8352425183592337,65016
960,repeated_damage,12001,0.2,4.0,signal_only,0.8266722228476533,0.37969686443385414,93896,3720,577,13.848,0,93896,0,3720,249,1.0,3.410605131648481e-13,1.0000000000000004,0.0,7.999999999999986,483264.00000000006,1920,0.9398760793203568,12320,0.7995940418929104,24488,0.9218917534503522,11568,0.7926015480236753,45520
960,repeated_damage,12002,0.2,1.0,fixed,0.7525113242735255,0.04656878060488943,0,0,0,0.0,0,0,0,0,341,1.0,3.410605131648481e-13,1.0000000000000004,0.0,-1.0,138096.0,1920,0.9173829039406868,0,0.7547136887318482,0,0.863862597386624,0,0.695734505487815,0
960,repeated_damage,12002,0.2,1.0,pulse_only,0.8371607108935162,0.36899103940377226,103856,3589,2215,53.160000000000004,103856,0,3589,0,210,1.0,3.410605131648481e-13,1.0000000000000004,0.0,31.999999999999986,138096.0,1920,0.941816538837808,26896,0.8273110004950889,19456,0.9085897438312123,19080,0.8063710496238817,38424
960,repeated_damage,12002,0.2,1.0,hybrid_75,0.839801591061257,0.30862345325564594,83128,2892,1715,41.160000000000004,77432,5696,2666,226,197,1.0,4.547473508864641e-13,1.0000000000000004,0.0,23.999999999999986,138096.0,1920,0.9368622407548477,20448,0.8177670374421279,14400,0.9025608588180614,15824,0.8194392339924194,32456
960,repeated_damage,12002,0.2,1.0,hybrid_50,0.8303915948778501,0.2582436329739746,67000,2382,1229,29.496000000000002,51664,15336,1783,599,203,1.0,3.410605131648481e-13,1.0000000000000002,0.0,23.999999999999986,138096.0,1920,0.9333350128968785,15184,0.8127583184683341,13448,0.8994756545761643,12920,0.8046662032334511,25448
960,repeated_damage,12002,0.2,1.0,hybrid_25,0.8304885745400238,0.3352204468997847,49728,1812,780,18.72,25000,24728,864,948,232,1.0,3.410605131648481e-13,1.0000000000000004,0.0,23.999999999999986,138096.0,1920,0.9332021359600886,10024,0.8123812783245585,10864,0.9031160719645986,9152,0.803228473935469,19688
960,repeated_damage,12002,0.2,1.0,signal_only,0.8282208812838013,0.29865850410790024,36856,1427,326,7.824,0,36856,0,1427,238,1.0,3.410605131648481e-13,1.0000000000000004,0.0,23.999999999999986,138096.0,1920,0.9305415320650432,5872,0.8298570356032837,9264,0.9005140576611507,4224,0.7912562159353855,17496
960,repeated_damage,12002,0.2,4.0,fixed,0.7525113242735255,0.04656878060488943,0,0,0,0.0,0,0,0,0,341,1.0,3.410605131648481e-13,1.0000000000000004,0.0,-1.0,483264.00000000006,1920,0.9173829039406868,0,0.7547136887318482,0,0.863862597386624,0,0.695734505487815,0
960,repeated_damage,12002,0.2,4.0,pulse_only,0.8593458899666014,0.39625802928038417,410736,14389,8175,196.20000000000002,410736,0,14389,0,191,1.0,3.410605131648481e-13,1.0000000000000004,0.0,7.999999999999986,483264.00000000006,1920,0.9512194788598162,107096,0.8497750760733201,76560,0.9202087994883225,76200,0.8336998421523817,150880
960,repeated_damage,12002,0.2,4.0,hybrid_75,0.8556410324592489,0.39954779501838833,327720,11512,6429,154.296,307760,19960,10708,804,183,1.0,3.410605131648481e-13,1.0000000000000004,0.0,7.999999999999986,483264.00000000006,1920,0.9475629097647902,81808,0.8392963022555212,61864,0.9143488146384366,61448,0.834459506471519,122600
960,repeated_damage,12002,0.2,4.0,hybrid_50,0.8514963724110534,0.3922127484435762,244632,8755,4314,103.536,205120,39512,7152,1603,194,1.0,4.547473508864641e-13,1.0000000000000004,0.0,7.999999999999986,483264.00000000006,1920,0.9500976400457802,58536,0.8431385254684733,47640,0.9160043929570485,44464,0.8234212856093461,93992
960,repeated_damage,12002,0.2,4.0,hybrid_25,0.8497005629180483,0.404728624950568,161624,5955,2338,56.112,103056,58568,3574,2381,191,1.0,3.410605131648481e-13,1.0000000000000004,0.0,7.999999999999986,483264.00000000006,1920,0.9447716216715514,34200,0.8370554568596498,33472,0.9114981415277297,28984,0.8251243266424066,64968
960,repeated_damage,12002,0.2,4.0,signal_only,0.8300834034482902,0.31170487636072736,92680,3718,431,10.344,0,92680,0,3718,241,1.0,3.410605131648481e-13,1.0000000000000004,0.0,7.999999999999986,483264.00000000006,1920,0.9324585975602638,13216,0.830942015335515,20976,0.9064391549006046,12976,0.791476221778521,45512
960,repeated_damage,12003,0.2,1.0,fixed,0.7571952673565935,0.12929128425757924,0,0,0,0.0,0,0,0,0,318,1.0,3.410605131648481e-13,1.0000000000000004,0.0,-1.0,138096.0,1920,0.933675595399078,0,0.7273826796555575,0,0.8748332961443547,0,0.7132825468132309,0
960,repeated_damage,12003,0.2,1.0,pulse_only,0.8692525386482206,0.45606743025244567,105432,3574,2457,58.968,105432,0,3574,0,161,1.0,4.547473508864641e-13,1.0000000000000002,0.0,31.999999999999986,138096.0,1920,0.9550554475152178,26616,0.8527496194044459,20280,0.9321182683158248,19792,0.8460711334363056,38744
960,repeated_damage,12003,0.2,1.0,hybrid_75,0.8685663252012166,0.5045348540971262,83016,2848,1833,43.992000000000004,77784,5232,2644,204,169,1.0,4.547473508864641e-13,1.0000000000000004,0.0,23.999999999999986,138096.0,1920,0.9529992801942896,20040,0.8418474761423326,14536,0.9299928908912,15960,0.851212466885667,32480
960,repeated_damage,12003,0.2,1.0,hybrid_50,0.8568285004552159,0.43918372349752544,66792,2327,1368,32.832,52232,14560,1772,555,195,1.0,3.410605131648481e-13,1.0000000000000004,0.0,23.999999999999986,138096.0,1920,0.9498785351520281,14160,0.8414481393943023,14056,0.9246027448595155,12560,0.8306315587835227,26016
960,repeated_damage,12003,0.2,1.0,hybrid_25,0.844200900661847,0.44029144210161486,49752,1799,822,19.728,25080,24672,859,940,241,1.0,4.547473508864641e-13,1.0000000000000004,0.0,23.999999999999986,138096.0,1920,0.9507104534750298,9176,0.829489170181237,11152,0.9260209206334507,8800,0.8106467559163504,20624
960,repeated_damage,12003,0.2,1.0,signal_only,0.8368237059802808,0.44203064863064045,36920,1418,361,8.664,0,36920,0,1418,236,1.0,3.410605131648481e-13,1.0000000000000004,0.0,23.999999999999986,138096.0,1920,0.9476309238954786,4736,0.8145449029910466,11064,0.9208127119301358,3936,0.8059686044999705,17184
960,repeated_damage,12003,0.2,4.0,fixed,0.7571952673565935,0.12929128425757924,0,0,0,0.0,0,0,0,0,318,1.0,3.410605131648481e-13,1.0000000000000004,0.0,-1.0,483264.00000000006,1920,0.933675595399078,0,0.7273826796555575,0,0.8748332961443547,0,0.7132825468132309,0
960,repeated_damage,12003,0.2,4.0,pulse_only,0.8935306105674297,0.5961985324338326,421392,14374,9552,229.24800000000002,421392,0,14374,0,137,1.0,4.547473508864641e-13,1.0000000000000004,0.0,7.999999999999986,483264.00000000006,1920,0.9615686342094245,108272,0.8830411218432406,78464,0.941976731443793,78752,0.8745522944913426,155904
960,repeated_damage,12003,0.2,4.0,hybrid_75,0.8874472064303621,0.5575038643141764,330440,11365,7210,173.04,313880,16560,10701,664,155,1.0,4.547473508864641e-13,1.0000000000000004,0.0,7.999999999999986,483264.00000000006,1920,0.9614523723496059,81888,0.8768772899562776,62512,0.9394340169286147,62144,0.8667387594182784,123896
960,repeated_damage,12003,0.2,4.0,hybrid_50,0.8892209916489808,0.5600881595830898,239456,8349,4885,117.24000000000001,209544,29912,7143,1206,160,1.0,4.547473508864641e-13,1.0000000000000004,0.0,7.999999999999986,483264.00000000006,1920,0.9604240260136475,57648,0.8727218945005182,45952,0.9396290231026098,43568,0.8722665244963975,92288
960,repeated_damage,12003,0.2,4.0,hybrid_25,0.880364975305568,0.5438102229966265,151240,5434,2603,62.472,104504,46736,3557,1877,163,1.0,4.547473508864641e-13,1.0000000000000004,0.0,7.999999999999986,483264.00000000006,1920,0.9592947445514798,32416,0.8733000679067814,30336,0.9397028181655306,26528,0.8542285075749801,61960
960,repeated_damage,12003,0.2,4.0,signal_only,0.8385452115996541,0.4502681701887944,90888,3631,468,11.232000000000001,0,90888,0,3631,249,1.0,3.410605131648481e-13,1.0000000000000004,0.0,7.999999999999986,483264.00000000006,1920,0.9488907788469807,10008,0.8212687559864216,24568,0.9231459229064877,11720,0.8048830837528534,44592
960,repeated_damage,12004,0.2,1.0,fixed,0.7620978444927484,0.12539294646490384,0,0,0,0.0,0,0,0,0,347,1.0,3.410605131648481e-13,1.0000000000000004,0.0,-1.0,138096.0,1920,0.9348977451556373,0,0.7507398932344562,0,0.8817617218231145,0,0.7079448814567113,0
960,repeated_damage,12004,0.2,1.0,pulse_only,0.8647377982154989,0.5039758299760074,105528,3585,2436,58.464,105528,0,3585,0,183,1.0,3.410605131648481e-13,1.0000000000000004,0.0,31.999999999999986,138096.0,1920,0.9593072303374054,27328,0.8621100491041674,20176,0.9384961418062577,19600,0.8291725009757853,38424
960,repeated_damage,12004,0.2,1.0,hybrid_75,0.857304727520004,0.47284755297680564,84064,2889,1841,44.184,78104,5960,2658,231,199,1.0,5.684341886080801e-13,1.0000000000000004,0.0,23.999999999999986,138096.0,1920,0.9536681220733444,20696,0.8461276464664467,14872,0.9350423298552649,15344,0.8240244668791518,33152
960,repeated_damage,12004,0.2,1.0,hybrid_50,0.8473314441342118,0.44145288440617736,66832,2348,1310,31.44,51776,15056,1774,574,215,1.0,3.410605131648481e-13,1.0000000000000004,0.0,23.999999999999986,138096.0,1920,0.9517053824023773,14992,0.8388628695638278,13280,0.932218836430748,13160,0.8091220352711357,25400
960,repeated_damage,12004,0.2,1.0,hybrid_25,0.8515408723809411,0.48978803091691775,48656,1766,784,18.816,25064,23592,865,901,258,1.0,3.410605131648481e-13,1.0000000000000004,0.0,23.999999999999986,138096.0,1920,0.9554120692865488,9104,0.8462963047699372,11184,0.9300017678977972,8208,0.8149327084280152,20160
960,repeated_damage,12004,0.2,1.0,signal_only,0.8453349016561743,0.46532291064918635,36336,1380,402,9.648,0,36336,0,1380,233,1.0,2.2737367544323206e-13,1.0000000000000004,0.0,23.999999999999986,138096.0,1920,0.950241975809072,4480,0.827541681090517,10328,0.928041966978188,3680,0.8128779792779962,17848
960,repeated_damage,12004,0.2,4.0,fixed,0.7620978444927484,0.12539294646490384,0,0,0,0.0,0,0,0,0,347,1.0,3.410605131648481e-13,1.0000000000000004,0.0,-1.0,483264.00000000006,1920,0.9348977451556373,0,0.7507398932344562,0,0.8817617218231145,0,0.7079448814567113,0
960,repeated_damage,12004,0.2,4.0,pulse_only,0.8974914231906296,0.6059186449236902,420688,14385,9431,226.344,420688,0,14385,0,140,1.0,3.410605131648481e-13,1.0000000000000004,0.0,7.999999999999986,483264.00000000006,1920,0.9699269651088079,108936,0.8898343829746186,78384,0.9550981906517847,79064,0.8725165595680575,154304
960,repeated_damage,12004,0.2,4.0,hybrid_75,0.8952005625313502,0.6122540121105617,330384,11384,7146,171.504,313464,16920,10711,673,166,1.0,3.410605131648481e-13,1.0000000000000004,0.0,7.999999999999986,483264.00000000006,1920,0.971096450746835,82808,0.9002600854438325,62456,0.9552636099873505,61944,0.8626392773471087,123176
960,repeated_damage,12004,0.2,4.0,hybrid_50,0.8949682468854273,0.6047011848090829,239496,8341,4914,117.936,209408,30088,7149,1192,161,1.0,3.410605131648481e-13,1.0000000000000004,0.0,7.999999999999986,483264.00000000006,1920,0.9685270958000105,57368,0.8825249577070065,46184,0.9477918150074792,44536,0.8747781074136118,91408
960,repeated_damage,12004,0.2,4.0,hybrid_25,0.8735457799722139,0.5450519322554146,154032,5566,2556,61.344,103928,50104,3561,2005,187,1.0,2.2737367544323206e-13,1.0000000000000004,0.0,7.999999999999986,483264.00000000006,1920,0.964230482654932,32000,0.8653882148804483,31736,0.9458200922270813,26216,0.8414874063906636,64080
960,repeated_damage,12004,0.2,4.0,signal_only,0.8480701119114569,0.4919683250126163,88864,3535,503,12.072000000000001,0,88864,0,3535,258,1.0,2.2737367544323206e-13,1.0000000000000004,0.0,7.999999999999986,483264.00000000006,1920,0.9533806892878781,9824,0.8456533909067164,21520,0.9334706249731062,10704,0.8065782158830026,46816
960,repeated_damage,12005,0.2,1.0,fixed,0.7541190053888946,0.03829961377296444,0,0,0,0.0,0,0,0,0,335,1.0,3.410605131648481e-13,1.0000000000000004,0.0,-1.0,138096.0,1920,0.9125474862076942,0,0.7358649036460853,0,0.8587519175708118,0,0.710929600169341,0
960,repeated_damage,12005,0.2,1.0,pulse_only,0.8401099350899686,0.357719969214726,104376,3583,2298,55.152,104376,0,3583,0,204,1.0,4.547473508864641e-13,1.0000000000000002,0.0,31.999999999999986,138096.0,1920,0.9344749035096118,26920,0.8309773005548692,19840,0.9103672431343787,19552,0.8095475983353131,38064
960,repeated_damage,12005,0.2,1.0,hybrid_75,0.8320312397704562,0.3341885040156796,83944,2904,1781,42.744,77240,6704,2645,259,208,1.0,4.547473508864641e-13,1.0000000000000004,0.0,23.999999999999986,138096.0,1920,0.9326029186049731,20024,0.82324375851999,14936,0.905083541639774,16088,0.7998988294610306,32896
960,repeated_damage,12005,0.2,1.0,hybrid_50,0.8392800960132291,0.368761841962461,66504,2347,1272,30.528000000000002,51488,15016,1762,585,211,1.0,4.547473508864641e-13,1.0000000000000004,0.0,23.999999999999986,138096.0,1920,0.9306131591345476,14488,0.8226182134116578,13600,0.9099355926712746,12536,0.8122832889849919,25880
960,repeated_damage,12005,0.2,1.0,hybrid_25,0.8223578889691731,0.2858835993162556,49472,1818,730,17.52,24944,24528,865,953,242,1.0,3.410605131648481e-13,1.0000000000000004,0.0,23.999999999999986,138096.0,1920,0.9273534257747318,9256,0.8118764703820561,11312,0.9006191927727379,8280,0.7884679463609489,20624
960,repeated_damage,12005,0.2,1.0,signal_only,0.8172859135430047,0.2688964522306463,38656,1495,347,8.328,0,38656,0,1495,248,1.0,3.410605131648481e-13,1.0000000000000004,0.0,23.999999999999986,138096.0,1920,0.9242520593024968,5640,0.7918464746974183,10576,0.898346930021874,4552,0.7894751247263633,17888
960,repeated_damage,12005,0.2,4.0,fixed,0.7541190053888946,0.03829961377296444,0,0,0,0.0,0,0,0,0,335,1.0,3.410605131648481e-13,1.0000000000000004,0.0,-1.0,483264.00000000006,1920,0.9125474862076942,0,0.7358649036460853,0,0.8587519175708118,0,0.710929600169341,0
960,repeated_damage,12005,0.2,4.0,pulse_only,0.8736662266190472,0.49472919688478717,418184,14383,9124,218.976,418184,0,14383,0,176,1.0,4.547473508864641e-13,1.0000000000000004,0.0,7.999999999999986,483264.00000000006,1920,0.9453904706805532,107680,0.869463827676277,78312,0.9204448339725094,77904,0.8523781224137015,154288
960,repeated_damage,12005,0.2,4.0,hybrid_75,0.8658110487609568,0.418215020584135,329984,11420,6988,167.71200000000002,312480,17504,10713,707,170,1.0,4.547473508864641e-13,1.0000000000000004,0.0,7.999999999999986,483264.00000000006,1920,0.9437357281609289,82160,0.8622232990921165,62328,0.9230943948474515,62536,0.8389632505521296,122960
960,repeated_damage,12005,0.2,4.0,hybrid_50,0.8559521582628011,0.4550366421573684,245264,8655,4693,112.632,207320,37944,7125,1530,194,1.0,4.547473508864641e-13,1.0000000000000004,0.0,7.999999999999986,483264.00000000006,1920,0.9410556439258939,57808,0.8487369598697592,48416,0.9159014962258909,44848,0.8295850884777773,94192
960,repeated_damage,12005,0.2,4.0,hybrid_25,0.8510061123861822,0.39366824538573447,159768,5840,2451,58.824,103280,56488,3562,2278,186,1.0,4.547473508864641e-13,1.0000000000000004,0.0,7.999999999999986,483264.00000000006,1920,0.9384249342406076,33824,0.844301068463882,32656,0.9177825318387507,27632,0.820970424621048,65656
960,repeated_damage,12005,0.2,4.0,signal_only,0.8255901089742846,0.30890569422889225,93080,3732,439,10.536,0,93080,0,3732,249,1.0,2.2737367544323206e-13,1.0000000000000004,0.0,7.999999999999986,483264.00000000006,1920,0.9255716358620735,11904,0.7983490957974464,23624,0.907053932368529,12480,0.7984787038655815,45072
960,repeated_damage,12006,0.2,1.0,fixed,0.7495194943795479,0.05251681318161395,0,0,0,0.0,0,0,0,0,310,1.0,2.2737367544323206e-13,1.0000000000000004,0.0,-1.0,138096.0,1920,0.9119682896241984,0,0.7303638799481432,0,0.8550869504639145,0,0.7063135735530671,0
960,repeated_damage,12006,0.2,1.0,pulse_only,0.8418602382953192,0.455110063272338,104488,3577,2330,55.92,104488,0,3577,0,207,1.0,3.410605131648481e-13,1.0000000000000004,0.0,31.999999999999986,138096.0,1920,0.948160243823963,26976,0.8280495723088016,20184,0.920110160043586,19376,0.8096406104144447,37952
960,repeated_damage,12006,0.2,1.0,hybrid_75,0.8487579235262032,0.42430188767174765,83832,2879,1842,44.208,78208,5624,2662,217,182,1.0,3.410605131648481e-13,1.0000000000000004,0.0,23.999999999999986,138096.0,1920,0.9418440437136517,20312,0.8144896194030763,15168,0.918257401501026,15320,0.8311423366003554,33032
960,repeated_damage,12006,0.2,1.0,hybrid_50,0.8385742976179569,0.4272254414327579,67680,2383,1311,31.464000000000002,52312,15368,1797,586,208,1.0,3.410605131648481e-13,1.0000000000000004,0.0,23.999999999999986,138096.0,1920,0.9379849594829646,15192,0.8195474868699231,13512,0.9179269062037593,12984,0.8084113986990726,25992
960,repeated_damage,12006,0.2,1.0,hybrid_25,0.8229248046557422,0.34559786901908884,49912,1814,797,19.128,25240,24672,868,946,237,1.0,3.410605131648481e-13,1.0000000000000004,0.0,23.999999999999986,138096.0,1920,0.9373396343933991,9824,0.8015294126969705,11448,0.9131275041694786,8528,0.7885211508782599,20112
960,repeated_damage,12006,0.2,1.0,signal_only,0.8152054485867812,0.26866147890358955,38408,1471,388,9.312,0,38408,0,1471,247,1.0,3.410605131648481e-13,1.0000000000000004,0.0,23.999999999999986,138096.0,1920,0.9336029716464487,6000,0.7985171208325886,10144,0.9067643132229571,4104,0.7777701801457895,18160
960,repeated_damage,12006,0.2,4.0,fixed,0.7495194943795479,0.05251681318161395,0,0,0,0.0,0,0,0,0,310,1.0,2.2737367544323206e-13,1.0000000000000004,0.0,-1.0,483264.00000000006,1920,0.9119682896241984,0,0.7303638799481432,0,0.8550869504639145,0,0.7063135735530671,0
960,repeated_damage,12006,0.2,4.0,pulse_only,0.8696324530705923,0.49589234650490616,417616,14377,9071,217.704,417616,0,14377,0,177,1.0,3.410605131648481e-13,1.0000000000000004,0.0,7.999999999999986,483264.00000000006,1920,0.9602497520726219,107704,0.8606407516686521,77928,0.9367815286753731,78536,0.8405537659691721,153448
960,repeated_damage,12006,0.2,4.0,hybrid_75,0.8693194052409289,0.48478239658953504,331136,11491,6919,166.056,311568,19568,10721,770,177,1.0,3.410605131648481e-13,1.0000000000000004,0.0,7.999999999999986,483264.00000000006,1920,0.958771161176795,82216,0.8583301334064583,62824,0.9353081869772594,61080,0.8418196502899988,125016
960,repeated_damage,12006,0.2,4.0,hybrid_50,0.8680397601428838,0.48782039646401065,242976,8560,4692,112.608,207440,35536,7137,1423,182,1.0,3.410605131648481e-13,1.0000000000000004,0.0,7.999999999999986,483264.00000000006,1920,0.9571995546095997,58256,0.852985563476011,46048,0.9316110013582666,44448,0.8437812378686288,94224
960,repeated_damage,12006,0.2,4.0,hybrid_25,0.8563016372706976,0.5084561618264063,158760,5800,2445,58.68,102976,55784,3553,2247,204,1.0,3.410605131648481e-13,1.0000000000000004,0.0,7.999999999999986,483264.00000000006,1920,0.9516090010376803,33296,0.8438184636689465,33272,0.9284698203558293,26488,0.8264591325290075,65704
960,repeated_damage,12006,0.2,4.0,signal_only,0.8212218626934547,0.3300942903260501,95464,3803,524,12.576,0,95464,0,3803,261,1.0,3.410605131648481e-13,1.0000000000000004,0.0,7.999999999999986,483264.00000000006,1920,0.9379661707377646,13096,0.8096144651336136,23000,0.9126501087697944,11696,0.7813114384352056,47672
960,repeated_damage,12007,0.2,1.0,fixed,0.735692745469424,0.017204208972348718,0,0,0,0.0,0,0,0,0,349,1.0,3.410605131648481e-13,1.0000000000000004,0.0,-1.0,138096.0,1920,0.8946848830379017,0,0.7367815626984632,0,0.8376383586725066,0,0.6841755302533632,0
960,repeated_damage,12007,0.2,1.0,pulse_only,0.8246342901070536,0.27719307720812875,104344,3582,2297,55.128,104344,0,3582,0,210,1.0,3.410605131648481e-13,1.0000000000000004,0.0,31.999999999999986,138096.0,1920,0.927944320060041,27456,0.8091760634433223,19688,0.9049373473951262,18848,0.792211874794883,38352
960,repeated_damage,12007,0.2,1.0,hybrid_75,0.8200770860281751,0.22781286837326,84352,2922,1778,42.672000000000004,77960,6392,2673,249,221,1.0,4.547473508864641e-13,1.0000000000000004,0.0,23.999999999999986,138096.0,1920,0.9254706392472278,20248,0.8036793147376455,15072,0.894286918744434,16064,0.7911710553153103,32968
960,repeated_damage,12007,0.2,1.0,hybrid_50,0.8122707128211474,0.23117010988124162,68904,2434,1311,31.464000000000002,52264,16640,1796,638,229,1.0,3.410605131648481e-13,1.0000000000000004,0.0,23.999999999999986,138096.0,1920,0.9165990698505802,15952,0.7920676962256324,13416,0.8929318244709713,13176,0.7820416652939929,26360
960,repeated_damage,12007,0.2,1.0,hybrid_25,0.806584889172698,0.1573670785462816,51768,1889,804,19.296,25792,25976,889,1000,243,1.0,3.410605131648481e-13,1.0000000000000004,0.0,23.999999999999986,138096.0,1920,0.9173004684111484,11464,0.7929005660481869,11080,0.8894476052000029,8224,0.7719956927213012,21000
960,repeated_damage,12007,0.2,1.0,signal_only,0.8005309694056743,0.1526414616041251,41392,1612,338,8.112,0,41392,0,1612,259,1.0,3.410605131648481e-13,1.0000000000000004,0.0,23.999999999999986,138096.0,1920,0.9129607963821654,7008,0.7788379033586261,10400,0.8843310610814578,5040,0.7694774565913066,18944
960,repeated_damage,12007,0.2,4.0,fixed,0.735692745469424,0.017204208972348718,0,0,0,0.0,0,0,0,0,349,1.0,3.410605131648481e-13,1.0000000000000004,0.0,-1.0,483264.00000000006,1920,0.8946848830379017,0,0.7367815626984632,0,0.8376383586725066,0,0.6841755302533632,0
960,repeated_damage,12007,0.2,4.0,pulse_only,0.8533310313097778,0.3523665667430345,417112,14382,8993,215.832,417112,0,14382,0,175,1.0,4.547473508864641e-13,1.0000000000000004,0.0,7.999999999999986,483264.00000000006,1920,0.9376737517427013,106920,0.8430755264643132,78320,0.913268728517271,78088,0.8284899351287636,153784
960,repeated_damage,12007,0.2,4.0,hybrid_75,0.8508920175358647,0.3442823944000359,332576,11536,6964,167.136,311712,20864,10702,834,179,1.0,4.547473508864641e-13,1.0000000000000004,0.0,7.999999999999986,483264.00000000006,1920,0.9356674855101037,82328,0.8371520556680283,63096,0.9126243683259417,62896,0.8268958230747445,124256
960,repeated_damage,12007,0.2,4.0,hybrid_50,0.845258125692248,0.3459956987378463,249376,8824,4700,112.8,208024,41352,7156,1668,192,1.0,3.410605131648481e-13,1.0000000000000004,0.0,7.999999999999986,483264.00000000006,1920,0.9361122314836158,59952,0.8245132375517594,48736,0.9137382412474021,45704,0.8213905119849154,94984
960,repeated_damage,12007,0.2,4.0,hybrid_25,0.8396528922515426,0.3429514372360446,167272,6134,2507,60.168,103432,63840,3563,2571,205,1.0,4.547473508864641e-13,1.0000000000000004,0.0,7.999999999999986,483264.00000000006,1920,0.9318214296421881,36600,0.8227857727538925,34544,0.9090685471607415,28640,0.8133786245457681,67488
960,repeated_damage,12007,0.2,4.0,signal_only,0.808143798094555,0.17121394706434806,102624,4133,429,10.296,0,102624,0,4133,262,1.0,3.410605131648481e-13,1.0000000000000004,0.0,7.999999999999986,483264.00000000006,1920,0.9165857285173926,15320,0.7858505284161056,24432,0.8913999114286002,15352,0.777662376266757,47520
960,repeated_damage,12008,0.2,1.0,fixed,0.7554145295000851,0.031107098247248763,0,0,0,0.0,0,0,0,0,319,1.0,3.410605131648481e-13,1.0000000000000004,0.0,-1.0,138096.0,1920,0.9082433096777259,0,0.7432985380102428,0,0.8508494912973503,0,0.7137550443463736,0
960,repeated_damage,12008,0.2,1.0,pulse_only,0.8546141396093643,0.3899269546656116,105392,3582,2428,58.272,105392,0,3582,0,191,1.0,6.821210263296962e-13,1.0000000000000004,0.0,31.999999999999986,138096.0,1920,0.9430615418539224,26824,0.8335406275330342,20032,0.9218361953690695,19920,0.8315398677676764,38616
960,repeated_damage,12008,0.2,1.0,hybrid_75,0.8513470762093179,0.429293174946485,84136,2870,1907,45.768,78208,5928,2644,226,183,1.0,4.547473508864641e-13,1.0000000000000004,0.0,23.999999999999986,138096.0,1920,0.9359095989394165,20544,0.8265253422327684,14720,0.9196287062232184,15704,0.8296171281906426,33168
960,repeated_damage,12008,0.2,1.0,hybrid_50,0.8444413869020857,0.3536517239076921,66400,2320,1340,32.160000000000004,52144,14256,1777,543,181,1.0,3.410605131648481e-13,1.0000000000000004,0.0,23.999999999999986,138096.0,1920,0.9319047572395351,14744,0.8218418412271645,13760,0.9146630303000931,12056,0.8206303380405426,25840
960,repeated_damage,12008,0.2,1.0,hybrid_25,0.8310512016464241,0.38757853577392326,49528,1790,821,19.704,25240,24288,861,929,245,1.0,3.410605131648481e-13,1.0000000000000004,0.0,23.999999999999986,138096.0,1920,0.9307655745901648,9776,0.8166622086472041,10896,0.9114348610349712,8880,0.7980538684517605,19976
960,repeated_damage,12008,0.2,1.0,signal_only,0.8150538870663044,0.2972303350803879,38864,1495,373,8.952,0,38864,0,1495,258,1.0,3.410605131648481e-13,1.0000000000000004,0.0,23.999999999999986,138096.0,1920,0.9265299670158651,5528,0.8108857369358422,9840,0.9040617057322914,3952,0.772634052798542,19544
960,repeated_damage,12008,0.2,4.0,fixed,0.7554145295000851,0.031107098247248763,0,0,0,0.0,0,0,0,0,319,1.0,3.410605131648481e-13,1.0000000000000004,0.0,-1.0,483264.00000000006,1920,0.9082433096777259,0,0.7432985380102428,0,0.8508494912973503,0,0.7137550443463736,0
960,repeated_damage,12008,0.2,4.0,pulse_only,0.8848594687062602,0.5266778547753082,422032,14382,9608,230.592,422032,0,14382,0,153,1.0,9.094947017729282e-13,1.0000000000000004,0.0,7.999999999999986,483264.00000000006,1920,0.950519225715342,108216,0.879569648819322,79184,0.9336401445214889,79112,0.8631140407421148,155520
960,repeated_damage,12008,0.2,4.0,hybrid_75,0.8800024811584694,0.5089262187580237,331672,11395,7274,174.576,314680,16992,10720,675,161,1.0,4.547473508864641e-13,1.0000000000000004,0.0,7.999999999999986,483264.00000000006,1920,0.9486129499456473,82520,0.868904490474305,62632,0.9329663556377698,61856,0.859069539260901,124664
960,repeated_damage,12008,0.2,4.0,hybrid_50,0.8769470937076195,0.5224027377921374,244768,8527,5015,120.36,210184,34584,7150,1377,178,1.0,6.821210263296962e-13,1.0000000000000004,0.0,7.999999999999986,483264.00000000006,1920,0.9491945972377854,58968,0.8667892904935439,47456,0.9328874929843366,44256,0.8540557956762985,94088
960,repeated_damage,12008,0.2,4.0,hybrid_25,0.8637377198599411,0.4697532972548954,156112,5652,2558,61.392,104160,51952,3567,2085,179,1.0,4.547473508864641e-13,1.0000000000000004,0.0,7.999999999999986,483264.00000000006,1920,0.9427146312360863,33584,0.8617223519365899,31784,0.9245135285198881,26856,0.8343574994916428,63888
960,repeated_damage,12008,0.2,4.0,signal_only,0.8204248531222726,0.2995309274015306,93192,3732,453,10.872,0,93192,0,3732,254,1.0,3.410605131648481e-13,1.0000000000000004,0.0,7.999999999999986,483264.00000000006,1920,0.9290346371550893,11800,0.8180663480130397,22296,0.9076192135104705,12240,0.7780069254827902,46856
960,repeated_damage,12009,0.2,1.0,fixed,0.7235045099476922,0.053948962070015975,0,0,0,0.0,0,0,0,0,347,1.0,3.410605131648481e-13,1.0000000000000004,0.0,-1.0,138096.0,1920,0.9122508580705725,0,0.6795946917010541,0,0.8496285962304155,0,0.6823973759296494,0
960,repeated_damage,12009,0.2,1.0,pulse_only,0.8561880240489609,0.38740907928038854,105312,3581,2421,58.104,105312,0,3581,0,184,1.0,3.410605131648481e-13,1.0000000000000004,0.0,31.999999999999986,138096.0,1920,0.9488475010069578,27616,0.819819324535598,19968,0.9272972887041829,19632,0.8388177414780313,38096
960,repeated_damage,12009,0.2,1.0,hybrid_75,0.8479132133942282,0.3746800623807988,84704,2909,1861,44.664,78080,6624,2654,255,201,1.0,3.410605131648481e-13,1.0000000000000004,0.0,23.999999999999986,138096.0,1920,0.9386520125697158,20344,0.8159008508667536,15264,0.9196819623920106,16184,0.8280350201590744,32912
960,repeated_damage,12009,0.2,1.0,hybrid_50,0.8377570743510003,0.3505649893494521,69176,2418,1393,33.432,52776,16400,1801,617,218,1.0,2.2737367544323206e-13,1.0000000000000002,0.0,23.999999999999986,138096.0,1920,0.9336772161774218,15872,0.79247332072016,13544,0.9202809356739116,13392,0.819137020504965,26368
960,repeated_damage,12009,0.2,1.0,hybrid_25,0.8254617998797463,0.3362759238870111,51656,1883,808,19.392,25808,25848,897,986,250,1.0,3.410605131648481e-13,1.0000000000000004,0.0,23.999999999999986,138096.0,1920,0.9377784931316485,10880,0.799231064325352,11512,0.9136511946758229,8256,0.7944824702589052,21008
960,repeated_damage,12009,0.2,1.0,signal_only,0.8164875808923384,0.2815540995148318,41064,1561,450,10.8,0,41064,0,1561,242,1.0,3.410605131648481e-13,1.0000000000000004,0.0,23.999999999999986,138096.0,1920,0.9318207803951957,6224,0.7695531626304661,11864,0.9110373230479956,4544,0.7926799189454462,18432
960,repeated_damage,12009,0.2,4.0,fixed,0.7235045099476922,0.053948962070015975,0,0,0,0.0,0,0,0,0,347,1.0,3.410605131648481e-13,1.0000000000000004,0.0,-1.0,483264.00000000006,1920,0.9122508580705725,0,0.6795946917010541,0,0.8496285962304155,0,0.6823973759296494,0
960,repeated_damage,12009,0.2,4.0,pulse_only,0.8839914777645298,0.5311528965066984,422152,14381,9626,231.024,422152,0,14381,0,170,1.0,3.410605131648481e-13,1.0000000000000004,0.0,7.999999999999986,483264.00000000006,1920,0.9617690725981893,108384,0.861315630839483,78920,0.9493988483699645,79840,0.8626257159243358,155008
960,repeated_damage,12009,0.2,4.0,hybrid_75,0.8792371802260708,0.5181634763459535,334064,11484,7306,175.344,314280,19784,10708,776,166,1.0,3.410605131648481e-13,1.0000000000000004,0.0,7.999999999999986,483264.00000000006,1920,0.9609817378527598,82472,0.8540306032402273,63736,0.9407567658704533,62920,0.8610806758968012,124936
960,repeated_damage,12009,0.2,4.0,hybrid_50,0.8713393678704294,0.47513231766105724,246112,8592,4988,119.712,209656,36456,7145,1447,161,1.0,3.410605131648481e-13,1.0000000000000004,0.0,7.999999999999986,483264.00000000006,1920,0.9576167081525814,59400,0.8352646154294048,48152,0.9414053257441102,44696,0.8543437651541014,93864
960,repeated_damage,12009,0.2,4.0,hybrid_25,0.8646449755025778,0.45599052674028506,161600,5856,2632,63.168,104136,57464,3561,2295,187,1.0,3.410605131648481e-13,1.0000000000000004,0.0,7.999999999999986,483264.00000000006,1920,0.9546111976168168,34232,0.8309307956703775,34656,0.9357125455328148,27472,0.8459682804035594,65240
960,repeated_damage,12009,0.2,4.0,signal_only,0.820977320572378,0.33860821820765363,104224,4134,626,15.024000000000001,0,104224,0,4134,263,1.0,2.2737367544323206e-13,1.0000000000000004,0.0,7.999999999999986,483264.00000000006,1920,0.9329896692663874,14032,0.7863215682438752,26464,0.9148288455927379,13464,0.7913794342264496,50264
960,repeated_damage,12010,0.2,1.0,fixed,0.7344941648714598,0.028804581187756362,0,0,0,0.0,0,0,0,0,357,1.0,3.410605131648481e-13,1.0000000000000004,0.0,-1.0,138096.0,1920,0.9064082933100336,0,0.7284923940928083,0,0.8469487850753523,0,0.6812677401588392,0
960,repeated_damage,12010,0.2,1.0,pulse_only,0.8526057570052927,0.4407620048108944,105632,3584,2452,58.848,105632,0,3584,0,175,1.0,3.410605131648481e-13,1.0000000000000004,0.0,31.999999999999986,138096.0,1920,0.9439192621408323,26448,0.8348323279815749,20256,0.929797138710811,20072,0.8228967806643923,38856
960,repeated_damage,12010,0.2,1.0,hybrid_75,0.8427637856537066,0.42048422548090275,84480,2909,1833,43.992000000000004,77792,6688,2652,257,207,1.0,2.2737367544323206e-13,1.0000000000000004,0.0,23.999999999999986,138096.0,1920,0.9362854408211452,20232,0.8107130820030906,14880,0.9221504643722895,15384,0.8190957981197231,33984
960,repeated_damage,12010,0.2,1.0,hybrid_50,0.8368552024321503,0.36190003634054274,67664,2358,1384,33.216,51920,15744,1767,591,198,1.0,3.410605131648481e-13,1.0000000000000004,0.0,23.999999999999986,138096.0,1920,0.9321747637980585,14880,0.8169545967492953,13896,0.9142445402857103,12856,0.8081108363467974,26032
960,repeated_damage,12010,0.2,1.0,hybrid_25,0.8343536579965172,0.41050254971652383,50352,1816,846,20.304000000000002,24840,25512,849,967,224,1.0,2.2737367544323206e-13,1.0000000000000004,0.0,23.999999999999986,138096.0,1920,0.9311199394677422,9728,0.8107394288841281,11600,0.9164893181431453,9184,0.8050929424793976,19840
960,repeated_damage,12010,0.2,1.0,signal_only,0.8075897048445048,0.2953210781585885,42280,1626,407,9.768,0,42280,0,1626,278,1.0,2.2737367544323206e-13,1.0000000000000004,0.0,23.999999999999986,138096.0,1920,0.9268726574722752,6032,0.7888046847040149,11320,0.9046326030859061,4416,0.7684607657940492,20512
960,repeated_damage,12010,0.2,4.0,fixed,0.7344941648714598,0.028804581187756362,0,0,0,0.0,0,0,0,0,357,1.0,3.410605131648481e-13,1.0000000000000004,0.0,-1.0,483264.00000000006,1920,0.9064082933100336,0,0.7284923940928083,0,0.8469487850753523,0,0.6812677401588392,0
960,repeated_damage,12010,0.2,4.0,pulse_only,0.8924025579015464,0.5949784167332796,423448,14384,9779,234.696,423448,0,14384,0,141,1.0,4.547473508864641e-13,1.0000000000000004,0.0,7.999999999999986,483264.00000000006,1920,0.9570864377884436,108400,0.8756135885532644,79408,0.9436148447906866,78920,0.8751908991311175,156720
960,repeated_damage,12010,0.2,4.0,hybrid_75,0.8938180525405527,0.5595280587429625,333776,11349,7675,184.20000000000002,317792,15984,10725,624,132,1.0,4.547473508864641e-13,1.0000000000000004,0.0,7.999999999999986,483264.00000000006,1920,0.9560708711724208,83056,0.8773337916933055,62720,0.9434433408773789,63016,0.8772475387957628,124984
960,repeated_damage,12010,0.2,4.0,hybrid_50,0.8809417013605252,0.5233362326861364,242776,8404,5135,123.24000000000001,211288,31488,7152,1252,153,1.0,3.410605131648481e-13,1.0000000000000004,0.0,7.999999999999986,483264.00000000006,1920,0.952225896354009,57896,0.8677192486814439,47384,0.9397922141846382,43832,0.8581276712880095,93664
960,repeated_damage,12010,0.2,4.0,hybrid_25,0.8681502551334905,0.4936065327389575,158280,5705,2670,64.08,104496,53784,3562,2143,162,1.0,3.410605131648481e-13,1.0000000000000004,0.0,7.999999999999986,483264.00000000006,1920,0.9488543125110682,33152,0.8444359640694648,33328,0.9366128503498206,27256,0.8457761030573386,64544
960,repeated_damage,12010,0.2,4.0,signal_only,0.8119334665719871,0.30883657105558227,101936,4068,538,12.912,0,101936,0,4068,268,1.0,2.2737367544323206e-13,1.0000000000000004,0.0,7.999999999999986,483264.00000000006,1920,0.9305409414651235,13208,0.7975306714973472,25760,0.90916430508966,12680,0.7705194448504704,50288
960,repeated_damage,12011,0.2,1.0,fixed,0.7012594046097848,0.006830763035639304,0,0,0,0.0,0,0,0,0,383,1.0,3.410605131648481e-13,1.0000000000000004,0.0,-1.0,138096.0,1920,0.8876433132511209,0,0.6987790161123879,0,0.8277848163092133,0,0.6392368930087688,0
960,repeated_damage,12011,0.2,1.0,pulse_only,0.8333570331859049,0.27720987103747485,105200,3582,2404,57.696,105200,0,3582,0,205,1.0,3.410605131648481e-13,1.0000000000000004,0.0,31.999999999999986,138096.0,1920,0.9215039955075556,26480,0.8217229288858631,20384,0.9063268055133855,19720,0.8026891991721856,38616
960,repeated_damage,12011,0.2,1.0,hybrid_75,0.8339187515510273,0.26049227054163704,84200,2892,1849,44.376,78024,6176,2655,237,197,1.0,3.410605131648481e-13,1.0000000000000004,0.0,23.999999999999986,138096.0,1920,0.9215530487563878,20312,0.8043748242653485,15120,0.9004169628293045,14968,0.8154416095547281,33800
960,repeated_damage,12011,0.2,1.0,hybrid_50,0.8283280274570077,0.2197474817708812,67736,2373,1348,32.352000000000004,52128,15608,1781,592,216,1.0,3.410605131648481e-13,1.0000000000000004,0.0,23.999999999999986,138096.0,1920,0.910574346505877,15256,0.8041587052939818,13392,0.8999484296435294,13104,0.8046024874452598,25984
960,repeated_damage,12011,0.2,1.0,hybrid_25,0.8169105971060898,0.16917974356454477,49984,1810,818,19.632,24928,25056,857,953,235,1.0,3.410605131648481e-13,1.0000000000000004,0.0,23.999999999999986,138096.0,1920,0.91472481928909,9896,0.7974211134177936,11904,0.8937603475873299,8440,0.7882304637096179,19744
960,repeated_damage,12011,0.2,1.0,signal_only,0.7991875047571065,0.19502048717033685,43664,1676,430,10.32,0,43664,0,1676,291,1.0,3.410605131648481e-13,1.0000000000000004,0.0,23.999999999999986,138096.0,1920,0.9098515806813985,7104,0.784294691508586,11736,0.8871179590555004,4224,0.7626686842321697,20600
960,repeated_damage,12011,0.2,4.0,fixed,0.7012594046097848,0.006830763035639304,0,0,0,0.0,0,0,0,0,383,1.0,3.410605131648481e-13,1.0000000000000004,0.0,-1.0,483264.00000000006,1920,0.8876433132511209,0,0.6987790161123879,0,0.8277848163092133,0,0.6392368930087688,0
960,repeated_damage,12011,0.2,4.0,pulse_only,0.8660642126530042,0.42401921336509746,421872,14382,9588,230.112,421872,0,14382,0,177,1.0,4.547473508864641e-13,1.0000000000000004,0.0,7.999999999999986,483264.00000000006,1920,0.9339491004934736,108080,0.8625664261210215,79192,0.9237644173385591,79832,0.8389630035762179,154768
960,repeated_damage,12011,0.2,4.0,hybrid_75,0.8662693300586728,0.43380410670472747,332928,11427,7335,176.04,314912,18016,10707,720,165,1.0,4.547473508864641e-13,1.0000000000000004,0.0,7.999999999999986,483264.00000000006,1920,0.9349140727692687,82456,0.8568218750405581,63376,0.92486210915222,62048,0.8416966680209566,125048
960,repeated_damage,12011,0.2,4.0,hybrid_50,0.8631071245229346,0.41634107221285566,244432,8531,4961,119.06400000000001,209752,34680,7142,1389,173,1.0,3.410605131648481e-13,1.0000000000000004,0.0,7.999999999999986,483264.00000000006,1920,0.9315387196017103,59304,0.858771389588835,46512,0.920003179268153,44392,0.8368269646173754,94224
960,repeated_damage,12011,0.2,4.0,hybrid_25,0.8461390936266643,0.3637764334656093,160528,5836,2558,61.392,104176,56352,3563,2273,188,1.0,3.410605131648481e-13,1.0000000000000004,0.0,7.999999999999986,483264.00000000006,1920,0.9273094783066305,34320,0.835467751223349,32968,0.9105368244616959,27576,0.8192758994108061,65664
960,repeated_damage,12011,0.2,4.0,signal_only,0.8057041049380812,0.20105703541757725,104400,4159,573,13.752,0,104400,0,4159,273,1.0,3.410605131648481e-13,1.0000000000000004,0.0,7.999999999999986,483264.00000000006,1920,0.914951916949703,16032,0.7929361414663001,25192,0.8960423929657586,13096,0.766918942660133,50080
960,repeated_damage,12012,0.2,1.0,fixed,0.7505263189358585,0.10322953393888636,0,0,0,0.0,0,0,0,0,334,1.0,2.2737367544323206e-13,1.0000000000000004,0.0,-1.0,138096.0,1920,0.9351409339183293,0,0.7396123116350393,0,0.8745784256088889,0,0.6939572692497529,0
960,repeated_damage,12012,0.2,1.0,pulse_only,0.8613176002289487,0.5104546463162548,106160,3587,2509,60.216,106160,0,3587,0,199,1.0,3.410605131648481e-13,1.0000000000000004,0.0,31.999999999999986,138096.0,1920,0.9677368490770301,27816,0.8547518533938875,20280,0.9490895975754275,19600,0.8207144749732398,38464
960,repeated_damage,12012,0.2,1.0,hybrid_75,0.8597605004865628,0.48666480070123236,84656,2902,1876,45.024,78088,6568,2653,249,200,1.0,2.2737367544323206e-13,1.0000000000000002,0.0,23.999999999999986,138096.0,1920,0.9662051000745223,20920,0.8450115755476908,14744,0.9466472549302539,16200,0.8236915857341531,32792
960,repeated_damage,12012,0.2,1.0,hybrid_50,0.8547426500999076,0.4908872607971651,67512,2355,1374,32.976,52480,15032,1788,567,215,1.0,3.410605131648481e-13,1.0000000000000004,0.0,23.999999999999986,138096.0,1920,0.9633815182925488,14472,0.8445987928184666,13600,0.9440178246003026,12736,0.8151769914904305,26704
960,repeated_damage,12012,0.2,1.0,hybrid_25,0.8445986775668198,0.4648683495022123,49544,1779,856,20.544,25776,23768,880,899,233,1.0,3.410605131648481e-13,1.0000000000000004,0.0,23.999999999999986,138096.0,1920,0.9596420831016895,9584,0.8218828190097731,10784,0.9405141225658836,8296,0.8079988843458112,20880
960,repeated_damage,12012,0.2,1.0,signal_only,0.8306298824943614,0.37933459279872106,37544,1431,400,9.6,0,37544,0,1431,253,1.0,3.410605131648481e-13,1.0000000000000004,0.0,23.999999999999986,138096.0,1920,0.9584570074482952,4616,0.8186737088228946,9680,0.9318133112646959,4064,0.7860162549449274,19184
960,repeated_damage,12012,0.2,4.0,fixed,0.7505263189358585,0.10322953393888636,0,0,0,0.0,0,0,0,0,334,1.0,2.2737367544323206e-13,1.0000000000000004,0.0,-1.0,483264.00000000006,1920,0.9351409339183293,0,0.7396123116350393,0,0.8745784256088889,0,0.6939572692497529,0
960,repeated_damage,12012,0.2,4.0,pulse_only,0.9006687600632644,0.5980723977220586,421584,14387,9537,228.888,421584,0,14387,0,163,1.0,3.410605131648481e-13,1.0000000000000004,0.0,7.999999999999986,483264.00000000006,1920,0.9799640678884111,109800,0.9009268778802798,78456,0.9634771899855478,79232,0.8691354861936146,154096
960,repeated_damage,12012,0.2,4.0,hybrid_75,0.8969509229422774,0.5812094332135717,330808,11348,7307,175.368,315448,15360,10740,608,158,1.0,3.410605131648481e-13,1.0000000000000004,0.0,7.999999999999986,483264.00000000006,1920,0.9786584274734816,83064,0.8930069472009496,62136,0.9605221727327752,62688,0.8671372859176925,122920
960,repeated_damage,12012,0.2,4.0,hybrid_50,0.8893026861393912,0.5747491907528653,239360,8293,5041,120.98400000000001,210600,28760,7154,1139,145,1.0,3.410605131648481e-13,1.0000000000000004,0.0,7.999999999999986,483264.00000000006,1920,0.975902552763222,57512,0.8875696392911625,46704,0.9573754446659802,43264,0.8561328303002108,91880
960,repeated_damage,12012,0.2,4.0,hybrid_25,0.8715958249091079,0.5384801267006596,156816,5634,2700,64.8,104696,52120,3567,2067,199,1.0,2.2737367544323206e-13,1.0000000000000004,0.0,7.999999999999986,483264.00000000006,1920,0.9727801113201606,32120,0.8661332063219571,32376,0.9534519728923853,25880,0.8333990602110446,66440
960,repeated_damage,12012,0.2,4.0,signal_only,0.8436829576807442,0.4759606909954161,90024,3583,504,12.096,0,90024,0,3583,261,1.0,3.410605131648481e-13,1.0000000000000004,0.0,7.999999999999986,483264.00000000006,1920,0.9630551451949697,8904,0.8335112615261687,22624,0.9412584290984969,10216,0.7999810700491556,48280
960,repeated_damage,12013,0.2,1.0,fixed,0.7486561453393519,0.031233391317436764,0,0,0,0.0,0,0,0,0,326,1.0,4.547473508864641e-13,1.0000000000000002,0.0,-1.0,138096.0,1920,0.9118944148471009,0,0.7387506554339285,0,0.8579537037239415,0,0.6989601110997687,0
960,repeated_damage,12013,0.2,1.0,pulse_only,0.844821618731655,0.38059243554935773,105528,3590,2421,58.104,105528,0,3590,0,194,1.0,4.547473508864641e-13,1.0000000000000004,0.0,31.999999999999986,138096.0,1920,0.94754453932698,26920,0.8158548836770054,19688,0.9232530665137357,19912,0.8200892623679394,39008
960,repeated_damage,12013,0.2,1.0,hybrid_75,0.8518962448675703,0.3994099365029821,84080,2883,1861,44.664,78384,5696,2661,222,183,1.0,4.547473508864641e-13,1.0000000000000004,0.0,23.999999999999986,138096.0,1920,0.9427121031090113,20768,0.8295625621176242,14488,0.9216433252233976,15408,0.8281895460646292,33416
960,repeated_damage,12013,0.2,1.0,hybrid_50,0.840774496790237,0.37344254138206184,67504,2375,1313,31.512,51848,15656,1775,600,219,1.0,3.410605131648481e-13,1.0000000000000002,0.0,23.999999999999986,138096.0,1920,0.9403500354902591,14872,0.8223826714555351,13680,0.9217369469466768,12616,0.8094891843793678,26336
960,repeated_damage,12013,0.2,1.0,hybrid_25,0.8373045000626109,0.3940201065312387,49216,1768,848,20.352,25064,24152,859,909,212,1.0,3.410605131648481e-13,1.0000000000000004,0.0,23.999999999999986,138096.0,1920,0.9400911259498912,9720,0.8094946128407462,11864,0.9197432212094718,8656,0.809990083100113,18976
960,repeated_damage,12013,0.2,1.0,signal_only,0.8250220167643728,0.33563318317462104,39376,1502,416,9.984,0,39376,0,1502,243,1.0,3.410605131648481e-13,1.0000000000000004,0.0,23.999999999999986,138096.0,1920,0.9380590217988232,5920,0.7995452611700293,11416,0.9132459376115566,3904,0.7936484341379528,18136
960,repeated_damage,12013,0.2,4.0,fixed,0.7486561453393519,0.031233391317436764,0,0,0,0.0,0,0,0,0,326,1.0,4.547473508864641e-13,1.0000000000000002,0.0,-1.0,483264.00000000006,1920,0.9118944148471009,0,0.7387506554339285,0,0.8579537037239415,0,0.6989601110997687,0
960,repeated_damage,12013,0.2,4.0,pulse_only,0.8739835008991652,0.5163350381711285,416848,14390,8936,214.464,416848,0,14390,0,188,1.0,3.410605131648481e-13,1.0000000000000004,0.0,7.999999999999986,483264.00000000006,1920,0.9632364903594237,108400,0.8586867630763049,77640,0.9380503553620764,77264,0.8495984425791399,153544
960,repeated_damage,12013,0.2,4.0,hybrid_75,0.8713724714920023,0.5047305180967864,331120,11458,7016,168.38400000000001,312328,18792,10710,748,174,1.0,4.547473508864641e-13,1.0000000000000004,0.0,7.999999999999986,483264.00000000006,1920,0.9621045426839832,82952,0.8533147365252958,62704,0.9360313076607413,61600,0.8480719208909862,123864
960,repeated_damage,12013,0.2,4.0,hybrid_50,0.8680970354615559,0.4547240892429017,243832,8598,4685,112.44,207320,36512,7144,1454,173,1.0,4.547473508864641e-13,1.0000000000000004,0.0,7.999999999999986,483264.00000000006,1920,0.954694375416795,58808,0.8523581403021245,47080,0.9344829429966667,44480,0.8427735292737164,93464
960,repeated_damage,12013,0.2,4.0,hybrid_25,0.8605888436730177,0.42842289798719174,161032,5863,2540,60.96,103720,57312,3574,2289,198,1.0,3.410605131648481e-13,1.0000000000000004,0.0,7.999999999999986,483264.00000000006,1920,0.9521730416789602,34112,0.8358254899481184,34016,0.9291728521570972,27584,0.8386785162934274,65320
960,repeated_damage,12013,0.2,4.0,signal_only,0.8345842035046429,0.3847032462784267,93128,3690,571,13.704,0,93128,0,3690,231,1.0,3.410605131648481e-13,1.0000000000000004,0.0,7.999999999999986,483264.00000000006,1920,0.9414842134040731,12360,0.8004336818817709,25216,0.9197886045350626,12304,0.8090572638008693,43248
960,repeated_damage,12014,0.2,1.0,fixed,0.7455826750905891,0.12492067898305904,0,0,0,0.0,0,0,0,0,361,1.0,2.2737367544323206e-13,1.0000000000000004,0.0,-1.0,138096.0,1920,0.9333999969845568,0,0.7240121525272772,0,0.873728856671431,0,0.6922948455818242,0
960,repeated_damage,12014,0.2,1.0,pulse_only,0.863842679859358,0.4549300411000461,105584,3582,2452,58.848,105584,0,3582,0,177,1.0,3.410605131648481e-13,1.0000000000000004,0.0,31.999999999999986,138096.0,1920,0.9622868983411788,27472,0.8416708214968656,20024,0.9423016445317468,19440,0.8356991267044098,38648
960,repeated_damage,12014,0.2,1.0,hybrid_75,0.8636701044345513,0.5266321258099391,84360,2879,1908,45.792,78536,5824,2654,225,181,1.0,3.410605131648481e-13,1.0000000000000004,0.0,23.999999999999986,138096.0,1920,0.9594147610282681,20560,0.8271337099759889,15176,0.9397192849656394,15848,0.8439137113982884,32776
960,repeated_damage,12014,0.2,1.0,hybrid_50,0.8599235882421179,0.5258025565119849,67032,2349,1332,31.968,52064,14968,1780,569,201,1.0,3.410605131648481e-13,1.0000000000000004,0.0,23.999999999999986,138096.0,1920,0.9602465234722202,14568,0.8418005915126753,13544,0.937348757348886,12952,0.8302725020534549,25968
960,repeated_damage,12014,0.2,1.0,hybrid_25,0.8466839487065613,0.5073978749105995,49536,1786,834,20.016000000000002,25272,24264,866,920,230,1.0,3.410605131648481e-13,1.0000000000000004,0.0,23.999999999999986,138096.0,1920,0.9569624758655911,9592,0.8274524627461629,11280,0.9337839639234845,8872,0.812749684078299,19792
960,repeated_damage,12014,0.2,1.0,signal_only,0.8362726260896085,0.41540819110363597,37352,1418,415,9.96,0,37352,0,1418,249,1.0,2.2737367544323206e-13,1.0000000000000004,0.0,23.999999999999986,138096.0,1920,0.951811393183803,4280,0.8096891447059376,11560,0.9302247773604172,3600,0.8025882911460395,17912
960,repeated_damage,12014,0.2,4.0,fixed,0.7455826750905891,0.12492067898305904,0,0,0,0.0,0,0,0,0,361,1.0,2.2737367544323206e-13,1.0000000000000004,0.0,-1.0,483264.00000000006,1920,0.9333999969845568,0,0.7240121525272772,0,0.873728856671431,0,0.6922948455818242,0
960,repeated_damage,12014,0.2,4.0,pulse_only,0.9061184716374876,0.6203863455500089,424232,14382,9883,237.192,424232,0,14382,0,136,1.0,3.410605131648481e-13,1.0000000000000004,0.0,7.999999999999986,483264.00000000006,1920,0.9739413266473875,109448,0.8985975427588434,79120,0.9546845661883525,79456,0.8855958888013773,156208
960,repeated_damage,12014,0.2,4.0,hybrid_75,0.8987888436314059,0.6049443597440705,331792,11348,7430,178.32,316176,15616,10729,619,143,1.0,4.547473508864641e-13,1.0000000000000004,0.0,7.999999999999986,483264.00000000006,1920,0.9743230397935843,82936,0.8919368972289082,62424,0.9555581183022359,62456,0.8738301794972396,123976
960,repeated_damage,12014,0.2,4.0,hybrid_50,0.8969281647436153,0.6052877153137186,241152,8334,5142,123.408,211128,30024,7154,1180,140,1.0,4.547473508864641e-13,1.0000000000000004,0.0,7.999999999999986,483264.00000000006,1920,0.9691360901239744,57640,0.8780075629336721,47272,0.9544962230548655,43544,0.8776044364929618,92696
960,repeated_damage,12014,0.2,4.0,hybrid_25,0.8876050750382749,0.580109610733296,151672,5431,2666,63.984,105040,46632,3570,1861,152,1.0,3.410605131648481e-13,1.0000000000000004,0.0,7.999999999999986,483264.00000000006,1920,0.9646317040892229,32824,0.8531586864688416,32512,0.9506846102260499,26168,0.8732885017291043,60168
960,repeated_damage,12014,0.2,4.0,signal_only,0.8476877496868416,0.45751564634210456,85560,3391,522,12.528,0,85560,0,3391,231,1.0,3.410605131648481e-13,1.0000000000000004,0.0,7.999999999999986,483264.00000000006,1920,0.9545925767798351,9816,0.8243286859140055,23392,0.936491499919265,9840,0.8149654064570478,42512
960,repeated_damage,12015,0.2,1.0,fixed,0.7323663824339237,0.05799119222938328,0,0,0,0.0,0,0,0,0,373,1.0,3.410605131648481e-13,1.0000000000000004,0.0,-1.0,138096.0,1920,0.917756169817699,0,0.7179394115635278,0,0.8634505345420422,0,0.6740377918150627,0
960,repeated_damage,12015,0.2,1.0,pulse_only,0.8643410182980591,0.5029378664531233,105688,3577,2480,59.52,105688,0,3577,0,183,1.0,3.410605131648481e-13,1.0000000000000004,0.0,31.999999999999986,138096.0,1920,0.9625124774280314,27240,0.8326440214836794,19672,0.9539032290242864,20072,0.8354084113421356,38704
960,repeated_damage,12015,0.2,1.0,hybrid_75,0.8590616226255846,0.5180447357378724,84464,2879,1921,46.104,77728,6736,2627,252,198,1.0,3.410605131648481e-13,1.0000000000000004,0.0,23.999999999999986,138096.0,1920,0.9565372264345899,20416,0.8255787095905199,14536,0.9449307804064546,16400,0.8328685002526821,33112
960,repeated_damage,12015,0.2,1.0,hybrid_50,0.8530294902135429,0.473824326721174,67520,2353,1381,33.144,51944,15576,1766,587,214,1.0,3.410605131648481e-13,1.0000000000000004,0.0,23.999999999999986,138096.0,1920,0.9443408080550562,14672,0.8274095861993707,13752,0.9425311182141466,12760,0.8210886282203274,26336
960,repeated_damage,12015,0.2,1.0,hybrid_25,0.8440185887222368,0.40131443963784963,50264,1796,895,21.48,25384,24880,866,930,231,1.0,2.2737367544323206e-13,1.0000000000000004,0.0,23.999999999999986,138096.0,1920,0.9460753526831525,9864,0.8147604102238094,11272,0.9349758846961512,8136,0.813169029984493,20992
960,repeated_damage,12015,0.2,1.0,signal_only,0.8241936744011685,0.3997618313912515,41568,1580,456,10.944,0,41568,0,1580,273,1.0,3.410605131648481e-13,1.0000000000000004,0.0,23.999999999999986,138096.0,1920,0.9401456795693541,5512,0.7984932790778929,11712,0.926103517373624,4240,0.7860889505765785,20104
960,repeated_damage,12015,0.2,4.0,fixed,0.7323663824339237,0.05799119222938328,0,0,0,0.0,0,0,0,0,373,1.0,3.410605131648481e-13,1.0000000000000004,0.0,-1.0,483264.00000000006,1920,0.917756169817699,0,0.7179394115635278,0,0.8634505345420422,0,0.6740377918150627,0
960,repeated_damage,12015,0.2,4.0,pulse_only,0.9078159026405207,0.6586651732472125,425296,14377,10031,240.744,425296,0,14377,0,144,1.0,4.547473508864641e-13,1.0000000000000004,0.0,7.999999999999986,483264.00000000006,1920,0.9779608779815357,109448,0.8895398711179254,78856,0.968461254880338,80320,0.8866312422819095,156672
960,repeated_damage,12015,0.2,4.0,hybrid_75,0.9018789933204678,0.6143041652028465,334040,11339,7738,185.71200000000002,317872,16168,10714,625,142,1.0,4.547473508864641e-13,1.0000000000000004,0.0,7.999999999999986,483264.00000000006,1920,0.9751149705979314,82272,0.8908340166801962,63752,0.968567790550788,63056,0.8740570830254436,124960
960,repeated_damage,12015,0.2,4.0,hybrid_50,0.8973449367095891,0.599412218380247,243792,8380,5334,128.016,212032,31760,7145,1235,151,1.0,3.410605131648481e-13,1.0000000000000004,0.0,7.999999999999986,483264.00000000006,1920,0.9715339236580766,58344,0.882218237445484,47520,0.9611699426049821,44160,0.8729957833939451,93768
960,repeated_damage,12015,0.2,4.0,hybrid_25,0.8821371645767395,0.5564403013919085,156240,5574,2808,67.392,104744,51496,3555,2019,173,1.0,3.410605131648481e-13,1.0000000000000004,0.0,7.999999999999986,483264.00000000006,1920,0.9622006048871292,33808,0.8614420235838403,32816,0.9601213888883308,25968,0.8534926229173935,63648
960,repeated_damage,12015,0.2,4.0,signal_only,0.8269183162418897,0.4420722499981995,99704,3962,577,13.848,0,99704,0,3962,277,1.0,3.410605131648481e-13,1.0000000000000004,0.0,7.999999999999986,483264.00000000006,1920,0.9445820813706498,12048,0.8132855748145794,25368,0.9363379554130152,12032,0.7790248673699821,50256
960,repeated_damage,12016,0.2,1.0,fixed,0.7646125724812087,0.11340072260537723,0,0,0,0.0,0,0,0,0,327,1.0,3.410605131648481e-13,1.0000000000000004,0.0,-1.0,138096.0,1920,0.9343258057122749,0,0.7649205385174949,0,0.8794535063815756,0,0.7070381225128821,0
960,repeated_damage,12016,0.2,1.0,pulse_only,0.8618550469607319,0.488283059252281,104856,3587,2346,56.304,104856,0,3587,0,194,1.0,4.547473508864641e-13,1.0000000000000004,0.0,31.999999999999986,138096.0,1920,0.9648756608617098,28064,0.8611248830492085,20152,0.9415799992650977,19248,0.8223576527643108,37392
960,repeated_damage,12016,0.2,1.0,hybrid_75,0.8622709429533872,0.44492525394227717,84336,2900,1842,44.208,78328,6008,2667,233,206,1.0,3.410605131648481e-13,1.0000000000000004,0.0,23.999999999999986,138096.0,1920,0.9669482239982641,20824,0.8558934242542819,15016,0.9402304956440534,16448,0.826479925957607,32048
960,repeated_damage,12016,0.2,1.0,hybrid_50,0.8610388542068239,0.4530582570173393,66712,2336,1331,31.944,52928,13784,1809,527,205,1.0,3.410605131648481e-13,1.0000000000000004,0.0,23.999999999999986,138096.0,1920,0.9625970536316307,14744,0.8597708722170339,13552,0.9410802839598665,12344,0.8216521303251978,26072
960,repeated_damage,12016,0.2,1.0,hybrid_25,0.8471454619900511,0.4743641766293435,49496,1771,874,20.976,26280,23216,901,870,233,1.0,4.547473508864641e-13,1.0000000000000004,0.0,23.999999999999986,138096.0,1920,0.960938886003372,9856,0.8408188622045654,10832,0.937921428308038,7888,0.8049207787238006,20920
960,repeated_damage,12016,0.2,1.0,signal_only,0.8411808087509997,0.4270011229863323,35728,1346,428,10.272,0,35728,0,1346,253,1.0,3.410605131648481e-13,1.0000000000000004,0.0,23.999999999999986,138096.0,1920,0.9541740369405627,4808,0.8291043748977274,9296,0.9336767946338982,3168,0.8009710327361864,18456
960,repeated_damage,12016,0.2,4.0,fixed,0.7646125724812087,0.11340072260537723,0,0,0,0.0,0,0,0,0,327,1.0,3.410605131648481e-13,1.0000000000000004,0.0,-1.0,483264.00000000006,1920,0.9343258057122749,0,0.7649205385174949,0,0.8794535063815756,0,0.7070381225128821,0
960,repeated_damage,12016,0.2,4.0,pulse_only,0.8967458800221368,0.5921350115409892,421880,14387,9574,229.776,421880,0,14387,0,152,1.0,3.410605131648481e-13,1.0000000000000004,0.0,7.999999999999986,483264.00000000006,1920,0.9817039797466319,109680,0.8926253014638337,78920,0.9581811470775555,78520,0.868088535773579,154760
960,repeated_damage,12016,0.2,4.0,hybrid_75,0.8932142590590814,0.594990623681369,330088,11383,7112,170.68800000000002,313768,16320,10735,648,172,1.0,3.410605131648481e-13,1.0000000000000004,0.0,7.999999999999986,483264.00000000006,1920,0.9775336835407863,83112,0.8793394242558338,62416,0.9515675217101927,62392,0.8709750451351498,122168
960,repeated_damage,12016,0.2,4.0,hybrid_50,0.8854241877380067,0.5693770516249372,240040,8404,4793,115.032,208664,31376,7157,1247,177,1.0,3.410605131648481e-13,1.0000000000000004,0.0,7.999999999999986,483264.00000000006,1920,0.9740535443113325,58224,0.8758824865236556,46888,0.957876457143031,42752,0.8539689036426701,92176
960,repeated_damage,12016,0.2,4.0,hybrid_25,0.8742232825044359,0.49246089211308813,153632,5556,2536,60.864000000000004,103736,49896,3571,1985,187,1.0,3.410605131648481e-13,1.0000000000000004,0.0,7.999999999999986,483264.00000000006,1920,0.9728554032598542,32440,0.8708269774496616,31528,0.9459810775574313,26008,0.8400425375053252,63656
960,repeated_damage,12016,0.2,4.0,signal_only,0.8412298101944236,0.40308587521769834,88384,3507,527,12.648,0,88384,0,3507,263,1.0,3.410605131648481e-13,1.0000000000000004,0.0,7.999999999999986,483264.00000000006,1920,0.9594461166554917,9424,0.827226434488795,22760,0.9370235165458394,10032,0.8003346448715299,46168
960,repeated_damage,12017,0.2,1.0,fixed,0.7388896978354712,0.028216828521426006,0,0,0,0.0,0,0,0,0,341,1.0,3.410605131648481e-13,1.0000000000000004,0.0,-1.0,138096.0,1920,0.9076109327469121,0,0.723673863161844,0,0.850265290629419,0,0.690809818775311,0
960,repeated_damage,12017,0.2,1.0,pulse_only,0.8455943030622582,0.37482313426452313,104544,3572,2352,56.448,104544,0,3572,0,189,1.0,5.684341886080801e-13,1.0000000000000004,0.0,31.999999999999986,138096.0,1920,0.9399030985565449,27176,0.8185232586077006,19624,0.9186917272706553,19832,0.8225811131853386,37912
960,repeated_damage,12017,0.2,1.0,hybrid_75,0.8360455686874689,0.33189839686253314,83384,2883,1774,42.576,76920,6464,2634,249,204,1.0,3.410605131648481e-13,1.0000000000000002,0.0,23.999999999999986,138096.0,1920,0.9340059069431053,20048,0.8062739853153411,15024,0.9127829732779053,15848,0.812562658078315,32464
960,repeated_damage,12017,0.2,1.0,hybrid_50,0.8285475257640811,0.3058952905906423,67680,2381,1317,31.608,51984,15696,1782,599,225,1.0,3.410605131648481e-13,1.0000000000000004,0.0,23.999999999999986,138096.0,1920,0.9285298253220509,14688,0.8185738174948456,13584,0.912794517518336,13104,0.7914108840215714,26304
960,repeated_damage,12017,0.2,1.0,hybrid_25,0.8247144172229769,0.3061790260554195,49680,1801,807,19.368000000000002,25200,24480,871,930,223,1.0,2.2737367544323206e-13,1.0000000000000004,0.0,23.999999999999986,138096.0,1920,0.9317619771259202,9440,0.7990779008493969,12192,0.9071841301926,8320,0.7962978189249554,19728
960,repeated_damage,12017,0.2,1.0,signal_only,0.8193871287757724,0.32687724882248786,39584,1512,412,9.888,0,39584,0,1512,240,1.0,2.2737367544323206e-13,1.0000000000000004,0.0,23.999999999999986,138096.0,1920,0.927991976123406,5712,0.7859559778031935,11608,0.9026810781600935,4368,0.7944557295699012,17896
960,repeated_damage,12017,0.2,4.0,fixed,0.7388896978354712,0.028216828521426006,0,0,0,0.0,0,0,0,0,341,1.0,3.410605131648481e-13,1.0000000000000004,0.0,-1.0,483264.00000000006,1920,0.9076109327469121,0,0.723673863161844,0,0.850265290629419,0,0.690809818775311,0
960,repeated_damage,12017,0.2,4.0,pulse_only,0.8725142662287757,0.47634848903197774,419104,14372,9272,222.528,419104,0,14372,0,170,1.0,3.410605131648481e-13,1.0000000000000004,0.0,7.999999999999986,483264.00000000006,1920,0.9542081550523918,108368,0.8656132446083976,78560,0.9287532536804561,78768,0.8478452833131246,153408
960,repeated_damage,12017,0.2,4.0,hybrid_75,0.8734810983635068,0.4864964683743272,331000,11442,7049,169.17600000000002,312168,18832,10700,742,174,1.0,3.410605131648481e-13,1.0000000000000004,0.0,7.999999999999986,483264.00000000006,1920,0.9481388052349315,82112,0.8614350359005235,63016,0.9308845908488602,62704,0.850802383352322,123168
960,repeated_damage,12017,0.2,4.0,hybrid_50,0.8700001535854652,0.4363983858342587,245720,8572,4999,119.976,209240,36480,7135,1437,174,1.0,3.410605131648481e-13,1.0000000000000004,0.0,7.999999999999986,483264.00000000006,1920,0.9481952907268087,58752,0.854973032882861,47752,0.9294389191723499,45000,0.8477943311433249,94216
960,repeated_damage,12017,0.2,4.0,hybrid_25,0.8569407990738257,0.4076234692609268,160616,5829,2590,62.160000000000004,103280,57336,3552,2277,185,1.0,3.410605131648481e-13,1.0000000000000004,0.0,7.999999999999986,483264.00000000006,1920,0.9432072397718803,34112,0.8348292067831006,33096,0.9166880747180449,28512,0.8381229573970786,64896
960,repeated_damage,12017,0.2,4.0,signal_only,0.825737737876466,0.34588400129796804,94376,3763,508,12.192,0,94376,0,3763,243,1.0,3.410605131648481e-13,1.0000000000000004,0.0,7.999999999999986,483264.00000000006,1920,0.9290333694062448,12360,0.7977598098104562,24256,0.9106046124231109,13552,0.7972932646361484,44208
960,repeated_damage,12018,0.2,1.0,fixed,0.7428837330575138,0.021421769640718832,0,0,0,0.0,0,0,0,0,342,1.0,3.410605131648481e-13,1.0000000000000002,0.0,-1.0,138096.0,1920,0.9023202891776533,0,0.7363612797391695,0,0.8454129846968255,0,0.6948803338970299,0
960,repeated_damage,12018,0.2,1.0,pulse_only,0.8597259780900768,0.4484280545672682,105696,3580,2472,59.328,105696,0,3580,0,173,1.0,3.410605131648481e-13,1.0000000000000004,0.0,31.999999999999986,138096.0,1920,0.9479426583229238,27176,0.8261150554999005,20256,0.9387664986177194,19664,0.8370111791213434,38600
960,repeated_damage,12018,0.2,1.0,hybrid_75,0.8542824779181873,0.41500047244448873,85472,2912,1948,46.752,79056,6416,2667,245,187,1.0,3.410605131648481e-13,1.0000000000000004,0.0,23.999999999999986,138096.0,1920,0.9462283604357243,20696,0.8239414135811837,15512,0.9314551763041563,15984,0.8308666608937046,33280
960,repeated_damage,12018,0.2,1.0,hybrid_50,0.8481768698343374,0.4180056590446142,67960,2384,1343,32.232,52688,15272,1806,578,216,1.0,3.410605131648481e-13,1.0000000000000004,0.0,23.999999999999986,138096.0,1920,0.9424268695150384,15424,0.8283442549798274,13200,0.9312407097954627,13368,0.81656125728103,25968
960,repeated_damage,12018,0.2,1.0,hybrid_25,0.8391377811727073,0.3522018300382624,49640,1782,859,20.616,25312,24328,862,920,235,1.0,3.410605131648481e-13,1.0000000000000004,0.0,23.999999999999986,138096.0,1920,0.9354646368576224,10688,0.8195775804310743,10752,0.9175949493881795,7864,0.8096892974357877,20336
960,repeated_damage,12018,0.2,1.0,signal_only,0.8255336095407728,0.3067402124193648,38152,1465,374,8.976,0,38152,0,1465,252,1.0,3.410605131648481e-13,1.0000000000000004,0.0,23.999999999999986,138096.0,1920,0.9316399302618655,5968,0.8041377853963887,10256,0.9111608644786421,3864,0.7934178941440302,18064
960,repeated_damage,12018,0.2,4.0,fixed,0.7428837330575138,0.021421769640718832,0,0,0,0.0,0,0,0,0,342,1.0,3.410605131648481e-13,1.0000000000000002,0.0,-1.0,483264.00000000006,1920,0.9023202891776533,0,0.7363612797391695,0,0.8454129846968255,0,0.6948803338970299,0
960,repeated_damage,12018,0.2,4.0,pulse_only,0.8870043966142181,0.5804322555301806,421040,14380,9490,227.76,421040,0,14380,0,167,1.0,3.410605131648481e-13,1.0000000000000004,0.0,7.999999999999986,483264.00000000006,1920,0.967450564224598,109376,0.8856373377359953,79072,0.9524225849313007,79384,0.8549788318947884,153208
960,repeated_damage,12018,0.2,4.0,hybrid_75,0.8891051021553994,0.5914155807256135,331056,11386,7224,173.376,314152,16904,10721,665,173,1.0,3.410605131648481e-13,1.0000000000000004,0.0,7.999999999999986,483264.00000000006,1920,0.967634342348621,83064,0.8832268882538791,62952,0.9532712296865841,62216,0.8599611453405671,122824
960,repeated_damage,12018,0.2,4.0,hybrid_50,0.8846288157491854,0.5309758595221229,243232,8519,4847,116.328,208288,34944,7140,1379,174,1.0,3.410605131648481e-13,1.0000000000000004,0.0,7.999999999999986,483264.00000000006,1920,0.9625667694866878,58792,0.876858388329985,47592,0.9513463239354603,42712,0.8551552753656478,94136
960,repeated_damage,12018,0.2,4.0,hybrid_25,0.8721801774382231,0.5048514616017951,156064,5614,2666,63.984,104272,51792,3560,2054,179,1.0,3.410605131648481e-13,1.0000000000000004,0.0,7.999999999999986,483264.00000000006,1920,0.9609608829624592,33104,0.8528210433028238,33192,0.9466074176127808,25872,0.8446461244186437,63896
960,repeated_damage,12018,0.2,4.0,signal_only,0.8296209671953124,0.33687911381553975,92088,3661,528,12.672,0,92088,0,3661,254,1.0,3.410605131648481e-13,1.0000000000000004,0.0,7.999999999999986,483264.00000000006,1920,0.93518212462663,12168,0.8170891837337111,22048,0.9204517524945316,11056,0.7904714662765038,46816
960,repeated_damage,12019,0.2,1.0,fixed,0.7166221599498244,0.003566972610537929,0,0,0,0.0,0,0,0,0,362,1.0,3.410605131648481e-13,1.0000000000000004,0.0,-1.0,138096.0,1920,0.8965441199887146,0,0.681913814197544,0,0.8356642214825946,0,0.6744553020595796,0
960,repeated_damage,12019,0.2,1.0,pulse_only,0.8287699673091856,0.3516083619091348,104280,3583,2286,54.864000000000004,104280,0,3583,0,202,1.0,3.410605131648481e-13,1.0000000000000004,0.0,31.999999999999986,138096.0,1920,0.9253390617137032,26608,0.7897651167260188,19648,0.9075400645864367,19736,0.8088873439621437,38288
960,repeated_damage,12019,0.2,1.0,hybrid_75,0.8275251672163442,0.31951855544837326,83400,2877,1794,43.056,77128,6272,2636,241,189,1.0,3.410605131648481e-13,1.0000000000000004,0.0,23.999999999999986,138096.0,1920,0.9240451560829065,20544,0.7680134320549378,14344,0.901343218342044,15296,0.8203720092341974,33216
960,repeated_damage,12019,0.2,1.0,hybrid_50,0.8193787372732901,0.35641414875591065,68424,2415,1308,31.392,51808,16616,1778,637,210,1.0,3.410605131648481e-13,1.0000000000000004,0.0,23.999999999999986,138096.0,1920,0.92333200862945,14712,0.777495387108886,14096,0.9077373439352637,13064,0.7961411090245056,26552
960,repeated_damage,12019,0.2,1.0,hybrid_25,0.8150435365313126,0.26534822503202504,50960,1852,814,19.536,24952,26008,862,990,224,1.0,3.410605131648481e-13,1.0000000000000004,0.0,23.999999999999986,138096.0,1920,0.9176598784131061,9496,0.7767194903102337,12256,0.8981279968676019,8768,0.7926633294737071,20440
960,repeated_damage,12019,0.2,1.0,signal_only,0.8019145385787493,0.1914990582526323,42192,1623,405,9.72,0,42192,0,1623,269,1.0,3.410605131648481e-13,1.0000000000000004,0.0,23.999999999999986,138096.0,1920,0.916481112686707,6840,0.7699700177676759,10992,0.8876228359526502,4872,0.7750326502973353,19488
960,repeated_damage,12019,0.2,4.0,fixed,0.7166221599498244,0.003566972610537929,0,0,0,0.0,0,0,0,0,362,1.0,3.410605131648481e-13,1.0000000000000004,0.0,-1.0,483264.00000000006,1920,0.8965441199887146,0,0.681913814197544,0,0.8356642214825946,0,0.6744553020595796,0
960,repeated_damage,12019,0.2,4.0,pulse_only,0.8636169564650762,0.4428094007340783,419048,14383,9232,221.568,419048,0,14383,0,173,1.0,3.410605131648481e-13,1.0000000000000004,0.0,7.999999999999986,483264.00000000006,1920,0.9451146169331224,107968,0.8345152181695735,77408,0.922942796405025,78824,0.8485049056428534,154848
960,repeated_damage,12019,0.2,4.0,hybrid_75,0.8634721888077267,0.42080647405647337,332736,11490,7122,170.928,313160,19576,10717,773,173,1.0,3.410605131648481e-13,1.0000000000000004,0.0,7.999999999999986,483264.00000000006,1920,0.9378180581665931,81280,0.852406747950369,63272,0.9213010289299375,62248,0.8400904891753003,125936
960,repeated_damage,12019,0.2,4.0,hybrid_50,0.8626654975327916,0.4131249113285491,245952,8636,4836,116.06400000000001,208552,37400,7156,1480,174,1.0,3.410605131648481e-13,1.0000000000000004,0.0,7.999999999999986,483264.00000000006,1920,0.9379692345715714,58800,0.8177891342103023,48936,0.9213044910069752,44968,0.8557841824569443,93248
960,repeated_damage,12019,0.2,4.0,hybrid_25,0.8454030421200284,0.40627594586224863,165512,6044,2557,61.368,103480,62032,3571,2473,200,1.0,3.410605131648481e-13,1.0000000000000004,0.0,7.999999999999986,483264.00000000006,1920,0.9314270467455796,35128,0.8024132179461958,35288,0.914391414690374,28368,0.8324037679217717,66728
960,repeated_damage,12019,0.2,4.0,signal_only,0.8110874374017024,0.24639865753248397,101400,4061,492,11.808,0,101400,0,4061,263,1.0,3.410605131648481e-13,1.0000000000000004,0.0,7.999999999999986,483264.00000000006,1920,0.9181361080549635,14680,0.7762084841003201,25768,0.9007646797949868,13552,0.7836882928557515,47400
960,scarcity,12000,0.2,1.0,fixed,0.6149036399900316,0.0,0,0,0,0.0,0,0,0,0,411,1.0,2.2737367544323206e-13,0.9819845468044904,0.0,-1.0,138096.0,1920,0.7118864667619652,0,0.6156751922805521,0,0.6147140105641542,0,0.61461267855771,0
960,scarcity,12000,0.2,1.0,pulse_only,0.6442426704965591,0.0,92760,3580,855,20.52,92760,0,3580,0,401,1.0,2.2737367544323206e-13,1.0000000000000002,0.0,31.999999999999986,138096.0,1920,0.7388932462711594,24520,0.643933075264489,17408,0.6451017038332401,16784,0.6439679514442539,34048
960,scarcity,12000,0.2,1.0,hybrid_75,0.6431535902899349,0.0,79936,3102,686,16.464,69912,10024,2686,416,403,1.0,2.2737367544323206e-13,1.0000000000000002,0.0,23.999999999999986,138096.0,1920,0.7378871093935476,18496,0.640391877824455,13168,0.6431110308982163,17352,0.6445557262185342,30920
960,scarcity,12000,0.2,1.0,hybrid_50,0.6426520048345743,0.0,71840,2833,481,11.544,46680,25160,1795,1038,396,1.0,2.2737367544323206e-13,1.0000000000000002,0.0,23.999999999999986,138096.0,1920,0.7308733487468829,17824,0.6437823343553867,13000,0.6426822949398365,14656,0.6420716950215368,26360
960,scarcity,12000,0.2,1.0,hybrid_25,0.6397864939852568,0.0,70040,2807,334,8.016,22648,47392,872,1935,422,1.0,2.2737367544323206e-13,1.0000000000000002,0.0,23.999999999999986,138096.0,1920,0.7285732907041524,16776,0.6369404255713262,14392,0.6407219317165673,13736,0.6407418093265665,25136
960,scarcity,12000,0.2,1.0,signal_only,0.6293234806896056,0.0,72648,2976,153,3.672,0,72648,0,2976,442,1.0,2.2737367544323206e-13,1.0000000000000002,0.0,23.999999999999986,138096.0,1920,0.7318544261114687,19008,0.630386803272615,13520,0.6286894864789585,11640,0.6291088165034245,28480
960,scarcity,12000,0.2,4.0,fixed,0.6149036399900316,0.0,0,0,0,0.0,0,0,0,0,411,1.0,2.2737367544323206e-13,0.9819845468044904,0.0,-1.0,483264.00000000006,1920,0.7118864667619652,0,0.6156751922805521,0,0.6147140105641542,0,0.61461267855771,0
960,scarcity,12000,0.2,4.0,pulse_only,0.6453568008036902,0.0,367040,14380,2740,65.76,367040,0,14380,0,423,1.0,2.2737367544323206e-13,1.0000000000000002,0.0,7.999999999999986,483264.00000000006,1920,0.7493666338116708,96016,0.6448297069282091,68360,0.644258881616751,67880,0.6461693073349002,134784
960,scarcity,12000,0.2,4.0,hybrid_75,0.6457813761420349,0.0,317952,12534,2142,51.408,269088,48864,10507,2027,413,1.0,2.2737367544323206e-13,1.0000000000000004,0.0,7.999999999999986,483264.00000000006,1920,0.7491242991719194,77408,0.6477692481038715,60912,0.645415272380639,61096,0.6449704920418146,118536
960,scarcity,12000,0.2,4.0,hybrid_50,0.6438640649804582,0.0,276464,11014,1516,36.384,181776,94688,7088,3926,407,1.0,2.2737367544323206e-13,1.0000000000000002,0.0,7.999999999999986,483264.00000000006,1920,0.7464169512831212,66528,0.6435020925333105,53552,0.643773615503604,52528,0.6440902759424595,103856
960,scarcity,12000,0.2,4.0,hybrid_25,0.6440466073736226,0.0,237056,9584,880,21.12,90872,146184,3530,6054,425,1.0,2.2737367544323206e-13,1.0000000000000002,0.0,7.999999999999986,483264.00000000006,1920,0.7426543954401158,54312,0.6450249014847401,45856,0.6436553957719628,45800,0.6437530661188937,91088
960,scarcity,12000,0.2,4.0,signal_only,0.6284364812083911,0.0,202408,8381,158,3.7920000000000003,0,202408,0,8381,446,1.0,2.2737367544323206e-13,1.0000000000000002,0.0,7.999999999999986,483264.00000000006,1920,0.7331947086087968,42056,0.6299888115947047,39536,0.6281977735580897,40528,0.6277796698403851,80288
960,scarcity,12001,0.2,1.0,fixed,0.6350552742915067,0.0,0,0,0,0.0,0,0,0,0,379,1.0,2.2737367544323206e-13,0.9035828642338217,0.0,-1.0,138096.0,1920,0.7281962081592354,0,0.6357194244222633,0,0.6348335048754246,0,0.6348340839341695,0
960,scarcity,12001,0.2,1.0,pulse_only,0.6517639363629493,0.0,92016,3586,744,17.856,92016,0,3586,0,398,1.0,2.2737367544323206e-13,1.0000000000000002,0.0,31.999999999999986,138096.0,1920,0.7584015970759419,24016,0.6548459239339571,17192,0.6496270607099397,16992,0.65129138040395,33816
960,scarcity,12001,0.2,1.0,hybrid_75,0.6520213816800178,0.0,79104,3086,630,15.120000000000001,69168,9936,2675,411,403,1.0,2.2737367544323206e-13,1.0000000000000002,0.0,23.999999999999986,138096.0,1920,0.7553539382514363,18592,0.6545333161040013,12744,0.6516559633049955,16896,0.6509481236555371,30872
960,scarcity,12001,0.2,1.0,hybrid_50,0.6531071437483967,0.0,72480,2857,489,11.736,46000,26480,1772,1085,403,1.0,2.2737367544323206e-13,1.0000000000000002,0.0,23.999999999999986,138096.0,1920,0.750108232049714,17880,0.6565992157437218,13448,0.6532686221528324,14296,0.6512803685485162,26856
960,scarcity,12001,0.2,1.0,hybrid_25,0.6518277759444654,0.0,68528,2740,346,8.304,22296,46232,861,1879,419,1.0,2.2737367544323206e-13,1.0000000000000002,0.0,23.999999999999986,138096.0,1920,0.7526874649661922,16208,0.6534142655881241,14072,0.6515497365100347,13528,0.6511735508398515,24720
960,scarcity,12001,0.2,1.0,signal_only,0.645180363103526,0.0,69744,2837,207,4.968,0,69744,0,2837,421,1.0,2.2737367544323206e-13,1.0000000000000002,0.0,23.999999999999986,138096.0,1920,0.7505139590079295,18008,0.6472856734620343,13992,0.6442486758304679,11424,0.644593551560801,26320
960,scarcity,12001,0.2,4.0,fixed,0.6350552742915067,0.0,0,0,0,0.0,0,0,0,0,379,1.0,2.2737367544323206e-13,0.9035828642338217,0.0,-1.0,483264.00000000006,1920,0.7281962081592354,0,0.6357194244222633,0,0.6348335048754246,0,0.6348340839341695,0
960,scarcity,12001,0.2,4.0,pulse_only,0.6527223046813717,0.0,361048,14386,1973,47.352000000000004,361048,0,14386,0,415,1.0,1.1368683772161603e-13,1.0000000000000002,0.0,7.999999999999986,483264.00000000006,1920,0.7664525106307182,96144,0.6562659105878923,66488,0.6528699743673776,66080,0.6508766668851081,132336
960,scarcity,12001,0.2,4.0,hybrid_75,0.6527159830466674,0.0,314112,12549,1617,38.808,264816,49296,10499,2050,419,1.0,2.2737367544323206e-13,1.0000000000000002,0.0,7.999999999999986,483264.00000000006,1920,0.7664004197947202,77192,0.6572664234137869,60000,0.6520467573278005,59520,0.6507753757225411,117400
960,scarcity,12001,0.2,4.0,hybrid_50,0.6536559675907345,0.0,275088,11065,1191,28.584,179008,96080,7082,3983,424,1.0,2.2737367544323206e-13,1.0000000000000002,0.0,7.999999999999986,483264.00000000006,1920,0.7644367943901244,66200,0.6574155522989674,52736,0.6538743518979414,52768,0.6516669830830145,103384
960,scarcity,12001,0.2,4.0,hybrid_25,0.6512802435163562,0.0,230608,9367,725,17.400000000000002,90072,140536,3537,5830,414,1.0,2.2737367544323206e-13,1.0000000000000002,0.0,7.999999999999986,483264.00000000006,1920,0.7621198108792887,51512,0.6545082575259482,44216,0.6508900602008562,45048,0.6498613281693103,89832
960,scarcity,12001,0.2,4.0,signal_only,0.6452455292026318,0.0,195048,8053,222,5.328,0,195048,0,8053,425,1.0,2.2737367544323206e-13,1.0000000000000002,0.0,7.999999999999986,483264.00000000006,1920,0.7537859020269001,41128,0.6462727840703959,38488,0.6449661278627686,39096,0.6448716024386812,76336
960,scarcity,12002,0.2,1.0,fixed,0.6349121031886726,0.0,0,0,0,0.0,0,0,0,0,391,1.0,2.2737367544323206e-13,0.9781677743592831,0.0,-1.0,138096.0,1920,0.7328526304090979,0,0.6353171878181736,0,0.6347471751106729,0,0.634792024912922,0
960,scarcity,12002,0.2,1.0,pulse_only,0.6512598155566266,0.0,92568,3589,804,19.296,92568,0,3589,0,411,1.0,2.2737367544323206e-13,1.0000000000000002,0.0,31.999999999999986,138096.0,1920,0.7538873391344462,24336,0.6535667548784102,17176,0.6515642336718613,16856,0.6499541368381172,34200
960,scarcity,12002,0.2,1.0,hybrid_75,0.6499000358383162,0.0,79096,3082,641,15.384,69448,9648,2681,401,399,1.0,2.2737367544323206e-13,1.0000000000000002,0.0,23.999999999999986,138096.0,1920,0.7502625125883796,18704,0.6500894535660839,12824,0.6504720743545284,17240,0.6495193077163263,30328
960,scarcity,12002,0.2,1.0,hybrid_50,0.6523069907628619,0.0,72024,2844,471,11.304,46176,25848,1780,1064,394,1.0,2.2737367544323206e-13,1.0000000000000002,0.0,23.999999999999986,138096.0,1920,0.7478830739131286,17648,0.6542711400353922,12960,0.6512314757439422,14792,0.6518626736360564,26624
960,scarcity,12002,0.2,1.0,hybrid_25,0.6481847231664309,0.0,68336,2737,331,7.944,22408,45928,868,1869,415,1.0,2.2737367544323206e-13,1.0000000000000002,0.0,23.999999999999986,138096.0,1920,0.7508224593186809,16200,0.6485419242951169,13856,0.648800472286312,13392,0.6476982480421473,24888
960,scarcity,12002,0.2,1.0,signal_only,0.6442726411696313,0.0,72096,2944,180,4.32,0,72096,0,2944,443,1.0,2.2737367544323206e-13,1.0000000000000002,0.0,23.999999999999986,138096.0,1920,0.7513568245628802,18272,0.645099928497519,14104,0.6442085453447147,11880,0.643891045418146,27840
960,scarcity,12002,0.2,4.0,fixed,0.6349121031886726,0.0,0,0,0,0.0,0,0,0,0,391,1.0,2.2737367544323206e-13,0.9781677743592831,0.0,-1.0,483264.00000000006,1920,0.7328526304090979,0,0.6353171878181736,0,0.6347471751106729,0,0.634792024912922,0
960,scarcity,12002,0.2,4.0,pulse_only,0.6526877307430303,0.0,364808,14389,2434,58.416000000000004,364808,0,14389,0,414,1.0,2.2737367544323206e-13,1.0000000000000002,0.0,7.999999999999986,483264.00000000006,1920,0.7577618731928347,96376,0.6548352393133443,67672,0.6524061566935163,67096,0.6517547634826305,133664
960,scarcity,12002,0.2,4.0,hybrid_75,0.6522950734476565,0.0,315312,12512,1878,45.072,267152,48160,10508,2004,409,1.0,2.2737367544323206e-13,1.0000000000000002,0.0,7.999999999999986,483264.00000000006,1920,0.757170216401341,77344,0.655149572425936,60216,0.6530203346274859,60392,0.650505193368602,117360
960,scarcity,12002,0.2,4.0,hybrid_50,0.6526298470328176,0.0,273664,10944,1376,33.024,180648,93016,7077,3867,409,1.0,2.2737367544323206e-13,1.0000000000000002,0.0,7.999999999999986,483264.00000000006,1920,0.7587036808633792,65824,0.6557697807182412,52944,0.6530294468549338,51536,0.6508600802790476,103360
960,scarcity,12002,0.2,4.0,hybrid_25,0.651771571888414,0.0,237912,9627,858,20.592,90872,147040,3541,6086,435,1.0,2.2737367544323206e-13,1.0000000000000002,0.0,7.999999999999986,483264.00000000006,1920,0.7558784034270972,53168,0.6523349024504504,46568,0.6512186199119668,46584,0.6517663825956193,91592
960,scarcity,12002,0.2,4.0,signal_only,0.6458001842219296,0.0,200944,8305,203,4.872,0,200944,0,8305,444,1.0,2.2737367544323206e-13,1.0000000000000002,0.0,7.999999999999986,483264.00000000006,1920,0.752806630287386,40896,0.6480996734713504,40136,0.6450952940214367,40208,0.6450028846974657,79704
960,scarcity,12003,0.2,1.0,fixed,0.6422021823167159,0.0,0,0,0,0.0,0,0,0,0,406,1.0,2.2737367544323206e-13,0.9517106336096507,0.0,-1.0,138096.0,1920,0.739330137619237,0,0.6434822941226132,0,0.6419930597798795,0,0.6416666876821856,0
960,scarcity,12003,0.2,1.0,pulse_only,0.6537866426913215,0.0,90608,3574,604,14.496,90608,0,3574,0,426,1.0,2.2737367544323206e-13,1.0000000000000002,0.0,31.999999999999986,138096.0,1920,0.7659887329609638,24056,0.6583767671942133,17432,0.6549055476695113,16592,0.6509321279507807,32528
960,scarcity,12003,0.2,1.0,hybrid_75,0.6548689222055677,0.0,78688,3102,530,12.72,68280,10408,2670,432,422,1.0,2.2737367544323206e-13,1.0000000000000002,0.0,23.999999999999986,138096.0,1920,0.7603854802125866,18144,0.661469594064663,12736,0.6540082362654577,17912,0.6519989292460753,29896
960,scarcity,12003,0.2,1.0,hybrid_50,0.6549571984217588,0.0,72072,2866,411,9.864,45688,26384,1780,1086,408,1.0,2.2737367544323206e-13,1.0000000000000002,0.0,23.999999999999986,138096.0,1920,0.7593884911621223,17312,0.6633311328662448,13656,0.6545587022216682,14432,0.6509694792995613,26672
960,scarcity,12003,0.2,1.0,hybrid_25,0.6551408064290025,0.0,69368,2786,313,7.5120000000000005,21920,47448,858,1928,425,1.0,2.2737367544323206e-13,1.0000000000000002,0.0,23.999999999999986,138096.0,1920,0.7606400443699096,15976,0.6608235893681478,14408,0.6550905538037447,14032,0.6523245412720589,24952
960,scarcity,12003,0.2,1.0,signal_only,0.6518986160102368,0.0,72576,2965,177,4.248,0,72576,0,2965,447,1.0,2.2737367544323206e-13,1.0000000000000002,0.0,23.999999999999986,138096.0,1920,0.7564969766761066,18056,0.6563974379606914,13808,0.6522202756711003,12304,0.6494883752045777,28408
960,scarcity,12003,0.2,4.0,fixed,0.6422021823167159,0.0,0,0,0,0.0,0,0,0,0,406,1.0,2.2737367544323206e-13,0.9517106336096507,0.0,-1.0,483264.00000000006,1920,0.739330137619237,0,0.6434822941226132,0,0.6419930597798795,0,0.6416666876821856,0
960,scarcity,12003,0.2,4.0,pulse_only,0.6528902836112112,0.0,355840,14374,1358,32.592,355840,0,14374,0,428,1.0,2.2737367544323206e-13,1.0000000000000002,0.0,7.999999999999986,483264.00000000006,1920,0.7754684743725629,95824,0.6571054301067867,65408,0.651680562674047,65152,0.6513875708320055,129456
960,scarcity,12003,0.2,4.0,hybrid_75,0.6530087383486081,0.0,310240,12524,1208,28.992,261424,48816,10493,2031,416,1.0,1.1368683772161603e-13,1.0000000000000002,0.0,7.999999999999986,483264.00000000006,1920,0.7724820509627436,76688,0.6571322669473212,59464,0.6521952284248397,59504,0.6513537290111353,114584
960,scarcity,12003,0.2,4.0,hybrid_50,0.6532142790889665,0.0,271528,10992,965,23.16,177192,94336,7080,3912,417,1.0,2.2737367544323206e-13,1.0000000000000002,0.0,7.999999999999986,483264.00000000006,1920,0.7714901167391395,65568,0.6584561470611892,52328,0.6525469166107064,52000,0.6509270263419852,101632
960,scarcity,12003,0.2,4.0,hybrid_25,0.6538832477814501,0.0,238200,9719,618,14.832,88800,149400,3526,6193,450,1.0,2.2737367544323206e-13,1.0000000000000002,0.0,7.999999999999986,483264.00000000006,1920,0.7697310172046901,51688,0.6587378430812159,46672,0.6540734913434204,47168,0.6513608283505822,92672
960,scarcity,12003,0.2,4.0,signal_only,0.6528623806950519,0.0,202472,8365,214,5.136,0,202472,0,8365,454,1.0,2.2737367544323206e-13,1.0000000000000002,0.0,7.999999999999986,483264.00000000006,1920,0.7606651213243633,40144,0.6585421899453251,40184,0.6520940648849726,41376,0.6504066339749551,80768
960,scarcity,12004,0.2,1.0,fixed,0.620830729613931,0.0,0,0,0,0.0,0,0,0,0,420,1.0,2.2737367544323206e-13,0.7456665855130096,0.0,-1.0,138096.0,1920,0.731024532764792,0,0.6224060401396033,0,0.6205086114061337,0,0.6202041334549935,0
960,scarcity,12004,0.2,1.0,pulse_only,0.6394128207637114,0.0,90664,3585,578,13.872,90664,0,3585,0,442,1.0,2.2737367544323206e-13,1.0000000000000002,0.0,31.999999999999986,138096.0,1920,0.7513620374442816,24112,0.6392532436126153,16968,0.639367685659094,16264,0.6395151768915682,33320
960,scarcity,12004,0.2,1.0,hybrid_75,0.6370410065488712,0.0,78680,3126,457,10.968,67888,10792,2678,448,443,1.0,2.2737367544323206e-13,1.0000000000000002,0.0,23.999999999999986,138096.0,1920,0.749497101097683,18192,0.6337674572810019,12504,0.637137778170539,17184,0.6386293953719718,30800
960,scarcity,12004,0.2,1.0,hybrid_50,0.637044894870968,0.0,72912,2926,336,8.064,45232,27680,1780,1146,434,1.0,2.2737367544323206e-13,1.0000000000000002,0.0,23.999999999999986,138096.0,1920,0.7478129392082303,18376,0.6393137453339266,12568,0.6362048159627152,15408,0.6363305090936153,26560
960,scarcity,12004,0.2,1.0,hybrid_25,0.6353972017455481,0.0,72648,2941,258,6.192,22112,50536,874,2067,464,1.0,2.2737367544323206e-13,1.0000000000000002,0.0,23.999999999999986,138096.0,1920,0.7472143771553016,17064,0.6342285544839621,14728,0.6348194302237843,14256,0.6362704111372228,26600
960,scarcity,12004,0.2,1.0,signal_only,0.6283507645762713,0.0,78024,3196,165,3.96,0,78024,0,3196,485,1.0,2.2737367544323206e-13,1.0000000000000002,0.0,23.999999999999986,138096.0,1920,0.7466143009822095,19336,0.6309904672689411,15696,0.6276153282433407,12936,0.6273986313964017,30056
960,scarcity,12004,0.2,4.0,fixed,0.620830729613931,0.0,0,0,0,0.0,0,0,0,0,420,1.0,2.2737367544323206e-13,0.7456665855130096,0.0,-1.0,483264.00000000006,1920,0.731024532764792,0,0.6224060401396033,0,0.6205086114061337,0,0.6202041334549935,0
960,scarcity,12004,0.2,4.0,pulse_only,0.6410074443086952,0.0,360424,14385,1898,45.552,360424,0,14385,0,446,1.0,2.2737367544323206e-13,1.0000000000000002,0.0,7.999999999999986,483264.00000000006,1920,0.7570671700417957,94824,0.6399280876182525,66416,0.6408873960343922,66376,0.6416071467910681,132808
960,scarcity,12004,0.2,4.0,hybrid_75,0.6405760964300236,0.0,315672,12647,1518,36.432,263632,52040,10482,2165,439,1.0,2.2737367544323206e-13,1.0000000000000002,0.0,7.999999999999986,483264.00000000006,1920,0.7569127741780672,76792,0.6397640171947973,60160,0.6412050111593514,60752,0.6406676786829727,117968
960,scarcity,12004,0.2,4.0,hybrid_50,0.6389217679749241,0.0,281120,11358,1066,25.584,178136,102984,7085,4273,451,1.0,2.2737367544323206e-13,1.0000000000000002,0.0,7.999999999999986,483264.00000000006,1920,0.7558997776043287,66776,0.6385324561949043,54200,0.63987765797791,54024,0.638638478863441,106120
960,scarcity,12004,0.2,4.0,hybrid_25,0.639480174542647,0.0,241864,9879,596,14.304,88784,153080,3522,6357,455,1.0,2.2737367544323206e-13,1.0000000000000002,0.0,7.999999999999986,483264.00000000006,1920,0.754869572882754,53136,0.6392215602832245,47600,0.6380105445573534,46840,0.640344296665005,94288
960,scarcity,12004,0.2,4.0,signal_only,0.628722496785718,0.0,216344,8962,157,3.7680000000000002,0,216344,0,8962,482,1.0,2.2737367544323206e-13,1.0000000000000002,0.0,7.999999999999986,483264.00000000006,1920,0.7477965687305633,43032,0.6310636630033591,43352,0.6281296239966584,43488,0.6278483500714274,86472
960,scarcity,12005,0.2,1.0,fixed,0.623087386910792,0.0,0,0,0,0.0,0,0,0,0,432,1.0,1.1368683772161603e-13,0.8086752243622894,0.0,-1.0,138096.0,1920,0.7283759586759678,0,0.6241967155361116,0,0.6228349406723599,0,0.6226589457173484,0
960,scarcity,12005,0.2,1.0,pulse_only,0.6389738919429185,0.0,90912,3583,615,14.76,90912,0,3583,0,418,1.0,1.1368683772161603e-13,1.0000000000000002,0.0,31.999999999999986,138096.0,1920,0.750076106505535,24088,0.6416898450907218,17152,0.6374052139729263,16552,0.6384002543540129,33120
960,scarcity,12005,0.2,1.0,hybrid_75,0.6396750347792515,0.0,78944,3112,532,12.768,68360,10584,2672,440,432,1.0,1.7053025658242404e-13,1.0000000000000002,0.0,23.999999999999986,138096.0,1920,0.7484203347042057,17920,0.6439399313053755,12936,0.6389204819198671,17384,0.6379198629458818,30704
960,scarcity,12005,0.2,1.0,hybrid_50,0.636859555430939,0.0,73440,2937,369,8.856,45072,28368,1764,1173,431,1.0,1.7053025658242404e-13,1.0000000000000002,0.0,23.999999999999986,138096.0,1920,0.7454364615899873,17944,0.6392824255553664,13304,0.6362636405192356,15104,0.6359460778245769,27088
960,scarcity,12005,0.2,1.0,hybrid_25,0.6385823339216814,0.0,72176,2917,271,6.5040000000000004,22144,50032,867,2050,459,1.0,2.2737367544323206e-13,1.0000000000000002,0.0,23.999999999999986,138096.0,1920,0.7467118578064544,16304,0.6398596870597205,14328,0.637735071316283,14264,0.6383672886553611,27280
960,scarcity,12005,0.2,1.0,signal_only,0.6297769764781088,0.0,74576,3062,136,3.2640000000000002,0,74576,0,3062,460,1.0,1.1368683772161603e-13,1.0000000000000002,0.0,23.999999999999986,138096.0,1920,0.7440427133251489,18848,0.6338755306802333,13576,0.6292359421481872,12688,0.6279982165420076,29464
960,scarcity,12005,0.2,4.0,fixed,0.623087386910792,0.0,0,0,0,0.0,0,0,0,0,432,1.0,1.1368683772161603e-13,0.8086752243622894,0.0,-1.0,483264.00000000006,1920,0.7283759586759678,0,0.6241967155361116,0,0.6228349406723599,0,0.6226589457173484,0
960,scarcity,12005,0.2,4.0,pulse_only,0.6399895020803187,0.0,359200,14383,1751,42.024,359200,0,14383,0,440,1.0,1.7053025658242404e-13,1.0000000000000002,0.0,7.999999999999986,483264.00000000006,1920,0.7563013722128507,95672,0.6431699162740249,66120,0.6393261704797985,65512,0.6387309607837257,131896
960,scarcity,12005,0.2,4.0,hybrid_75,0.6410878439449426,0.0,314832,12612,1518,36.432,263512,51320,10478,2134,437,1.0,1.7053025658242404e-13,1.0000000000000002,0.0,7.999999999999986,483264.00000000006,1920,0.754266187974483,76896,0.6440960997585492,60464,0.6402053490410924,60560,0.6400249634900643,116912
960,scarcity,12005,0.2,4.0,hybrid_50,0.6409995421532728,0.0,277128,11190,1071,25.704,177840,99288,7070,4120,436,1.0,1.7053025658242404e-13,1.0000000000000002,0.0,7.999999999999986,483264.00000000006,1920,0.7540729088583837,66176,0.6431619013377818,53728,0.6406563640912488,52752,0.6400899515920304,104472
960,scarcity,12005,0.2,4.0,hybrid_25,0.6387601006247311,0.0,236080,9629,623,14.952,89048,147032,3525,6104,431,1.0,1.1368683772161603e-13,1.0000000000000002,0.0,7.999999999999986,483264.00000000006,1920,0.7529223164239588,52184,0.6423337940905097,45672,0.6380384224114977,46224,0.6373340929984583,92000
960,scarcity,12005,0.2,4.0,signal_only,0.6303329292658326,0.0,207608,8603,142,3.408,0,207608,0,8603,464,1.0,1.1368683772161603e-13,1.0000000000000002,0.0,7.999999999999986,483264.00000000006,1920,0.7447576182532385,41392,0.6355843717679801,40328,0.6295378034186426,42176,0.6281047709383539,83712
960,scarcity,12006,0.2,1.0,fixed,0.6258379502711765,0.0,0,0,0,0.0,0,0,0,0,402,1.0,2.2737367544323206e-13,0.9102603478080207,0.0,-1.0,138096.0,1920,0.7233415688218757,0,0.626592751290808,0,0.625799757852636,0,0.625479645970631,0
960,scarcity,12006,0.2,1.0,pulse_only,0.6477877016612354,0.0,91952,3577,763,18.312,91952,0,3577,0,409,1.0,1.1368683772161603e-13,1.0000000000000002,0.0,31.999999999999986,138096.0,1920,0.7476882463542285,24256,0.6502624909287922,17632,0.6471325654756068,16592,0.6468778751202712,33472
960,scarcity,12006,0.2,1.0,hybrid_75,0.6475211983730036,0.0,79584,3102,642,15.408,69488,10096,2684,418,404,1.0,2.2737367544323206e-13,1.0000000000000002,0.0,23.999999999999986,138096.0,1920,0.7435910731024402,18304,0.6508048380583404,13360,0.6459023024824688,16760,0.6466888264756024,31160
960,scarcity,12006,0.2,1.0,hybrid_50,0.6477164359486289,0.0,72008,2846,463,11.112,46600,25408,1800,1046,400,1.0,2.2737367544323206e-13,1.0000000000000002,0.0,23.999999999999986,138096.0,1920,0.7409265977917486,17648,0.6504722730732955,13128,0.6471760788427621,15064,0.6466086959392291,26168
960,scarcity,12006,0.2,1.0,hybrid_25,0.6440974406280996,0.0,68216,2741,304,7.296,22760,45456,880,1861,411,1.0,2.2737367544323206e-13,1.0000000000000002,0.0,23.999999999999986,138096.0,1920,0.7428526906618628,15656,0.6442604280589788,14336,0.6429422704785693,13392,0.644593531987425,24832
960,scarcity,12006,0.2,1.0,signal_only,0.6362919836684231,0.0,70344,2882,147,3.528,0,70344,0,2882,430,1.0,2.2737367544323206e-13,1.0000000000000002,0.0,23.999999999999986,138096.0,1920,0.7394152940736383,18496,0.6381077721245751,12920,0.6364364700286197,11320,0.6353118462602486,27608
960,scarcity,12006,0.2,4.0,fixed,0.6258379502711765,0.0,0,0,0,0.0,0,0,0,0,402,1.0,2.2737367544323206e-13,0.9102603478080207,0.0,-1.0,483264.00000000006,1920,0.7233415688218757,0,0.626592751290808,0,0.625799757852636,0,0.625479645970631,0
960,scarcity,12006,0.2,4.0,pulse_only,0.6494048510958266,0.0,364080,14377,2379,57.096000000000004,364080,0,14377,0,424,1.0,2.2737367544323206e-13,1.0000000000000002,0.0,7.999999999999986,483264.00000000006,1920,0.7559771017298875,96136,0.652841063917577,67576,0.6486058185308363,67128,0.6480862609674464,133240
960,scarcity,12006,0.2,4.0,hybrid_75,0.6491953295270431,0.0,314232,12490,1809,43.416000000000004,266544,47688,10505,1985,404,1.0,1.1368683772161603e-13,1.0000000000000002,0.0,7.999999999999986,483264.00000000006,1920,0.7562073678307747,77176,0.6519813168228459,59624,0.6479657610248777,59872,0.6484171201302243,117560
960,scarcity,12006,0.2,4.0,hybrid_50,0.6492462238540719,0.0,275544,11035,1338,32.112,180432,95112,7086,3949,414,1.0,2.2737367544323206e-13,1.0000000000000002,0.0,7.999999999999986,483264.00000000006,1920,0.7524683248467302,66752,0.6511237751049122,52696,0.6512198446209465,52376,0.6473206378452143,103720
960,scarcity,12006,0.2,4.0,hybrid_25,0.6480977819575724,0.0,231912,9404,777,18.648,90328,141584,3524,5880,417,1.0,1.1368683772161603e-13,1.0000000000000002,0.0,7.999999999999986,483264.00000000006,1920,0.750435036471955,51528,0.6502629290437393,46112,0.6482813412165218,44576,0.6469234287850139,89696
960,scarcity,12006,0.2,4.0,signal_only,0.6365168305086936,0.0,195288,8085,156,3.744,0,195288,0,8085,434,1.0,2.2737367544323206e-13,1.0000000000000002,0.0,7.999999999999986,483264.00000000006,1920,0.7416604216482858,40448,0.6382405466765912,38336,0.6365891341678958,39120,0.6356188205951434,77384
960,scarcity,12007,0.2,1.0,fixed,0.6236590340343637,0.0,0,0,0,0.0,0,0,0,0,402,1.0,2.2737367544323206e-13,0.8626588683864828,0.0,-1.0,138096.0,1920,0.7206399705079983,0,0.6247183284830516,0,0.6234310825192236,0,0.6232433625675898,0
960,scarcity,12007,0.2,1.0,pulse_only,0.6486793188584207,0.0,92584,3582,827,19.848,92584,0,3582,0,392,1.0,1.1368683772161603e-13,1.0000000000000002,0.0,31.999999999999986,138096.0,1920,0.745492061522709,25024,0.650558300335819,17528,0.6488171639643715,16304,0.6476709055667462,33728
960,scarcity,12007,0.2,1.0,hybrid_75,0.647479339554548,0.0,79736,3098,673,16.152,69960,9776,2692,406,400,1.0,2.2737367544323206e-13,1.0000000000000002,0.0,23.999999999999986,138096.0,1920,0.742559756300313,18680,0.6509971927651097,13368,0.6459163647899748,17288,0.6465019003315535,30400
960,scarcity,12007,0.2,1.0,hybrid_50,0.6470299873356745,0.0,73096,2869,530,12.72,47344,25752,1809,1060,397,1.0,1.1368683772161603e-13,1.0000000000000002,0.0,23.999999999999986,138096.0,1920,0.7371250536703715,18584,0.647118203356277,12544,0.6460481392165445,15360,0.6474768033849384,26608
960,scarcity,12007,0.2,1.0,hybrid_25,0.6455757222743173,0.0,69576,2787,336,8.064,23248,46328,890,1897,424,1.0,2.2737367544323206e-13,1.0000000000000002,0.0,23.999999999999986,138096.0,1920,0.7393001253044599,16680,0.6467584778299522,13816,0.6458333053359159,13216,0.6448555529657001,25864
960,scarcity,12007,0.2,1.0,signal_only,0.6340837167154706,0.0,70952,2904,157,3.7680000000000002,0,70952,0,2904,430,1.0,2.2737367544323206e-13,1.0,0.0,23.999999999999986,138096.0,1920,0.7363695637576567,18584,0.6364338956179479,12896,0.6339157027584458,11592,0.6329926342427441,27880
960,scarcity,12007,0.2,4.0,fixed,0.6236590340343637,0.0,0,0,0,0.0,0,0,0,0,402,1.0,2.2737367544323206e-13,0.8626588683864828,0.0,-1.0,483264.00000000006,1920,0.7206399705079983,0,0.6247183284830516,0,0.6234310825192236,0,0.6232433625675898,0
960,scarcity,12007,0.2,4.0,pulse_only,0.647724518755562,0.0,365792,14382,2578,61.872,365792,0,14382,0,418,1.0,2.2737367544323206e-13,1.0000000000000002,0.0,7.999999999999986,483264.00000000006,1920,0.7530895017315832,96440,0.6503283505059466,68384,0.6482444682971586,67736,0.6461626281095716,133232
960,scarcity,12007,0.2,4.0,hybrid_75,0.6483538099601057,0.0,317416,12559,2000,48.0,268400,49016,10521,2038,413,1.0,2.2737367544323206e-13,1.0000000000000002,0.0,7.999999999999986,483264.00000000006,1920,0.7536916589654711,78056,0.651946374557198,60480,0.646319880275472,60688,0.6475744925038764,118192
960,scarcity,12007,0.2,4.0,hybrid_50,0.6478589525609523,0.0,276552,11045,1434,34.416000000000004,180664,95888,7067,3978,417,1.0,2.2737367544323206e-13,1.0000000000000002,0.0,7.999999999999986,483264.00000000006,1920,0.7507150784593165,67024,0.6482621441877204,53416,0.6477546146765539,52928,0.6477095256897673,103184
960,scarcity,12007,0.2,4.0,hybrid_25,0.6491889442959717,0.0,232256,9391,859,20.616,90944,141312,3534,5857,412,1.0,1.1368683772161603e-13,1.0000000000000002,0.0,7.999999999999986,483264.00000000006,1920,0.7492129023388444,52088,0.6504375881820699,45632,0.649125521103506,45216,0.6485963339491554,89320
960,scarcity,12007,0.2,4.0,signal_only,0.634380994790401,0.0,197944,8183,194,4.656,0,197944,0,8183,437,1.0,2.2737367544323206e-13,1.0,0.0,7.999999999999986,483264.00000000006,1920,0.7376983056248639,40824,0.6366653490841002,39048,0.6345192344485082,40008,0.6331696978144977,78064
960,scarcity,12008,0.2,1.0,fixed,0.63831189474365,0.0,0,0,0,0.0,0,0,0,0,401,1.0,1.1368683772161603e-13,0.932223646397024,0.0,-1.0,138096.0,1920,0.7366782719450964,0,0.6408201103179275,0,0.6377852095776231,0,0.6373211295395249,0
960,scarcity,12008,0.2,1.0,pulse_only,0.6557702566931959,0.0,91616,3582,706,16.944,91616,0,3582,0,410,1.0,1.1368683772161603e-13,1.0000000000000002,0.0,31.999999999999986,138096.0,1920,0.759718703909864,24320,0.661025172167652,17256,0.6538572589510016,16824,0.6540992978270651,33216
960,scarcity,12008,0.2,1.0,hybrid_75,0.6555227667666287,0.0,79136,3100,592,14.208,68992,10144,2679,421,411,1.0,1.1368683772161603e-13,1.0000000000000002,0.0,23.999999999999986,138096.0,1920,0.7579725396831638,18736,0.6612310983727836,12872,0.6551272160367476,17360,0.652866376328492,30168
960,scarcity,12008,0.2,1.0,hybrid_50,0.6555532709465234,0.0,71440,2835,425,10.200000000000001,45896,25544,1782,1053,406,1.0,1.1368683772161603e-13,1.0000000000000002,0.0,23.999999999999986,138096.0,1920,0.7552995258533515,17056,0.6638087337935553,13608,0.6564961791630515,14424,0.6509540854147433,26352
960,scarcity,12008,0.2,1.0,hybrid_25,0.6543811081876344,0.0,67984,2734,296,7.104,22280,45704,865,1869,425,1.0,1.1368683772161603e-13,1.0000000000000002,0.0,23.999999999999986,138096.0,1920,0.7550240594603389,15488,0.6553441717247462,14056,0.6545329184086571,13472,0.6538236713085671,24968
960,scarcity,12008,0.2,1.0,signal_only,0.6483196960868667,0.0,70392,2883,150,3.6,0,70392,0,2883,436,1.0,1.7053025658242404e-13,1.0000000000000004,0.0,23.999999999999986,138096.0,1920,0.7515713892897103,17776,0.6538516514336888,13016,0.6479315317336012,11408,0.6457478005900883,28192
960,scarcity,12008,0.2,4.0,fixed,0.63831189474365,0.0,0,0,0,0.0,0,0,0,0,401,1.0,1.1368683772161603e-13,0.932223646397024,0.0,-1.0,483264.00000000006,1920,0.7366782719450964,0,0.6408201103179275,0,0.6377852095776231,0,0.6373211295395249,0
960,scarcity,12008,0.2,4.0,pulse_only,0.6556246452984251,0.0,360696,14382,1941,46.584,360696,0,14382,0,407,1.0,1.7053025658242404e-13,1.0000000000000002,0.0,7.999999999999986,483264.00000000006,1920,0.7682505608164688,96616,0.660857549477135,66784,0.6543879303879838,66168,0.6536265506642909,131128
960,scarcity,12008,0.2,4.0,hybrid_75,0.6550951822420799,0.0,313248,12497,1665,39.96,265536,47712,10519,1978,408,1.0,2.2737367544323206e-13,1.0000000000000002,0.0,7.999999999999986,483264.00000000006,1920,0.7670190620547243,77400,0.6604297447327394,59896,0.6528276009146382,59680,0.6535616916604712,116272
960,scarcity,12008,0.2,4.0,hybrid_50,0.656589590153581,0.0,272224,10968,1124,26.976,178848,93376,7092,3876,415,1.0,2.2737367544323206e-13,1.0000000000000002,0.0,7.999999999999986,483264.00000000006,1920,0.7687362452138613,65008,0.661801517736146,52008,0.6562693874059673,51976,0.6541437277361055,103232
960,scarcity,12008,0.2,4.0,hybrid_25,0.6565859979300965,0.0,228336,9277,711,17.064,90000,138336,3535,5742,417,1.0,1.1368683772161603e-13,1.0000000000000002,0.0,7.999999999999986,483264.00000000006,1920,0.7627568925386289,50232,0.661412783819166,44224,0.6565297197931674,44896,0.6542007440540266,88984
960,scarcity,12008,0.2,4.0,signal_only,0.647438157860209,0.0,195032,8072,163,3.912,0,195032,0,8072,437,1.0,1.7053025658242404e-13,1.0000000000000004,0.0,7.999999999999986,483264.00000000006,1920,0.7539452886750021,38944,0.6527437154314564,38232,0.646485332520739,40008,0.6452617917443201,77848
960,scarcity,12009,0.2,1.0,fixed,0.6289502426964655,0.0,0,0,0,0.0,0,0,0,0,391,1.0,2.2737367544323206e-13,0.9913530458014295,0.0,-1.0,138096.0,1920,0.718510345279438,0,0.6283237197776156,0,0.6288190043591095,0,0.6293291233245685,0
960,scarcity,12009,0.2,1.0,pulse_only,0.6482525649421045,0.0,92816,3581,859,20.616,92816,0,3581,0,405,1.0,2.2737367544323206e-13,1.0000000000000002,0.0,31.999999999999986,138096.0,1920,0.7491747228031093,25128,0.6529006491737909,17656,0.6484612875299939,16800,0.6458241615323165,33232
960,scarcity,12009,0.2,1.0,hybrid_75,0.6503327704357017,0.0,79256,3081,664,15.936,69440,9816,2674,407,390,1.0,2.2737367544323206e-13,1.0000000000000002,0.0,23.999999999999986,138096.0,1920,0.7453405132964949,18600,0.6560921783634249,13464,0.6501995533180838,17120,0.6475196750306491,30072
960,scarcity,12009,0.2,1.0,hybrid_50,0.6506885543374995,0.0,73080,2874,513,12.312,46936,26144,1798,1076,404,1.0,2.2737367544323206e-13,1.0000000000000002,0.0,23.999999999999986,138096.0,1920,0.7449437932517003,18168,0.6580806722765503,12824,0.6504508638747462,15176,0.6471113405993506,26912
960,scarcity,12009,0.2,1.0,hybrid_25,0.6478859195447101,0.0,70248,2799,384,9.216000000000001,23240,47008,886,1913,426,1.0,2.2737367544323206e-13,1.0000000000000002,0.0,23.999999999999986,138096.0,1920,0.7460004508121618,16984,0.6500437389555885,14096,0.6483951189437664,13056,0.6465524101397426,26112
960,scarcity,12009,0.2,1.0,signal_only,0.6432965467634069,0.0,68232,2783,180,4.32,0,68232,0,2783,408,1.0,2.2737367544323206e-13,1.0000000000000002,0.0,23.999999999999986,138096.0,1920,0.7425295175735211,18416,0.6451541659705835,12504,0.6440641759749561,10696,0.6419839225540439,26616
960,scarcity,12009,0.2,4.0,fixed,0.6289502426964655,0.0,0,0,0,0.0,0,0,0,0,391,1.0,2.2737367544323206e-13,0.9913530458014295,0.0,-1.0,483264.00000000006,1920,0.718510345279438,0,0.6283237197776156,0,0.6288190043591095,0,0.6293291233245685,0
960,scarcity,12009,0.2,4.0,pulse_only,0.649901594119738,0.0,361432,14381,2036,48.864000000000004,361432,0,14381,0,414,1.0,2.2737367544323206e-13,1.0000000000000002,0.0,7.999999999999986,483264.00000000006,1920,0.7587037230536107,96920,0.6542469643304163,67136,0.6487505228805722,66808,0.6483044446339816,130568
960,scarcity,12009,0.2,4.0,hybrid_75,0.649313235130993,0.0,314376,12517,1746,41.904,266112,48264,10511,2006,408,1.0,2.2737367544323206e-13,1.0000000000000002,0.0,7.999999999999986,483264.00000000006,1920,0.7589156787097816,77928,0.6527004951718662,60776,0.6486377168671807,59680,0.6479573642424626,115992
960,scarcity,12009,0.2,4.0,hybrid_50,0.6500071873660866,0.0,275136,11069,1185,28.44,178824,96312,7072,3997,425,1.0,2.2737367544323206e-13,1.0000000000000002,0.0,7.999999999999986,483264.00000000006,1920,0.7596228433609785,66872,0.6545263276628571,53368,0.6493071728200716,52328,0.6480976244907088,102568
960,scarcity,12009,0.2,4.0,hybrid_25,0.6494032823182396,0.0,231312,9353,855,20.52,90384,140928,3519,5834,407,1.0,2.2737367544323206e-13,1.0000000000000002,0.0,7.999999999999986,483264.00000000006,1920,0.7537795727712187,52768,0.6526313123659565,45680,0.6481408448564591,44712,0.6484204860252715,88152
960,scarcity,12009,0.2,4.0,signal_only,0.643140815718707,0.0,190104,7855,198,4.752,0,190104,0,7855,415,1.0,2.2737367544323206e-13,1.0000000000000002,0.0,7.999999999999986,483264.00000000006,1920,0.746406102067526,40392,0.6471315632911281,37200,0.642865154443038,37864,0.6412832725703308,74648
960,scarcity,12010,0.2,1.0,fixed,0.629368765976767,0.0,0,0,0,0.0,0,0,0,0,402,1.0,2.2737367544323206e-13,0.8331681280439298,0.0,-1.0,138096.0,1920,0.7224283184355614,0,0.6306911881664218,0,0.6294423508622963,0,0.6286707624391751,0
960,scarcity,12010,0.2,1.0,pulse_only,0.6482819128885429,0.0,91624,3584,701,16.824,91624,0,3584,0,407,1.0,2.2737367544323206e-13,1.0000000000000002,0.0,31.999999999999986,138096.0,1920,0.7497325039350892,24056,0.6541533290054057,17352,0.6458644805393905,16696,0.6465549210046875,33520
960,scarcity,12010,0.2,1.0,hybrid_75,0.647349794684088,0.0,78984,3100,573,13.752,69176,9808,2692,408,402,1.0,1.7053025658242404e-13,1.0000000000000002,0.0,23.999999999999986,138096.0,1920,0.7466960630400146,18416,0.6525238128442293,13072,0.6459983828306631,16936,0.6454384915307299,30560
960,scarcity,12010,0.2,1.0,hybrid_50,0.6454643747328337,0.0,71400,2818,471,11.304,45744,25656,1767,1051,399,1.0,1.7053025658242404e-13,1.0000000000000002,0.0,23.999999999999986,138096.0,1920,0.741971217923272,17184,0.6518593240145798,13496,0.643273877020297,14328,0.6433621489482291,26392
960,scarcity,12010,0.2,1.0,hybrid_25,0.6460195448229492,0.0,69208,2775,326,7.824,21928,47280,852,1923,425,1.0,2.2737367544323206e-13,1.0000000000000002,0.0,23.999999999999986,138096.0,1920,0.7461934005397381,15664,0.6522321323502169,14040,0.6457008127842967,14160,0.6430726170786416,25344
960,scarcity,12010,0.2,1.0,signal_only,0.6415389592364675,0.0,71464,2914,191,4.5840000000000005,0,71464,0,2914,434,1.0,2.2737367544323206e-13,1.0000000000000002,0.0,23.999999999999986,138096.0,1920,0.7436911173911815,18224,0.6475365753740675,13736,0.6409436736199556,11600,0.6388377939759234,27904
960,scarcity,12010,0.2,4.0,fixed,0.629368765976767,0.0,0,0,0,0.0,0,0,0,0,402,1.0,2.2737367544323206e-13,0.8331681280439298,0.0,-1.0,483264.00000000006,1920,0.7224283184355614,0,0.6306911881664218,0,0.6294423508622963,0,0.6286707624391751,0
960,scarcity,12010,0.2,4.0,pulse_only,0.6485396832823341,0.0,361272,14384,2007,48.168,361272,0,14384,0,427,1.0,1.1368683772161603e-13,1.0000000000000002,0.0,7.999999999999986,483264.00000000006,1920,0.7595202774187394,96040,0.6506223667569533,66800,0.6472013901825258,65864,0.648167488094929,132568
960,scarcity,12010,0.2,4.0,hybrid_75,0.6479357495691395,0.0,313808,12571,1513,36.312,264128,49680,10504,2067,424,1.0,2.2737367544323206e-13,1.0000000000000002,0.0,7.999999999999986,483264.00000000006,1920,0.760918437722678,77160,0.651118282320315,59088,0.6481207914735807,60040,0.6462519622413311,117520
960,scarcity,12010,0.2,4.0,hybrid_50,0.6489459087925568,0.0,274064,11009,1231,29.544,179544,94520,7089,3920,415,1.0,2.2737367544323206e-13,1.0000000000000002,0.0,7.999999999999986,483264.00000000006,1920,0.7571376736245994,65984,0.6499402748208355,52504,0.6485360626643478,52328,0.648653648842522,103248
960,scarcity,12010,0.2,4.0,hybrid_25,0.6477039723731381,0.0,237912,9666,741,17.784,89976,147936,3536,6130,439,1.0,2.2737367544323206e-13,1.0000000000000002,0.0,7.999999999999986,483264.00000000006,1920,0.7534654540283139,52616,0.6522367263492598,46160,0.6462883127300556,46920,0.6461454252066187,92216
960,scarcity,12010,0.2,4.0,signal_only,0.6432043456422698,0.0,198704,8207,217,5.208,0,198704,0,8207,438,1.0,2.2737367544323206e-13,1.0000000000000002,0.0,7.999999999999986,483264.00000000006,1920,0.7475421792361514,40992,0.6495609782624624,39160,0.6420797174853768,40288,0.6405883434106201,78264
960,scarcity,12011,0.2,1.0,fixed,0.6155059399415681,0.0,0,0,0,0.0,0,0,0,0,402,1.0,2.2737367544323206e-13,0.9472884748953432,0.0,-1.0,138096.0,1920,0.7075930775887148,0,0.6162220226738887,0,0.6153322972257532,0,0.6152347199333151,0
960,scarcity,12011,0.2,1.0,pulse_only,0.6465874811414131,0.0,93320,3582,919,22.056,93320,0,3582,0,397,1.0,2.2737367544323206e-13,1.0000000000000002,0.0,31.999999999999986,138096.0,1920,0.7398211921214425,24336,0.6456055062331898,17848,0.6490689593379236,17000,0.6458377294972695,34136
960,scarcity,12011,0.2,1.0,hybrid_75,0.6488821181377562,0.0,79936,3095,707,16.968,69784,10152,2677,418,405,1.0,2.2737367544323206e-13,1.0000000000000002,0.0,23.999999999999986,138096.0,1920,0.737597844116109,18592,0.6533236842563676,13432,0.6493430945587721,16632,0.6464308468679426,31280
960,scarcity,12011,0.2,1.0,hybrid_50,0.6450991421051471,0.0,72680,2855,520,12.48,46768,25912,1793,1062,396,1.0,2.2737367544323206e-13,1.0000000000000002,0.0,23.999999999999986,138096.0,1920,0.7331656477852191,17640,0.647077563830316,13472,0.6454865399184797,14920,0.6439162323358961,26648
960,scarcity,12011,0.2,1.0,hybrid_25,0.645125066001474,0.0,70336,2807,371,8.904,22432,47904,863,1944,429,1.0,2.2737367544323206e-13,1.0000000000000002,0.0,23.999999999999986,138096.0,1920,0.7378868027686756,16280,0.645342212354253,14688,0.6450158585402888,14016,0.645071096555677,25352
960,scarcity,12011,0.2,1.0,signal_only,0.6340184259408447,0.0,70128,2854,204,4.896,0,70128,0,2854,420,1.0,2.2737367544323206e-13,1.0000000000000002,0.0,23.999999999999986,138096.0,1920,0.7340309260058261,18792,0.6352609305620575,12616,0.6340972939277837,11408,0.6333577396367689,27312
960,scarcity,12011,0.2,4.0,fixed,0.6155059399415681,0.0,0,0,0,0.0,0,0,0,0,402,1.0,2.2737367544323206e-13,0.9472884748953432,0.0,-1.0,483264.00000000006,1920,0.7075930775887148,0,0.6162220226738887,0,0.6153322972257532,0,0.6152347199333151,0
960,scarcity,12011,0.2,4.0,pulse_only,0.6484973486922258,0.0,366584,14382,2677,64.248,366584,0,14382,0,412,1.0,2.8421709430404007e-13,1.0000000000000002,0.0,7.999999999999986,483264.00000000006,1920,0.752898528673695,96632,0.6511066340851368,68072,0.6467084398400978,67744,0.6480871604218342,134136
960,scarcity,12011,0.2,4.0,hybrid_75,0.6492486347476356,0.0,317104,12538,2024,48.576,268248,48856,10511,2027,410,1.0,2.2737367544323206e-13,1.0000000000000002,0.0,7.999999999999986,483264.00000000006,1920,0.7518798250830824,77136,0.6501874733950096,61056,0.6490173519524747,60256,0.6488948568215291,118656
960,scarcity,12011,0.2,4.0,hybrid_50,0.6488504701923182,0.0,279720,11132,1569,37.656,181416,98304,7071,4061,430,1.0,2.2737367544323206e-13,1.0000000000000002,0.0,7.999999999999986,483264.00000000006,1920,0.7511327385458173,67160,0.6473051373784394,53960,0.649315790529576,53472,0.6493904764306289,105128
960,scarcity,12011,0.2,4.0,hybrid_25,0.6485752625365957,0.0,234336,9449,945,22.68,91352,142984,3537,5912,413,1.0,2.2737367544323206e-13,1.0000000000000002,0.0,7.999999999999986,483264.00000000006,1920,0.7461840038747091,53176,0.6482153775730298,45264,0.6496025248167587,45424,0.648241573878297,90472
960,scarcity,12011,0.2,4.0,signal_only,0.634397496772313,0.0,196808,8123,232,5.5680000000000005,0,196808,0,8123,430,1.0,2.2737367544323206e-13,1.0000000000000002,0.0,7.999999999999986,483264.00000000006,1920,0.7371572086010428,41808,0.6362134537991534,38008,0.6336762425360531,39544,0.6338501453770228,77448
960,scarcity,12012,0.2,1.0,fixed,0.6339722644229765,0.0,0,0,0,0.0,0,0,0,0,406,1.0,1.7053025658242404e-13,0.9971651367492461,0.0,-1.0,138096.0,1920,0.7357801551474937,0,0.6360294050151845,0,0.6336250989536245,0,0.6331172768615485,0
960,scarcity,12012,0.2,1.0,pulse_only,0.649180787956458,0.0,91216,3587,641,15.384,91216,0,3587,0,433,1.0,1.7053025658242404e-13,1.0000000000000002,0.0,31.999999999999986,138096.0,1920,0.7608591430735667,24832,0.6523021471601085,17192,0.6493607527749578,16256,0.6475301259453831,32936
960,scarcity,12012,0.2,1.0,hybrid_75,0.6494104252561701,0.0,78392,3100,499,11.976,68288,10104,2680,420,421,1.0,2.2737367544323206e-13,1.0000000000000002,0.0,23.999999999999986,138096.0,1920,0.7575963824708062,18784,0.6537179476343551,12648,0.6489177959118803,17040,0.6475029787392224,29920
960,scarcity,12012,0.2,1.0,hybrid_50,0.6488271225384158,0.0,72448,2891,383,9.192,45816,26632,1791,1100,419,1.0,2.2737367544323206e-13,1.0000000000000002,0.0,23.999999999999986,138096.0,1920,0.7540322871603856,18048,0.6546294080000993,13112,0.6463455903787623,14928,0.647166745887401,26360
960,scarcity,12012,0.2,1.0,hybrid_25,0.6474091143534945,0.0,69376,2789,305,7.32,22792,46584,889,1900,434,1.0,1.1368683772161603e-13,1.0000000000000004,0.0,23.999999999999986,138096.0,1920,0.7544855760791759,16488,0.6492202920866377,13864,0.6465796802135734,13384,0.6469182425568832,25640
960,scarcity,12012,0.2,1.0,signal_only,0.6405573560433211,0.0,73456,3002,176,4.224,0,73456,0,3002,453,1.0,1.7053025658242404e-13,1.0000000000000002,0.0,23.999999999999986,138096.0,1920,0.7531125508564732,18472,0.6445315338983114,14264,0.6396304232723832,12168,0.639033733501295,28552
960,scarcity,12012,0.2,4.0,fixed,0.6339722644229765,0.0,0,0,0,0.0,0,0,0,0,406,1.0,1.7053025658242404e-13,0.9971651367492461,0.0,-1.0,483264.00000000006,1920,0.7357801551474937,0,0.6360294050151845,0,0.6336250989536245,0,0.6331172768615485,0
960,scarcity,12012,0.2,4.0,pulse_only,0.6484502662558017,0.0,359128,14387,1730,41.52,359128,0,14387,0,429,1.0,1.1368683772161603e-13,1.0000000000000002,0.0,7.999999999999986,483264.00000000006,1920,0.7677286706979647,95896,0.6515187367133091,66128,0.6477160216755484,66000,0.6472831533171748,131104
960,scarcity,12012,0.2,4.0,hybrid_75,0.6487594423592841,0.0,315464,12685,1378,33.072,263368,52096,10520,2165,445,1.0,1.1368683772161603e-13,1.0000000000000002,0.0,7.999999999999986,483264.00000000006,1920,0.7686415688028104,77512,0.6510657415243957,59752,0.6470015375093139,60376,0.6484852452017134,117824
960,scarcity,12012,0.2,4.0,hybrid_50,0.6490022680064834,0.0,277016,11191,1054,25.296,178168,98848,7091,4100,434,1.0,1.7053025658242404e-13,1.0000000000000002,0.0,7.999999999999986,483264.00000000006,1920,0.7671325530725472,66552,0.6534510259507637,53544,0.6487298160952163,53024,0.646914114989977,103896
960,scarcity,12012,0.2,4.0,hybrid_25,0.649008828484532,0.0,239568,9772,630,15.120000000000001,89208,150360,3530,6242,451,1.0,1.1368683772161603e-13,1.0000000000000002,0.0,7.999999999999986,483264.00000000006,1920,0.7642730956749955,52704,0.6530269605755477,46816,0.649422039527625,46896,0.6467931569174776,93152
960,scarcity,12012,0.2,4.0,signal_only,0.6410627279392731,0.0,202008,8358,177,4.248,0,202008,0,8358,449,1.0,1.7053025658242404e-13,1.0000000000000002,0.0,7.999999999999986,483264.00000000006,1920,0.7542313861629555,40640,0.6454238651040074,40080,0.6403068654714391,41224,0.639260090590823,80064
960,scarcity,12013,0.2,1.0,fixed,0.637149664499925,0.0,0,0,0,0.0,0,0,0,0,391,1.0,2.2737367544323206e-13,0.9350422335200939,0.0,-1.0,138096.0,1920,0.7353516849826685,0,0.6377170247746067,0,0.6370765065536135,0,0.6369025633357401,0
960,scarcity,12013,0.2,1.0,pulse_only,0.6506641611682843,0.0,91720,3590,695,16.68,91720,0,3590,0,414,1.0,1.1368683772161603e-13,1.0000000000000002,0.0,31.999999999999986,138096.0,1920,0.7575170496311812,24168,0.6553290739717436,17176,0.6516824579849966,16800,0.6478225563581986,33576
960,scarcity,12013,0.2,1.0,hybrid_75,0.6515157892045054,0.0,79024,3101,575,13.8,68832,10192,2681,420,404,1.0,1.1368683772161603e-13,1.0000000000000002,0.0,23.999999999999986,138096.0,1920,0.7549841098808383,18768,0.6556155845828777,12464,0.6499341530467647,17064,0.6502567095941897,30728
960,scarcity,12013,0.2,1.0,hybrid_50,0.6514037212846316,0.0,70944,2827,387,9.288,45736,25208,1784,1043,400,1.0,2.2737367544323206e-13,1.0000000000000002,0.0,23.999999999999986,138096.0,1920,0.753925058718424,17184,0.6559539106228683,13096,0.6503917410213008,14312,0.6496346167471784,26352
960,scarcity,12013,0.2,1.0,hybrid_25,0.651169400227939,0.0,69112,2771,326,7.824,22104,47008,863,1908,426,1.0,2.2737367544323206e-13,1.0000000000000002,0.0,23.999999999999986,138096.0,1920,0.7532024588698447,16216,0.6547875976140308,13784,0.650618010753617,13928,0.6496359962720539,25184
960,scarcity,12013,0.2,1.0,signal_only,0.6473071399778827,0.0,70944,2896,180,4.32,0,70944,0,2896,440,1.0,2.2737367544323206e-13,1.0000000000000002,0.0,23.999999999999986,138096.0,1920,0.7556369447686506,17824,0.6506834807512729,13264,0.6473499479724122,12120,0.645597565593923,27736
960,scarcity,12013,0.2,4.0,fixed,0.637149664499925,0.0,0,0,0,0.0,0,0,0,0,391,1.0,2.2737367544323206e-13,0.9350422335200939,0.0,-1.0,483264.00000000006,1920,0.7353516849826685,0,0.6377170247746067,0,0.6370765065536135,0,0.6369025633357401,0
960,scarcity,12013,0.2,4.0,pulse_only,0.6505554216656427,0.0,358688,14390,1666,39.984,358688,0,14390,0,422,1.0,1.1368683772161603e-13,1.0000000000000002,0.0,7.999999999999986,483264.00000000006,1920,0.7660909340090875,96216,0.6538265567627877,66288,0.6505872050515348,65624,0.648903962424124,130560
960,scarcity,12013,0.2,4.0,hybrid_75,0.6510681082835804,0.0,313120,12590,1370,32.88,262752,50368,10497,2093,427,1.0,1.1368683772161603e-13,1.0000000000000002,0.0,7.999999999999986,483264.00000000006,1920,0.7644359450204875,77760,0.6554010292069221,60120,0.6518709161552029,59456,0.6485002438860982,115784
960,scarcity,12013,0.2,4.0,hybrid_50,0.6511627960989894,0.0,273672,11062,1023,24.552,177872,95800,7086,3976,427,1.0,2.2737367544323206e-13,1.0000000000000002,0.0,7.999999999999986,483264.00000000006,1920,0.7648069565660658,65816,0.654149937046789,52784,0.651268466401266,52296,0.6496163904739513,102776
960,scarcity,12013,0.2,4.0,hybrid_25,0.6505844578944543,0.0,232832,9474,682,16.368000000000002,89912,142920,3545,5929,428,1.0,1.1368683772161603e-13,1.0000000000000002,0.0,7.999999999999986,483264.00000000006,1920,0.7620672024179741,51256,0.6541132984600254,45432,0.6509896344146983,45040,0.6486174493515467,91104
960,scarcity,12013,0.2,4.0,signal_only,0.6472229110074754,0.0,199952,8257,223,5.352,0,199952,0,8257,444,1.0,2.2737367544323206e-13,1.0000000000000002,0.0,7.999999999999986,483264.00000000006,1920,0.7562830104716635,40616,0.6512692592307455,38600,0.6466101509764992,40000,0.6455061169113283,80736
960,scarcity,12014,0.2,1.0,fixed,0.6364069039566238,0.0,0,0,0,0.0,0,0,0,0,402,1.0,2.2737367544323206e-13,0.9287418945196327,0.0,-1.0,138096.0,1920,0.7339969027973273,0,0.6366395614885174,0,0.6364033382161012,0,0.6362923580609384,0
960,scarcity,12014,0.2,1.0,pulse_only,0.6506570241757532,0.0,91088,3582,640,15.36,91088,0,3582,0,432,1.0,2.2737367544323206e-13,1.0000000000000002,0.0,31.999999999999986,138096.0,1920,0.7611766039999817,24648,0.6554820057356746,17248,0.65062577556902,16216,0.6482601576991591,32976
960,scarcity,12014,0.2,1.0,hybrid_75,0.6517037078618866,0.0,79128,3116,543,13.032,68664,10464,2682,434,427,1.0,2.2737367544323206e-13,1.0000000000000002,0.0,23.999999999999986,138096.0,1920,0.7591132163382953,18440,0.656754564887624,13176,0.6526417789732804,17248,0.648709243793321,30264
960,scarcity,12014,0.2,1.0,hybrid_50,0.6524933987780862,0.0,73264,2914,416,9.984,45864,27400,1785,1129,427,1.0,1.1368683772161603e-13,1.0000000000000002,0.0,23.999999999999986,138096.0,1920,0.7569960772376103,18224,0.6586584911547867,13008,0.6512769377651845,15352,0.650019083096187,26680
960,scarcity,12014,0.2,1.0,hybrid_25,0.6502269274967668,0.0,72256,2894,350,8.4,22696,49560,877,2017,454,1.0,2.2737367544323206e-13,1.0000000000000002,0.0,23.999999999999986,138096.0,1920,0.7542677742720997,16912,0.654555562524662,14472,0.6494718231321575,14320,0.648440162165124,26552
960,scarcity,12014,0.2,1.0,signal_only,0.646270739996388,0.0,75216,3072,186,4.464,0,75216,0,3072,458,1.0,2.2737367544323206e-13,1.0000000000000002,0.0,23.999999999999986,138096.0,1920,0.7539931677129682,19000,0.650863569048427,14472,0.6453195243773978,12472,0.6444499332798637,29272
960,scarcity,12014,0.2,4.0,fixed,0.6364069039566238,0.0,0,0,0,0.0,0,0,0,0,402,1.0,2.2737367544323206e-13,0.9287418945196327,0.0,-1.0,483264.00000000006,1920,0.7339969027973273,0,0.6366395614885174,0,0.6364033382161012,0,0.6362923580609384,0
960,scarcity,12014,0.2,4.0,pulse_only,0.6501103089329606,0.0,358176,14382,1626,39.024,358176,0,14382,0,435,1.0,2.2737367544323206e-13,1.0000000000000002,0.0,7.999999999999986,483264.00000000006,1920,0.7723262097386401,95968,0.6520104549583283,66040,0.6501190124483689,65688,0.6491558841625727,130480
960,scarcity,12014,0.2,4.0,hybrid_75,0.6509404878374774,0.0,313664,12635,1303,31.272000000000002,262392,51272,10502,2133,435,1.0,2.2737367544323206e-13,1.0000000000000002,0.0,7.999999999999986,483264.00000000006,1920,0.7725012847582319,77640,0.6546692198326967,59328,0.6505596503066944,59920,0.6492665406052593,116776
960,scarcity,12014,0.2,4.0,hybrid_50,0.6507624437122463,0.0,275536,11140,1022,24.528000000000002,177576,97960,7076,4064,426,1.0,2.2737367544323206e-13,1.0000000000000002,0.0,7.999999999999986,483264.00000000006,1920,0.7690851879924424,66088,0.6551626040964608,52960,0.6504118384823282,52528,0.6487376661350982,103960
960,scarcity,12014,0.2,4.0,hybrid_25,0.6508063720970054,0.0,241496,9837,676,16.224,89504,151992,3535,6302,452,1.0,2.2737367544323206e-13,1.0000000000000002,0.0,7.999999999999986,483264.00000000006,1920,0.7655463202454381,53552,0.6537038780065719,47016,0.6506435045754894,47104,0.6494390529029801,93824
960,scarcity,12014,0.2,4.0,signal_only,0.6463504688095271,0.0,207496,8582,191,4.5840000000000005,0,207496,0,8582,464,1.0,2.2737367544323206e-13,1.0000000000000002,0.0,7.999999999999986,483264.00000000006,1920,0.756040186977855,41752,0.6504618453460194,41208,0.6457049374613635,42048,0.6446175462153626,82488
960,scarcity,12015,0.2,1.0,fixed,0.6283108204002091,0.0,0,0,0,0.0,0,0,0,0,398,1.0,2.2737367544323206e-13,0.8922669717467758,0.0,-1.0,138096.0,1920,0.7251243280472097,0,0.6296040700420164,0,0.6281285774557236,0,0.6277553170515484,0
960,scarcity,12015,0.2,1.0,pulse_only,0.6484663997898039,0.0,91728,3577,735,17.64,91728,0,3577,0,426,1.0,2.2737367544323206e-13,1.0000000000000002,0.0,31.999999999999986,138096.0,1920,0.755107361334224,24424,0.6531916282317672,17008,0.647954280278945,16864,0.6463598453242517,33432
960,scarcity,12015,0.2,1.0,hybrid_75,0.647319418299018,0.0,78712,3085,584,14.016,68504,10208,2662,423,407,1.0,2.2737367544323206e-13,1.0000000000000002,0.0,23.999999999999986,138096.0,1920,0.7504220519100472,18448,0.6497812967903265,12560,0.6474125399267467,17488,0.6460419182394993,30216
960,scarcity,12015,0.2,1.0,hybrid_50,0.649895697388402,0.0,73184,2899,451,10.824,45784,27400,1774,1125,413,1.0,2.2737367544323206e-13,1.0000000000000002,0.0,23.999999999999986,138096.0,1920,0.7523070182732877,18136,0.6566318766511272,12824,0.6479530457809888,15056,0.6474989335607465,27168
960,scarcity,12015,0.2,1.0,hybrid_25,0.6496185525167635,0.0,70736,2832,346,8.304,22624,48112,872,1960,437,1.0,2.2737367544323206e-13,1.0000000000000002,0.0,23.999999999999986,138096.0,1920,0.7486983344990493,16432,0.6529093262503688,14408,0.6507833163567172,13216,0.6473907837299842,26680
960,scarcity,12015,0.2,1.0,signal_only,0.6418164414395323,0.0,72432,2952,198,4.752,0,72432,0,2952,441,1.0,2.2737367544323206e-13,1.0000000000000002,0.0,23.999999999999986,138096.0,1920,0.7485469418291488,19032,0.6445374653894765,13160,0.6421915487987739,12048,0.6402683757849393,28192
960,scarcity,12015,0.2,4.0,fixed,0.6283108204002091,0.0,0,0,0,0.0,0,0,0,0,398,1.0,2.2737367544323206e-13,0.8922669717467758,0.0,-1.0,483264.00000000006,1920,0.7251243280472097,0,0.6296040700420164,0,0.6281285774557236,0,0.6277553170515484,0
960,scarcity,12015,0.2,4.0,pulse_only,0.6484241687814651,0.0,360168,14377,1890,45.36,360168,0,14377,0,422,1.0,2.2737367544323206e-13,1.0000000000000002,0.0,7.999999999999986,483264.00000000006,1920,0.7658751157786347,95912,0.6502259367519716,66208,0.6491618541301897,66328,0.6471544421218497,131720
960,scarcity,12015,0.2,4.0,hybrid_75,0.6488297532698598,0.0,314096,12589,1495,35.88,263800,50296,10499,2090,424,1.0,2.2737367544323206e-13,1.0000000000000002,0.0,7.999999999999986,483264.00000000006,1920,0.7660381155099418,76632,0.6526710460300347,60544,0.6469155763147383,60048,0.6478661953673331,116872
960,scarcity,12015,0.2,4.0,hybrid_50,0.649523264045199,0.0,276904,11164,1121,26.904,178456,98448,7082,4082,431,1.0,2.2737367544323206e-13,1.0000000000000002,0.0,7.999999999999986,483264.00000000006,1920,0.7636855640119048,66784,0.6521919899899442,53632,0.649634133039702,52624,0.6481334665755749,103864
960,scarcity,12015,0.2,4.0,hybrid_25,0.6491025373238272,0.0,238512,9694,732,17.568,89592,148920,3525,6169,443,1.0,2.2737367544323206e-13,1.0000000000000002,0.0,7.999999999999986,483264.00000000006,1920,0.7598418400323037,52992,0.6532164622330107,46632,0.6488479506146427,46368,0.6471728682238276,92520
960,scarcity,12015,0.2,4.0,signal_only,0.641899385699961,0.0,202744,8380,203,4.872,0,202744,0,8380,447,1.0,2.2737367544323206e-13,1.0000000000000002,0.0,7.999999999999986,483264.00000000006,1920,0.7501193115695547,41920,0.6451238935346568,39960,0.6416299824011419,40416,0.6404218334320227,80448
960,scarcity,12016,0.2,1.0,fixed,0.6265096437248018,0.0,0,0,0,0.0,0,0,0,0,405,1.0,2.2737367544323206e-13,0.9061966084804655,0.0,-1.0,138096.0,1920,0.7334207975683555,0,0.6278110739031693,0,0.6261382307680033,0,0.6260446351140172,0
960,scarcity,12016,0.2,1.0,pulse_only,0.637944668940055,0.0,91088,3587,625,15.0,91088,0,3587,0,429,1.0,2.2737367544323206e-13,1.0000000000000002,0.0,31.999999999999986,138096.0,1920,0.7521857149488446,24952,0.63810160925826,17056,0.6380595553629046,16192,0.6378087555695275,32888
960,scarcity,12016,0.2,1.0,hybrid_75,0.6372795534574709,0.0,78784,3120,488,11.712,68656,10128,2698,422,422,1.0,2.2737367544323206e-13,1.0000000000000002,0.0,23.999999999999986,138096.0,1920,0.7527836548474568,18488,0.63826935500358,12712,0.6361624386409672,17472,0.6373432100926681,30112
960,scarcity,12016,0.2,1.0,hybrid_50,0.6369253356508163,0.0,73872,2951,381,9.144,46192,27680,1809,1142,433,1.0,2.2737367544323206e-13,1.0000000000000002,0.0,23.999999999999986,138096.0,1920,0.7509745757836542,18640,0.638568341642937,13120,0.6360960291368478,15064,0.6365184859117403,27048
960,scarcity,12016,0.2,1.0,hybrid_25,0.635689973242838,0.0,71312,2876,286,6.864,23152,48160,906,1970,448,1.0,2.2737367544323206e-13,1.0000000000000002,0.0,23.999999999999986,138096.0,1920,0.7519198535336585,17440,0.636310390871903,13848,0.6357390675802236,13496,0.6353552172596126,26528
960,scarcity,12016,0.2,1.0,signal_only,0.6341557423564933,0.0,74200,3032,179,4.296,0,74200,0,3032,457,1.0,2.2737367544323206e-13,1.0,0.0,23.999999999999986,138096.0,1920,0.7486316224269157,18880,0.6354298675587697,14744,0.6343125692227478,12248,0.633440266322228,28328
960,scarcity,12016,0.2,4.0,fixed,0.6265096437248018,0.0,0,0,0,0.0,0,0,0,0,405,1.0,2.2737367544323206e-13,0.9061966084804655,0.0,-1.0,483264.00000000006,1920,0.7334207975683555,0,0.6278110739031693,0,0.6261382307680033,0,0.6260446351140172,0
960,scarcity,12016,0.2,4.0,pulse_only,0.6389733929031657,0.0,359776,14387,1811,43.464,359776,0,14387,0,429,1.0,1.1368683772161603e-13,1.0000000000000002,0.0,7.999999999999986,483264.00000000006,1920,0.7570268533718851,95040,0.6388303987829392,66584,0.6383627174728288,66400,0.6393502276784474,131752
960,scarcity,12016,0.2,4.0,hybrid_75,0.6379265173212034,0.0,315896,12670,1477,35.448,263560,52336,10491,2179,440,1.0,1.1368683772161603e-13,1.0000000000000002,0.0,7.999999999999986,483264.00000000006,1920,0.7565811155226753,77192,0.6372684168182243,60240,0.6373003849217164,60632,0.6385686337724364,117832
960,scarcity,12016,0.2,4.0,hybrid_50,0.6373380453403823,0.0,278784,11263,1059,25.416,178752,100032,7106,4157,440,1.0,2.2737367544323206e-13,1.0000000000000002,0.0,7.999999999999986,483264.00000000006,1920,0.7564775779470967,66776,0.6374118933472366,53488,0.6365251960254401,52920,0.6377075459944265,105600
960,scarcity,12016,0.2,4.0,hybrid_25,0.6383664333851524,0.0,237200,9675,625,15.0,89616,147584,3545,6130,432,1.0,2.2737367544323206e-13,1.0000000000000002,0.0,7.999999999999986,483264.00000000006,1920,0.7539380086620854,53320,0.6379282089031237,46240,0.6384635514173056,45880,0.6385369866100903,91760
960,scarcity,12016,0.2,4.0,signal_only,0.6335791965385987,0.0,207384,8583,174,4.176,0,207384,0,8583,458,1.0,2.2737367544323206e-13,1.0,0.0,7.999999999999986,483264.00000000006,1920,0.7502357265955167,42528,0.6349343091492422,40688,0.6332609664787793,41488,0.6330607552631867,82680
960,scarcity,12017,0.2,1.0,fixed,0.627525341038489,0.0,0,0,0,0.0,0,0,0,0,396,1.0,2.2737367544323206e-13,0.9317185297729931,0.0,-1.0,138096.0,1920,0.7230063868266788,0,0.6277952392641929,0,0.6273367611796224,0,0.6274846818550704,0
960,scarcity,12017,0.2,1.0,pulse_only,0.646799648805357,0.0,92016,3572,786,18.864,92016,0,3572,0,402,1.0,2.2737367544323206e-13,1.0000000000000002,0.0,31.999999999999986,138096.0,1920,0.7464932647022461,24528,0.6477728416926458,17160,0.6460521295513757,16864,0.6466868119887033,33464
960,scarcity,12017,0.2,1.0,hybrid_75,0.6466436028682518,0.0,79072,3083,635,15.24,69080,9992,2669,414,404,1.0,2.2737367544323206e-13,1.0000000000000002,0.0,23.999999999999986,138096.0,1920,0.7452825482567227,18232,0.648148454774961,13248,0.6474629712844283,17240,0.6454814927068092,30352
960,scarcity,12017,0.2,1.0,hybrid_50,0.6462079850750615,0.0,72128,2854,454,10.896,46224,25904,1784,1070,404,1.0,2.2737367544323206e-13,1.0000000000000002,0.0,23.999999999999986,138096.0,1920,0.7432825725726647,17568,0.6486226642042952,13344,0.6450384724499214,14768,0.6455854018230146,26448
960,scarcity,12017,0.2,1.0,hybrid_25,0.6445929893525354,0.0,67888,2722,320,7.68,22648,45240,875,1847,411,1.0,2.2737367544323206e-13,1.0000000000000002,0.0,23.999999999999986,138096.0,1920,0.7428723124373502,16232,0.6467397574630597,13640,0.6446697498759959,12936,0.643481225035543,25080
960,scarcity,12017,0.2,1.0,signal_only,0.6378680622283663,0.0,70016,2860,172,4.128,0,70016,0,2860,427,1.0,2.2737367544323206e-13,1.0000000000000002,0.0,23.999999999999986,138096.0,1920,0.7434444093310164,18240,0.6388444570583502,13464,0.6372706458612754,11616,0.63767857299692,26696
960,scarcity,12017,0.2,4.0,fixed,0.627525341038489,0.0,0,0,0,0.0,0,0,0,0,396,1.0,2.2737367544323206e-13,0.9317185297729931,0.0,-1.0,483264.00000000006,1920,0.7230063868266788,0,0.6277952392641929,0,0.6273367611796224,0,0.6274846818550704,0
960,scarcity,12017,0.2,4.0,pulse_only,0.6484779529513612,0.0,363552,14372,2328,55.872,363552,0,14372,0,428,1.0,1.7053025658242404e-13,1.0000000000000002,0.0,7.999999999999986,483264.00000000006,1920,0.7562602468894435,96256,0.6517063715537416,67256,0.6477475270518256,67224,0.6472289565999391,132816
960,scarcity,12017,0.2,4.0,hybrid_75,0.6482420149195369,0.0,316168,12539,1904,45.696,267264,48904,10504,2035,415,1.0,2.2737367544323206e-13,1.0000000000000002,0.0,7.999999999999986,483264.00000000006,1920,0.7565069656879144,77080,0.6518151633248862,59864,0.6475977091486453,60728,0.6467775936023082,118496
960,scarcity,12017,0.2,4.0,hybrid_50,0.6470726673673205,0.0,276176,11060,1342,32.208,180432,95744,7086,3974,418,1.0,2.2737367544323206e-13,1.0000000000000002,0.0,7.999999999999986,483264.00000000006,1920,0.7548273233399423,66400,0.6484576723238363,52880,0.6476094219835558,52560,0.6461117875809451,104336
960,scarcity,12017,0.2,4.0,hybrid_25,0.6483113869251701,0.0,233000,9438,811,19.464,90504,142496,3530,5908,417,1.0,2.2737367544323206e-13,1.0000000000000002,0.0,7.999999999999986,483264.00000000006,1920,0.7505188935326097,52952,0.6512254760254831,44176,0.6476046291371896,45376,0.6472077212690042,90496
960,scarcity,12017,0.2,4.0,signal_only,0.6383866514601186,0.0,195656,8090,187,4.488,0,195656,0,8090,427,1.0,2.2737367544323206e-13,1.0000000000000002,0.0,7.999999999999986,483264.00000000006,1920,0.7448168738308251,41640,0.6390645897041626,37856,0.6377045928231941,38920,0.6383887116565589,77240
960,scarcity,12018,0.2,1.0,fixed,0.6308026887563322,0.0,0,0,0,0.0,0,0,0,0,404,1.0,2.2737367544323206e-13,0.9313537279870994,0.0,-1.0,138096.0,1920,0.728788493791378,0,0.6330532888678031,0,0.6300690723152245,0,0.6300441969211507,0
960,scarcity,12018,0.2,1.0,pulse_only,0.6479701973334983,0.0,91792,3580,734,17.616,91792,0,3580,0,427,1.0,1.1368683772161603e-13,1.0000000000000002,0.0,31.999999999999986,138096.0,1920,0.7535000228280205,24480,0.6526329138577445,17464,0.646812129172391,16496,0.6462178731519287,33352
960,scarcity,12018,0.2,1.0,hybrid_75,0.6474071207569814,0.0,79240,3104,593,14.232000000000001,69232,10008,2689,415,412,1.0,2.2737367544323206e-13,1.0000000000000002,0.0,23.999999999999986,138096.0,1920,0.752943753812921,18576,0.6522733064044917,13264,0.6466961784451184,16488,0.6453294990891578,30912
960,scarcity,12018,0.2,1.0,hybrid_50,0.6471905638405469,0.0,73432,2910,449,10.776,46744,26688,1810,1100,424,1.0,2.2737367544323206e-13,1.0000000000000002,0.0,23.999999999999986,138096.0,1920,0.7485113286514488,18344,0.6532443353164671,13040,0.6450109937014125,15504,0.645253463172154,26544
960,scarcity,12018,0.2,1.0,hybrid_25,0.6468413991842683,0.0,69152,2776,316,7.5840000000000005,22480,46672,870,1906,432,1.0,2.2737367544323206e-13,1.0000000000000002,0.0,23.999999999999986,138096.0,1920,0.7492789715564315,16264,0.64947117845595,14560,0.6462261842035595,13224,0.6458341170387818,25104
960,scarcity,12018,0.2,1.0,signal_only,0.6402304542940039,0.0,71360,2919,163,3.912,0,71360,0,2919,438,1.0,2.2737367544323206e-13,1.0000000000000002,0.0,23.999999999999986,138096.0,1920,0.7480269083315837,18240,0.6425262222812158,13360,0.6406192058438793,12040,0.6388881945254604,27720
960,scarcity,12018,0.2,4.0,fixed,0.6308026887563322,0.0,0,0,0,0.0,0,0,0,0,404,1.0,2.2737367544323206e-13,0.9313537279870994,0.0,-1.0,483264.00000000006,1920,0.728788493791378,0,0.6330532888678031,0,0.6300690723152245,0,0.6300441969211507,0
960,scarcity,12018,0.2,4.0,pulse_only,0.6488586828448739,0.0,360536,14380,1927,46.248,360536,0,14380,0,412,1.0,1.1368683772161603e-13,1.0000000000000002,0.0,7.999999999999986,483264.00000000006,1920,0.7608887653261563,95936,0.6526207955690003,66952,0.6488004865209669,66448,0.6470067246447642,131200
960,scarcity,12018,0.2,4.0,hybrid_75,0.6471233230487082,0.0,314680,12590,1565,37.56,264816,49864,10517,2073,423,1.0,2.2737367544323206e-13,1.0000000000000002,0.0,7.999999999999986,483264.00000000006,1920,0.7601993353747896,77552,0.6510205640946338,59840,0.6456999029507698,60088,0.6458864125747145,117200
960,scarcity,12018,0.2,4.0,hybrid_50,0.6495606937371456,0.0,276464,11137,1147,27.528000000000002,178472,97992,7077,4060,426,1.0,1.1368683772161603e-13,1.0000000000000002,0.0,7.999999999999986,483264.00000000006,1920,0.7594355120434436,67048,0.6542138816262422,53184,0.6487047480492104,52448,0.6476620726365647,103784
960,scarcity,12018,0.2,4.0,hybrid_25,0.6482119459756917,0.0,237720,9661,732,17.568,90072,147648,3532,6129,436,1.0,1.1368683772161603e-13,1.0000000000000002,0.0,7.999999999999986,483264.00000000006,1920,0.7574267025064746,52016,0.6512424220530196,46352,0.6478481822173738,47016,0.6468785898161864,92336
960,scarcity,12018,0.2,4.0,signal_only,0.6400928201585727,0.0,197104,8153,179,4.296,0,197104,0,8153,436,1.0,2.2737367544323206e-13,1.0000000000000002,0.0,7.999999999999986,483264.00000000006,1920,0.7496173761551105,39712,0.6433985044004605,39256,0.6390877483915577,40680,0.6389425139211365,77456
960,scarcity,12019,0.2,1.0,fixed,0.6220593990534751,0.0,0,0,0,0.0,0,0,0,0,409,1.0,2.2737367544323206e-13,1.0000000000000002,0.0,-1.0,138096.0,1920,0.7120345984796869,0,0.6218791377033095,0,0.6218804032851211,0,0.6222390276127349,0
960,scarcity,12019,0.2,1.0,pulse_only,0.6525241246433473,0.0,93032,3583,880,21.12,93032,0,3583,0,400,1.0,2.2737367544323206e-13,1.0000000000000002,0.0,31.999999999999986,138096.0,1920,0.7403602989228628,24336,0.6571751649131301,17600,0.6524463078584499,17064,0.650237512900905,34032
960,scarcity,12019,0.2,1.0,hybrid_75,0.6517614026990994,0.0,79728,3080,726,17.424,69632,10096,2666,414,395,1.0,2.2737367544323206e-13,1.0000000000000002,0.0,23.999999999999986,138096.0,1920,0.738667129939082,18712,0.6521385057598904,12864,0.652298078238565,16960,0.6513045133989713,31192
960,scarcity,12019,0.2,1.0,hybrid_50,0.648132405542402,0.0,72408,2842,525,12.6,46440,25968,1777,1065,399,1.0,2.2737367544323206e-13,1.0000000000000002,0.0,23.999999999999986,138096.0,1920,0.7344590600128407,17848,0.6496978859092302,12928,0.6452108464241525,14904,0.6488104449181129,26728
960,scarcity,12019,0.2,1.0,hybrid_25,0.6489993860887676,0.0,68488,2726,383,9.192,22704,45784,865,1861,405,1.0,2.2737367544323206e-13,1.0000000000000002,0.0,23.999999999999986,138096.0,1920,0.7332652439471312,15824,0.6471734149479971,14624,0.6494918112893241,13136,0.6496661590588747,24904
960,scarcity,12019,0.2,1.0,signal_only,0.6400286485823492,0.0,73328,2990,196,4.704,0,73328,0,2990,438,1.0,2.2737367544323206e-13,1.0000000000000002,0.0,23.999999999999986,138096.0,1920,0.7333083258126609,19424,0.6414563645533986,13792,0.6397546921491457,11464,0.639451768813426,28648
960,scarcity,12019,0.2,4.0,fixed,0.6220593990534751,0.0,0,0,0,0.0,0,0,0,0,409,1.0,2.2737367544323206e-13,1.0000000000000002,0.0,-1.0,483264.00000000006,1920,0.7120345984796869,0,0.6218791377033095,0,0.6218804032851211,0,0.6222390276127349,0
960,scarcity,12019,0.2,4.0,pulse_only,0.6521466029798697,0.0,364752,14383,2445,58.68,364752,0,14383,0,410,1.0,2.2737367544323206e-13,1.0000000000000002,0.0,7.999999999999986,483264.00000000006,1920,0.753833766840336,96904,0.6565080720363332,67744,0.653593985339733,67256,0.6492421772717062,132848
960,scarcity,12019,0.2,4.0,hybrid_75,0.6523325310312088,0.0,315608,12510,1921,46.104,267184,48424,10499,2011,408,1.0,1.7053025658242404e-13,1.0000000000000002,0.0,7.999999999999986,483264.00000000006,1920,0.7508505177918051,77400,0.6566511753323023,60904,0.6534966482815193,60032,0.6495911502555071,117272
960,scarcity,12019,0.2,4.0,hybrid_50,0.6516661525277938,0.0,273832,10937,1418,34.032000000000004,180880,92952,7087,3850,404,1.0,3.410605131648481e-13,1.0000000000000002,0.0,7.999999999999986,483264.00000000006,1920,0.7521241670859649,66312,0.6574974608862916,52312,0.6514722122778456,52088,0.648847468473519,103120
960,scarcity,12019,0.2,4.0,hybrid_25,0.6519110352211065,0.0,232136,9350,967,23.208000000000002,91560,140576,3546,5804,405,1.0,2.2737367544323206e-13,1.0000000000000002,0.0,7.999999999999986,483264.00000000006,1920,0.7466055482912505,53896,0.6548145616769704,44352,0.6523889267503667,45368,0.6502203262285445,88520
960,scarcity,12019,0.2,4.0,signal_only,0.6391069293630943,0.0,200664,8273,264,6.336,0,200664,0,8273,435,1.0,2.2737367544323206e-13,1.0000000000000002,0.0,7.999999999999986,483264.00000000006,1920,0.7366110356302772,42736,0.6411758672306048,38720,0.6384822059721975,40592,0.6383848221247875,78616
