n,scenario,seed,dt,varied,policy,service,p10,tail_deficit,final_unserved_nodes,full_final_recovery,messages,requests,swaps,resource_cost,max_mass_error,max_flow_ratio
96,quiet,21000,0.2,0,autonomous,0.8468502666174696,0.001143957289618461,0.152080655775086,12,0,0,0,0,0.0,4.263256414560601e-14,1.0000000000000002
96,quiet,21000,0.2,0,level,0.8760574152906472,0.263618557127219,0.12550154972452587,11,0,4192,171,11,1.3199999999999998,4.263256414560601e-14,1.0000000000000002
96,quiet,21000,0.2,0,persistent,0.8771660253800296,0.20745305551189422,0.12412770269800433,11,0,4104,165,18,2.16,4.263256414560601e-14,1.0000000000000002
96,quiet,21000,0.2,0,two_signals,0.8799967988165427,0.17790565586768117,0.12172158909275788,10,0,3968,159,19,2.28,4.263256414560601e-14,1.0000000000000002
96,quiet,21000,0.2,0,shuffled,0.8749154845243352,0.1745081722441505,0.12726852731119653,11,0,4432,159,77,9.24,4.263256414560601e-14,1.0000000000000002
96,quiet,21001,0.2,0,autonomous,0.8567604931121812,0.14158602858054586,0.14312774297728303,13,0,0,0,0,0.0,4.263256414560601e-14,1.0000000000000002
96,quiet,21001,0.2,0,level,0.8895481004779863,0.3697751060450451,0.11020199744990722,9,0,3528,142,15,1.7999999999999998,4.263256414560601e-14,1.0000000000000002
96,quiet,21001,0.2,0,persistent,0.8710017651695703,0.3320004947860485,0.12858657612086888,13,0,4576,187,11,1.3199999999999998,2.842170943040401e-14,1.0000000000000002
96,quiet,21001,0.2,0,two_signals,0.8710017651695703,0.3320004947860485,0.12858657612086888,13,0,4552,186,11,1.3199999999999998,2.842170943040401e-14,1.0000000000000002
96,quiet,21001,0.2,0,shuffled,0.9006082603554616,0.4575575459022932,0.09358961117302655,10,0,5008,186,68,8.16,4.263256414560601e-14,1.0000000000000002
96,quiet,21002,0.2,0,autonomous,0.8713959186340511,0.37879701134503546,0.13009088507039257,15,0,0,0,0,0.0,4.263256414560601e-14,1.0000000000000004
96,quiet,21002,0.2,0,level,0.8986096897424184,0.501932030595783,0.1041194447406385,15,0,5144,210,13,1.56,4.263256414560601e-14,1.0000000000000002
96,quiet,21002,0.2,0,persistent,0.9003396879809035,0.48297209044300327,0.10266720032328214,12,0,4064,166,10,1.2,4.263256414560601e-14,1.0000000000000002
96,quiet,21002,0.2,0,two_signals,0.9003396879809035,0.48297209044300327,0.10266720032328214,12,0,4064,166,10,1.2,4.263256414560601e-14,1.0000000000000002
96,quiet,21002,0.2,0,shuffled,0.9113399929845563,0.6214906993384638,0.0856169824171642,9,0,4272,166,36,4.32,4.263256414560601e-14,1.0000000000000002
96,quiet,21003,0.2,0,autonomous,0.9091150711750503,0.7478615076037063,0.08846342923417494,11,0,0,0,0,0.0,4.263256414560601e-14,1.0000000000000002
96,quiet,21003,0.2,0,level,0.9263001209873574,0.8917640105403362,0.07411253227238657,9,0,3344,137,7,0.84,4.263256414560601e-14,1.0000000000000002
96,quiet,21003,0.2,0,persistent,0.9338985436518361,0.9667928900860819,0.06826413683986976,7,0,2496,101,9,1.08,4.263256414560601e-14,1.0000000000000002
96,quiet,21003,0.2,0,two_signals,0.9338985436518361,0.9667928900860819,0.06826413683986976,7,0,2496,101,9,1.08,4.263256414560601e-14,1.0000000000000002
96,quiet,21003,0.2,0,shuffled,0.9424660409590561,0.9820646998149092,0.05658249464909426,6,0,2648,101,28,3.36,4.263256414560601e-14,1.0000000000000002
96,quiet,21004,0.2,0,autonomous,0.9772087005837696,1.0,0.022872670136290463,3,0,0,0,0,0.0,4.263256414560601e-14,1.0000000000000002
96,quiet,21004,0.2,0,level,0.9950834288103684,1.0,0.005676536844890112,2,0,712,28,5,0.6,4.263256414560601e-14,1.0000000000000004
96,quiet,21004,0.2,0,persistent,0.9966937865939465,1.0,0.004432948492915423,2,0,576,23,3,0.36,2.842170943040401e-14,1.0000000000000004
96,quiet,21004,0.2,0,two_signals,0.9966937865939465,1.0,0.004432948492915423,2,0,576,23,3,0.36,2.842170943040401e-14,1.0000000000000004
96,quiet,21004,0.2,0,shuffled,0.9819954475856248,1.0,0.01827975650230751,4,0,616,23,8,0.96,4.263256414560601e-14,1.0000000000000002
96,quiet,21005,0.2,0,autonomous,1.0,1.0,0.0,0,1,0,0,0,0.0,4.263256414560601e-14,1.0000000000000002
96,quiet,21005,0.2,0,level,1.0,1.0,0.0,0,1,0,0,0,0.0,4.263256414560601e-14,1.0000000000000002
96,quiet,21005,0.2,0,persistent,1.0,1.0,0.0,0,1,0,0,0,0.0,4.263256414560601e-14,1.0000000000000002
96,quiet,21005,0.2,0,two_signals,1.0,1.0,0.0,0,1,0,0,0,0.0,4.263256414560601e-14,1.0000000000000002
96,quiet,21005,0.2,0,shuffled,1.0,1.0,0.0,0,1,0,0,0,0.0,4.263256414560601e-14,1.0000000000000002
96,quiet,21006,0.2,0,autonomous,0.8621639444863256,0.1877742328422713,0.13590254689470394,15,0,0,0,0,0.0,4.263256414560601e-14,1.0000000000000002
96,quiet,21006,0.2,0,level,0.8999255824226893,0.5504367509575152,0.098420271632355,13,0,4592,188,10,1.2,4.263256414560601e-14,1.0000000000000004
96,quiet,21006,0.2,0,persistent,0.8986317610500851,0.4225104838627058,0.10092105504616355,10,0,3912,157,18,2.16,4.263256414560601e-14,1.0000000000000002
96,quiet,21006,0.2,0,two_signals,0.8988497539626409,0.46477595602802335,0.10075384792457265,10,0,3816,153,18,2.16,4.263256414560601e-14,1.0000000000000002
96,quiet,21006,0.2,0,shuffled,0.9077598231327996,0.5842450091626109,0.08916994419392321,8,0,4064,153,49,5.88,4.263256414560601e-14,1.0000000000000002
96,quiet,21007,0.2,0,autonomous,0.99956502659269,1.0,0.0,0,1,0,0,0,0.0,5.684341886080802e-14,1.0000000000000002
96,quiet,21007,0.2,0,level,1.0,1.0,0.0,0,1,32,1,1,0.12,8.526512829121202e-14,1.0000000000000002
96,quiet,21007,0.2,0,persistent,1.0,1.0,0.0,0,1,160,5,5,0.6,5.684341886080802e-14,1.0000000000000002
96,quiet,21007,0.2,0,two_signals,1.0,1.0,0.0,0,1,160,5,5,0.6,5.684341886080802e-14,1.0000000000000002
96,quiet,21007,0.2,0,shuffled,0.9995731667442472,1.0,0.0,0,1,160,5,5,0.6,5.684341886080802e-14,1.0000000000000004
96,quiet,21008,0.2,0,autonomous,0.9410337269500105,0.8801361691442265,0.058750555996738285,9,0,0,0,0,0.0,2.842170943040401e-14,1.0000000000000004
96,quiet,21008,0.2,0,level,0.9765491814636548,1.0,0.02209131957576327,3,0,1248,49,9,1.08,4.263256414560601e-14,1.0000000000000002
96,quiet,21008,0.2,0,persistent,0.9761252148394436,1.0,0.023795125588176536,3,0,1336,52,11,1.3199999999999998,2.842170943040401e-14,1.0000000000000002
96,quiet,21008,0.2,0,two_signals,0.9761252148394436,1.0,0.023795125588176536,3,0,1288,50,11,1.3199999999999998,2.842170943040401e-14,1.0000000000000002
96,quiet,21008,0.2,0,shuffled,0.9816450100766163,1.0,0.013089968886347392,3,0,1464,50,33,3.96,4.263256414560601e-14,1.0000000000000002
96,quiet,21009,0.2,0,autonomous,1.0,1.0,0.0,0,1,0,0,0,0.0,5.684341886080802e-14,0.9590032418488815
96,quiet,21009,0.2,0,level,1.0,1.0,0.0,0,1,0,0,0,0.0,5.684341886080802e-14,0.9590032418488815
96,quiet,21009,0.2,0,persistent,1.0,1.0,0.0,0,1,0,0,0,0.0,5.684341886080802e-14,0.9590032418488815
96,quiet,21009,0.2,0,two_signals,1.0,1.0,0.0,0,1,0,0,0,0.0,5.684341886080802e-14,0.9590032418488815
96,quiet,21009,0.2,0,shuffled,1.0,1.0,0.0,0,1,0,0,0,0.0,5.684341886080802e-14,0.9590032418488815
96,quiet,21010,0.2,0,autonomous,0.9291924054569376,0.7925378262579164,0.07253652613981387,12,0,0,0,0,0.0,2.842170943040401e-14,1.0000000000000002
96,quiet,21010,0.2,0,level,0.985809393920481,0.9985510474750646,0.011257480510836193,3,0,1384,54,11,1.3199999999999998,4.263256414560601e-14,1.0000000000000002
96,quiet,21010,0.2,0,persistent,0.9641838439906825,0.9660667180115852,0.03785078991054147,7,0,2232,90,9,1.08,4.263256414560601e-14,1.0000000000000002
96,quiet,21010,0.2,0,two_signals,0.9641838439906825,0.9660667180115852,0.03785078991054147,7,0,2232,90,9,1.08,4.263256414560601e-14,1.0000000000000002
96,quiet,21010,0.2,0,shuffled,0.9808906090599357,0.993509569533881,0.018872955275818448,4,0,2664,90,63,7.56,4.263256414560601e-14,1.0000000000000002
96,quiet,21011,0.2,0,autonomous,0.8839170123608829,0.23565377609781146,0.11579134867449081,10,0,0,0,0,0.0,4.263256414560601e-14,1.0000000000000002
96,quiet,21011,0.2,0,level,0.9623372720642714,1.0,0.03776298848381443,5,0,2136,86,9,1.08,4.263256414560601e-14,1.0000000000000002
96,quiet,21011,0.2,0,persistent,0.9279553068275915,0.9462058281000021,0.06918459878225902,6,0,2592,106,6,0.72,4.263256414560601e-14,1.0000000000000002
96,quiet,21011,0.2,0,two_signals,0.9279553068275915,0.9462058281000021,0.06918459878225902,6,0,2472,101,6,0.72,4.263256414560601e-14,1.0000000000000002
96,quiet,21011,0.2,0,shuffled,0.9143586711015719,0.836074225080153,0.07988760178019894,8,0,2696,101,34,4.08,5.684341886080802e-14,1.0000000000000002
96,quiet,21012,0.2,0,autonomous,0.9962937855820602,1.0,0.0028646511427982135,1,0,0,0,0,0.0,4.263256414560601e-14,0.9592112037260221
96,quiet,21012,0.2,0,level,1.0,1.0,0.0,0,1,32,1,1,0.12,4.263256414560601e-14,1.0000000000000002
96,quiet,21012,0.2,0,persistent,1.0,1.0,0.0,0,1,64,2,2,0.24,4.263256414560601e-14,0.9752540377344687
96,quiet,21012,0.2,0,two_signals,1.0,1.0,0.0,0,1,64,2,2,0.24,4.263256414560601e-14,0.9752540377344687
96,quiet,21012,0.2,0,shuffled,0.9959513825684558,1.0,0.00324998275823285,2,0,64,2,2,0.24,4.263256414560601e-14,1.0
96,quiet,21013,0.2,0,autonomous,0.868107703920564,0.19070326023830705,0.13100254420877477,16,0,0,0,0,0.0,4.263256414560601e-14,1.0000000000000002
96,quiet,21013,0.2,0,level,0.9544047566188028,0.9971955835362943,0.04604777981050123,5,0,2216,88,13,1.56,4.263256414560601e-14,1.0000000000000004
96,quiet,21013,0.2,0,persistent,0.9525926419386107,0.9029225123151845,0.04839765682002284,9,0,3656,145,22,2.6399999999999997,4.263256414560601e-14,1.0000000000000002
96,quiet,21013,0.2,0,two_signals,0.944609435513052,0.9362685374771627,0.05251914332070706,8,0,3304,130,23,2.76,4.263256414560601e-14,1.0000000000000004
96,quiet,21013,0.2,0,shuffled,0.9205025526806201,0.6567661365692264,0.08635881749773278,10,0,3824,130,88,10.559999999999999,2.842170943040401e-14,1.0000000000000002
96,quiet,21014,0.2,0,autonomous,0.7562444730684291,0.0,0.24445481222897358,27,0,0,0,0,0.0,4.263256414560601e-14,1.0000000000000002
96,quiet,21014,0.2,0,level,0.7900578169328047,0.1214992032672979,0.21036709193258207,27,0,9288,381,18,2.16,2.842170943040401e-14,1.0000000000000004
96,quiet,21014,0.2,0,persistent,0.7834246285065253,0.07704902254738152,0.21362420467683096,27,0,9608,393,22,2.6399999999999997,2.842170943040401e-14,1.0000000000000002
96,quiet,21014,0.2,0,two_signals,0.7834246285065253,0.07704902254738152,0.21362420467683096,27,0,9560,391,22,2.6399999999999997,2.842170943040401e-14,1.0000000000000002
96,quiet,21014,0.2,0,shuffled,0.8026104406605119,0.02964708441294534,0.2206169874892988,26,0,10560,391,147,17.64,2.842170943040401e-14,1.0000000000000002
96,quiet,21015,0.2,0,autonomous,0.9642510393363698,1.0,0.03570528091282532,5,0,0,0,0,0.0,4.263256414560601e-14,1.0000000000000002
96,quiet,21015,0.2,0,level,0.9732674529386307,1.0,0.02764499966936418,5,0,1424,58,4,0.48,4.263256414560601e-14,1.0000000000000002
96,quiet,21015,0.2,0,persistent,0.9794769774758418,1.0,0.022466025192486305,3,0,1032,41,6,0.72,4.263256414560601e-14,1.0000000000000002
96,quiet,21015,0.2,0,two_signals,0.9794769774758418,1.0,0.022466025192486305,3,0,960,38,6,0.72,4.263256414560601e-14,1.0000000000000002
96,quiet,21015,0.2,0,shuffled,0.967281167154651,1.0,0.03289502097222963,5,0,1040,38,16,1.92,4.263256414560601e-14,1.0000000000000004
96,quiet,21016,0.2,0,autonomous,0.9330812720323759,1.0,0.06656101537921688,7,0,0,0,0,0.0,4.263256414560601e-14,1.0000000000000002
96,quiet,21016,0.2,0,level,0.9527242061692985,0.9831086417427805,0.05008112076897875,6,0,2168,87,10,1.2,4.263256414560601e-14,1.0000000000000002
96,quiet,21016,0.2,0,persistent,0.9540695202109539,0.9662651309827858,0.048066608652340914,7,0,2248,91,8,0.96,2.842170943040401e-14,1.0000000000000002
96,quiet,21016,0.2,0,two_signals,0.9540695202109539,0.9662651309827858,0.048066608652340914,7,0,2248,91,8,0.96,2.842170943040401e-14,1.0000000000000002
96,quiet,21016,0.2,0,shuffled,0.9510626360762705,0.9984343677879624,0.0531784644115646,7,0,2632,91,56,6.72,2.842170943040401e-14,1.0000000000000002
96,quiet,21017,0.2,0,autonomous,0.9269455548653399,0.8766232386474764,0.07346938454572971,12,0,0,0,0,0.0,4.263256414560601e-14,1.0000000000000002
96,quiet,21017,0.2,0,level,0.9445315527499663,0.9779873787831614,0.05560376848302462,7,0,2424,100,3,0.36,2.842170943040401e-14,1.0000000000000002
96,quiet,21017,0.2,0,persistent,0.9448860969531961,0.9807292439827321,0.05497639257017117,7,0,2416,99,5,0.6,2.842170943040401e-14,1.0000000000000002
96,quiet,21017,0.2,0,two_signals,0.9448860969531961,0.9807292439827321,0.05497639257017117,7,0,2416,99,5,0.6,2.842170943040401e-14,1.0000000000000002
96,quiet,21017,0.2,0,shuffled,0.9504857793725293,0.9523985406284334,0.048217743669278446,8,0,2624,99,31,3.7199999999999998,4.263256414560601e-14,1.0000000000000002
96,quiet,21018,0.2,0,autonomous,0.8189650741858113,0.0,0.1825814588775968,19,0,0,0,0,0.0,4.263256414560601e-14,1.0000000000000002
96,quiet,21018,0.2,0,level,0.8393708877970163,0.031092745044931917,0.1602011727171183,20,0,7280,297,19,2.28,2.842170943040401e-14,1.0000000000000002
96,quiet,21018,0.2,0,persistent,0.8394176623943759,0.20857854418717361,0.16117611500471518,24,0,7944,327,12,1.44,2.842170943040401e-14,1.0000000000000002
96,quiet,21018,0.2,0,two_signals,0.8394176623943759,0.20857854418717361,0.16117611500471518,24,0,7944,327,12,1.44,2.842170943040401e-14,1.0000000000000002
96,quiet,21018,0.2,0,shuffled,0.8470074175844019,0.06070662066356479,0.14568030121215447,16,0,8960,327,139,16.68,2.842170943040401e-14,1.0000000000000004
96,quiet,21019,0.2,0,autonomous,0.9639556983630018,1.0,0.035764143400056625,4,0,0,0,0,0.0,4.263256414560601e-14,1.0000000000000002
96,quiet,21019,0.2,0,level,0.9688160998475368,1.0,0.030984156090890447,3,0,1112,46,1,0.12,4.263256414560601e-14,1.0000000000000002
96,quiet,21019,0.2,0,persistent,0.9687313347289886,1.0,0.03098380541688006,3,0,1112,46,1,0.12,4.263256414560601e-14,1.0000000000000002
96,quiet,21019,0.2,0,two_signals,0.9688818581431297,1.0,0.03098437962187517,3,0,1040,43,1,0.12,4.263256414560601e-14,1.0000000000000002
96,quiet,21019,0.2,0,shuffled,0.9706305820030288,1.0,0.025908512980953424,4,0,1240,43,26,3.12,4.263256414560601e-14,1.0000000000000002
96,transient,21000,0.2,0,autonomous,0.8295379314907803,0.0004130964595414057,0.15471922418748496,12,0,0,0,0,0.0,4.263256414560601e-14,1.0000000000000002
96,transient,21000,0.2,0,level,0.872658271942549,0.24041794046461634,0.10112999033305248,9,0,4704,190,18,2.16,4.263256414560601e-14,1.0000000000000002
96,transient,21000,0.2,0,persistent,0.8837570373991777,0.4023878693609422,0.08610424074422074,8,0,4384,175,23,2.76,4.263256414560601e-14,1.0000000000000002
96,transient,21000,0.2,0,two_signals,0.8845799785171249,0.610374954356255,0.08364556572286475,8,0,3816,151,24,2.88,4.263256414560601e-14,1.0000000000000002
96,transient,21000,0.2,0,shuffled,0.8737715278539806,0.22587610909870562,0.10409692059875553,8,0,4376,151,94,11.28,4.263256414560601e-14,1.0000000000000002
96,transient,21001,0.2,0,autonomous,0.8446076104284704,0.1056940823132642,0.14323492740791732,13,0,0,0,0,0.0,4.263256414560601e-14,1.0000000000000002
96,transient,21001,0.2,0,level,0.8937441815375744,0.4158108459919907,0.0894600663022016,9,0,4064,163,19,2.28,4.263256414560601e-14,1.0000000000000004
96,transient,21001,0.2,0,persistent,0.8687831377495538,0.45095277747417273,0.11154254944231956,12,0,4864,197,17,2.04,4.263256414560601e-14,1.0000000000000002
96,transient,21001,0.2,0,two_signals,0.8681602338902887,0.45127556822270903,0.10780472176347222,11,0,4552,184,17,2.04,4.263256414560601e-14,1.0000000000000002
96,transient,21001,0.2,0,shuffled,0.8955935418238901,0.44979284010821624,0.0834221638185878,10,0,5128,184,89,10.68,4.263256414560601e-14,1.0000000000000002
96,transient,21002,0.2,0,autonomous,0.8476419541716752,0.2908742936548821,0.13047162815551017,15,0,0,0,0,0.0,4.263256414560601e-14,1.0000000000000004
96,transient,21002,0.2,0,level,0.8942486730367915,0.6199469601047932,0.07934862219341221,11,0,5384,219,16,1.92,2.842170943040401e-14,1.0000000000000004
96,transient,21002,0.2,0,persistent,0.8938255109290614,0.5321797392746032,0.0853813108711966,11,0,4664,190,13,1.56,4.263256414560601e-14,1.0000000000000004
96,transient,21002,0.2,0,two_signals,0.8938255109290614,0.5321797392746032,0.0853813108711966,11,0,4208,171,13,1.56,4.263256414560601e-14,1.0000000000000004
96,transient,21002,0.2,0,shuffled,0.9052595590989982,0.7858082904994106,0.07418674279558657,10,0,4672,171,71,8.52,4.263256414560601e-14,1.0000000000000002
96,transient,21003,0.2,0,autonomous,0.8785106711022148,0.4346210429703977,0.09526958145121867,11,0,0,0,0,0.0,4.263256414560601e-14,1.0000000000000004
96,transient,21003,0.2,0,level,0.9163595038546326,0.8924072916751734,0.05709891087909058,6,0,4352,174,22,2.6399999999999997,4.263256414560601e-14,1.0000000000000002
96,transient,21003,0.2,0,persistent,0.9167002356932589,0.904456679499929,0.060580636625743645,6,0,3408,136,18,2.16,4.263256414560601e-14,1.0000000000000002
96,transient,21003,0.2,0,two_signals,0.9166452735355539,0.904456679499929,0.06147862973114504,6,0,2960,118,16,1.92,4.263256414560601e-14,1.0000000000000002
96,transient,21003,0.2,0,shuffled,0.9225376045177326,0.8796254944771621,0.048616812155183986,4,0,3368,118,67,8.04,4.263256414560601e-14,1.0000000000000002
96,transient,21004,0.2,0,autonomous,0.9569446285257901,0.9012112077917872,0.023549689236819438,3,0,0,0,0,0.0,4.263256414560601e-14,1.0000000000000002
96,transient,21004,0.2,0,level,0.9877935100888482,0.9543284929681349,0.0,0,1,1064,40,13,1.56,2.842170943040401e-14,1.0000000000000002
96,transient,21004,0.2,0,persistent,0.9833800991765478,0.9173644065929999,0.0,0,1,1048,39,14,1.68,5.684341886080802e-14,1.0000000000000004
96,transient,21004,0.2,0,two_signals,0.9829445320978238,0.9173644065929999,0.0,0,1,864,32,12,1.44,5.684341886080802e-14,1.0000000000000004
96,transient,21004,0.2,0,shuffled,0.9831479337210065,0.9220369333091684,0.0,0,1,1000,32,29,3.48,5.684341886080802e-14,1.0000000000000002
96,transient,21005,0.2,0,autonomous,0.98207430960658,0.9443145610637873,0.001154415412659926,0,0,0,0,0,0.0,4.263256414560601e-14,1.0000000000000002
96,transient,21005,0.2,0,level,0.99422627348091,0.990749253185954,0.0,0,1,680,24,13,1.56,4.263256414560601e-14,1.0000000000000002
96,transient,21005,0.2,0,persistent,0.9914998888447066,0.9618020534765749,0.0,0,1,664,24,11,1.3199999999999998,4.263256414560601e-14,1.0000000000000002
96,transient,21005,0.2,0,two_signals,0.9914343248801774,0.9618020534765749,0.0,0,1,528,19,9,1.08,4.263256414560601e-14,1.0000000000000002
96,transient,21005,0.2,0,shuffled,0.986319202984093,0.9604968556083276,0.0,0,1,568,19,14,1.68,4.263256414560601e-14,1.0000000000000002
96,transient,21006,0.2,0,autonomous,0.840654260186558,0.1589549541576023,0.13653333561768521,15,0,0,0,0,0.0,2.842170943040401e-14,1.0000000000000002
96,transient,21006,0.2,0,level,0.8861477224196482,0.48746461985354345,0.08408316679350347,12,0,5184,211,15,1.7999999999999998,4.263256414560601e-14,1.0000000000000002
96,transient,21006,0.2,0,persistent,0.8946018543034026,0.533636490539721,0.07917783744280882,9,0,4488,178,27,3.2399999999999998,2.842170943040401e-14,1.0000000000000002
96,transient,21006,0.2,0,two_signals,0.8849484905361177,0.3868076351267649,0.09678399029548579,10,0,4072,162,23,2.76,4.263256414560601e-14,1.0000000000000002
96,transient,21006,0.2,0,shuffled,0.9008568188531257,0.7276321347257487,0.07022637892394656,8,0,4480,162,74,8.879999999999999,4.263256414560601e-14,1.0000000000000002
96,transient,21007,0.2,0,autonomous,0.9899464657242378,1.0,0.0,0,1,0,0,0,0.0,5.684341886080802e-14,1.0000000000000004
96,transient,21007,0.2,0,level,0.9995952281558224,0.9986340218398289,0.0,0,1,344,11,10,1.2,8.526512829121202e-14,1.0000000000000004
96,transient,21007,0.2,0,persistent,0.9967270898358279,0.9875622558362653,0.0,0,1,560,18,16,1.92,5.684341886080802e-14,1.0000000000000002
96,transient,21007,0.2,0,two_signals,0.9967270898358279,0.9875622558362653,0.0,0,1,480,15,15,1.7999999999999998,5.684341886080802e-14,1.0000000000000002
96,transient,21007,0.2,0,shuffled,0.9915636049050431,1.0,0.0,0,1,472,15,14,1.68,5.684341886080802e-14,1.0000000000000004
96,transient,21008,0.2,0,autonomous,0.9119339452816385,0.7855560460643604,0.05981976775059783,9,0,0,0,0,0.0,2.842170943040401e-14,1.0000000000000004
96,transient,21008,0.2,0,level,0.9752832211147135,0.9436213460077033,0.0,0,1,1728,65,21,2.52,2.842170943040401e-14,1.0000000000000002
96,transient,21008,0.2,0,persistent,0.9724229920974664,0.928461288687984,0.0,0,1,1928,71,28,3.36,4.263256414560601e-14,1.0000000000000004
96,transient,21008,0.2,0,two_signals,0.9724233606670242,0.928461288687984,0.0,0,1,1536,55,27,3.2399999999999998,4.263256414560601e-14,1.0000000000000004
96,transient,21008,0.2,0,shuffled,0.9823907498774823,0.933861449785532,0.0,0,1,1672,55,44,5.279999999999999,4.263256414560601e-14,1.0000000000000002
96,transient,21009,0.2,0,autonomous,0.9945632716486076,0.9853365875979507,0.0,0,1,0,0,0,0.0,2.842170943040401e-14,1.0000000000000002
96,transient,21009,0.2,0,level,0.9970500890252454,0.9973021025299115,0.0,0,1,656,22,16,1.92,5.684341886080802e-14,1.0000000000000002
96,transient,21009,0.2,0,persistent,0.9943155850212879,0.9904537107289578,0.0,0,1,616,21,14,1.68,5.684341886080802e-14,1.0000000000000002
96,transient,21009,0.2,0,two_signals,0.9939573807737344,0.9904537107289578,0.0,0,1,512,17,13,1.56,2.842170943040401e-14,1.0000000000000002
96,transient,21009,0.2,0,shuffled,0.9956761333093025,0.9905295939790925,0.0,0,1,536,17,16,1.92,5.684341886080802e-14,1.0000000000000002
96,transient,21010,0.2,0,autonomous,0.8949862400009172,0.6932427247717341,0.07254749362905166,12,0,0,0,0,0.0,4.263256414560601e-14,1.0000000000000002
96,transient,21010,0.2,0,level,0.9734513865054593,0.9428367356566859,0.0,0,1,2608,97,35,4.2,4.263256414560601e-14,1.0000000000000002
96,transient,21010,0.2,0,persistent,0.9647805788501168,0.9042706314093386,0.004457403009368255,1,0,2536,94,35,4.2,4.263256414560601e-14,1.0000000000000004
96,transient,21010,0.2,0,two_signals,0.9621040161885894,0.9042706314093386,0.008945298225001563,2,0,2072,76,31,3.7199999999999998,4.263256414560601e-14,1.0000000000000002
96,transient,21010,0.2,0,shuffled,0.9791857839876286,0.9327259487555978,0.0,0,1,2272,76,56,6.72,5.684341886080802e-14,1.0000000000000002
96,transient,21011,0.2,0,autonomous,0.8601819077087521,0.18780167751762378,0.11580379765030036,10,0,0,0,0,0.0,4.263256414560601e-14,1.0000000000000002
96,transient,21011,0.2,0,level,0.9648191203800073,0.8925276872550439,0.006193224500280037,1,0,2640,98,36,4.32,5.684341886080802e-14,1.0000000000000002
96,transient,21011,0.2,0,persistent,0.9621901905483133,0.9150626792696609,0.0011203003324214977,1,0,2416,92,26,3.12,4.263256414560601e-14,1.0000000000000002
96,transient,21011,0.2,0,two_signals,0.9527961820590645,0.9150626792696609,0.012925904538839461,2,0,2128,82,20,2.4,4.263256414560601e-14,1.0000000000000002
96,transient,21011,0.2,0,shuffled,0.9379390050641027,0.8245393315792678,0.034839180899838396,4,0,2392,82,53,6.359999999999999,4.263256414560601e-14,1.0000000000000002
96,transient,21012,0.2,0,autonomous,0.9745310120659295,0.9417575753385696,0.003438283819265475,2,0,0,0,0,0.0,4.263256414560601e-14,1.0000000000000002
96,transient,21012,0.2,0,level,0.9943228281861838,0.994907562101112,0.0,0,1,784,27,17,2.04,5.684341886080802e-14,1.0000000000000004
96,transient,21012,0.2,0,persistent,0.9912845539197208,0.9808917095056658,0.0,0,1,896,31,19,2.28,5.684341886080802e-14,1.0000000000000004
96,transient,21012,0.2,0,two_signals,0.9912845539197208,0.9808917095056658,0.0,0,1,784,27,17,2.04,5.684341886080802e-14,1.0000000000000004
96,transient,21012,0.2,0,shuffled,0.985506175442796,0.9580442695485244,0.0,0,1,800,27,19,2.28,4.263256414560601e-14,1.0000000000000002
96,transient,21013,0.2,0,autonomous,0.8463395303249005,0.15342972915261205,0.13218224652710642,16,0,0,0,0,0.0,4.263256414560601e-14,1.0000000000000002
96,transient,21013,0.2,0,level,0.9689123130321727,0.9409754391382616,0.0,0,1,2616,97,36,4.32,2.842170943040401e-14,1.0000000000000004
96,transient,21013,0.2,0,persistent,0.9719642796941429,0.9219046082227232,0.0,0,1,3064,113,44,5.279999999999999,4.263256414560601e-14,1.0000000000000002
96,transient,21013,0.2,0,two_signals,0.9630307781558921,0.8692677137792452,0.00575522367723047,1,0,2520,92,39,4.68,2.842170943040401e-14,1.0000000000000002
96,transient,21013,0.2,0,shuffled,0.9601280707371254,0.8555621794769673,0.0,0,1,2768,92,70,8.4,4.263256414560601e-14,1.0000000000000002
96,transient,21014,0.2,0,autonomous,0.7336168853255834,0.0,0.24484433478204537,27,0,0,0,0,0.0,2.842170943040401e-14,1.0000000000000002
96,transient,21014,0.2,0,level,0.7849727860245599,0.09734778912679282,0.1850980558248405,22,0,9232,377,23,2.76,2.842170943040401e-14,1.0000000000000004
96,transient,21014,0.2,0,persistent,0.7714468978528284,0.16505898285577028,0.2019779694653273,25,0,10016,408,28,3.36,2.842170943040401e-14,1.0000000000000004
96,transient,21014,0.2,0,two_signals,0.7712219925315601,0.13928476656701938,0.2024076820901971,25,0,9640,393,26,3.12,2.842170943040401e-14,1.0000000000000002
96,transient,21014,0.2,0,shuffled,0.8100318500575052,0.11717284530382692,0.14698357229996828,15,0,10592,393,145,17.4,4.263256414560601e-14,1.0000000000000002
96,transient,21015,0.2,0,autonomous,0.9424269131783004,0.8920548331496947,0.03653722671265891,5,0,0,0,0,0.0,4.263256414560601e-14,1.0000000000000004
96,transient,21015,0.2,0,level,0.9821168686290014,0.9925984757180248,0.0,0,1,1384,52,17,2.04,5.684341886080802e-14,1.0000000000000007
96,transient,21015,0.2,0,persistent,0.9853114847646224,0.9829496305727649,0.0,0,1,1488,53,27,3.2399999999999998,5.684341886080802e-14,1.0000000000000002
96,transient,21015,0.2,0,two_signals,0.985224516553088,0.9829496305727649,0.0,0,1,1240,43,26,3.12,5.684341886080802e-14,1.0000000000000002
96,transient,21015,0.2,0,shuffled,0.9706496986265625,0.9565539910779046,0.00937040313937676,2,0,1352,43,40,4.8,4.263256414560601e-14,1.0000000000000004
96,transient,21016,0.2,0,autonomous,0.8976101523000648,0.7390562855694363,0.07190756954881028,7,0,0,0,0,0.0,4.263256414560601e-14,1.0000000000000002
96,transient,21016,0.2,0,level,0.9436898306967794,0.9084504822972183,0.03689717052206665,5,0,3064,121,20,2.4,4.263256414560601e-14,1.0000000000000002
96,transient,21016,0.2,0,persistent,0.9365793923887913,0.8842996970191884,0.039370069028918486,4,0,2952,117,18,2.16,2.842170943040401e-14,1.0000000000000002
96,transient,21016,0.2,0,two_signals,0.9356331271238756,0.883467814346892,0.04018606155203863,4,0,2408,95,16,1.92,2.842170943040401e-14,1.0000000000000002
96,transient,21016,0.2,0,shuffled,0.936042752521191,0.8777581047055685,0.04387078713410375,4,0,2664,95,48,5.76,4.263256414560601e-14,1.0000000000000002
96,transient,21017,0.2,0,autonomous,0.9129277322093643,0.8500568282007173,0.07387048833861454,12,0,0,0,0,0.0,4.263256414560601e-14,1.0000000000000002
96,transient,21017,0.2,0,level,0.9546625812394317,0.9084340309141631,0.011008460465715464,2,0,2904,116,15,1.7999999999999998,4.263256414560601e-14,1.0000000000000002
96,transient,21017,0.2,0,persistent,0.959482879497747,0.9231106714509418,0.009621911626125912,2,0,2384,94,16,1.92,4.263256414560601e-14,1.0000000000000002
96,transient,21017,0.2,0,two_signals,0.9597136802490873,0.9231106714509418,0.008843965943690302,2,0,1808,70,16,1.92,4.263256414560601e-14,1.0000000000000002
96,transient,21017,0.2,0,shuffled,0.9335146152950439,0.8771075312305666,0.053288359072511726,8,0,1936,70,32,3.84,2.842170943040401e-14,1.0000000000000002
96,transient,21018,0.2,0,autonomous,0.7973701069591602,0.0,0.182698305294681,19,0,0,0,0,0.0,4.263256414560601e-14,1.0000000000000002
96,transient,21018,0.2,0,level,0.8420942190632508,0.09633582370090202,0.13585736016633687,16,0,7376,298,28,3.36,4.263256414560601e-14,1.0000000000000002
96,transient,21018,0.2,0,persistent,0.8419806398017028,0.21087902140701983,0.13389058175709245,16,0,7288,297,20,2.4,4.263256414560601e-14,1.0000000000000004
96,transient,21018,0.2,0,two_signals,0.8401971809758427,0.20857854418717361,0.13750840156642596,18,0,7256,296,19,2.28,2.842170943040401e-14,1.0000000000000004
96,transient,21018,0.2,0,shuffled,0.8376364927925549,0.13461242135643678,0.14654099344686033,17,0,8056,296,119,14.28,2.842170943040401e-14,1.0000000000000004
96,transient,21019,0.2,0,autonomous,0.9426445089689469,0.9089765864497341,0.03670987997462527,4,0,0,0,0,0.0,4.263256414560601e-14,1.0000000000000002
96,transient,21019,0.2,0,level,0.9710746386000743,0.9614509995879906,0.0055103348591223344,2,0,1928,73,22,2.6399999999999997,4.263256414560601e-14,1.0000000000000002
96,transient,21019,0.2,0,persistent,0.9654857098138647,0.9476407563264999,0.010406526801292948,2,0,1872,72,18,2.16,4.263256414560601e-14,1.0000000000000002
96,transient,21019,0.2,0,two_signals,0.9658001863833862,0.9476348079980209,0.010332573356251817,2,0,1232,46,16,1.92,4.263256414560601e-14,1.0000000000000002
96,transient,21019,0.2,0,shuffled,0.9759178431101945,0.9581249539327643,0.0,0,1,1392,46,36,4.32,5.684341886080802e-14,1.0000000000000002
96,mixed,21000,0.2,0,autonomous,0.8029185655607138,0.0,0.16513670472621111,12,0,0,0,0,0.0,4.263256414560601e-14,1.0000000000000004
96,mixed,21000,0.2,0,level,0.8451217914318399,0.19684607639458318,0.09067660931996147,8,0,6024,242,27,3.2399999999999998,4.263256414560601e-14,1.0000000000000002
96,mixed,21000,0.2,0,persistent,0.8490531653516524,0.31359961592572827,0.09136374092862742,7,0,5840,234,28,3.36,4.263256414560601e-14,1.0000000000000002
96,mixed,21000,0.2,0,two_signals,0.8432126732406116,0.20580608066328532,0.10111223078991671,9,0,5056,201,29,3.48,2.842170943040401e-14,1.0000000000000002
96,mixed,21000,0.2,0,shuffled,0.8529115962002098,0.21578624685642034,0.09242838446531021,7,0,5760,201,117,14.04,4.263256414560601e-14,1.0000000000000002
96,mixed,21001,0.2,0,autonomous,0.8269250711851437,0.051390294156679395,0.14758078133449903,13,0,0,0,0,0.0,4.263256414560601e-14,1.0000000000000002
96,mixed,21001,0.2,0,level,0.8758699896546558,0.2949422967114404,0.08201956526547594,8,0,4656,187,21,2.52,4.263256414560601e-14,1.0000000000000002
96,mixed,21001,0.2,0,persistent,0.8479868683366127,0.29979705313934985,0.09088039113985302,11,0,5712,230,24,2.88,4.263256414560601e-14,1.0000000000000002
96,mixed,21001,0.2,0,two_signals,0.8469800623117104,0.2832535772381781,0.09462440995004484,11,0,4864,195,23,2.76,4.263256414560601e-14,1.0000000000000002
96,mixed,21001,0.2,0,shuffled,0.8716158422624014,0.39696974027426296,0.0643313787302402,7,0,5592,195,114,13.68,4.263256414560601e-14,1.0000000000000002
96,mixed,21002,0.2,0,autonomous,0.7834007694546158,0.17475688520370086,0.13756783497536262,15,0,0,0,0,0.0,5.684341886080802e-14,1.0000000000000004
96,mixed,21002,0.2,0,level,0.8551204308790428,0.48008474575312465,0.0558682191337998,9,0,6528,262,30,3.5999999999999996,2.842170943040401e-14,1.0000000000000002
96,mixed,21002,0.2,0,persistent,0.8470330536997351,0.4720642787983882,0.07646848638576931,10,0,6000,243,21,2.52,4.263256414560601e-14,1.0000000000000002
96,mixed,21002,0.2,0,two_signals,0.8470330536997351,0.4720642787983882,0.07646848638576931,10,0,5184,209,21,2.52,4.263256414560601e-14,1.0000000000000002
96,mixed,21002,0.2,0,shuffled,0.8553861845864394,0.4891198380749101,0.08279735634748464,10,0,5808,209,99,11.879999999999999,4.263256414560601e-14,1.0000000000000004
96,mixed,21003,0.2,0,autonomous,0.8344669240644144,0.23420999662835695,0.10988824200050828,12,0,0,0,0,0.0,4.263256414560601e-14,1.0000000000000002
96,mixed,21003,0.2,0,level,0.8696579939183036,0.6091887324129241,0.06263547761110466,5,0,6248,250,31,3.7199999999999998,4.263256414560601e-14,1.0000000000000002
96,mixed,21003,0.2,0,persistent,0.8708860402248116,0.6049280589934753,0.05834255471156591,5,0,5368,217,20,2.4,4.263256414560601e-14,1.0000000000000002
96,mixed,21003,0.2,0,two_signals,0.870421067771176,0.6048023559035028,0.05906895903224474,5,0,4536,183,18,2.16,4.263256414560601e-14,1.0000000000000002
96,mixed,21003,0.2,0,shuffled,0.8659516884005396,0.5532460509081505,0.08055148004687207,11,0,5072,183,85,10.2,4.263256414560601e-14,1.0000000000000002
96,mixed,21004,0.2,0,autonomous,0.9137180008713395,0.7057644236825474,0.03613164340466635,4,0,0,0,0,0.0,4.263256414560601e-14,1.0000000000000002
96,mixed,21004,0.2,0,level,0.9413666635902141,0.8338365575542748,0.005397722293067897,0,0,3072,118,30,3.5999999999999996,4.263256414560601e-14,1.0000000000000002
96,mixed,21004,0.2,0,persistent,0.9479743925462718,0.8588987859051156,0.0011844899426963762,0,1,2560,99,23,2.76,4.263256414560601e-14,1.0000000000000004
96,mixed,21004,0.2,0,two_signals,0.9479751398566261,0.8588987859051156,0.001182411588722343,0,1,2048,78,22,2.6399999999999997,4.263256414560601e-14,1.0000000000000004
96,mixed,21004,0.2,0,shuffled,0.9417937530248826,0.8514539383875602,0.003938663407622944,0,0,2320,78,56,6.72,4.263256414560601e-14,1.0000000000000002
96,mixed,21005,0.2,0,autonomous,0.9269039928742343,0.7119308094079112,0.016108822822107016,1,0,0,0,0,0.0,4.263256414560601e-14,1.0000000000000002
96,mixed,21005,0.2,0,level,0.9481776971064324,0.8271562583059661,0.00017571024868723306,0,1,3168,123,27,3.2399999999999998,4.263256414560601e-14,1.0000000000000002
96,mixed,21005,0.2,0,persistent,0.9532566399975784,0.8214543605587301,0.0,0,1,2512,99,17,2.04,4.263256414560601e-14,1.0000000000000002
96,mixed,21005,0.2,0,two_signals,0.9530385858090641,0.8214895182994713,0.0,0,1,1952,76,16,1.92,4.263256414560601e-14,1.0000000000000002
96,mixed,21005,0.2,0,shuffled,0.9552596352724292,0.8561515342731962,0.0013484300510254732,0,1,2208,76,48,5.76,4.263256414560601e-14,1.0000000000000002
96,mixed,21006,0.2,0,autonomous,0.799420103674169,0.06687756244363081,0.14802734598565426,15,0,0,0,0,0.0,4.263256414560601e-14,1.0000000000000002
96,mixed,21006,0.2,0,level,0.8527360887706397,0.3667639815404123,0.0818224457412613,12,0,6400,261,17,2.04,4.263256414560601e-14,1.0000000000000002
96,mixed,21006,0.2,0,persistent,0.8498038169377493,0.31087761243141354,0.08919642514481563,9,0,6176,248,28,3.36,4.263256414560601e-14,1.0000000000000002
96,mixed,21006,0.2,0,two_signals,0.855862497363219,0.43884447824863915,0.08841413890750482,9,0,4984,199,26,3.12,4.263256414560601e-14,1.0000000000000002
96,mixed,21006,0.2,0,shuffled,0.8485146855744999,0.3846541005359847,0.10224870007631681,8,0,5536,199,95,11.4,4.263256414560601e-14,1.0000000000000002
96,mixed,21007,0.2,0,autonomous,0.9438214412695648,0.8541077301425954,0.022346242430326124,2,0,0,0,0,0.0,2.842170943040401e-14,1.0000000000000002
96,mixed,21007,0.2,0,level,0.9722418547663418,0.9299674631922394,0.0,0,1,2176,81,29,3.48,4.263256414560601e-14,1.0000000000000002
96,mixed,21007,0.2,0,persistent,0.9727732316656561,0.9200130042705923,0.0,0,1,2256,85,27,3.2399999999999998,4.263256414560601e-14,1.0000000000000002
96,mixed,21007,0.2,0,two_signals,0.9723892502265807,0.9200130042705923,3.2018739148931274e-07,0,1,1840,69,23,2.76,4.263256414560601e-14,1.0000000000000002
96,mixed,21007,0.2,0,shuffled,0.9582833152903281,0.8309818065900952,0.000503769579692559,0,1,2096,69,55,6.6,4.263256414560601e-14,1.0000000000000004
96,mixed,21008,0.2,0,autonomous,0.8573165144766722,0.45436905179601894,0.0773157853094234,9,0,0,0,0,0.0,4.263256414560601e-14,1.0000000000000002
96,mixed,21008,0.2,0,level,0.9225059004409605,0.7680922590427661,0.007144511949792265,1,0,3704,143,34,4.08,4.263256414560601e-14,1.0000000000000002
96,mixed,21008,0.2,0,persistent,0.9182458058220735,0.7462460022240922,0.0013665979479381418,0,0,3952,152,38,4.56,2.842170943040401e-14,1.0000000000000002
96,mixed,21008,0.2,0,two_signals,0.9160995943670902,0.7459556626797316,0.00805467810714433,2,0,3016,115,32,3.84,2.842170943040401e-14,1.0000000000000002
96,mixed,21008,0.2,0,shuffled,0.9333801005420375,0.8123878574626884,0.0027887021302938075,0,0,3424,115,83,9.959999999999999,4.263256414560601e-14,1.0000000000000002
96,mixed,21009,0.2,0,autonomous,0.9557373827518513,0.8196178903643956,0.0019248168668297705,0,1,0,0,0,0.0,4.263256414560601e-14,1.0000000000000002
96,mixed,21009,0.2,0,level,0.9777066594911127,0.9322192914222023,0.0,0,1,2016,76,24,2.88,4.263256414560601e-14,1.0000000000000002
96,mixed,21009,0.2,0,persistent,0.972790167671396,0.9041355431549138,0.0,0,1,1856,70,22,2.6399999999999997,4.263256414560601e-14,1.0000000000000004
96,mixed,21009,0.2,0,two_signals,0.9714545492791832,0.8981071308923466,0.0,0,1,1328,49,19,2.28,4.263256414560601e-14,1.0000000000000004
96,mixed,21009,0.2,0,shuffled,0.9681772708343341,0.8936421845822264,0.00010434565047889865,0,1,1464,49,36,4.32,4.263256414560601e-14,1.0000000000000002
96,mixed,21010,0.2,0,autonomous,0.8239269585936957,0.3970551305247249,0.07996316668219339,12,0,0,0,0,0.0,4.263256414560601e-14,1.0000000000000002
96,mixed,21010,0.2,0,level,0.9095358878095336,0.7835051323269119,0.026455927524659306,4,0,5216,203,43,5.16,4.263256414560601e-14,1.0000000000000002
96,mixed,21010,0.2,0,persistent,0.9110552879766475,0.7947114538989422,0.013907290796721816,2,0,5424,210,48,5.76,4.263256414560601e-14,1.0000000000000002
96,mixed,21010,0.2,0,two_signals,0.9125399737545536,0.800417959365348,0.012277072060100092,2,0,4448,171,43,5.16,4.263256414560601e-14,1.0000000000000002
96,mixed,21010,0.2,0,shuffled,0.9268065314136404,0.8416060408486917,0.009936200182406596,2,0,4944,171,105,12.6,4.263256414560601e-14,1.0000000000000002
96,mixed,21011,0.2,0,autonomous,0.8255251959641802,0.07797679758860807,0.12647189019709215,11,0,0,0,0,0.0,4.263256414560601e-14,1.0000000000000002
96,mixed,21011,0.2,0,level,0.913791153517557,0.7954846297474917,0.03395004514255706,4,0,4616,180,37,4.4399999999999995,4.263256414560601e-14,1.0000000000000004
96,mixed,21011,0.2,0,persistent,0.9098527620396065,0.7871115768386354,0.018554740974369488,3,0,4096,163,23,2.76,4.263256414560601e-14,1.0000000000000002
96,mixed,21011,0.2,0,two_signals,0.9095211490788686,0.7870289567807657,0.0197422090853836,3,0,3304,131,20,2.4,4.263256414560601e-14,1.0000000000000002
96,mixed,21011,0.2,0,shuffled,0.9045354345154892,0.574609646459834,0.03870944018111688,5,0,3824,131,85,10.2,4.263256414560601e-14,1.0000000000000002
96,mixed,21012,0.2,0,autonomous,0.9143983521725513,0.678353571589679,0.023072964681148167,3,0,0,0,0,0.0,2.842170943040401e-14,1.0000000000000004
96,mixed,21012,0.2,0,level,0.9657711027268933,0.8972072342953255,0.0,0,1,2464,96,20,2.4,4.263256414560601e-14,1.0000000000000002
96,mixed,21012,0.2,0,persistent,0.9637292848895029,0.878100079177388,0.0,0,1,2320,91,17,2.04,4.263256414560601e-14,1.0000000000000002
96,mixed,21012,0.2,0,two_signals,0.9625525333807101,0.8736196950005679,0.0,0,1,1696,66,14,1.68,4.263256414560601e-14,1.0000000000000002
96,mixed,21012,0.2,0,shuffled,0.9409177629226877,0.7773822726796894,0.002851795620832265,0,1,1872,66,36,4.32,4.263256414560601e-14,1.0000000000000002
96,mixed,21013,0.2,0,autonomous,0.8079853648224501,0.08991824451488582,0.14177798220305526,16,0,0,0,0,0.0,4.263256414560601e-14,1.0000000000000002
96,mixed,21013,0.2,0,level,0.9143421411394987,0.6776246530051435,0.009147502827891785,2,0,4648,175,56,6.72,2.842170943040401e-14,1.0000000000000002
96,mixed,21013,0.2,0,persistent,0.9084395145151888,0.6700056149460769,0.002929450181667237,0,0,5416,205,62,7.4399999999999995,5.684341886080802e-14,1.0000000000000002
96,mixed,21013,0.2,0,two_signals,0.898761016513529,0.6287233864736537,0.017529799473847474,3,0,4656,174,60,7.199999999999999,2.842170943040401e-14,1.0000000000000002
96,mixed,21013,0.2,0,shuffled,0.8971609721341096,0.5874759916905611,0.001588210167914328,0,1,5152,174,122,14.639999999999999,2.842170943040401e-14,1.0000000000000002
96,mixed,21014,0.2,0,autonomous,0.6707578854970123,0.0,0.2552502844693183,28,0,0,0,0,0.0,2.842170943040401e-14,1.0000000000000004
96,mixed,21014,0.2,0,level,0.7086289404635062,0.07925375919534473,0.19349952860558783,27,0,11352,465,24,2.88,2.842170943040401e-14,1.0000000000000004
96,mixed,21014,0.2,0,persistent,0.7082669158168331,0.12091274268996789,0.19432823680482159,25,0,11296,461,29,3.48,2.842170943040401e-14,1.0000000000000002
96,mixed,21014,0.2,0,two_signals,0.7074096193541314,0.10091815268245591,0.19888490054605024,25,0,10088,411,28,3.36,2.842170943040401e-14,1.0000000000000002
96,mixed,21014,0.2,0,shuffled,0.7368701411460196,0.01722563350438989,0.16019178712755422,17,0,11200,411,167,20.04,2.842170943040401e-14,1.0000000000000002
96,mixed,21015,0.2,0,autonomous,0.8544493097405548,0.5024532294496813,0.051063007755756895,7,0,0,0,0,0.0,4.263256414560601e-14,1.0000000000000002
96,mixed,21015,0.2,0,level,0.9435167939040555,0.8463103100348991,0.0,0,1,3192,120,39,4.68,4.263256414560601e-14,1.0000000000000002
96,mixed,21015,0.2,0,persistent,0.937558701200878,0.8437720693054432,0.0,0,1,3440,131,37,4.4399999999999995,4.263256414560601e-14,1.0000000000000002
96,mixed,21015,0.2,0,two_signals,0.9350265606249009,0.847381425406068,0.0,0,1,2896,110,32,3.84,4.263256414560601e-14,1.0000000000000002
96,mixed,21015,0.2,0,shuffled,0.9096059186543445,0.8017452895363063,0.01999394553778744,2,0,3176,110,67,8.04,4.263256414560601e-14,1.0000000000000002
96,mixed,21016,0.2,0,autonomous,0.8387994179378749,0.48187739122082207,0.08626747106048693,8,0,0,0,0,0.0,2.842170943040401e-14,1.0000000000000002
96,mixed,21016,0.2,0,level,0.8638993784856326,0.6310999597475805,0.036668937557015724,5,0,5760,231,27,3.2399999999999998,4.263256414560601e-14,1.0000000000000002
96,mixed,21016,0.2,0,persistent,0.8783587611944705,0.7020726297955932,0.03868028395215073,4,0,4896,198,18,2.16,4.263256414560601e-14,1.0000000000000002
96,mixed,21016,0.2,0,two_signals,0.8777673487919848,0.7019659385181525,0.04180846361510249,4,0,3880,156,17,2.04,4.263256414560601e-14,1.0000000000000002
96,mixed,21016,0.2,0,shuffled,0.8756280986358533,0.6734879758508573,0.040818115297764135,6,0,4368,156,78,9.36,4.263256414560601e-14,1.0000000000000002
96,mixed,21017,0.2,0,autonomous,0.8786453305036169,0.732052537614632,0.07815223907255886,12,0,0,0,0,0.0,4.263256414560601e-14,1.0000000000000002
96,mixed,21017,0.2,0,level,0.9183196603248225,0.8143197052719215,0.042904919988373424,7,0,4800,191,27,3.2399999999999998,2.842170943040401e-14,1.0000000000000002
96,mixed,21017,0.2,0,persistent,0.9324172410176333,0.8473934018738422,0.020692038197628215,4,0,3664,147,17,2.04,2.842170943040401e-14,1.0000000000000002
96,mixed,21017,0.2,0,two_signals,0.9301533000504573,0.8450802865602987,0.0302676422076259,6,0,3128,126,13,1.56,2.842170943040401e-14,1.0000000000000002
96,mixed,21017,0.2,0,shuffled,0.9297820317121329,0.8359059609830103,0.02247970890774753,4,0,3552,126,66,7.92,4.263256414560601e-14,1.0000000000000002
96,mixed,21018,0.2,0,autonomous,0.7553987984018852,0.0,0.18861578757483144,19,0,0,0,0,0.0,4.263256414560601e-14,1.0000000000000004
96,mixed,21018,0.2,0,level,0.7926839340013507,0.06711458089881908,0.15418464904047535,21,0,9208,372,35,4.2,2.842170943040401e-14,1.0000000000000002
96,mixed,21018,0.2,0,persistent,0.8108062183416294,0.22427105657078095,0.11836630568731865,18,0,8520,347,24,2.88,4.263256414560601e-14,1.0000000000000002
96,mixed,21018,0.2,0,two_signals,0.8089028477328092,0.21976381071970383,0.11792253209979198,17,0,7808,318,22,2.6399999999999997,4.263256414560601e-14,1.0000000000000002
96,mixed,21018,0.2,0,shuffled,0.8300087474337587,0.2946710107411568,0.11092414021501151,14,0,8864,318,154,18.48,4.263256414560601e-14,1.0000000000000004
96,mixed,21019,0.2,0,autonomous,0.8800334432851576,0.631472936685392,0.05548621056557379,4,0,0,0,0,0.0,4.263256414560601e-14,1.0000000000000004
96,mixed,21019,0.2,0,level,0.9245197438356565,0.8206560212020256,0.029400773929933566,4,0,4056,159,30,3.5999999999999996,4.263256414560601e-14,1.0000000000000002
96,mixed,21019,0.2,0,persistent,0.924053785413812,0.8477275138724156,0.02433966714979563,3,0,4176,163,33,3.96,4.263256414560601e-14,1.0000000000000004
96,mixed,21019,0.2,0,two_signals,0.9228295197944574,0.8291302190850317,0.02450478396611,3,0,3336,128,33,3.96,4.263256414560601e-14,1.0000000000000002
96,mixed,21019,0.2,0,shuffled,0.9314775641991774,0.8247150294287998,0.015624914342587504,3,0,3752,128,85,10.2,4.263256414560601e-14,1.0000000000000002
96,recurrent,21000,0.2,0,autonomous,0.7965509030663699,0.0,0.1689217583815832,13,0,0,0,0,0.0,4.263256414560601e-14,1.0000000000000002
96,recurrent,21000,0.2,0,level,0.843800279923804,0.162993089188577,0.1057662020121296,9,0,5872,235,29,3.48,4.263256414560601e-14,1.0000000000000002
96,recurrent,21000,0.2,0,persistent,0.8366648057590601,0.14268426852966343,0.11132675574472228,9,0,6080,243,31,3.7199999999999998,4.263256414560601e-14,1.0000000000000002
96,recurrent,21000,0.2,0,two_signals,0.8346863951745901,0.1403560613708999,0.1165906388054051,10,0,5088,202,30,3.5999999999999996,4.263256414560601e-14,1.0000000000000002
96,recurrent,21000,0.2,0,shuffled,0.8513020644659208,0.16090677799429345,0.10764452051316897,9,0,5744,202,112,13.44,4.263256414560601e-14,1.0000000000000002
96,recurrent,21001,0.2,0,autonomous,0.7985147549301462,0.04425482489342845,0.15327164709372776,13,0,0,0,0,0.0,4.263256414560601e-14,1.0000000000000004
96,recurrent,21001,0.2,0,level,0.8654992296554105,0.30738056291515164,0.08717411034622125,9,0,5400,216,27,3.2399999999999998,4.263256414560601e-14,1.0000000000000002
96,recurrent,21001,0.2,0,persistent,0.8452133238046412,0.3573710537580762,0.09683765677112999,11,0,5808,235,21,2.52,4.263256414560601e-14,1.0000000000000004
96,recurrent,21001,0.2,0,two_signals,0.8466757664196797,0.3593560778399158,0.09326862546932246,10,0,4792,193,20,2.4,4.263256414560601e-14,1.0000000000000004
96,recurrent,21001,0.2,0,shuffled,0.8476276672291226,0.26474347203795345,0.09484724771097452,9,0,5576,193,118,14.16,4.263256414560601e-14,1.0000000000000002
96,recurrent,21002,0.2,0,autonomous,0.8047737231465002,0.15783360480476066,0.1485803960559856,17,0,0,0,0,0.0,4.263256414560601e-14,1.0000000000000002
96,recurrent,21002,0.2,0,level,0.8712970217445083,0.5395786305119559,0.06121711367777538,9,0,6384,259,21,2.52,4.263256414560601e-14,1.0000000000000002
96,recurrent,21002,0.2,0,persistent,0.8608356112307608,0.4758781712115418,0.06857666564951492,7,0,6296,253,28,3.36,4.263256414560601e-14,1.0000000000000002
96,recurrent,21002,0.2,0,two_signals,0.8602339311274332,0.4791707542193449,0.07263076040123595,9,0,5192,209,22,2.6399999999999997,4.263256414560601e-14,1.0000000000000002
96,recurrent,21002,0.2,0,shuffled,0.8621017848825141,0.2904618092694398,0.09558007900148124,11,0,5720,209,88,10.559999999999999,4.263256414560601e-14,1.0000000000000002
96,recurrent,21003,0.2,0,autonomous,0.8351683401316036,0.195118680092155,0.11310476973610872,12,0,0,0,0,0.0,4.263256414560601e-14,1.0000000000000002
96,recurrent,21003,0.2,0,level,0.8710788750194848,0.7346810753520382,0.07778202556837843,7,0,6136,245,32,3.84,4.263256414560601e-14,1.0000000000000002
96,recurrent,21003,0.2,0,persistent,0.8836751682880782,0.6883939666945175,0.06144554006032499,6,0,5304,211,30,3.5999999999999996,4.263256414560601e-14,1.0000000000000002
96,recurrent,21003,0.2,0,two_signals,0.8764632994605289,0.6863929667299832,0.07113091221689094,6,0,4360,174,23,2.76,4.263256414560601e-14,1.0000000000000002
96,recurrent,21003,0.2,0,shuffled,0.8872122303987954,0.7658442354792095,0.05848770346392429,5,0,4936,174,95,11.4,4.263256414560601e-14,1.0000000000000002
96,recurrent,21004,0.2,0,autonomous,0.9094784917217381,0.7256348924052615,0.03231903137776715,4,0,0,0,0,0.0,4.263256414560601e-14,1.0000000000000004
96,recurrent,21004,0.2,0,level,0.9580390778020171,0.8083931466243681,9.166287315953703e-06,0,1,2984,112,37,4.4399999999999995,2.842170943040401e-14,1.0000000000000004
96,recurrent,21004,0.2,0,persistent,0.9597437639228382,0.8330522301012294,0.0,0,1,2400,91,27,3.2399999999999998,2.842170943040401e-14,1.0000000000000004
96,recurrent,21004,0.2,0,two_signals,0.9526877899760257,0.8194281593460718,0.0002466451488460919,0,1,2072,78,25,3.0,2.842170943040401e-14,1.0000000000000004
96,recurrent,21004,0.2,0,shuffled,0.9473105127813001,0.7830537824079095,0.010043035484438856,1,0,2344,78,59,7.08,4.263256414560601e-14,1.0000000000000002
96,recurrent,21005,0.2,0,autonomous,0.9094982261559913,0.7618161477772976,0.028359647359424422,4,0,0,0,0,0.0,4.263256414560601e-14,1.0000000000000004
96,recurrent,21005,0.2,0,level,0.9572298826169549,0.8399235375672549,0.00036751923304245704,0,1,3032,118,25,3.0,4.263256414560601e-14,1.0000000000000002
96,recurrent,21005,0.2,0,persistent,0.958582457469033,0.8696518067497984,0.0,0,1,2944,113,29,3.48,4.263256414560601e-14,1.0000000000000002
96,recurrent,21005,0.2,0,two_signals,0.958259087877617,0.8629652906847022,0.0007772986978344942,0,1,2280,86,27,3.2399999999999998,4.263256414560601e-14,1.0000000000000002
96,recurrent,21005,0.2,0,shuffled,0.943897335182806,0.8424090307813581,0.006322031091225089,1,0,2552,86,61,7.319999999999999,4.263256414560601e-14,1.0000000000000002
96,recurrent,21006,0.2,0,autonomous,0.7989958959292538,0.10381074642066722,0.1522063871414594,16,0,0,0,0,0.0,4.263256414560601e-14,1.0000000000000002
96,recurrent,21006,0.2,0,level,0.8468579590916615,0.3352723205282702,0.11332863321489839,13,0,6512,264,22,2.6399999999999997,4.263256414560601e-14,1.0000000000000004
96,recurrent,21006,0.2,0,persistent,0.8465159920824337,0.2765055793405588,0.11208815554536256,10,0,5976,240,27,3.2399999999999998,4.263256414560601e-14,1.0000000000000002
96,recurrent,21006,0.2,0,two_signals,0.8461448554948813,0.2765055793405588,0.11065964906351178,10,0,4944,197,27,3.2399999999999998,2.842170943040401e-14,1.0000000000000002
96,recurrent,21006,0.2,0,shuffled,0.8603012964998025,0.3713523766838138,0.08750051271629611,7,0,5456,197,91,10.92,4.263256414560601e-14,1.0000000000000002
96,recurrent,21007,0.2,0,autonomous,0.922103975473109,0.776843758783751,0.029661590292437645,3,0,0,0,0,0.0,4.263256414560601e-14,1.0000000000000002
96,recurrent,21007,0.2,0,level,0.9771758176438237,0.8841652475981415,0.0,0,1,1968,72,30,3.5999999999999996,4.263256414560601e-14,1.0000000000000002
96,recurrent,21007,0.2,0,persistent,0.9711130655528845,0.8933087175513141,0.0,0,1,2480,91,37,4.4399999999999995,4.263256414560601e-14,1.0000000000000002
96,recurrent,21007,0.2,0,two_signals,0.9649928350702298,0.8930538211974061,0.0,0,1,2136,78,33,3.96,4.263256414560601e-14,1.0000000000000002
96,recurrent,21007,0.2,0,shuffled,0.9714643997378594,0.97756877211538,5.91775614935397e-05,0,1,2392,78,65,7.8,4.263256414560601e-14,1.0000000000000004
96,recurrent,21008,0.2,0,autonomous,0.8321527844172432,0.5068200251518604,0.08779280308596127,11,0,0,0,0,0.0,2.842170943040401e-14,1.0000000000000004
96,recurrent,21008,0.2,0,level,0.9318579019624844,0.8403966714366741,0.01994600253884804,3,0,4408,167,50,6.0,2.842170943040401e-14,1.0000000000000004
96,recurrent,21008,0.2,0,persistent,0.9197486981276667,0.8009912520980487,0.022776693633381084,3,0,4448,172,40,4.8,2.842170943040401e-14,1.0000000000000002
96,recurrent,21008,0.2,0,two_signals,0.9209594820517331,0.8039840877208331,0.021969294680359797,3,0,3392,130,34,4.08,2.842170943040401e-14,1.0000000000000002
96,recurrent,21008,0.2,0,shuffled,0.9459913920880483,0.7975900932533491,0.0035096391905228286,0,1,3856,130,92,11.04,4.263256414560601e-14,1.0000000000000002
96,recurrent,21009,0.2,0,autonomous,0.9099470288181793,0.7334520845662519,0.007221476595124954,1,0,0,0,0,0.0,2.842170943040401e-14,1.0000000000000002
96,recurrent,21009,0.2,0,level,0.9547463833011431,0.8773180374608802,0.0009070247802491771,0,1,3760,144,38,4.56,2.842170943040401e-14,1.0000000000000002
96,recurrent,21009,0.2,0,persistent,0.9515921415966782,0.8689181512175171,0.003094790031829331,0,0,3032,117,28,3.36,4.263256414560601e-14,1.0000000000000004
96,recurrent,21009,0.2,0,two_signals,0.9488403357348393,0.8530695852587897,0.003397928142848894,0,0,2328,89,24,2.88,2.842170943040401e-14,1.0000000000000002
96,recurrent,21009,0.2,0,shuffled,0.948367759314375,0.8273084127568563,0.00017250470597574008,0,1,2552,89,52,6.24,2.842170943040401e-14,1.0000000000000002
96,recurrent,21010,0.2,0,autonomous,0.8436113366967667,0.4233244145909938,0.07967639027609685,12,0,0,0,0,0.0,2.842170943040401e-14,1.0000000000000004
96,recurrent,21010,0.2,0,level,0.9422479365858999,0.8453956796703699,0.010044001861380769,2,0,4472,173,40,4.8,4.263256414560601e-14,1.0000000000000004
96,recurrent,21010,0.2,0,persistent,0.9300789956124053,0.763928076628774,0.015429738312540353,2,0,4144,158,44,5.279999999999999,4.263256414560601e-14,1.0000000000000002
96,recurrent,21010,0.2,0,two_signals,0.9239375607256305,0.77011733793596,0.020347989877325,2,0,3576,135,42,5.04,4.263256414560601e-14,1.0000000000000002
96,recurrent,21010,0.2,0,shuffled,0.9201014455355505,0.7283573587962027,0.01923540024981285,2,0,3928,135,86,10.32,4.263256414560601e-14,1.0000000000000004
96,recurrent,21011,0.2,0,autonomous,0.8005380358923454,0.10247369931138157,0.13235089829252544,12,0,0,0,0,0.0,4.263256414560601e-14,1.0000000000000002
96,recurrent,21011,0.2,0,level,0.9235002335650013,0.7929226189949762,0.009794004925139266,0,0,4696,179,50,6.0,4.263256414560601e-14,1.0000000000000002
96,recurrent,21011,0.2,0,persistent,0.919557738052612,0.7636854176843693,0.013190090720503922,2,0,4376,167,46,5.52,4.263256414560601e-14,1.0000000000000002
96,recurrent,21011,0.2,0,two_signals,0.9203844659242876,0.7812713278581126,0.021179304096286433,2,0,3152,120,34,4.08,4.263256414560601e-14,1.0000000000000002
96,recurrent,21011,0.2,0,shuffled,0.9028734814383852,0.6693350242899442,0.05544896783869313,6,0,3512,120,79,9.48,4.263256414560601e-14,1.0000000000000002
96,recurrent,21012,0.2,0,autonomous,0.9006083802530203,0.7268034181591742,0.04067159485756067,4,0,0,0,0,0.0,2.842170943040401e-14,1.0000000000000002
96,recurrent,21012,0.2,0,level,0.9715489987358723,0.9123540389817939,0.0,0,1,3080,116,37,4.4399999999999995,4.263256414560601e-14,1.0000000000000002
96,recurrent,21012,0.2,0,persistent,0.9474305894325287,0.8405568054984699,0.0007375148068387016,0,1,3440,130,40,4.8,4.263256414560601e-14,1.0000000000000002
96,recurrent,21012,0.2,0,two_signals,0.9453747423873156,0.8351717205914267,0.0004759866899414211,0,1,2824,106,35,4.2,4.263256414560601e-14,1.0000000000000002
96,recurrent,21012,0.2,0,shuffled,0.9602276036794067,0.8560218203165736,0.0,0,1,3096,106,69,8.28,4.263256414560601e-14,1.0000000000000002
96,recurrent,21013,0.2,0,autonomous,0.7863826867672705,0.05929127039487917,0.1530885834138449,16,0,0,0,0,0.0,2.842170943040401e-14,1.0000000000000002
96,recurrent,21013,0.2,0,level,0.9350615116881357,0.7655073728664243,0.01129976627079654,2,0,4248,159,54,6.4799999999999995,2.842170943040401e-14,1.0000000000000004
96,recurrent,21013,0.2,0,persistent,0.9379020416363977,0.7454604970677506,0.019010999868151246,2,0,4280,161,52,6.24,2.842170943040401e-14,1.0000000000000002
96,recurrent,21013,0.2,0,two_signals,0.931918398359833,0.7648044206529542,0.011007119116151931,1,0,3568,130,56,6.72,2.842170943040401e-14,1.0000000000000002
96,recurrent,21013,0.2,0,shuffled,0.9028378180456018,0.6405241499974649,0.04298789380822676,3,0,3888,130,96,11.52,2.842170943040401e-14,1.0000000000000002
96,recurrent,21014,0.2,0,autonomous,0.6937423955109953,0.0,0.25797980192947534,28,0,0,0,0,0.0,2.842170943040401e-14,1.0000000000000002
96,recurrent,21014,0.2,0,level,0.74587199859668,0.07722204452122935,0.17045721932626812,20,0,10992,447,33,3.96,2.842170943040401e-14,1.0000000000000004
96,recurrent,21014,0.2,0,persistent,0.7448441940279141,0.12980371441410693,0.16530619674960267,18,0,10840,441,32,3.84,2.842170943040401e-14,1.0000000000000002
96,recurrent,21014,0.2,0,two_signals,0.7300251792849256,0.08528454420108883,0.20655680717501945,25,0,10128,413,27,3.2399999999999998,2.842170943040401e-14,1.0000000000000004
96,recurrent,21014,0.2,0,shuffled,0.7688483777004197,0.06624922805553643,0.1586058385264012,17,0,11256,413,168,20.16,2.842170943040401e-14,1.0000000000000002
96,recurrent,21015,0.2,0,autonomous,0.866195320522416,0.6266454149661117,0.054073833189269505,7,0,0,0,0,0.0,4.263256414560601e-14,1.0000000000000004
96,recurrent,21015,0.2,0,level,0.9482457261235301,0.8744963681651369,0.007869213689771004,1,0,3496,133,38,4.56,2.842170943040401e-14,1.0000000000000004
96,recurrent,21015,0.2,0,persistent,0.9447670893329915,0.8945646590763379,0.014404648375736184,2,0,3336,126,39,4.68,4.263256414560601e-14,1.0000000000000004
96,recurrent,21015,0.2,0,two_signals,0.9446286833284624,0.8945646590763379,0.015096681026566028,2,0,2664,100,33,3.96,4.263256414560601e-14,1.0000000000000004
96,recurrent,21015,0.2,0,shuffled,0.9525509246452071,0.9323662953182813,0.01401558720339513,3,0,3032,100,79,9.48,4.263256414560601e-14,1.0000000000000002
96,recurrent,21016,0.2,0,autonomous,0.8157767213592358,0.35249741992289935,0.10564281296808775,12,0,0,0,0,0.0,2.842170943040401e-14,1.0000000000000002
96,recurrent,21016,0.2,0,level,0.8933267413129892,0.6537647281273663,0.05761555998180745,7,0,5280,209,33,3.96,4.263256414560601e-14,1.0000000000000002
96,recurrent,21016,0.2,0,persistent,0.8780629216284032,0.6502084205071303,0.04410483161595047,5,0,5600,225,25,3.0,2.842170943040401e-14,1.0000000000000002
96,recurrent,21016,0.2,0,two_signals,0.8683598647714245,0.645915650175959,0.052179708850061624,6,0,4640,186,22,2.6399999999999997,2.842170943040401e-14,1.0000000000000002
96,recurrent,21016,0.2,0,shuffled,0.8932527989025417,0.6544236545005404,0.039140133879183914,5,0,5184,186,90,10.799999999999999,2.842170943040401e-14,1.0000000000000002
96,recurrent,21017,0.2,0,autonomous,0.8725678767474301,0.6574785318500488,0.08280323174091964,13,0,0,0,0,0.0,4.263256414560601e-14,1.0000000000000002
96,recurrent,21017,0.2,0,level,0.9233938040996598,0.8592463471577336,0.026391686219781274,3,0,4864,190,38,4.56,2.842170943040401e-14,1.0000000000000002
96,recurrent,21017,0.2,0,persistent,0.9096120776351109,0.7948863379941187,0.045332104221592506,7,0,4816,191,29,3.48,4.263256414560601e-14,1.0000000000000002
96,recurrent,21017,0.2,0,two_signals,0.909047938236722,0.7948863379941187,0.04802055900663471,7,0,4144,164,26,3.12,2.842170943040401e-14,1.0000000000000002
96,recurrent,21017,0.2,0,shuffled,0.9242732128357946,0.857767479504908,0.037602320454084404,6,0,4672,164,92,11.04,2.842170943040401e-14,1.0000000000000002
96,recurrent,21018,0.2,0,autonomous,0.7466650124455904,0.0,0.19786756974845776,19,0,0,0,0,0.0,4.263256414560601e-14,1.0000000000000002
96,recurrent,21018,0.2,0,level,0.7882725018444368,0.0279438611393768,0.1485085319268138,16,0,8984,364,31,3.7199999999999998,2.842170943040401e-14,1.0000000000000002
96,recurrent,21018,0.2,0,persistent,0.7896300831431526,0.16230494166237358,0.15170332284563393,21,0,8992,367,23,2.76,4.263256414560601e-14,1.0000000000000002
96,recurrent,21018,0.2,0,two_signals,0.7890615387031135,0.16230341290479508,0.1532595937375012,21,0,8112,331,21,2.52,4.263256414560601e-14,1.0000000000000002
96,recurrent,21018,0.2,0,shuffled,0.7990503407423302,0.1795105529896742,0.124121179861019,15,0,9400,331,182,21.84,2.842170943040401e-14,1.0000000000000004
96,recurrent,21019,0.2,0,autonomous,0.8692727337205595,0.7012795500032549,0.05711493954704938,5,0,0,0,0,0.0,4.263256414560601e-14,1.0000000000000002
96,recurrent,21019,0.2,0,level,0.9164023605425126,0.8383298449104803,0.028336192603667598,3,0,4200,164,33,3.96,4.263256414560601e-14,1.0000000000000002
96,recurrent,21019,0.2,0,persistent,0.9140653096326036,0.8441304748738846,0.026021113717506483,3,0,4248,162,45,5.3999999999999995,4.263256414560601e-14,1.0000000000000002
96,recurrent,21019,0.2,0,two_signals,0.9126787366838968,0.8436948711235388,0.030970075838675393,3,0,3472,132,38,4.56,4.263256414560601e-14,1.0000000000000004
96,recurrent,21019,0.2,0,shuffled,0.9203193665493229,0.836401455500965,0.023604251661794362,3,0,3928,132,95,11.4,4.263256414560601e-14,1.0000000000000002
96,scarcity,21000,0.2,0,autonomous,0.7329037137291646,2.3502891444340847e-05,0.3343669582082426,32,0,0,0,0,0.0,4.263256414560601e-14,1.0000000000000002
96,scarcity,21000,0.2,0,level,0.7449870704033673,0.06452977748407154,0.3271365159127779,33,0,8944,364,26,3.12,4.263256414560601e-14,1.0000000000000002
96,scarcity,21000,0.2,0,persistent,0.7415884889176212,0.061992500807645845,0.33020653919020404,34,0,9128,371,28,3.36,2.842170943040401e-14,1.0000000000000002
96,scarcity,21000,0.2,0,two_signals,0.739094736992925,0.03763218958692423,0.3330093390841161,35,0,9112,370,29,3.48,4.263256414560601e-14,1.0000000000000002
96,scarcity,21000,0.2,0,shuffled,0.7532967515010542,0.06350806712386765,0.31298224054338175,30,0,10320,370,180,21.599999999999998,4.263256414560601e-14,1.0000000000000002
96,scarcity,21001,0.2,0,autonomous,0.7446562634784322,0.030278622517947634,0.3088400625720835,27,0,0,0,0,0.0,2.842170943040401e-14,1.0000000000000002
96,scarcity,21001,0.2,0,level,0.7646242277780987,0.08026800166587991,0.3011070878287555,36,0,8976,366,24,2.88,4.263256414560601e-14,1.0000000000000002
96,scarcity,21001,0.2,0,persistent,0.759098935393012,0.06058299658837353,0.29906540362686096,33,0,8888,363,22,2.6399999999999997,2.842170943040401e-14,1.0000000000000002
96,scarcity,21001,0.2,0,two_signals,0.759098935393012,0.06058299658837353,0.29906540362686096,33,0,8816,360,22,2.6399999999999997,2.842170943040401e-14,1.0000000000000002
96,scarcity,21001,0.2,0,shuffled,0.7686404545292888,0.11012597261241945,0.307753709391411,34,0,9680,360,130,15.6,4.263256414560601e-14,1.0000000000000002
96,scarcity,21002,0.2,0,autonomous,0.7395663982674289,0.10186342004125448,0.3200020781576992,32,0,0,0,0,0.0,4.263256414560601e-14,1.0000000000000002
96,scarcity,21002,0.2,0,level,0.7602467647498149,0.1352140433530632,0.3058717766855559,35,0,9640,391,32,3.84,2.842170943040401e-14,1.0000000000000002
96,scarcity,21002,0.2,0,persistent,0.754892897517956,0.15685645543651566,0.3167938598206671,37,0,9456,387,21,2.52,4.263256414560601e-14,1.0000000000000002
96,scarcity,21002,0.2,0,two_signals,0.754892897517956,0.15685645543651566,0.3167938598206671,37,0,9384,384,21,2.52,4.263256414560601e-14,1.0000000000000002
96,scarcity,21002,0.2,0,shuffled,0.7686344053876203,0.13440443915397016,0.3261938178005601,38,0,10144,384,116,13.92,4.263256414560601e-14,1.0000000000000002
96,scarcity,21003,0.2,0,autonomous,0.7440085810339342,0.15741419222669975,0.3441258509865893,40,0,0,0,0,0.0,4.263256414560601e-14,1.0000000000000002
96,scarcity,21003,0.2,0,level,0.756744933663978,0.2777807828351239,0.3088485687129592,36,0,9584,392,22,2.6399999999999997,4.263256414560601e-14,1.0000000000000002
96,scarcity,21003,0.2,0,persistent,0.747016032906067,0.30795362080969163,0.3396907244521592,41,0,9792,403,15,1.7999999999999998,4.263256414560601e-14,1.0000000000000002
96,scarcity,21003,0.2,0,two_signals,0.747016032906067,0.30795362080969163,0.3396907244521592,41,0,9792,403,15,1.7999999999999998,4.263256414560601e-14,1.0000000000000002
96,scarcity,21003,0.2,0,shuffled,0.7672911855295911,0.26946702230898206,0.33286318867691056,36,0,10560,403,111,13.32,4.263256414560601e-14,1.0000000000000002
96,scarcity,21004,0.2,0,autonomous,0.8076427069091741,0.4207383211037213,0.34727561476656765,40,0,0,0,0,0.0,2.842170943040401e-14,1.0000000000000002
96,scarcity,21004,0.2,0,level,0.8151773291575326,0.4503928706967164,0.34705274804215425,46,0,8416,344,20,2.4,2.842170943040401e-14,1.0000000000000002
96,scarcity,21004,0.2,0,persistent,0.8148292329352368,0.4567850234643541,0.34659632759791026,44,0,7816,320,17,2.04,2.842170943040401e-14,1.0000000000000004
96,scarcity,21004,0.2,0,two_signals,0.8148292329352368,0.4567850234643541,0.34659632759791026,44,0,7792,319,17,2.04,2.842170943040401e-14,1.0000000000000004
96,scarcity,21004,0.2,0,shuffled,0.8137276029610239,0.46449789284814663,0.3459858866491412,44,0,8048,319,49,5.88,4.263256414560601e-14,1.0000000000000002
96,scarcity,21005,0.2,0,autonomous,0.7907864104804075,0.3603580045057274,0.34741634284671663,46,0,0,0,0,0.0,2.842170943040401e-14,1.0000000000000002
96,scarcity,21005,0.2,0,level,0.797032754386526,0.4597924678759957,0.34117458007735013,51,0,9968,408,22,2.6399999999999997,2.842170943040401e-14,1.0000000000000002
96,scarcity,21005,0.2,0,persistent,0.7973678401173894,0.43533468098018285,0.34605986300181957,47,0,8936,367,16,1.92,4.263256414560601e-14,1.0000000000000002
96,scarcity,21005,0.2,0,two_signals,0.7973678401173894,0.43533468098018285,0.34605986300181957,47,0,8888,365,16,1.92,4.263256414560601e-14,1.0000000000000002
96,scarcity,21005,0.2,0,shuffled,0.7919768185929377,0.3839293211831229,0.34715049737991144,45,0,9168,365,51,6.12,2.842170943040401e-14,1.0000000000000002
96,scarcity,21006,0.2,0,autonomous,0.7259806142198953,0.04287284890700046,0.33575322148146636,31,0,0,0,0,0.0,2.842170943040401e-14,1.0000000000000002
96,scarcity,21006,0.2,0,level,0.7378055089445286,0.11971543405173428,0.33388098653162135,40,0,10280,423,16,1.92,2.842170943040401e-14,1.0000000000000002
96,scarcity,21006,0.2,0,persistent,0.7341906781821671,0.16698306730638596,0.33696262214686423,41,0,10408,426,23,2.76,2.842170943040401e-14,1.0000000000000002
96,scarcity,21006,0.2,0,two_signals,0.7349654852944675,0.1599689239794326,0.3356846579810151,41,0,10136,416,19,2.28,2.842170943040401e-14,1.0000000000000002
96,scarcity,21006,0.2,0,shuffled,0.7631960947648361,0.12568756585608576,0.3162892913988117,39,0,11160,416,147,17.64,4.263256414560601e-14,1.0000000000000002
96,scarcity,21007,0.2,0,autonomous,0.8233724407703016,0.4921112146862756,0.34682254680920976,43,0,0,0,0,0.0,4.263256414560601e-14,1.0000000000000002
96,scarcity,21007,0.2,0,level,0.8247584068868908,0.5129603531482305,0.3460803894057134,50,0,8144,335,13,1.56,4.263256414560601e-14,1.0000000000000002
96,scarcity,21007,0.2,0,persistent,0.826186483823651,0.5260338626411688,0.34607642972367214,51,0,8064,331,15,1.7999999999999998,4.263256414560601e-14,1.0000000000000002
96,scarcity,21007,0.2,0,two_signals,0.826186483823651,0.5260338626411688,0.34607642972367214,51,0,8064,331,15,1.7999999999999998,4.263256414560601e-14,1.0000000000000002
96,scarcity,21007,0.2,0,shuffled,0.8228226697188171,0.5278624332289041,0.3465737753836351,42,0,8208,331,33,3.96,2.842170943040401e-14,1.0000000000000004
96,scarcity,21008,0.2,0,autonomous,0.7728510453245918,0.23281007129539813,0.33743478809978245,35,0,0,0,0,0.0,2.842170943040401e-14,1.0000000000000004
96,scarcity,21008,0.2,0,level,0.7983291999841683,0.5038992989121858,0.34415817014122907,48,0,9352,379,32,3.84,2.842170943040401e-14,1.0000000000000002
96,scarcity,21008,0.2,0,persistent,0.7909241794257825,0.4575602306650037,0.34056096133446245,47,0,9888,400,36,4.32,2.842170943040401e-14,1.0000000000000002
96,scarcity,21008,0.2,0,two_signals,0.7909241794257825,0.4575602306650037,0.34056096133446245,47,0,9792,396,36,4.32,2.842170943040401e-14,1.0000000000000002
96,scarcity,21008,0.2,0,shuffled,0.7929860147507569,0.42356010638981495,0.3444519965581836,41,0,10184,396,85,10.2,4.263256414560601e-14,1.0000000000000002
96,scarcity,21009,0.2,0,autonomous,0.8199574921519804,0.5604246986725201,0.33946320203393077,45,0,0,0,0,0.0,2.842170943040401e-14,0.9590032418488815
96,scarcity,21009,0.2,0,level,0.8229674016065378,0.6316990327255854,0.33999687176974813,49,0,8528,351,13,1.56,2.842170943040401e-14,0.9999999999999998
96,scarcity,21009,0.2,0,persistent,0.8237284876374492,0.5942123732519313,0.3392683759233742,48,0,7864,325,8,0.96,2.842170943040401e-14,1.0
96,scarcity,21009,0.2,0,two_signals,0.8237284876374492,0.5942123732519313,0.3392683759233742,48,0,7840,324,8,0.96,2.842170943040401e-14,1.0
96,scarcity,21009,0.2,0,shuffled,0.8234225207154316,0.5349441242864387,0.33930136064079874,50,0,7960,324,23,2.76,2.842170943040401e-14,1.0
96,scarcity,21010,0.2,0,autonomous,0.7495698321845375,0.23064530448759152,0.348310565183668,36,0,0,0,0,0.0,2.842170943040401e-14,1.0000000000000002
96,scarcity,21010,0.2,0,level,0.7798586784477434,0.4501960023494545,0.3439428463875458,45,0,10072,408,35,4.2,4.263256414560601e-14,1.0000000000000002
96,scarcity,21010,0.2,0,persistent,0.7775215965646013,0.4449126629861022,0.3435868361782968,46,0,10000,405,35,4.2,4.263256414560601e-14,1.0000000000000002
96,scarcity,21010,0.2,0,two_signals,0.7773491385948154,0.4449099063909044,0.3437940898550871,44,0,9704,393,34,4.08,4.263256414560601e-14,1.0000000000000002
96,scarcity,21010,0.2,0,shuffled,0.7803054046021629,0.4817054432647048,0.3454711916443173,44,0,10064,393,79,9.48,2.842170943040401e-14,1.0000000000000002
96,scarcity,21011,0.2,0,autonomous,0.7608766108065086,0.07300788077828828,0.3260301193563092,31,0,0,0,0,0.0,4.263256414560601e-14,1.0000000000000002
96,scarcity,21011,0.2,0,level,0.7930214549205682,0.3432680603107368,0.3189107932778614,37,0,8424,342,27,3.2399999999999998,4.263256414560601e-14,1.0000000000000002
96,scarcity,21011,0.2,0,persistent,0.7832657288196784,0.3301502971423669,0.3241652967740618,39,0,8944,365,23,2.76,4.263256414560601e-14,1.0000000000000002
96,scarcity,21011,0.2,0,two_signals,0.7832657288196784,0.3301502971423669,0.3241652967740618,39,0,8776,358,23,2.76,4.263256414560601e-14,1.0000000000000002
96,scarcity,21011,0.2,0,shuffled,0.7927523805217785,0.20328508600757658,0.33492585571060995,40,0,9336,358,93,11.16,2.842170943040401e-14,1.0000000000000002
96,scarcity,21012,0.2,0,autonomous,0.8095250654453044,0.4070561580333104,0.34258247436296263,44,0,0,0,0,0.0,4.263256414560601e-14,0.9592112037260221
96,scarcity,21012,0.2,0,level,0.8126688391295148,0.5364640475499438,0.3416851377993525,46,0,8712,355,24,2.88,4.263256414560601e-14,1.0000000000000002
96,scarcity,21012,0.2,0,persistent,0.8127253599566489,0.6184772194597918,0.34215370794456534,49,0,8664,356,15,1.7999999999999998,4.263256414560601e-14,1.0
96,scarcity,21012,0.2,0,two_signals,0.8127253599566489,0.6184772194597918,0.34215370794456534,49,0,8640,355,15,1.7999999999999998,4.263256414560601e-14,1.0
96,scarcity,21012,0.2,0,shuffled,0.812621984756453,0.46345386671261374,0.34117009938662357,41,0,8856,355,42,5.04,4.263256414560601e-14,1.0
96,scarcity,21013,0.2,0,autonomous,0.7444463367625888,0.06143361040045102,0.3466106358277934,34,0,0,0,0,0.0,2.842170943040401e-14,1.0000000000000002
96,scarcity,21013,0.2,0,level,0.7750238246184042,0.2849319913767792,0.3426682217160425,48,0,10896,440,42,5.04,2.842170943040401e-14,1.0000000000000002
96,scarcity,21013,0.2,0,persistent,0.7735860601341392,0.2817360230451709,0.33877589848425327,40,0,10056,402,51,6.12,2.842170943040401e-14,1.0000000000000002
96,scarcity,21013,0.2,0,two_signals,0.7735370989114921,0.25871360932062104,0.3346308629036522,37,0,9056,363,43,5.16,2.842170943040401e-14,1.0000000000000002
96,scarcity,21013,0.2,0,shuffled,0.7702699123768704,0.2631388508193067,0.3400119560105358,35,0,9616,363,113,13.559999999999999,2.842170943040401e-14,1.0000000000000002
96,scarcity,21014,0.2,0,autonomous,0.6000695312243933,0.0,0.4516403642442838,46,0,0,0,0,0.0,2.842170943040401e-14,1.0000000000000002
96,scarcity,21014,0.2,0,level,0.6316528093133855,0.011809611549896135,0.41089959544802357,44,0,13576,558,23,2.76,2.842170943040401e-14,1.0000000000000004
96,scarcity,21014,0.2,0,persistent,0.6219304310065881,0.01582459390212704,0.4237268128157391,47,0,14232,585,24,2.88,2.842170943040401e-14,1.0000000000000002
96,scarcity,21014,0.2,0,two_signals,0.6219304310065881,0.01582459390212704,0.4237268128157391,47,0,14208,584,24,2.88,2.842170943040401e-14,1.0000000000000002
96,scarcity,21014,0.2,0,shuffled,0.6658101813673333,0.0022178069562180307,0.3686558943833468,37,0,15656,584,205,24.599999999999998,2.842170943040401e-14,1.0000000000000002
96,scarcity,21015,0.2,0,autonomous,0.7835058753720233,0.39459624426031753,0.3474264537312822,41,0,0,0,0,0.0,4.263256414560601e-14,1.0000000000000002
96,scarcity,21015,0.2,0,level,0.7964564474348538,0.47148010111928107,0.3439309959457554,51,0,10104,411,30,3.5999999999999996,2.842170943040401e-14,1.0000000000000002
96,scarcity,21015,0.2,0,persistent,0.79647679948857,0.5507749809648577,0.34423095447063323,51,0,9872,402,28,3.36,4.263256414560601e-14,1.0000000000000002
96,scarcity,21015,0.2,0,two_signals,0.79647679948857,0.5507749809648577,0.34423095447063323,51,0,9752,397,28,3.36,4.263256414560601e-14,1.0000000000000002
96,scarcity,21015,0.2,0,shuffled,0.7945354230166094,0.5103119271124685,0.3453855271404065,46,0,9976,397,56,6.72,4.263256414560601e-14,1.0000000000000004
96,scarcity,21016,0.2,0,autonomous,0.7367092717695161,0.25044391025482093,0.3576515537350339,39,0,0,0,0,0.0,2.842170943040401e-14,1.0000000000000002
96,scarcity,21016,0.2,0,level,0.7456120019854077,0.2621026174427573,0.3485721121313372,45,0,10816,444,20,2.4,4.263256414560601e-14,1.0000000000000002
96,scarcity,21016,0.2,0,persistent,0.7503596020073096,0.33395215044894994,0.34837558481625985,47,0,10496,431,19,2.28,2.842170943040401e-14,1.0000000000000002
96,scarcity,21016,0.2,0,two_signals,0.7503596020073096,0.33395215044894994,0.34837558481625985,47,0,10448,429,19,2.28,2.842170943040401e-14,1.0000000000000002
96,scarcity,21016,0.2,0,shuffled,0.7608125890285206,0.2856084676806494,0.3543870947125237,47,0,10960,429,83,9.959999999999999,2.842170943040401e-14,1.0000000000000002
96,scarcity,21017,0.2,0,autonomous,0.7732151417992102,0.38211609957188214,0.332740191289033,41,0,0,0,0,0.0,4.263256414560601e-14,1.0000000000000002
96,scarcity,21017,0.2,0,level,0.7856723711897557,0.4780148011533952,0.3318795467236647,49,0,9832,401,26,3.12,2.842170943040401e-14,1.0000000000000002
96,scarcity,21017,0.2,0,persistent,0.7862198372734067,0.48103774793250764,0.3365844185011636,48,0,9472,387,23,2.76,2.842170943040401e-14,1.0000000000000002
96,scarcity,21017,0.2,0,two_signals,0.7862198372734067,0.48103774793250764,0.3365844185011636,48,0,9400,384,23,2.76,2.842170943040401e-14,1.0000000000000002
96,scarcity,21017,0.2,0,shuffled,0.7842965387285163,0.49166508987418195,0.34382820248249324,44,0,9752,384,67,8.04,2.842170943040401e-14,1.0000000000000002
96,scarcity,21018,0.2,0,autonomous,0.6870784907434664,0.0,0.36911968280869056,36,0,0,0,0,0.0,4.263256414560601e-14,1.0000000000000002
96,scarcity,21018,0.2,0,level,0.7030649777721687,0.00700323400922674,0.3544556493142407,39,0,11544,473,24,2.88,2.842170943040401e-14,1.0000000000000002
96,scarcity,21018,0.2,0,persistent,0.702452171840039,0.044262743042963855,0.3557737190040694,39,0,11008,453,17,2.04,4.263256414560601e-14,1.0000000000000002
96,scarcity,21018,0.2,0,two_signals,0.702452171840039,0.044262743042963855,0.3557737190040694,39,0,10960,451,17,2.04,4.263256414560601e-14,1.0000000000000002
96,scarcity,21018,0.2,0,shuffled,0.7296646618439809,0.024190420612461103,0.3388183003827141,35,0,12376,451,194,23.279999999999998,2.842170943040401e-14,1.0000000000000004
96,scarcity,21019,0.2,0,autonomous,0.7916463322019328,0.41394588215479666,0.3406610515749756,38,0,0,0,0,0.0,4.263256414560601e-14,1.0000000000000002
96,scarcity,21019,0.2,0,level,0.8001115606494169,0.4546461340042372,0.34187808633251926,45,0,8832,361,21,2.52,4.263256414560601e-14,1.0000000000000002
96,scarcity,21019,0.2,0,persistent,0.8005243866511674,0.5033638341059584,0.3401548109999212,44,0,8280,339,18,2.16,4.263256414560601e-14,1.0000000000000002
96,scarcity,21019,0.2,0,two_signals,0.801395901290245,0.5103664990737558,0.3413268723288152,49,0,8904,363,24,2.88,4.263256414560601e-14,1.0000000000000002
96,scarcity,21019,0.2,0,shuffled,0.8015149297512446,0.5260555968193897,0.3419637495675336,40,0,9224,363,64,7.68,4.263256414560601e-14,1.0000000000000002
384,quiet,21000,0.2,0,autonomous,0.8751320897364049,0.12910084651683768,0.12498529678877202,56,0,0,0,0,0.0,1.7053025658242404e-13,1.0000000000000002
384,quiet,21000,0.2,0,level,0.8911380753996306,0.3913260961836289,0.11048668182717425,56,0,19568,803,37,4.4399999999999995,1.7053025658242404e-13,1.0000000000000002
384,quiet,21000,0.2,0,persistent,0.890637597056152,0.4669718958746818,0.1103204610980194,61,0,20968,860,41,4.92,1.7053025658242404e-13,1.0000000000000002
384,quiet,21000,0.2,0,two_signals,0.890637597056152,0.4669718958746818,0.1103204610980194,61,0,20800,853,41,4.92,1.7053025658242404e-13,1.0000000000000002
384,quiet,21000,0.2,0,shuffled,0.8894343843225725,0.37139257724827235,0.11115609956973926,51,0,23112,853,330,39.6,2.2737367544323206e-13,1.0000000000000002
384,quiet,21001,0.2,0,autonomous,0.9325860496374212,0.9421230002786979,0.06723227794679909,30,0,0,0,0,0.0,1.7053025658242404e-13,1.0000000000000002
384,quiet,21001,0.2,0,level,0.9585980629643994,0.9981831816404191,0.04314328824402913,20,0,7696,307,41,4.92,1.7053025658242404e-13,1.0000000000000004
384,quiet,21001,0.2,0,persistent,0.958057149233929,0.9961562421822535,0.04199947875767007,19,0,7376,289,55,6.6,1.7053025658242404e-13,1.0000000000000002
384,quiet,21001,0.2,0,two_signals,0.9584416532152708,0.9963017624176527,0.041047587296331844,17,0,6736,267,41,4.92,1.7053025658242404e-13,1.0000000000000002
384,quiet,21001,0.2,0,shuffled,0.9483595864387429,0.9709321252444779,0.05429010641060772,22,0,7352,267,118,14.16,1.1368683772161603e-13,1.0000000000000002
384,quiet,21002,0.2,0,autonomous,0.8627517802187207,0.21907510993290988,0.1379567834978428,60,0,0,0,0,0.0,1.7053025658242404e-13,1.0000000000000004
384,quiet,21002,0.2,0,level,0.8977294054454346,0.33473812474579395,0.10530764982462226,44,0,15536,632,46,5.52,1.7053025658242404e-13,1.0000000000000004
384,quiet,21002,0.2,0,persistent,0.8952342366791176,0.5277354825527824,0.10749123147884831,46,0,16184,656,55,6.6,1.7053025658242404e-13,1.0000000000000002
384,quiet,21002,0.2,0,two_signals,0.8954848456031398,0.5285199055661652,0.107416612661282,48,0,16400,665,55,6.6,1.7053025658242404e-13,1.0000000000000002
384,quiet,21002,0.2,0,shuffled,0.8953700327143594,0.5947517901577082,0.09677451186892749,42,0,18184,665,278,33.36,1.7053025658242404e-13,1.0000000000000002
384,quiet,21003,0.2,0,autonomous,0.8842500585367586,0.3215036486005629,0.11489247045983597,55,0,0,0,0,0.0,1.7053025658242404e-13,1.0000000000000002
384,quiet,21003,0.2,0,level,0.9099095066980404,0.8139913417842165,0.08825487928197295,47,0,17320,705,50,6.0,1.7053025658242404e-13,1.0000000000000004
384,quiet,21003,0.2,0,persistent,0.9094513354036522,0.8377734694369219,0.09019935449392769,43,0,15072,617,33,3.96,1.7053025658242404e-13,1.0000000000000002
384,quiet,21003,0.2,0,two_signals,0.909061216547108,0.838377938443442,0.09060906365556032,44,0,14960,613,31,3.7199999999999998,1.7053025658242404e-13,1.0000000000000002
384,quiet,21003,0.2,0,shuffled,0.9157688689453656,0.7546452716439076,0.08240809697631402,36,0,16592,613,235,28.2,1.7053025658242404e-13,1.0000000000000002
384,quiet,21004,0.2,0,autonomous,0.9146533023320872,0.7802944504935624,0.08446660335390277,37,0,0,0,0,0.0,1.7053025658242404e-13,1.0000000000000004
384,quiet,21004,0.2,0,level,0.9493226021146685,0.955921641614684,0.050036009907441836,28,0,10296,419,30,3.5999999999999996,1.7053025658242404e-13,1.0000000000000004
384,quiet,21004,0.2,0,persistent,0.9505991441387964,0.9871254269812016,0.04926461724033826,26,0,9856,397,41,4.92,1.7053025658242404e-13,1.0000000000000004
384,quiet,21004,0.2,0,two_signals,0.9516251628945243,0.9893373744772205,0.04793614882991826,24,0,9368,377,40,4.8,1.7053025658242404e-13,1.0000000000000004
384,quiet,21004,0.2,0,shuffled,0.9336436226054674,0.8770913248345213,0.06778375584762408,29,0,10360,377,164,19.68,2.2737367544323206e-13,1.0000000000000002
384,quiet,21005,0.2,0,autonomous,0.9462657369043304,0.9406034046757853,0.05316784907467664,30,0,0,0,0,0.0,1.7053025658242404e-13,1.0000000000000004
384,quiet,21005,0.2,0,level,0.9608541890163727,1.0,0.03931239835460609,19,0,6840,280,15,1.7999999999999998,1.7053025658242404e-13,1.0000000000000004
384,quiet,21005,0.2,0,persistent,0.96009559684319,0.9929747735062044,0.03934740818624338,19,0,7288,292,35,4.2,1.7053025658242404e-13,1.0000000000000004
384,quiet,21005,0.2,0,two_signals,0.96009559684319,0.9929747735062044,0.03934740818624338,19,0,7216,289,35,4.2,1.7053025658242404e-13,1.0000000000000004
384,quiet,21005,0.2,0,shuffled,0.9522772667705703,0.967472982211843,0.04219519577565245,21,0,8000,289,133,15.959999999999999,1.7053025658242404e-13,1.0000000000000002
384,quiet,21006,0.2,0,autonomous,0.8506128313753287,0.08698734028890776,0.15113911556939286,66,0,0,0,0,0.0,1.7053025658242404e-13,1.0000000000000002
384,quiet,21006,0.2,0,level,0.8744085707879106,0.20521258052889504,0.1273878620655754,69,0,23344,960,38,4.56,1.7053025658242404e-13,1.0000000000000004
384,quiet,21006,0.2,0,persistent,0.8783146014980013,0.22965998435288498,0.12133498200257264,51,0,18088,739,44,5.279999999999999,1.7053025658242404e-13,1.0000000000000002
384,quiet,21006,0.2,0,two_signals,0.8716950556015624,0.229086169358435,0.13027040280054059,54,0,18696,763,48,5.76,1.7053025658242404e-13,1.0000000000000002
384,quiet,21006,0.2,0,shuffled,0.8769806054089405,0.286571430202908,0.12630894171591955,53,0,20880,763,321,38.519999999999996,1.7053025658242404e-13,1.0000000000000004
384,quiet,21007,0.2,0,autonomous,0.9372285142612622,0.9818700719046437,0.06096812567481413,25,0,0,0,0,0.0,1.7053025658242404e-13,1.0000000000000002
384,quiet,21007,0.2,0,level,0.9629725478897679,0.9985436119773943,0.036791855596894574,17,0,7528,293,62,7.4399999999999995,1.7053025658242404e-13,1.0000000000000002
384,quiet,21007,0.2,0,persistent,0.9603891372910016,1.0,0.0394078965225112,17,0,6416,259,25,3.0,1.7053025658242404e-13,1.0000000000000002
384,quiet,21007,0.2,0,two_signals,0.9603891372910016,1.0,0.0394078965225112,17,0,6152,248,25,3.0,1.7053025658242404e-13,1.0000000000000002
384,quiet,21007,0.2,0,shuffled,0.944943311349766,0.9892526168764096,0.05544727325590648,24,0,6760,248,101,12.12,1.7053025658242404e-13,1.0000000000000002
384,quiet,21008,0.2,0,autonomous,0.9007340840678197,0.755462383810355,0.09931244749076562,41,0,0,0,0,0.0,1.7053025658242404e-13,1.0000000000000002
384,quiet,21008,0.2,0,level,0.9092535035993299,0.8161379468223734,0.09100152554640728,38,0,13640,562,19,2.28,1.7053025658242404e-13,1.0000000000000002
384,quiet,21008,0.2,0,persistent,0.91042068916222,0.8161379468223734,0.08986788516351141,38,0,13424,551,25,3.0,1.7053025658242404e-13,1.0000000000000002
384,quiet,21008,0.2,0,two_signals,0.9117541649595341,0.8214096842062264,0.0886674527593011,36,0,12736,524,20,2.4,1.7053025658242404e-13,1.0000000000000004
384,quiet,21008,0.2,0,shuffled,0.9051838311672245,0.6704439695707398,0.09436847091081846,39,0,14280,524,213,25.56,1.7053025658242404e-13,1.0000000000000002
384,quiet,21009,0.2,0,autonomous,0.9157712136121323,0.8188525760425776,0.08450024938762835,52,0,0,0,0,0.0,1.7053025658242404e-13,1.0000000000000004
384,quiet,21009,0.2,0,level,0.9353364126039867,0.9040368690450296,0.06669297514978556,41,0,13408,548,32,3.84,1.7053025658242404e-13,1.0000000000000002
384,quiet,21009,0.2,0,persistent,0.9350036131157222,0.8920965187384453,0.06709034378159395,40,0,12952,530,29,3.48,1.7053025658242404e-13,1.0000000000000002
384,quiet,21009,0.2,0,two_signals,0.936838336985036,0.9068343254284391,0.06410759035088609,38,0,12736,520,32,3.84,1.1368683772161603e-13,1.0000000000000002
384,quiet,21009,0.2,0,shuffled,0.940803936924524,0.9643340160762885,0.055404422817783794,24,0,14192,520,214,25.68,1.7053025658242404e-13,1.0000000000000002
384,quiet,21010,0.2,0,autonomous,0.906179828882489,0.7659055380959627,0.09269834094138918,39,0,0,0,0,0.0,1.7053025658242404e-13,1.0000000000000002
384,quiet,21010,0.2,0,level,0.9283234896107133,0.8535994286554586,0.07255675615841772,39,0,13608,556,33,3.96,1.7053025658242404e-13,1.0000000000000002
384,quiet,21010,0.2,0,persistent,0.9258165451109809,0.8605797790831906,0.07559533527011508,42,0,14480,591,37,4.4399999999999995,1.7053025658242404e-13,1.0000000000000002
384,quiet,21010,0.2,0,two_signals,0.9258165451109809,0.8605797790831906,0.07559533527011508,42,0,14432,589,37,4.4399999999999995,1.7053025658242404e-13,1.0000000000000002
384,quiet,21010,0.2,0,shuffled,0.9274840629593881,0.8529958828072123,0.06677507667051441,32,0,16176,589,255,30.599999999999998,1.7053025658242404e-13,1.0000000000000002
384,quiet,21011,0.2,0,autonomous,0.8881386137692141,0.4661640294007208,0.11129283939313195,57,0,0,0,0,0.0,1.7053025658242404e-13,1.0000000000000004
384,quiet,21011,0.2,0,level,0.9282927387197155,0.779610774934366,0.07122478780521269,35,0,13048,529,44,5.279999999999999,1.1368683772161603e-13,1.0000000000000002
384,quiet,21011,0.2,0,persistent,0.9258354671187983,0.8458019063594022,0.07330591354396176,37,0,13392,546,36,4.32,1.7053025658242404e-13,1.0000000000000002
384,quiet,21011,0.2,0,two_signals,0.9251115032861581,0.8458019063594022,0.07402322819547602,37,0,13176,537,36,4.32,1.7053025658242404e-13,1.0000000000000002
384,quiet,21011,0.2,0,shuffled,0.915239965984756,0.7525339722828777,0.07953448138261998,41,0,14440,537,194,23.279999999999998,1.7053025658242404e-13,1.0000000000000004
384,quiet,21012,0.2,0,autonomous,0.9050428709978632,0.7688384310534622,0.09535462834554209,41,0,0,0,0,0.0,1.7053025658242404e-13,1.0000000000000004
384,quiet,21012,0.2,0,level,0.9317851870948642,0.9015032323939556,0.07063714218989581,35,0,12712,516,41,4.92,1.7053025658242404e-13,1.0000000000000002
384,quiet,21012,0.2,0,persistent,0.9264552559009805,0.8518910035228164,0.0731770450952266,34,0,12200,494,43,5.16,2.2737367544323206e-13,1.0000000000000002
384,quiet,21012,0.2,0,two_signals,0.9264552559009805,0.8518910035228164,0.0731770450952266,34,0,12032,487,43,5.16,2.2737367544323206e-13,1.0000000000000002
384,quiet,21012,0.2,0,shuffled,0.9251180494644213,0.8147084052764477,0.07445855605195406,34,0,13336,487,206,24.72,1.7053025658242404e-13,1.0000000000000002
384,quiet,21013,0.2,0,autonomous,0.9074889391312047,0.777687748858089,0.09355939433819993,49,0,0,0,0,0.0,2.2737367544323206e-13,1.0000000000000002
384,quiet,21013,0.2,0,level,0.9401914818840559,0.9190034001970097,0.061730458126489696,30,0,11416,462,41,4.92,1.7053025658242404e-13,1.0000000000000004
384,quiet,21013,0.2,0,persistent,0.9350978395875368,0.9235063150591821,0.06794593186318532,38,0,12376,506,29,3.48,1.7053025658242404e-13,1.0000000000000004
384,quiet,21013,0.2,0,two_signals,0.9350978395875368,0.9235063150591821,0.06794593186318532,38,0,12232,500,29,3.48,1.7053025658242404e-13,1.0000000000000004
384,quiet,21013,0.2,0,shuffled,0.9294208511428341,0.8726274278129741,0.0727933422339132,36,0,13536,500,192,23.04,1.7053025658242404e-13,1.0000000000000004
384,quiet,21014,0.2,0,autonomous,0.845296949675359,0.04118588493372907,0.15461974306489046,65,0,0,0,0,0.0,1.7053025658242404e-13,1.0000000000000004
384,quiet,21014,0.2,0,level,0.8863659741040703,0.34493426043470377,0.11595706832688779,49,0,19192,771,86,10.32,1.7053025658242404e-13,1.0000000000000002
384,quiet,21014,0.2,0,persistent,0.88971365761677,0.39321677462075694,0.1105835478873507,48,0,18080,734,58,6.96,1.7053025658242404e-13,1.0000000000000002
384,quiet,21014,0.2,0,two_signals,0.8887215632868821,0.39321677462075694,0.11277472705626945,49,0,17832,724,57,6.84,1.7053025658242404e-13,1.0000000000000002
384,quiet,21014,0.2,0,shuffled,0.8983735917034175,0.4652701182088585,0.0972555526670037,41,0,19832,724,307,36.839999999999996,1.7053025658242404e-13,1.0000000000000002
384,quiet,21015,0.2,0,autonomous,0.862142593270482,0.13229966856872835,0.1374027167861519,58,0,0,0,0,0.0,1.7053025658242404e-13,1.0000000000000002
384,quiet,21015,0.2,0,level,0.8936415672339152,0.3320649005234072,0.10463883882738145,40,0,14760,602,39,4.68,1.7053025658242404e-13,1.0000000000000002
384,quiet,21015,0.2,0,persistent,0.8835525562838493,0.3310894614441119,0.11669700913014935,51,0,17688,725,36,4.32,1.7053025658242404e-13,1.0000000000000002
384,quiet,21015,0.2,0,two_signals,0.8835525562838493,0.3310894614441119,0.11669700913014935,51,0,17568,720,36,4.32,1.7053025658242404e-13,1.0000000000000002
384,quiet,21015,0.2,0,shuffled,0.9050911960284679,0.6662062806873743,0.09298103650760747,37,0,19944,720,333,39.96,1.7053025658242404e-13,1.0000000000000002
384,quiet,21016,0.2,0,autonomous,0.8670554476610153,0.24218115067835266,0.13318396573574331,55,0,0,0,0,0.0,1.7053025658242404e-13,1.0000000000000004
384,quiet,21016,0.2,0,level,0.880805000641918,0.3371702210110714,0.12108694909278683,52,0,17992,740,29,3.48,1.7053025658242404e-13,1.0000000000000004
384,quiet,21016,0.2,0,persistent,0.8825875103800179,0.3835629291924089,0.11964533559634427,53,0,17776,730,32,3.84,1.7053025658242404e-13,1.0000000000000004
384,quiet,21016,0.2,0,two_signals,0.8826418692007325,0.3835629291924089,0.1196006285116682,53,0,17696,727,31,3.7199999999999998,2.2737367544323206e-13,1.0000000000000004
384,quiet,21016,0.2,0,shuffled,0.8805585469705,0.3275898407358866,0.11608005621287143,47,0,19424,727,247,29.64,1.7053025658242404e-13,1.0000000000000004
384,quiet,21017,0.2,0,autonomous,0.889660415883991,0.4433024345663602,0.11267622797885524,51,0,0,0,0,0.0,1.7053025658242404e-13,1.0000000000000002
384,quiet,21017,0.2,0,level,0.9040426326414445,0.5330350051303357,0.1000185881739033,49,0,15896,652,31,3.7199999999999998,1.7053025658242404e-13,1.0000000000000002
384,quiet,21017,0.2,0,persistent,0.9045589166605662,0.6258651164143383,0.10019342198027215,55,0,17448,715,36,4.32,1.7053025658242404e-13,1.0000000000000002
384,quiet,21017,0.2,0,two_signals,0.9036772844587206,0.6258651164143383,0.10096625596080155,57,0,17912,735,34,4.08,1.7053025658242404e-13,1.0000000000000002
384,quiet,21017,0.2,0,shuffled,0.9093581472834436,0.782787342331896,0.09324254846382518,44,0,20256,735,327,39.24,1.1368683772161603e-13,1.0000000000000002
384,quiet,21018,0.2,0,autonomous,0.8863515549724161,0.40205453336293406,0.11409671701464774,54,0,0,0,0,0.0,1.7053025658242404e-13,1.0000000000000004
384,quiet,21018,0.2,0,level,0.9191843745531071,0.8542044322709147,0.08235653453877423,43,0,14648,599,34,4.08,1.7053025658242404e-13,1.0000000000000004
384,quiet,21018,0.2,0,persistent,0.9152347356496277,0.8294743619349225,0.08595701739005224,40,0,14088,574,39,4.68,1.7053025658242404e-13,1.0000000000000002
384,quiet,21018,0.2,0,two_signals,0.9157436413285976,0.8294743619349225,0.08581252395954941,40,0,13928,568,37,4.4399999999999995,1.7053025658242404e-13,1.0000000000000004
384,quiet,21018,0.2,0,shuffled,0.9140412339135028,0.8121928435457174,0.08390144072190975,42,0,15600,568,246,29.52,1.7053025658242404e-13,1.0000000000000004
384,quiet,21019,0.2,0,autonomous,0.9224709338631897,0.8253842157929139,0.0788144394039566,35,0,0,0,0,0.0,1.7053025658242404e-13,1.0000000000000004
384,quiet,21019,0.2,0,level,0.9496683389218377,0.9952584294710404,0.05247313415569532,25,0,9600,379,63,7.56,1.7053025658242404e-13,1.0000000000000002
384,quiet,21019,0.2,0,persistent,0.9541836005487123,0.9618976481326874,0.048389654097686696,27,0,8920,355,50,6.0,1.7053025658242404e-13,1.0000000000000004
384,quiet,21019,0.2,0,two_signals,0.9457748010969,0.9597477373391851,0.057689717790904926,32,0,10200,401,72,8.64,1.7053025658242404e-13,1.0000000000000004
384,quiet,21019,0.2,0,shuffled,0.9544191906150657,0.99794132047522,0.03621877419953978,19,0,11208,401,198,23.759999999999998,1.7053025658242404e-13,1.0000000000000002
384,transient,21000,0.2,0,autonomous,0.8576803459206844,0.06383741837174228,0.12718523324905107,56,0,0,0,0,0.0,1.7053025658242404e-13,1.0000000000000002
384,transient,21000,0.2,0,level,0.8835088670514211,0.36289561025624995,0.10474120906622042,54,0,21888,889,69,8.28,1.7053025658242404e-13,1.0000000000000004
384,transient,21000,0.2,0,persistent,0.8805724450324898,0.40023033075290215,0.10421796976745201,58,0,22624,918,74,8.879999999999999,2.2737367544323206e-13,1.0000000000000002
384,transient,21000,0.2,0,two_signals,0.8796450149581682,0.39775885556788254,0.10672224934024277,57,0,21280,864,68,8.16,1.7053025658242404e-13,1.0000000000000002
384,transient,21000,0.2,0,shuffled,0.8832406352782829,0.5005228037941662,0.10259647574132225,49,0,23752,864,377,45.239999999999995,1.7053025658242404e-13,1.0000000000000002
384,transient,21001,0.2,0,autonomous,0.910477933281146,0.7685452670104232,0.07017227891714417,30,0,0,0,0,0.0,1.1368683772161603e-13,1.0000000000000002
384,transient,21001,0.2,0,level,0.9481471963006594,0.9162997001860342,0.03859113088799071,21,0,11232,443,75,9.0,1.7053025658242404e-13,1.0000000000000004
384,transient,21001,0.2,0,persistent,0.9469162469477624,0.9140502902184063,0.03844332145356666,18,0,10352,408,70,8.4,1.7053025658242404e-13,1.0000000000000004
384,transient,21001,0.2,0,two_signals,0.9463552716804631,0.9140502902184063,0.03910194321701865,20,0,9144,359,66,7.92,1.7053025658242404e-13,1.0000000000000004
384,transient,21001,0.2,0,shuffled,0.938652005244574,0.8662426308816242,0.044085224188885164,18,0,10032,359,177,21.24,1.1368683772161603e-13,1.0000000000000004
384,transient,21002,0.2,0,autonomous,0.8340918236387248,0.1574810309500826,0.13890301910352698,61,0,0,0,0,0.0,1.7053025658242404e-13,1.0000000000000002
384,transient,21002,0.2,0,level,0.8964182555275272,0.6803710841005235,0.07568387154054301,31,0,18528,736,108,12.959999999999999,1.7053025658242404e-13,1.0000000000000004
384,transient,21002,0.2,0,persistent,0.8961561024633817,0.666237418874163,0.0734616844666166,29,0,17240,687,94,11.28,1.7053025658242404e-13,1.0000000000000004
384,transient,21002,0.2,0,two_signals,0.8956500836122909,0.6188796097507014,0.07392945422877895,30,0,15464,612,97,11.639999999999999,1.7053025658242404e-13,1.0000000000000004
384,transient,21002,0.2,0,shuffled,0.895887231944195,0.634753482887392,0.06897678534599483,28,0,17200,612,314,37.68,1.7053025658242404e-13,1.0000000000000002
384,transient,21003,0.2,0,autonomous,0.8688323315027667,0.2735120938832021,0.11563778445274941,55,0,0,0,0,0.0,1.7053025658242404e-13,1.0000000000000002
384,transient,21003,0.2,0,level,0.9021757114191503,0.7411298498023784,0.07806277793859073,41,0,19208,774,79,9.48,1.7053025658242404e-13,1.0000000000000002
384,transient,21003,0.2,0,persistent,0.9006540436741632,0.779477151615429,0.0832892641900922,42,0,17072,694,52,6.24,1.7053025658242404e-13,1.0000000000000002
384,transient,21003,0.2,0,two_signals,0.8997972681861507,0.7567771315458485,0.08356551085583785,43,0,16072,653,50,6.0,1.1368683772161603e-13,1.0000000000000002
384,transient,21003,0.2,0,shuffled,0.9068394825660323,0.6666446011122463,0.07392163657135076,31,0,18216,653,318,38.16,1.7053025658242404e-13,1.0000000000000002
384,transient,21004,0.2,0,autonomous,0.8983950534959223,0.6140387178784413,0.08537949348829876,37,0,0,0,0,0.0,1.7053025658242404e-13,1.0000000000000004
384,transient,21004,0.2,0,level,0.9490299843725,0.8921936495644203,0.03284371462380575,23,0,12640,503,71,8.52,1.7053025658242404e-13,1.0000000000000004
384,transient,21004,0.2,0,persistent,0.9496597526865254,0.9024962429388305,0.029720249165033463,16,0,10920,428,81,9.719999999999999,1.7053025658242404e-13,1.0000000000000002
384,transient,21004,0.2,0,two_signals,0.9493614284235246,0.9021232262614228,0.03000505463559655,17,0,9536,371,79,9.48,1.7053025658242404e-13,1.0000000000000002
384,transient,21004,0.2,0,shuffled,0.9391839421903674,0.8741357858114285,0.04517145300580372,25,0,10808,371,238,28.56,1.7053025658242404e-13,1.0000000000000004
384,transient,21005,0.2,0,autonomous,0.9220756555963056,0.8462862003520261,0.05514183778366044,31,0,0,0,0,0.0,1.7053025658242404e-13,1.0000000000000002
384,transient,21005,0.2,0,level,0.9582029351492782,0.9499463270732897,0.030047411815455893,13,0,8872,350,59,7.08,1.7053025658242404e-13,1.0000000000000004
384,transient,21005,0.2,0,persistent,0.9564900086791871,0.9176797484410477,0.023220602393288492,14,0,9712,378,80,9.6,1.7053025658242404e-13,1.0000000000000004
384,transient,21005,0.2,0,two_signals,0.9580559194582403,0.9157095209875342,0.021011658858205107,14,0,8600,332,79,9.48,1.7053025658242404e-13,1.0000000000000004
384,transient,21005,0.2,0,shuffled,0.9458980689347082,0.8844698715002057,0.03142924220525545,15,0,9552,332,198,23.759999999999998,1.7053025658242404e-13,1.0000000000000004
384,transient,21006,0.2,0,autonomous,0.8265376884126361,0.0656728993269173,0.15387521092857692,67,0,0,0,0,0.0,1.7053025658242404e-13,1.0000000000000002
384,transient,21006,0.2,0,level,0.8658144950277628,0.42461442068403144,0.11402310099104884,64,0,27000,1092,99,11.879999999999999,1.1368683772161603e-13,1.0000000000000002
384,transient,21006,0.2,0,persistent,0.8654770787944334,0.22620858480998796,0.11188299662071088,50,0,22680,914,93,11.16,1.7053025658242404e-13,1.0000000000000004
384,transient,21006,0.2,0,two_signals,0.8636926804102046,0.25295688370103536,0.11184949909163255,49,0,20768,835,91,10.92,1.1368683772161603e-13,1.0000000000000002
384,transient,21006,0.2,0,shuffled,0.8692538035964235,0.316503693787715,0.1113101332616806,50,0,22880,835,355,42.6,1.7053025658242404e-13,1.0000000000000004
384,transient,21007,0.2,0,autonomous,0.9241309011622275,0.8660682020975488,0.06303811115121116,26,0,0,0,0,0.0,1.7053025658242404e-13,1.0000000000000002
384,transient,21007,0.2,0,level,0.955828214540327,0.9491021865905809,0.029609186395971543,14,0,8976,354,60,7.199999999999999,1.7053025658242404e-13,1.0000000000000004
384,transient,21007,0.2,0,persistent,0.9515269611463666,0.9290653466684518,0.03319302203776653,16,0,8632,344,47,5.64,1.7053025658242404e-13,1.0000000000000004
384,transient,21007,0.2,0,two_signals,0.9523013103995914,0.9457871170951938,0.03171964235893343,15,0,6704,264,46,5.52,1.7053025658242404e-13,1.0000000000000004
384,transient,21007,0.2,0,shuffled,0.9374537592185322,0.9023067579217279,0.05169533134497295,22,0,7488,264,144,17.28,1.7053025658242404e-13,1.0000000000000004
384,transient,21008,0.2,0,autonomous,0.8867560398176622,0.5768114050518203,0.09992662473624858,41,0,0,0,0,0.0,1.7053025658242404e-13,1.0000000000000002
384,transient,21008,0.2,0,level,0.9048441133969506,0.8008189747541183,0.08450711418401502,36,0,14808,602,45,5.3999999999999995,1.1368683772161603e-13,1.0000000000000004
384,transient,21008,0.2,0,persistent,0.9054272190163372,0.8074430125254003,0.08293567011647596,33,0,14720,592,64,7.68,1.7053025658242404e-13,1.0000000000000004
384,transient,21008,0.2,0,two_signals,0.9053125471578181,0.8161379468223734,0.08335384151452774,33,0,13544,546,55,6.6,1.7053025658242404e-13,1.0000000000000004
384,transient,21008,0.2,0,shuffled,0.8967904514607137,0.7807886245678575,0.08931040365979026,35,0,15128,546,253,30.36,1.7053025658242404e-13,1.0000000000000004
384,transient,21009,0.2,0,autonomous,0.8924080068329874,0.658681845091267,0.08658895015745216,53,0,0,0,0,0.0,1.7053025658242404e-13,1.0000000000000004
384,transient,21009,0.2,0,level,0.9319283797383641,0.879112688961358,0.048333749910368984,25,0,14848,591,83,9.959999999999999,1.1368683772161603e-13,1.0000000000000002
384,transient,21009,0.2,0,persistent,0.9313570951955462,0.8542798729048746,0.04893234641417554,25,0,13328,532,70,8.4,1.7053025658242404e-13,1.0000000000000002
384,transient,21009,0.2,0,two_signals,0.9312468120181939,0.871965168032928,0.04977715904579039,25,0,11936,475,67,8.04,1.1368683772161603e-13,1.0000000000000002
384,transient,21009,0.2,0,shuffled,0.92981666705988,0.8844647192502177,0.04860282300327401,22,0,13208,475,226,27.119999999999997,1.7053025658242404e-13,1.0000000000000002
384,transient,21010,0.2,0,autonomous,0.883626671923834,0.5078952067960402,0.09853076523290571,41,0,0,0,0,0.0,1.7053025658242404e-13,1.0000000000000004
384,transient,21010,0.2,0,level,0.9279937961429978,0.8475314055196314,0.05176233891540982,28,0,15328,614,74,8.879999999999999,1.7053025658242404e-13,1.0000000000000002
384,transient,21010,0.2,0,persistent,0.9221567917454443,0.8424207602625585,0.053728868384743556,32,0,15992,642,73,8.76,1.7053025658242404e-13,1.0000000000000002
384,transient,21010,0.2,0,two_signals,0.918971577387518,0.8398971398523549,0.05924565817361327,33,0,14816,595,67,8.04,1.7053025658242404e-13,1.0000000000000002
384,transient,21010,0.2,0,shuffled,0.9144749160530119,0.7984477688457072,0.06813236053406435,30,0,16608,595,291,34.92,1.7053025658242404e-13,1.0000000000000002
384,transient,21011,0.2,0,autonomous,0.8671945378462256,0.35256534988657345,0.11347379128695079,57,0,0,0,0,0.0,1.7053025658242404e-13,1.0000000000000002
384,transient,21011,0.2,0,level,0.9217955589922813,0.8090872627886212,0.05469246667200478,26,0,15224,603,94,11.28,1.7053025658242404e-13,1.0000000000000004
384,transient,21011,0.2,0,persistent,0.9225541648342958,0.8096570508444862,0.05149559924754443,25,0,15368,612,85,10.2,1.7053025658242404e-13,1.0000000000000002
384,transient,21011,0.2,0,two_signals,0.922123978169033,0.8096570508444862,0.05241790301291116,27,0,13472,534,82,9.84,1.7053025658242404e-13,1.0000000000000002
384,transient,21011,0.2,0,shuffled,0.9136897380246821,0.7324891318091382,0.06217325641004212,35,0,15248,534,304,36.48,1.7053025658242404e-13,1.0000000000000004
384,transient,21012,0.2,0,autonomous,0.8822988353771514,0.5403744334389092,0.09616642955741506,42,0,0,0,0,0.0,1.7053025658242404e-13,1.0000000000000002
384,transient,21012,0.2,0,level,0.9253400625498386,0.8364554296752964,0.05371734026938246,26,0,15656,622,91,10.92,1.7053025658242404e-13,1.0000000000000004
384,transient,21012,0.2,0,persistent,0.9207149248754366,0.7922908881336768,0.054697880164799595,27,0,14944,595,83,9.959999999999999,1.7053025658242404e-13,1.0000000000000004
384,transient,21012,0.2,0,two_signals,0.9204536621501114,0.7922908881336768,0.05506795236787654,27,0,13200,524,78,9.36,1.7053025658242404e-13,1.0000000000000004
384,transient,21012,0.2,0,shuffled,0.9196712273319074,0.7749709836068721,0.06271588688148744,30,0,14680,524,263,31.56,1.7053025658242404e-13,1.0000000000000002
384,transient,21013,0.2,0,autonomous,0.8857972498446237,0.6402907942999579,0.09505450811478833,50,0,0,0,0,0.0,1.7053025658242404e-13,1.0000000000000004
384,transient,21013,0.2,0,level,0.9257662917905075,0.8487326686090084,0.056139351553783245,31,0,15672,630,69,8.28,1.1368683772161603e-13,1.0000000000000004
384,transient,21013,0.2,0,persistent,0.9309963077125063,0.8444655193972481,0.04283777319704307,24,0,14184,569,66,7.92,1.7053025658242404e-13,1.0000000000000002
384,transient,21013,0.2,0,two_signals,0.9296928123874372,0.8321449707956927,0.045344048245942514,28,0,12592,505,59,7.08,1.7053025658242404e-13,1.0000000000000002
384,transient,21013,0.2,0,shuffled,0.9204889445147055,0.8329623089587969,0.0584443737408159,30,0,14136,505,252,30.24,1.7053025658242404e-13,1.0000000000000004
384,transient,21014,0.2,0,autonomous,0.821715474151395,0.028747892972001955,0.15566686606694902,66,0,0,0,0,0.0,1.7053025658242404e-13,1.0000000000000002
384,transient,21014,0.2,0,level,0.885413605326549,0.5500706189165308,0.09005696551127784,40,0,22088,875,136,16.32,1.7053025658242404e-13,1.0000000000000004
384,transient,21014,0.2,0,persistent,0.8806583446959367,0.5500133439213329,0.09443944907854795,43,0,21528,863,102,12.24,1.7053025658242404e-13,1.0000000000000002
384,transient,21014,0.2,0,two_signals,0.8778415296840373,0.4751758016030048,0.09851656856545066,43,0,19824,793,99,11.879999999999999,1.7053025658242404e-13,1.0000000000000002
384,transient,21014,0.2,0,shuffled,0.8886422679749844,0.5052253978204878,0.08969616227407495,41,0,22368,793,417,50.04,1.7053025658242404e-13,1.0000000000000002
384,transient,21015,0.2,0,autonomous,0.8417205258472951,0.08433245543896326,0.13941443093441053,58,0,0,0,0,0.0,1.7053025658242404e-13,1.0000000000000002
384,transient,21015,0.2,0,level,0.8877429080140828,0.48888856596513436,0.0910090512196291,33,0,16928,685,61,7.319999999999999,1.7053025658242404e-13,1.0000000000000004
384,transient,21015,0.2,0,persistent,0.8942876383075963,0.6911823418962383,0.07869862511158587,33,0,17112,686,81,9.719999999999999,1.1368683772161603e-13,1.0000000000000002
384,transient,21015,0.2,0,two_signals,0.8929003347828385,0.6951764586313065,0.08177799853734502,35,0,15816,634,75,9.0,1.1368683772161603e-13,1.0000000000000002
384,transient,21015,0.2,0,shuffled,0.8935576952550246,0.5882345511000813,0.08956603396968188,32,0,17968,634,344,41.28,1.7053025658242404e-13,1.0000000000000004
384,transient,21016,0.2,0,autonomous,0.8491891413353972,0.09650967292822643,0.13543784099299194,55,0,0,0,0,0.0,1.7053025658242404e-13,1.0000000000000004
384,transient,21016,0.2,0,level,0.8782238895503669,0.32945749495448207,0.10757569800943334,44,0,19120,778,56,6.72,1.7053025658242404e-13,1.0000000000000004
384,transient,21016,0.2,0,persistent,0.8750706440492538,0.3774564962771619,0.10551079920866502,42,0,18856,766,59,7.08,2.2737367544323206e-13,1.0000000000000004
384,transient,21016,0.2,0,two_signals,0.8745698288922901,0.36489474974921615,0.10845885430314839,43,0,17328,705,51,6.12,1.7053025658242404e-13,1.0000000000000004
384,transient,21016,0.2,0,shuffled,0.8777857784552133,0.3819176684881018,0.1051758960236514,44,0,19376,705,307,36.839999999999996,1.7053025658242404e-13,1.0000000000000004
384,transient,21017,0.2,0,autonomous,0.8608349693190994,0.3034095103454802,0.11506977543344743,52,0,0,0,0,0.0,1.7053025658242404e-13,1.0000000000000002
384,transient,21017,0.2,0,level,0.8972404470717554,0.5807997742413437,0.0755147920754885,34,0,18544,750,68,8.16,1.1368683772161603e-13,1.0000000000000002
384,transient,21017,0.2,0,persistent,0.8887879688993382,0.6698755299153424,0.08757879958505788,47,0,20536,836,59,7.08,1.7053025658242404e-13,1.0000000000000004
384,transient,21017,0.2,0,two_signals,0.8890218456070418,0.6622291842583418,0.08693970870865997,46,0,18568,756,53,6.359999999999999,1.7053025658242404e-13,1.0000000000000004
384,transient,21017,0.2,0,shuffled,0.8942134970263673,0.723814830177593,0.08189908166214888,35,0,20888,756,343,41.16,1.1368683772161603e-13,1.0000000000000002
384,transient,21018,0.2,0,autonomous,0.8675066158024962,0.24843976819506938,0.1150957452268343,54,0,0,0,0,0.0,1.7053025658242404e-13,1.0000000000000004
384,transient,21018,0.2,0,level,0.9172437124269407,0.8345527597631447,0.06617054624250096,35,0,16480,660,80,9.6,1.7053025658242404e-13,1.0000000000000004
384,transient,21018,0.2,0,persistent,0.9148738105744083,0.8014705614184058,0.06613572870381002,31,0,15552,621,81,9.719999999999999,1.7053025658242404e-13,1.0000000000000004
384,transient,21018,0.2,0,two_signals,0.9130399806703989,0.8014705614184058,0.06831389938131283,31,0,14536,579,80,9.6,1.7053025658242404e-13,1.0000000000000004
384,transient,21018,0.2,0,shuffled,0.9079938295300469,0.7670399431610208,0.07529068728432098,36,0,16552,579,332,39.839999999999996,1.7053025658242404e-13,1.0000000000000002
384,transient,21019,0.2,0,autonomous,0.895187898785264,0.7037503254076857,0.08035331169298765,38,0,0,0,0,0.0,1.7053025658242404e-13,1.0000000000000004
384,transient,21019,0.2,0,level,0.9429287520125897,0.9003745280115396,0.04082122907317409,19,0,12624,486,120,14.399999999999999,1.7053025658242404e-13,1.0000000000000004
384,transient,21019,0.2,0,persistent,0.9447878554344723,0.8936941060008249,0.03393419654425733,20,0,11776,464,80,9.6,1.7053025658242404e-13,1.0000000000000002
384,transient,21019,0.2,0,two_signals,0.944950828475785,0.8824076835512886,0.03067870778711068,19,0,10416,406,84,10.08,1.7053025658242404e-13,1.0000000000000004
384,transient,21019,0.2,0,shuffled,0.9403703483035999,0.9001422955064273,0.0418513489865433,18,0,11776,406,254,30.48,1.7053025658242404e-13,1.0000000000000004
384,mixed,21000,0.2,0,autonomous,0.8231323008578587,0.026174153750932107,0.13850330303952552,60,0,0,0,0,0.0,1.7053025658242404e-13,1.0000000000000002
384,mixed,21000,0.2,0,level,0.854299403604781,0.22419296047054735,0.1078532604482445,55,0,27232,1099,107,12.84,1.7053025658242404e-13,1.0000000000000004
384,mixed,21000,0.2,0,persistent,0.8500179404255565,0.2747540479586349,0.10917101666564977,60,0,27416,1111,94,11.28,1.7053025658242404e-13,1.0000000000000004
384,mixed,21000,0.2,0,two_signals,0.849354789802992,0.2731298925779267,0.10962921230365685,61,0,24664,998,89,10.68,1.7053025658242404e-13,1.0000000000000002
384,mixed,21000,0.2,0,shuffled,0.8469924908587205,0.2392892310318121,0.11527457645682626,53,0,27496,998,443,53.16,1.7053025658242404e-13,1.0000000000000002
384,mixed,21001,0.2,0,autonomous,0.861858225156287,0.47449185475556743,0.08896231817043176,38,0,0,0,0,0.0,1.1368683772161603e-13,1.0000000000000004
384,mixed,21001,0.2,0,level,0.9040397097576344,0.6916028784812338,0.03916337722405516,20,0,19312,771,101,12.12,1.7053025658242404e-13,1.0000000000000004
384,mixed,21001,0.2,0,persistent,0.9005272859055733,0.6986635551412136,0.04521304063522724,21,0,18224,732,82,9.84,1.1368683772161603e-13,1.0000000000000002
384,mixed,21001,0.2,0,two_signals,0.8984885137120974,0.6782403232187598,0.05079512271427655,22,0,15040,602,74,8.879999999999999,1.1368683772161603e-13,1.0000000000000002
384,mixed,21001,0.2,0,shuffled,0.9010732613875911,0.673372952969494,0.04533853262995191,20,0,16704,602,282,33.839999999999996,1.7053025658242404e-13,1.0000000000000004
384,mixed,21002,0.2,0,autonomous,0.7835159755127509,0.09550466811718165,0.14694828304190355,62,0,0,0,0,0.0,1.7053025658242404e-13,1.0000000000000002
384,mixed,21002,0.2,0,level,0.8329956710097342,0.3442522137054187,0.08693092418658566,37,0,26328,1049,144,17.28,1.7053025658242404e-13,1.0000000000000004
384,mixed,21002,0.2,0,persistent,0.8297305849201686,0.337999814141397,0.08267271378791285,33,0,25960,1037,134,16.08,1.7053025658242404e-13,1.0000000000000002
384,mixed,21002,0.2,0,two_signals,0.8291038451531018,0.34678906268314025,0.08452604274736009,34,0,22560,897,129,15.479999999999999,1.7053025658242404e-13,1.0000000000000002
384,mixed,21002,0.2,0,shuffled,0.8507065753120805,0.3865792149307849,0.07788348030169356,29,0,25232,897,463,55.559999999999995,1.7053025658242404e-13,1.0000000000000004
384,mixed,21003,0.2,0,autonomous,0.8223004747683238,0.1575050529653015,0.12709108592128437,57,0,0,0,0,0.0,1.7053025658242404e-13,1.0000000000000002
384,mixed,21003,0.2,0,level,0.8541749110535615,0.48060860682854983,0.07867015816903355,44,0,23832,959,102,12.24,1.1368683772161603e-13,1.0000000000000002
384,mixed,21003,0.2,0,persistent,0.8566285110994899,0.39880889202354763,0.08039598898844103,40,0,21768,880,81,9.719999999999999,1.7053025658242404e-13,1.0000000000000002
384,mixed,21003,0.2,0,two_signals,0.8557850450589536,0.39740064921094054,0.07977083620434067,39,0,19256,776,79,9.48,1.1368683772161603e-13,1.0000000000000002
384,mixed,21003,0.2,0,shuffled,0.8595799176770462,0.48404340435024185,0.07670687987592872,29,0,21936,776,414,49.68,1.7053025658242404e-13,1.0000000000000002
384,mixed,21004,0.2,0,autonomous,0.8597684879691516,0.3951269081737945,0.09784725138276262,39,0,0,0,0,0.0,1.7053025658242404e-13,1.0000000000000004
384,mixed,21004,0.2,0,level,0.9163363346438713,0.7315693135663447,0.03424636198383191,22,0,17464,690,113,13.559999999999999,1.7053025658242404e-13,1.0000000000000004
384,mixed,21004,0.2,0,persistent,0.9160780168346973,0.7228812705977071,0.03736125099127918,21,0,16416,649,105,12.6,1.7053025658242404e-13,1.0000000000000002
384,mixed,21004,0.2,0,two_signals,0.9159719400451959,0.7288365916860898,0.038269633549149584,18,0,13896,546,99,11.879999999999999,1.7053025658242404e-13,1.0000000000000002
384,mixed,21004,0.2,0,shuffled,0.907023418173645,0.6336686862872928,0.06284547079886849,26,0,16048,546,368,44.16,1.7053025658242404e-13,1.0000000000000002
384,mixed,21005,0.2,0,autonomous,0.8666430354483752,0.5000329252787559,0.07073650560326183,34,0,0,0,0,0.0,1.7053025658242404e-13,1.0000000000000004
384,mixed,21005,0.2,0,level,0.9117733651931236,0.7460259294205318,0.040090853442735885,19,0,18384,723,129,15.479999999999999,1.7053025658242404e-13,1.0000000000000004
384,mixed,21005,0.2,0,persistent,0.9159261783510356,0.7620048465220174,0.0377969124615376,18,0,16296,643,108,12.959999999999999,1.1368683772161603e-13,1.0000000000000002
384,mixed,21005,0.2,0,two_signals,0.9160513367312065,0.7620048465220174,0.038769968011433176,18,0,13728,538,102,12.24,1.7053025658242404e-13,1.0000000000000002
384,mixed,21005,0.2,0,shuffled,0.900872712064762,0.694934070661511,0.04362404944154019,22,0,15296,538,298,35.76,1.1368683772161603e-13,1.0000000000000002
384,mixed,21006,0.2,0,autonomous,0.7738311359501909,0.03679867877148101,0.1633474358868462,71,0,0,0,0,0.0,1.7053025658242404e-13,1.0000000000000002
384,mixed,21006,0.2,0,level,0.8116741756610306,0.210641204266213,0.11460037473663975,62,0,33592,1361,116,13.92,1.7053025658242404e-13,1.0000000000000004
384,mixed,21006,0.2,0,persistent,0.809066285062258,0.15026009046270708,0.1195763327713315,51,0,29160,1182,99,11.879999999999999,1.1368683772161603e-13,1.0000000000000002
384,mixed,21006,0.2,0,two_signals,0.8027984955265719,0.10027908274828816,0.13023895514664952,56,0,26816,1086,94,11.28,1.1368683772161603e-13,1.0000000000000002
384,mixed,21006,0.2,0,shuffled,0.8182921865216654,0.174319319033644,0.11543228027639896,52,0,30000,1086,492,59.04,1.7053025658242404e-13,1.0000000000000004
384,mixed,21007,0.2,0,autonomous,0.8833258030788649,0.5673940539176116,0.07941793100522088,32,0,0,0,0,0.0,1.7053025658242404e-13,1.0000000000000004
384,mixed,21007,0.2,0,level,0.9151628013484103,0.7804625019182615,0.04220749278089275,17,0,15776,628,88,10.559999999999999,1.7053025658242404e-13,1.0000000000000002
384,mixed,21007,0.2,0,persistent,0.9125431060436218,0.7903604310909174,0.040811999324149695,16,0,15216,611,69,8.28,1.7053025658242404e-13,1.0000000000000002
384,mixed,21007,0.2,0,two_signals,0.9121554958566045,0.7773725164410487,0.04054884937944969,16,0,12416,495,67,8.04,1.7053025658242404e-13,1.0000000000000002
384,mixed,21007,0.2,0,shuffled,0.9055227480126894,0.7582457028796882,0.054701576062101465,19,0,14224,495,293,35.16,1.7053025658242404e-13,1.0000000000000002
384,mixed,21008,0.2,0,autonomous,0.8499664548744533,0.17921843179602612,0.11153568803920566,44,0,0,0,0,0.0,1.7053025658242404e-13,1.0000000000000002
384,mixed,21008,0.2,0,level,0.8784601822587866,0.5248747648688932,0.08949128531151629,36,0,20520,820,105,12.6,1.1368683772161603e-13,1.0000000000000004
384,mixed,21008,0.2,0,persistent,0.8811640162537497,0.5518393573342463,0.08792482590644568,35,0,19432,774,107,12.84,1.7053025658242404e-13,1.0000000000000002
384,mixed,21008,0.2,0,two_signals,0.8785467404379722,0.5432594000443618,0.08962034777190142,35,0,17816,709,100,12.0,1.7053025658242404e-13,1.0000000000000002
384,mixed,21008,0.2,0,shuffled,0.877623720083477,0.48582952049982575,0.0918777033727366,35,0,20128,709,389,46.68,1.1368683772161603e-13,1.0000000000000002
384,mixed,21009,0.2,0,autonomous,0.8293612728153412,0.40373249960092994,0.0983707931280765,55,0,0,0,0,0.0,1.7053025658242404e-13,1.0000000000000004
384,mixed,21009,0.2,0,level,0.8724634405577242,0.6550395874838846,0.056693416297592614,33,0,23832,949,132,15.84,1.7053025658242404e-13,1.0000000000000004
384,mixed,21009,0.2,0,persistent,0.8763703308918734,0.6453976218648463,0.05327408461492045,29,0,22000,881,107,12.84,1.7053025658242404e-13,1.0000000000000004
384,mixed,21009,0.2,0,two_signals,0.8743535019565948,0.6322799261384539,0.05306903917992001,25,0,19416,773,108,12.959999999999999,1.1368683772161603e-13,1.0000000000000002
384,mixed,21009,0.2,0,shuffled,0.886732395701362,0.7331340690815327,0.04648561008522112,21,0,21592,773,380,45.6,1.7053025658242404e-13,1.0000000000000002
384,mixed,21010,0.2,0,autonomous,0.8332133664890574,0.34863675913083875,0.11084533753592629,47,0,0,0,0,0.0,1.1368683772161603e-13,1.0000000000000002
384,mixed,21010,0.2,0,level,0.8708527866267316,0.5987544417639478,0.05887836510387445,33,0,24960,1004,108,12.959999999999999,1.7053025658242404e-13,1.0000000000000002
384,mixed,21010,0.2,0,persistent,0.8654904711885926,0.5616137042874427,0.06727380269141703,40,0,25256,1022,91,10.92,1.1368683772161603e-13,1.0000000000000002
384,mixed,21010,0.2,0,two_signals,0.8636462593763582,0.5586372016715846,0.07221837298056322,40,0,21888,885,81,9.719999999999999,1.1368683772161603e-13,1.0000000000000002
384,mixed,21010,0.2,0,shuffled,0.8793861466253897,0.5964162620819974,0.050716101323627916,25,0,24632,885,424,50.879999999999995,1.7053025658242404e-13,1.0000000000000004
384,mixed,21011,0.2,0,autonomous,0.8221126935760081,0.19344279627891295,0.12265766491375452,58,0,0,0,0,0.0,1.7053025658242404e-13,1.0000000000000002
384,mixed,21011,0.2,0,level,0.8693866741591962,0.572272508561862,0.06723481445287116,28,0,22968,913,132,15.84,1.1368683772161603e-13,1.0000000000000002
384,mixed,21011,0.2,0,persistent,0.8748823275028388,0.5929523406481538,0.056733175330101804,28,0,21776,868,118,14.16,1.7053025658242404e-13,1.0000000000000004
384,mixed,21011,0.2,0,two_signals,0.8722081339138589,0.5929048622006204,0.06276534647853704,31,0,18952,757,98,11.76,1.7053025658242404e-13,1.0000000000000004
384,mixed,21011,0.2,0,shuffled,0.8701760565758322,0.4870655740493126,0.06740561705833725,36,0,21696,757,441,52.919999999999995,1.7053025658242404e-13,1.0000000000000004
384,mixed,21012,0.2,0,autonomous,0.8161510103315259,0.2582200346456168,0.11372682514274335,45,0,0,0,0,0.0,1.7053025658242404e-13,1.0000000000000004
384,mixed,21012,0.2,0,level,0.8642673417547275,0.5232831086008399,0.06508097388099687,33,0,24304,970,128,15.36,1.7053025658242404e-13,1.0000000000000004
384,mixed,21012,0.2,0,persistent,0.8650018954351759,0.557839988370644,0.06267327284360869,31,0,22760,905,130,15.6,1.7053025658242404e-13,1.0000000000000002
384,mixed,21012,0.2,0,two_signals,0.862900652413457,0.5613366720034654,0.06554034880511006,35,0,19912,788,125,15.0,1.7053025658242404e-13,1.0000000000000002
384,mixed,21012,0.2,0,shuffled,0.8680674191328814,0.49167127704265634,0.0719993237154859,31,0,22088,788,397,47.64,1.7053025658242404e-13,1.0000000000000004
384,mixed,21013,0.2,0,autonomous,0.8458855647427235,0.5124607152824113,0.10128330946671715,50,0,0,0,0,0.0,1.1368683772161603e-13,1.0000000000000004
384,mixed,21013,0.2,0,level,0.886995590657491,0.7465345145079789,0.047591540744173155,24,0,21520,864,98,11.76,1.1368683772161603e-13,1.0000000000000004
384,mixed,21013,0.2,0,persistent,0.8839109967578257,0.7283327459695852,0.050101481559676087,28,0,20456,824,85,10.2,1.1368683772161603e-13,1.0000000000000002
384,mixed,21013,0.2,0,two_signals,0.8826483383095158,0.7061306080541749,0.05337336696170203,30,0,17776,715,77,9.24,1.1368683772161603e-13,1.0000000000000002
384,mixed,21013,0.2,0,shuffled,0.886129989730789,0.6869530300481844,0.06092659267800693,31,0,20056,715,362,43.44,1.7053025658242404e-13,1.0000000000000004
384,mixed,21014,0.2,0,autonomous,0.7647735615986361,0.023104060141193726,0.16587142640299168,67,0,0,0,0,0.0,1.7053025658242404e-13,1.0000000000000002
384,mixed,21014,0.2,0,level,0.8271515653441146,0.3023807793007423,0.09688246770780129,40,0,30008,1189,184,22.08,1.7053025658242404e-13,1.0000000000000004
384,mixed,21014,0.2,0,persistent,0.8211585261875077,0.28399866343968444,0.1023333174450054,47,0,28400,1139,133,15.959999999999999,1.7053025658242404e-13,1.0000000000000004
384,mixed,21014,0.2,0,two_signals,0.8212632525088898,0.27286127789007614,0.10306267068165909,46,0,24720,989,123,14.76,1.7053025658242404e-13,1.0000000000000004
384,mixed,21014,0.2,0,shuffled,0.8423840978279251,0.3869146306066639,0.09869978823647929,43,0,28176,989,555,66.6,1.7053025658242404e-13,1.0000000000000002
384,mixed,21015,0.2,0,autonomous,0.7951021086876148,0.047472563307064154,0.14780405570125676,59,0,0,0,0,0.0,1.1368683772161603e-13,1.0000000000000002
384,mixed,21015,0.2,0,level,0.847656841755808,0.3481902676575192,0.08765519309602221,32,0,24088,971,98,11.76,1.1368683772161603e-13,1.0000000000000002
384,mixed,21015,0.2,0,persistent,0.8432731658173834,0.2852930729999627,0.09167598907771268,37,0,24216,976,99,11.879999999999999,1.1368683772161603e-13,1.0000000000000002
384,mixed,21015,0.2,0,two_signals,0.8416101270655585,0.29452362154955136,0.09411465024709387,36,0,21512,866,91,10.92,1.1368683772161603e-13,1.0000000000000002
384,mixed,21015,0.2,0,shuffled,0.8630518784620786,0.5100879829996207,0.08605800702572508,32,0,24352,866,446,53.519999999999996,1.7053025658242404e-13,1.0000000000000002
384,mixed,21016,0.2,0,autonomous,0.7868201742442256,0.05993146049934442,0.14800646713197774,63,0,0,0,0,0.0,1.7053025658242404e-13,1.0000000000000002
384,mixed,21016,0.2,0,level,0.8172350085443643,0.22983026088077133,0.11521040638372326,46,0,26072,1063,70,8.4,1.7053025658242404e-13,1.0000000000000002
384,mixed,21016,0.2,0,persistent,0.8146009388809653,0.2412374392955143,0.11436773945144829,45,0,25416,1032,81,9.719999999999999,1.7053025658242404e-13,1.0000000000000004
384,mixed,21016,0.2,0,two_signals,0.8144950198072216,0.2110752184588421,0.11990795151982947,45,0,23144,941,70,8.4,1.7053025658242404e-13,1.0000000000000004
384,mixed,21016,0.2,0,shuffled,0.8202529950092011,0.19573558767666563,0.12091730492650243,48,0,25752,941,396,47.519999999999996,1.7053025658242404e-13,1.0000000000000004
384,mixed,21017,0.2,0,autonomous,0.8143736760673483,0.2256450472556011,0.12707628014923356,54,0,0,0,0,0.0,1.7053025658242404e-13,1.0000000000000002
384,mixed,21017,0.2,0,level,0.8479245274442742,0.4255828947909137,0.0816507594628042,36,0,27264,1101,105,12.6,1.7053025658242404e-13,1.0000000000000004
384,mixed,21017,0.2,0,persistent,0.8404347797374317,0.4288191938706508,0.09167577643410496,47,0,27488,1117,85,10.2,1.7053025658242404e-13,1.0000000000000004
384,mixed,21017,0.2,0,two_signals,0.8430605204181223,0.44804820750318913,0.08172334329161579,43,0,24072,976,81,9.719999999999999,1.7053025658242404e-13,1.0000000000000004
384,mixed,21017,0.2,0,shuffled,0.8510129910560377,0.34325481945594805,0.09412974445153588,39,0,26952,976,441,52.919999999999995,1.1368683772161603e-13,1.0000000000000002
384,mixed,21018,0.2,0,autonomous,0.8259389435288412,0.16375967545674444,0.12736248861873267,57,0,0,0,0,0.0,1.7053025658242404e-13,1.0000000000000002
384,mixed,21018,0.2,0,level,0.8793198860807331,0.5825951581314772,0.07348477224526218,35,0,23360,933,121,14.52,1.7053025658242404e-13,1.0000000000000004
384,mixed,21018,0.2,0,persistent,0.8713570367282734,0.6148869510538416,0.08186230830732455,38,0,23696,944,130,15.6,1.7053025658242404e-13,1.0000000000000004
384,mixed,21018,0.2,0,two_signals,0.8711313649876407,0.6190613749297028,0.08218548122877334,39,0,20320,806,122,14.639999999999999,1.7053025658242404e-13,1.0000000000000004
384,mixed,21018,0.2,0,shuffled,0.8831325773673632,0.5648267275851568,0.07575929498731182,36,0,23184,806,480,57.599999999999994,1.7053025658242404e-13,1.0000000000000002
384,mixed,21019,0.2,0,autonomous,0.8351332993114093,0.3993361968536152,0.09293814967483605,43,0,0,0,0,0.0,1.7053025658242404e-13,1.0000000000000004
384,mixed,21019,0.2,0,level,0.8855454299123853,0.6048836511284513,0.045531250694984426,21,0,21944,862,157,18.84,1.7053025658242404e-13,1.0000000000000004
384,mixed,21019,0.2,0,persistent,0.88729111650134,0.6253408180607791,0.042462817293072774,23,0,20360,811,112,13.44,1.7053025658242404e-13,1.0000000000000004
384,mixed,21019,0.2,0,two_signals,0.8833316738096203,0.603972476125375,0.043863381162726256,23,0,17080,676,107,12.84,1.7053025658242404e-13,1.0000000000000004
384,mixed,21019,0.2,0,shuffled,0.8854451182105618,0.5942532794886041,0.05069346675266284,21,0,19224,676,375,45.0,1.7053025658242404e-13,1.0000000000000002
384,recurrent,21000,0.2,0,autonomous,0.8105682455981982,0.027658270787774025,0.14121482788073436,61,0,0,0,0,0.0,1.7053025658242404e-13,1.0000000000000004
384,recurrent,21000,0.2,0,level,0.8569489040964278,0.20721637581767594,0.10279036241474315,50,0,26384,1061,115,13.799999999999999,1.7053025658242404e-13,1.0000000000000004
384,recurrent,21000,0.2,0,persistent,0.8487300538623193,0.24668895739467356,0.11269570967391518,62,0,27088,1093,107,12.84,1.7053025658242404e-13,1.0000000000000004
384,recurrent,21000,0.2,0,two_signals,0.8485966304312011,0.2518269238059816,0.11166142831477188,61,0,24432,983,105,12.6,1.7053025658242404e-13,1.0000000000000004
384,recurrent,21000,0.2,0,shuffled,0.8442078813929634,0.22067952347873093,0.11746546917195666,55,0,27224,983,454,54.48,1.7053025658242404e-13,1.0000000000000004
384,recurrent,21001,0.2,0,autonomous,0.848655665313213,0.3516879230932598,0.09812453352545725,40,0,0,0,0,0.0,1.7053025658242404e-13,1.0000000000000004
384,recurrent,21001,0.2,0,level,0.9011970551143778,0.676688727625773,0.050120240813931516,25,0,19296,771,99,11.879999999999999,1.7053025658242404e-13,1.0000000000000004
384,recurrent,21001,0.2,0,persistent,0.8998166321677359,0.7075427215861815,0.04936302957991612,22,0,17696,703,103,12.36,1.1368683772161603e-13,1.0000000000000004
384,recurrent,21001,0.2,0,two_signals,0.8998793922994679,0.6951725586833551,0.04949683476478528,21,0,14160,558,96,11.52,1.1368683772161603e-13,1.0000000000000004
384,recurrent,21001,0.2,0,shuffled,0.8977506401172741,0.6881706473832238,0.04501158813590289,18,0,15616,558,278,33.36,1.7053025658242404e-13,1.0000000000000004
384,recurrent,21002,0.2,0,autonomous,0.767984636162867,0.05976420775087534,0.15525097542949373,64,0,0,0,0,0.0,1.7053025658242404e-13,1.0000000000000002
384,recurrent,21002,0.2,0,level,0.8523037618708076,0.36931585453132393,0.08201618450512305,34,0,26696,1057,166,19.919999999999998,1.7053025658242404e-13,1.0000000000000004
384,recurrent,21002,0.2,0,persistent,0.8495881889214364,0.4039663805080675,0.07772161225662066,29,0,25136,1000,142,17.04,1.7053025658242404e-13,1.0000000000000002
384,recurrent,21002,0.2,0,two_signals,0.8496806863134081,0.4063434043688609,0.07740401133782993,28,0,20600,813,136,16.32,1.7053025658242404e-13,1.0000000000000002
384,recurrent,21002,0.2,0,shuffled,0.8522628551099114,0.39382118662503734,0.08045679356462831,31,0,23048,813,442,53.04,1.7053025658242404e-13,1.0000000000000004
384,recurrent,21003,0.2,0,autonomous,0.8223443890208589,0.12290119463274796,0.1373778587929002,57,0,0,0,0,0.0,1.1368683772161603e-13,1.0000000000000002
384,recurrent,21003,0.2,0,level,0.8691341533898761,0.4905747598706382,0.08163776106101583,44,0,24848,998,112,13.44,1.1368683772161603e-13,1.0000000000000002
384,recurrent,21003,0.2,0,persistent,0.8650061371632697,0.48929306701343783,0.08279892236541808,36,0,23032,926,101,12.12,1.7053025658242404e-13,1.0000000000000004
384,recurrent,21003,0.2,0,two_signals,0.8614195008119223,0.48139781320304836,0.08795671164795604,40,0,20688,833,87,10.44,1.1368683772161603e-13,1.0000000000000004
384,recurrent,21003,0.2,0,shuffled,0.8630618624498798,0.4312996903991551,0.08382914768033656,39,0,23688,833,462,55.44,1.7053025658242404e-13,1.0000000000000004
384,recurrent,21004,0.2,0,autonomous,0.8461480030404167,0.32763282711721214,0.10180508520882015,40,0,0,0,0,0.0,2.2737367544323206e-13,1.0000000000000004
384,recurrent,21004,0.2,0,level,0.9196449016341463,0.705519694035176,0.03478601022171657,21,0,18376,722,131,15.719999999999999,1.7053025658242404e-13,1.0000000000000004
384,recurrent,21004,0.2,0,persistent,0.9169672643311431,0.7498284874728032,0.03456543179602656,15,0,17752,691,146,17.52,1.7053025658242404e-13,1.0000000000000004
384,recurrent,21004,0.2,0,two_signals,0.9160955881709444,0.743198059419763,0.03481234955119006,15,0,14912,576,136,16.32,1.7053025658242404e-13,1.0000000000000004
384,recurrent,21004,0.2,0,shuffled,0.906338676440138,0.6646728274241686,0.05467998705484156,23,0,16800,576,372,44.64,1.7053025658242404e-13,1.0000000000000002
384,recurrent,21005,0.2,0,autonomous,0.8504023702715398,0.5212138106490984,0.08049420175832389,40,0,0,0,0,0.0,1.7053025658242404e-13,1.0000000000000002
384,recurrent,21005,0.2,0,level,0.9154400059751817,0.8146913440458442,0.03797402669817129,19,0,19264,756,140,16.8,1.7053025658242404e-13,1.0000000000000004
384,recurrent,21005,0.2,0,persistent,0.9113156279947673,0.7595063271400132,0.03763790216106011,16,0,18016,702,146,17.52,1.1368683772161603e-13,1.0000000000000002
384,recurrent,21005,0.2,0,two_signals,0.9118274741334979,0.7599184306311512,0.03663341123498898,15,0,14816,574,130,15.6,1.7053025658242404e-13,1.0000000000000002
384,recurrent,21005,0.2,0,shuffled,0.9033554057635129,0.705935484311033,0.04937708686098363,25,0,16456,574,335,40.199999999999996,1.7053025658242404e-13,1.0000000000000002
384,recurrent,21006,0.2,0,autonomous,0.769873925479643,0.035745252486445826,0.17118079525104457,74,0,0,0,0,0.0,1.1368683772161603e-13,1.0000000000000004
384,recurrent,21006,0.2,0,level,0.8251549244787346,0.20231104611166092,0.11586589704395445,62,0,33112,1339,122,14.639999999999999,1.1368683772161603e-13,1.0000000000000004
384,recurrent,21006,0.2,0,persistent,0.8225319793631085,0.15188112432090617,0.1193352934499361,50,0,30056,1212,121,14.52,1.1368683772161603e-13,1.0000000000000004
384,recurrent,21006,0.2,0,two_signals,0.8197231971509448,0.11950469135084434,0.121803351943653,52,0,26568,1071,108,12.959999999999999,1.1368683772161603e-13,1.0000000000000002
384,recurrent,21006,0.2,0,shuffled,0.829139355574617,0.18281918455121426,0.1161444705344079,51,0,29832,1071,516,61.919999999999995,1.7053025658242404e-13,1.0000000000000004
384,recurrent,21007,0.2,0,autonomous,0.8808297067275129,0.5741803028049786,0.08238306956503372,33,0,0,0,0,0.0,1.7053025658242404e-13,1.0000000000000002
384,recurrent,21007,0.2,0,level,0.9252558850186237,0.8009307052779222,0.04274793801538168,18,0,15136,597,101,12.12,1.7053025658242404e-13,1.0000000000000004
384,recurrent,21007,0.2,0,persistent,0.9146497578870492,0.7350118785587136,0.045749426874238996,18,0,15344,609,91,10.92,1.7053025658242404e-13,1.0000000000000002
384,recurrent,21007,0.2,0,two_signals,0.913380451077553,0.7201181125066739,0.04569217701030648,19,0,12024,473,84,10.08,1.7053025658242404e-13,1.0000000000000002
384,recurrent,21007,0.2,0,shuffled,0.9155616488405253,0.739232530278127,0.0520034982566383,21,0,13624,473,284,34.08,1.7053025658242404e-13,1.0000000000000002
384,recurrent,21008,0.2,0,autonomous,0.8491533918367425,0.2757685245749792,0.11155138884262561,44,0,0,0,0,0.0,1.7053025658242404e-13,1.0000000000000004
384,recurrent,21008,0.2,0,level,0.8882363299909525,0.6775354930359184,0.08936478968161232,36,0,19272,767,108,12.959999999999999,1.1368683772161603e-13,1.0000000000000002
384,recurrent,21008,0.2,0,persistent,0.8851044081048222,0.6972004952450495,0.08766230245797568,35,0,18816,747,111,13.32,1.7053025658242404e-13,1.0000000000000002
384,recurrent,21008,0.2,0,two_signals,0.8868728166568672,0.7269266286932883,0.08699835039350357,34,0,16856,671,94,11.28,1.7053025658242404e-13,1.0000000000000004
384,recurrent,21008,0.2,0,shuffled,0.874273641754836,0.5288755197247841,0.09533621659682057,40,0,19128,671,378,45.36,1.7053025658242404e-13,1.0000000000000004
384,recurrent,21009,0.2,0,autonomous,0.8308871783863944,0.2991015833834385,0.10176225544353701,55,0,0,0,0,0.0,1.1368683772161603e-13,1.0000000000000004
384,recurrent,21009,0.2,0,level,0.8982854188015814,0.7563001065681381,0.05301590796237299,26,0,21616,860,122,14.639999999999999,1.7053025658242404e-13,1.0000000000000004
384,recurrent,21009,0.2,0,persistent,0.8941846924863049,0.6943443311106701,0.05527603849815599,26,0,20584,824,101,12.12,1.1368683772161603e-13,1.0000000000000002
384,recurrent,21009,0.2,0,two_signals,0.8918993783909945,0.6943450618906493,0.056909333649502125,28,0,17576,699,100,12.0,1.1368683772161603e-13,1.0000000000000002
384,recurrent,21009,0.2,0,shuffled,0.8881534033313003,0.6885741895154667,0.05668864259962525,25,0,19584,699,351,42.12,2.2737367544323206e-13,1.0000000000000004
384,recurrent,21010,0.2,0,autonomous,0.8271004392075653,0.20880302242238827,0.11792810375282803,49,0,0,0,0,0.0,1.1368683772161603e-13,1.0000000000000002
384,recurrent,21010,0.2,0,level,0.8888058660440876,0.6937851361330939,0.052994695669309255,30,0,23080,923,116,13.92,1.1368683772161603e-13,1.0000000000000004
384,recurrent,21010,0.2,0,persistent,0.8761241559217557,0.6250966556003195,0.06399219880569817,34,0,23640,951,102,12.24,1.1368683772161603e-13,1.0000000000000004
384,recurrent,21010,0.2,0,two_signals,0.8754047331212894,0.6331385182331241,0.0649926220495397,33,0,20360,816,97,11.639999999999999,1.7053025658242404e-13,1.0000000000000002
384,recurrent,21010,0.2,0,shuffled,0.8764481592304569,0.5795496681841555,0.07053205731369716,31,0,22768,816,398,47.76,1.7053025658242404e-13,1.0000000000000002
384,recurrent,21011,0.2,0,autonomous,0.8164703071030743,0.20199531647012964,0.12852907629486754,60,0,0,0,0,0.0,1.7053025658242404e-13,1.0000000000000004
384,recurrent,21011,0.2,0,level,0.8833374957534307,0.6478476826014856,0.06722451232862792,27,0,21224,841,130,15.6,1.1368683772161603e-13,1.0000000000000004
384,recurrent,21011,0.2,0,persistent,0.8837403821719397,0.685586630234221,0.06836001363566035,32,0,21376,849,125,15.0,1.7053025658242404e-13,1.0000000000000002
384,recurrent,21011,0.2,0,two_signals,0.8802273383458943,0.6794734891442481,0.07054451225010694,34,0,18712,741,116,13.92,1.7053025658242404e-13,1.0000000000000002
384,recurrent,21011,0.2,0,shuffled,0.8874157705186198,0.5522276033055189,0.061519035718939574,32,0,21504,741,465,55.8,2.2737367544323206e-13,1.0000000000000004
384,recurrent,21012,0.2,0,autonomous,0.8278188842099485,0.2161498224568554,0.11761893977336635,47,0,0,0,0,0.0,1.7053025658242404e-13,1.0000000000000004
384,recurrent,21012,0.2,0,level,0.8840454883619406,0.594138786056002,0.06688412195061322,31,0,23648,940,136,16.32,1.7053025658242404e-13,1.0000000000000004
384,recurrent,21012,0.2,0,persistent,0.8771091979486955,0.5714392719585604,0.0653605202439076,33,0,22544,897,127,15.24,1.1368683772161603e-13,1.0000000000000004
384,recurrent,21012,0.2,0,two_signals,0.875665836163891,0.5772371581329248,0.07073288535121713,31,0,18856,744,125,15.0,1.1368683772161603e-13,1.0000000000000004
384,recurrent,21012,0.2,0,shuffled,0.8779504947502987,0.48086572142963424,0.07742580933451382,31,0,20840,744,373,44.76,1.7053025658242404e-13,1.0000000000000002
384,recurrent,21013,0.2,0,autonomous,0.8361822368234114,0.3663118606625689,0.10682120310654186,51,0,0,0,0,0.0,1.1368683772161603e-13,1.0000000000000002
384,recurrent,21013,0.2,0,level,0.8901193257655885,0.70159679037148,0.05744687526425918,29,0,22752,907,123,14.76,1.1368683772161603e-13,1.0000000000000004
384,recurrent,21013,0.2,0,persistent,0.8859940054071882,0.7042835397371444,0.05250347632350971,31,0,22968,918,117,14.04,1.1368683772161603e-13,1.0000000000000004
384,recurrent,21013,0.2,0,two_signals,0.8883839267417645,0.7232050824964742,0.052488049618443666,31,0,18760,749,98,11.76,1.1368683772161603e-13,1.0000000000000002
384,recurrent,21013,0.2,0,shuffled,0.8879612242976279,0.6438770786271968,0.05487076906418664,27,0,21360,749,423,50.76,1.7053025658242404e-13,1.0000000000000002
384,recurrent,21014,0.2,0,autonomous,0.7594349286761041,0.008062655452137763,0.17382296351698812,70,0,0,0,0,0.0,1.7053025658242404e-13,1.0000000000000002
384,recurrent,21014,0.2,0,level,0.843302774502425,0.2962812100260719,0.09963663492967001,40,0,29432,1168,175,21.0,1.7053025658242404e-13,1.0000000000000004
384,recurrent,21014,0.2,0,persistent,0.8367802057193268,0.26315770219589596,0.10366319638013555,45,0,28768,1149,149,17.88,1.7053025658242404e-13,1.0000000000000004
384,recurrent,21014,0.2,0,two_signals,0.8346276575282534,0.25336660714155207,0.10645651674720724,46,0,24880,993,131,15.719999999999999,1.7053025658242404e-13,1.0000000000000002
384,recurrent,21014,0.2,0,shuffled,0.8447111499223529,0.2671923531652049,0.11107026771262873,45,0,28232,993,550,66.0,1.7053025658242404e-13,1.0000000000000002
384,recurrent,21015,0.2,0,autonomous,0.7985825835200087,0.037658587977768,0.15089260078839406,60,0,0,0,0,0.0,1.1368683772161603e-13,1.0000000000000002
384,recurrent,21015,0.2,0,level,0.8552454673201856,0.32104723009410435,0.09418896011067768,32,0,24328,977,110,13.2,1.1368683772161603e-13,1.0000000000000002
384,recurrent,21015,0.2,0,persistent,0.8535098579249215,0.38448140557464494,0.09723097357480703,42,0,24736,993,113,13.559999999999999,1.1368683772161603e-13,1.0000000000000004
384,recurrent,21015,0.2,0,two_signals,0.850691692223574,0.3108114603668428,0.1017585606377327,43,0,21264,852,102,12.24,1.7053025658242404e-13,1.0000000000000002
384,recurrent,21015,0.2,0,shuffled,0.8633721332528849,0.38765224580209334,0.09601658766013976,37,0,24136,852,461,55.32,1.7053025658242404e-13,1.0000000000000004
384,recurrent,21016,0.2,0,autonomous,0.8003710780931087,0.032817430541518686,0.15113223526665331,63,0,0,0,0,0.0,1.7053025658242404e-13,1.0000000000000004
384,recurrent,21016,0.2,0,level,0.8425752104345513,0.2560764850360687,0.11378023972808105,46,0,25496,1031,94,11.28,1.7053025658242404e-13,1.0000000000000002
384,recurrent,21016,0.2,0,persistent,0.8369056042479076,0.27241132989316047,0.115059859568586,46,0,25048,1011,98,11.76,1.7053025658242404e-13,1.0000000000000004
384,recurrent,21016,0.2,0,two_signals,0.8360181386087854,0.2680775964632446,0.1162478171712008,48,0,22192,897,83,9.959999999999999,1.7053025658242404e-13,1.0000000000000002
384,recurrent,21016,0.2,0,shuffled,0.8375167697036437,0.24318383435122895,0.11513372321753457,44,0,24672,897,393,47.16,1.7053025658242404e-13,1.0000000000000004
384,recurrent,21017,0.2,0,autonomous,0.8025785486962971,0.13546272559213263,0.13235733411028094,57,0,0,0,0,0.0,1.7053025658242404e-13,1.0000000000000004
384,recurrent,21017,0.2,0,level,0.8501117619431129,0.49100928414776973,0.08514104218605223,39,0,27728,1120,106,12.719999999999999,1.1368683772161603e-13,1.0000000000000002
384,recurrent,21017,0.2,0,persistent,0.8452449805822749,0.46752293173881476,0.08273314375539509,43,0,27736,1124,95,11.4,1.1368683772161603e-13,1.0000000000000004
384,recurrent,21017,0.2,0,two_signals,0.8452160296715312,0.47126818254169556,0.08899094850644906,46,0,23520,952,84,10.08,1.7053025658242404e-13,1.0000000000000004
384,recurrent,21017,0.2,0,shuffled,0.8620480810239118,0.4213647342842621,0.0889030531251841,39,0,26632,952,473,56.76,1.7053025658242404e-13,1.0000000000000004
384,recurrent,21018,0.2,0,autonomous,0.8143229541746808,0.14230034450850998,0.1297705272406069,59,0,0,0,0,0.0,1.1368683772161603e-13,1.0000000000000002
384,recurrent,21018,0.2,0,level,0.8883269658888109,0.6620782157926527,0.06298630423758222,27,0,21536,854,130,15.6,1.7053025658242404e-13,1.0000000000000004
384,recurrent,21018,0.2,0,persistent,0.8852868279250533,0.5826428027609952,0.06159163014925839,27,0,20880,826,132,15.84,1.7053025658242404e-13,1.0000000000000004
384,recurrent,21018,0.2,0,two_signals,0.8847492801874848,0.611919508668942,0.06717917495112824,28,0,17984,710,118,14.16,1.7053025658242404e-13,1.0000000000000004
384,recurrent,21018,0.2,0,shuffled,0.8772281713882367,0.44433768262755247,0.08509835333264615,39,0,20216,710,397,47.64,1.7053025658242404e-13,1.0000000000000002
384,recurrent,21019,0.2,0,autonomous,0.8262317314472102,0.34259571065443717,0.09836960006900597,45,0,0,0,0,0.0,1.7053025658242404e-13,1.0000000000000004
384,recurrent,21019,0.2,0,level,0.9020690949579933,0.6935351105995399,0.04177657191667128,19,0,21048,822,165,19.8,1.7053025658242404e-13,1.0000000000000004
384,recurrent,21019,0.2,0,persistent,0.8992515356618346,0.6689339623219022,0.03395928288697447,20,0,20992,826,146,17.52,1.7053025658242404e-13,1.0000000000000004
384,recurrent,21019,0.2,0,two_signals,0.8967808383642172,0.6794111668479331,0.04216572958014797,25,0,17216,671,139,16.68,1.7053025658242404e-13,1.0000000000000004
384,recurrent,21019,0.2,0,shuffled,0.9064539540351796,0.7159208894668609,0.043910003820187726,18,0,19456,671,419,50.28,1.7053025658242404e-13,1.0000000000000002
384,scarcity,21000,0.2,0,autonomous,0.7374901773978918,0.025215236600347277,0.3455370047662203,154,0,0,0,0,0.0,1.7053025658242404e-13,1.0000000000000002
384,scarcity,21000,0.2,0,level,0.7477965067318387,0.09318120073465447,0.3312587016755858,168,0,41976,1719,90,10.799999999999999,1.7053025658242404e-13,1.0000000000000002
384,scarcity,21000,0.2,0,persistent,0.7492884519194456,0.13425167633782664,0.32714325309189973,161,0,39944,1635,88,10.559999999999999,1.7053025658242404e-13,1.0000000000000002
384,scarcity,21000,0.2,0,two_signals,0.7492884519194456,0.13425167633782664,0.32714325309189973,161,0,39680,1624,88,10.559999999999999,1.7053025658242404e-13,1.0000000000000002
384,scarcity,21000,0.2,0,shuffled,0.7575983046009931,0.06823088806858979,0.3256980099395581,163,0,42880,1624,488,58.559999999999995,1.7053025658242404e-13,1.0000000000000002
384,scarcity,21001,0.2,0,autonomous,0.7548388468062707,0.24228348813802159,0.3458644904042798,150,0,0,0,0,0.0,1.1368683772161603e-13,1.0000000000000002
384,scarcity,21001,0.2,0,level,0.7617263325551971,0.32642117436106205,0.34272154363999285,172,0,40520,1654,103,12.36,1.7053025658242404e-13,1.0000000000000004
384,scarcity,21001,0.2,0,persistent,0.7623477523299355,0.3179051730688807,0.34275097484353934,173,0,39096,1603,78,9.36,1.1368683772161603e-13,1.0000000000000002
384,scarcity,21001,0.2,0,two_signals,0.7622824724143286,0.3179051730688807,0.3430773744215737,173,0,38664,1585,78,9.36,1.1368683772161603e-13,1.0000000000000002
384,scarcity,21001,0.2,0,shuffled,0.7644703600946413,0.2885158117233593,0.3425961702074821,166,0,40704,1585,333,39.96,1.1368683772161603e-13,1.0000000000000002
384,scarcity,21002,0.2,0,autonomous,0.6979936085046655,0.052849833978373284,0.3834178273541532,159,0,0,0,0,0.0,1.7053025658242404e-13,1.0000000000000002
384,scarcity,21002,0.2,0,level,0.7203365494910946,0.13051381374833682,0.36355948446075126,175,0,45736,1860,137,16.439999999999998,1.7053025658242404e-13,1.0000000000000004
384,scarcity,21002,0.2,0,persistent,0.72008596804406,0.12931579864583187,0.36515324603647226,174,0,44248,1806,113,13.559999999999999,1.7053025658242404e-13,1.0000000000000002
384,scarcity,21002,0.2,0,two_signals,0.7202227147647629,0.13402418949756809,0.36500371718487934,175,0,44112,1800,114,13.68,1.7053025658242404e-13,1.0000000000000002
384,scarcity,21002,0.2,0,shuffled,0.7387341536820637,0.17939206222495077,0.3481883654764325,164,0,47384,1800,523,62.76,1.7053025658242404e-13,1.0000000000000002
384,scarcity,21003,0.2,0,autonomous,0.7449087464070329,0.08001253843380211,0.34208763371625606,150,0,0,0,0,0.0,1.1368683772161603e-13,1.0000000000000002
384,scarcity,21003,0.2,0,level,0.7540966583386911,0.18762065606522846,0.33292403563028483,166,0,40736,1667,91,10.92,1.1368683772161603e-13,1.0000000000000002
384,scarcity,21003,0.2,0,persistent,0.7539044378240431,0.15728046740684024,0.33432075310734155,164,0,37936,1560,62,7.4399999999999995,1.7053025658242404e-13,1.0000000000000002
384,scarcity,21003,0.2,0,two_signals,0.7540901967353577,0.15728046740684024,0.3348255537002862,164,0,38128,1566,68,8.16,1.1368683772161603e-13,1.0000000000000002
384,scarcity,21003,0.2,0,shuffled,0.7612096672666817,0.1631875418145782,0.3309106021550686,159,0,41864,1566,535,64.2,1.7053025658242404e-13,1.0000000000000002
384,scarcity,21004,0.2,0,autonomous,0.777222141076924,0.2235252376256262,0.3463153010040543,154,0,0,0,0,0.0,1.7053025658242404e-13,1.0000000000000002
384,scarcity,21004,0.2,0,level,0.7902526581541672,0.41150260632770524,0.3404860488234073,185,0,37176,1521,84,10.08,1.7053025658242404e-13,1.0000000000000004
384,scarcity,21004,0.2,0,persistent,0.7907522847528193,0.4049015404081758,0.33959458640222806,184,0,36680,1492,109,13.08,1.7053025658242404e-13,1.0000000000000002
384,scarcity,21004,0.2,0,two_signals,0.7906590853731157,0.4125363150379003,0.33973804451020795,185,0,36256,1476,104,12.48,1.7053025658242404e-13,1.0000000000000002
384,scarcity,21004,0.2,0,shuffled,0.795782098023067,0.3690675358564502,0.34604738330871665,174,0,38208,1476,348,41.76,1.7053025658242404e-13,1.0000000000000002
384,scarcity,21005,0.2,0,autonomous,0.7647324229592677,0.28588948212828713,0.3502154309016151,161,0,0,0,0,0.0,1.7053025658242404e-13,1.0000000000000002
384,scarcity,21005,0.2,0,level,0.7785613095973146,0.3891952207063606,0.3417294861458594,171,0,37272,1529,72,8.64,1.1368683772161603e-13,1.0000000000000002
384,scarcity,21005,0.2,0,persistent,0.7787376832376011,0.34133064513987516,0.33943601185419414,178,0,36888,1514,69,8.28,1.1368683772161603e-13,1.0000000000000002
384,scarcity,21005,0.2,0,two_signals,0.7787701268127549,0.34914082970859056,0.33942982537748256,177,0,36600,1502,69,8.28,1.1368683772161603e-13,1.0000000000000002
384,scarcity,21005,0.2,0,shuffled,0.7792995957674801,0.3452635069429625,0.34041306669676696,169,0,38600,1502,319,38.28,1.1368683772161603e-13,1.0000000000000002
384,scarcity,21006,0.2,0,autonomous,0.683540131266788,0.04003419994587863,0.39045798370090845,174,0,0,0,0,0.0,1.7053025658242404e-13,1.0000000000000002
384,scarcity,21006,0.2,0,level,0.7000372520546209,0.05873559627657278,0.3740184830915534,173,0,47632,1953,95,11.4,1.1368683772161603e-13,1.0000000000000002
384,scarcity,21006,0.2,0,persistent,0.6988954940063096,0.060448964124382644,0.3782230252817327,178,0,46544,1906,100,12.0,1.7053025658242404e-13,1.0000000000000002
384,scarcity,21006,0.2,0,two_signals,0.6985353961600215,0.06517486631088738,0.3784193144314172,178,0,46120,1889,98,11.76,1.1368683772161603e-13,1.0000000000000002
384,scarcity,21006,0.2,0,shuffled,0.7175383170520946,0.08884708124406117,0.36504930464888097,168,0,49616,1889,535,64.2,1.1368683772161603e-13,1.0000000000000004
384,scarcity,21007,0.2,0,autonomous,0.7967635502080994,0.31888511287619786,0.3221080367508453,155,0,0,0,0,0.0,1.7053025658242404e-13,1.0000000000000002
384,scarcity,21007,0.2,0,level,0.8008809763283636,0.37583994323709535,0.32065398659194766,175,0,34192,1393,95,11.4,1.7053025658242404e-13,1.0000000000000002
384,scarcity,21007,0.2,0,persistent,0.8019727921981141,0.42613365597658903,0.3187917016541404,175,0,32776,1343,68,8.16,1.7053025658242404e-13,1.0000000000000002
384,scarcity,21007,0.2,0,two_signals,0.8019727921981141,0.42613365597658903,0.3187917016541404,175,0,32392,1327,68,8.16,1.7053025658242404e-13,1.0000000000000002
384,scarcity,21007,0.2,0,shuffled,0.8003420091006719,0.3949976473532953,0.330073258288638,178,0,34296,1327,306,36.72,1.7053025658242404e-13,1.0000000000000002
384,scarcity,21008,0.2,0,autonomous,0.7770370175245223,0.1922464416071459,0.3280210828638269,146,0,0,0,0,0.0,1.1368683772161603e-13,1.0000000000000002
384,scarcity,21008,0.2,0,level,0.7870174474488543,0.24405063310203137,0.31796556279732513,165,0,34920,1421,102,12.24,1.1368683772161603e-13,1.0000000000000002
384,scarcity,21008,0.2,0,persistent,0.7885851119424401,0.2217878034449579,0.3221949606563844,175,0,33400,1363,86,10.32,1.7053025658242404e-13,1.0000000000000002
384,scarcity,21008,0.2,0,two_signals,0.7888494593130898,0.27259604212977767,0.3229488088612954,177,0,33408,1365,81,9.719999999999999,1.7053025658242404e-13,1.0000000000000002
384,scarcity,21008,0.2,0,shuffled,0.7898614976791763,0.1888432296774143,0.3294604304403348,162,0,35808,1365,381,45.72,1.1368683772161603e-13,1.0000000000000002
384,scarcity,21009,0.2,0,autonomous,0.7442969592846771,0.20212165133875312,0.35008665152193497,162,0,0,0,0,0.0,1.7053025658242404e-13,1.0000000000000004
384,scarcity,21009,0.2,0,level,0.7611017172269094,0.3249380291668248,0.33668941564350596,176,0,41504,1694,106,12.719999999999999,1.1368683772161603e-13,1.0000000000000002
384,scarcity,21009,0.2,0,persistent,0.7619458951846741,0.306674385194392,0.331531021709605,165,0,39040,1598,86,10.32,1.1368683772161603e-13,1.0000000000000002
384,scarcity,21009,0.2,0,two_signals,0.7612885662235815,0.3039035775941472,0.3327863856306841,170,0,39640,1617,104,12.48,1.1368683772161603e-13,1.0000000000000002
384,scarcity,21009,0.2,0,shuffled,0.7705651655539436,0.32913990303735907,0.3294809700152831,168,0,42264,1617,432,51.839999999999996,1.1368683772161603e-13,1.0000000000000002
384,scarcity,21010,0.2,0,autonomous,0.7330936180370774,0.1895210016399438,0.35943139935809376,160,0,0,0,0,0.0,1.7053025658242404e-13,1.0000000000000002
384,scarcity,21010,0.2,0,level,0.7418490795632005,0.2817174140487298,0.3530905686601936,173,0,42768,1750,96,11.52,1.1368683772161603e-13,1.0000000000000002
384,scarcity,21010,0.2,0,persistent,0.7439642691196119,0.2833572863293623,0.3466738331671958,172,0,41296,1693,83,9.959999999999999,1.7053025658242404e-13,1.0000000000000002
384,scarcity,21010,0.2,0,two_signals,0.7439642691196119,0.2833572863293623,0.3466738331671958,172,0,41032,1682,83,9.959999999999999,1.7053025658242404e-13,1.0000000000000002
384,scarcity,21010,0.2,0,shuffled,0.752020551023485,0.256624701736661,0.34513571098266693,167,0,44232,1682,483,57.96,1.7053025658242404e-13,1.0000000000000002
384,scarcity,21011,0.2,0,autonomous,0.7325957898876505,0.10693856651850733,0.352784062452855,153,0,0,0,0,0.0,1.7053025658242404e-13,1.0000000000000002
384,scarcity,21011,0.2,0,level,0.7561745008579936,0.28245714476536044,0.34489742399402734,165,0,40936,1666,119,14.28,1.1368683772161603e-13,1.0000000000000002
384,scarcity,21011,0.2,0,persistent,0.7532911306963092,0.3033561398038593,0.34363645344061133,170,0,40304,1649,91,10.92,1.7053025658242404e-13,1.0000000000000002
384,scarcity,21011,0.2,0,two_signals,0.7532911306963092,0.3033561398038593,0.34363645344061133,170,0,39920,1633,91,10.92,1.7053025658242404e-13,1.0000000000000002
384,scarcity,21011,0.2,0,shuffled,0.7661611015863967,0.17962508240357866,0.3383449957749439,165,0,43232,1633,505,60.599999999999994,1.7053025658242404e-13,1.0000000000000004
384,scarcity,21012,0.2,0,autonomous,0.7477430608676873,0.1857616907870124,0.35894087016048515,160,0,0,0,0,0.0,1.7053025658242404e-13,1.0000000000000002
384,scarcity,21012,0.2,0,level,0.7560928036662281,0.2590807211228487,0.35416714210701816,183,0,40640,1665,85,10.2,1.7053025658242404e-13,1.0000000000000002
384,scarcity,21012,0.2,0,persistent,0.755072030104861,0.26819528160690354,0.3536820487739094,174,0,38048,1558,82,9.84,1.1368683772161603e-13,1.0000000000000002
384,scarcity,21012,0.2,0,two_signals,0.755072030104861,0.26819528160690354,0.3536820487739094,174,0,37928,1553,82,9.84,1.1368683772161603e-13,1.0000000000000002
384,scarcity,21012,0.2,0,shuffled,0.7634933531951711,0.2335371395365011,0.3409159130154652,163,0,40728,1553,432,51.839999999999996,1.7053025658242404e-13,1.0000000000000002
384,scarcity,21013,0.2,0,autonomous,0.7605984659015695,0.19885491282035891,0.3351912594716512,154,0,0,0,0,0.0,1.1368683772161603e-13,1.0000000000000002
384,scarcity,21013,0.2,0,level,0.774617966310327,0.37690409294489197,0.3326138104785895,173,0,38664,1579,96,11.52,1.1368683772161603e-13,1.0000000000000002
384,scarcity,21013,0.2,0,persistent,0.7750519548658332,0.31126222761580224,0.3298536093644282,175,0,37216,1522,86,10.32,1.7053025658242404e-13,1.0000000000000002
384,scarcity,21013,0.2,0,two_signals,0.7750519548658332,0.31126222761580224,0.3298536093644282,175,0,36808,1505,86,10.32,1.7053025658242404e-13,1.0000000000000002
384,scarcity,21013,0.2,0,shuffled,0.7778783024490639,0.3076935899153168,0.33330986941678953,174,0,39200,1505,385,46.199999999999996,1.7053025658242404e-13,1.0000000000000002
384,scarcity,21014,0.2,0,autonomous,0.694334094579115,0.013147804190784438,0.38477343379921314,150,0,0,0,0,0.0,1.7053025658242404e-13,1.0000000000000002
384,scarcity,21014,0.2,0,level,0.7154778453591539,0.1180741277798333,0.3668018778750225,167,0,45344,1841,145,17.4,1.7053025658242404e-13,1.0000000000000002
384,scarcity,21014,0.2,0,persistent,0.7168386113994248,0.10016966032993545,0.36860821598474003,166,0,43504,1776,110,13.2,1.7053025658242404e-13,1.0000000000000002
384,scarcity,21014,0.2,0,two_signals,0.7171252654890523,0.10016966032993545,0.36995549387554927,166,0,43192,1764,107,12.84,1.7053025658242404e-13,1.0000000000000002
384,scarcity,21014,0.2,0,shuffled,0.7303701142663048,0.11171483041510419,0.36339442236689334,155,0,46552,1764,527,63.239999999999995,1.7053025658242404e-13,1.0000000000000002
384,scarcity,21015,0.2,0,autonomous,0.7210384206491952,0.03098409358814706,0.3586279216066972,148,0,0,0,0,0.0,1.7053025658242404e-13,1.0000000000000002
384,scarcity,21015,0.2,0,level,0.7363991261679751,0.09069255111473988,0.35037206720734937,166,0,40896,1677,81,9.719999999999999,1.7053025658242404e-13,1.0000000000000002
384,scarcity,21015,0.2,0,persistent,0.7329937418901297,0.0848829619913262,0.3535314004738086,163,0,39792,1634,72,8.64,1.7053025658242404e-13,1.0000000000000002
384,scarcity,21015,0.2,0,two_signals,0.7329937418901297,0.0848829619913262,0.3535314004738086,163,0,39552,1624,72,8.64,1.7053025658242404e-13,1.0000000000000002
384,scarcity,21015,0.2,0,shuffled,0.7524960334644033,0.14074829160091973,0.3363884156657183,145,0,43040,1624,508,60.96,1.7053025658242404e-13,1.0000000000000002
384,scarcity,21016,0.2,0,autonomous,0.7149275343206946,0.04158041738122142,0.3703219532158263,157,0,0,0,0,0.0,1.7053025658242404e-13,1.0000000000000004
384,scarcity,21016,0.2,0,level,0.721634731070992,0.07808871759353882,0.36050668459576685,171,0,43040,1766,82,9.84,1.7053025658242404e-13,1.0000000000000002
384,scarcity,21016,0.2,0,persistent,0.7219934077841639,0.09254834239586829,0.3597521181811727,172,0,42256,1737,71,8.52,1.1368683772161603e-13,1.0000000000000002
384,scarcity,21016,0.2,0,two_signals,0.7229883702259406,0.09535964980106587,0.3576866326259246,172,0,42192,1734,72,8.64,1.7053025658242404e-13,1.0000000000000002
384,scarcity,21016,0.2,0,shuffled,0.7340882705612619,0.06708453272968304,0.3432201988605784,164,0,45976,1734,545,65.39999999999999,1.1368683772161603e-13,1.0000000000000004
384,scarcity,21017,0.2,0,autonomous,0.7188412312730057,0.10810628990553511,0.3704854152689274,167,0,0,0,0,0.0,1.7053025658242404e-13,1.0000000000000002
384,scarcity,21017,0.2,0,level,0.732003894036715,0.17751370201492506,0.3547219297196007,176,0,42904,1762,77,9.24,1.7053025658242404e-13,1.0000000000000002
384,scarcity,21017,0.2,0,persistent,0.7303688391335268,0.19310609120707437,0.35259860194444126,176,0,42648,1750,81,9.719999999999999,1.7053025658242404e-13,1.0000000000000002
384,scarcity,21017,0.2,0,two_signals,0.730801233981941,0.19310609120707437,0.3525794405524586,176,0,42224,1735,73,8.76,1.7053025658242404e-13,1.0000000000000002
384,scarcity,21017,0.2,0,shuffled,0.7456929661112678,0.19896017071573005,0.35059191470164164,174,0,45704,1735,508,60.96,1.1368683772161603e-13,1.0000000000000002
384,scarcity,21018,0.2,0,autonomous,0.7453479882176638,0.08230322027513644,0.33848635647550185,138,0,0,0,0,0.0,1.7053025658242404e-13,1.0000000000000004
384,scarcity,21018,0.2,0,level,0.7639612649629403,0.25821069646367356,0.33149678829420337,168,0,38472,1569,102,12.24,1.7053025658242404e-13,1.0000000000000004
384,scarcity,21018,0.2,0,persistent,0.7614633685780309,0.2739846262659268,0.32863990287108646,172,0,39528,1612,105,12.6,1.7053025658242404e-13,1.0000000000000002
384,scarcity,21018,0.2,0,two_signals,0.7620101924199223,0.2938808296989352,0.32932393739319554,170,0,39040,1593,101,12.12,1.7053025658242404e-13,1.0000000000000004
384,scarcity,21018,0.2,0,shuffled,0.7710269801388623,0.23961433683252278,0.3362476059458761,160,0,42088,1593,482,57.839999999999996,1.7053025658242404e-13,1.0000000000000002
384,scarcity,21019,0.2,0,autonomous,0.741595967880435,0.2526672526740846,0.36965403298368993,166,0,0,0,0,0.0,1.7053025658242404e-13,1.0000000000000002
384,scarcity,21019,0.2,0,level,0.7579508753549649,0.31887317736928905,0.35769968457264667,184,0,42640,1733,131,15.719999999999999,1.7053025658242404e-13,1.0000000000000002
384,scarcity,21019,0.2,0,persistent,0.7552350449260361,0.29275489567515833,0.3609494930008177,182,0,40672,1657,113,13.559999999999999,1.7053025658242404e-13,1.0000000000000002
384,scarcity,21019,0.2,0,two_signals,0.7537808299998395,0.27953709512185926,0.36090272166228143,181,0,40536,1648,123,14.76,1.7053025658242404e-13,1.0000000000000002
384,scarcity,21019,0.2,0,shuffled,0.765034510291135,0.3008447079192143,0.34694749864089214,166,0,42632,1648,385,46.199999999999996,1.7053025658242404e-13,1.0000000000000002
96,mixed,21000,0.2,1,autonomous,0.792422378222802,0.0,0.1760518173572907,12,0,0,0,0,0.0,4.263256414560601e-14,1.0000000000000002
96,mixed,21000,0.2,1,level,0.832699416647658,0.2582270605511443,0.11111401543488819,10,0,6160,248,26,3.12,4.263256414560601e-14,1.0000000000000002
96,mixed,21000,0.2,1,persistent,0.843207217236417,0.4014476738643496,0.09544492331141152,10,0,5752,232,23,2.76,4.263256414560601e-14,1.0000000000000002
96,mixed,21000,0.2,1,two_signals,0.8420819611443507,0.40502730043586577,0.10317612241487395,9,0,4920,198,21,2.52,4.263256414560601e-14,1.0000000000000004
96,mixed,21000,0.2,1,shuffled,0.8287776994593387,0.23265796781096795,0.11359262723275987,11,0,5600,198,106,12.719999999999999,4.263256414560601e-14,1.0000000000000002
96,mixed,21001,0.2,1,autonomous,0.8293652560269016,0.07192432476043355,0.1436241816233973,12,0,0,0,0,0.0,4.263256414560601e-14,1.0000000000000002
96,mixed,21001,0.2,1,level,0.8615611368591204,0.24115705938000231,0.10729296266222066,12,0,5576,225,22,2.6399999999999997,2.842170943040401e-14,1.0000000000000002
96,mixed,21001,0.2,1,persistent,0.8640574956090457,0.37238430411594814,0.08370539667681631,10,0,5472,220,24,2.88,4.263256414560601e-14,1.0000000000000002
96,mixed,21001,0.2,1,two_signals,0.8640574956090457,0.37238430411594814,0.08370539667681631,10,0,4608,184,24,2.88,4.263256414560601e-14,1.0000000000000002
96,mixed,21001,0.2,1,shuffled,0.8718856746374278,0.5026038407528952,0.08508284542310784,9,0,5256,184,105,12.6,4.263256414560601e-14,1.0000000000000002
96,mixed,21002,0.2,1,autonomous,0.8127296095044866,0.20990712916598442,0.1071789501322965,10,0,0,0,0,0.0,4.263256414560601e-14,1.0000000000000002
96,mixed,21002,0.2,1,level,0.8659349480113349,0.5542916147423811,0.04384145388271821,7,0,5704,230,23,2.76,2.842170943040401e-14,1.0000000000000002
96,mixed,21002,0.2,1,persistent,0.8700386639278539,0.6366466656800392,0.045342569935796107,6,0,5424,217,27,3.2399999999999998,4.263256414560601e-14,1.0000000000000002
96,mixed,21002,0.2,1,two_signals,0.8683151928354446,0.635059371689801,0.049961498542874794,7,0,4616,184,25,3.0,4.263256414560601e-14,1.0000000000000002
96,mixed,21002,0.2,1,shuffled,0.8704586123947834,0.5943956384938136,0.05698892148386947,5,0,5280,184,108,12.959999999999999,4.263256414560601e-14,1.0000000000000004
96,mixed,21003,0.2,1,autonomous,0.8303418107580838,0.2208472862122357,0.11200030749444456,9,0,0,0,0,0.0,4.263256414560601e-14,1.0000000000000004
96,mixed,21003,0.2,1,level,0.8803303977622752,0.6472775950581107,0.06625202911489181,6,0,6088,244,29,3.48,4.263256414560601e-14,1.0000000000000002
96,mixed,21003,0.2,1,persistent,0.8619583194849247,0.6259430279694695,0.08116095038586946,7,0,5808,232,30,3.5999999999999996,4.263256414560601e-14,1.0000000000000002
96,mixed,21003,0.2,1,two_signals,0.8620939436038975,0.6231777900776992,0.0794116319892958,7,0,5072,202,28,3.36,4.263256414560601e-14,1.0000000000000002
96,mixed,21003,0.2,1,shuffled,0.8748811202389936,0.6548748438278683,0.0789887757561697,7,0,5712,202,108,12.959999999999999,4.263256414560601e-14,1.0000000000000004
96,mixed,21004,0.2,1,autonomous,0.8962107154621384,0.6140422674530428,0.050827534752882375,6,0,0,0,0,0.0,2.842170943040401e-14,1.0000000000000004
96,mixed,21004,0.2,1,level,0.9510515064886178,0.8338447366525658,0.002196709023582488,0,0,3896,147,46,5.52,2.842170943040401e-14,1.0000000000000002
96,mixed,21004,0.2,1,persistent,0.9328308652060819,0.7410376912355384,0.008053391048645553,2,0,3984,151,45,5.3999999999999995,4.263256414560601e-14,1.0000000000000002
96,mixed,21004,0.2,1,two_signals,0.9258984794173964,0.7461521667984657,0.008397297598515596,2,0,3208,121,38,4.56,2.842170943040401e-14,1.0000000000000002
96,mixed,21004,0.2,1,shuffled,0.9242958653964729,0.7515774617139803,0.01597487711383283,3,0,3544,121,80,9.6,4.263256414560601e-14,1.0000000000000002
96,mixed,21005,0.2,1,autonomous,0.8798002733602523,0.646429315634728,0.05428876116273751,8,0,0,0,0,0.0,2.842170943040401e-14,0.9545404002246851
96,mixed,21005,0.2,1,level,0.9179088901753384,0.7972374436854422,0.004060983913020899,0,0,4592,177,43,5.16,2.842170943040401e-14,1.0000000000000002
96,mixed,21005,0.2,1,persistent,0.9054235027238904,0.7749922981682805,0.017184506300686797,3,0,4408,175,26,3.12,4.263256414560601e-14,1.0000000000000004
96,mixed,21005,0.2,1,two_signals,0.9054165298984211,0.7749922981682805,0.017221384609628854,3,0,3536,139,25,3.0,4.263256414560601e-14,1.0000000000000004
96,mixed,21005,0.2,1,shuffled,0.9209500976280477,0.8190381770889263,0.025960033569801144,3,0,4008,139,84,10.08,2.842170943040401e-14,1.0000000000000002
96,mixed,21006,0.2,1,autonomous,0.8114818402146552,0.08990834409541379,0.13715499920544538,15,0,0,0,0,0.0,4.263256414560601e-14,1.0000000000000002
96,mixed,21006,0.2,1,level,0.8571096428860597,0.2982860818445619,0.07750560506818194,8,0,5728,228,32,3.84,4.263256414560601e-14,1.0000000000000002
96,mixed,21006,0.2,1,persistent,0.868120554353605,0.5098140801965952,0.06479666046439148,7,0,5576,224,25,3.0,2.842170943040401e-14,1.0000000000000002
96,mixed,21006,0.2,1,two_signals,0.8631167813509038,0.4692081448113136,0.08075334712853455,9,0,4704,189,21,2.52,4.263256414560601e-14,1.0000000000000002
96,mixed,21006,0.2,1,shuffled,0.8609544670545627,0.43617858794872855,0.06967708385570603,7,0,5248,189,89,10.68,4.263256414560601e-14,1.0000000000000002
96,mixed,21007,0.2,1,autonomous,0.9106818992513745,0.6794546688376647,0.04234451275715179,4,0,0,0,0,0.0,4.263256414560601e-14,1.0000000000000004
96,mixed,21007,0.2,1,level,0.9388451163808585,0.82897017845815,0.004606690705977745,0,0,3712,137,53,6.359999999999999,4.263256414560601e-14,1.0000000000000004
96,mixed,21007,0.2,1,persistent,0.952714893696624,0.8679433716038487,0.003333623414987663,0,0,3128,113,52,6.24,4.263256414560601e-14,1.0000000000000002
96,mixed,21007,0.2,1,two_signals,0.9529902406420961,0.8616343440948968,0.003575533808120035,0,0,2176,78,38,4.56,4.263256414560601e-14,1.0000000000000002
96,mixed,21007,0.2,1,shuffled,0.9376590517358501,0.8456117077301835,0.0026719593531188135,0,1,2288,78,52,6.24,4.263256414560601e-14,1.0000000000000002
96,mixed,21008,0.2,1,autonomous,0.8512359253121324,0.5343228706380244,0.07860246155618433,8,0,0,0,0,0.0,4.263256414560601e-14,1.0000000000000004
96,mixed,21008,0.2,1,level,0.9195099835756222,0.7983941892357546,0.007728226683112571,1,0,4360,166,47,5.64,4.263256414560601e-14,1.0000000000000004
96,mixed,21008,0.2,1,persistent,0.9145760036432673,0.7027662758449846,0.002353003265862408,0,1,4624,173,59,7.08,4.263256414560601e-14,1.0000000000000004
96,mixed,21008,0.2,1,two_signals,0.9147759553031102,0.7029669258259241,0.008701503888511986,2,0,3400,128,41,4.92,4.263256414560601e-14,1.0000000000000004
96,mixed,21008,0.2,1,shuffled,0.9292785318286051,0.755125495969312,0.0008503973637097317,0,1,3896,128,103,12.36,4.263256414560601e-14,1.0000000000000004
96,mixed,21009,0.2,1,autonomous,0.9708378824658066,0.9117045416359137,3.0204733490579727e-05,0,1,0,0,0,0.0,5.684341886080802e-14,1.0000000000000002
96,mixed,21009,0.2,1,level,0.9880513054285756,0.957858798437701,0.0,0,1,1384,51,20,2.4,5.684341886080802e-14,1.0000000000000004
96,mixed,21009,0.2,1,persistent,0.9830525053163124,0.9695517428809624,0.0,0,1,1288,49,14,1.68,5.684341886080802e-14,1.0000000000000004
96,mixed,21009,0.2,1,two_signals,0.9821117992255957,0.9695517099007677,0.0,0,1,984,37,12,1.44,5.684341886080802e-14,1.0000000000000002
96,mixed,21009,0.2,1,shuffled,0.9789052972319328,0.9284668662033125,0.0,0,1,1064,37,22,2.6399999999999997,5.684341886080802e-14,1.0000000000000002
96,mixed,21010,0.2,1,autonomous,0.8503135448220556,0.467118105446129,0.0551108969305949,8,0,0,0,0,0.0,4.263256414560601e-14,1.0000000000000004
96,mixed,21010,0.2,1,level,0.934161388439199,0.8248195010239046,0.000542357766447843,0,1,4160,163,31,3.7199999999999998,4.263256414560601e-14,1.0000000000000004
96,mixed,21010,0.2,1,persistent,0.9359191190082853,0.8316832319857109,0.0005225807456600284,0,1,4192,164,32,3.84,4.263256414560601e-14,1.0000000000000004
96,mixed,21010,0.2,1,two_signals,0.9353687776154287,0.8317551843133644,0.001872461228041744,0,1,3472,135,29,3.48,4.263256414560601e-14,1.0000000000000004
96,mixed,21010,0.2,1,shuffled,0.9374986844323927,0.8501031454957223,0.00825107618726395,1,0,3864,135,78,9.36,4.263256414560601e-14,1.0000000000000002
96,mixed,21011,0.2,1,autonomous,0.7869360313815891,0.017575764300494158,0.16465751814626473,14,0,0,0,0,0.0,4.263256414560601e-14,1.0000000000000004
96,mixed,21011,0.2,1,level,0.87641363335711,0.6448033298284583,0.03768071938956696,4,0,6360,248,51,6.12,4.263256414560601e-14,1.0000000000000004
96,mixed,21011,0.2,1,persistent,0.8843690745061925,0.6721032284461539,0.05200775126386914,6,0,5728,222,50,6.0,4.263256414560601e-14,1.0000000000000004
96,mixed,21011,0.2,1,two_signals,0.8866921757030763,0.6866003273494111,0.041610911622013025,6,0,4392,169,42,5.04,4.263256414560601e-14,1.0000000000000004
96,mixed,21011,0.2,1,shuffled,0.8785474926092643,0.47998923047262715,0.060932154045820974,7,0,4816,169,95,11.4,5.684341886080802e-14,1.0000000000000004
96,mixed,21012,0.2,1,autonomous,0.9089355726389132,0.6216854195300999,0.022067386428471947,3,0,0,0,0,0.0,4.263256414560601e-14,1.0000000000000002
96,mixed,21012,0.2,1,level,0.9672038563827403,0.8604003302545582,0.0,0,1,2408,91,28,3.36,4.263256414560601e-14,1.0000000000000002
96,mixed,21012,0.2,1,persistent,0.9713636287726649,0.8644900619090223,0.0,0,1,2112,81,21,2.52,4.263256414560601e-14,1.0000000000000002
96,mixed,21012,0.2,1,two_signals,0.974725765891087,0.8835671164430335,0.0,0,1,1392,52,18,2.16,4.263256414560601e-14,1.0000000000000002
96,mixed,21012,0.2,1,shuffled,0.9401301493688149,0.74948040762197,0.007417058521755782,1,0,1520,52,34,4.08,4.263256414560601e-14,1.0000000000000004
96,mixed,21013,0.2,1,autonomous,0.7920073822644368,0.07711741843135844,0.15835575244461086,16,0,0,0,0,0.0,4.263256414560601e-14,1.0000000000000004
96,mixed,21013,0.2,1,level,0.8623049463649578,0.5352787341146423,0.057483753055158626,8,0,7376,259,145,17.4,2.842170943040401e-14,1.0000000000000004
96,mixed,21013,0.2,1,persistent,0.8835684784250321,0.5929828435980318,0.014727109830023122,3,0,6840,233,156,18.72,4.263256414560601e-14,1.0000000000000002
96,mixed,21013,0.2,1,two_signals,0.8803233910244489,0.6286416442844577,0.02432765597292952,5,0,6000,202,144,17.28,4.263256414560601e-14,1.0000000000000002
96,mixed,21013,0.2,1,shuffled,0.8823385782369974,0.556098509252347,0.015458601950003592,1,0,6096,202,156,18.72,4.263256414560601e-14,1.0000000000000004
96,mixed,21014,0.2,1,autonomous,0.6596512916759214,0.0,0.27164862382418886,30,0,0,0,0,0.0,2.842170943040401e-14,1.0000000000000004
96,mixed,21014,0.2,1,level,0.700986488507677,0.0031384218886000076,0.21035504094116897,25,0,13064,528,49,5.88,2.842170943040401e-14,1.0000000000000004
96,mixed,21014,0.2,1,persistent,0.711770026512099,0.0872941185619494,0.17661701225366555,20,0,11824,478,44,5.279999999999999,2.842170943040401e-14,1.0000000000000004
96,mixed,21014,0.2,1,two_signals,0.7114799507675783,0.0914432751091859,0.17969290336069765,21,0,10768,435,41,4.92,2.842170943040401e-14,1.0000000000000004
96,mixed,21014,0.2,1,shuffled,0.739829865332108,0.017693374057015737,0.17100744747258034,16,0,12224,435,223,26.759999999999998,4.263256414560601e-14,1.0000000000000004
96,mixed,21015,0.2,1,autonomous,0.8194480588663442,0.4867696542844233,0.08411540393534611,11,0,0,0,0,0.0,4.263256414560601e-14,1.0000000000000002
96,mixed,21015,0.2,1,level,0.9167097037661998,0.7919255006114511,0.0,0,1,5048,195,46,5.52,2.842170943040401e-14,1.0000000000000002
96,mixed,21015,0.2,1,persistent,0.9123618775808843,0.8065054795507071,0.0021028373844805825,1,0,4288,166,38,4.56,2.842170943040401e-14,1.0000000000000002
96,mixed,21015,0.2,1,two_signals,0.9006969752866048,0.8054309342600239,0.02503971198377386,3,0,3680,142,34,4.08,2.842170943040401e-14,1.0000000000000004
96,mixed,21015,0.2,1,shuffled,0.8952437028793528,0.7774948228123253,0.03654815108678533,4,0,4120,142,89,10.68,2.842170943040401e-14,1.0000000000000004
96,mixed,21016,0.2,1,autonomous,0.8369679293827442,0.42729160894607743,0.08971844189874567,12,0,0,0,0,0.0,2.842170943040401e-14,1.0000000000000004
96,mixed,21016,0.2,1,level,0.8759009751618251,0.6931424655201986,0.037546848606133776,5,0,6912,251,111,13.32,2.842170943040401e-14,1.0000000000000004
96,mixed,21016,0.2,1,persistent,0.8781559834700408,0.7027174868705216,0.04055621977524981,7,0,6448,235,101,12.12,4.263256414560601e-14,1.0000000000000004
96,mixed,21016,0.2,1,two_signals,0.8764177367563628,0.6619756469785296,0.045773931766968756,6,0,5272,191,86,10.32,4.263256414560601e-14,1.0000000000000002
96,mixed,21016,0.2,1,shuffled,0.8769044767154179,0.6195123979041196,0.03684229423486152,7,0,5528,191,118,14.16,4.263256414560601e-14,1.0000000000000002
96,mixed,21017,0.2,1,autonomous,0.8836911744057292,0.7005834910933939,0.06936959621468963,11,0,0,0,0,0.0,4.263256414560601e-14,1.0000000000000004
96,mixed,21017,0.2,1,level,0.9248103897077654,0.7983246501271078,0.030122933214187797,6,0,4800,192,24,2.88,4.263256414560601e-14,1.0000000000000004
96,mixed,21017,0.2,1,persistent,0.9207227028983559,0.8077058375095565,0.037408086297304854,6,0,4472,179,22,2.6399999999999997,4.263256414560601e-14,1.0000000000000004
96,mixed,21017,0.2,1,two_signals,0.9259957621407853,0.8397346213165086,0.03866441352104388,6,0,3496,139,20,2.4,4.263256414560601e-14,1.0000000000000002
96,mixed,21017,0.2,1,shuffled,0.9157769122099773,0.7858766762204815,0.029540690560014626,5,0,3856,139,65,7.8,4.263256414560601e-14,1.0000000000000002
96,mixed,21018,0.2,1,autonomous,0.767957307044061,0.0013070012243002517,0.17900630779512972,17,0,0,0,0,0.0,4.263256414560601e-14,0.9802575688379193
96,mixed,21018,0.2,1,level,0.8042989870378321,0.1578498237951803,0.11226920602929058,14,0,7848,316,33,3.96,2.842170943040401e-14,1.0
96,mixed,21018,0.2,1,persistent,0.8138622237171454,0.1000613291672766,0.11449048461869926,11,0,6968,282,25,3.0,2.842170943040401e-14,1.0000000000000002
96,mixed,21018,0.2,1,two_signals,0.8110694488539005,0.09933186987450383,0.12191486575419186,13,0,6224,252,22,2.6399999999999997,2.842170943040401e-14,1.0000000000000002
96,mixed,21018,0.2,1,shuffled,0.8126303658886064,0.008491568677521533,0.13885192609671748,13,0,7328,252,160,19.2,4.263256414560601e-14,1.0000000000000002
96,mixed,21019,0.2,1,autonomous,0.8746366614741249,0.5124319972402721,0.05100519518529112,5,0,0,0,0,0.0,4.263256414560601e-14,1.0000000000000004
96,mixed,21019,0.2,1,level,0.9290776820600363,0.8015487353161804,0.008531456925490954,1,0,4624,180,38,4.56,4.263256414560601e-14,1.0000000000000004
96,mixed,21019,0.2,1,persistent,0.913445667053096,0.7830369090283703,0.022592054024141328,2,0,4608,181,33,3.96,4.263256414560601e-14,1.0000000000000002
96,mixed,21019,0.2,1,two_signals,0.9131335778313143,0.796469283239385,0.029343693235781454,3,0,3368,130,31,3.7199999999999998,4.263256414560601e-14,1.0000000000000002
96,mixed,21019,0.2,1,shuffled,0.9320267147669196,0.8454744824078888,0.014544170268829815,2,0,3688,130,71,8.52,5.684341886080802e-14,1.0000000000000002
96,mixed,21100,0.2,0,autonomous,0.8075479643755206,0.33804619027811605,0.1175022703983315,12,0,0,0,0,0.0,2.842170943040401e-14,1.0000000000000002
96,mixed,21100,0.2,0,level,0.861736288631052,0.4662268954599859,0.03948707906675686,5,0,5776,230,32,3.84,4.263256414560601e-14,1.0000000000000002
96,mixed,21100,0.2,0,persistent,0.8584301368949205,0.4910314268805988,0.04597399370025923,6,0,6008,239,34,4.08,4.263256414560601e-14,1.0000000000000002
96,mixed,21100,0.2,0,two_signals,0.8586021576735623,0.4877955763873134,0.04386076246791859,6,0,5232,207,33,3.96,2.842170943040401e-14,1.0000000000000002
96,mixed,21100,0.2,0,shuffled,0.878703166430662,0.5873756784266774,0.041162581664900944,6,0,5872,207,113,13.559999999999999,2.842170943040401e-14,1.0000000000000002
96,mixed,21100,0.1,0,autonomous,0.8074663950680299,0.336900967735722,0.11748684838331347,12,0,0,0,0,0.0,4.263256414560601e-14,1.0000000000000002
96,mixed,21100,0.1,0,level,0.8596941216983086,0.538792359488743,0.05790569252537148,7,0,6544,258,44,5.279999999999999,4.263256414560601e-14,1.0000000000000002
96,mixed,21100,0.1,0,persistent,0.8662442675317232,0.6983202241948109,0.042826965642388415,4,0,5656,224,35,4.2,4.263256414560601e-14,1.0000000000000002
96,mixed,21100,0.1,0,two_signals,0.8669793848847946,0.6986419774487911,0.042298609806510346,4,0,4832,190,34,4.08,4.263256414560601e-14,1.0000000000000002
96,mixed,21100,0.1,0,shuffled,0.8721516558346565,0.5188058498889347,0.04500297722075597,7,0,5424,190,108,12.959999999999999,4.263256414560601e-14,1.0000000000000002
96,mixed,21101,0.2,0,autonomous,0.8938133473361314,0.694954295099998,0.03380364770461963,6,0,0,0,0,0.0,4.263256414560601e-14,1.0000000000000002
96,mixed,21101,0.2,0,level,0.9378911890874072,0.827280251920062,0.002900866959691162,0,1,3480,137,24,2.88,4.263256414560601e-14,1.0000000000000002
96,mixed,21101,0.2,0,persistent,0.9267315815616336,0.7325783539747492,0.002682080547901644,0,1,3680,145,25,3.0,4.263256414560601e-14,1.0000000000000004
96,mixed,21101,0.2,0,two_signals,0.926306840914649,0.7339380292817925,0.005098158764535343,1,0,2776,108,23,2.76,4.263256414560601e-14,1.0000000000000004
96,mixed,21101,0.2,0,shuffled,0.9375142616577329,0.7333241672990796,0.0018736206807200562,0,1,3168,108,72,8.64,4.263256414560601e-14,1.0000000000000002
96,mixed,21101,0.1,0,autonomous,0.893594350675292,0.6950499246901471,0.03371904961867023,6,0,0,0,0,0.0,4.263256414560601e-14,1.0000000000000004
96,mixed,21101,0.1,0,level,0.933067318303594,0.7606174258934095,0.0048701161172108876,0,0,3960,151,42,5.04,4.263256414560601e-14,1.0000000000000002
96,mixed,21101,0.1,0,persistent,0.9347080038590061,0.7478507462183387,0.0009063903945032425,0,1,3344,130,28,3.36,4.263256414560601e-14,1.0000000000000004
96,mixed,21101,0.1,0,two_signals,0.9347289315463535,0.7479224513234335,0.0009047533492132498,0,1,2640,101,27,3.2399999999999998,4.263256414560601e-14,1.0000000000000004
96,mixed,21101,0.1,0,shuffled,0.9409643689043629,0.7626266901201377,4.596676300883118e-05,0,1,3040,101,77,9.24,4.263256414560601e-14,1.0000000000000002
96,mixed,21102,0.2,0,autonomous,0.7707172263337814,0.10754024748221876,0.16285847509351625,19,0,0,0,0,0.0,2.842170943040401e-14,1.0000000000000002
96,mixed,21102,0.2,0,level,0.8224612351569346,0.26559406490603515,0.08694953245917236,10,0,7384,296,35,4.2,2.842170943040401e-14,1.0000000000000002
96,mixed,21102,0.2,0,persistent,0.8030051240258279,0.30820019516169667,0.10870313736079829,14,0,8056,324,35,4.2,2.842170943040401e-14,1.0000000000000002
96,mixed,21102,0.2,0,two_signals,0.8011382935418893,0.30820019516169667,0.114802549693095,17,0,7456,300,32,3.84,2.842170943040401e-14,1.0000000000000002
96,mixed,21102,0.2,0,shuffled,0.8338881184757976,0.37402547078911746,0.06411727584831195,6,0,8216,300,127,15.24,4.263256414560601e-14,1.0000000000000002
96,mixed,21102,0.1,0,autonomous,0.7706297980152996,0.1054456172439314,0.16281076226137703,19,0,0,0,0,0.0,4.263256414560601e-14,1.0000000000000002
96,mixed,21102,0.1,0,level,0.8195526223779019,0.2636851184228637,0.09956409422188717,12,0,8120,328,31,3.7199999999999998,4.263256414560601e-14,1.0000000000000002
96,mixed,21102,0.1,0,persistent,0.8056056934988577,0.27361486348332853,0.10790196289269471,15,0,8048,324,34,4.08,4.263256414560601e-14,1.0000000000000004
96,mixed,21102,0.1,0,two_signals,0.8087392628141795,0.28422623435300637,0.09778021960449812,12,0,6864,275,33,3.96,4.263256414560601e-14,1.0000000000000004
96,mixed,21102,0.1,0,shuffled,0.8333829720573047,0.3691622435956629,0.07866419253347778,10,0,7552,275,119,14.28,4.263256414560601e-14,1.0000000000000002
96,mixed,21103,0.2,0,autonomous,0.7937352984611461,0.0,0.19072809192657458,15,0,0,0,0,0.0,4.263256414560601e-14,1.0000000000000002
96,mixed,21103,0.2,0,level,0.8438294068454649,0.09219955949733873,0.10818474844657278,9,0,5800,233,26,3.12,2.842170943040401e-14,1.0000000000000002
96,mixed,21103,0.2,0,persistent,0.8447358262458871,0.22110594254718718,0.09719242309168974,9,0,5744,231,25,3.0,4.263256414560601e-14,1.0000000000000004
96,mixed,21103,0.2,0,two_signals,0.8418809666819461,0.1677352995224852,0.10859734835260237,10,0,4912,198,20,2.4,4.263256414560601e-14,1.0000000000000004
96,mixed,21103,0.2,0,shuffled,0.8305640277213197,0.012609754006614326,0.13362712550567313,10,0,5664,198,114,13.68,4.263256414560601e-14,1.0000000000000002
96,mixed,21103,0.1,0,autonomous,0.7937015055518819,0.0,0.19070940147016213,15,0,0,0,0,0.0,4.263256414560601e-14,1.0000000000000002
96,mixed,21103,0.1,0,level,0.8454429403854554,0.09614661888942136,0.10574727972126197,9,0,5920,238,26,3.12,4.263256414560601e-14,1.0000000000000002
96,mixed,21103,0.1,0,persistent,0.8392765681728136,0.1284639395185523,0.11684739880043726,10,0,6008,241,28,3.36,4.263256414560601e-14,1.0000000000000002
96,mixed,21103,0.1,0,two_signals,0.8399105766254454,0.15181316772889106,0.11634238108791672,10,0,5312,213,25,3.0,4.263256414560601e-14,1.0000000000000002
96,mixed,21103,0.1,0,shuffled,0.8441105841529605,0.008919104992649017,0.13136250130307636,11,0,6192,213,135,16.2,4.263256414560601e-14,1.0000000000000002
96,mixed,21104,0.2,0,autonomous,0.8861845718132559,0.6972009693872718,0.06909732741467367,7,0,0,0,0,0.0,2.842170943040401e-14,1.0000000000000004
96,mixed,21104,0.2,0,level,0.9204738668929825,0.808720058006525,0.03439767255334203,3,0,3696,146,24,2.88,2.842170943040401e-14,1.0000000000000002
96,mixed,21104,0.2,0,persistent,0.9175132613776852,0.8194746565941011,0.02824867607697157,4,0,3776,150,22,2.6399999999999997,2.842170943040401e-14,1.0000000000000002
96,mixed,21104,0.2,0,two_signals,0.9147359966235408,0.8194686798219292,0.03956101762994535,5,0,2944,117,17,2.04,2.842170943040401e-14,1.0000000000000002
96,mixed,21104,0.2,0,shuffled,0.9236544604469079,0.8250886853855096,0.031184280758925542,3,0,3408,117,75,9.0,2.842170943040401e-14,1.0000000000000002
96,mixed,21104,0.1,0,autonomous,0.8860764126913185,0.6964886383098846,0.06909430364324554,7,0,0,0,0,0.0,4.263256414560601e-14,1.0000000000000002
96,mixed,21104,0.1,0,level,0.91497069151014,0.8144427718867613,0.044277327579671955,6,0,4104,161,30,3.5999999999999996,4.263256414560601e-14,1.0000000000000002
96,mixed,21104,0.1,0,persistent,0.9065985556887006,0.7844263585111376,0.03293277615585488,3,0,4024,161,20,2.4,4.263256414560601e-14,1.0000000000000002
96,mixed,21104,0.1,0,two_signals,0.9034637333710615,0.7773408115797625,0.04311805154390791,3,0,3488,140,16,1.92,4.263256414560601e-14,1.0000000000000002
96,mixed,21104,0.1,0,shuffled,0.9200708013806104,0.7442915568434336,0.04215454793318796,4,0,4040,140,85,10.2,4.263256414560601e-14,1.0000000000000002
96,mixed,21105,0.2,0,autonomous,0.8350836811898517,0.4678929978108251,0.08933668885077728,10,0,0,0,0,0.0,4.263256414560601e-14,1.0000000000000002
96,mixed,21105,0.2,0,level,0.8786818217751774,0.7338508775609567,0.046928274148687055,6,0,5464,219,26,3.12,4.263256414560601e-14,1.0000000000000004
96,mixed,21105,0.2,0,persistent,0.8771447259895412,0.7416291443562102,0.044336507076606746,6,0,5320,214,23,2.76,4.263256414560601e-14,1.0000000000000002
96,mixed,21105,0.2,0,two_signals,0.8770364632249452,0.7416291443562102,0.04486522194598108,6,0,4328,173,22,2.6399999999999997,4.263256414560601e-14,1.0000000000000002
96,mixed,21105,0.2,0,shuffled,0.8947872563694128,0.7106468409980122,0.025501431297364374,3,0,4912,173,95,11.4,4.263256414560601e-14,1.0000000000000004
96,mixed,21105,0.1,0,autonomous,0.8349405523695839,0.46673066386694084,0.08930492485180208,10,0,0,0,0,0.0,4.263256414560601e-14,1.0000000000000004
96,mixed,21105,0.1,0,level,0.8776055097804458,0.7335076785526491,0.04370159807063856,6,0,5608,223,32,3.84,4.263256414560601e-14,1.0000000000000002
96,mixed,21105,0.1,0,persistent,0.878023369699229,0.732037077669987,0.04142321281365591,5,0,5488,218,32,3.84,4.263256414560601e-14,1.0000000000000004
96,mixed,21105,0.1,0,two_signals,0.8766489237559417,0.732037077669987,0.04779399371843507,5,0,4424,175,28,3.36,4.263256414560601e-14,1.0000000000000002
96,mixed,21105,0.1,0,shuffled,0.8771636201889286,0.6809388581597593,0.047256194552821595,6,0,5000,175,100,12.0,4.263256414560601e-14,1.0000000000000004
