scenario,world,policy,selected,quality,early_quality,regret,prediction_mse,selected_failure_age,common_probe_samples
memoryless,0,last_contact,2,0.24875000000000003,0.395,0.585,0.03996417762695313,8,512
memoryless,0,ema,0,0.2975,0.2,0.53625,0.04017690462766724,10,512
memoryless,0,failure_age,3,0.7362500000000001,0.395,0.09749999999999992,0.04000751851291791,34,512
memoryless,0,route_history,3,0.7362500000000001,0.395,0.09749999999999992,0.04114000385523474,34,512
memoryless,0,shuffled_history,6,0.34625,0.2,0.4875,0.042161734981798524,3,512
memoryless,0,oracle,7,0.83375,0.98,0.0,0.0,11,512
memoryless,1,last_contact,0,0.34625,0.2,0.34125,0.04405483583007813,2,512
memoryless,1,ema,3,0.2,0.2,0.4875,0.04387998485271323,7,512
memoryless,1,failure_age,6,0.2,0.2,0.4875,0.04427834672763341,12,512
memoryless,1,route_history,6,0.2,0.2,0.4875,0.04570874089262274,12,512
memoryless,1,shuffled_history,4,0.63875,0.395,0.04874999999999996,0.04426790111517374,9,512
memoryless,1,oracle,2,0.6875,0.2,0.0,0.0,3,512
memoryless,2,last_contact,3,0.7362500000000001,0.395,0.19500000000000006,0.08281062879882817,4,512
memoryless,2,ema,2,0.6875,0.2,0.24375000000000013,0.08263514064730895,8,512
memoryless,2,failure_age,6,0.54125,0.5900000000000001,0.3900000000000001,0.08057096810389591,20,512
memoryless,2,route_history,1,0.9312500000000001,0.7849999999999999,0.0,0.07800532077702091,24,512
memoryless,2,shuffled_history,2,0.6875,0.2,0.24375000000000013,0.08148704546336442,8,512
memoryless,2,oracle,1,0.9312500000000001,0.7849999999999999,0.0,0.0,24,512
memoryless,3,last_contact,0,0.7362500000000001,0.2,0.0,0.03270774012695313,15,512
memoryless,3,ema,2,0.44375000000000003,0.98,0.29250000000000004,0.032922865691404596,7,512
memoryless,3,failure_age,2,0.44375000000000003,0.98,0.29250000000000004,0.03277398784805282,7,512
memoryless,3,route_history,5,0.34625,0.2,0.39000000000000007,0.03645346762513969,27,512
memoryless,3,shuffled_history,7,0.54125,0.395,0.19500000000000006,0.03277168886430361,3,512
memoryless,3,oracle,0,0.7362500000000001,0.2,0.0,0.0,15,512
memoryless,4,last_contact,1,0.54125,0.2,0.19500000000000006,0.044648976455078135,1,512
memoryless,4,ema,6,0.7362500000000001,0.2,0.0,0.04434153534039658,1,512
memoryless,4,failure_age,4,0.2,0.2,0.5362500000000001,0.046172168441654046,20,512
memoryless,4,route_history,4,0.2,0.2,0.5362500000000001,0.046617641884000485,20,512
memoryless,4,shuffled_history,6,0.7362500000000001,0.2,0.0,0.04548102833689706,1,512
memoryless,4,oracle,6,0.7362500000000001,0.2,0.0,0.0,1,512
memoryless,5,last_contact,5,0.9312500000000001,0.98,0.0,0.04935357997070315,51,512
memoryless,5,ema,0,0.2975,0.2,0.6337500000000001,0.0486861592938857,3,512
memoryless,5,failure_age,3,0.54125,0.2,0.3900000000000001,0.047553506025698696,16,512
memoryless,5,route_history,1,0.5900000000000001,0.5900000000000001,0.34125000000000005,0.04799243219709689,4,512
memoryless,5,shuffled_history,7,0.7362500000000001,0.5900000000000001,0.19500000000000006,0.04578895894862278,17,512
memoryless,5,oracle,5,0.9312500000000001,0.98,0.0,0.0,51,512
memoryless,6,last_contact,6,0.395,0.2,0.43875,0.06256578211914063,13,512
memoryless,6,ema,7,0.395,0.98,0.43875,0.0625912339660532,7,512
memoryless,6,failure_age,2,0.7849999999999999,0.2,0.04875000000000007,0.062366732906343675,22,512
memoryless,6,route_history,2,0.7849999999999999,0.2,0.04875000000000007,0.061208213475445306,22,512
memoryless,6,shuffled_history,2,0.7849999999999999,0.2,0.04875000000000007,0.06291855408515992,22,512
memoryless,6,oracle,5,0.83375,0.7849999999999999,0.0,0.0,5,512
memoryless,7,last_contact,7,0.54125,0.2,0.2925,0.027370376845703127,18,512
memoryless,7,ema,5,0.34625,0.2,0.4875,0.027777011642832316,10,512
memoryless,7,failure_age,3,0.5900000000000001,0.2,0.2437499999999999,0.027063658879290547,20,512
memoryless,7,route_history,3,0.5900000000000001,0.2,0.2437499999999999,0.02490081824856969,20,512
memoryless,7,shuffled_history,4,0.83375,0.395,0.0,0.025006761403822048,5,512
memoryless,7,oracle,4,0.83375,0.395,0.0,0.0,5,512
memoryless,8,last_contact,7,0.34625,0.2,0.4875,0.04347059754882812,7,512
memoryless,8,ema,7,0.34625,0.2,0.4875,0.0441274839459182,7,512
memoryless,8,failure_age,7,0.34625,0.2,0.4875,0.04452521250283952,7,512
memoryless,8,route_history,0,0.2,0.2,0.63375,0.04622494125032376,3,512
memoryless,8,shuffled_history,7,0.34625,0.2,0.4875,0.04747784015667801,7,512
memoryless,8,oracle,5,0.83375,0.395,0.0,0.0,2,512
memoryless,9,last_contact,5,0.4925,0.395,0.39000000000000007,0.05499296473632813,1,512
memoryless,9,ema,0,0.2,0.2,0.6825000000000001,0.055537268451052405,8,512
memoryless,9,failure_age,4,0.6875,0.7849999999999999,0.19500000000000006,0.05482791147678973,35,512
memoryless,9,route_history,6,0.8825000000000001,0.5900000000000001,0.0,0.053866974847780254,13,512
memoryless,9,shuffled_history,1,0.2,0.2,0.6825000000000001,0.05645220267810991,6,512
memoryless,9,oracle,6,0.8825000000000001,0.5900000000000001,0.0,0.0,13,512
memoryless,10,last_contact,3,0.7849999999999999,0.7849999999999999,0.0,0.03751928895507812,29,512
memoryless,10,ema,0,0.44375000000000003,0.2,0.3412499999999999,0.03751975092475764,7,512
memoryless,10,failure_age,5,0.44375000000000003,0.2,0.3412499999999999,0.03915677773692434,31,512
memoryless,10,route_history,1,0.54125,0.2,0.2437499999999999,0.038857092883179914,32,512
memoryless,10,shuffled_history,7,0.24875000000000003,0.2,0.5362499999999999,0.04049954716929943,1,512
memoryless,10,oracle,3,0.7849999999999999,0.7849999999999999,0.0,0.0,29,512
memoryless,11,last_contact,3,0.2,0.2,0.63375,0.04504358485351563,32,512
memoryless,11,ema,4,0.44375000000000003,0.2,0.38999999999999996,0.04483482194482396,7,512
memoryless,11,failure_age,5,0.2975,0.2,0.53625,0.047365564871749075,20,512
memoryless,11,route_history,5,0.2975,0.2,0.53625,0.048752805250679994,20,512
memoryless,11,shuffled_history,6,0.6875,0.2,0.14625,0.04335629990639096,19,512
memoryless,11,oracle,1,0.83375,0.395,0.0,0.0,12,512
memoryless,12,last_contact,4,0.63875,0.2,0.24375000000000002,0.06087594715820314,3,512
memoryless,12,ema,4,0.63875,0.2,0.24375000000000002,0.06091015740785529,3,512
memoryless,12,failure_age,3,0.2,0.2,0.6825000000000001,0.06333721995995606,31,512
memoryless,12,route_history,1,0.2,0.2,0.6825000000000001,0.06438597557103569,9,512
memoryless,12,shuffled_history,3,0.2,0.2,0.6825000000000001,0.06411610675747041,31,512
memoryless,12,oracle,2,0.8825000000000001,0.98,0.0,0.0,23,512
memoryless,13,last_contact,1,0.83375,0.395,0.14625,0.07671821180664062,2,512
memoryless,13,ema,0,0.2,0.2,0.78,0.07754564853311345,6,512
memoryless,13,failure_age,7,0.395,0.395,0.585,0.07850224093456441,31,512
memoryless,13,route_history,2,0.7362500000000001,0.2,0.2437499999999999,0.0733418303757361,5,512
memoryless,13,shuffled_history,2,0.7362500000000001,0.2,0.2437499999999999,0.07821246375037766,5,512
memoryless,13,oracle,3,0.98,0.98,0.0,0.0,3,512
memoryless,14,last_contact,2,0.24875000000000003,0.395,0.43875,0.023026218642578127,2,512
memoryless,14,ema,1,0.6875,0.2,0.0,0.02262504254810603,9,512
memoryless,14,failure_age,6,0.54125,0.2,0.14625,0.02242625705376033,12,512
memoryless,14,route_history,6,0.54125,0.2,0.14625,0.021122744541972372,12,512
memoryless,14,shuffled_history,5,0.63875,0.98,0.04874999999999996,0.01972785961495266,8,512
memoryless,14,oracle,1,0.6875,0.2,0.0,0.0,9,512
memoryless,15,last_contact,7,0.34625,0.5900000000000001,0.4387499999999999,0.07161899989257813,7,512
memoryless,15,ema,7,0.34625,0.5900000000000001,0.4387499999999999,0.0712569034191998,7,512
memoryless,15,failure_age,5,0.2,0.2,0.585,0.07139578017798319,12,512
memoryless,15,route_history,5,0.2,0.2,0.585,0.07136718250574448,12,512
memoryless,15,shuffled_history,3,0.2,0.2,0.585,0.07240644871255081,1,512
memoryless,15,oracle,1,0.7849999999999999,0.2,0.0,0.0,9,512
memoryless,16,last_contact,3,0.54125,0.2,0.43875,0.06138740321289062,3,512
memoryless,16,ema,1,0.98,0.98,0.0,0.06164436959320556,5,512
memoryless,16,failure_age,7,0.7849999999999999,0.2,0.19500000000000006,0.060027359479856476,20,512
memoryless,16,route_history,4,0.24875000000000003,0.2,0.73125,0.06238668032118468,14,512
memoryless,16,shuffled_history,5,0.44375000000000003,0.2,0.5362499999999999,0.06263490286401645,9,512
memoryless,16,oracle,1,0.98,0.98,0.0,0.0,5,512
memoryless,17,last_contact,3,0.34625,0.2,0.5362500000000001,0.045277280166015635,29,512
memoryless,17,ema,0,0.24875000000000003,0.2,0.63375,0.04536824906692941,5,512
memoryless,17,failure_age,7,0.4925,0.2,0.39000000000000007,0.0451863985963637,12,512
memoryless,17,route_history,6,0.2975,0.2,0.5850000000000001,0.04489607308869497,6,512
memoryless,17,shuffled_history,1,0.8825000000000001,0.98,0.0,0.04405073001049149,1,512
memoryless,17,oracle,1,0.8825000000000001,0.98,0.0,0.0,1,512
memoryless,18,last_contact,1,0.5900000000000001,0.98,0.2437499999999999,0.029211222548828127,15,512
memoryless,18,ema,3,0.2,0.2,0.63375,0.02910636031348453,8,512
memoryless,18,failure_age,5,0.44375000000000003,0.98,0.38999999999999996,0.029226675976921614,34,512
memoryless,18,route_history,4,0.54125,0.2,0.2925,0.02797668093716136,2,512
memoryless,18,shuffled_history,0,0.5900000000000001,0.2,0.2437499999999999,0.025812952435801652,8,512
memoryless,18,oracle,6,0.83375,0.395,0.0,0.0,1,512
memoryless,19,last_contact,7,0.4925,0.2,0.39000000000000007,0.06120222938476563,14,512
memoryless,19,ema,0,0.8825000000000001,0.5900000000000001,0.0,0.0611718998655741,2,512
memoryless,19,failure_age,5,0.2,0.2,0.6825000000000001,0.0627707823070229,16,512
memoryless,19,route_history,3,0.2,0.2,0.6825000000000001,0.0651440667545845,14,512
memoryless,19,shuffled_history,5,0.2,0.2,0.6825000000000001,0.06146883350346027,16,512
memoryless,19,oracle,0,0.8825000000000001,0.5900000000000001,0.0,0.0,2,512
memoryless,20,last_contact,6,0.44375000000000003,0.2,0.3412499999999999,0.030633199111328124,3,512
memoryless,20,ema,0,0.4925,0.395,0.2924999999999999,0.030350858600368236,2,512
memoryless,20,failure_age,3,0.63875,0.395,0.14624999999999988,0.0312922530585906,1,512
memoryless,20,route_history,5,0.7849999999999999,0.7849999999999999,0.0,0.03101759660637784,15,512
memoryless,20,shuffled_history,3,0.63875,0.395,0.14624999999999988,0.03120771755257397,1,512
memoryless,20,oracle,5,0.7849999999999999,0.7849999999999999,0.0,0.0,15,512
memoryless,21,last_contact,3,0.54125,0.2,0.19500000000000006,0.025344357314453128,45,512
memoryless,21,ema,4,0.34625,0.2,0.39000000000000007,0.02558070559281523,10,512
memoryless,21,failure_age,1,0.5900000000000001,0.2,0.14625,0.023887604609495128,12,512
memoryless,21,route_history,4,0.34625,0.2,0.39000000000000007,0.02546316591635514,10,512
memoryless,21,shuffled_history,5,0.54125,0.7849999999999999,0.19500000000000006,0.0240520541556269,9,512
memoryless,21,oracle,7,0.7362500000000001,0.98,0.0,0.0,48,512
memoryless,22,last_contact,0,0.6875,0.2,0.14625,0.03714448524414063,5,512
memoryless,22,ema,3,0.6875,0.98,0.14625,0.037170653981486466,1,512
memoryless,22,failure_age,6,0.4925,0.2,0.34125,0.03669331195373012,14,512
memoryless,22,route_history,2,0.395,0.2,0.43875,0.03965343737709226,24,512
memoryless,22,shuffled_history,2,0.395,0.2,0.43875,0.03673003985171134,24,512
memoryless,22,oracle,7,0.83375,0.5900000000000001,0.0,0.0,3,512
memoryless,23,last_contact,5,0.7849999999999999,0.2,0.0,0.06276531434570312,4,512
memoryless,23,ema,3,0.2975,0.2,0.48749999999999993,0.06350118552921077,4,512
memoryless,23,failure_age,0,0.2,0.2,0.585,0.06229025898754008,31,512
memoryless,23,route_history,6,0.5900000000000001,0.2,0.19499999999999984,0.06459643939307516,9,512
memoryless,23,shuffled_history,2,0.34625,0.2,0.4387499999999999,0.06436191568836966,3,512
memoryless,23,oracle,5,0.7849999999999999,0.2,0.0,0.0,4,512
memoryless,24,last_contact,6,0.24875000000000003,0.2,0.43875,0.035025878798828125,13,512
memoryless,24,ema,0,0.6875,0.2,0.0,0.034636763692736015,7,512
memoryless,24,failure_age,0,0.6875,0.2,0.0,0.03573146831157645,7,512
memoryless,24,route_history,6,0.24875000000000003,0.2,0.43875,0.03427136937975978,13,512
memoryless,24,shuffled_history,6,0.24875000000000003,0.2,0.43875,0.036686951073500965,13,512
memoryless,24,oracle,0,0.6875,0.2,0.0,0.0,7,512
memoryless,25,last_contact,4,0.5900000000000001,0.2,0.2437499999999999,0.046207605361328126,12,512
memoryless,25,ema,0,0.83375,0.7849999999999999,0.0,0.04586767735310607,9,512
memoryless,25,failure_age,4,0.5900000000000001,0.2,0.2437499999999999,0.044849383491539815,12,512
memoryless,25,route_history,2,0.54125,0.2,0.2925,0.04441708428996849,5,512
memoryless,25,shuffled_history,4,0.5900000000000001,0.2,0.2437499999999999,0.047339744841321474,12,512
memoryless,25,oracle,3,0.83375,0.98,0.0,0.0,3,512
memoryless,26,last_contact,4,0.54125,0.2,0.2925,0.04478562879882812,9,512
memoryless,26,ema,4,0.54125,0.2,0.2925,0.044825028339704906,9,512
memoryless,26,failure_age,4,0.54125,0.2,0.2925,0.04618704373789413,9,512
memoryless,26,route_history,1,0.54125,0.2,0.2925,0.04786308945049602,4,512
memoryless,26,shuffled_history,3,0.83375,0.7849999999999999,0.0,0.044702690166091574,8,512
memoryless,26,oracle,3,0.83375,0.7849999999999999,0.0,0.0,8,512
memoryless,27,last_contact,4,0.24875000000000003,0.2,0.39,0.02080066688476563,7,512
memoryless,27,ema,4,0.24875000000000003,0.2,0.39,0.021079664242652566,7,512
memoryless,27,failure_age,1,0.5900000000000001,0.2,0.04874999999999996,0.02096842252310425,9,512
memoryless,27,route_history,2,0.63875,0.5900000000000001,0.0,0.020781736988366772,17,512
memoryless,27,shuffled_history,4,0.24875000000000003,0.2,0.39,0.020557152769411176,7,512
memoryless,27,oracle,2,0.63875,0.5900000000000001,0.0,0.0,17,512
memoryless,28,last_contact,6,0.44375000000000003,0.395,0.38999999999999996,0.04376271668945313,4,512
memoryless,28,ema,7,0.5900000000000001,0.2,0.2437499999999999,0.04373592040039202,10,512
memoryless,28,failure_age,4,0.2,0.2,0.63375,0.04409202633237955,9,512
memoryless,28,route_history,2,0.2975,0.2,0.53625,0.04556575331744219,15,512
memoryless,28,shuffled_history,4,0.2,0.2,0.63375,0.04368479170485762,9,512
memoryless,28,oracle,5,0.83375,0.395,0.0,0.0,24,512
memoryless,29,last_contact,2,0.395,0.7849999999999999,0.48750000000000004,0.06850718836914063,2,512
memoryless,29,ema,0,0.2,0.2,0.6825000000000001,0.0686134591625011,7,512
memoryless,29,failure_age,7,0.2,0.2,0.6825000000000001,0.07186328935215482,22,512
memoryless,29,route_history,1,0.34625,0.395,0.5362500000000001,0.06895451733486156,8,512
memoryless,29,shuffled_history,1,0.34625,0.395,0.5362500000000001,0.07591248551892829,8,512
memoryless,29,oracle,5,0.8825000000000001,0.5900000000000001,0.0,0.0,18,512
memoryless,30,last_contact,6,0.34625,0.2,0.4875,0.04293488075195312,6,512
memoryless,30,ema,3,0.83375,0.395,0.0,0.042543456263335624,1,512
memoryless,30,failure_age,7,0.34625,0.2,0.4875,0.042182456935474844,12,512
memoryless,30,route_history,4,0.54125,0.2,0.2925,0.04053751398325031,17,512
memoryless,30,shuffled_history,2,0.5900000000000001,0.395,0.2437499999999999,0.040405425843449125,3,512
memoryless,30,oracle,3,0.83375,0.395,0.0,0.0,1,512
memoryless,31,last_contact,0,0.5900000000000001,0.7849999999999999,0.0,0.02991230848632813,6,512
memoryless,31,ema,7,0.24875000000000003,0.2,0.34125000000000005,0.030361390062224602,7,512
memoryless,31,failure_age,6,0.24875000000000003,0.2,0.34125000000000005,0.030470682600599184,16,512
memoryless,31,route_history,2,0.4925,0.5900000000000001,0.09750000000000009,0.03172882144531271,15,512
memoryless,31,shuffled_history,6,0.24875000000000003,0.2,0.34125000000000005,0.031059389852050038,16,512
memoryless,31,oracle,0,0.5900000000000001,0.7849999999999999,0.0,0.0,6,512
memoryless,32,last_contact,6,0.54125,0.98,0.2437499999999999,0.04483415028320312,13,512
memoryless,32,ema,7,0.7849999999999999,0.2,0.0,0.04472237208503056,3,512
memoryless,32,failure_age,4,0.63875,0.5900000000000001,0.14624999999999988,0.04588448763854441,28,512
memoryless,32,route_history,4,0.63875,0.5900000000000001,0.14624999999999988,0.047690354940691175,28,512
memoryless,32,shuffled_history,5,0.2,0.2,0.585,0.04835831265111057,35,512
memoryless,32,oracle,0,0.7849999999999999,0.2,0.0,0.0,3,512
memoryless,33,last_contact,1,0.2975,0.395,0.48749999999999993,0.051988098525390616,57,512
memoryless,33,ema,3,0.44375000000000003,0.5900000000000001,0.3412499999999999,0.05342885539443707,7,512
memoryless,33,failure_age,7,0.395,0.2,0.3899999999999999,0.05420532762031802,16,512
memoryless,33,route_history,4,0.34625,0.7849999999999999,0.4387499999999999,0.05608820242573823,15,512
memoryless,33,shuffled_history,7,0.395,0.2,0.3899999999999999,0.054591757119617265,16,512
memoryless,33,oracle,5,0.7849999999999999,0.395,0.0,0.0,2,512
memoryless,34,last_contact,3,0.7849999999999999,0.98,0.0,0.03663302918945312,12,512
memoryless,34,ema,4,0.44375000000000003,0.98,0.3412499999999999,0.03633417934473033,6,512
memoryless,34,failure_age,0,0.44375000000000003,0.2,0.3412499999999999,0.036147119918115166,31,512
memoryless,34,route_history,3,0.7849999999999999,0.98,0.0,0.035719505968794224,12,512
memoryless,34,shuffled_history,7,0.7362500000000001,0.2,0.04874999999999985,0.03555155426078558,13,512
memoryless,34,oracle,3,0.7849999999999999,0.98,0.0,0.0,12,512
memoryless,35,last_contact,5,0.34625,0.7849999999999999,0.5850000000000002,0.07146353309570314,3,512
memoryless,35,ema,3,0.83375,0.5900000000000001,0.09750000000000014,0.07156311681554184,4,512
memoryless,35,failure_age,4,0.34625,0.2,0.5850000000000002,0.07144411813678103,28,512
memoryless,35,route_history,4,0.34625,0.2,0.5850000000000002,0.07225750657732104,28,512
memoryless,35,shuffled_history,0,0.7849999999999999,0.7849999999999999,0.1462500000000002,0.074864403591813,16,512
memoryless,35,oracle,2,0.9312500000000001,0.7849999999999999,0.0,0.0,4,512
memoryless,36,last_contact,3,0.2975,0.5900000000000001,0.6337500000000001,0.05252381532226564,3,512
memoryless,36,ema,0,0.4925,0.2,0.43875000000000014,0.05153352152358721,9,512
memoryless,36,failure_age,0,0.4925,0.2,0.43875000000000014,0.05173591691331968,9,512
memoryless,36,route_history,0,0.4925,0.2,0.43875000000000014,0.050384440386622376,9,512
memoryless,36,shuffled_history,3,0.2975,0.5900000000000001,0.6337500000000001,0.05060248645984152,3,512
memoryless,36,oracle,2,0.9312500000000001,0.7849999999999999,0.0,0.0,7,512
memoryless,37,last_contact,4,0.6875,0.395,0.2925,0.061713685439453124,5,512
memoryless,37,ema,4,0.6875,0.395,0.2925,0.061178255590547126,5,512
memoryless,37,failure_age,3,0.2,0.2,0.78,0.0616830219903853,64,512
memoryless,37,route_history,1,0.98,0.98,0.0,0.06101054523705483,1,512
memoryless,37,shuffled_history,3,0.2,0.2,0.78,0.06052483189811828,64,512
memoryless,37,oracle,1,0.98,0.98,0.0,0.0,1,512
memoryless,38,last_contact,4,0.24875000000000003,0.395,0.48750000000000004,0.05043937196289063,14,512
memoryless,38,ema,2,0.7362500000000001,0.2,0.0,0.05019031318498503,1,512
memoryless,38,failure_age,6,0.2,0.2,0.5362500000000001,0.05033325675343883,9,512
memoryless,38,route_history,1,0.5900000000000001,0.98,0.14625,0.049223048986688236,15,512
memoryless,38,shuffled_history,4,0.24875000000000003,0.395,0.48750000000000004,0.046949758189174025,14,512
memoryless,38,oracle,2,0.7362500000000001,0.2,0.0,0.0,1,512
memoryless,39,last_contact,3,0.83375,0.5900000000000001,0.0,0.054666682509765634,5,512
memoryless,39,ema,5,0.2,0.2,0.63375,0.054530203547042355,7,512
memoryless,39,failure_age,6,0.7362500000000001,0.98,0.09749999999999992,0.05544089923985066,16,512
memoryless,39,route_history,2,0.24875000000000003,0.2,0.585,0.056097247617274575,1,512
memoryless,39,shuffled_history,3,0.83375,0.5900000000000001,0.0,0.05712363844940459,5,512
memoryless,39,oracle,3,0.83375,0.5900000000000001,0.0,0.0,5,512
memoryless,40,last_contact,5,0.54125,0.395,0.19500000000000006,0.02659106239257813,7,512
memoryless,40,ema,5,0.54125,0.395,0.19500000000000006,0.026353181574881163,7,512
memoryless,40,failure_age,3,0.44375000000000003,0.2,0.29250000000000004,0.026648456842663766,12,512
memoryless,40,route_history,0,0.7362500000000001,0.395,0.0,0.024672953421626922,15,512
memoryless,40,shuffled_history,3,0.44375000000000003,0.2,0.29250000000000004,0.0278479946469744,12,512
memoryless,40,oracle,0,0.7362500000000001,0.395,0.0,0.0,15,512
memoryless,41,last_contact,2,0.395,0.5900000000000001,0.3899999999999999,0.03312660926757812,5,512
memoryless,41,ema,5,0.2,0.2,0.585,0.034208446625634055,4,512
memoryless,41,failure_age,4,0.34625,0.2,0.4387499999999999,0.03382853514119023,1,512
memoryless,41,route_history,2,0.395,0.5900000000000001,0.3899999999999999,0.03341553894335079,5,512
memoryless,41,shuffled_history,4,0.34625,0.2,0.4387499999999999,0.03740297026852832,1,512
memoryless,41,oracle,0,0.7849999999999999,0.395,0.0,0.0,2,512
memoryless,42,last_contact,0,0.5900000000000001,0.2,0.2925,0.057169995009765634,36,512
memoryless,42,ema,6,0.34625,0.2,0.5362500000000001,0.057121389745585636,5,512
memoryless,42,failure_age,1,0.8825000000000001,0.5900000000000001,0.0,0.05623641329945531,20,512
memoryless,42,route_history,1,0.8825000000000001,0.5900000000000001,0.0,0.05631489273532508,20,512
memoryless,42,shuffled_history,3,0.6875,0.2,0.19500000000000006,0.05689931898289811,15,512
memoryless,42,oracle,1,0.8825000000000001,0.5900000000000001,0.0,0.0,20,512
memoryless,43,last_contact,2,0.2,0.2,0.5362500000000001,0.030423764541015627,7,512
memoryless,43,ema,2,0.2,0.2,0.5362500000000001,0.03049872591557468,7,512
memoryless,43,failure_age,6,0.395,0.2,0.34125000000000005,0.031082456695721333,25,512
memoryless,43,route_history,3,0.5900000000000001,0.2,0.14625,0.031561705258577794,6,512
memoryless,43,shuffled_history,0,0.395,0.2,0.34125000000000005,0.03130238885747204,6,512
memoryless,43,oracle,4,0.7362500000000001,0.2,0.0,0.0,21,512
memoryless,44,last_contact,2,0.8825000000000001,0.5900000000000001,0.09749999999999992,0.09383144227539064,12,512
memoryless,44,ema,3,0.63875,0.2,0.34124999999999994,0.09389599200895797,7,512
memoryless,44,failure_age,2,0.8825000000000001,0.5900000000000001,0.09749999999999992,0.09231229420121814,12,512
memoryless,44,route_history,4,0.8825000000000001,0.98,0.09749999999999992,0.08752565935375771,9,512
memoryless,44,shuffled_history,2,0.8825000000000001,0.5900000000000001,0.09749999999999992,0.09252770947522727,12,512
memoryless,44,oracle,0,0.98,0.98,0.0,0.0,7,512
memoryless,45,last_contact,3,0.2,0.2,0.6825000000000001,0.05407254188476563,11,512
memoryless,45,ema,4,0.5900000000000001,0.2,0.2925,0.054295388739895006,9,512
memoryless,45,failure_age,1,0.6875,0.2,0.19500000000000006,0.05314123352913548,20,512
memoryless,45,route_history,1,0.6875,0.2,0.19500000000000006,0.052745582060340024,20,512
memoryless,45,shuffled_history,6,0.2975,0.395,0.5850000000000001,0.053585352247108364,4,512
memoryless,45,oracle,0,0.8825000000000001,0.7849999999999999,0.0,0.0,7,512
memoryless,46,last_contact,7,0.7362500000000001,0.5900000000000001,0.09749999999999992,0.05895241688476563,6,512
memoryless,46,ema,6,0.6875,0.2,0.14625,0.05889486532092897,6,512
memoryless,46,failure_age,5,0.7849999999999999,0.2,0.04875000000000007,0.0594023710983478,45,512
memoryless,46,route_history,6,0.6875,0.2,0.14625,0.05558161141742134,6,512
memoryless,46,shuffled_history,2,0.2,0.2,0.63375,0.06041411360967794,8,512
memoryless,46,oracle,3,0.83375,0.395,0.0,0.0,4,512
memoryless,47,last_contact,1,0.6875,0.2,0.2925,0.05155487098632813,3,512
memoryless,47,ema,1,0.6875,0.2,0.2925,0.051925231461811786,3,512
memoryless,47,failure_age,0,0.24875000000000003,0.2,0.73125,0.05230520623176275,12,512
memoryless,47,route_history,4,0.395,0.2,0.585,0.055395129956322266,17,512
memoryless,47,shuffled_history,4,0.395,0.2,0.585,0.05357630316355992,17,512
memoryless,47,oracle,2,0.98,0.98,0.0,0.0,4,512
memoryless,48,last_contact,7,0.2,0.2,0.7312500000000002,0.08085739149414065,19,512
memoryless,48,ema,3,0.5900000000000001,0.5900000000000001,0.34125000000000005,0.08065381959447707,6,512
memoryless,48,failure_age,6,0.2975,0.2,0.6337500000000001,0.07811357606603295,16,512
memoryless,48,route_history,1,0.24875000000000003,0.2,0.6825000000000001,0.08069549249625758,3,512
memoryless,48,shuffled_history,5,0.2,0.2,0.7312500000000002,0.0759598918968159,24,512
memoryless,48,oracle,0,0.9312500000000001,0.7849999999999999,0.0,0.0,27,512
memoryless,49,last_contact,4,0.24875000000000003,0.2,0.5362499999999999,0.053736357314453115,3,512
memoryless,49,ema,1,0.7849999999999999,0.5900000000000001,0.0,0.053808318236235615,8,512
memoryless,49,failure_age,0,0.54125,0.2,0.2437499999999999,0.05404887447567555,20,512
memoryless,49,route_history,1,0.7849999999999999,0.5900000000000001,0.0,0.052785503742055415,8,512
memoryless,49,shuffled_history,0,0.54125,0.2,0.2437499999999999,0.05858264065343717,20,512
memoryless,49,oracle,1,0.7849999999999999,0.5900000000000001,0.0,0.0,8,512
memoryless,50,last_contact,2,0.5900000000000001,0.2,0.34125000000000005,0.06728474403320314,13,512
memoryless,50,ema,0,0.2975,0.2,0.6337500000000001,0.06845971296797997,5,512
memoryless,50,failure_age,2,0.5900000000000001,0.2,0.34125000000000005,0.06756623413155281,13,512
memoryless,50,route_history,2,0.5900000000000001,0.2,0.34125000000000005,0.06892858903616825,13,512
memoryless,50,shuffled_history,5,0.2,0.2,0.7312500000000002,0.06953779270901683,3,512
memoryless,50,oracle,7,0.9312500000000001,0.98,0.0,0.0,2,512
memoryless,51,last_contact,6,0.395,0.2,0.5362500000000001,0.07388861708007813,4,512
memoryless,51,ema,2,0.2,0.2,0.7312500000000002,0.07395621849468764,5,512
memoryless,51,failure_age,5,0.34625,0.2,0.5850000000000002,0.07453025286124844,25,512
memoryless,51,route_history,2,0.2,0.2,0.7312500000000002,0.08126600096313781,5,512
memoryless,51,shuffled_history,1,0.34625,0.2,0.5850000000000002,0.07130482077828801,12,512
memoryless,51,oracle,3,0.9312500000000001,0.7849999999999999,0.0,0.0,10,512
memoryless,52,last_contact,0,0.2975,0.395,0.6337500000000001,0.09786367665039064,24,512
memoryless,52,ema,3,0.7849999999999999,0.5900000000000001,0.1462500000000002,0.0977257661578118,3,512
memoryless,52,failure_age,7,0.2,0.2,0.7312500000000002,0.09857970851313781,12,512
memoryless,52,route_history,0,0.2975,0.395,0.6337500000000001,0.09649441048760157,24,512
memoryless,52,shuffled_history,4,0.7362500000000001,0.98,0.19500000000000006,0.09333072838086795,1,512
memoryless,52,oracle,5,0.9312500000000001,0.7849999999999999,0.0,0.0,8,512
memoryless,53,last_contact,2,0.2,0.2,0.78,0.07590473426757813,2,512
memoryless,53,ema,1,0.98,0.98,0.0,0.07523518685100211,10,512
memoryless,53,failure_age,6,0.2,0.2,0.78,0.07589495556780235,25,512
memoryless,53,route_history,6,0.2,0.2,0.78,0.0757912322766612,25,512
memoryless,53,shuffled_history,7,0.34625,0.2,0.63375,0.07720269048038114,6,512
memoryless,53,oracle,1,0.98,0.98,0.0,0.0,10,512
memoryless,54,last_contact,2,0.63875,0.2,0.09750000000000003,0.05733536415039063,3,512
memoryless,54,ema,7,0.2,0.2,0.5362500000000001,0.05713900751664875,3,512
memoryless,54,failure_age,1,0.24875000000000003,0.2,0.48750000000000004,0.05730311402966621,17,512
memoryless,54,route_history,5,0.2,0.2,0.5362500000000001,0.06201088579464864,15,512
memoryless,54,shuffled_history,0,0.2,0.2,0.5362500000000001,0.05659115791235501,3,512
memoryless,54,oracle,3,0.7362500000000001,0.395,0.0,0.0,11,512
memoryless,55,last_contact,1,0.44375000000000003,0.2,0.04874999999999996,0.029493439345703122,12,512
memoryless,55,ema,6,0.44375000000000003,0.2,0.04874999999999996,0.029294178403866673,8,512
memoryless,55,failure_age,1,0.44375000000000003,0.2,0.04874999999999996,0.02948456249409259,12,512
memoryless,55,route_history,2,0.4925,0.2,0.0,0.03011409261861247,24,512
memoryless,55,shuffled_history,0,0.34625,0.2,0.14625,0.03027384352149489,1,512
memoryless,55,oracle,2,0.4925,0.2,0.0,0.0,24,512
memoryless,56,last_contact,0,0.63875,0.395,0.34124999999999994,0.03848377723632813,15,512
memoryless,56,ema,5,0.54125,0.2,0.43875,0.03805965178448289,7,512
memoryless,56,failure_age,3,0.5900000000000001,0.2,0.3899999999999999,0.03732516105076659,9,512
memoryless,56,route_history,2,0.98,0.98,0.0,0.03363589662670514,9,512
memoryless,56,shuffled_history,1,0.63875,0.2,0.34124999999999994,0.036849555196972646,13,512
memoryless,56,oracle,2,0.98,0.98,0.0,0.0,9,512
memoryless,57,last_contact,3,0.395,0.2,0.585,0.06803979774414062,5,512
memoryless,57,ema,0,0.63875,0.2,0.34124999999999994,0.06767253801241425,1,512
memoryless,57,failure_age,7,0.7849999999999999,0.2,0.19500000000000006,0.06745606900409132,12,512
memoryless,57,route_history,0,0.63875,0.2,0.34124999999999994,0.06812573398293105,1,512
memoryless,57,shuffled_history,7,0.7849999999999999,0.2,0.19500000000000006,0.06523133644677981,12,512
memoryless,57,oracle,6,0.98,0.98,0.0,0.0,5,512
memoryless,58,last_contact,5,0.7362500000000001,0.5900000000000001,0.19500000000000006,0.07199924989257815,9,512
memoryless,58,ema,5,0.7362500000000001,0.5900000000000001,0.19500000000000006,0.07227005438886712,9,512
memoryless,58,failure_age,3,0.4925,0.395,0.43875000000000014,0.07485420876400384,16,512
memoryless,58,route_history,3,0.4925,0.395,0.43875000000000014,0.07095087965048508,16,512
memoryless,58,shuffled_history,0,0.5900000000000001,0.2,0.34125000000000005,0.0757522122793967,13,512
memoryless,58,oracle,6,0.9312500000000001,0.98,0.0,0.0,2,512
memoryless,59,last_contact,2,0.54125,0.2,0.19500000000000006,0.010525004775390631,1,512
memoryless,59,ema,5,0.44375000000000003,0.395,0.29250000000000004,0.010492001944727967,7,512
memoryless,59,failure_age,5,0.44375000000000003,0.395,0.29250000000000004,0.01075886211649018,7,512
memoryless,59,route_history,5,0.44375000000000003,0.395,0.29250000000000004,0.011205580880305863,7,512
memoryless,59,shuffled_history,0,0.395,0.5900000000000001,0.34125000000000005,0.011240126108526363,8,512
memoryless,59,oracle,6,0.7362500000000001,0.7849999999999999,0.0,0.0,3,512
memoryless,60,last_contact,6,0.2,0.2,0.63375,0.04266702235351563,3,512
memoryless,60,ema,0,0.34625,0.2,0.4875,0.04255224329694848,5,512
memoryless,60,failure_age,5,0.54125,0.2,0.2925,0.04316648396926011,25,512
memoryless,60,route_history,5,0.54125,0.2,0.2925,0.04356128507928775,25,512
memoryless,60,shuffled_history,3,0.2975,0.5900000000000001,0.53625,0.04048261969059952,5,512
memoryless,60,oracle,1,0.83375,0.98,0.0,0.0,15,512
memoryless,61,last_contact,5,0.5900000000000001,0.395,0.3899999999999999,0.062098391494140634,5,512
memoryless,61,ema,2,0.44375000000000003,0.5900000000000001,0.5362499999999999,0.06198588197508421,1,512
memoryless,61,failure_age,1,0.44375000000000003,0.98,0.5362499999999999,0.06444101021248694,22,512
memoryless,61,route_history,5,0.5900000000000001,0.395,0.3899999999999999,0.06373610170524255,5,512
memoryless,61,shuffled_history,5,0.5900000000000001,0.395,0.3899999999999999,0.06545386241535409,5,512
memoryless,61,oracle,0,0.98,0.98,0.0,0.0,19,512
memoryless,62,last_contact,2,0.8825000000000001,0.5900000000000001,0.09749999999999992,0.09692889540039062,6,512
memoryless,62,ema,3,0.2975,0.2,0.6825,0.09720156360017818,7,512
memoryless,62,failure_age,7,0.54125,0.395,0.43875,0.09554931920807525,28,512
memoryless,62,route_history,4,0.7849999999999999,0.2,0.19500000000000006,0.10001945338869649,13,512
memoryless,62,shuffled_history,1,0.9312500000000001,0.7849999999999999,0.04874999999999985,0.09499285427591173,37,512
memoryless,62,oracle,6,0.98,0.98,0.0,0.0,12,512
memoryless,63,last_contact,4,0.2975,0.2,0.34125000000000005,0.028816614150390628,10,512
memoryless,63,ema,4,0.2975,0.2,0.34125000000000005,0.029054987607648044,10,512
memoryless,63,failure_age,6,0.54125,0.2,0.09750000000000003,0.029101579828135746,7,512
memoryless,63,route_history,7,0.2975,0.2,0.34125000000000005,0.030480802247673584,4,512
memoryless,63,shuffled_history,6,0.54125,0.2,0.09750000000000003,0.028078069864093374,7,512
memoryless,63,oracle,5,0.63875,0.2,0.0,0.0,2,512
memoryless,64,last_contact,6,0.2,0.2,0.43875000000000003,0.04520895399414063,1,512
memoryless,64,ema,2,0.34625,0.2,0.29250000000000004,0.045700328118625795,10,512
memoryless,64,failure_age,4,0.2975,0.2,0.34125000000000005,0.04607085842236201,25,512
memoryless,64,route_history,1,0.63875,0.2,0.0,0.046932173759095745,13,512
memoryless,64,shuffled_history,6,0.2,0.2,0.43875000000000003,0.04587511126208492,1,512
memoryless,64,oracle,1,0.63875,0.2,0.0,0.0,13,512
memoryless,65,last_contact,2,0.7849999999999999,0.7849999999999999,0.1462500000000002,0.05348830360351563,13,512
memoryless,65,ema,7,0.4925,0.2,0.43875000000000014,0.05318143687664292,3,512
memoryless,65,failure_age,1,0.7849999999999999,0.7849999999999999,0.1462500000000002,0.05222789324794845,20,512
memoryless,65,route_history,4,0.395,0.2,0.5362500000000001,0.05637680894427878,13,512
memoryless,65,shuffled_history,1,0.7849999999999999,0.7849999999999999,0.1462500000000002,0.04938958235728801,20,512
memoryless,65,oracle,0,0.9312500000000001,0.7849999999999999,0.0,0.0,14,512
memoryless,66,last_contact,3,0.34625,0.2,0.4387499999999999,0.024399673720703115,14,512
memoryless,66,ema,7,0.6875,0.2,0.09749999999999992,0.02407879442538588,3,512
memoryless,66,failure_age,2,0.395,0.98,0.3899999999999999,0.024843009315840124,12,512
memoryless,66,route_history,6,0.4925,0.2,0.2924999999999999,0.025228074687884454,21,512
memoryless,66,shuffled_history,2,0.395,0.98,0.3899999999999999,0.028487179276441888,12,512
memoryless,66,oracle,4,0.7849999999999999,0.98,0.0,0.0,4,512
memoryless,67,last_contact,4,0.2975,0.2,0.5850000000000001,0.05523656239257813,30,512
memoryless,67,ema,2,0.44375000000000003,0.2,0.43875000000000003,0.05622306264320527,7,512
memoryless,67,failure_age,1,0.6875,0.2,0.19500000000000006,0.05540380915542203,28,512
memoryless,67,route_history,0,0.5900000000000001,0.98,0.2925,0.05783338671163011,6,512
memoryless,67,shuffled_history,3,0.54125,0.2,0.34125000000000005,0.052459459643952225,3,512
memoryless,67,oracle,5,0.8825000000000001,0.5900000000000001,0.0,0.0,2,512
memoryless,68,last_contact,7,0.7849999999999999,0.2,0.0,0.04280813075195312,1,512
memoryless,68,ema,2,0.2,0.2,0.585,0.043101178759172354,8,512
memoryless,68,failure_age,1,0.24875000000000003,0.395,0.5362499999999999,0.043338566653147184,20,512
memoryless,68,route_history,4,0.54125,0.2,0.2437499999999999,0.04257191397939211,27,512
memoryless,68,shuffled_history,3,0.395,0.2,0.3899999999999999,0.040667258427610126,32,512
memoryless,68,oracle,7,0.7849999999999999,0.2,0.0,0.0,1,512
memoryless,69,last_contact,6,0.7362500000000001,0.2,0.0,0.04372855360351563,8,512
memoryless,69,ema,4,0.34625,0.2,0.39000000000000007,0.043964889911929816,9,512
memoryless,69,failure_age,2,0.2975,0.2,0.4387500000000001,0.04454932116232106,12,512
memoryless,69,route_history,1,0.7362500000000001,0.395,0.0,0.04335138077847427,1,512
memoryless,69,shuffled_history,2,0.2975,0.2,0.4387500000000001,0.04527173865982148,12,512
memoryless,69,oracle,6,0.7362500000000001,0.2,0.0,0.0,8,512
memoryless,70,last_contact,3,0.83375,0.7849999999999999,0.0,0.03847387489257812,1,512
memoryless,70,ema,0,0.63875,0.2,0.19499999999999995,0.03908411557147095,8,512
memoryless,70,failure_age,1,0.44375000000000003,0.2,0.38999999999999996,0.03786223214272434,9,512
memoryless,70,route_history,1,0.44375000000000003,0.2,0.38999999999999996,0.03958739380009717,9,512
memoryless,70,shuffled_history,1,0.44375000000000003,0.2,0.38999999999999996,0.03706868054033433,9,512
memoryless,70,oracle,3,0.83375,0.7849999999999999,0.0,0.0,1,512
memoryless,71,last_contact,2,0.44375000000000003,0.2,0.43875000000000003,0.04864259168945314,3,512
memoryless,71,ema,5,0.63875,0.98,0.24375000000000002,0.04872632597342887,8,512
memoryless,71,failure_age,3,0.2,0.2,0.6825000000000001,0.050074552177365915,35,512
memoryless,71,route_history,1,0.7362500000000001,0.2,0.14625,0.05006012853916936,6,512
memoryless,71,shuffled_history,2,0.44375000000000003,0.2,0.43875000000000003,0.05385872375965574,3,512
memoryless,71,oracle,7,0.8825000000000001,0.5900000000000001,0.0,0.0,2,512
memoryless,72,last_contact,5,0.2975,0.2,0.4387500000000001,0.05391162879882813,15,512
memoryless,72,ema,6,0.44375000000000003,0.395,0.29250000000000004,0.05377476397641011,6,512
memoryless,72,failure_age,0,0.7362500000000001,0.395,0.0,0.05391777487010225,12,512
memoryless,72,route_history,2,0.2,0.2,0.5362500000000001,0.05906806350558981,13,512
memoryless,72,shuffled_history,7,0.2,0.2,0.5362500000000001,0.05494112880525563,13,512
memoryless,72,oracle,0,0.7362500000000001,0.395,0.0,0.0,12,512
memoryless,73,last_contact,3,0.44375000000000003,0.2,0.4875000000000001,0.05823152625976564,5,512
memoryless,73,ema,3,0.44375000000000003,0.2,0.4875000000000001,0.057909912497396285,5,512
memoryless,73,failure_age,2,0.54125,0.98,0.3900000000000001,0.05940383503460839,20,512
memoryless,73,route_history,3,0.44375000000000003,0.2,0.4875000000000001,0.06433752100655209,5,512
memoryless,73,shuffled_history,0,0.2,0.2,0.7312500000000002,0.06237135361669806,5,512
memoryless,73,oracle,6,0.9312500000000001,0.7849999999999999,0.0,0.0,11,512
memoryless,74,last_contact,2,0.34625,0.2,0.5850000000000002,0.058289950087890646,7,512
memoryless,74,ema,2,0.34625,0.2,0.5850000000000002,0.05841884010754171,7,512
memoryless,74,failure_age,2,0.34625,0.2,0.5850000000000002,0.0594781771657146,7,512
memoryless,74,route_history,3,0.7362500000000001,0.2,0.19500000000000006,0.0558491407692144,3,512
memoryless,74,shuffled_history,0,0.24875000000000003,0.2,0.6825000000000001,0.06082495806680492,8,512
memoryless,74,oracle,4,0.9312500000000001,0.7849999999999999,0.0,0.0,11,512
memoryless,75,last_contact,0,0.5900000000000001,0.7849999999999999,0.3899999999999999,0.053897270400390634,2,512
memoryless,75,ema,4,0.98,0.98,0.0,0.05354695502418749,27,512
memoryless,75,failure_age,6,0.63875,0.2,0.34124999999999994,0.05383087970042686,12,512
memoryless,75,route_history,7,0.5900000000000001,0.2,0.3899999999999999,0.0547495244937264,9,512
memoryless,75,shuffled_history,5,0.5900000000000001,0.2,0.3899999999999999,0.051780256725020304,11,512
memoryless,75,oracle,4,0.98,0.98,0.0,0.0,27,512
memoryless,76,last_contact,2,0.54125,0.2,0.34125000000000005,0.041605491103515635,1,512
memoryless,76,ema,0,0.6875,0.2,0.19500000000000006,0.04141212616004422,6,512
memoryless,76,failure_age,1,0.8825000000000001,0.5900000000000001,0.0,0.04092246973729545,25,512
memoryless,76,route_history,3,0.63875,0.2,0.24375000000000002,0.03993681266793008,15,512
memoryless,76,shuffled_history,1,0.8825000000000001,0.5900000000000001,0.0,0.040641987120159304,25,512
memoryless,76,oracle,1,0.8825000000000001,0.5900000000000001,0.0,0.0,25,512
memoryless,77,last_contact,5,0.44375000000000003,0.2,0.29250000000000004,0.03734401747070313,2,512
memoryless,77,ema,0,0.63875,0.395,0.09750000000000003,0.03727623658811938,10,512
memoryless,77,failure_age,2,0.2,0.2,0.5362500000000001,0.03776979789542315,14,512
memoryless,77,route_history,1,0.2975,0.2,0.4387500000000001,0.03674666667245756,10,512
memoryless,77,shuffled_history,4,0.24875000000000003,0.2,0.48750000000000004,0.04146957011477738,3,512
memoryless,77,oracle,6,0.7362500000000001,0.395,0.0,0.0,15,512
memoryless,78,last_contact,3,0.63875,0.2,0.24375000000000002,0.035478911025390636,14,512
memoryless,78,ema,4,0.2,0.2,0.6825000000000001,0.035769947499476026,7,512
memoryless,78,failure_age,2,0.8825000000000001,0.98,0.0,0.03538103464415908,12,512
memoryless,78,route_history,7,0.395,0.395,0.48750000000000004,0.03653910980808189,14,512
memoryless,78,shuffled_history,3,0.63875,0.2,0.24375000000000002,0.03490413690222209,14,512
memoryless,78,oracle,2,0.8825000000000001,0.98,0.0,0.0,12,512
memoryless,79,last_contact,3,0.34625,0.2,0.4875,0.04159558875976563,12,512
memoryless,79,ema,2,0.83375,0.395,0.0,0.041516694494269486,6,512
memoryless,79,failure_age,3,0.34625,0.2,0.4875,0.0413452982970407,12,512
memoryless,79,route_history,5,0.6875,0.2,0.14625,0.04336032311785161,4,512
memoryless,79,shuffled_history,0,0.6875,0.98,0.14625,0.03701640048127974,5,512
memoryless,79,oracle,2,0.83375,0.395,0.0,0.0,6,512
memoryless,80,last_contact,3,0.6875,0.2,0.04875000000000007,0.037529191298828125,5,512
memoryless,80,ema,3,0.6875,0.2,0.04875000000000007,0.03712267441729362,5,512
memoryless,80,failure_age,4,0.54125,0.2,0.19500000000000006,0.03752202426168308,16,512
memoryless,80,route_history,4,0.54125,0.2,0.19500000000000006,0.03670515686797515,16,512
memoryless,80,shuffled_history,4,0.54125,0.2,0.19500000000000006,0.03571793760384186,16,512
memoryless,80,oracle,2,0.7362500000000001,0.2,0.0,0.0,3,512
memoryless,81,last_contact,5,0.2,0.2,0.39000000000000007,0.024180336806640626,8,512
memoryless,81,ema,5,0.2,0.2,0.39000000000000007,0.0241383784118625,8,512
memoryless,81,failure_age,1,0.34625,0.2,0.24375000000000008,0.02323523799940868,7,512
memoryless,81,route_history,2,0.54125,0.2,0.04875000000000007,0.023446609146641345,7,512
memoryless,81,shuffled_history,5,0.2,0.2,0.39000000000000007,0.024373728060278516,8,512
memoryless,81,oracle,4,0.5900000000000001,0.2,0.0,0.0,10,512
memoryless,82,last_contact,0,0.6875,0.2,0.2925,0.04950459071289062,6,512
memoryless,82,ema,0,0.6875,0.2,0.2925,0.049403047868329386,6,512
memoryless,82,failure_age,3,0.54125,0.5900000000000001,0.43875,0.04940740362865159,38,512
memoryless,82,route_history,6,0.2,0.2,0.78,0.04988528232785058,4,512
memoryless,82,shuffled_history,4,0.54125,0.2,0.43875,0.04891399290046056,6,512
memoryless,82,oracle,2,0.98,0.98,0.0,0.0,10,512
memoryless,83,last_contact,7,0.8825000000000001,0.5900000000000001,0.0,0.07232998817382813,9,512
memoryless,83,ema,7,0.8825000000000001,0.5900000000000001,0.0,0.0721394818500661,9,512
memoryless,83,failure_age,7,0.8825000000000001,0.5900000000000001,0.0,0.07158387131508533,9,512
memoryless,83,route_history,4,0.2,0.2,0.6825000000000001,0.07252362906353096,6,512
memoryless,83,shuffled_history,0,0.2975,0.2,0.5850000000000001,0.07085862783134306,17,512
memoryless,83,oracle,7,0.8825000000000001,0.5900000000000001,0.0,0.0,9,512
memoryless,84,last_contact,4,0.44375000000000003,0.2,0.3412499999999999,0.037728723525390626,2,512
memoryless,84,ema,3,0.2,0.2,0.585,0.03782130868305077,9,512
memoryless,84,failure_age,3,0.2,0.2,0.585,0.038245009300598175,9,512
memoryless,84,route_history,1,0.54125,0.2,0.2437499999999999,0.03938004853709234,1,512
memoryless,84,shuffled_history,2,0.5900000000000001,0.2,0.19499999999999984,0.03689309016234056,3,512
memoryless,84,oracle,5,0.7849999999999999,0.5900000000000001,0.0,0.0,5,512
memoryless,85,last_contact,0,0.63875,0.2,0.14624999999999988,0.04341217372070312,5,512
memoryless,85,ema,4,0.395,0.2,0.3899999999999999,0.04450642491604595,7,512
memoryless,85,failure_age,4,0.395,0.2,0.3899999999999999,0.04472580174998557,7,512
memoryless,85,route_history,0,0.63875,0.2,0.14624999999999988,0.04671556398163769,5,512
memoryless,85,shuffled_history,1,0.6875,0.2,0.09749999999999992,0.04408972128406191,13,512
memoryless,85,oracle,5,0.7849999999999999,0.2,0.0,0.0,2,512
memoryless,86,last_contact,6,0.7849999999999999,0.2,0.19500000000000006,0.09590598329101563,17,512
memoryless,86,ema,4,0.54125,0.2,0.43875,0.09559598985976953,2,512
memoryless,86,failure_age,5,0.2,0.2,0.78,0.09625836945725502,22,512
memoryless,86,route_history,5,0.2,0.2,0.78,0.09739532200069431,22,512
memoryless,86,shuffled_history,0,0.24875000000000003,0.2,0.73125,0.09757784781164716,3,512
memoryless,86,oracle,2,0.98,0.98,0.0,0.0,7,512
memoryless,87,last_contact,7,0.63875,0.98,0.34124999999999994,0.050926567275390626,5,512
memoryless,87,ema,0,0.98,0.98,0.0,0.05055612810107466,8,512
memoryless,87,failure_age,1,0.5900000000000001,0.2,0.3899999999999999,0.0500853159896786,1,512
memoryless,87,route_history,7,0.63875,0.98,0.34124999999999994,0.048861363099526565,5,512
memoryless,87,shuffled_history,3,0.2,0.2,0.78,0.05693181815342245,4,512
memoryless,87,oracle,0,0.98,0.98,0.0,0.0,8,512
memoryless,88,last_contact,6,0.34625,0.2,0.5850000000000002,0.03618989930664064,2,512
memoryless,88,ema,5,0.44375000000000003,0.2,0.4875000000000001,0.03687543533179875,9,512
memoryless,88,failure_age,5,0.44375000000000003,0.2,0.4875000000000001,0.03634470643204064,9,512
memoryless,88,route_history,5,0.44375000000000003,0.2,0.4875000000000001,0.03618811028761919,9,512
memoryless,88,shuffled_history,5,0.44375000000000003,0.2,0.4875000000000001,0.03720767479847263,9,512
memoryless,88,oracle,2,0.9312500000000001,0.7849999999999999,0.0,0.0,4,512
memoryless,89,last_contact,2,0.2,0.2,0.7312500000000002,0.06934492665039063,16,512
memoryless,89,ema,5,0.9312500000000001,0.7849999999999999,0.0,0.06956286163691286,6,512
memoryless,89,failure_age,6,0.34625,0.2,0.5850000000000002,0.07228816086167983,20,512
memoryless,89,route_history,6,0.34625,0.2,0.5850000000000002,0.06767412815275986,20,512
memoryless,89,shuffled_history,3,0.2975,0.2,0.6337500000000001,0.07034453201375537,22,512
memoryless,89,oracle,5,0.9312500000000001,0.7849999999999999,0.0,0.0,6,512
memoryless,90,last_contact,3,0.54125,0.395,0.43875,0.08524561512695313,7,512
memoryless,90,ema,3,0.54125,0.395,0.43875,0.08627194830506416,7,512
memoryless,90,failure_age,3,0.54125,0.395,0.43875,0.08498810191819961,7,512
memoryless,90,route_history,6,0.2975,0.2,0.6825,0.086809843624802,13,512
memoryless,90,shuffled_history,6,0.2975,0.2,0.6825,0.08595689017934378,13,512
memoryless,90,oracle,2,0.98,0.98,0.0,0.0,5,512
memoryless,91,last_contact,5,0.8825000000000001,0.5900000000000001,0.0,0.08001519715820313,2,512
memoryless,91,ema,3,0.44375000000000003,0.2,0.43875000000000003,0.07993039495842023,7,512
memoryless,91,failure_age,4,0.7849999999999999,0.2,0.09750000000000014,0.07963998905623099,9,512
memoryless,91,route_history,0,0.2,0.2,0.6825000000000001,0.08102326023106662,4,512
memoryless,91,shuffled_history,4,0.7849999999999999,0.2,0.09750000000000014,0.07662632504590092,9,512
memoryless,91,oracle,5,0.8825000000000001,0.5900000000000001,0.0,0.0,2,512
memoryless,92,last_contact,0,0.44375000000000003,0.2,0.4875000000000001,0.050541861220703144,11,512
memoryless,92,ema,7,0.2,0.2,0.7312500000000002,0.050387332813444874,4,512
memoryless,92,failure_age,3,0.9312500000000001,0.7849999999999999,0.0,0.051220310004663115,7,512
memoryless,92,route_history,4,0.6875,0.2,0.24375000000000013,0.052044231074262134,5,512
memoryless,92,shuffled_history,3,0.9312500000000001,0.7849999999999999,0.0,0.05015905091667217,7,512
memoryless,92,oracle,3,0.9312500000000001,0.7849999999999999,0.0,0.0,7,512
memoryless,93,last_contact,5,0.7362500000000001,0.2,0.04874999999999985,0.05291842372070312,7,512
memoryless,93,ema,5,0.7362500000000001,0.2,0.04874999999999985,0.05253978018544721,7,512
memoryless,93,failure_age,5,0.7362500000000001,0.2,0.04874999999999985,0.05138077032690313,7,512
memoryless,93,route_history,6,0.63875,0.395,0.14624999999999988,0.05232055157105256,7,512
memoryless,93,shuffled_history,2,0.7849999999999999,0.2,0.0,0.04814818934706289,1,512
memoryless,93,oracle,2,0.7849999999999999,0.2,0.0,0.0,1,512
memoryless,94,last_contact,2,0.44375000000000003,0.2,0.43875000000000003,0.06517603993164064,2,512
memoryless,94,ema,3,0.2,0.2,0.6825000000000001,0.06506029934348215,1,512
memoryless,94,failure_age,6,0.63875,0.2,0.24375000000000002,0.06468102375788064,32,512
memoryless,94,route_history,0,0.4925,0.2,0.39000000000000007,0.06846003281325883,24,512
memoryless,94,shuffled_history,3,0.2,0.2,0.6825000000000001,0.062353259232427315,1,512
memoryless,94,oracle,1,0.8825000000000001,0.5900000000000001,0.0,0.0,11,512
memoryless,95,last_contact,0,0.34625,0.7849999999999999,0.34125,0.014976108291015627,23,512
memoryless,95,ema,7,0.6875,0.7849999999999999,0.0,0.014622841594601494,1,512
memoryless,95,failure_age,2,0.44375000000000003,0.2,0.24374999999999997,0.014701768336802394,12,512
memoryless,95,route_history,6,0.44375000000000003,0.5900000000000001,0.24374999999999997,0.015038088101366786,14,512
memoryless,95,shuffled_history,2,0.44375000000000003,0.2,0.24374999999999997,0.013770626119337492,12,512
memoryless,95,oracle,7,0.6875,0.7849999999999999,0.0,0.0,1,512
memoryless,96,last_contact,0,0.34625,0.2,0.4875,0.03609731239257813,3,512
memoryless,96,ema,5,0.44375000000000003,0.5900000000000001,0.38999999999999996,0.03702525475519891,4,512
memoryless,96,failure_age,3,0.44375000000000003,0.395,0.38999999999999996,0.0350412511764176,9,512
memoryless,96,route_history,2,0.2,0.2,0.63375,0.03678578198982821,6,512
memoryless,96,shuffled_history,3,0.44375000000000003,0.395,0.38999999999999996,0.034555691386536594,9,512
memoryless,96,oracle,7,0.83375,0.7849999999999999,0.0,0.0,4,512
memoryless,97,last_contact,7,0.2,0.2,0.78,0.07867590516601561,3,512
memoryless,97,ema,2,0.34625,0.2,0.63375,0.07815958660989532,7,512
memoryless,97,failure_age,2,0.34625,0.2,0.63375,0.07872886044843957,7,512
memoryless,97,route_history,6,0.5900000000000001,0.2,0.3899999999999999,0.0806721554881944,27,512
memoryless,97,shuffled_history,7,0.2,0.2,0.78,0.08214831030630193,3,512
memoryless,97,oracle,0,0.98,0.98,0.0,0.0,3,512
memoryless,98,last_contact,3,0.2,0.2,0.78,0.08455888758789064,7,512
memoryless,98,ema,3,0.2,0.2,0.78,0.085436358782587,7,512
memoryless,98,failure_age,1,0.6875,0.2,0.2925,0.08629062261791222,35,512
memoryless,98,route_history,0,0.98,0.98,0.0,0.0827417825968472,3,512
memoryless,98,shuffled_history,7,0.63875,0.2,0.34124999999999994,0.08984222967997409,4,512
memoryless,98,oracle,0,0.98,0.98,0.0,0.0,3,512
memoryless,99,last_contact,3,0.24875000000000003,0.2,0.73125,0.052918423720703114,2,512
memoryless,99,ema,6,0.5900000000000001,0.2,0.3899999999999999,0.05226738222421313,3,512
memoryless,99,failure_age,5,0.98,0.98,0.0,0.051651605090782295,25,512
memoryless,99,route_history,0,0.4925,0.7849999999999999,0.4875,0.05641178552472953,2,512
memoryless,99,shuffled_history,0,0.4925,0.7849999999999999,0.4875,0.05420288835565026,2,512
memoryless,99,oracle,5,0.98,0.98,0.0,0.0,25,512
memoryless,100,last_contact,6,0.8825000000000001,0.5900000000000001,0.0,0.05778839637695314,12,512
memoryless,100,ema,0,0.44375000000000003,0.98,0.43875000000000003,0.05857815457883978,6,512
memoryless,100,failure_age,7,0.2,0.2,0.6825000000000001,0.058801677627287746,22,512
memoryless,100,route_history,0,0.44375000000000003,0.98,0.43875000000000003,0.06272138833355592,6,512
memoryless,100,shuffled_history,7,0.2,0.2,0.6825000000000001,0.05957733405137868,22,512
memoryless,100,oracle,6,0.8825000000000001,0.5900000000000001,0.0,0.0,12,512
memoryless,101,last_contact,3,0.2,0.2,0.585,0.045043584853515624,1,512
memoryless,101,ema,2,0.44375000000000003,0.2,0.3412499999999999,0.045346674169958086,8,512
memoryless,101,failure_age,0,0.4925,0.2,0.2924999999999999,0.046161440630188046,13,512
memoryless,101,route_history,0,0.4925,0.2,0.2924999999999999,0.045272847555806045,13,512
memoryless,101,shuffled_history,2,0.44375000000000003,0.2,0.3412499999999999,0.04940045913571604,8,512
memoryless,101,oracle,5,0.7849999999999999,0.2,0.0,0.0,2,512
memoryless,102,last_contact,2,0.54125,0.2,0.19500000000000006,0.028617081923828138,3,512
memoryless,102,ema,7,0.5900000000000001,0.2,0.14625,0.029205736153653232,6,512
memoryless,102,failure_age,3,0.2975,0.2,0.4387500000000001,0.029317992280135166,31,512
memoryless,102,route_history,1,0.44375000000000003,0.2,0.29250000000000004,0.03141335754896431,15,512
memoryless,102,shuffled_history,3,0.2975,0.2,0.4387500000000001,0.0304692285936401,31,512
memoryless,102,oracle,4,0.7362500000000001,0.98,0.0,0.0,5,512
memoryless,103,last_contact,4,0.4925,0.395,0.4875,0.07632360340820313,5,512
memoryless,103,ema,4,0.4925,0.395,0.4875,0.0767867850383698,5,512
memoryless,103,failure_age,0,0.2,0.2,0.78,0.07682015642148937,7,512
memoryless,103,route_history,7,0.98,0.98,0.0,0.07087516649128481,15,512
memoryless,103,shuffled_history,2,0.395,0.2,0.585,0.07901267065028883,3,512
memoryless,103,oracle,7,0.98,0.98,0.0,0.0,15,512
memoryless,104,last_contact,5,0.8825000000000001,0.5900000000000001,0.0,0.08025879481445314,14,512
memoryless,104,ema,3,0.395,0.2,0.48750000000000004,0.08014785828356241,8,512
memoryless,104,failure_age,4,0.8825000000000001,0.98,0.0,0.08267756499384282,22,512
memoryless,104,route_history,5,0.8825000000000001,0.5900000000000001,0.0,0.08372333495778214,14,512
memoryless,104,shuffled_history,1,0.34625,0.7849999999999999,0.5362500000000001,0.0851610209867377,12,512
memoryless,104,oracle,5,0.8825000000000001,0.5900000000000001,0.0,0.0,14,512
memoryless,105,last_contact,1,0.5900000000000001,0.2,0.2437499999999999,0.051905413955078125,6,512
memoryless,105,ema,1,0.5900000000000001,0.2,0.2437499999999999,0.05193361260103786,6,512
memoryless,105,failure_age,6,0.54125,0.2,0.2925,0.05287735830179156,9,512
memoryless,105,route_history,2,0.2,0.2,0.63375,0.05720406629576498,13,512
memoryless,105,shuffled_history,6,0.54125,0.2,0.2925,0.0510081640333017,9,512
memoryless,105,oracle,4,0.83375,0.98,0.0,0.0,11,512
memoryless,106,last_contact,3,0.2,0.2,0.6825000000000001,0.06895031825195314,7,512
memoryless,106,ema,3,0.2,0.2,0.6825000000000001,0.06795697633491254,7,512
memoryless,106,failure_age,5,0.8825000000000001,0.5900000000000001,0.0,0.06780677250414996,9,512
memoryless,106,route_history,2,0.2,0.2,0.6825000000000001,0.07061177174524405,5,512
memoryless,106,shuffled_history,4,0.63875,0.5900000000000001,0.24375000000000002,0.06763455687445946,5,512
memoryless,106,oracle,5,0.8825000000000001,0.5900000000000001,0.0,0.0,9,512
memoryless,107,last_contact,6,0.24875000000000003,0.2,0.73125,0.07532049598632812,21,512
memoryless,107,ema,7,0.8825000000000001,0.5900000000000001,0.09749999999999992,0.07508657001507271,10,512
memoryless,107,failure_age,3,0.24875000000000003,0.2,0.73125,0.07829546887682928,16,512
memoryless,107,route_history,0,0.44375000000000003,0.2,0.5362499999999999,0.07666828010431764,12,512
memoryless,107,shuffled_history,3,0.24875000000000003,0.2,0.73125,0.08161849312495591,16,512
memoryless,107,oracle,2,0.98,0.98,0.0,0.0,18,512
memoryless,108,last_contact,7,0.2,0.2,0.78,0.10077595594726563,19,512
memoryless,108,ema,0,0.9312500000000001,0.98,0.04874999999999985,0.10016473989665091,6,512
memoryless,108,failure_age,3,0.2,0.2,0.78,0.09973335046137,9,512
memoryless,108,route_history,6,0.83375,0.395,0.14625,0.10013238291532409,3,512
memoryless,108,shuffled_history,3,0.2,0.2,0.78,0.0991474847799328,9,512
memoryless,108,oracle,5,0.98,0.98,0.0,0.0,4,512
memoryless,109,last_contact,6,0.2,0.2,0.7312500000000002,0.08357013856445314,14,512
memoryless,109,ema,0,0.24875000000000003,0.2,0.6825000000000001,0.08347715299598474,8,512
memoryless,109,failure_age,4,0.7362500000000001,0.2,0.19500000000000006,0.08446700827563844,13,512
memoryless,109,route_history,6,0.2,0.2,0.7312500000000002,0.08139854307497846,14,512
memoryless,109,shuffled_history,0,0.24875000000000003,0.2,0.6825000000000001,0.08965015871173894,8,512
memoryless,109,oracle,2,0.9312500000000001,0.98,0.0,0.0,1,512
memoryless,110,last_contact,5,0.2,0.2,0.6825000000000001,0.06473291004882813,4,512
memoryless,110,ema,4,0.24875000000000003,0.2,0.63375,0.06579587763319047,1,512
memoryless,110,failure_age,6,0.4925,0.98,0.39000000000000007,0.06357074755172606,1,512
memoryless,110,route_history,6,0.4925,0.98,0.39000000000000007,0.0661109956006759,1,512
memoryless,110,shuffled_history,4,0.24875000000000003,0.2,0.63375,0.06470962736326526,1,512
memoryless,110,oracle,1,0.8825000000000001,0.5900000000000001,0.0,0.0,5,512
memoryless,111,last_contact,0,0.9312500000000001,0.98,0.0,0.06488392079101564,8,512
memoryless,111,ema,0,0.9312500000000001,0.98,0.0,0.06448959426565334,8,512
memoryless,111,failure_age,5,0.2,0.2,0.7312500000000002,0.06516286288669657,25,512
memoryless,111,route_history,5,0.2,0.2,0.7312500000000002,0.06799952827496486,25,512
memoryless,111,shuffled_history,5,0.2,0.2,0.7312500000000002,0.06426259463518494,25,512
memoryless,111,oracle,0,0.9312500000000001,0.98,0.0,0.0,8,512
memoryless,112,last_contact,7,0.54125,0.2,0.2925,0.03755345204101562,7,512
memoryless,112,ema,7,0.54125,0.2,0.2925,0.03778206268189621,7,512
memoryless,112,failure_age,0,0.34625,0.2,0.4875,0.03804953450711709,28,512
memoryless,112,route_history,2,0.2975,0.5900000000000001,0.53625,0.03867759087735849,4,512
memoryless,112,shuffled_history,2,0.2975,0.5900000000000001,0.53625,0.04114259805431821,4,512
memoryless,112,oracle,6,0.83375,0.7849999999999999,0.0,0.0,5,512
memoryless,113,last_contact,5,0.34625,0.395,0.5850000000000002,0.08225065125976563,10,512
memoryless,113,ema,7,0.8825000000000001,0.5900000000000001,0.04875000000000007,0.08190775761106736,1,512
memoryless,113,failure_age,3,0.7849999999999999,0.2,0.1462500000000002,0.07958902787474376,25,512
memoryless,113,route_history,7,0.8825000000000001,0.5900000000000001,0.04875000000000007,0.0801374267456337,1,512
memoryless,113,shuffled_history,4,0.44375000000000003,0.98,0.4875000000000001,0.0849564746556193,3,512
memoryless,113,oracle,1,0.9312500000000001,0.7849999999999999,0.0,0.0,16,512
memoryless,114,last_contact,6,0.54125,0.2,0.43875,0.06589693055664061,18,512
memoryless,114,ema,0,0.44375000000000003,0.5900000000000001,0.5362499999999999,0.06602030355532804,7,512
memoryless,114,failure_age,2,0.34625,0.2,0.63375,0.06872828271431104,12,512
memoryless,114,route_history,2,0.34625,0.2,0.63375,0.06771625444778206,12,512
memoryless,114,shuffled_history,1,0.98,0.98,0.0,0.06821636630413058,17,512
memoryless,114,oracle,1,0.98,0.98,0.0,0.0,17,512
memoryless,115,last_contact,4,0.44375000000000003,0.2,0.14625000000000005,0.02477447743164063,15,512
memoryless,115,ema,7,0.24875000000000003,0.395,0.34125000000000005,0.02506531189425292,5,512
memoryless,115,failure_age,6,0.4925,0.2,0.09750000000000009,0.02362224347539673,13,512
memoryless,115,route_history,3,0.4925,0.2,0.09750000000000009,0.023688091170645076,15,512
memoryless,115,shuffled_history,5,0.2975,0.395,0.2925000000000001,0.025777900110644687,19,512
memoryless,115,oracle,1,0.5900000000000001,0.2,0.0,0.0,1,512
memoryless,116,last_contact,7,0.2,0.2,0.7312500000000002,0.10535380946289065,17,512
memoryless,116,ema,6,0.9312500000000001,0.7849999999999999,0.0,0.10562703602765476,6,512
memoryless,116,failure_age,2,0.83375,0.395,0.09750000000000014,0.10463394644373825,1,512
memoryless,116,route_history,7,0.2,0.2,0.7312500000000002,0.1095401163287927,17,512
memoryless,116,shuffled_history,7,0.2,0.2,0.7312500000000002,0.10560431063769403,17,512
memoryless,116,oracle,6,0.9312500000000001,0.7849999999999999,0.0,0.0,6,512
memoryless,117,last_contact,0,0.83375,0.7849999999999999,0.0,0.05338581434570313,16,512
memoryless,117,ema,5,0.6875,0.2,0.14625,0.05349292633897676,6,512
memoryless,117,failure_age,0,0.83375,0.7849999999999999,0.0,0.05073427492021955,16,512
memoryless,117,route_history,7,0.395,0.2,0.43875,0.04883135230720968,6,512
memoryless,117,shuffled_history,0,0.83375,0.7849999999999999,0.0,0.04944989275034217,16,512
memoryless,117,oracle,0,0.83375,0.7849999999999999,0.0,0.0,16,512
memoryless,118,last_contact,3,0.2,0.2,0.5362500000000001,0.05628819129882814,5,512
memoryless,118,ema,7,0.4925,0.2,0.24375000000000008,0.05635387239487277,7,512
memoryless,118,failure_age,7,0.4925,0.2,0.24375000000000008,0.05700302053917536,7,512
memoryless,118,route_history,7,0.4925,0.2,0.24375000000000008,0.05542711104510212,7,512
memoryless,118,shuffled_history,3,0.2,0.2,0.5362500000000001,0.05917865373523181,5,512
memoryless,118,oracle,2,0.7362500000000001,0.2,0.0,0.0,27,512
memoryless,119,last_contact,6,0.2975,0.2,0.53625,0.04742014735351563,10,512
memoryless,119,ema,6,0.2975,0.2,0.53625,0.047662858781202994,10,512
memoryless,119,failure_age,5,0.83375,0.395,0.0,0.047087309992205395,9,512
memoryless,119,route_history,6,0.2975,0.2,0.53625,0.05226626927324639,10,512
memoryless,119,shuffled_history,3,0.54125,0.395,0.2925,0.04967216322641951,5,512
memoryless,119,oracle,5,0.83375,0.395,0.0,0.0,9,512
memoryless,120,last_contact,0,0.6875,0.2,0.2925,0.07370344325195313,11,512
memoryless,120,ema,4,0.4925,0.5900000000000001,0.4875,0.07463071063190047,7,512
memoryless,120,failure_age,5,0.24875000000000003,0.395,0.73125,0.0765058216004396,16,512
memoryless,120,route_history,4,0.4925,0.5900000000000001,0.4875,0.07396967497541393,7,512
memoryless,120,shuffled_history,5,0.24875000000000003,0.395,0.73125,0.07750033130998475,16,512
memoryless,120,oracle,6,0.98,0.98,0.0,0.0,2,512
memoryless,121,last_contact,1,0.63875,0.395,0.2925000000000001,0.07486746375976563,5,512
memoryless,121,ema,1,0.63875,0.395,0.2925000000000001,0.07448601963728921,5,512
memoryless,121,failure_age,6,0.2,0.2,0.7312500000000002,0.07586850536729516,16,512
memoryless,121,route_history,7,0.63875,0.395,0.2925000000000001,0.07549748606008613,3,512
memoryless,121,shuffled_history,0,0.7849999999999999,0.98,0.1462500000000002,0.07659666808863014,3,512
memoryless,121,oracle,3,0.9312500000000001,0.7849999999999999,0.0,0.0,29,512
memoryless,122,last_contact,0,0.2,0.2,0.585,0.04052415516601561,13,512
memoryless,122,ema,4,0.395,0.7849999999999999,0.3899999999999999,0.040921985474087895,3,512
memoryless,122,failure_age,2,0.63875,0.2,0.14624999999999988,0.0413343068964577,12,512
memoryless,122,route_history,2,0.63875,0.2,0.14624999999999988,0.04153617466844556,12,512
memoryless,122,shuffled_history,3,0.44375000000000003,0.2,0.3412499999999999,0.04211319377973508,9,512
memoryless,122,oracle,5,0.7849999999999999,0.2,0.0,0.0,2,512
memoryless,123,last_contact,1,0.54125,0.2,0.3900000000000001,0.05624957215820315,22,512
memoryless,123,ema,1,0.54125,0.2,0.3900000000000001,0.057173920311532955,22,512
memoryless,123,failure_age,1,0.54125,0.2,0.3900000000000001,0.057249632854193926,22,512
memoryless,123,route_history,2,0.8825000000000001,0.7849999999999999,0.04875000000000007,0.05655837542242334,2,512
memoryless,123,shuffled_history,7,0.5900000000000001,0.5900000000000001,0.34125000000000005,0.05715156343019899,23,512
memoryless,123,oracle,6,0.9312500000000001,0.7849999999999999,0.0,0.0,5,512
memoryless,124,last_contact,6,0.7362500000000001,0.2,0.0,0.03443173817382813,2,512
memoryless,124,ema,1,0.2975,0.2,0.4387500000000001,0.03462851258863696,6,512
memoryless,124,failure_age,2,0.34625,0.7849999999999999,0.39000000000000007,0.035592726417821186,9,512
memoryless,124,route_history,0,0.34625,0.2,0.39000000000000007,0.03383197375959385,24,512
memoryless,124,shuffled_history,3,0.6875,0.2,0.04875000000000007,0.03280416039272935,8,512
memoryless,124,oracle,6,0.7362500000000001,0.2,0.0,0.0,2,512
memoryless,125,last_contact,3,0.9312500000000001,0.7849999999999999,0.0,0.05820726551757814,26,512
memoryless,125,ema,5,0.63875,0.7849999999999999,0.2925000000000001,0.05788735397092985,9,512
memoryless,125,failure_age,4,0.63875,0.5900000000000001,0.2925000000000001,0.057931082493660635,20,512
memoryless,125,route_history,2,0.4925,0.395,0.43875000000000014,0.06150662519193451,11,512
memoryless,125,shuffled_history,1,0.395,0.2,0.5362500000000001,0.05663195922129444,28,512
memoryless,125,oracle,3,0.9312500000000001,0.7849999999999999,0.0,0.0,26,512
memoryless,126,last_contact,0,0.4925,0.5900000000000001,0.24375000000000008,0.03352121766601564,9,512
memoryless,126,ema,0,0.4925,0.5900000000000001,0.24375000000000008,0.0325669585050888,9,512
memoryless,126,failure_age,4,0.63875,0.2,0.09750000000000003,0.03342769652768434,20,512
memoryless,126,route_history,4,0.63875,0.2,0.09750000000000003,0.0325101146512255,20,512
memoryless,126,shuffled_history,7,0.63875,0.2,0.09750000000000003,0.03453806223493866,17,512
memoryless,126,oracle,2,0.7362500000000001,0.2,0.0,0.0,3,512
memoryless,127,last_contact,6,0.9312500000000001,0.7849999999999999,0.0,0.06738723329101563,4,512
memoryless,127,ema,4,0.7362500000000001,0.7849999999999999,0.19500000000000006,0.06814681648625048,3,512
memoryless,127,failure_age,5,0.2,0.2,0.7312500000000002,0.06769500839776085,9,512
memoryless,127,route_history,5,0.2,0.2,0.7312500000000002,0.0707444991700614,9,512
memoryless,127,shuffled_history,3,0.2,0.2,0.7312500000000002,0.06736114802444977,10,512
memoryless,127,oracle,6,0.9312500000000001,0.7849999999999999,0.0,0.0,4,512
memoryless,128,last_contact,7,0.63875,0.5900000000000001,0.24375000000000002,0.06536121375976563,11,512
memoryless,128,ema,0,0.4925,0.2,0.39000000000000007,0.06555625039999585,9,512
memoryless,128,failure_age,0,0.4925,0.2,0.39000000000000007,0.06461896108660836,9,512
memoryless,128,route_history,6,0.2,0.2,0.6825000000000001,0.0697737066851487,29,512
memoryless,128,shuffled_history,7,0.63875,0.5900000000000001,0.24375000000000002,0.06638078187243025,11,512
memoryless,128,oracle,5,0.8825000000000001,0.5900000000000001,0.0,0.0,2,512
memoryless,129,last_contact,7,0.63875,0.5900000000000001,0.24375000000000002,0.04483415028320313,20,512
memoryless,129,ema,1,0.44375000000000003,0.2,0.43875000000000003,0.044813785197937696,8,512
memoryless,129,failure_age,7,0.63875,0.5900000000000001,0.24375000000000002,0.04606846376475773,20,512
memoryless,129,route_history,7,0.63875,0.5900000000000001,0.24375000000000002,0.0468650350840588,20,512
memoryless,129,shuffled_history,2,0.6875,0.7849999999999999,0.19500000000000006,0.044106378044868395,20,512
memoryless,129,oracle,4,0.8825000000000001,0.5900000000000001,0.0,0.0,2,512
memoryless,130,last_contact,3,0.5900000000000001,0.2,0.0,0.03757771278320313,18,512
memoryless,130,ema,0,0.5900000000000001,0.2,0.0,0.03697462739208553,4,512
memoryless,130,failure_age,4,0.24875000000000003,0.2,0.34125000000000005,0.03767266733481361,22,512
memoryless,130,route_history,0,0.5900000000000001,0.2,0.0,0.03837659758965296,4,512
memoryless,130,shuffled_history,7,0.2,0.2,0.39000000000000007,0.037041827967426694,11,512
memoryless,130,oracle,3,0.5900000000000001,0.2,0.0,0.0,18,512
memoryless,131,last_contact,3,0.7849999999999999,0.2,0.1462500000000002,0.07102040321289063,18,512
memoryless,131,ema,2,0.2975,0.2,0.6337500000000001,0.07135036606335267,10,512
memoryless,131,failure_age,7,0.8825000000000001,0.7849999999999999,0.04875000000000007,0.07208864372819711,35,512
memoryless,131,route_history,0,0.9312500000000001,0.7849999999999999,0.0,0.06751259108817854,4,512
memoryless,131,shuffled_history,6,0.7362500000000001,0.2,0.19500000000000006,0.07293816039460818,5,512
memoryless,131,oracle,0,0.9312500000000001,0.7849999999999999,0.0,0.0,4,512
memoryless,132,last_contact,1,0.24875000000000003,0.2,0.48750000000000004,0.03339446766601563,2,512
memoryless,132,ema,7,0.5900000000000001,0.395,0.14625,0.03368924967214973,9,512
memoryless,132,failure_age,3,0.44375000000000003,0.2,0.29250000000000004,0.033211121368778504,28,512
memoryless,132,route_history,3,0.44375000000000003,0.2,0.29250000000000004,0.031777606595793796,28,512
memoryless,132,shuffled_history,4,0.2,0.2,0.5362500000000001,0.03389392457418039,7,512
memoryless,132,oracle,0,0.7362500000000001,0.2,0.0,0.0,4,512
memoryless,133,last_contact,5,0.4925,0.2,0.2924999999999999,0.04109403504882812,14,512
memoryless,133,ema,4,0.7849999999999999,0.2,0.0,0.04116195215702096,6,512
memoryless,133,failure_age,7,0.7362500000000001,0.98,0.04874999999999985,0.04036679529578856,35,512
memoryless,133,route_history,3,0.24875000000000003,0.2,0.5362499999999999,0.04065465699162475,29,512
memoryless,133,shuffled_history,5,0.4925,0.2,0.2924999999999999,0.03772842139722944,14,512
memoryless,133,oracle,4,0.7849999999999999,0.2,0.0,0.0,6,512
memoryless,134,last_contact,1,0.2975,0.2,0.6337500000000001,0.06156267469726566,13,512
memoryless,134,ema,2,0.4925,0.2,0.43875000000000014,0.06145627528403498,1,512
memoryless,134,failure_age,4,0.44375000000000003,0.2,0.4875000000000001,0.06204570107781847,12,512
memoryless,134,route_history,1,0.2975,0.2,0.6337500000000001,0.06605749628421761,13,512
memoryless,134,shuffled_history,5,0.2975,0.2,0.6337500000000001,0.05838680225799322,12,512
memoryless,134,oracle,0,0.9312500000000001,0.7849999999999999,0.0,0.0,14,512
memoryless,135,last_contact,2,0.7362500000000001,0.2,0.04874999999999985,0.04700127821289062,21,512
memoryless,135,ema,0,0.7849999999999999,0.395,0.0,0.04686430247133932,2,512
memoryless,135,failure_age,3,0.4925,0.2,0.2924999999999999,0.0473966313860836,5,512
memoryless,135,route_history,2,0.7362500000000001,0.2,0.04874999999999985,0.04552157497677421,21,512
memoryless,135,shuffled_history,6,0.24875000000000003,0.2,0.5362499999999999,0.048548896229402165,5,512
memoryless,135,oracle,0,0.7849999999999999,0.395,0.0,0.0,2,512
memoryless,136,last_contact,3,0.44375000000000003,0.395,0.24374999999999997,0.030097482314453125,3,512
memoryless,136,ema,1,0.54125,0.2,0.14625,0.03005679730805841,25,512
memoryless,136,failure_age,4,0.54125,0.2,0.14625,0.03026112111505149,20,512
memoryless,136,route_history,2,0.2,0.2,0.4875,0.03199227521475805,12,512
memoryless,136,shuffled_history,5,0.6875,0.2,0.0,0.028393082948105507,14,512
memoryless,136,oracle,5,0.6875,0.2,0.0,0.0,14,512
memoryless,137,last_contact,5,0.34625,0.2,0.29250000000000004,0.027803604384765628,12,512
memoryless,137,ema,6,0.2975,0.2,0.34125000000000005,0.027859287361440506,9,512
memoryless,137,failure_age,0,0.2,0.2,0.43875000000000003,0.028036622365054872,16,512
memoryless,137,route_history,6,0.2975,0.2,0.34125000000000005,0.02741353132860493,9,512
memoryless,137,shuffled_history,6,0.2975,0.2,0.34125000000000005,0.028654717189837853,9,512
memoryless,137,oracle,4,0.63875,0.2,0.0,0.0,1,512
memoryless,138,last_contact,3,0.24875000000000003,0.395,0.63375,0.07623101649414063,12,512
memoryless,138,ema,1,0.2,0.2,0.6825000000000001,0.07673547264563196,3,512
memoryless,138,failure_age,3,0.24875000000000003,0.395,0.63375,0.07688814575438069,12,512
memoryless,138,route_history,2,0.44375000000000003,0.2,0.43875000000000003,0.08259629701359228,24,512
memoryless,138,shuffled_history,3,0.24875000000000003,0.395,0.63375,0.0740717676657725,12,512
memoryless,138,oracle,7,0.8825000000000001,0.98,0.0,0.0,7,512
memoryless,139,last_contact,0,0.7362500000000001,0.2,0.09749999999999992,0.05987283973632812,5,512
memoryless,139,ema,4,0.6875,0.395,0.14625,0.060005398630309584,6,512
memoryless,139,failure_age,0,0.7362500000000001,0.2,0.09749999999999992,0.05929232610272474,5,512
memoryless,139,route_history,7,0.6875,0.2,0.14625,0.057861672820845075,11,512
memoryless,139,shuffled_history,4,0.6875,0.395,0.14625,0.05790238077800784,6,512
memoryless,139,oracle,5,0.83375,0.5900000000000001,0.0,0.0,18,512
memoryless,140,last_contact,5,0.2,0.2,0.39000000000000007,0.029259744033203132,12,512
memoryless,140,ema,5,0.2,0.2,0.39000000000000007,0.02843071672069223,12,512
memoryless,140,failure_age,0,0.5900000000000001,0.7849999999999999,0.0,0.028974803548692644,16,512
memoryless,140,route_history,1,0.2,0.2,0.39000000000000007,0.028588286460858897,4,512
memoryless,140,shuffled_history,7,0.5900000000000001,0.2,0.0,0.029492831440585975,15,512
memoryless,140,oracle,0,0.5900000000000001,0.7849999999999999,0.0,0.0,16,512
memoryless,141,last_contact,3,0.44375000000000003,0.2,0.3412499999999999,0.03446590125976562,16,512
memoryless,141,ema,7,0.4925,0.2,0.2924999999999999,0.03408268584103325,8,512
memoryless,141,failure_age,3,0.44375000000000003,0.2,0.3412499999999999,0.034226782871780013,16,512
memoryless,141,route_history,1,0.44375000000000003,0.2,0.3412499999999999,0.035783705913313105,5,512
memoryless,141,shuffled_history,1,0.44375000000000003,0.2,0.3412499999999999,0.03302333768056677,5,512
memoryless,141,oracle,0,0.7849999999999999,0.5900000000000001,0.0,0.0,35,512
memoryless,142,last_contact,6,0.54125,0.2,0.3900000000000001,0.059814415908203154,4,512
memoryless,142,ema,3,0.395,0.2,0.5362500000000001,0.06086341591899228,1,512
memoryless,142,failure_age,4,0.8825000000000001,0.5900000000000001,0.04875000000000007,0.05832003042782862,25,512
memoryless,142,route_history,5,0.9312500000000001,0.7849999999999999,0.0,0.05501700065020435,1,512
memoryless,142,shuffled_history,1,0.5900000000000001,0.395,0.34125000000000005,0.06047171916930735,4,512
memoryless,142,oracle,5,0.9312500000000001,0.7849999999999999,0.0,0.0,1,512
memoryless,143,last_contact,1,0.7362500000000001,0.7849999999999999,0.04874999999999985,0.04525301942382813,12,512
memoryless,143,ema,5,0.2,0.2,0.585,0.045503261924462454,6,512
memoryless,143,failure_age,1,0.7362500000000001,0.7849999999999999,0.04874999999999985,0.04429228572994914,12,512
memoryless,143,route_history,4,0.63875,0.395,0.14624999999999988,0.04506485011586524,17,512
memoryless,143,shuffled_history,4,0.63875,0.395,0.14624999999999988,0.04412785825851327,17,512
memoryless,143,oracle,6,0.7849999999999999,0.2,0.0,0.0,17,512
memoryless,144,last_contact,2,0.24875000000000003,0.2,0.73125,0.08532829969726563,7,512
memoryless,144,ema,7,0.98,0.98,0.0,0.08471954515819334,8,512
memoryless,144,failure_age,3,0.54125,0.2,0.43875,0.08522937446535975,25,512
memoryless,144,route_history,3,0.54125,0.2,0.43875,0.0836989986356785,25,512
memoryless,144,shuffled_history,1,0.7362500000000001,0.98,0.2437499999999999,0.0849702744253891,4,512
memoryless,144,oracle,7,0.98,0.98,0.0,0.0,8,512
memoryless,145,last_contact,7,0.5900000000000001,0.2,0.09749999999999992,0.032030914931640626,8,512
memoryless,145,ema,7,0.5900000000000001,0.2,0.09749999999999992,0.03192440116940547,8,512
memoryless,145,failure_age,4,0.2,0.2,0.4875,0.032728333471830906,31,512
memoryless,145,route_history,4,0.2,0.2,0.4875,0.031415030378028494,31,512
memoryless,145,shuffled_history,2,0.24875000000000003,0.2,0.43875,0.0340178268794249,1,512
memoryless,145,oracle,5,0.6875,0.98,0.0,0.0,7,512
memoryless,146,last_contact,5,0.395,0.2,0.43875,0.05097508875976563,34,512
memoryless,146,ema,2,0.83375,0.98,0.0,0.05070986439617857,8,512
memoryless,146,failure_age,7,0.395,0.7849999999999999,0.43875,0.051543920095715665,16,512
memoryless,146,route_history,4,0.2,0.2,0.63375,0.050555820710180735,1,512
memoryless,146,shuffled_history,0,0.54125,0.2,0.2925,0.0474062438490596,4,512
memoryless,146,oracle,2,0.83375,0.98,0.0,0.0,8,512
memoryless,147,last_contact,3,0.8825000000000001,0.7849999999999999,0.04875000000000007,0.08593234266601564,4,512
memoryless,147,ema,0,0.44375000000000003,0.2,0.4875000000000001,0.08709427084339649,5,512
memoryless,147,failure_age,0,0.44375000000000003,0.2,0.4875000000000001,0.08598023891783066,5,512
memoryless,147,route_history,7,0.9312500000000001,0.7849999999999999,0.0,0.08583747799246055,8,512
memoryless,147,shuffled_history,1,0.63875,0.7849999999999999,0.2925000000000001,0.08151778294025964,17,512
memoryless,147,oracle,7,0.9312500000000001,0.7849999999999999,0.0,0.0,8,512
memoryless,148,last_contact,3,0.2,0.2,0.78,0.07151205458007812,13,512
memoryless,148,ema,4,0.6875,0.395,0.2925,0.07204419213069048,7,512
memoryless,148,failure_age,7,0.395,0.2,0.585,0.07147128811428964,36,512
memoryless,148,route_history,4,0.6875,0.395,0.2925,0.07034213154426458,7,512
memoryless,148,shuffled_history,3,0.2,0.2,0.78,0.07512103452218484,13,512
memoryless,148,oracle,0,0.98,0.98,0.0,0.0,5,512
memoryless,149,last_contact,2,0.54125,0.2,0.3900000000000001,0.06023328504882815,2,512
memoryless,149,ema,5,0.54125,0.2,0.3900000000000001,0.060004481419260194,6,512
memoryless,149,failure_age,0,0.9312500000000001,0.7849999999999999,0.0,0.06106163739072752,13,512
memoryless,149,route_history,1,0.5900000000000001,0.2,0.34125000000000005,0.06180163899053008,4,512
memoryless,149,shuffled_history,3,0.8825000000000001,0.98,0.04875000000000007,0.06063244298494025,8,512
memoryless,149,oracle,0,0.9312500000000001,0.7849999999999999,0.0,0.0,13,512
memoryless,150,last_contact,1,0.5900000000000001,0.98,0.3899999999999999,0.07059163172851562,2,512
memoryless,150,ema,6,0.2975,0.2,0.6825,0.07023057978895511,8,512
memoryless,150,failure_age,3,0.2,0.2,0.78,0.07105594325416306,16,512
memoryless,150,route_history,2,0.7849999999999999,0.2,0.19500000000000006,0.06968970582900871,5,512
memoryless,150,shuffled_history,5,0.44375000000000003,0.2,0.5362499999999999,0.07190142577126486,16,512
memoryless,150,oracle,4,0.98,0.98,0.0,0.0,26,512
memoryless,151,last_contact,7,0.44375000000000003,0.2,0.4875000000000001,0.05939554676757815,48,512
memoryless,151,ema,3,0.2,0.2,0.7312500000000002,0.060111446000001005,10,512
memoryless,151,failure_age,1,0.24875000000000003,0.2,0.6825000000000001,0.06036797538459749,16,512
memoryless,151,route_history,6,0.7362500000000001,0.2,0.19500000000000006,0.06195389255745286,13,512
memoryless,151,shuffled_history,1,0.24875000000000003,0.2,0.6825000000000001,0.06074585379263523,16,512
memoryless,151,oracle,5,0.9312500000000001,0.98,0.0,0.0,29,512
memoryless,152,last_contact,1,0.83375,0.7849999999999999,0.0,0.058918253798828125,1,512
memoryless,152,ema,4,0.83375,0.7849999999999999,0.0,0.058329403572840235,8,512
memoryless,152,failure_age,6,0.6875,0.2,0.14625,0.056823473472940145,37,512
memoryless,152,route_history,7,0.2,0.2,0.63375,0.06016959016621973,2,512
memoryless,152,shuffled_history,1,0.83375,0.7849999999999999,0.0,0.05803066426236215,1,512
memoryless,152,oracle,1,0.83375,0.7849999999999999,0.0,0.0,1,512
memoryless,153,last_contact,6,0.5900000000000001,0.2,0.2925,0.07017276258789064,6,512
memoryless,153,ema,2,0.8825000000000001,0.5900000000000001,0.0,0.07086232312400431,3,512
memoryless,153,failure_age,1,0.2975,0.2,0.5850000000000001,0.07005605331905757,45,512
memoryless,153,route_history,3,0.2,0.2,0.6825000000000001,0.07149989999908185,26,512
memoryless,153,shuffled_history,4,0.8825000000000001,0.5900000000000001,0.0,0.06659642415465239,1,512
memoryless,153,oracle,4,0.8825000000000001,0.5900000000000001,0.0,0.0,1,512
memoryless,154,last_contact,7,0.24875000000000003,0.2,0.5362499999999999,0.04506784559570312,18,512
memoryless,154,ema,4,0.7362500000000001,0.2,0.04874999999999985,0.0446699572149859,2,512
memoryless,154,failure_age,3,0.2,0.2,0.585,0.045898050955721775,13,512
memoryless,154,route_history,2,0.4925,0.2,0.2924999999999999,0.04513971347237328,21,512
memoryless,154,shuffled_history,3,0.2,0.2,0.585,0.04784715029319343,13,512
memoryless,154,oracle,0,0.7849999999999999,0.2,0.0,0.0,29,512
memoryless,155,last_contact,6,0.4925,0.2,0.43875000000000014,0.05090230653320314,6,512
memoryless,155,ema,5,0.2975,0.2,0.6337500000000001,0.05082635682737164,4,512
memoryless,155,failure_age,7,0.4925,0.2,0.43875000000000014,0.050972952440410085,20,512
memoryless,155,route_history,4,0.7362500000000001,0.2,0.19500000000000006,0.05040111266751677,2,512
memoryless,155,shuffled_history,6,0.4925,0.2,0.43875000000000014,0.052229279481226076,6,512
memoryless,155,oracle,0,0.9312500000000001,0.7849999999999999,0.0,0.0,5,512
memoryless,156,last_contact,6,0.2975,0.5900000000000001,0.48749999999999993,0.042725446181640626,3,512
memoryless,156,ema,0,0.63875,0.2,0.14624999999999988,0.04224012694874146,4,512
memoryless,156,failure_age,5,0.2,0.2,0.585,0.043785359140498914,5,512
memoryless,156,route_history,5,0.2,0.2,0.585,0.046913797858518846,5,512
memoryless,156,shuffled_history,5,0.2,0.2,0.585,0.04414625322105416,5,512
memoryless,156,oracle,1,0.7849999999999999,0.2,0.0,0.0,3,512
memoryless,157,last_contact,6,0.34625,0.2,0.5362500000000001,0.048900547744140634,12,512
memoryless,157,ema,4,0.2,0.2,0.6825000000000001,0.049263869649308914,8,512
memoryless,157,failure_age,6,0.34625,0.2,0.5362500000000001,0.04920997017164806,12,512
memoryless,157,route_history,7,0.63875,0.5900000000000001,0.24375000000000002,0.04929903751311977,4,512
memoryless,157,shuffled_history,2,0.2,0.2,0.6825000000000001,0.04629136670533358,6,512
memoryless,157,oracle,0,0.8825000000000001,0.98,0.0,0.0,8,512
memoryless,158,last_contact,6,0.83375,0.7849999999999999,0.09750000000000014,0.07359649793945314,11,512
memoryless,158,ema,7,0.2,0.2,0.7312500000000002,0.07389991452113939,2,512
memoryless,158,failure_age,2,0.54125,0.2,0.3900000000000001,0.07358548837510034,5,512
memoryless,158,route_history,1,0.44375000000000003,0.2,0.4875000000000001,0.07524081693710338,3,512
memoryless,158,shuffled_history,1,0.44375000000000003,0.2,0.4875000000000001,0.07723975682204373,3,512
memoryless,158,oracle,4,0.9312500000000001,0.7849999999999999,0.0,0.0,23,512
memoryless,159,last_contact,4,0.6875,0.2,0.2925,0.10466708192382813,2,512
memoryless,159,ema,6,0.2975,0.395,0.6825,0.10519564438835946,4,512
memoryless,159,failure_age,5,0.2,0.2,0.78,0.10750874502271048,13,512
memoryless,159,route_history,5,0.2,0.2,0.78,0.11202365758168309,13,512
memoryless,159,shuffled_history,2,0.8825000000000001,0.5900000000000001,0.09749999999999992,0.10215580728385722,1,512
memoryless,159,oracle,3,0.98,0.98,0.0,0.0,18,512
memoryless,160,last_contact,6,0.63875,0.2,0.19499999999999995,0.03649192079101563,9,512
memoryless,160,ema,6,0.63875,0.2,0.19499999999999995,0.03599028299662378,9,512
memoryless,160,failure_age,7,0.83375,0.395,0.0,0.035232977029636625,25,512
memoryless,160,route_history,7,0.83375,0.395,0.0,0.03506504388559413,25,512
memoryless,160,shuffled_history,0,0.5900000000000001,0.7849999999999999,0.2437499999999999,0.03666829471120067,1,512
memoryless,160,oracle,7,0.83375,0.395,0.0,0.0,25,512
memoryless,161,last_contact,7,0.34625,0.5900000000000001,0.29250000000000004,0.03941855848632813,2,512
memoryless,161,ema,0,0.63875,0.7849999999999999,0.0,0.039507152968302595,6,512
memoryless,161,failure_age,5,0.4925,0.2,0.14625000000000005,0.03849917439988655,7,512
memoryless,161,route_history,2,0.44375000000000003,0.2,0.195,0.03928419568094488,6,512
memoryless,161,shuffled_history,3,0.2,0.2,0.43875000000000003,0.038829423790789935,14,512
memoryless,161,oracle,0,0.63875,0.7849999999999999,0.0,0.0,6,512
memoryless,162,last_contact,6,0.2,0.2,0.78,0.08736867762695313,1,512
memoryless,162,ema,7,0.83375,0.7849999999999999,0.14625,0.08749390891867646,8,512
memoryless,162,failure_age,0,0.98,0.98,0.0,0.08728375284052307,38,512
memoryless,162,route_history,7,0.83375,0.7849999999999999,0.14625,0.0857449645634295,8,512
memoryless,162,shuffled_history,1,0.395,0.395,0.585,0.08657195999625472,14,512
memoryless,162,oracle,0,0.98,0.98,0.0,0.0,38,512
memoryless,163,last_contact,5,0.2,0.2,0.4875,0.04497525868164062,9,512
memoryless,163,ema,5,0.2,0.2,0.4875,0.04526014321439212,9,512
memoryless,163,failure_age,5,0.2,0.2,0.4875,0.04500697604194832,9,512
memoryless,163,route_history,7,0.34625,0.2,0.34125,0.04311283281466397,9,512
memoryless,163,shuffled_history,1,0.2,0.2,0.4875,0.042126406312569906,10,512
memoryless,163,oracle,2,0.6875,0.98,0.0,0.0,13,512
memoryless,164,last_contact,6,0.2,0.2,0.6825000000000001,0.07301671571289065,2,512
memoryless,164,ema,5,0.8825000000000001,0.5900000000000001,0.0,0.07187308937626999,3,512
memoryless,164,failure_age,3,0.2975,0.395,0.5850000000000001,0.07300576820020999,9,512
memoryless,164,route_history,1,0.6875,0.2,0.19500000000000006,0.07076983214578375,5,512
memoryless,164,shuffled_history,2,0.395,0.2,0.48750000000000004,0.07378665657110516,7,512
memoryless,164,oracle,5,0.8825000000000001,0.5900000000000001,0.0,0.0,3,512
memoryless,165,last_contact,0,0.7362500000000001,0.2,0.14625,0.04745431043945313,9,512
memoryless,165,ema,0,0.7362500000000001,0.2,0.14625,0.04689461699163483,9,512
memoryless,165,failure_age,6,0.54125,0.2,0.34125000000000005,0.04615914838828198,22,512
memoryless,165,route_history,4,0.8825000000000001,0.98,0.0,0.0468350286209505,7,512
memoryless,165,shuffled_history,3,0.6875,0.5900000000000001,0.19500000000000006,0.04582099856559397,8,512
memoryless,165,oracle,4,0.8825000000000001,0.98,0.0,0.0,7,512
memoryless,166,last_contact,4,0.44375000000000003,0.2,0.3412499999999999,0.030540612197265615,8,512
memoryless,166,ema,4,0.44375000000000003,0.2,0.3412499999999999,0.030949715422209628,8,512
memoryless,166,failure_age,2,0.54125,0.98,0.2437499999999999,0.030857034245398793,16,512
memoryless,166,route_history,0,0.44375000000000003,0.2,0.3412499999999999,0.030997867657142148,3,512
memoryless,166,shuffled_history,3,0.44375000000000003,0.2,0.3412499999999999,0.028595409205254423,3,512
memoryless,166,oracle,7,0.7849999999999999,0.2,0.0,0.0,3,512
memoryless,167,last_contact,6,0.4925,0.7849999999999999,0.39000000000000007,0.05479343250976562,12,512
memoryless,167,ema,4,0.63875,0.5900000000000001,0.24375000000000002,0.054881863241436256,8,512
memoryless,167,failure_age,6,0.4925,0.7849999999999999,0.39000000000000007,0.05623786328662493,12,512
memoryless,167,route_history,4,0.63875,0.5900000000000001,0.24375000000000002,0.058068867769064864,8,512
memoryless,167,shuffled_history,6,0.4925,0.7849999999999999,0.39000000000000007,0.05620057211269689,12,512
memoryless,167,oracle,3,0.8825000000000001,0.98,0.0,0.0,34,512
memoryless,168,last_contact,6,0.395,0.2,0.585,0.07160464149414061,5,512
memoryless,168,ema,7,0.7849999999999999,0.2,0.19500000000000006,0.07112425624407008,2,512
memoryless,168,failure_age,1,0.83375,0.7849999999999999,0.14625,0.07139836341193967,20,512
memoryless,168,route_history,5,0.98,0.98,0.0,0.07078204534569242,4,512
memoryless,168,shuffled_history,6,0.395,0.2,0.585,0.07206450411872242,5,512
memoryless,168,oracle,5,0.98,0.98,0.0,0.0,4,512
memoryless,169,last_contact,7,0.2,0.2,0.43875000000000003,0.039803264541015626,10,512
memoryless,169,ema,6,0.63875,0.5900000000000001,0.0,0.03925574348427887,6,512
memoryless,169,failure_age,3,0.34625,0.2,0.29250000000000004,0.03892767003887721,27,512
memoryless,169,route_history,2,0.2975,0.2,0.34125000000000005,0.03823239066649639,4,512
memoryless,169,shuffled_history,2,0.2975,0.2,0.34125000000000005,0.040514061762168985,4,512
memoryless,169,oracle,6,0.63875,0.5900000000000001,0.0,0.0,6,512
memoryless,170,last_contact,5,0.9312500000000001,0.7849999999999999,0.0,0.04415732508789064,5,512
memoryless,170,ema,7,0.24875000000000003,0.395,0.6825000000000001,0.04420572611802162,9,512
memoryless,170,failure_age,4,0.63875,0.2,0.2925000000000001,0.04362243685981007,22,512
memoryless,170,route_history,3,0.395,0.5900000000000001,0.5362500000000001,0.04912967903088125,2,512
memoryless,170,shuffled_history,6,0.5900000000000001,0.2,0.34125000000000005,0.04123199884475513,22,512
memoryless,170,oracle,5,0.9312500000000001,0.7849999999999999,0.0,0.0,5,512
memoryless,171,last_contact,2,0.83375,0.395,0.0,0.034534227431640634,45,512
memoryless,171,ema,6,0.34625,0.2,0.4875,0.03470036296553264,6,512
memoryless,171,failure_age,7,0.7362500000000001,0.395,0.09749999999999992,0.03337705607413416,16,512
memoryless,171,route_history,7,0.7362500000000001,0.395,0.09749999999999992,0.03145292887801024,16,512
memoryless,171,shuffled_history,1,0.5900000000000001,0.2,0.2437499999999999,0.03315878448977013,4,512
memoryless,171,oracle,2,0.83375,0.395,0.0,0.0,45,512
memoryless,172,last_contact,5,0.83375,0.7849999999999999,0.0,0.05739378797851562,8,512
memoryless,172,ema,0,0.24875000000000003,0.2,0.585,0.05778683789695631,7,512
memoryless,172,failure_age,1,0.2,0.2,0.63375,0.05837688713895086,9,512
memoryless,172,route_history,5,0.83375,0.7849999999999999,0.0,0.05733754168035093,8,512
memoryless,172,shuffled_history,5,0.83375,0.7849999999999999,0.0,0.0574667000898414,8,512
memoryless,172,oracle,5,0.83375,0.7849999999999999,0.0,0.0,8,512
memoryless,173,last_contact,5,0.2975,0.2,0.6825,0.059395546767578127,3,512
memoryless,173,ema,5,0.2975,0.2,0.6825,0.059507774712270325,3,512
memoryless,173,failure_age,2,0.5900000000000001,0.2,0.3899999999999999,0.05791926820080559,7,512
memoryless,173,route_history,1,0.6875,0.5900000000000001,0.2925,0.057106666869959535,17,512
memoryless,173,shuffled_history,4,0.98,0.98,0.0,0.056543791800934065,1,512
memoryless,173,oracle,4,0.98,0.98,0.0,0.0,1,512
memoryless,174,last_contact,4,0.44375000000000003,0.2,0.09749999999999998,0.020883351455078122,2,512
memoryless,174,ema,3,0.24875000000000003,0.2,0.2925,0.02100213756377093,1,512
memoryless,174,failure_age,7,0.2,0.2,0.34125,0.02109588860217307,12,512
memoryless,174,route_history,7,0.2,0.2,0.34125,0.02272839865172826,12,512
memoryless,174,shuffled_history,5,0.54125,0.2,0.0,0.024373580976591133,8,512
memoryless,174,oracle,0,0.54125,0.2,0.0,0.0,3,512
memoryless,175,last_contact,4,0.7849999999999999,0.5900000000000001,0.19500000000000006,0.06988064344726562,6,512
memoryless,175,ema,4,0.7849999999999999,0.5900000000000001,0.19500000000000006,0.06970938883191467,6,512
memoryless,175,failure_age,2,0.63875,0.7849999999999999,0.34124999999999994,0.06933554731895472,12,512
memoryless,175,route_history,5,0.98,0.98,0.0,0.07138350833287219,6,512
memoryless,175,shuffled_history,4,0.7849999999999999,0.5900000000000001,0.19500000000000006,0.06803406516491375,6,512
memoryless,175,oracle,5,0.98,0.98,0.0,0.0,6,512
memoryless,176,last_contact,7,0.24875000000000003,0.2,0.34125000000000005,0.026079606337890627,8,512
memoryless,176,ema,7,0.24875000000000003,0.2,0.34125000000000005,0.02616411730719595,8,512
memoryless,176,failure_age,0,0.24875000000000003,0.2,0.34125000000000005,0.02675221604552508,20,512
memoryless,176,route_history,0,0.24875000000000003,0.2,0.34125000000000005,0.027915842341079918,20,512
memoryless,176,shuffled_history,1,0.34625,0.2,0.24375000000000008,0.025359747532470944,12,512
memoryless,176,oracle,2,0.5900000000000001,0.2,0.0,0.0,2,512
memoryless,177,last_contact,4,0.44375000000000003,0.7849999999999999,0.14625000000000005,0.019368787978515628,21,512
memoryless,177,ema,3,0.44375000000000003,0.2,0.14625000000000005,0.018971297081588012,1,512
memoryless,177,failure_age,2,0.395,0.7849999999999999,0.19500000000000006,0.019419541763461987,33,512
memoryless,177,route_history,1,0.34625,0.2,0.24375000000000008,0.019712472967506396,5,512
memoryless,177,shuffled_history,4,0.44375000000000003,0.7849999999999999,0.14625000000000005,0.01782292585449797,21,512
memoryless,177,oracle,5,0.5900000000000001,0.2,0.0,0.0,1,512
memoryless,178,last_contact,5,0.24875000000000003,0.2,0.6825000000000001,0.05172024012695313,1,512
memoryless,178,ema,6,0.395,0.2,0.5362500000000001,0.05116825449088003,7,512
memoryless,178,failure_age,4,0.2,0.2,0.7312500000000002,0.052731473292130585,25,512
memoryless,178,route_history,6,0.395,0.2,0.5362500000000001,0.049324105999977254,7,512
memoryless,178,shuffled_history,7,0.9312500000000001,0.7849999999999999,0.0,0.05080510086975737,8,512
memoryless,178,oracle,7,0.9312500000000001,0.7849999999999999,0.0,0.0,8,512
memoryless,179,last_contact,2,0.6875,0.2,0.24375000000000013,0.08845001356445314,1,512
memoryless,179,ema,3,0.9312500000000001,0.7849999999999999,0.0,0.08880375895498385,8,512
memoryless,179,failure_age,5,0.83375,0.98,0.09750000000000014,0.08706367337586038,43,512
memoryless,179,route_history,2,0.6875,0.2,0.24375000000000013,0.09268992733864423,1,512
memoryless,179,shuffled_history,4,0.8825000000000001,0.5900000000000001,0.04875000000000007,0.08879902612612406,13,512
memoryless,179,oracle,3,0.9312500000000001,0.7849999999999999,0.0,0.0,8,512
memoryless,180,last_contact,7,0.395,0.2,0.19500000000000006,0.037811408095703124,15,512
memoryless,180,ema,2,0.395,0.7849999999999999,0.19500000000000006,0.038040071443657925,1,512
memoryless,180,failure_age,1,0.2,0.2,0.39000000000000007,0.0385699777135359,22,512
memoryless,180,route_history,3,0.5900000000000001,0.395,0.0,0.03870841110275522,43,512
memoryless,180,shuffled_history,6,0.2,0.2,0.39000000000000007,0.04344186585044417,3,512
memoryless,180,oracle,3,0.5900000000000001,0.395,0.0,0.0,43,512
memoryless,181,last_contact,7,0.2975,0.5900000000000001,0.6337500000000001,0.03565418250976564,19,512
memoryless,181,ema,2,0.9312500000000001,0.7849999999999999,0.0,0.03531157683608309,5,512
memoryless,181,failure_age,0,0.395,0.2,0.5362500000000001,0.0344793680577402,1,512
memoryless,181,route_history,5,0.5900000000000001,0.5900000000000001,0.34125000000000005,0.0336148905849902,3,512
memoryless,181,shuffled_history,2,0.9312500000000001,0.7849999999999999,0.0,0.03332129677061037,5,512
memoryless,181,oracle,2,0.9312500000000001,0.7849999999999999,0.0,0.0,5,512
memoryless,182,last_contact,5,0.2,0.2,0.78,0.07777974305664062,2,512
memoryless,182,ema,0,0.4925,0.2,0.4875,0.0763824091120547,7,512
memoryless,182,failure_age,2,0.4925,0.2,0.4875,0.07667808771379109,43,512
memoryless,182,route_history,3,0.98,0.98,0.0,0.07245202841747883,15,512
memoryless,182,shuffled_history,4,0.24875000000000003,0.2,0.73125,0.07549948792737138,1,512
memoryless,182,oracle,3,0.98,0.98,0.0,0.0,15,512
memoryless,183,last_contact,3,0.24875000000000003,0.2,0.39,0.03621416004882813,11,512
memoryless,183,ema,2,0.2,0.2,0.43875000000000003,0.03590222219962953,10,512
memoryless,183,failure_age,6,0.44375000000000003,0.5900000000000001,0.195,0.03555991613846581,8,512
memoryless,183,route_history,0,0.63875,0.2,0.0,0.033766732008390324,3,512
memoryless,183,shuffled_history,4,0.63875,0.2,0.0,0.03455270393300189,3,512
memoryless,183,oracle,4,0.63875,0.2,0.0,0.0,3,512
memoryless,184,last_contact,2,0.54125,0.7849999999999999,0.3900000000000001,0.06545380067382814,6,512
memoryless,184,ema,0,0.24875000000000003,0.2,0.6825000000000001,0.06525101916532838,1,512
memoryless,184,failure_age,3,0.7849999999999999,0.7849999999999999,0.1462500000000002,0.06511556389700852,12,512
memoryless,184,route_history,1,0.9312500000000001,0.7849999999999999,0.0,0.06491142676473668,13,512
memoryless,184,shuffled_history,0,0.24875000000000003,0.2,0.6825000000000001,0.06558693499928082,1,512
memoryless,184,oracle,1,0.9312500000000001,0.7849999999999999,0.0,0.0,13,512
memoryless,185,last_contact,5,0.83375,0.98,0.14625,0.07960623036132813,15,512
memoryless,185,ema,7,0.98,0.98,0.0,0.07932249283597587,9,512
memoryless,185,failure_age,7,0.98,0.98,0.0,0.0795807903536516,9,512
memoryless,185,route_history,0,0.2975,0.2,0.6825,0.0826385689913966,21,512
memoryless,185,shuffled_history,2,0.54125,0.2,0.43875,0.08626234347257125,4,512
memoryless,185,oracle,7,0.98,0.98,0.0,0.0,9,512
memoryless,186,last_contact,2,0.44375000000000003,0.7849999999999999,0.4875000000000001,0.05809041786132815,6,512
memoryless,186,ema,4,0.7362500000000001,0.2,0.19500000000000006,0.05788456279904393,9,512
memoryless,186,failure_age,4,0.7362500000000001,0.2,0.19500000000000006,0.058588888513163344,9,512
memoryless,186,route_history,0,0.2,0.2,0.7312500000000002,0.05860704106569753,5,512
memoryless,186,shuffled_history,1,0.5900000000000001,0.5900000000000001,0.34125000000000005,0.05760460084893748,7,512
memoryless,186,oracle,6,0.9312500000000001,0.7849999999999999,0.0,0.0,11,512
memoryless,187,last_contact,0,0.2,0.2,0.63375,0.06859977528320313,15,512
memoryless,187,ema,5,0.2975,0.2,0.53625,0.06771334194337125,6,512
memoryless,187,failure_age,4,0.83375,0.98,0.0,0.06626981068205387,13,512
memoryless,187,route_history,4,0.83375,0.98,0.0,0.06634513034361528,13,512
memoryless,187,shuffled_history,1,0.5900000000000001,0.2,0.2437499999999999,0.06510435407378565,8,512
memoryless,187,oracle,3,0.83375,0.5900000000000001,0.0,0.0,6,512
memoryless,188,last_contact,7,0.2,0.2,0.6825000000000001,0.06764518934570313,22,512
memoryless,188,ema,6,0.54125,0.2,0.34125000000000005,0.06697199591579094,8,512
memoryless,188,failure_age,7,0.2,0.2,0.6825000000000001,0.06637056629899771,22,512
memoryless,188,route_history,4,0.83375,0.5900000000000001,0.04875000000000007,0.06006120672810528,4,512
memoryless,188,shuffled_history,7,0.2,0.2,0.6825000000000001,0.06896124902833893,22,512
memoryless,188,oracle,3,0.8825000000000001,0.7849999999999999,0.0,0.0,1,512
memoryless,189,last_contact,2,0.4925,0.2,0.4875,0.07861748133789062,3,512
memoryless,189,ema,0,0.2,0.2,0.78,0.07838148347841006,10,512
memoryless,189,failure_age,5,0.7849999999999999,0.2,0.19500000000000006,0.07661435730654861,9,512
memoryless,189,route_history,5,0.7849999999999999,0.2,0.19500000000000006,0.07946142604375142,9,512
memoryless,189,shuffled_history,2,0.4925,0.2,0.4875,0.07518190347431983,3,512
memoryless,189,oracle,1,0.98,0.98,0.0,0.0,1,512
memoryless,190,last_contact,1,0.6875,0.395,0.19500000000000006,0.04040730750976563,3,512
memoryless,190,ema,2,0.34625,0.2,0.5362500000000001,0.04034165028118866,7,512
memoryless,190,failure_age,0,0.63875,0.2,0.24375000000000002,0.03958922094200555,35,512
memoryless,190,route_history,2,0.34625,0.2,0.5362500000000001,0.042294054835153874,7,512
memoryless,190,shuffled_history,7,0.8825000000000001,0.5900000000000001,0.0,0.038743270822192845,13,512
memoryless,190,oracle,7,0.8825000000000001,0.5900000000000001,0.0,0.0,13,512
memoryless,191,last_contact,1,0.9312500000000001,0.7849999999999999,0.0,0.07608990809570315,6,512
memoryless,191,ema,2,0.2975,0.2,0.6337500000000001,0.0765227075276449,5,512
memoryless,191,failure_age,0,0.63875,0.2,0.2925000000000001,0.0787006595638601,13,512
memoryless,191,route_history,4,0.6875,0.395,0.24375000000000013,0.08115346351828673,2,512
memoryless,191,shuffled_history,7,0.34625,0.2,0.5850000000000002,0.07929908757777583,1,512
memoryless,191,oracle,1,0.9312500000000001,0.7849999999999999,0.0,0.0,6,512
memoryless,192,last_contact,2,0.5900000000000001,0.98,0.14625,0.03779704969726564,6,512
memoryless,192,ema,2,0.5900000000000001,0.98,0.14625,0.038356084784302025,6,512
memoryless,192,failure_age,2,0.5900000000000001,0.98,0.14625,0.03747603953391569,6,512
memoryless,192,route_history,1,0.7362500000000001,0.2,0.0,0.035279721171000075,3,512
memoryless,192,shuffled_history,1,0.7362500000000001,0.2,0.0,0.038799852479536094,3,512
memoryless,192,oracle,4,0.7362500000000001,0.2,0.0,0.0,4,512
memoryless,193,last_contact,0,0.2975,0.2,0.6337500000000001,0.08876639344726564,6,512
memoryless,193,ema,4,0.9312500000000001,0.98,0.0,0.08907910530810384,7,512
memoryless,193,failure_age,5,0.2,0.2,0.7312500000000002,0.09051334350623608,22,512
memoryless,193,route_history,5,0.2,0.2,0.7312500000000002,0.09247786128367586,22,512
memoryless,193,shuffled_history,4,0.9312500000000001,0.98,0.0,0.08693597119152276,7,512
memoryless,193,oracle,4,0.9312500000000001,0.98,0.0,0.0,7,512
memoryless,194,last_contact,5,0.2,0.2,0.78,0.11438276649414063,11,512
memoryless,194,ema,3,0.2975,0.2,0.6825,0.11336401416412645,10,512
memoryless,194,failure_age,6,0.8825000000000001,0.5900000000000001,0.09749999999999992,0.11188912870413559,20,512
memoryless,194,route_history,7,0.83375,0.98,0.14625,0.11171882563426416,5,512
memoryless,194,shuffled_history,1,0.2,0.2,0.78,0.11473344750893763,20,512
memoryless,194,oracle,4,0.98,0.98,0.0,0.0,1,512
memoryless,195,last_contact,6,0.395,0.2,0.48750000000000004,0.04617344227539063,8,512
memoryless,195,ema,6,0.395,0.2,0.48750000000000004,0.04653741918505807,8,512
memoryless,195,failure_age,5,0.4925,0.2,0.39000000000000007,0.04795584576125261,20,512
memoryless,195,route_history,5,0.4925,0.2,0.39000000000000007,0.04925752246900541,20,512
memoryless,195,shuffled_history,3,0.2,0.2,0.6825000000000001,0.052584102117993095,12,512
memoryless,195,oracle,4,0.8825000000000001,0.5900000000000001,0.0,0.0,4,512
memoryless,196,last_contact,4,0.44375000000000003,0.5900000000000001,0.29250000000000004,0.03164620887695313,9,512
memoryless,196,ema,4,0.44375000000000003,0.5900000000000001,0.29250000000000004,0.03175000418874594,9,512
memoryless,196,failure_age,4,0.44375000000000003,0.5900000000000001,0.29250000000000004,0.03090841053530326,9,512
memoryless,196,route_history,1,0.5900000000000001,0.5900000000000001,0.14625,0.030150580206192587,8,512
memoryless,196,shuffled_history,3,0.7362500000000001,0.395,0.0,0.03060714395005784,1,512
memoryless,196,oracle,3,0.7362500000000001,0.395,0.0,0.0,1,512
memoryless,197,last_contact,7,0.6875,0.7849999999999999,0.04875000000000007,0.042423424697265635,4,512
memoryless,197,ema,6,0.7362500000000001,0.2,0.0,0.04262081397602216,8,512
memoryless,197,failure_age,0,0.5900000000000001,0.2,0.14625,0.042530355884466645,12,512
memoryless,197,route_history,0,0.5900000000000001,0.2,0.14625,0.04443841428703686,12,512
memoryless,197,shuffled_history,2,0.34625,0.2,0.39000000000000007,0.04237004662276124,35,512
memoryless,197,oracle,6,0.7362500000000001,0.2,0.0,0.0,8,512
memoryless,198,last_contact,2,0.2,0.2,0.39000000000000007,0.03386185829101562,10,512
memoryless,198,ema,4,0.44375000000000003,0.2,0.14625000000000005,0.0345532634730238,8,512
memoryless,198,failure_age,3,0.4925,0.2,0.09750000000000009,0.03286616755114225,36,512
memoryless,198,route_history,3,0.4925,0.2,0.09750000000000009,0.033400283600031694,36,512
memoryless,198,shuffled_history,1,0.44375000000000003,0.2,0.14625000000000005,0.031911844682509155,8,512
memoryless,198,oracle,0,0.5900000000000001,0.5900000000000001,0.0,0.0,2,512
memoryless,199,last_contact,1,0.5900000000000001,0.5900000000000001,0.34125000000000005,0.037504930556640635,13,512
memoryless,199,ema,5,0.5900000000000001,0.2,0.34125000000000005,0.03775773246383408,10,512
memoryless,199,failure_age,1,0.5900000000000001,0.5900000000000001,0.34125000000000005,0.037402179709540136,13,512
memoryless,199,route_history,6,0.4925,0.2,0.43875000000000014,0.03959040809284581,5,512
memoryless,199,shuffled_history,4,0.44375000000000003,0.2,0.4875000000000001,0.03855010073996683,3,512
memoryless,199,oracle,3,0.9312500000000001,0.7849999999999999,0.0,0.0,14,512
memoryless,200,last_contact,5,0.44375000000000003,0.2,0.38999999999999996,0.050088828994140626,47,512
memoryless,200,ema,7,0.2,0.2,0.63375,0.050301997059372536,6,512
memoryless,200,failure_age,0,0.395,0.2,0.43875,0.05110746658191721,9,512
memoryless,200,route_history,4,0.83375,0.5900000000000001,0.0,0.04757948875102195,6,512
memoryless,200,shuffled_history,2,0.54125,0.2,0.2925,0.05100791168123357,1,512
memoryless,200,oracle,4,0.83375,0.5900000000000001,0.0,0.0,6,512
memoryless,201,last_contact,3,0.63875,0.7849999999999999,0.0,0.02971277625976563,36,512
memoryless,201,ema,6,0.54125,0.5900000000000001,0.09750000000000003,0.028889815761474858,6,512
memoryless,201,failure_age,3,0.63875,0.7849999999999999,0.0,0.029087117728727623,36,512
memoryless,201,route_history,6,0.54125,0.5900000000000001,0.09750000000000003,0.028557117830327605,6,512
memoryless,201,shuffled_history,3,0.63875,0.7849999999999999,0.0,0.0282476651002994,36,512
memoryless,201,oracle,3,0.63875,0.7849999999999999,0.0,0.0,36,512
memoryless,202,last_contact,7,0.2,0.2,0.78,0.07008017567382813,9,512
memoryless,202,ema,0,0.44375000000000003,0.2,0.5362499999999999,0.07013247569857534,4,512
memoryless,202,failure_age,7,0.2,0.2,0.78,0.07077846427608225,9,512
memoryless,202,route_history,4,0.98,0.98,0.0,0.06731548406610452,6,512
memoryless,202,shuffled_history,4,0.98,0.98,0.0,0.07049483642512025,6,512
memoryless,202,oracle,4,0.98,0.98,0.0,0.0,6,512
memoryless,203,last_contact,6,0.34625,0.2,0.4875,0.047420147353515615,34,512
memoryless,203,ema,4,0.34625,0.2,0.4875,0.04784964619255336,6,512
memoryless,203,failure_age,7,0.6875,0.395,0.14625,0.047595599020873444,16,512
memoryless,203,route_history,2,0.2,0.2,0.63375,0.05103907804833474,2,512
memoryless,203,shuffled_history,7,0.6875,0.395,0.14625,0.04812486617484641,16,512
memoryless,203,oracle,1,0.83375,0.395,0.0,0.0,2,512
memoryless,204,last_contact,2,0.54125,0.2,0.43875,0.05867465614257813,1,512
memoryless,204,ema,5,0.4925,0.7849999999999999,0.4875,0.05789230122850157,5,512
memoryless,204,failure_age,0,0.5900000000000001,0.5900000000000001,0.3899999999999999,0.05726862866099693,16,512
memoryless,204,route_history,1,0.2,0.2,0.78,0.06369787888809994,17,512
memoryless,204,shuffled_history,3,0.395,0.5900000000000001,0.585,0.06357101881426716,3,512
memoryless,204,oracle,4,0.98,0.98,0.0,0.0,9,512
memoryless,205,last_contact,0,0.34625,0.2,0.5362500000000001,0.03812333192382812,6,512
memoryless,205,ema,3,0.54125,0.395,0.34125000000000005,0.03791385320088531,1,512
memoryless,205,failure_age,7,0.54125,0.2,0.34125000000000005,0.03818558480232336,12,512
memoryless,205,route_history,2,0.44375000000000003,0.2,0.43875000000000003,0.04035649676327789,3,512
memoryless,205,shuffled_history,4,0.7849999999999999,0.98,0.09750000000000014,0.03472085997421254,1,512
memoryless,205,oracle,1,0.8825000000000001,0.5900000000000001,0.0,0.0,4,512
memoryless,206,last_contact,1,0.2975,0.2,0.5850000000000001,0.03768020204101563,7,512
memoryless,206,ema,1,0.2975,0.2,0.5850000000000001,0.0373193441323823,7,512
memoryless,206,failure_age,3,0.44375000000000003,0.2,0.43875000000000003,0.03804909797544469,36,512
memoryless,206,route_history,2,0.63875,0.2,0.24375000000000002,0.0359741341683306,10,512
memoryless,206,shuffled_history,0,0.395,0.2,0.48750000000000004,0.03820637791284938,4,512
memoryless,206,oracle,7,0.8825000000000001,0.5900000000000001,0.0,0.0,10,512
memoryless,207,last_contact,0,0.2975,0.2,0.39,0.029620189345703127,6,512
memoryless,207,ema,3,0.6875,0.7849999999999999,0.0,0.0296461981501002,9,512
memoryless,207,failure_age,5,0.5900000000000001,0.2,0.09749999999999992,0.028284689609680842,20,512
memoryless,207,route_history,6,0.54125,0.2,0.14625,0.027627524809539523,13,512
memoryless,207,shuffled_history,5,0.5900000000000001,0.2,0.09749999999999992,0.030761932660277304,20,512
memoryless,207,oracle,3,0.6875,0.7849999999999999,0.0,0.0,9,512
memoryless,208,last_contact,4,0.2,0.2,0.6825000000000001,0.05748637489257813,2,512
memoryless,208,ema,3,0.4925,0.98,0.39000000000000007,0.05742983462774409,3,512
memoryless,208,failure_age,0,0.2,0.2,0.6825000000000001,0.05691887533731896,9,512
memoryless,208,route_history,5,0.6875,0.5900000000000001,0.19500000000000006,0.05594481830527326,27,512
memoryless,208,shuffled_history,5,0.6875,0.5900000000000001,0.19500000000000006,0.0582977864888493,27,512
memoryless,208,oracle,7,0.8825000000000001,0.5900000000000001,0.0,0.0,1,512
memoryless,209,last_contact,1,0.4925,0.7849999999999999,0.24375000000000008,0.018482528212890627,6,512
memoryless,209,ema,4,0.54125,0.2,0.19500000000000006,0.018583242686082,8,512
memoryless,209,failure_age,2,0.24875000000000003,0.2,0.48750000000000004,0.01949635122861883,12,512
memoryless,209,route_history,1,0.4925,0.7849999999999999,0.24375000000000008,0.020840997945307457,6,512
memoryless,209,shuffled_history,2,0.24875000000000003,0.2,0.48750000000000004,0.020470153470889287,12,512
memoryless,209,oracle,0,0.7362500000000001,0.2,0.0,0.0,15,512
memoryless,210,last_contact,0,0.5900000000000001,0.7849999999999999,0.2925,0.05710166883789064,4,512
memoryless,210,ema,6,0.54125,0.2,0.34125000000000005,0.057848037369306646,9,512
memoryless,210,failure_age,4,0.24875000000000003,0.2,0.63375,0.05857219173024456,20,512
memoryless,210,route_history,1,0.8825000000000001,0.7849999999999999,0.0,0.05674028998078113,1,512
memoryless,210,shuffled_history,4,0.24875000000000003,0.2,0.63375,0.059094250122752934,20,512
memoryless,210,oracle,1,0.8825000000000001,0.7849999999999999,0.0,0.0,1,512
memoryless,211,last_contact,0,0.7362500000000001,0.2,0.19500000000000006,0.05883556922851564,2,512
memoryless,211,ema,2,0.44375000000000003,0.2,0.4875000000000001,0.06034777229791775,2,512
memoryless,211,failure_age,5,0.6875,0.395,0.24375000000000013,0.059325393441905974,1,512
memoryless,211,route_history,6,0.2,0.2,0.7312500000000002,0.06094033276354224,5,512
memoryless,211,shuffled_history,3,0.7362500000000001,0.395,0.19500000000000006,0.059637893059805706,6,512
memoryless,211,oracle,1,0.9312500000000001,0.7849999999999999,0.0,0.0,4,512
memoryless,212,last_contact,1,0.24875000000000003,0.2,0.6825000000000001,0.06461606239257814,1,512
memoryless,212,ema,6,0.34625,0.395,0.5850000000000002,0.06468143595193751,9,512
memoryless,212,failure_age,5,0.34625,0.2,0.5850000000000002,0.06492684040268147,12,512
memoryless,212,route_history,5,0.34625,0.2,0.5850000000000002,0.06818456128138847,12,512
memoryless,212,shuffled_history,5,0.34625,0.2,0.5850000000000002,0.0631392045980583,12,512
memoryless,212,oracle,3,0.9312500000000001,0.7849999999999999,0.0,0.0,9,512
memoryless,213,last_contact,5,0.2,0.2,0.78,0.07970327333007812,9,512
memoryless,213,ema,5,0.2,0.2,0.78,0.07978812143348557,9,512
memoryless,213,failure_age,4,0.2,0.2,0.78,0.07844154112153764,31,512
memoryless,213,route_history,0,0.98,0.98,0.0,0.07678825318760206,16,512
memoryless,213,shuffled_history,4,0.2,0.2,0.78,0.07831472097900782,31,512
memoryless,213,oracle,0,0.98,0.98,0.0,0.0,16,512
memoryless,214,last_contact,4,0.2,0.2,0.34125,0.028724027236328126,13,512
memoryless,214,ema,3,0.2,0.2,0.34125,0.029170455458361808,3,512
memoryless,214,failure_age,1,0.54125,0.2,0.0,0.028559890753686992,16,512
memoryless,214,route_history,4,0.2,0.2,0.34125,0.030263668106876515,13,512
memoryless,214,shuffled_history,4,0.2,0.2,0.34125,0.027923102378709954,13,512
memoryless,214,oracle,1,0.54125,0.2,0.0,0.0,16,512
memoryless,215,last_contact,1,0.34625,0.2,0.4387499999999999,0.036282486220703125,33,512
memoryless,215,ema,3,0.7362500000000001,0.98,0.04874999999999985,0.03576421692684753,8,512
memoryless,215,failure_age,4,0.54125,0.2,0.2437499999999999,0.03827467118851456,9,512
memoryless,215,route_history,1,0.34625,0.2,0.4387499999999999,0.03889195502067738,33,512
memoryless,215,shuffled_history,4,0.54125,0.2,0.2437499999999999,0.0380885942303043,9,512
memoryless,215,oracle,6,0.7849999999999999,0.5900000000000001,0.0,0.0,18,512
memoryless,216,last_contact,6,0.2,0.2,0.43875000000000003,0.049251090712890626,4,512
memoryless,216,ema,3,0.5900000000000001,0.7849999999999999,0.04874999999999996,0.049064335716204194,7,512
memoryless,216,failure_age,2,0.63875,0.2,0.0,0.046719218955311906,25,512
memoryless,216,route_history,4,0.34625,0.5900000000000001,0.29250000000000004,0.04424895053734859,6,512
memoryless,216,shuffled_history,0,0.63875,0.2,0.0,0.044701927727897245,12,512
memoryless,216,oracle,0,0.63875,0.2,0.0,0.0,12,512
memoryless,217,last_contact,0,0.63875,0.2,0.2925000000000001,0.047011180556640636,10,512
memoryless,217,ema,2,0.7849999999999999,0.5900000000000001,0.1462500000000002,0.04679800030114078,9,512
memoryless,217,failure_age,3,0.5900000000000001,0.2,0.34125000000000005,0.04733009675925359,31,512
memoryless,217,route_history,4,0.9312500000000001,0.7849999999999999,0.0,0.04192012922007374,21,512
memoryless,217,shuffled_history,3,0.5900000000000001,0.2,0.34125000000000005,0.04758043688311123,31,512
memoryless,217,oracle,4,0.9312500000000001,0.7849999999999999,0.0,0.0,21,512
memoryless,218,last_contact,0,0.83375,0.395,0.04875000000000007,0.06123639247070314,9,512
memoryless,218,ema,0,0.83375,0.395,0.04875000000000007,0.06141714900421938,9,512
memoryless,218,failure_age,3,0.44375000000000003,0.2,0.43875000000000003,0.06375618140599795,20,512
memoryless,218,route_history,1,0.54125,0.98,0.34125000000000005,0.06595779913604288,8,512
memoryless,218,shuffled_history,7,0.2,0.2,0.6825000000000001,0.064444475837787,1,512
memoryless,218,oracle,2,0.8825000000000001,0.7849999999999999,0.0,0.0,19,512
memoryless,219,last_contact,6,0.7849999999999999,0.2,0.09750000000000014,0.08313691102539061,7,512
memoryless,219,ema,6,0.7849999999999999,0.2,0.09750000000000014,0.0820123936725605,7,512
memoryless,219,failure_age,6,0.7849999999999999,0.2,0.09750000000000014,0.08118499119055839,7,512
memoryless,219,route_history,0,0.2,0.2,0.6825000000000001,0.08430644623740496,3,512
memoryless,219,shuffled_history,0,0.2,0.2,0.6825000000000001,0.08447470963468653,3,512
memoryless,219,oracle,7,0.8825000000000001,0.7849999999999999,0.0,0.0,1,512
memoryless,220,last_contact,6,0.24875000000000003,0.395,0.63375,0.04958727528320312,2,512
memoryless,220,ema,0,0.54125,0.2,0.34125000000000005,0.049257588619480534,1,512
memoryless,220,failure_age,5,0.7849999999999999,0.5900000000000001,0.09750000000000014,0.04811516232662734,20,512
memoryless,220,route_history,1,0.8825000000000001,0.98,0.0,0.043580767185011804,8,512
memoryless,220,shuffled_history,7,0.2,0.2,0.6825000000000001,0.05196639704784454,14,512
memoryless,220,oracle,1,0.8825000000000001,0.98,0.0,0.0,8,512
memoryless,221,last_contact,0,0.63875,0.2,0.0,0.021185372939453124,7,512
memoryless,221,ema,0,0.63875,0.2,0.0,0.020883677789230122,7,512
memoryless,221,failure_age,7,0.24875000000000003,0.395,0.39,0.021719732757552908,37,512
memoryless,221,route_history,3,0.4925,0.2,0.14625000000000005,0.020463865041518974,2,512
memoryless,221,shuffled_history,4,0.44375000000000003,0.2,0.195,0.022357183758198958,1,512
memoryless,221,oracle,0,0.63875,0.2,0.0,0.0,7,512
memoryless,222,last_contact,7,0.7362500000000001,0.395,0.09749999999999992,0.07121993543945312,8,512
memoryless,222,ema,7,0.7362500000000001,0.395,0.09749999999999992,0.07132025916669966,8,512
memoryless,222,failure_age,1,0.2975,0.2,0.53625,0.07312333377017519,20,512
memoryless,222,route_history,1,0.2975,0.2,0.53625,0.07338693734791582,20,512
memoryless,222,shuffled_history,0,0.83375,0.395,0.0,0.07518815793928083,12,512
memoryless,222,oracle,0,0.83375,0.395,0.0,0.0,12,512
memoryless,223,last_contact,6,0.44375000000000003,0.2,0.24374999999999997,0.025134922744140625,8,512
memoryless,223,ema,6,0.44375000000000003,0.2,0.24374999999999997,0.025430532456517718,8,512
memoryless,223,failure_age,3,0.5900000000000001,0.2,0.09749999999999992,0.024235378721526476,12,512
memoryless,223,route_history,3,0.5900000000000001,0.2,0.09749999999999992,0.023327890080976688,12,512
memoryless,223,shuffled_history,0,0.5900000000000001,0.395,0.09749999999999992,0.023525124087321964,3,512
memoryless,223,oracle,7,0.6875,0.98,0.0,0.0,23,512
memoryless,224,last_contact,6,0.4925,0.7849999999999999,0.43875000000000014,0.07348955262695314,9,512
memoryless,224,ema,6,0.4925,0.7849999999999999,0.43875000000000014,0.07405569226330544,9,512
memoryless,224,failure_age,6,0.4925,0.7849999999999999,0.43875000000000014,0.07313699651323076,9,512
memoryless,224,route_history,2,0.6875,0.2,0.24375000000000013,0.07557243224228449,5,512
memoryless,224,shuffled_history,5,0.6875,0.2,0.24375000000000013,0.07587909749845892,2,512
memoryless,224,oracle,7,0.9312500000000001,0.7849999999999999,0.0,0.0,4,512
memoryless,225,last_contact,4,0.83375,0.395,0.0,0.04444944422851563,15,512
memoryless,225,ema,0,0.63875,0.2,0.19499999999999995,0.044193133567764234,9,512
memoryless,225,failure_age,0,0.63875,0.2,0.19499999999999995,0.04483122120426393,9,512
memoryless,225,route_history,5,0.63875,0.2,0.19499999999999995,0.04673621583668819,3,512
memoryless,225,shuffled_history,6,0.395,0.98,0.43875,0.04644082730649817,7,512
memoryless,225,oracle,4,0.83375,0.395,0.0,0.0,15,512
memoryless,226,last_contact,5,0.6875,0.5900000000000001,0.0,0.042389261611328125,7,512
memoryless,226,ema,5,0.6875,0.5900000000000001,0.0,0.042591808789957775,7,512
memoryless,226,failure_age,3,0.2,0.2,0.4875,0.04386804581305324,20,512
memoryless,226,route_history,6,0.2,0.2,0.4875,0.04700622374993505,36,512
memoryless,226,shuffled_history,3,0.2,0.2,0.4875,0.04872620032030209,20,512
memoryless,226,oracle,5,0.6875,0.5900000000000001,0.0,0.0,7,512
memoryless,227,last_contact,0,0.2,0.2,0.4875,0.04827224403320313,5,512
memoryless,227,ema,0,0.2,0.2,0.4875,0.04863071822611824,5,512
memoryless,227,failure_age,3,0.6875,0.2,0.0,0.048205030325708845,28,512
memoryless,227,route_history,3,0.6875,0.2,0.0,0.045311173951212105,28,512
memoryless,227,shuffled_history,1,0.2,0.2,0.4875,0.05074439474084623,14,512
memoryless,227,oracle,5,0.6875,0.395,0.0,0.0,7,512
memoryless,228,last_contact,0,0.24875000000000003,0.395,0.34125000000000005,0.031042165908203127,4,512
memoryless,228,ema,4,0.395,0.395,0.19500000000000006,0.03073120182827241,10,512
memoryless,228,failure_age,6,0.2,0.2,0.39000000000000007,0.03137673009270272,12,512
memoryless,228,route_history,5,0.54125,0.5900000000000001,0.04875000000000007,0.0290026897156394,13,512
memoryless,228,shuffled_history,1,0.5900000000000001,0.2,0.0,0.03074728450748527,5,512
memoryless,228,oracle,1,0.5900000000000001,0.2,0.0,0.0,5,512
memoryless,229,last_contact,6,0.6875,0.5900000000000001,0.0,0.027302050673828127,6,512
memoryless,229,ema,6,0.6875,0.5900000000000001,0.0,0.026818426640666037,6,512
memoryless,229,failure_age,6,0.6875,0.5900000000000001,0.0,0.025877053346452267,6,512
memoryless,229,route_history,1,0.395,0.2,0.2925,0.024334861662443072,6,512
memoryless,229,shuffled_history,6,0.6875,0.5900000000000001,0.0,0.025321091932450066,6,512
memoryless,229,oracle,6,0.6875,0.5900000000000001,0.0,0.0,6,512
memoryless,230,last_contact,5,0.63875,0.98,0.14624999999999988,0.06199590223632812,45,512
memoryless,230,ema,4,0.24875000000000003,0.395,0.5362499999999999,0.06193678320307833,9,512
memoryless,230,failure_age,4,0.24875000000000003,0.395,0.5362499999999999,0.06144877350269355,9,512
memoryless,230,route_history,5,0.63875,0.98,0.14624999999999988,0.05793377657158785,45,512
memoryless,230,shuffled_history,3,0.2,0.2,0.585,0.05905165792276339,1,512
memoryless,230,oracle,2,0.7849999999999999,0.395,0.0,0.0,6,512
memoryless,231,last_contact,2,0.54125,0.2,0.19500000000000006,0.03464117274414063,18,512
memoryless,231,ema,7,0.2,0.2,0.5362500000000001,0.03473150501475937,5,512
memoryless,231,failure_age,1,0.2,0.2,0.5362500000000001,0.03502608846592485,13,512
memoryless,231,route_history,0,0.34625,0.7849999999999999,0.39000000000000007,0.039252337794112545,21,512
memoryless,231,shuffled_history,1,0.2,0.2,0.5362500000000001,0.037031405428996106,13,512
memoryless,231,oracle,4,0.7362500000000001,0.2,0.0,0.0,17,512
memoryless,232,last_contact,1,0.2975,0.395,0.48749999999999993,0.03817185340820312,2,512
memoryless,232,ema,5,0.34625,0.2,0.4387499999999999,0.037664748630262916,6,512
memoryless,232,failure_age,7,0.2,0.2,0.585,0.03840520129747863,25,512
memoryless,232,route_history,7,0.2,0.2,0.585,0.03634932475882807,25,512
memoryless,232,shuffled_history,7,0.2,0.2,0.585,0.039594287300659434,25,512
memoryless,232,oracle,0,0.7849999999999999,0.2,0.0,0.0,13,512
memoryless,233,last_contact,5,0.34625,0.2,0.5362500000000001,0.06805415614257813,26,512
memoryless,233,ema,6,0.34625,0.2,0.5362500000000001,0.06804466408680258,10,512
memoryless,233,failure_age,0,0.8825000000000001,0.7849999999999999,0.0,0.06814618145695697,7,512
memoryless,233,route_history,5,0.34625,0.2,0.5362500000000001,0.06673046989902323,26,512
memoryless,233,shuffled_history,5,0.34625,0.2,0.5362500000000001,0.06992349161745773,26,512
memoryless,233,oracle,0,0.8825000000000001,0.7849999999999999,0.0,0.0,7,512
memoryless,234,last_contact,3,0.63875,0.2,0.19499999999999995,0.048082614150390626,12,512
memoryless,234,ema,6,0.83375,0.395,0.0,0.04777620469662596,7,512
memoryless,234,failure_age,3,0.63875,0.2,0.19499999999999995,0.04784558391605867,12,512
memoryless,234,route_history,4,0.395,0.2,0.43875,0.04688188294208709,5,512
memoryless,234,shuffled_history,3,0.63875,0.2,0.19499999999999995,0.04870790415815125,12,512
memoryless,234,oracle,6,0.83375,0.395,0.0,0.0,7,512
memoryless,235,last_contact,4,0.4925,0.2,0.195,0.04123514344726563,13,512
memoryless,235,ema,7,0.2,0.2,0.4875,0.04150856166037129,10,512
memoryless,235,failure_age,6,0.2,0.2,0.4875,0.04184686244388422,22,512
memoryless,235,route_history,5,0.2,0.2,0.4875,0.04576769371777995,3,512
memoryless,235,shuffled_history,5,0.2,0.2,0.4875,0.03955215984103476,3,512
memoryless,235,oracle,3,0.6875,0.2,0.0,0.0,3,512
memoryless,236,last_contact,6,0.44375000000000003,0.395,0.5362499999999999,0.06397340028320313,28,512
memoryless,236,ema,0,0.83375,0.7849999999999999,0.14625,0.06389267168138335,1,512
memoryless,236,failure_age,6,0.44375000000000003,0.395,0.5362499999999999,0.063774610149196,28,512
memoryless,236,route_history,6,0.44375000000000003,0.395,0.5362499999999999,0.06764412780119446,28,512
memoryless,236,shuffled_history,3,0.5900000000000001,0.2,0.3899999999999999,0.0633521084610096,4,512
memoryless,236,oracle,7,0.98,0.98,0.0,0.0,9,512
memoryless,237,last_contact,4,0.7849999999999999,0.395,0.0,0.05719425575195311,1,512
memoryless,237,ema,6,0.34625,0.2,0.4387499999999999,0.057516797217264964,5,512
memoryless,237,failure_age,0,0.5900000000000001,0.2,0.19499999999999984,0.055523079703504556,16,512
memoryless,237,route_history,2,0.7849999999999999,0.2,0.0,0.05163851392687735,5,512
memoryless,237,shuffled_history,2,0.7849999999999999,0.2,0.0,0.05195450817219469,5,512
memoryless,237,oracle,4,0.7849999999999999,0.395,0.0,0.0,1,512
memoryless,238,last_contact,4,0.54125,0.395,0.3900000000000001,0.052197533095703144,19,512
memoryless,238,ema,0,0.9312500000000001,0.98,0.0,0.05185976373271631,8,512
memoryless,238,failure_age,2,0.395,0.2,0.5362500000000001,0.05326407204045904,25,512
memoryless,238,route_history,3,0.5900000000000001,0.2,0.34125000000000005,0.05241352743706741,3,512
memoryless,238,shuffled_history,7,0.395,0.2,0.5362500000000001,0.053351433803252676,1,512
memoryless,238,oracle,0,0.9312500000000001,0.98,0.0,0.0,8,512
memoryless,239,last_contact,7,0.6875,0.2,0.19500000000000006,0.052767412978515636,50,512
memoryless,239,ema,0,0.7362500000000001,0.5900000000000001,0.14625,0.05280884839603996,6,512
memoryless,239,failure_age,3,0.2975,0.2,0.5850000000000001,0.052897805628014286,28,512
memoryless,239,route_history,3,0.2975,0.2,0.5850000000000001,0.05575321478376689,28,512
memoryless,239,shuffled_history,3,0.2975,0.2,0.5850000000000001,0.05374769312286164,28,512
memoryless,239,oracle,2,0.8825000000000001,0.7849999999999999,0.0,0.0,5,512
memoryless,240,last_contact,6,0.83375,0.98,0.0,0.037611875869140624,13,512
memoryless,240,ema,1,0.2975,0.2,0.53625,0.037269021281632286,8,512
memoryless,240,failure_age,6,0.83375,0.98,0.0,0.03734820134876087,13,512
memoryless,240,route_history,2,0.2975,0.395,0.53625,0.03870004796657825,1,512
memoryless,240,shuffled_history,7,0.54125,0.2,0.2925,0.0347169392968353,5,512
memoryless,240,oracle,6,0.83375,0.98,0.0,0.0,13,512
memoryless,241,last_contact,7,0.7849999999999999,0.2,0.0,0.03500161805664063,10,512
memoryless,241,ema,2,0.44375000000000003,0.2,0.3412499999999999,0.03512392371919092,8,512
memoryless,241,failure_age,0,0.4925,0.5900000000000001,0.2924999999999999,0.035707312813820016,1,512
memoryless,241,route_history,4,0.4925,0.2,0.2924999999999999,0.03506295619022637,2,512
memoryless,241,shuffled_history,2,0.44375000000000003,0.2,0.3412499999999999,0.03685303349219596,8,512
memoryless,241,oracle,7,0.7849999999999999,0.2,0.0,0.0,10,512
memoryless,242,last_contact,2,0.8825000000000001,0.5900000000000001,0.09749999999999992,0.10375656141601564,1,512
memoryless,242,ema,2,0.8825000000000001,0.5900000000000001,0.09749999999999992,0.10483806808738924,1,512
memoryless,242,failure_age,0,0.24875000000000003,0.2,0.73125,0.10427613350077748,7,512
memoryless,242,route_history,7,0.24875000000000003,0.395,0.73125,0.10612804681412996,6,512
memoryless,242,shuffled_history,6,0.5900000000000001,0.2,0.3899999999999999,0.10499315206261045,1,512
memoryless,242,oracle,3,0.98,0.98,0.0,0.0,1,512
memoryless,243,last_contact,2,0.54125,0.2,0.14625,0.020031254775390625,5,512
memoryless,243,ema,6,0.63875,0.2,0.04874999999999996,0.01973439547664561,7,512
memoryless,243,failure_age,7,0.5900000000000001,0.395,0.09749999999999992,0.019497162415740094,12,512
memoryless,243,route_history,2,0.54125,0.2,0.14625,0.020194270948469442,5,512
memoryless,243,shuffled_history,7,0.5900000000000001,0.395,0.09749999999999992,0.019094115039605217,12,512
memoryless,243,oracle,5,0.6875,0.98,0.0,0.0,7,512
memoryless,244,last_contact,1,0.2,0.2,0.6825000000000001,0.053059532119140634,4,512
memoryless,244,ema,1,0.2,0.2,0.6825000000000001,0.05361573099389601,4,512
memoryless,244,failure_age,2,0.2,0.2,0.6825000000000001,0.05349051857887531,25,512
memoryless,244,route_history,0,0.8825000000000001,0.5900000000000001,0.0,0.05333999291574169,3,512
memoryless,244,shuffled_history,7,0.395,0.2,0.48750000000000004,0.05286937764230998,12,512
memoryless,244,oracle,0,0.8825000000000001,0.5900000000000001,0.0,0.0,3,512
memoryless,245,last_contact,3,0.2,0.2,0.6825000000000001,0.06319408583007814,6,512
memoryless,245,ema,3,0.2,0.2,0.6825000000000001,0.0632135663619801,6,512
memoryless,245,failure_age,5,0.8825000000000001,0.5900000000000001,0.0,0.06273140791274809,9,512
memoryless,245,route_history,7,0.8825000000000001,0.5900000000000001,0.0,0.06136926084633824,6,512
memoryless,245,shuffled_history,4,0.395,0.2,0.48750000000000004,0.06145097932053027,1,512
memoryless,245,oracle,7,0.8825000000000001,0.5900000000000001,0.0,0.0,6,512
memoryless,246,last_contact,2,0.83375,0.98,0.04875000000000007,0.057101668837890626,6,512
memoryless,246,ema,2,0.83375,0.98,0.04875000000000007,0.05674488070574216,6,512
memoryless,246,failure_age,0,0.8825000000000001,0.5900000000000001,0.0,0.05615483839065685,16,512
memoryless,246,route_history,6,0.34625,0.2,0.5362500000000001,0.057804426165701826,27,512
memoryless,246,shuffled_history,0,0.8825000000000001,0.5900000000000001,0.0,0.0555709223938342,16,512
memoryless,246,oracle,0,0.8825000000000001,0.5900000000000001,0.0,0.0,16,512
memoryless,247,last_contact,4,0.34625,0.2,0.63375,0.06764518934570313,10,512
memoryless,247,ema,4,0.34625,0.2,0.63375,0.066649668062885,10,512
memoryless,247,failure_age,6,0.395,0.2,0.585,0.06795886728523026,32,512
memoryless,247,route_history,4,0.34625,0.2,0.63375,0.06758119897186377,10,512
memoryless,247,shuffled_history,3,0.24875000000000003,0.2,0.73125,0.07044525676488686,17,512
memoryless,247,oracle,1,0.98,0.98,0.0,0.0,8,512
memoryless,248,last_contact,3,0.6875,0.2,0.24375000000000013,0.07760447157226563,1,512
memoryless,248,ema,6,0.6875,0.98,0.24375000000000013,0.07891534916983095,8,512
memoryless,248,failure_age,2,0.2,0.2,0.7312500000000002,0.07864496398009153,7,512
memoryless,248,route_history,7,0.395,0.2,0.5362500000000001,0.07617197811247425,6,512
memoryless,248,shuffled_history,4,0.2,0.2,0.7312500000000002,0.07878291031557338,24,512
memoryless,248,oracle,5,0.9312500000000001,0.7849999999999999,0.0,0.0,2,512
memoryless,249,last_contact,6,0.2,0.2,0.5362500000000001,0.05085824110351563,5,512
memoryless,249,ema,4,0.2975,0.2,0.4387500000000001,0.05030087713851131,1,512
memoryless,249,failure_age,7,0.7362500000000001,0.98,0.0,0.049236452479209325,12,512
memoryless,249,route_history,1,0.6875,0.2,0.04875000000000007,0.045800369601692904,14,512
memoryless,249,shuffled_history,2,0.5900000000000001,0.2,0.14625,0.04879385225808423,12,512
memoryless,249,oracle,7,0.7362500000000001,0.98,0.0,0.0,12,512
memoryless,250,last_contact,4,0.63875,0.2,0.04874999999999996,0.03713458290039062,14,512
memoryless,250,ema,1,0.24875000000000003,0.2,0.43875,0.03739620821562721,7,512
memoryless,250,failure_age,1,0.24875000000000003,0.2,0.43875,0.03796293667217993,7,512
memoryless,250,route_history,3,0.2,0.2,0.4875,0.03831489238027524,5,512
memoryless,250,shuffled_history,4,0.63875,0.2,0.04874999999999996,0.04032645306300286,14,512
memoryless,250,oracle,2,0.6875,0.2,0.0,0.0,11,512
memoryless,251,last_contact,1,0.395,0.395,0.5362500000000001,0.04492673719726564,2,512
memoryless,251,ema,2,0.7362500000000001,0.2,0.19500000000000006,0.04465436131709427,5,512
memoryless,251,failure_age,4,0.2975,0.5900000000000001,0.6337500000000001,0.04379717016458504,35,512
memoryless,251,route_history,4,0.2975,0.5900000000000001,0.6337500000000001,0.04609503672952314,35,512
memoryless,251,shuffled_history,6,0.5900000000000001,0.2,0.34125000000000005,0.04433871404678701,4,512
memoryless,251,oracle,7,0.9312500000000001,0.7849999999999999,0.0,0.0,1,512
memoryless,252,last_contact,6,0.2,0.2,0.78,0.09907621864257812,1,512
memoryless,252,ema,7,0.98,0.98,0.0,0.09853374468103304,9,512
memoryless,252,failure_age,7,0.98,0.98,0.0,0.09839723165768016,9,512
memoryless,252,route_history,6,0.2,0.2,0.78,0.09761239874483002,1,512
memoryless,252,shuffled_history,1,0.8825000000000001,0.5900000000000001,0.09749999999999992,0.09523331970609338,9,512
memoryless,252,oracle,7,0.98,0.98,0.0,0.0,9,512
memoryless,253,last_contact,5,0.2,0.2,0.5362500000000001,0.03107632899414063,1,512
memoryless,253,ema,4,0.44375000000000003,0.7849999999999999,0.29250000000000004,0.03134389370880202,8,512
memoryless,253,failure_age,7,0.54125,0.2,0.19500000000000006,0.03244302869916399,12,512
memoryless,253,route_history,6,0.2,0.2,0.5362500000000001,0.0324621149172487,1,512
memoryless,253,shuffled_history,4,0.44375000000000003,0.7849999999999999,0.29250000000000004,0.0336862777721297,8,512
memoryless,253,oracle,1,0.7362500000000001,0.2,0.0,0.0,18,512
memoryless,254,last_contact,3,0.7849999999999999,0.2,0.1462500000000002,0.056600115126953135,4,512
memoryless,254,ema,1,0.34625,0.2,0.5850000000000002,0.05650166951974111,8,512
memoryless,254,failure_age,6,0.34625,0.2,0.5850000000000002,0.05639320592060244,25,512
memoryless,254,route_history,6,0.34625,0.2,0.5850000000000002,0.05683813637510555,25,512
memoryless,254,shuffled_history,6,0.34625,0.2,0.5850000000000002,0.05958558008218749,25,512
memoryless,254,oracle,5,0.9312500000000001,0.98,0.0,0.0,7,512
memoryless,255,last_contact,5,0.7362500000000001,0.7849999999999999,0.09749999999999992,0.052918423720703135,39,512
memoryless,255,ema,4,0.2,0.2,0.63375,0.05411809497160686,6,512
memoryless,255,failure_age,3,0.7362500000000001,0.5900000000000001,0.09749999999999992,0.05339077090791865,16,512
memoryless,255,route_history,0,0.2,0.2,0.63375,0.056879708437039725,24,512
memoryless,255,shuffled_history,2,0.4925,0.2,0.34125,0.052370615892482576,1,512
memoryless,255,oracle,7,0.83375,0.395,0.0,0.0,2,512
memoryless,256,last_contact,6,0.34625,0.2,0.63375,0.07260774891601562,3,512
memoryless,256,ema,5,0.34625,0.2,0.63375,0.07278496313495535,6,512
memoryless,256,failure_age,7,0.395,0.2,0.585,0.07274517572052382,12,512
memoryless,256,route_history,2,0.2,0.2,0.78,0.07617099616610748,23,512
memoryless,256,shuffled_history,7,0.395,0.2,0.585,0.0753075005347913,12,512
memoryless,256,oracle,3,0.98,0.98,0.0,0.0,14,512
memoryless,257,last_contact,1,0.7849999999999999,0.98,0.0,0.033311783095703124,24,512
memoryless,257,ema,4,0.44375000000000003,0.2,0.3412499999999999,0.033266719413498035,6,512
memoryless,257,failure_age,2,0.5900000000000001,0.2,0.19499999999999984,0.033159887325108495,5,512
memoryless,257,route_history,1,0.7849999999999999,0.98,0.0,0.03187211716757624,24,512
memoryless,257,shuffled_history,1,0.7849999999999999,0.98,0.0,0.032093447495880265,24,512
memoryless,257,oracle,1,0.7849999999999999,0.98,0.0,0.0,24,512
memoryless,258,last_contact,2,0.34625,0.2,0.63375,0.058801406142578116,8,512
memoryless,258,ema,2,0.34625,0.2,0.63375,0.05947633307256153,8,512
memoryless,258,failure_age,7,0.54125,0.2,0.43875,0.05929402606460912,1,512
memoryless,258,route_history,5,0.5900000000000001,0.2,0.3899999999999999,0.05835284129207381,6,512
memoryless,258,shuffled_history,0,0.98,0.98,0.0,0.0591026772725219,3,512
memoryless,258,oracle,0,0.98,0.98,0.0,0.0,3,512
memoryless,259,last_contact,5,0.4925,0.2,0.43875000000000014,0.06800563465820314,10,512
memoryless,259,ema,0,0.9312500000000001,0.98,0.0,0.06775866255155451,9,512
memoryless,259,failure_age,0,0.9312500000000001,0.98,0.0,0.06722443287918478,9,512
memoryless,259,route_history,0,0.9312500000000001,0.98,0.0,0.06788992099135696,9,512
memoryless,259,shuffled_history,7,0.83375,0.395,0.09750000000000014,0.06549147513082597,27,512
memoryless,259,oracle,0,0.9312500000000001,0.98,0.0,0.0,9,512
memoryless,260,last_contact,6,0.34625,0.5900000000000001,0.4875,0.05957081825195313,2,512
memoryless,260,ema,6,0.34625,0.5900000000000001,0.4875,0.05947463736591077,2,512
memoryless,260,failure_age,3,0.5900000000000001,0.7849999999999999,0.2437499999999999,0.05866856865249333,13,512
memoryless,260,route_history,1,0.83375,0.5900000000000001,0.0,0.05778476562591056,11,512
memoryless,260,shuffled_history,0,0.83375,0.395,0.0,0.05699155179876095,3,512
memoryless,260,oracle,1,0.83375,0.5900000000000001,0.0,0.0,11,512
memoryless,261,last_contact,7,0.63875,0.2,0.24375000000000002,0.047361723525390635,4,512
memoryless,261,ema,0,0.2,0.2,0.6825000000000001,0.047423592586630176,2,512
memoryless,261,failure_age,1,0.4925,0.2,0.39000000000000007,0.04550402708079131,12,512
memoryless,261,route_history,4,0.24875000000000003,0.2,0.63375,0.046129105974207926,15,512
memoryless,261,shuffled_history,3,0.63875,0.2,0.24375000000000002,0.04989524492807014,12,512
memoryless,261,oracle,5,0.8825000000000001,0.5900000000000001,0.0,0.0,1,512
memoryless,262,last_contact,3,0.2,0.2,0.43875000000000003,0.034314890517578134,4,512
memoryless,262,ema,2,0.5900000000000001,0.395,0.04874999999999996,0.03459443423779561,9,512
memoryless,262,failure_age,1,0.2,0.2,0.43875000000000003,0.03546626821598841,25,512
memoryless,262,route_history,2,0.5900000000000001,0.395,0.04874999999999996,0.03277419173994267,9,512
memoryless,262,shuffled_history,2,0.5900000000000001,0.395,0.04874999999999996,0.03426788706341451,9,512
memoryless,262,oracle,6,0.63875,0.2,0.0,0.0,13,512
memoryless,263,last_contact,1,0.5900000000000001,0.2,0.19499999999999984,0.03731975672851562,7,512
memoryless,263,ema,4,0.2,0.2,0.585,0.03768037621999318,3,512
memoryless,263,failure_age,6,0.44375000000000003,0.2,0.3412499999999999,0.037149154117282195,31,512
memoryless,263,route_history,3,0.7849999999999999,0.98,0.0,0.03752105105703565,16,512
memoryless,263,shuffled_history,2,0.24875000000000003,0.2,0.5362499999999999,0.036962728911894914,16,512
memoryless,263,oracle,3,0.7849999999999999,0.98,0.0,0.0,16,512
memoryless,264,last_contact,6,0.2,0.2,0.2925,0.057174451064453125,2,512
memoryless,264,ema,4,0.395,0.2,0.09749999999999998,0.05663150562168282,8,512
memoryless,264,failure_age,0,0.2,0.2,0.2925,0.05847219923211175,28,512
memoryless,264,route_history,0,0.2,0.2,0.2925,0.055262828005038636,28,512
memoryless,264,shuffled_history,0,0.2,0.2,0.2925,0.058640981924079294,28,512
memoryless,264,oracle,5,0.4925,0.2,0.0,0.0,2,512
memoryless,265,last_contact,5,0.4925,0.2,0.24375000000000008,0.04325126063476563,17,512
memoryless,265,ema,4,0.54125,0.2,0.19500000000000006,0.04259955570528223,9,512
memoryless,265,failure_age,2,0.2,0.2,0.5362500000000001,0.043180175087456515,16,512
memoryless,265,route_history,2,0.2,0.2,0.5362500000000001,0.045623085253188894,16,512
memoryless,265,shuffled_history,1,0.44375000000000003,0.2,0.29250000000000004,0.04417980307897595,1,512
memoryless,265,oracle,3,0.7362500000000001,0.5900000000000001,0.0,0.0,5,512
memoryless,266,last_contact,4,0.5900000000000001,0.7849999999999999,0.3899999999999999,0.10934742469726566,1,512
memoryless,266,ema,7,0.7362500000000001,0.7849999999999999,0.2437499999999999,0.10971782628484195,9,512
memoryless,266,failure_age,3,0.98,0.98,0.0,0.11047722366545684,12,512
memoryless,266,route_history,7,0.7362500000000001,0.7849999999999999,0.2437499999999999,0.10956975950828085,9,512
memoryless,266,shuffled_history,7,0.7362500000000001,0.7849999999999999,0.2437499999999999,0.11237062296605665,9,512
memoryless,266,oracle,3,0.98,0.98,0.0,0.0,12,512
memoryless,267,last_contact,6,0.44375000000000003,0.2,0.29250000000000004,0.015696998916015628,1,512
memoryless,267,ema,0,0.54125,0.5900000000000001,0.19500000000000006,0.015642851261604668,8,512
memoryless,267,failure_age,1,0.63875,0.2,0.09750000000000003,0.016213956611928617,12,512
memoryless,267,route_history,6,0.44375000000000003,0.2,0.29250000000000004,0.01744719171358259,1,512
memoryless,267,shuffled_history,1,0.63875,0.2,0.09750000000000003,0.015671512282250166,12,512
memoryless,267,oracle,4,0.7362500000000001,0.98,0.0,0.0,2,512
memoryless,268,last_contact,6,0.34625,0.2,0.5850000000000002,0.09934407704101564,17,512
memoryless,268,ema,2,0.9312500000000001,0.7849999999999999,0.0,0.10027836512606496,9,512
memoryless,268,failure_age,7,0.2,0.2,0.7312500000000002,0.09735460082658445,25,512
memoryless,268,route_history,5,0.7849999999999999,0.2,0.1462500000000002,0.09283350430856349,36,512
memoryless,268,shuffled_history,6,0.34625,0.2,0.5850000000000002,0.09829824081043335,17,512
memoryless,268,oracle,2,0.9312500000000001,0.7849999999999999,0.0,0.0,9,512
memoryless,269,last_contact,3,0.54125,0.2,0.2925,0.052406967666015616,7,512
memoryless,269,ema,3,0.54125,0.2,0.2925,0.0517914029264035,7,512
memoryless,269,failure_age,0,0.44375000000000003,0.7849999999999999,0.38999999999999996,0.05131379887290555,12,512
memoryless,269,route_history,3,0.54125,0.2,0.2925,0.050648270918144396,7,512
memoryless,269,shuffled_history,0,0.44375000000000003,0.7849999999999999,0.38999999999999996,0.05395419535087637,12,512
memoryless,269,oracle,2,0.83375,0.5900000000000001,0.0,0.0,9,512
memoryless,270,last_contact,3,0.34625,0.2,0.5850000000000002,0.06859977528320314,2,512
memoryless,270,ema,1,0.9312500000000001,0.7849999999999999,0.0,0.06810389870648689,6,512
memoryless,270,failure_age,4,0.2,0.2,0.7312500000000002,0.06855642110852923,7,512
memoryless,270,route_history,7,0.4925,0.98,0.43875000000000014,0.06948640246670129,5,512
memoryless,270,shuffled_history,6,0.8825000000000001,0.5900000000000001,0.04875000000000007,0.06727055450732916,5,512
memoryless,270,oracle,1,0.9312500000000001,0.7849999999999999,0.0,0.0,6,512
memoryless,271,last_contact,0,0.395,0.395,0.43875,0.03850803797851563,6,512
memoryless,271,ema,1,0.5900000000000001,0.2,0.2437499999999999,0.0382130272037139,7,512
memoryless,271,failure_age,4,0.2,0.2,0.63375,0.03850538837699753,12,512
memoryless,271,route_history,0,0.395,0.395,0.43875,0.038551366287297446,6,512
memoryless,271,shuffled_history,0,0.395,0.395,0.43875,0.039508080625161514,6,512
memoryless,271,oracle,6,0.83375,0.7849999999999999,0.0,0.0,7,512
memoryless,272,last_contact,3,0.6875,0.2,0.24375000000000013,0.061713685439453145,10,512
memoryless,272,ema,5,0.7362500000000001,0.7849999999999999,0.19500000000000006,0.06154364951378465,1,512
memoryless,272,failure_age,5,0.7362500000000001,0.7849999999999999,0.19500000000000006,0.06115927732888363,1,512
memoryless,272,route_history,4,0.24875000000000003,0.2,0.6825000000000001,0.060579335840856736,23,512
memoryless,272,shuffled_history,6,0.9312500000000001,0.7849999999999999,0.0,0.06342932973089582,4,512
memoryless,272,oracle,6,0.9312500000000001,0.7849999999999999,0.0,0.0,4,512
memoryless,273,last_contact,2,0.4925,0.2,0.43875000000000014,0.05181282704101564,1,512
memoryless,273,ema,7,0.7362500000000001,0.395,0.19500000000000006,0.05251268953832344,7,512
memoryless,273,failure_age,3,0.2975,0.2,0.6337500000000001,0.051369256686052196,16,512
memoryless,273,route_history,3,0.2975,0.2,0.6337500000000001,0.051068703391473375,16,512
memoryless,273,shuffled_history,3,0.2975,0.2,0.6337500000000001,0.055847109892740145,16,512
memoryless,273,oracle,0,0.9312500000000001,0.7849999999999999,0.0,0.0,1,512
memoryless,274,last_contact,0,0.2975,0.2,0.6825,0.07788223231445313,4,512
memoryless,274,ema,5,0.395,0.5900000000000001,0.585,0.07894686994881067,1,512
memoryless,274,failure_age,1,0.98,0.98,0.0,0.07874746423180753,22,512
memoryless,274,route_history,6,0.7362500000000001,0.395,0.2437499999999999,0.077645513862897,2,512
memoryless,274,shuffled_history,7,0.7849999999999999,0.7849999999999999,0.19500000000000006,0.08093385040918394,24,512
memoryless,274,oracle,1,0.98,0.98,0.0,0.0,22,512
memoryless,275,last_contact,5,0.2,0.2,0.6825000000000001,0.07418073622070315,9,512
memoryless,275,ema,7,0.2,0.2,0.6825000000000001,0.07454603658435718,9,512
memoryless,275,failure_age,5,0.2,0.2,0.6825000000000001,0.07593110949573297,9,512
memoryless,275,route_history,7,0.2,0.2,0.6825000000000001,0.07220710254009677,9,512
memoryless,275,shuffled_history,6,0.8825000000000001,0.5900000000000001,0.0,0.07342944457286264,14,512
memoryless,275,oracle,1,0.8825000000000001,0.5900000000000001,0.0,0.0,18,512
memoryless,276,last_contact,4,0.9312500000000001,0.7849999999999999,0.0,0.05942970985351563,3,512
memoryless,276,ema,7,0.7849999999999999,0.2,0.1462500000000002,0.05978362072275878,5,512
memoryless,276,failure_age,2,0.7849999999999999,0.2,0.1462500000000002,0.05779243370096532,16,512
memoryless,276,route_history,1,0.63875,0.2,0.2925000000000001,0.061642698545955436,4,512
memoryless,276,shuffled_history,6,0.4925,0.2,0.43875000000000014,0.0577667351392865,3,512
memoryless,276,oracle,4,0.9312500000000001,0.7849999999999999,0.0,0.0,3,512
memoryless,277,last_contact,2,0.7849999999999999,0.7849999999999999,0.0,0.05181282704101563,17,512
memoryless,277,ema,0,0.34625,0.2,0.4387499999999999,0.05194237238574537,3,512
memoryless,277,failure_age,4,0.2975,0.2,0.48749999999999993,0.05387906276145345,25,512
memoryless,277,route_history,5,0.2,0.2,0.585,0.05799776706903673,6,512
memoryless,277,shuffled_history,3,0.2,0.2,0.585,0.05604082295266504,12,512
memoryless,277,oracle,2,0.7849999999999999,0.7849999999999999,0.0,0.0,17,512
memoryless,278,last_contact,6,0.2975,0.2,0.195,0.02251476258789063,3,512
memoryless,278,ema,3,0.4925,0.2,0.0,0.022028231973000197,8,512
memoryless,278,failure_age,7,0.34625,0.2,0.14625,0.0225295341171989,12,512
memoryless,278,route_history,6,0.2975,0.2,0.195,0.02379760248166788,3,512
memoryless,278,shuffled_history,7,0.34625,0.2,0.14625,0.02457275266955395,12,512
memoryless,278,oracle,3,0.4925,0.2,0.0,0.0,8,512
memoryless,279,last_contact,6,0.83375,0.98,0.09750000000000014,0.08028305555664064,9,512
memoryless,279,ema,5,0.9312500000000001,0.7849999999999999,0.0,0.07964529032529058,5,512
memoryless,279,failure_age,2,0.9312500000000001,0.7849999999999999,0.0,0.0795017203276106,12,512
memoryless,279,route_history,4,0.44375000000000003,0.2,0.4875000000000001,0.08266377531298809,24,512
memoryless,279,shuffled_history,5,0.9312500000000001,0.7849999999999999,0.0,0.0798609966649266,5,512
memoryless,279,oracle,5,0.9312500000000001,0.7849999999999999,0.0,0.0,5,512
memoryless,280,last_contact,1,0.44375000000000003,0.2,0.3412499999999999,0.04756125575195312,3,512
memoryless,280,ema,4,0.54125,0.2,0.2437499999999999,0.047064256341838834,6,512
memoryless,280,failure_age,2,0.2,0.2,0.585,0.04698812046798766,32,512
memoryless,280,route_history,5,0.63875,0.7849999999999999,0.14624999999999988,0.04497250480556168,15,512
memoryless,280,shuffled_history,3,0.7849999999999999,0.7849999999999999,0.0,0.04449636909696543,3,512
memoryless,280,oracle,3,0.7849999999999999,0.7849999999999999,0.0,0.0,3,512
memoryless,281,last_contact,1,0.44375000000000003,0.2,0.29250000000000004,0.03048218836914063,2,512
memoryless,281,ema,3,0.4925,0.2,0.24375000000000008,0.030441914654228606,1,512
memoryless,281,failure_age,3,0.4925,0.2,0.24375000000000008,0.029217053602398988,1,512
memoryless,281,route_history,2,0.4925,0.2,0.24375000000000008,0.026051069800309183,4,512
memoryless,281,shuffled_history,2,0.4925,0.2,0.24375000000000008,0.030339819455125146,4,512
memoryless,281,oracle,4,0.7362500000000001,0.2,0.0,0.0,17,512
memoryless,282,last_contact,5,0.395,0.395,0.48750000000000004,0.04204862098632813,21,512
memoryless,282,ema,7,0.54125,0.2,0.34125000000000005,0.04169872762170026,8,512
memoryless,282,failure_age,1,0.8825000000000001,0.5900000000000001,0.0,0.04044962822464855,22,512
memoryless,282,route_history,5,0.395,0.395,0.48750000000000004,0.0422486570750531,21,512
memoryless,282,shuffled_history,4,0.83375,0.395,0.04875000000000007,0.04077801796566994,17,512
memoryless,282,oracle,1,0.8825000000000001,0.5900000000000001,0.0,0.0,22,512
memoryless,283,last_contact,7,0.6875,0.98,0.19500000000000006,0.06439226942382811,10,512
memoryless,283,ema,5,0.5900000000000001,0.2,0.2925,0.06420048891858658,1,512
memoryless,283,failure_age,1,0.6875,0.2,0.19500000000000006,0.06370211675248112,7,512
memoryless,283,route_history,2,0.24875000000000003,0.2,0.63375,0.07179765742406631,6,512
memoryless,283,shuffled_history,6,0.8825000000000001,0.5900000000000001,0.0,0.06056205498409579,5,512
memoryless,283,oracle,6,0.8825000000000001,0.5900000000000001,0.0,0.0,5,512
memoryless,284,last_contact,7,0.83375,0.395,0.14625,0.07840804676757812,7,512
memoryless,284,ema,7,0.83375,0.395,0.14625,0.07768447430926265,7,512
memoryless,284,failure_age,2,0.7849999999999999,0.5900000000000001,0.19500000000000006,0.07755236735419338,9,512
memoryless,284,route_history,1,0.2,0.2,0.78,0.07616890239544456,7,512
memoryless,284,shuffled_history,3,0.4925,0.2,0.4875,0.08091733755588647,8,512
memoryless,284,oracle,5,0.98,0.98,0.0,0.0,1,512
memoryless,285,last_contact,5,0.54125,0.2,0.43875,0.056833810439453125,64,512
memoryless,285,ema,4,0.6875,0.2,0.2925,0.056493039536727525,7,512
memoryless,285,failure_age,2,0.34625,0.7849999999999999,0.63375,0.05653049515529382,22,512
memoryless,285,route_history,6,0.98,0.98,0.0,0.055411435295997416,6,512
memoryless,285,shuffled_history,1,0.2,0.2,0.78,0.05651405000908816,27,512
memoryless,285,oracle,6,0.98,0.98,0.0,0.0,6,512
memoryless,286,last_contact,4,0.7849999999999999,0.395,0.19500000000000006,0.07111299012695312,4,512
memoryless,286,ema,2,0.7362500000000001,0.2,0.2437499999999999,0.07160313759864499,8,512
memoryless,286,failure_age,1,0.4925,0.5900000000000001,0.4875,0.07299372935462514,25,512
memoryless,286,route_history,7,0.54125,0.2,0.43875,0.0718472877852336,32,512
memoryless,286,shuffled_history,0,0.6875,0.2,0.2925,0.07111131734789092,5,512
memoryless,286,oracle,6,0.98,0.98,0.0,0.0,2,512
memoryless,287,last_contact,1,0.63875,0.2,0.2925000000000001,0.060559567275390636,1,512
memoryless,287,ema,5,0.2,0.2,0.7312500000000002,0.06199719836356703,8,512
memoryless,287,failure_age,7,0.63875,0.98,0.2925000000000001,0.061157297654752106,13,512
memoryless,287,route_history,7,0.63875,0.98,0.2925000000000001,0.060414437865818175,13,512
memoryless,287,shuffled_history,2,0.9312500000000001,0.7849999999999999,0.0,0.06318538653233674,5,512
memoryless,287,oracle,2,0.9312500000000001,0.7849999999999999,0.0,0.0,5,512
memoryless,288,last_contact,3,0.34625,0.2,0.5362500000000001,0.07944531727539064,1,512
memoryless,288,ema,7,0.34625,0.2,0.5362500000000001,0.07968148550369736,8,512
memoryless,288,failure_age,4,0.8825000000000001,0.98,0.0,0.07900659886034721,14,512
memoryless,288,route_history,4,0.8825000000000001,0.98,0.0,0.07649405294228093,14,512
memoryless,288,shuffled_history,6,0.83375,0.395,0.04875000000000007,0.07502733490521421,17,512
memoryless,288,oracle,1,0.8825000000000001,0.7849999999999999,0.0,0.0,6,512
memoryless,289,last_contact,3,0.8825000000000001,0.5900000000000001,0.0,0.05383884657226563,24,512
memoryless,289,ema,4,0.5900000000000001,0.2,0.2925,0.05442688733997998,3,512
memoryless,289,failure_age,6,0.54125,0.2,0.34125000000000005,0.05376780416447695,1,512
memoryless,289,route_history,1,0.2,0.2,0.6825000000000001,0.05974606139675918,3,512
memoryless,289,shuffled_history,1,0.2,0.2,0.6825000000000001,0.059780723356507845,3,512
memoryless,289,oracle,3,0.8825000000000001,0.5900000000000001,0.0,0.0,24,512
memoryless,290,last_contact,3,0.7849999999999999,0.98,0.0,0.055820800673828115,11,512
memoryless,290,ema,6,0.24875000000000003,0.2,0.5362499999999999,0.055808856382823735,9,512
memoryless,290,failure_age,6,0.24875000000000003,0.2,0.5362499999999999,0.05439688834647034,9,512
memoryless,290,route_history,1,0.34625,0.2,0.4387499999999999,0.05562756164708413,21,512
memoryless,290,shuffled_history,1,0.34625,0.2,0.4387499999999999,0.05241268280507462,21,512
memoryless,290,oracle,3,0.7849999999999999,0.98,0.0,0.0,11,512
memoryless,291,last_contact,4,0.44375000000000003,0.5900000000000001,0.38999999999999996,0.07031387098632813,32,512
memoryless,291,ema,0,0.2,0.2,0.63375,0.07067527652815134,8,512
memoryless,291,failure_age,4,0.44375000000000003,0.5900000000000001,0.38999999999999996,0.07226214677489068,32,512
memoryless,291,route_history,5,0.83375,0.98,0.0,0.0686171754568142,21,512
memoryless,291,shuffled_history,3,0.2975,0.2,0.53625,0.07379648596158842,1,512
memoryless,291,oracle,5,0.83375,0.98,0.0,0.0,21,512
memoryless,292,last_contact,4,0.2,0.2,0.5362500000000001,0.049041656142578126,39,512
memoryless,292,ema,3,0.2,0.2,0.5362500000000001,0.04845305437815719,4,512
memoryless,292,failure_age,4,0.2,0.2,0.5362500000000001,0.04845156710094528,39,512
memoryless,292,route_history,6,0.4925,0.2,0.24375000000000008,0.04641902659755596,26,512
memoryless,292,shuffled_history,2,0.24875000000000003,0.2,0.48750000000000004,0.05001747171916057,5,512
memoryless,292,oracle,5,0.7362500000000001,0.2,0.0,0.0,23,512
memoryless,293,last_contact,4,0.7362500000000001,0.2,0.2437499999999999,0.06378822645507813,18,512
memoryless,293,ema,1,0.5900000000000001,0.2,0.3899999999999999,0.06322829368432989,6,512
memoryless,293,failure_age,0,0.5900000000000001,0.2,0.3899999999999999,0.06413398211164865,8,512
memoryless,293,route_history,1,0.5900000000000001,0.2,0.3899999999999999,0.06412599074070167,6,512
memoryless,293,shuffled_history,1,0.5900000000000001,0.2,0.3899999999999999,0.06315157517944492,6,512
memoryless,293,oracle,7,0.98,0.98,0.0,0.0,10,512
memoryless,294,last_contact,7,0.395,0.2,0.3899999999999999,0.03841545106445312,4,512
memoryless,294,ema,6,0.6875,0.2,0.09749999999999992,0.038539061200051364,6,512
memoryless,294,failure_age,1,0.7849999999999999,0.2,0.0,0.03820800273485976,16,512
memoryless,294,route_history,1,0.7849999999999999,0.2,0.0,0.03821213563228207,16,512
memoryless,294,shuffled_history,3,0.2,0.2,0.585,0.038569343279505924,8,512
memoryless,294,oracle,1,0.7849999999999999,0.2,0.0,0.0,16,512
memoryless,295,last_contact,7,0.63875,0.395,0.0,0.030691622939453135,11,512
memoryless,295,ema,1,0.2,0.2,0.43875000000000003,0.03099162024251257,8,512
memoryless,295,failure_age,2,0.54125,0.395,0.09750000000000003,0.030034937005308775,12,512
memoryless,295,route_history,2,0.54125,0.395,0.09750000000000003,0.030574393671746712,12,512
memoryless,295,shuffled_history,4,0.63875,0.395,0.0,0.02732269201403649,10,512
memoryless,295,oracle,7,0.63875,0.395,0.0,0.0,11,512
memoryless,296,last_contact,7,0.7362500000000001,0.2,0.2437499999999999,0.06171368543945313,4,512
memoryless,296,ema,3,0.4925,0.2,0.4875,0.060728296653213214,1,512
memoryless,296,failure_age,3,0.4925,0.2,0.4875,0.061008084089305234,1,512
memoryless,296,route_history,1,0.98,0.98,0.0,0.059679027961890826,4,512
memoryless,296,shuffled_history,5,0.6875,0.2,0.2925,0.059889855016449084,23,512
memoryless,296,oracle,1,0.98,0.98,0.0,0.0,4,512
memoryless,297,last_contact,4,0.2,0.2,0.585,0.03155362196289062,8,512
memoryless,297,ema,4,0.2,0.2,0.585,0.03206707244285226,8,512
memoryless,297,failure_age,1,0.2975,0.2,0.48749999999999993,0.031736006544130696,28,512
memoryless,297,route_history,1,0.2975,0.2,0.48749999999999993,0.032099626898470845,28,512
memoryless,297,shuffled_history,4,0.2,0.2,0.585,0.03441659266729023,8,512
memoryless,297,oracle,0,0.7849999999999999,0.2,0.0,0.0,4,512
memoryless,298,last_contact,1,0.44375000000000003,0.2,0.3412499999999999,0.05050769813476562,7,512
memoryless,298,ema,1,0.44375000000000003,0.2,0.3412499999999999,0.05089175224927901,7,512
memoryless,298,failure_age,0,0.4925,0.2,0.2924999999999999,0.05206671471173675,9,512
memoryless,298,route_history,3,0.7849999999999999,0.98,0.0,0.04867171344512347,3,512
memoryless,298,shuffled_history,3,0.7849999999999999,0.98,0.0,0.04837454772723559,3,512
memoryless,298,oracle,7,0.7849999999999999,0.2,0.0,0.0,2,512
memoryless,299,last_contact,5,0.2,0.2,0.7312500000000002,0.06708521180664065,5,512
memoryless,299,ema,5,0.2,0.2,0.7312500000000002,0.06870316492187777,5,512
memoryless,299,failure_age,2,0.34625,0.2,0.5850000000000002,0.06687657718269392,7,512
memoryless,299,route_history,4,0.9312500000000001,0.98,0.0,0.06318487995341045,1,512
memoryless,299,shuffled_history,5,0.2,0.2,0.7312500000000002,0.0692412579312261,5,512
memoryless,299,oracle,4,0.9312500000000001,0.98,0.0,0.0,1,512
memoryless,300,last_contact,3,0.2,0.2,0.6825000000000001,0.04934367762695313,5,512
memoryless,300,ema,6,0.2,0.2,0.6825000000000001,0.049724811302820325,8,512
memoryless,300,failure_age,7,0.395,0.2,0.48750000000000004,0.05055611101293911,13,512
memoryless,300,route_history,7,0.395,0.2,0.48750000000000004,0.0478586204496005,13,512
memoryless,300,shuffled_history,7,0.395,0.2,0.48750000000000004,0.04671161958108451,13,512
memoryless,300,oracle,4,0.8825000000000001,0.5900000000000001,0.0,0.0,2,512
memoryless,301,last_contact,6,0.34625,0.395,0.4875,0.043913727431640626,17,512
memoryless,301,ema,5,0.6875,0.98,0.14625,0.04351467542152995,3,512
memoryless,301,failure_age,7,0.4925,0.5900000000000001,0.34125,0.044169641448896985,12,512
memoryless,301,route_history,2,0.7362500000000001,0.2,0.09749999999999992,0.045772921411177,4,512
memoryless,301,shuffled_history,6,0.34625,0.395,0.4875,0.04541348300742738,17,512
memoryless,301,oracle,3,0.83375,0.395,0.0,0.0,6,512
memoryless,302,last_contact,6,0.2,0.2,0.34125,0.05284019520507813,12,512
memoryless,302,ema,4,0.24875000000000003,0.2,0.2925,0.05212856829965655,6,512
memoryless,302,failure_age,1,0.54125,0.2,0.0,0.05235668363781369,28,512
memoryless,302,route_history,5,0.54125,0.5900000000000001,0.0,0.04977997373378422,23,512
memoryless,302,shuffled_history,5,0.54125,0.5900000000000001,0.0,0.04860852609983298,23,512
memoryless,302,oracle,1,0.54125,0.2,0.0,0.0,28,512
memoryless,303,last_contact,5,0.395,0.98,0.48750000000000004,0.04008102528320312,6,512
memoryless,303,ema,0,0.44375000000000003,0.2,0.43875000000000003,0.039659215382063684,8,512
memoryless,303,failure_age,7,0.8825000000000001,0.5900000000000001,0.0,0.03973983041812125,9,512
memoryless,303,route_history,5,0.395,0.98,0.48750000000000004,0.0389125852890483,6,512
memoryless,303,shuffled_history,1,0.34625,0.395,0.5362500000000001,0.0438741682481744,3,512
memoryless,303,oracle,7,0.8825000000000001,0.5900000000000001,0.0,0.0,9,512
memoryless,304,last_contact,7,0.2,0.2,0.7312500000000002,0.06524436610351564,12,512
memoryless,304,ema,1,0.44375000000000003,0.2,0.4875000000000001,0.06538117727746647,8,512
memoryless,304,failure_age,2,0.2,0.2,0.7312500000000002,0.06649736704868069,25,512
memoryless,304,route_history,7,0.2,0.2,0.7312500000000002,0.06808660036215194,12,512
memoryless,304,shuffled_history,5,0.9312500000000001,0.7849999999999999,0.0,0.06404146553160153,27,512
memoryless,304,oracle,5,0.9312500000000001,0.7849999999999999,0.0,0.0,27,512
memoryless,305,last_contact,0,0.44375000000000003,0.2,0.29250000000000004,0.05314221668945313,22,512
memoryless,305,ema,2,0.7362500000000001,0.98,0.0,0.05233769920069095,6,512
memoryless,305,failure_age,0,0.44375000000000003,0.2,0.29250000000000004,0.05264865460907603,22,512
memoryless,305,route_history,5,0.34625,0.2,0.39000000000000007,0.053521501947832714,1,512
memoryless,305,shuffled_history,2,0.7362500000000001,0.98,0.0,0.05014183105829599,6,512
memoryless,305,oracle,2,0.7362500000000001,0.98,0.0,0.0,6,512
memoryless,306,last_contact,7,0.2,0.2,0.78,0.10374665907226562,16,512
memoryless,306,ema,3,0.98,0.98,0.0,0.1035087302670374,1,512
memoryless,306,failure_age,7,0.2,0.2,0.78,0.10462154633019047,16,512
memoryless,306,route_history,1,0.2,0.2,0.78,0.10566771014543506,13,512
memoryless,306,shuffled_history,1,0.2,0.2,0.78,0.10380776514660248,13,512
memoryless,306,oracle,3,0.98,0.98,0.0,0.0,1,512
memoryless,307,last_contact,2,0.6875,0.395,0.09749999999999992,0.05486621473632812,10,512
memoryless,307,ema,2,0.6875,0.395,0.09749999999999992,0.055738380181653946,10,512
memoryless,307,failure_age,1,0.24875000000000003,0.2,0.5362499999999999,0.055932639494109815,22,512
memoryless,307,route_history,1,0.24875000000000003,0.2,0.5362499999999999,0.05514404510349413,22,512
memoryless,307,shuffled_history,1,0.24875000000000003,0.2,0.5362499999999999,0.05378413777594222,22,512
memoryless,307,oracle,4,0.7849999999999999,0.5900000000000001,0.0,0.0,4,512
memoryless,308,last_contact,6,0.395,0.2,0.48750000000000004,0.04210704481445314,5,512
memoryless,308,ema,0,0.44375000000000003,0.2,0.43875000000000003,0.04203018975988197,7,512
memoryless,308,failure_age,4,0.8825000000000001,0.5900000000000001,0.0,0.040966514012760635,22,512
memoryless,308,route_history,7,0.54125,0.2,0.34125000000000005,0.041798182665685635,8,512
memoryless,308,shuffled_history,4,0.8825000000000001,0.5900000000000001,0.0,0.04336526880481993,22,512
memoryless,308,oracle,4,0.8825000000000001,0.5900000000000001,0.0,0.0,22,512
memoryless,309,last_contact,1,0.8825000000000001,0.98,0.0,0.04857426551757813,4,512
memoryless,309,ema,5,0.2,0.2,0.6825000000000001,0.04934631089902482,4,512
memoryless,309,failure_age,3,0.2,0.2,0.6825000000000001,0.04929724737294941,35,512
memoryless,309,route_history,6,0.44375000000000003,0.2,0.43875000000000003,0.04852968275084717,1,512
memoryless,309,shuffled_history,0,0.2975,0.2,0.5850000000000001,0.049697911280202164,13,512
memoryless,309,oracle,1,0.8825000000000001,0.98,0.0,0.0,4,512
memoryless,310,last_contact,4,0.5900000000000001,0.2,0.09749999999999992,0.018365680556640628,1,512
memoryless,310,ema,0,0.34625,0.395,0.34125,0.01861999019787336,8,512
memoryless,310,failure_age,4,0.5900000000000001,0.2,0.09749999999999992,0.018549573824075467,1,512
memoryless,310,route_history,4,0.5900000000000001,0.2,0.09749999999999992,0.02015551651542213,1,512
memoryless,310,shuffled_history,4,0.5900000000000001,0.2,0.09749999999999992,0.017454939605087576,1,512
memoryless,310,oracle,7,0.6875,0.2,0.0,0.0,2,512
memoryless,311,last_contact,7,0.8825000000000001,0.5900000000000001,0.0,0.05472510633789064,18,512
memoryless,311,ema,2,0.2,0.2,0.6825000000000001,0.05419685649967981,10,512
memoryless,311,failure_age,4,0.54125,0.7849999999999999,0.34125000000000005,0.05601224338818868,7,512
memoryless,311,route_history,5,0.34625,0.395,0.5362500000000001,0.05706397747568032,3,512
memoryless,311,shuffled_history,5,0.34625,0.395,0.5362500000000001,0.0557280940138203,3,512
memoryless,311,oracle,7,0.8825000000000001,0.5900000000000001,0.0,0.0,18,512
memoryless,312,last_contact,1,0.54125,0.2,0.3900000000000001,0.06937908973632814,42,512
memoryless,312,ema,1,0.54125,0.2,0.3900000000000001,0.06899031083204109,42,512
memoryless,312,failure_age,1,0.54125,0.2,0.3900000000000001,0.06903398809391773,42,512
memoryless,312,route_history,0,0.7849999999999999,0.98,0.1462500000000002,0.06915461693495782,5,512
memoryless,312,shuffled_history,6,0.8825000000000001,0.5900000000000001,0.04875000000000007,0.0665597852489966,1,512
memoryless,312,oracle,2,0.9312500000000001,0.98,0.0,0.0,21,512
memoryless,313,last_contact,7,0.2975,0.2,0.48749999999999993,0.03651618153320312,21,512
memoryless,313,ema,6,0.5900000000000001,0.2,0.19499999999999984,0.03711468653525101,8,512
memoryless,313,failure_age,4,0.63875,0.5900000000000001,0.14624999999999988,0.03687662716004267,7,512
memoryless,313,route_history,4,0.63875,0.5900000000000001,0.14624999999999988,0.03496313300670928,7,512
memoryless,313,shuffled_history,4,0.63875,0.5900000000000001,0.14624999999999988,0.03706213829516383,7,512
memoryless,313,oracle,5,0.7849999999999999,0.2,0.0,0.0,5,512
memoryless,314,last_contact,0,0.63875,0.2,0.19499999999999995,0.04931941688476563,1,512
memoryless,314,ema,5,0.2,0.2,0.63375,0.049115627039653116,8,512
memoryless,314,failure_age,1,0.4925,0.395,0.34125,0.04869108375255769,20,512
memoryless,314,route_history,7,0.2975,0.2,0.53625,0.04803661092480862,1,512
memoryless,314,shuffled_history,3,0.83375,0.395,0.0,0.04791874259974056,16,512
memoryless,314,oracle,3,0.83375,0.395,0.0,0.0,16,512
memoryless,315,last_contact,5,0.54125,0.2,0.2925,0.04299330458007813,4,512
memoryless,315,ema,2,0.54125,0.2,0.2925,0.0420351492520081,7,512
memoryless,315,failure_age,6,0.7362500000000001,0.395,0.09749999999999992,0.0420564520439462,16,512
memoryless,315,route_history,6,0.7362500000000001,0.395,0.09749999999999992,0.040264472412979015,16,512
memoryless,315,shuffled_history,5,0.54125,0.2,0.2925,0.04588323326862329,4,512
memoryless,315,oracle,4,0.83375,0.395,0.0,0.0,4,512
memoryless,316,last_contact,1,0.2,0.2,0.4875,0.027662495986328126,1,512
memoryless,316,ema,0,0.44375000000000003,0.2,0.24374999999999997,0.027016784351735063,6,512
memoryless,316,failure_age,5,0.6875,0.2,0.0,0.02812985861413745,16,512
memoryless,316,route_history,7,0.24875000000000003,0.2,0.43875,0.03080351488312091,3,512
memoryless,316,shuffled_history,5,0.6875,0.2,0.0,0.026641996282621587,16,512
memoryless,316,oracle,5,0.6875,0.2,0.0,0.0,16,512
memoryless,317,last_contact,6,0.6875,0.2,0.24375000000000013,0.07183833680664063,21,512
memoryless,317,ema,4,0.2,0.2,0.7312500000000002,0.07199834165464107,6,512
memoryless,317,failure_age,5,0.9312500000000001,0.7849999999999999,0.0,0.07085174908412843,9,512
memoryless,317,route_history,3,0.2,0.2,0.7312500000000002,0.07576259641463093,7,512
memoryless,317,shuffled_history,4,0.2,0.2,0.7312500000000002,0.07541443728395841,6,512
memoryless,317,oracle,5,0.9312500000000001,0.7849999999999999,0.0,0.0,9,512
memoryless,318,last_contact,4,0.2,0.2,0.7312500000000002,0.07224730360351564,6,512
memoryless,318,ema,4,0.2,0.2,0.7312500000000002,0.07221605250355266,6,512
memoryless,318,failure_age,1,0.2,0.2,0.7312500000000002,0.07078681278689758,9,512
memoryless,318,route_history,1,0.2,0.2,0.7312500000000002,0.07043751350102767,9,512
memoryless,318,shuffled_history,0,0.63875,0.2,0.2925000000000001,0.06883302981749662,3,512
memoryless,318,oracle,5,0.9312500000000001,0.7849999999999999,0.0,0.0,43,512
memoryless,319,last_contact,1,0.24875000000000003,0.2,0.6825000000000001,0.10244153016601565,5,512
memoryless,319,ema,6,0.8825000000000001,0.5900000000000001,0.04875000000000007,0.10167047969597626,7,512
memoryless,319,failure_age,0,0.8825000000000001,0.5900000000000001,0.04875000000000007,0.10444382887237744,45,512
memoryless,319,route_history,7,0.2,0.2,0.7312500000000002,0.10868891669503872,41,512
memoryless,319,shuffled_history,6,0.8825000000000001,0.5900000000000001,0.04875000000000007,0.1059481830132,7,512
memoryless,319,oracle,2,0.9312500000000001,0.7849999999999999,0.0,0.0,19,512
memoryless,320,last_contact,6,0.54125,0.2,0.3900000000000001,0.07767279774414065,2,512
memoryless,320,ema,3,0.7849999999999999,0.5900000000000001,0.1462500000000002,0.07760011209333911,4,512
memoryless,320,failure_age,2,0.4925,0.7849999999999999,0.43875000000000014,0.07900289423383616,25,512
memoryless,320,route_history,2,0.4925,0.7849999999999999,0.43875000000000014,0.07970640618505923,25,512
memoryless,320,shuffled_history,2,0.4925,0.7849999999999999,0.43875000000000014,0.07961487787299572,25,512
memoryless,320,oracle,5,0.9312500000000001,0.7849999999999999,0.0,0.0,29,512
memoryless,321,last_contact,6,0.2,0.2,0.63375,0.06080762098632812,13,512
memoryless,321,ema,3,0.83375,0.7849999999999999,0.0,0.06010554885649554,1,512
memoryless,321,failure_age,4,0.5900000000000001,0.2,0.2437499999999999,0.060546855657182506,20,512
memoryless,321,route_history,4,0.5900000000000001,0.2,0.2437499999999999,0.06140230422393277,20,512
memoryless,321,shuffled_history,6,0.2,0.2,0.63375,0.06027054670185475,13,512
memoryless,321,oracle,3,0.83375,0.7849999999999999,0.0,0.0,1,512
memoryless,322,last_contact,7,0.24875000000000003,0.2,0.48750000000000004,0.03119317665039063,6,512
memoryless,322,ema,7,0.24875000000000003,0.2,0.48750000000000004,0.030913685097097424,6,512
memoryless,322,failure_age,5,0.7362500000000001,0.395,0.0,0.03052187405183217,28,512
memoryless,322,route_history,0,0.395,0.2,0.34125000000000005,0.027817443913056378,1,512
memoryless,322,shuffled_history,7,0.24875000000000003,0.2,0.48750000000000004,0.031665471210085123,6,512
memoryless,322,oracle,5,0.7362500000000001,0.395,0.0,0.0,28,512
memoryless,323,last_contact,6,0.6875,0.2,0.04875000000000007,0.05097508875976563,10,512
memoryless,323,ema,6,0.6875,0.2,0.04875000000000007,0.05032282161226805,10,512
memoryless,323,failure_age,2,0.44375000000000003,0.2,0.29250000000000004,0.05098209073942104,9,512
memoryless,323,route_history,2,0.44375000000000003,0.2,0.29250000000000004,0.04775478085044913,9,512
memoryless,323,shuffled_history,5,0.395,0.395,0.34125000000000005,0.05547513583953942,3,512
memoryless,323,oracle,7,0.7362500000000001,0.5900000000000001,0.0,0.0,5,512
memoryless,324,last_contact,4,0.63875,0.7849999999999999,0.2925000000000001,0.06272669520507815,13,512
memoryless,324,ema,1,0.4925,0.2,0.43875000000000014,0.06229374191655863,1,512
memoryless,324,failure_age,4,0.63875,0.7849999999999999,0.2925000000000001,0.06159552225444879,13,512
memoryless,324,route_history,4,0.63875,0.7849999999999999,0.2925000000000001,0.06127169197355475,13,512
memoryless,324,shuffled_history,0,0.9312500000000001,0.98,0.0,0.06203914687448402,1,512
memoryless,324,oracle,0,0.9312500000000001,0.98,0.0,0.0,1,512
memoryless,325,last_contact,4,0.395,0.2,0.43875,0.049563014541015624,7,512
memoryless,325,ema,4,0.395,0.2,0.43875,0.05056375133174115,7,512
memoryless,325,failure_age,4,0.395,0.2,0.43875,0.05009736112376001,7,512
memoryless,325,route_history,4,0.395,0.2,0.43875,0.04968562824462299,7,512
memoryless,325,shuffled_history,6,0.5900000000000001,0.395,0.2437499999999999,0.04843443257996957,14,512
memoryless,325,oracle,1,0.83375,0.395,0.0,0.0,7,512
memoryless,326,last_contact,2,0.2,0.2,0.7312500000000002,0.04979670985351564,4,512
memoryless,326,ema,0,0.4925,0.2,0.43875000000000014,0.04969447869670192,5,512
memoryless,326,failure_age,7,0.63875,0.98,0.2925000000000001,0.04924715475514298,14,512
memoryless,326,route_history,6,0.9312500000000001,0.7849999999999999,0.0,0.046095804896998424,21,512
memoryless,326,shuffled_history,0,0.4925,0.2,0.43875000000000014,0.04965063995630343,5,512
memoryless,326,oracle,6,0.9312500000000001,0.7849999999999999,0.0,0.0,21,512
memoryless,327,last_contact,7,0.34625,0.7849999999999999,0.048750000000000016,0.05782701551757813,9,512
memoryless,327,ema,2,0.34625,0.2,0.048750000000000016,0.058524856318676016,7,512
memoryless,327,failure_age,7,0.34625,0.7849999999999999,0.048750000000000016,0.0585015743679804,9,512
memoryless,327,route_history,4,0.2,0.2,0.195,0.057396231002309984,8,512
memoryless,327,shuffled_history,7,0.34625,0.7849999999999999,0.048750000000000016,0.05602291704177786,9,512
memoryless,327,oracle,0,0.395,0.2,0.0,0.0,1,512
memoryless,328,last_contact,7,0.54125,0.2,0.2925,0.04450786805664063,27,512
memoryless,328,ema,3,0.2,0.2,0.63375,0.04511335314169418,6,512
memoryless,328,failure_age,6,0.44375000000000003,0.2,0.38999999999999996,0.0441164136480828,7,512
memoryless,328,route_history,6,0.44375000000000003,0.2,0.38999999999999996,0.04494509498047751,7,512
memoryless,328,shuffled_history,1,0.54125,0.98,0.2925,0.04462330695400028,1,512
memoryless,328,oracle,5,0.83375,0.5900000000000001,0.0,0.0,3,512
memoryless,329,last_contact,7,0.34625,0.2,0.34125,0.026975768447265625,4,512
memoryless,329,ema,4,0.24875000000000003,0.2,0.43875,0.027211563464178717,6,512
memoryless,329,failure_age,6,0.2,0.2,0.4875,0.027816626994322576,28,512
memoryless,329,route_history,6,0.2,0.2,0.4875,0.027880962447004116,28,512
memoryless,329,shuffled_history,2,0.54125,0.2,0.14625,0.026345435154733837,5,512
memoryless,329,oracle,0,0.6875,0.2,0.0,0.0,6,512
memoryless,330,last_contact,4,0.4925,0.2,0.34125,0.06022338270507811,2,512
memoryless,330,ema,0,0.7849999999999999,0.5900000000000001,0.04875000000000007,0.05994054086605377,3,512
memoryless,330,failure_age,6,0.7849999999999999,0.2,0.04875000000000007,0.06005332440234925,12,512
memoryless,330,route_history,2,0.2,0.2,0.63375,0.06030163914626108,21,512
memoryless,330,shuffled_history,0,0.7849999999999999,0.5900000000000001,0.04875000000000007,0.06147661512839732,3,512
memoryless,330,oracle,1,0.83375,0.98,0.0,0.0,3,512
memoryless,331,last_contact,2,0.7362500000000001,0.2,0.0,0.03835702723632813,1,512
memoryless,331,ema,6,0.6875,0.2,0.04875000000000007,0.03855475031172598,7,512
memoryless,331,failure_age,1,0.24875000000000003,0.2,0.48750000000000004,0.037294736806668005,16,512
memoryless,331,route_history,1,0.24875000000000003,0.2,0.48750000000000004,0.0408836186914396,16,512
memoryless,331,shuffled_history,1,0.24875000000000003,0.2,0.48750000000000004,0.03695332630333267,16,512
memoryless,331,oracle,2,0.7362500000000001,0.2,0.0,0.0,1,512
memoryless,332,last_contact,6,0.63875,0.2,0.2925000000000001,0.04971402528320315,5,512
memoryless,332,ema,2,0.4925,0.7849999999999999,0.43875000000000014,0.04942721124610235,8,512
memoryless,332,failure_age,0,0.34625,0.2,0.5850000000000002,0.05106977869165952,9,512
memoryless,332,route_history,0,0.34625,0.2,0.5850000000000002,0.05295997560852633,9,512
memoryless,332,shuffled_history,4,0.44375000000000003,0.2,0.4875000000000001,0.05158143139080854,24,512
memoryless,332,oracle,5,0.9312500000000001,0.7849999999999999,0.0,0.0,11,512
memoryless,333,last_contact,2,0.2,0.2,0.585,0.03948688465820312,17,512
memoryless,333,ema,7,0.6875,0.7849999999999999,0.09749999999999992,0.03897796607612455,2,512
memoryless,333,failure_age,1,0.63875,0.5900000000000001,0.14624999999999988,0.04015206357436961,22,512
memoryless,333,route_history,0,0.34625,0.7849999999999999,0.4387499999999999,0.03744059766663424,17,512
memoryless,333,shuffled_history,6,0.24875000000000003,0.2,0.5362499999999999,0.03948193081659715,5,512
memoryless,333,oracle,5,0.7849999999999999,0.395,0.0,0.0,1,512
memoryless,334,last_contact,5,0.6875,0.2,0.0,0.023201490126953123,6,512
memoryless,334,ema,5,0.6875,0.2,0.0,0.02311799098332057,6,512
memoryless,334,failure_age,0,0.34625,0.2,0.34125,0.023296136478489056,16,512
memoryless,334,route_history,5,0.6875,0.2,0.0,0.022295321989289213,6,512
memoryless,334,shuffled_history,1,0.24875000000000003,0.2,0.43875,0.02626422328464868,3,512
memoryless,334,oracle,5,0.6875,0.2,0.0,0.0,6,512
memoryless,335,last_contact,7,0.4925,0.2,0.2924999999999999,0.03699347450195312,12,512
memoryless,335,ema,4,0.7849999999999999,0.7849999999999999,0.0,0.036162060659471626,6,512
memoryless,335,failure_age,7,0.4925,0.2,0.2924999999999999,0.03587617044340391,12,512
memoryless,335,route_history,0,0.63875,0.2,0.14624999999999988,0.03594590848430297,6,512
memoryless,335,shuffled_history,6,0.24875000000000003,0.2,0.5362499999999999,0.037541126911992406,5,512
memoryless,335,oracle,4,0.7849999999999999,0.7849999999999999,0.0,0.0,6,512
memoryless,336,last_contact,5,0.54125,0.2,0.34125000000000005,0.058650395400390624,1,512
memoryless,336,ema,4,0.2975,0.2,0.5850000000000001,0.05868655269132731,7,512
memoryless,336,failure_age,1,0.24875000000000003,0.2,0.63375,0.06132717047329411,25,512
memoryless,336,route_history,1,0.24875000000000003,0.2,0.63375,0.06271715268292774,25,512
memoryless,336,shuffled_history,5,0.54125,0.2,0.34125000000000005,0.05791973764762124,1,512
memoryless,336,oracle,6,0.8825000000000001,0.5900000000000001,0.0,0.0,18,512
memoryless,337,last_contact,4,0.44375000000000003,0.98,0.43875000000000003,0.06353027040039064,5,512
memoryless,337,ema,4,0.44375000000000003,0.98,0.43875000000000003,0.06279887817228968,5,512
memoryless,337,failure_age,6,0.8825000000000001,0.5900000000000001,0.0,0.06320824561055148,12,512
memoryless,337,route_history,6,0.8825000000000001,0.5900000000000001,0.0,0.06272237166101183,12,512
memoryless,337,shuffled_history,6,0.8825000000000001,0.5900000000000001,0.0,0.06024918586881848,12,512
memoryless,337,oracle,6,0.8825000000000001,0.5900000000000001,0.0,0.0,12,512
memoryless,338,last_contact,6,0.2,0.2,0.6825000000000001,0.04711812586914064,3,512
memoryless,338,ema,6,0.2,0.2,0.6825000000000001,0.04703179221081144,3,512
memoryless,338,failure_age,0,0.2,0.2,0.6825000000000001,0.0476152363312138,16,512
memoryless,338,route_history,5,0.8825000000000001,0.98,0.0,0.04582859884676944,5,512
memoryless,338,shuffled_history,3,0.4925,0.2,0.39000000000000007,0.04862341878412151,3,512
memoryless,338,oracle,5,0.8825000000000001,0.98,0.0,0.0,5,512
memoryless,339,last_contact,0,0.9312500000000001,0.7849999999999999,0.0,0.050181415908203145,8,512
memoryless,339,ema,0,0.9312500000000001,0.7849999999999999,0.0,0.049847496444278064,8,512
memoryless,339,failure_age,1,0.2,0.2,0.7312500000000002,0.050498494302369155,9,512
memoryless,339,route_history,5,0.54125,0.2,0.3900000000000001,0.05122268590654013,17,512
memoryless,339,shuffled_history,2,0.7362500000000001,0.2,0.19500000000000006,0.05090189468813564,8,512
memoryless,339,oracle,0,0.9312500000000001,0.7849999999999999,0.0,0.0,8,512
memoryless,340,last_contact,4,0.5900000000000001,0.2,0.2437499999999999,0.03891700477539063,15,512
memoryless,340,ema,7,0.2975,0.2,0.53625,0.03933421752548841,9,512
memoryless,340,failure_age,7,0.2975,0.2,0.53625,0.038858261066726615,9,512
memoryless,340,route_history,1,0.44375000000000003,0.2,0.38999999999999996,0.04028171511272686,6,512
memoryless,340,shuffled_history,2,0.2,0.2,0.63375,0.04195731313232953,8,512
memoryless,340,oracle,0,0.83375,0.395,0.0,0.0,1,512
memoryless,341,last_contact,5,0.2,0.2,0.63375,0.04065090516601563,10,512
memoryless,341,ema,1,0.4925,0.2,0.34125,0.04050684129058427,6,512
memoryless,341,failure_age,3,0.5900000000000001,0.395,0.2437499999999999,0.03964598718553723,12,512
memoryless,341,route_history,7,0.7362500000000001,0.2,0.09749999999999992,0.03847699875792814,1,512
memoryless,341,shuffled_history,3,0.5900000000000001,0.395,0.2437499999999999,0.040287836853047834,12,512
memoryless,341,oracle,6,0.83375,0.395,0.0,0.0,9,512
memoryless,342,last_contact,0,0.7362500000000001,0.2,0.14625,0.06933502430664064,6,512
memoryless,342,ema,0,0.7362500000000001,0.2,0.14625,0.06982397017104072,6,512
memoryless,342,failure_age,4,0.2,0.2,0.6825000000000001,0.07019830774509829,1,512
memoryless,342,route_history,3,0.24875000000000003,0.2,0.63375,0.07585418200633283,10,512
memoryless,342,shuffled_history,5,0.2,0.2,0.6825000000000001,0.07148372310043435,3,512
memoryless,342,oracle,2,0.8825000000000001,0.5900000000000001,0.0,0.0,2,512
memoryless,343,last_contact,1,0.5900000000000001,0.2,0.2925,0.05142812098632814,39,512
memoryless,343,ema,0,0.34625,0.2,0.5362500000000001,0.05117606306537539,9,512
memoryless,343,failure_age,4,0.34625,0.2,0.5362500000000001,0.050977801140113244,20,512
memoryless,343,route_history,4,0.34625,0.2,0.5362500000000001,0.05310304256474939,20,512
memoryless,343,shuffled_history,4,0.34625,0.2,0.5362500000000001,0.05142723271622092,20,512
memoryless,343,oracle,7,0.8825000000000001,0.98,0.0,0.0,4,512
memoryless,344,last_contact,3,0.395,0.2,0.585,0.050517600478515626,2,512
memoryless,344,ema,3,0.395,0.2,0.585,0.05004435078160018,2,512
memoryless,344,failure_age,2,0.98,0.98,0.0,0.04907850988653513,22,512
memoryless,344,route_history,4,0.4925,0.2,0.4875,0.04770474829750418,7,512
memoryless,344,shuffled_history,4,0.4925,0.2,0.4875,0.0471887314972453,7,512
memoryless,344,oracle,2,0.98,0.98,0.0,0.0,22,512
memoryless,345,last_contact,5,0.395,0.2,0.43875,0.04738598426757813,16,512
memoryless,345,ema,2,0.5900000000000001,0.2,0.2437499999999999,0.04763888288206203,7,512
memoryless,345,failure_age,5,0.395,0.2,0.43875,0.04924478490139324,16,512
memoryless,345,route_history,4,0.7362500000000001,0.2,0.09749999999999992,0.046998968150391555,3,512
memoryless,345,shuffled_history,3,0.2975,0.2,0.53625,0.05004043713636856,5,512
memoryless,345,oracle,6,0.83375,0.98,0.0,0.0,2,512
memoryless,346,last_contact,2,0.9312500000000001,0.98,0.0,0.06357879188476565,8,512
memoryless,346,ema,2,0.9312500000000001,0.98,0.0,0.06393292862630631,8,512
memoryless,346,failure_age,0,0.2,0.2,0.7312500000000002,0.06431468094505727,7,512
memoryless,346,route_history,1,0.7362500000000001,0.98,0.19500000000000006,0.06287748671688417,11,512
memoryless,346,shuffled_history,6,0.2,0.2,0.7312500000000002,0.06539822505641713,6,512
memoryless,346,oracle,2,0.9312500000000001,0.98,0.0,0.0,8,512
memoryless,347,last_contact,3,0.395,0.2,0.24375000000000002,0.010933971572265626,5,512
memoryless,347,ema,3,0.395,0.2,0.24375000000000002,0.011157322872003729,5,512
memoryless,347,failure_age,2,0.54125,0.98,0.09750000000000003,0.010627244720277148,40,512
memoryless,347,route_history,5,0.395,0.7849999999999999,0.24375000000000002,0.01103172657128329,13,512
memoryless,347,shuffled_history,5,0.395,0.7849999999999999,0.24375000000000002,0.012754865955309402,13,512
memoryless,347,oracle,7,0.63875,0.395,0.0,0.0,14,512
memoryless,348,last_contact,5,0.4925,0.2,0.2924999999999999,0.02819821278320312,11,512
memoryless,348,ema,6,0.54125,0.2,0.2437499999999999,0.027938325532501765,7,512
memoryless,348,failure_age,3,0.54125,0.2,0.2437499999999999,0.027166483380514722,36,512
memoryless,348,route_history,1,0.2975,0.2,0.48749999999999993,0.02932248107695594,3,512
memoryless,348,shuffled_history,2,0.5900000000000001,0.2,0.19499999999999984,0.027607187501150366,5,512
memoryless,348,oracle,7,0.7849999999999999,0.395,0.0,0.0,23,512
memoryless,349,last_contact,5,0.83375,0.5900000000000001,0.14625,0.07920171961914063,6,512
memoryless,349,ema,5,0.83375,0.5900000000000001,0.14625,0.0790225961733603,6,512
memoryless,349,failure_age,4,0.2,0.2,0.78,0.08089080432887001,28,512
memoryless,349,route_history,7,0.2975,0.2,0.6825,0.08000609386402296,6,512
memoryless,349,shuffled_history,6,0.4925,0.2,0.4875,0.08095084410001334,5,512
memoryless,349,oracle,1,0.98,0.98,0.0,0.0,3,512
memoryless,350,last_contact,7,0.6875,0.2,0.2925,0.08669185243164064,8,512
memoryless,350,ema,7,0.6875,0.2,0.2925,0.0872115196897864,8,512
memoryless,350,failure_age,6,0.34625,0.2,0.63375,0.0914628572058812,20,512
memoryless,350,route_history,2,0.24875000000000003,0.2,0.73125,0.09500218557417475,28,512
memoryless,350,shuffled_history,3,0.9312500000000001,0.7849999999999999,0.04874999999999985,0.08984105349484695,3,512
memoryless,350,oracle,1,0.98,0.98,0.0,0.0,18,512
memoryless,351,last_contact,7,0.2,0.2,0.63375,0.06710947254882813,20,512
memoryless,351,ema,5,0.4925,0.5900000000000001,0.34125,0.06717193693580287,6,512
memoryless,351,failure_age,7,0.2,0.2,0.63375,0.06881440639305594,20,512
memoryless,351,route_history,6,0.2,0.2,0.63375,0.0678484968259313,20,512
memoryless,351,shuffled_history,3,0.6875,0.2,0.14625,0.06921541092150445,12,512
memoryless,351,oracle,1,0.83375,0.395,0.0,0.0,10,512
memoryless,352,last_contact,6,0.5900000000000001,0.2,0.19499999999999984,0.048783700087890625,11,512
memoryless,352,ema,7,0.24875000000000003,0.395,0.5362499999999999,0.04941645479576201,3,512
memoryless,352,failure_age,1,0.54125,0.2,0.2437499999999999,0.04967927408857713,44,512
memoryless,352,route_history,0,0.7849999999999999,0.5900000000000001,0.0,0.05065080239930495,3,512
memoryless,352,shuffled_history,2,0.2,0.2,0.585,0.05098886291042395,1,512
memoryless,352,oracle,0,0.7849999999999999,0.5900000000000001,0.0,0.0,3,512
memoryless,353,last_contact,3,0.2,0.2,0.6825000000000001,0.05885982997070313,3,512
memoryless,353,ema,4,0.7849999999999999,0.2,0.09750000000000014,0.05868950745394693,10,512
memoryless,353,failure_age,2,0.7362500000000001,0.2,0.14625,0.058559179713718434,9,512
memoryless,353,route_history,5,0.2,0.2,0.6825000000000001,0.05966348017730727,6,512
memoryless,353,shuffled_history,6,0.4925,0.2,0.39000000000000007,0.0638587463089832,14,512
memoryless,353,oracle,7,0.8825000000000001,0.7849999999999999,0.0,0.0,4,512
memoryless,354,last_contact,2,0.9312500000000001,0.7849999999999999,0.0,0.07303652040039064,1,512
memoryless,354,ema,3,0.83375,0.395,0.09750000000000014,0.0721615048331781,8,512
memoryless,354,failure_age,2,0.9312500000000001,0.7849999999999999,0.0,0.072809709166819,1,512
memoryless,354,route_history,5,0.6875,0.2,0.24375000000000013,0.07384585139979082,3,512
memoryless,354,shuffled_history,5,0.6875,0.2,0.24375000000000013,0.07151718314636071,3,512
memoryless,354,oracle,2,0.9312500000000001,0.7849999999999999,0.0,0.0,1,512
memoryless,355,last_contact,4,0.34625,0.7849999999999999,0.4875,0.06779620008789061,1,512
memoryless,355,ema,5,0.7849999999999999,0.7849999999999999,0.04875000000000007,0.06775987706587704,7,512
memoryless,355,failure_age,2,0.2,0.2,0.63375,0.06824455047094502,12,512
memoryless,355,route_history,0,0.7849999999999999,0.395,0.04875000000000007,0.065303503061795,15,512
memoryless,355,shuffled_history,5,0.7849999999999999,0.7849999999999999,0.04875000000000007,0.06594762472875307,7,512
memoryless,355,oracle,3,0.83375,0.7849999999999999,0.0,0.0,2,512
memoryless,356,last_contact,0,0.4925,0.2,0.195,0.03318503309570313,12,512
memoryless,356,ema,2,0.5900000000000001,0.7849999999999999,0.09749999999999992,0.03286724047444322,6,512
memoryless,356,failure_age,0,0.4925,0.2,0.195,0.03365138507716492,12,512
memoryless,356,route_history,2,0.5900000000000001,0.7849999999999999,0.09749999999999992,0.0325870790104664,6,512
memoryless,356,shuffled_history,0,0.4925,0.2,0.195,0.03590832375374501,12,512
memoryless,356,oracle,5,0.6875,0.5900000000000001,0.0,0.0,26,512
memoryless,357,last_contact,0,0.54125,0.2,0.34125000000000005,0.05322044520507814,36,512
memoryless,357,ema,6,0.8825000000000001,0.7849999999999999,0.0,0.053373171163694506,1,512
memoryless,357,failure_age,4,0.54125,0.5900000000000001,0.34125000000000005,0.054194663371656265,16,512
memoryless,357,route_history,2,0.5900000000000001,0.2,0.2925,0.05605626403328143,42,512
memoryless,357,shuffled_history,0,0.54125,0.2,0.34125000000000005,0.05442673271677866,36,512
memoryless,357,oracle,6,0.8825000000000001,0.7849999999999999,0.0,0.0,1,512
memoryless,358,last_contact,3,0.63875,0.395,0.24375000000000002,0.055353410048828135,1,512
memoryless,358,ema,0,0.5900000000000001,0.2,0.2925,0.05588786398127664,2,512
memoryless,358,failure_age,5,0.2975,0.2,0.5850000000000001,0.05719252208791514,12,512
memoryless,358,route_history,5,0.2975,0.2,0.5850000000000001,0.056060925521493735,12,512
memoryless,358,shuffled_history,6,0.83375,0.395,0.04875000000000007,0.05555083186995208,14,512
memoryless,358,oracle,4,0.8825000000000001,0.5900000000000001,0.0,0.0,2,512
memoryless,359,last_contact,0,0.63875,0.2,0.24375000000000002,0.06482549696289064,8,512
memoryless,359,ema,0,0.63875,0.2,0.24375000000000002,0.06528520897764253,8,512
memoryless,359,failure_age,4,0.395,0.2,0.48750000000000004,0.06399819571591425,14,512
memoryless,359,route_history,4,0.395,0.2,0.48750000000000004,0.06478994578058073,14,512
memoryless,359,shuffled_history,3,0.395,0.5900000000000001,0.48750000000000004,0.06411884102874593,5,512
memoryless,359,oracle,5,0.8825000000000001,0.98,0.0,0.0,3,512
memoryless,360,last_contact,5,0.34625,0.5900000000000001,0.5362500000000001,0.05393143348632814,4,512
memoryless,360,ema,1,0.2,0.2,0.6825000000000001,0.053918313516313474,9,512
memoryless,360,failure_age,6,0.6875,0.5900000000000001,0.19500000000000006,0.053800769305693455,16,512
memoryless,360,route_history,2,0.8825000000000001,0.5900000000000001,0.0,0.054573285119205055,9,512
memoryless,360,shuffled_history,2,0.8825000000000001,0.5900000000000001,0.0,0.05204690267777627,9,512
memoryless,360,oracle,2,0.8825000000000001,0.5900000000000001,0.0,0.0,9,512
memoryless,361,last_contact,3,0.54125,0.2,0.19500000000000006,0.03172889344726563,13,512
memoryless,361,ema,7,0.395,0.2,0.34125000000000005,0.032072652453766795,6,512
memoryless,361,failure_age,3,0.54125,0.2,0.19500000000000006,0.03210023475047695,13,512
memoryless,361,route_history,1,0.7362500000000001,0.2,0.0,0.031021031669402732,4,512
memoryless,361,shuffled_history,7,0.395,0.2,0.34125000000000005,0.028775063067602767,6,512
memoryless,361,oracle,1,0.7362500000000001,0.2,0.0,0.0,4,512
memoryless,362,last_contact,5,0.7849999999999999,0.2,0.09750000000000014,0.07081096864257813,1,512
memoryless,362,ema,6,0.6875,0.7849999999999999,0.19500000000000006,0.06977141161835185,6,512
memoryless,362,failure_age,7,0.7849999999999999,0.2,0.09750000000000014,0.06962965786403025,7,512
memoryless,362,route_history,6,0.6875,0.7849999999999999,0.19500000000000006,0.06652993740076857,6,512
memoryless,362,shuffled_history,6,0.6875,0.7849999999999999,0.19500000000000006,0.07099483206206042,6,512
memoryless,362,oracle,3,0.8825000000000001,0.98,0.0,0.0,3,512
memoryless,363,last_contact,6,0.2975,0.2,0.6825,0.09340267079101564,34,512
memoryless,363,ema,3,0.2,0.2,0.78,0.09352792879703359,6,512
memoryless,363,failure_age,2,0.5900000000000001,0.2,0.3899999999999999,0.09527032927168712,22,512
memoryless,363,route_history,2,0.5900000000000001,0.2,0.3899999999999999,0.09508482180438829,22,512
memoryless,363,shuffled_history,2,0.5900000000000001,0.2,0.3899999999999999,0.08989038775270722,22,512
memoryless,363,oracle,5,0.98,0.98,0.0,0.0,11,512
memoryless,364,last_contact,3,0.7849999999999999,0.98,0.0,0.04970412293945312,7,512
memoryless,364,ema,3,0.7849999999999999,0.98,0.0,0.04980322618648893,7,512
memoryless,364,failure_age,7,0.7362500000000001,0.7849999999999999,0.04874999999999985,0.04872265749639332,20,512
memoryless,364,route_history,4,0.2,0.2,0.585,0.051071001892596446,6,512
memoryless,364,shuffled_history,7,0.7362500000000001,0.7849999999999999,0.04874999999999985,0.04460532452994992,20,512
memoryless,364,oracle,3,0.7849999999999999,0.98,0.0,0.0,7,512
memoryless,365,last_contact,4,0.395,0.2,0.585,0.07514522450195313,3,512
memoryless,365,ema,1,0.34625,0.2,0.63375,0.07555147274861282,6,512
memoryless,365,failure_age,7,0.8825000000000001,0.7849999999999999,0.09749999999999992,0.07513558543350131,1,512
memoryless,365,route_history,3,0.34625,0.2,0.63375,0.07321564742736913,17,512
memoryless,365,shuffled_history,0,0.8825000000000001,0.7849999999999999,0.09749999999999992,0.07276242586868681,3,512
memoryless,365,oracle,6,0.98,0.98,0.0,0.0,5,512
memoryless,366,last_contact,1,0.63875,0.2,0.04874999999999996,0.04859852625976563,2,512
memoryless,366,ema,7,0.2,0.2,0.4875,0.04889660701947839,6,512
memoryless,366,failure_age,6,0.2,0.2,0.4875,0.04853179806317421,28,512
memoryless,366,route_history,6,0.2,0.2,0.4875,0.04910678920023961,28,512
memoryless,366,shuffled_history,0,0.2975,0.395,0.39,0.048830268138377084,17,512
memoryless,366,oracle,5,0.6875,0.395,0.0,0.0,33,512
memoryless,367,last_contact,3,0.9312500000000001,0.98,0.0,0.07151205458007816,16,512
memoryless,367,ema,6,0.9312500000000001,0.7849999999999999,0.0,0.07102816629100481,1,512
memoryless,367,failure_age,4,0.2,0.2,0.7312500000000002,0.06989229974987979,25,512
memoryless,367,route_history,6,0.9312500000000001,0.7849999999999999,0.0,0.0701732935629805,1,512
memoryless,367,shuffled_history,3,0.9312500000000001,0.98,0.0,0.06818081310127341,16,512
memoryless,367,oracle,3,0.9312500000000001,0.98,0.0,0.0,16,512
memoryless,368,last_contact,6,0.54125,0.2,0.3900000000000001,0.06567313758789065,2,512
memoryless,368,ema,2,0.395,0.2,0.5362500000000001,0.06613669028187273,4,512
memoryless,368,failure_age,7,0.7849999999999999,0.2,0.1462500000000002,0.06488361104753206,16,512
memoryless,368,route_history,3,0.9312500000000001,0.7849999999999999,0.0,0.06637603981991307,5,512
memoryless,368,shuffled_history,5,0.5900000000000001,0.395,0.34125000000000005,0.06766256108369037,14,512
memoryless,368,oracle,1,0.9312500000000001,0.98,0.0,0.0,3,512
memoryless,369,last_contact,4,0.5900000000000001,0.2,0.14625,0.033277620009765634,2,512
memoryless,369,ema,1,0.2975,0.2,0.4387500000000001,0.033657674201247115,8,512
memoryless,369,failure_age,3,0.7362500000000001,0.2,0.0,0.03302993632293767,12,512
memoryless,369,route_history,5,0.24875000000000003,0.2,0.48750000000000004,0.034352474373263386,6,512
memoryless,369,shuffled_history,0,0.5900000000000001,0.2,0.14625,0.034662721431237595,33,512
memoryless,369,oracle,7,0.7362500000000001,0.2,0.0,0.0,1,512
memoryless,370,last_contact,5,0.2,0.2,0.39000000000000007,0.02747732215820313,10,512
memoryless,370,ema,5,0.2,0.2,0.39000000000000007,0.027460255648491146,10,512
memoryless,370,failure_age,6,0.44375000000000003,0.2,0.14625000000000005,0.027037553423415447,20,512
memoryless,370,route_history,2,0.2,0.2,0.39000000000000007,0.030449267239899075,3,512
memoryless,370,shuffled_history,5,0.2,0.2,0.39000000000000007,0.02514192484999007,10,512
memoryless,370,oracle,4,0.5900000000000001,0.2,0.0,0.0,4,512
memoryless,371,last_contact,1,0.7849999999999999,0.7849999999999999,0.1462500000000002,0.07755595008789064,6,512
memoryless,371,ema,1,0.7849999999999999,0.7849999999999999,0.1462500000000002,0.07660970420072874,6,512
memoryless,371,failure_age,5,0.8825000000000001,0.5900000000000001,0.04875000000000007,0.07523506956423147,16,512
memoryless,371,route_history,7,0.24875000000000003,0.395,0.6825000000000001,0.07935862027000348,2,512
memoryless,371,shuffled_history,3,0.44375000000000003,0.2,0.4875000000000001,0.0745896811760099,8,512
memoryless,371,oracle,0,0.9312500000000001,0.98,0.0,0.0,7,512
memoryless,372,last_contact,0,0.44375000000000003,0.2,0.14625000000000005,0.03207943641601563,3,512
memoryless,372,ema,7,0.4925,0.7849999999999999,0.09750000000000009,0.03157968578420217,8,512
memoryless,372,failure_age,6,0.34625,0.2,0.24375000000000008,0.03186667895358765,1,512
memoryless,372,route_history,4,0.395,0.2,0.19500000000000006,0.03255304219851697,3,512
memoryless,372,shuffled_history,7,0.4925,0.7849999999999999,0.09750000000000009,0.029707183463006544,8,512
memoryless,372,oracle,3,0.5900000000000001,0.2,0.0,0.0,18,512
memoryless,373,last_contact,3,0.98,0.98,0.0,0.05903510145507813,2,512
memoryless,373,ema,7,0.34625,0.2,0.63375,0.05908007157258441,3,512
memoryless,373,failure_age,5,0.4925,0.395,0.4875,0.060576779085460365,9,512
memoryless,373,route_history,4,0.2,0.2,0.78,0.06332998820972988,4,512
memoryless,373,shuffled_history,2,0.2975,0.2,0.6825,0.06265757553132542,13,512
memoryless,373,oracle,3,0.98,0.98,0.0,0.0,2,512
memoryless,374,last_contact,5,0.2,0.2,0.6825000000000001,0.059502492080078136,24,512
memoryless,374,ema,7,0.2,0.2,0.6825000000000001,0.05902264041714321,7,512
memoryless,374,failure_age,4,0.63875,0.2,0.24375000000000002,0.0580510052903514,9,512
memoryless,374,route_history,5,0.2,0.2,0.6825000000000001,0.05809652227827142,24,512
memoryless,374,shuffled_history,5,0.2,0.2,0.6825000000000001,0.06015066824387111,24,512
memoryless,374,oracle,1,0.8825000000000001,0.98,0.0,0.0,36,512
memoryless,375,last_contact,5,0.6875,0.2,0.19500000000000006,0.04454203114257813,2,512
memoryless,375,ema,0,0.395,0.2,0.48750000000000004,0.04455549174413854,2,512
memoryless,375,failure_age,3,0.6875,0.2,0.19500000000000006,0.043354996628959565,31,512
memoryless,375,route_history,2,0.34625,0.2,0.5362500000000001,0.04348981819156128,3,512
memoryless,375,shuffled_history,3,0.6875,0.2,0.19500000000000006,0.04539305240323836,31,512
memoryless,375,oracle,7,0.8825000000000001,0.5900000000000001,0.0,0.0,22,512
memoryless,376,last_contact,6,0.83375,0.98,0.09750000000000014,0.07214035829101564,16,512
memoryless,376,ema,4,0.9312500000000001,0.7849999999999999,0.0,0.07168855733214535,9,512
memoryless,376,failure_age,6,0.83375,0.98,0.09750000000000014,0.07085525665251546,16,512
memoryless,376,route_history,7,0.8825000000000001,0.5900000000000001,0.04875000000000007,0.06709954085231953,13,512
memoryless,376,shuffled_history,2,0.4925,0.395,0.43875000000000014,0.07159077808831969,1,512
memoryless,376,oracle,4,0.9312500000000001,0.7849999999999999,0.0,0.0,9,512
memoryless,377,last_contact,0,0.2975,0.2,0.4387500000000001,0.04313441297851563,5,512
memoryless,377,ema,7,0.24875000000000003,0.395,0.48750000000000004,0.04349382423563632,8,512
memoryless,377,failure_age,4,0.7362500000000001,0.2,0.0,0.0432848113669661,9,512
memoryless,377,route_history,7,0.24875000000000003,0.395,0.48750000000000004,0.04628665243661845,8,512
memoryless,377,shuffled_history,2,0.24875000000000003,0.2,0.48750000000000004,0.043639320014321505,5,512
memoryless,377,oracle,4,0.7362500000000001,0.2,0.0,0.0,9,512
memoryless,378,last_contact,3,0.2,0.2,0.6825000000000001,0.043587445205078124,21,512
memoryless,378,ema,1,0.6875,0.2,0.19500000000000006,0.0439205844166928,1,512
memoryless,378,failure_age,0,0.6875,0.2,0.19500000000000006,0.042969731429753785,13,512
memoryless,378,route_history,4,0.8825000000000001,0.98,0.0,0.04076975853975372,3,512
memoryless,378,shuffled_history,0,0.6875,0.2,0.19500000000000006,0.042147971830894644,13,512
memoryless,378,oracle,4,0.8825000000000001,0.98,0.0,0.0,3,512
memoryless,379,last_contact,7,0.4925,0.2,0.4875,0.06887753602539064,10,512
memoryless,379,ema,0,0.2,0.2,0.78,0.06982759458148406,9,512
memoryless,379,failure_age,1,0.5900000000000001,0.2,0.3899999999999999,0.06855387127440071,20,512
memoryless,379,route_history,1,0.5900000000000001,0.2,0.3899999999999999,0.07045885228002169,20,512
memoryless,379,shuffled_history,0,0.2,0.2,0.78,0.06980390168272815,9,512
memoryless,379,oracle,3,0.98,0.98,0.0,0.0,4,512
memoryless,380,last_contact,6,0.2,0.2,0.7312500000000002,0.07757030848632815,5,512
memoryless,380,ema,4,0.5900000000000001,0.395,0.34125000000000005,0.07702949622361127,8,512
memoryless,380,failure_age,7,0.395,0.2,0.5362500000000001,0.07665235897408568,7,512
memoryless,380,route_history,6,0.2,0.2,0.7312500000000002,0.077670909938972,5,512
memoryless,380,shuffled_history,2,0.4925,0.395,0.43875000000000014,0.07633195115274703,1,512
memoryless,380,oracle,1,0.9312500000000001,0.7849999999999999,0.0,0.0,3,512
memoryless,381,last_contact,5,0.6875,0.98,0.0,0.033779173720703125,1,512
memoryless,381,ema,4,0.54125,0.7849999999999999,0.14625,0.033790205109312535,8,512
memoryless,381,failure_age,0,0.2,0.2,0.4875,0.034818365102471154,12,512
memoryless,381,route_history,0,0.2,0.2,0.4875,0.03673867572705827,12,512
memoryless,381,shuffled_history,5,0.6875,0.98,0.0,0.03359901466539715,1,512
memoryless,381,oracle,5,0.6875,0.98,0.0,0.0,1,512
memoryless,382,last_contact,3,0.44375000000000003,0.395,0.3412499999999999,0.05685807118164063,2,512
memoryless,382,ema,6,0.395,0.2,0.3899999999999999,0.057374732938048296,8,512
memoryless,382,failure_age,0,0.7362500000000001,0.2,0.04874999999999985,0.05580513069800307,16,512
memoryless,382,route_history,1,0.7849999999999999,0.7849999999999999,0.0,0.05526113656570678,1,512
memoryless,382,shuffled_history,2,0.2,0.2,0.585,0.05549007625642216,14,512
memoryless,382,oracle,1,0.7849999999999999,0.7849999999999999,0.0,0.0,1,512
memoryless,383,last_contact,3,0.2,0.2,0.5362500000000001,0.02879235340820313,6,512
memoryless,383,ema,7,0.7362500000000001,0.98,0.0,0.029063525262044837,7,512
memoryless,383,failure_age,2,0.54125,0.5900000000000001,0.19500000000000006,0.02885578191963513,25,512
memoryless,383,route_history,5,0.63875,0.2,0.09750000000000003,0.028196814763867355,22,512
memoryless,383,shuffled_history,2,0.54125,0.5900000000000001,0.19500000000000006,0.02890151046605917,25,512
memoryless,383,oracle,7,0.7362500000000001,0.98,0.0,0.0,7,512
memoryless,384,last_contact,7,0.5900000000000001,0.2,0.19499999999999984,0.055017225478515626,29,512
memoryless,384,ema,0,0.2,0.2,0.585,0.05466310013415045,8,512
memoryless,384,failure_age,5,0.395,0.2,0.3899999999999999,0.055855956644937275,12,512
memoryless,384,route_history,5,0.395,0.2,0.3899999999999999,0.05634739230247113,12,512
memoryless,384,shuffled_history,5,0.395,0.2,0.3899999999999999,0.05499521142110146,12,512
memoryless,384,oracle,2,0.7849999999999999,0.7849999999999999,0.0,0.0,6,512
memoryless,385,last_contact,7,0.4925,0.2,0.195,0.03562001942382813,24,512
memoryless,385,ema,4,0.2,0.2,0.4875,0.03581691914596044,1,512
memoryless,385,failure_age,6,0.34625,0.2,0.34125,0.036516665259652734,9,512
memoryless,385,route_history,2,0.6875,0.5900000000000001,0.0,0.03259750908592782,13,512
memoryless,385,shuffled_history,4,0.2,0.2,0.4875,0.04020820203539513,1,512
memoryless,385,oracle,2,0.6875,0.5900000000000001,0.0,0.0,13,512
memoryless,386,last_contact,4,0.4925,0.2,0.24375000000000008,0.015779683486328133,10,512
memoryless,386,ema,2,0.395,0.2,0.34125000000000005,0.015562799547450563,8,512
memoryless,386,failure_age,7,0.5900000000000001,0.5900000000000001,0.14625,0.015584308370182355,34,512
memoryless,386,route_history,6,0.4925,0.2,0.24375000000000008,0.014565351035749803,4,512
memoryless,386,shuffled_history,3,0.2975,0.2,0.4387500000000001,0.017660139878471762,4,512
memoryless,386,oracle,1,0.7362500000000001,0.98,0.0,0.0,6,512
memoryless,387,last_contact,5,0.7362500000000001,0.2,0.04874999999999985,0.045696149306640614,11,512
memoryless,387,ema,2,0.7849999999999999,0.2,0.0,0.044959686630780864,3,512
memoryless,387,failure_age,1,0.7849999999999999,0.2,0.0,0.04542269256835084,16,512
memoryless,387,route_history,1,0.7849999999999999,0.2,0.0,0.045413177586500916,16,512
memoryless,387,shuffled_history,6,0.34625,0.2,0.4387499999999999,0.047429510916186544,8,512
memoryless,387,oracle,2,0.7849999999999999,0.2,0.0,0.0,3,512
memoryless,388,last_contact,2,0.6875,0.2,0.0,0.029630091689453127,12,512
memoryless,388,ema,3,0.5900000000000001,0.2,0.09749999999999992,0.02935303175129763,8,512
memoryless,388,failure_age,2,0.6875,0.2,0.0,0.030422402419145393,12,512
memoryless,388,route_history,6,0.4925,0.2,0.195,0.02764229155307514,33,512
memoryless,388,shuffled_history,2,0.6875,0.2,0.0,0.028415962811092838,12,512
memoryless,388,oracle,2,0.6875,0.2,0.0,0.0,12,512
memoryless,389,last_contact,1,0.8825000000000001,0.5900000000000001,0.0,0.040032503798828126,13,512
memoryless,389,ema,0,0.7849999999999999,0.2,0.09750000000000014,0.03970361700092481,6,512
memoryless,389,failure_age,3,0.44375000000000003,0.395,0.43875000000000003,0.0398859691463521,9,512
memoryless,389,route_history,7,0.6875,0.395,0.19500000000000006,0.03773477734611162,21,512
memoryless,389,shuffled_history,0,0.7849999999999999,0.2,0.09750000000000014,0.0399522772070822,6,512
memoryless,389,oracle,1,0.8825000000000001,0.5900000000000001,0.0,0.0,13,512
memoryless,390,last_contact,6,0.44375000000000003,0.2,0.24374999999999997,0.016466411025390624,22,512
memoryless,390,ema,2,0.34625,0.2,0.34125,0.016714813988750767,7,512
memoryless,390,failure_age,6,0.44375000000000003,0.2,0.24374999999999997,0.01764220269332259,22,512
memoryless,390,route_history,7,0.63875,0.395,0.04874999999999996,0.016085316998612036,3,512
memoryless,390,shuffled_history,4,0.395,0.2,0.2925,0.017219415489419562,29,512
memoryless,390,oracle,3,0.6875,0.5900000000000001,0.0,0.0,26,512
memoryless,391,last_contact,7,0.2975,0.5900000000000001,0.48749999999999993,0.037402441298828124,25,512
memoryless,391,ema,5,0.4925,0.2,0.2924999999999999,0.037534331825076026,7,512
memoryless,391,failure_age,3,0.2,0.2,0.585,0.038462018199376655,28,512
memoryless,391,route_history,7,0.2975,0.5900000000000001,0.48749999999999993,0.038617891610520996,25,512
memoryless,391,shuffled_history,1,0.54125,0.2,0.2437499999999999,0.03646614836980853,13,512
memoryless,391,oracle,6,0.7849999999999999,0.395,0.0,0.0,14,512
memoryless,392,last_contact,7,0.63875,0.2,0.24375000000000002,0.06937908973632814,11,512
memoryless,392,ema,1,0.83375,0.395,0.04875000000000007,0.06873598511766651,1,512
memoryless,392,failure_age,1,0.83375,0.395,0.04875000000000007,0.06990131900390185,1,512
memoryless,392,route_history,7,0.63875,0.2,0.24375000000000002,0.06682595008842153,11,512
memoryless,392,shuffled_history,1,0.83375,0.395,0.04875000000000007,0.06901414027061098,1,512
memoryless,392,oracle,3,0.8825000000000001,0.5900000000000001,0.0,0.0,17,512
memoryless,393,last_contact,5,0.54125,0.2,0.34125000000000005,0.04997198133789063,12,512
memoryless,393,ema,7,0.44375000000000003,0.395,0.43875000000000003,0.04976764030273849,5,512
memoryless,393,failure_age,3,0.24875000000000003,0.2,0.63375,0.04986919644092094,22,512
memoryless,393,route_history,5,0.54125,0.2,0.34125000000000005,0.05229694405868862,12,512
memoryless,393,shuffled_history,5,0.54125,0.2,0.34125000000000005,0.05031867771433468,12,512
memoryless,393,oracle,6,0.8825000000000001,0.7849999999999999,0.0,0.0,4,512
memoryless,394,last_contact,6,0.7362500000000001,0.7849999999999999,0.04874999999999985,0.05672686512695313,1,512
memoryless,394,ema,0,0.2975,0.2,0.48749999999999993,0.05747051216869243,4,512
memoryless,394,failure_age,4,0.24875000000000003,0.395,0.5362499999999999,0.057643680219123555,20,512
memoryless,394,route_history,2,0.6875,0.98,0.09749999999999992,0.05655124516559991,5,512
memoryless,394,shuffled_history,6,0.7362500000000001,0.7849999999999999,0.04874999999999985,0.05592763111928162,1,512
memoryless,394,oracle,1,0.7849999999999999,0.395,0.0,0.0,37,512
memoryless,395,last_contact,1,0.2,0.2,0.5362500000000001,0.04102570887695313,12,512
memoryless,395,ema,3,0.54125,0.2,0.19500000000000006,0.041109823147275806,1,512
memoryless,395,failure_age,1,0.2,0.2,0.5362500000000001,0.041861078631810475,12,512
memoryless,395,route_history,4,0.7362500000000001,0.2,0.0,0.041643180269129464,3,512
memoryless,395,shuffled_history,1,0.2,0.2,0.5362500000000001,0.04491785431027159,12,512
memoryless,395,oracle,4,0.7362500000000001,0.2,0.0,0.0,3,512
memoryless,396,last_contact,0,0.395,0.2,0.48750000000000004,0.06581424598632814,17,512
memoryless,396,ema,3,0.24875000000000003,0.2,0.63375,0.06644698415640272,4,512
memoryless,396,failure_age,4,0.8825000000000001,0.5900000000000001,0.0,0.0659284718972519,14,512
memoryless,396,route_history,5,0.395,0.5900000000000001,0.48750000000000004,0.0671715178290622,27,512
memoryless,396,shuffled_history,0,0.395,0.2,0.48750000000000004,0.06360795938062554,17,512
memoryless,396,oracle,4,0.8825000000000001,0.5900000000000001,0.0,0.0,14,512
memoryless,397,last_contact,3,0.7849999999999999,0.5900000000000001,0.1462500000000002,0.04567188856445313,12,512
memoryless,397,ema,2,0.54125,0.2,0.3900000000000001,0.0452424001489514,9,512
memoryless,397,failure_age,3,0.7849999999999999,0.5900000000000001,0.1462500000000002,0.04340153916170261,12,512
memoryless,397,route_history,2,0.54125,0.2,0.3900000000000001,0.04451884643555624,9,512
memoryless,397,shuffled_history,3,0.7849999999999999,0.5900000000000001,0.1462500000000002,0.03999813525388157,12,512
memoryless,397,oracle,5,0.9312500000000001,0.7849999999999999,0.0,0.0,9,512
memoryless,398,last_contact,5,0.63875,0.2,0.09750000000000003,0.03444164051757813,12,512
memoryless,398,ema,2,0.34625,0.2,0.39000000000000007,0.035191737731973594,8,512
memoryless,398,failure_age,5,0.63875,0.2,0.09750000000000003,0.036373586224178855,12,512
memoryless,398,route_history,5,0.63875,0.2,0.09750000000000003,0.03979080419168854,12,512
memoryless,398,shuffled_history,5,0.63875,0.2,0.09750000000000003,0.03568260244271776,12,512
memoryless,398,oracle,1,0.7362500000000001,0.2,0.0,0.0,2,512
memoryless,399,last_contact,1,0.2,0.2,0.39000000000000007,0.04294923915039063,9,512
memoryless,399,ema,0,0.5900000000000001,0.98,0.0,0.04224355440523138,7,512
memoryless,399,failure_age,1,0.2,0.2,0.39000000000000007,0.041691904707996885,9,512
memoryless,399,route_history,6,0.2,0.2,0.39000000000000007,0.040264523664359966,4,512
memoryless,399,shuffled_history,1,0.2,0.2,0.39000000000000007,0.04161271723431986,9,512
memoryless,399,oracle,0,0.5900000000000001,0.98,0.0,0.0,7,512
finite_duration,0,last_contact,1,0.395,0.2,0.43875,0.02848554288632813,2,512
finite_duration,0,ema,6,0.5900000000000001,0.2,0.2437499999999999,0.023861399717817307,8,512
finite_duration,0,failure_age,5,0.63875,0.2,0.19499999999999995,0.027243527947787203,9,512
finite_duration,0,route_history,5,0.63875,0.2,0.19499999999999995,0.02925082904450926,9,512
finite_duration,0,shuffled_history,5,0.63875,0.2,0.19499999999999995,0.027695048723513645,9,512
finite_duration,0,oracle,3,0.83375,0.395,0.0,0.0,2,512
finite_duration,1,last_contact,3,0.98,0.98,0.0,0.06818839601132812,10,512
finite_duration,1,ema,3,0.98,0.98,0.0,0.048752313731816266,10,512
finite_duration,1,failure_age,6,0.7849999999999999,0.395,0.19500000000000006,0.05483155233391714,14,512
finite_duration,1,route_history,6,0.7849999999999999,0.395,0.19500000000000006,0.05337032085256721,14,512
finite_duration,1,shuffled_history,6,0.7849999999999999,0.395,0.19500000000000006,0.05350992088547865,14,512
finite_duration,1,oracle,3,0.98,0.98,0.0,0.0,10,512
finite_duration,2,last_contact,6,0.54125,0.2,0.43875,0.05071353194882812,11,512
finite_duration,2,ema,6,0.54125,0.2,0.43875,0.029187466065788325,11,512
finite_duration,2,failure_age,5,0.98,0.98,0.0,0.027125089421908062,15,512
finite_duration,2,route_history,5,0.98,0.98,0.0,0.02512549461105989,15,512
finite_duration,2,shuffled_history,5,0.98,0.98,0.0,0.027655239296855386,15,512
finite_duration,2,oracle,5,0.98,0.98,0.0,0.0,15,512
finite_duration,3,last_contact,4,0.7362500000000001,0.2,0.14625,0.05243475733945313,8,512
finite_duration,3,ema,2,0.8825000000000001,0.5900000000000001,0.0,0.027549655117065374,16,512
finite_duration,3,failure_age,2,0.8825000000000001,0.5900000000000001,0.0,0.02734552382228202,16,512
finite_duration,3,route_history,2,0.8825000000000001,0.5900000000000001,0.0,0.029133134697836117,16,512
finite_duration,3,shuffled_history,2,0.8825000000000001,0.5900000000000001,0.0,0.027053988524967147,16,512
finite_duration,3,oracle,2,0.8825000000000001,0.5900000000000001,0.0,0.0,16,512
finite_duration,4,last_contact,4,0.98,0.98,0.0,0.06843318194882811,14,512
finite_duration,4,ema,4,0.98,0.98,0.0,0.04775106222293758,14,512
finite_duration,4,failure_age,7,0.98,0.98,0.0,0.04181865676376927,19,512
finite_duration,4,route_history,7,0.98,0.98,0.0,0.0406704360037342,19,512
finite_duration,4,shuffled_history,7,0.98,0.98,0.0,0.040734969536360285,19,512
finite_duration,4,oracle,4,0.98,0.98,0.0,0.0,14,512
finite_duration,5,last_contact,1,0.54125,0.2,0.09750000000000003,0.017463343081640638,5,512
finite_duration,5,ema,6,0.4925,0.2,0.14625000000000005,0.01928926743635953,12,512
finite_duration,5,failure_age,6,0.4925,0.2,0.14625000000000005,0.018798469407387962,12,512
finite_duration,5,route_history,6,0.4925,0.2,0.14625000000000005,0.019773070940209886,12,512
finite_duration,5,shuffled_history,6,0.4925,0.2,0.14625000000000005,0.01761650382681272,12,512
finite_duration,5,oracle,0,0.63875,0.98,0.0,0.0,10,512
finite_duration,6,last_contact,1,0.4925,0.2,0.43875000000000014,0.06130735636289065,3,512
finite_duration,6,ema,2,0.9312500000000001,0.7849999999999999,0.0,0.0281019401817756,15,512
finite_duration,6,failure_age,2,0.9312500000000001,0.7849999999999999,0.0,0.028302624752573467,15,512
finite_duration,6,route_history,2,0.9312500000000001,0.7849999999999999,0.0,0.026990724090237714,15,512
finite_duration,6,shuffled_history,2,0.9312500000000001,0.7849999999999999,0.0,0.029730247917225158,15,512
finite_duration,6,oracle,2,0.9312500000000001,0.7849999999999999,0.0,0.0,15,512
finite_duration,7,last_contact,4,0.7362500000000001,0.5900000000000001,0.14625,0.05050825636289062,10,512
finite_duration,7,ema,7,0.8825000000000001,0.5900000000000001,0.0,0.027045695925316082,14,512
finite_duration,7,failure_age,7,0.8825000000000001,0.5900000000000001,0.0,0.028618185963540568,14,512
finite_duration,7,route_history,7,0.8825000000000001,0.5900000000000001,0.0,0.028079634177555483,14,512
finite_duration,7,shuffled_history,7,0.8825000000000001,0.5900000000000001,0.0,0.02722384853314625,14,512
finite_duration,7,oracle,7,0.8825000000000001,0.5900000000000001,0.0,0.0,14,512
finite_duration,8,last_contact,1,0.98,0.98,0.0,0.03842016827695312,14,512
finite_duration,8,ema,1,0.98,0.98,0.0,0.033839345876097916,14,512
finite_duration,8,failure_age,1,0.98,0.98,0.0,0.030495376117325494,14,512
finite_duration,8,route_history,1,0.98,0.98,0.0,0.03150274689736783,14,512
finite_duration,8,shuffled_history,1,0.98,0.98,0.0,0.031167446813902676,14,512
finite_duration,8,oracle,1,0.98,0.98,0.0,0.0,14,512
finite_duration,9,last_contact,7,0.7362500000000001,0.7849999999999999,0.2437499999999999,0.04173636417539061,3,512
finite_duration,9,ema,5,0.63875,0.2,0.34124999999999994,0.050401821554407866,11,512
finite_duration,9,failure_age,1,0.63875,0.98,0.34124999999999994,0.04346021349098067,14,512
finite_duration,9,route_history,1,0.63875,0.98,0.34124999999999994,0.04276874033383088,14,512
finite_duration,9,shuffled_history,1,0.63875,0.98,0.34124999999999994,0.04321803789014339,14,512
finite_duration,9,oracle,2,0.98,0.98,0.0,0.0,10,512
finite_duration,10,last_contact,1,0.63875,0.2,0.2925000000000001,0.04091912374570313,4,512
finite_duration,10,ema,4,0.9312500000000001,0.7849999999999999,0.0,0.028232154377259927,18,512
finite_duration,10,failure_age,4,0.9312500000000001,0.7849999999999999,0.0,0.02374972955669464,18,512
finite_duration,10,route_history,4,0.9312500000000001,0.7849999999999999,0.0,0.02288333304672681,18,512
finite_duration,10,shuffled_history,4,0.9312500000000001,0.7849999999999999,0.0,0.022837215750258842,18,512
finite_duration,10,oracle,4,0.9312500000000001,0.7849999999999999,0.0,0.0,18,512
finite_duration,11,last_contact,1,0.2,0.2,0.7312500000000002,0.06470643487851563,2,512
finite_duration,11,ema,4,0.7849999999999999,0.98,0.1462500000000002,0.03088501464329312,14,512
finite_duration,11,failure_age,2,0.7849999999999999,0.98,0.1462500000000002,0.034303515916005306,19,512
finite_duration,11,route_history,2,0.7849999999999999,0.98,0.1462500000000002,0.03664008748917601,19,512
finite_duration,11,shuffled_history,2,0.7849999999999999,0.98,0.1462500000000002,0.03329782218006108,19,512
finite_duration,11,oracle,0,0.9312500000000001,0.7849999999999999,0.0,0.0,11,512
finite_duration,12,last_contact,6,0.6875,0.98,0.14625,0.012400373745703117,7,512
finite_duration,12,ema,6,0.6875,0.98,0.14625,0.02794030252317073,7,512
finite_duration,12,failure_age,4,0.4925,0.2,0.34125,0.02720836084132249,8,512
finite_duration,12,route_history,4,0.4925,0.2,0.34125,0.025974287365820876,8,512
finite_duration,12,shuffled_history,4,0.4925,0.2,0.34125,0.027180595995298974,8,512
finite_duration,12,oracle,7,0.83375,0.395,0.0,0.0,1,512
finite_duration,13,last_contact,2,0.4925,0.2,0.4875,0.06286281651914062,12,512
finite_duration,13,ema,2,0.4925,0.2,0.4875,0.052346889647817064,12,512
finite_duration,13,failure_age,4,0.98,0.98,0.0,0.04630534653171651,16,512
finite_duration,13,route_history,4,0.98,0.98,0.0,0.046885473479921516,16,512
finite_duration,13,shuffled_history,4,0.98,0.98,0.0,0.04575497814738895,16,512
finite_duration,13,oracle,4,0.98,0.98,0.0,0.0,16,512
finite_duration,14,last_contact,4,0.395,0.2,0.48750000000000004,0.04952525069882813,9,512
finite_duration,14,ema,1,0.63875,0.2,0.24375000000000002,0.04412312395309845,12,512
finite_duration,14,failure_age,1,0.63875,0.2,0.24375000000000002,0.04669147330281692,12,512
finite_duration,14,route_history,1,0.63875,0.2,0.24375000000000002,0.04666045052186497,12,512
finite_duration,14,shuffled_history,1,0.63875,0.2,0.24375000000000002,0.04752109734857152,12,512
finite_duration,14,oracle,6,0.8825000000000001,0.5900000000000001,0.0,0.0,3,512
finite_duration,15,last_contact,2,0.44375000000000003,0.2,0.38999999999999996,0.019757022964453128,9,512
finite_duration,15,ema,2,0.44375000000000003,0.2,0.38999999999999996,0.019589787068427164,9,512
finite_duration,15,failure_age,0,0.4925,0.5900000000000001,0.34125,0.023992123569031836,10,512
finite_duration,15,route_history,2,0.44375000000000003,0.2,0.38999999999999996,0.025062541293378843,9,512
finite_duration,15,shuffled_history,0,0.4925,0.5900000000000001,0.34125,0.02244391016030698,10,512
finite_duration,15,oracle,7,0.83375,0.395,0.0,0.0,7,512
finite_duration,16,last_contact,0,0.7849999999999999,0.7849999999999999,0.04875000000000007,0.036392960464453124,19,512
finite_duration,16,ema,0,0.7849999999999999,0.7849999999999999,0.04875000000000007,0.031358675084775446,19,512
finite_duration,16,failure_age,0,0.7849999999999999,0.7849999999999999,0.04875000000000007,0.029958289557644062,19,512
finite_duration,16,route_history,0,0.7849999999999999,0.7849999999999999,0.04875000000000007,0.028897307443023174,19,512
finite_duration,16,shuffled_history,0,0.7849999999999999,0.7849999999999999,0.04875000000000007,0.029611911412709815,19,512
finite_duration,16,oracle,7,0.83375,0.395,0.0,0.0,7,512
finite_duration,17,last_contact,1,0.34625,0.2,0.63375,0.06427419757382813,1,512
finite_duration,17,ema,3,0.7362500000000001,0.7849999999999999,0.2437499999999999,0.052076364311616795,13,512
finite_duration,17,failure_age,4,0.98,0.98,0.0,0.04787050097085162,16,512
finite_duration,17,route_history,4,0.98,0.98,0.0,0.04695505482417217,16,512
finite_duration,17,shuffled_history,4,0.98,0.98,0.0,0.045418261241238295,16,512
finite_duration,17,oracle,4,0.98,0.98,0.0,0.0,16,512
finite_duration,18,last_contact,4,0.395,0.2,0.48750000000000004,0.02784802999570312,9,512
finite_duration,18,ema,0,0.83375,0.5900000000000001,0.04875000000000007,0.02351333096562227,17,512
finite_duration,18,failure_age,0,0.83375,0.5900000000000001,0.04875000000000007,0.020678179503214274,17,512
finite_duration,18,route_history,0,0.83375,0.5900000000000001,0.04875000000000007,0.020215484528012327,17,512
finite_duration,18,shuffled_history,7,0.8825000000000001,0.7849999999999999,0.0,0.019819707562265233,17,512
finite_duration,18,oracle,7,0.8825000000000001,0.7849999999999999,0.0,0.0,17,512
finite_duration,19,last_contact,1,0.4925,0.2,0.39000000000000007,0.046327585855078124,7,512
finite_duration,19,ema,4,0.8825000000000001,0.5900000000000001,0.0,0.03004399374449567,13,512
finite_duration,19,failure_age,5,0.63875,0.2,0.24375000000000002,0.03155503974339756,15,512
finite_duration,19,route_history,5,0.63875,0.2,0.24375000000000002,0.030661530945953877,15,512
finite_duration,19,shuffled_history,5,0.63875,0.2,0.24375000000000002,0.03181016794121061,15,512
finite_duration,19,oracle,4,0.8825000000000001,0.5900000000000001,0.0,0.0,13,512
finite_duration,20,last_contact,0,0.83375,0.395,0.09750000000000014,0.03305121651914062,15,512
finite_duration,20,ema,0,0.83375,0.395,0.09750000000000014,0.021229431125244298,15,512
finite_duration,20,failure_age,0,0.83375,0.395,0.09750000000000014,0.021620817142608793,15,512
finite_duration,20,route_history,0,0.83375,0.395,0.09750000000000014,0.02069359218159744,15,512
finite_duration,20,shuffled_history,0,0.83375,0.395,0.09750000000000014,0.02221433288003213,15,512
finite_duration,20,oracle,7,0.9312500000000001,0.7849999999999999,0.0,0.0,13,512
finite_duration,21,last_contact,7,0.63875,0.2,0.19499999999999995,0.019796533316015615,3,512
finite_duration,21,ema,4,0.7849999999999999,0.2,0.04875000000000007,0.02397752928481783,13,512
finite_duration,21,failure_age,4,0.7849999999999999,0.2,0.04875000000000007,0.022442289755634573,13,512
finite_duration,21,route_history,4,0.7849999999999999,0.2,0.04875000000000007,0.023476528008962876,13,512
finite_duration,21,shuffled_history,4,0.7849999999999999,0.2,0.04875000000000007,0.02211444589956503,13,512
finite_duration,21,oracle,5,0.83375,0.395,0.0,0.0,5,512
finite_duration,22,last_contact,0,0.44375000000000003,0.2,0.3412499999999999,0.023732417886328128,12,512
finite_duration,22,ema,0,0.44375000000000003,0.2,0.3412499999999999,0.037125821552786514,12,512
finite_duration,22,failure_age,6,0.5900000000000001,0.7849999999999999,0.19499999999999984,0.03717620707148024,18,512
finite_duration,22,route_history,6,0.5900000000000001,0.7849999999999999,0.19499999999999984,0.0394184245324799,18,512
finite_duration,22,shuffled_history,6,0.5900000000000001,0.7849999999999999,0.19499999999999984,0.03807231859116146,18,512
finite_duration,22,oracle,1,0.7849999999999999,0.395,0.0,0.0,1,512
finite_duration,23,last_contact,4,0.7849999999999999,0.2,0.1462500000000002,0.05667276241757811,4,512
finite_duration,23,ema,1,0.63875,0.2,0.2925000000000001,0.040649370749401864,10,512
finite_duration,23,failure_age,2,0.9312500000000001,0.7849999999999999,0.0,0.03771019732376979,14,512
finite_duration,23,route_history,2,0.9312500000000001,0.7849999999999999,0.0,0.0396702549236924,14,512
finite_duration,23,shuffled_history,2,0.9312500000000001,0.7849999999999999,0.0,0.03948877599149428,14,512
finite_duration,23,oracle,2,0.9312500000000001,0.7849999999999999,0.0,0.0,14,512
finite_duration,24,last_contact,3,0.83375,0.395,0.04875000000000007,0.05847687042539061,12,512
finite_duration,24,ema,3,0.83375,0.395,0.04875000000000007,0.033090027070307546,12,512
finite_duration,24,failure_age,0,0.8825000000000001,0.5900000000000001,0.0,0.03262769501716177,17,512
finite_duration,24,route_history,0,0.8825000000000001,0.5900000000000001,0.0,0.03201353420084668,17,512
finite_duration,24,shuffled_history,0,0.8825000000000001,0.5900000000000001,0.0,0.031462193697942564,17,512
finite_duration,24,oracle,1,0.8825000000000001,0.5900000000000001,0.0,0.0,10,512
finite_duration,25,last_contact,5,0.54125,0.2,0.19500000000000006,0.012483256362890629,6,512
finite_duration,25,ema,3,0.6875,0.2,0.04875000000000007,0.012173021955319809,11,512
finite_duration,25,failure_age,1,0.54125,0.98,0.19500000000000006,0.01145494978677248,15,512
finite_duration,25,route_history,1,0.54125,0.98,0.19500000000000006,0.012207770211697118,15,512
finite_duration,25,shuffled_history,1,0.54125,0.98,0.19500000000000006,0.012194442147383718,15,512
finite_duration,25,oracle,7,0.7362500000000001,0.2,0.0,0.0,12,512
finite_duration,26,last_contact,0,0.4925,0.2,0.34125,0.054566533901953145,9,512
finite_duration,26,ema,2,0.7362500000000001,0.2,0.09749999999999992,0.03326386722820038,15,512
finite_duration,26,failure_age,7,0.83375,0.395,0.0,0.031059686119121757,16,512
finite_duration,26,route_history,7,0.83375,0.395,0.0,0.0301541829664786,16,512
finite_duration,26,shuffled_history,7,0.83375,0.395,0.0,0.030371605713261918,16,512
finite_duration,26,oracle,7,0.83375,0.395,0.0,0.0,16,512
finite_duration,27,last_contact,3,0.395,0.2,0.3899999999999999,0.04579850362851564,11,512
finite_duration,27,ema,3,0.395,0.2,0.3899999999999999,0.047460741594952574,11,512
finite_duration,27,failure_age,2,0.5900000000000001,0.7849999999999999,0.19499999999999984,0.05469491373295896,19,512
finite_duration,27,route_history,7,0.4925,0.98,0.2924999999999999,0.054997601777906496,17,512
finite_duration,27,shuffled_history,2,0.5900000000000001,0.7849999999999999,0.19499999999999984,0.053383435931393636,19,512
finite_duration,27,oracle,0,0.7849999999999999,0.2,0.0,0.0,4,512
finite_duration,28,last_contact,3,0.44375000000000003,0.2,0.43875000000000003,0.022133585464453133,10,512
finite_duration,28,ema,3,0.44375000000000003,0.2,0.43875000000000003,0.030272612832214614,10,512
finite_duration,28,failure_age,2,0.5900000000000001,0.2,0.2925,0.030328377463793226,11,512
finite_duration,28,route_history,2,0.5900000000000001,0.2,0.2925,0.031449966845294205,11,512
finite_duration,28,shuffled_history,2,0.5900000000000001,0.2,0.2925,0.03132359356508645,11,512
finite_duration,28,oracle,5,0.8825000000000001,0.5900000000000001,0.0,0.0,4,512
finite_duration,29,last_contact,5,0.7849999999999999,0.395,0.09750000000000014,0.04071384815976562,1,512
finite_duration,29,ema,2,0.8825000000000001,0.7849999999999999,0.0,0.03514373857092823,15,512
finite_duration,29,failure_age,2,0.8825000000000001,0.7849999999999999,0.0,0.0372053090949489,15,512
finite_duration,29,route_history,2,0.8825000000000001,0.7849999999999999,0.0,0.036842169552522425,15,512
finite_duration,29,shuffled_history,2,0.8825000000000001,0.7849999999999999,0.0,0.03698034626130628,15,512
finite_duration,29,oracle,2,0.8825000000000001,0.7849999999999999,0.0,0.0,15,512
finite_duration,30,last_contact,7,0.6875,0.395,0.04875000000000007,0.02002349503476563,11,512
finite_duration,30,ema,7,0.6875,0.395,0.04875000000000007,0.020472040018471298,11,512
finite_duration,30,failure_age,5,0.6875,0.2,0.04875000000000007,0.018917998213969854,13,512
finite_duration,30,route_history,5,0.6875,0.2,0.04875000000000007,0.017091897178196466,13,512
finite_duration,30,shuffled_history,5,0.6875,0.2,0.04875000000000007,0.018418225034766658,13,512
finite_duration,30,oracle,6,0.7362500000000001,0.2,0.0,0.0,9,512
finite_duration,31,last_contact,3,0.63875,0.5900000000000001,0.2925000000000001,0.03190244562070311,2,512
finite_duration,31,ema,1,0.7362500000000001,0.7849999999999999,0.19500000000000006,0.026893146100632655,11,512
finite_duration,31,failure_age,2,0.7849999999999999,0.7849999999999999,0.1462500000000002,0.02593712341834203,16,512
finite_duration,31,route_history,2,0.7849999999999999,0.7849999999999999,0.1462500000000002,0.024854181266579664,16,512
finite_duration,31,shuffled_history,2,0.7849999999999999,0.7849999999999999,0.1462500000000002,0.02637774603056863,16,512
finite_duration,31,oracle,4,0.9312500000000001,0.7849999999999999,0.0,0.0,13,512
finite_duration,32,last_contact,2,0.54125,0.2,0.19500000000000006,0.009246081167578128,5,512
finite_duration,32,ema,3,0.6875,0.2,0.04875000000000007,0.019399915258844415,8,512
finite_duration,32,failure_age,1,0.4925,0.7849999999999999,0.24375000000000008,0.020833717335916494,10,512
finite_duration,32,route_history,1,0.4925,0.7849999999999999,0.24375000000000008,0.021006608939017443,10,512
finite_duration,32,shuffled_history,1,0.4925,0.7849999999999999,0.24375000000000008,0.021327872994507627,10,512
finite_duration,32,oracle,4,0.7362500000000001,0.5900000000000001,0.0,0.0,2,512
finite_duration,33,last_contact,7,0.8825000000000001,0.5900000000000001,0.0,0.0336236710113281,17,512
finite_duration,33,ema,7,0.8825000000000001,0.5900000000000001,0.0,0.025443132067626446,17,512
finite_duration,33,failure_age,5,0.4925,0.7849999999999999,0.39000000000000007,0.03443466921521718,19,512
finite_duration,33,route_history,5,0.4925,0.7849999999999999,0.39000000000000007,0.03462223233065903,19,512
finite_duration,33,shuffled_history,5,0.4925,0.7849999999999999,0.39000000000000007,0.036054585921984274,19,512
finite_duration,33,oracle,7,0.8825000000000001,0.5900000000000001,0.0,0.0,17,512
finite_duration,34,last_contact,3,0.395,0.2,0.3899999999999999,0.020473556558203123,1,512
finite_duration,34,ema,6,0.63875,0.2,0.14624999999999988,0.02262962980673835,12,512
finite_duration,34,failure_age,1,0.395,0.395,0.3899999999999999,0.025397276413787882,16,512
finite_duration,34,route_history,1,0.395,0.395,0.3899999999999999,0.02486671905780035,16,512
finite_duration,34,shuffled_history,1,0.395,0.395,0.3899999999999999,0.02567122196533317,16,512
finite_duration,34,oracle,0,0.7849999999999999,0.2,0.0,0.0,14,512
finite_duration,35,last_contact,0,0.63875,0.2,0.2925000000000001,0.039647959878515625,6,512
finite_duration,35,ema,7,0.9312500000000001,0.7849999999999999,0.0,0.036900820901415644,16,512
finite_duration,35,failure_age,7,0.9312500000000001,0.7849999999999999,0.0,0.03649374929714658,16,512
finite_duration,35,route_history,7,0.9312500000000001,0.7849999999999999,0.0,0.03672994729937736,16,512
finite_duration,35,shuffled_history,7,0.9312500000000001,0.7849999999999999,0.0,0.034969022349551224,16,512
finite_duration,35,oracle,7,0.9312500000000001,0.7849999999999999,0.0,0.0,16,512
finite_duration,36,last_contact,5,0.395,0.2,0.3899999999999999,0.02905799737851561,8,512
finite_duration,36,ema,2,0.7849999999999999,0.5900000000000001,0.0,0.017325919794033643,17,512
finite_duration,36,failure_age,2,0.7849999999999999,0.5900000000000001,0.0,0.016602808496328218,17,512
finite_duration,36,route_history,2,0.7849999999999999,0.5900000000000001,0.0,0.01582039094797117,17,512
finite_duration,36,shuffled_history,2,0.7849999999999999,0.5900000000000001,0.0,0.01606659775446928,17,512
finite_duration,36,oracle,0,0.7849999999999999,0.98,0.0,0.0,8,512
finite_duration,37,last_contact,5,0.7362500000000001,0.7849999999999999,0.19500000000000006,0.03889191593320314,16,512
finite_duration,37,ema,5,0.7362500000000001,0.7849999999999999,0.19500000000000006,0.01947541597772837,16,512
finite_duration,37,failure_age,5,0.7362500000000001,0.7849999999999999,0.19500000000000006,0.01907051271115546,16,512
finite_duration,37,route_history,5,0.7362500000000001,0.7849999999999999,0.19500000000000006,0.020129218726296253,16,512
finite_duration,37,shuffled_history,5,0.7362500000000001,0.7849999999999999,0.19500000000000006,0.018724735068558082,16,512
finite_duration,37,oracle,3,0.9312500000000001,0.7849999999999999,0.0,0.0,13,512
finite_duration,38,last_contact,7,0.2,0.2,0.585,0.05266171905820313,3,512
finite_duration,38,ema,2,0.54125,0.2,0.2437499999999999,0.03638987381563305,11,512
finite_duration,38,failure_age,3,0.7849999999999999,0.2,0.0,0.030140418509302287,15,512
finite_duration,38,route_history,3,0.7849999999999999,0.2,0.0,0.029159012287179736,15,512
finite_duration,38,shuffled_history,3,0.7849999999999999,0.2,0.0,0.029999782272866565,15,512
finite_duration,38,oracle,3,0.7849999999999999,0.2,0.0,0.0,15,512
finite_duration,39,last_contact,3,0.44375000000000003,0.2,0.38999999999999996,0.03553234776914063,9,512
finite_duration,39,ema,6,0.6875,0.5900000000000001,0.14625,0.0255784745980503,18,512
finite_duration,39,failure_age,6,0.6875,0.5900000000000001,0.14625,0.02780775734940458,18,512
finite_duration,39,route_history,6,0.6875,0.5900000000000001,0.14625,0.02685798430102504,18,512
finite_duration,39,shuffled_history,6,0.6875,0.5900000000000001,0.14625,0.02743705609706292,18,512
finite_duration,39,oracle,0,0.83375,0.7849999999999999,0.0,0.0,3,512
finite_duration,40,last_contact,2,0.7362500000000001,0.98,0.2437499999999999,0.05548448116757812,18,512
finite_duration,40,ema,2,0.7362500000000001,0.98,0.2437499999999999,0.06164051314801021,18,512
finite_duration,40,failure_age,2,0.7362500000000001,0.98,0.2437499999999999,0.060346536292011685,18,512
finite_duration,40,route_history,2,0.7362500000000001,0.98,0.2437499999999999,0.060121252829815286,18,512
finite_duration,40,shuffled_history,2,0.7362500000000001,0.98,0.2437499999999999,0.05990052922211833,18,512
finite_duration,40,oracle,1,0.98,0.98,0.0,0.0,6,512
finite_duration,41,last_contact,3,0.6875,0.2,0.09749999999999992,0.03139504952695313,7,512
finite_duration,41,ema,6,0.7849999999999999,0.98,0.0,0.021496931916881654,12,512
finite_duration,41,failure_age,6,0.7849999999999999,0.98,0.0,0.017936885914084072,12,512
finite_duration,41,route_history,6,0.7849999999999999,0.98,0.0,0.017110564631599497,12,512
finite_duration,41,shuffled_history,6,0.7849999999999999,0.98,0.0,0.018208112143387915,12,512
finite_duration,41,oracle,6,0.7849999999999999,0.98,0.0,0.0,12,512
finite_duration,42,last_contact,6,0.9312500000000001,0.7849999999999999,0.0,0.06171404562070312,11,512
finite_duration,42,ema,6,0.9312500000000001,0.7849999999999999,0.0,0.025092610312381084,11,512
finite_duration,42,failure_age,2,0.8825000000000001,0.7849999999999999,0.04875000000000007,0.02513482921848216,16,512
finite_duration,42,route_history,2,0.8825000000000001,0.7849999999999999,0.04875000000000007,0.025502183847861428,16,512
finite_duration,42,shuffled_history,2,0.8825000000000001,0.7849999999999999,0.04875000000000007,0.02793765564258053,16,512
finite_duration,42,oracle,6,0.9312500000000001,0.7849999999999999,0.0,0.0,11,512
finite_duration,43,last_contact,1,0.63875,0.7849999999999999,0.09750000000000003,0.04149544015195314,11,512
finite_duration,43,ema,1,0.63875,0.7849999999999999,0.09750000000000003,0.027223924995072236,11,512
finite_duration,43,failure_age,3,0.7362500000000001,0.5900000000000001,0.0,0.02772966471243365,17,512
finite_duration,43,route_history,3,0.7362500000000001,0.5900000000000001,0.0,0.028506368703863454,17,512
finite_duration,43,shuffled_history,3,0.7362500000000001,0.5900000000000001,0.0,0.02812741440440609,17,512
finite_duration,43,oracle,3,0.7362500000000001,0.5900000000000001,0.0,0.0,17,512
finite_duration,44,last_contact,6,0.63875,0.2,0.34124999999999994,0.04364504093320312,1,512
finite_duration,44,ema,0,0.98,0.98,0.0,0.02932764500001255,17,512
finite_duration,44,failure_age,0,0.98,0.98,0.0,0.026641860146923546,17,512
finite_duration,44,route_history,0,0.98,0.98,0.0,0.02589714937270382,17,512
finite_duration,44,shuffled_history,0,0.98,0.98,0.0,0.026240365909274515,17,512
finite_duration,44,oracle,0,0.98,0.98,0.0,0.0,17,512
finite_duration,45,last_contact,2,0.24875000000000003,0.2,0.5362499999999999,0.033382746987890635,3,512
finite_duration,45,ema,0,0.7849999999999999,0.395,0.0,0.02694453354130892,15,512
finite_duration,45,failure_age,0,0.7849999999999999,0.395,0.0,0.023418217573531346,15,512
finite_duration,45,route_history,0,0.7849999999999999,0.395,0.0,0.024498672139731736,15,512
finite_duration,45,shuffled_history,0,0.7849999999999999,0.395,0.0,0.022678172815280798,15,512
finite_duration,45,oracle,0,0.7849999999999999,0.395,0.0,0.0,15,512
finite_duration,46,last_contact,6,0.4925,0.2,0.34125,0.024899013003515626,8,512
finite_duration,46,ema,1,0.7362500000000001,0.98,0.09749999999999992,0.021122748500502532,15,512
finite_duration,46,failure_age,1,0.7362500000000001,0.98,0.09749999999999992,0.017870153266077562,15,512
finite_duration,46,route_history,1,0.7362500000000001,0.98,0.09749999999999992,0.019583677343478646,15,512
finite_duration,46,shuffled_history,1,0.7362500000000001,0.98,0.09749999999999992,0.017365001851129717,15,512
finite_duration,46,oracle,3,0.83375,0.395,0.0,0.0,9,512
finite_duration,47,last_contact,7,0.8825000000000001,0.5900000000000001,0.0,0.038031303237890626,14,512
finite_duration,47,ema,7,0.8825000000000001,0.5900000000000001,0.0,0.038373598043503536,14,512
finite_duration,47,failure_age,2,0.6875,0.2,0.19500000000000006,0.03829313825074994,15,512
finite_duration,47,route_history,3,0.6875,0.2,0.19500000000000006,0.036526816232767254,14,512
finite_duration,47,shuffled_history,3,0.6875,0.2,0.19500000000000006,0.03868125415371912,14,512
finite_duration,47,oracle,7,0.8825000000000001,0.5900000000000001,0.0,0.0,14,512
finite_duration,48,last_contact,4,0.7849999999999999,0.2,0.1462500000000002,0.03839848214414062,8,512
finite_duration,48,ema,0,0.8825000000000001,0.5900000000000001,0.04875000000000007,0.04092461869291695,14,512
finite_duration,48,failure_age,0,0.8825000000000001,0.5900000000000001,0.04875000000000007,0.038648962504919705,14,512
finite_duration,48,route_history,0,0.8825000000000001,0.5900000000000001,0.04875000000000007,0.03709794233479429,14,512
finite_duration,48,shuffled_history,0,0.8825000000000001,0.5900000000000001,0.04875000000000007,0.03860585913560938,14,512
finite_duration,48,oracle,3,0.9312500000000001,0.7849999999999999,0.0,0.0,3,512
finite_duration,49,last_contact,0,0.2975,0.2,0.48749999999999993,0.031168087808203127,5,512
finite_duration,49,ema,6,0.7362500000000001,0.2,0.04874999999999985,0.02493058971990736,13,512
finite_duration,49,failure_age,6,0.7362500000000001,0.2,0.04874999999999985,0.02452496112688478,13,512
finite_duration,49,route_history,6,0.7362500000000001,0.2,0.04874999999999985,0.02539450970811115,13,512
finite_duration,49,shuffled_history,6,0.7362500000000001,0.2,0.04874999999999985,0.02458474362447996,13,512
finite_duration,49,oracle,2,0.7849999999999999,0.7849999999999999,0.0,0.0,13,512
finite_duration,50,last_contact,4,0.9312500000000001,0.7849999999999999,0.0,0.06607830558164064,6,512
finite_duration,50,ema,1,0.5900000000000001,0.98,0.34125000000000005,0.04842345551084367,11,512
finite_duration,50,failure_age,6,0.9312500000000001,0.7849999999999999,0.0,0.0445378887915111,19,512
finite_duration,50,route_history,6,0.9312500000000001,0.7849999999999999,0.0,0.0441420660210315,19,512
finite_duration,50,shuffled_history,6,0.9312500000000001,0.7849999999999999,0.0,0.043274049575889866,19,512
finite_duration,50,oracle,4,0.9312500000000001,0.7849999999999999,0.0,0.0,6,512
finite_duration,51,last_contact,7,0.5900000000000001,0.98,0.14625,0.032849802847265644,16,512
finite_duration,51,ema,7,0.5900000000000001,0.98,0.14625,0.027119646652491468,16,512
finite_duration,51,failure_age,7,0.5900000000000001,0.98,0.14625,0.027671745347560603,16,512
finite_duration,51,route_history,7,0.5900000000000001,0.98,0.14625,0.02800014099999419,16,512
finite_duration,51,shuffled_history,7,0.5900000000000001,0.98,0.14625,0.02637886014099561,16,512
finite_duration,51,oracle,4,0.7362500000000001,0.2,0.0,0.0,6,512
finite_duration,52,last_contact,0,0.395,0.2,0.585,0.06341358487851562,1,512
finite_duration,52,ema,3,0.9312500000000001,0.7849999999999999,0.04874999999999985,0.05620779952852149,13,512
finite_duration,52,failure_age,2,0.7362500000000001,0.7849999999999999,0.2437499999999999,0.05199755936182011,15,512
finite_duration,52,route_history,2,0.7362500000000001,0.7849999999999999,0.2437499999999999,0.05189830879096749,15,512
finite_duration,52,shuffled_history,2,0.7362500000000001,0.7849999999999999,0.2437499999999999,0.051600619595788065,15,512
finite_duration,52,oracle,5,0.98,0.98,0.0,0.0,13,512
finite_duration,53,last_contact,6,0.54125,0.2,0.43875,0.05868214601132811,8,512
finite_duration,53,ema,4,0.83375,0.395,0.14625,0.041851024194373136,17,512
finite_duration,53,failure_age,4,0.83375,0.395,0.14625,0.035314859780476104,17,512
finite_duration,53,route_history,4,0.83375,0.395,0.14625,0.036352399470473654,17,512
finite_duration,53,shuffled_history,4,0.83375,0.395,0.14625,0.03514833605844912,17,512
finite_duration,53,oracle,5,0.98,0.98,0.0,0.0,9,512
finite_duration,54,last_contact,5,0.8825000000000001,0.5900000000000001,0.0,0.07456203956601565,4,512
finite_duration,54,ema,1,0.7362500000000001,0.2,0.14625,0.05881396306548617,12,512
finite_duration,54,failure_age,3,0.63875,0.7849999999999999,0.24375000000000002,0.06122324337967022,17,512
finite_duration,54,route_history,3,0.63875,0.7849999999999999,0.24375000000000002,0.060964536930030205,17,512
finite_duration,54,shuffled_history,3,0.63875,0.7849999999999999,0.24375000000000002,0.06239000868703365,17,512
finite_duration,54,oracle,5,0.8825000000000001,0.5900000000000001,0.0,0.0,4,512
finite_duration,55,last_contact,2,0.7362500000000001,0.2,0.0,0.04534844210507815,12,512
finite_duration,55,ema,2,0.7362500000000001,0.2,0.0,0.03246099799338337,12,512
finite_duration,55,failure_age,0,0.5900000000000001,0.98,0.14625,0.032206007041210995,18,512
finite_duration,55,route_history,0,0.5900000000000001,0.98,0.14625,0.03273164519597952,18,512
finite_duration,55,shuffled_history,0,0.5900000000000001,0.98,0.14625,0.032964451014552004,18,512
finite_duration,55,oracle,2,0.7362500000000001,0.2,0.0,0.0,12,512
finite_duration,56,last_contact,6,0.83375,0.395,0.0,0.04602160343320312,3,512
finite_duration,56,ema,4,0.7849999999999999,0.2,0.04875000000000007,0.03756707176998251,15,512
finite_duration,56,failure_age,4,0.7849999999999999,0.2,0.04875000000000007,0.0389226000296531,15,512
finite_duration,56,route_history,4,0.7849999999999999,0.2,0.04875000000000007,0.03898695325514449,15,512
finite_duration,56,shuffled_history,4,0.7849999999999999,0.2,0.04875000000000007,0.03922788880843712,15,512
finite_duration,56,oracle,6,0.83375,0.395,0.0,0.0,3,512
finite_duration,57,last_contact,5,0.395,0.2,0.48750000000000004,0.04596040694882813,8,512
finite_duration,57,ema,4,0.44375000000000003,0.2,0.43875000000000003,0.039387016684348006,12,512
finite_duration,57,failure_age,1,0.6875,0.2,0.19500000000000006,0.03687974780560715,13,512
finite_duration,57,route_history,1,0.6875,0.2,0.19500000000000006,0.03790691377082843,13,512
finite_duration,57,shuffled_history,7,0.8825000000000001,0.5900000000000001,0.0,0.03726914607686979,13,512
finite_duration,57,oracle,7,0.8825000000000001,0.5900000000000001,0.0,0.0,13,512
finite_duration,58,last_contact,5,0.54125,0.2,0.09750000000000003,0.02539244679257814,8,512
finite_duration,58,ema,6,0.395,0.2,0.24375000000000002,0.024521869447734993,12,512
finite_duration,58,failure_age,6,0.395,0.2,0.24375000000000002,0.02371420136347238,12,512
finite_duration,58,route_history,6,0.395,0.2,0.24375000000000002,0.024599516366239072,12,512
finite_duration,58,shuffled_history,6,0.395,0.2,0.24375000000000002,0.02291787403806371,12,512
finite_duration,58,oracle,1,0.63875,0.2,0.0,0.0,10,512
finite_duration,59,last_contact,1,0.98,0.98,0.0,0.02844217062070311,9,512
finite_duration,59,ema,5,0.44375000000000003,0.98,0.5362499999999999,0.030848848152132596,14,512
finite_duration,59,failure_age,5,0.44375000000000003,0.98,0.5362499999999999,0.029556876620308127,14,512
finite_duration,59,route_history,5,0.44375000000000003,0.98,0.5362499999999999,0.02951431795393411,14,512
finite_duration,59,shuffled_history,5,0.44375000000000003,0.98,0.5362499999999999,0.02938742929853808,14,512
finite_duration,59,oracle,1,0.98,0.98,0.0,0.0,9,512
finite_duration,60,last_contact,7,0.34625,0.2,0.34125,0.04686439190976564,7,512
finite_duration,60,ema,5,0.54125,0.2,0.14625,0.03713187859013298,14,512
finite_duration,60,failure_age,5,0.54125,0.2,0.14625,0.03491362290513441,14,512
finite_duration,60,route_history,5,0.54125,0.2,0.14625,0.03504721949943584,14,512
finite_duration,60,shuffled_history,5,0.54125,0.2,0.14625,0.035944402691099,14,512
finite_duration,60,oracle,6,0.6875,0.2,0.0,0.0,7,512
finite_duration,61,last_contact,5,0.7849999999999999,0.2,0.09750000000000014,0.057637943862890624,3,512
finite_duration,61,ema,6,0.8825000000000001,0.5900000000000001,0.0,0.04451330133640885,14,512
finite_duration,61,failure_age,1,0.63875,0.7849999999999999,0.24375000000000002,0.042927326471521116,18,512
finite_duration,61,route_history,1,0.63875,0.7849999999999999,0.24375000000000002,0.042942255659536285,18,512
finite_duration,61,shuffled_history,1,0.63875,0.7849999999999999,0.24375000000000002,0.04036721885439374,18,512
finite_duration,61,oracle,6,0.8825000000000001,0.5900000000000001,0.0,0.0,14,512
finite_duration,62,last_contact,7,0.395,0.2,0.2925,0.018118680191015635,5,512
finite_duration,62,ema,4,0.6875,0.2,0.0,0.007016983472856668,12,512
finite_duration,62,failure_age,4,0.6875,0.2,0.0,0.00709535560451399,12,512
finite_duration,62,route_history,4,0.6875,0.2,0.0,0.006895380893104607,12,512
finite_duration,62,shuffled_history,4,0.6875,0.2,0.0,0.007071180750709597,12,512
finite_duration,62,oracle,4,0.6875,0.2,0.0,0.0,12,512
finite_duration,63,last_contact,5,0.4925,0.5900000000000001,0.39000000000000007,0.050508256362890636,8,512
finite_duration,63,ema,4,0.8825000000000001,0.7849999999999999,0.0,0.03142921128850189,18,512
finite_duration,63,failure_age,0,0.4925,0.98,0.39000000000000007,0.035470128924416325,19,512
finite_duration,63,route_history,0,0.4925,0.98,0.39000000000000007,0.03611573714255491,19,512
finite_duration,63,shuffled_history,0,0.4925,0.98,0.39000000000000007,0.03805409839670976,19,512
finite_duration,63,oracle,4,0.8825000000000001,0.7849999999999999,0.0,0.0,18,512
finite_duration,64,last_contact,5,0.5900000000000001,0.2,0.2925,0.01862993819882813,1,512
finite_duration,64,ema,7,0.5900000000000001,0.5900000000000001,0.2925,0.02458246673844588,14,512
finite_duration,64,failure_age,7,0.5900000000000001,0.5900000000000001,0.2925,0.023401518422120474,14,512
finite_duration,64,route_history,7,0.5900000000000001,0.5900000000000001,0.2925,0.023018327080249378,14,512
finite_duration,64,shuffled_history,7,0.5900000000000001,0.5900000000000001,0.2925,0.022781323989132157,14,512
finite_duration,64,oracle,1,0.8825000000000001,0.7849999999999999,0.0,0.0,6,512
finite_duration,65,last_contact,7,0.7362500000000001,0.2,0.04874999999999985,0.019857729800390612,8,512
finite_duration,65,ema,1,0.395,0.5900000000000001,0.3899999999999999,0.021054476089678233,11,512
finite_duration,65,failure_age,3,0.4925,0.98,0.2924999999999999,0.020139763561559436,15,512
finite_duration,65,route_history,3,0.4925,0.98,0.2924999999999999,0.019060434170022657,15,512
finite_duration,65,shuffled_history,3,0.4925,0.98,0.2924999999999999,0.021663630955725544,15,512
finite_duration,65,oracle,5,0.7849999999999999,0.2,0.0,0.0,13,512
finite_duration,66,last_contact,4,0.8825000000000001,0.5900000000000001,0.04875000000000007,0.057043803237890635,15,512
finite_duration,66,ema,4,0.8825000000000001,0.5900000000000001,0.04875000000000007,0.06062039826465099,15,512
finite_duration,66,failure_age,6,0.63875,0.5900000000000001,0.2925000000000001,0.058653173139835146,17,512
finite_duration,66,route_history,6,0.63875,0.5900000000000001,0.2925000000000001,0.05955271731931411,17,512
finite_duration,66,shuffled_history,6,0.63875,0.5900000000000001,0.2925000000000001,0.05906401181822945,17,512
finite_duration,66,oracle,1,0.9312500000000001,0.7849999999999999,0.0,0.0,4,512
finite_duration,67,last_contact,0,0.34625,0.2,0.63375,0.055733129019140626,7,512
finite_duration,67,ema,4,0.7849999999999999,0.2,0.19500000000000006,0.05215724617911159,9,512
finite_duration,67,failure_age,4,0.7849999999999999,0.2,0.19500000000000006,0.05117656454715135,9,512
finite_duration,67,route_history,4,0.7849999999999999,0.2,0.19500000000000006,0.04935030557229572,9,512
finite_duration,67,shuffled_history,4,0.7849999999999999,0.2,0.19500000000000006,0.052101399160472545,9,512
finite_duration,67,oracle,5,0.98,0.98,0.0,0.0,4,512
finite_duration,68,last_contact,0,0.83375,0.395,0.0,0.02295082589414061,13,512
finite_duration,68,ema,0,0.83375,0.395,0.0,0.020584080167350437,13,512
finite_duration,68,failure_age,0,0.83375,0.395,0.0,0.02214773738496283,13,512
finite_duration,68,route_history,0,0.83375,0.395,0.0,0.02162898500961242,13,512
finite_duration,68,shuffled_history,0,0.83375,0.395,0.0,0.02194637162420847,13,512
finite_duration,68,oracle,0,0.83375,0.395,0.0,0.0,13,512
finite_duration,69,last_contact,2,0.7362500000000001,0.2,0.19500000000000006,0.040609279409765615,9,512
finite_duration,69,ema,2,0.7362500000000001,0.2,0.19500000000000006,0.027442838257857028,9,512
finite_duration,69,failure_age,6,0.83375,0.98,0.09750000000000014,0.029450337740459038,18,512
finite_duration,69,route_history,6,0.83375,0.98,0.09750000000000014,0.029596758525222956,18,512
finite_duration,69,shuffled_history,6,0.83375,0.98,0.09750000000000014,0.028758299632572308,18,512
finite_duration,69,oracle,1,0.9312500000000001,0.7849999999999999,0.0,0.0,14,512
finite_duration,70,last_contact,1,0.83375,0.7849999999999999,0.0,0.04163951925351564,6,512
finite_duration,70,ema,5,0.63875,0.2,0.19499999999999995,0.031043883624241996,11,512
finite_duration,70,failure_age,5,0.63875,0.2,0.19499999999999995,0.030653364269168606,11,512
finite_duration,70,route_history,5,0.63875,0.2,0.19499999999999995,0.03057775933227721,11,512
finite_duration,70,shuffled_history,5,0.63875,0.2,0.19499999999999995,0.030736726172064535,11,512
finite_duration,70,oracle,1,0.83375,0.7849999999999999,0.0,0.0,6,512
finite_duration,71,last_contact,3,0.63875,0.2,0.14624999999999988,0.04452733976132813,16,512
finite_duration,71,ema,3,0.63875,0.2,0.14624999999999988,0.028451559823622966,16,512
finite_duration,71,failure_age,3,0.63875,0.2,0.14624999999999988,0.029012557193336536,16,512
finite_duration,71,route_history,3,0.63875,0.2,0.14624999999999988,0.029723216345586532,16,512
finite_duration,71,shuffled_history,3,0.63875,0.2,0.14624999999999988,0.03147416935977542,16,512
finite_duration,71,oracle,4,0.7849999999999999,0.2,0.0,0.0,2,512
finite_duration,72,last_contact,2,0.6875,0.98,0.14625,0.02709198605039063,6,512
finite_duration,72,ema,5,0.4925,0.2,0.34125,0.022051219936820587,12,512
finite_duration,72,failure_age,5,0.4925,0.2,0.34125,0.020078839581422626,12,512
finite_duration,72,route_history,5,0.4925,0.2,0.34125,0.01932102375272178,12,512
finite_duration,72,shuffled_history,5,0.4925,0.2,0.34125,0.0199216019058491,12,512
finite_duration,72,oracle,4,0.83375,0.395,0.0,0.0,12,512
finite_duration,73,last_contact,5,0.395,0.2,0.5362500000000001,0.040613141323828136,6,512
finite_duration,73,ema,3,0.9312500000000001,0.7849999999999999,0.0,0.0402611708413384,17,512
finite_duration,73,failure_age,3,0.9312500000000001,0.7849999999999999,0.0,0.03686076893749968,17,512
finite_duration,73,route_history,3,0.9312500000000001,0.7849999999999999,0.0,0.03611574781819243,17,512
finite_duration,73,shuffled_history,3,0.9312500000000001,0.7849999999999999,0.0,0.03594728278811144,17,512
finite_duration,73,oracle,3,0.9312500000000001,0.7849999999999999,0.0,0.0,17,512
finite_duration,74,last_contact,5,0.6875,0.2,0.2925,0.07818421788632812,9,512
finite_duration,74,ema,0,0.9312500000000001,0.7849999999999999,0.04874999999999985,0.041887263712091866,12,512
finite_duration,74,failure_age,3,0.98,0.98,0.0,0.03850602328040403,16,512
finite_duration,74,route_history,3,0.98,0.98,0.0,0.0372197488849438,16,512
finite_duration,74,shuffled_history,3,0.98,0.98,0.0,0.03809020293537506,16,512
finite_duration,74,oracle,3,0.98,0.98,0.0,0.0,16,512
finite_duration,75,last_contact,5,0.4925,0.2,0.4875,0.039586763394140606,10,512
finite_duration,75,ema,2,0.98,0.98,0.0,0.03976923641807116,16,512
finite_duration,75,failure_age,2,0.98,0.98,0.0,0.037871067038080124,16,512
finite_duration,75,route_history,2,0.98,0.98,0.0,0.03603178058122586,16,512
finite_duration,75,shuffled_history,2,0.98,0.98,0.0,0.03696907189150275,16,512
finite_duration,75,oracle,2,0.98,0.98,0.0,0.0,16,512
finite_duration,76,last_contact,1,0.54125,0.395,0.3900000000000001,0.025921529019140622,1,512
finite_duration,76,ema,0,0.7362500000000001,0.2,0.19500000000000006,0.02268136460586727,10,512
finite_duration,76,failure_age,7,0.9312500000000001,0.7849999999999999,0.0,0.019477816493114686,19,512
finite_duration,76,route_history,7,0.9312500000000001,0.7849999999999999,0.0,0.018913506173716194,19,512
finite_duration,76,shuffled_history,7,0.9312500000000001,0.7849999999999999,0.0,0.01936123955835402,19,512
finite_duration,76,oracle,7,0.9312500000000001,0.7849999999999999,0.0,0.0,19,512
finite_duration,77,last_contact,1,0.395,0.2,0.5362500000000001,0.04899230655820315,3,512
finite_duration,77,ema,4,0.63875,0.7849999999999999,0.2925000000000001,0.02716759477128638,17,512
finite_duration,77,failure_age,4,0.63875,0.7849999999999999,0.2925000000000001,0.030296297449708347,17,512
finite_duration,77,route_history,4,0.63875,0.7849999999999999,0.2925000000000001,0.031249847121496744,17,512
finite_duration,77,shuffled_history,4,0.63875,0.7849999999999999,0.2925000000000001,0.03172389428138244,17,512
finite_duration,77,oracle,3,0.9312500000000001,0.98,0.0,0.0,13,512
finite_duration,78,last_contact,2,0.7849999999999999,0.2,0.04875000000000007,0.03227348644101561,12,512
finite_duration,78,ema,2,0.7849999999999999,0.2,0.04875000000000007,0.018247483100558914,12,512
finite_duration,78,failure_age,4,0.63875,0.5900000000000001,0.19499999999999995,0.018634232453719937,17,512
finite_duration,78,route_history,4,0.63875,0.5900000000000001,0.19499999999999995,0.01832524265501168,17,512
finite_duration,78,shuffled_history,4,0.63875,0.5900000000000001,0.19499999999999995,0.019034930166221715,17,512
finite_duration,78,oracle,5,0.83375,0.395,0.0,0.0,17,512
finite_duration,79,last_contact,7,0.98,0.98,0.0,0.025532663980078113,8,512
finite_duration,79,ema,6,0.5900000000000001,0.7849999999999999,0.3899999999999999,0.0295107607287664,18,512
finite_duration,79,failure_age,6,0.5900000000000001,0.7849999999999999,0.3899999999999999,0.03176295172811737,18,512
finite_duration,79,route_history,6,0.5900000000000001,0.7849999999999999,0.3899999999999999,0.03354682227853935,18,512
finite_duration,79,shuffled_history,6,0.5900000000000001,0.7849999999999999,0.3899999999999999,0.031693625080414525,18,512
finite_duration,79,oracle,7,0.98,0.98,0.0,0.0,8,512
finite_duration,80,last_contact,3,0.5900000000000001,0.2,0.2925,0.030102199526953123,13,512
finite_duration,80,ema,3,0.5900000000000001,0.2,0.2925,0.026149498199495948,13,512
finite_duration,80,failure_age,3,0.5900000000000001,0.2,0.2925,0.02342409215879089,13,512
finite_duration,80,route_history,3,0.5900000000000001,0.2,0.2925,0.022898201627669635,13,512
finite_duration,80,shuffled_history,3,0.5900000000000001,0.2,0.2925,0.02381606175089067,13,512
finite_duration,80,oracle,2,0.8825000000000001,0.5900000000000001,0.0,0.0,7,512
finite_duration,81,last_contact,1,0.44375000000000003,0.7849999999999999,0.29250000000000004,0.023732417886328138,11,512
finite_duration,81,ema,1,0.44375000000000003,0.7849999999999999,0.29250000000000004,0.03662854462941928,11,512
finite_duration,81,failure_age,1,0.44375000000000003,0.7849999999999999,0.29250000000000004,0.027003700643283477,11,512
finite_duration,81,route_history,1,0.44375000000000003,0.7849999999999999,0.29250000000000004,0.02842248489629827,11,512
finite_duration,81,shuffled_history,1,0.44375000000000003,0.7849999999999999,0.29250000000000004,0.0283817814138478,11,512
finite_duration,81,oracle,7,0.7362500000000001,0.2,0.0,0.0,8,512
finite_duration,82,last_contact,3,0.44375000000000003,0.2,0.4875000000000001,0.05773865069882811,3,512
finite_duration,82,ema,4,0.9312500000000001,0.7849999999999999,0.0,0.02394116103091402,14,512
finite_duration,82,failure_age,4,0.9312500000000001,0.7849999999999999,0.0,0.025259788186545496,14,512
finite_duration,82,route_history,4,0.9312500000000001,0.7849999999999999,0.0,0.026032501059626803,14,512
finite_duration,82,shuffled_history,4,0.9312500000000001,0.7849999999999999,0.0,0.025666929044577184,14,512
finite_duration,82,oracle,4,0.9312500000000001,0.7849999999999999,0.0,0.0,14,512
finite_duration,83,last_contact,2,0.6875,0.2,0.14625,0.03659823605039063,6,512
finite_duration,83,ema,4,0.44375000000000003,0.5900000000000001,0.38999999999999996,0.03344070190771019,15,512
finite_duration,83,failure_age,4,0.44375000000000003,0.5900000000000001,0.38999999999999996,0.03689606106096716,15,512
finite_duration,83,route_history,4,0.44375000000000003,0.5900000000000001,0.38999999999999996,0.03789854648819628,15,512
finite_duration,83,shuffled_history,4,0.44375000000000003,0.5900000000000001,0.38999999999999996,0.0373431746458627,15,512
finite_duration,83,oracle,1,0.83375,0.395,0.0,0.0,4,512
finite_duration,84,last_contact,7,0.5900000000000001,0.2,0.14625,0.018241073159765635,12,512
finite_duration,84,ema,7,0.5900000000000001,0.2,0.14625,0.008500309685432287,12,512
finite_duration,84,failure_age,1,0.7362500000000001,0.5900000000000001,0.0,0.007176812033265876,13,512
finite_duration,84,route_history,4,0.63875,0.7849999999999999,0.09750000000000003,0.006532481281952832,13,512
finite_duration,84,shuffled_history,4,0.63875,0.7849999999999999,0.09750000000000003,0.007167646333850461,13,512
finite_duration,84,oracle,1,0.7362500000000001,0.5900000000000001,0.0,0.0,13,512
finite_duration,85,last_contact,0,0.7362500000000001,0.2,0.0,0.06325554347226565,10,512
finite_duration,85,ema,1,0.54125,0.98,0.19500000000000006,0.04104117700386084,13,512
finite_duration,85,failure_age,1,0.54125,0.98,0.19500000000000006,0.03501127041006381,13,512
finite_duration,85,route_history,1,0.54125,0.98,0.19500000000000006,0.0348441013511098,13,512
finite_duration,85,shuffled_history,1,0.54125,0.98,0.19500000000000006,0.03344384272669919,13,512
finite_duration,85,oracle,0,0.7362500000000001,0.2,0.0,0.0,10,512
finite_duration,86,last_contact,5,0.34625,0.2,0.5362500000000001,0.042744917886328136,1,512
finite_duration,86,ema,4,0.7362500000000001,0.7849999999999999,0.14625,0.02766840362144162,19,512
finite_duration,86,failure_age,4,0.7362500000000001,0.7849999999999999,0.14625,0.027266242565365906,19,512
finite_duration,86,route_history,4,0.7362500000000001,0.7849999999999999,0.14625,0.026305925115348523,19,512
finite_duration,86,shuffled_history,4,0.7362500000000001,0.7849999999999999,0.14625,0.02366773318052834,19,512
finite_duration,86,oracle,0,0.8825000000000001,0.5900000000000001,0.0,0.0,4,512
finite_duration,87,last_contact,2,0.83375,0.395,0.14625,0.0541126104644531,3,512
finite_duration,87,ema,6,0.98,0.98,0.0,0.05168202409846798,11,512
finite_duration,87,failure_age,6,0.98,0.98,0.0,0.05145093145517174,11,512
finite_duration,87,route_history,6,0.98,0.98,0.0,0.05072814429645377,11,512
finite_duration,87,shuffled_history,6,0.98,0.98,0.0,0.055641728302459774,11,512
finite_duration,87,oracle,6,0.98,0.98,0.0,0.0,11,512
finite_duration,88,last_contact,2,0.9312500000000001,0.7849999999999999,0.0,0.06581569542539066,11,512
finite_duration,88,ema,2,0.9312500000000001,0.7849999999999999,0.0,0.03189613161479532,11,512
finite_duration,88,failure_age,2,0.9312500000000001,0.7849999999999999,0.0,0.035409899378369684,11,512
finite_duration,88,route_history,2,0.9312500000000001,0.7849999999999999,0.0,0.037456447530342114,11,512
finite_duration,88,shuffled_history,2,0.9312500000000001,0.7849999999999999,0.0,0.03584536504683883,11,512
finite_duration,88,oracle,2,0.9312500000000001,0.7849999999999999,0.0,0.0,11,512
finite_duration,89,last_contact,1,0.5900000000000001,0.2,0.34125000000000005,0.04530120792539061,14,512
finite_duration,89,ema,1,0.5900000000000001,0.2,0.34125000000000005,0.052019504416247954,14,512
finite_duration,89,failure_age,0,0.9312500000000001,0.7849999999999999,0.0,0.05006046889598686,17,512
finite_duration,89,route_history,0,0.9312500000000001,0.7849999999999999,0.0,0.050349268053253037,17,512
finite_duration,89,shuffled_history,0,0.9312500000000001,0.7849999999999999,0.0,0.05243376688780349,17,512
finite_duration,89,oracle,2,0.9312500000000001,0.7849999999999999,0.0,0.0,5,512
finite_duration,90,last_contact,4,0.6875,0.2,0.2925,0.04186261905820313,5,512
finite_duration,90,ema,3,0.7362500000000001,0.5900000000000001,0.2437499999999999,0.03686321421720376,12,512
finite_duration,90,failure_age,3,0.7362500000000001,0.5900000000000001,0.2437499999999999,0.039446237810902576,12,512
finite_duration,90,route_history,3,0.7362500000000001,0.5900000000000001,0.2437499999999999,0.0406837758462722,12,512
finite_duration,90,shuffled_history,3,0.7362500000000001,0.5900000000000001,0.2437499999999999,0.040437195859632374,12,512
finite_duration,90,oracle,0,0.98,0.98,0.0,0.0,6,512
finite_duration,91,last_contact,0,0.83375,0.395,0.04875000000000007,0.0447682637847656,2,512
finite_duration,91,ema,4,0.8825000000000001,0.5900000000000001,0.0,0.05088159198327097,9,512
finite_duration,91,failure_age,3,0.5900000000000001,0.2,0.2925,0.05399750258245913,12,512
finite_duration,91,route_history,3,0.5900000000000001,0.2,0.2925,0.055537512449724866,12,512
finite_duration,91,shuffled_history,3,0.5900000000000001,0.2,0.2925,0.0545804694434294,12,512
finite_duration,91,oracle,1,0.8825000000000001,0.5900000000000001,0.0,0.0,6,512
finite_duration,92,last_contact,7,0.6875,0.7849999999999999,0.2925,0.033828946597265604,12,512
finite_duration,92,ema,7,0.6875,0.7849999999999999,0.2925,0.02182543273576252,12,512
finite_duration,92,failure_age,0,0.98,0.98,0.0,0.024120330853648696,14,512
finite_duration,92,route_history,0,0.98,0.98,0.0,0.025042539392255495,14,512
finite_duration,92,shuffled_history,0,0.98,0.98,0.0,0.024973358922578338,14,512
finite_duration,92,oracle,0,0.98,0.98,0.0,0.0,14,512
finite_duration,93,last_contact,1,0.7849999999999999,0.2,0.1462500000000002,0.04755923937070314,4,512
finite_duration,93,ema,3,0.9312500000000001,0.7849999999999999,0.0,0.029423758418258117,11,512
finite_duration,93,failure_age,3,0.9312500000000001,0.7849999999999999,0.0,0.03186876285176431,11,512
finite_duration,93,route_history,3,0.9312500000000001,0.7849999999999999,0.0,0.032875609428147004,11,512
finite_duration,93,shuffled_history,3,0.9312500000000001,0.7849999999999999,0.0,0.03153342752284964,11,512
finite_duration,93,oracle,3,0.9312500000000001,0.7849999999999999,0.0,0.0,11,512
finite_duration,94,last_contact,7,0.4925,0.2,0.4875,0.042968017691015624,4,512
finite_duration,94,ema,0,0.4925,0.2,0.4875,0.04703484630451124,9,512
finite_duration,94,failure_age,3,0.98,0.98,0.0,0.04631188476485183,17,512
finite_duration,94,route_history,3,0.98,0.98,0.0,0.04459386839726168,17,512
finite_duration,94,shuffled_history,3,0.98,0.98,0.0,0.04579429050328221,17,512
finite_duration,94,oracle,3,0.98,0.98,0.0,0.0,17,512
finite_duration,95,last_contact,6,0.4925,0.2,0.34125,0.03422167355039063,1,512
finite_duration,95,ema,0,0.7849999999999999,0.7849999999999999,0.04875000000000007,0.016970049089835237,13,512
finite_duration,95,failure_age,7,0.83375,0.7849999999999999,0.0,0.012795755000197258,16,512
finite_duration,95,route_history,7,0.83375,0.7849999999999999,0.0,0.012272547755996212,16,512
finite_duration,95,shuffled_history,7,0.83375,0.7849999999999999,0.0,0.012766674735803965,16,512
finite_duration,95,oracle,7,0.83375,0.7849999999999999,0.0,0.0,16,512
finite_duration,96,last_contact,4,0.63875,0.2,0.24375000000000002,0.038358971792578134,12,512
finite_duration,96,ema,4,0.63875,0.2,0.24375000000000002,0.027615069838473262,12,512
finite_duration,96,failure_age,1,0.5900000000000001,0.7849999999999999,0.2925,0.0327270486228244,16,512
finite_duration,96,route_history,1,0.5900000000000001,0.7849999999999999,0.2925,0.0322196422297962,16,512
finite_duration,96,shuffled_history,1,0.5900000000000001,0.7849999999999999,0.2925,0.03389806809024198,16,512
finite_duration,96,oracle,2,0.8825000000000001,0.98,0.0,0.0,7,512
finite_duration,97,last_contact,1,0.54125,0.2,0.34125000000000005,0.02924158683164062,1,512
finite_duration,97,ema,2,0.63875,0.98,0.24375000000000002,0.03791724948342309,12,512
finite_duration,97,failure_age,7,0.54125,0.5900000000000001,0.34125000000000005,0.044517589724745885,17,512
finite_duration,97,route_history,7,0.54125,0.5900000000000001,0.34125000000000005,0.047208002130275276,17,512
finite_duration,97,shuffled_history,7,0.54125,0.5900000000000001,0.34125000000000005,0.0451096106708964,17,512
finite_duration,97,oracle,0,0.8825000000000001,0.5900000000000001,0.0,0.0,9,512
finite_duration,98,last_contact,2,0.24875000000000003,0.2,0.5362499999999999,0.04190599132382814,5,512
finite_duration,98,ema,3,0.7849999999999999,0.2,0.0,0.03762237256886194,16,512
finite_duration,98,failure_age,3,0.7849999999999999,0.2,0.0,0.041516280526872895,16,512
finite_duration,98,route_history,3,0.7849999999999999,0.2,0.0,0.043272489654436155,16,512
finite_duration,98,shuffled_history,3,0.7849999999999999,0.2,0.0,0.039987380531003876,16,512
finite_duration,98,oracle,3,0.7849999999999999,0.2,0.0,0.0,16,512
finite_duration,99,last_contact,3,0.2975,0.2,0.53625,0.04848104855039063,3,512
finite_duration,99,ema,1,0.83375,0.395,0.0,0.036751430862661236,13,512
finite_duration,99,failure_age,1,0.83375,0.395,0.0,0.03656900799103876,13,512
finite_duration,99,route_history,1,0.83375,0.395,0.0,0.03540879172248075,13,512
finite_duration,99,shuffled_history,1,0.83375,0.395,0.0,0.03624746448820057,13,512
finite_duration,99,oracle,1,0.83375,0.395,0.0,0.0,13,512
finite_duration,100,last_contact,0,0.63875,0.2,0.2925000000000001,0.05128598644101563,7,512
finite_duration,100,ema,3,0.8825000000000001,0.98,0.04875000000000007,0.02514635768263836,14,512
finite_duration,100,failure_age,7,0.9312500000000001,0.7849999999999999,0.0,0.02180438828451512,15,512
finite_duration,100,route_history,3,0.8825000000000001,0.98,0.04875000000000007,0.02376127319730409,14,512
finite_duration,100,shuffled_history,7,0.9312500000000001,0.7849999999999999,0.0,0.021835998680178992,15,512
finite_duration,100,oracle,7,0.9312500000000001,0.7849999999999999,0.0,0.0,15,512
finite_duration,101,last_contact,0,0.6875,0.2,0.2925,0.04309041065976561,12,512
finite_duration,101,ema,0,0.6875,0.2,0.2925,0.025436202333669673,12,512
finite_duration,101,failure_age,1,0.8825000000000001,0.7849999999999999,0.09749999999999992,0.023957145446803246,19,512
finite_duration,101,route_history,1,0.8825000000000001,0.7849999999999999,0.09749999999999992,0.024111367770192727,19,512
finite_duration,101,shuffled_history,1,0.8825000000000001,0.7849999999999999,0.09749999999999992,0.024249247719301505,19,512
finite_duration,101,oracle,5,0.98,0.98,0.0,0.0,15,512
finite_duration,102,last_contact,7,0.34625,0.2,0.4875,0.03805298937070313,4,512
finite_duration,102,ema,3,0.4925,0.2,0.34125,0.027837529429516943,11,512
finite_duration,102,failure_age,5,0.7849999999999999,0.98,0.04875000000000007,0.028538444462520435,17,512
finite_duration,102,route_history,5,0.7849999999999999,0.98,0.04875000000000007,0.028678102138650786,17,512
finite_duration,102,shuffled_history,5,0.7849999999999999,0.98,0.04875000000000007,0.026907148881728536,17,512
finite_duration,102,oracle,2,0.83375,0.395,0.0,0.0,7,512
finite_duration,103,last_contact,3,0.6875,0.2,0.2925,0.061425887417578116,4,512
finite_duration,103,ema,7,0.63875,0.2,0.34124999999999994,0.04861595244104422,11,512
finite_duration,103,failure_age,0,0.7362500000000001,0.2,0.2437499999999999,0.049284090571392346,14,512
finite_duration,103,route_history,0,0.7362500000000001,0.2,0.2437499999999999,0.04958543863847177,14,512
finite_duration,103,shuffled_history,0,0.7362500000000001,0.2,0.2437499999999999,0.04697176469721926,14,512
finite_duration,103,oracle,1,0.98,0.98,0.0,0.0,8,512
finite_duration,104,last_contact,3,0.2975,0.2,0.5850000000000001,0.041700715737890644,2,512
finite_duration,104,ema,2,0.8825000000000001,0.5900000000000001,0.0,0.02421537276415369,18,512
finite_duration,104,failure_age,2,0.8825000000000001,0.5900000000000001,0.0,0.022447529645547547,18,512
finite_duration,104,route_history,2,0.8825000000000001,0.5900000000000001,0.0,0.021551077859993273,18,512
finite_duration,104,shuffled_history,2,0.8825000000000001,0.5900000000000001,0.0,0.021986827718055962,18,512
finite_duration,104,oracle,2,0.8825000000000001,0.5900000000000001,0.0,0.0,18,512
finite_duration,105,last_contact,1,0.24875000000000003,0.2,0.73125,0.07370142687070314,5,512
finite_duration,105,ema,2,0.98,0.98,0.0,0.044175916430420056,20,512
finite_duration,105,failure_age,2,0.98,0.98,0.0,0.039528734570343074,20,512
finite_duration,105,route_history,2,0.98,0.98,0.0,0.042569542107491073,20,512
finite_duration,105,shuffled_history,2,0.98,0.98,0.0,0.038895104330484306,20,512
finite_duration,105,oracle,2,0.98,0.98,0.0,0.0,20,512
finite_duration,106,last_contact,4,0.44375000000000003,0.2,0.24374999999999997,0.02889609405820314,8,512
finite_duration,106,ema,1,0.54125,0.2,0.14625,0.017875834526619314,11,512
finite_duration,106,failure_age,3,0.6875,0.5900000000000001,0.0,0.016503652468960038,17,512
finite_duration,106,route_history,3,0.6875,0.5900000000000001,0.0,0.01632191710999753,17,512
finite_duration,106,shuffled_history,3,0.6875,0.5900000000000001,0.0,0.016586012110390944,17,512
finite_duration,106,oracle,3,0.6875,0.5900000000000001,0.0,0.0,17,512
finite_duration,107,last_contact,4,0.83375,0.395,0.14625,0.07541879034726562,8,512
finite_duration,107,ema,5,0.9312500000000001,0.98,0.04874999999999985,0.03393865864676484,13,512
finite_duration,107,failure_age,0,0.7362500000000001,0.98,0.2437499999999999,0.029838158266354803,20,512
finite_duration,107,route_history,2,0.98,0.98,0.0,0.02753649070470878,20,512
finite_duration,107,shuffled_history,0,0.7362500000000001,0.98,0.2437499999999999,0.02908968401309229,20,512
finite_duration,107,oracle,2,0.98,0.98,0.0,0.0,20,512
finite_duration,108,last_contact,7,0.2975,0.2,0.6337500000000001,0.05032466690976565,5,512
finite_duration,108,ema,3,0.4925,0.2,0.43875000000000014,0.03331240585567681,10,512
finite_duration,108,failure_age,0,0.9312500000000001,0.7849999999999999,0.0,0.02793138159705013,17,512
finite_duration,108,route_history,0,0.9312500000000001,0.7849999999999999,0.0,0.029369141814960874,17,512
finite_duration,108,shuffled_history,0,0.9312500000000001,0.7849999999999999,0.0,0.027284781833722647,17,512
finite_duration,108,oracle,0,0.9312500000000001,0.7849999999999999,0.0,0.0,17,512
finite_duration,109,last_contact,5,0.44375000000000003,0.2,0.5362499999999999,0.04788690792539063,13,512
finite_duration,109,ema,5,0.44375000000000003,0.2,0.5362499999999999,0.04240985381318154,13,512
finite_duration,109,failure_age,5,0.44375000000000003,0.2,0.5362499999999999,0.04224281396677512,13,512
finite_duration,109,route_history,2,0.98,0.98,0.0,0.03965568883654623,12,512
finite_duration,109,shuffled_history,5,0.44375000000000003,0.2,0.5362499999999999,0.04311514008043993,13,512
finite_duration,109,oracle,2,0.98,0.98,0.0,0.0,12,512
finite_duration,110,last_contact,2,0.8825000000000001,0.5900000000000001,0.09749999999999992,0.05583383585507812,16,512
finite_duration,110,ema,2,0.8825000000000001,0.5900000000000001,0.09749999999999992,0.029139698982826867,16,512
finite_duration,110,failure_age,2,0.8825000000000001,0.5900000000000001,0.09749999999999992,0.025672612325279908,16,512
finite_duration,110,route_history,2,0.8825000000000001,0.5900000000000001,0.09749999999999992,0.02559674113518213,16,512
finite_duration,110,shuffled_history,6,0.98,0.98,0.0,0.024902994161432462,16,512
finite_duration,110,oracle,6,0.98,0.98,0.0,0.0,16,512
finite_duration,111,last_contact,2,0.63875,0.98,0.34124999999999994,0.050608963198828114,14,512
finite_duration,111,ema,2,0.63875,0.98,0.34124999999999994,0.03192282578441427,14,512
finite_duration,111,failure_age,7,0.98,0.98,0.0,0.033415207125604515,15,512
finite_duration,111,route_history,7,0.98,0.98,0.0,0.032431501978739945,15,512
finite_duration,111,shuffled_history,7,0.98,0.98,0.0,0.03354001760650466,15,512
finite_duration,111,oracle,7,0.98,0.98,0.0,0.0,15,512
finite_duration,112,last_contact,4,0.5900000000000001,0.2,0.34125000000000005,0.03145238409726561,3,512
finite_duration,112,ema,6,0.7849999999999999,0.395,0.1462500000000002,0.022580688450051244,14,512
finite_duration,112,failure_age,6,0.7849999999999999,0.395,0.1462500000000002,0.021794767564238843,14,512
finite_duration,112,route_history,0,0.7849999999999999,0.2,0.1462500000000002,0.022053331758139044,14,512
finite_duration,112,shuffled_history,0,0.7849999999999999,0.2,0.1462500000000002,0.02435416928079612,14,512
finite_duration,112,oracle,1,0.9312500000000001,0.7849999999999999,0.0,0.0,6,512
finite_duration,113,last_contact,0,0.54125,0.2,0.3900000000000001,0.04241338741757812,13,512
finite_duration,113,ema,0,0.54125,0.2,0.3900000000000001,0.027848614483665345,13,512
finite_duration,113,failure_age,2,0.7849999999999999,0.7849999999999999,0.1462500000000002,0.02373547578143493,19,512
finite_duration,113,route_history,2,0.7849999999999999,0.7849999999999999,0.1462500000000002,0.02540607085854365,19,512
finite_duration,113,shuffled_history,2,0.7849999999999999,0.7849999999999999,0.1462500000000002,0.02530675208139069,19,512
finite_duration,113,oracle,6,0.9312500000000001,0.7849999999999999,0.0,0.0,18,512
finite_duration,114,last_contact,2,0.44375000000000003,0.2,0.4875000000000001,0.046860529995703136,4,512
finite_duration,114,ema,5,0.4925,0.2,0.43875000000000014,0.05501247490506678,11,512
finite_duration,114,failure_age,1,0.9312500000000001,0.98,0.0,0.051154156772363554,15,512
finite_duration,114,route_history,1,0.9312500000000001,0.98,0.0,0.05038342509867003,15,512
finite_duration,114,shuffled_history,1,0.9312500000000001,0.98,0.0,0.04811444984516723,15,512
finite_duration,114,oracle,1,0.9312500000000001,0.98,0.0,0.0,15,512
finite_duration,115,last_contact,7,0.7849999999999999,0.2,0.09750000000000014,0.0444010848785156,12,512
finite_duration,115,ema,7,0.7849999999999999,0.2,0.09750000000000014,0.020441673070190743,12,512
finite_duration,115,failure_age,4,0.83375,0.5900000000000001,0.04875000000000007,0.022260395779245323,17,512
finite_duration,115,route_history,4,0.83375,0.5900000000000001,0.04875000000000007,0.021830790201743444,17,512
finite_duration,115,shuffled_history,4,0.83375,0.5900000000000001,0.04875000000000007,0.020679668570334108,17,512
finite_duration,115,oracle,2,0.8825000000000001,0.5900000000000001,0.0,0.0,11,512
finite_duration,116,last_contact,5,0.54125,0.2,0.43875,0.04192381554257812,5,512
finite_duration,116,ema,3,0.395,0.98,0.585,0.04358532476165602,18,512
finite_duration,116,failure_age,7,0.7362500000000001,0.98,0.2437499999999999,0.03874852012513335,19,512
finite_duration,116,route_history,7,0.7362500000000001,0.98,0.2437499999999999,0.03971360000232553,19,512
finite_duration,116,shuffled_history,7,0.7362500000000001,0.98,0.2437499999999999,0.03907983198751051,19,512
finite_duration,116,oracle,1,0.98,0.98,0.0,0.0,19,512
finite_duration,117,last_contact,2,0.63875,0.2,0.24375000000000002,0.022583646987890626,12,512
finite_duration,117,ema,2,0.63875,0.2,0.24375000000000002,0.0176388157721109,12,512
finite_duration,117,failure_age,4,0.8825000000000001,0.5900000000000001,0.0,0.015443172168300455,14,512
finite_duration,117,route_history,4,0.8825000000000001,0.5900000000000001,0.0,0.014823733182738108,14,512
finite_duration,117,shuffled_history,4,0.8825000000000001,0.5900000000000001,0.0,0.016143080173640478,14,512
finite_duration,117,oracle,4,0.8825000000000001,0.5900000000000001,0.0,0.0,14,512
finite_duration,118,last_contact,5,0.2,0.2,0.6825000000000001,0.05239524698789065,2,512
finite_duration,118,ema,2,0.4925,0.2,0.39000000000000007,0.05271179997101519,10,512
finite_duration,118,failure_age,6,0.7362500000000001,0.2,0.14625,0.04139289340460128,13,512
finite_duration,118,route_history,6,0.7362500000000001,0.2,0.14625,0.042487822461066846,13,512
finite_duration,118,shuffled_history,6,0.7362500000000001,0.2,0.14625,0.04118516239241518,13,512
finite_duration,118,oracle,4,0.8825000000000001,0.5900000000000001,0.0,0.0,3,512
finite_duration,119,last_contact,7,0.83375,0.395,0.04875000000000007,0.04577681749570314,14,512
finite_duration,119,ema,7,0.83375,0.395,0.04875000000000007,0.03273440333734176,14,512
finite_duration,119,failure_age,7,0.83375,0.395,0.04875000000000007,0.03075425046107428,14,512
finite_duration,119,route_history,7,0.83375,0.395,0.04875000000000007,0.031453636946807514,14,512
finite_duration,119,shuffled_history,7,0.83375,0.395,0.04875000000000007,0.0314493818195765,14,512
finite_duration,119,oracle,6,0.8825000000000001,0.5900000000000001,0.0,0.0,8,512
finite_duration,120,last_contact,1,0.2,0.2,0.34125,0.059568306753515654,2,512
finite_duration,120,ema,4,0.4925,0.2,0.048750000000000016,0.033606018134405745,9,512
finite_duration,120,failure_age,4,0.4925,0.2,0.048750000000000016,0.030929676033792958,9,512
finite_duration,120,route_history,4,0.4925,0.2,0.048750000000000016,0.03226603445700793,9,512
finite_duration,120,shuffled_history,4,0.4925,0.2,0.048750000000000016,0.03234000885928248,9,512
finite_duration,120,oracle,3,0.54125,0.5900000000000001,0.0,0.0,5,512
finite_duration,121,last_contact,7,0.395,0.2,0.43875,0.023465945816015632,2,512
finite_duration,121,ema,6,0.4925,0.2,0.34125,0.02320431400162515,7,512
finite_duration,121,failure_age,6,0.4925,0.2,0.34125,0.019949097385331245,7,512
finite_duration,121,route_history,6,0.4925,0.2,0.34125,0.02016860607772161,7,512
finite_duration,121,shuffled_history,6,0.4925,0.2,0.34125,0.01921473560893825,7,512
finite_duration,121,oracle,3,0.83375,0.5900000000000001,0.0,0.0,4,512
finite_duration,122,last_contact,1,0.34625,0.2,0.4875,0.025431957144140628,6,512
finite_duration,122,ema,5,0.7362500000000001,0.2,0.09749999999999992,0.026779679344344227,11,512
finite_duration,122,failure_age,5,0.7362500000000001,0.2,0.09749999999999992,0.028387908227580107,11,512
finite_duration,122,route_history,5,0.7362500000000001,0.2,0.09749999999999992,0.028513829419801018,11,512
finite_duration,122,shuffled_history,5,0.7362500000000001,0.2,0.09749999999999992,0.03178466885324831,11,512
finite_duration,122,oracle,2,0.83375,0.5900000000000001,0.0,0.0,3,512
finite_duration,123,last_contact,6,0.9312500000000001,0.7849999999999999,0.0,0.06593422648007814,17,512
finite_duration,123,ema,6,0.9312500000000001,0.7849999999999999,0.0,0.060398697399882365,17,512
finite_duration,123,failure_age,6,0.9312500000000001,0.7849999999999999,0.0,0.05738036183465835,17,512
finite_duration,123,route_history,6,0.9312500000000001,0.7849999999999999,0.0,0.05815878608436645,17,512
finite_duration,123,shuffled_history,6,0.9312500000000001,0.7849999999999999,0.0,0.057643078303360865,17,512
finite_duration,123,oracle,6,0.9312500000000001,0.7849999999999999,0.0,0.0,17,512
finite_duration,124,last_contact,3,0.395,0.2,0.48750000000000004,0.04208958077695314,13,512
finite_duration,124,ema,3,0.395,0.2,0.48750000000000004,0.032601081214690665,13,512
finite_duration,124,failure_age,1,0.6875,0.98,0.19500000000000006,0.03477634752492659,18,512
finite_duration,124,route_history,1,0.6875,0.98,0.19500000000000006,0.03400573344342674,18,512
finite_duration,124,shuffled_history,1,0.6875,0.98,0.19500000000000006,0.03450802843057807,18,512
finite_duration,124,oracle,5,0.8825000000000001,0.98,0.0,0.0,10,512
finite_duration,125,last_contact,1,0.395,0.2,0.5362500000000001,0.04768163233945314,6,512
finite_duration,125,ema,3,0.7849999999999999,0.2,0.1462500000000002,0.029622170956834695,9,512
finite_duration,125,failure_age,7,0.7362500000000001,0.98,0.19500000000000006,0.0343022406186044,16,512
finite_duration,125,route_history,7,0.7362500000000001,0.98,0.19500000000000006,0.03517140503099625,16,512
finite_duration,125,shuffled_history,7,0.7362500000000001,0.98,0.19500000000000006,0.03468492831973975,16,512
finite_duration,125,oracle,5,0.9312500000000001,0.7849999999999999,0.0,0.0,10,512
finite_duration,126,last_contact,3,0.24875000000000003,0.2,0.63375,0.04827577296445314,5,512
finite_duration,126,ema,2,0.63875,0.2,0.24375000000000002,0.04388836211374328,11,512
finite_duration,126,failure_age,2,0.63875,0.2,0.24375000000000002,0.04382056445203019,11,512
finite_duration,126,route_history,7,0.83375,0.98,0.04875000000000007,0.0430236213488661,11,512
finite_duration,126,shuffled_history,7,0.83375,0.98,0.04875000000000007,0.044692917159971784,11,512
finite_duration,126,oracle,1,0.8825000000000001,0.5900000000000001,0.0,0.0,2,512
finite_duration,127,last_contact,7,0.7362500000000001,0.395,0.04874999999999985,0.024283186245703123,11,512
finite_duration,127,ema,7,0.7362500000000001,0.395,0.04874999999999985,0.03602154121586545,11,512
finite_duration,127,failure_age,7,0.7362500000000001,0.395,0.04874999999999985,0.032184478013053755,11,512
finite_duration,127,route_history,7,0.7362500000000001,0.395,0.04874999999999985,0.03241739936485406,11,512
finite_duration,127,shuffled_history,7,0.7362500000000001,0.395,0.04874999999999985,0.03316298159380558,11,512
finite_duration,127,oracle,3,0.7849999999999999,0.395,0.0,0.0,7,512
finite_duration,128,last_contact,3,0.7362500000000001,0.2,0.14625,0.023894321206640624,1,512
finite_duration,128,ema,4,0.395,0.2,0.48750000000000004,0.02456650114281985,12,512
finite_duration,128,failure_age,1,0.6875,0.5900000000000001,0.19500000000000006,0.02617739449539324,15,512
finite_duration,128,route_history,1,0.6875,0.5900000000000001,0.19500000000000006,0.025892949278884497,15,512
finite_duration,128,shuffled_history,1,0.6875,0.5900000000000001,0.19500000000000006,0.026058309611424236,15,512
finite_duration,128,oracle,0,0.8825000000000001,0.5900000000000001,0.0,0.0,13,512
finite_duration,129,last_contact,7,0.34625,0.2,0.4875,0.029324469448828123,3,512
finite_duration,129,ema,3,0.395,0.2,0.43875,0.034539244272873214,14,512
finite_duration,129,failure_age,3,0.395,0.2,0.43875,0.03628038137222827,14,512
finite_duration,129,route_history,3,0.395,0.2,0.43875,0.035930528347263485,14,512
finite_duration,129,shuffled_history,3,0.395,0.2,0.43875,0.036306707000850647,14,512
finite_duration,129,oracle,4,0.83375,0.395,0.0,0.0,10,512
finite_duration,130,last_contact,1,0.54125,0.2,0.2437499999999999,0.027153182534765626,4,512
finite_duration,130,ema,7,0.4925,0.395,0.2924999999999999,0.02472999500213255,13,512
finite_duration,130,failure_age,5,0.54125,0.395,0.2437499999999999,0.027001349623532768,15,512
finite_duration,130,route_history,5,0.54125,0.395,0.2437499999999999,0.02642358379001118,15,512
finite_duration,130,shuffled_history,5,0.54125,0.395,0.2437499999999999,0.028069768612488045,15,512
finite_duration,130,oracle,4,0.7849999999999999,0.2,0.0,0.0,5,512
finite_duration,131,last_contact,7,0.54125,0.2,0.2437499999999999,0.019018803237890625,5,512
finite_duration,131,ema,1,0.7849999999999999,0.98,0.0,0.015090944076431894,18,512
finite_duration,131,failure_age,1,0.7849999999999999,0.98,0.0,0.014110153099475978,18,512
finite_duration,131,route_history,1,0.7849999999999999,0.98,0.0,0.014954139252648883,18,512
finite_duration,131,shuffled_history,1,0.7849999999999999,0.98,0.0,0.013223772084993125,18,512
finite_duration,131,oracle,1,0.7849999999999999,0.98,0.0,0.0,18,512
finite_duration,132,last_contact,7,0.24875000000000003,0.2,0.63375,0.03743716261289062,1,512
finite_duration,132,ema,2,0.54125,0.2,0.34125000000000005,0.04017636713174058,11,512
finite_duration,132,failure_age,0,0.83375,0.395,0.04875000000000007,0.031075604696733518,13,512
finite_duration,132,route_history,0,0.83375,0.395,0.04875000000000007,0.0328994781682551,13,512
finite_duration,132,shuffled_history,0,0.83375,0.395,0.04875000000000007,0.030959778857520662,13,512
finite_duration,132,oracle,1,0.8825000000000001,0.5900000000000001,0.0,0.0,9,512
finite_duration,133,last_contact,4,0.6875,0.2,0.0,0.02133416925351563,9,512
finite_duration,133,ema,5,0.5900000000000001,0.2,0.09749999999999992,0.01373427798831193,11,512
finite_duration,133,failure_age,5,0.5900000000000001,0.2,0.09749999999999992,0.011298296607306468,11,512
finite_duration,133,route_history,5,0.5900000000000001,0.2,0.09749999999999992,0.010374945423949409,11,512
finite_duration,133,shuffled_history,5,0.5900000000000001,0.2,0.09749999999999992,0.011817299259863228,11,512
finite_duration,133,oracle,4,0.6875,0.2,0.0,0.0,9,512
finite_duration,134,last_contact,3,0.8825000000000001,0.5900000000000001,0.0,0.041228968081640636,4,512
finite_duration,134,ema,6,0.6875,0.98,0.19500000000000006,0.038937808765475715,14,512
finite_duration,134,failure_age,1,0.44375000000000003,0.7849999999999999,0.43875000000000003,0.035386850881442895,15,512
finite_duration,134,route_history,6,0.6875,0.98,0.19500000000000006,0.0331460466549104,14,512
finite_duration,134,shuffled_history,1,0.44375000000000003,0.7849999999999999,0.43875000000000003,0.03578983706675835,15,512
finite_duration,134,oracle,3,0.8825000000000001,0.5900000000000001,0.0,0.0,4,512
finite_duration,135,last_contact,1,0.63875,0.2,0.19499999999999995,0.021967820230078115,12,512
finite_duration,135,ema,1,0.63875,0.2,0.19499999999999995,0.011917326289808967,12,512
finite_duration,135,failure_age,4,0.83375,0.395,0.0,0.011948245266155063,15,512
finite_duration,135,route_history,4,0.83375,0.395,0.0,0.011085852232296686,15,512
finite_duration,135,shuffled_history,7,0.7362500000000001,0.2,0.09749999999999992,0.012288905145369771,14,512
finite_duration,135,oracle,5,0.83375,0.395,0.0,0.0,8,512
finite_duration,136,last_contact,5,0.9312500000000001,0.7849999999999999,0.0,0.030984498355078143,5,512
finite_duration,136,ema,7,0.4925,0.2,0.43875000000000014,0.029694995042079786,9,512
finite_duration,136,failure_age,7,0.4925,0.2,0.43875000000000014,0.028953943172139077,9,512
finite_duration,136,route_history,7,0.4925,0.2,0.43875000000000014,0.03014010398366199,9,512
finite_duration,136,shuffled_history,7,0.4925,0.2,0.43875000000000014,0.028397610813786913,9,512
finite_duration,136,oracle,5,0.9312500000000001,0.7849999999999999,0.0,0.0,5,512
finite_duration,137,last_contact,4,0.34625,0.2,0.4387499999999999,0.02719269288632812,4,512
finite_duration,137,ema,5,0.7362500000000001,0.2,0.04874999999999985,0.013563749771708454,12,512
finite_duration,137,failure_age,6,0.6875,0.2,0.09749999999999992,0.017623317389059104,13,512
finite_duration,137,route_history,6,0.6875,0.2,0.09749999999999992,0.017558504802682194,13,512
finite_duration,137,shuffled_history,6,0.6875,0.2,0.09749999999999992,0.018204931707622895,13,512
finite_duration,137,oracle,1,0.7849999999999999,0.2,0.0,0.0,6,512
finite_duration,138,last_contact,1,0.83375,0.395,0.0,0.02575962569882813,7,512
finite_duration,138,ema,3,0.5900000000000001,0.98,0.2437499999999999,0.031221812346423704,11,512
finite_duration,138,failure_age,3,0.5900000000000001,0.98,0.2437499999999999,0.029985694971503885,11,512
finite_duration,138,route_history,3,0.5900000000000001,0.98,0.2437499999999999,0.029548977823681773,11,512
finite_duration,138,shuffled_history,3,0.5900000000000001,0.98,0.2437499999999999,0.03217539265811452,11,512
finite_duration,138,oracle,1,0.83375,0.395,0.0,0.0,7,512
finite_duration,139,last_contact,1,0.6875,0.5900000000000001,0.2925,0.05558904991757812,7,512
finite_duration,139,ema,0,0.98,0.98,0.0,0.046088888080536516,17,512
finite_duration,139,failure_age,0,0.98,0.98,0.0,0.04595969668984381,17,512
finite_duration,139,route_history,0,0.98,0.98,0.0,0.04502391764169436,17,512
finite_duration,139,shuffled_history,0,0.98,0.98,0.0,0.04537931776181811,17,512
finite_duration,139,oracle,0,0.98,0.98,0.0,0.0,17,512
finite_duration,140,last_contact,2,0.9312500000000001,0.7849999999999999,0.0,0.04464587081601562,15,512
finite_duration,140,ema,2,0.9312500000000001,0.7849999999999999,0.0,0.01887050432252791,15,512
finite_duration,140,failure_age,1,0.9312500000000001,0.7849999999999999,0.0,0.015849907500845806,17,512
finite_duration,140,route_history,1,0.9312500000000001,0.7849999999999999,0.0,0.015102167113715998,17,512
finite_duration,140,shuffled_history,1,0.9312500000000001,0.7849999999999999,0.0,0.015635057149689095,17,512
finite_duration,140,oracle,2,0.9312500000000001,0.7849999999999999,0.0,0.0,15,512
finite_duration,141,last_contact,7,0.4925,0.2,0.34125,0.04061314132382812,6,512
finite_duration,141,ema,5,0.63875,0.5900000000000001,0.19499999999999995,0.0312843483119878,16,512
finite_duration,141,failure_age,3,0.63875,0.7849999999999999,0.19499999999999995,0.03316389762546279,19,512
finite_duration,141,route_history,3,0.63875,0.7849999999999999,0.19499999999999995,0.031493418930674935,19,512
finite_duration,141,shuffled_history,3,0.63875,0.7849999999999999,0.19499999999999995,0.03638465537749677,19,512
finite_duration,141,oracle,1,0.83375,0.395,0.0,0.0,10,512
finite_duration,142,last_contact,7,0.5900000000000001,0.2,0.14625,0.027830205776953137,5,512
finite_duration,142,ema,3,0.44375000000000003,0.2,0.29250000000000004,0.02654514715844239,9,512
finite_duration,142,failure_age,3,0.44375000000000003,0.2,0.29250000000000004,0.024913544142076405,9,512
finite_duration,142,route_history,3,0.44375000000000003,0.2,0.29250000000000004,0.025136403263050083,9,512
finite_duration,142,shuffled_history,3,0.44375000000000003,0.2,0.29250000000000004,0.024380901621328728,9,512
finite_duration,142,oracle,6,0.7362500000000001,0.7849999999999999,0.0,0.0,8,512
finite_duration,143,last_contact,2,0.6875,0.2,0.09749999999999992,0.014571660659765612,13,512
finite_duration,143,ema,2,0.6875,0.2,0.09749999999999992,0.015494808714944755,13,512
finite_duration,143,failure_age,2,0.6875,0.2,0.09749999999999992,0.01643259553196333,13,512
finite_duration,143,route_history,2,0.6875,0.2,0.09749999999999992,0.01662041422221008,13,512
finite_duration,143,shuffled_history,2,0.6875,0.2,0.09749999999999992,0.016866640771536025,13,512
finite_duration,143,oracle,6,0.7849999999999999,0.2,0.0,0.0,6,512
finite_duration,144,last_contact,4,0.7362500000000001,0.7849999999999999,0.19500000000000006,0.05585552198789064,6,512
finite_duration,144,ema,6,0.9312500000000001,0.98,0.0,0.03464134821817604,12,512
finite_duration,144,failure_age,6,0.9312500000000001,0.98,0.0,0.0381852597988978,12,512
finite_duration,144,route_history,6,0.9312500000000001,0.98,0.0,0.037575219183502526,12,512
finite_duration,144,shuffled_history,6,0.9312500000000001,0.98,0.0,0.03707704077678931,12,512
finite_duration,144,oracle,6,0.9312500000000001,0.98,0.0,0.0,12,512
finite_duration,145,last_contact,4,0.8825000000000001,0.7849999999999999,0.0,0.04403390597226563,9,512
finite_duration,145,ema,5,0.7362500000000001,0.395,0.14625,0.04239682459230283,14,512
finite_duration,145,failure_age,5,0.7362500000000001,0.395,0.14625,0.03910889675902972,14,512
finite_duration,145,route_history,5,0.7362500000000001,0.395,0.14625,0.04088354078239279,14,512
finite_duration,145,shuffled_history,5,0.7362500000000001,0.395,0.14625,0.03772575472664176,14,512
finite_duration,145,oracle,4,0.8825000000000001,0.7849999999999999,0.0,0.0,9,512
finite_duration,146,last_contact,3,0.395,0.2,0.5362500000000001,0.028442170620703124,4,512
finite_duration,146,ema,2,0.7362500000000001,0.98,0.19500000000000006,0.02898796590464306,11,512
finite_duration,146,failure_age,2,0.7362500000000001,0.98,0.19500000000000006,0.03511443855229406,11,512
finite_duration,146,route_history,2,0.7362500000000001,0.98,0.19500000000000006,0.03567313873613627,11,512
finite_duration,146,shuffled_history,2,0.7362500000000001,0.98,0.19500000000000006,0.035132709447556275,11,512
finite_duration,146,oracle,4,0.9312500000000001,0.7849999999999999,0.0,0.0,7,512
finite_duration,147,last_contact,2,0.6875,0.98,0.09749999999999992,0.023505456167578122,9,512
finite_duration,147,ema,6,0.7849999999999999,0.7849999999999999,0.0,0.035850187001722225,13,512
finite_duration,147,failure_age,5,0.44375000000000003,0.2,0.3412499999999999,0.03175601142882609,14,512
finite_duration,147,route_history,5,0.44375000000000003,0.2,0.3412499999999999,0.031117183958332535,14,512
finite_duration,147,shuffled_history,5,0.44375000000000003,0.2,0.3412499999999999,0.03223594608324644,14,512
finite_duration,147,oracle,6,0.7849999999999999,0.7849999999999999,0.0,0.0,13,512
finite_duration,148,last_contact,5,0.63875,0.98,0.34124999999999994,0.03907550538632811,10,512
finite_duration,148,ema,7,0.98,0.98,0.0,0.030183206444566298,20,512
finite_duration,148,failure_age,7,0.98,0.98,0.0,0.0263202244641427,20,512
finite_duration,148,route_history,7,0.98,0.98,0.0,0.026603878247010795,20,512
finite_duration,148,shuffled_history,7,0.98,0.98,0.0,0.025866415196464015,20,512
finite_duration,148,oracle,7,0.98,0.98,0.0,0.0,20,512
finite_duration,149,last_contact,1,0.2,0.2,0.4875,0.05004037062070314,3,512
finite_duration,149,ema,0,0.6875,0.5900000000000001,0.0,0.024985668085350847,13,512
finite_duration,149,failure_age,0,0.6875,0.5900000000000001,0.0,0.02140345702390785,13,512
finite_duration,149,route_history,0,0.6875,0.5900000000000001,0.0,0.02113225196884403,13,512
finite_duration,149,shuffled_history,0,0.6875,0.5900000000000001,0.0,0.020573647082385682,13,512
finite_duration,149,oracle,0,0.6875,0.5900000000000001,0.0,0.0,13,512
finite_duration,150,last_contact,1,0.8825000000000001,0.5900000000000001,0.0,0.026188001089453114,5,512
finite_duration,150,ema,0,0.7362500000000001,0.7849999999999999,0.14625,0.03376502014995708,13,512
finite_duration,150,failure_age,0,0.7362500000000001,0.7849999999999999,0.14625,0.03339804047984809,13,512
finite_duration,150,route_history,0,0.7362500000000001,0.7849999999999999,0.14625,0.03228669927236328,13,512
finite_duration,150,shuffled_history,0,0.7362500000000001,0.7849999999999999,0.14625,0.03141805829020753,13,512
finite_duration,150,oracle,1,0.8825000000000001,0.5900000000000001,0.0,0.0,5,512
finite_duration,151,last_contact,7,0.44375000000000003,0.2,0.5362499999999999,0.08232537804257811,3,512
finite_duration,151,ema,2,0.98,0.98,0.0,0.055234568846875505,14,512
finite_duration,151,failure_age,2,0.98,0.98,0.0,0.053925987682153134,14,512
finite_duration,151,route_history,2,0.98,0.98,0.0,0.05325159726071099,14,512
finite_duration,151,shuffled_history,2,0.98,0.98,0.0,0.054531051576714236,14,512
finite_duration,151,oracle,3,0.98,0.98,0.0,0.0,9,512
finite_duration,152,last_contact,2,0.4925,0.5900000000000001,0.39000000000000007,0.02635376632382813,3,512
finite_duration,152,ema,6,0.8825000000000001,0.7849999999999999,0.0,0.020262511927818812,12,512
finite_duration,152,failure_age,6,0.8825000000000001,0.7849999999999999,0.0,0.021356804512323926,12,512
finite_duration,152,route_history,6,0.8825000000000001,0.7849999999999999,0.0,0.021561096726668033,12,512
finite_duration,152,shuffled_history,6,0.8825000000000001,0.7849999999999999,0.0,0.020574319867675068,12,512
finite_duration,152,oracle,6,0.8825000000000001,0.7849999999999999,0.0,0.0,12,512
finite_duration,153,last_contact,7,0.63875,0.2,0.14624999999999988,0.025431957144140628,6,512
finite_duration,153,ema,0,0.5900000000000001,0.2,0.19499999999999984,0.02128368573525162,14,512
finite_duration,153,failure_age,1,0.7849999999999999,0.7849999999999999,0.0,0.01882507716415802,18,512
finite_duration,153,route_history,1,0.7849999999999999,0.7849999999999999,0.0,0.018290204016442196,18,512
finite_duration,153,shuffled_history,1,0.7849999999999999,0.7849999999999999,0.0,0.01968057370586947,18,512
finite_duration,153,oracle,1,0.7849999999999999,0.7849999999999999,0.0,0.0,18,512
finite_duration,154,last_contact,0,0.7362500000000001,0.5900000000000001,0.19500000000000006,0.034934345230078115,2,512
finite_duration,154,ema,6,0.63875,0.2,0.2925000000000001,0.05762999445040661,5,512
finite_duration,154,failure_age,3,0.9312500000000001,0.7849999999999999,0.0,0.05437331854740696,7,512
finite_duration,154,route_history,3,0.9312500000000001,0.7849999999999999,0.0,0.05424710809349943,7,512
finite_duration,154,shuffled_history,3,0.9312500000000001,0.7849999999999999,0.0,0.053904800140997806,7,512
finite_duration,154,oracle,3,0.9312500000000001,0.7849999999999999,0.0,0.0,7,512
finite_duration,155,last_contact,6,0.5900000000000001,0.2,0.19499999999999984,0.05042923565976564,10,512
finite_duration,155,ema,6,0.5900000000000001,0.2,0.19499999999999984,0.04236591995131899,10,512
finite_duration,155,failure_age,2,0.54125,0.395,0.2437499999999999,0.03887004574666083,13,512
finite_duration,155,route_history,2,0.54125,0.395,0.2437499999999999,0.04021053429432774,13,512
finite_duration,155,shuffled_history,2,0.54125,0.395,0.2437499999999999,0.039583813360764004,13,512
finite_duration,155,oracle,1,0.7849999999999999,0.2,0.0,0.0,1,512
finite_duration,156,last_contact,7,0.5900000000000001,0.2,0.2925,0.029097507730078114,5,512
finite_duration,156,ema,1,0.83375,0.395,0.04875000000000007,0.02307867624267388,12,512
finite_duration,156,failure_age,1,0.83375,0.395,0.04875000000000007,0.02203331232183825,12,512
finite_duration,156,route_history,1,0.83375,0.395,0.04875000000000007,0.021235407807208506,12,512
finite_duration,156,shuffled_history,1,0.83375,0.395,0.04875000000000007,0.021822893374747045,12,512
finite_duration,156,oracle,2,0.8825000000000001,0.98,0.0,0.0,5,512
finite_duration,157,last_contact,6,0.7362500000000001,0.2,0.19500000000000006,0.058044633120703126,5,512
finite_duration,157,ema,0,0.9312500000000001,0.7849999999999999,0.0,0.03631047278711026,17,512
finite_duration,157,failure_age,0,0.9312500000000001,0.7849999999999999,0.0,0.0383510126593746,17,512
finite_duration,157,route_history,0,0.9312500000000001,0.7849999999999999,0.0,0.037981972439508,17,512
finite_duration,157,shuffled_history,2,0.7849999999999999,0.98,0.1462500000000002,0.03566065352641603,16,512
finite_duration,157,oracle,0,0.9312500000000001,0.7849999999999999,0.0,0.0,17,512
finite_duration,158,last_contact,2,0.54125,0.2,0.34125000000000005,0.016192179214453133,10,512
finite_duration,158,ema,2,0.54125,0.2,0.34125000000000005,0.02995158656630347,10,512
finite_duration,158,failure_age,5,0.4925,0.5900000000000001,0.39000000000000007,0.028858982864920276,12,512
finite_duration,158,route_history,5,0.4925,0.5900000000000001,0.39000000000000007,0.02994620662483262,12,512
finite_duration,158,shuffled_history,5,0.4925,0.5900000000000001,0.39000000000000007,0.028361008291649507,12,512
finite_duration,158,oracle,7,0.8825000000000001,0.5900000000000001,0.0,0.0,3,512
finite_duration,159,last_contact,0,0.6875,0.7849999999999999,0.2925,0.0369437288238281,5,512
finite_duration,159,ema,1,0.7849999999999999,0.98,0.19500000000000006,0.023894208129593482,14,512
finite_duration,159,failure_age,7,0.83375,0.395,0.14625,0.025393715386057957,16,512
finite_duration,159,route_history,7,0.83375,0.395,0.14625,0.023979388285540144,16,512
finite_duration,159,shuffled_history,7,0.83375,0.395,0.14625,0.025398144806139708,16,512
finite_duration,159,oracle,6,0.98,0.98,0.0,0.0,12,512
finite_duration,160,last_contact,3,0.7362500000000001,0.395,0.09749999999999992,0.04839816593320313,9,512
finite_duration,160,ema,0,0.83375,0.395,0.0,0.027035542764234605,13,512
finite_duration,160,failure_age,2,0.83375,0.395,0.0,0.02637390839581051,15,512
finite_duration,160,route_history,2,0.83375,0.395,0.0,0.026430459027723285,15,512
finite_duration,160,shuffled_history,2,0.83375,0.395,0.0,0.025514054973173824,15,512
finite_duration,160,oracle,0,0.83375,0.395,0.0,0.0,13,512
finite_duration,161,last_contact,5,0.2975,0.2,0.6337500000000001,0.03215109347226564,4,512
finite_duration,161,ema,4,0.9312500000000001,0.7849999999999999,0.0,0.017354472007947836,13,512
finite_duration,161,failure_age,0,0.7362500000000001,0.7849999999999999,0.19500000000000006,0.017195735343163075,15,512
finite_duration,161,route_history,0,0.7362500000000001,0.7849999999999999,0.19500000000000006,0.018380021631578897,15,512
finite_duration,161,shuffled_history,0,0.7362500000000001,0.7849999999999999,0.19500000000000006,0.01652404598829649,15,512
finite_duration,161,oracle,4,0.9312500000000001,0.7849999999999999,0.0,0.0,13,512
finite_duration,162,last_contact,3,0.8825000000000001,0.5900000000000001,0.0,0.03864712999570313,3,512
finite_duration,162,ema,1,0.54125,0.2,0.34125000000000005,0.045123081424672945,10,512
finite_duration,162,failure_age,1,0.54125,0.2,0.34125000000000005,0.04927108412244588,10,512
finite_duration,162,route_history,4,0.44375000000000003,0.2,0.43875000000000003,0.049092405355876126,9,512
finite_duration,162,shuffled_history,1,0.54125,0.2,0.34125000000000005,0.050584269734892606,10,512
finite_duration,162,oracle,3,0.8825000000000001,0.5900000000000001,0.0,0.0,3,512
finite_duration,163,last_contact,1,0.5900000000000001,0.7849999999999999,0.34125000000000005,0.04931997511289063,10,512
finite_duration,163,ema,0,0.9312500000000001,0.7849999999999999,0.0,0.03037424345527425,14,512
finite_duration,163,failure_age,6,0.7849999999999999,0.5900000000000001,0.1462500000000002,0.02470416739779457,17,512
finite_duration,163,route_history,6,0.7849999999999999,0.5900000000000001,0.1462500000000002,0.02352523214427029,17,512
finite_duration,163,shuffled_history,6,0.7849999999999999,0.5900000000000001,0.1462500000000002,0.024862124095452458,17,512
finite_duration,163,oracle,0,0.9312500000000001,0.7849999999999999,0.0,0.0,14,512
finite_duration,164,last_contact,1,0.395,0.2,0.34125000000000005,0.033710415542578136,6,512
finite_duration,164,ema,0,0.63875,0.2,0.09750000000000003,0.028755551195458622,11,512
finite_duration,164,failure_age,4,0.44375000000000003,0.2,0.29250000000000004,0.028856096623510477,12,512
finite_duration,164,route_history,4,0.44375000000000003,0.2,0.29250000000000004,0.031503397101478425,12,512
finite_duration,164,shuffled_history,4,0.44375000000000003,0.2,0.29250000000000004,0.028260117551765683,12,512
finite_duration,164,oracle,5,0.7362500000000001,0.2,0.0,0.0,2,512
finite_duration,165,last_contact,7,0.7849999999999999,0.2,0.04875000000000007,0.026310394058203096,3,512
finite_duration,165,ema,4,0.7849999999999999,0.2,0.04875000000000007,0.028835231307979853,16,512
finite_duration,165,failure_age,4,0.7849999999999999,0.2,0.04875000000000007,0.029030001508320455,16,512
finite_duration,165,route_history,4,0.7849999999999999,0.2,0.04875000000000007,0.029992046225592144,16,512
finite_duration,165,shuffled_history,4,0.7849999999999999,0.2,0.04875000000000007,0.028347105253198276,16,512
finite_duration,165,oracle,6,0.83375,0.395,0.0,0.0,8,512
finite_duration,166,last_contact,7,0.24875000000000003,0.2,0.73125,0.07507329757382812,2,512
finite_duration,166,ema,0,0.83375,0.98,0.14625,0.04550243478914304,17,512
finite_duration,166,failure_age,0,0.83375,0.98,0.14625,0.041492714277987314,17,512
finite_duration,166,route_history,0,0.83375,0.98,0.14625,0.043439050039138866,17,512
finite_duration,166,shuffled_history,0,0.83375,0.98,0.14625,0.04345740442078269,17,512
finite_duration,166,oracle,3,0.98,0.98,0.0,0.0,8,512
finite_duration,167,last_contact,4,0.8825000000000001,0.5900000000000001,0.0,0.053356566519140634,8,512
finite_duration,167,ema,5,0.6875,0.7849999999999999,0.19500000000000006,0.033582405901972326,14,512
finite_duration,167,failure_age,5,0.6875,0.7849999999999999,0.19500000000000006,0.031643788962271754,14,512
finite_duration,167,route_history,5,0.6875,0.7849999999999999,0.19500000000000006,0.03250604845372059,14,512
finite_duration,167,shuffled_history,5,0.6875,0.7849999999999999,0.19500000000000006,0.0315390128806259,14,512
finite_duration,167,oracle,4,0.8825000000000001,0.5900000000000001,0.0,0.0,8,512
finite_duration,168,last_contact,2,0.8825000000000001,0.7849999999999999,0.0,0.07595559640195315,4,512
finite_duration,168,ema,4,0.4925,0.395,0.39000000000000007,0.0644588790166987,12,512
finite_duration,168,failure_age,4,0.4925,0.395,0.39000000000000007,0.055669061128288504,12,512
finite_duration,168,route_history,4,0.4925,0.395,0.39000000000000007,0.05761917121018159,12,512
finite_duration,168,shuffled_history,4,0.4925,0.395,0.39000000000000007,0.05474273675810422,12,512
finite_duration,168,oracle,2,0.8825000000000001,0.7849999999999999,0.0,0.0,4,512
finite_duration,169,last_contact,4,0.83375,0.7849999999999999,0.0,0.017686442886328122,14,512
finite_duration,169,ema,4,0.83375,0.7849999999999999,0.0,0.021150137001513657,14,512
finite_duration,169,failure_age,4,0.83375,0.7849999999999999,0.0,0.015675748672358183,14,512
finite_duration,169,route_history,4,0.83375,0.7849999999999999,0.0,0.014866750607754525,14,512
finite_duration,169,shuffled_history,4,0.83375,0.7849999999999999,0.0,0.016725117830909214,14,512
finite_duration,169,oracle,4,0.83375,0.7849999999999999,0.0,0.0,14,512
finite_duration,170,last_contact,4,0.83375,0.395,0.0,0.022439567886328123,17,512
finite_duration,170,ema,4,0.83375,0.395,0.0,0.01956102447114784,17,512
finite_duration,170,failure_age,4,0.83375,0.395,0.0,0.01764444106438454,17,512
finite_duration,170,route_history,4,0.83375,0.395,0.0,0.019256216592738264,17,512
finite_duration,170,shuffled_history,4,0.83375,0.395,0.0,0.017984370955277107,17,512
finite_duration,170,oracle,4,0.83375,0.395,0.0,0.0,17,512
finite_duration,171,last_contact,1,0.2975,0.2,0.34125000000000005,0.02057812530820314,4,512
finite_duration,171,ema,4,0.4925,0.5900000000000001,0.14625000000000005,0.019946067943881804,12,512
finite_duration,171,failure_age,4,0.4925,0.5900000000000001,0.14625000000000005,0.019982384962138097,12,512
finite_duration,171,route_history,4,0.4925,0.5900000000000001,0.14625000000000005,0.02047389309535505,12,512
finite_duration,171,shuffled_history,4,0.4925,0.5900000000000001,0.14625000000000005,0.021067551175438314,12,512
finite_duration,171,oracle,0,0.63875,0.2,0.0,0.0,10,512
finite_duration,172,last_contact,6,0.7362500000000001,0.2,0.09749999999999992,0.02254027472226561,4,512
finite_duration,172,ema,3,0.63875,0.2,0.19499999999999995,0.019300836619877346,11,512
finite_duration,172,failure_age,2,0.83375,0.5900000000000001,0.0,0.017937146178696572,17,512
finite_duration,172,route_history,2,0.83375,0.5900000000000001,0.0,0.018170146005854197,17,512
finite_duration,172,shuffled_history,2,0.83375,0.5900000000000001,0.0,0.017917168004055427,17,512
finite_duration,172,oracle,1,0.83375,0.395,0.0,0.0,11,512
finite_duration,173,last_contact,5,0.98,0.98,0.0,0.05876116671445311,8,512
finite_duration,173,ema,6,0.9312500000000001,0.7849999999999999,0.04874999999999985,0.05730920776765426,13,512
finite_duration,173,failure_age,6,0.9312500000000001,0.7849999999999999,0.04874999999999985,0.05979756844852657,13,512
finite_duration,173,route_history,6,0.9312500000000001,0.7849999999999999,0.04874999999999985,0.06150348721820466,13,512
finite_duration,173,shuffled_history,6,0.9312500000000001,0.7849999999999999,0.04874999999999985,0.058175376435558916,13,512
finite_duration,173,oracle,5,0.98,0.98,0.0,0.0,8,512
finite_duration,174,last_contact,4,0.63875,0.98,0.34124999999999994,0.045816327847265616,20,512
finite_duration,174,ema,4,0.63875,0.98,0.34124999999999994,0.032628304304386506,20,512
finite_duration,174,failure_age,4,0.63875,0.98,0.34124999999999994,0.0346249774118001,20,512
finite_duration,174,route_history,4,0.63875,0.98,0.34124999999999994,0.03487490921536271,20,512
finite_duration,174,shuffled_history,4,0.63875,0.98,0.34124999999999994,0.03567280587470486,20,512
finite_duration,174,oracle,1,0.98,0.98,0.0,0.0,14,512
finite_duration,175,last_contact,6,0.7362500000000001,0.395,0.09749999999999992,0.024999719839453115,8,512
finite_duration,175,ema,7,0.7849999999999999,0.395,0.04875000000000007,0.026203820318661877,12,512
finite_duration,175,failure_age,5,0.83375,0.395,0.0,0.027630204224768237,13,512
finite_duration,175,route_history,7,0.7849999999999999,0.395,0.04875000000000007,0.026879473175933484,12,512
finite_duration,175,shuffled_history,5,0.83375,0.395,0.0,0.027318822363101895,13,512
finite_duration,175,oracle,5,0.83375,0.395,0.0,0.0,13,512
finite_duration,176,last_contact,4,0.7362500000000001,0.7849999999999999,0.0,0.011827919253515631,16,512
finite_duration,176,ema,4,0.7362500000000001,0.7849999999999999,0.0,0.003387278175395885,16,512
finite_duration,176,failure_age,4,0.7362500000000001,0.7849999999999999,0.0,0.003228515034338144,16,512
finite_duration,176,route_history,1,0.7362500000000001,0.7849999999999999,0.0,0.003747833213496231,16,512
finite_duration,176,shuffled_history,1,0.7362500000000001,0.7849999999999999,0.0,0.0034183007248841215,16,512
finite_duration,176,oracle,4,0.7362500000000001,0.7849999999999999,0.0,0.0,16,512
finite_duration,177,last_contact,0,0.83375,0.395,0.14625,0.07419099874570313,13,512
finite_duration,177,ema,0,0.83375,0.395,0.14625,0.05231424047481466,13,512
finite_duration,177,failure_age,5,0.98,0.98,0.0,0.04709719422355141,16,512
finite_duration,177,route_history,5,0.98,0.98,0.0,0.04478376643970156,16,512
finite_duration,177,shuffled_history,5,0.98,0.98,0.0,0.046773119429429084,16,512
finite_duration,177,oracle,5,0.98,0.98,0.0,0.0,16,512
finite_duration,178,last_contact,6,0.4925,0.2,0.39000000000000007,0.0528631327300781,6,512
finite_duration,178,ema,2,0.7849999999999999,0.2,0.09750000000000014,0.051592844575974295,10,512
finite_duration,178,failure_age,2,0.7849999999999999,0.2,0.09750000000000014,0.04845297730320145,10,512
finite_duration,178,route_history,2,0.7849999999999999,0.2,0.09750000000000014,0.049150284444306164,10,512
finite_duration,178,shuffled_history,2,0.7849999999999999,0.2,0.09750000000000014,0.046927084646710235,10,512
finite_duration,178,oracle,5,0.8825000000000001,0.5900000000000001,0.0,0.0,5,512
finite_duration,179,last_contact,4,0.63875,0.395,0.09750000000000003,0.027952598745703137,11,512
finite_duration,179,ema,4,0.63875,0.395,0.09750000000000003,0.02142468981397569,11,512
finite_duration,179,failure_age,5,0.6875,0.2,0.04875000000000007,0.018885621532342217,14,512
finite_duration,179,route_history,5,0.6875,0.2,0.04875000000000007,0.019778248241788463,14,512
finite_duration,179,shuffled_history,5,0.6875,0.2,0.04875000000000007,0.020193306840170087,14,512
finite_duration,179,oracle,6,0.7362500000000001,0.2,0.0,0.0,3,512
finite_duration,180,last_contact,5,0.98,0.98,0.0,0.04739347413632811,13,512
finite_duration,180,ema,5,0.98,0.98,0.0,0.03301297683656518,13,512
finite_duration,180,failure_age,1,0.6875,0.2,0.2925,0.03292720696835079,15,512
finite_duration,180,route_history,1,0.6875,0.2,0.2925,0.032802680749721216,15,512
finite_duration,180,shuffled_history,1,0.6875,0.2,0.2925,0.031395990484077776,15,512
finite_duration,180,oracle,5,0.98,0.98,0.0,0.0,13,512
finite_duration,181,last_contact,5,0.7362500000000001,0.2,0.09749999999999992,0.03137336339414063,5,512
finite_duration,181,ema,7,0.63875,0.98,0.19499999999999995,0.03822582663434385,12,512
finite_duration,181,failure_age,7,0.63875,0.98,0.19499999999999995,0.03421242843385052,12,512
finite_duration,181,route_history,7,0.63875,0.98,0.19499999999999995,0.032371323670756486,12,512
finite_duration,181,shuffled_history,7,0.63875,0.98,0.19499999999999995,0.03285463597460692,12,512
finite_duration,181,oracle,1,0.83375,0.395,0.0,0.0,2,512
finite_duration,182,last_contact,7,0.5900000000000001,0.2,0.19499999999999984,0.01135617159726562,3,512
finite_duration,182,ema,4,0.5900000000000001,0.7849999999999999,0.19499999999999984,0.009376911598011208,15,512
finite_duration,182,failure_age,4,0.5900000000000001,0.7849999999999999,0.19499999999999984,0.0076114900739819025,15,512
finite_duration,182,route_history,4,0.5900000000000001,0.7849999999999999,0.19499999999999984,0.00767756990418963,15,512
finite_duration,182,shuffled_history,4,0.5900000000000001,0.7849999999999999,0.19499999999999984,0.00827541076151521,15,512
finite_duration,182,oracle,3,0.7849999999999999,0.2,0.0,0.0,10,512
finite_duration,183,last_contact,3,0.2,0.2,0.6825000000000001,0.07773801827695313,3,512
finite_duration,183,ema,4,0.7362500000000001,0.5900000000000001,0.14625,0.07261208070951156,14,512
finite_duration,183,failure_age,4,0.7362500000000001,0.5900000000000001,0.14625,0.06680647202027468,14,512
finite_duration,183,route_history,2,0.44375000000000003,0.2,0.43875000000000003,0.06550579615923244,14,512
finite_duration,183,shuffled_history,4,0.7362500000000001,0.5900000000000001,0.14625,0.06588773369646948,14,512
finite_duration,183,oracle,7,0.8825000000000001,0.5900000000000001,0.0,0.0,3,512
finite_duration,184,last_contact,1,0.5900000000000001,0.2,0.2925,0.04055194483945314,11,512
finite_duration,184,ema,1,0.5900000000000001,0.2,0.2925,0.03920122014834872,11,512
finite_duration,184,failure_age,5,0.6875,0.2,0.19500000000000006,0.0353424621099766,13,512
finite_duration,184,route_history,5,0.6875,0.2,0.19500000000000006,0.034790148293134884,13,512
finite_duration,184,shuffled_history,5,0.6875,0.2,0.19500000000000006,0.035736601100814835,13,512
finite_duration,184,oracle,6,0.8825000000000001,0.5900000000000001,0.0,0.0,3,512
finite_duration,185,last_contact,0,0.2,0.2,0.5362500000000001,0.02575962569882813,3,512
finite_duration,185,ema,7,0.5900000000000001,0.2,0.14625,0.025609403731039135,10,512
finite_duration,185,failure_age,5,0.6875,0.5900000000000001,0.04875000000000007,0.027641023664295248,17,512
finite_duration,185,route_history,5,0.6875,0.5900000000000001,0.04875000000000007,0.02527891564670324,17,512
finite_duration,185,shuffled_history,6,0.4925,0.2,0.24375000000000008,0.028309844377068932,16,512
finite_duration,185,oracle,3,0.7362500000000001,0.395,0.0,0.0,3,512
finite_duration,186,last_contact,3,0.4925,0.2,0.14625000000000005,0.009739514956640636,2,512
finite_duration,186,ema,7,0.63875,0.7849999999999999,0.0,0.011470269583830872,15,512
finite_duration,186,failure_age,7,0.63875,0.7849999999999999,0.0,0.012996310016583048,15,512
finite_duration,186,route_history,7,0.63875,0.7849999999999999,0.0,0.014081750768690924,15,512
finite_duration,186,shuffled_history,5,0.54125,0.2,0.09750000000000003,0.013115036348700444,15,512
finite_duration,186,oracle,7,0.63875,0.7849999999999999,0.0,0.0,15,512
finite_duration,187,last_contact,6,0.7849999999999999,0.5900000000000001,0.19500000000000006,0.04743298448789059,18,512
finite_duration,187,ema,6,0.7849999999999999,0.5900000000000001,0.19500000000000006,0.03570198627572068,18,512
finite_duration,187,failure_age,6,0.7849999999999999,0.5900000000000001,0.19500000000000006,0.03948663690000954,18,512
finite_duration,187,route_history,6,0.7849999999999999,0.5900000000000001,0.19500000000000006,0.03960180437109142,18,512
finite_duration,187,shuffled_history,6,0.7849999999999999,0.5900000000000001,0.19500000000000006,0.0397621876537341,18,512
finite_duration,187,oracle,0,0.98,0.98,0.0,0.0,7,512
finite_duration,188,last_contact,1,0.2,0.2,0.585,0.034877010659765624,2,512
finite_duration,188,ema,0,0.7849999999999999,0.395,0.0,0.026146327022936164,12,512
finite_duration,188,failure_age,2,0.63875,0.98,0.14624999999999988,0.02585862991683443,17,512
finite_duration,188,route_history,2,0.63875,0.98,0.14624999999999988,0.025954445663173304,17,512
finite_duration,188,shuffled_history,2,0.63875,0.98,0.14624999999999988,0.02637466468149218,17,512
finite_duration,188,oracle,0,0.7849999999999999,0.395,0.0,0.0,12,512
finite_duration,189,last_contact,2,0.98,0.98,0.0,0.046838843862890604,8,512
finite_duration,189,ema,0,0.63875,0.2,0.34124999999999994,0.02892642934360901,11,512
finite_duration,189,failure_age,3,0.8825000000000001,0.5900000000000001,0.09749999999999992,0.027335901694485923,15,512
finite_duration,189,route_history,3,0.8825000000000001,0.5900000000000001,0.09749999999999992,0.02681378085590691,15,512
finite_duration,189,shuffled_history,3,0.8825000000000001,0.5900000000000001,0.09749999999999992,0.02627074254730403,15,512
finite_duration,189,oracle,2,0.98,0.98,0.0,0.0,8,512
finite_duration,190,last_contact,0,0.2975,0.2,0.48749999999999993,0.053338742300390644,6,512
finite_duration,190,ema,5,0.54125,0.2,0.2437499999999999,0.033924370554962224,10,512
finite_duration,190,failure_age,5,0.54125,0.2,0.2437499999999999,0.03245910996020136,10,512
finite_duration,190,route_history,5,0.54125,0.2,0.2437499999999999,0.03194158567767661,10,512
finite_duration,190,shuffled_history,5,0.54125,0.2,0.2437499999999999,0.031920906391004436,10,512
finite_duration,190,oracle,1,0.7849999999999999,0.7849999999999999,0.0,0.0,10,512
finite_duration,191,last_contact,1,0.395,0.2,0.5362500000000001,0.035021089761328145,9,512
finite_duration,191,ema,7,0.5900000000000001,0.2,0.34125000000000005,0.022133082447457292,10,512
finite_duration,191,failure_age,5,0.9312500000000001,0.7849999999999999,0.0,0.021017916250419832,16,512
finite_duration,191,route_history,5,0.9312500000000001,0.7849999999999999,0.0,0.02166748123986629,16,512
finite_duration,191,shuffled_history,5,0.9312500000000001,0.7849999999999999,0.0,0.023357213312259893,16,512
finite_duration,191,oracle,5,0.9312500000000001,0.7849999999999999,0.0,0.0,16,512
finite_duration,192,last_contact,4,0.4925,0.5900000000000001,0.34125,0.034693421206640644,6,512
finite_duration,192,ema,2,0.7362500000000001,0.2,0.09749999999999992,0.01550868478680743,15,512
finite_duration,192,failure_age,2,0.7362500000000001,0.2,0.09749999999999992,0.01627467112561453,15,512
finite_duration,192,route_history,2,0.7362500000000001,0.2,0.09749999999999992,0.016614201909006036,15,512
finite_duration,192,shuffled_history,6,0.83375,0.5900000000000001,0.0,0.015952732762680256,14,512
finite_duration,192,oracle,6,0.83375,0.5900000000000001,0.0,0.0,14,512
finite_duration,193,last_contact,2,0.44375000000000003,0.395,0.5362499999999999,0.034444773355078104,10,512
finite_duration,193,ema,3,0.7362500000000001,0.2,0.2437499999999999,0.029599275129691422,12,512
finite_duration,193,failure_age,0,0.44375000000000003,0.7849999999999999,0.5362499999999999,0.03162407705733356,19,512
finite_duration,193,route_history,0,0.44375000000000003,0.7849999999999999,0.5362499999999999,0.032976809618212644,19,512
finite_duration,193,shuffled_history,0,0.44375000000000003,0.7849999999999999,0.5362499999999999,0.03212849048395601,19,512
finite_duration,193,oracle,5,0.98,0.98,0.0,0.0,17,512
finite_duration,194,last_contact,2,0.44375000000000003,0.2,0.5362499999999999,0.0579834366363281,9,512
finite_duration,194,ema,5,0.54125,0.5900000000000001,0.43875,0.05690786293121251,17,512
finite_duration,194,failure_age,5,0.54125,0.5900000000000001,0.43875,0.059757853099511704,17,512
finite_duration,194,route_history,5,0.54125,0.5900000000000001,0.43875,0.06338011897888017,17,512
finite_duration,194,shuffled_history,5,0.54125,0.5900000000000001,0.43875,0.06004021593702393,17,512
finite_duration,194,oracle,1,0.98,0.98,0.0,0.0,9,512
finite_duration,195,last_contact,2,0.34625,0.2,0.5362500000000001,0.03282811671445314,4,512
finite_duration,195,ema,6,0.8825000000000001,0.5900000000000001,0.0,0.019092997950619865,13,512
finite_duration,195,failure_age,6,0.8825000000000001,0.5900000000000001,0.0,0.01821418524350854,13,512
finite_duration,195,route_history,6,0.8825000000000001,0.5900000000000001,0.0,0.019189725689804992,13,512
finite_duration,195,shuffled_history,6,0.8825000000000001,0.5900000000000001,0.0,0.017771590087767207,13,512
finite_duration,195,oracle,6,0.8825000000000001,0.5900000000000001,0.0,0.0,13,512
finite_duration,196,last_contact,7,0.5900000000000001,0.2,0.34125000000000005,0.042046208511328134,11,512
finite_duration,196,ema,7,0.5900000000000001,0.2,0.34125000000000005,0.03699312791166476,11,512
finite_duration,196,failure_age,2,0.63875,0.2,0.2925000000000001,0.029804640059564097,12,512
finite_duration,196,route_history,4,0.9312500000000001,0.7849999999999999,0.0,0.029175841518430598,12,512
finite_duration,196,shuffled_history,4,0.9312500000000001,0.7849999999999999,0.0,0.029546099632492658,12,512
finite_duration,196,oracle,4,0.9312500000000001,0.7849999999999999,0.0,0.0,12,512
finite_duration,197,last_contact,5,0.6875,0.2,0.04875000000000007,0.01512629093320313,11,512
finite_duration,197,ema,5,0.6875,0.2,0.04875000000000007,0.026603602930458367,11,512
finite_duration,197,failure_age,7,0.5900000000000001,0.2,0.14625,0.028483594281827007,14,512
finite_duration,197,route_history,7,0.5900000000000001,0.2,0.14625,0.027489160463021217,14,512
finite_duration,197,shuffled_history,7,0.5900000000000001,0.2,0.14625,0.030037386100814835,14,512
finite_duration,197,oracle,0,0.7362500000000001,0.2,0.0,0.0,2,512
finite_duration,198,last_contact,4,0.2975,0.2,0.48749999999999993,0.026620238394140624,3,512
finite_duration,198,ema,5,0.54125,0.5900000000000001,0.2437499999999999,0.022158298622757144,16,512
finite_duration,198,failure_age,5,0.54125,0.5900000000000001,0.2437499999999999,0.02144272814047408,16,512
finite_duration,198,route_history,5,0.54125,0.5900000000000001,0.2437499999999999,0.022039310145769757,16,512
finite_duration,198,shuffled_history,5,0.54125,0.5900000000000001,0.2437499999999999,0.022183438471808203,16,512
finite_duration,198,oracle,1,0.7849999999999999,0.5900000000000001,0.0,0.0,10,512
finite_duration,199,last_contact,6,0.24875000000000003,0.2,0.5362499999999999,0.029652138003515623,1,512
finite_duration,199,ema,1,0.7849999999999999,0.98,0.0,0.01256888076304036,13,512
finite_duration,199,failure_age,5,0.7362500000000001,0.2,0.04874999999999985,0.014375823079867806,15,512
finite_duration,199,route_history,5,0.7362500000000001,0.2,0.04874999999999985,0.01546561290924181,15,512
finite_duration,199,shuffled_history,5,0.7362500000000001,0.2,0.04874999999999985,0.014563516166595802,15,512
finite_duration,199,oracle,1,0.7849999999999999,0.98,0.0,0.0,13,512
finite_duration,200,last_contact,7,0.4925,0.395,0.4875,0.0519196374175781,17,512
finite_duration,200,ema,7,0.4925,0.395,0.4875,0.039273320553782826,17,512
finite_duration,200,failure_age,7,0.4925,0.395,0.4875,0.03706523969866266,17,512
finite_duration,200,route_history,1,0.8825000000000001,0.98,0.09749999999999992,0.03536512754717791,16,512
finite_duration,200,shuffled_history,1,0.8825000000000001,0.98,0.09749999999999992,0.03559506055457137,16,512
finite_duration,200,oracle,2,0.98,0.98,0.0,0.0,9,512
finite_duration,201,last_contact,1,0.83375,0.395,0.0,0.03930246710507813,2,512
finite_duration,201,ema,0,0.54125,0.98,0.2925,0.034082191087013394,17,512
finite_duration,201,failure_age,0,0.54125,0.98,0.2925,0.0357105057555388,17,512
finite_duration,201,route_history,0,0.54125,0.98,0.2925,0.035890787240395836,17,512
finite_duration,201,shuffled_history,0,0.54125,0.98,0.2925,0.035203088566452295,17,512
finite_duration,201,oracle,1,0.83375,0.395,0.0,0.0,2,512
finite_duration,202,last_contact,7,0.5900000000000001,0.2,0.2925,0.050141077456640634,11,512
finite_duration,202,ema,7,0.5900000000000001,0.2,0.2925,0.05225495234256442,11,512
finite_duration,202,failure_age,7,0.5900000000000001,0.2,0.2925,0.050328206032232474,11,512
finite_duration,202,route_history,1,0.395,0.2,0.48750000000000004,0.05215585033816503,11,512
finite_duration,202,shuffled_history,7,0.5900000000000001,0.2,0.2925,0.05064522541036419,11,512
finite_duration,202,oracle,5,0.8825000000000001,0.5900000000000001,0.0,0.0,3,512
finite_duration,203,last_contact,0,0.6875,0.98,0.04875000000000007,0.01414328526914063,4,512
finite_duration,203,ema,5,0.7362500000000001,0.2,0.0,0.014280518549086268,14,512
finite_duration,203,failure_age,2,0.44375000000000003,0.395,0.29250000000000004,0.018577428479643315,17,512
finite_duration,203,route_history,2,0.44375000000000003,0.395,0.29250000000000004,0.019096493364177822,17,512
finite_duration,203,shuffled_history,2,0.44375000000000003,0.395,0.29250000000000004,0.018274693095584875,17,512
finite_duration,203,oracle,5,0.7362500000000001,0.2,0.0,0.0,14,512
finite_duration,204,last_contact,1,0.83375,0.98,0.04875000000000007,0.04624470323789061,20,512
finite_duration,204,ema,1,0.83375,0.98,0.04875000000000007,0.05617314575813165,20,512
finite_duration,204,failure_age,1,0.83375,0.98,0.04875000000000007,0.05483857496605923,20,512
finite_duration,204,route_history,1,0.83375,0.98,0.04875000000000007,0.05384678844722897,20,512
finite_duration,204,shuffled_history,1,0.83375,0.98,0.04875000000000007,0.05121658932837127,20,512
finite_duration,204,oracle,4,0.8825000000000001,0.5900000000000001,0.0,0.0,3,512
finite_duration,205,last_contact,2,0.6875,0.2,0.19500000000000006,0.035244189566015625,13,512
finite_duration,205,ema,2,0.6875,0.2,0.19500000000000006,0.02938524386577724,13,512
finite_duration,205,failure_age,2,0.6875,0.2,0.19500000000000006,0.028296060402050745,13,512
finite_duration,205,route_history,2,0.6875,0.2,0.19500000000000006,0.029941284921481588,13,512
finite_duration,205,shuffled_history,2,0.6875,0.2,0.19500000000000006,0.02417445573101937,13,512
finite_duration,205,oracle,1,0.8825000000000001,0.5900000000000001,0.0,0.0,4,512
finite_duration,206,last_contact,2,0.9312500000000001,0.98,0.0,0.03979203898007813,4,512
finite_duration,206,ema,6,0.5900000000000001,0.2,0.34125000000000005,0.05827651534554114,11,512
finite_duration,206,failure_age,6,0.5900000000000001,0.2,0.34125000000000005,0.05552702802183053,11,512
finite_duration,206,route_history,6,0.5900000000000001,0.2,0.34125000000000005,0.05440837186823441,11,512
finite_duration,206,shuffled_history,6,0.5900000000000001,0.2,0.34125000000000005,0.0572606129109232,11,512
finite_duration,206,oracle,2,0.9312500000000001,0.98,0.0,0.0,4,512
finite_duration,207,last_contact,2,0.5900000000000001,0.2,0.2437499999999999,0.02561554659726562,9,512
finite_duration,207,ema,5,0.7362500000000001,0.98,0.09749999999999992,0.022896463387121254,12,512
finite_duration,207,failure_age,0,0.83375,0.395,0.0,0.02298370534822967,16,512
finite_duration,207,route_history,0,0.83375,0.395,0.0,0.020497853521887446,16,512
finite_duration,207,shuffled_history,0,0.83375,0.395,0.0,0.022251073485349705,16,512
finite_duration,207,oracle,0,0.83375,0.395,0.0,0.0,16,512
finite_duration,208,last_contact,3,0.24875000000000003,0.2,0.5362499999999999,0.06462741417539064,3,512
finite_duration,208,ema,0,0.395,0.2,0.3899999999999999,0.05846292380286133,10,512
finite_duration,208,failure_age,7,0.395,0.2,0.3899999999999999,0.053577065897511086,12,512
finite_duration,208,route_history,7,0.395,0.2,0.3899999999999999,0.05411694075686403,12,512
finite_duration,208,shuffled_history,7,0.395,0.2,0.3899999999999999,0.053183280901061655,12,512
finite_duration,208,oracle,2,0.7849999999999999,0.98,0.0,0.0,10,512
finite_duration,209,last_contact,0,0.63875,0.5900000000000001,0.09750000000000003,0.024715423550390636,3,512
finite_duration,209,ema,6,0.54125,0.2,0.19500000000000006,0.019254148056826022,9,512
finite_duration,209,failure_age,5,0.7362500000000001,0.98,0.0,0.015574528503013399,12,512
finite_duration,209,route_history,5,0.7362500000000001,0.98,0.0,0.015371899951004232,12,512
finite_duration,209,shuffled_history,5,0.7362500000000001,0.98,0.0,0.017639431038021652,12,512
finite_duration,209,oracle,5,0.7362500000000001,0.98,0.0,0.0,12,512
finite_duration,210,last_contact,4,0.5900000000000001,0.2,0.14625,0.022788922573828134,1,512
finite_duration,210,ema,0,0.7362500000000001,0.7849999999999999,0.0,0.024314851906540858,17,512
finite_duration,210,failure_age,0,0.7362500000000001,0.7849999999999999,0.0,0.024886267452388484,17,512
finite_duration,210,route_history,0,0.7362500000000001,0.7849999999999999,0.0,0.025221775220526172,17,512
finite_duration,210,shuffled_history,0,0.7362500000000001,0.7849999999999999,0.0,0.026045420632165493,17,512
finite_duration,210,oracle,2,0.7362500000000001,0.2,0.0,0.0,4,512
finite_duration,211,last_contact,3,0.395,0.2,0.3899999999999999,0.025964901284765626,7,512
finite_duration,211,ema,3,0.395,0.2,0.3899999999999999,0.03630752413062924,7,512
finite_duration,211,failure_age,0,0.6875,0.2,0.09749999999999992,0.03368330458223698,10,512
finite_duration,211,route_history,0,0.6875,0.2,0.09749999999999992,0.03316974477381723,10,512
finite_duration,211,shuffled_history,0,0.6875,0.2,0.09749999999999992,0.03506250472377631,10,512
finite_duration,211,oracle,7,0.7849999999999999,0.2,0.0,0.0,1,512
finite_duration,212,last_contact,1,0.2,0.2,0.7312500000000002,0.05101951437070313,2,512
finite_duration,212,ema,2,0.7849999999999999,0.2,0.1462500000000002,0.02529853364748899,16,512
finite_duration,212,failure_age,6,0.8825000000000001,0.5900000000000001,0.04875000000000007,0.02023241856138598,17,512
finite_duration,212,route_history,6,0.8825000000000001,0.5900000000000001,0.04875000000000007,0.020044087387992,17,512
finite_duration,212,shuffled_history,6,0.8825000000000001,0.5900000000000001,0.04875000000000007,0.020737890987396694,17,512
finite_duration,212,oracle,3,0.9312500000000001,0.7849999999999999,0.0,0.0,16,512
finite_duration,213,last_contact,2,0.395,0.2,0.3899999999999999,0.031006184487890633,8,512
finite_duration,213,ema,7,0.395,0.98,0.3899999999999999,0.030087252002482752,11,512
finite_duration,213,failure_age,4,0.7849999999999999,0.2,0.0,0.030266755267160002,13,512
finite_duration,213,route_history,4,0.7849999999999999,0.2,0.0,0.03202456643183746,13,512
finite_duration,213,shuffled_history,4,0.7849999999999999,0.2,0.0,0.032065847428140754,13,512
finite_duration,213,oracle,4,0.7849999999999999,0.2,0.0,0.0,13,512
finite_duration,214,last_contact,0,0.7849999999999999,0.2,0.09750000000000014,0.03952556690976561,5,512
finite_duration,214,ema,2,0.83375,0.395,0.04875000000000007,0.032968734973483994,14,512
finite_duration,214,failure_age,3,0.54125,0.98,0.34125000000000005,0.033899111086400605,19,512
finite_duration,214,route_history,3,0.54125,0.98,0.34125000000000005,0.035295655456821916,19,512
finite_duration,214,shuffled_history,3,0.54125,0.98,0.34125000000000005,0.033934331939598085,19,512
finite_duration,214,oracle,6,0.8825000000000001,0.5900000000000001,0.0,0.0,18,512
finite_duration,215,last_contact,4,0.7362500000000001,0.2,0.04874999999999985,0.014899329214453118,2,512
finite_duration,215,ema,3,0.7849999999999999,0.2,0.0,0.01415021965007555,10,512
finite_duration,215,failure_age,6,0.7362500000000001,0.2,0.04874999999999985,0.016148467745663322,12,512
finite_duration,215,route_history,6,0.7362500000000001,0.2,0.04874999999999985,0.0160548301315417,12,512
finite_duration,215,shuffled_history,6,0.7362500000000001,0.2,0.04874999999999985,0.016450828299471202,12,512
finite_duration,215,oracle,3,0.7849999999999999,0.2,0.0,0.0,10,512
finite_duration,216,last_contact,5,0.8825000000000001,0.5900000000000001,0.09749999999999992,0.05675564503476561,5,512
finite_duration,216,ema,0,0.6875,0.2,0.2925,0.035631416733984185,11,512
finite_duration,216,failure_age,7,0.98,0.98,0.0,0.030597936801197812,18,512
finite_duration,216,route_history,2,0.7849999999999999,0.2,0.19500000000000006,0.032044904584503965,16,512
finite_duration,216,shuffled_history,7,0.98,0.98,0.0,0.030583493114379707,18,512
finite_duration,216,oracle,7,0.98,0.98,0.0,0.0,18,512
finite_duration,217,last_contact,1,0.44375000000000003,0.2,0.3412499999999999,0.01869113468320312,2,512
finite_duration,217,ema,2,0.6875,0.2,0.09749999999999992,0.009646107959145417,14,512
finite_duration,217,failure_age,6,0.7849999999999999,0.395,0.0,0.00846107004713129,17,512
finite_duration,217,route_history,6,0.7849999999999999,0.395,0.0,0.00847034944372012,17,512
finite_duration,217,shuffled_history,6,0.7849999999999999,0.395,0.0,0.00876338891859183,17,512
finite_duration,217,oracle,6,0.7849999999999999,0.395,0.0,0.0,17,512
finite_duration,218,last_contact,4,0.34625,0.2,0.5850000000000002,0.03475461769101565,2,512
finite_duration,218,ema,3,0.54125,0.98,0.3900000000000001,0.025801903900353418,19,512
finite_duration,218,failure_age,3,0.54125,0.98,0.3900000000000001,0.02753226360474026,19,512
finite_duration,218,route_history,3,0.54125,0.98,0.3900000000000001,0.02648895843801584,19,512
finite_duration,218,shuffled_history,3,0.54125,0.98,0.3900000000000001,0.02831902098766212,19,512
finite_duration,218,oracle,6,0.9312500000000001,0.7849999999999999,0.0,0.0,13,512
finite_duration,219,last_contact,6,0.4925,0.2,0.43875000000000014,0.07630495108945316,8,512
finite_duration,219,ema,1,0.9312500000000001,0.98,0.0,0.037276210476063845,20,512
finite_duration,219,failure_age,1,0.9312500000000001,0.98,0.0,0.02943772527196256,20,512
finite_duration,219,route_history,1,0.9312500000000001,0.98,0.0,0.030889410425692952,20,512
finite_duration,219,shuffled_history,1,0.9312500000000001,0.98,0.0,0.02934457746664605,20,512
finite_duration,219,oracle,1,0.9312500000000001,0.98,0.0,0.0,20,512
finite_duration,220,last_contact,6,0.63875,0.395,0.14624999999999988,0.03534875831601564,7,512
finite_duration,220,ema,2,0.7849999999999999,0.5900000000000001,0.0,0.01718668056472975,15,512
finite_duration,220,failure_age,2,0.7849999999999999,0.5900000000000001,0.0,0.018855963002282733,15,512
finite_duration,220,route_history,2,0.7849999999999999,0.5900000000000001,0.0,0.01900921340402195,15,512
finite_duration,220,shuffled_history,2,0.7849999999999999,0.5900000000000001,0.0,0.01814940108044278,15,512
finite_duration,220,oracle,2,0.7849999999999999,0.5900000000000001,0.0,0.0,15,512
finite_duration,221,last_contact,4,0.63875,0.2,0.19499999999999995,0.023400887417578103,3,512
finite_duration,221,ema,2,0.7849999999999999,0.5900000000000001,0.04875000000000007,0.033729447799060175,12,512
finite_duration,221,failure_age,0,0.54125,0.395,0.2925,0.032193197394587314,13,512
finite_duration,221,route_history,0,0.54125,0.395,0.2925,0.03118982832271587,13,512
finite_duration,221,shuffled_history,0,0.54125,0.395,0.2925,0.03153257870941135,13,512
finite_duration,221,oracle,7,0.83375,0.395,0.0,0.0,3,512
finite_duration,222,last_contact,0,0.395,0.2,0.2925,0.05778588487851566,1,512
finite_duration,222,ema,6,0.395,0.98,0.2925,0.042966523028433956,16,512
finite_duration,222,failure_age,6,0.395,0.98,0.2925,0.047388233472832345,16,512
finite_duration,222,route_history,6,0.395,0.98,0.2925,0.048148488326279576,16,512
finite_duration,222,shuffled_history,6,0.395,0.98,0.2925,0.04634272704775183,16,512
finite_duration,222,oracle,5,0.6875,0.2,0.0,0.0,1,512
finite_duration,223,last_contact,5,0.54125,0.2,0.3900000000000001,0.05302889796445314,10,512
finite_duration,223,ema,5,0.54125,0.2,0.3900000000000001,0.02496722157310858,10,512
finite_duration,223,failure_age,3,0.7849999999999999,0.2,0.1462500000000002,0.025078954349805196,14,512
finite_duration,223,route_history,3,0.7849999999999999,0.2,0.1462500000000002,0.024335467243289506,14,512
finite_duration,223,shuffled_history,3,0.7849999999999999,0.2,0.1462500000000002,0.024024670429927487,14,512
finite_duration,223,oracle,7,0.9312500000000001,0.7849999999999999,0.0,0.0,10,512
finite_duration,224,last_contact,4,0.44375000000000003,0.2,0.5362499999999999,0.061941007339453125,10,512
finite_duration,224,ema,4,0.44375000000000003,0.2,0.5362499999999999,0.059551734853468916,10,512
finite_duration,224,failure_age,0,0.7362500000000001,0.98,0.2437499999999999,0.05572319193974535,16,512
finite_duration,224,route_history,0,0.7362500000000001,0.98,0.2437499999999999,0.05789351963916275,16,512
finite_duration,224,shuffled_history,3,0.98,0.98,0.0,0.05494062539781275,15,512
finite_duration,224,oracle,3,0.98,0.98,0.0,0.0,15,512
finite_duration,225,last_contact,1,0.83375,0.395,0.14625,0.06222530362851562,15,512
finite_duration,225,ema,1,0.83375,0.395,0.14625,0.031496444501320726,15,512
finite_duration,225,failure_age,0,0.9312500000000001,0.7849999999999999,0.04874999999999985,0.022649607948529018,19,512
finite_duration,225,route_history,6,0.98,0.98,0.0,0.02331102322404932,19,512
finite_duration,225,shuffled_history,6,0.98,0.98,0.0,0.021297520203291218,19,512
finite_duration,225,oracle,6,0.98,0.98,0.0,0.0,19,512
finite_duration,226,last_contact,0,0.24875000000000003,0.2,0.73125,0.07783872511289061,1,512
finite_duration,226,ema,3,0.98,0.98,0.0,0.04607450502518862,15,512
finite_duration,226,failure_age,5,0.98,0.98,0.0,0.03628607624982516,17,512
finite_duration,226,route_history,5,0.98,0.98,0.0,0.0378521365641183,17,512
finite_duration,226,shuffled_history,5,0.98,0.98,0.0,0.0352033671169398,17,512
finite_duration,226,oracle,3,0.98,0.98,0.0,0.0,15,512
finite_duration,227,last_contact,4,0.6875,0.2,0.2925,0.04659405792539061,2,512
finite_duration,227,ema,6,0.63875,0.2,0.34124999999999994,0.04260281144941975,12,512
finite_duration,227,failure_age,1,0.54125,0.98,0.43875,0.04549426220983883,14,512
finite_duration,227,route_history,1,0.54125,0.98,0.43875,0.04856687219189524,14,512
finite_duration,227,shuffled_history,1,0.54125,0.98,0.43875,0.0446432840103026,14,512
finite_duration,227,oracle,7,0.98,0.98,0.0,0.0,13,512
finite_duration,228,last_contact,2,0.54125,0.2,0.3900000000000001,0.03622719523007814,11,512
finite_duration,228,ema,2,0.54125,0.2,0.3900000000000001,0.017448853652340876,11,512
finite_duration,228,failure_age,5,0.9312500000000001,0.7849999999999999,0.0,0.017160677570449406,16,512
finite_duration,228,route_history,5,0.9312500000000001,0.7849999999999999,0.0,0.01648046853216303,16,512
finite_duration,228,shuffled_history,5,0.9312500000000001,0.7849999999999999,0.0,0.01862132582504944,16,512
finite_duration,228,oracle,5,0.9312500000000001,0.7849999999999999,0.0,0.0,16,512
finite_duration,229,last_contact,3,0.4925,0.2,0.34125,0.029652138003515634,6,512
finite_duration,229,ema,5,0.7362500000000001,0.2,0.09749999999999992,0.023275868446077718,12,512
finite_duration,229,failure_age,0,0.7362500000000001,0.395,0.09749999999999992,0.023080794729126625,14,512
finite_duration,229,route_history,0,0.7362500000000001,0.395,0.09749999999999992,0.022622480060658395,14,512
finite_duration,229,shuffled_history,0,0.7362500000000001,0.395,0.09749999999999992,0.022796172311718148,14,512
finite_duration,229,oracle,2,0.83375,0.395,0.0,0.0,8,512
finite_duration,230,last_contact,7,0.6875,0.395,0.14625,0.02653735577695312,17,512
finite_duration,230,ema,7,0.6875,0.395,0.14625,0.020542815651900248,17,512
finite_duration,230,failure_age,7,0.6875,0.395,0.14625,0.021382962468324173,17,512
finite_duration,230,route_history,7,0.6875,0.395,0.14625,0.022053424874513228,17,512
finite_duration,230,shuffled_history,7,0.6875,0.395,0.14625,0.020982685038156566,17,512
finite_duration,230,oracle,5,0.83375,0.5900000000000001,0.0,0.0,13,512
finite_duration,231,last_contact,2,0.63875,0.2,0.34124999999999994,0.07747154620664064,6,512
finite_duration,231,ema,3,0.6875,0.2,0.2925,0.03880549688569916,16,512
finite_duration,231,failure_age,3,0.6875,0.2,0.2925,0.036215637281449664,16,512
finite_duration,231,route_history,3,0.6875,0.2,0.2925,0.03699773446056541,16,512
finite_duration,231,shuffled_history,3,0.6875,0.2,0.2925,0.0357859585668087,16,512
finite_duration,231,oracle,1,0.98,0.98,0.0,0.0,14,512
finite_duration,232,last_contact,6,0.7362500000000001,0.2,0.04874999999999985,0.018424662612890625,3,512
finite_duration,232,ema,5,0.7849999999999999,0.7849999999999999,0.0,0.02588692329282322,13,512
finite_duration,232,failure_age,0,0.7362500000000001,0.2,0.04874999999999985,0.02095212935760691,14,512
finite_duration,232,route_history,0,0.7362500000000001,0.2,0.04874999999999985,0.0223228462353071,14,512
finite_duration,232,shuffled_history,0,0.7362500000000001,0.2,0.04874999999999985,0.021462669861097898,14,512
finite_duration,232,oracle,5,0.7849999999999999,0.7849999999999999,0.0,0.0,13,512
finite_duration,233,last_contact,0,0.54125,0.2,0.2437499999999999,0.03407759444882812,3,512
finite_duration,233,ema,5,0.7849999999999999,0.2,0.0,0.020769673325017366,11,512
finite_duration,233,failure_age,4,0.63875,0.395,0.14624999999999988,0.02107063217228122,15,512
finite_duration,233,route_history,4,0.63875,0.395,0.14624999999999988,0.020681186284075063,15,512
finite_duration,233,shuffled_history,4,0.63875,0.395,0.14624999999999988,0.02107951976931464,15,512
finite_duration,233,oracle,2,0.7849999999999999,0.2,0.0,0.0,8,512
finite_duration,234,last_contact,3,0.63875,0.2,0.2925000000000001,0.03319529562070313,11,512
finite_duration,234,ema,3,0.63875,0.2,0.2925000000000001,0.027988205062374108,11,512
finite_duration,234,failure_age,4,0.9312500000000001,0.7849999999999999,0.0,0.021091099899533373,17,512
finite_duration,234,route_history,4,0.9312500000000001,0.7849999999999999,0.0,0.021179106229827646,17,512
finite_duration,234,shuffled_history,4,0.9312500000000001,0.7849999999999999,0.0,0.02075023185569315,17,512
finite_duration,234,oracle,4,0.9312500000000001,0.7849999999999999,0.0,0.0,17,512
finite_duration,235,last_contact,4,0.34625,0.2,0.4387499999999999,0.040245962417578135,5,512
finite_duration,235,ema,6,0.6875,0.2,0.09749999999999992,0.0253570535285899,10,512
finite_duration,235,failure_age,2,0.54125,0.2,0.2437499999999999,0.024499890317907495,10,512
finite_duration,235,route_history,6,0.6875,0.2,0.09749999999999992,0.026063102286609553,10,512
finite_duration,235,shuffled_history,1,0.7849999999999999,0.2,0.0,0.023576285432873677,10,512
finite_duration,235,oracle,1,0.7849999999999999,0.2,0.0,0.0,10,512
finite_duration,236,last_contact,4,0.34625,0.2,0.39000000000000007,0.02242174366757814,2,512
finite_duration,236,ema,7,0.5900000000000001,0.2,0.14625,0.021872932470644396,10,512
finite_duration,236,failure_age,6,0.54125,0.2,0.19500000000000006,0.020625922661123217,11,512
finite_duration,236,route_history,6,0.54125,0.2,0.19500000000000006,0.020110141334729506,11,512
finite_duration,236,shuffled_history,6,0.54125,0.2,0.19500000000000006,0.021007141891961366,11,512
finite_duration,236,oracle,0,0.7362500000000001,0.2,0.0,0.0,3,512
finite_duration,237,last_contact,4,0.24875000000000003,0.2,0.63375,0.057742512612890644,4,512
finite_duration,237,ema,7,0.8825000000000001,0.98,0.0,0.028204314726431708,12,512
finite_duration,237,failure_age,0,0.7362500000000001,0.7849999999999999,0.14625,0.03292227080456997,17,512
finite_duration,237,route_history,0,0.7362500000000001,0.7849999999999999,0.14625,0.03394896860031256,17,512
finite_duration,237,shuffled_history,0,0.7362500000000001,0.7849999999999999,0.14625,0.03288651608265516,17,512
finite_duration,237,oracle,7,0.8825000000000001,0.98,0.0,0.0,12,512
finite_duration,238,last_contact,0,0.2975,0.2,0.6337500000000001,0.05638846612851564,3,512
finite_duration,238,ema,6,0.5900000000000001,0.7849999999999999,0.34125000000000005,0.034090675308738994,17,512
finite_duration,238,failure_age,2,0.9312500000000001,0.98,0.0,0.03198536446958223,19,512
finite_duration,238,route_history,2,0.9312500000000001,0.98,0.0,0.03098186300024333,19,512
finite_duration,238,shuffled_history,3,0.6875,0.98,0.24375000000000013,0.03136024143836226,19,512
finite_duration,238,oracle,2,0.9312500000000001,0.98,0.0,0.0,19,512
finite_duration,239,last_contact,6,0.63875,0.395,0.34124999999999994,0.03397302569882811,1,512
finite_duration,239,ema,5,0.7362500000000001,0.2,0.2437499999999999,0.035753497164317805,15,512
finite_duration,239,failure_age,5,0.7362500000000001,0.2,0.2437499999999999,0.03695237729319677,15,512
finite_duration,239,route_history,4,0.98,0.98,0.0,0.036382507519290536,14,512
finite_duration,239,shuffled_history,5,0.7362500000000001,0.2,0.2437499999999999,0.037235494002461345,15,512
finite_duration,239,oracle,4,0.98,0.98,0.0,0.0,14,512
finite_duration,240,last_contact,7,0.5900000000000001,0.2,0.09749999999999992,0.006952401284765631,12,512
finite_duration,240,ema,7,0.5900000000000001,0.2,0.09749999999999992,0.011792761941864691,12,512
finite_duration,240,failure_age,7,0.5900000000000001,0.2,0.09749999999999992,0.011568554129633458,12,512
finite_duration,240,route_history,7,0.5900000000000001,0.2,0.09749999999999992,0.012507970074151066,12,512
finite_duration,240,shuffled_history,7,0.5900000000000001,0.2,0.09749999999999992,0.011487968032604315,12,512
finite_duration,240,oracle,0,0.6875,0.5900000000000001,0.0,0.0,2,512
finite_duration,241,last_contact,7,0.6875,0.2,0.24375000000000013,0.057760336831640634,12,512
finite_duration,241,ema,7,0.6875,0.2,0.24375000000000013,0.062293301541173574,12,512
finite_duration,241,failure_age,5,0.5900000000000001,0.395,0.34125000000000005,0.06652286505717764,14,512
finite_duration,241,route_history,5,0.5900000000000001,0.395,0.34125000000000005,0.06620998813798805,14,512
finite_duration,241,shuffled_history,5,0.5900000000000001,0.395,0.34125000000000005,0.06749295204896971,14,512
finite_duration,241,oracle,4,0.9312500000000001,0.7849999999999999,0.0,0.0,4,512
finite_duration,242,last_contact,3,0.5900000000000001,0.395,0.2437499999999999,0.03827608917539061,8,512
finite_duration,242,ema,2,0.83375,0.395,0.0,0.021269352318108337,16,512
finite_duration,242,failure_age,2,0.83375,0.395,0.0,0.02011008860564146,16,512
finite_duration,242,route_history,2,0.83375,0.395,0.0,0.019290115029762488,16,512
finite_duration,242,shuffled_history,2,0.83375,0.395,0.0,0.02162076208911096,16,512
finite_duration,242,oracle,2,0.83375,0.395,0.0,0.0,16,512
finite_duration,243,last_contact,0,0.2,0.2,0.78,0.07673332648007813,2,512
finite_duration,243,ema,2,0.98,0.98,0.0,0.0422979079318238,17,512
finite_duration,243,failure_age,2,0.98,0.98,0.0,0.038006412309037285,17,512
finite_duration,243,route_history,2,0.98,0.98,0.0,0.03896660208252829,17,512
finite_duration,243,shuffled_history,2,0.98,0.98,0.0,0.036591339341188814,17,512
finite_duration,243,oracle,2,0.98,0.98,0.0,0.0,17,512
finite_duration,244,last_contact,6,0.4925,0.5900000000000001,0.34125,0.03745884874570313,3,512
finite_duration,244,ema,5,0.6875,0.2,0.14625,0.026405551459032492,5,512
finite_duration,244,failure_age,5,0.6875,0.2,0.14625,0.02731061449230715,5,512
finite_duration,244,route_history,5,0.6875,0.2,0.14625,0.02785201425477572,5,512
finite_duration,244,shuffled_history,5,0.6875,0.2,0.14625,0.028077019814555314,5,512
finite_duration,244,oracle,1,0.83375,0.5900000000000001,0.0,0.0,4,512
finite_duration,245,last_contact,6,0.2975,0.2,0.48749999999999993,0.023238984097265616,2,512
finite_duration,245,ema,1,0.54125,0.5900000000000001,0.2437499999999999,0.031860959864686275,16,512
finite_duration,245,failure_age,1,0.54125,0.5900000000000001,0.2437499999999999,0.028835184524077052,16,512
finite_duration,245,route_history,1,0.54125,0.5900000000000001,0.2437499999999999,0.027266081540643167,16,512
finite_duration,245,shuffled_history,1,0.54125,0.5900000000000001,0.2437499999999999,0.027842582834398322,16,512
finite_duration,245,oracle,3,0.7849999999999999,0.2,0.0,0.0,3,512
finite_duration,246,last_contact,5,0.8825000000000001,0.5900000000000001,0.09749999999999992,0.04026378663632811,11,512
finite_duration,246,ema,5,0.8825000000000001,0.5900000000000001,0.09749999999999992,0.04869362587032648,11,512
finite_duration,246,failure_age,4,0.6875,0.5900000000000001,0.2925,0.04671602253793493,17,512
finite_duration,246,route_history,4,0.6875,0.5900000000000001,0.2925,0.04725940300864685,17,512
finite_duration,246,shuffled_history,4,0.6875,0.5900000000000001,0.2925,0.048809442013218275,17,512
finite_duration,246,oracle,0,0.98,0.98,0.0,0.0,6,512
finite_duration,247,last_contact,7,0.6875,0.2,0.24375000000000013,0.03673845323789062,8,512
finite_duration,247,ema,4,0.7849999999999999,0.5900000000000001,0.1462500000000002,0.03746886293634096,15,512
finite_duration,247,failure_age,4,0.7849999999999999,0.5900000000000001,0.1462500000000002,0.03493153724118543,15,512
finite_duration,247,route_history,4,0.7849999999999999,0.5900000000000001,0.1462500000000002,0.036353354172942116,15,512
finite_duration,247,shuffled_history,4,0.7849999999999999,0.5900000000000001,0.1462500000000002,0.03405656672935295,15,512
finite_duration,247,oracle,2,0.9312500000000001,0.7849999999999999,0.0,0.0,8,512
finite_duration,248,last_contact,4,0.395,0.2,0.43875,0.04245675968320312,3,512
finite_duration,248,ema,3,0.7362500000000001,0.2,0.09749999999999992,0.021421699869456648,11,512
finite_duration,248,failure_age,7,0.7849999999999999,0.2,0.04875000000000007,0.019473693418301727,14,512
finite_duration,248,route_history,2,0.6875,0.7849999999999999,0.14625,0.017512174709808523,14,512
finite_duration,248,shuffled_history,2,0.6875,0.7849999999999999,0.14625,0.01875977121550404,14,512
finite_duration,248,oracle,1,0.83375,0.98,0.0,0.0,9,512
finite_duration,249,last_contact,5,0.5900000000000001,0.395,0.34125000000000005,0.026414962808203137,10,512
finite_duration,249,ema,5,0.5900000000000001,0.395,0.34125000000000005,0.010769087790148967,10,512
finite_duration,249,failure_age,6,0.9312500000000001,0.98,0.0,0.011676222940387594,12,512
finite_duration,249,route_history,6,0.9312500000000001,0.98,0.0,0.011598170794523181,12,512
finite_duration,249,shuffled_history,6,0.9312500000000001,0.98,0.0,0.010834682545058903,12,512
finite_duration,249,oracle,6,0.9312500000000001,0.98,0.0,0.0,12,512
finite_duration,250,last_contact,7,0.83375,0.395,0.14625,0.06677315304257811,15,512
finite_duration,250,ema,7,0.83375,0.395,0.14625,0.05521513804383079,15,512
finite_duration,250,failure_age,7,0.83375,0.395,0.14625,0.05079762005331091,15,512
finite_duration,250,route_history,4,0.7849999999999999,0.98,0.19500000000000006,0.049786579719345414,15,512
finite_duration,250,shuffled_history,4,0.7849999999999999,0.98,0.19500000000000006,0.04710880552735393,15,512
finite_duration,250,oracle,0,0.98,0.98,0.0,0.0,4,512
finite_duration,251,last_contact,0,0.7849999999999999,0.2,0.09750000000000014,0.041923815542578124,6,512
finite_duration,251,ema,3,0.8825000000000001,0.5900000000000001,0.0,0.03158961550684296,12,512
finite_duration,251,failure_age,2,0.7849999999999999,0.2,0.09750000000000014,0.02719128402036538,16,512
finite_duration,251,route_history,2,0.7849999999999999,0.2,0.09750000000000014,0.02859358538065994,16,512
finite_duration,251,shuffled_history,2,0.7849999999999999,0.2,0.09750000000000014,0.02755367703478174,16,512
finite_duration,251,oracle,3,0.8825000000000001,0.5900000000000001,0.0,0.0,12,512
finite_duration,252,last_contact,6,0.7849999999999999,0.395,0.0,0.036659432534765626,5,512
finite_duration,252,ema,7,0.6875,0.2,0.09749999999999992,0.028122949031350847,10,512
finite_duration,252,failure_age,7,0.6875,0.2,0.09749999999999992,0.026604120263866632,10,512
finite_duration,252,route_history,7,0.6875,0.2,0.09749999999999992,0.02729926922002132,10,512
finite_duration,252,shuffled_history,5,0.6875,0.2,0.09749999999999992,0.026912599976260443,9,512
finite_duration,252,oracle,6,0.7849999999999999,0.395,0.0,0.0,5,512
finite_duration,253,last_contact,4,0.44375000000000003,0.2,0.5362499999999999,0.05466724073789062,10,512
finite_duration,253,ema,6,0.7362500000000001,0.98,0.2437499999999999,0.04969320979014974,14,512
finite_duration,253,failure_age,6,0.7362500000000001,0.98,0.2437499999999999,0.05242060995230563,14,512
finite_duration,253,route_history,6,0.7362500000000001,0.98,0.2437499999999999,0.051702134676758035,14,512
finite_duration,253,shuffled_history,6,0.7362500000000001,0.98,0.2437499999999999,0.05224478278075728,14,512
finite_duration,253,oracle,3,0.98,0.98,0.0,0.0,6,512
finite_duration,254,last_contact,3,0.395,0.2,0.34125000000000005,0.029202076480078137,2,512
finite_duration,254,ema,0,0.6875,0.5900000000000001,0.04875000000000007,0.010689502890294763,14,512
finite_duration,254,failure_age,7,0.7362500000000001,0.7849999999999999,0.0,0.009720119430182526,15,512
finite_duration,254,route_history,0,0.6875,0.5900000000000001,0.04875000000000007,0.01036361929211881,14,512
finite_duration,254,shuffled_history,0,0.6875,0.5900000000000001,0.04875000000000007,0.009679333298222157,14,512
finite_duration,254,oracle,5,0.7362500000000001,0.2,0.0,0.0,13,512
finite_duration,255,last_contact,2,0.8825000000000001,0.5900000000000001,0.0,0.035406092886328094,15,512
finite_duration,255,ema,2,0.8825000000000001,0.5900000000000001,0.0,0.014619249427705849,15,512
finite_duration,255,failure_age,3,0.6875,0.7849999999999999,0.19500000000000006,0.016249852334821263,18,512
finite_duration,255,route_history,4,0.7362500000000001,0.7849999999999999,0.14625,0.016663759364372963,18,512
finite_duration,255,shuffled_history,4,0.7362500000000001,0.7849999999999999,0.14625,0.01684654150584139,18,512
finite_duration,255,oracle,2,0.8825000000000001,0.5900000000000001,0.0,0.0,15,512
finite_duration,256,last_contact,2,0.2,0.2,0.585,0.04651503722226563,4,512
finite_duration,256,ema,3,0.7362500000000001,0.2,0.04874999999999985,0.03255271767706771,15,512
finite_duration,256,failure_age,3,0.7362500000000001,0.2,0.04874999999999985,0.03351213798484595,15,512
finite_duration,256,route_history,3,0.7362500000000001,0.2,0.04874999999999985,0.033468814220539406,15,512
finite_duration,256,shuffled_history,3,0.7362500000000001,0.2,0.04874999999999985,0.03324404634211105,15,512
finite_duration,256,oracle,4,0.7849999999999999,0.7849999999999999,0.0,0.0,8,512
finite_duration,257,last_contact,5,0.7849999999999999,0.2,0.04875000000000007,0.03292882355039061,1,512
finite_duration,257,ema,3,0.83375,0.395,0.0,0.05457196280322647,16,512
finite_duration,257,failure_age,2,0.4925,0.5900000000000001,0.34125,0.05461478838134082,17,512
finite_duration,257,route_history,3,0.83375,0.395,0.0,0.05271755138283191,16,512
finite_duration,257,shuffled_history,2,0.4925,0.5900000000000001,0.34125,0.056601426008837843,17,512
finite_duration,257,oracle,3,0.83375,0.395,0.0,0.0,16,512
finite_duration,258,last_contact,1,0.7849999999999999,0.2,0.04875000000000007,0.030962812222265622,6,512
finite_duration,258,ema,6,0.83375,0.395,0.0,0.023963282978928756,16,512
finite_duration,258,failure_age,4,0.7362500000000001,0.7849999999999999,0.09749999999999992,0.02474153718867185,17,512
finite_duration,258,route_history,6,0.83375,0.395,0.0,0.025106325511112172,16,512
finite_duration,258,shuffled_history,6,0.83375,0.395,0.0,0.0237390468937881,16,512
finite_duration,258,oracle,6,0.83375,0.395,0.0,0.0,16,512
finite_duration,259,last_contact,6,0.44375000000000003,0.2,0.3412499999999999,0.04889159972226563,4,512
finite_duration,259,ema,3,0.4925,0.2,0.2924999999999999,0.025623254778255583,15,512
finite_duration,259,failure_age,3,0.4925,0.2,0.2924999999999999,0.025682472763215423,15,512
finite_duration,259,route_history,3,0.4925,0.2,0.2924999999999999,0.024964901815742308,15,512
finite_duration,259,shuffled_history,3,0.4925,0.2,0.2924999999999999,0.024195181044166576,15,512
finite_duration,259,oracle,4,0.7849999999999999,0.2,0.0,0.0,13,512
finite_duration,260,last_contact,0,0.44375000000000003,0.7849999999999999,0.4875000000000001,0.04219028761289063,19,512
finite_duration,260,ema,0,0.44375000000000003,0.7849999999999999,0.4875000000000001,0.024601469178956916,19,512
finite_duration,260,failure_age,0,0.44375000000000003,0.7849999999999999,0.4875000000000001,0.02804780934272895,19,512
finite_duration,260,route_history,0,0.44375000000000003,0.7849999999999999,0.4875000000000001,0.0271095596340278,19,512
finite_duration,260,shuffled_history,0,0.44375000000000003,0.7849999999999999,0.4875000000000001,0.029947067076277804,19,512
finite_duration,260,oracle,1,0.9312500000000001,0.7849999999999999,0.0,0.0,15,512
finite_duration,261,last_contact,7,0.2,0.2,0.6825000000000001,0.07013658312070313,1,512
finite_duration,261,ema,1,0.7849999999999999,0.98,0.09750000000000014,0.03660438793923043,18,512
finite_duration,261,failure_age,1,0.7849999999999999,0.98,0.09750000000000014,0.03283487808871997,18,512
finite_duration,261,route_history,2,0.63875,0.98,0.24375000000000002,0.03384765504171674,16,512
finite_duration,261,shuffled_history,1,0.7849999999999999,0.98,0.09750000000000014,0.032423112126808235,18,512
finite_duration,261,oracle,4,0.8825000000000001,0.5900000000000001,0.0,0.0,13,512
finite_duration,262,last_contact,3,0.395,0.2,0.3899999999999999,0.012605649331640614,2,512
finite_duration,262,ema,4,0.6875,0.5900000000000001,0.09749999999999992,0.01195377090502939,11,512
finite_duration,262,failure_age,4,0.6875,0.5900000000000001,0.09749999999999992,0.011974106447992442,11,512
finite_duration,262,route_history,4,0.6875,0.5900000000000001,0.09749999999999992,0.012498882276113475,11,512
finite_duration,262,shuffled_history,4,0.6875,0.5900000000000001,0.09749999999999992,0.012512171511266714,11,512
finite_duration,262,oracle,0,0.7849999999999999,0.5900000000000001,0.0,0.0,9,512
finite_duration,263,last_contact,4,0.7362500000000001,0.98,0.14625,0.03106351905820311,18,512
finite_duration,263,ema,4,0.7362500000000001,0.98,0.14625,0.017594043344743335,18,512
finite_duration,263,failure_age,4,0.7362500000000001,0.98,0.14625,0.01296087290843721,18,512
finite_duration,263,route_history,0,0.7849999999999999,0.98,0.09750000000000014,0.012735953970745097,18,512
finite_duration,263,shuffled_history,7,0.8825000000000001,0.5900000000000001,0.0,0.013816031292124342,18,512
finite_duration,263,oracle,7,0.8825000000000001,0.5900000000000001,0.0,0.0,18,512
finite_duration,264,last_contact,1,0.7362500000000001,0.2,0.0,0.028935604409765635,3,512
finite_duration,264,ema,3,0.7362500000000001,0.5900000000000001,0.0,0.026167243701319284,15,512
finite_duration,264,failure_age,3,0.7362500000000001,0.5900000000000001,0.0,0.025715474753084933,15,512
finite_duration,264,route_history,3,0.7362500000000001,0.5900000000000001,0.0,0.026122889458938953,15,512
finite_duration,264,shuffled_history,3,0.7362500000000001,0.5900000000000001,0.0,0.025903151070101972,15,512
finite_duration,264,oracle,1,0.7362500000000001,0.2,0.0,0.0,3,512
finite_duration,265,last_contact,6,0.5900000000000001,0.395,0.34125000000000005,0.02764275440976563,15,512
finite_duration,265,ema,6,0.5900000000000001,0.395,0.34125000000000005,0.029090087136588796,15,512
finite_duration,265,failure_age,3,0.63875,0.7849999999999999,0.2925000000000001,0.029883570425379563,17,512
finite_duration,265,route_history,3,0.63875,0.7849999999999999,0.2925000000000001,0.0315896328916951,17,512
finite_duration,265,shuffled_history,3,0.63875,0.7849999999999999,0.2925000000000001,0.03184258030286632,17,512
finite_duration,265,oracle,2,0.9312500000000001,0.7849999999999999,0.0,0.0,10,512
finite_duration,266,last_contact,5,0.395,0.2,0.585,0.05446196515195312,1,512
finite_duration,266,ema,3,0.8825000000000001,0.5900000000000001,0.09749999999999992,0.0493071774743923,14,512
finite_duration,266,failure_age,4,0.44375000000000003,0.5900000000000001,0.5362499999999999,0.051930058080848,18,512
finite_duration,266,route_history,4,0.44375000000000003,0.5900000000000001,0.5362499999999999,0.05075747992134129,18,512
finite_duration,266,shuffled_history,4,0.44375000000000003,0.5900000000000001,0.5362499999999999,0.051489100486995946,18,512
finite_duration,266,oracle,0,0.98,0.98,0.0,0.0,6,512
finite_duration,267,last_contact,6,0.83375,0.395,0.0,0.04171853995664062,16,512
finite_duration,267,ema,6,0.83375,0.395,0.0,0.018575414054386726,16,512
finite_duration,267,failure_age,6,0.83375,0.395,0.0,0.016753602886959082,16,512
finite_duration,267,route_history,2,0.7362500000000001,0.2,0.09749999999999992,0.017673516491838813,16,512
finite_duration,267,shuffled_history,6,0.83375,0.395,0.0,0.015942451311595926,16,512
finite_duration,267,oracle,6,0.83375,0.395,0.0,0.0,16,512
finite_duration,268,last_contact,3,0.34625,0.2,0.5850000000000002,0.04372406163632812,3,512
finite_duration,268,ema,4,0.6875,0.98,0.24375000000000013,0.024197657772147906,16,512
finite_duration,268,failure_age,4,0.6875,0.98,0.24375000000000013,0.021738236921360263,16,512
finite_duration,268,route_history,5,0.9312500000000001,0.7849999999999999,0.0,0.022251689975779445,16,512
finite_duration,268,shuffled_history,4,0.6875,0.98,0.24375000000000013,0.020140201827110356,16,512
finite_duration,268,oracle,5,0.9312500000000001,0.7849999999999999,0.0,0.0,16,512
finite_duration,269,last_contact,3,0.8825000000000001,0.5900000000000001,0.04875000000000007,0.048560069253515636,8,512
finite_duration,269,ema,0,0.9312500000000001,0.98,0.0,0.025444202685801342,18,512
finite_duration,269,failure_age,0,0.9312500000000001,0.98,0.0,0.026179543340550403,18,512
finite_duration,269,route_history,0,0.9312500000000001,0.98,0.0,0.025056063488711797,18,512
finite_duration,269,shuffled_history,0,0.9312500000000001,0.98,0.0,0.02523196075128359,18,512
finite_duration,269,oracle,0,0.9312500000000001,0.98,0.0,0.0,18,512
finite_duration,270,last_contact,0,0.83375,0.395,0.14625,0.044851146401953104,15,512
finite_duration,270,ema,0,0.83375,0.395,0.14625,0.02716888587643683,15,512
finite_duration,270,failure_age,2,0.7362500000000001,0.98,0.2437499999999999,0.026075035807695088,20,512
finite_duration,270,route_history,2,0.7362500000000001,0.98,0.2437499999999999,0.0275717804793045,20,512
finite_duration,270,shuffled_history,2,0.7362500000000001,0.98,0.2437499999999999,0.02550424301620119,20,512
finite_duration,270,oracle,4,0.98,0.98,0.0,0.0,7,512
finite_duration,271,last_contact,4,0.63875,0.5900000000000001,0.34124999999999994,0.0262491975738281,16,512
finite_duration,271,ema,4,0.63875,0.5900000000000001,0.34124999999999994,0.024958928730664687,16,512
finite_duration,271,failure_age,3,0.4925,0.5900000000000001,0.4875,0.02614478387254387,17,512
finite_duration,271,route_history,3,0.4925,0.5900000000000001,0.4875,0.029806655754588986,17,512
finite_duration,271,shuffled_history,0,0.7849999999999999,0.7849999999999999,0.19500000000000006,0.02715911228212424,17,512
finite_duration,271,oracle,1,0.98,0.98,0.0,0.0,8,512
finite_duration,272,last_contact,1,0.44375000000000003,0.2,0.43875000000000003,0.027437478823828108,5,512
finite_duration,272,ema,7,0.8825000000000001,0.5900000000000001,0.0,0.014021696650153605,11,512
finite_duration,272,failure_age,4,0.5900000000000001,0.5900000000000001,0.2925,0.017708478249477053,13,512
finite_duration,272,route_history,4,0.5900000000000001,0.5900000000000001,0.2925,0.017117266620728745,13,512
finite_duration,272,shuffled_history,4,0.5900000000000001,0.5900000000000001,0.2925,0.01750963733261248,13,512
finite_duration,272,oracle,7,0.8825000000000001,0.5900000000000001,0.0,0.0,11,512
finite_duration,273,last_contact,5,0.63875,0.2,0.24375000000000002,0.016703437222265624,1,512
finite_duration,273,ema,1,0.8825000000000001,0.98,0.0,0.010947595441912178,19,512
finite_duration,273,failure_age,1,0.8825000000000001,0.98,0.0,0.009737121107284207,19,512
finite_duration,273,route_history,1,0.8825000000000001,0.98,0.0,0.010505673923956948,19,512
finite_duration,273,shuffled_history,1,0.8825000000000001,0.98,0.0,0.009869277223884849,19,512
finite_duration,273,oracle,1,0.8825000000000001,0.98,0.0,0.0,19,512
finite_duration,274,last_contact,2,0.6875,0.2,0.14625,0.05698260675351562,11,512
finite_duration,274,ema,2,0.6875,0.2,0.14625,0.039914864966685906,11,512
finite_duration,274,failure_age,3,0.7849999999999999,0.7849999999999999,0.04875000000000007,0.03740492329559484,15,512
finite_duration,274,route_history,3,0.7849999999999999,0.7849999999999999,0.04875000000000007,0.0397607254286597,15,512
finite_duration,274,shuffled_history,3,0.7849999999999999,0.7849999999999999,0.04875000000000007,0.03699439080790473,15,512
finite_duration,274,oracle,0,0.83375,0.395,0.0,0.0,5,512
finite_duration,275,last_contact,0,0.7362500000000001,0.2,0.04874999999999985,0.016847516323828124,10,512
finite_duration,275,ema,6,0.7849999999999999,0.7849999999999999,0.0,0.0049994728021352,14,512
finite_duration,275,failure_age,6,0.7849999999999999,0.7849999999999999,0.0,0.0039049205784430874,14,512
finite_duration,275,route_history,6,0.7849999999999999,0.7849999999999999,0.0,0.0036686137787360867,14,512
finite_duration,275,shuffled_history,6,0.7849999999999999,0.7849999999999999,0.0,0.00412250584373351,14,512
finite_duration,275,oracle,6,0.7849999999999999,0.7849999999999999,0.0,0.0,14,512
finite_duration,276,last_contact,5,0.44375000000000003,0.2,0.43875000000000003,0.06392870480039063,7,512
finite_duration,276,ema,3,0.8825000000000001,0.5900000000000001,0.0,0.035979694997013714,10,512
finite_duration,276,failure_age,4,0.83375,0.395,0.04875000000000007,0.0375832790279407,12,512
finite_duration,276,route_history,4,0.83375,0.395,0.04875000000000007,0.03845046596864625,12,512
finite_duration,276,shuffled_history,4,0.83375,0.395,0.04875000000000007,0.03778008528623314,12,512
finite_duration,276,oracle,3,0.8825000000000001,0.5900000000000001,0.0,0.0,10,512
finite_duration,277,last_contact,5,0.7849999999999999,0.2,0.1462500000000002,0.02915870421445312,9,512
finite_duration,277,ema,6,0.54125,0.2,0.3900000000000001,0.01663279575763673,9,512
finite_duration,277,failure_age,0,0.9312500000000001,0.7849999999999999,0.0,0.016499553217671513,12,512
finite_duration,277,route_history,0,0.9312500000000001,0.7849999999999999,0.0,0.01627946859419993,12,512
finite_duration,277,shuffled_history,0,0.9312500000000001,0.7849999999999999,0.0,0.017038027378143833,12,512
finite_duration,277,oracle,0,0.9312500000000001,0.7849999999999999,0.0,0.0,12,512
finite_duration,278,last_contact,5,0.8825000000000001,0.5900000000000001,0.0,0.040407865737890625,16,512
finite_duration,278,ema,5,0.8825000000000001,0.5900000000000001,0.0,0.044740957578934794,16,512
finite_duration,278,failure_age,5,0.8825000000000001,0.5900000000000001,0.0,0.03702899309872954,16,512
finite_duration,278,route_history,5,0.8825000000000001,0.5900000000000001,0.0,0.03680744817472,16,512
finite_duration,278,shuffled_history,5,0.8825000000000001,0.5900000000000001,0.0,0.03623279043870923,16,512
finite_duration,278,oracle,5,0.8825000000000001,0.5900000000000001,0.0,0.0,16,512
finite_duration,279,last_contact,2,0.54125,0.2,0.2925,0.04182310870664064,10,512
finite_duration,279,ema,2,0.54125,0.2,0.2925,0.029157572067869772,10,512
finite_duration,279,failure_age,7,0.7362500000000001,0.7849999999999999,0.09749999999999992,0.023442372624959087,14,512
finite_duration,279,route_history,7,0.7362500000000001,0.7849999999999999,0.09749999999999992,0.02384559739127025,14,512
finite_duration,279,shuffled_history,7,0.7362500000000001,0.7849999999999999,0.09749999999999992,0.022447797819198454,14,512
finite_duration,279,oracle,5,0.83375,0.5900000000000001,0.0,0.0,13,512
finite_duration,280,last_contact,0,0.54125,0.2,0.34125000000000005,0.029958120425390623,10,512
finite_duration,280,ema,1,0.7362500000000001,0.2,0.14625,0.03318379330682069,15,512
finite_duration,280,failure_age,1,0.7362500000000001,0.2,0.14625,0.027834909992727433,15,512
finite_duration,280,route_history,1,0.7362500000000001,0.2,0.14625,0.0274144487579834,15,512
finite_duration,280,shuffled_history,1,0.7362500000000001,0.2,0.14625,0.02820413121343757,15,512
finite_duration,280,oracle,5,0.8825000000000001,0.5900000000000001,0.0,0.0,10,512
finite_duration,281,last_contact,7,0.7849999999999999,0.2,0.19500000000000006,0.07005370050351563,6,512
finite_duration,281,ema,3,0.7362500000000001,0.2,0.2437499999999999,0.03628100011883923,13,512
finite_duration,281,failure_age,6,0.98,0.98,0.0,0.0360660049462391,20,512
finite_duration,281,route_history,6,0.98,0.98,0.0,0.03511995095539113,20,512
finite_duration,281,shuffled_history,6,0.98,0.98,0.0,0.03395168910513646,20,512
finite_duration,281,oracle,6,0.98,0.98,0.0,0.0,20,512
finite_duration,282,last_contact,0,0.54125,0.5900000000000001,0.2437499999999999,0.04506028390195314,5,512
finite_duration,282,ema,4,0.6875,0.2,0.09749999999999992,0.02295270977594619,12,512
finite_duration,282,failure_age,4,0.6875,0.2,0.09749999999999992,0.023085887832126138,12,512
finite_duration,282,route_history,4,0.6875,0.2,0.09749999999999992,0.022394750890590752,12,512
finite_duration,282,shuffled_history,4,0.6875,0.2,0.09749999999999992,0.023030270145197193,12,512
finite_duration,282,oracle,2,0.7849999999999999,0.2,0.0,0.0,6,512
finite_duration,283,last_contact,6,0.5900000000000001,0.2,0.2437499999999999,0.03309458878476563,12,512
finite_duration,283,ema,6,0.5900000000000001,0.2,0.2437499999999999,0.02341835815565574,12,512
finite_duration,283,failure_age,1,0.83375,0.395,0.0,0.020451202065876348,17,512
finite_duration,283,route_history,1,0.83375,0.395,0.0,0.01964396037245819,17,512
finite_duration,283,shuffled_history,1,0.83375,0.395,0.0,0.019635454402603,17,512
finite_duration,283,oracle,1,0.83375,0.395,0.0,0.0,17,512
finite_duration,284,last_contact,4,0.63875,0.2,0.14624999999999988,0.023321866714453132,1,512
finite_duration,284,ema,5,0.5900000000000001,0.2,0.19499999999999984,0.024013426886582236,12,512
finite_duration,284,failure_age,5,0.5900000000000001,0.2,0.19499999999999984,0.02434877868781269,12,512
finite_duration,284,route_history,5,0.5900000000000001,0.2,0.19499999999999984,0.022858887207928044,12,512
finite_duration,284,shuffled_history,5,0.5900000000000001,0.2,0.19499999999999984,0.024991012354675282,12,512
finite_duration,284,oracle,6,0.7849999999999999,0.2,0.0,0.0,6,512
finite_duration,285,last_contact,0,0.54125,0.2,0.04875000000000007,0.05229454015195315,2,512
finite_duration,285,ema,6,0.5900000000000001,0.2,0.0,0.026756343516015246,11,512
finite_duration,285,failure_age,6,0.5900000000000001,0.2,0.0,0.02519251240030809,11,512
finite_duration,285,route_history,6,0.5900000000000001,0.2,0.0,0.024406139947037005,11,512
finite_duration,285,shuffled_history,6,0.5900000000000001,0.2,0.0,0.02222830143288381,11,512
finite_duration,285,oracle,6,0.5900000000000001,0.2,0.0,0.0,11,512
finite_duration,286,last_contact,3,0.6875,0.2,0.04875000000000007,0.049363347378515644,15,512
finite_duration,286,ema,3,0.6875,0.2,0.04875000000000007,0.038271906834274325,15,512
finite_duration,286,failure_age,3,0.6875,0.2,0.04875000000000007,0.03637977778471323,15,512
finite_duration,286,route_history,3,0.6875,0.2,0.04875000000000007,0.03827244147437177,15,512
finite_duration,286,shuffled_history,3,0.6875,0.2,0.04875000000000007,0.03538242428291255,15,512
finite_duration,286,oracle,7,0.7362500000000001,0.2,0.0,0.0,6,512
finite_duration,287,last_contact,2,0.83375,0.395,0.04875000000000007,0.03251827237851561,5,512
finite_duration,287,ema,0,0.7849999999999999,0.2,0.09750000000000014,0.020092157146037688,11,512
finite_duration,287,failure_age,1,0.8825000000000001,0.5900000000000001,0.0,0.019607011316457704,15,512
finite_duration,287,route_history,1,0.8825000000000001,0.5900000000000001,0.0,0.019373069458262546,15,512
finite_duration,287,shuffled_history,1,0.8825000000000001,0.5900000000000001,0.0,0.01809887253720853,15,512
finite_duration,287,oracle,1,0.8825000000000001,0.5900000000000001,0.0,0.0,15,512
finite_duration,288,last_contact,2,0.54125,0.2,0.43875,0.04118559581601561,10,512
finite_duration,288,ema,5,0.7849999999999999,0.2,0.19500000000000006,0.025007337927303346,12,512
finite_duration,288,failure_age,7,0.98,0.98,0.0,0.01806152337117141,20,512
finite_duration,288,route_history,7,0.98,0.98,0.0,0.017352555978066106,20,512
finite_duration,288,shuffled_history,7,0.98,0.98,0.0,0.017750063105559,20,512
finite_duration,288,oracle,7,0.98,0.98,0.0,0.0,20,512
finite_duration,289,last_contact,3,0.395,0.7849999999999999,0.5362500000000001,0.03868664034726563,6,512
finite_duration,289,ema,7,0.4925,0.2,0.43875000000000014,0.04016523559468613,15,512
finite_duration,289,failure_age,2,0.9312500000000001,0.7849999999999999,0.0,0.04260657910733448,19,512
finite_duration,289,route_history,2,0.9312500000000001,0.7849999999999999,0.0,0.041048648834976706,19,512
finite_duration,289,shuffled_history,2,0.9312500000000001,0.7849999999999999,0.0,0.041605281477672285,19,512
finite_duration,289,oracle,2,0.9312500000000001,0.7849999999999999,0.0,0.0,19,512
finite_duration,290,last_contact,6,0.63875,0.2,0.2925000000000001,0.03458885245664063,4,512
finite_duration,290,ema,6,0.63875,0.2,0.2925000000000001,0.032918726906478936,4,512
finite_duration,290,failure_age,1,0.8825000000000001,0.5900000000000001,0.04875000000000007,0.03205748235026883,7,512
finite_duration,290,route_history,1,0.8825000000000001,0.5900000000000001,0.04875000000000007,0.0336679449797716,7,512
finite_duration,290,shuffled_history,1,0.8825000000000001,0.5900000000000001,0.04875000000000007,0.031116166713479096,7,512
finite_duration,290,oracle,7,0.9312500000000001,0.7849999999999999,0.0,0.0,5,512
finite_duration,291,last_contact,4,0.395,0.2,0.48750000000000004,0.05403358976132813,4,512
finite_duration,291,ema,0,0.8825000000000001,0.5900000000000001,0.0,0.03157019052868981,18,512
finite_duration,291,failure_age,0,0.8825000000000001,0.5900000000000001,0.0,0.03328582016861817,18,512
finite_duration,291,route_history,0,0.8825000000000001,0.5900000000000001,0.0,0.03275202894272066,18,512
finite_duration,291,shuffled_history,0,0.8825000000000001,0.5900000000000001,0.0,0.035546132891316605,18,512
finite_duration,291,oracle,0,0.8825000000000001,0.5900000000000001,0.0,0.0,18,512
finite_duration,292,last_contact,5,0.83375,0.395,0.09750000000000014,0.04802712511289062,8,512
finite_duration,292,ema,4,0.83375,0.395,0.09750000000000014,0.044931063910809116,12,512
finite_duration,292,failure_age,4,0.83375,0.395,0.09750000000000014,0.045774670720758595,12,512
finite_duration,292,route_history,4,0.83375,0.395,0.09750000000000014,0.0463139267287138,12,512
finite_duration,292,shuffled_history,4,0.83375,0.395,0.09750000000000014,0.04513628035934242,12,512
finite_duration,292,oracle,2,0.9312500000000001,0.7849999999999999,0.0,0.0,8,512
finite_duration,293,last_contact,1,0.98,0.98,0.0,0.0513254967925781,13,512
finite_duration,293,ema,1,0.98,0.98,0.0,0.0282869245017493,13,512
finite_duration,293,failure_age,5,0.6875,0.98,0.2925,0.03179427941760007,19,512
finite_duration,293,route_history,5,0.6875,0.98,0.2925,0.03164462342441873,19,512
finite_duration,293,shuffled_history,5,0.6875,0.98,0.2925,0.0313382453422445,19,512
finite_duration,293,oracle,1,0.98,0.98,0.0,0.0,13,512
finite_duration,294,last_contact,0,0.7849999999999999,0.5900000000000001,0.0,0.030185082144140625,7,512
finite_duration,294,ema,3,0.395,0.2,0.3899999999999999,0.03396857889418257,10,512
finite_duration,294,failure_age,6,0.6875,0.5900000000000001,0.09749999999999992,0.02960208116989668,18,512
finite_duration,294,route_history,6,0.6875,0.5900000000000001,0.09749999999999992,0.028817713894670288,18,512
finite_duration,294,shuffled_history,6,0.6875,0.5900000000000001,0.09749999999999992,0.028570505072263427,18,512
finite_duration,294,oracle,0,0.7849999999999999,0.5900000000000001,0.0,0.0,7,512
finite_duration,295,last_contact,0,0.8825000000000001,0.5900000000000001,0.04875000000000007,0.04184093292539062,17,512
finite_duration,295,ema,0,0.8825000000000001,0.5900000000000001,0.04875000000000007,0.05210088720025248,17,512
finite_duration,295,failure_age,0,0.8825000000000001,0.5900000000000001,0.04875000000000007,0.05229838536869745,17,512
finite_duration,295,route_history,0,0.8825000000000001,0.5900000000000001,0.04875000000000007,0.0533267913014819,17,512
finite_duration,295,shuffled_history,0,0.8825000000000001,0.5900000000000001,0.04875000000000007,0.053085172600485134,17,512
finite_duration,295,oracle,3,0.9312500000000001,0.7849999999999999,0.0,0.0,3,512
finite_duration,296,last_contact,0,0.4925,0.5900000000000001,0.195,0.016130982730078132,11,512
finite_duration,296,ema,0,0.4925,0.5900000000000001,0.195,0.01568104997877047,11,512
finite_duration,296,failure_age,4,0.6875,0.2,0.0,0.014722238393663167,14,512
finite_duration,296,route_history,4,0.6875,0.2,0.0,0.014622565819874353,14,512
finite_duration,296,shuffled_history,4,0.6875,0.2,0.0,0.014104417279161388,14,512
finite_duration,296,oracle,4,0.6875,0.2,0.0,0.0,14,512
finite_duration,297,last_contact,3,0.7849999999999999,0.2,0.04875000000000007,0.05475012335507813,15,512
finite_duration,297,ema,3,0.7849999999999999,0.2,0.04875000000000007,0.04070024553169185,15,512
finite_duration,297,failure_age,1,0.7362500000000001,0.7849999999999999,0.09749999999999992,0.03717506950045527,16,512
finite_duration,297,route_history,1,0.7362500000000001,0.7849999999999999,0.09749999999999992,0.038724666270385004,16,512
finite_duration,297,shuffled_history,1,0.7362500000000001,0.7849999999999999,0.09749999999999992,0.03731081720583408,16,512
finite_duration,297,oracle,7,0.83375,0.395,0.0,0.0,4,512
finite_duration,298,last_contact,0,0.5900000000000001,0.2,0.09749999999999992,0.037480534878515645,11,512
finite_duration,298,ema,0,0.5900000000000001,0.2,0.09749999999999992,0.028940009520100597,11,512
finite_duration,298,failure_age,6,0.63875,0.2,0.04874999999999996,0.024866353609131607,12,512
finite_duration,298,route_history,6,0.63875,0.2,0.04874999999999996,0.023779565947998835,12,512
finite_duration,298,shuffled_history,6,0.63875,0.2,0.04874999999999996,0.025209970891613913,12,512
finite_duration,298,oracle,2,0.6875,0.2,0.0,0.0,10,512
finite_duration,299,last_contact,6,0.44375000000000003,0.2,0.29250000000000004,0.010762030972265628,4,512
finite_duration,299,ema,1,0.54125,0.2,0.19500000000000006,0.01758475818285945,11,512
finite_duration,299,failure_age,1,0.54125,0.2,0.19500000000000006,0.02014825174158027,11,512
finite_duration,299,route_history,1,0.54125,0.2,0.19500000000000006,0.02012242007217426,11,512
finite_duration,299,shuffled_history,1,0.54125,0.2,0.19500000000000006,0.019527023287045496,11,512
finite_duration,299,oracle,0,0.7362500000000001,0.2,0.0,0.0,2,512
finite_duration,300,last_contact,0,0.395,0.5900000000000001,0.48750000000000004,0.040980320230078124,11,512
finite_duration,300,ema,0,0.395,0.5900000000000001,0.48750000000000004,0.036164625791077355,11,512
finite_duration,300,failure_age,3,0.8825000000000001,0.5900000000000001,0.0,0.03281537383049432,17,512
finite_duration,300,route_history,3,0.8825000000000001,0.5900000000000001,0.0,0.03364037361002118,17,512
finite_duration,300,shuffled_history,3,0.8825000000000001,0.5900000000000001,0.0,0.031288997126172974,17,512
finite_duration,300,oracle,3,0.8825000000000001,0.5900000000000001,0.0,0.0,17,512
finite_duration,301,last_contact,0,0.395,0.2,0.5362500000000001,0.06817057179257816,2,512
finite_duration,301,ema,4,0.6875,0.5900000000000001,0.24375000000000013,0.04930795263537446,16,512
finite_duration,301,failure_age,4,0.6875,0.5900000000000001,0.24375000000000013,0.04277375329022728,16,512
finite_duration,301,route_history,4,0.6875,0.5900000000000001,0.24375000000000013,0.04595225560345996,16,512
finite_duration,301,shuffled_history,7,0.7362500000000001,0.2,0.19500000000000006,0.042726423012286976,16,512
finite_duration,301,oracle,6,0.9312500000000001,0.7849999999999999,0.0,0.0,6,512
finite_duration,302,last_contact,6,0.54125,0.98,0.34125000000000005,0.04346145148007813,11,512
finite_duration,302,ema,6,0.54125,0.98,0.34125000000000005,0.029101862172330246,11,512
finite_duration,302,failure_age,3,0.8825000000000001,0.5900000000000001,0.0,0.024970874737546125,15,512
finite_duration,302,route_history,3,0.8825000000000001,0.5900000000000001,0.0,0.02462927614402849,15,512
finite_duration,302,shuffled_history,3,0.8825000000000001,0.5900000000000001,0.0,0.025726645758756946,15,512
finite_duration,302,oracle,3,0.8825000000000001,0.5900000000000001,0.0,0.0,15,512
finite_duration,303,last_contact,3,0.7362500000000001,0.7849999999999999,0.19500000000000006,0.05825377062070315,5,512
finite_duration,303,ema,7,0.5900000000000001,0.5900000000000001,0.34125000000000005,0.056994455501060186,17,512
finite_duration,303,failure_age,7,0.5900000000000001,0.5900000000000001,0.34125000000000005,0.06004245343822609,17,512
finite_duration,303,route_history,7,0.5900000000000001,0.5900000000000001,0.34125000000000005,0.06024448225215159,17,512
finite_duration,303,shuffled_history,7,0.5900000000000001,0.5900000000000001,0.34125000000000005,0.059944553740279204,17,512
finite_duration,303,oracle,4,0.9312500000000001,0.7849999999999999,0.0,0.0,5,512
finite_duration,304,last_contact,4,0.2,0.2,0.63375,0.03733645577695314,2,512
finite_duration,304,ema,3,0.63875,0.395,0.19499999999999995,0.01820275203238097,16,512
finite_duration,304,failure_age,1,0.54125,0.98,0.2925,0.019913807394454384,18,512
finite_duration,304,route_history,1,0.54125,0.98,0.2925,0.02045944897327296,18,512
finite_duration,304,shuffled_history,2,0.83375,0.395,0.0,0.019783843576966657,17,512
finite_duration,304,oracle,2,0.83375,0.395,0.0,0.0,17,512
finite_duration,305,last_contact,1,0.83375,0.395,0.04875000000000007,0.06853775069882814,5,512
finite_duration,305,ema,2,0.6875,0.98,0.19500000000000006,0.05125995542489392,18,512
finite_duration,305,failure_age,2,0.6875,0.98,0.19500000000000006,0.04479539886315191,18,512
finite_duration,305,route_history,0,0.83375,0.395,0.04875000000000007,0.04373252784943103,16,512
finite_duration,305,shuffled_history,2,0.6875,0.98,0.19500000000000006,0.042176895977748305,18,512
finite_duration,305,oracle,6,0.8825000000000001,0.5900000000000001,0.0,0.0,4,512
finite_duration,306,last_contact,1,0.395,0.7849999999999999,0.48750000000000004,0.032745234097265624,14,512
finite_duration,306,ema,1,0.395,0.7849999999999999,0.48750000000000004,0.026010647733585582,14,512
finite_duration,306,failure_age,5,0.8825000000000001,0.5900000000000001,0.0,0.026100814973692883,15,512
finite_duration,306,route_history,5,0.8825000000000001,0.5900000000000001,0.0,0.02640597786431676,15,512
finite_duration,306,shuffled_history,5,0.8825000000000001,0.5900000000000001,0.0,0.025071261221366298,15,512
finite_duration,306,oracle,5,0.8825000000000001,0.5900000000000001,0.0,0.0,15,512
finite_duration,307,last_contact,3,0.98,0.98,0.0,0.0498312331207031,19,512
finite_duration,307,ema,3,0.98,0.98,0.0,0.03515678501433366,19,512
finite_duration,307,failure_age,3,0.98,0.98,0.0,0.030597300584950613,19,512
finite_duration,307,route_history,3,0.98,0.98,0.0,0.03056793133605916,19,512
finite_duration,307,shuffled_history,3,0.98,0.98,0.0,0.028883014048979524,19,512
finite_duration,307,oracle,3,0.98,0.98,0.0,0.0,19,512
finite_duration,308,last_contact,1,0.44375000000000003,0.2,0.29250000000000004,0.018774017300390633,1,512
finite_duration,308,ema,3,0.4925,0.2,0.24375000000000008,0.01943690048321924,15,512
finite_duration,308,failure_age,3,0.4925,0.2,0.24375000000000008,0.017166992158019197,15,512
finite_duration,308,route_history,3,0.4925,0.2,0.24375000000000008,0.017464223158745892,15,512
finite_duration,308,shuffled_history,3,0.4925,0.2,0.24375000000000008,0.018060237265404643,15,512
finite_duration,308,oracle,4,0.7362500000000001,0.2,0.0,0.0,8,512
finite_duration,309,last_contact,7,0.83375,0.395,0.0,0.05132935870664064,3,512
finite_duration,309,ema,4,0.83375,0.395,0.0,0.04771873062404253,15,512
finite_duration,309,failure_age,4,0.83375,0.395,0.0,0.04462654477441933,15,512
finite_duration,309,route_history,4,0.83375,0.395,0.0,0.04464381218935191,15,512
finite_duration,309,shuffled_history,4,0.83375,0.395,0.0,0.04656684898014217,15,512
finite_duration,309,oracle,7,0.83375,0.395,0.0,0.0,3,512
finite_duration,310,last_contact,3,0.63875,0.2,0.34124999999999994,0.05900981456601561,1,512
finite_duration,310,ema,6,0.83375,0.395,0.14625,0.039360426723264244,15,512
finite_duration,310,failure_age,6,0.83375,0.395,0.14625,0.03919624128923836,15,512
finite_duration,310,route_history,6,0.83375,0.395,0.14625,0.03748035710420332,15,512
finite_duration,310,shuffled_history,1,0.98,0.98,0.0,0.040620590559529934,14,512
finite_duration,310,oracle,1,0.98,0.98,0.0,0.0,14,512
finite_duration,311,last_contact,0,0.6875,0.2,0.2925,0.04155277472226561,3,512
finite_duration,311,ema,3,0.98,0.98,0.0,0.04186279553653785,14,512
finite_duration,311,failure_age,7,0.4925,0.7849999999999999,0.4875,0.04200915945502808,17,512
finite_duration,311,route_history,7,0.4925,0.7849999999999999,0.4875,0.04414348972264592,17,512
finite_duration,311,shuffled_history,7,0.4925,0.7849999999999999,0.4875,0.046159704702114016,17,512
finite_duration,311,oracle,3,0.98,0.98,0.0,0.0,14,512
finite_duration,312,last_contact,7,0.5900000000000001,0.98,0.2437499999999999,0.045755131362890625,16,512
finite_duration,312,ema,7,0.5900000000000001,0.98,0.2437499999999999,0.027945533631971765,16,512
finite_duration,312,failure_age,0,0.83375,0.7849999999999999,0.0,0.032463695304596835,18,512
finite_duration,312,route_history,0,0.83375,0.7849999999999999,0.0,0.0316508181653904,18,512
finite_duration,312,shuffled_history,0,0.83375,0.7849999999999999,0.0,0.032671153962167285,18,512
finite_duration,312,oracle,3,0.83375,0.395,0.0,0.0,11,512
finite_duration,313,last_contact,7,0.44375000000000003,0.2,0.43875000000000003,0.02721437901914063,7,512
finite_duration,313,ema,3,0.54125,0.2,0.34125000000000005,0.03146209586007712,9,512
finite_duration,313,failure_age,5,0.395,0.2,0.48750000000000004,0.028409717306547615,13,512
finite_duration,313,route_history,5,0.395,0.2,0.48750000000000004,0.02809704559094643,13,512
finite_duration,313,shuffled_history,5,0.395,0.2,0.48750000000000004,0.029095305461968392,13,512
finite_duration,313,oracle,4,0.8825000000000001,0.5900000000000001,0.0,0.0,12,512
finite_duration,314,last_contact,3,0.395,0.2,0.43875,0.031395049526953135,8,512
finite_duration,314,ema,7,0.4925,0.2,0.34125,0.03160144615452177,10,512
finite_duration,314,failure_age,4,0.5900000000000001,0.2,0.2437499999999999,0.029387344766373648,10,512
finite_duration,314,route_history,7,0.4925,0.2,0.34125,0.03161398544960639,10,512
finite_duration,314,shuffled_history,7,0.4925,0.2,0.34125,0.0293063797390296,10,512
finite_duration,314,oracle,0,0.83375,0.5900000000000001,0.0,0.0,6,512
finite_duration,315,last_contact,4,0.2,0.2,0.585,0.04215077726132813,1,512
finite_duration,315,ema,0,0.7849999999999999,0.98,0.0,0.020802487553880793,15,512
finite_duration,315,failure_age,0,0.7849999999999999,0.98,0.0,0.017766081556620152,15,512
finite_duration,315,route_history,0,0.7849999999999999,0.98,0.0,0.01926868069613258,15,512
finite_duration,315,shuffled_history,1,0.6875,0.2,0.09749999999999992,0.017895634278151436,15,512
finite_duration,315,oracle,0,0.7849999999999999,0.98,0.0,0.0,15,512
finite_duration,316,last_contact,1,0.4925,0.2,0.4875,0.0465723717925781,11,512
finite_duration,316,ema,1,0.4925,0.2,0.4875,0.04942440374948479,11,512
finite_duration,316,failure_age,1,0.4925,0.2,0.4875,0.04675275468919002,11,512
finite_duration,316,route_history,1,0.4925,0.2,0.4875,0.04678317020495276,11,512
finite_duration,316,shuffled_history,7,0.98,0.98,0.0,0.047076161453394126,11,512
finite_duration,316,oracle,7,0.98,0.98,0.0,0.0,11,512
finite_duration,317,last_contact,4,0.83375,0.395,0.0,0.03452765597226562,1,512
finite_duration,317,ema,6,0.7849999999999999,0.7849999999999999,0.04875000000000007,0.05622872162981293,17,512
finite_duration,317,failure_age,6,0.7849999999999999,0.7849999999999999,0.04875000000000007,0.05370952227830917,17,512
finite_duration,317,route_history,6,0.7849999999999999,0.7849999999999999,0.04875000000000007,0.050442315716865395,17,512
finite_duration,317,shuffled_history,6,0.7849999999999999,0.7849999999999999,0.04875000000000007,0.05424426966980554,17,512
finite_duration,317,oracle,4,0.83375,0.395,0.0,0.0,1,512
finite_duration,318,last_contact,1,0.83375,0.7849999999999999,0.04875000000000007,0.03112471554257811,7,512
finite_duration,318,ema,3,0.7362500000000001,0.2,0.14625,0.03463364272963548,13,512
finite_duration,318,failure_age,3,0.7362500000000001,0.2,0.14625,0.033967739843453054,13,512
finite_duration,318,route_history,3,0.7362500000000001,0.2,0.14625,0.03420619063691976,13,512
finite_duration,318,shuffled_history,3,0.7362500000000001,0.2,0.14625,0.03558187961509006,13,512
finite_duration,318,oracle,4,0.8825000000000001,0.7849999999999999,0.0,0.0,5,512
finite_duration,319,last_contact,4,0.24875000000000003,0.2,0.6825000000000001,0.06788241358945316,4,512
finite_duration,319,ema,3,0.9312500000000001,0.7849999999999999,0.0,0.0548525439977227,11,512
finite_duration,319,failure_age,7,0.44375000000000003,0.2,0.4875000000000001,0.058240207531148315,13,512
finite_duration,319,route_history,7,0.44375000000000003,0.2,0.4875000000000001,0.05785437563729627,13,512
finite_duration,319,shuffled_history,7,0.44375000000000003,0.2,0.4875000000000001,0.05992748388280131,13,512
finite_duration,319,oracle,6,0.9312500000000001,0.7849999999999999,0.0,0.0,6,512
finite_duration,320,last_contact,6,0.44375000000000003,0.2,0.4875000000000001,0.03190630753476564,7,512
finite_duration,320,ema,5,0.9312500000000001,0.7849999999999999,0.0,0.02667730825168148,19,512
finite_duration,320,failure_age,5,0.9312500000000001,0.7849999999999999,0.0,0.023391988747784642,19,512
finite_duration,320,route_history,5,0.9312500000000001,0.7849999999999999,0.0,0.023692759137751387,19,512
finite_duration,320,shuffled_history,5,0.9312500000000001,0.7849999999999999,0.0,0.022866573067093277,19,512
finite_duration,320,oracle,5,0.9312500000000001,0.7849999999999999,0.0,0.0,19,512
finite_duration,321,last_contact,6,0.9312500000000001,0.7849999999999999,0.0,0.036533177651953117,11,512
finite_duration,321,ema,6,0.9312500000000001,0.7849999999999999,0.0,0.0222806610775145,11,512
finite_duration,321,failure_age,1,0.5900000000000001,0.98,0.34125000000000005,0.027172225890896573,16,512
finite_duration,321,route_history,1,0.5900000000000001,0.98,0.34125000000000005,0.027747930246784666,16,512
finite_duration,321,shuffled_history,1,0.5900000000000001,0.98,0.34125000000000005,0.025015627261177197,16,512
finite_duration,321,oracle,6,0.9312500000000001,0.7849999999999999,0.0,0.0,11,512
finite_duration,322,last_contact,5,0.7362500000000001,0.2,0.04874999999999985,0.044649732730078134,6,512
finite_duration,322,ema,3,0.4925,0.2,0.2924999999999999,0.03837674641544081,9,512
finite_duration,322,failure_age,3,0.4925,0.2,0.2924999999999999,0.031420395924448896,9,512
finite_duration,322,route_history,3,0.4925,0.2,0.2924999999999999,0.03142211054289516,9,512
finite_duration,322,shuffled_history,3,0.4925,0.2,0.2924999999999999,0.03069215864232085,9,512
finite_duration,322,oracle,2,0.7849999999999999,0.2,0.0,0.0,5,512
finite_duration,323,last_contact,5,0.24875000000000003,0.2,0.48750000000000004,0.024899013003515626,5,512
finite_duration,323,ema,6,0.6875,0.2,0.04875000000000007,0.03216306319430953,14,512
finite_duration,323,failure_age,7,0.395,0.2,0.34125000000000005,0.034484998770792134,15,512
finite_duration,323,route_history,7,0.395,0.2,0.34125000000000005,0.034694756068832926,15,512
finite_duration,323,shuffled_history,6,0.6875,0.2,0.04875000000000007,0.03432356291718558,14,512
finite_duration,323,oracle,3,0.7362500000000001,0.2,0.0,0.0,3,512
finite_duration,324,last_contact,6,0.4925,0.2,0.43875000000000014,0.037826027651953135,10,512
finite_duration,324,ema,2,0.54125,0.7849999999999999,0.3900000000000001,0.023393482843024605,13,512
finite_duration,324,failure_age,3,0.8825000000000001,0.5900000000000001,0.04875000000000007,0.019828072907939344,17,512
finite_duration,324,route_history,0,0.9312500000000001,0.7849999999999999,0.0,0.019884759465961466,16,512
finite_duration,324,shuffled_history,3,0.8825000000000001,0.5900000000000001,0.04875000000000007,0.020060584466266802,17,512
finite_duration,324,oracle,0,0.9312500000000001,0.7849999999999999,0.0,0.0,16,512
finite_duration,325,last_contact,6,0.2975,0.2,0.5850000000000001,0.04538795245664064,6,512
finite_duration,325,ema,0,0.8825000000000001,0.98,0.0,0.023593725002253887,20,512
finite_duration,325,failure_age,0,0.8825000000000001,0.98,0.0,0.021728918003134857,20,512
finite_duration,325,route_history,0,0.8825000000000001,0.98,0.0,0.02326797719949629,20,512
finite_duration,325,shuffled_history,0,0.8825000000000001,0.98,0.0,0.021285018228102782,20,512
finite_duration,325,oracle,0,0.8825000000000001,0.98,0.0,0.0,20,512
finite_duration,326,last_contact,2,0.6875,0.2,0.2925,0.06183643858945312,4,512
finite_duration,326,ema,4,0.83375,0.7849999999999999,0.14625,0.04505313657477808,19,512
finite_duration,326,failure_age,4,0.83375,0.7849999999999999,0.14625,0.044749115085404634,19,512
finite_duration,326,route_history,4,0.83375,0.7849999999999999,0.14625,0.044111049194382856,19,512
finite_duration,326,shuffled_history,4,0.83375,0.7849999999999999,0.14625,0.04406427446289918,19,512
finite_duration,326,oracle,3,0.98,0.98,0.0,0.0,7,512
finite_duration,327,last_contact,3,0.44375000000000003,0.2,0.3412499999999999,0.04108488898007813,6,512
finite_duration,327,ema,5,0.5900000000000001,0.98,0.19499999999999984,0.03402658847226833,19,512
finite_duration,327,failure_age,5,0.5900000000000001,0.98,0.19499999999999984,0.037167113666798555,19,512
finite_duration,327,route_history,5,0.5900000000000001,0.98,0.19499999999999984,0.03846519807140632,19,512
finite_duration,327,shuffled_history,5,0.5900000000000001,0.98,0.19499999999999984,0.04040171326695096,19,512
finite_duration,327,oracle,0,0.7849999999999999,0.2,0.0,0.0,4,512
finite_duration,328,last_contact,6,0.54125,0.2,0.43875,0.04958644718320311,10,512
finite_duration,328,ema,6,0.54125,0.2,0.43875,0.03586482488148114,10,512
finite_duration,328,failure_age,5,0.98,0.98,0.0,0.028260370078745566,20,512
finite_duration,328,route_history,5,0.98,0.98,0.0,0.028863247394438872,20,512
finite_duration,328,shuffled_history,5,0.98,0.98,0.0,0.029232459102692558,20,512
finite_duration,328,oracle,5,0.98,0.98,0.0,0.0,20,512
finite_duration,329,last_contact,0,0.83375,0.395,0.0,0.04450565362851563,16,512
finite_duration,329,ema,0,0.83375,0.395,0.0,0.017411173011861743,16,512
finite_duration,329,failure_age,7,0.54125,0.5900000000000001,0.2925,0.01962904156216067,18,512
finite_duration,329,route_history,7,0.54125,0.5900000000000001,0.2925,0.018598109585953638,18,512
finite_duration,329,shuffled_history,7,0.54125,0.5900000000000001,0.2925,0.020682975850910515,18,512
finite_duration,329,oracle,0,0.83375,0.395,0.0,0.0,16,512
finite_duration,330,last_contact,6,0.395,0.2,0.43875,0.04962981944882814,6,512
finite_duration,330,ema,3,0.83375,0.395,0.0,0.03034670538102454,14,512
finite_duration,330,failure_age,3,0.83375,0.395,0.0,0.029824054989554687,14,512
finite_duration,330,route_history,3,0.83375,0.395,0.0,0.030271502368351185,14,512
finite_duration,330,shuffled_history,3,0.83375,0.395,0.0,0.02931098107817272,14,512
finite_duration,330,oracle,3,0.83375,0.395,0.0,0.0,14,512
finite_duration,331,last_contact,2,0.395,0.5900000000000001,0.43875,0.021272972769140627,3,512
finite_duration,331,ema,7,0.83375,0.7849999999999999,0.0,0.01297783174383716,12,512
finite_duration,331,failure_age,7,0.83375,0.7849999999999999,0.0,0.011339000770528119,12,512
finite_duration,331,route_history,7,0.83375,0.7849999999999999,0.0,0.011333121824576287,12,512
finite_duration,331,shuffled_history,7,0.83375,0.7849999999999999,0.0,0.011432656147563641,12,512
finite_duration,331,oracle,7,0.83375,0.7849999999999999,0.0,0.0,12,512
finite_duration,332,last_contact,1,0.6875,0.2,0.14625,0.03208989698789062,9,512
finite_duration,332,ema,3,0.54125,0.98,0.2925,0.01376967192754847,19,512
finite_duration,332,failure_age,3,0.54125,0.98,0.2925,0.016607324271523494,19,512
finite_duration,332,route_history,3,0.54125,0.98,0.2925,0.017146965716893513,19,512
finite_duration,332,shuffled_history,3,0.54125,0.98,0.2925,0.01693465667330578,19,512
finite_duration,332,oracle,0,0.83375,0.5900000000000001,0.0,0.0,14,512
finite_duration,333,last_contact,1,0.54125,0.2,0.3900000000000001,0.05329537003476564,10,512
finite_duration,333,ema,1,0.54125,0.2,0.3900000000000001,0.045543817127292725,10,512
finite_duration,333,failure_age,1,0.54125,0.2,0.3900000000000001,0.037554352321987575,10,512
finite_duration,333,route_history,1,0.54125,0.2,0.3900000000000001,0.036426173189144755,10,512
finite_duration,333,shuffled_history,3,0.4925,0.2,0.43875000000000014,0.03835161847478245,9,512
finite_duration,333,oracle,6,0.9312500000000001,0.7849999999999999,0.0,0.0,5,512
finite_duration,334,last_contact,1,0.5900000000000001,0.2,0.14625,0.03160032511289064,12,512
finite_duration,334,ema,1,0.5900000000000001,0.2,0.14625,0.031395915977874056,12,512
finite_duration,334,failure_age,5,0.7362500000000001,0.98,0.0,0.027004386714202938,14,512
finite_duration,334,route_history,5,0.7362500000000001,0.98,0.0,0.02628287286095461,14,512
finite_duration,334,shuffled_history,5,0.7362500000000001,0.98,0.0,0.02930340176003397,14,512
finite_duration,334,oracle,5,0.7362500000000001,0.98,0.0,0.0,14,512
finite_duration,335,last_contact,5,0.6875,0.2,0.24375000000000013,0.03141287374570313,8,512
finite_duration,335,ema,0,0.7362500000000001,0.2,0.19500000000000006,0.025467547626584458,11,512
finite_duration,335,failure_age,3,0.63875,0.5900000000000001,0.2925000000000001,0.02429092957923156,14,512
finite_duration,335,route_history,3,0.63875,0.5900000000000001,0.2925000000000001,0.023950184167762883,14,512
finite_duration,335,shuffled_history,3,0.63875,0.5900000000000001,0.2925000000000001,0.02416694009496611,14,512
finite_duration,335,oracle,4,0.9312500000000001,0.7849999999999999,0.0,0.0,9,512
finite_duration,336,last_contact,6,0.44375000000000003,0.2,0.4875000000000001,0.038358971792578134,4,512
finite_duration,336,ema,4,0.6875,0.2,0.24375000000000013,0.033823776939972156,14,512
finite_duration,336,failure_age,5,0.8825000000000001,0.5900000000000001,0.04875000000000007,0.03209235194679654,18,512
finite_duration,336,route_history,5,0.8825000000000001,0.5900000000000001,0.04875000000000007,0.03157047072425337,18,512
finite_duration,336,shuffled_history,5,0.8825000000000001,0.5900000000000001,0.04875000000000007,0.03292653737612451,18,512
finite_duration,336,oracle,2,0.9312500000000001,0.98,0.0,0.0,11,512
finite_duration,337,last_contact,2,0.2975,0.2,0.5850000000000001,0.04044737608945311,3,512
finite_duration,337,ema,4,0.83375,0.98,0.04875000000000007,0.018583876126070986,18,512
finite_duration,337,failure_age,4,0.83375,0.98,0.04875000000000007,0.013947614664627747,18,512
finite_duration,337,route_history,4,0.83375,0.98,0.04875000000000007,0.01262174643739774,18,512
finite_duration,337,shuffled_history,4,0.83375,0.98,0.04875000000000007,0.01382461020529416,18,512
finite_duration,337,oracle,6,0.8825000000000001,0.5900000000000001,0.0,0.0,14,512
finite_duration,338,last_contact,6,0.7849999999999999,0.2,0.0,0.037109494058203116,6,512
finite_duration,338,ema,4,0.63875,0.2,0.14624999999999988,0.029880114858126465,13,512
finite_duration,338,failure_age,4,0.63875,0.2,0.14624999999999988,0.03253156438509479,13,512
finite_duration,338,route_history,7,0.7849999999999999,0.395,0.0,0.034360423166507684,13,512
finite_duration,338,shuffled_history,4,0.63875,0.2,0.14624999999999988,0.03199970396158345,13,512
finite_duration,338,oracle,6,0.7849999999999999,0.2,0.0,0.0,6,512
finite_duration,339,last_contact,2,0.2975,0.2,0.53625,0.04516099073789062,3,512
finite_duration,339,ema,1,0.83375,0.5900000000000001,0.0,0.03869633827441661,13,512
finite_duration,339,failure_age,1,0.83375,0.5900000000000001,0.0,0.035661911025807506,13,512
finite_duration,339,route_history,1,0.83375,0.5900000000000001,0.0,0.0341595802648868,13,512
finite_duration,339,shuffled_history,1,0.83375,0.5900000000000001,0.0,0.03598730335963399,13,512
finite_duration,339,oracle,1,0.83375,0.5900000000000001,0.0,0.0,13,512
finite_duration,340,last_contact,4,0.6875,0.395,0.0,0.02768612667539063,14,512
finite_duration,340,ema,4,0.6875,0.395,0.0,0.022810806827455777,14,512
finite_duration,340,failure_age,3,0.6875,0.395,0.0,0.02100597246829811,17,512
finite_duration,340,route_history,3,0.6875,0.395,0.0,0.020490259900873324,17,512
finite_duration,340,shuffled_history,3,0.6875,0.395,0.0,0.020703576633349194,17,512
finite_duration,340,oracle,4,0.6875,0.395,0.0,0.0,14,512
finite_duration,341,last_contact,0,0.44375000000000003,0.2,0.4875000000000001,0.037188514761328104,4,512
finite_duration,341,ema,1,0.83375,0.395,0.09750000000000014,0.02727940991843438,15,512
finite_duration,341,failure_age,1,0.83375,0.395,0.09750000000000014,0.03082088860733618,15,512
finite_duration,341,route_history,1,0.83375,0.395,0.09750000000000014,0.03131074254777782,15,512
finite_duration,341,shuffled_history,1,0.83375,0.395,0.09750000000000014,0.03084798895494175,15,512
finite_duration,341,oracle,4,0.9312500000000001,0.7849999999999999,0.0,0.0,3,512
finite_duration,342,last_contact,5,0.6875,0.2,0.09749999999999992,0.026087294253515622,14,512
finite_duration,342,ema,5,0.6875,0.2,0.09749999999999992,0.02484909021167029,14,512
finite_duration,342,failure_age,5,0.6875,0.2,0.09749999999999992,0.023847504299599184,14,512
finite_duration,342,route_history,5,0.6875,0.2,0.09749999999999992,0.02382372327112508,14,512
finite_duration,342,shuffled_history,5,0.6875,0.2,0.09749999999999992,0.024287095878901495,14,512
finite_duration,342,oracle,6,0.7849999999999999,0.2,0.0,0.0,5,512
finite_duration,343,last_contact,5,0.6875,0.395,0.19500000000000006,0.04678150929257814,14,512
finite_duration,343,ema,5,0.6875,0.395,0.19500000000000006,0.026130391429850013,14,512
finite_duration,343,failure_age,7,0.8825000000000001,0.5900000000000001,0.0,0.024485303503836837,16,512
finite_duration,343,route_history,7,0.8825000000000001,0.5900000000000001,0.0,0.025372001688264055,16,512
finite_duration,343,shuffled_history,7,0.8825000000000001,0.5900000000000001,0.0,0.02400097229014206,16,512
finite_duration,343,oracle,7,0.8825000000000001,0.5900000000000001,0.0,0.0,16,512
finite_duration,344,last_contact,0,0.7362500000000001,0.2,0.14625,0.05059113898007813,14,512
finite_duration,344,ema,0,0.7362500000000001,0.2,0.14625,0.04129539531032674,14,512
finite_duration,344,failure_age,0,0.7362500000000001,0.2,0.14625,0.04275412176356603,14,512
finite_duration,344,route_history,7,0.54125,0.395,0.34125000000000005,0.04484945088123983,14,512
finite_duration,344,shuffled_history,7,0.54125,0.395,0.34125000000000005,0.0408755669346922,14,512
finite_duration,344,oracle,1,0.8825000000000001,0.5900000000000001,0.0,0.0,6,512
finite_duration,345,last_contact,0,0.6875,0.2,0.19500000000000006,0.06446164894101564,7,512
finite_duration,345,ema,2,0.8825000000000001,0.7849999999999999,0.0,0.07551152238961889,11,512
finite_duration,345,failure_age,4,0.44375000000000003,0.98,0.43875000000000003,0.06822606163799123,15,512
finite_duration,345,route_history,4,0.44375000000000003,0.98,0.43875000000000003,0.06830313236497501,15,512
finite_duration,345,shuffled_history,4,0.44375000000000003,0.98,0.43875000000000003,0.06759265517654978,15,512
finite_duration,345,oracle,2,0.8825000000000001,0.7849999999999999,0.0,0.0,11,512
finite_duration,346,last_contact,6,0.5900000000000001,0.2,0.2437499999999999,0.05098000401914062,16,512
finite_duration,346,ema,6,0.5900000000000001,0.2,0.2437499999999999,0.036817679520811615,16,512
finite_duration,346,failure_age,0,0.83375,0.395,0.0,0.03509731580766156,17,512
finite_duration,346,route_history,0,0.83375,0.395,0.0,0.03668304000495424,17,512
finite_duration,346,shuffled_history,0,0.83375,0.395,0.0,0.034724438033181794,17,512
finite_duration,346,oracle,5,0.83375,0.98,0.0,0.0,5,512
finite_duration,347,last_contact,3,0.44375000000000003,0.2,0.5362499999999999,0.0407750446441406,4,512
finite_duration,347,ema,5,0.6875,0.395,0.2925,0.026448437449975232,17,512
finite_duration,347,failure_age,0,0.7849999999999999,0.5900000000000001,0.19500000000000006,0.023465433496899175,18,512
finite_duration,347,route_history,5,0.6875,0.395,0.2925,0.023571258551016473,17,512
finite_duration,347,shuffled_history,0,0.7849999999999999,0.5900000000000001,0.19500000000000006,0.023864516490353968,18,512
finite_duration,347,oracle,7,0.98,0.98,0.0,0.0,15,512
finite_duration,348,last_contact,6,0.44375000000000003,0.2,0.43875000000000003,0.02305539464414063,3,512
finite_duration,348,ema,7,0.395,0.7849999999999999,0.48750000000000004,0.03266437144566546,12,512
finite_duration,348,failure_age,3,0.8825000000000001,0.98,0.0,0.030217723144547716,15,512
finite_duration,348,route_history,1,0.44375000000000003,0.395,0.43875000000000003,0.03237511153636108,14,512
finite_duration,348,shuffled_history,1,0.44375000000000003,0.395,0.43875000000000003,0.030798406375791294,14,512
finite_duration,348,oracle,3,0.8825000000000001,0.98,0.0,0.0,15,512
finite_duration,349,last_contact,1,0.6875,0.98,0.2925,0.04690390226132813,11,512
finite_duration,349,ema,1,0.6875,0.98,0.2925,0.033918812401719574,11,512
finite_duration,349,failure_age,3,0.98,0.98,0.0,0.03093464049685525,15,512
finite_duration,349,route_history,3,0.98,0.98,0.0,0.032406803639412875,15,512
finite_duration,349,shuffled_history,3,0.98,0.98,0.0,0.031413547154318204,15,512
finite_duration,349,oracle,3,0.98,0.98,0.0,0.0,15,512
finite_duration,350,last_contact,3,0.2975,0.2,0.5850000000000001,0.03307290265195312,1,512
finite_duration,350,ema,2,0.8825000000000001,0.98,0.0,0.02976166173255898,16,512
finite_duration,350,failure_age,2,0.8825000000000001,0.98,0.0,0.02724166627267347,16,512
finite_duration,350,route_history,2,0.8825000000000001,0.98,0.0,0.029124523781354293,16,512
finite_duration,350,shuffled_history,7,0.5900000000000001,0.7849999999999999,0.2925,0.028216900153321036,16,512
finite_duration,350,oracle,2,0.8825000000000001,0.98,0.0,0.0,16,512
finite_duration,351,last_contact,0,0.83375,0.7849999999999999,0.0,0.03534875831601563,15,512
finite_duration,351,ema,0,0.83375,0.7849999999999999,0.0,0.020662248383317008,15,512
finite_duration,351,failure_age,0,0.83375,0.7849999999999999,0.0,0.01701622249086141,15,512
finite_duration,351,route_history,0,0.83375,0.7849999999999999,0.0,0.016133379812346367,15,512
finite_duration,351,shuffled_history,0,0.83375,0.7849999999999999,0.0,0.016240532168303404,15,512
finite_duration,351,oracle,0,0.83375,0.7849999999999999,0.0,0.0,15,512
finite_duration,352,last_contact,0,0.4925,0.5900000000000001,0.43875000000000014,0.07458372569882815,18,512
finite_duration,352,ema,0,0.4925,0.5900000000000001,0.43875000000000014,0.04717304398953381,18,512
finite_duration,352,failure_age,6,0.9312500000000001,0.7849999999999999,0.0,0.0468815777659472,19,512
finite_duration,352,route_history,6,0.9312500000000001,0.7849999999999999,0.0,0.045844021447507655,19,512
finite_duration,352,shuffled_history,6,0.9312500000000001,0.7849999999999999,0.0,0.04554418696641488,19,512
finite_duration,352,oracle,6,0.9312500000000001,0.7849999999999999,0.0,0.0,19,512
finite_duration,353,last_contact,0,0.34625,0.2,0.5362500000000001,0.030962812222265622,2,512
finite_duration,353,ema,2,0.44375000000000003,0.395,0.43875000000000003,0.050347411578395694,14,512
finite_duration,353,failure_age,2,0.44375000000000003,0.395,0.43875000000000003,0.04844324438123172,14,512
finite_duration,353,route_history,2,0.44375000000000003,0.395,0.43875000000000003,0.04862146284191643,14,512
finite_duration,353,shuffled_history,2,0.44375000000000003,0.395,0.43875000000000003,0.04909111476329821,14,512
finite_duration,353,oracle,7,0.8825000000000001,0.5900000000000001,0.0,0.0,3,512
finite_duration,354,last_contact,7,0.63875,0.2,0.09750000000000003,0.013487948159765634,4,512
finite_duration,354,ema,4,0.7362500000000001,0.2,0.0,0.006165439174960624,7,512
finite_duration,354,failure_age,2,0.5900000000000001,0.2,0.14625,0.00769615325659397,10,512
finite_duration,354,route_history,5,0.54125,0.2,0.19500000000000006,0.007444759135762921,9,512
finite_duration,354,shuffled_history,2,0.5900000000000001,0.2,0.14625,0.00758392445957713,10,512
finite_duration,354,oracle,4,0.7362500000000001,0.2,0.0,0.0,7,512
finite_duration,355,last_contact,1,0.63875,0.2,0.09750000000000003,0.015536842105078132,10,512
finite_duration,355,ema,5,0.7362500000000001,0.98,0.0,0.01619456203691087,19,512
finite_duration,355,failure_age,5,0.7362500000000001,0.98,0.0,0.015071830025128545,19,512
finite_duration,355,route_history,5,0.7362500000000001,0.98,0.0,0.015117866283063339,19,512
finite_duration,355,shuffled_history,5,0.7362500000000001,0.98,0.0,0.015984716908371683,19,512
finite_duration,355,oracle,5,0.7362500000000001,0.98,0.0,0.0,19,512
finite_duration,356,last_contact,7,0.395,0.2,0.48750000000000004,0.03333937472226563,1,512
finite_duration,356,ema,5,0.83375,0.395,0.04875000000000007,0.023204809949319248,15,512
finite_duration,356,failure_age,5,0.83375,0.395,0.04875000000000007,0.02175295551058194,15,512
finite_duration,356,route_history,5,0.83375,0.395,0.04875000000000007,0.022033143687697994,15,512
finite_duration,356,shuffled_history,5,0.83375,0.395,0.04875000000000007,0.021182916403908243,15,512
finite_duration,356,oracle,2,0.8825000000000001,0.5900000000000001,0.0,0.0,5,512
finite_duration,357,last_contact,4,0.63875,0.2,0.19499999999999995,0.009901418276953122,6,512
finite_duration,357,ema,3,0.54125,0.2,0.2925,0.026676586767590528,12,512
finite_duration,357,failure_age,3,0.54125,0.2,0.2925,0.028436496953158592,12,512
finite_duration,357,route_history,3,0.54125,0.2,0.2925,0.030158484523207074,12,512
finite_duration,357,shuffled_history,3,0.54125,0.2,0.2925,0.027660337068910936,12,512
finite_duration,357,oracle,2,0.83375,0.395,0.0,0.0,3,512
finite_duration,358,last_contact,5,0.6875,0.2,0.14625,0.018485859097265623,11,512
finite_duration,358,ema,5,0.6875,0.2,0.14625,0.017640355528601923,11,512
finite_duration,358,failure_age,5,0.6875,0.2,0.14625,0.01568496017249005,11,512
finite_duration,358,route_history,1,0.4925,0.2,0.34125,0.014893995775035269,11,512
finite_duration,358,shuffled_history,1,0.4925,0.2,0.34125,0.01599556054510496,11,512
finite_duration,358,oracle,0,0.83375,0.7849999999999999,0.0,0.0,8,512
finite_duration,359,last_contact,0,0.83375,0.395,0.04875000000000007,0.04284562472226562,13,512
finite_duration,359,ema,0,0.83375,0.395,0.04875000000000007,0.03160034494501558,13,512
finite_duration,359,failure_age,5,0.63875,0.2,0.24375000000000002,0.03149003669142375,14,512
finite_duration,359,route_history,5,0.63875,0.2,0.24375000000000002,0.031147016630327505,14,512
finite_duration,359,shuffled_history,5,0.63875,0.2,0.24375000000000002,0.03132876186556252,14,512
finite_duration,359,oracle,1,0.8825000000000001,0.98,0.0,0.0,12,512
finite_duration,360,last_contact,1,0.63875,0.395,0.2925000000000001,0.05497322315976563,7,512
finite_duration,360,ema,6,0.63875,0.2,0.2925000000000001,0.030782140311701598,12,512
finite_duration,360,failure_age,5,0.9312500000000001,0.7849999999999999,0.0,0.026707296605034042,16,512
finite_duration,360,route_history,4,0.7849999999999999,0.98,0.1462500000000002,0.02523945939792523,16,512
finite_duration,360,shuffled_history,4,0.7849999999999999,0.98,0.1462500000000002,0.026831742990534327,16,512
finite_duration,360,oracle,5,0.9312500000000001,0.7849999999999999,0.0,0.0,16,512
finite_duration,361,last_contact,4,0.54125,0.2,0.3900000000000001,0.03221228995664064,5,512
finite_duration,361,ema,6,0.54125,0.2,0.3900000000000001,0.04920127141182044,14,512
finite_duration,361,failure_age,6,0.54125,0.2,0.3900000000000001,0.04522685353571401,14,512
finite_duration,361,route_history,6,0.54125,0.2,0.3900000000000001,0.04560137918267068,14,512
finite_duration,361,shuffled_history,6,0.54125,0.2,0.3900000000000001,0.04523291616252318,14,512
finite_duration,361,oracle,2,0.9312500000000001,0.7849999999999999,0.0,0.0,6,512
finite_duration,362,last_contact,3,0.98,0.98,0.0,0.05814920187070311,12,512
finite_duration,362,ema,3,0.98,0.98,0.0,0.04910891259232507,12,512
finite_duration,362,failure_age,4,0.83375,0.395,0.14625,0.04753273586577345,16,512
finite_duration,362,route_history,4,0.83375,0.395,0.14625,0.04764259025440453,16,512
finite_duration,362,shuffled_history,4,0.83375,0.395,0.14625,0.04739252957803646,16,512
finite_duration,362,oracle,3,0.98,0.98,0.0,0.0,12,512
finite_duration,363,last_contact,0,0.7362500000000001,0.7849999999999999,0.0,0.01301620050351563,10,512
finite_duration,363,ema,0,0.7362500000000001,0.7849999999999999,0.0,0.013792960023507096,10,512
finite_duration,363,failure_age,4,0.44375000000000003,0.2,0.29250000000000004,0.018210823610436085,16,512
finite_duration,363,route_history,4,0.44375000000000003,0.2,0.29250000000000004,0.019071400877169773,16,512
finite_duration,363,shuffled_history,4,0.44375000000000003,0.2,0.29250000000000004,0.01839425686815288,16,512
finite_duration,363,oracle,0,0.7362500000000001,0.7849999999999999,0.0,0.0,10,512
finite_duration,364,last_contact,5,0.4925,0.2,0.24375000000000008,0.02997980655820313,7,512
finite_duration,364,ema,6,0.6875,0.5900000000000001,0.04875000000000007,0.0165998923731496,16,512
finite_duration,364,failure_age,6,0.6875,0.5900000000000001,0.04875000000000007,0.017903308905441954,16,512
finite_duration,364,route_history,6,0.6875,0.5900000000000001,0.04875000000000007,0.017668477084324063,16,512
finite_duration,364,shuffled_history,6,0.6875,0.5900000000000001,0.04875000000000007,0.01828350106379437,16,512
finite_duration,364,oracle,7,0.7362500000000001,0.395,0.0,0.0,13,512
finite_duration,365,last_contact,3,0.4925,0.2,0.34125,0.029529745034765624,2,512
finite_duration,365,ema,7,0.7849999999999999,0.7849999999999999,0.04875000000000007,0.017671466276235753,13,512
finite_duration,365,failure_age,7,0.7849999999999999,0.7849999999999999,0.04875000000000007,0.02025443689169281,13,512
finite_duration,365,route_history,7,0.7849999999999999,0.7849999999999999,0.04875000000000007,0.020563948009175534,13,512
finite_duration,365,shuffled_history,7,0.7849999999999999,0.7849999999999999,0.04875000000000007,0.020090706341129735,13,512
finite_duration,365,oracle,1,0.83375,0.5900000000000001,0.0,0.0,7,512
finite_duration,366,last_contact,7,0.54125,0.2,0.2437499999999999,0.020329477456640606,10,512
finite_duration,366,ema,4,0.54125,0.2,0.2437499999999999,0.016749420625765402,14,512
finite_duration,366,failure_age,0,0.7849999999999999,0.7849999999999999,0.0,0.017985097100683342,18,512
finite_duration,366,route_history,0,0.7849999999999999,0.7849999999999999,0.0,0.018391088137926503,18,512
finite_duration,366,shuffled_history,0,0.7849999999999999,0.7849999999999999,0.0,0.01693809407569067,18,512
finite_duration,366,oracle,0,0.7849999999999999,0.7849999999999999,0.0,0.0,18,512
finite_duration,367,last_contact,6,0.83375,0.395,0.04875000000000007,0.05108071085507812,3,512
finite_duration,367,ema,3,0.7362500000000001,0.2,0.14625,0.05644435369646403,9,512
finite_duration,367,failure_age,3,0.7362500000000001,0.2,0.14625,0.05445566948557559,9,512
finite_duration,367,route_history,3,0.7362500000000001,0.2,0.14625,0.053646989539897834,9,512
finite_duration,367,shuffled_history,5,0.44375000000000003,0.2,0.43875000000000003,0.056604093621971815,9,512
finite_duration,367,oracle,0,0.8825000000000001,0.5900000000000001,0.0,0.0,6,512
finite_duration,368,last_contact,2,0.24875000000000003,0.2,0.34125000000000005,0.023754104019140642,5,512
finite_duration,368,ema,0,0.4925,0.395,0.09750000000000009,0.02998759042931054,14,512
finite_duration,368,failure_age,0,0.4925,0.395,0.09750000000000009,0.02677344452667605,14,512
finite_duration,368,route_history,0,0.4925,0.395,0.09750000000000009,0.02652655106828137,14,512
finite_duration,368,shuffled_history,0,0.4925,0.395,0.09750000000000009,0.028682711726039697,14,512
finite_duration,368,oracle,6,0.5900000000000001,0.2,0.0,0.0,3,512
finite_duration,369,last_contact,5,0.7849999999999999,0.7849999999999999,0.1462500000000002,0.053046722183203124,11,512
finite_duration,369,ema,5,0.7849999999999999,0.7849999999999999,0.1462500000000002,0.04515729125772462,11,512
finite_duration,369,failure_age,3,0.8825000000000001,0.5900000000000001,0.04875000000000007,0.04248316823629693,18,512
finite_duration,369,route_history,3,0.8825000000000001,0.5900000000000001,0.04875000000000007,0.04055510829341488,18,512
finite_duration,369,shuffled_history,3,0.8825000000000001,0.5900000000000001,0.04875000000000007,0.04219796920684622,18,512
finite_duration,369,oracle,7,0.9312500000000001,0.98,0.0,0.0,5,512
finite_duration,370,last_contact,2,0.44375000000000003,0.2,0.43875000000000003,0.026393276675390622,7,512
finite_duration,370,ema,6,0.8825000000000001,0.5900000000000001,0.0,0.0193894192210856,11,512
finite_duration,370,failure_age,6,0.8825000000000001,0.5900000000000001,0.0,0.02437661120889595,11,512
finite_duration,370,route_history,6,0.8825000000000001,0.5900000000000001,0.0,0.024147883798740187,11,512
finite_duration,370,shuffled_history,6,0.8825000000000001,0.5900000000000001,0.0,0.024578792005086406,11,512
finite_duration,370,oracle,6,0.8825000000000001,0.5900000000000001,0.0,0.0,11,512
finite_duration,371,last_contact,5,0.2,0.2,0.585,0.03668111866757813,1,512
finite_duration,371,ema,1,0.7849999999999999,0.395,0.0,0.02534040972468917,11,512
finite_duration,371,failure_age,1,0.7849999999999999,0.395,0.0,0.02122480343289742,11,512
finite_duration,371,route_history,1,0.7849999999999999,0.395,0.0,0.022034282797009586,11,512
finite_duration,371,shuffled_history,1,0.7849999999999999,0.395,0.0,0.02194020687772307,11,512
finite_duration,371,oracle,1,0.7849999999999999,0.395,0.0,0.0,11,512
finite_duration,372,last_contact,7,0.7362500000000001,0.2,0.0,0.04764212198789064,12,512
finite_duration,372,ema,7,0.7362500000000001,0.2,0.0,0.025852477460955807,12,512
finite_duration,372,failure_age,7,0.7362500000000001,0.2,0.0,0.025507080149083813,12,512
finite_duration,372,route_history,7,0.7362500000000001,0.2,0.0,0.026752553148002893,12,512
finite_duration,372,shuffled_history,7,0.7362500000000001,0.2,0.0,0.025913412054868107,12,512
finite_duration,372,oracle,7,0.7362500000000001,0.2,0.0,0.0,12,512
finite_duration,373,last_contact,6,0.5900000000000001,0.2,0.09749999999999992,0.05208926456601565,13,512
finite_duration,373,ema,6,0.5900000000000001,0.2,0.09749999999999992,0.04270063433846436,13,512
finite_duration,373,failure_age,6,0.5900000000000001,0.2,0.09749999999999992,0.04138818447611718,13,512
finite_duration,373,route_history,6,0.5900000000000001,0.2,0.09749999999999992,0.042123304633554945,13,512
finite_duration,373,shuffled_history,6,0.5900000000000001,0.2,0.09749999999999992,0.04098600626317507,13,512
finite_duration,373,oracle,4,0.6875,0.2,0.0,0.0,9,512
finite_duration,374,last_contact,5,0.6875,0.2,0.14625,0.051595830776953136,10,512
finite_duration,374,ema,4,0.83375,0.395,0.0,0.036701120240221326,11,512
finite_duration,374,failure_age,4,0.83375,0.395,0.0,0.0340305866952223,11,512
finite_duration,374,route_history,4,0.83375,0.395,0.0,0.03187674778360263,11,512
finite_duration,374,shuffled_history,4,0.83375,0.395,0.0,0.03435372528219789,11,512
finite_duration,374,oracle,4,0.83375,0.395,0.0,0.0,11,512
finite_duration,375,last_contact,7,0.83375,0.395,0.0,0.050551628628515644,16,512
finite_duration,375,ema,7,0.83375,0.395,0.0,0.024355129504901117,16,512
finite_duration,375,failure_age,7,0.83375,0.395,0.0,0.024441690079327567,16,512
finite_duration,375,route_history,7,0.83375,0.395,0.0,0.024078576595877282,16,512
finite_duration,375,shuffled_history,7,0.83375,0.395,0.0,0.02410048352218791,16,512
finite_duration,375,oracle,7,0.83375,0.395,0.0,0.0,16,512
finite_duration,376,last_contact,0,0.24875000000000003,0.2,0.5362499999999999,0.033177471401953124,5,512
finite_duration,376,ema,2,0.63875,0.98,0.14624999999999988,0.02394915453024997,15,512
finite_duration,376,failure_age,2,0.63875,0.98,0.14624999999999988,0.025938353220748406,15,512
finite_duration,376,route_history,2,0.63875,0.98,0.14624999999999988,0.025193102386549076,15,512
finite_duration,376,shuffled_history,4,0.7849999999999999,0.7849999999999999,0.0,0.025020565145445452,15,512
finite_duration,376,oracle,4,0.7849999999999999,0.7849999999999999,0.0,0.0,15,512
finite_duration,377,last_contact,6,0.7362500000000001,0.7849999999999999,0.04874999999999985,0.019079999722265623,7,512
finite_duration,377,ema,6,0.7362500000000001,0.7849999999999999,0.04874999999999985,0.02015268594476956,7,512
finite_duration,377,failure_age,4,0.5900000000000001,0.2,0.19499999999999984,0.01798964890422467,8,512
finite_duration,377,route_history,0,0.44375000000000003,0.2,0.3412499999999999,0.018208433310507408,8,512
finite_duration,377,shuffled_history,4,0.5900000000000001,0.2,0.19499999999999984,0.017334045190493707,8,512
finite_duration,377,oracle,1,0.7849999999999999,0.2,0.0,0.0,7,512
finite_duration,378,last_contact,3,0.34625,0.2,0.39000000000000007,0.019101685855078137,5,512
finite_duration,378,ema,7,0.7362500000000001,0.98,0.0,0.009968170578772476,10,512
finite_duration,378,failure_age,5,0.5900000000000001,0.2,0.14625,0.01192247908742241,11,512
finite_duration,378,route_history,5,0.5900000000000001,0.2,0.14625,0.01166344230227305,11,512
finite_duration,378,shuffled_history,5,0.5900000000000001,0.2,0.14625,0.011412938617428989,11,512
finite_duration,378,oracle,7,0.7362500000000001,0.98,0.0,0.0,10,512
finite_duration,379,last_contact,5,0.7849999999999999,0.2,0.19500000000000006,0.05245258155820309,5,512
finite_duration,379,ema,3,0.5900000000000001,0.98,0.3899999999999999,0.0318378785009161,18,512
finite_duration,379,failure_age,3,0.5900000000000001,0.98,0.3899999999999999,0.030946332392910503,18,512
finite_duration,379,route_history,0,0.98,0.98,0.0,0.029171840468861978,16,512
finite_duration,379,shuffled_history,3,0.5900000000000001,0.98,0.3899999999999999,0.031258826323532454,18,512
finite_duration,379,oracle,0,0.98,0.98,0.0,0.0,16,512
finite_duration,380,last_contact,0,0.6875,0.2,0.04875000000000007,0.01625337569882813,10,512
finite_duration,380,ema,5,0.7362500000000001,0.7849999999999999,0.0,0.01605197273346436,15,512
finite_duration,380,failure_age,5,0.7362500000000001,0.7849999999999999,0.0,0.012569570971566718,15,512
finite_duration,380,route_history,5,0.7362500000000001,0.7849999999999999,0.0,0.013192779215025634,15,512
finite_duration,380,shuffled_history,5,0.7362500000000001,0.7849999999999999,0.0,0.013363121282324905,15,512
finite_duration,380,oracle,5,0.7362500000000001,0.7849999999999999,0.0,0.0,15,512
finite_duration,381,last_contact,7,0.4925,0.5900000000000001,0.43875000000000014,0.04472875343320312,16,512
finite_duration,381,ema,7,0.4925,0.5900000000000001,0.43875000000000014,0.03316873354153824,16,512
finite_duration,381,failure_age,7,0.4925,0.5900000000000001,0.43875000000000014,0.04043656724737131,16,512
finite_duration,381,route_history,7,0.4925,0.5900000000000001,0.43875000000000014,0.04198625007259772,16,512
finite_duration,381,shuffled_history,7,0.4925,0.5900000000000001,0.43875000000000014,0.03980545953394282,16,512
finite_duration,381,oracle,1,0.9312500000000001,0.7849999999999999,0.0,0.0,4,512
finite_duration,382,last_contact,1,0.6875,0.2,0.04875000000000007,0.027891402261328135,13,512
finite_duration,382,ema,1,0.6875,0.2,0.04875000000000007,0.02147621788778921,13,512
finite_duration,382,failure_age,1,0.6875,0.2,0.04875000000000007,0.022130142714347312,13,512
finite_duration,382,route_history,1,0.6875,0.2,0.04875000000000007,0.023114814388805135,13,512
finite_duration,382,shuffled_history,1,0.6875,0.2,0.04875000000000007,0.02229930563083394,13,512
finite_duration,382,oracle,3,0.7362500000000001,0.2,0.0,0.0,1,512
finite_duration,383,last_contact,4,0.2,0.2,0.6825000000000001,0.06311146437070315,3,512
finite_duration,383,ema,1,0.8825000000000001,0.5900000000000001,0.0,0.04111705489595344,7,512
finite_duration,383,failure_age,1,0.8825000000000001,0.5900000000000001,0.0,0.04426615602069291,7,512
finite_duration,383,route_history,1,0.8825000000000001,0.5900000000000001,0.0,0.042063152964072856,7,512
finite_duration,383,shuffled_history,6,0.44375000000000003,0.2,0.43875000000000003,0.04537163388601458,7,512
finite_duration,383,oracle,1,0.8825000000000001,0.5900000000000001,0.0,0.0,7,512
finite_duration,384,last_contact,4,0.2975,0.2,0.6825,0.06005787862851564,2,512
finite_duration,384,ema,7,0.98,0.98,0.0,0.02507285108145434,14,512
finite_duration,384,failure_age,7,0.98,0.98,0.0,0.024100009072825588,14,512
finite_duration,384,route_history,7,0.98,0.98,0.0,0.022861118114336988,14,512
finite_duration,384,shuffled_history,7,0.98,0.98,0.0,0.023448147595646014,14,512
finite_duration,384,oracle,7,0.98,0.98,0.0,0.0,14,512
finite_duration,385,last_contact,0,0.44375000000000003,0.2,0.38999999999999996,0.036554863784765614,4,512
finite_duration,385,ema,3,0.63875,0.2,0.19499999999999995,0.026933465728252635,12,512
finite_duration,385,failure_age,1,0.83375,0.395,0.0,0.02505832331877884,17,512
finite_duration,385,route_history,1,0.83375,0.395,0.0,0.027041335773479565,17,512
finite_duration,385,shuffled_history,1,0.83375,0.395,0.0,0.02413363678795258,17,512
finite_duration,385,oracle,1,0.83375,0.395,0.0,0.0,17,512
finite_duration,386,last_contact,5,0.395,0.2,0.585,0.05874334249570312,2,512
finite_duration,386,ema,3,0.44375000000000003,0.2,0.5362499999999999,0.037755403988154884,12,512
finite_duration,386,failure_age,4,0.98,0.98,0.0,0.03275061620806558,17,512
finite_duration,386,route_history,4,0.98,0.98,0.0,0.03271083715980541,17,512
finite_duration,386,shuffled_history,4,0.98,0.98,0.0,0.0322884721338379,17,512
finite_duration,386,oracle,4,0.98,0.98,0.0,0.0,17,512
finite_duration,387,last_contact,5,0.83375,0.98,0.09750000000000014,0.048275772964453144,14,512
finite_duration,387,ema,5,0.83375,0.98,0.09750000000000014,0.031026042698875027,14,512
finite_duration,387,failure_age,5,0.83375,0.98,0.09750000000000014,0.034837088031032304,14,512
finite_duration,387,route_history,5,0.83375,0.98,0.09750000000000014,0.03656315058485507,14,512
finite_duration,387,shuffled_history,5,0.83375,0.98,0.09750000000000014,0.03544433078452841,14,512
finite_duration,387,oracle,7,0.9312500000000001,0.98,0.0,0.0,7,512
finite_duration,388,last_contact,6,0.6875,0.2,0.04875000000000007,0.02840266026914063,11,512
finite_duration,388,ema,6,0.6875,0.2,0.04875000000000007,0.02209927970364403,11,512
finite_duration,388,failure_age,0,0.6875,0.2,0.04875000000000007,0.019465723827997786,13,512
finite_duration,388,route_history,0,0.6875,0.2,0.04875000000000007,0.020335618279763004,13,512
finite_duration,388,shuffled_history,0,0.6875,0.2,0.04875000000000007,0.019006338525668798,13,512
finite_duration,388,oracle,4,0.7362500000000001,0.98,0.0,0.0,8,512
finite_duration,389,last_contact,5,0.83375,0.395,0.04875000000000007,0.04962595753476562,12,512
finite_duration,389,ema,5,0.83375,0.395,0.04875000000000007,0.025900843445487154,12,512
finite_duration,389,failure_age,6,0.8825000000000001,0.5900000000000001,0.0,0.02737535983319018,15,512
finite_duration,389,route_history,6,0.8825000000000001,0.5900000000000001,0.0,0.027240940270483044,15,512
finite_duration,389,shuffled_history,6,0.8825000000000001,0.5900000000000001,0.0,0.027885131885761395,15,512
finite_duration,389,oracle,6,0.8825000000000001,0.5900000000000001,0.0,0.0,15,512
finite_duration,390,last_contact,1,0.34625,0.2,0.5362500000000001,0.06816670987851561,2,512
finite_duration,390,ema,4,0.8825000000000001,0.5900000000000001,0.0,0.0550272335265207,17,512
finite_duration,390,failure_age,4,0.8825000000000001,0.5900000000000001,0.0,0.05295576741779923,17,512
finite_duration,390,route_history,4,0.8825000000000001,0.5900000000000001,0.0,0.05251076257508968,17,512
finite_duration,390,shuffled_history,4,0.8825000000000001,0.5900000000000001,0.0,0.05222276775805621,17,512
finite_duration,390,oracle,4,0.8825000000000001,0.5900000000000001,0.0,0.0,17,512
finite_duration,391,last_contact,4,0.98,0.98,0.0,0.02606560812070311,16,512
finite_duration,391,ema,4,0.98,0.98,0.0,0.015754287471412224,16,512
finite_duration,391,failure_age,4,0.98,0.98,0.0,0.012240001867298692,16,512
finite_duration,391,route_history,4,0.98,0.98,0.0,0.011587596364030296,16,512
finite_duration,391,shuffled_history,4,0.98,0.98,0.0,0.011942079828129523,16,512
finite_duration,391,oracle,4,0.98,0.98,0.0,0.0,16,512
finite_duration,392,last_contact,7,0.44375000000000003,0.2,0.38999999999999996,0.025021405972265612,3,512
finite_duration,392,ema,3,0.54125,0.98,0.2925,0.03341491655416827,17,512
finite_duration,392,failure_age,3,0.54125,0.98,0.2925,0.03782446319413224,17,512
finite_duration,392,route_history,3,0.54125,0.98,0.2925,0.03596419052616962,17,512
finite_duration,392,shuffled_history,3,0.54125,0.98,0.2925,0.038885809113545625,17,512
finite_duration,392,oracle,6,0.83375,0.395,0.0,0.0,5,512
finite_duration,393,last_contact,4,0.98,0.98,0.0,0.07378044757382812,5,512
finite_duration,393,ema,5,0.8825000000000001,0.5900000000000001,0.09749999999999992,0.07532758909801786,15,512
finite_duration,393,failure_age,5,0.8825000000000001,0.5900000000000001,0.09749999999999992,0.06511808037864128,15,512
finite_duration,393,route_history,5,0.8825000000000001,0.5900000000000001,0.09749999999999992,0.06407239512396971,15,512
finite_duration,393,shuffled_history,5,0.8825000000000001,0.5900000000000001,0.09749999999999992,0.06406460193017217,15,512
finite_duration,393,oracle,4,0.98,0.98,0.0,0.0,5,512
finite_duration,394,last_contact,3,0.2975,0.2,0.48749999999999993,0.05186230284726564,5,512
finite_duration,394,ema,6,0.7849999999999999,0.98,0.0,0.030611883693809558,19,512
finite_duration,394,failure_age,6,0.7849999999999999,0.98,0.0,0.03151434505368299,19,512
finite_duration,394,route_history,6,0.7849999999999999,0.98,0.0,0.031986422729819844,19,512
finite_duration,394,shuffled_history,6,0.7849999999999999,0.98,0.0,0.030475666407946314,19,512
finite_duration,394,oracle,6,0.7849999999999999,0.98,0.0,0.0,19,512
finite_duration,395,last_contact,4,0.9312500000000001,0.7849999999999999,0.0,0.05743266827695314,3,512
finite_duration,395,ema,7,0.44375000000000003,0.2,0.4875000000000001,0.07475841312817881,12,512
finite_duration,395,failure_age,1,0.395,0.2,0.5362500000000001,0.07143117693587572,13,512
finite_duration,395,route_history,1,0.395,0.2,0.5362500000000001,0.06977798708845462,13,512
finite_duration,395,shuffled_history,1,0.395,0.2,0.5362500000000001,0.07006526928650737,13,512
finite_duration,395,oracle,4,0.9312500000000001,0.7849999999999999,0.0,0.0,3,512
finite_duration,396,last_contact,3,0.98,0.98,0.0,0.03909719151914062,16,512
finite_duration,396,ema,3,0.98,0.98,0.0,0.030058145767856988,16,512
finite_duration,396,failure_age,3,0.98,0.98,0.0,0.026461567892284477,16,512
finite_duration,396,route_history,3,0.98,0.98,0.0,0.02686935158593313,16,512
finite_duration,396,shuffled_history,3,0.98,0.98,0.0,0.026785072007662152,16,512
finite_duration,396,oracle,3,0.98,0.98,0.0,0.0,16,512
finite_duration,397,last_contact,3,0.63875,0.2,0.14624999999999988,0.028586249722265616,9,512
finite_duration,397,ema,6,0.7849999999999999,0.2,0.0,0.014147141458626271,16,512
finite_duration,397,failure_age,6,0.7849999999999999,0.2,0.0,0.01573025396933378,16,512
finite_duration,397,route_history,6,0.7849999999999999,0.2,0.0,0.015981798467406664,16,512
finite_duration,397,shuffled_history,6,0.7849999999999999,0.2,0.0,0.016052582957276317,16,512
finite_duration,397,oracle,6,0.7849999999999999,0.2,0.0,0.0,16,512
finite_duration,398,last_contact,6,0.8825000000000001,0.98,0.0,0.04415629894101563,20,512
finite_duration,398,ema,6,0.8825000000000001,0.98,0.0,0.03019822458746216,20,512
finite_duration,398,failure_age,6,0.8825000000000001,0.98,0.0,0.027837967623750973,20,512
finite_duration,398,route_history,6,0.8825000000000001,0.98,0.0,0.02808043159843212,20,512
finite_duration,398,shuffled_history,6,0.8825000000000001,0.98,0.0,0.026891841206286925,20,512
finite_duration,398,oracle,6,0.8825000000000001,0.98,0.0,0.0,20,512
finite_duration,399,last_contact,0,0.6875,0.2,0.19500000000000006,0.018136504409765622,8,512
finite_duration,399,ema,7,0.54125,0.2,0.34125000000000005,0.014574206426522001,9,512
finite_duration,399,failure_age,6,0.4925,0.2,0.39000000000000007,0.01291385932486836,15,512
finite_duration,399,route_history,1,0.7362500000000001,0.2,0.14625,0.01194378068152167,14,512
finite_duration,399,shuffled_history,6,0.4925,0.2,0.39000000000000007,0.013554428968973919,15,512
finite_duration,399,oracle,5,0.8825000000000001,0.5900000000000001,0.0,0.0,14,512
stable_types,0,last_contact,6,0.4925,0.2,0.195,0.011238996659312507,11,512
stable_types,0,ema,6,0.4925,0.2,0.195,0.019108764632266913,11,512
stable_types,0,failure_age,4,0.5900000000000001,0.395,0.09749999999999992,0.02424084167968621,4,512
stable_types,0,route_history,2,0.6875,0.98,0.0,0.01336621366271697,8,512
stable_types,0,shuffled_history,4,0.5900000000000001,0.395,0.09749999999999992,0.024369138191061762,4,512
stable_types,0,oracle,2,0.6875,0.98,0.0,0.0,8,512
stable_types,1,last_contact,2,0.34625,0.2,0.39000000000000007,0.01685825986243751,11,512
stable_types,1,ema,2,0.34625,0.2,0.39000000000000007,0.025417824991077934,11,512
stable_types,1,failure_age,7,0.7362500000000001,0.2,0.0,0.019895300874855224,23,512
stable_types,1,route_history,7,0.7362500000000001,0.2,0.0,0.009429876464938773,23,512
stable_types,1,shuffled_history,7,0.7362500000000001,0.2,0.0,0.0204237906270312,23,512
stable_types,1,oracle,7,0.7362500000000001,0.2,0.0,0.0,23,512
stable_types,2,last_contact,0,0.24875000000000003,0.2,0.48750000000000004,0.0339333465030625,9,512
stable_types,2,ema,2,0.7362500000000001,0.2,0.0,0.023510120636798696,18,512
stable_types,2,failure_age,2,0.7362500000000001,0.2,0.0,0.026058397289073363,18,512
stable_types,2,route_history,2,0.7362500000000001,0.2,0.0,0.015497998693046989,18,512
stable_types,2,shuffled_history,2,0.7362500000000001,0.2,0.0,0.026638770038813507,18,512
stable_types,2,oracle,2,0.7362500000000001,0.2,0.0,0.0,18,512
stable_types,3,last_contact,3,0.6875,0.2,0.09749999999999992,0.03861961087806249,18,512
stable_types,3,ema,3,0.6875,0.2,0.09749999999999992,0.03221390705690415,18,512
stable_types,3,failure_age,3,0.6875,0.2,0.09749999999999992,0.037475794880720906,18,512
stable_types,3,route_history,3,0.6875,0.2,0.09749999999999992,0.015252844941226935,18,512
stable_types,3,shuffled_history,3,0.6875,0.2,0.09749999999999992,0.03951433646212879,18,512
stable_types,3,oracle,4,0.7849999999999999,0.98,0.0,0.0,7,512
stable_types,4,last_contact,4,0.4925,0.2,0.09750000000000009,0.03403363744056248,8,512
stable_types,4,ema,5,0.4925,0.2,0.09750000000000009,0.017064452767582793,15,512
stable_types,4,failure_age,5,0.4925,0.2,0.09750000000000009,0.023991217957702694,15,512
stable_types,4,route_history,5,0.4925,0.2,0.09750000000000009,0.010114291114508126,15,512
stable_types,4,shuffled_history,5,0.4925,0.2,0.09750000000000009,0.02571230346068409,15,512
stable_types,4,oracle,2,0.5900000000000001,0.2,0.0,0.0,2,512
stable_types,5,last_contact,2,0.2,0.2,0.5362500000000001,0.05357341744056249,5,512
stable_types,5,ema,1,0.7362500000000001,0.2,0.0,0.04901961983649275,16,512
stable_types,5,failure_age,1,0.7362500000000001,0.2,0.0,0.04594407013284964,16,512
stable_types,5,route_history,1,0.7362500000000001,0.2,0.0,0.007310517740482076,16,512
stable_types,5,shuffled_history,1,0.7362500000000001,0.2,0.0,0.04754846025950519,16,512
stable_types,5,oracle,1,0.7362500000000001,0.2,0.0,0.0,16,512
stable_types,6,last_contact,7,0.2975,0.2,0.39,0.027703227518687493,14,512
stable_types,6,ema,7,0.2975,0.2,0.39,0.03706236519235911,14,512
stable_types,6,failure_age,5,0.6875,0.2,0.0,0.027658676296366265,16,512
stable_types,6,route_history,5,0.6875,0.2,0.0,0.015792375241663558,16,512
stable_types,6,shuffled_history,5,0.6875,0.2,0.0,0.029517651487269786,16,512
stable_types,6,oracle,5,0.6875,0.2,0.0,0.0,16,512
stable_types,7,last_contact,5,0.44375000000000003,0.2,0.38999999999999996,0.048159291190562496,9,512
stable_types,7,ema,6,0.24875000000000003,0.2,0.585,0.04173577223484035,13,512
stable_types,7,failure_age,3,0.83375,0.395,0.0,0.03411624578166894,20,512
stable_types,7,route_history,3,0.83375,0.395,0.0,0.02297392143046516,20,512
stable_types,7,shuffled_history,3,0.83375,0.395,0.0,0.03547616406912332,20,512
stable_types,7,oracle,3,0.83375,0.395,0.0,0.0,20,512
stable_types,8,last_contact,6,0.54125,0.2,0.2437499999999999,0.013276700956187507,1,512
stable_types,8,ema,2,0.63875,0.2,0.14624999999999988,0.01913352568151403,20,512
stable_types,8,failure_age,2,0.63875,0.2,0.14624999999999988,0.0208135882471499,20,512
stable_types,8,route_history,2,0.63875,0.2,0.14624999999999988,0.009553002014800312,20,512
stable_types,8,shuffled_history,2,0.63875,0.2,0.14624999999999988,0.019568814196974697,20,512
stable_types,8,oracle,7,0.7849999999999999,0.98,0.0,0.0,7,512
stable_types,9,last_contact,6,0.44375000000000003,0.2,0.24374999999999997,0.019640541190562497,3,512
stable_types,9,ema,7,0.54125,0.2,0.14625,0.016611482638618863,18,512
stable_types,9,failure_age,7,0.54125,0.2,0.14625,0.02200186464513533,18,512
stable_types,9,route_history,7,0.54125,0.2,0.14625,0.009440010221132878,18,512
stable_types,9,shuffled_history,7,0.54125,0.2,0.14625,0.022118903339498508,18,512
stable_types,9,oracle,5,0.6875,0.2,0.0,0.0,17,512
stable_types,10,last_contact,7,0.5900000000000001,0.5900000000000001,0.2925,0.0490421445499375,2,512
stable_types,10,ema,2,0.6875,0.2,0.19500000000000006,0.029474123372189485,18,512
stable_types,10,failure_age,4,0.8825000000000001,0.5900000000000001,0.0,0.02388384895671461,24,512
stable_types,10,route_history,4,0.8825000000000001,0.5900000000000001,0.0,0.007045913785623538,24,512
stable_types,10,shuffled_history,4,0.8825000000000001,0.5900000000000001,0.0,0.0247770705147548,24,512
stable_types,10,oracle,4,0.8825000000000001,0.5900000000000001,0.0,0.0,24,512
stable_types,11,last_contact,2,0.63875,0.7849999999999999,0.2925000000000001,0.07798788361243753,6,512
stable_types,11,ema,6,0.7362500000000001,0.2,0.19500000000000006,0.027860369551588715,13,512
stable_types,11,failure_age,4,0.8825000000000001,0.5900000000000001,0.04875000000000007,0.03294354842585904,25,512
stable_types,11,route_history,4,0.8825000000000001,0.5900000000000001,0.04875000000000007,0.011326396089351116,25,512
stable_types,11,shuffled_history,4,0.8825000000000001,0.5900000000000001,0.04875000000000007,0.03440164207606823,25,512
stable_types,11,oracle,7,0.9312500000000001,0.7849999999999999,0.0,0.0,22,512
stable_types,12,last_contact,3,0.7362500000000001,0.98,0.2437499999999999,0.06449435587806254,8,512
stable_types,12,ema,7,0.9312500000000001,0.7849999999999999,0.04874999999999985,0.03668997597226191,21,512
stable_types,12,failure_age,6,0.98,0.98,0.0,0.022462097028427067,27,512
stable_types,12,route_history,6,0.98,0.98,0.0,0.012507564011532465,27,512
stable_types,12,shuffled_history,6,0.98,0.98,0.0,0.02183111984708015,27,512
stable_types,12,oracle,6,0.98,0.98,0.0,0.0,27,512
stable_types,13,last_contact,5,0.8825000000000001,0.5900000000000001,0.0,0.06736021298743751,24,512
stable_types,13,ema,5,0.8825000000000001,0.5900000000000001,0.0,0.03991111438863938,24,512
stable_types,13,failure_age,5,0.8825000000000001,0.5900000000000001,0.0,0.036585345614094975,24,512
stable_types,13,route_history,5,0.8825000000000001,0.5900000000000001,0.0,0.01164107586547373,24,512
stable_types,13,shuffled_history,5,0.8825000000000001,0.5900000000000001,0.0,0.03746306456524525,24,512
stable_types,13,oracle,5,0.8825000000000001,0.5900000000000001,0.0,0.0,24,512
stable_types,14,last_contact,1,0.54125,0.2,0.19500000000000006,0.0273309390030625,3,512
stable_types,14,ema,7,0.44375000000000003,0.2,0.29250000000000004,0.03555449619595627,12,512
stable_types,14,failure_age,6,0.5900000000000001,0.2,0.14625,0.027663110226655303,19,512
stable_types,14,route_history,5,0.7362500000000001,0.2,0.0,0.008104960826267344,18,512
stable_types,14,shuffled_history,6,0.5900000000000001,0.2,0.14625,0.02785193089614018,19,512
stable_types,14,oracle,5,0.7362500000000001,0.2,0.0,0.0,18,512
stable_types,15,last_contact,7,0.63875,0.7849999999999999,0.34124999999999994,0.0456991529093125,6,512
stable_types,15,ema,3,0.98,0.98,0.0,0.03407792870544744,21,512
stable_types,15,failure_age,3,0.98,0.98,0.0,0.02709201573452231,21,512
stable_types,15,route_history,3,0.98,0.98,0.0,0.006490882262881999,21,512
stable_types,15,shuffled_history,3,0.98,0.98,0.0,0.025732543023600927,21,512
stable_types,15,oracle,3,0.98,0.98,0.0,0.0,21,512
stable_types,16,last_contact,5,0.4925,0.5900000000000001,0.24375000000000008,0.011782991815562516,5,512
stable_types,16,ema,4,0.4925,0.2,0.24375000000000008,0.02357305008054311,12,512
stable_types,16,failure_age,5,0.4925,0.5900000000000001,0.24375000000000008,0.019488116476937017,5,512
stable_types,16,route_history,0,0.5900000000000001,0.98,0.14625,0.006216735902537768,8,512
stable_types,16,shuffled_history,5,0.4925,0.5900000000000001,0.24375000000000008,0.01676592180300112,5,512
stable_types,16,oracle,1,0.7362500000000001,0.98,0.0,0.0,7,512
stable_types,17,last_contact,1,0.7362500000000001,0.98,0.04874999999999985,0.03436033556556251,6,512
stable_types,17,ema,7,0.7362500000000001,0.2,0.04874999999999985,0.011771472087012246,13,512
stable_types,17,failure_age,3,0.63875,0.2,0.14624999999999988,0.03005817522668822,19,512
stable_types,17,route_history,3,0.63875,0.2,0.14624999999999988,0.015955593479285483,19,512
stable_types,17,shuffled_history,3,0.63875,0.2,0.14624999999999988,0.0322213557200084,19,512
stable_types,17,oracle,6,0.7849999999999999,0.2,0.0,0.0,13,512
stable_types,18,last_contact,2,0.9312500000000001,0.7849999999999999,0.0,0.04004645939368752,25,512
stable_types,18,ema,2,0.9312500000000001,0.7849999999999999,0.0,0.020452755624012955,25,512
stable_types,18,failure_age,2,0.9312500000000001,0.7849999999999999,0.0,0.017978917759858826,25,512
stable_types,18,route_history,2,0.9312500000000001,0.7849999999999999,0.0,0.00592165372888687,25,512
stable_types,18,shuffled_history,2,0.9312500000000001,0.7849999999999999,0.0,0.017816353333921935,25,512
stable_types,18,oracle,2,0.9312500000000001,0.7849999999999999,0.0,0.0,25,512
stable_types,19,last_contact,2,0.34625,0.2,0.5362500000000001,0.02962392572181252,7,512
stable_types,19,ema,3,0.8825000000000001,0.5900000000000001,0.0,0.021601535537082224,19,512
stable_types,19,failure_age,3,0.8825000000000001,0.5900000000000001,0.0,0.0198908896441812,19,512
stable_types,19,route_history,3,0.8825000000000001,0.5900000000000001,0.0,0.010126667169019252,19,512
stable_types,19,shuffled_history,3,0.8825000000000001,0.5900000000000001,0.0,0.02056876038852472,19,512
stable_types,19,oracle,3,0.8825000000000001,0.5900000000000001,0.0,0.0,19,512
stable_types,20,last_contact,4,0.6875,0.7849999999999999,0.09749999999999992,0.021255811503062515,5,512
stable_types,20,ema,0,0.54125,0.2,0.2437499999999999,0.02252113394041768,16,512
stable_types,20,failure_age,1,0.7362500000000001,0.2,0.04874999999999985,0.023187883122604572,21,512
stable_types,20,route_history,1,0.7362500000000001,0.2,0.04874999999999985,0.01217418375389054,21,512
stable_types,20,shuffled_history,1,0.7362500000000001,0.2,0.04874999999999985,0.02326251221250092,21,512
stable_types,20,oracle,2,0.7849999999999999,0.98,0.0,0.0,5,512
stable_types,21,last_contact,2,0.54125,0.395,0.3900000000000001,0.049774561503062524,2,512
stable_types,21,ema,4,0.63875,0.2,0.2925000000000001,0.034909935222383615,18,512
stable_types,21,failure_age,5,0.9312500000000001,0.7849999999999999,0.0,0.03332278014159824,23,512
stable_types,21,route_history,5,0.9312500000000001,0.7849999999999999,0.0,0.025618118186284372,23,512
stable_types,21,shuffled_history,5,0.9312500000000001,0.7849999999999999,0.0,0.031266071756698634,23,512
stable_types,21,oracle,5,0.9312500000000001,0.7849999999999999,0.0,0.0,23,512
stable_types,22,last_contact,4,0.2,0.2,0.4875,0.05992054251868748,2,512
stable_types,22,ema,0,0.63875,0.98,0.04874999999999996,0.02476562937781537,4,512
stable_types,22,failure_age,0,0.63875,0.98,0.04874999999999996,0.036834337025659566,4,512
stable_types,22,route_history,6,0.6875,0.98,0.0,0.0035817748197187744,7,512
stable_types,22,shuffled_history,0,0.63875,0.98,0.04874999999999996,0.04152996054227831,4,512
stable_types,22,oracle,6,0.6875,0.98,0.0,0.0,7,512
stable_types,23,last_contact,0,0.5900000000000001,0.2,0.04874999999999996,0.034594347753062485,1,512
stable_types,23,ema,3,0.2,0.2,0.43875000000000003,0.04479581715132084,11,512
stable_types,23,failure_age,5,0.44375000000000003,0.2,0.195,0.0339099508937601,17,512
stable_types,23,route_history,5,0.44375000000000003,0.2,0.195,0.024542236502374706,17,512
stable_types,23,shuffled_history,5,0.44375000000000003,0.2,0.195,0.031856171815860194,17,512
stable_types,23,oracle,7,0.63875,0.5900000000000001,0.0,0.0,6,512
stable_types,24,last_contact,4,0.2,0.2,0.78,0.07674490181556248,7,512
stable_types,24,ema,7,0.98,0.98,0.0,0.05223408501802434,23,512
stable_types,24,failure_age,7,0.98,0.98,0.0,0.04509828681314373,23,512
stable_types,24,route_history,7,0.98,0.98,0.0,0.01034160467456034,23,512
stable_types,24,shuffled_history,7,0.98,0.98,0.0,0.03864308373988874,23,512
stable_types,24,oracle,7,0.98,0.98,0.0,0.0,23,512
stable_types,25,last_contact,4,0.5900000000000001,0.2,0.0,0.08112118322181247,10,512
stable_types,25,ema,7,0.2,0.2,0.39000000000000007,0.045637964621350495,7,512
stable_types,25,failure_age,2,0.2,0.2,0.39000000000000007,0.061939882809858925,4,512
stable_types,25,route_history,1,0.5900000000000001,0.5900000000000001,0.0,0.010293051978788024,2,512
stable_types,25,shuffled_history,2,0.2,0.2,0.39000000000000007,0.0516384509372775,4,512
stable_types,25,oracle,4,0.5900000000000001,0.2,0.0,0.0,10,512
stable_types,26,last_contact,2,0.4925,0.395,0.43875000000000014,0.06006337392493754,1,512
stable_types,26,ema,1,0.83375,0.395,0.09750000000000014,0.031238109382863696,17,512
stable_types,26,failure_age,0,0.83375,0.395,0.09750000000000014,0.022920034721232593,23,512
stable_types,26,route_history,0,0.83375,0.395,0.09750000000000014,0.016077714270341405,23,512
stable_types,26,shuffled_history,0,0.83375,0.395,0.09750000000000014,0.022304110149752743,23,512
stable_types,26,oracle,6,0.9312500000000001,0.7849999999999999,0.0,0.0,21,512
stable_types,27,last_contact,6,0.9312500000000001,0.7849999999999999,0.0,0.054816399237437544,23,512
stable_types,27,ema,6,0.9312500000000001,0.7849999999999999,0.0,0.026666007760400158,23,512
stable_types,27,failure_age,6,0.9312500000000001,0.7849999999999999,0.0,0.024961670665650255,23,512
stable_types,27,route_history,6,0.9312500000000001,0.7849999999999999,0.0,0.009912786840447925,23,512
stable_types,27,shuffled_history,6,0.9312500000000001,0.7849999999999999,0.0,0.022202903377193065,23,512
stable_types,27,oracle,6,0.9312500000000001,0.7849999999999999,0.0,0.0,23,512
stable_types,28,last_contact,5,0.44375000000000003,0.2,0.43875000000000003,0.048958568768687497,12,512
stable_types,28,ema,5,0.44375000000000003,0.2,0.43875000000000003,0.026226806604680998,12,512
stable_types,28,failure_age,4,0.8825000000000001,0.5900000000000001,0.0,0.014931227665616607,21,512
stable_types,28,route_history,4,0.8825000000000001,0.5900000000000001,0.0,0.0023499911272597132,21,512
stable_types,28,shuffled_history,1,0.7849999999999999,0.2,0.09750000000000014,0.015695324857954267,21,512
stable_types,28,oracle,4,0.8825000000000001,0.5900000000000001,0.0,0.0,21,512
stable_types,29,last_contact,7,0.24875000000000003,0.2,0.73125,0.062435381346812494,8,512
stable_types,29,ema,5,0.98,0.98,0.0,0.043764285768940606,18,512
stable_types,29,failure_age,5,0.98,0.98,0.0,0.03268324746215948,18,512
stable_types,29,route_history,5,0.98,0.98,0.0,0.014048435462097258,18,512
stable_types,29,shuffled_history,5,0.98,0.98,0.0,0.03305864946939552,18,512
stable_types,29,oracle,5,0.98,0.98,0.0,0.0,18,512
stable_types,30,last_contact,4,0.2,0.2,0.63375,0.0407074606436875,6,512
stable_types,30,ema,2,0.63875,0.2,0.19499999999999995,0.04601921488523057,13,512
stable_types,30,failure_age,5,0.83375,0.395,0.0,0.033734787106885204,14,512
stable_types,30,route_history,0,0.63875,0.7849999999999999,0.19499999999999995,0.016854283783000502,7,512
stable_types,30,shuffled_history,5,0.83375,0.395,0.0,0.03067328590137382,14,512
stable_types,30,oracle,5,0.83375,0.395,0.0,0.0,14,512
stable_types,31,last_contact,7,0.63875,0.395,0.04874999999999996,0.03366134892493749,1,512
stable_types,31,ema,6,0.4925,0.2,0.195,0.03570459777705641,11,512
stable_types,31,failure_age,4,0.6875,0.5900000000000001,0.0,0.027319141831857283,5,512
stable_types,31,route_history,4,0.6875,0.5900000000000001,0.0,0.00536143893358142,5,512
stable_types,31,shuffled_history,4,0.6875,0.5900000000000001,0.0,0.027265089046194558,5,512
stable_types,31,oracle,4,0.6875,0.5900000000000001,0.0,0.0,5,512
stable_types,32,last_contact,6,0.7362500000000001,0.2,0.0,0.022627959471812495,15,512
stable_types,32,ema,6,0.7362500000000001,0.2,0.0,0.01268196520043867,15,512
stable_types,32,failure_age,6,0.7362500000000001,0.2,0.0,0.01542590980103794,15,512
stable_types,32,route_history,6,0.7362500000000001,0.2,0.0,0.007651602348055258,15,512
stable_types,32,shuffled_history,6,0.7362500000000001,0.2,0.0,0.017016066611112216,15,512
stable_types,32,oracle,6,0.7362500000000001,0.2,0.0,0.0,15,512
stable_types,33,last_contact,5,0.44375000000000003,0.2,0.4875000000000001,0.039962883612437536,6,512
stable_types,33,ema,3,0.8825000000000001,0.5900000000000001,0.04875000000000007,0.02067730608521829,19,512
stable_types,33,failure_age,3,0.8825000000000001,0.5900000000000001,0.04875000000000007,0.02091831204691208,19,512
stable_types,33,route_history,3,0.8825000000000001,0.5900000000000001,0.04875000000000007,0.01887962805435858,19,512
stable_types,33,shuffled_history,1,0.9312500000000001,0.7849999999999999,0.0,0.021799831938220243,18,512
stable_types,33,oracle,1,0.9312500000000001,0.7849999999999999,0.0,0.0,18,512
stable_types,34,last_contact,7,0.395,0.2,0.585,0.0721133379874375,1,512
stable_types,34,ema,5,0.98,0.98,0.0,0.03930096874498608,17,512
stable_types,34,failure_age,2,0.98,0.98,0.0,0.023321064340856137,28,512
stable_types,34,route_history,2,0.98,0.98,0.0,0.024565406404849357,28,512
stable_types,34,shuffled_history,2,0.98,0.98,0.0,0.019867016636041412,28,512
stable_types,34,oracle,5,0.98,0.98,0.0,0.0,17,512
stable_types,35,last_contact,7,0.2,0.2,0.585,0.055644552049937485,2,512
stable_types,35,ema,1,0.2,0.2,0.585,0.061818190107949894,12,512
stable_types,35,failure_age,3,0.2,0.2,0.585,0.05086484793734851,4,512
stable_types,35,route_history,6,0.7849999999999999,0.98,0.0,0.019165737779336698,7,512
stable_types,35,shuffled_history,2,0.4925,0.5900000000000001,0.2924999999999999,0.05017072973864575,5,512
stable_types,35,oracle,6,0.7849999999999999,0.98,0.0,0.0,7,512
stable_types,36,last_contact,6,0.44375000000000003,0.2,0.29250000000000004,0.014853985878062506,8,512
stable_types,36,ema,0,0.54125,0.5900000000000001,0.19500000000000006,0.016142629871492904,5,512
stable_types,36,failure_age,2,0.5900000000000001,0.5900000000000001,0.14625,0.009770088333246841,4,512
stable_types,36,route_history,7,0.7362500000000001,0.7849999999999999,0.0,0.003615942413603497,6,512
stable_types,36,shuffled_history,7,0.7362500000000001,0.7849999999999999,0.0,0.009793128135630314,6,512
stable_types,36,oracle,7,0.7362500000000001,0.7849999999999999,0.0,0.0,6,512
stable_types,37,last_contact,4,0.5900000000000001,0.2,0.04874999999999996,0.024121668612437495,3,512
stable_types,37,ema,1,0.5900000000000001,0.2,0.04874999999999996,0.028144837969993702,14,512
stable_types,37,failure_age,1,0.5900000000000001,0.2,0.04874999999999996,0.025350807414236474,14,512
stable_types,37,route_history,1,0.5900000000000001,0.2,0.04874999999999996,0.0033661403759792457,14,512
stable_types,37,shuffled_history,1,0.5900000000000001,0.2,0.04874999999999996,0.02313059401009187,14,512
stable_types,37,oracle,0,0.63875,0.98,0.0,0.0,4,512
stable_types,38,last_contact,7,0.24875000000000003,0.2,0.5362499999999999,0.034460626503062496,2,512
stable_types,38,ema,3,0.5900000000000001,0.2,0.19499999999999984,0.03170245424795699,16,512
stable_types,38,failure_age,3,0.5900000000000001,0.2,0.19499999999999984,0.03156580624173552,16,512
stable_types,38,route_history,3,0.5900000000000001,0.2,0.19499999999999984,0.0068315895919185896,16,512
stable_types,38,shuffled_history,6,0.6875,0.2,0.09749999999999992,0.029065589591358222,16,512
stable_types,38,oracle,4,0.7849999999999999,0.98,0.0,0.0,7,512
stable_types,39,last_contact,3,0.54125,0.7849999999999999,0.09750000000000003,0.03697091025306248,5,512
stable_types,39,ema,2,0.44375000000000003,0.2,0.195,0.036052922629725107,13,512
stable_types,39,failure_age,2,0.44375000000000003,0.2,0.195,0.029690734976363743,13,512
stable_types,39,route_history,1,0.5900000000000001,0.7849999999999999,0.04874999999999996,0.015717269447734425,5,512
stable_types,39,shuffled_history,2,0.44375000000000003,0.2,0.195,0.02971015697804457,13,512
stable_types,39,oracle,6,0.63875,0.2,0.0,0.0,10,512
stable_types,40,last_contact,4,0.395,0.2,0.585,0.051573698534312526,16,512
stable_types,40,ema,4,0.395,0.2,0.585,0.04435730666096941,16,512
stable_types,40,failure_age,3,0.9312500000000001,0.7849999999999999,0.04874999999999985,0.0312543413293004,24,512
stable_types,40,route_history,3,0.9312500000000001,0.7849999999999999,0.04874999999999985,0.026824385472699545,24,512
stable_types,40,shuffled_history,3,0.9312500000000001,0.7849999999999999,0.04874999999999985,0.026987949479728476,24,512
stable_types,40,oracle,1,0.98,0.98,0.0,0.0,17,512
stable_types,41,last_contact,1,0.5900000000000001,0.2,0.14625,0.052451996815562486,1,512
stable_types,41,ema,5,0.24875000000000003,0.2,0.48750000000000004,0.05850565705289747,11,512
stable_types,41,failure_age,7,0.54125,0.2,0.19500000000000006,0.045744734225943315,14,512
stable_types,41,route_history,0,0.54125,0.2,0.19500000000000006,0.019332947088405408,4,512
stable_types,41,shuffled_history,7,0.54125,0.2,0.19500000000000006,0.044357755542034805,14,512
stable_types,41,oracle,2,0.7362500000000001,0.2,0.0,0.0,12,512
stable_types,42,last_contact,0,0.24875000000000003,0.2,0.63375,0.031134350018687515,7,512
stable_types,42,ema,4,0.8825000000000001,0.5900000000000001,0.0,0.02507976627203837,17,512
stable_types,42,failure_age,4,0.8825000000000001,0.5900000000000001,0.0,0.021066943940480948,17,512
stable_types,42,route_history,4,0.8825000000000001,0.5900000000000001,0.0,0.009569423278389208,17,512
stable_types,42,shuffled_history,4,0.8825000000000001,0.5900000000000001,0.0,0.02133216954354516,17,512
stable_types,42,oracle,4,0.8825000000000001,0.5900000000000001,0.0,0.0,17,512
stable_types,43,last_contact,6,0.7849999999999999,0.2,0.0,0.04432244986243749,23,512
stable_types,43,ema,6,0.7849999999999999,0.2,0.0,0.024535499823622214,23,512
stable_types,43,failure_age,6,0.7849999999999999,0.2,0.0,0.023705031798713635,23,512
stable_types,43,route_history,6,0.7849999999999999,0.2,0.0,0.00989945045499646,23,512
stable_types,43,shuffled_history,6,0.7849999999999999,0.2,0.0,0.024523824095625514,23,512
stable_types,43,oracle,6,0.7849999999999999,0.2,0.0,0.0,23,512
stable_types,44,last_contact,4,0.63875,0.2,0.24375000000000002,0.0398413224405625,20,512
stable_types,44,ema,4,0.63875,0.2,0.24375000000000002,0.038687159191369405,20,512
stable_types,44,failure_age,5,0.6875,0.2,0.19500000000000006,0.026658011798695987,21,512
stable_types,44,route_history,5,0.6875,0.2,0.19500000000000006,0.030544225582501992,21,512
stable_types,44,shuffled_history,5,0.6875,0.2,0.19500000000000006,0.026930757629776175,21,512
stable_types,44,oracle,2,0.8825000000000001,0.5900000000000001,0.0,0.0,14,512
stable_types,45,last_contact,5,0.5900000000000001,0.5900000000000001,0.3899999999999999,0.03050677908118751,4,512
stable_types,45,ema,7,0.98,0.98,0.0,0.01944116089024028,24,512
stable_types,45,failure_age,7,0.98,0.98,0.0,0.009895737345692455,24,512
stable_types,45,route_history,7,0.98,0.98,0.0,0.0049148185289098496,24,512
stable_types,45,shuffled_history,7,0.98,0.98,0.0,0.010904489287709436,24,512
stable_types,45,oracle,7,0.98,0.98,0.0,0.0,24,512
stable_types,46,last_contact,1,0.24875000000000003,0.2,0.5362499999999999,0.0392137515030625,5,512
stable_types,46,ema,6,0.7362500000000001,0.7849999999999999,0.04874999999999985,0.04209706779318589,6,512
stable_types,46,failure_age,1,0.24875000000000003,0.2,0.5362499999999999,0.042426131534897604,5,512
stable_types,46,route_history,7,0.6875,0.98,0.09749999999999992,0.005502849572259371,7,512
stable_types,46,shuffled_history,6,0.7362500000000001,0.7849999999999999,0.04874999999999985,0.042787529900291416,6,512
stable_types,46,oracle,3,0.7849999999999999,0.98,0.0,0.0,7,512
stable_types,47,last_contact,3,0.5900000000000001,0.2,0.19499999999999984,0.032883341581187504,3,512
stable_types,47,ema,4,0.6875,0.2,0.09749999999999992,0.021637592839052748,21,512
stable_types,47,failure_age,6,0.7362500000000001,0.2,0.04874999999999985,0.0342832524662691,22,512
stable_types,47,route_history,6,0.7362500000000001,0.2,0.04874999999999985,0.01886901609557322,22,512
stable_types,47,shuffled_history,6,0.7362500000000001,0.2,0.04874999999999985,0.02992333164974512,22,512
stable_types,47,oracle,5,0.7849999999999999,0.2,0.0,0.0,12,512
stable_types,48,last_contact,3,0.54125,0.2,0.2925,0.03125135611243749,1,512
stable_types,48,ema,0,0.395,0.2,0.43875,0.039903984816676244,12,512
stable_types,48,failure_age,1,0.83375,0.395,0.0,0.024706790808403812,19,512
stable_types,48,route_history,1,0.83375,0.395,0.0,0.016266660205276298,19,512
stable_types,48,shuffled_history,1,0.83375,0.395,0.0,0.02545857226456455,19,512
stable_types,48,oracle,1,0.83375,0.395,0.0,0.0,19,512
stable_types,49,last_contact,4,0.5900000000000001,0.7849999999999999,0.09749999999999992,0.009117716581187511,4,512
stable_types,49,ema,7,0.6875,0.5900000000000001,0.0,0.015206517171991072,5,512
stable_types,49,failure_age,4,0.5900000000000001,0.7849999999999999,0.09749999999999992,0.01732336891445693,4,512
stable_types,49,route_history,6,0.6875,0.98,0.0,0.002903960101806572,8,512
stable_types,49,shuffled_history,4,0.5900000000000001,0.7849999999999999,0.09749999999999992,0.015620631639314028,4,512
stable_types,49,oracle,6,0.6875,0.98,0.0,0.0,8,512
stable_types,50,last_contact,7,0.54125,0.2,0.3900000000000001,0.04062388486243752,10,512
stable_types,50,ema,6,0.9312500000000001,0.7849999999999999,0.0,0.0339487694519149,27,512
stable_types,50,failure_age,6,0.9312500000000001,0.7849999999999999,0.0,0.011005189786807467,27,512
stable_types,50,route_history,6,0.9312500000000001,0.7849999999999999,0.0,0.006758627997708417,27,512
stable_types,50,shuffled_history,6,0.9312500000000001,0.7849999999999999,0.0,0.010154467070586704,27,512
stable_types,50,oracle,6,0.9312500000000001,0.7849999999999999,0.0,0.0,27,512
stable_types,51,last_contact,7,0.5900000000000001,0.395,0.09749999999999992,0.021661530331187506,2,512
stable_types,51,ema,3,0.6875,0.2,0.0,0.01596105868728472,12,512
stable_types,51,failure_age,1,0.63875,0.5900000000000001,0.04874999999999996,0.023991030032103313,6,512
stable_types,51,route_history,5,0.63875,0.98,0.04874999999999996,0.006358446817003696,7,512
stable_types,51,shuffled_history,1,0.63875,0.5900000000000001,0.04874999999999996,0.020821276361004303,6,512
stable_types,51,oracle,3,0.6875,0.2,0.0,0.0,12,512
stable_types,52,last_contact,7,0.4925,0.5900000000000001,0.34125,0.01656954712806251,2,512
stable_types,52,ema,0,0.83375,0.395,0.0,0.009965813762543605,13,512
stable_types,52,failure_age,0,0.83375,0.395,0.0,0.017070855346246357,13,512
stable_types,52,route_history,2,0.5900000000000001,0.7849999999999999,0.2437499999999999,0.014673686543107727,6,512
stable_types,52,shuffled_history,2,0.5900000000000001,0.7849999999999999,0.2437499999999999,0.01850216394787637,6,512
stable_types,52,oracle,0,0.83375,0.395,0.0,0.0,13,512
stable_types,53,last_contact,4,0.5900000000000001,0.2,0.09749999999999992,0.03398349197181249,1,512
stable_types,53,ema,1,0.6875,0.2,0.0,0.02953180303938612,22,512
stable_types,53,failure_age,1,0.6875,0.2,0.0,0.03206006878563987,22,512
stable_types,53,route_history,1,0.6875,0.2,0.0,0.0096453733928362,22,512
stable_types,53,shuffled_history,1,0.6875,0.2,0.0,0.034359482072373826,22,512
stable_types,53,oracle,1,0.6875,0.2,0.0,0.0,22,512
stable_types,54,last_contact,6,0.7362500000000001,0.2,0.09749999999999992,0.02456537283118751,15,512
stable_types,54,ema,6,0.7362500000000001,0.2,0.09749999999999992,0.020303062998690082,15,512
stable_types,54,failure_age,6,0.7362500000000001,0.2,0.09749999999999992,0.02200332602327781,15,512
stable_types,54,route_history,6,0.7362500000000001,0.2,0.09749999999999992,0.01573505994448689,15,512
stable_types,54,shuffled_history,6,0.7362500000000001,0.2,0.09749999999999992,0.020024383060063423,15,512
stable_types,54,oracle,1,0.83375,0.395,0.0,0.0,14,512
stable_types,55,last_contact,1,0.2,0.2,0.585,0.05211313861243748,6,512
stable_types,55,ema,7,0.7849999999999999,0.2,0.0,0.0450452952018649,22,512
stable_types,55,failure_age,7,0.7849999999999999,0.2,0.0,0.035799355923007065,22,512
stable_types,55,route_history,7,0.7849999999999999,0.2,0.0,0.013325980182453125,22,512
stable_types,55,shuffled_history,7,0.7849999999999999,0.2,0.0,0.03859501987470571,22,512
stable_types,55,oracle,7,0.7849999999999999,0.2,0.0,0.0,22,512
stable_types,56,last_contact,1,0.5900000000000001,0.2,0.04874999999999996,0.0193518284561875,14,512
stable_types,56,ema,1,0.5900000000000001,0.2,0.04874999999999996,0.021773536612463344,14,512
stable_types,56,failure_age,1,0.5900000000000001,0.2,0.04874999999999996,0.018797714195179588,14,512
stable_types,56,route_history,6,0.5900000000000001,0.7849999999999999,0.04874999999999996,0.0173873270902919,7,512
stable_types,56,shuffled_history,1,0.5900000000000001,0.2,0.04874999999999996,0.017594392839376645,14,512
stable_types,56,oracle,7,0.63875,0.395,0.0,0.0,1,512
stable_types,57,last_contact,7,0.7362500000000001,0.98,0.0,0.012665845174937518,6,512
stable_types,57,ema,0,0.4925,0.2,0.24375000000000008,0.021701515064380922,6,512
stable_types,57,failure_age,1,0.63875,0.395,0.09750000000000003,0.0188250553311351,4,512
stable_types,57,route_history,7,0.7362500000000001,0.98,0.0,0.008365858454691573,6,512
stable_types,57,shuffled_history,3,0.63875,0.395,0.09750000000000003,0.01764452094783261,4,512
stable_types,57,oracle,7,0.7362500000000001,0.98,0.0,0.0,6,512
stable_types,58,last_contact,2,0.44375000000000003,0.2,0.4875000000000001,0.0605693836905625,1,512
stable_types,58,ema,1,0.9312500000000001,0.7849999999999999,0.0,0.04343061952280939,16,512
stable_types,58,failure_age,0,0.7849999999999999,0.2,0.1462500000000002,0.03193410549493801,20,512
stable_types,58,route_history,0,0.7849999999999999,0.2,0.1462500000000002,0.019668788854461394,20,512
stable_types,58,shuffled_history,0,0.7849999999999999,0.2,0.1462500000000002,0.032068154837299544,20,512
stable_types,58,oracle,1,0.9312500000000001,0.7849999999999999,0.0,0.0,16,512
stable_types,59,last_contact,7,0.2,0.2,0.43875000000000003,0.06053139829993748,5,512
stable_types,59,ema,3,0.63875,0.2,0.0,0.02848285276720327,16,512
stable_types,59,failure_age,3,0.63875,0.2,0.0,0.04135991595794583,16,512
stable_types,59,route_history,3,0.63875,0.2,0.0,0.002933579435329229,16,512
stable_types,59,shuffled_history,3,0.63875,0.2,0.0,0.04000795661757242,16,512
stable_types,59,oracle,3,0.63875,0.2,0.0,0.0,16,512
stable_types,60,last_contact,0,0.4925,0.2,0.34125,0.028858078456187493,2,512
stable_types,60,ema,1,0.83375,0.395,0.0,0.018570228008438796,17,512
stable_types,60,failure_age,1,0.83375,0.395,0.0,0.01570778169691963,17,512
stable_types,60,route_history,1,0.83375,0.395,0.0,0.005142249801106237,17,512
stable_types,60,shuffled_history,1,0.83375,0.395,0.0,0.0118084820982401,17,512
stable_types,60,oracle,1,0.83375,0.395,0.0,0.0,17,512
stable_types,61,last_contact,1,0.83375,0.395,0.04875000000000007,0.049841422128062515,23,512
stable_types,61,ema,1,0.83375,0.395,0.04875000000000007,0.033353199654127176,23,512
stable_types,61,failure_age,1,0.83375,0.395,0.04875000000000007,0.026553205988284544,23,512
stable_types,61,route_history,1,0.83375,0.395,0.04875000000000007,0.006995644559055656,23,512
stable_types,61,shuffled_history,1,0.83375,0.395,0.04875000000000007,0.02413685684294018,23,512
stable_types,61,oracle,7,0.8825000000000001,0.5900000000000001,0.0,0.0,19,512
stable_types,62,last_contact,4,0.9312500000000001,0.7849999999999999,0.0,0.03933531267493754,26,512
stable_types,62,ema,4,0.9312500000000001,0.7849999999999999,0.0,0.018169170007406938,26,512
stable_types,62,failure_age,4,0.9312500000000001,0.7849999999999999,0.0,0.008070583576649956,26,512
stable_types,62,route_history,4,0.9312500000000001,0.7849999999999999,0.0,0.004438137973075625,26,512
stable_types,62,shuffled_history,4,0.9312500000000001,0.7849999999999999,0.0,0.00681290097945942,26,512
stable_types,62,oracle,4,0.9312500000000001,0.7849999999999999,0.0,0.0,26,512
stable_types,63,last_contact,1,0.2,0.2,0.7312500000000002,0.06922621064368752,10,512
stable_types,63,ema,6,0.9312500000000001,0.7849999999999999,0.0,0.05662542623794546,27,512
stable_types,63,failure_age,6,0.9312500000000001,0.7849999999999999,0.0,0.0286997357005774,27,512
stable_types,63,route_history,6,0.9312500000000001,0.7849999999999999,0.0,0.01433997758000612,27,512
stable_types,63,shuffled_history,6,0.9312500000000001,0.7849999999999999,0.0,0.030332088461208266,27,512
stable_types,63,oracle,6,0.9312500000000001,0.7849999999999999,0.0,0.0,27,512
stable_types,64,last_contact,0,0.5900000000000001,0.98,0.2925,0.03948574908118751,7,512
stable_types,64,ema,6,0.5900000000000001,0.2,0.2925,0.039487681319367834,18,512
stable_types,64,failure_age,5,0.8825000000000001,0.5900000000000001,0.0,0.017867235446995373,22,512
stable_types,64,route_history,5,0.8825000000000001,0.5900000000000001,0.0,0.012796945888890472,22,512
stable_types,64,shuffled_history,5,0.8825000000000001,0.5900000000000001,0.0,0.016701726761420867,22,512
stable_types,64,oracle,5,0.8825000000000001,0.5900000000000001,0.0,0.0,22,512
stable_types,65,last_contact,1,0.44375000000000003,0.2,0.3412499999999999,0.016619692596812497,2,512
stable_types,65,ema,5,0.34625,0.2,0.4387499999999999,0.034151779277822626,14,512
stable_types,65,failure_age,3,0.54125,0.2,0.2437499999999999,0.02791290235636361,17,512
stable_types,65,route_history,3,0.54125,0.2,0.2437499999999999,0.0199218900213202,17,512
stable_types,65,shuffled_history,3,0.54125,0.2,0.2437499999999999,0.025569164208728828,17,512
stable_types,65,oracle,6,0.7849999999999999,0.98,0.0,0.0,7,512
stable_types,66,last_contact,0,0.7362500000000001,0.98,0.04874999999999985,0.029996214237437493,8,512
stable_types,66,ema,5,0.54125,0.2,0.2437499999999999,0.021306572939520794,16,512
stable_types,66,failure_age,5,0.54125,0.2,0.2437499999999999,0.02940140141465633,16,512
stable_types,66,route_history,5,0.54125,0.2,0.2437499999999999,0.007753740373761329,16,512
stable_types,66,shuffled_history,5,0.54125,0.2,0.2437499999999999,0.029392680106870846,16,512
stable_types,66,oracle,6,0.7849999999999999,0.98,0.0,0.0,5,512
stable_types,67,last_contact,4,0.44375000000000003,0.2,0.29250000000000004,0.0223058164249375,1,512
stable_types,67,ema,5,0.54125,0.2,0.19500000000000006,0.030158750452659082,16,512
stable_types,67,failure_age,7,0.5900000000000001,0.2,0.14625,0.0281806857581371,17,512
stable_types,67,route_history,7,0.5900000000000001,0.2,0.14625,0.010904621645667547,17,512
stable_types,67,shuffled_history,7,0.5900000000000001,0.2,0.14625,0.026588798881460794,17,512
stable_types,67,oracle,6,0.7362500000000001,0.98,0.0,0.0,7,512
stable_types,68,last_contact,3,0.6875,0.2,0.14625,0.02419308431556251,14,512
stable_types,68,ema,3,0.6875,0.2,0.14625,0.02038312233194165,14,512
stable_types,68,failure_age,5,0.83375,0.395,0.0,0.0267421249271632,15,512
stable_types,68,route_history,0,0.7849999999999999,0.98,0.04875000000000007,0.01483088825924022,8,512
stable_types,68,shuffled_history,5,0.83375,0.395,0.0,0.0293585591589662,15,512
stable_types,68,oracle,5,0.83375,0.395,0.0,0.0,15,512
stable_types,69,last_contact,2,0.54125,0.2,0.3900000000000001,0.04157359884681251,12,512
stable_types,69,ema,2,0.54125,0.2,0.3900000000000001,0.03497091529319164,12,512
stable_types,69,failure_age,1,0.9312500000000001,0.7849999999999999,0.0,0.025870306670671965,25,512
stable_types,69,route_history,1,0.9312500000000001,0.7849999999999999,0.0,0.01223461028706196,25,512
stable_types,69,shuffled_history,1,0.9312500000000001,0.7849999999999999,0.0,0.026965266227923366,25,512
stable_types,69,oracle,1,0.9312500000000001,0.7849999999999999,0.0,0.0,25,512
stable_types,70,last_contact,4,0.63875,0.7849999999999999,0.14624999999999988,0.029146791190562495,6,512
stable_types,70,ema,6,0.395,0.2,0.3899999999999999,0.028845952786680885,14,512
stable_types,70,failure_age,5,0.7849999999999999,0.2,0.0,0.014432711642751218,21,512
stable_types,70,route_history,5,0.7849999999999999,0.2,0.0,0.009397236878920407,21,512
stable_types,70,shuffled_history,5,0.7849999999999999,0.2,0.0,0.012905881138888284,21,512
stable_types,70,oracle,5,0.7849999999999999,0.2,0.0,0.0,21,512
stable_types,71,last_contact,5,0.2975,0.2,0.5850000000000001,0.057698971503062496,7,512
stable_types,71,ema,7,0.8825000000000001,0.5900000000000001,0.0,0.0451749984366919,15,512
stable_types,71,failure_age,2,0.6875,0.2,0.19500000000000006,0.038535680819466026,19,512
stable_types,71,route_history,2,0.6875,0.2,0.19500000000000006,0.022406821432312055,19,512
stable_types,71,shuffled_history,2,0.6875,0.2,0.19500000000000006,0.037866051017417766,19,512
stable_types,71,oracle,7,0.8825000000000001,0.5900000000000001,0.0,0.0,15,512
stable_types,72,last_contact,0,0.7849999999999999,0.2,0.0,0.03602119626868749,24,512
stable_types,72,ema,0,0.7849999999999999,0.2,0.0,0.03730044701985812,24,512
stable_types,72,failure_age,0,0.7849999999999999,0.2,0.0,0.02619041921493723,24,512
stable_types,72,route_history,0,0.7849999999999999,0.2,0.0,0.009068663075940439,24,512
stable_types,72,shuffled_history,0,0.7849999999999999,0.2,0.0,0.02333009581899314,24,512
stable_types,72,oracle,0,0.7849999999999999,0.2,0.0,0.0,24,512
stable_types,73,last_contact,0,0.8825000000000001,0.5900000000000001,0.0,0.025126083143687514,21,512
stable_types,73,ema,0,0.8825000000000001,0.5900000000000001,0.0,0.011818240816862089,21,512
stable_types,73,failure_age,0,0.8825000000000001,0.5900000000000001,0.0,0.011748879867662364,21,512
stable_types,73,route_history,0,0.8825000000000001,0.5900000000000001,0.0,0.0075645599199690005,21,512
stable_types,73,shuffled_history,0,0.8825000000000001,0.5900000000000001,0.0,0.012878660883314083,21,512
stable_types,73,oracle,0,0.8825000000000001,0.5900000000000001,0.0,0.0,21,512
stable_types,74,last_contact,0,0.4925,0.5900000000000001,0.43875000000000014,0.031423062753062524,3,512
stable_types,74,ema,2,0.7362500000000001,0.2,0.19500000000000006,0.014298454128909708,23,512
stable_types,74,failure_age,2,0.7362500000000001,0.2,0.19500000000000006,0.00937605679837863,23,512
stable_types,74,route_history,2,0.7362500000000001,0.2,0.19500000000000006,0.007672281168083668,23,512
stable_types,74,shuffled_history,2,0.7362500000000001,0.2,0.19500000000000006,0.010336424878601452,23,512
stable_types,74,oracle,3,0.9312500000000001,0.7849999999999999,0.0,0.0,19,512
stable_types,75,last_contact,3,0.54125,0.395,0.34125000000000005,0.03829746783118751,4,512
stable_types,75,ema,4,0.8825000000000001,0.5900000000000001,0.0,0.017111278401040812,26,512
stable_types,75,failure_age,4,0.8825000000000001,0.5900000000000001,0.0,0.020270171733727832,26,512
stable_types,75,route_history,4,0.8825000000000001,0.5900000000000001,0.0,0.0029769983024847775,26,512
stable_types,75,shuffled_history,4,0.8825000000000001,0.5900000000000001,0.0,0.018900637495713708,26,512
stable_types,75,oracle,4,0.8825000000000001,0.5900000000000001,0.0,0.0,26,512
stable_types,76,last_contact,1,0.6875,0.2,0.2925,0.07764902540931254,12,512
stable_types,76,ema,1,0.6875,0.2,0.2925,0.04501643499372793,12,512
stable_types,76,failure_age,2,0.98,0.98,0.0,0.04176828518361979,28,512
stable_types,76,route_history,2,0.98,0.98,0.0,0.022521231496999666,28,512
stable_types,76,shuffled_history,2,0.98,0.98,0.0,0.03747046732614208,28,512
stable_types,76,oracle,2,0.98,0.98,0.0,0.0,28,512
stable_types,77,last_contact,2,0.4925,0.5900000000000001,0.4875,0.0631845134561875,2,512
stable_types,77,ema,4,0.6875,0.2,0.2925,0.036626101855397164,15,512
stable_types,77,failure_age,1,0.98,0.98,0.0,0.0380420246988756,19,512
stable_types,77,route_history,1,0.98,0.98,0.0,0.01862247788351256,19,512
stable_types,77,shuffled_history,1,0.98,0.98,0.0,0.03645526100770716,19,512
stable_types,77,oracle,1,0.98,0.98,0.0,0.0,19,512
stable_types,78,last_contact,4,0.54125,0.2,0.34125000000000005,0.0608246661124375,19,512
stable_types,78,ema,4,0.54125,0.2,0.34125000000000005,0.037063244321249654,19,512
stable_types,78,failure_age,4,0.54125,0.2,0.34125000000000005,0.032467619730592014,19,512
stable_types,78,route_history,4,0.54125,0.2,0.34125000000000005,0.021645448744823704,19,512
stable_types,78,shuffled_history,4,0.54125,0.2,0.34125000000000005,0.02998456722995462,19,512
stable_types,78,oracle,6,0.8825000000000001,0.5900000000000001,0.0,0.0,17,512
stable_types,79,last_contact,3,0.54125,0.395,0.2437499999999999,0.03349419736243749,2,512
stable_types,79,ema,4,0.7849999999999999,0.98,0.0,0.02780974987684993,5,512
stable_types,79,failure_age,7,0.5900000000000001,0.7849999999999999,0.19499999999999984,0.033110591052982585,4,512
stable_types,79,route_history,0,0.7849999999999999,0.98,0.0,0.010899707686316373,7,512
stable_types,79,shuffled_history,7,0.5900000000000001,0.7849999999999999,0.19499999999999984,0.02970364168291726,4,512
stable_types,79,oracle,4,0.7849999999999999,0.98,0.0,0.0,5,512
stable_types,80,last_contact,6,0.5900000000000001,0.98,0.34125000000000005,0.04598786564368752,4,512
stable_types,80,ema,0,0.44375000000000003,0.2,0.4875000000000001,0.026226303089010118,12,512
stable_types,80,failure_age,5,0.9312500000000001,0.7849999999999999,0.0,0.014055896641371624,25,512
stable_types,80,route_history,5,0.9312500000000001,0.7849999999999999,0.0,0.004696280338799269,25,512
stable_types,80,shuffled_history,5,0.9312500000000001,0.7849999999999999,0.0,0.011231863632631133,25,512
stable_types,80,oracle,5,0.9312500000000001,0.7849999999999999,0.0,0.0,25,512
stable_types,81,last_contact,7,0.5900000000000001,0.98,0.14625,0.0368706193155625,5,512
stable_types,81,ema,5,0.7362500000000001,0.2,0.0,0.03008540062147016,13,512
stable_types,81,failure_age,5,0.7362500000000001,0.2,0.0,0.029561750591270135,13,512
stable_types,81,route_history,2,0.5900000000000001,0.98,0.14625,0.011654710541599696,8,512
stable_types,81,shuffled_history,1,0.63875,0.7849999999999999,0.09750000000000003,0.028951690899259357,4,512
stable_types,81,oracle,5,0.7362500000000001,0.2,0.0,0.0,13,512
stable_types,82,last_contact,6,0.6875,0.7849999999999999,0.0,0.03159021431556249,5,512
stable_types,82,ema,1,0.54125,0.2,0.14625,0.0430498065534361,19,512
stable_types,82,failure_age,1,0.54125,0.2,0.14625,0.032579756120490085,19,512
stable_types,82,route_history,1,0.54125,0.2,0.14625,0.011851892544681648,19,512
stable_types,82,shuffled_history,1,0.54125,0.2,0.14625,0.031581105373805055,19,512
stable_types,82,oracle,6,0.6875,0.7849999999999999,0.0,0.0,5,512
stable_types,83,last_contact,5,0.54125,0.2,0.14625,0.03636005447181249,2,512
stable_types,83,ema,1,0.2,0.2,0.4875,0.02034983985389851,7,512
stable_types,83,failure_age,3,0.63875,0.5900000000000001,0.04874999999999996,0.0261942618340351,4,512
stable_types,83,route_history,7,0.6875,0.5900000000000001,0.0,0.005198071268231151,6,512
stable_types,83,shuffled_history,7,0.6875,0.5900000000000001,0.0,0.024149589612505396,6,512
stable_types,83,oracle,7,0.6875,0.5900000000000001,0.0,0.0,6,512
stable_types,84,last_contact,5,0.6875,0.98,0.2925,0.09515110111243752,4,512
stable_types,84,ema,3,0.98,0.98,0.0,0.04369043972708955,17,512
stable_types,84,failure_age,7,0.98,0.98,0.0,0.04653637121351019,18,512
stable_types,84,route_history,7,0.98,0.98,0.0,0.04215392997644235,18,512
stable_types,84,shuffled_history,7,0.98,0.98,0.0,0.042198711866020505,18,512
stable_types,84,oracle,3,0.98,0.98,0.0,0.0,17,512
stable_types,85,last_contact,5,0.54125,0.7849999999999999,0.2437499999999999,0.024360235878062495,3,512
stable_types,85,ema,3,0.4925,0.2,0.2924999999999999,0.02764126221534559,16,512
stable_types,85,failure_age,3,0.4925,0.2,0.2924999999999999,0.029450282738263698,16,512
stable_types,85,route_history,3,0.4925,0.2,0.2924999999999999,0.009317852424090856,16,512
stable_types,85,shuffled_history,3,0.4925,0.2,0.2924999999999999,0.03037047630832026,16,512
stable_types,85,oracle,1,0.7849999999999999,0.98,0.0,0.0,6,512
stable_types,86,last_contact,7,0.5900000000000001,0.2,0.04874999999999996,0.02536009533118749,4,512
stable_types,86,ema,2,0.2975,0.2,0.34125000000000005,0.036666820303771726,11,512
stable_types,86,failure_age,7,0.5900000000000001,0.2,0.04874999999999996,0.02449468862917966,4,512
stable_types,86,route_history,7,0.5900000000000001,0.2,0.04874999999999996,0.01314511299619146,4,512
stable_types,86,shuffled_history,7,0.5900000000000001,0.2,0.04874999999999996,0.020886543772062352,4,512
stable_types,86,oracle,5,0.63875,0.2,0.0,0.0,10,512
stable_types,87,last_contact,2,0.2,0.2,0.4875,0.03780361814368749,5,512
stable_types,87,ema,4,0.6875,0.2,0.0,0.021322830040989862,15,512
stable_types,87,failure_age,4,0.6875,0.2,0.0,0.02859251168272409,15,512
stable_types,87,route_history,4,0.6875,0.2,0.0,0.004973530856413941,15,512
stable_types,87,shuffled_history,4,0.6875,0.2,0.0,0.02879342320917358,15,512
stable_types,87,oracle,4,0.6875,0.2,0.0,0.0,15,512
stable_types,88,last_contact,1,0.6875,0.7849999999999999,0.14625,0.07056492829993749,6,512
stable_types,88,ema,5,0.83375,0.395,0.0,0.051922535896119656,23,512
stable_types,88,failure_age,5,0.83375,0.395,0.0,0.02369464395919379,23,512
stable_types,88,route_history,5,0.83375,0.395,0.0,0.014968366667648003,23,512
stable_types,88,shuffled_history,5,0.83375,0.395,0.0,0.02425124936349603,23,512
stable_types,88,oracle,5,0.83375,0.395,0.0,0.0,23,512
stable_types,89,last_contact,1,0.4925,0.2,0.195,0.019029685409312498,2,512
stable_types,89,ema,0,0.24875000000000003,0.2,0.43875,0.03331923002421418,12,512
stable_types,89,failure_age,3,0.5900000000000001,0.2,0.09749999999999992,0.017594715732609987,4,512
stable_types,89,route_history,6,0.6875,0.98,0.0,0.010691404255329637,8,512
stable_types,89,shuffled_history,5,0.63875,0.5900000000000001,0.04874999999999996,0.019377183771873634,6,512
stable_types,89,oracle,6,0.6875,0.98,0.0,0.0,8,512
stable_types,90,last_contact,2,0.44375000000000003,0.2,0.43875000000000003,0.033561057987437505,1,512
stable_types,90,ema,3,0.8825000000000001,0.5900000000000001,0.0,0.011533332676795198,19,512
stable_types,90,failure_age,3,0.8825000000000001,0.5900000000000001,0.0,0.015662956433505598,19,512
stable_types,90,route_history,3,0.8825000000000001,0.5900000000000001,0.0,0.005358551980232993,19,512
stable_types,90,shuffled_history,3,0.8825000000000001,0.5900000000000001,0.0,0.01489296892518434,19,512
stable_types,90,oracle,3,0.8825000000000001,0.5900000000000001,0.0,0.0,19,512
stable_types,91,last_contact,4,0.5900000000000001,0.98,0.04874999999999996,0.019063115721812497,5,512
stable_types,91,ema,2,0.4925,0.2,0.14625000000000005,0.027355262993675543,16,512
stable_types,91,failure_age,2,0.4925,0.2,0.14625000000000005,0.027140079234606537,16,512
stable_types,91,route_history,2,0.4925,0.2,0.14625000000000005,0.009263795305100866,16,512
stable_types,91,shuffled_history,2,0.4925,0.2,0.14625000000000005,0.029139870621582145,16,512
stable_types,91,oracle,5,0.63875,0.98,0.0,0.0,8,512
stable_types,92,last_contact,1,0.63875,0.395,0.14624999999999988,0.0275862214249375,3,512
stable_types,92,ema,5,0.7849999999999999,0.98,0.0,0.026782070134836456,4,512
stable_types,92,failure_age,5,0.7849999999999999,0.98,0.0,0.033019940396452,4,512
stable_types,92,route_history,7,0.6875,0.98,0.09749999999999992,0.007713921624121418,8,512
stable_types,92,shuffled_history,5,0.7849999999999999,0.98,0.0,0.03284866391114054,4,512
stable_types,92,oracle,5,0.7849999999999999,0.98,0.0,0.0,4,512
stable_types,93,last_contact,6,0.6875,0.2,0.04875000000000007,0.0526738489249375,10,512
stable_types,93,ema,7,0.4925,0.2,0.24375000000000008,0.03422977988623307,12,512
stable_types,93,failure_age,3,0.7362500000000001,0.2,0.0,0.04017628520612268,23,512
stable_types,93,route_history,3,0.7362500000000001,0.2,0.0,0.02365958855403321,23,512
stable_types,93,shuffled_history,3,0.7362500000000001,0.2,0.0,0.04103913999350688,23,512
stable_types,93,oracle,0,0.7362500000000001,0.2,0.0,0.0,12,512
stable_types,94,last_contact,6,0.395,0.2,0.34125000000000005,0.025887375331187498,4,512
stable_types,94,ema,5,0.7362500000000001,0.2,0.0,0.012442051420602247,18,512
stable_types,94,failure_age,5,0.7362500000000001,0.2,0.0,0.01621956949644364,18,512
stable_types,94,route_history,5,0.7362500000000001,0.2,0.0,0.005242483485245247,18,512
stable_types,94,shuffled_history,5,0.7362500000000001,0.2,0.0,0.014977089025972761,18,512
stable_types,94,oracle,5,0.7362500000000001,0.2,0.0,0.0,18,512
stable_types,95,last_contact,7,0.54125,0.2,0.43875,0.052234699784312506,1,512
stable_types,95,ema,5,0.63875,0.2,0.34124999999999994,0.04066718139460598,19,512
stable_types,95,failure_age,1,0.98,0.98,0.0,0.033470518289291595,22,512
stable_types,95,route_history,1,0.98,0.98,0.0,0.007071417087298934,22,512
stable_types,95,shuffled_history,1,0.98,0.98,0.0,0.035745005235657296,22,512
stable_types,95,oracle,1,0.98,0.98,0.0,0.0,22,512
stable_types,96,last_contact,7,0.5900000000000001,0.7849999999999999,0.2925,0.03588747501868751,7,512
stable_types,96,ema,1,0.63875,0.2,0.24375000000000002,0.04460272465340853,19,512
stable_types,96,failure_age,0,0.8825000000000001,0.5900000000000001,0.0,0.0195023593260152,22,512
stable_types,96,route_history,0,0.8825000000000001,0.5900000000000001,0.0,0.013640531384689542,22,512
stable_types,96,shuffled_history,0,0.8825000000000001,0.5900000000000001,0.0,0.01828160789402482,22,512
stable_types,96,oracle,0,0.8825000000000001,0.5900000000000001,0.0,0.0,22,512
stable_types,97,last_contact,0,0.4925,0.395,0.14625000000000005,0.016991981112437497,4,512
stable_types,97,ema,0,0.4925,0.395,0.14625000000000005,0.016486258109773836,4,512
stable_types,97,failure_age,0,0.4925,0.395,0.14625000000000005,0.016425009455099053,4,512
stable_types,97,route_history,2,0.63875,0.7849999999999999,0.0,0.007300662761492239,7,512
stable_types,97,shuffled_history,1,0.54125,0.5900000000000001,0.09750000000000003,0.015045902978373108,4,512
stable_types,97,oracle,2,0.63875,0.7849999999999999,0.0,0.0,7,512
stable_types,98,last_contact,4,0.54125,0.2,0.04875000000000007,0.0042096000968124955,17,512
stable_types,98,ema,4,0.54125,0.2,0.04875000000000007,0.015451490536843315,17,512
stable_types,98,failure_age,4,0.54125,0.2,0.04875000000000007,0.01600269704918468,17,512
stable_types,98,route_history,4,0.54125,0.2,0.04875000000000007,0.016298730316886764,17,512
stable_types,98,shuffled_history,4,0.54125,0.2,0.04875000000000007,0.014679241439687206,17,512
stable_types,98,oracle,7,0.5900000000000001,0.2,0.0,0.0,3,512
stable_types,99,last_contact,5,0.63875,0.7849999999999999,0.0,0.03306720829993749,3,512
stable_types,99,ema,7,0.5900000000000001,0.2,0.04874999999999996,0.049540393683022155,20,512
stable_types,99,failure_age,7,0.5900000000000001,0.2,0.04874999999999996,0.02649257289202131,20,512
stable_types,99,route_history,7,0.5900000000000001,0.2,0.04874999999999996,0.022422201167851284,20,512
stable_types,99,shuffled_history,7,0.5900000000000001,0.2,0.04874999999999996,0.025590479880575057,20,512
stable_types,99,oracle,5,0.63875,0.7849999999999999,0.0,0.0,3,512
stable_types,100,last_contact,0,0.2,0.2,0.7312500000000002,0.03561547744056251,4,512
stable_types,100,ema,7,0.5900000000000001,0.2,0.34125000000000005,0.020407936269170944,12,512
stable_types,100,failure_age,2,0.9312500000000001,0.7849999999999999,0.0,0.01740949078447334,27,512
stable_types,100,route_history,2,0.9312500000000001,0.7849999999999999,0.0,0.006241139061295147,27,512
stable_types,100,shuffled_history,2,0.9312500000000001,0.7849999999999999,0.0,0.014519925433401257,27,512
stable_types,100,oracle,2,0.9312500000000001,0.7849999999999999,0.0,0.0,27,512
stable_types,101,last_contact,6,0.5900000000000001,0.7849999999999999,0.09749999999999992,0.0208288224405625,7,512
stable_types,101,ema,4,0.6875,0.2,0.0,0.022198116787245342,17,512
stable_types,101,failure_age,4,0.6875,0.2,0.0,0.022761830765097746,17,512
stable_types,101,route_history,4,0.6875,0.2,0.0,0.012161373520718164,17,512
stable_types,101,shuffled_history,4,0.6875,0.2,0.0,0.019762772265767156,17,512
stable_types,101,oracle,4,0.6875,0.2,0.0,0.0,17,512
stable_types,102,last_contact,7,0.4925,0.2,0.39000000000000007,0.04113444970618753,7,512
stable_types,102,ema,1,0.83375,0.395,0.04875000000000007,0.031226764606838653,17,512
stable_types,102,failure_age,2,0.8825000000000001,0.5900000000000001,0.0,0.02051036399362966,23,512
stable_types,102,route_history,2,0.8825000000000001,0.5900000000000001,0.0,0.014578382955837757,23,512
stable_types,102,shuffled_history,2,0.8825000000000001,0.5900000000000001,0.0,0.018673543291900636,23,512
stable_types,102,oracle,2,0.8825000000000001,0.5900000000000001,0.0,0.0,23,512
stable_types,103,last_contact,3,0.4925,0.2,0.43875000000000014,0.05695439447181252,1,512
stable_types,103,ema,1,0.7849999999999999,0.2,0.1462500000000002,0.016007820153313937,14,512
stable_types,103,failure_age,5,0.8825000000000001,0.5900000000000001,0.04875000000000007,0.02831452953860434,17,512
stable_types,103,route_history,5,0.8825000000000001,0.5900000000000001,0.04875000000000007,0.0236392381412154,17,512
stable_types,103,shuffled_history,5,0.8825000000000001,0.5900000000000001,0.04875000000000007,0.028536793579713504,17,512
stable_types,103,oracle,2,0.9312500000000001,0.7849999999999999,0.0,0.0,15,512
stable_types,104,last_contact,5,0.5900000000000001,0.2,0.14625,0.025259804393687503,4,512
stable_types,104,ema,3,0.5900000000000001,0.98,0.14625,0.02339855818396636,4,512
stable_types,104,failure_age,5,0.5900000000000001,0.2,0.14625,0.018474713379799865,4,512
stable_types,104,route_history,4,0.7362500000000001,0.98,0.0,0.01243192545765127,8,512
stable_types,104,shuffled_history,5,0.5900000000000001,0.2,0.14625,0.019270614594780952,4,512
stable_types,104,oracle,4,0.7362500000000001,0.98,0.0,0.0,8,512
stable_types,105,last_contact,4,0.9312500000000001,0.7849999999999999,0.0,0.03531004954993752,23,512
stable_types,105,ema,4,0.9312500000000001,0.7849999999999999,0.0,0.024962886873995668,23,512
stable_types,105,failure_age,4,0.9312500000000001,0.7849999999999999,0.0,0.026015146242303253,23,512
stable_types,105,route_history,4,0.9312500000000001,0.7849999999999999,0.0,0.014594893476238865,23,512
stable_types,105,shuffled_history,4,0.9312500000000001,0.7849999999999999,0.0,0.028428431516742403,23,512
stable_types,105,oracle,4,0.9312500000000001,0.7849999999999999,0.0,0.0,23,512
stable_types,106,last_contact,2,0.5900000000000001,0.395,0.04874999999999996,0.04620516267493748,3,512
stable_types,106,ema,6,0.2,0.2,0.43875000000000003,0.037327766860148257,7,512
stable_types,106,failure_age,5,0.4925,0.395,0.14625000000000005,0.04093684288481175,4,512
stable_types,106,route_history,5,0.4925,0.395,0.14625000000000005,0.016970171037346077,4,512
stable_types,106,shuffled_history,6,0.2,0.2,0.43875000000000003,0.03988178917223112,7,512
stable_types,106,oracle,0,0.63875,0.2,0.0,0.0,10,512
stable_types,107,last_contact,6,0.7362500000000001,0.98,0.0,0.015347835565562518,6,512
stable_types,107,ema,2,0.63875,0.7849999999999999,0.09750000000000003,0.022705519058401666,6,512
stable_types,107,failure_age,1,0.44375000000000003,0.2,0.29250000000000004,0.02322350852149252,5,512
stable_types,107,route_history,0,0.5900000000000001,0.98,0.14625,0.010688797935271449,7,512
stable_types,107,shuffled_history,6,0.7362500000000001,0.98,0.0,0.022775675314851047,6,512
stable_types,107,oracle,6,0.7362500000000001,0.98,0.0,0.0,6,512
stable_types,108,last_contact,6,0.2975,0.2,0.2925000000000001,0.056389129081187477,11,512
stable_types,108,ema,6,0.2975,0.2,0.2925000000000001,0.05929147821298286,11,512
stable_types,108,failure_age,3,0.34625,0.2,0.24375000000000008,0.03605675941366435,5,512
stable_types,108,route_history,1,0.5900000000000001,0.7849999999999999,0.0,0.008482386129136413,6,512
stable_types,108,shuffled_history,0,0.2,0.2,0.39000000000000007,0.03937911097014966,6,512
stable_types,108,oracle,1,0.5900000000000001,0.7849999999999999,0.0,0.0,6,512
stable_types,109,last_contact,7,0.7849999999999999,0.2,0.19500000000000006,0.051540268221812506,23,512
stable_types,109,ema,7,0.7849999999999999,0.2,0.19500000000000006,0.024112975851691944,23,512
stable_types,109,failure_age,3,0.98,0.98,0.0,0.01028082319338722,26,512
stable_types,109,route_history,3,0.98,0.98,0.0,0.00440087865689431,26,512
stable_types,109,shuffled_history,3,0.98,0.98,0.0,0.009584086717506513,26,512
stable_types,109,oracle,3,0.98,0.98,0.0,0.0,26,512
stable_types,110,last_contact,2,0.54125,0.2,0.34125000000000005,0.0466655820499375,14,512
stable_types,110,ema,2,0.54125,0.2,0.34125000000000005,0.05461402553355868,14,512
stable_types,110,failure_age,0,0.8825000000000001,0.5900000000000001,0.0,0.033711285614788984,16,512
stable_types,110,route_history,0,0.8825000000000001,0.5900000000000001,0.0,0.02059535419938318,16,512
stable_types,110,shuffled_history,0,0.8825000000000001,0.5900000000000001,0.0,0.03333115982387345,16,512
stable_types,110,oracle,0,0.8825000000000001,0.5900000000000001,0.0,0.0,16,512
stable_types,111,last_contact,3,0.4925,0.2,0.14625000000000005,0.019368543612437495,10,512
stable_types,111,ema,6,0.5900000000000001,0.98,0.04874999999999996,0.022978153116444966,6,512
stable_types,111,failure_age,6,0.5900000000000001,0.98,0.04874999999999996,0.015500408889873023,6,512
stable_types,111,route_history,6,0.5900000000000001,0.98,0.04874999999999996,0.011012615531675443,6,512
stable_types,111,shuffled_history,2,0.44375000000000003,0.2,0.195,0.018229900640847074,3,512
stable_types,111,oracle,4,0.63875,0.395,0.0,0.0,1,512
stable_types,112,last_contact,1,0.4925,0.5900000000000001,0.34125,0.019201392049937514,6,512
stable_types,112,ema,6,0.83375,0.395,0.0,0.014492164579015386,16,512
stable_types,112,failure_age,6,0.83375,0.395,0.0,0.017742051243583155,16,512
stable_types,112,route_history,6,0.83375,0.395,0.0,0.007762814420358037,16,512
stable_types,112,shuffled_history,6,0.83375,0.395,0.0,0.01833260387694417,16,512
stable_types,112,oracle,6,0.83375,0.395,0.0,0.0,16,512
stable_types,113,last_contact,4,0.63875,0.2,0.34124999999999994,0.04875343181556249,14,512
stable_types,113,ema,4,0.63875,0.2,0.34124999999999994,0.030037152452379045,14,512
stable_types,113,failure_age,6,0.98,0.98,0.0,0.02301094459746175,25,512
stable_types,113,route_history,6,0.98,0.98,0.0,0.008111552427028773,25,512
stable_types,113,shuffled_history,6,0.98,0.98,0.0,0.02290337685654417,25,512
stable_types,113,oracle,6,0.98,0.98,0.0,0.0,25,512
stable_types,114,last_contact,2,0.5900000000000001,0.7849999999999999,0.2437499999999999,0.0484981493936875,7,512
stable_types,114,ema,6,0.83375,0.395,0.0,0.021114656636985217,15,512
stable_types,114,failure_age,6,0.83375,0.395,0.0,0.030389553909756117,15,512
stable_types,114,route_history,6,0.83375,0.395,0.0,0.005421472708344155,15,512
stable_types,114,shuffled_history,6,0.83375,0.395,0.0,0.030740372922261665,15,512
stable_types,114,oracle,6,0.83375,0.395,0.0,0.0,15,512
stable_types,115,last_contact,7,0.7362500000000001,0.2,0.04874999999999985,0.013310131268687506,20,512
stable_types,115,ema,7,0.7362500000000001,0.2,0.04874999999999985,0.020957948714062497,20,512
stable_types,115,failure_age,7,0.7362500000000001,0.2,0.04874999999999985,0.015138064086254824,20,512
stable_types,115,route_history,7,0.7362500000000001,0.2,0.04874999999999985,0.010389035659555547,20,512
stable_types,115,shuffled_history,7,0.7362500000000001,0.2,0.04874999999999985,0.015596067987422338,20,512
stable_types,115,oracle,2,0.7849999999999999,0.98,0.0,0.0,4,512
stable_types,116,last_contact,7,0.7362500000000001,0.98,0.0,0.022611244315562502,6,512
stable_types,116,ema,7,0.7362500000000001,0.98,0.0,0.01929139383082382,6,512
stable_types,116,failure_age,3,0.5900000000000001,0.2,0.14625,0.018470421084923465,4,512
stable_types,116,route_history,7,0.7362500000000001,0.98,0.0,0.004456742079808208,6,512
stable_types,116,shuffled_history,3,0.5900000000000001,0.2,0.14625,0.015658276943946975,4,512
stable_types,116,oracle,7,0.7362500000000001,0.98,0.0,0.0,6,512
stable_types,117,last_contact,7,0.2,0.2,0.6825000000000001,0.07014249431556249,5,512
stable_types,117,ema,0,0.24875000000000003,0.2,0.63375,0.07129543750888823,13,512
stable_types,117,failure_age,6,0.83375,0.395,0.04875000000000007,0.0540903566554654,20,512
stable_types,117,route_history,6,0.83375,0.395,0.04875000000000007,0.027056635978603694,20,512
stable_types,117,shuffled_history,6,0.83375,0.395,0.04875000000000007,0.054907941208342824,20,512
stable_types,117,oracle,4,0.8825000000000001,0.5900000000000001,0.0,0.0,16,512
stable_types,118,last_contact,7,0.63875,0.7849999999999999,0.14624999999999988,0.03240620704993749,6,512
stable_types,118,ema,0,0.7849999999999999,0.2,0.0,0.04478843880388546,23,512
stable_types,118,failure_age,0,0.7849999999999999,0.2,0.0,0.020695500010272885,23,512
stable_types,118,route_history,0,0.7849999999999999,0.2,0.0,0.0149838864756082,23,512
stable_types,118,shuffled_history,0,0.7849999999999999,0.2,0.0,0.021306707504507787,23,512
stable_types,118,oracle,0,0.7849999999999999,0.2,0.0,0.0,23,512
stable_types,119,last_contact,0,0.8825000000000001,0.5900000000000001,0.0,0.0657115123624375,23,512
stable_types,119,ema,0,0.8825000000000001,0.5900000000000001,0.0,0.04419458334327912,23,512
stable_types,119,failure_age,0,0.8825000000000001,0.5900000000000001,0.0,0.03698317738250553,23,512
stable_types,119,route_history,0,0.8825000000000001,0.5900000000000001,0.0,0.008417602319401758,23,512
stable_types,119,shuffled_history,0,0.8825000000000001,0.5900000000000001,0.0,0.03924685969590312,23,512
stable_types,119,oracle,0,0.8825000000000001,0.5900000000000001,0.0,0.0,23,512
stable_types,120,last_contact,5,0.4925,0.395,0.39000000000000007,0.0523851361905625,3,512
stable_types,120,ema,4,0.8825000000000001,0.5900000000000001,0.0,0.05313384938286596,16,512
stable_types,120,failure_age,4,0.8825000000000001,0.5900000000000001,0.0,0.04010617594277628,16,512
stable_types,120,route_history,4,0.8825000000000001,0.5900000000000001,0.0,0.01892012405391052,16,512
stable_types,120,shuffled_history,4,0.8825000000000001,0.5900000000000001,0.0,0.03792701804895192,16,512
stable_types,120,oracle,4,0.8825000000000001,0.5900000000000001,0.0,0.0,16,512
stable_types,121,last_contact,2,0.7362500000000001,0.2,0.2437499999999999,0.040573739393687504,21,512
stable_types,121,ema,2,0.7362500000000001,0.2,0.2437499999999999,0.015759950212206907,21,512
stable_types,121,failure_age,0,0.98,0.98,0.0,0.006150821315488855,28,512
stable_types,121,route_history,0,0.98,0.98,0.0,0.004854928993390956,28,512
stable_types,121,shuffled_history,0,0.98,0.98,0.0,0.005050490627780792,28,512
stable_types,121,oracle,0,0.98,0.98,0.0,0.0,28,512
stable_types,122,last_contact,5,0.6875,0.5900000000000001,0.2925,0.07578302775306252,3,512
stable_types,122,ema,7,0.98,0.98,0.0,0.033486838803602245,28,512
stable_types,122,failure_age,2,0.8825000000000001,0.5900000000000001,0.09749999999999992,0.012833685062200248,25,512
stable_types,122,route_history,7,0.98,0.98,0.0,0.01495639802144796,28,512
stable_types,122,shuffled_history,2,0.8825000000000001,0.5900000000000001,0.09749999999999992,0.01248516870760492,25,512
stable_types,122,oracle,7,0.98,0.98,0.0,0.0,28,512
stable_types,123,last_contact,4,0.6875,0.2,0.04875000000000007,0.05270727923743748,22,512
stable_types,123,ema,4,0.6875,0.2,0.04875000000000007,0.036004743532449514,22,512
stable_types,123,failure_age,4,0.6875,0.2,0.04875000000000007,0.04440959396479863,22,512
stable_types,123,route_history,4,0.6875,0.2,0.04875000000000007,0.011993454894169189,22,512
stable_types,123,shuffled_history,4,0.6875,0.2,0.04875000000000007,0.04249537002096314,22,512
stable_types,123,oracle,5,0.7362500000000001,0.98,0.0,0.0,5,512
stable_types,124,last_contact,0,0.63875,0.5900000000000001,0.2925000000000001,0.023393806737437524,2,512
stable_types,124,ema,4,0.4925,0.2,0.43875000000000014,0.023123058966796117,13,512
stable_types,124,failure_age,7,0.9312500000000001,0.7849999999999999,0.0,0.012504100942102934,20,512
stable_types,124,route_history,7,0.9312500000000001,0.7849999999999999,0.0,0.008781657548986658,20,512
stable_types,124,shuffled_history,7,0.9312500000000001,0.7849999999999999,0.0,0.011504852000885602,20,512
stable_types,124,oracle,7,0.9312500000000001,0.7849999999999999,0.0,0.0,20,512
stable_types,125,last_contact,0,0.54125,0.2,0.14625,0.0324563525186875,1,512
stable_types,125,ema,5,0.6875,0.2,0.0,0.03259400212418496,13,512
stable_types,125,failure_age,5,0.6875,0.2,0.0,0.03326413925896602,13,512
stable_types,125,route_history,3,0.5900000000000001,0.98,0.09749999999999992,0.005619023231800321,6,512
stable_types,125,shuffled_history,7,0.2,0.2,0.4875,0.03344164807775825,5,512
stable_types,125,oracle,5,0.6875,0.2,0.0,0.0,13,512
stable_types,126,last_contact,4,0.44375000000000003,0.2,0.43875000000000003,0.0478705784561875,4,512
stable_types,126,ema,5,0.8825000000000001,0.5900000000000001,0.0,0.02883597114313824,25,512
stable_types,126,failure_age,5,0.8825000000000001,0.5900000000000001,0.0,0.019456051649095238,25,512
stable_types,126,route_history,5,0.8825000000000001,0.5900000000000001,0.0,0.007745840004712361,25,512
stable_types,126,shuffled_history,5,0.8825000000000001,0.5900000000000001,0.0,0.020097667014801444,25,512
stable_types,126,oracle,5,0.8825000000000001,0.5900000000000001,0.0,0.0,25,512
stable_types,127,last_contact,3,0.7849999999999999,0.2,0.0,0.012121850018687503,23,512
stable_types,127,ema,3,0.7849999999999999,0.2,0.0,0.008941027788576805,23,512
stable_types,127,failure_age,3,0.7849999999999999,0.2,0.0,0.00884750695455997,23,512
stable_types,127,route_history,3,0.7849999999999999,0.2,0.0,0.006086698844688422,23,512
stable_types,127,shuffled_history,3,0.7849999999999999,0.2,0.0,0.009071176251784729,23,512
stable_types,127,oracle,3,0.7849999999999999,0.2,0.0,0.0,23,512
stable_types,128,last_contact,1,0.54125,0.2,0.19500000000000006,0.05391227564368749,9,512
stable_types,128,ema,5,0.7362500000000001,0.2,0.0,0.04350638621454829,22,512
stable_types,128,failure_age,5,0.7362500000000001,0.2,0.0,0.03444895444205317,22,512
stable_types,128,route_history,5,0.7362500000000001,0.2,0.0,0.0141375562973697,22,512
stable_types,128,shuffled_history,5,0.7362500000000001,0.2,0.0,0.03500380567304762,22,512
stable_types,128,oracle,5,0.7362500000000001,0.2,0.0,0.0,22,512
stable_types,129,last_contact,2,0.5900000000000001,0.5900000000000001,0.19499999999999984,0.03751490540931249,2,512
stable_types,129,ema,7,0.7849999999999999,0.2,0.0,0.03966692362877752,13,512
stable_types,129,failure_age,7,0.7849999999999999,0.2,0.0,0.028495997948561218,13,512
stable_types,129,route_history,6,0.5900000000000001,0.98,0.19499999999999984,0.013950138235141707,5,512
stable_types,129,shuffled_history,7,0.7849999999999999,0.2,0.0,0.026790773978949668,13,512
stable_types,129,oracle,7,0.7849999999999999,0.2,0.0,0.0,13,512
stable_types,130,last_contact,3,0.5900000000000001,0.98,0.34125000000000005,0.036515045956187514,4,512
stable_types,130,ema,4,0.9312500000000001,0.7849999999999999,0.0,0.03618906200711125,19,512
stable_types,130,failure_age,4,0.9312500000000001,0.7849999999999999,0.0,0.02328080732275293,19,512
stable_types,130,route_history,4,0.9312500000000001,0.7849999999999999,0.0,0.009225316186269802,19,512
stable_types,130,shuffled_history,4,0.9312500000000001,0.7849999999999999,0.0,0.02335426039578144,19,512
stable_types,130,oracle,4,0.9312500000000001,0.7849999999999999,0.0,0.0,19,512
stable_types,131,last_contact,5,0.395,0.2,0.3899999999999999,0.0231552394718125,7,512
stable_types,131,ema,7,0.7849999999999999,0.2,0.0,0.017514650838270564,18,512
stable_types,131,failure_age,7,0.7849999999999999,0.2,0.0,0.01659411196113737,18,512
stable_types,131,route_history,7,0.7849999999999999,0.2,0.0,0.005571310051627365,18,512
stable_types,131,shuffled_history,7,0.7849999999999999,0.2,0.0,0.01477025586389806,18,512
stable_types,131,oracle,7,0.7849999999999999,0.2,0.0,0.0,18,512
stable_types,132,last_contact,6,0.44375000000000003,0.2,0.43875000000000003,0.04092931275306252,3,512
stable_types,132,ema,4,0.7362500000000001,0.2,0.14625,0.028905703438681152,19,512
stable_types,132,failure_age,4,0.7362500000000001,0.2,0.14625,0.036597865675180793,19,512
stable_types,132,route_history,4,0.7362500000000001,0.2,0.14625,0.017371571102107082,19,512
stable_types,132,shuffled_history,4,0.7362500000000001,0.2,0.14625,0.03476436290631199,19,512
stable_types,132,oracle,5,0.8825000000000001,0.5900000000000001,0.0,0.0,14,512
stable_types,133,last_contact,1,0.9312500000000001,0.7849999999999999,0.0,0.05196270220618751,19,512
stable_types,133,ema,1,0.9312500000000001,0.7849999999999999,0.0,0.03566571044393459,19,512
stable_types,133,failure_age,6,0.6875,0.2,0.24375000000000013,0.031250238003840296,21,512
stable_types,133,route_history,6,0.6875,0.2,0.24375000000000013,0.02574055984542338,21,512
stable_types,133,shuffled_history,6,0.6875,0.2,0.24375000000000013,0.031018715705235355,21,512
stable_types,133,oracle,1,0.9312500000000001,0.7849999999999999,0.0,0.0,19,512
stable_types,134,last_contact,1,0.2,0.2,0.5362500000000001,0.02936864329993751,3,512
stable_types,134,ema,0,0.7362500000000001,0.2,0.0,0.022593034073070492,14,512
stable_types,134,failure_age,0,0.7362500000000001,0.2,0.0,0.02643006282743529,14,512
stable_types,134,route_history,5,0.7362500000000001,0.98,0.0,0.006975778523041579,7,512
stable_types,134,shuffled_history,0,0.7362500000000001,0.2,0.0,0.023924060372304698,14,512
stable_types,134,oracle,0,0.7362500000000001,0.2,0.0,0.0,14,512
stable_types,135,last_contact,1,0.5900000000000001,0.2,0.2437499999999999,0.0444440110343125,1,512
stable_types,135,ema,0,0.83375,0.395,0.0,0.02290923868744322,13,512
stable_types,135,failure_age,5,0.7849999999999999,0.2,0.04875000000000007,0.03953343031954887,16,512
stable_types,135,route_history,5,0.7849999999999999,0.2,0.04875000000000007,0.02112621261416435,16,512
stable_types,135,shuffled_history,5,0.7849999999999999,0.2,0.04875000000000007,0.037769289430097164,16,512
stable_types,135,oracle,0,0.83375,0.395,0.0,0.0,13,512
stable_types,136,last_contact,4,0.44375000000000003,0.2,0.3412499999999999,0.04676587298743748,2,512
stable_types,136,ema,3,0.7849999999999999,0.2,0.0,0.0129489673493277,21,512
stable_types,136,failure_age,3,0.7849999999999999,0.2,0.0,0.026515067134912078,21,512
stable_types,136,route_history,3,0.7849999999999999,0.2,0.0,0.0071671482326407,21,512
stable_types,136,shuffled_history,3,0.7849999999999999,0.2,0.0,0.02990128981135333,21,512
stable_types,136,oracle,3,0.7849999999999999,0.2,0.0,0.0,21,512
stable_types,137,last_contact,2,0.63875,0.5900000000000001,0.04874999999999996,0.021711675799937498,3,512
stable_types,137,ema,0,0.395,0.2,0.2925,0.028633135887616235,15,512
stable_types,137,failure_age,0,0.395,0.2,0.2925,0.027828170118900864,15,512
stable_types,137,route_history,0,0.395,0.2,0.2925,0.010169790290034748,15,512
stable_types,137,shuffled_history,0,0.395,0.2,0.2925,0.02506198253672568,15,512
stable_types,137,oracle,7,0.6875,0.98,0.0,0.0,6,512
stable_types,138,last_contact,1,0.5900000000000001,0.395,0.04874999999999996,0.03274506525306249,2,512
stable_types,138,ema,7,0.63875,0.2,0.0,0.020229107669494966,18,512
stable_types,138,failure_age,7,0.63875,0.2,0.0,0.0288936125515716,18,512
stable_types,138,route_history,7,0.63875,0.2,0.0,0.005419959220028991,18,512
stable_types,138,shuffled_history,7,0.63875,0.2,0.0,0.029550596341186786,18,512
stable_types,138,oracle,7,0.63875,0.2,0.0,0.0,18,512
stable_types,139,last_contact,2,0.34625,0.2,0.63375,0.04357787283118751,15,512
stable_types,139,ema,2,0.34625,0.2,0.63375,0.03824262424438231,15,512
stable_types,139,failure_age,5,0.98,0.98,0.0,0.026801311349488134,22,512
stable_types,139,route_history,5,0.98,0.98,0.0,0.016342710867035287,22,512
stable_types,139,shuffled_history,5,0.98,0.98,0.0,0.023630453272647553,22,512
stable_types,139,oracle,5,0.98,0.98,0.0,0.0,22,512
stable_types,140,last_contact,0,0.6875,0.98,0.2925,0.03756960595618752,8,512
stable_types,140,ema,4,0.5900000000000001,0.2,0.3899999999999999,0.03135006795686373,15,512
stable_types,140,failure_age,7,0.98,0.98,0.0,0.017802840000494403,25,512
stable_types,140,route_history,7,0.98,0.98,0.0,0.008291295182433031,25,512
stable_types,140,shuffled_history,7,0.98,0.98,0.0,0.01639526091620351,25,512
stable_types,140,oracle,7,0.98,0.98,0.0,0.0,25,512
stable_types,141,last_contact,4,0.63875,0.98,0.34124999999999994,0.04466586314368752,4,512
stable_types,141,ema,3,0.98,0.98,0.0,0.026083912134942842,27,512
stable_types,141,failure_age,3,0.98,0.98,0.0,0.018299400964784253,27,512
stable_types,141,route_history,3,0.98,0.98,0.0,0.008998210995334408,27,512
stable_types,141,shuffled_history,3,0.98,0.98,0.0,0.018665703022988575,27,512
stable_types,141,oracle,3,0.98,0.98,0.0,0.0,27,512
stable_types,142,last_contact,1,0.7362500000000001,0.7849999999999999,0.0,0.039008614549937495,5,512
stable_types,142,ema,4,0.44375000000000003,0.2,0.29250000000000004,0.03275236978432858,15,512
stable_types,142,failure_age,2,0.7362500000000001,0.2,0.0,0.02883848287409796,20,512
stable_types,142,route_history,2,0.7362500000000001,0.2,0.0,0.0131906966701481,20,512
stable_types,142,shuffled_history,2,0.7362500000000001,0.2,0.0,0.03120865698577469,20,512
stable_types,142,oracle,1,0.7362500000000001,0.7849999999999999,0.0,0.0,5,512
stable_types,143,last_contact,4,0.2975,0.2,0.5850000000000001,0.06481194384681249,2,512
stable_types,143,ema,5,0.7849999999999999,0.2,0.09750000000000014,0.014964725799708622,24,512
stable_types,143,failure_age,5,0.7849999999999999,0.2,0.09750000000000014,0.030000551725297468,24,512
stable_types,143,route_history,5,0.7849999999999999,0.2,0.09750000000000014,0.009959896629602033,24,512
stable_types,143,shuffled_history,5,0.7849999999999999,0.2,0.09750000000000014,0.02884200549375525,24,512
stable_types,143,oracle,0,0.8825000000000001,0.5900000000000001,0.0,0.0,17,512
stable_types,144,last_contact,3,0.44375000000000003,0.2,0.14625000000000005,0.03372820954993748,2,512
stable_types,144,ema,4,0.44375000000000003,0.2,0.14625000000000005,0.03681899150805388,16,512
stable_types,144,failure_age,4,0.44375000000000003,0.2,0.14625000000000005,0.03274987740107839,16,512
stable_types,144,route_history,4,0.44375000000000003,0.2,0.14625000000000005,0.02248658867432954,16,512
stable_types,144,shuffled_history,4,0.44375000000000003,0.2,0.14625000000000005,0.03400833833530287,16,512
stable_types,144,oracle,6,0.5900000000000001,0.7849999999999999,0.0,0.0,4,512
stable_types,145,last_contact,6,0.4925,0.2,0.4875,0.07143106650306248,1,512
stable_types,145,ema,2,0.98,0.98,0.0,0.03588874873914129,20,512
stable_types,145,failure_age,2,0.98,0.98,0.0,0.03544185119356511,20,512
stable_types,145,route_history,2,0.98,0.98,0.0,0.009229600922021549,20,512
stable_types,145,shuffled_history,2,0.98,0.98,0.0,0.037340703131423195,20,512
stable_types,145,oracle,2,0.98,0.98,0.0,0.0,20,512
stable_types,146,last_contact,3,0.63875,0.395,0.34124999999999994,0.0481091457218125,3,512
stable_types,146,ema,2,0.98,0.98,0.0,0.03413110173902976,22,512
stable_types,146,failure_age,2,0.98,0.98,0.0,0.02726709058438357,22,512
stable_types,146,route_history,2,0.98,0.98,0.0,0.007262872274027955,22,512
stable_types,146,shuffled_history,2,0.98,0.98,0.0,0.022740977563940886,22,512
stable_types,146,oracle,2,0.98,0.98,0.0,0.0,22,512
stable_types,147,last_contact,7,0.44375000000000003,0.2,0.5362499999999999,0.04819272150306249,17,512
stable_types,147,ema,7,0.44375000000000003,0.2,0.5362499999999999,0.03125164447654613,17,512
stable_types,147,failure_age,3,0.98,0.98,0.0,0.029183391910156946,23,512
stable_types,147,route_history,3,0.98,0.98,0.0,0.015621820934807133,23,512
stable_types,147,shuffled_history,3,0.98,0.98,0.0,0.029381669081244916,23,512
stable_types,147,oracle,3,0.98,0.98,0.0,0.0,23,512
stable_types,148,last_contact,1,0.395,0.2,0.585,0.048059000253062506,14,512
stable_types,148,ema,1,0.395,0.2,0.585,0.03636698647328651,14,512
stable_types,148,failure_age,2,0.6875,0.2,0.2925,0.03187922038912756,19,512
stable_types,148,route_history,6,0.98,0.98,0.0,0.016969889731648223,18,512
stable_types,148,shuffled_history,2,0.6875,0.2,0.2925,0.03230224001556622,19,512
stable_types,148,oracle,6,0.98,0.98,0.0,0.0,18,512
stable_types,149,last_contact,0,0.24875000000000003,0.2,0.5362499999999999,0.03597105079993749,10,512
stable_types,149,ema,7,0.5900000000000001,0.7849999999999999,0.19499999999999984,0.038260218889985154,6,512
stable_types,149,failure_age,2,0.6875,0.7849999999999999,0.09749999999999992,0.03357015943754132,4,512
stable_types,149,route_history,7,0.5900000000000001,0.7849999999999999,0.19499999999999984,0.010304479930732607,6,512
stable_types,149,shuffled_history,2,0.6875,0.7849999999999999,0.09749999999999992,0.03688903766792272,4,512
stable_types,149,oracle,5,0.7849999999999999,0.98,0.0,0.0,6,512
stable_types,150,last_contact,1,0.44375000000000003,0.2,0.5362499999999999,0.0903265604093125,1,512
stable_types,150,ema,3,0.9312500000000001,0.7849999999999999,0.04874999999999985,0.04865947206358384,18,512
stable_types,150,failure_age,3,0.9312500000000001,0.7849999999999999,0.04874999999999985,0.055471549348198895,18,512
stable_types,150,route_history,3,0.9312500000000001,0.7849999999999999,0.04874999999999985,0.026709465544568645,18,512
stable_types,150,shuffled_history,3,0.9312500000000001,0.7849999999999999,0.04874999999999985,0.05454355245418137,18,512
stable_types,150,oracle,6,0.98,0.98,0.0,0.0,18,512
stable_types,151,last_contact,7,0.6875,0.2,0.24375000000000013,0.06087481158118752,18,512
stable_types,151,ema,7,0.6875,0.2,0.24375000000000013,0.026531650827094785,18,512
stable_types,151,failure_age,0,0.7362500000000001,0.2,0.19500000000000006,0.03826833529313846,21,512
stable_types,151,route_history,0,0.7362500000000001,0.2,0.19500000000000006,0.020965385751597933,21,512
stable_types,151,shuffled_history,0,0.7362500000000001,0.2,0.19500000000000006,0.03681668265214784,21,512
stable_types,151,oracle,3,0.9312500000000001,0.7849999999999999,0.0,0.0,15,512
stable_types,152,last_contact,5,0.2975,0.2,0.6825,0.0656780820499375,10,512
stable_types,152,ema,0,0.98,0.98,0.0,0.05277524600354327,18,512
stable_types,152,failure_age,4,0.83375,0.395,0.14625,0.030819214156105737,24,512
stable_types,152,route_history,4,0.83375,0.395,0.14625,0.02165877287115775,24,512
stable_types,152,shuffled_history,4,0.83375,0.395,0.14625,0.032987130270542855,24,512
stable_types,152,oracle,0,0.98,0.98,0.0,0.0,18,512
stable_types,153,last_contact,3,0.6875,0.2,0.09749999999999992,0.016808114393687512,16,512
stable_types,153,ema,3,0.6875,0.2,0.09749999999999992,0.010966705372805514,16,512
stable_types,153,failure_age,5,0.7849999999999999,0.2,0.0,0.00977187090232283,19,512
stable_types,153,route_history,5,0.7849999999999999,0.2,0.0,0.003820262018834857,19,512
stable_types,153,shuffled_history,5,0.7849999999999999,0.2,0.0,0.009197837777566272,19,512
stable_types,153,oracle,5,0.7849999999999999,0.2,0.0,0.0,19,512
stable_types,154,last_contact,6,0.2,0.2,0.6825000000000001,0.037397899315562505,3,512
stable_types,154,ema,7,0.5900000000000001,0.2,0.2925,0.02033535257326393,11,512
stable_types,154,failure_age,4,0.8825000000000001,0.5900000000000001,0.0,0.018711815345767793,24,512
stable_types,154,route_history,4,0.8825000000000001,0.5900000000000001,0.0,0.0056368700036618724,24,512
stable_types,154,shuffled_history,4,0.8825000000000001,0.5900000000000001,0.0,0.014029693972441878,24,512
stable_types,154,oracle,4,0.8825000000000001,0.5900000000000001,0.0,0.0,24,512
stable_types,155,last_contact,2,0.34625,0.2,0.4875,0.019895823612437503,5,512
stable_types,155,ema,1,0.395,0.2,0.43875,0.02018463049130966,15,512
stable_types,155,failure_age,6,0.83375,0.395,0.0,0.015819530922848237,20,512
stable_types,155,route_history,6,0.83375,0.395,0.0,0.012012647548068932,20,512
stable_types,155,shuffled_history,6,0.83375,0.395,0.0,0.015694252237902384,20,512
stable_types,155,oracle,6,0.83375,0.395,0.0,0.0,20,512
stable_types,156,last_contact,7,0.83375,0.395,0.14625,0.0602806709561875,23,512
stable_types,156,ema,7,0.83375,0.395,0.14625,0.03764555796553409,23,512
stable_types,156,failure_age,0,0.98,0.98,0.0,0.01853665055915219,26,512
stable_types,156,route_history,0,0.98,0.98,0.0,0.010959298751816475,26,512
stable_types,156,shuffled_history,0,0.98,0.98,0.0,0.019681228583198623,26,512
stable_types,156,oracle,0,0.98,0.98,0.0,0.0,26,512
stable_types,157,last_contact,5,0.34625,0.2,0.4387499999999999,0.0231218091593125,11,512
stable_types,157,ema,5,0.34625,0.2,0.4387499999999999,0.03632661916757536,11,512
stable_types,157,failure_age,0,0.7849999999999999,0.2,0.0,0.02028418752653247,23,512
stable_types,157,route_history,0,0.7849999999999999,0.2,0.0,0.012329450275014728,23,512
stable_types,157,shuffled_history,0,0.7849999999999999,0.2,0.0,0.02204950893417583,23,512
stable_types,157,oracle,0,0.7849999999999999,0.2,0.0,0.0,23,512
stable_types,158,last_contact,3,0.63875,0.395,0.04874999999999996,0.016008836815562505,3,512
stable_types,158,ema,7,0.63875,0.2,0.04874999999999996,0.019652446473516303,20,512
stable_types,158,failure_age,7,0.63875,0.2,0.04874999999999996,0.01961613911554922,20,512
stable_types,158,route_history,7,0.63875,0.2,0.04874999999999996,0.010340519305848504,20,512
stable_types,158,shuffled_history,7,0.63875,0.2,0.04874999999999996,0.01918884959856401,20,512
stable_types,158,oracle,0,0.6875,0.5900000000000001,0.0,0.0,3,512
stable_types,159,last_contact,5,0.7362500000000001,0.98,0.0,0.0327283500968125,8,512
stable_types,159,ema,3,0.4925,0.2,0.24375000000000008,0.030253870453238813,15,512
stable_types,159,failure_age,3,0.4925,0.2,0.24375000000000008,0.027787310097592506,15,512
stable_types,159,route_history,3,0.4925,0.2,0.24375000000000008,0.00827495228750272,15,512
stable_types,159,shuffled_history,3,0.4925,0.2,0.24375000000000008,0.02755226624949593,15,512
stable_types,159,oracle,5,0.7362500000000001,0.98,0.0,0.0,8,512
stable_types,160,last_contact,6,0.7849999999999999,0.2,0.19500000000000006,0.06642721415931249,20,512
stable_types,160,ema,6,0.7849999999999999,0.2,0.19500000000000006,0.031075882323526503,20,512
stable_types,160,failure_age,1,0.98,0.98,0.0,0.020758948482739584,28,512
stable_types,160,route_history,1,0.98,0.98,0.0,0.009171089096429285,28,512
stable_types,160,shuffled_history,1,0.98,0.98,0.0,0.02024077916038667,28,512
stable_types,160,oracle,1,0.98,0.98,0.0,0.0,28,512
stable_types,161,last_contact,3,0.7849999999999999,0.2,0.0,0.0609082418936875,20,512
stable_types,161,ema,3,0.7849999999999999,0.2,0.0,0.021200877804284618,20,512
stable_types,161,failure_age,3,0.7849999999999999,0.2,0.0,0.03972861681772321,20,512
stable_types,161,route_history,3,0.7849999999999999,0.2,0.0,0.015100203038267021,20,512
stable_types,161,shuffled_history,3,0.7849999999999999,0.2,0.0,0.04696954761657393,20,512
stable_types,161,oracle,3,0.7849999999999999,0.2,0.0,0.0,20,512
stable_types,162,last_contact,6,0.2975,0.2,0.6825,0.0585316793936875,8,512
stable_types,162,ema,4,0.98,0.98,0.0,0.03477473394503325,24,512
stable_types,162,failure_age,4,0.98,0.98,0.0,0.029855962753636625,24,512
stable_types,162,route_history,4,0.98,0.98,0.0,0.004076395793910906,24,512
stable_types,162,shuffled_history,4,0.98,0.98,0.0,0.03181179651900322,24,512
stable_types,162,oracle,4,0.98,0.98,0.0,0.0,24,512
stable_types,163,last_contact,0,0.7362500000000001,0.2,0.09749999999999992,0.0403686024405625,13,512
stable_types,163,ema,0,0.7362500000000001,0.2,0.09749999999999992,0.015913911731527404,13,512
stable_types,163,failure_age,1,0.83375,0.395,0.0,0.017654907971467244,19,512
stable_types,163,route_history,1,0.83375,0.395,0.0,0.009187765867957012,19,512
stable_types,163,shuffled_history,1,0.83375,0.395,0.0,0.01969226207941887,19,512
stable_types,163,oracle,1,0.83375,0.395,0.0,0.0,19,512
stable_types,164,last_contact,5,0.2975,0.2,0.5850000000000001,0.05255684283118751,6,512
stable_types,164,ema,4,0.8825000000000001,0.5900000000000001,0.0,0.03469963882297838,20,512
stable_types,164,failure_age,1,0.83375,0.395,0.04875000000000007,0.027302908325919372,24,512
stable_types,164,route_history,1,0.83375,0.395,0.04875000000000007,0.004806480907420644,24,512
stable_types,164,shuffled_history,1,0.83375,0.395,0.04875000000000007,0.03016879612372967,24,512
stable_types,164,oracle,4,0.8825000000000001,0.5900000000000001,0.0,0.0,20,512
stable_types,165,last_contact,1,0.63875,0.98,0.19499999999999995,0.022444092753062507,7,512
stable_types,165,ema,0,0.83375,0.395,0.0,0.019638123582267346,13,512
stable_types,165,failure_age,0,0.83375,0.395,0.0,0.03194182378585981,13,512
stable_types,165,route_history,7,0.6875,0.98,0.14625,0.028506468092962048,8,512
stable_types,165,shuffled_history,0,0.83375,0.395,0.0,0.027762541976366684,13,512
stable_types,165,oracle,0,0.83375,0.395,0.0,0.0,13,512
stable_types,166,last_contact,5,0.44375000000000003,0.2,0.24374999999999997,0.03248978283118749,3,512
stable_types,166,ema,4,0.2,0.2,0.4875,0.04331606693884028,12,512
stable_types,166,failure_age,7,0.5900000000000001,0.7849999999999999,0.09749999999999992,0.022083521199309928,5,512
stable_types,166,route_history,7,0.5900000000000001,0.7849999999999999,0.09749999999999992,0.015693920900100702,5,512
stable_types,166,shuffled_history,7,0.5900000000000001,0.7849999999999999,0.09749999999999992,0.02241247168950926,5,512
stable_types,166,oracle,1,0.6875,0.5900000000000001,0.0,0.0,5,512
stable_types,167,last_contact,4,0.7362500000000001,0.7849999999999999,0.0,0.020523394549937502,5,512
stable_types,167,ema,6,0.2,0.2,0.5362500000000001,0.0405695401493164,11,512
stable_types,167,failure_age,5,0.5900000000000001,0.395,0.14625,0.018231078231991986,4,512
stable_types,167,route_history,1,0.54125,0.7849999999999999,0.19500000000000006,0.014188249182427887,7,512
stable_types,167,shuffled_history,5,0.5900000000000001,0.395,0.14625,0.018641211371892112,4,512
stable_types,167,oracle,4,0.7362500000000001,0.7849999999999999,0.0,0.0,5,512
stable_types,168,last_contact,0,0.63875,0.98,0.09750000000000003,0.040418747909312505,6,512
stable_types,168,ema,2,0.7362500000000001,0.2,0.0,0.019102428773951883,14,512
stable_types,168,failure_age,3,0.7362500000000001,0.2,0.0,0.018203226002971626,15,512
stable_types,168,route_history,3,0.7362500000000001,0.2,0.0,0.007156692794270935,15,512
stable_types,168,shuffled_history,3,0.7362500000000001,0.2,0.0,0.017765652672759823,15,512
stable_types,168,oracle,2,0.7362500000000001,0.2,0.0,0.0,14,512
stable_types,169,last_contact,2,0.2,0.2,0.6825000000000001,0.050079989393687525,1,512
stable_types,169,ema,1,0.83375,0.395,0.04875000000000007,0.022882674164324227,15,512
stable_types,169,failure_age,7,0.8825000000000001,0.5900000000000001,0.0,0.027857115468471645,22,512
stable_types,169,route_history,7,0.8825000000000001,0.5900000000000001,0.0,0.014665909497407429,22,512
stable_types,169,shuffled_history,7,0.8825000000000001,0.5900000000000001,0.0,0.028262074020466668,22,512
stable_types,169,oracle,7,0.8825000000000001,0.5900000000000001,0.0,0.0,22,512
stable_types,170,last_contact,5,0.9312500000000001,0.7849999999999999,0.04874999999999985,0.05961966970618752,18,512
stable_types,170,ema,5,0.9312500000000001,0.7849999999999999,0.04874999999999985,0.03754615429994873,18,512
stable_types,170,failure_age,2,0.98,0.98,0.0,0.0224772381063303,20,512
stable_types,170,route_history,2,0.98,0.98,0.0,0.02119988352487045,20,512
stable_types,170,shuffled_history,2,0.98,0.98,0.0,0.022254602657030012,20,512
stable_types,170,oracle,2,0.98,0.98,0.0,0.0,20,512
stable_types,171,last_contact,7,0.7362500000000001,0.98,0.14625,0.04111773454993753,6,512
stable_types,171,ema,3,0.7362500000000001,0.2,0.14625,0.01837767152270571,16,512
stable_types,171,failure_age,0,0.8825000000000001,0.5900000000000001,0.0,0.0159888472457079,21,512
stable_types,171,route_history,0,0.8825000000000001,0.5900000000000001,0.0,0.010184649064981094,21,512
stable_types,171,shuffled_history,0,0.8825000000000001,0.5900000000000001,0.0,0.015079828871780717,21,512
stable_types,171,oracle,2,0.8825000000000001,0.5900000000000001,0.0,0.0,16,512
stable_types,172,last_contact,0,0.5900000000000001,0.5900000000000001,0.34125000000000005,0.040912597596812525,4,512
stable_types,172,ema,3,0.9312500000000001,0.7849999999999999,0.0,0.0256493812500073,25,512
stable_types,172,failure_age,3,0.9312500000000001,0.7849999999999999,0.0,0.02043440334885686,25,512
stable_types,172,route_history,3,0.9312500000000001,0.7849999999999999,0.0,0.0035442364458468205,25,512
stable_types,172,shuffled_history,3,0.9312500000000001,0.7849999999999999,0.0,0.020267631886600378,25,512
stable_types,172,oracle,3,0.9312500000000001,0.7849999999999999,0.0,0.0,25,512
stable_types,173,last_contact,2,0.63875,0.2,0.2925000000000001,0.05075770579993752,9,512
stable_types,173,ema,1,0.34625,0.2,0.5850000000000002,0.034464482852311365,14,512
stable_types,173,failure_age,3,0.9312500000000001,0.7849999999999999,0.0,0.03635713984116712,21,512
stable_types,173,route_history,3,0.9312500000000001,0.7849999999999999,0.0,0.027475849175258305,21,512
stable_types,173,shuffled_history,3,0.9312500000000001,0.7849999999999999,0.0,0.04052123969056871,21,512
stable_types,173,oracle,3,0.9312500000000001,0.7849999999999999,0.0,0.0,21,512
stable_types,174,last_contact,2,0.395,0.2,0.24375000000000002,0.045322309315562484,7,512
stable_types,174,ema,2,0.395,0.2,0.24375000000000002,0.037744598070467046,7,512
stable_types,174,failure_age,5,0.4925,0.2,0.14625000000000005,0.03233080840586358,4,512
stable_types,174,route_history,5,0.4925,0.2,0.14625000000000005,0.009752573774881056,4,512
stable_types,174,shuffled_history,5,0.4925,0.2,0.14625000000000005,0.03330298411932399,4,512
stable_types,174,oracle,4,0.63875,0.395,0.0,0.0,1,512
stable_types,175,last_contact,4,0.5900000000000001,0.2,0.2437499999999999,0.021000529081187512,2,512
stable_types,175,ema,1,0.44375000000000003,0.2,0.38999999999999996,0.017285008954964338,15,512
stable_types,175,failure_age,6,0.83375,0.395,0.0,0.02027921001219097,23,512
stable_types,175,route_history,6,0.83375,0.395,0.0,0.017285037268340527,23,512
stable_types,175,shuffled_history,6,0.83375,0.395,0.0,0.019904771607558297,23,512
stable_types,175,oracle,6,0.83375,0.395,0.0,0.0,23,512
stable_types,176,last_contact,4,0.54125,0.2,0.43875,0.05128498579993751,2,512
stable_types,176,ema,5,0.98,0.98,0.0,0.019713380966739764,24,512
stable_types,176,failure_age,5,0.98,0.98,0.0,0.020735556905226587,24,512
stable_types,176,route_history,5,0.98,0.98,0.0,0.008020679361819343,24,512
stable_types,176,shuffled_history,5,0.98,0.98,0.0,0.02228880803327545,24,512
stable_types,176,oracle,5,0.98,0.98,0.0,0.0,24,512
stable_types,177,last_contact,7,0.6875,0.5900000000000001,0.0,0.006791299549937506,6,512
stable_types,177,ema,2,0.4925,0.2,0.195,0.01413555122443971,12,512
stable_types,177,failure_age,3,0.5900000000000001,0.395,0.09749999999999992,0.009391718802593808,4,512
stable_types,177,route_history,7,0.6875,0.5900000000000001,0.0,0.00737331211785543,6,512
stable_types,177,shuffled_history,1,0.4925,0.5900000000000001,0.195,0.011040696055009472,5,512
stable_types,177,oracle,7,0.6875,0.5900000000000001,0.0,0.0,6,512
stable_types,178,last_contact,1,0.54125,0.2,0.2925,0.027602936581187502,1,512
stable_types,178,ema,4,0.83375,0.395,0.0,0.011840201719515135,15,512
stable_types,178,failure_age,4,0.83375,0.395,0.0,0.021077972039082633,15,512
stable_types,178,route_history,6,0.63875,0.7849999999999999,0.19499999999999995,0.007440990110135945,7,512
stable_types,178,shuffled_history,4,0.83375,0.395,0.0,0.025096625217681807,15,512
stable_types,178,oracle,4,0.83375,0.395,0.0,0.0,15,512
stable_types,179,last_contact,3,0.54125,0.2,0.14625,0.025632092909312492,7,512
stable_types,179,ema,3,0.54125,0.2,0.14625,0.010529749919177791,7,512
stable_types,179,failure_age,2,0.2975,0.2,0.39,0.020714451429545953,4,512
stable_types,179,route_history,7,0.5900000000000001,0.5900000000000001,0.09749999999999992,0.009053929977288528,5,512
stable_types,179,shuffled_history,7,0.5900000000000001,0.5900000000000001,0.09749999999999992,0.019798142623840085,5,512
stable_types,179,oracle,0,0.6875,0.5900000000000001,0.0,0.0,3,512
stable_types,180,last_contact,3,0.63875,0.7849999999999999,0.2925000000000001,0.03921375150306251,7,512
stable_types,180,ema,6,0.9312500000000001,0.7849999999999999,0.0,0.02206970430141285,22,512
stable_types,180,failure_age,6,0.9312500000000001,0.7849999999999999,0.0,0.01646979717165671,22,512
stable_types,180,route_history,6,0.9312500000000001,0.7849999999999999,0.0,0.0038392528831778057,22,512
stable_types,180,shuffled_history,6,0.9312500000000001,0.7849999999999999,0.0,0.01586307617061162,22,512
stable_types,180,oracle,6,0.9312500000000001,0.7849999999999999,0.0,0.0,22,512
stable_types,181,last_contact,4,0.395,0.2,0.48750000000000004,0.04751500509681251,1,512
stable_types,181,ema,3,0.6875,0.2,0.19500000000000006,0.02096024231718238,12,512
stable_types,181,failure_age,2,0.6875,0.2,0.19500000000000006,0.02904681943702219,19,512
stable_types,181,route_history,2,0.6875,0.2,0.19500000000000006,0.024773865949968495,19,512
stable_types,181,shuffled_history,2,0.6875,0.2,0.19500000000000006,0.026913325119057543,19,512
stable_types,181,oracle,7,0.8825000000000001,0.5900000000000001,0.0,0.0,15,512
stable_types,182,last_contact,7,0.4925,0.2,0.43875000000000014,0.037925179315562524,1,512
stable_types,182,ema,3,0.5900000000000001,0.2,0.34125000000000005,0.027954206245129294,16,512
stable_types,182,failure_age,1,0.9312500000000001,0.7849999999999999,0.0,0.029809216894467916,19,512
stable_types,182,route_history,1,0.9312500000000001,0.7849999999999999,0.0,0.00920050778376447,19,512
stable_types,182,shuffled_history,1,0.9312500000000001,0.7849999999999999,0.0,0.026659541441294787,19,512
stable_types,182,oracle,1,0.9312500000000001,0.7849999999999999,0.0,0.0,19,512
stable_types,183,last_contact,0,0.7362500000000001,0.2,0.0,0.03303377798743749,18,512
stable_types,183,ema,0,0.7362500000000001,0.2,0.0,0.04112962382329324,18,512
stable_types,183,failure_age,0,0.7362500000000001,0.2,0.0,0.02134824564730985,18,512
stable_types,183,route_history,0,0.7362500000000001,0.2,0.0,0.01049337995241466,18,512
stable_types,183,shuffled_history,0,0.7362500000000001,0.2,0.0,0.022779536205203222,18,512
stable_types,183,oracle,0,0.7362500000000001,0.2,0.0,0.0,18,512
stable_types,184,last_contact,3,0.63875,0.7849999999999999,0.14624999999999988,0.028230507518687498,7,512
stable_types,184,ema,2,0.4925,0.2,0.2924999999999999,0.028045219781077643,17,512
stable_types,184,failure_age,2,0.4925,0.2,0.2924999999999999,0.03192448881824666,17,512
stable_types,184,route_history,2,0.4925,0.2,0.2924999999999999,0.014235569659159814,17,512
stable_types,184,shuffled_history,2,0.4925,0.2,0.2924999999999999,0.03397343644123726,17,512
stable_types,184,oracle,1,0.7849999999999999,0.98,0.0,0.0,6,512
stable_types,185,last_contact,0,0.5900000000000001,0.5900000000000001,0.14625,0.010611425721812513,6,512
stable_types,185,ema,4,0.63875,0.2,0.09750000000000003,0.01140628538473372,19,512
stable_types,185,failure_age,4,0.63875,0.2,0.09750000000000003,0.018033145581516093,19,512
stable_types,185,route_history,4,0.63875,0.2,0.09750000000000003,0.013307264116270466,19,512
stable_types,185,shuffled_history,4,0.63875,0.2,0.09750000000000003,0.018056569427654233,19,512
stable_types,185,oracle,7,0.7362500000000001,0.2,0.0,0.0,12,512
stable_types,186,last_contact,2,0.4925,0.395,0.24375000000000008,0.04376173954993749,5,512
stable_types,186,ema,5,0.7362500000000001,0.2,0.0,0.041097613657404136,23,512
stable_types,186,failure_age,5,0.7362500000000001,0.2,0.0,0.041159220491201506,23,512
stable_types,186,route_history,5,0.7362500000000001,0.2,0.0,0.020745333357639416,23,512
stable_types,186,shuffled_history,5,0.7362500000000001,0.2,0.0,0.0419383764519002,23,512
stable_types,186,oracle,5,0.7362500000000001,0.2,0.0,0.0,23,512
stable_types,187,last_contact,1,0.9312500000000001,0.7849999999999999,0.0,0.033460767049937515,23,512
stable_types,187,ema,1,0.9312500000000001,0.7849999999999999,0.0,0.018469839719213385,23,512
stable_types,187,failure_age,1,0.9312500000000001,0.7849999999999999,0.0,0.021519123969678047,23,512
stable_types,187,route_history,1,0.9312500000000001,0.7849999999999999,0.0,0.012832566506189576,23,512
stable_types,187,shuffled_history,1,0.9312500000000001,0.7849999999999999,0.0,0.02128251232817249,23,512
stable_types,187,oracle,1,0.9312500000000001,0.7849999999999999,0.0,0.0,23,512
stable_types,188,last_contact,5,0.54125,0.5900000000000001,0.04875000000000007,0.015498271971812496,5,512
stable_types,188,ema,5,0.54125,0.5900000000000001,0.04875000000000007,0.017163972373634866,5,512
stable_types,188,failure_age,4,0.54125,0.2,0.04875000000000007,0.013216215494249811,4,512
stable_types,188,route_history,2,0.5900000000000001,0.395,0.0,0.005867426027782216,5,512
stable_types,188,shuffled_history,4,0.54125,0.2,0.04875000000000007,0.014070300340488832,4,512
stable_types,188,oracle,2,0.5900000000000001,0.395,0.0,0.0,5,512
stable_types,189,last_contact,3,0.63875,0.2,0.24375000000000002,0.0609751025186875,16,512
stable_types,189,ema,3,0.63875,0.2,0.24375000000000002,0.045946732752852854,16,512
stable_types,189,failure_age,3,0.63875,0.2,0.24375000000000002,0.04681060866179547,16,512
stable_types,189,route_history,3,0.63875,0.2,0.24375000000000002,0.013242238273603008,16,512
stable_types,189,shuffled_history,3,0.63875,0.2,0.24375000000000002,0.04761338292815733,16,512
stable_types,189,oracle,0,0.8825000000000001,0.5900000000000001,0.0,0.0,15,512
stable_types,190,last_contact,0,0.2,0.2,0.4875,0.03512162775306249,9,512
stable_types,190,ema,1,0.63875,0.2,0.04874999999999996,0.027570355014365486,13,512
stable_types,190,failure_age,1,0.63875,0.2,0.04874999999999996,0.022054475946616976,13,512
stable_types,190,route_history,2,0.6875,0.98,0.0,0.007928822626710966,7,512
stable_types,190,shuffled_history,1,0.63875,0.2,0.04874999999999996,0.021806254880302835,13,512
stable_types,190,oracle,2,0.6875,0.98,0.0,0.0,7,512
stable_types,191,last_contact,3,0.4925,0.395,0.195,0.0202179666593125,4,512
stable_types,191,ema,1,0.4925,0.2,0.195,0.02529243658239775,18,512
stable_types,191,failure_age,1,0.4925,0.2,0.195,0.028012844480378322,18,512
stable_types,191,route_history,1,0.4925,0.2,0.195,0.016171319413585076,18,512
stable_types,191,shuffled_history,1,0.4925,0.2,0.195,0.029981251241251845,18,512
stable_types,191,oracle,4,0.6875,0.7849999999999999,0.0,0.0,4,512
stable_types,192,last_contact,5,0.7362500000000001,0.98,0.0,0.01708011197181253,5,512
stable_types,192,ema,6,0.63875,0.2,0.09750000000000003,0.021726661971974835,14,512
stable_types,192,failure_age,6,0.63875,0.2,0.09750000000000003,0.021651180273365607,14,512
stable_types,192,route_history,1,0.54125,0.7849999999999999,0.19500000000000006,0.008230375740484745,7,512
stable_types,192,shuffled_history,6,0.63875,0.2,0.09750000000000003,0.02020356863773057,14,512
stable_types,192,oracle,5,0.7362500000000001,0.98,0.0,0.0,5,512
stable_types,193,last_contact,0,0.2,0.2,0.7312500000000002,0.04725972267493751,4,512
stable_types,193,ema,5,0.9312500000000001,0.7849999999999999,0.0,0.045511367076010646,19,512
stable_types,193,failure_age,5,0.9312500000000001,0.7849999999999999,0.0,0.03427147781339567,19,512
stable_types,193,route_history,5,0.9312500000000001,0.7849999999999999,0.0,0.017219957298434774,19,512
stable_types,193,shuffled_history,5,0.9312500000000001,0.7849999999999999,0.0,0.034705278919776775,19,512
stable_types,193,oracle,5,0.9312500000000001,0.7849999999999999,0.0,0.0,19,512
stable_types,194,last_contact,0,0.5900000000000001,0.395,0.09749999999999992,0.0205233945499375,3,512
stable_types,194,ema,2,0.6875,0.2,0.0,0.01262624669082079,11,512
stable_types,194,failure_age,4,0.5900000000000001,0.7849999999999999,0.09749999999999992,0.021495053605377262,5,512
stable_types,194,route_history,5,0.63875,0.98,0.04874999999999996,0.012294396305569945,7,512
stable_types,194,shuffled_history,4,0.5900000000000001,0.7849999999999999,0.09749999999999992,0.01822355348943882,5,512
stable_types,194,oracle,2,0.6875,0.2,0.0,0.0,11,512
stable_types,195,last_contact,5,0.63875,0.395,0.0,0.05667784181556247,2,512
stable_types,195,ema,3,0.4925,0.2,0.14625000000000005,0.035342197060967764,7,512
stable_types,195,failure_age,1,0.2,0.2,0.43875000000000003,0.037068035686117204,4,512
stable_types,195,route_history,7,0.4925,0.395,0.14625000000000005,0.013866918052099622,3,512
stable_types,195,shuffled_history,1,0.2,0.2,0.43875000000000003,0.03630592383314278,4,512
stable_types,195,oracle,5,0.63875,0.395,0.0,0.0,2,512
stable_types,196,last_contact,1,0.63875,0.5900000000000001,0.34124999999999994,0.05858182486243749,4,512
stable_types,196,ema,5,0.24875000000000003,0.2,0.73125,0.04508438712553245,11,512
stable_types,196,failure_age,7,0.98,0.98,0.0,0.03312322039520123,19,512
stable_types,196,route_history,7,0.98,0.98,0.0,0.018413635826972505,19,512
stable_types,196,shuffled_history,7,0.98,0.98,0.0,0.03403435775527096,19,512
stable_types,196,oracle,7,0.98,0.98,0.0,0.0,19,512
stable_types,197,last_contact,2,0.54125,0.395,0.43875,0.03941888845618751,4,512
stable_types,197,ema,0,0.395,0.2,0.585,0.046028223123531595,13,512
stable_types,197,failure_age,6,0.98,0.98,0.0,0.015972468625594587,27,512
stable_types,197,route_history,6,0.98,0.98,0.0,0.008370885405755524,27,512
stable_types,197,shuffled_history,6,0.98,0.98,0.0,0.01685959980607145,27,512
stable_types,197,oracle,6,0.98,0.98,0.0,0.0,27,512
stable_types,198,last_contact,7,0.54125,0.2,0.2437499999999999,0.026736798378062497,1,512
stable_types,198,ema,6,0.7849999999999999,0.2,0.0,0.018769205474767958,13,512
stable_types,198,failure_age,2,0.63875,0.2,0.14624999999999988,0.02392222057987895,21,512
stable_types,198,route_history,2,0.63875,0.2,0.14624999999999988,0.014282177832782676,21,512
stable_types,198,shuffled_history,2,0.63875,0.2,0.14624999999999988,0.021359303598619546,21,512
stable_types,198,oracle,6,0.7849999999999999,0.2,0.0,0.0,13,512
stable_types,199,last_contact,3,0.6875,0.2,0.0,0.009473289940562506,20,512
stable_types,199,ema,3,0.6875,0.2,0.0,0.00952341152482732,20,512
stable_types,199,failure_age,3,0.6875,0.2,0.0,0.015003485800392978,20,512
stable_types,199,route_history,3,0.6875,0.2,0.0,0.013230113004331235,20,512
stable_types,199,shuffled_history,3,0.6875,0.2,0.0,0.014148757643129709,20,512
stable_types,199,oracle,3,0.6875,0.2,0.0,0.0,20,512
stable_types,200,last_contact,2,0.2,0.2,0.4875,0.033627918612437496,10,512
stable_types,200,ema,7,0.63875,0.2,0.04874999999999996,0.031300826959934455,20,512
stable_types,200,failure_age,7,0.63875,0.2,0.04874999999999996,0.026372532616057213,20,512
stable_types,200,route_history,7,0.63875,0.2,0.04874999999999996,0.009244248511111816,20,512
stable_types,200,shuffled_history,7,0.63875,0.2,0.04874999999999996,0.026851148752823017,20,512
stable_types,200,oracle,4,0.6875,0.7849999999999999,0.0,0.0,6,512
stable_types,201,last_contact,5,0.4925,0.5900000000000001,0.2924999999999999,0.05749383454993748,3,512
stable_types,201,ema,1,0.2,0.2,0.585,0.04311512977394856,7,512
stable_types,201,failure_age,0,0.7849999999999999,0.98,0.0,0.04791016477583467,5,512
stable_types,201,route_history,4,0.54125,0.7849999999999999,0.2437499999999999,0.00951785081382252,6,512
stable_types,201,shuffled_history,3,0.2,0.2,0.585,0.04986815547367723,6,512
stable_types,201,oracle,0,0.7849999999999999,0.98,0.0,0.0,5,512
stable_types,202,last_contact,6,0.5900000000000001,0.2,0.3899999999999999,0.0710754931436875,1,512
stable_types,202,ema,4,0.4925,0.2,0.4875,0.05109085727444619,11,512
stable_types,202,failure_age,3,0.98,0.98,0.0,0.042711358459847,22,512
stable_types,202,route_history,3,0.98,0.98,0.0,0.009132486361458648,22,512
stable_types,202,shuffled_history,3,0.98,0.98,0.0,0.045866824672631576,22,512
stable_types,202,oracle,3,0.98,0.98,0.0,0.0,22,512
stable_types,203,last_contact,1,0.4925,0.395,0.195,0.022339246737437493,2,512
stable_types,203,ema,5,0.63875,0.2,0.04874999999999996,0.014752520986062041,13,512
stable_types,203,failure_age,5,0.63875,0.2,0.04874999999999996,0.017953992879294913,13,512
stable_types,203,route_history,6,0.5900000000000001,0.98,0.09749999999999992,0.0051042337679916994,8,512
stable_types,203,shuffled_history,5,0.63875,0.2,0.04874999999999996,0.015344661442785392,13,512
stable_types,203,oracle,4,0.6875,0.7849999999999999,0.0,0.0,7,512
stable_types,204,last_contact,0,0.63875,0.2,0.14624999999999988,0.05182442587806248,13,512
stable_types,204,ema,0,0.63875,0.2,0.14624999999999988,0.04702956024911929,13,512
stable_types,204,failure_age,4,0.7849999999999999,0.2,0.0,0.03011154233232475,24,512
stable_types,204,route_history,4,0.7849999999999999,0.2,0.0,0.019716948817210568,24,512
stable_types,204,shuffled_history,4,0.7849999999999999,0.2,0.0,0.027736309310587973,24,512
stable_types,204,oracle,4,0.7849999999999999,0.2,0.0,0.0,24,512
stable_types,205,last_contact,3,0.5900000000000001,0.2,0.2925,0.03225577064368752,1,512
stable_types,205,ema,2,0.8825000000000001,0.5900000000000001,0.0,0.016639259389720138,21,512
stable_types,205,failure_age,1,0.8825000000000001,0.5900000000000001,0.0,0.0061469793493089085,25,512
stable_types,205,route_history,1,0.8825000000000001,0.5900000000000001,0.0,0.004214689579901781,25,512
stable_types,205,shuffled_history,1,0.8825000000000001,0.5900000000000001,0.0,0.007996982652795505,25,512
stable_types,205,oracle,2,0.8825000000000001,0.5900000000000001,0.0,0.0,21,512
stable_types,206,last_contact,3,0.7362500000000001,0.2,0.0,0.04674915783118749,15,512
stable_types,206,ema,3,0.7362500000000001,0.2,0.0,0.041937446907292834,15,512
stable_types,206,failure_age,3,0.7362500000000001,0.2,0.0,0.030110273135164387,15,512
stable_types,206,route_history,3,0.7362500000000001,0.2,0.0,0.018368732537710132,15,512
stable_types,206,shuffled_history,3,0.7362500000000001,0.2,0.0,0.029649763831177282,15,512
stable_types,206,oracle,3,0.7362500000000001,0.2,0.0,0.0,15,512
stable_types,207,last_contact,6,0.54125,0.2,0.14625,0.048259582128062486,2,512
stable_types,207,ema,7,0.2,0.2,0.4875,0.042616432977715044,5,512
stable_types,207,failure_age,7,0.2,0.2,0.4875,0.048451949707635986,5,512
stable_types,207,route_history,1,0.6875,0.98,0.0,0.008095925128312437,8,512
stable_types,207,shuffled_history,7,0.2,0.2,0.4875,0.04668602381079542,5,512
stable_types,207,oracle,1,0.6875,0.98,0.0,0.0,8,512
stable_types,208,last_contact,4,0.63875,0.98,0.24375000000000002,0.0505525688468125,7,512
stable_types,208,ema,7,0.8825000000000001,0.5900000000000001,0.0,0.024427935766470798,17,512
stable_types,208,failure_age,7,0.8825000000000001,0.5900000000000001,0.0,0.029867226354193022,17,512
stable_types,208,route_history,7,0.8825000000000001,0.5900000000000001,0.0,0.00927496785478166,17,512
stable_types,208,shuffled_history,7,0.8825000000000001,0.5900000000000001,0.0,0.030821233849988555,17,512
stable_types,208,oracle,7,0.8825000000000001,0.5900000000000001,0.0,0.0,17,512
stable_types,209,last_contact,3,0.54125,0.5900000000000001,0.09750000000000003,0.057255267284312475,4,512
stable_types,209,ema,6,0.44375000000000003,0.2,0.195,0.052750053555139204,14,512
stable_types,209,failure_age,6,0.44375000000000003,0.2,0.195,0.04955939138017261,14,512
stable_types,209,route_history,2,0.63875,0.98,0.0,0.01772895245046529,7,512
stable_types,209,shuffled_history,6,0.44375000000000003,0.2,0.195,0.04887115692124602,14,512
stable_types,209,oracle,2,0.63875,0.98,0.0,0.0,7,512
stable_types,210,last_contact,3,0.2,0.2,0.63375,0.06304623712806248,5,512
stable_types,210,ema,2,0.7849999999999999,0.2,0.04875000000000007,0.031440408730128724,24,512
stable_types,210,failure_age,4,0.83375,0.395,0.0,0.03807327947210761,25,512
stable_types,210,route_history,4,0.83375,0.395,0.0,0.009011212663999985,25,512
stable_types,210,shuffled_history,4,0.83375,0.395,0.0,0.040906970303894945,25,512
stable_types,210,oracle,4,0.83375,0.395,0.0,0.0,25,512
stable_types,211,last_contact,6,0.4925,0.2,0.24375000000000008,0.06820508095618749,11,512
stable_types,211,ema,6,0.4925,0.2,0.24375000000000008,0.06435977798585824,11,512
stable_types,211,failure_age,5,0.54125,0.2,0.19500000000000006,0.0621379450174777,14,512
stable_types,211,route_history,4,0.7362500000000001,0.7849999999999999,0.0,0.007752346953235801,7,512
stable_types,211,shuffled_history,5,0.54125,0.2,0.19500000000000006,0.061266014104748044,14,512
stable_types,211,oracle,0,0.7362500000000001,0.98,0.0,0.0,6,512
stable_types,212,last_contact,0,0.2,0.2,0.78,0.0695149233780625,2,512
stable_types,212,ema,7,0.7362500000000001,0.2,0.2437499999999999,0.037404108753807064,23,512
stable_types,212,failure_age,7,0.7362500000000001,0.2,0.2437499999999999,0.0353175049493302,23,512
stable_types,212,route_history,7,0.7362500000000001,0.2,0.2437499999999999,0.017474424284833274,23,512
stable_types,212,shuffled_history,7,0.7362500000000001,0.2,0.2437499999999999,0.036329629943005995,23,512
stable_types,212,oracle,2,0.98,0.98,0.0,0.0,16,512
stable_types,213,last_contact,5,0.9312500000000001,0.7849999999999999,0.0,0.041812166112437515,18,512
stable_types,213,ema,5,0.9312500000000001,0.7849999999999999,0.0,0.03256008051720984,18,512
stable_types,213,failure_age,5,0.9312500000000001,0.7849999999999999,0.0,0.0284940570899028,18,512
stable_types,213,route_history,5,0.9312500000000001,0.7849999999999999,0.0,0.012067246302156982,18,512
stable_types,213,shuffled_history,5,0.9312500000000001,0.7849999999999999,0.0,0.026613180919783663,18,512
stable_types,213,oracle,5,0.9312500000000001,0.7849999999999999,0.0,0.0,18,512
stable_types,214,last_contact,3,0.4925,0.395,0.24375000000000008,0.04320102923743749,2,512
stable_types,214,ema,0,0.63875,0.2,0.09750000000000003,0.037588129153351746,12,512
stable_types,214,failure_age,6,0.7362500000000001,0.98,0.0,0.04252912889619934,4,512
stable_types,214,route_history,6,0.7362500000000001,0.98,0.0,0.008705948694993313,4,512
stable_types,214,shuffled_history,2,0.2975,0.2,0.4387500000000001,0.037594231774902315,6,512
stable_types,214,oracle,6,0.7362500000000001,0.98,0.0,0.0,4,512
stable_types,215,last_contact,7,0.6875,0.5900000000000001,0.0,0.014615418612437495,5,512
stable_types,215,ema,7,0.6875,0.5900000000000001,0.0,0.015016745312363862,5,512
stable_types,215,failure_age,7,0.6875,0.5900000000000001,0.0,0.008668463799047083,5,512
stable_types,215,route_history,7,0.6875,0.5900000000000001,0.0,0.007988106454286017,5,512
stable_types,215,shuffled_history,7,0.6875,0.5900000000000001,0.0,0.008274395095521534,5,512
stable_types,215,oracle,7,0.6875,0.5900000000000001,0.0,0.0,5,512
stable_types,216,last_contact,5,0.2975,0.2,0.4387500000000001,0.0369207647843125,14,512
stable_types,216,ema,5,0.2975,0.2,0.4387500000000001,0.04526384628607317,14,512
stable_types,216,failure_age,4,0.63875,0.2,0.09750000000000003,0.03474457082252301,21,512
stable_types,216,route_history,4,0.63875,0.2,0.09750000000000003,0.02664618659566268,21,512
stable_types,216,shuffled_history,4,0.63875,0.2,0.09750000000000003,0.03418676456632022,21,512
stable_types,216,oracle,6,0.7362500000000001,0.2,0.0,0.0,17,512
stable_types,217,last_contact,6,0.395,0.2,0.585,0.06012567947181248,4,512
stable_types,217,ema,2,0.2975,0.2,0.6825,0.06026147757020767,11,512
stable_types,217,failure_age,4,0.98,0.98,0.0,0.031890462463533616,21,512
stable_types,217,route_history,4,0.98,0.98,0.0,0.018941033368611006,21,512
stable_types,217,shuffled_history,4,0.98,0.98,0.0,0.03316899856222567,21,512
stable_types,217,oracle,4,0.98,0.98,0.0,0.0,21,512
stable_types,218,last_contact,2,0.54125,0.395,0.2925,0.0344606265030625,3,512
stable_types,218,ema,3,0.63875,0.2,0.19499999999999995,0.03349866994812012,14,512
stable_types,218,failure_age,6,0.83375,0.395,0.0,0.019899898239936688,18,512
stable_types,218,route_history,6,0.83375,0.395,0.0,0.0073405454892263595,18,512
stable_types,218,shuffled_history,6,0.83375,0.395,0.0,0.01960930582757662,18,512
stable_types,218,oracle,6,0.83375,0.395,0.0,0.0,18,512
stable_types,219,last_contact,0,0.44375000000000003,0.2,0.4875000000000001,0.03320548462806251,13,512
stable_types,219,ema,0,0.44375000000000003,0.2,0.4875000000000001,0.023209310938432884,13,512
stable_types,219,failure_age,2,0.9312500000000001,0.7849999999999999,0.0,0.011570713888989545,26,512
stable_types,219,route_history,2,0.9312500000000001,0.7849999999999999,0.0,0.005715879072534568,26,512
stable_types,219,shuffled_history,2,0.9312500000000001,0.7849999999999999,0.0,0.011924665610102561,26,512
stable_types,219,oracle,2,0.9312500000000001,0.7849999999999999,0.0,0.0,26,512
stable_types,220,last_contact,4,0.9312500000000001,0.7849999999999999,0.0,0.035498471346812534,15,512
stable_types,220,ema,4,0.9312500000000001,0.7849999999999999,0.0,0.026123494998088005,15,512
stable_types,220,failure_age,7,0.8825000000000001,0.5900000000000001,0.04875000000000007,0.02111992664894679,26,512
stable_types,220,route_history,7,0.8825000000000001,0.5900000000000001,0.04875000000000007,0.016183414208871604,26,512
stable_types,220,shuffled_history,7,0.8825000000000001,0.5900000000000001,0.04875000000000007,0.02004871984833157,26,512
stable_types,220,oracle,4,0.9312500000000001,0.7849999999999999,0.0,0.0,15,512
stable_types,221,last_contact,0,0.395,0.2,0.585,0.05001312876868751,1,512
stable_types,221,ema,7,0.98,0.98,0.0,0.02005402305293241,22,512
stable_types,221,failure_age,1,0.83375,0.395,0.14625,0.01720025939341645,24,512
stable_types,221,route_history,1,0.83375,0.395,0.14625,0.017520861266845402,24,512
stable_types,221,shuffled_history,1,0.83375,0.395,0.14625,0.017742245142616308,24,512
stable_types,221,oracle,7,0.98,0.98,0.0,0.0,22,512
stable_types,222,last_contact,7,0.4925,0.2,0.43875000000000014,0.024243229784312526,1,512
stable_types,222,ema,3,0.6875,0.2,0.24375000000000013,0.014214250110072612,14,512
stable_types,222,failure_age,1,0.9312500000000001,0.7849999999999999,0.0,0.012103468698093936,19,512
stable_types,222,route_history,1,0.9312500000000001,0.7849999999999999,0.0,0.007592258826029359,19,512
stable_types,222,shuffled_history,1,0.9312500000000001,0.7849999999999999,0.0,0.010359434853487422,19,512
stable_types,222,oracle,1,0.9312500000000001,0.7849999999999999,0.0,0.0,19,512
stable_types,223,last_contact,2,0.2,0.2,0.4875,0.04472816869056249,6,512
stable_types,223,ema,7,0.6875,0.2,0.0,0.06329823849154537,13,512
stable_types,223,failure_age,1,0.34625,0.2,0.34125,0.03512032604536264,14,512
stable_types,223,route_history,6,0.4925,0.5900000000000001,0.195,0.02003640565179763,6,512
stable_types,223,shuffled_history,1,0.34625,0.2,0.34125,0.03213567589078001,14,512
stable_types,223,oracle,7,0.6875,0.2,0.0,0.0,13,512
stable_types,224,last_contact,3,0.6875,0.5900000000000001,0.09749999999999992,0.026059081971812503,5,512
stable_types,224,ema,4,0.7849999999999999,0.2,0.0,0.019104332331897796,24,512
stable_types,224,failure_age,4,0.7849999999999999,0.2,0.0,0.027206840658600625,24,512
stable_types,224,route_history,4,0.7849999999999999,0.2,0.0,0.010997635205472454,24,512
stable_types,224,shuffled_history,4,0.7849999999999999,0.2,0.0,0.026856251652278958,24,512
stable_types,224,oracle,4,0.7849999999999999,0.2,0.0,0.0,24,512
stable_types,225,last_contact,6,0.395,0.2,0.5362500000000001,0.05975339095618751,9,512
stable_types,225,ema,1,0.83375,0.395,0.09750000000000014,0.03423614876589366,14,512
stable_types,225,failure_age,0,0.9312500000000001,0.7849999999999999,0.0,0.03505260262155306,17,512
stable_types,225,route_history,0,0.9312500000000001,0.7849999999999999,0.0,0.019566204784939666,17,512
stable_types,225,shuffled_history,7,0.4925,0.2,0.43875000000000014,0.03833226315340943,16,512
stable_types,225,oracle,0,0.9312500000000001,0.7849999999999999,0.0,0.0,17,512
stable_types,226,last_contact,1,0.6875,0.2,0.2925,0.07170761915931251,14,512
stable_types,226,ema,1,0.6875,0.2,0.2925,0.06080973463162198,14,512
stable_types,226,failure_age,3,0.98,0.98,0.0,0.024008718620536926,24,512
stable_types,226,route_history,3,0.98,0.98,0.0,0.016172600043238054,24,512
stable_types,226,shuffled_history,3,0.98,0.98,0.0,0.02277627171800519,24,512
stable_types,226,oracle,5,0.98,0.98,0.0,0.0,22,512
stable_types,227,last_contact,7,0.4925,0.2,0.24375000000000008,0.023443952206187505,11,512
stable_types,227,ema,7,0.4925,0.2,0.24375000000000008,0.029978089199226423,11,512
stable_types,227,failure_age,4,0.63875,0.2,0.09750000000000003,0.03146546827465818,17,512
stable_types,227,route_history,4,0.63875,0.2,0.09750000000000003,0.014529591313584358,17,512
stable_types,227,shuffled_history,4,0.63875,0.2,0.09750000000000003,0.031151129644192463,17,512
stable_types,227,oracle,3,0.7362500000000001,0.98,0.0,0.0,6,512
stable_types,228,last_contact,6,0.6875,0.2,0.0,0.0061971589249375045,10,512
stable_types,228,ema,7,0.54125,0.2,0.14625,0.012237538974123593,11,512
stable_types,228,failure_age,5,0.5900000000000001,0.7849999999999999,0.09749999999999992,0.01601828991841161,4,512
stable_types,228,route_history,0,0.6875,0.98,0.0,0.013512811058978214,6,512
stable_types,228,shuffled_history,0,0.6875,0.98,0.0,0.014757119104998197,6,512
stable_types,228,oracle,6,0.6875,0.2,0.0,0.0,10,512
stable_types,229,last_contact,7,0.63875,0.5900000000000001,0.09750000000000003,0.0380756157218125,3,512
stable_types,229,ema,6,0.7362500000000001,0.2,0.0,0.027154473915225793,21,512
stable_types,229,failure_age,6,0.7362500000000001,0.2,0.0,0.030449428122581272,21,512
stable_types,229,route_history,6,0.7362500000000001,0.2,0.0,0.004498348794982891,21,512
stable_types,229,shuffled_history,6,0.7362500000000001,0.2,0.0,0.026421237655816193,21,512
stable_types,229,oracle,6,0.7362500000000001,0.2,0.0,0.0,21,512
stable_types,230,last_contact,5,0.6875,0.2,0.19500000000000006,0.05722639204993751,11,512
stable_types,230,ema,5,0.6875,0.2,0.19500000000000006,0.05976728819417803,11,512
stable_types,230,failure_age,0,0.8825000000000001,0.5900000000000001,0.0,0.04032397450161923,26,512
stable_types,230,route_history,7,0.8825000000000001,0.5900000000000001,0.0,0.029010599596158364,26,512
stable_types,230,shuffled_history,0,0.8825000000000001,0.5900000000000001,0.0,0.0381255636028598,26,512
stable_types,230,oracle,0,0.8825000000000001,0.5900000000000001,0.0,0.0,26,512
stable_types,231,last_contact,2,0.44375000000000003,0.2,0.3412499999999999,0.021406247909312493,13,512
stable_types,231,ema,2,0.44375000000000003,0.2,0.3412499999999999,0.02956711690740903,13,512
stable_types,231,failure_age,2,0.44375000000000003,0.2,0.3412499999999999,0.021299785473346877,13,512
stable_types,231,route_history,4,0.7849999999999999,0.98,0.0,0.009428094895104922,4,512
stable_types,231,shuffled_history,4,0.7849999999999999,0.98,0.0,0.020519781164459065,4,512
stable_types,231,oracle,4,0.7849999999999999,0.98,0.0,0.0,4,512
stable_types,232,last_contact,2,0.5900000000000001,0.2,0.34125000000000005,0.05109656400306252,10,512
stable_types,232,ema,6,0.9312500000000001,0.7849999999999999,0.0,0.03270448389539401,23,512
stable_types,232,failure_age,6,0.9312500000000001,0.7849999999999999,0.0,0.027774140154715864,23,512
stable_types,232,route_history,6,0.9312500000000001,0.7849999999999999,0.0,0.012861968279051363,23,512
stable_types,232,shuffled_history,6,0.9312500000000001,0.7849999999999999,0.0,0.025819326802573938,23,512
stable_types,232,oracle,6,0.9312500000000001,0.7849999999999999,0.0,0.0,23,512
stable_types,233,last_contact,5,0.24875000000000003,0.2,0.6825000000000001,0.05737682845618751,5,512
stable_types,233,ema,6,0.9312500000000001,0.7849999999999999,0.0,0.04206092253647445,24,512
stable_types,233,failure_age,6,0.9312500000000001,0.7849999999999999,0.0,0.026042363078091612,24,512
stable_types,233,route_history,6,0.9312500000000001,0.7849999999999999,0.0,0.008457527218407255,24,512
stable_types,233,shuffled_history,6,0.9312500000000001,0.7849999999999999,0.0,0.022802118834011592,24,512
stable_types,233,oracle,6,0.9312500000000001,0.7849999999999999,0.0,0.0,24,512
stable_types,234,last_contact,5,0.2975,0.2,0.6337500000000001,0.05853167939368752,4,512
stable_types,234,ema,7,0.9312500000000001,0.7849999999999999,0.0,0.029131001451902203,25,512
stable_types,234,failure_age,7,0.9312500000000001,0.7849999999999999,0.0,0.021524677538933955,25,512
stable_types,234,route_history,7,0.9312500000000001,0.7849999999999999,0.0,0.012225937916498592,25,512
stable_types,234,shuffled_history,7,0.9312500000000001,0.7849999999999999,0.0,0.025246818121857556,25,512
stable_types,234,oracle,7,0.9312500000000001,0.7849999999999999,0.0,0.0,25,512
stable_types,235,last_contact,5,0.5900000000000001,0.395,0.2437499999999999,0.0411344497061875,5,512
stable_types,235,ema,1,0.7849999999999999,0.2,0.04875000000000007,0.03001023509620253,12,512
stable_types,235,failure_age,6,0.83375,0.395,0.0,0.044138028752432945,14,512
stable_types,235,route_history,7,0.7849999999999999,0.98,0.04875000000000007,0.02497824559357774,6,512
stable_types,235,shuffled_history,6,0.83375,0.395,0.0,0.04325057419855613,14,512
stable_types,235,oracle,6,0.83375,0.395,0.0,0.0,14,512
stable_types,236,last_contact,3,0.7362500000000001,0.7849999999999999,0.04874999999999985,0.0392304666593125,6,512
stable_types,236,ema,2,0.24875000000000003,0.2,0.5362499999999999,0.05749904306400238,11,512
stable_types,236,failure_age,1,0.4925,0.5900000000000001,0.2924999999999999,0.0414109974641708,5,512
stable_types,236,route_history,6,0.7849999999999999,0.98,0.0,0.01461324920946273,8,512
stable_types,236,shuffled_history,3,0.7362500000000001,0.7849999999999999,0.04874999999999985,0.04058231758024633,6,512
stable_types,236,oracle,6,0.7849999999999999,0.98,0.0,0.0,8,512
stable_types,237,last_contact,2,0.54125,0.2,0.2437499999999999,0.03177863611243749,2,512
stable_types,237,ema,1,0.7849999999999999,0.2,0.0,0.008056235775903824,15,512
stable_types,237,failure_age,3,0.7849999999999999,0.2,0.0,0.01489205318440594,22,512
stable_types,237,route_history,3,0.7849999999999999,0.2,0.0,0.006242051067469634,22,512
stable_types,237,shuffled_history,3,0.7849999999999999,0.2,0.0,0.015839653707456387,22,512
stable_types,237,oracle,1,0.7849999999999999,0.2,0.0,0.0,15,512
stable_types,238,last_contact,4,0.395,0.2,0.24375000000000002,0.007469015956187497,16,512
stable_types,238,ema,4,0.395,0.2,0.24375000000000002,0.024859325852267612,16,512
stable_types,238,failure_age,4,0.395,0.2,0.24375000000000002,0.01549670987582423,16,512
stable_types,238,route_history,4,0.395,0.2,0.24375000000000002,0.014436960841287365,16,512
stable_types,238,shuffled_history,4,0.395,0.2,0.24375000000000002,0.015479046713095032,16,512
stable_types,238,oracle,6,0.63875,0.7849999999999999,0.0,0.0,5,512
stable_types,239,last_contact,1,0.395,0.2,0.43875,0.0350547671280625,2,512
stable_types,239,ema,4,0.6875,0.2,0.14625,0.02223733355329123,14,512
stable_types,239,failure_age,7,0.83375,0.395,0.0,0.021180441124982248,19,512
stable_types,239,route_history,7,0.83375,0.395,0.0,0.00904340502482595,19,512
stable_types,239,shuffled_history,3,0.5900000000000001,0.2,0.2437499999999999,0.01978879523742105,18,512
stable_types,239,oracle,7,0.83375,0.395,0.0,0.0,19,512
stable_types,240,last_contact,4,0.5900000000000001,0.7849999999999999,0.09749999999999992,0.03754833572181249,4,512
stable_types,240,ema,4,0.5900000000000001,0.7849999999999999,0.09749999999999992,0.031901983168665965,4,512
stable_types,240,failure_age,4,0.5900000000000001,0.7849999999999999,0.09749999999999992,0.03345948106001394,4,512
stable_types,240,route_history,1,0.5900000000000001,0.5900000000000001,0.09749999999999992,0.004797809784723278,6,512
stable_types,240,shuffled_history,1,0.5900000000000001,0.5900000000000001,0.09749999999999992,0.03362509407157349,6,512
stable_types,240,oracle,7,0.6875,0.5900000000000001,0.0,0.0,3,512
stable_types,241,last_contact,6,0.44375000000000003,0.2,0.24374999999999997,0.04080775158118749,1,512
stable_types,241,ema,4,0.5900000000000001,0.5900000000000001,0.09749999999999992,0.031671665847959635,5,512
stable_types,241,failure_age,5,0.2,0.2,0.4875,0.03644097225041665,4,512
stable_types,241,route_history,4,0.5900000000000001,0.5900000000000001,0.09749999999999992,0.009599123734087962,5,512
stable_types,241,shuffled_history,5,0.2,0.2,0.4875,0.037999319139145143,4,512
stable_types,241,oracle,7,0.6875,0.7849999999999999,0.0,0.0,6,512
stable_types,242,last_contact,4,0.83375,0.395,0.14625,0.0631845134561875,21,512
stable_types,242,ema,4,0.83375,0.395,0.14625,0.03608551410726552,21,512
stable_types,242,failure_age,4,0.83375,0.395,0.14625,0.04048695012722671,21,512
stable_types,242,route_history,4,0.83375,0.395,0.14625,0.02681093361868164,21,512
stable_types,242,shuffled_history,4,0.83375,0.395,0.14625,0.03729104902606999,21,512
stable_types,242,oracle,0,0.98,0.98,0.0,0.0,16,512
stable_types,243,last_contact,7,0.54125,0.5900000000000001,0.04875000000000007,0.039975043690562484,6,512
stable_types,243,ema,7,0.54125,0.5900000000000001,0.04875000000000007,0.031065285663707476,6,512
stable_types,243,failure_age,4,0.5900000000000001,0.7849999999999999,0.0,0.02180798453603858,4,512
stable_types,243,route_history,7,0.54125,0.5900000000000001,0.04875000000000007,0.010559376828274472,6,512
stable_types,243,shuffled_history,4,0.5900000000000001,0.7849999999999999,0.0,0.022531821486372963,4,512
stable_types,243,oracle,0,0.5900000000000001,0.5900000000000001,0.0,0.0,3,512
stable_types,244,last_contact,6,0.63875,0.98,0.34124999999999994,0.04479958439368751,4,512
stable_types,244,ema,1,0.7362500000000001,0.2,0.2437499999999999,0.043983785786473405,19,512
stable_types,244,failure_age,0,0.98,0.98,0.0,0.013266009829021305,25,512
stable_types,244,route_history,0,0.98,0.98,0.0,0.011710856841618364,25,512
stable_types,244,shuffled_history,0,0.98,0.98,0.0,0.013137524305974393,25,512
stable_types,244,oracle,0,0.98,0.98,0.0,0.0,25,512
stable_types,245,last_contact,0,0.5900000000000001,0.395,0.09749999999999992,0.0303350724405625,3,512
stable_types,245,ema,2,0.44375000000000003,0.2,0.24374999999999997,0.0343864376704808,16,512
stable_types,245,failure_age,2,0.44375000000000003,0.2,0.24374999999999997,0.04178593794162146,16,512
stable_types,245,route_history,2,0.44375000000000003,0.2,0.24374999999999997,0.008292764749194681,16,512
stable_types,245,shuffled_history,2,0.44375000000000003,0.2,0.24374999999999997,0.04054215396145953,16,512
stable_types,245,oracle,6,0.6875,0.98,0.0,0.0,8,512
stable_types,246,last_contact,0,0.54125,0.5900000000000001,0.2437499999999999,0.032033918534312505,3,512
stable_types,246,ema,1,0.7849999999999999,0.2,0.0,0.023538168884967393,20,512
stable_types,246,failure_age,1,0.7849999999999999,0.2,0.0,0.023531569485441377,20,512
stable_types,246,route_history,1,0.7849999999999999,0.2,0.0,0.006741341436921792,20,512
stable_types,246,shuffled_history,1,0.7849999999999999,0.2,0.0,0.020869984360720812,20,512
stable_types,246,oracle,1,0.7849999999999999,0.2,0.0,0.0,20,512
stable_types,247,last_contact,5,0.395,0.2,0.585,0.05856510970618749,7,512
stable_types,247,ema,4,0.98,0.98,0.0,0.04035357611575041,17,512
stable_types,247,failure_age,4,0.98,0.98,0.0,0.03987998383607474,17,512
stable_types,247,route_history,4,0.98,0.98,0.0,0.01194113918093581,17,512
stable_types,247,shuffled_history,4,0.98,0.98,0.0,0.03665556850302814,17,512
stable_types,247,oracle,4,0.98,0.98,0.0,0.0,17,512
stable_types,248,last_contact,6,0.395,0.2,0.48750000000000004,0.031151065174937514,8,512
stable_types,248,ema,3,0.7362500000000001,0.2,0.14625,0.02592286880511069,15,512
stable_types,248,failure_age,4,0.8825000000000001,0.5900000000000001,0.0,0.014172684846580793,23,512
stable_types,248,route_history,4,0.8825000000000001,0.5900000000000001,0.0,0.008214711454567996,23,512
stable_types,248,shuffled_history,4,0.8825000000000001,0.5900000000000001,0.0,0.01430484487012205,23,512
stable_types,248,oracle,4,0.8825000000000001,0.5900000000000001,0.0,0.0,23,512
stable_types,249,last_contact,2,0.7362500000000001,0.2,0.0,0.0297242166593125,13,512
stable_types,249,ema,2,0.7362500000000001,0.2,0.0,0.013098710359133361,13,512
stable_types,249,failure_age,6,0.63875,0.2,0.09750000000000003,0.024023237652519,18,512
stable_types,249,route_history,6,0.63875,0.2,0.09750000000000003,0.011153806895339513,18,512
stable_types,249,shuffled_history,6,0.63875,0.2,0.09750000000000003,0.02554890604113609,18,512
stable_types,249,oracle,2,0.7362500000000001,0.2,0.0,0.0,13,512
stable_types,250,last_contact,6,0.5900000000000001,0.395,0.09749999999999992,0.037192762362437494,2,512
stable_types,250,ema,0,0.63875,0.2,0.04874999999999996,0.018765270184376154,12,512
stable_types,250,failure_age,4,0.6875,0.2,0.0,0.030087295288770605,22,512
stable_types,250,route_history,4,0.6875,0.2,0.0,0.012040892113222814,22,512
stable_types,250,shuffled_history,4,0.6875,0.2,0.0,0.03230827020932027,22,512
stable_types,250,oracle,5,0.6875,0.98,0.0,0.0,6,512
stable_types,251,last_contact,4,0.54125,0.5900000000000001,0.19500000000000006,0.04289560134681249,2,512
stable_types,251,ema,2,0.6875,0.2,0.04875000000000007,0.022002476634645697,21,512
stable_types,251,failure_age,2,0.6875,0.2,0.04875000000000007,0.0320400013106255,21,512
stable_types,251,route_history,2,0.6875,0.2,0.04875000000000007,0.007426358708432543,21,512
stable_types,251,shuffled_history,2,0.6875,0.2,0.04875000000000007,0.032577031303566775,21,512
stable_types,251,oracle,5,0.7362500000000001,0.98,0.0,0.0,7,512
stable_types,252,last_contact,6,0.54125,0.2,0.19500000000000006,0.015753554393687502,1,512
stable_types,252,ema,0,0.54125,0.2,0.19500000000000006,0.014391180117644425,14,512
stable_types,252,failure_age,0,0.54125,0.2,0.19500000000000006,0.014392174202534582,14,512
stable_types,252,route_history,1,0.5900000000000001,0.5900000000000001,0.14625,0.006188057668911869,5,512
stable_types,252,shuffled_history,0,0.54125,0.2,0.19500000000000006,0.017269138978010593,14,512
stable_types,252,oracle,7,0.7362500000000001,0.98,0.0,0.0,4,512
stable_types,253,last_contact,6,0.6875,0.2,0.24375000000000013,0.04659872142493752,20,512
stable_types,253,ema,6,0.6875,0.2,0.24375000000000013,0.04411757621234632,20,512
stable_types,253,failure_age,1,0.9312500000000001,0.7849999999999999,0.0,0.024078598932116533,25,512
stable_types,253,route_history,1,0.9312500000000001,0.7849999999999999,0.0,0.00959367181646793,25,512
stable_types,253,shuffled_history,1,0.9312500000000001,0.7849999999999999,0.0,0.024820826078380008,25,512
stable_types,253,oracle,1,0.9312500000000001,0.7849999999999999,0.0,0.0,25,512
stable_types,254,last_contact,1,0.4925,0.2,0.4875,0.041318316424937496,15,512
stable_types,254,ema,1,0.4925,0.2,0.4875,0.03767362010278839,15,512
stable_types,254,failure_age,6,0.98,0.98,0.0,0.03512460609805064,28,512
stable_types,254,route_history,6,0.98,0.98,0.0,0.021939534183586434,28,512
stable_types,254,shuffled_history,6,0.98,0.98,0.0,0.03326377401855976,28,512
stable_types,254,oracle,6,0.98,0.98,0.0,0.0,28,512
stable_types,255,last_contact,2,0.5900000000000001,0.395,0.0,0.03343949681556248,1,512
stable_types,255,ema,6,0.44375000000000003,0.2,0.14625000000000005,0.040352966979273805,12,512
stable_types,255,failure_age,1,0.44375000000000003,0.2,0.14625000000000005,0.028001614771443015,14,512
stable_types,255,route_history,0,0.54125,0.2,0.04875000000000007,0.006665974320479216,4,512
stable_types,255,shuffled_history,1,0.44375000000000003,0.2,0.14625000000000005,0.026690511937911627,14,512
stable_types,255,oracle,2,0.5900000000000001,0.395,0.0,0.0,1,512
stable_types,256,last_contact,5,0.9312500000000001,0.7849999999999999,0.0,0.05824296665931251,15,512
stable_types,256,ema,5,0.9312500000000001,0.7849999999999999,0.0,0.04446535707415326,15,512
stable_types,256,failure_age,5,0.9312500000000001,0.7849999999999999,0.0,0.04877420669267784,15,512
stable_types,256,route_history,7,0.7849999999999999,0.98,0.1462500000000002,0.018960674173553863,7,512
stable_types,256,shuffled_history,5,0.9312500000000001,0.7849999999999999,0.0,0.049600201384454326,15,512
stable_types,256,oracle,5,0.9312500000000001,0.7849999999999999,0.0,0.0,15,512
stable_types,257,last_contact,3,0.7362500000000001,0.2,0.0,0.03295020220618751,23,512
stable_types,257,ema,3,0.7362500000000001,0.2,0.0,0.009776911073141985,23,512
stable_types,257,failure_age,3,0.7362500000000001,0.2,0.0,0.019025075983069017,23,512
stable_types,257,route_history,3,0.7362500000000001,0.2,0.0,0.007016559826500234,23,512
stable_types,257,shuffled_history,3,0.7362500000000001,0.2,0.0,0.017534742861245074,23,512
stable_types,257,oracle,3,0.7362500000000001,0.2,0.0,0.0,23,512
stable_types,258,last_contact,1,0.83375,0.395,0.14625,0.09046483673743752,18,512
stable_types,258,ema,1,0.83375,0.395,0.14625,0.059206876232887826,18,512
stable_types,258,failure_age,7,0.83375,0.395,0.14625,0.04394686565822385,24,512
stable_types,258,route_history,7,0.83375,0.395,0.14625,0.01618617849550231,24,512
stable_types,258,shuffled_history,7,0.83375,0.395,0.14625,0.04471038099813483,24,512
stable_types,258,oracle,3,0.98,0.98,0.0,0.0,16,512
stable_types,259,last_contact,0,0.63875,0.395,0.09750000000000003,0.04736001361243749,3,512
stable_types,259,ema,3,0.5900000000000001,0.98,0.14625,0.03336783438899339,6,512
stable_types,259,failure_age,3,0.5900000000000001,0.98,0.14625,0.03921660076064637,6,512
stable_types,259,route_history,3,0.5900000000000001,0.98,0.14625,0.007019577552174617,6,512
stable_types,259,shuffled_history,3,0.5900000000000001,0.98,0.14625,0.03744066049893393,6,512
stable_types,259,oracle,2,0.7362500000000001,0.7849999999999999,0.0,0.0,3,512
stable_types,260,last_contact,3,0.7362500000000001,0.7849999999999999,0.0,0.008557006268687512,6,512
stable_types,260,ema,2,0.63875,0.2,0.09750000000000003,0.011154360349153887,20,512
stable_types,260,failure_age,2,0.63875,0.2,0.09750000000000003,0.012658861928116695,20,512
stable_types,260,route_history,2,0.63875,0.2,0.09750000000000003,0.00510435625977482,20,512
stable_types,260,shuffled_history,2,0.63875,0.2,0.09750000000000003,0.011910348603140462,20,512
stable_types,260,oracle,3,0.7362500000000001,0.7849999999999999,0.0,0.0,6,512
stable_types,261,last_contact,5,0.5900000000000001,0.98,0.19499999999999984,0.02558194744056249,7,512
stable_types,261,ema,6,0.395,0.2,0.3899999999999999,0.05179345403649332,14,512
stable_types,261,failure_age,4,0.6875,0.2,0.09749999999999992,0.026126665517219684,22,512
stable_types,261,route_history,4,0.6875,0.2,0.09749999999999992,0.026454253614926197,22,512
stable_types,261,shuffled_history,4,0.6875,0.2,0.09749999999999992,0.02531697835996967,22,512
stable_types,261,oracle,0,0.7849999999999999,0.2,0.0,0.0,14,512
stable_types,262,last_contact,3,0.9312500000000001,0.7849999999999999,0.0,0.06887063728431253,27,512
stable_types,262,ema,3,0.9312500000000001,0.7849999999999999,0.0,0.03114952272068968,27,512
stable_types,262,failure_age,3,0.9312500000000001,0.7849999999999999,0.0,0.021687764251616767,27,512
stable_types,262,route_history,3,0.9312500000000001,0.7849999999999999,0.0,0.009724067963374558,27,512
stable_types,262,shuffled_history,3,0.9312500000000001,0.7849999999999999,0.0,0.023455875133448288,27,512
stable_types,262,oracle,3,0.9312500000000001,0.7849999999999999,0.0,0.0,27,512
stable_types,263,last_contact,6,0.98,0.98,0.0,0.051456692440562536,23,512
stable_types,263,ema,6,0.98,0.98,0.0,0.03018372938701207,23,512
stable_types,263,failure_age,6,0.98,0.98,0.0,0.01709156592319236,23,512
stable_types,263,route_history,6,0.98,0.98,0.0,0.008612180365889878,23,512
stable_types,263,shuffled_history,6,0.98,0.98,0.0,0.0170210189670301,23,512
stable_types,263,oracle,6,0.98,0.98,0.0,0.0,23,512
stable_types,264,last_contact,2,0.2,0.2,0.78,0.05997524306556251,3,512
stable_types,264,ema,3,0.5900000000000001,0.2,0.3899999999999999,0.044661583277195105,19,512
stable_types,264,failure_age,1,0.98,0.98,0.0,0.04225757679493279,20,512
stable_types,264,route_history,1,0.98,0.98,0.0,0.012753044749694105,20,512
stable_types,264,shuffled_history,1,0.98,0.98,0.0,0.04043812188429745,20,512
stable_types,264,oracle,1,0.98,0.98,0.0,0.0,20,512
stable_types,265,last_contact,6,0.54125,0.7849999999999999,0.3900000000000001,0.04070746064368751,3,512
stable_types,265,ema,1,0.44375000000000003,0.2,0.4875000000000001,0.036198310700191534,17,512
stable_types,265,failure_age,5,0.9312500000000001,0.7849999999999999,0.0,0.025240496720714593,25,512
stable_types,265,route_history,5,0.9312500000000001,0.7849999999999999,0.0,0.01082494714396925,25,512
stable_types,265,shuffled_history,5,0.9312500000000001,0.7849999999999999,0.0,0.024101308083372724,25,512
stable_types,265,oracle,5,0.9312500000000001,0.7849999999999999,0.0,0.0,25,512
stable_types,266,last_contact,3,0.44375000000000003,0.2,0.29250000000000004,0.014565273143687503,17,512
stable_types,266,ema,3,0.44375000000000003,0.2,0.29250000000000004,0.025622403099726437,17,512
stable_types,266,failure_age,3,0.44375000000000003,0.2,0.29250000000000004,0.016815268248579478,17,512
stable_types,266,route_history,3,0.44375000000000003,0.2,0.29250000000000004,0.016345957994751747,17,512
stable_types,266,shuffled_history,3,0.44375000000000003,0.2,0.29250000000000004,0.016805654521065687,17,512
stable_types,266,oracle,4,0.7362500000000001,0.2,0.0,0.0,14,512
stable_types,267,last_contact,4,0.7362500000000001,0.98,0.2437499999999999,0.03551518650306251,8,512
stable_types,267,ema,7,0.98,0.98,0.0,0.027009849844456126,18,512
stable_types,267,failure_age,7,0.98,0.98,0.0,0.028585027400428942,18,512
stable_types,267,route_history,7,0.98,0.98,0.0,0.020475758610055055,18,512
stable_types,267,shuffled_history,7,0.98,0.98,0.0,0.03020542004711365,18,512
stable_types,267,oracle,7,0.98,0.98,0.0,0.0,18,512
stable_types,268,last_contact,3,0.63875,0.2,0.34124999999999994,0.05542725501868751,13,512
stable_types,268,ema,3,0.63875,0.2,0.34124999999999994,0.028710722276609358,13,512
stable_types,268,failure_age,4,0.98,0.98,0.0,0.023723255759864267,20,512
stable_types,268,route_history,4,0.98,0.98,0.0,0.017352213947875297,20,512
stable_types,268,shuffled_history,4,0.98,0.98,0.0,0.023733975378747996,20,512
stable_types,268,oracle,4,0.98,0.98,0.0,0.0,20,512
stable_types,269,last_contact,2,0.4925,0.2,0.4875,0.039624025409312515,2,512
stable_types,269,ema,6,0.7362500000000001,0.2,0.2437499999999999,0.02607721064220383,17,512
stable_types,269,failure_age,5,0.98,0.98,0.0,0.02360351420673582,25,512
stable_types,269,route_history,5,0.98,0.98,0.0,0.009290833990348912,25,512
stable_types,269,shuffled_history,5,0.98,0.98,0.0,0.021678071061768667,25,512
stable_types,269,oracle,5,0.98,0.98,0.0,0.0,25,512
stable_types,270,last_contact,5,0.63875,0.5900000000000001,0.04874999999999996,0.021134250331187494,3,512
stable_types,270,ema,7,0.44375000000000003,0.2,0.24374999999999997,0.022158704070680893,16,512
stable_types,270,failure_age,7,0.44375000000000003,0.2,0.24374999999999997,0.025388732226362166,16,512
stable_types,270,route_history,7,0.44375000000000003,0.2,0.24374999999999997,0.009577403984444344,16,512
stable_types,270,shuffled_history,7,0.44375000000000003,0.2,0.24374999999999997,0.02792020429681696,16,512
stable_types,270,oracle,6,0.6875,0.2,0.0,0.0,15,512
stable_types,271,last_contact,2,0.2975,0.2,0.6825,0.07941017704993748,14,512
stable_types,271,ema,2,0.2975,0.2,0.6825,0.07278393575438466,14,512
stable_types,271,failure_age,6,0.98,0.98,0.0,0.059323608035456804,26,512
stable_types,271,route_history,6,0.98,0.98,0.0,0.028737642628330673,26,512
stable_types,271,shuffled_history,6,0.98,0.98,0.0,0.060410430926870234,26,512
stable_types,271,oracle,6,0.98,0.98,0.0,0.0,26,512
stable_types,272,last_contact,2,0.4925,0.2,0.195,0.019979399393687494,1,512
stable_types,272,ema,5,0.44375000000000003,0.2,0.24374999999999997,0.030732039180843662,14,512
stable_types,272,failure_age,5,0.44375000000000003,0.2,0.24374999999999997,0.022054267641542218,14,512
stable_types,272,route_history,0,0.4925,0.395,0.195,0.006679828225596918,5,512
stable_types,272,shuffled_history,5,0.44375000000000003,0.2,0.24374999999999997,0.023492692611865616,14,512
stable_types,272,oracle,1,0.6875,0.7849999999999999,0.0,0.0,5,512
stable_types,273,last_contact,1,0.5900000000000001,0.2,0.2925,0.026908505018687513,4,512
stable_types,273,ema,3,0.6875,0.2,0.19500000000000006,0.01593031960501528,15,512
stable_types,273,failure_age,0,0.8825000000000001,0.5900000000000001,0.0,0.012777048777315789,21,512
stable_types,273,route_history,0,0.8825000000000001,0.5900000000000001,0.0,0.01133468144824591,21,512
stable_types,273,shuffled_history,0,0.8825000000000001,0.5900000000000001,0.0,0.012751529101263738,21,512
stable_types,273,oracle,0,0.8825000000000001,0.5900000000000001,0.0,0.0,21,512
stable_types,274,last_contact,7,0.9312500000000001,0.7849999999999999,0.0,0.05377855439368751,20,512
stable_types,274,ema,7,0.9312500000000001,0.7849999999999999,0.0,0.030827244808190445,20,512
stable_types,274,failure_age,7,0.9312500000000001,0.7849999999999999,0.0,0.03202379517808816,20,512
stable_types,274,route_history,7,0.9312500000000001,0.7849999999999999,0.0,0.008106144905343327,20,512
stable_types,274,shuffled_history,7,0.9312500000000001,0.7849999999999999,0.0,0.03288128947413711,20,512
stable_types,274,oracle,7,0.9312500000000001,0.7849999999999999,0.0,0.0,20,512
stable_types,275,last_contact,2,0.5900000000000001,0.2,0.09749999999999992,0.0187242575186875,9,512
stable_types,275,ema,4,0.63875,0.2,0.04874999999999996,0.01987057937990902,19,512
stable_types,275,failure_age,4,0.63875,0.2,0.04874999999999996,0.01907726698296383,19,512
stable_types,275,route_history,4,0.63875,0.2,0.04874999999999996,0.010153470429044636,19,512
stable_types,275,shuffled_history,4,0.63875,0.2,0.04874999999999996,0.017693429611752257,19,512
stable_types,275,oracle,5,0.6875,0.98,0.0,0.0,8,512
stable_types,276,last_contact,5,0.54125,0.2,0.19500000000000006,0.05038086220618748,1,512
stable_types,276,ema,3,0.44375000000000003,0.2,0.29250000000000004,0.04825140202428342,13,512
stable_types,276,failure_age,3,0.44375000000000003,0.2,0.29250000000000004,0.04411605390678189,13,512
stable_types,276,route_history,1,0.7362500000000001,0.98,0.0,0.006964577076486275,5,512
stable_types,276,shuffled_history,4,0.4925,0.2,0.24375000000000008,0.04081826992685905,13,512
stable_types,276,oracle,1,0.7362500000000001,0.98,0.0,0.0,5,512
stable_types,277,last_contact,4,0.54125,0.395,0.43875,0.03705904111243751,4,512
stable_types,277,ema,0,0.5900000000000001,0.2,0.3899999999999999,0.02747610926255009,15,512
stable_types,277,failure_age,3,0.98,0.98,0.0,0.02452309238044021,17,512
stable_types,277,route_history,3,0.98,0.98,0.0,0.011537968389944408,17,512
stable_types,277,shuffled_history,3,0.98,0.98,0.0,0.02585476901228042,17,512
stable_types,277,oracle,3,0.98,0.98,0.0,0.0,17,512
stable_types,278,last_contact,3,0.7362500000000001,0.2,0.2437499999999999,0.0632346589249375,17,512
stable_types,278,ema,3,0.7362500000000001,0.2,0.2437499999999999,0.04288039502378835,17,512
stable_types,278,failure_age,6,0.98,0.98,0.0,0.03930161226696893,20,512
stable_types,278,route_history,6,0.98,0.98,0.0,0.009983249902469767,20,512
stable_types,278,shuffled_history,6,0.98,0.98,0.0,0.035274599846415254,20,512
stable_types,278,oracle,6,0.98,0.98,0.0,0.0,20,512
stable_types,279,last_contact,7,0.63875,0.5900000000000001,0.0,0.04882029244056249,2,512
stable_types,279,ema,2,0.2,0.2,0.43875000000000003,0.04420779601505505,6,512
stable_types,279,failure_age,1,0.63875,0.5900000000000001,0.0,0.050841010262674124,4,512
stable_types,279,route_history,3,0.63875,0.5900000000000001,0.0,0.012963316514182933,6,512
stable_types,279,shuffled_history,2,0.2,0.2,0.43875000000000003,0.054160570728438495,6,512
stable_types,279,oracle,7,0.63875,0.5900000000000001,0.0,0.0,2,512
stable_types,280,last_contact,6,0.44375000000000003,0.2,0.3412499999999999,0.02482065525306251,14,512
stable_types,280,ema,6,0.44375000000000003,0.2,0.3412499999999999,0.020029551947515198,14,512
stable_types,280,failure_age,1,0.7849999999999999,0.2,0.0,0.014671979514922419,22,512
stable_types,280,route_history,1,0.7849999999999999,0.2,0.0,0.00757080258515439,22,512
stable_types,280,shuffled_history,1,0.7849999999999999,0.2,0.0,0.013517692435289592,22,512
stable_types,280,oracle,1,0.7849999999999999,0.2,0.0,0.0,22,512
stable_types,281,last_contact,7,0.98,0.98,0.0,0.0702640554874375,25,512
stable_types,281,ema,7,0.98,0.98,0.0,0.043287007601126165,25,512
stable_types,281,failure_age,7,0.98,0.98,0.0,0.030605579526555377,25,512
stable_types,281,route_history,7,0.98,0.98,0.0,0.014226868753058229,25,512
stable_types,281,shuffled_history,7,0.98,0.98,0.0,0.02837723310342292,25,512
stable_types,281,oracle,7,0.98,0.98,0.0,0.0,25,512
stable_types,282,last_contact,5,0.2,0.2,0.5362500000000001,0.04051903884681249,5,512
stable_types,282,ema,7,0.395,0.2,0.34125000000000005,0.04341825392501131,12,512
stable_types,282,failure_age,4,0.63875,0.7849999999999999,0.09750000000000003,0.026203803996795033,4,512
stable_types,282,route_history,2,0.7362500000000001,0.98,0.0,0.009853971071186112,5,512
stable_types,282,shuffled_history,1,0.54125,0.395,0.19500000000000006,0.0270210775803873,3,512
stable_types,282,oracle,2,0.7362500000000001,0.98,0.0,0.0,5,512
stable_types,283,last_contact,5,0.4925,0.2,0.2924999999999999,0.05296256165931249,3,512
stable_types,283,ema,2,0.7849999999999999,0.2,0.0,0.03413808598165591,16,512
stable_types,283,failure_age,2,0.7849999999999999,0.2,0.0,0.032807112546064346,16,512
stable_types,283,route_history,2,0.7849999999999999,0.2,0.0,0.007056577712344763,16,512
stable_types,283,shuffled_history,2,0.7849999999999999,0.2,0.0,0.031097134472802358,16,512
stable_types,283,oracle,2,0.7849999999999999,0.2,0.0,0.0,16,512
stable_types,284,last_contact,2,0.98,0.98,0.0,0.05220126947181251,21,512
stable_types,284,ema,2,0.98,0.98,0.0,0.040631480275481205,21,512
stable_types,284,failure_age,2,0.98,0.98,0.0,0.026428088420757036,21,512
stable_types,284,route_history,2,0.98,0.98,0.0,0.007651461600501361,21,512
stable_types,284,shuffled_history,2,0.98,0.98,0.0,0.0282655705668201,21,512
stable_types,284,oracle,2,0.98,0.98,0.0,0.0,21,512
stable_types,285,last_contact,2,0.54125,0.395,0.2437499999999999,0.029674071190562493,1,512
stable_types,285,ema,5,0.63875,0.2,0.14624999999999988,0.02565246407906505,13,512
stable_types,285,failure_age,6,0.7849999999999999,0.2,0.0,0.026156475164953938,20,512
stable_types,285,route_history,6,0.7849999999999999,0.2,0.0,0.006814942137459527,20,512
stable_types,285,shuffled_history,6,0.7849999999999999,0.2,0.0,0.027012952645025255,20,512
stable_types,285,oracle,1,0.7849999999999999,0.98,0.0,0.0,8,512
stable_types,286,last_contact,1,0.5900000000000001,0.395,0.14625,0.006757869237437514,1,512
stable_types,286,ema,4,0.7362500000000001,0.7849999999999999,0.0,0.021485461844378363,5,512
stable_types,286,failure_age,0,0.5900000000000001,0.2,0.14625,0.01170878627580362,4,512
stable_types,286,route_history,7,0.63875,0.5900000000000001,0.09750000000000003,0.0035522761150439857,6,512
stable_types,286,shuffled_history,0,0.5900000000000001,0.2,0.14625,0.010418408173512396,4,512
stable_types,286,oracle,4,0.7362500000000001,0.7849999999999999,0.0,0.0,5,512
stable_types,287,last_contact,4,0.5900000000000001,0.2,0.3899999999999999,0.06372850861243753,17,512
stable_types,287,ema,4,0.5900000000000001,0.2,0.3899999999999999,0.040526646510953876,17,512
stable_types,287,failure_age,0,0.98,0.98,0.0,0.03149128717299703,27,512
stable_types,287,route_history,0,0.98,0.98,0.0,0.014263195879785988,27,512
stable_types,287,shuffled_history,0,0.98,0.98,0.0,0.030658277270572836,27,512
stable_types,287,oracle,0,0.98,0.98,0.0,0.0,27,512
stable_types,288,last_contact,5,0.2,0.2,0.78,0.0712471997843125,4,512
stable_types,288,ema,7,0.83375,0.395,0.14625,0.042783860231124606,17,512
stable_types,288,failure_age,0,0.7362500000000001,0.2,0.2437499999999999,0.03789394083486821,21,512
stable_types,288,route_history,0,0.7362500000000001,0.2,0.2437499999999999,0.014810650042730593,21,512
stable_types,288,shuffled_history,0,0.7362500000000001,0.2,0.2437499999999999,0.04117477146484286,21,512
stable_types,288,oracle,6,0.98,0.98,0.0,0.0,20,512
stable_types,289,last_contact,3,0.4925,0.395,0.14625000000000005,0.03934747275306249,3,512
stable_types,289,ema,4,0.2,0.2,0.43875000000000003,0.03825670690601106,7,512
stable_types,289,failure_age,7,0.54125,0.7849999999999999,0.09750000000000003,0.03427325547388689,4,512
stable_types,289,route_history,0,0.63875,0.98,0.0,0.009017702457463833,6,512
stable_types,289,shuffled_history,7,0.54125,0.7849999999999999,0.09750000000000003,0.0395929154544796,4,512
stable_types,289,oracle,6,0.63875,0.395,0.0,0.0,2,512
stable_types,290,last_contact,4,0.63875,0.5900000000000001,0.34124999999999994,0.0521845543155625,4,512
stable_types,290,ema,6,0.98,0.98,0.0,0.030449972675430884,28,512
stable_types,290,failure_age,6,0.98,0.98,0.0,0.02600767913376268,28,512
stable_types,290,route_history,6,0.98,0.98,0.0,0.013458287545180473,28,512
stable_types,290,shuffled_history,6,0.98,0.98,0.0,0.021578884836295154,28,512
stable_types,290,oracle,6,0.98,0.98,0.0,0.0,28,512
stable_types,291,last_contact,5,0.6875,0.5900000000000001,0.19500000000000006,0.026314364393687523,6,512
stable_types,291,ema,0,0.8825000000000001,0.5900000000000001,0.0,0.034533822275208,24,512
stable_types,291,failure_age,0,0.8825000000000001,0.5900000000000001,0.0,0.02563006583794955,24,512
stable_types,291,route_history,0,0.8825000000000001,0.5900000000000001,0.0,0.01448792042820814,24,512
stable_types,291,shuffled_history,0,0.8825000000000001,0.5900000000000001,0.0,0.02408616086651715,24,512
stable_types,291,oracle,0,0.8825000000000001,0.5900000000000001,0.0,0.0,24,512
stable_types,292,last_contact,6,0.44375000000000003,0.2,0.3412499999999999,0.033527627674937506,1,512
stable_types,292,ema,3,0.4925,0.2,0.2924999999999999,0.03145086538460972,12,512
stable_types,292,failure_age,1,0.7849999999999999,0.98,0.0,0.036204169813477606,5,512
stable_types,292,route_history,7,0.7362500000000001,0.7849999999999999,0.04874999999999985,0.015201249008801543,5,512
stable_types,292,shuffled_history,1,0.7849999999999999,0.98,0.0,0.03533291184352489,5,512
stable_types,292,oracle,1,0.7849999999999999,0.98,0.0,0.0,5,512
stable_types,293,last_contact,5,0.5900000000000001,0.395,0.2437499999999999,0.04107974915931249,4,512
stable_types,293,ema,0,0.2975,0.2,0.53625,0.04829621884195465,12,512
stable_types,293,failure_age,1,0.83375,0.395,0.0,0.024161603635819078,21,512
stable_types,293,route_history,1,0.83375,0.395,0.0,0.007620876997486183,21,512
stable_types,293,shuffled_history,1,0.83375,0.395,0.0,0.02391359328716597,21,512
stable_types,293,oracle,1,0.83375,0.395,0.0,0.0,21,512
stable_types,294,last_contact,7,0.54125,0.2,0.43875,0.0469710099405625,7,512
stable_types,294,ema,0,0.5900000000000001,0.2,0.3899999999999999,0.047459845299002476,20,512
stable_types,294,failure_age,0,0.5900000000000001,0.2,0.3899999999999999,0.02279006043106618,20,512
stable_types,294,route_history,0,0.5900000000000001,0.2,0.3899999999999999,0.029230895105899542,20,512
stable_types,294,shuffled_history,0,0.5900000000000001,0.2,0.3899999999999999,0.02476910929241188,20,512
stable_types,294,oracle,2,0.98,0.98,0.0,0.0,18,512
stable_types,295,last_contact,3,0.5900000000000001,0.2,0.34125000000000005,0.05613840173743751,2,512
stable_types,295,ema,7,0.9312500000000001,0.7849999999999999,0.0,0.0432741389270702,26,512
stable_types,295,failure_age,7,0.9312500000000001,0.7849999999999999,0.0,0.0385484557972268,26,512
stable_types,295,route_history,7,0.9312500000000001,0.7849999999999999,0.0,0.006207954393988996,26,512
stable_types,295,shuffled_history,7,0.9312500000000001,0.7849999999999999,0.0,0.03549730741607671,26,512
stable_types,295,oracle,7,0.9312500000000001,0.7849999999999999,0.0,0.0,26,512
stable_types,296,last_contact,0,0.63875,0.7849999999999999,0.0,0.033627918612437496,7,512
stable_types,296,ema,4,0.4925,0.2,0.14625000000000005,0.0503379529938113,12,512
stable_types,296,failure_age,5,0.2,0.2,0.43875000000000003,0.03646442464972261,4,512
stable_types,296,route_history,2,0.63875,0.5900000000000001,0.0,0.004166497764487688,6,512
stable_types,296,shuffled_history,2,0.63875,0.5900000000000001,0.0,0.03694585253454093,6,512
stable_types,296,oracle,0,0.63875,0.7849999999999999,0.0,0.0,7,512
stable_types,297,last_contact,5,0.2,0.2,0.585,0.05241856650306248,2,512
stable_types,297,ema,4,0.4925,0.2,0.2924999999999999,0.03805174276033996,15,512
stable_types,297,failure_age,4,0.4925,0.2,0.2924999999999999,0.04555994016924715,15,512
stable_types,297,route_history,4,0.4925,0.2,0.2924999999999999,0.012277468163245483,15,512
stable_types,297,shuffled_history,4,0.4925,0.2,0.2924999999999999,0.04124463698177694,15,512
stable_types,297,oracle,6,0.7849999999999999,0.98,0.0,0.0,7,512
stable_types,298,last_contact,2,0.7362500000000001,0.2,0.0,0.05306285259681248,15,512
stable_types,298,ema,2,0.7362500000000001,0.2,0.0,0.05019128638501897,15,512
stable_types,298,failure_age,2,0.7362500000000001,0.2,0.0,0.04517391641856728,15,512
stable_types,298,route_history,2,0.7362500000000001,0.2,0.0,0.018755985773100912,15,512
stable_types,298,shuffled_history,2,0.7362500000000001,0.2,0.0,0.041612882469611506,15,512
stable_types,298,oracle,2,0.7362500000000001,0.2,0.0,0.0,15,512
stable_types,299,last_contact,5,0.63875,0.5900000000000001,0.09750000000000003,0.021711675799937505,4,512
stable_types,299,ema,0,0.7362500000000001,0.2,0.0,0.03555991141084737,16,512
stable_types,299,failure_age,0,0.7362500000000001,0.2,0.0,0.021143998310327653,16,512
stable_types,299,route_history,0,0.7362500000000001,0.2,0.0,0.021821450141149713,16,512
stable_types,299,shuffled_history,0,0.7362500000000001,0.2,0.0,0.020315548160703672,16,512
stable_types,299,oracle,0,0.7362500000000001,0.2,0.0,0.0,16,512
stable_types,300,last_contact,6,0.83375,0.395,0.14625,0.07968672970618751,20,512
stable_types,300,ema,6,0.83375,0.395,0.14625,0.05142795187455778,20,512
stable_types,300,failure_age,4,0.98,0.98,0.0,0.01872086288051728,27,512
stable_types,300,route_history,4,0.98,0.98,0.0,0.008172580591513053,27,512
stable_types,300,shuffled_history,4,0.98,0.98,0.0,0.019602818183804036,27,512
stable_types,300,oracle,4,0.98,0.98,0.0,0.0,27,512
stable_types,301,last_contact,4,0.4925,0.2,0.195,0.021728390956187494,13,512
stable_types,301,ema,4,0.4925,0.2,0.195,0.018634920636843903,13,512
stable_types,301,failure_age,7,0.6875,0.2,0.0,0.016087927045876277,19,512
stable_types,301,route_history,7,0.6875,0.2,0.0,0.0037803818516705646,19,512
stable_types,301,shuffled_history,7,0.6875,0.2,0.0,0.019898968627653765,19,512
stable_types,301,oracle,7,0.6875,0.2,0.0,0.0,19,512
stable_types,302,last_contact,3,0.4925,0.2,0.4875,0.06257365767493751,14,512
stable_types,302,ema,3,0.4925,0.2,0.4875,0.03723158101811569,14,512
stable_types,302,failure_age,2,0.98,0.98,0.0,0.021157006127308628,26,512
stable_types,302,route_history,2,0.98,0.98,0.0,0.00757922201500273,26,512
stable_types,302,shuffled_history,2,0.98,0.98,0.0,0.02301850745329629,26,512
stable_types,302,oracle,2,0.98,0.98,0.0,0.0,26,512
stable_types,303,last_contact,1,0.2,0.2,0.43875000000000003,0.034899775643687486,5,512
stable_types,303,ema,1,0.2,0.2,0.43875000000000003,0.02391281650637799,5,512
stable_types,303,failure_age,0,0.395,0.2,0.24375000000000002,0.03523495829212855,4,512
stable_types,303,route_history,4,0.54125,0.2,0.09750000000000003,0.014109304527952945,4,512
stable_types,303,shuffled_history,0,0.395,0.2,0.24375000000000002,0.036770690261797814,4,512
stable_types,303,oracle,5,0.63875,0.2,0.0,0.0,9,512
stable_types,304,last_contact,1,0.395,0.2,0.5362500000000001,0.035481756190562534,15,512
stable_types,304,ema,1,0.395,0.2,0.5362500000000001,0.03143962475573507,15,512
stable_types,304,failure_age,0,0.9312500000000001,0.7849999999999999,0.0,0.039161778572119,16,512
stable_types,304,route_history,0,0.9312500000000001,0.7849999999999999,0.0,0.030355801118970543,16,512
stable_types,304,shuffled_history,0,0.9312500000000001,0.7849999999999999,0.0,0.03664865524724979,16,512
stable_types,304,oracle,0,0.9312500000000001,0.7849999999999999,0.0,0.0,16,512
stable_types,305,last_contact,0,0.5900000000000001,0.2,0.19499999999999984,0.0097620026749375,11,512
stable_types,305,ema,0,0.5900000000000001,0.2,0.19499999999999984,0.013521172755105637,11,512
stable_types,305,failure_age,6,0.5900000000000001,0.2,0.19499999999999984,0.014724139547289836,18,512
stable_types,305,route_history,6,0.5900000000000001,0.2,0.19499999999999984,0.01258481098500473,18,512
stable_types,305,shuffled_history,6,0.5900000000000001,0.2,0.19499999999999984,0.013986106389754843,18,512
stable_types,305,oracle,2,0.7849999999999999,0.2,0.0,0.0,17,512
stable_types,306,last_contact,2,0.63875,0.395,0.14624999999999988,0.05742697392493749,2,512
stable_types,306,ema,5,0.7362500000000001,0.2,0.04874999999999985,0.03348052201559264,23,512
stable_types,306,failure_age,5,0.7362500000000001,0.2,0.04874999999999985,0.03956603852313387,23,512
stable_types,306,route_history,5,0.7362500000000001,0.2,0.04874999999999985,0.008117681555440633,23,512
stable_types,306,shuffled_history,5,0.7362500000000001,0.2,0.04874999999999985,0.03983558718185262,23,512
stable_types,306,oracle,6,0.7849999999999999,0.2,0.0,0.0,20,512
stable_types,307,last_contact,7,0.34625,0.2,0.34125,0.027703227518687493,4,512
stable_types,307,ema,2,0.54125,0.2,0.14625,0.023630156042078097,12,512
stable_types,307,failure_age,7,0.34625,0.2,0.34125,0.026732365424514935,4,512
stable_types,307,route_history,0,0.6875,0.98,0.0,0.01116931045170818,6,512
stable_types,307,shuffled_history,0,0.6875,0.98,0.0,0.027128641659181066,6,512
stable_types,307,oracle,4,0.6875,0.7849999999999999,0.0,0.0,4,512
stable_types,308,last_contact,0,0.7362500000000001,0.2,0.0,0.030895782753062505,15,512
stable_types,308,ema,0,0.7362500000000001,0.2,0.0,0.04438553196744598,15,512
stable_types,308,failure_age,1,0.7362500000000001,0.2,0.0,0.020470621801666956,20,512
stable_types,308,route_history,1,0.7362500000000001,0.2,0.0,0.017743812764904218,20,512
stable_types,308,shuffled_history,1,0.7362500000000001,0.2,0.0,0.02120131179871716,20,512
stable_types,308,oracle,0,0.7362500000000001,0.2,0.0,0.0,15,512
stable_types,309,last_contact,4,0.6875,0.2,0.0,0.005941876503062499,16,512
stable_types,309,ema,4,0.6875,0.2,0.0,0.005958032064948512,16,512
stable_types,309,failure_age,4,0.6875,0.2,0.0,0.004933343552520745,16,512
stable_types,309,route_history,4,0.6875,0.2,0.0,0.0026478169386872498,16,512
stable_types,309,shuffled_history,4,0.6875,0.2,0.0,0.004732399010315802,16,512
stable_types,309,oracle,4,0.6875,0.2,0.0,0.0,16,512
stable_types,310,last_contact,5,0.4925,0.2,0.24375000000000008,0.040146750331187496,1,512
stable_types,310,ema,3,0.6875,0.2,0.04875000000000007,0.03219053436986376,19,512
stable_types,310,failure_age,3,0.6875,0.2,0.04875000000000007,0.026764910513179016,19,512
stable_types,310,route_history,3,0.6875,0.2,0.04875000000000007,0.009612248116941656,19,512
stable_types,310,shuffled_history,3,0.6875,0.2,0.04875000000000007,0.025083338093057368,19,512
stable_types,310,oracle,2,0.7362500000000001,0.98,0.0,0.0,6,512
stable_types,311,last_contact,6,0.4925,0.2,0.4875,0.0682764966593125,1,512
stable_types,311,ema,0,0.98,0.98,0.0,0.0274191658177666,19,512
stable_types,311,failure_age,4,0.98,0.98,0.0,0.018962727108125757,23,512
stable_types,311,route_history,4,0.98,0.98,0.0,0.011413452479125293,23,512
stable_types,311,shuffled_history,4,0.98,0.98,0.0,0.020540332796279953,23,512
stable_types,311,oracle,0,0.98,0.98,0.0,0.0,19,512
stable_types,312,last_contact,6,0.395,0.2,0.48750000000000004,0.022766235799937518,16,512
stable_types,312,ema,6,0.395,0.2,0.48750000000000004,0.02434247710331126,16,512
stable_types,312,failure_age,7,0.63875,0.2,0.24375000000000002,0.0292774289571456,20,512
stable_types,312,route_history,7,0.63875,0.2,0.24375000000000002,0.023801340322765527,20,512
stable_types,312,shuffled_history,7,0.63875,0.2,0.24375000000000002,0.027325268089356057,20,512
stable_types,312,oracle,4,0.8825000000000001,0.5900000000000001,0.0,0.0,18,512
stable_types,313,last_contact,7,0.2,0.2,0.585,0.08066531892493747,8,512
stable_types,313,ema,2,0.7849999999999999,0.2,0.0,0.05506556133495624,21,512
stable_types,313,failure_age,2,0.7849999999999999,0.2,0.0,0.06108899891357125,21,512
stable_types,313,route_history,2,0.7849999999999999,0.2,0.0,0.02150141253378596,21,512
stable_types,313,shuffled_history,2,0.7849999999999999,0.2,0.0,0.06463491985062174,21,512
stable_types,313,oracle,2,0.7849999999999999,0.2,0.0,0.0,21,512
stable_types,314,last_contact,3,0.6875,0.7849999999999999,0.19500000000000006,0.04097945822181251,4,512
stable_types,314,ema,1,0.6875,0.2,0.19500000000000006,0.019843868433290744,12,512
stable_types,314,failure_age,6,0.8825000000000001,0.5900000000000001,0.0,0.0229537879542909,23,512
stable_types,314,route_history,6,0.8825000000000001,0.5900000000000001,0.0,0.00954918210215063,23,512
stable_types,314,shuffled_history,6,0.8825000000000001,0.5900000000000001,0.0,0.023762722244174472,23,512
stable_types,314,oracle,6,0.8825000000000001,0.5900000000000001,0.0,0.0,23,512
stable_types,315,last_contact,0,0.54125,0.2,0.2925,0.062012947362437496,2,512
stable_types,315,ema,2,0.7849999999999999,0.2,0.04875000000000007,0.03347220862858395,14,512
stable_types,315,failure_age,5,0.7849999999999999,0.2,0.04875000000000007,0.043440668734713486,23,512
stable_types,315,route_history,5,0.7849999999999999,0.2,0.04875000000000007,0.015606901236941613,23,512
stable_types,315,shuffled_history,5,0.7849999999999999,0.2,0.04875000000000007,0.0422591661616185,23,512
stable_types,315,oracle,3,0.83375,0.395,0.0,0.0,16,512
stable_types,316,last_contact,4,0.54125,0.7849999999999999,0.09750000000000003,0.0315567840030625,7,512
stable_types,316,ema,1,0.63875,0.5900000000000001,0.0,0.02223777484828024,6,512
stable_types,316,failure_age,5,0.2,0.2,0.43875000000000003,0.028800343343458438,4,512
stable_types,316,route_history,4,0.54125,0.7849999999999999,0.09750000000000003,0.003097517554046637,7,512
stable_types,316,shuffled_history,5,0.2,0.2,0.43875000000000003,0.02903731879354956,4,512
stable_types,316,oracle,1,0.63875,0.5900000000000001,0.0,0.0,6,512
stable_types,317,last_contact,2,0.5900000000000001,0.7849999999999999,0.04874999999999996,0.03247306767493749,3,512
stable_types,317,ema,4,0.5900000000000001,0.2,0.04874999999999996,0.02868935573301848,13,512
stable_types,317,failure_age,4,0.5900000000000001,0.2,0.04874999999999996,0.030566386012621093,13,512
stable_types,317,route_history,6,0.63875,0.98,0.0,0.004133399744053731,5,512
stable_types,317,shuffled_history,4,0.5900000000000001,0.2,0.04874999999999996,0.03156688427328254,13,512
stable_types,317,oracle,6,0.63875,0.98,0.0,0.0,5,512
stable_types,318,last_contact,4,0.6875,0.2,0.14625,0.031795351268687495,11,512
stable_types,318,ema,4,0.6875,0.2,0.14625,0.03536681970017027,11,512
stable_types,318,failure_age,3,0.83375,0.395,0.0,0.020411214746076392,24,512
stable_types,318,route_history,3,0.83375,0.395,0.0,0.022112572475158694,24,512
stable_types,318,shuffled_history,3,0.83375,0.395,0.0,0.020985927481436687,24,512
stable_types,318,oracle,3,0.83375,0.395,0.0,0.0,24,512
stable_types,319,last_contact,4,0.6875,0.2,0.0,0.030385217909312492,10,512
stable_types,319,ema,6,0.63875,0.5900000000000001,0.04874999999999996,0.026964438384332712,5,512
stable_types,319,failure_age,6,0.63875,0.5900000000000001,0.04874999999999996,0.028219865736455574,5,512
stable_types,319,route_history,6,0.63875,0.5900000000000001,0.04874999999999996,0.02090790646313992,5,512
stable_types,319,shuffled_history,6,0.63875,0.5900000000000001,0.04874999999999996,0.03085095843244623,5,512
stable_types,319,oracle,4,0.6875,0.2,0.0,0.0,10,512
stable_types,320,last_contact,6,0.8825000000000001,0.5900000000000001,0.0,0.0620965231436875,14,512
stable_types,320,ema,6,0.8825000000000001,0.5900000000000001,0.0,0.04072991566234482,14,512
stable_types,320,failure_age,5,0.83375,0.395,0.04875000000000007,0.042514594398601134,19,512
stable_types,320,route_history,5,0.83375,0.395,0.04875000000000007,0.01912362373041402,19,512
stable_types,320,shuffled_history,5,0.83375,0.395,0.04875000000000007,0.03768060104051483,19,512
stable_types,320,oracle,6,0.8825000000000001,0.5900000000000001,0.0,0.0,14,512
stable_types,321,last_contact,3,0.24875000000000003,0.2,0.63375,0.07231391986243749,8,512
stable_types,321,ema,1,0.8825000000000001,0.5900000000000001,0.0,0.0423499302762893,26,512
stable_types,321,failure_age,1,0.8825000000000001,0.5900000000000001,0.0,0.04600955001518796,26,512
stable_types,321,route_history,1,0.8825000000000001,0.5900000000000001,0.0,0.004338156759061029,26,512
stable_types,321,shuffled_history,1,0.8825000000000001,0.5900000000000001,0.0,0.04260091494237617,26,512
stable_types,321,oracle,1,0.8825000000000001,0.5900000000000001,0.0,0.0,26,512
stable_types,322,last_contact,6,0.4925,0.2,0.34125,0.049058859706187494,13,512
stable_types,322,ema,6,0.4925,0.2,0.34125,0.02285804410069952,13,512
stable_types,322,failure_age,7,0.83375,0.395,0.0,0.01879123043101096,25,512
stable_types,322,route_history,7,0.83375,0.395,0.0,0.008823325817929488,25,512
stable_types,322,shuffled_history,7,0.83375,0.395,0.0,0.01978414051398108,25,512
stable_types,322,oracle,7,0.83375,0.395,0.0,0.0,25,512
stable_types,323,last_contact,5,0.6875,0.5900000000000001,0.2925,0.08747286337806248,5,512
stable_types,323,ema,6,0.98,0.98,0.0,0.04431979036935142,26,512
stable_types,323,failure_age,6,0.98,0.98,0.0,0.0467113383576461,26,512
stable_types,323,route_history,6,0.98,0.98,0.0,0.00433749266466244,26,512
stable_types,323,shuffled_history,6,0.98,0.98,0.0,0.04824074422037642,26,512
stable_types,323,oracle,6,0.98,0.98,0.0,0.0,26,512
stable_types,324,last_contact,5,0.2,0.2,0.78,0.0469542947843125,4,512
stable_types,324,ema,4,0.54125,0.2,0.43875,0.029990664757707352,17,512
stable_types,324,failure_age,2,0.98,0.98,0.0,0.027765301971666094,26,512
stable_types,324,route_history,2,0.98,0.98,0.0,0.007969844044003494,26,512
stable_types,324,shuffled_history,2,0.98,0.98,0.0,0.026345378464949925,26,512
stable_types,324,oracle,2,0.98,0.98,0.0,0.0,26,512
stable_types,325,last_contact,7,0.4925,0.395,0.34125,0.04149002306556251,4,512
stable_types,325,ema,2,0.63875,0.2,0.19499999999999995,0.043004746766998024,20,512
stable_types,325,failure_age,6,0.83375,0.395,0.0,0.02585018436631847,23,512
stable_types,325,route_history,6,0.83375,0.395,0.0,0.020355673302999908,23,512
stable_types,325,shuffled_history,6,0.83375,0.395,0.0,0.026501247466419103,23,512
stable_types,325,oracle,1,0.83375,0.395,0.0,0.0,14,512
stable_types,326,last_contact,3,0.5900000000000001,0.395,0.34125000000000005,0.05517197259681253,4,512
stable_types,326,ema,2,0.63875,0.2,0.2925000000000001,0.030185924784549026,20,512
stable_types,326,failure_age,6,0.9312500000000001,0.7849999999999999,0.0,0.022768011490188908,24,512
stable_types,326,route_history,6,0.9312500000000001,0.7849999999999999,0.0,0.009971921904422382,24,512
stable_types,326,shuffled_history,6,0.9312500000000001,0.7849999999999999,0.0,0.023962270132831694,24,512
stable_types,326,oracle,6,0.9312500000000001,0.7849999999999999,0.0,0.0,24,512
stable_types,327,last_contact,6,0.6875,0.7849999999999999,0.2925,0.0439167310343125,6,512
stable_types,327,ema,4,0.98,0.98,0.0,0.05123219910339745,25,512
stable_types,327,failure_age,4,0.98,0.98,0.0,0.01919340689721242,25,512
stable_types,327,route_history,4,0.98,0.98,0.0,0.010024362093147254,25,512
stable_types,327,shuffled_history,4,0.98,0.98,0.0,0.02067007986162287,25,512
stable_types,327,oracle,4,0.98,0.98,0.0,0.0,25,512
stable_types,328,last_contact,0,0.5900000000000001,0.2,0.19499999999999984,0.05150228283118748,8,512
stable_types,328,ema,7,0.395,0.2,0.3899999999999999,0.0393317780275803,13,512
stable_types,328,failure_age,1,0.4925,0.2,0.2924999999999999,0.05580102796032303,18,512
stable_types,328,route_history,1,0.4925,0.2,0.2924999999999999,0.03437357061335314,18,512
stable_types,328,shuffled_history,1,0.4925,0.2,0.2924999999999999,0.05107349111405801,18,512
stable_types,328,oracle,6,0.7849999999999999,0.2,0.0,0.0,12,512
stable_types,329,last_contact,2,0.4925,0.2,0.4875,0.06276207947181255,1,512
stable_types,329,ema,0,0.9312500000000001,0.7849999999999999,0.04874999999999985,0.02835159119882958,23,512
stable_types,329,failure_age,0,0.9312500000000001,0.7849999999999999,0.04874999999999985,0.014514640133429211,23,512
stable_types,329,route_history,0,0.9312500000000001,0.7849999999999999,0.04874999999999985,0.011463795774144627,23,512
stable_types,329,shuffled_history,0,0.9312500000000001,0.7849999999999999,0.04874999999999985,0.012522957729278859,23,512
stable_types,329,oracle,5,0.98,0.98,0.0,0.0,21,512
stable_types,330,last_contact,3,0.395,0.2,0.585,0.08158160259681248,1,512
stable_types,330,ema,2,0.98,0.98,0.0,0.055405409493712546,26,512
stable_types,330,failure_age,2,0.98,0.98,0.0,0.03996826156759097,26,512
stable_types,330,route_history,2,0.98,0.98,0.0,0.007486125800136074,26,512
stable_types,330,shuffled_history,2,0.98,0.98,0.0,0.03968901954212779,26,512
stable_types,330,oracle,2,0.98,0.98,0.0,0.0,26,512
stable_types,331,last_contact,6,0.83375,0.395,0.0,0.04841457361243749,19,512
stable_types,331,ema,6,0.83375,0.395,0.0,0.03273889349820079,19,512
stable_types,331,failure_age,6,0.83375,0.395,0.0,0.029989726330168432,19,512
stable_types,331,route_history,6,0.83375,0.395,0.0,0.017064046614320115,19,512
stable_types,331,shuffled_history,6,0.83375,0.395,0.0,0.028777014469143606,19,512
stable_types,331,oracle,6,0.83375,0.395,0.0,0.0,19,512
stable_types,332,last_contact,6,0.44375000000000003,0.2,0.29250000000000004,0.024054807987437504,7,512
stable_types,332,ema,6,0.44375000000000003,0.2,0.29250000000000004,0.030024138375573724,7,512
stable_types,332,failure_age,1,0.5900000000000001,0.2,0.14625,0.028449618878254312,4,512
stable_types,332,route_history,5,0.7362500000000001,0.7849999999999999,0.0,0.006512866774722793,5,512
stable_types,332,shuffled_history,4,0.2,0.2,0.5362500000000001,0.031497278732340095,6,512
stable_types,332,oracle,5,0.7362500000000001,0.7849999999999999,0.0,0.0,5,512
stable_types,333,last_contact,5,0.2,0.2,0.4875,0.022661389784312487,7,512
stable_types,333,ema,7,0.63875,0.2,0.04874999999999996,0.02627928545296975,13,512
stable_types,333,failure_age,7,0.63875,0.2,0.04874999999999996,0.01876129092934622,13,512
stable_types,333,route_history,2,0.6875,0.7849999999999999,0.0,0.009777496065355603,7,512
stable_types,333,shuffled_history,1,0.44375000000000003,0.2,0.24374999999999997,0.019610157814058414,13,512
stable_types,333,oracle,2,0.6875,0.7849999999999999,0.0,0.0,7,512
stable_types,334,last_contact,2,0.8825000000000001,0.5900000000000001,0.0,0.044477441346812516,23,512
stable_types,334,ema,2,0.8825000000000001,0.5900000000000001,0.0,0.028964155914931393,23,512
stable_types,334,failure_age,2,0.8825000000000001,0.5900000000000001,0.0,0.025429228482582795,23,512
stable_types,334,route_history,2,0.8825000000000001,0.5900000000000001,0.0,0.008488500808890399,23,512
stable_types,334,shuffled_history,2,0.8825000000000001,0.5900000000000001,0.0,0.027592364283165884,23,512
stable_types,334,oracle,2,0.8825000000000001,0.5900000000000001,0.0,0.0,23,512
stable_types,335,last_contact,3,0.24875000000000003,0.2,0.73125,0.04887499298743751,11,512
stable_types,335,ema,3,0.24875000000000003,0.2,0.73125,0.04249219646879756,11,512
stable_types,335,failure_age,2,0.7362500000000001,0.2,0.2437499999999999,0.025164644424706166,23,512
stable_types,335,route_history,2,0.7362500000000001,0.2,0.2437499999999999,0.022294542165769163,23,512
stable_types,335,shuffled_history,2,0.7362500000000001,0.2,0.2437499999999999,0.02395120937581839,23,512
stable_types,335,oracle,0,0.98,0.98,0.0,0.0,17,512
stable_types,336,last_contact,4,0.63875,0.5900000000000001,0.14624999999999988,0.04676587298743748,5,512
stable_types,336,ema,4,0.63875,0.5900000000000001,0.14624999999999988,0.04235450762508579,5,512
stable_types,336,failure_age,4,0.63875,0.5900000000000001,0.14624999999999988,0.03504007466106558,5,512
stable_types,336,route_history,0,0.7849999999999999,0.98,0.0,0.00875715239641441,6,512
stable_types,336,shuffled_history,4,0.63875,0.5900000000000001,0.14624999999999988,0.038626246088674314,5,512
stable_types,336,oracle,0,0.7849999999999999,0.98,0.0,0.0,6,512
stable_types,337,last_contact,2,0.34625,0.2,0.24375000000000008,0.016975265956187497,3,512
stable_types,337,ema,1,0.5900000000000001,0.5900000000000001,0.0,0.01896155251855152,5,512
stable_types,337,failure_age,1,0.5900000000000001,0.5900000000000001,0.0,0.01899400893456569,5,512
stable_types,337,route_history,7,0.5900000000000001,0.7849999999999999,0.0,0.0067364506135668845,7,512
stable_types,337,shuffled_history,1,0.5900000000000001,0.5900000000000001,0.0,0.01995130618334855,5,512
stable_types,337,oracle,4,0.5900000000000001,0.395,0.0,0.0,1,512
stable_types,338,last_contact,6,0.54125,0.7849999999999999,0.34125000000000005,0.03709247142493751,3,512
stable_types,338,ema,2,0.8825000000000001,0.5900000000000001,0.0,0.03128349540821478,25,512
stable_types,338,failure_age,2,0.8825000000000001,0.5900000000000001,0.0,0.02224106721928555,25,512
stable_types,338,route_history,2,0.8825000000000001,0.5900000000000001,0.0,0.006511987323920588,25,512
stable_types,338,shuffled_history,2,0.8825000000000001,0.5900000000000001,0.0,0.019778322706833495,25,512
stable_types,338,oracle,2,0.8825000000000001,0.5900000000000001,0.0,0.0,25,512
stable_types,339,last_contact,3,0.395,0.2,0.34125000000000005,0.034832915018687495,4,512
stable_types,339,ema,6,0.7362500000000001,0.2,0.0,0.039790049865384064,20,512
stable_types,339,failure_age,6,0.7362500000000001,0.2,0.0,0.022984255854112293,20,512
stable_types,339,route_history,6,0.7362500000000001,0.2,0.0,0.011201948061323679,20,512
stable_types,339,shuffled_history,6,0.7362500000000001,0.2,0.0,0.022372423830018928,20,512
stable_types,339,oracle,6,0.7362500000000001,0.2,0.0,0.0,20,512
stable_types,340,last_contact,5,0.44375000000000003,0.2,0.24374999999999997,0.036937479940562484,2,512
stable_types,340,ema,4,0.44375000000000003,0.2,0.24374999999999997,0.03273966463326687,12,512
stable_types,340,failure_age,7,0.2,0.2,0.4875,0.02932123489108534,4,512
stable_types,340,route_history,2,0.63875,0.5900000000000001,0.04874999999999996,0.01431945224540851,6,512
stable_types,340,shuffled_history,2,0.63875,0.5900000000000001,0.04874999999999996,0.02745221362437089,6,512
stable_types,340,oracle,1,0.6875,0.2,0.0,0.0,11,512
stable_types,341,last_contact,4,0.2,0.2,0.63375,0.05029728642493749,2,512
stable_types,341,ema,6,0.395,0.2,0.43875,0.056006789326606264,15,512
stable_types,341,failure_age,2,0.83375,0.395,0.0,0.030566107156655985,18,512
stable_types,341,route_history,2,0.83375,0.395,0.0,0.017960818791399512,18,512
stable_types,341,shuffled_history,2,0.83375,0.395,0.0,0.028569039286475487,18,512
stable_types,341,oracle,2,0.83375,0.395,0.0,0.0,18,512
stable_types,342,last_contact,4,0.7362500000000001,0.7849999999999999,0.0,0.03230591611243751,3,512
stable_types,342,ema,5,0.7362500000000001,0.2,0.0,0.03528454010712423,15,512
stable_types,342,failure_age,5,0.7362500000000001,0.2,0.0,0.03451236117874618,15,512
stable_types,342,route_history,3,0.6875,0.98,0.04875000000000007,0.008952805501228504,7,512
stable_types,342,shuffled_history,5,0.7362500000000001,0.2,0.0,0.033181950099184704,15,512
stable_types,342,oracle,4,0.7362500000000001,0.7849999999999999,0.0,0.0,3,512
stable_types,343,last_contact,1,0.63875,0.7849999999999999,0.09750000000000003,0.00886243415931251,6,512
stable_types,343,ema,7,0.5900000000000001,0.5900000000000001,0.14625,0.013966804913410114,5,512
stable_types,343,failure_age,7,0.5900000000000001,0.5900000000000001,0.14625,0.012927676287653053,5,512
stable_types,343,route_history,3,0.7362500000000001,0.98,0.0,0.003568080479639843,7,512
stable_types,343,shuffled_history,7,0.5900000000000001,0.5900000000000001,0.14625,0.01370113672159077,5,512
stable_types,343,oracle,3,0.7362500000000001,0.98,0.0,0.0,7,512
stable_types,344,last_contact,1,0.7362500000000001,0.2,0.0,0.017418970174937515,17,512
stable_types,344,ema,1,0.7362500000000001,0.2,0.0,0.018942118155076026,17,512
stable_types,344,failure_age,1,0.7362500000000001,0.2,0.0,0.01987954264138707,17,512
stable_types,344,route_history,1,0.7362500000000001,0.2,0.0,0.007405635833956813,17,512
stable_types,344,shuffled_history,1,0.7362500000000001,0.2,0.0,0.02039205307535415,17,512
stable_types,344,oracle,1,0.7362500000000001,0.2,0.0,0.0,17,512
stable_types,345,last_contact,1,0.395,0.2,0.34125000000000005,0.02741451478431249,3,512
stable_types,345,ema,4,0.34625,0.2,0.39000000000000007,0.02459419362667461,11,512
stable_types,345,failure_age,7,0.54125,0.2,0.19500000000000006,0.022839795469837575,19,512
stable_types,345,route_history,7,0.54125,0.2,0.19500000000000006,0.014306228413255039,19,512
stable_types,345,shuffled_history,7,0.54125,0.2,0.19500000000000006,0.021148030872189066,19,512
stable_types,345,oracle,5,0.7362500000000001,0.7849999999999999,0.0,0.0,4,512
stable_types,346,last_contact,6,0.2,0.2,0.78,0.06830992697181251,1,512
stable_types,346,ema,2,0.98,0.98,0.0,0.02898342316811067,28,512
stable_types,346,failure_age,2,0.98,0.98,0.0,0.03271340360011435,28,512
stable_types,346,route_history,2,0.98,0.98,0.0,0.01276815511942712,28,512
stable_types,346,shuffled_history,2,0.98,0.98,0.0,0.030895163496907803,28,512
stable_types,346,oracle,2,0.98,0.98,0.0,0.0,28,512
stable_types,347,last_contact,6,0.7849999999999999,0.2,0.1462500000000002,0.06649407478431252,19,512
stable_types,347,ema,6,0.7849999999999999,0.2,0.1462500000000002,0.036206276984104335,19,512
stable_types,347,failure_age,2,0.9312500000000001,0.7849999999999999,0.0,0.03197448993412568,24,512
stable_types,347,route_history,2,0.9312500000000001,0.7849999999999999,0.0,0.012297931431996529,24,512
stable_types,347,shuffled_history,2,0.9312500000000001,0.7849999999999999,0.0,0.03324183361132339,24,512
stable_types,347,oracle,2,0.9312500000000001,0.7849999999999999,0.0,0.0,24,512
stable_types,348,last_contact,2,0.395,0.2,0.24375000000000002,0.0172639786905625,4,512
stable_types,348,ema,6,0.54125,0.2,0.09750000000000003,0.03472469793760054,18,512
stable_types,348,failure_age,6,0.54125,0.2,0.09750000000000003,0.026583903110433186,18,512
stable_types,348,route_history,6,0.54125,0.2,0.09750000000000003,0.021968220180281297,18,512
stable_types,348,shuffled_history,6,0.54125,0.2,0.09750000000000003,0.025039299160861974,18,512
stable_types,348,oracle,5,0.63875,0.2,0.0,0.0,9,512
stable_types,349,last_contact,4,0.83375,0.395,0.0,0.021067389706187503,21,512
stable_types,349,ema,4,0.83375,0.395,0.0,0.0326064087176,21,512
stable_types,349,failure_age,4,0.83375,0.395,0.0,0.016040956390273566,21,512
stable_types,349,route_history,4,0.83375,0.395,0.0,0.009693604142552749,21,512
stable_types,349,shuffled_history,4,0.83375,0.395,0.0,0.016308666608345436,21,512
stable_types,349,oracle,4,0.83375,0.395,0.0,0.0,21,512
stable_types,350,last_contact,6,0.54125,0.2,0.09750000000000003,0.021117535174937502,4,512
stable_types,350,ema,7,0.63875,0.2,0.0,0.01020693155069995,21,512
stable_types,350,failure_age,7,0.63875,0.2,0.0,0.01945578273703659,21,512
stable_types,350,route_history,7,0.63875,0.2,0.0,0.01028727708009997,21,512
stable_types,350,shuffled_history,7,0.63875,0.2,0.0,0.018168799242015032,21,512
stable_types,350,oracle,7,0.63875,0.2,0.0,0.0,21,512
stable_types,351,last_contact,2,0.395,0.2,0.5362500000000001,0.06343979587806253,7,512
stable_types,351,ema,5,0.7849999999999999,0.2,0.1462500000000002,0.030990590653818612,18,512
stable_types,351,failure_age,1,0.9312500000000001,0.7849999999999999,0.0,0.018386833541848478,24,512
stable_types,351,route_history,1,0.9312500000000001,0.7849999999999999,0.0,0.00513344876310301,24,512
stable_types,351,shuffled_history,1,0.9312500000000001,0.7849999999999999,0.0,0.019506769516153728,24,512
stable_types,351,oracle,1,0.9312500000000001,0.7849999999999999,0.0,0.0,24,512
stable_types,352,last_contact,5,0.6875,0.98,0.04875000000000007,0.013531983378062516,8,512
stable_types,352,ema,4,0.6875,0.2,0.04875000000000007,0.018559695528391866,11,512
stable_types,352,failure_age,3,0.5900000000000001,0.2,0.14625,0.031948572697629865,4,512
stable_types,352,route_history,5,0.6875,0.98,0.04875000000000007,0.015370024959417514,8,512
stable_types,352,shuffled_history,3,0.5900000000000001,0.2,0.14625,0.032309668340385,4,512
stable_types,352,oracle,0,0.7362500000000001,0.98,0.0,0.0,8,512
stable_types,353,last_contact,2,0.54125,0.5900000000000001,0.2925,0.032983632518687495,4,512
stable_types,353,ema,6,0.6875,0.2,0.14625,0.02043470865716702,13,512
stable_types,353,failure_age,5,0.83375,0.395,0.0,0.019594925694724843,21,512
stable_types,353,route_history,5,0.83375,0.395,0.0,0.008525548514898607,21,512
stable_types,353,shuffled_history,5,0.83375,0.395,0.0,0.018165842467873818,21,512
stable_types,353,oracle,5,0.83375,0.395,0.0,0.0,21,512
stable_types,354,last_contact,5,0.54125,0.2,0.43875,0.02751936079993751,4,512
stable_types,354,ema,3,0.54125,0.2,0.43875,0.018734880727268227,15,512
stable_types,354,failure_age,6,0.98,0.98,0.0,0.009406816440717933,22,512
stable_types,354,route_history,6,0.98,0.98,0.0,0.006824025125681357,22,512
stable_types,354,shuffled_history,6,0.98,0.98,0.0,0.008848960621240642,22,512
stable_types,354,oracle,6,0.98,0.98,0.0,0.0,22,512
stable_types,355,last_contact,2,0.63875,0.98,0.24375000000000002,0.02336037642493752,4,512
stable_types,355,ema,6,0.8825000000000001,0.5900000000000001,0.0,0.016312061830733717,19,512
stable_types,355,failure_age,6,0.8825000000000001,0.5900000000000001,0.0,0.014156804613395975,19,512
stable_types,355,route_history,6,0.8825000000000001,0.5900000000000001,0.0,0.008892207712259764,19,512
stable_types,355,shuffled_history,6,0.8825000000000001,0.5900000000000001,0.0,0.016282485784745653,19,512
stable_types,355,oracle,6,0.8825000000000001,0.5900000000000001,0.0,0.0,19,512
stable_types,356,last_contact,1,0.44375000000000003,0.2,0.43875000000000003,0.037908464159312524,14,512
stable_types,356,ema,1,0.44375000000000003,0.2,0.43875000000000003,0.02776880496575456,14,512
stable_types,356,failure_age,6,0.8825000000000001,0.5900000000000001,0.0,0.013307388600001425,25,512
stable_types,356,route_history,6,0.8825000000000001,0.5900000000000001,0.0,0.0038139187695667275,25,512
stable_types,356,shuffled_history,6,0.8825000000000001,0.5900000000000001,0.0,0.011201354672388317,25,512
stable_types,356,oracle,3,0.8825000000000001,0.5900000000000001,0.0,0.0,21,512
stable_types,357,last_contact,6,0.7849999999999999,0.2,0.19500000000000006,0.05359468767493751,13,512
stable_types,357,ema,6,0.7849999999999999,0.2,0.19500000000000006,0.025656594150092454,13,512
stable_types,357,failure_age,3,0.98,0.98,0.0,0.026136497354165723,23,512
stable_types,357,route_history,3,0.98,0.98,0.0,0.028074450857735647,23,512
stable_types,357,shuffled_history,3,0.98,0.98,0.0,0.02590513888387211,23,512
stable_types,357,oracle,3,0.98,0.98,0.0,0.0,23,512
stable_types,358,last_contact,3,0.4925,0.2,0.39000000000000007,0.048431288768687505,3,512
stable_types,358,ema,7,0.8825000000000001,0.5900000000000001,0.0,0.03481031727554342,19,512
stable_types,358,failure_age,7,0.8825000000000001,0.5900000000000001,0.0,0.034524825411986454,19,512
stable_types,358,route_history,7,0.8825000000000001,0.5900000000000001,0.0,0.0083230598280668,19,512
stable_types,358,shuffled_history,7,0.8825000000000001,0.5900000000000001,0.0,0.03213455839299214,19,512
stable_types,358,oracle,7,0.8825000000000001,0.5900000000000001,0.0,0.0,19,512
stable_types,359,last_contact,2,0.83375,0.395,0.14625,0.0753058932218125,17,512
stable_types,359,ema,2,0.83375,0.395,0.14625,0.03961289324435653,17,512
stable_types,359,failure_age,3,0.98,0.98,0.0,0.025042318456430256,20,512
stable_types,359,route_history,3,0.98,0.98,0.0,0.021547645766808468,20,512
stable_types,359,shuffled_history,3,0.98,0.98,0.0,0.024784180810954293,20,512
stable_types,359,oracle,3,0.98,0.98,0.0,0.0,20,512
stable_types,360,last_contact,3,0.63875,0.7849999999999999,0.14624999999999988,0.018929394471812504,4,512
stable_types,360,ema,1,0.7362500000000001,0.2,0.04874999999999985,0.01469306206503735,18,512
stable_types,360,failure_age,1,0.7362500000000001,0.2,0.04874999999999985,0.021312900397774368,18,512
stable_types,360,route_history,1,0.7362500000000001,0.2,0.04874999999999985,0.013622831200023219,18,512
stable_types,360,shuffled_history,1,0.7362500000000001,0.2,0.04874999999999985,0.022568962016271697,18,512
stable_types,360,oracle,6,0.7849999999999999,0.98,0.0,0.0,6,512
stable_types,361,last_contact,6,0.4925,0.2,0.24375000000000008,0.05150228283118748,1,512
stable_types,361,ema,5,0.24875000000000003,0.2,0.48750000000000004,0.05000986306989995,13,512
stable_types,361,failure_age,1,0.6875,0.2,0.04875000000000007,0.04590526715973155,15,512
stable_types,361,route_history,7,0.6875,0.98,0.04875000000000007,0.0162095264548189,8,512
stable_types,361,shuffled_history,1,0.6875,0.2,0.04875000000000007,0.04872498163264495,15,512
stable_types,361,oracle,0,0.7362500000000001,0.7849999999999999,0.0,0.0,5,512
stable_types,362,last_contact,1,0.4925,0.2,0.2924999999999999,0.05387884533118748,13,512
stable_types,362,ema,1,0.4925,0.2,0.2924999999999999,0.031227490776467144,13,512
stable_types,362,failure_age,1,0.4925,0.2,0.2924999999999999,0.04061710219319885,13,512
stable_types,362,route_history,6,0.63875,0.98,0.14624999999999988,0.008340613353979516,7,512
stable_types,362,shuffled_history,1,0.4925,0.2,0.2924999999999999,0.04070626232457145,13,512
stable_types,362,oracle,0,0.7849999999999999,0.2,0.0,0.0,13,512
stable_types,363,last_contact,0,0.9312500000000001,0.7849999999999999,0.0,0.07080349556556251,25,512
stable_types,363,ema,0,0.9312500000000001,0.7849999999999999,0.0,0.03833765294965771,25,512
stable_types,363,failure_age,0,0.9312500000000001,0.7849999999999999,0.0,0.02688219012650181,25,512
stable_types,363,route_history,0,0.9312500000000001,0.7849999999999999,0.0,0.006455117063740109,25,512
stable_types,363,shuffled_history,0,0.9312500000000001,0.7849999999999999,0.0,0.024246861438899946,25,512
stable_types,363,oracle,0,0.9312500000000001,0.7849999999999999,0.0,0.0,25,512
stable_types,364,last_contact,1,0.4925,0.2,0.2924999999999999,0.04318431408118749,17,512
stable_types,364,ema,1,0.4925,0.2,0.2924999999999999,0.013447778969885261,17,512
stable_types,364,failure_age,1,0.4925,0.2,0.2924999999999999,0.025894215823451017,17,512
stable_types,364,route_history,2,0.7849999999999999,0.2,0.0,0.009418399617311703,17,512
stable_types,364,shuffled_history,1,0.4925,0.2,0.2924999999999999,0.024674326503452002,17,512
stable_types,364,oracle,2,0.7849999999999999,0.2,0.0,0.0,17,512
stable_types,365,last_contact,1,0.5900000000000001,0.5900000000000001,0.09749999999999992,0.021389532753062504,4,512
stable_types,365,ema,0,0.6875,0.2,0.0,0.019017223058604028,22,512
stable_types,365,failure_age,0,0.6875,0.2,0.0,0.012495114436056732,22,512
stable_types,365,route_history,0,0.6875,0.2,0.0,0.0079909486557442,22,512
stable_types,365,shuffled_history,0,0.6875,0.2,0.0,0.010699614529346313,22,512
stable_types,365,oracle,7,0.6875,0.98,0.0,0.0,4,512
stable_types,366,last_contact,2,0.4925,0.5900000000000001,0.24375000000000008,0.052113138612437486,6,512
stable_types,366,ema,4,0.7362500000000001,0.2,0.0,0.04355580863551975,17,512
stable_types,366,failure_age,4,0.7362500000000001,0.2,0.0,0.03457463646466136,17,512
stable_types,366,route_history,4,0.7362500000000001,0.2,0.0,0.013231495655437762,17,512
stable_types,366,shuffled_history,4,0.7362500000000001,0.2,0.0,0.033976878438774366,17,512
stable_types,366,oracle,4,0.7362500000000001,0.2,0.0,0.0,17,512
stable_types,367,last_contact,4,0.7849999999999999,0.2,0.0,0.05688297876868749,20,512
stable_types,367,ema,4,0.7849999999999999,0.2,0.0,0.056508802045497825,20,512
stable_types,367,failure_age,4,0.7849999999999999,0.2,0.0,0.04169455275505947,20,512
stable_types,367,route_history,4,0.7849999999999999,0.2,0.0,0.009574023226017862,20,512
stable_types,367,shuffled_history,4,0.7849999999999999,0.2,0.0,0.0416126058640065,20,512
stable_types,367,oracle,4,0.7849999999999999,0.2,0.0,0.0,20,512
stable_types,368,last_contact,4,0.8825000000000001,0.5900000000000001,0.0,0.02522637408118751,20,512
stable_types,368,ema,4,0.8825000000000001,0.5900000000000001,0.0,0.02719670796850769,20,512
stable_types,368,failure_age,4,0.8825000000000001,0.5900000000000001,0.0,0.01192616588755033,20,512
stable_types,368,route_history,4,0.8825000000000001,0.5900000000000001,0.0,0.006334987980784008,20,512
stable_types,368,shuffled_history,4,0.8825000000000001,0.5900000000000001,0.0,0.01241948848401064,20,512
stable_types,368,oracle,4,0.8825000000000001,0.5900000000000001,0.0,0.0,20,512
stable_types,369,last_contact,5,0.2,0.2,0.63375,0.0478371481436875,10,512
stable_types,369,ema,3,0.7362500000000001,0.2,0.09749999999999992,0.033041101846845,16,512
stable_types,369,failure_age,3,0.7362500000000001,0.2,0.09749999999999992,0.018891596158540584,16,512
stable_types,369,route_history,3,0.7362500000000001,0.2,0.09749999999999992,0.02066414454889845,16,512
stable_types,369,shuffled_history,3,0.7362500000000001,0.2,0.09749999999999992,0.016911848052838938,16,512
stable_types,369,oracle,1,0.83375,0.395,0.0,0.0,16,512
stable_types,370,last_contact,2,0.54125,0.2,0.34125000000000005,0.04412186798743752,1,512
stable_types,370,ema,7,0.83375,0.395,0.04875000000000007,0.018708740497147103,21,512
stable_types,370,failure_age,7,0.83375,0.395,0.04875000000000007,0.009610731777204926,21,512
stable_types,370,route_history,0,0.8825000000000001,0.5900000000000001,0.0,0.005874546432851098,21,512
stable_types,370,shuffled_history,7,0.83375,0.395,0.04875000000000007,0.009482970201188781,21,512
stable_types,370,oracle,0,0.8825000000000001,0.5900000000000001,0.0,0.0,21,512
stable_types,371,last_contact,3,0.5900000000000001,0.7849999999999999,0.14625,0.052163284081187485,5,512
stable_types,371,ema,2,0.395,0.2,0.34125000000000005,0.07316951075162804,15,512
stable_types,371,failure_age,2,0.395,0.2,0.34125000000000005,0.05038376691054451,15,512
stable_types,371,route_history,2,0.395,0.2,0.34125000000000005,0.02150138881784279,15,512
stable_types,371,shuffled_history,2,0.395,0.2,0.34125000000000005,0.04709592042325904,15,512
stable_types,371,oracle,4,0.7362500000000001,0.7849999999999999,0.0,0.0,5,512
stable_types,372,last_contact,7,0.6875,0.5900000000000001,0.2925,0.03874117204993752,2,512
stable_types,372,ema,1,0.83375,0.395,0.14625,0.026630829722696963,17,512
stable_types,372,failure_age,4,0.98,0.98,0.0,0.014469826882751965,24,512
stable_types,372,route_history,4,0.98,0.98,0.0,0.007263637820848721,24,512
stable_types,372,shuffled_history,4,0.98,0.98,0.0,0.012402532359244893,24,512
stable_types,372,oracle,4,0.98,0.98,0.0,0.0,24,512
stable_types,373,last_contact,6,0.5900000000000001,0.2,0.2925,0.04091259759681251,2,512
stable_types,373,ema,0,0.83375,0.395,0.04875000000000007,0.02377089571287786,17,512
stable_types,373,failure_age,5,0.8825000000000001,0.5900000000000001,0.0,0.023202006766226538,18,512
stable_types,373,route_history,5,0.8825000000000001,0.5900000000000001,0.0,0.0055743918424955765,18,512
stable_types,373,shuffled_history,5,0.8825000000000001,0.5900000000000001,0.0,0.024249902198553955,18,512
stable_types,373,oracle,5,0.8825000000000001,0.5900000000000001,0.0,0.0,18,512
stable_types,374,last_contact,1,0.7362500000000001,0.98,0.04874999999999985,0.030540209393687505,7,512
stable_types,374,ema,4,0.54125,0.2,0.2437499999999999,0.02770690688759999,16,512
stable_types,374,failure_age,7,0.6875,0.2,0.09749999999999992,0.026696289601114594,21,512
stable_types,374,route_history,7,0.6875,0.2,0.09749999999999992,0.01164110582284777,21,512
stable_types,374,shuffled_history,7,0.6875,0.2,0.09749999999999992,0.02657607769296772,21,512
stable_types,374,oracle,5,0.7849999999999999,0.2,0.0,0.0,20,512
stable_types,375,last_contact,6,0.34625,0.2,0.4875,0.02488751587806251,11,512
stable_types,375,ema,6,0.34625,0.2,0.4875,0.0239291877934592,11,512
stable_types,375,failure_age,7,0.83375,0.395,0.0,0.008762517393556721,25,512
stable_types,375,route_history,7,0.83375,0.395,0.0,0.008711954995306411,25,512
stable_types,375,shuffled_history,7,0.83375,0.395,0.0,0.00889376693755016,25,512
stable_types,375,oracle,7,0.83375,0.395,0.0,0.0,25,512
stable_types,376,last_contact,7,0.2,0.2,0.7312500000000002,0.05189584158118753,1,512
stable_types,376,ema,1,0.4925,0.2,0.43875000000000014,0.030387653437539505,15,512
stable_types,376,failure_age,0,0.9312500000000001,0.7849999999999999,0.0,0.030647566966364545,17,512
stable_types,376,route_history,0,0.9312500000000001,0.7849999999999999,0.0,0.01706150730140417,17,512
stable_types,376,shuffled_history,0,0.9312500000000001,0.7849999999999999,0.0,0.028066576022686685,17,512
stable_types,376,oracle,0,0.9312500000000001,0.7849999999999999,0.0,0.0,17,512
stable_types,377,last_contact,6,0.5900000000000001,0.2,0.19499999999999984,0.03924718181556249,3,512
stable_types,377,ema,7,0.7362500000000001,0.2,0.04874999999999985,0.023086108604532134,20,512
stable_types,377,failure_age,7,0.7362500000000001,0.2,0.04874999999999985,0.02355640236991704,20,512
stable_types,377,route_history,7,0.7362500000000001,0.2,0.04874999999999985,0.005680712007751928,20,512
stable_types,377,shuffled_history,7,0.7362500000000001,0.2,0.04874999999999985,0.024971401928213677,20,512
stable_types,377,oracle,0,0.7849999999999999,0.2,0.0,0.0,16,512
stable_types,378,last_contact,1,0.5900000000000001,0.98,0.34125000000000005,0.02341052189368752,7,512
stable_types,378,ema,5,0.9312500000000001,0.7849999999999999,0.0,0.01823580730851236,23,512
stable_types,378,failure_age,5,0.9312500000000001,0.7849999999999999,0.0,0.005739489533146862,23,512
stable_types,378,route_history,5,0.9312500000000001,0.7849999999999999,0.0,0.006382668334207401,23,512
stable_types,378,shuffled_history,5,0.9312500000000001,0.7849999999999999,0.0,0.005373348556987078,23,512
stable_types,378,oracle,5,0.9312500000000001,0.7849999999999999,0.0,0.0,23,512
stable_types,379,last_contact,1,0.5900000000000001,0.98,0.34125000000000005,0.03203391853431252,7,512
stable_types,379,ema,0,0.9312500000000001,0.7849999999999999,0.0,0.038145900424958815,22,512
stable_types,379,failure_age,0,0.9312500000000001,0.7849999999999999,0.0,0.019898683962536398,22,512
stable_types,379,route_history,0,0.9312500000000001,0.7849999999999999,0.0,0.015617492975699615,22,512
stable_types,379,shuffled_history,0,0.9312500000000001,0.7849999999999999,0.0,0.018683317029189975,22,512
stable_types,379,oracle,0,0.9312500000000001,0.7849999999999999,0.0,0.0,22,512
stable_types,380,last_contact,1,0.7362500000000001,0.7849999999999999,0.0,0.0423014607218125,3,512
stable_types,380,ema,7,0.2,0.2,0.5362500000000001,0.041256568080367595,6,512
stable_types,380,failure_age,6,0.2975,0.2,0.4387500000000001,0.04261106211942783,5,512
stable_types,380,route_history,0,0.5900000000000001,0.5900000000000001,0.14625,0.00790496032419467,6,512
stable_types,380,shuffled_history,7,0.2,0.2,0.5362500000000001,0.03966817894465335,6,512
stable_types,380,oracle,1,0.7362500000000001,0.7849999999999999,0.0,0.0,3,512
stable_types,381,last_contact,3,0.395,0.2,0.585,0.044916590487437486,6,512
stable_types,381,ema,2,0.44375000000000003,0.2,0.5362499999999999,0.032791988982304204,12,512
stable_types,381,failure_age,4,0.98,0.98,0.0,0.00828096952074858,28,512
stable_types,381,route_history,4,0.98,0.98,0.0,0.007731214280541632,28,512
stable_types,381,shuffled_history,4,0.98,0.98,0.0,0.007580883766988731,28,512
stable_types,381,oracle,4,0.98,0.98,0.0,0.0,28,512
stable_types,382,last_contact,4,0.54125,0.2,0.2437499999999999,0.0272807935343125,10,512
stable_types,382,ema,3,0.63875,0.2,0.14624999999999988,0.029129731082257956,19,512
stable_types,382,failure_age,3,0.63875,0.2,0.14624999999999988,0.02910241837955905,19,512
stable_types,382,route_history,3,0.63875,0.2,0.14624999999999988,0.014073779063944018,19,512
stable_types,382,shuffled_history,3,0.63875,0.2,0.14624999999999988,0.027384188932317623,19,512
stable_types,382,oracle,6,0.7849999999999999,0.98,0.0,0.0,4,512
stable_types,383,last_contact,0,0.4925,0.2,0.24375000000000008,0.0252598043936875,3,512
stable_types,383,ema,2,0.7362500000000001,0.7849999999999999,0.0,0.02601006935171264,5,512
stable_types,383,failure_age,1,0.6875,0.98,0.04875000000000007,0.02812057150040376,4,512
stable_types,383,route_history,3,0.4925,0.5900000000000001,0.24375000000000008,0.009678670852818157,6,512
stable_types,383,shuffled_history,1,0.6875,0.98,0.04875000000000007,0.03075583409298513,4,512
stable_types,383,oracle,2,0.7362500000000001,0.7849999999999999,0.0,0.0,5,512
stable_types,384,last_contact,5,0.7362500000000001,0.98,0.0,0.025803799549937514,7,512
stable_types,384,ema,7,0.5900000000000001,0.395,0.14625,0.030381045200970444,4,512
stable_types,384,failure_age,7,0.5900000000000001,0.395,0.14625,0.02409379510635059,4,512
stable_types,384,route_history,5,0.7362500000000001,0.98,0.0,0.007722051538400833,7,512
stable_types,384,shuffled_history,7,0.5900000000000001,0.395,0.14625,0.02317229934407982,4,512
stable_types,384,oracle,5,0.7362500000000001,0.98,0.0,0.0,7,512
stable_types,385,last_contact,2,0.4925,0.2,0.43875000000000014,0.04298373220618752,18,512
stable_types,385,ema,2,0.4925,0.2,0.43875000000000014,0.0552332908762492,18,512
stable_types,385,failure_age,2,0.4925,0.2,0.43875000000000014,0.044653955400955694,18,512
stable_types,385,route_history,2,0.4925,0.2,0.43875000000000014,0.021969004541703523,18,512
stable_types,385,shuffled_history,2,0.4925,0.2,0.43875000000000014,0.04704071789952245,18,512
stable_types,385,oracle,6,0.9312500000000001,0.7849999999999999,0.0,0.0,17,512
stable_types,386,last_contact,2,0.54125,0.2,0.34125000000000005,0.0558329738468125,4,512
stable_types,386,ema,5,0.8825000000000001,0.5900000000000001,0.0,0.0337369027962218,18,512
stable_types,386,failure_age,5,0.8825000000000001,0.5900000000000001,0.0,0.030300812671660772,18,512
stable_types,386,route_history,5,0.8825000000000001,0.5900000000000001,0.0,0.010626523834824311,18,512
stable_types,386,shuffled_history,5,0.8825000000000001,0.5900000000000001,0.0,0.027006857092608715,18,512
stable_types,386,oracle,5,0.8825000000000001,0.5900000000000001,0.0,0.0,18,512
stable_types,387,last_contact,2,0.395,0.2,0.3899999999999999,0.04822615181556249,1,512
stable_types,387,ema,7,0.44375000000000003,0.2,0.3412499999999999,0.04692338113921528,14,512
stable_types,387,failure_age,0,0.395,0.2,0.3899999999999999,0.05196223172398058,16,512
stable_types,387,route_history,0,0.395,0.2,0.3899999999999999,0.02575310614101236,16,512
stable_types,387,shuffled_history,0,0.395,0.2,0.3899999999999999,0.05285751515116997,16,512
stable_types,387,oracle,5,0.7849999999999999,0.98,0.0,0.0,4,512
stable_types,388,last_contact,0,0.54125,0.395,0.04875000000000007,0.031012788846812488,4,512
stable_types,388,ema,5,0.2,0.2,0.39000000000000007,0.029944625223396287,6,512
stable_types,388,failure_age,0,0.54125,0.395,0.04875000000000007,0.026689491269648816,4,512
stable_types,388,route_history,0,0.54125,0.395,0.04875000000000007,0.0073530326647518185,4,512
stable_types,388,shuffled_history,5,0.2,0.2,0.39000000000000007,0.026624071862579344,6,512
stable_types,388,oracle,4,0.5900000000000001,0.2,0.0,0.0,3,512
stable_types,389,last_contact,1,0.7362500000000001,0.7849999999999999,0.2437499999999999,0.0657662129093125,7,512
stable_types,389,ema,6,0.98,0.98,0.0,0.03988252497071478,19,512
stable_types,389,failure_age,5,0.7849999999999999,0.2,0.19500000000000006,0.03668862056012006,20,512
stable_types,389,route_history,5,0.7849999999999999,0.2,0.19500000000000006,0.010825311953497067,20,512
stable_types,389,shuffled_history,5,0.7849999999999999,0.2,0.19500000000000006,0.03677573732055924,20,512
stable_types,389,oracle,6,0.98,0.98,0.0,0.0,19,512
stable_types,390,last_contact,4,0.2,0.2,0.5362500000000001,0.07156478775306246,5,512
stable_types,390,ema,7,0.7362500000000001,0.2,0.0,0.038813404939387945,19,512
stable_types,390,failure_age,7,0.7362500000000001,0.2,0.0,0.0431199998790964,19,512
stable_types,390,route_history,7,0.7362500000000001,0.2,0.0,0.004907660873847086,19,512
stable_types,390,shuffled_history,7,0.7362500000000001,0.2,0.0,0.04207725544532837,19,512
stable_types,390,oracle,7,0.7362500000000001,0.2,0.0,0.0,19,512
stable_types,391,last_contact,6,0.6875,0.5900000000000001,0.04875000000000007,0.025226374081187507,3,512
stable_types,391,ema,4,0.5900000000000001,0.2,0.14625,0.020778181118269002,20,512
stable_types,391,failure_age,4,0.5900000000000001,0.2,0.14625,0.030355155949992243,20,512
stable_types,391,route_history,4,0.5900000000000001,0.2,0.14625,0.01241653322255161,20,512
stable_types,391,shuffled_history,4,0.5900000000000001,0.2,0.14625,0.03212650368365581,20,512
stable_types,391,oracle,1,0.7362500000000001,0.7849999999999999,0.0,0.0,5,512
stable_types,392,last_contact,6,0.54125,0.2,0.43875,0.05977010611243749,9,512
stable_types,392,ema,1,0.34625,0.2,0.63375,0.053332575303925676,15,512
stable_types,392,failure_age,3,0.98,0.98,0.0,0.045312050110509025,16,512
stable_types,392,route_history,3,0.98,0.98,0.0,0.03565961491769923,16,512
stable_types,392,shuffled_history,3,0.98,0.98,0.0,0.04804600934414572,16,512
stable_types,392,oracle,3,0.98,0.98,0.0,0.0,16,512
stable_types,393,last_contact,7,0.2975,0.2,0.39,0.0273643693155625,10,512
stable_types,393,ema,2,0.63875,0.2,0.04874999999999996,0.025509929213680595,20,512
stable_types,393,failure_age,2,0.63875,0.2,0.04874999999999996,0.023953368356119185,20,512
stable_types,393,route_history,2,0.63875,0.2,0.04874999999999996,0.009204597596745094,20,512
stable_types,393,shuffled_history,2,0.63875,0.2,0.04874999999999996,0.027578804109375375,20,512
stable_types,393,oracle,0,0.6875,0.7849999999999999,0.0,0.0,5,512
stable_types,394,last_contact,2,0.5900000000000001,0.7849999999999999,0.14625,0.007063297128062513,6,512
stable_types,394,ema,0,0.7362500000000001,0.2,0.0,0.006133495600651496,13,512
stable_types,394,failure_age,4,0.54125,0.2,0.19500000000000006,0.012842849013045887,17,512
stable_types,394,route_history,4,0.54125,0.2,0.19500000000000006,0.010520523873786242,17,512
stable_types,394,shuffled_history,4,0.54125,0.2,0.19500000000000006,0.013708870801849952,17,512
stable_types,394,oracle,0,0.7362500000000001,0.2,0.0,0.0,13,512
stable_types,395,last_contact,2,0.98,0.98,0.0,0.0777660315030625,23,512
stable_types,395,ema,2,0.98,0.98,0.0,0.05769811122408783,23,512
stable_types,395,failure_age,3,0.98,0.98,0.0,0.030938559123280866,24,512
stable_types,395,route_history,3,0.98,0.98,0.0,0.016046746958052725,24,512
stable_types,395,shuffled_history,3,0.98,0.98,0.0,0.031101330385714686,24,512
stable_types,395,oracle,2,0.98,0.98,0.0,0.0,23,512
stable_types,396,last_contact,2,0.7362500000000001,0.2,0.04874999999999985,0.015364550721812507,19,512
stable_types,396,ema,2,0.7362500000000001,0.2,0.04874999999999985,0.007956286416644406,19,512
stable_types,396,failure_age,6,0.7849999999999999,0.2,0.0,0.0043107971512886326,24,512
stable_types,396,route_history,6,0.7849999999999999,0.2,0.0,0.00364360892527361,24,512
stable_types,396,shuffled_history,6,0.7849999999999999,0.2,0.0,0.005476536359057531,24,512
stable_types,396,oracle,6,0.7849999999999999,0.2,0.0,0.0,24,512
stable_types,397,last_contact,7,0.5900000000000001,0.5900000000000001,0.2925,0.05050242337806251,2,512
stable_types,397,ema,0,0.8825000000000001,0.5900000000000001,0.0,0.031186426541576696,26,512
stable_types,397,failure_age,0,0.8825000000000001,0.5900000000000001,0.0,0.03040892133828612,26,512
stable_types,397,route_history,0,0.8825000000000001,0.5900000000000001,0.0,0.0036568395997759813,26,512
stable_types,397,shuffled_history,0,0.8825000000000001,0.5900000000000001,0.0,0.03412252927732622,26,512
stable_types,397,oracle,0,0.8825000000000001,0.5900000000000001,0.0,0.0,26,512
stable_types,398,last_contact,5,0.83375,0.395,0.0,0.0347827695499375,24,512
stable_types,398,ema,5,0.83375,0.395,0.0,0.03480974148081177,24,512
stable_types,398,failure_age,5,0.83375,0.395,0.0,0.01762247150654004,24,512
stable_types,398,route_history,5,0.83375,0.395,0.0,0.005718557005375594,24,512
stable_types,398,shuffled_history,5,0.83375,0.395,0.0,0.017942846152257753,24,512
stable_types,398,oracle,5,0.83375,0.395,0.0,0.0,24,512
stable_types,399,last_contact,3,0.2,0.2,0.78,0.05785396298743751,1,512
stable_types,399,ema,0,0.395,0.2,0.585,0.033016092292135105,11,512
stable_types,399,failure_age,2,0.8825000000000001,0.5900000000000001,0.09749999999999992,0.02898269531307847,18,512
stable_types,399,route_history,2,0.8825000000000001,0.5900000000000001,0.09749999999999992,0.015995941741868233,18,512
stable_types,399,shuffled_history,2,0.8825000000000001,0.5900000000000001,0.09749999999999992,0.02500370351000837,18,512
stable_types,399,oracle,6,0.98,0.98,0.0,0.0,16,512
regime_reset,0,last_contact,1,0.24875000000000003,0.2,0.48750000000000004,0.06496238025306247,8,512
regime_reset,0,ema,6,0.7362500000000001,0.2,0.0,0.06279847343205684,16,512
regime_reset,0,failure_age,0,0.2,0.2,0.5362500000000001,0.08274836469144636,21,512
regime_reset,0,route_history,0,0.2,0.2,0.5362500000000001,0.09038525727267041,21,512
regime_reset,0,shuffled_history,0,0.2,0.2,0.5362500000000001,0.08603238117775946,21,512
regime_reset,0,oracle,6,0.7362500000000001,0.2,0.0,0.0,16,512
regime_reset,1,last_contact,2,0.44375000000000003,0.395,0.38999999999999996,0.06937664704993747,8,512
regime_reset,1,ema,7,0.395,0.2,0.43875,0.10474053064123165,22,512
regime_reset,1,failure_age,7,0.395,0.2,0.43875,0.11960613833717454,22,512
regime_reset,1,route_history,7,0.395,0.2,0.43875,0.13568003582449384,22,512
regime_reset,1,shuffled_history,7,0.395,0.2,0.43875,0.12399525176773707,22,512
regime_reset,1,oracle,4,0.83375,0.5900000000000001,0.0,0.0,3,512
regime_reset,2,last_contact,4,0.4925,0.7849999999999999,0.24375000000000008,0.026565091737437492,2,512
regime_reset,2,ema,3,0.44375000000000003,0.395,0.29250000000000004,0.05171364397468603,22,512
regime_reset,2,failure_age,3,0.44375000000000003,0.395,0.29250000000000004,0.060140212073157506,22,512
regime_reset,2,route_history,3,0.44375000000000003,0.395,0.29250000000000004,0.09289218159756574,22,512
regime_reset,2,shuffled_history,3,0.44375000000000003,0.395,0.29250000000000004,0.06127458341627179,22,512
regime_reset,2,oracle,6,0.7362500000000001,0.98,0.0,0.0,2,512
regime_reset,3,last_contact,2,0.7362500000000001,0.98,0.14625,0.03398804704993752,20,512
regime_reset,3,ema,2,0.7362500000000001,0.98,0.14625,0.0316956844904482,20,512
regime_reset,3,failure_age,0,0.8825000000000001,0.5900000000000001,0.0,0.03249505818517613,21,512
regime_reset,3,route_history,0,0.8825000000000001,0.5900000000000001,0.0,0.04319461690351517,21,512
regime_reset,3,shuffled_history,0,0.8825000000000001,0.5900000000000001,0.0,0.033606063758742914,21,512
regime_reset,3,oracle,0,0.8825000000000001,0.5900000000000001,0.0,0.0,21,512
regime_reset,4,last_contact,2,0.2975,0.2,0.53625,0.060364246737437496,2,512
regime_reset,4,ema,0,0.7849999999999999,0.5900000000000001,0.04875000000000007,0.06638376369402416,26,512
regime_reset,4,failure_age,0,0.7849999999999999,0.5900000000000001,0.04875000000000007,0.06800874990048035,26,512
regime_reset,4,route_history,0,0.7849999999999999,0.5900000000000001,0.04875000000000007,0.07401023752115059,26,512
regime_reset,4,shuffled_history,0,0.7849999999999999,0.5900000000000001,0.04875000000000007,0.0667239874113414,26,512
regime_reset,4,oracle,3,0.83375,0.7849999999999999,0.0,0.0,1,512
regime_reset,5,last_contact,2,0.2975,0.5900000000000001,0.53625,0.04069074548743751,2,512
regime_reset,5,ema,7,0.54125,0.395,0.2925,0.05775626320753925,21,512
regime_reset,5,failure_age,7,0.54125,0.395,0.2925,0.06843460183753132,21,512
regime_reset,5,route_history,7,0.54125,0.395,0.2925,0.08203341460235664,21,512
regime_reset,5,shuffled_history,7,0.54125,0.395,0.2925,0.07047546547481512,21,512
regime_reset,5,oracle,4,0.83375,0.395,0.0,0.0,5,512
regime_reset,6,last_contact,3,0.2,0.2,0.78,0.0591091048624375,6,512
regime_reset,6,ema,7,0.63875,0.98,0.34124999999999994,0.053462999745471126,20,512
regime_reset,6,failure_age,7,0.63875,0.98,0.34124999999999994,0.06085884473688676,20,512
regime_reset,6,route_history,7,0.63875,0.98,0.34124999999999994,0.08759699066087127,20,512
regime_reset,6,shuffled_history,7,0.63875,0.98,0.34124999999999994,0.06270475356368564,20,512
regime_reset,6,oracle,2,0.98,0.98,0.0,0.0,8,512
regime_reset,7,last_contact,4,0.7849999999999999,0.395,0.0,0.07326363384681246,1,512
regime_reset,7,ema,1,0.2,0.2,0.585,0.1487605866890105,23,512
regime_reset,7,failure_age,1,0.2,0.2,0.585,0.14055722006019666,23,512
regime_reset,7,route_history,1,0.2,0.2,0.585,0.19924329034059934,23,512
regime_reset,7,shuffled_history,1,0.2,0.2,0.585,0.14075237073869196,23,512
regime_reset,7,oracle,4,0.7849999999999999,0.395,0.0,0.0,1,512
regime_reset,8,last_contact,1,0.2,0.2,0.6825000000000001,0.06012567947181249,6,512
regime_reset,8,ema,3,0.6875,0.395,0.19500000000000006,0.04901448801154727,13,512
regime_reset,8,failure_age,3,0.6875,0.395,0.19500000000000006,0.054790715124000536,13,512
regime_reset,8,route_history,2,0.54125,0.2,0.34125000000000005,0.0709543734941774,7,512
regime_reset,8,shuffled_history,1,0.2,0.2,0.6825000000000001,0.05378551467455735,6,512
regime_reset,8,oracle,0,0.8825000000000001,0.7849999999999999,0.0,0.0,2,512
regime_reset,9,last_contact,3,0.63875,0.2,0.24375000000000002,0.04396687650306251,5,512
regime_reset,9,ema,4,0.2,0.2,0.6825000000000001,0.0681660036438959,11,512
regime_reset,9,failure_age,6,0.6875,0.395,0.19500000000000006,0.04604769508331641,15,512
regime_reset,9,route_history,1,0.34625,0.2,0.5362500000000001,0.037560964590864165,15,512
regime_reset,9,shuffled_history,6,0.6875,0.395,0.19500000000000006,0.04308736882520589,15,512
regime_reset,9,oracle,0,0.8825000000000001,0.5900000000000001,0.0,0.0,3,512
regime_reset,10,last_contact,4,0.54125,0.2,0.3900000000000001,0.056493975096812504,6,512
regime_reset,10,ema,2,0.9312500000000001,0.7849999999999999,0.0,0.04479462618074785,14,512
regime_reset,10,failure_age,0,0.395,0.5900000000000001,0.5362500000000001,0.07255559297586164,25,512
regime_reset,10,route_history,0,0.395,0.5900000000000001,0.5362500000000001,0.09824883787129339,25,512
regime_reset,10,shuffled_history,0,0.395,0.5900000000000001,0.5362500000000001,0.07679530290474179,25,512
regime_reset,10,oracle,2,0.9312500000000001,0.7849999999999999,0.0,0.0,14,512
regime_reset,11,last_contact,5,0.83375,0.395,0.04875000000000007,0.08747286337806248,6,512
regime_reset,11,ema,4,0.2,0.2,0.6825000000000001,0.09894605679835303,11,512
regime_reset,11,failure_age,5,0.83375,0.395,0.04875000000000007,0.0750191646324998,6,512
regime_reset,11,route_history,1,0.63875,0.2,0.24375000000000002,0.09830153516737332,7,512
regime_reset,11,shuffled_history,1,0.63875,0.2,0.24375000000000002,0.07758914376309528,7,512
regime_reset,11,oracle,0,0.8825000000000001,0.7849999999999999,0.0,0.0,3,512
regime_reset,12,last_contact,6,0.7362500000000001,0.5900000000000001,0.09749999999999992,0.03272835009681249,2,512
regime_reset,12,ema,0,0.44375000000000003,0.2,0.38999999999999996,0.05273026844347626,13,512
regime_reset,12,failure_age,5,0.24875000000000003,0.395,0.585,0.06385127417207118,21,512
regime_reset,12,route_history,5,0.24875000000000003,0.395,0.585,0.06415281245228513,21,512
regime_reset,12,shuffled_history,5,0.24875000000000003,0.395,0.585,0.06399362046964506,21,512
regime_reset,12,oracle,2,0.83375,0.395,0.0,0.0,4,512
regime_reset,13,last_contact,2,0.2,0.2,0.585,0.03092921306556249,11,512
regime_reset,13,ema,2,0.2,0.2,0.585,0.04597344675018694,11,512
regime_reset,13,failure_age,4,0.7849999999999999,0.2,0.0,0.021246283500222035,15,512
regime_reset,13,route_history,7,0.5900000000000001,0.2,0.19499999999999984,0.02432238044534831,7,512
regime_reset,13,shuffled_history,4,0.7849999999999999,0.2,0.0,0.02067716798405938,15,512
regime_reset,13,oracle,4,0.7849999999999999,0.2,0.0,0.0,15,512
regime_reset,14,last_contact,7,0.9312500000000001,0.7849999999999999,0.0,0.06669465665931248,3,512
regime_reset,14,ema,0,0.395,0.395,0.5362500000000001,0.09375733992181697,12,512
regime_reset,14,failure_age,4,0.24875000000000003,0.2,0.6825000000000001,0.07890076710361088,16,512
regime_reset,14,route_history,4,0.24875000000000003,0.2,0.6825000000000001,0.09555432185567508,16,512
regime_reset,14,shuffled_history,4,0.24875000000000003,0.2,0.6825000000000001,0.082379990304265,16,512
regime_reset,14,oracle,7,0.9312500000000001,0.7849999999999999,0.0,0.0,3,512
regime_reset,15,last_contact,4,0.395,0.2,0.43875,0.02979107728431249,17,512
regime_reset,15,ema,4,0.395,0.2,0.43875,0.06310705864866245,17,512
regime_reset,15,failure_age,2,0.54125,0.2,0.2925,0.0901009596670433,24,512
regime_reset,15,route_history,2,0.54125,0.2,0.2925,0.09280667297071024,24,512
regime_reset,15,shuffled_history,2,0.54125,0.2,0.2925,0.09358524710141303,24,512
regime_reset,15,oracle,6,0.83375,0.395,0.0,0.0,2,512
regime_reset,16,last_contact,7,0.2975,0.2,0.53625,0.058631970331187486,5,512
regime_reset,16,ema,5,0.34625,0.2,0.4875,0.06880108076245045,14,512
regime_reset,16,failure_age,3,0.2,0.2,0.63375,0.08000530609171247,23,512
regime_reset,16,route_history,3,0.2,0.2,0.63375,0.11023699294528394,23,512
regime_reset,16,shuffled_history,3,0.2,0.2,0.63375,0.08548996001053186,23,512
regime_reset,16,oracle,1,0.83375,0.98,0.0,0.0,19,512
regime_reset,17,last_contact,0,0.8825000000000001,0.98,0.0,0.0719750616593125,20,512
regime_reset,17,ema,0,0.8825000000000001,0.98,0.0,0.10973042950670181,20,512
regime_reset,17,failure_age,5,0.2,0.2,0.6825000000000001,0.14021437841721524,27,512
regime_reset,17,route_history,5,0.2,0.2,0.6825000000000001,0.16713954856070024,27,512
regime_reset,17,shuffled_history,5,0.2,0.2,0.6825000000000001,0.139521370706226,27,512
regime_reset,17,oracle,0,0.8825000000000001,0.98,0.0,0.0,20,512
regime_reset,18,last_contact,1,0.395,0.2,0.43875,0.04045217822181249,4,512
regime_reset,18,ema,2,0.24875000000000003,0.2,0.585,0.06461672172137002,16,512
regime_reset,18,failure_age,7,0.5900000000000001,0.7849999999999999,0.2437499999999999,0.0668739921649439,24,512
regime_reset,18,route_history,7,0.5900000000000001,0.7849999999999999,0.2437499999999999,0.06888951858049615,24,512
regime_reset,18,shuffled_history,7,0.5900000000000001,0.7849999999999999,0.2437499999999999,0.0711427674339955,24,512
regime_reset,18,oracle,5,0.83375,0.395,0.0,0.0,1,512
regime_reset,19,last_contact,1,0.2,0.2,0.7312500000000002,0.05975339095618751,6,512
regime_reset,19,ema,6,0.2,0.2,0.7312500000000002,0.06550741159263661,13,512
regime_reset,19,failure_age,4,0.9312500000000001,0.98,0.0,0.044527509557571135,19,512
regime_reset,19,route_history,4,0.9312500000000001,0.98,0.0,0.05469714626125831,19,512
regime_reset,19,shuffled_history,4,0.9312500000000001,0.98,0.0,0.0487033491446186,19,512
regime_reset,19,oracle,4,0.9312500000000001,0.98,0.0,0.0,19,512
regime_reset,20,last_contact,6,0.395,0.2,0.3899999999999999,0.058138120643687466,2,512
regime_reset,20,ema,3,0.7849999999999999,0.7849999999999999,0.0,0.06388834528002622,22,512
regime_reset,20,failure_age,3,0.7849999999999999,0.7849999999999999,0.0,0.06140834984416269,22,512
regime_reset,20,route_history,3,0.7849999999999999,0.7849999999999999,0.0,0.06280076000023542,22,512
regime_reset,20,shuffled_history,3,0.7849999999999999,0.7849999999999999,0.0,0.06015759042652341,22,512
regime_reset,20,oracle,3,0.7849999999999999,0.7849999999999999,0.0,0.0,22,512
regime_reset,21,last_contact,4,0.34625,0.2,0.5362500000000001,0.0355987622843125,3,512
regime_reset,21,ema,7,0.5900000000000001,0.395,0.2925,0.040358719642050546,25,512
regime_reset,21,failure_age,7,0.5900000000000001,0.395,0.2925,0.04880237462272563,25,512
regime_reset,21,route_history,7,0.5900000000000001,0.395,0.2925,0.06180838489209772,25,512
regime_reset,21,shuffled_history,7,0.5900000000000001,0.395,0.2925,0.04767697976624609,25,512
regime_reset,21,oracle,3,0.8825000000000001,0.7849999999999999,0.0,0.0,3,512
regime_reset,22,last_contact,7,0.63875,0.2,0.24375000000000002,0.0701090640030625,17,512
regime_reset,22,ema,7,0.63875,0.2,0.24375000000000002,0.09322908049447401,17,512
regime_reset,22,failure_age,3,0.7849999999999999,0.395,0.09750000000000014,0.06781256927665963,22,512
regime_reset,22,route_history,3,0.7849999999999999,0.395,0.09750000000000014,0.12368849208346733,22,512
regime_reset,22,shuffled_history,3,0.7849999999999999,0.395,0.09750000000000014,0.06555116652779483,22,512
regime_reset,22,oracle,2,0.8825000000000001,0.98,0.0,0.0,7,512
regime_reset,23,last_contact,3,0.2,0.2,0.6825000000000001,0.060113519393687524,6,512
regime_reset,23,ema,1,0.83375,0.7849999999999999,0.04875000000000007,0.055940780286227815,18,512
regime_reset,23,failure_age,5,0.63875,0.2,0.24375000000000002,0.07809378923292104,26,512
regime_reset,23,route_history,5,0.63875,0.2,0.24375000000000002,0.0759615651639388,26,512
regime_reset,23,shuffled_history,5,0.63875,0.2,0.24375000000000002,0.07968571478198402,26,512
regime_reset,23,oracle,7,0.8825000000000001,0.7849999999999999,0.0,0.0,5,512
regime_reset,24,last_contact,0,0.7362500000000001,0.2,0.2437499999999999,0.059247381190562526,16,512
regime_reset,24,ema,0,0.7362500000000001,0.2,0.2437499999999999,0.1098203384210828,16,512
regime_reset,24,failure_age,5,0.395,0.2,0.585,0.08847311271261721,21,512
regime_reset,24,route_history,5,0.395,0.2,0.585,0.07964119608998478,21,512
regime_reset,24,shuffled_history,5,0.395,0.2,0.585,0.0921624569022882,21,512
regime_reset,24,oracle,3,0.98,0.98,0.0,0.0,4,512
regime_reset,25,last_contact,3,0.2,0.2,0.5362500000000001,0.05980353642493749,2,512
regime_reset,25,ema,6,0.2,0.2,0.5362500000000001,0.06941358553881868,5,512
regime_reset,25,failure_age,5,0.7362500000000001,0.2,0.0,0.052588795870970276,4,512
regime_reset,25,route_history,6,0.2,0.2,0.5362500000000001,0.07555364239653788,5,512
regime_reset,25,shuffled_history,5,0.7362500000000001,0.2,0.0,0.05107248639666017,4,512
regime_reset,25,oracle,5,0.7362500000000001,0.2,0.0,0.0,4,512
regime_reset,26,last_contact,1,0.44375000000000003,0.2,0.195,0.010761862128062495,3,512
regime_reset,26,ema,5,0.54125,0.2,0.09750000000000003,0.0165648950521962,11,512
regime_reset,26,failure_age,2,0.4925,0.2,0.14625000000000005,0.012438770945617229,4,512
regime_reset,26,route_history,3,0.395,0.2,0.24375000000000002,0.031891246062906456,6,512
regime_reset,26,shuffled_history,3,0.395,0.2,0.24375000000000002,0.013862437679198513,6,512
regime_reset,26,oracle,6,0.63875,0.5900000000000001,0.0,0.0,3,512
regime_reset,27,last_contact,3,0.2,0.2,0.78,0.0715860579874375,1,512
regime_reset,27,ema,4,0.98,0.98,0.0,0.05258426483895738,22,512
regime_reset,27,failure_age,4,0.98,0.98,0.0,0.047845679968693246,22,512
regime_reset,27,route_history,4,0.98,0.98,0.0,0.05124843760977005,22,512
regime_reset,27,shuffled_history,4,0.98,0.98,0.0,0.04388254165274794,22,512
regime_reset,27,oracle,4,0.98,0.98,0.0,0.0,22,512
regime_reset,28,last_contact,3,0.7362500000000001,0.2,0.14625,0.062163383768687505,22,512
regime_reset,28,ema,3,0.7362500000000001,0.2,0.14625,0.0383599418081605,22,512
regime_reset,28,failure_age,3,0.7362500000000001,0.2,0.14625,0.04054997777312886,22,512
regime_reset,28,route_history,3,0.7362500000000001,0.2,0.14625,0.049797265463684716,22,512
regime_reset,28,shuffled_history,3,0.7362500000000001,0.2,0.14625,0.04004531161919357,22,512
regime_reset,28,oracle,1,0.8825000000000001,0.7849999999999999,0.0,0.0,16,512
regime_reset,29,last_contact,0,0.7362500000000001,0.2,0.2437499999999999,0.0878497069718125,19,512
regime_reset,29,ema,0,0.7362500000000001,0.2,0.2437499999999999,0.09579858299337887,19,512
regime_reset,29,failure_age,0,0.7362500000000001,0.2,0.2437499999999999,0.10447271388176965,19,512
regime_reset,29,route_history,0,0.7362500000000001,0.2,0.2437499999999999,0.09631731939943045,19,512
regime_reset,29,shuffled_history,0,0.7362500000000001,0.2,0.2437499999999999,0.1028808443284531,19,512
regime_reset,29,oracle,6,0.98,0.98,0.0,0.0,2,512
regime_reset,30,last_contact,3,0.44375000000000003,0.5900000000000001,0.24374999999999997,0.05518413267493747,3,512
regime_reset,30,ema,2,0.6875,0.2,0.0,0.05014872186363606,14,512
regime_reset,30,failure_age,6,0.34625,0.2,0.34125,0.043235327967954054,17,512
regime_reset,30,route_history,6,0.34625,0.2,0.34125,0.060005199865203085,17,512
regime_reset,30,shuffled_history,6,0.34625,0.2,0.34125,0.04562787959802398,17,512
regime_reset,30,oracle,2,0.6875,0.2,0.0,0.0,14,512
regime_reset,31,last_contact,2,0.2,0.2,0.6825000000000001,0.07223034408118749,4,512
regime_reset,31,ema,5,0.395,0.2,0.48750000000000004,0.08389774215641944,21,512
regime_reset,31,failure_age,5,0.395,0.2,0.48750000000000004,0.10115279933559804,21,512
regime_reset,31,route_history,5,0.395,0.2,0.48750000000000004,0.1069754989108167,21,512
regime_reset,31,shuffled_history,5,0.395,0.2,0.48750000000000004,0.09922214233535598,21,512
regime_reset,31,oracle,1,0.8825000000000001,0.7849999999999999,0.0,0.0,3,512
regime_reset,32,last_contact,1,0.2975,0.2,0.5850000000000001,0.0660336554093125,1,512
regime_reset,32,ema,2,0.2,0.2,0.6825000000000001,0.07433311620485071,15,512
regime_reset,32,failure_age,2,0.2,0.2,0.6825000000000001,0.07051848211038952,15,512
regime_reset,32,route_history,2,0.2,0.2,0.6825000000000001,0.07080548540210313,15,512
regime_reset,32,shuffled_history,2,0.2,0.2,0.6825000000000001,0.0705822533521102,15,512
regime_reset,32,oracle,4,0.8825000000000001,0.5900000000000001,0.0,0.0,4,512
regime_reset,33,last_contact,1,0.98,0.98,0.0,0.0549668356436875,3,512
regime_reset,33,ema,4,0.24875000000000003,0.2,0.73125,0.05518303607615317,6,512
regime_reset,33,failure_age,0,0.63875,0.98,0.34124999999999994,0.05589029292140946,4,512
regime_reset,33,route_history,0,0.63875,0.98,0.34124999999999994,0.08997598223899005,4,512
regime_reset,33,shuffled_history,0,0.63875,0.98,0.34124999999999994,0.05572749802606798,4,512
regime_reset,33,oracle,1,0.98,0.98,0.0,0.0,3,512
regime_reset,34,last_contact,4,0.54125,0.395,0.43875,0.06501708079993751,8,512
regime_reset,34,ema,1,0.34625,0.2,0.63375,0.0717035605791891,21,512
regime_reset,34,failure_age,1,0.34625,0.2,0.63375,0.08504989895283818,21,512
regime_reset,34,route_history,1,0.34625,0.2,0.63375,0.10222520566852018,21,512
regime_reset,34,shuffled_history,1,0.34625,0.2,0.63375,0.0877272172253299,21,512
regime_reset,34,oracle,3,0.98,0.98,0.0,0.0,5,512
regime_reset,35,last_contact,2,0.34625,0.2,0.5850000000000002,0.057021255096812516,2,512
regime_reset,35,ema,1,0.9312500000000001,0.7849999999999999,0.0,0.07229411493764176,18,512
regime_reset,35,failure_age,1,0.9312500000000001,0.7849999999999999,0.0,0.04705444136945825,18,512
regime_reset,35,route_history,1,0.9312500000000001,0.7849999999999999,0.0,0.06690721005017182,18,512
regime_reset,35,shuffled_history,1,0.9312500000000001,0.7849999999999999,0.0,0.04792058365224257,18,512
regime_reset,35,oracle,1,0.9312500000000001,0.7849999999999999,0.0,0.0,18,512
regime_reset,36,last_contact,7,0.4925,0.5900000000000001,0.2924999999999999,0.04343959650306249,20,512
regime_reset,36,ema,7,0.4925,0.5900000000000001,0.2924999999999999,0.049646032249405114,20,512
regime_reset,36,failure_age,7,0.4925,0.5900000000000001,0.2924999999999999,0.042473311043304166,20,512
regime_reset,36,route_history,7,0.4925,0.5900000000000001,0.2924999999999999,0.05436853930457837,20,512
regime_reset,36,shuffled_history,7,0.4925,0.5900000000000001,0.2924999999999999,0.03955571025810725,20,512
regime_reset,36,oracle,5,0.7849999999999999,0.98,0.0,0.0,4,512
regime_reset,37,last_contact,3,0.54125,0.2,0.19500000000000006,0.012427277909312511,4,512
regime_reset,37,ema,4,0.4925,0.5900000000000001,0.24375000000000008,0.040811693297850365,12,512
regime_reset,37,failure_age,3,0.54125,0.2,0.19500000000000006,0.01911232992311305,4,512
regime_reset,37,route_history,2,0.7362500000000001,0.2,0.0,0.03451371567623488,6,512
regime_reset,37,shuffled_history,3,0.54125,0.2,0.19500000000000006,0.018758652627072218,4,512
regime_reset,37,oracle,2,0.7362500000000001,0.2,0.0,0.0,6,512
regime_reset,38,last_contact,6,0.395,0.2,0.43875,0.04571586806556249,18,512
regime_reset,38,ema,6,0.395,0.2,0.43875,0.05806333462514704,18,512
regime_reset,38,failure_age,6,0.395,0.2,0.43875,0.06299344122811817,18,512
regime_reset,38,route_history,6,0.395,0.2,0.43875,0.07627177905895177,18,512
regime_reset,38,shuffled_history,6,0.395,0.2,0.43875,0.0643473152681477,18,512
regime_reset,38,oracle,5,0.83375,0.395,0.0,0.0,1,512
regime_reset,39,last_contact,1,0.63875,0.2,0.0,0.0172806938468125,2,512
regime_reset,39,ema,4,0.34625,0.5900000000000001,0.29250000000000004,0.0394324894877653,14,512
regime_reset,39,failure_age,0,0.2975,0.2,0.34125000000000005,0.0649008674847801,27,512
regime_reset,39,route_history,0,0.2975,0.2,0.34125000000000005,0.0647845924227472,27,512
regime_reset,39,shuffled_history,0,0.2975,0.2,0.34125000000000005,0.07116810981402823,27,512
regime_reset,39,oracle,1,0.63875,0.2,0.0,0.0,2,512
regime_reset,40,last_contact,4,0.9312500000000001,0.7849999999999999,0.0,0.0895105676749375,7,512
regime_reset,40,ema,5,0.2,0.2,0.7312500000000002,0.09270447282395157,18,512
regime_reset,40,failure_age,3,0.7849999999999999,0.2,0.1462500000000002,0.10019854290171096,24,512
regime_reset,40,route_history,3,0.7849999999999999,0.2,0.1462500000000002,0.14269054654777452,24,512
regime_reset,40,shuffled_history,3,0.7849999999999999,0.2,0.1462500000000002,0.10832274992414245,24,512
regime_reset,40,oracle,4,0.9312500000000001,0.7849999999999999,0.0,0.0,7,512
regime_reset,41,last_contact,0,0.63875,0.2,0.19499999999999995,0.07538491392493749,1,512
regime_reset,41,ema,4,0.2,0.2,0.63375,0.10273889069297149,14,512
regime_reset,41,failure_age,1,0.2975,0.2,0.53625,0.084653261113203,23,512
regime_reset,41,route_history,1,0.2975,0.2,0.53625,0.09735886885368497,23,512
regime_reset,41,shuffled_history,1,0.2975,0.2,0.53625,0.08666127681325428,23,512
regime_reset,41,oracle,7,0.83375,0.98,0.0,0.0,4,512
regime_reset,42,last_contact,4,0.2975,0.5900000000000001,0.6337500000000001,0.07655648001868749,15,512
regime_reset,42,ema,4,0.2975,0.5900000000000001,0.6337500000000001,0.10146019534465242,15,512
regime_reset,42,failure_age,1,0.44375000000000003,0.2,0.4875000000000001,0.09564627715728097,16,512
regime_reset,42,route_history,1,0.44375000000000003,0.2,0.4875000000000001,0.11488965418804387,16,512
regime_reset,42,shuffled_history,1,0.44375000000000003,0.2,0.4875000000000001,0.09786539804409952,16,512
regime_reset,42,oracle,2,0.9312500000000001,0.7849999999999999,0.0,0.0,9,512
regime_reset,43,last_contact,7,0.7849999999999999,0.2,0.0,0.034238774393687485,3,512
regime_reset,43,ema,4,0.4925,0.2,0.2924999999999999,0.03752765075436571,19,512
regime_reset,43,failure_age,6,0.44375000000000003,0.2,0.3412499999999999,0.048418123437340886,22,512
regime_reset,43,route_history,6,0.44375000000000003,0.2,0.3412499999999999,0.08329358630216238,22,512
regime_reset,43,shuffled_history,6,0.44375000000000003,0.2,0.3412499999999999,0.050896679155812044,22,512
regime_reset,43,oracle,7,0.7849999999999999,0.2,0.0,0.0,3,512
regime_reset,44,last_contact,1,0.4925,0.2,0.43875000000000014,0.04154016853431252,6,512
regime_reset,44,ema,5,0.5900000000000001,0.5900000000000001,0.34125000000000005,0.04177823190346725,16,512
regime_reset,44,failure_age,2,0.9312500000000001,0.7849999999999999,0.0,0.029090036521508544,21,512
regime_reset,44,route_history,2,0.9312500000000001,0.7849999999999999,0.0,0.03939256697133385,21,512
regime_reset,44,shuffled_history,2,0.9312500000000001,0.7849999999999999,0.0,0.029889321876470153,21,512
regime_reset,44,oracle,2,0.9312500000000001,0.7849999999999999,0.0,0.0,21,512
regime_reset,45,last_contact,1,0.63875,0.2,0.2925000000000001,0.04838114329993752,2,512
regime_reset,45,ema,2,0.24875000000000003,0.2,0.6825000000000001,0.06782495606376054,20,512
regime_reset,45,failure_age,2,0.24875000000000003,0.2,0.6825000000000001,0.08403774217123262,20,512
regime_reset,45,route_history,2,0.24875000000000003,0.2,0.6825000000000001,0.09783270919801788,20,512
regime_reset,45,shuffled_history,2,0.24875000000000003,0.2,0.6825000000000001,0.0836839820349507,20,512
regime_reset,45,oracle,6,0.9312500000000001,0.7849999999999999,0.0,0.0,4,512
regime_reset,46,last_contact,0,0.2,0.2,0.7312500000000002,0.06893749790931253,4,512
regime_reset,46,ema,4,0.395,0.7849999999999999,0.5362500000000001,0.08665813634554143,15,512
regime_reset,46,failure_age,5,0.34625,0.2,0.5850000000000002,0.08376666422100525,16,512
regime_reset,46,route_history,5,0.34625,0.2,0.5850000000000002,0.08329002193969284,16,512
regime_reset,46,shuffled_history,5,0.34625,0.2,0.5850000000000002,0.07907901098865264,16,512
regime_reset,46,oracle,2,0.9312500000000001,0.98,0.0,0.0,4,512
regime_reset,47,last_contact,6,0.34625,0.5900000000000001,0.5850000000000002,0.07879932126868751,7,512
regime_reset,47,ema,1,0.24875000000000003,0.2,0.6825000000000001,0.09129355421261756,22,512
regime_reset,47,failure_age,1,0.24875000000000003,0.2,0.6825000000000001,0.10842691622532337,22,512
regime_reset,47,route_history,1,0.24875000000000003,0.2,0.6825000000000001,0.12055981847722375,22,512
regime_reset,47,shuffled_history,1,0.24875000000000003,0.2,0.6825000000000001,0.10893422312176694,22,512
regime_reset,47,oracle,3,0.9312500000000001,0.7849999999999999,0.0,0.0,5,512
regime_reset,48,last_contact,1,0.7849999999999999,0.2,0.09750000000000014,0.0552722635343125,6,512
regime_reset,48,ema,7,0.63875,0.2,0.24375000000000002,0.041064656445677,13,512
regime_reset,48,failure_age,4,0.8825000000000001,0.98,0.0,0.027083179228185438,23,512
regime_reset,48,route_history,4,0.8825000000000001,0.98,0.0,0.06806154690425673,23,512
regime_reset,48,shuffled_history,4,0.8825000000000001,0.98,0.0,0.025580487865186304,23,512
regime_reset,48,oracle,4,0.8825000000000001,0.98,0.0,0.0,23,512
regime_reset,49,last_contact,3,0.7849999999999999,0.395,0.04875000000000007,0.07518433204993749,10,512
regime_reset,49,ema,6,0.83375,0.395,0.0,0.08082097028724752,21,512
regime_reset,49,failure_age,6,0.83375,0.395,0.0,0.09358394996458097,21,512
regime_reset,49,route_history,6,0.83375,0.395,0.0,0.11411197240469273,21,512
regime_reset,49,shuffled_history,6,0.83375,0.395,0.0,0.09888668358166354,21,512
regime_reset,49,oracle,6,0.83375,0.395,0.0,0.0,21,512
regime_reset,50,last_contact,7,0.5900000000000001,0.2,0.19499999999999984,0.033083923456187485,3,512
regime_reset,50,ema,2,0.44375000000000003,0.7849999999999999,0.3412499999999999,0.04078379467920683,11,512
regime_reset,50,failure_age,3,0.54125,0.5900000000000001,0.2437499999999999,0.029497494992023407,20,512
regime_reset,50,route_history,3,0.54125,0.5900000000000001,0.2437499999999999,0.030099771506425767,20,512
regime_reset,50,shuffled_history,3,0.54125,0.5900000000000001,0.2437499999999999,0.029574976410815763,20,512
regime_reset,50,oracle,0,0.7849999999999999,0.2,0.0,0.0,15,512
regime_reset,51,last_contact,3,0.54125,0.5900000000000001,0.19500000000000006,0.014770410096812514,13,512
regime_reset,51,ema,3,0.54125,0.5900000000000001,0.19500000000000006,0.029015028069027973,13,512
regime_reset,51,failure_age,3,0.54125,0.5900000000000001,0.19500000000000006,0.0205678762950832,13,512
regime_reset,51,route_history,1,0.6875,0.7849999999999999,0.04875000000000007,0.05969201242785216,7,512
regime_reset,51,shuffled_history,3,0.54125,0.5900000000000001,0.19500000000000006,0.02103458549002791,13,512
regime_reset,51,oracle,7,0.7362500000000001,0.2,0.0,0.0,8,512
regime_reset,52,last_contact,2,0.2,0.2,0.6825000000000001,0.046715727518687494,4,512
regime_reset,52,ema,0,0.63875,0.2,0.24375000000000002,0.06889374389448952,14,512
regime_reset,52,failure_age,3,0.2975,0.2,0.5850000000000001,0.06327062766580005,17,512
regime_reset,52,route_history,3,0.2975,0.2,0.5850000000000001,0.07140952968642941,17,512
regime_reset,52,shuffled_history,3,0.2975,0.2,0.5850000000000001,0.06281026686289234,17,512
regime_reset,52,oracle,7,0.8825000000000001,0.5900000000000001,0.0,0.0,1,512
regime_reset,53,last_contact,3,0.44375000000000003,0.2,0.3412499999999999,0.04289560134681248,6,512
regime_reset,53,ema,6,0.63875,0.2,0.14624999999999988,0.03855134056586769,17,512
regime_reset,53,failure_age,6,0.63875,0.2,0.14624999999999988,0.036139505431940035,17,512
regime_reset,53,route_history,6,0.63875,0.2,0.14624999999999988,0.04252249091433363,17,512
regime_reset,53,shuffled_history,6,0.63875,0.2,0.14624999999999988,0.03926542310662673,17,512
regime_reset,53,oracle,7,0.7849999999999999,0.395,0.0,0.0,5,512
regime_reset,54,last_contact,0,0.2,0.2,0.78,0.09933896072181247,4,512
regime_reset,54,ema,4,0.6875,0.98,0.2925,0.09353045948246805,15,512
regime_reset,54,failure_age,3,0.83375,0.7849999999999999,0.14625,0.09256841661486881,18,512
regime_reset,54,route_history,3,0.83375,0.7849999999999999,0.14625,0.10038063387266272,18,512
regime_reset,54,shuffled_history,3,0.83375,0.7849999999999999,0.14625,0.1013526282415211,18,512
regime_reset,54,oracle,6,0.98,0.98,0.0,0.0,3,512
regime_reset,55,last_contact,3,0.2975,0.5900000000000001,0.39,0.04325117470618749,1,512
regime_reset,55,ema,6,0.6875,0.7849999999999999,0.0,0.0333056460218816,26,512
regime_reset,55,failure_age,6,0.6875,0.7849999999999999,0.0,0.030467312637140552,26,512
regime_reset,55,route_history,6,0.6875,0.7849999999999999,0.0,0.02191344694915536,26,512
regime_reset,55,shuffled_history,6,0.6875,0.7849999999999999,0.0,0.029729385756668468,26,512
regime_reset,55,oracle,6,0.6875,0.7849999999999999,0.0,0.0,26,512
regime_reset,56,last_contact,6,0.8825000000000001,0.5900000000000001,0.0,0.08368616751868747,1,512
regime_reset,56,ema,0,0.24875000000000003,0.2,0.63375,0.09423485608035377,16,512
regime_reset,56,failure_age,0,0.24875000000000003,0.2,0.63375,0.09044164201994989,16,512
regime_reset,56,route_history,0,0.24875000000000003,0.2,0.63375,0.07248764939365951,16,512
regime_reset,56,shuffled_history,0,0.24875000000000003,0.2,0.63375,0.08718054792984131,16,512
regime_reset,56,oracle,6,0.8825000000000001,0.5900000000000001,0.0,0.0,1,512
regime_reset,57,last_contact,0,0.5900000000000001,0.5900000000000001,0.19499999999999984,0.04939771790931248,5,512
regime_reset,57,ema,2,0.2,0.2,0.585,0.05643733468330428,20,512
regime_reset,57,failure_age,2,0.2,0.2,0.585,0.08530438903326096,20,512
regime_reset,57,route_history,2,0.2,0.2,0.585,0.09453790104190067,20,512
regime_reset,57,shuffled_history,2,0.2,0.2,0.585,0.08236286580081542,20,512
regime_reset,57,oracle,6,0.7849999999999999,0.2,0.0,0.0,11,512
regime_reset,58,last_contact,7,0.5900000000000001,0.2,0.09749999999999992,0.048293012440562486,10,512
regime_reset,58,ema,5,0.2,0.2,0.4875,0.07951232473860484,13,512
regime_reset,58,failure_age,6,0.2,0.2,0.4875,0.08959657975672594,22,512
regime_reset,58,route_history,6,0.2,0.2,0.4875,0.10215379056214514,22,512
regime_reset,58,shuffled_history,6,0.2,0.2,0.4875,0.09455670660484264,22,512
regime_reset,58,oracle,4,0.6875,0.5900000000000001,0.0,0.0,10,512
regime_reset,59,last_contact,1,0.6875,0.2,0.0,0.07010450892493747,11,512
regime_reset,59,ema,1,0.6875,0.2,0.0,0.03470136464126635,11,512
regime_reset,59,failure_age,6,0.24875000000000003,0.2,0.43875,0.05137177608079878,4,512
regime_reset,59,route_history,6,0.24875000000000003,0.2,0.43875,0.04743538746323184,4,512
regime_reset,59,shuffled_history,6,0.24875000000000003,0.2,0.43875,0.05563136536758799,4,512
regime_reset,59,oracle,1,0.6875,0.2,0.0,0.0,11,512
regime_reset,60,last_contact,6,0.2,0.2,0.585,0.05739354361243748,5,512
regime_reset,60,ema,3,0.54125,0.7849999999999999,0.2437499999999999,0.06335063384910433,14,512
regime_reset,60,failure_age,3,0.54125,0.7849999999999999,0.2437499999999999,0.060048075739198195,14,512
regime_reset,60,route_history,0,0.7849999999999999,0.395,0.0,0.04895399318036513,7,512
regime_reset,60,shuffled_history,3,0.54125,0.7849999999999999,0.2437499999999999,0.06030384076376186,14,512
regime_reset,60,oracle,0,0.7849999999999999,0.395,0.0,0.0,7,512
regime_reset,61,last_contact,0,0.54125,0.2,0.34125000000000005,0.047464859628062524,2,512
regime_reset,61,ema,1,0.7362500000000001,0.395,0.14625,0.0452955815476897,15,512
regime_reset,61,failure_age,1,0.7362500000000001,0.395,0.14625,0.045866320520418086,15,512
regime_reset,61,route_history,6,0.8825000000000001,0.5900000000000001,0.0,0.04556482492687741,7,512
regime_reset,61,shuffled_history,1,0.7362500000000001,0.395,0.14625,0.04882474077036291,15,512
regime_reset,61,oracle,6,0.8825000000000001,0.5900000000000001,0.0,0.0,7,512
regime_reset,62,last_contact,2,0.4925,0.2,0.048750000000000016,0.024238674706187482,18,512
regime_reset,62,ema,2,0.4925,0.2,0.048750000000000016,0.06598906522748009,18,512
regime_reset,62,failure_age,7,0.2975,0.2,0.24375000000000002,0.06815690696018809,26,512
regime_reset,62,route_history,7,0.2975,0.2,0.24375000000000002,0.07913055710687386,26,512
regime_reset,62,shuffled_history,7,0.2975,0.2,0.24375000000000002,0.07089659132718684,26,512
regime_reset,62,oracle,4,0.54125,0.2,0.0,0.0,1,512
regime_reset,63,last_contact,4,0.2,0.2,0.4875,0.05007543431556248,1,512
regime_reset,63,ema,6,0.44375000000000003,0.2,0.24374999999999997,0.03714719215772501,12,512
regime_reset,63,failure_age,0,0.2,0.2,0.4875,0.04641225907531491,4,512
regime_reset,63,route_history,2,0.63875,0.98,0.04874999999999996,0.06086007513960237,6,512
regime_reset,63,shuffled_history,2,0.63875,0.98,0.04874999999999996,0.04671834494639038,6,512
regime_reset,63,oracle,3,0.6875,0.2,0.0,0.0,9,512
regime_reset,64,last_contact,6,0.2,0.2,0.7312500000000002,0.07502934056556249,2,512
regime_reset,64,ema,2,0.24875000000000003,0.2,0.6825000000000001,0.1340248479365843,22,512
regime_reset,64,failure_age,2,0.24875000000000003,0.2,0.6825000000000001,0.16357094581449513,22,512
regime_reset,64,route_history,3,0.2,0.2,0.7312500000000002,0.2041010421019097,22,512
regime_reset,64,shuffled_history,2,0.24875000000000003,0.2,0.6825000000000001,0.17222818643014956,22,512
regime_reset,64,oracle,0,0.9312500000000001,0.7849999999999999,0.0,0.0,2,512
regime_reset,65,last_contact,4,0.395,0.7849999999999999,0.5362500000000001,0.05140199189368751,4,512
regime_reset,65,ema,6,0.2975,0.5900000000000001,0.6337500000000001,0.06643492099033266,18,512
regime_reset,65,failure_age,6,0.2975,0.5900000000000001,0.6337500000000001,0.07430609889521342,18,512
regime_reset,65,route_history,6,0.2975,0.5900000000000001,0.6337500000000001,0.07616698324244744,18,512
regime_reset,65,shuffled_history,6,0.2975,0.5900000000000001,0.6337500000000001,0.07477586924791095,18,512
regime_reset,65,oracle,5,0.9312500000000001,0.7849999999999999,0.0,0.0,4,512
regime_reset,66,last_contact,7,0.7362500000000001,0.5900000000000001,0.09749999999999992,0.05589983447181249,1,512
regime_reset,66,ema,6,0.2,0.2,0.63375,0.115254319819772,16,512
regime_reset,66,failure_age,6,0.2,0.2,0.63375,0.07727081905472685,16,512
regime_reset,66,route_history,6,0.2,0.2,0.63375,0.12292396891850028,16,512
regime_reset,66,shuffled_history,6,0.2,0.2,0.63375,0.07990966633979399,16,512
regime_reset,66,oracle,0,0.83375,0.7849999999999999,0.0,0.0,5,512
regime_reset,67,last_contact,0,0.6875,0.2,0.19500000000000006,0.0568328332999375,6,512
regime_reset,67,ema,5,0.2975,0.5900000000000001,0.5850000000000001,0.08471422285405632,17,512
regime_reset,67,failure_age,5,0.2975,0.5900000000000001,0.5850000000000001,0.07757926286913606,17,512
regime_reset,67,route_history,5,0.2975,0.5900000000000001,0.5850000000000001,0.07807589815710517,17,512
regime_reset,67,shuffled_history,5,0.2975,0.5900000000000001,0.5850000000000001,0.0788310442218437,17,512
regime_reset,67,oracle,2,0.8825000000000001,0.7849999999999999,0.0,0.0,12,512
regime_reset,68,last_contact,1,0.2975,0.5900000000000001,0.4387500000000001,0.08112118322181247,8,512
regime_reset,68,ema,0,0.24875000000000003,0.2,0.48750000000000004,0.08268794214751715,13,512
regime_reset,68,failure_age,5,0.24875000000000003,0.2,0.48750000000000004,0.10517548024889664,26,512
regime_reset,68,route_history,5,0.24875000000000003,0.2,0.48750000000000004,0.10177852131792776,26,512
regime_reset,68,shuffled_history,5,0.24875000000000003,0.2,0.48750000000000004,0.10902279573759008,26,512
regime_reset,68,oracle,3,0.7362500000000001,0.98,0.0,0.0,5,512
regime_reset,69,last_contact,4,0.4925,0.395,0.4875,0.0733684798624375,2,512
regime_reset,69,ema,7,0.8825000000000001,0.98,0.09749999999999992,0.09830236294207104,14,512
regime_reset,69,failure_age,0,0.54125,0.5900000000000001,0.43875,0.09990699203096046,21,512
regime_reset,69,route_history,0,0.54125,0.5900000000000001,0.43875,0.155730226158285,21,512
regime_reset,69,shuffled_history,0,0.54125,0.5900000000000001,0.43875,0.10098416907164737,21,512
regime_reset,69,oracle,1,0.98,0.98,0.0,0.0,2,512
regime_reset,70,last_contact,1,0.34625,0.2,0.63375,0.0471594317374375,6,512
regime_reset,70,ema,5,0.98,0.98,0.0,0.03464198533004857,14,512
regime_reset,70,failure_age,5,0.98,0.98,0.0,0.04105953768794101,14,512
regime_reset,70,route_history,7,0.44375000000000003,0.2,0.5362499999999999,0.05304713099331047,6,512
regime_reset,70,shuffled_history,5,0.98,0.98,0.0,0.039015649115530834,14,512
regime_reset,70,oracle,5,0.98,0.98,0.0,0.0,14,512
regime_reset,71,last_contact,5,0.54125,0.2,0.2925,0.058665400643687485,25,512
regime_reset,71,ema,5,0.54125,0.2,0.2925,0.08473311213042299,25,512
regime_reset,71,failure_age,5,0.54125,0.2,0.2925,0.11941157721798404,25,512
regime_reset,71,route_history,5,0.54125,0.2,0.2925,0.12397455847900857,25,512
regime_reset,71,shuffled_history,5,0.54125,0.2,0.2925,0.11794572754049293,25,512
regime_reset,71,oracle,6,0.83375,0.395,0.0,0.0,6,512
regime_reset,72,last_contact,1,0.395,0.2,0.48750000000000004,0.03828075267493751,1,512
regime_reset,72,ema,6,0.83375,0.7849999999999999,0.04875000000000007,0.026401728254311314,22,512
regime_reset,72,failure_age,6,0.83375,0.7849999999999999,0.04875000000000007,0.04150225488984253,22,512
regime_reset,72,route_history,6,0.83375,0.7849999999999999,0.04875000000000007,0.05015620162882629,22,512
regime_reset,72,shuffled_history,6,0.83375,0.7849999999999999,0.04875000000000007,0.044199393302972644,22,512
regime_reset,72,oracle,2,0.8825000000000001,0.5900000000000001,0.0,0.0,10,512
regime_reset,73,last_contact,0,0.24875000000000003,0.2,0.48750000000000004,0.041673889784312496,5,512
regime_reset,73,ema,6,0.4925,0.2,0.24375000000000008,0.04953232703864649,18,512
regime_reset,73,failure_age,6,0.4925,0.2,0.24375000000000008,0.04647805003250813,18,512
regime_reset,73,route_history,6,0.4925,0.2,0.24375000000000008,0.0456056851596628,18,512
regime_reset,73,shuffled_history,6,0.4925,0.2,0.24375000000000008,0.04799312226681472,18,512
regime_reset,73,oracle,2,0.7362500000000001,0.98,0.0,0.0,2,512
regime_reset,74,last_contact,6,0.44375000000000003,0.2,0.5362499999999999,0.0587033860343125,11,512
regime_reset,74,ema,6,0.44375000000000003,0.2,0.5362499999999999,0.07152395488697813,11,512
regime_reset,74,failure_age,3,0.6875,0.5900000000000001,0.2925,0.07532750616826431,27,512
regime_reset,74,route_history,3,0.6875,0.5900000000000001,0.2925,0.06382898593970562,27,512
regime_reset,74,shuffled_history,3,0.6875,0.5900000000000001,0.2925,0.07273633696482018,27,512
regime_reset,74,oracle,7,0.98,0.98,0.0,0.0,4,512
regime_reset,75,last_contact,4,0.4925,0.5900000000000001,0.43875000000000014,0.05225141494056251,4,512
regime_reset,75,ema,6,0.5900000000000001,0.2,0.34125000000000005,0.05918390444884663,16,512
regime_reset,75,failure_age,3,0.7362500000000001,0.2,0.19500000000000006,0.07747936358402235,24,512
regime_reset,75,route_history,3,0.7362500000000001,0.2,0.19500000000000006,0.11926744939798717,24,512
regime_reset,75,shuffled_history,3,0.7362500000000001,0.2,0.19500000000000006,0.08028918937321335,24,512
regime_reset,75,oracle,0,0.9312500000000001,0.98,0.0,0.0,2,512
regime_reset,76,last_contact,5,0.5900000000000001,0.7849999999999999,0.04874999999999996,0.03785376361243749,4,512
regime_reset,76,ema,2,0.2,0.2,0.43875000000000003,0.06279351706075575,11,512
regime_reset,76,failure_age,5,0.5900000000000001,0.7849999999999999,0.04874999999999996,0.026455642257127397,4,512
regime_reset,76,route_history,4,0.63875,0.98,0.0,0.018499755038544966,5,512
regime_reset,76,shuffled_history,5,0.5900000000000001,0.7849999999999999,0.04874999999999996,0.024982562855834292,4,512
regime_reset,76,oracle,4,0.63875,0.98,0.0,0.0,5,512
regime_reset,77,last_contact,3,0.2,0.2,0.4875,0.053401710799937475,3,512
regime_reset,77,ema,6,0.34625,0.2,0.34125,0.05731920059443954,15,512
regime_reset,77,failure_age,6,0.34625,0.2,0.34125,0.0518216911413487,15,512
regime_reset,77,route_history,6,0.34625,0.2,0.34125,0.08129410705545193,15,512
regime_reset,77,shuffled_history,6,0.34625,0.2,0.34125,0.04624072486769533,15,512
regime_reset,77,oracle,5,0.6875,0.2,0.0,0.0,3,512
regime_reset,78,last_contact,0,0.4925,0.2,0.4875,0.07559005087806248,9,512
regime_reset,78,ema,2,0.2,0.2,0.78,0.08327571792278697,25,512
regime_reset,78,failure_age,2,0.2,0.2,0.78,0.11541366730969264,25,512
regime_reset,78,route_history,2,0.2,0.2,0.78,0.09545536375397584,25,512
regime_reset,78,shuffled_history,2,0.2,0.2,0.78,0.11970114397196115,25,512
regime_reset,78,oracle,6,0.98,0.98,0.0,0.0,7,512
regime_reset,79,last_contact,4,0.5900000000000001,0.2,0.2925,0.025720223768687513,2,512
regime_reset,79,ema,2,0.54125,0.2,0.34125000000000005,0.025453980952109236,24,512
regime_reset,79,failure_age,2,0.54125,0.2,0.34125000000000005,0.04478302540544382,24,512
regime_reset,79,route_history,2,0.54125,0.2,0.34125000000000005,0.06283582603595467,24,512
regime_reset,79,shuffled_history,2,0.54125,0.2,0.34125000000000005,0.04663875480710924,24,512
regime_reset,79,oracle,0,0.8825000000000001,0.98,0.0,0.0,15,512
regime_reset,80,last_contact,1,0.8825000000000001,0.5900000000000001,0.04875000000000007,0.07000877306556252,2,512
regime_reset,80,ema,4,0.34625,0.2,0.5850000000000002,0.07986980890149017,5,512
regime_reset,80,failure_age,4,0.34625,0.2,0.5850000000000002,0.08482149492920732,5,512
regime_reset,80,route_history,2,0.9312500000000001,0.7849999999999999,0.0,0.06481675561134076,8,512
regime_reset,80,shuffled_history,0,0.395,0.2,0.5362500000000001,0.09095560230756662,6,512
regime_reset,80,oracle,2,0.9312500000000001,0.7849999999999999,0.0,0.0,8,512
regime_reset,81,last_contact,1,0.44375000000000003,0.2,0.38999999999999996,0.013937702206187503,3,512
regime_reset,81,ema,2,0.63875,0.7849999999999999,0.19499999999999995,0.01746979428742778,14,512
regime_reset,81,failure_age,7,0.4925,0.2,0.34125,0.02099465960162335,18,512
regime_reset,81,route_history,7,0.4925,0.2,0.34125,0.025977744693856344,18,512
regime_reset,81,shuffled_history,7,0.4925,0.2,0.34125,0.022492804842737656,18,512
regime_reset,81,oracle,4,0.83375,0.395,0.0,0.0,5,512
regime_reset,82,last_contact,1,0.7849999999999999,0.395,0.0,0.07677833212806248,1,512
regime_reset,82,ema,7,0.2,0.2,0.585,0.10373550329347178,12,512
regime_reset,82,failure_age,3,0.24875000000000003,0.2,0.5362499999999999,0.0810194351731234,5,512
regime_reset,82,route_history,3,0.24875000000000003,0.2,0.5362499999999999,0.07148404378270892,5,512
regime_reset,82,shuffled_history,3,0.24875000000000003,0.2,0.5362499999999999,0.08293986082848535,5,512
regime_reset,82,oracle,1,0.7849999999999999,0.395,0.0,0.0,1,512
regime_reset,83,last_contact,7,0.2,0.2,0.585,0.05508384173743748,6,512
regime_reset,83,ema,0,0.7362500000000001,0.5900000000000001,0.04874999999999985,0.056458750280828696,16,512
regime_reset,83,failure_age,0,0.7362500000000001,0.5900000000000001,0.04874999999999985,0.057099707588737204,16,512
regime_reset,83,route_history,5,0.24875000000000003,0.2,0.5362499999999999,0.04813964071267955,16,512
regime_reset,83,shuffled_history,0,0.7362500000000001,0.5900000000000001,0.04874999999999985,0.05951111360685884,16,512
regime_reset,83,oracle,4,0.7849999999999999,0.395,0.0,0.0,4,512
regime_reset,84,last_contact,6,0.6875,0.7849999999999999,0.19500000000000006,0.06330151954993751,6,512
regime_reset,84,ema,5,0.8825000000000001,0.5900000000000001,0.0,0.06222762236125799,20,512
regime_reset,84,failure_age,5,0.8825000000000001,0.5900000000000001,0.0,0.06546714206206482,20,512
regime_reset,84,route_history,5,0.8825000000000001,0.5900000000000001,0.0,0.053937951316882664,20,512
regime_reset,84,shuffled_history,5,0.8825000000000001,0.5900000000000001,0.0,0.0687420433765057,20,512
regime_reset,84,oracle,5,0.8825000000000001,0.5900000000000001,0.0,0.0,20,512
regime_reset,85,last_contact,4,0.98,0.98,0.0,0.0789877430655625,2,512
regime_reset,85,ema,1,0.83375,0.395,0.14625,0.09298889553495612,25,512
regime_reset,85,failure_age,1,0.83375,0.395,0.14625,0.07208019003460485,25,512
regime_reset,85,route_history,1,0.83375,0.395,0.14625,0.06892803421600453,25,512
regime_reset,85,shuffled_history,1,0.83375,0.395,0.14625,0.0768109616166779,25,512
regime_reset,85,oracle,4,0.98,0.98,0.0,0.0,2,512
regime_reset,86,last_contact,2,0.4925,0.395,0.24375000000000008,0.053690423534312484,3,512
regime_reset,86,ema,0,0.2975,0.395,0.4387500000000001,0.07635546383805125,11,512
regime_reset,86,failure_age,4,0.2,0.2,0.5362500000000001,0.06315654199797135,17,512
regime_reset,86,route_history,4,0.2,0.2,0.5362500000000001,0.08477451561647033,17,512
regime_reset,86,shuffled_history,4,0.2,0.2,0.5362500000000001,0.0633460116571983,17,512
regime_reset,86,oracle,5,0.7362500000000001,0.2,0.0,0.0,4,512
regime_reset,87,last_contact,2,0.395,0.2,0.43875,0.03974103150306252,4,512
regime_reset,87,ema,0,0.7362500000000001,0.98,0.09749999999999992,0.04460188573149022,14,512
regime_reset,87,failure_age,0,0.7362500000000001,0.98,0.09749999999999992,0.046624794398829966,14,512
regime_reset,87,route_history,0,0.7362500000000001,0.98,0.09749999999999992,0.04097801561446335,14,512
regime_reset,87,shuffled_history,0,0.7362500000000001,0.98,0.09749999999999992,0.04684633450662316,14,512
regime_reset,87,oracle,7,0.83375,0.98,0.0,0.0,3,512
regime_reset,88,last_contact,1,0.44375000000000003,0.2,0.38999999999999996,0.06438495478431247,4,512
regime_reset,88,ema,0,0.2,0.2,0.63375,0.08494703041200707,23,512
regime_reset,88,failure_age,0,0.2,0.2,0.63375,0.09846744638154314,23,512
regime_reset,88,route_history,0,0.2,0.2,0.63375,0.14806334490171652,23,512
regime_reset,88,shuffled_history,0,0.2,0.2,0.63375,0.10091943733364482,23,512
regime_reset,88,oracle,3,0.83375,0.395,0.0,0.0,3,512
regime_reset,89,last_contact,6,0.7849999999999999,0.98,0.09750000000000014,0.048059000253062506,20,512
regime_reset,89,ema,6,0.7849999999999999,0.98,0.09750000000000014,0.050886312844908084,20,512
regime_reset,89,failure_age,6,0.7849999999999999,0.98,0.09750000000000014,0.04417271660144987,20,512
regime_reset,89,route_history,6,0.7849999999999999,0.98,0.09750000000000014,0.04068367253517589,20,512
regime_reset,89,shuffled_history,6,0.7849999999999999,0.98,0.09750000000000014,0.039328070102665764,20,512
regime_reset,89,oracle,5,0.8825000000000001,0.7849999999999999,0.0,0.0,6,512
regime_reset,90,last_contact,0,0.395,0.2,0.2925,0.039874752753062494,4,512
regime_reset,90,ema,1,0.63875,0.98,0.04874999999999996,0.03560494985557029,17,512
regime_reset,90,failure_age,7,0.4925,0.2,0.195,0.04106723992384888,21,512
regime_reset,90,route_history,7,0.4925,0.2,0.195,0.04259374031321494,21,512
regime_reset,90,shuffled_history,7,0.4925,0.2,0.195,0.04187529183468259,21,512
regime_reset,90,oracle,3,0.6875,0.2,0.0,0.0,17,512
regime_reset,91,last_contact,4,0.7849999999999999,0.2,0.0,0.06526780814368746,2,512
regime_reset,91,ema,3,0.34625,0.2,0.4387499999999999,0.11041189903870888,22,512
regime_reset,91,failure_age,3,0.34625,0.2,0.4387499999999999,0.08575895560993903,22,512
regime_reset,91,route_history,3,0.34625,0.2,0.4387499999999999,0.12236792046137626,22,512
regime_reset,91,shuffled_history,3,0.34625,0.2,0.4387499999999999,0.08751132305973275,22,512
regime_reset,91,oracle,4,0.7849999999999999,0.2,0.0,0.0,2,512
regime_reset,92,last_contact,3,0.6875,0.5900000000000001,0.14625,0.04566572259681251,4,512
regime_reset,92,ema,2,0.4925,0.395,0.34125,0.061761302823542266,17,512
regime_reset,92,failure_age,2,0.4925,0.395,0.34125,0.06474049572134011,17,512
regime_reset,92,route_history,2,0.4925,0.395,0.34125,0.09998034004394334,17,512
regime_reset,92,shuffled_history,2,0.4925,0.395,0.34125,0.06499271421589613,17,512
regime_reset,92,oracle,6,0.83375,0.98,0.0,0.0,5,512
regime_reset,93,last_contact,2,0.63875,0.2,0.2925000000000001,0.0386363260343125,1,512
regime_reset,93,ema,4,0.54125,0.7849999999999999,0.3900000000000001,0.05745976898057009,17,512
regime_reset,93,failure_age,4,0.54125,0.7849999999999999,0.3900000000000001,0.059678454319028504,17,512
regime_reset,93,route_history,4,0.54125,0.7849999999999999,0.3900000000000001,0.05734288523445219,17,512
regime_reset,93,shuffled_history,4,0.54125,0.7849999999999999,0.3900000000000001,0.05767967656435187,17,512
regime_reset,93,oracle,0,0.9312500000000001,0.7849999999999999,0.0,0.0,5,512
regime_reset,94,last_contact,5,0.44375000000000003,0.2,0.14625000000000005,0.03792062423743747,3,512
regime_reset,94,ema,0,0.34625,0.7849999999999999,0.24375000000000008,0.04180530985422491,22,512
regime_reset,94,failure_age,0,0.34625,0.7849999999999999,0.24375000000000008,0.04707381261200684,22,512
regime_reset,94,route_history,0,0.34625,0.7849999999999999,0.24375000000000008,0.06686087455338827,22,512
regime_reset,94,shuffled_history,0,0.34625,0.7849999999999999,0.24375000000000008,0.051327627798090886,22,512
regime_reset,94,oracle,7,0.5900000000000001,0.2,0.0,0.0,8,512
regime_reset,95,last_contact,2,0.6875,0.2,0.09749999999999992,0.0314732082218125,17,512
regime_reset,95,ema,2,0.6875,0.2,0.09749999999999992,0.04060719046631718,17,512
regime_reset,95,failure_age,0,0.44375000000000003,0.2,0.3412499999999999,0.03554255558045911,18,512
regime_reset,95,route_history,0,0.44375000000000003,0.2,0.3412499999999999,0.038767340261639166,18,512
regime_reset,95,shuffled_history,0,0.44375000000000003,0.2,0.3412499999999999,0.03423388652143717,18,512
regime_reset,95,oracle,1,0.7849999999999999,0.7849999999999999,0.0,0.0,4,512
regime_reset,96,last_contact,5,0.4925,0.2,0.195,0.029519079706187487,14,512
regime_reset,96,ema,5,0.4925,0.2,0.195,0.03225971372849894,14,512
regime_reset,96,failure_age,5,0.4925,0.2,0.195,0.027693593265855174,14,512
regime_reset,96,route_history,4,0.4925,0.5900000000000001,0.195,0.025196498502159624,5,512
regime_reset,96,shuffled_history,5,0.4925,0.2,0.195,0.02285848390310946,14,512
regime_reset,96,oracle,7,0.6875,0.7849999999999999,0.0,0.0,4,512
regime_reset,97,last_contact,1,0.2,0.2,0.4875,0.050958287674937486,4,512
regime_reset,97,ema,2,0.2975,0.2,0.39,0.08330118174571113,24,512
regime_reset,97,failure_age,2,0.2975,0.2,0.39,0.08843966177055065,24,512
regime_reset,97,route_history,2,0.2975,0.2,0.39,0.08953431770388522,24,512
regime_reset,97,shuffled_history,2,0.2975,0.2,0.39,0.09595138624257138,24,512
regime_reset,97,oracle,7,0.6875,0.395,0.0,0.0,1,512
regime_reset,98,last_contact,7,0.24875000000000003,0.2,0.48750000000000004,0.0312680712686875,14,512
regime_reset,98,ema,7,0.24875000000000003,0.2,0.48750000000000004,0.04755502829093284,14,512
regime_reset,98,failure_age,3,0.44375000000000003,0.2,0.29250000000000004,0.07303248372853596,27,512
regime_reset,98,route_history,3,0.44375000000000003,0.2,0.29250000000000004,0.08083359747916502,27,512
regime_reset,98,shuffled_history,3,0.44375000000000003,0.2,0.29250000000000004,0.0772459527161082,27,512
regime_reset,98,oracle,4,0.7362500000000001,0.2,0.0,0.0,9,512
regime_reset,99,last_contact,7,0.2975,0.2,0.195,0.06536809908118746,6,512
regime_reset,99,ema,6,0.395,0.2,0.09749999999999998,0.05149186346754557,15,512
regime_reset,99,failure_age,6,0.395,0.2,0.09749999999999998,0.05354568750766192,15,512
regime_reset,99,route_history,6,0.395,0.2,0.09749999999999998,0.06718835487362004,15,512
regime_reset,99,shuffled_history,6,0.395,0.2,0.09749999999999998,0.05826338093361559,15,512
regime_reset,99,oracle,3,0.4925,0.2,0.0,0.0,2,512
regime_reset,100,last_contact,2,0.83375,0.5900000000000001,0.09750000000000014,0.0774773187686875,14,512
regime_reset,100,ema,2,0.83375,0.5900000000000001,0.09750000000000014,0.07285181925728745,14,512
regime_reset,100,failure_age,4,0.7849999999999999,0.5900000000000001,0.1462500000000002,0.07408176324625905,24,512
regime_reset,100,route_history,4,0.7849999999999999,0.5900000000000001,0.1462500000000002,0.07465821595951783,24,512
regime_reset,100,shuffled_history,4,0.7849999999999999,0.5900000000000001,0.1462500000000002,0.07311727415775902,24,512
regime_reset,100,oracle,3,0.9312500000000001,0.7849999999999999,0.0,0.0,1,512
regime_reset,101,last_contact,5,0.9312500000000001,0.98,0.0,0.0670000845499375,6,512
regime_reset,101,ema,7,0.2,0.2,0.7312500000000002,0.07058159657292924,14,512
regime_reset,101,failure_age,7,0.2,0.2,0.7312500000000002,0.06201496408737643,14,512
regime_reset,101,route_history,5,0.9312500000000001,0.98,0.0,0.07519993013758548,6,512
regime_reset,101,shuffled_history,7,0.2,0.2,0.7312500000000002,0.062116574366829935,14,512
regime_reset,101,oracle,5,0.9312500000000001,0.98,0.0,0.0,6,512
regime_reset,102,last_contact,5,0.2,0.2,0.7312500000000002,0.0797824655655625,4,512
regime_reset,102,ema,0,0.2,0.2,0.7312500000000002,0.089705533267148,21,512
regime_reset,102,failure_age,0,0.2,0.2,0.7312500000000002,0.10665908997493831,21,512
regime_reset,102,route_history,0,0.2,0.2,0.7312500000000002,0.10785466975506929,21,512
regime_reset,102,shuffled_history,0,0.2,0.2,0.7312500000000002,0.10985940465668832,21,512
regime_reset,102,oracle,6,0.9312500000000001,0.7849999999999999,0.0,0.0,4,512
regime_reset,103,last_contact,2,0.34625,0.2,0.5362500000000001,0.057682256346812504,2,512
regime_reset,103,ema,1,0.8825000000000001,0.5900000000000001,0.0,0.038447776519043984,14,512
regime_reset,103,failure_age,1,0.8825000000000001,0.5900000000000001,0.0,0.046874666108529375,14,512
regime_reset,103,route_history,0,0.24875000000000003,0.2,0.63375,0.0624312291856533,7,512
regime_reset,103,shuffled_history,1,0.8825000000000001,0.5900000000000001,0.0,0.047366615546996005,14,512
regime_reset,103,oracle,1,0.8825000000000001,0.5900000000000001,0.0,0.0,14,512
regime_reset,104,last_contact,6,0.6875,0.2,0.04875000000000007,0.03841447392493749,20,512
regime_reset,104,ema,6,0.6875,0.2,0.04875000000000007,0.061078883952751135,20,512
regime_reset,104,failure_age,0,0.44375000000000003,0.2,0.29250000000000004,0.06899536674793656,21,512
regime_reset,104,route_history,0,0.44375000000000003,0.2,0.29250000000000004,0.06334081894229408,21,512
regime_reset,104,shuffled_history,0,0.44375000000000003,0.2,0.29250000000000004,0.06829348552906066,21,512
regime_reset,104,oracle,1,0.7362500000000001,0.5900000000000001,0.0,0.0,3,512
regime_reset,105,last_contact,7,0.34625,0.2,0.4875,0.05238513619056248,14,512
regime_reset,105,ema,7,0.34625,0.2,0.4875,0.09166434722222619,14,512
regime_reset,105,failure_age,3,0.2,0.2,0.63375,0.10472235020403071,26,512
regime_reset,105,route_history,3,0.2,0.2,0.63375,0.14216878917462114,26,512
regime_reset,105,shuffled_history,3,0.2,0.2,0.63375,0.10808062809680438,26,512
regime_reset,105,oracle,5,0.83375,0.395,0.0,0.0,2,512
regime_reset,106,last_contact,2,0.2,0.2,0.63375,0.058393403065562476,1,512
regime_reset,106,ema,7,0.54125,0.2,0.2925,0.03677337030459764,6,512
regime_reset,106,failure_age,1,0.44375000000000003,0.2,0.38999999999999996,0.043658615491350236,4,512
regime_reset,106,route_history,1,0.44375000000000003,0.2,0.38999999999999996,0.061005741668401836,4,512
regime_reset,106,shuffled_history,7,0.54125,0.2,0.2925,0.04375585721359598,6,512
regime_reset,106,oracle,4,0.83375,0.395,0.0,0.0,2,512
regime_reset,107,last_contact,7,0.5900000000000001,0.98,0.19499999999999984,0.028874793612437492,2,512
regime_reset,107,ema,5,0.54125,0.2,0.2437499999999999,0.023361015462748703,6,512
regime_reset,107,failure_age,0,0.395,0.2,0.3899999999999999,0.029082625760958117,4,512
regime_reset,107,route_history,5,0.54125,0.2,0.2437499999999999,0.025105067332986113,6,512
regime_reset,107,shuffled_history,0,0.395,0.2,0.3899999999999999,0.028813444967335587,4,512
regime_reset,107,oracle,4,0.7849999999999999,0.2,0.0,0.0,6,512
regime_reset,108,last_contact,5,0.6875,0.395,0.0,0.04707130087806249,1,512
regime_reset,108,ema,4,0.2,0.2,0.4875,0.0696030210128357,20,512
regime_reset,108,failure_age,4,0.2,0.2,0.4875,0.07314440994563248,20,512
regime_reset,108,route_history,4,0.2,0.2,0.4875,0.06127413414554089,20,512
regime_reset,108,shuffled_history,4,0.2,0.2,0.4875,0.07422084396066199,20,512
regime_reset,108,oracle,5,0.6875,0.395,0.0,0.0,1,512
regime_reset,109,last_contact,7,0.24875000000000003,0.2,0.6825000000000001,0.06628893783118753,5,512
regime_reset,109,ema,3,0.34625,0.2,0.5850000000000002,0.08701519343029798,13,512
regime_reset,109,failure_age,6,0.5900000000000001,0.395,0.34125000000000005,0.07400397885768034,15,512
regime_reset,109,route_history,5,0.2,0.2,0.7312500000000002,0.12127605128870013,7,512
regime_reset,109,shuffled_history,6,0.5900000000000001,0.395,0.34125000000000005,0.07304019908613285,15,512
regime_reset,109,oracle,2,0.9312500000000001,0.7849999999999999,0.0,0.0,2,512
regime_reset,110,last_contact,5,0.4925,0.7849999999999999,0.43875000000000014,0.08508414079993754,1,512
regime_reset,110,ema,1,0.2,0.2,0.7312500000000002,0.10849370560369406,23,512
regime_reset,110,failure_age,1,0.2,0.2,0.7312500000000002,0.14138822795154046,23,512
regime_reset,110,route_history,1,0.2,0.2,0.7312500000000002,0.17666164874937207,23,512
regime_reset,110,shuffled_history,1,0.2,0.2,0.7312500000000002,0.14102621638437157,23,512
regime_reset,110,oracle,6,0.9312500000000001,0.7849999999999999,0.0,0.0,3,512
regime_reset,111,last_contact,7,0.395,0.2,0.24375000000000002,0.025698953534312483,4,512
regime_reset,111,ema,0,0.54125,0.2,0.09750000000000003,0.023320151504694856,13,512
regime_reset,111,failure_age,3,0.4925,0.2,0.14625000000000005,0.024633792286148412,19,512
regime_reset,111,route_history,3,0.4925,0.2,0.14625000000000005,0.04252778522732975,19,512
regime_reset,111,shuffled_history,3,0.4925,0.2,0.14625000000000005,0.026551625093689843,19,512
regime_reset,111,oracle,2,0.63875,0.5900000000000001,0.0,0.0,4,512
regime_reset,112,last_contact,5,0.2975,0.2,0.6825,0.0933306938468125,20,512
regime_reset,112,ema,5,0.2975,0.2,0.6825,0.10927427675426363,20,512
regime_reset,112,failure_age,6,0.98,0.98,0.0,0.09788608639054383,22,512
regime_reset,112,route_history,6,0.98,0.98,0.0,0.11790328221332974,22,512
regime_reset,112,shuffled_history,6,0.98,0.98,0.0,0.09397575302335315,22,512
regime_reset,112,oracle,6,0.98,0.98,0.0,0.0,22,512
regime_reset,113,last_contact,5,0.5900000000000001,0.7849999999999999,0.2925,0.06026395579993749,18,512
regime_reset,113,ema,5,0.5900000000000001,0.7849999999999999,0.2925,0.06330073202915325,18,512
regime_reset,113,failure_age,5,0.5900000000000001,0.7849999999999999,0.2925,0.06435738099019897,18,512
regime_reset,113,route_history,5,0.5900000000000001,0.7849999999999999,0.2925,0.06429710170345793,18,512
regime_reset,113,shuffled_history,5,0.5900000000000001,0.7849999999999999,0.2925,0.06720819825895463,18,512
regime_reset,113,oracle,3,0.8825000000000001,0.5900000000000001,0.0,0.0,6,512
regime_reset,114,last_contact,1,0.6875,0.2,0.09749999999999992,0.028791217831187495,3,512
regime_reset,114,ema,2,0.24875000000000003,0.2,0.5362499999999999,0.05721508390093144,22,512
regime_reset,114,failure_age,2,0.24875000000000003,0.2,0.5362499999999999,0.08108387340118013,22,512
regime_reset,114,route_history,2,0.24875000000000003,0.2,0.5362499999999999,0.07483338239094382,22,512
regime_reset,114,shuffled_history,2,0.24875000000000003,0.2,0.5362499999999999,0.08126064375580061,22,512
regime_reset,114,oracle,0,0.7849999999999999,0.2,0.0,0.0,5,512
regime_reset,115,last_contact,4,0.4925,0.2,0.34125,0.024987806815562497,4,512
regime_reset,115,ema,0,0.34625,0.2,0.4875,0.029539409333950363,14,512
regime_reset,115,failure_age,6,0.63875,0.98,0.19499999999999995,0.023949817514505645,22,512
regime_reset,115,route_history,6,0.63875,0.98,0.19499999999999995,0.02007522699781347,22,512
regime_reset,115,shuffled_history,6,0.63875,0.98,0.19499999999999995,0.02545035684478341,22,512
regime_reset,115,oracle,3,0.83375,0.395,0.0,0.0,21,512
regime_reset,116,last_contact,6,0.2975,0.2,0.6825,0.056088256268687506,8,512
regime_reset,116,ema,3,0.54125,0.2,0.43875,0.07211284383131825,21,512
regime_reset,116,failure_age,3,0.54125,0.2,0.43875,0.08182771896750307,21,512
regime_reset,116,route_history,3,0.54125,0.2,0.43875,0.06753483170695311,21,512
regime_reset,116,shuffled_history,3,0.54125,0.2,0.43875,0.08566133109104118,21,512
regime_reset,116,oracle,7,0.98,0.98,0.0,0.0,1,512
regime_reset,117,last_contact,1,0.7849999999999999,0.2,0.0,0.04547730079993749,5,512
regime_reset,117,ema,4,0.7849999999999999,0.2,0.0,0.03909606395908377,12,512
regime_reset,117,failure_age,0,0.54125,0.395,0.2437499999999999,0.05406382339218518,23,512
regime_reset,117,route_history,0,0.54125,0.395,0.2437499999999999,0.07965915974599577,23,512
regime_reset,117,shuffled_history,0,0.54125,0.395,0.2437499999999999,0.05440115735407289,23,512
regime_reset,117,oracle,1,0.7849999999999999,0.2,0.0,0.0,5,512
regime_reset,118,last_contact,2,0.5900000000000001,0.2,0.34125000000000005,0.057037970253062516,20,512
regime_reset,118,ema,2,0.5900000000000001,0.2,0.34125000000000005,0.06162394660965659,20,512
regime_reset,118,failure_age,7,0.2,0.2,0.7312500000000002,0.08439192901494391,23,512
regime_reset,118,route_history,7,0.2,0.2,0.7312500000000002,0.08635385730296675,23,512
regime_reset,118,shuffled_history,7,0.2,0.2,0.7312500000000002,0.08752760022312371,23,512
regime_reset,118,oracle,5,0.9312500000000001,0.7849999999999999,0.0,0.0,19,512
regime_reset,119,last_contact,5,0.83375,0.5900000000000001,0.0,0.0569543944718125,2,512
regime_reset,119,ema,3,0.7849999999999999,0.2,0.04875000000000007,0.0585599707953352,17,512
regime_reset,119,failure_age,3,0.7849999999999999,0.2,0.04875000000000007,0.05685813579347236,17,512
regime_reset,119,route_history,3,0.7849999999999999,0.2,0.04875000000000007,0.05903521816620634,17,512
regime_reset,119,shuffled_history,3,0.7849999999999999,0.2,0.04875000000000007,0.053757885009162704,17,512
regime_reset,119,oracle,5,0.83375,0.5900000000000001,0.0,0.0,2,512
regime_reset,120,last_contact,0,0.4925,0.7849999999999999,0.43875000000000014,0.040879167284312526,1,512
regime_reset,120,ema,4,0.9312500000000001,0.7849999999999999,0.0,0.0306182651441917,18,512
regime_reset,120,failure_age,4,0.9312500000000001,0.7849999999999999,0.0,0.027866500996535686,18,512
regime_reset,120,route_history,4,0.9312500000000001,0.7849999999999999,0.0,0.022123538576374988,18,512
regime_reset,120,shuffled_history,4,0.9312500000000001,0.7849999999999999,0.0,0.02813827650225332,18,512
regime_reset,120,oracle,4,0.9312500000000001,0.7849999999999999,0.0,0.0,18,512
regime_reset,121,last_contact,2,0.54125,0.395,0.09750000000000003,0.008912579628062502,7,512
regime_reset,121,ema,4,0.63875,0.395,0.0,0.020976243401850888,13,512
regime_reset,121,failure_age,5,0.34625,0.2,0.29250000000000004,0.023228701919745007,17,512
regime_reset,121,route_history,5,0.34625,0.2,0.29250000000000004,0.022100905917735992,17,512
regime_reset,121,shuffled_history,5,0.34625,0.2,0.29250000000000004,0.023853249233065848,17,512
regime_reset,121,oracle,3,0.63875,0.2,0.0,0.0,7,512
regime_reset,122,last_contact,4,0.24875000000000003,0.2,0.73125,0.0710086325186875,14,512
regime_reset,122,ema,4,0.24875000000000003,0.2,0.73125,0.09825522850109318,14,512
regime_reset,122,failure_age,4,0.24875000000000003,0.2,0.73125,0.08760452259067317,14,512
regime_reset,122,route_history,3,0.44375000000000003,0.2,0.5362499999999999,0.06619496975680567,6,512
regime_reset,122,shuffled_history,4,0.24875000000000003,0.2,0.73125,0.07893509946570103,14,512
regime_reset,122,oracle,1,0.98,0.98,0.0,0.0,1,512
regime_reset,123,last_contact,7,0.24875000000000003,0.2,0.5362499999999999,0.03096264337806249,6,512
regime_reset,123,ema,6,0.7849999999999999,0.395,0.0,0.023190732285267086,21,512
regime_reset,123,failure_age,6,0.7849999999999999,0.395,0.0,0.020025659949995375,21,512
regime_reset,123,route_history,6,0.7849999999999999,0.395,0.0,0.02527909885383229,21,512
regime_reset,123,shuffled_history,6,0.7849999999999999,0.395,0.0,0.0208908028415168,21,512
regime_reset,123,oracle,6,0.7849999999999999,0.395,0.0,0.0,21,512
regime_reset,124,last_contact,7,0.5900000000000001,0.2,0.09749999999999992,0.029757646971812497,21,512
regime_reset,124,ema,7,0.5900000000000001,0.2,0.09749999999999992,0.027228102928617607,21,512
regime_reset,124,failure_age,0,0.63875,0.2,0.04874999999999996,0.04350050411802996,25,512
regime_reset,124,route_history,0,0.63875,0.2,0.04874999999999996,0.037300833619333444,25,512
regime_reset,124,shuffled_history,0,0.63875,0.2,0.04874999999999996,0.04564117072672037,25,512
regime_reset,124,oracle,2,0.6875,0.395,0.0,0.0,19,512
regime_reset,125,last_contact,0,0.2,0.2,0.5362500000000001,0.05182442587806249,1,512
regime_reset,125,ema,5,0.54125,0.2,0.19500000000000006,0.036854855807277105,17,512
regime_reset,125,failure_age,3,0.6875,0.7849999999999999,0.04875000000000007,0.03704630414011938,18,512
regime_reset,125,route_history,3,0.6875,0.7849999999999999,0.04875000000000007,0.052223416009315446,18,512
regime_reset,125,shuffled_history,3,0.6875,0.7849999999999999,0.04875000000000007,0.03582230791718105,18,512
regime_reset,125,oracle,6,0.7362500000000001,0.5900000000000001,0.0,0.0,4,512
regime_reset,126,last_contact,0,0.395,0.98,0.43875,0.03544377079993749,1,512
regime_reset,126,ema,1,0.83375,0.395,0.0,0.03056030229327638,24,512
regime_reset,126,failure_age,1,0.83375,0.395,0.0,0.03864582140925314,24,512
regime_reset,126,route_history,1,0.83375,0.395,0.0,0.04941103608936493,24,512
regime_reset,126,shuffled_history,1,0.83375,0.395,0.0,0.041902511910432136,24,512
regime_reset,126,oracle,1,0.83375,0.395,0.0,0.0,24,512
regime_reset,127,last_contact,6,0.34625,0.2,0.5362500000000001,0.0499417130655625,5,512
regime_reset,127,ema,1,0.8825000000000001,0.5900000000000001,0.0,0.040069701058429066,26,512
regime_reset,127,failure_age,1,0.8825000000000001,0.5900000000000001,0.0,0.031120616874768366,26,512
regime_reset,127,route_history,1,0.8825000000000001,0.5900000000000001,0.0,0.07829329539858453,26,512
regime_reset,127,shuffled_history,1,0.8825000000000001,0.5900000000000001,0.0,0.03218980994713602,26,512
regime_reset,127,oracle,1,0.8825000000000001,0.5900000000000001,0.0,0.0,26,512
regime_reset,128,last_contact,4,0.7362500000000001,0.2,0.2437499999999999,0.1013098043936875,22,512
regime_reset,128,ema,4,0.7362500000000001,0.2,0.2437499999999999,0.0718223122141045,22,512
regime_reset,128,failure_age,5,0.98,0.98,0.0,0.07738891028458275,27,512
regime_reset,128,route_history,5,0.98,0.98,0.0,0.0933178393815286,27,512
regime_reset,128,shuffled_history,5,0.98,0.98,0.0,0.08466979649557621,27,512
regime_reset,128,oracle,5,0.98,0.98,0.0,0.0,27,512
regime_reset,129,last_contact,5,0.54125,0.2,0.3900000000000001,0.07693332361243752,20,512
regime_reset,129,ema,5,0.54125,0.2,0.3900000000000001,0.07986366113177254,20,512
regime_reset,129,failure_age,5,0.54125,0.2,0.3900000000000001,0.0900475489534723,20,512
regime_reset,129,route_history,5,0.54125,0.2,0.3900000000000001,0.09316493333960635,20,512
regime_reset,129,shuffled_history,5,0.54125,0.2,0.3900000000000001,0.08914514646808805,20,512
regime_reset,129,oracle,7,0.9312500000000001,0.7849999999999999,0.0,0.0,2,512
regime_reset,130,last_contact,2,0.2,0.2,0.6825000000000001,0.0561718320499375,19,512
regime_reset,130,ema,2,0.2,0.2,0.6825000000000001,0.0809057688009823,19,512
regime_reset,130,failure_age,1,0.4925,0.2,0.39000000000000007,0.11454844624943966,23,512
regime_reset,130,route_history,1,0.4925,0.2,0.39000000000000007,0.11201364112138151,23,512
regime_reset,130,shuffled_history,1,0.4925,0.2,0.39000000000000007,0.11933866856073888,23,512
regime_reset,130,oracle,7,0.8825000000000001,0.5900000000000001,0.0,0.0,2,512
regime_reset,131,last_contact,0,0.2,0.2,0.63375,0.0335777731436875,9,512
regime_reset,131,ema,4,0.63875,0.2,0.19499999999999995,0.04303785352145113,13,512
regime_reset,131,failure_age,3,0.395,0.2,0.43875,0.030251769358677537,14,512
regime_reset,131,route_history,7,0.44375000000000003,0.5900000000000001,0.38999999999999996,0.026455937264135372,5,512
regime_reset,131,shuffled_history,3,0.395,0.2,0.43875,0.028805638267300093,14,512
regime_reset,131,oracle,1,0.83375,0.98,0.0,0.0,3,512
regime_reset,132,last_contact,6,0.7362500000000001,0.5900000000000001,0.2437499999999999,0.0848957190030625,1,512
regime_reset,132,ema,7,0.98,0.98,0.0,0.09894072091239012,24,512
regime_reset,132,failure_age,7,0.98,0.98,0.0,0.07041378403978216,24,512
regime_reset,132,route_history,7,0.98,0.98,0.0,0.09617793236060024,24,512
regime_reset,132,shuffled_history,7,0.98,0.98,0.0,0.07088367650261412,24,512
regime_reset,132,oracle,7,0.98,0.98,0.0,0.0,24,512
regime_reset,133,last_contact,2,0.2,0.2,0.585,0.06706694517493747,5,512
regime_reset,133,ema,6,0.54125,0.2,0.2437499999999999,0.06539345972732724,19,512
regime_reset,133,failure_age,5,0.4925,0.2,0.2924999999999999,0.07708202274719633,21,512
regime_reset,133,route_history,5,0.4925,0.2,0.2924999999999999,0.09898479321913183,21,512
regime_reset,133,shuffled_history,5,0.4925,0.2,0.2924999999999999,0.07766264673559492,21,512
regime_reset,133,oracle,1,0.7849999999999999,0.2,0.0,0.0,8,512
regime_reset,134,last_contact,0,0.98,0.98,0.0,0.0537451240811875,3,512
regime_reset,134,ema,6,0.6875,0.2,0.2925,0.049633823114731086,14,512
regime_reset,134,failure_age,3,0.7362500000000001,0.5900000000000001,0.2437499999999999,0.05098824600265059,21,512
regime_reset,134,route_history,3,0.7362500000000001,0.5900000000000001,0.2437499999999999,0.06170280950894215,21,512
regime_reset,134,shuffled_history,3,0.7362500000000001,0.5900000000000001,0.2437499999999999,0.05155306449514954,21,512
regime_reset,134,oracle,0,0.98,0.98,0.0,0.0,3,512
regime_reset,135,last_contact,5,0.2,0.2,0.585,0.06727208212806249,1,512
regime_reset,135,ema,0,0.2,0.2,0.585,0.0771483571132429,13,512
regime_reset,135,failure_age,0,0.2,0.2,0.585,0.0620683011546336,13,512
regime_reset,135,route_history,2,0.6875,0.2,0.09749999999999992,0.07252158771134593,7,512
regime_reset,135,shuffled_history,0,0.2,0.2,0.585,0.0662170113484708,13,512
regime_reset,135,oracle,3,0.7849999999999999,0.2,0.0,0.0,3,512
regime_reset,136,last_contact,0,0.2,0.2,0.6825000000000001,0.0579208236124375,5,512
regime_reset,136,ema,1,0.54125,0.5900000000000001,0.34125000000000005,0.0892703237181558,14,512
regime_reset,136,failure_age,7,0.44375000000000003,0.2,0.43875000000000003,0.08563417645082803,20,512
regime_reset,136,route_history,7,0.44375000000000003,0.2,0.43875000000000003,0.08169613786448424,20,512
regime_reset,136,shuffled_history,7,0.44375000000000003,0.2,0.43875000000000003,0.08820026393072208,20,512
regime_reset,136,oracle,4,0.8825000000000001,0.5900000000000001,0.0,0.0,2,512
regime_reset,137,last_contact,7,0.395,0.2,0.3899999999999999,0.029130076034312495,6,512
regime_reset,137,ema,6,0.7362500000000001,0.7849999999999999,0.04874999999999985,0.04653869287253379,17,512
regime_reset,137,failure_age,6,0.7362500000000001,0.7849999999999999,0.04874999999999985,0.027516808534828116,17,512
regime_reset,137,route_history,6,0.7362500000000001,0.7849999999999999,0.04874999999999985,0.07376937305029702,17,512
regime_reset,137,shuffled_history,6,0.7362500000000001,0.7849999999999999,0.04874999999999985,0.029556470597974782,17,512
regime_reset,137,oracle,1,0.7849999999999999,0.2,0.0,0.0,8,512
regime_reset,138,last_contact,5,0.2,0.2,0.63375,0.07506277087806247,1,512
regime_reset,138,ema,7,0.2,0.2,0.63375,0.07692327604879795,15,512
regime_reset,138,failure_age,7,0.2,0.2,0.63375,0.07110021228579291,15,512
regime_reset,138,route_history,7,0.2,0.2,0.63375,0.0802821787609036,15,512
regime_reset,138,shuffled_history,7,0.2,0.2,0.63375,0.06768590004267873,15,512
regime_reset,138,oracle,1,0.83375,0.7849999999999999,0.0,0.0,2,512
regime_reset,139,last_contact,0,0.395,0.2,0.43875,0.0526738489249375,4,512
regime_reset,139,ema,5,0.63875,0.2,0.19499999999999995,0.051842829375450185,22,512
regime_reset,139,failure_age,5,0.63875,0.2,0.19499999999999995,0.0503002625317201,22,512
regime_reset,139,route_history,5,0.63875,0.2,0.19499999999999995,0.05818976333740948,22,512
regime_reset,139,shuffled_history,5,0.63875,0.2,0.19499999999999995,0.04957395887189688,22,512
regime_reset,139,oracle,2,0.83375,0.7849999999999999,0.0,0.0,7,512
regime_reset,140,last_contact,3,0.8825000000000001,0.98,0.09749999999999992,0.08715072033118748,5,512
regime_reset,140,ema,6,0.2,0.2,0.78,0.09380780637070547,27,512
regime_reset,140,failure_age,6,0.2,0.2,0.78,0.12901178351543413,27,512
regime_reset,140,route_history,6,0.2,0.2,0.78,0.2090349558832211,27,512
regime_reset,140,shuffled_history,6,0.2,0.2,0.78,0.12952087783226177,27,512
regime_reset,140,oracle,1,0.98,0.98,0.0,0.0,7,512
regime_reset,141,last_contact,2,0.83375,0.395,0.0,0.0730964822843125,2,512
regime_reset,141,ema,5,0.5900000000000001,0.5900000000000001,0.2437499999999999,0.11339857126597995,21,512
regime_reset,141,failure_age,7,0.2,0.2,0.63375,0.1589033993843531,25,512
regime_reset,141,route_history,7,0.2,0.2,0.63375,0.15312665072498866,25,512
regime_reset,141,shuffled_history,7,0.2,0.2,0.63375,0.1561195094979296,25,512
regime_reset,141,oracle,2,0.83375,0.395,0.0,0.0,2,512
regime_reset,142,last_contact,4,0.54125,0.2,0.2925,0.0385360350968125,7,512
regime_reset,142,ema,7,0.63875,0.395,0.19499999999999995,0.05599340588024035,17,512
regime_reset,142,failure_age,7,0.63875,0.395,0.19499999999999995,0.0406482795727886,17,512
regime_reset,142,route_history,7,0.63875,0.395,0.19499999999999995,0.038500319916135284,17,512
regime_reset,142,shuffled_history,7,0.63875,0.395,0.19499999999999995,0.03982797504133965,17,512
regime_reset,142,oracle,2,0.83375,0.395,0.0,0.0,2,512
regime_reset,143,last_contact,3,0.2,0.2,0.4875,0.045594306893687486,3,512
regime_reset,143,ema,3,0.2,0.2,0.4875,0.040848279848858256,3,512
regime_reset,143,failure_age,0,0.63875,0.2,0.04874999999999996,0.03733438829391128,7,512
regime_reset,143,route_history,0,0.63875,0.2,0.04874999999999996,0.036580242231413776,7,512
regime_reset,143,shuffled_history,1,0.2,0.2,0.4875,0.039674736059251176,3,512
regime_reset,143,oracle,4,0.6875,0.2,0.0,0.0,2,512
regime_reset,144,last_contact,7,0.2,0.2,0.585,0.047648726346812484,7,512
regime_reset,144,ema,5,0.4925,0.7849999999999999,0.2924999999999999,0.05884892572738898,12,512
regime_reset,144,failure_age,0,0.4925,0.7849999999999999,0.2924999999999999,0.05149118225346805,19,512
regime_reset,144,route_history,0,0.4925,0.7849999999999999,0.2924999999999999,0.055887518550081484,19,512
regime_reset,144,shuffled_history,0,0.4925,0.7849999999999999,0.2924999999999999,0.05237018880027296,19,512
regime_reset,144,oracle,4,0.7849999999999999,0.7849999999999999,0.0,0.0,2,512
regime_reset,145,last_contact,6,0.34625,0.2,0.63375,0.1240922850968125,13,512
regime_reset,145,ema,6,0.34625,0.2,0.63375,0.13825271233969547,13,512
regime_reset,145,failure_age,1,0.98,0.98,0.0,0.1343706753962446,18,512
regime_reset,145,route_history,1,0.98,0.98,0.0,0.14213001099052952,18,512
regime_reset,145,shuffled_history,1,0.98,0.98,0.0,0.13087166285056073,18,512
regime_reset,145,oracle,1,0.98,0.98,0.0,0.0,18,512
regime_reset,146,last_contact,2,0.7849999999999999,0.5900000000000001,0.0,0.03479948470618749,6,512
regime_reset,146,ema,2,0.7849999999999999,0.5900000000000001,0.0,0.03508817522219322,6,512
regime_reset,146,failure_age,1,0.63875,0.2,0.14624999999999988,0.0343730843453329,5,512
regime_reset,146,route_history,1,0.63875,0.2,0.14624999999999988,0.05060511223945842,5,512
regime_reset,146,shuffled_history,6,0.2,0.2,0.585,0.03657483108998971,6,512
regime_reset,146,oracle,2,0.7849999999999999,0.5900000000000001,0.0,0.0,6,512
regime_reset,147,last_contact,2,0.83375,0.395,0.0,0.05338955072181252,18,512
regime_reset,147,ema,2,0.83375,0.395,0.0,0.03843746155276752,18,512
regime_reset,147,failure_age,4,0.5900000000000001,0.7849999999999999,0.2437499999999999,0.07056197584804871,25,512
regime_reset,147,route_history,4,0.5900000000000001,0.7849999999999999,0.2437499999999999,0.08894227106049292,25,512
regime_reset,147,shuffled_history,4,0.5900000000000001,0.7849999999999999,0.2437499999999999,0.06995867984684828,25,512
regime_reset,147,oracle,2,0.83375,0.395,0.0,0.0,18,512
regime_reset,148,last_contact,1,0.7362500000000001,0.2,0.09749999999999992,0.031184495487437507,8,512
regime_reset,148,ema,5,0.34625,0.2,0.4875,0.05134402189868696,11,512
regime_reset,148,failure_age,6,0.2975,0.2,0.53625,0.0383252785581941,4,512
regime_reset,148,route_history,2,0.5900000000000001,0.2,0.2437499999999999,0.06706963101547678,7,512
regime_reset,148,shuffled_history,0,0.5900000000000001,0.2,0.2437499999999999,0.03873198238362663,6,512
regime_reset,148,oracle,4,0.83375,0.98,0.0,0.0,1,512
regime_reset,149,last_contact,6,0.24875000000000003,0.2,0.73125,0.09078697978431251,16,512
regime_reset,149,ema,6,0.24875000000000003,0.2,0.73125,0.13357087836733758,16,512
regime_reset,149,failure_age,3,0.2,0.2,0.78,0.15068108783992662,22,512
regime_reset,149,route_history,3,0.2,0.2,0.78,0.18162755413026566,22,512
regime_reset,149,shuffled_history,3,0.2,0.2,0.78,0.15316619288881822,22,512
regime_reset,149,oracle,0,0.98,0.98,0.0,0.0,2,512
regime_reset,150,last_contact,2,0.34625,0.2,0.63375,0.08664471056556254,9,512
regime_reset,150,ema,5,0.5900000000000001,0.2,0.3899999999999999,0.09534042105566026,20,512
regime_reset,150,failure_age,5,0.5900000000000001,0.2,0.3899999999999999,0.11099256386946443,20,512
regime_reset,150,route_history,5,0.5900000000000001,0.2,0.3899999999999999,0.07914204159793568,20,512
regime_reset,150,shuffled_history,5,0.5900000000000001,0.2,0.3899999999999999,0.10792129419211499,20,512
regime_reset,150,oracle,7,0.98,0.98,0.0,0.0,10,512
regime_reset,151,last_contact,6,0.2,0.2,0.5362500000000001,0.08587430822181247,6,512
regime_reset,151,ema,1,0.24875000000000003,0.2,0.48750000000000004,0.09059211303328907,20,512
regime_reset,151,failure_age,1,0.24875000000000003,0.2,0.48750000000000004,0.09828013263651977,20,512
regime_reset,151,route_history,1,0.24875000000000003,0.2,0.48750000000000004,0.1032009721009369,20,512
regime_reset,151,shuffled_history,1,0.24875000000000003,0.2,0.48750000000000004,0.10038337061394395,20,512
regime_reset,151,oracle,7,0.7362500000000001,0.2,0.0,0.0,2,512
regime_reset,152,last_contact,6,0.24875000000000003,0.2,0.63375,0.05143542220618749,24,512
regime_reset,152,ema,6,0.24875000000000003,0.2,0.63375,0.062458078824299726,24,512
regime_reset,152,failure_age,6,0.24875000000000003,0.2,0.63375,0.0882216593306964,24,512
regime_reset,152,route_history,6,0.24875000000000003,0.2,0.63375,0.07931680906072182,24,512
regime_reset,152,shuffled_history,6,0.24875000000000003,0.2,0.63375,0.08998411276466908,24,512
regime_reset,152,oracle,5,0.8825000000000001,0.98,0.0,0.0,5,512
regime_reset,153,last_contact,0,0.7362500000000001,0.98,0.19500000000000006,0.062385235878062516,2,512
regime_reset,153,ema,7,0.2975,0.2,0.6337500000000001,0.10688868209862215,24,512
regime_reset,153,failure_age,7,0.2975,0.2,0.6337500000000001,0.10713835069377314,24,512
regime_reset,153,route_history,7,0.2975,0.2,0.6337500000000001,0.08831530589606121,24,512
regime_reset,153,shuffled_history,7,0.2975,0.2,0.6337500000000001,0.10966145313996772,24,512
regime_reset,153,oracle,6,0.9312500000000001,0.7849999999999999,0.0,0.0,8,512
regime_reset,154,last_contact,4,0.83375,0.395,0.0,0.05359013259681248,1,512
regime_reset,154,ema,1,0.2,0.2,0.63375,0.08285608008121487,19,512
regime_reset,154,failure_age,1,0.2,0.2,0.63375,0.07910941859282088,19,512
regime_reset,154,route_history,1,0.2,0.2,0.63375,0.08585888229375349,19,512
regime_reset,154,shuffled_history,1,0.2,0.2,0.63375,0.08023406405074093,19,512
regime_reset,154,oracle,4,0.83375,0.395,0.0,0.0,1,512
regime_reset,155,last_contact,0,0.5900000000000001,0.7849999999999999,0.09749999999999992,0.027719942674937492,3,512
regime_reset,155,ema,6,0.34625,0.2,0.34125,0.031862453369041595,13,512
regime_reset,155,failure_age,6,0.34625,0.2,0.34125,0.02869196999787918,13,512
regime_reset,155,route_history,1,0.395,0.2,0.2925,0.025781489051872795,5,512
regime_reset,155,shuffled_history,4,0.4925,0.2,0.195,0.030346498880236602,4,512
regime_reset,155,oracle,5,0.6875,0.2,0.0,0.0,1,512
regime_reset,156,last_contact,0,0.2975,0.2,0.4387500000000001,0.05320112892493751,5,512
regime_reset,156,ema,7,0.7362500000000001,0.98,0.0,0.078904971831598,22,512
regime_reset,156,failure_age,7,0.7362500000000001,0.98,0.0,0.06890802724334497,22,512
regime_reset,156,route_history,7,0.7362500000000001,0.98,0.0,0.077771448549284,22,512
regime_reset,156,shuffled_history,7,0.7362500000000001,0.98,0.0,0.06663256348096477,22,512
regime_reset,156,oracle,2,0.7362500000000001,0.98,0.0,0.0,3,512
regime_reset,157,last_contact,7,0.2975,0.2,0.2925000000000001,0.05251885744056248,8,512
regime_reset,157,ema,1,0.5900000000000001,0.395,0.0,0.08745028527887641,22,512
regime_reset,157,failure_age,2,0.5900000000000001,0.98,0.0,0.09854098931376892,23,512
regime_reset,157,route_history,2,0.5900000000000001,0.98,0.0,0.11930772591303213,23,512
regime_reset,157,shuffled_history,2,0.5900000000000001,0.98,0.0,0.10270813882208923,23,512
regime_reset,157,oracle,1,0.5900000000000001,0.395,0.0,0.0,22,512
regime_reset,158,last_contact,5,0.2975,0.2,0.48749999999999993,0.02563209290931249,1,512
regime_reset,158,ema,0,0.7849999999999999,0.2,0.0,0.010782063204010633,15,512
regime_reset,158,failure_age,0,0.7849999999999999,0.2,0.0,0.011528357992487229,15,512
regime_reset,158,route_history,0,0.7849999999999999,0.2,0.0,0.04021880290414612,15,512
regime_reset,158,shuffled_history,0,0.7849999999999999,0.2,0.0,0.011191995375538541,15,512
regime_reset,158,oracle,0,0.7849999999999999,0.2,0.0,0.0,15,512
regime_reset,159,last_contact,3,0.83375,0.5900000000000001,0.0,0.05269056408118748,6,512
regime_reset,159,ema,3,0.83375,0.5900000000000001,0.0,0.055576790288334114,6,512
regime_reset,159,failure_age,2,0.2,0.2,0.63375,0.045669802437423676,4,512
regime_reset,159,route_history,4,0.24875000000000003,0.2,0.585,0.11010744637538239,8,512
regime_reset,159,shuffled_history,2,0.2,0.2,0.63375,0.053150173855541855,4,512
regime_reset,159,oracle,3,0.83375,0.5900000000000001,0.0,0.0,6,512
regime_reset,160,last_contact,0,0.63875,0.2,0.04874999999999996,0.020251396971812493,7,512
regime_reset,160,ema,1,0.4925,0.2,0.195,0.02917070164733123,17,512
regime_reset,160,failure_age,7,0.6875,0.2,0.0,0.03455631977941047,19,512
regime_reset,160,route_history,7,0.6875,0.2,0.0,0.037437597753713144,19,512
regime_reset,160,shuffled_history,7,0.6875,0.2,0.0,0.03367611600948215,19,512
regime_reset,160,oracle,3,0.6875,0.98,0.0,0.0,6,512
regime_reset,161,last_contact,0,0.98,0.98,0.0,0.06484537415931249,8,512
regime_reset,161,ema,1,0.44375000000000003,0.2,0.5362499999999999,0.10085009701460154,12,512
regime_reset,161,failure_age,6,0.2,0.2,0.78,0.06489515792953275,13,512
regime_reset,161,route_history,0,0.98,0.98,0.0,0.06957550425132322,8,512
regime_reset,161,shuffled_history,6,0.2,0.2,0.78,0.06318896374963591,13,512
regime_reset,161,oracle,0,0.98,0.98,0.0,0.0,8,512
regime_reset,162,last_contact,4,0.7362500000000001,0.395,0.09749999999999992,0.02816364689368751,20,512
regime_reset,162,ema,4,0.7362500000000001,0.395,0.09749999999999992,0.0446359982694694,20,512
regime_reset,162,failure_age,4,0.7362500000000001,0.395,0.09749999999999992,0.059744750999880095,20,512
regime_reset,162,route_history,4,0.7362500000000001,0.395,0.09749999999999992,0.0715530118450705,20,512
regime_reset,162,shuffled_history,4,0.7362500000000001,0.395,0.09749999999999992,0.05712264727431257,20,512
regime_reset,162,oracle,2,0.83375,0.98,0.0,0.0,10,512
regime_reset,163,last_contact,5,0.395,0.2,0.48750000000000004,0.07178663986243748,7,512
regime_reset,163,ema,7,0.24875000000000003,0.2,0.63375,0.10984346825290152,13,512
regime_reset,163,failure_age,6,0.63875,0.2,0.24375000000000002,0.08963958907117939,24,512
regime_reset,163,route_history,6,0.63875,0.2,0.24375000000000002,0.132706834591794,24,512
regime_reset,163,shuffled_history,6,0.63875,0.2,0.24375000000000002,0.09124511291649695,24,512
regime_reset,163,oracle,3,0.8825000000000001,0.98,0.0,0.0,5,512
regime_reset,164,last_contact,6,0.44375000000000003,0.2,0.29250000000000004,0.026464800799937502,12,512
regime_reset,164,ema,6,0.44375000000000003,0.2,0.29250000000000004,0.05261095691382774,12,512
regime_reset,164,failure_age,5,0.54125,0.2,0.19500000000000006,0.04923933375594376,19,512
regime_reset,164,route_history,5,0.54125,0.2,0.19500000000000006,0.058398872422436465,19,512
regime_reset,164,shuffled_history,5,0.54125,0.2,0.19500000000000006,0.04919913722008067,19,512
regime_reset,164,oracle,1,0.7362500000000001,0.5900000000000001,0.0,0.0,17,512
regime_reset,165,last_contact,1,0.2,0.2,0.43875000000000003,0.06623423728431246,3,512
regime_reset,165,ema,7,0.2,0.2,0.43875000000000003,0.07363023317407602,24,512
regime_reset,165,failure_age,7,0.2,0.2,0.43875000000000003,0.09498594816528864,24,512
regime_reset,165,route_history,7,0.2,0.2,0.43875000000000003,0.09407592558049992,24,512
regime_reset,165,shuffled_history,7,0.2,0.2,0.43875000000000003,0.09681607156085895,24,512
regime_reset,165,oracle,0,0.63875,0.5900000000000001,0.0,0.0,7,512
regime_reset,166,last_contact,2,0.44375000000000003,0.2,0.43875000000000003,0.026059081971812517,2,512
regime_reset,166,ema,0,0.4925,0.2,0.39000000000000007,0.03309101229593682,19,512
regime_reset,166,failure_age,0,0.4925,0.2,0.39000000000000007,0.03748828384800095,19,512
regime_reset,166,route_history,0,0.4925,0.2,0.39000000000000007,0.07184300983305338,19,512
regime_reset,166,shuffled_history,0,0.4925,0.2,0.39000000000000007,0.03886704907585545,19,512
regime_reset,166,oracle,5,0.8825000000000001,0.5900000000000001,0.0,0.0,5,512
regime_reset,167,last_contact,2,0.7849999999999999,0.2,0.04875000000000007,0.08030974556556247,7,512
regime_reset,167,ema,1,0.2,0.2,0.63375,0.07641236620308167,11,512
regime_reset,167,failure_age,7,0.83375,0.395,0.0,0.05948947723838818,15,512
regime_reset,167,route_history,4,0.4925,0.2,0.34125,0.06489838327471757,8,512
regime_reset,167,shuffled_history,7,0.83375,0.395,0.0,0.06081329274832831,15,512
regime_reset,167,oracle,7,0.83375,0.395,0.0,0.0,15,512
regime_reset,168,last_contact,7,0.44375000000000003,0.2,0.38999999999999996,0.05949810853431249,3,512
regime_reset,168,ema,6,0.54125,0.2,0.2925,0.06065106679310037,11,512
regime_reset,168,failure_age,3,0.2,0.2,0.63375,0.0881873379313251,24,512
regime_reset,168,route_history,3,0.2,0.2,0.63375,0.08567356424342767,24,512
regime_reset,168,shuffled_history,3,0.2,0.2,0.63375,0.09069593006943384,24,512
regime_reset,168,oracle,4,0.83375,0.5900000000000001,0.0,0.0,5,512
regime_reset,169,last_contact,0,0.2,0.2,0.63375,0.04315088376868749,4,512
regime_reset,169,ema,5,0.4925,0.2,0.34125,0.03369012166519971,15,512
regime_reset,169,failure_age,1,0.83375,0.395,0.0,0.02657148496831712,23,512
regime_reset,169,route_history,1,0.83375,0.395,0.0,0.04009817087270619,23,512
regime_reset,169,shuffled_history,1,0.83375,0.395,0.0,0.028556879624819877,23,512
regime_reset,169,oracle,1,0.83375,0.395,0.0,0.0,23,512
regime_reset,170,last_contact,2,0.2,0.2,0.7312500000000002,0.07131406040931253,10,512
regime_reset,170,ema,5,0.9312500000000001,0.7849999999999999,0.0,0.06971954726213853,3,512
regime_reset,170,failure_age,0,0.44375000000000003,0.2,0.4875000000000001,0.065426221805686,6,512
regime_reset,170,route_history,6,0.395,0.2,0.5362500000000001,0.08148518726845522,7,512
regime_reset,170,shuffled_history,0,0.44375000000000003,0.2,0.4875000000000001,0.06607035701650066,6,512
regime_reset,170,oracle,5,0.9312500000000001,0.7849999999999999,0.0,0.0,3,512
regime_reset,171,last_contact,5,0.7849999999999999,0.2,0.0,0.03895846908118748,1,512
regime_reset,171,ema,7,0.24875000000000003,0.2,0.5362499999999999,0.07136992044861121,14,512
regime_reset,171,failure_age,2,0.44375000000000003,0.2,0.3412499999999999,0.07895826444229173,21,512
regime_reset,171,route_history,2,0.44375000000000003,0.2,0.3412499999999999,0.09281470629482227,21,512
regime_reset,171,shuffled_history,2,0.44375000000000003,0.2,0.3412499999999999,0.07694041952506205,21,512
regime_reset,171,oracle,5,0.7849999999999999,0.2,0.0,0.0,1,512
regime_reset,172,last_contact,1,0.34625,0.2,0.195,0.04540588509681247,6,512
regime_reset,172,ema,4,0.2,0.2,0.34125,0.0517646622011992,27,512
regime_reset,172,failure_age,4,0.2,0.2,0.34125,0.08668391988875797,27,512
regime_reset,172,route_history,4,0.2,0.2,0.34125,0.10806009643448833,27,512
regime_reset,172,shuffled_history,4,0.2,0.2,0.34125,0.09447686698352119,27,512
regime_reset,172,oracle,2,0.54125,0.395,0.0,0.0,20,512
regime_reset,173,last_contact,2,0.2,0.2,0.5362500000000001,0.056033555721812484,18,512
regime_reset,173,ema,2,0.2,0.2,0.5362500000000001,0.07689185372387444,18,512
regime_reset,173,failure_age,7,0.2975,0.5900000000000001,0.4387500000000001,0.09869812611656419,23,512
regime_reset,173,route_history,7,0.2975,0.5900000000000001,0.4387500000000001,0.12283036966156743,23,512
regime_reset,173,shuffled_history,7,0.2975,0.5900000000000001,0.4387500000000001,0.10130222335251571,23,512
regime_reset,173,oracle,0,0.7362500000000001,0.2,0.0,0.0,20,512
regime_reset,174,last_contact,0,0.2,0.2,0.6825000000000001,0.0800210328311875,3,512
regime_reset,174,ema,2,0.54125,0.395,0.34125000000000005,0.0659561817221223,4,512
regime_reset,174,failure_age,2,0.54125,0.395,0.34125000000000005,0.07019031068358422,4,512
regime_reset,174,route_history,4,0.83375,0.395,0.04875000000000007,0.07261087596568436,7,512
regime_reset,174,shuffled_history,2,0.54125,0.395,0.34125000000000005,0.06955940116992806,4,512
regime_reset,174,oracle,3,0.8825000000000001,0.5900000000000001,0.0,0.0,3,512
regime_reset,175,last_contact,6,0.2,0.2,0.6825000000000001,0.08872800525306249,7,512
regime_reset,175,ema,7,0.24875000000000003,0.395,0.63375,0.10190851742196368,16,512
regime_reset,175,failure_age,7,0.24875000000000003,0.395,0.63375,0.09993126588736753,16,512
regime_reset,175,route_history,7,0.24875000000000003,0.395,0.63375,0.12437142179709057,16,512
regime_reset,175,shuffled_history,7,0.24875000000000003,0.395,0.63375,0.10422934496828717,16,512
regime_reset,175,oracle,2,0.8825000000000001,0.5900000000000001,0.0,0.0,12,512
regime_reset,176,last_contact,4,0.5900000000000001,0.2,0.04874999999999996,0.036037911424937494,1,512
regime_reset,176,ema,2,0.63875,0.2,0.0,0.048341251566084036,25,512
regime_reset,176,failure_age,2,0.63875,0.2,0.0,0.08132403058421223,25,512
regime_reset,176,route_history,2,0.63875,0.2,0.0,0.10108005385361588,25,512
regime_reset,176,shuffled_history,2,0.63875,0.2,0.0,0.08649953077692092,25,512
regime_reset,176,oracle,2,0.63875,0.2,0.0,0.0,25,512
regime_reset,177,last_contact,1,0.2,0.2,0.78,0.09189168525306254,8,512
regime_reset,177,ema,6,0.98,0.98,0.0,0.09926528719304722,18,512
regime_reset,177,failure_age,4,0.7362500000000001,0.7849999999999999,0.2437499999999999,0.08798590403226572,20,512
regime_reset,177,route_history,4,0.7362500000000001,0.7849999999999999,0.2437499999999999,0.0674286260563784,20,512
regime_reset,177,shuffled_history,4,0.7362500000000001,0.7849999999999999,0.2437499999999999,0.09096143640993752,20,512
regime_reset,177,oracle,6,0.98,0.98,0.0,0.0,18,512
regime_reset,178,last_contact,2,0.63875,0.2,0.19499999999999995,0.06669465665931248,8,512
regime_reset,178,ema,4,0.2975,0.2,0.53625,0.07623710773230127,14,512
regime_reset,178,failure_age,4,0.2975,0.2,0.53625,0.06517405889101598,14,512
regime_reset,178,route_history,6,0.34625,0.2,0.4875,0.08092113117632765,6,512
regime_reset,178,shuffled_history,4,0.2975,0.2,0.53625,0.06367239723754303,14,512
regime_reset,178,oracle,1,0.83375,0.98,0.0,0.0,2,512
regime_reset,179,last_contact,3,0.63875,0.2,0.24375000000000002,0.05408398228431251,2,512
regime_reset,179,ema,1,0.4925,0.2,0.39000000000000007,0.07483263956716918,12,512
regime_reset,179,failure_age,6,0.63875,0.5900000000000001,0.24375000000000002,0.06528860136350259,21,512
regime_reset,179,route_history,6,0.63875,0.5900000000000001,0.24375000000000002,0.08154985075879445,21,512
regime_reset,179,shuffled_history,6,0.63875,0.5900000000000001,0.24375000000000002,0.061955047694048845,21,512
regime_reset,179,oracle,0,0.8825000000000001,0.5900000000000001,0.0,0.0,6,512
regime_reset,180,last_contact,0,0.7362500000000001,0.2,0.14625,0.048431288768687505,19,512
regime_reset,180,ema,0,0.7362500000000001,0.2,0.14625,0.05505180942347023,19,512
regime_reset,180,failure_age,7,0.63875,0.2,0.24375000000000002,0.05748932052783769,22,512
regime_reset,180,route_history,7,0.63875,0.2,0.24375000000000002,0.05017129611660832,22,512
regime_reset,180,shuffled_history,7,0.63875,0.2,0.24375000000000002,0.0591523331123011,22,512
regime_reset,180,oracle,2,0.8825000000000001,0.7849999999999999,0.0,0.0,8,512
regime_reset,181,last_contact,4,0.7362500000000001,0.2,0.14625,0.07116362400306253,11,512
regime_reset,181,ema,4,0.7362500000000001,0.2,0.14625,0.05777889855244994,11,512
regime_reset,181,failure_age,7,0.8825000000000001,0.5900000000000001,0.0,0.07920835696789513,4,512
regime_reset,181,route_history,7,0.8825000000000001,0.5900000000000001,0.0,0.10532053393926115,4,512
regime_reset,181,shuffled_history,7,0.8825000000000001,0.5900000000000001,0.0,0.07970408961005399,4,512
regime_reset,181,oracle,1,0.8825000000000001,0.5900000000000001,0.0,0.0,7,512
regime_reset,182,last_contact,0,0.63875,0.2,0.34124999999999994,0.05338955072181252,6,512
regime_reset,182,ema,4,0.54125,0.2,0.43875,0.06714530693152992,16,512
regime_reset,182,failure_age,2,0.4925,0.2,0.4875,0.0763498540304591,22,512
regime_reset,182,route_history,2,0.4925,0.2,0.4875,0.08460554591334553,22,512
regime_reset,182,shuffled_history,2,0.4925,0.2,0.4875,0.07390935598780071,22,512
regime_reset,182,oracle,5,0.98,0.98,0.0,0.0,2,512
regime_reset,183,last_contact,6,0.34625,0.2,0.4387499999999999,0.0347660543936875,4,512
regime_reset,183,ema,3,0.6875,0.2,0.09749999999999992,0.026516491158203922,20,512
regime_reset,183,failure_age,5,0.7849999999999999,0.2,0.0,0.03102686492706997,21,512
regime_reset,183,route_history,5,0.7849999999999999,0.2,0.0,0.039569984294154203,21,512
regime_reset,183,shuffled_history,5,0.7849999999999999,0.2,0.0,0.03439072090424074,21,512
regime_reset,183,oracle,5,0.7849999999999999,0.2,0.0,0.0,21,512
regime_reset,184,last_contact,7,0.7362500000000001,0.2,0.09749999999999992,0.061636103768687486,16,512
regime_reset,184,ema,7,0.7362500000000001,0.2,0.09749999999999992,0.04966895695113496,16,512
regime_reset,184,failure_age,3,0.34625,0.2,0.4875,0.06305614236981402,18,512
regime_reset,184,route_history,3,0.34625,0.2,0.4875,0.06866973738188235,18,512
regime_reset,184,shuffled_history,3,0.34625,0.2,0.4875,0.06115398139866296,18,512
regime_reset,184,oracle,5,0.83375,0.98,0.0,0.0,12,512
regime_reset,185,last_contact,2,0.2,0.2,0.585,0.07215892837806247,10,512
regime_reset,185,ema,6,0.2975,0.2,0.48749999999999993,0.06420507362434305,6,512
regime_reset,185,failure_age,5,0.2,0.2,0.585,0.05168028491561458,5,512
regime_reset,185,route_history,4,0.34625,0.2,0.4387499999999999,0.04983995469584376,6,512
regime_reset,185,shuffled_history,6,0.2975,0.2,0.48749999999999993,0.052175010087927784,6,512
regime_reset,185,oracle,7,0.7849999999999999,0.98,0.0,0.0,2,512
regime_reset,186,last_contact,4,0.7362500000000001,0.7849999999999999,0.04874999999999985,0.05270727923743749,6,512
regime_reset,186,ema,4,0.7362500000000001,0.7849999999999999,0.04874999999999985,0.046472702038628785,6,512
regime_reset,186,failure_age,2,0.7849999999999999,0.98,0.0,0.04359638010662334,4,512
regime_reset,186,route_history,3,0.2,0.2,0.585,0.0684339786386863,5,512
regime_reset,186,shuffled_history,2,0.7849999999999999,0.98,0.0,0.039010550002962954,4,512
regime_reset,186,oracle,2,0.7849999999999999,0.98,0.0,0.0,4,512
regime_reset,187,last_contact,6,0.44375000000000003,0.2,0.43875000000000003,0.036037911424937494,3,512
regime_reset,187,ema,0,0.54125,0.2,0.34125000000000005,0.03646854415662812,21,512
regime_reset,187,failure_age,0,0.54125,0.2,0.34125000000000005,0.04158388871832716,21,512
regime_reset,187,route_history,0,0.54125,0.2,0.34125000000000005,0.0226739742095367,21,512
regime_reset,187,shuffled_history,0,0.54125,0.2,0.34125000000000005,0.04344843614608565,21,512
regime_reset,187,oracle,1,0.8825000000000001,0.5900000000000001,0.0,0.0,5,512
regime_reset,188,last_contact,6,0.34625,0.395,0.5362500000000001,0.06647280454993748,16,512
regime_reset,188,ema,6,0.34625,0.395,0.5362500000000001,0.12071400312701283,16,512
regime_reset,188,failure_age,2,0.2975,0.2,0.5850000000000001,0.10820739587505125,20,512
regime_reset,188,route_history,2,0.2975,0.2,0.5850000000000001,0.10352306772931792,20,512
regime_reset,188,shuffled_history,2,0.2975,0.2,0.5850000000000001,0.10954228562653077,20,512
regime_reset,188,oracle,0,0.8825000000000001,0.5900000000000001,0.0,0.0,3,512
regime_reset,189,last_contact,6,0.2975,0.2,0.6337500000000001,0.04602129595618751,14,512
regime_reset,189,ema,6,0.2975,0.2,0.6337500000000001,0.07003458486388454,14,512
regime_reset,189,failure_age,1,0.4925,0.2,0.43875000000000014,0.05338068040588327,18,512
regime_reset,189,route_history,1,0.4925,0.2,0.43875000000000014,0.058166743548960655,18,512
regime_reset,189,shuffled_history,1,0.4925,0.2,0.43875000000000014,0.05508039691359068,18,512
regime_reset,189,oracle,7,0.9312500000000001,0.7849999999999999,0.0,0.0,3,512
regime_reset,190,last_contact,4,0.7362500000000001,0.395,0.09749999999999992,0.040996173378062495,1,512
regime_reset,190,ema,7,0.34625,0.395,0.4875,0.049499935029102826,11,512
regime_reset,190,failure_age,3,0.83375,0.395,0.0,0.02388881157999483,21,512
regime_reset,190,route_history,3,0.83375,0.395,0.0,0.020975376228040327,21,512
regime_reset,190,shuffled_history,3,0.83375,0.395,0.0,0.0224698549708474,21,512
regime_reset,190,oracle,3,0.83375,0.395,0.0,0.0,21,512
regime_reset,191,last_contact,2,0.8825000000000001,0.5900000000000001,0.09749999999999992,0.07815503517493749,6,512
regime_reset,191,ema,4,0.2,0.2,0.78,0.09508691881375472,16,512
regime_reset,191,failure_age,4,0.2,0.2,0.78,0.09878319349412153,16,512
regime_reset,191,route_history,4,0.2,0.2,0.78,0.15433948613660084,16,512
regime_reset,191,shuffled_history,4,0.2,0.2,0.78,0.09875640485568188,16,512
regime_reset,191,oracle,6,0.98,0.98,0.0,0.0,8,512
regime_reset,192,last_contact,2,0.24875000000000003,0.2,0.39,0.03549391626868748,5,512
regime_reset,192,ema,5,0.63875,0.2,0.0,0.025624950507344427,11,512
regime_reset,192,failure_age,3,0.54125,0.2,0.09750000000000003,0.030737687622005114,4,512
regime_reset,192,route_history,2,0.24875000000000003,0.2,0.39,0.047478052931092724,5,512
regime_reset,192,shuffled_history,7,0.2,0.2,0.43875000000000003,0.03040477224870374,3,512
regime_reset,192,oracle,5,0.63875,0.2,0.0,0.0,11,512
regime_reset,193,last_contact,7,0.2,0.2,0.6825000000000001,0.0499751433780625,9,512
regime_reset,193,ema,4,0.8825000000000001,0.7849999999999999,0.0,0.09124434702058618,12,512
regime_reset,193,failure_age,2,0.4925,0.2,0.39000000000000007,0.06960074760418905,22,512
regime_reset,193,route_history,2,0.4925,0.2,0.39000000000000007,0.09227562863031807,22,512
regime_reset,193,shuffled_history,2,0.4925,0.2,0.39000000000000007,0.0779474858945505,22,512
regime_reset,193,oracle,4,0.8825000000000001,0.7849999999999999,0.0,0.0,12,512
regime_reset,194,last_contact,4,0.7362500000000001,0.395,0.0,0.04440602564368749,1,512
regime_reset,194,ema,3,0.2,0.2,0.5362500000000001,0.06298471559744837,22,512
regime_reset,194,failure_age,3,0.2,0.2,0.5362500000000001,0.08610209069789246,22,512
regime_reset,194,route_history,3,0.2,0.2,0.5362500000000001,0.09815366903153183,22,512
regime_reset,194,shuffled_history,3,0.2,0.2,0.5362500000000001,0.08961125745277886,22,512
regime_reset,194,oracle,4,0.7362500000000001,0.395,0.0,0.0,1,512
regime_reset,195,last_contact,7,0.2,0.2,0.6825000000000001,0.0713976361905625,2,512
regime_reset,195,ema,2,0.8825000000000001,0.5900000000000001,0.0,0.048356559975152015,25,512
regime_reset,195,failure_age,2,0.8825000000000001,0.5900000000000001,0.0,0.04730967198057063,25,512
regime_reset,195,route_history,2,0.8825000000000001,0.5900000000000001,0.0,0.08101858699618583,25,512
regime_reset,195,shuffled_history,2,0.8825000000000001,0.5900000000000001,0.0,0.04382066195854616,25,512
regime_reset,195,oracle,2,0.8825000000000001,0.5900000000000001,0.0,0.0,25,512
regime_reset,196,last_contact,5,0.4925,0.395,0.195,0.03639348478431249,17,512
regime_reset,196,ema,5,0.4925,0.395,0.195,0.026693111300569672,17,512
regime_reset,196,failure_age,5,0.4925,0.395,0.195,0.032801717187731574,17,512
regime_reset,196,route_history,5,0.4925,0.395,0.195,0.05408586531298494,17,512
regime_reset,196,shuffled_history,5,0.4925,0.395,0.195,0.03539597719786458,17,512
regime_reset,196,oracle,0,0.6875,0.7849999999999999,0.0,0.0,11,512
regime_reset,197,last_contact,1,0.98,0.98,0.0,0.0741510422843125,7,512
regime_reset,197,ema,5,0.4925,0.2,0.4875,0.09897181143309122,19,512
regime_reset,197,failure_age,5,0.4925,0.2,0.4875,0.10497289168676842,19,512
regime_reset,197,route_history,5,0.4925,0.2,0.4875,0.10589987031482243,19,512
regime_reset,197,shuffled_history,5,0.4925,0.2,0.4875,0.1097195626469614,19,512
regime_reset,197,oracle,1,0.98,0.98,0.0,0.0,7,512
regime_reset,198,last_contact,2,0.2,0.2,0.6825000000000001,0.0493141421280625,14,512
regime_reset,198,ema,2,0.2,0.2,0.6825000000000001,0.07342796052602388,14,512
regime_reset,198,failure_age,3,0.63875,0.2,0.24375000000000002,0.0611746556928629,25,512
regime_reset,198,route_history,3,0.63875,0.2,0.24375000000000002,0.09151464288300891,25,512
regime_reset,198,shuffled_history,3,0.63875,0.2,0.24375000000000002,0.06261140361143462,25,512
regime_reset,198,oracle,4,0.8825000000000001,0.7849999999999999,0.0,0.0,8,512
regime_reset,199,last_contact,7,0.6875,0.2,0.2925,0.0498414221280625,1,512
regime_reset,199,ema,2,0.7849999999999999,0.2,0.19500000000000006,0.061223984220558955,11,512
regime_reset,199,failure_age,4,0.98,0.98,0.0,0.06101341202535966,4,512
regime_reset,199,route_history,6,0.54125,0.2,0.43875,0.05963311328251784,5,512
regime_reset,199,shuffled_history,4,0.98,0.98,0.0,0.06341693925060665,4,512
regime_reset,199,oracle,4,0.98,0.98,0.0,0.0,4,512
regime_reset,200,last_contact,7,0.7849999999999999,0.2,0.09750000000000014,0.0588036769718125,1,512
regime_reset,200,ema,5,0.2,0.2,0.6825000000000001,0.12211823021484473,18,512
regime_reset,200,failure_age,5,0.2,0.2,0.6825000000000001,0.0872182788773091,18,512
regime_reset,200,route_history,5,0.2,0.2,0.6825000000000001,0.13213242032470304,18,512
regime_reset,200,shuffled_history,5,0.2,0.2,0.6825000000000001,0.08738045182285938,18,512
regime_reset,200,oracle,2,0.8825000000000001,0.5900000000000001,0.0,0.0,4,512
regime_reset,201,last_contact,7,0.63875,0.98,0.14624999999999988,0.06465695236243747,11,512
regime_reset,201,ema,7,0.63875,0.98,0.14624999999999988,0.051562877679715874,11,512
regime_reset,201,failure_age,5,0.54125,0.2,0.2437499999999999,0.056202944352585195,15,512
regime_reset,201,route_history,5,0.54125,0.2,0.2437499999999999,0.06976533196782089,15,512
regime_reset,201,shuffled_history,5,0.54125,0.2,0.2437499999999999,0.06071475071462591,15,512
regime_reset,201,oracle,1,0.7849999999999999,0.7849999999999999,0.0,0.0,1,512
regime_reset,202,last_contact,6,0.24875000000000003,0.2,0.5362499999999999,0.07952718314368747,5,512
regime_reset,202,ema,7,0.2,0.2,0.585,0.08181292868146672,16,512
regime_reset,202,failure_age,7,0.2,0.2,0.585,0.08683701391406873,16,512
regime_reset,202,route_history,7,0.2,0.2,0.585,0.10899020199186514,16,512
regime_reset,202,shuffled_history,7,0.2,0.2,0.585,0.08867268023802195,16,512
regime_reset,202,oracle,4,0.7849999999999999,0.2,0.0,0.0,8,512
regime_reset,203,last_contact,1,0.34625,0.2,0.4387499999999999,0.06973222040931247,4,512
regime_reset,203,ema,5,0.2975,0.2,0.48749999999999993,0.1049344703668756,15,512
regime_reset,203,failure_age,5,0.2975,0.2,0.48749999999999993,0.07378580012741567,15,512
regime_reset,203,route_history,5,0.2975,0.2,0.48749999999999993,0.11939613981857201,15,512
regime_reset,203,shuffled_history,5,0.2975,0.2,0.48749999999999993,0.07273827875629128,15,512
regime_reset,203,oracle,2,0.7849999999999999,0.98,0.0,0.0,1,512
regime_reset,204,last_contact,4,0.2975,0.2,0.4387500000000001,0.05817155095618748,4,512
regime_reset,204,ema,3,0.2,0.2,0.5362500000000001,0.10157762890744246,16,512
regime_reset,204,failure_age,1,0.24875000000000003,0.2,0.48750000000000004,0.11799612456898022,25,512
regime_reset,204,route_history,1,0.24875000000000003,0.2,0.48750000000000004,0.14954795514231156,25,512
regime_reset,204,shuffled_history,1,0.24875000000000003,0.2,0.48750000000000004,0.12174292458867819,25,512
regime_reset,204,oracle,6,0.7362500000000001,0.5900000000000001,0.0,0.0,2,512
regime_reset,205,last_contact,6,0.34625,0.5900000000000001,0.63375,0.07873246064368751,5,512
regime_reset,205,ema,4,0.24875000000000003,0.2,0.73125,0.1156490357283112,20,512
regime_reset,205,failure_age,4,0.24875000000000003,0.2,0.73125,0.11391318164564267,20,512
regime_reset,205,route_history,4,0.24875000000000003,0.2,0.73125,0.16044814942539387,20,512
regime_reset,205,shuffled_history,4,0.24875000000000003,0.2,0.73125,0.11804758486952252,20,512
regime_reset,205,oracle,5,0.98,0.98,0.0,0.0,2,512
regime_reset,206,last_contact,6,0.395,0.2,0.48750000000000004,0.07861089947181249,3,512
regime_reset,206,ema,2,0.8825000000000001,0.98,0.0,0.07420965412592634,5,512
regime_reset,206,failure_age,2,0.8825000000000001,0.98,0.0,0.07330672766735596,5,512
regime_reset,206,route_history,5,0.2,0.2,0.6825000000000001,0.10300085616109625,7,512
regime_reset,206,shuffled_history,5,0.2,0.2,0.6825000000000001,0.07433356266822796,7,512
regime_reset,206,oracle,2,0.8825000000000001,0.98,0.0,0.0,5,512
regime_reset,207,last_contact,4,0.2,0.2,0.78,0.049042144549937494,21,512
regime_reset,207,ema,4,0.2,0.2,0.78,0.08365868372638263,21,512
regime_reset,207,failure_age,4,0.2,0.2,0.78,0.10186617456267089,21,512
regime_reset,207,route_history,4,0.2,0.2,0.78,0.09117641128607139,21,512
regime_reset,207,shuffled_history,4,0.2,0.2,0.78,0.10404985322526414,21,512
regime_reset,207,oracle,5,0.98,0.98,0.0,0.0,3,512
regime_reset,208,last_contact,1,0.2,0.2,0.63375,0.06481194384681249,4,512
regime_reset,208,ema,0,0.2,0.2,0.63375,0.10570821405731726,15,512
regime_reset,208,failure_age,0,0.2,0.2,0.63375,0.07362151311416151,15,512
regime_reset,208,route_history,0,0.2,0.2,0.63375,0.09529473619717632,15,512
regime_reset,208,shuffled_history,0,0.2,0.2,0.63375,0.07015152169570335,15,512
regime_reset,208,oracle,4,0.83375,0.98,0.0,0.0,6,512
regime_reset,209,last_contact,0,0.2,0.2,0.63375,0.05376183923743749,11,512
regime_reset,209,ema,0,0.2,0.2,0.63375,0.07716107984078084,11,512
regime_reset,209,failure_age,3,0.34625,0.2,0.4875,0.0839151671163587,21,512
regime_reset,209,route_history,3,0.34625,0.2,0.4875,0.07138159170940603,21,512
regime_reset,209,shuffled_history,3,0.34625,0.2,0.4875,0.08576064368480629,21,512
regime_reset,209,oracle,5,0.83375,0.7849999999999999,0.0,0.0,9,512
regime_reset,210,last_contact,6,0.2975,0.2,0.4387500000000001,0.04080775158118749,8,512
regime_reset,210,ema,3,0.7362500000000001,0.2,0.0,0.043228160317171395,24,512
regime_reset,210,failure_age,3,0.7362500000000001,0.2,0.0,0.02552341545370077,24,512
regime_reset,210,route_history,3,0.7362500000000001,0.2,0.0,0.0609899955279206,24,512
regime_reset,210,shuffled_history,3,0.7362500000000001,0.2,0.0,0.02346057238434065,24,512
regime_reset,210,oracle,3,0.7362500000000001,0.2,0.0,0.0,24,512
regime_reset,211,last_contact,6,0.44375000000000003,0.2,0.38999999999999996,0.041401892206187486,2,512
regime_reset,211,ema,7,0.44375000000000003,0.7849999999999999,0.38999999999999996,0.056140616947578714,15,512
regime_reset,211,failure_age,4,0.24875000000000003,0.2,0.585,0.07097307144884929,22,512
regime_reset,211,route_history,4,0.24875000000000003,0.2,0.585,0.05573134482804604,22,512
regime_reset,211,shuffled_history,4,0.24875000000000003,0.2,0.585,0.07569627511547443,22,512
regime_reset,211,oracle,2,0.83375,0.395,0.0,0.0,7,512
regime_reset,212,last_contact,6,0.2,0.2,0.63375,0.0484145736124375,3,512
regime_reset,212,ema,1,0.83375,0.98,0.0,0.05283937876510201,19,512
regime_reset,212,failure_age,1,0.83375,0.98,0.0,0.050561951913715195,19,512
regime_reset,212,route_history,1,0.83375,0.98,0.0,0.04451824357023786,19,512
regime_reset,212,shuffled_history,1,0.83375,0.98,0.0,0.051087662271315636,19,512
regime_reset,212,oracle,1,0.83375,0.98,0.0,0.0,19,512
regime_reset,213,last_contact,6,0.7849999999999999,0.5900000000000001,0.0,0.05384541501868749,16,512
regime_reset,213,ema,6,0.7849999999999999,0.5900000000000001,0.0,0.06577357295960033,16,512
regime_reset,213,failure_age,3,0.395,0.2,0.3899999999999999,0.06506702596469219,19,512
regime_reset,213,route_history,3,0.395,0.2,0.3899999999999999,0.05322739844684031,19,512
regime_reset,213,shuffled_history,3,0.395,0.2,0.3899999999999999,0.06286029204514273,19,512
regime_reset,213,oracle,6,0.7849999999999999,0.5900000000000001,0.0,0.0,16,512
regime_reset,214,last_contact,1,0.2,0.2,0.6825000000000001,0.0636403777530625,5,512
regime_reset,214,ema,0,0.7849999999999999,0.7849999999999999,0.09750000000000014,0.10671871281171678,14,512
regime_reset,214,failure_age,5,0.2,0.2,0.6825000000000001,0.1148070957948259,23,512
regime_reset,214,route_history,5,0.2,0.2,0.6825000000000001,0.16599951004638797,23,512
regime_reset,214,shuffled_history,5,0.2,0.2,0.6825000000000001,0.11596016925428179,23,512
regime_reset,214,oracle,2,0.8825000000000001,0.5900000000000001,0.0,0.0,1,512
regime_reset,215,last_contact,0,0.7362500000000001,0.98,0.0,0.0502471409561875,28,512
regime_reset,215,ema,0,0.7362500000000001,0.98,0.0,0.04096781286499383,28,512
regime_reset,215,failure_age,0,0.7362500000000001,0.98,0.0,0.047131997232286366,28,512
regime_reset,215,route_history,0,0.7362500000000001,0.98,0.0,0.014275267485858466,28,512
regime_reset,215,shuffled_history,0,0.7362500000000001,0.98,0.0,0.0447124046933778,28,512
regime_reset,215,oracle,0,0.7362500000000001,0.98,0.0,0.0,28,512
regime_reset,216,last_contact,2,0.63875,0.395,0.24375000000000002,0.0775608945499375,4,512
regime_reset,216,ema,0,0.8825000000000001,0.5900000000000001,0.0,0.0697159693113424,17,512
regime_reset,216,failure_age,3,0.2,0.2,0.6825000000000001,0.09883181290477719,20,512
regime_reset,216,route_history,3,0.2,0.2,0.6825000000000001,0.1156320121235696,20,512
regime_reset,216,shuffled_history,3,0.2,0.2,0.6825000000000001,0.10253688398926573,20,512
regime_reset,216,oracle,0,0.8825000000000001,0.5900000000000001,0.0,0.0,17,512
regime_reset,217,last_contact,3,0.54125,0.2,0.2925,0.047648726346812484,1,512
regime_reset,217,ema,0,0.34625,0.5900000000000001,0.4875,0.06229987907951794,15,512
regime_reset,217,failure_age,0,0.34625,0.5900000000000001,0.4875,0.045229794278454735,15,512
regime_reset,217,route_history,0,0.34625,0.5900000000000001,0.4875,0.061442895775213384,15,512
regime_reset,217,shuffled_history,0,0.34625,0.5900000000000001,0.4875,0.04429651828230023,15,512
regime_reset,217,oracle,1,0.83375,0.7849999999999999,0.0,0.0,5,512
regime_reset,218,last_contact,1,0.63875,0.2,0.2925000000000001,0.04306730798743752,17,512
regime_reset,218,ema,1,0.63875,0.2,0.2925000000000001,0.06960443815635828,17,512
regime_reset,218,failure_age,3,0.6875,0.395,0.24375000000000013,0.05876488660914607,23,512
regime_reset,218,route_history,3,0.6875,0.395,0.24375000000000013,0.05496344950305454,23,512
regime_reset,218,shuffled_history,3,0.6875,0.395,0.24375000000000013,0.06002168348253993,23,512
regime_reset,218,oracle,2,0.9312500000000001,0.7849999999999999,0.0,0.0,2,512
regime_reset,219,last_contact,1,0.4925,0.98,0.39000000000000007,0.0454940159561875,18,512
regime_reset,219,ema,1,0.4925,0.98,0.39000000000000007,0.059671769801558694,18,512
regime_reset,219,failure_age,6,0.8825000000000001,0.5900000000000001,0.0,0.02585662155934381,24,512
regime_reset,219,route_history,6,0.8825000000000001,0.5900000000000001,0.0,0.03129419898547897,24,512
regime_reset,219,shuffled_history,6,0.8825000000000001,0.5900000000000001,0.0,0.02409337170255675,24,512
regime_reset,219,oracle,6,0.8825000000000001,0.5900000000000001,0.0,0.0,24,512
regime_reset,220,last_contact,7,0.34625,0.2,0.63375,0.0471928620499375,12,512
regime_reset,220,ema,7,0.34625,0.2,0.63375,0.06296786633482143,12,512
regime_reset,220,failure_age,5,0.83375,0.98,0.14625,0.04965286850749679,19,512
regime_reset,220,route_history,5,0.83375,0.98,0.14625,0.05302914505084093,19,512
regime_reset,220,shuffled_history,5,0.83375,0.98,0.14625,0.04941985473632915,19,512
regime_reset,220,oracle,0,0.98,0.98,0.0,0.0,5,512
regime_reset,221,last_contact,5,0.54125,0.98,0.19500000000000006,0.0300296445499375,3,512
regime_reset,221,ema,3,0.54125,0.2,0.19500000000000006,0.05277656521631227,17,512
regime_reset,221,failure_age,3,0.54125,0.2,0.19500000000000006,0.037028247299682286,17,512
regime_reset,221,route_history,3,0.54125,0.2,0.19500000000000006,0.05607442954538895,17,512
regime_reset,221,shuffled_history,3,0.54125,0.2,0.19500000000000006,0.0401209085698437,17,512
regime_reset,221,oracle,4,0.7362500000000001,0.2,0.0,0.0,6,512
regime_reset,222,last_contact,0,0.395,0.2,0.585,0.058853822440562496,6,512
regime_reset,222,ema,7,0.2975,0.2,0.6825,0.0735233814945448,25,512
regime_reset,222,failure_age,7,0.2975,0.2,0.6825,0.08997401313173242,25,512
regime_reset,222,route_history,7,0.2975,0.2,0.6825,0.11747908443414454,25,512
regime_reset,222,shuffled_history,7,0.2975,0.2,0.6825,0.09457646748615173,25,512
regime_reset,222,oracle,6,0.98,0.98,0.0,0.0,18,512
regime_reset,223,last_contact,3,0.54125,0.2,0.43875,0.06864878517493748,7,512
regime_reset,223,ema,5,0.395,0.2,0.585,0.060292685222157326,3,512
regime_reset,223,failure_age,7,0.395,0.2,0.585,0.06606162936174431,5,512
regime_reset,223,route_history,3,0.54125,0.2,0.43875,0.05651909479204563,7,512
regime_reset,223,shuffled_history,3,0.54125,0.2,0.43875,0.06353969932145302,7,512
regime_reset,223,oracle,0,0.98,0.98,0.0,0.0,3,512
regime_reset,224,last_contact,3,0.6875,0.395,0.0,0.05307956775306248,1,512
regime_reset,224,ema,0,0.34625,0.5900000000000001,0.34125,0.09160408151906263,13,512
regime_reset,224,failure_age,0,0.34625,0.5900000000000001,0.34125,0.048227506280100946,13,512
regime_reset,224,route_history,1,0.5900000000000001,0.395,0.09749999999999992,0.04669303476383713,6,512
regime_reset,224,shuffled_history,2,0.2,0.2,0.4875,0.05074952675895989,13,512
regime_reset,224,oracle,3,0.6875,0.395,0.0,0.0,1,512
regime_reset,225,last_contact,7,0.6875,0.5900000000000001,0.14625,0.058648685487437485,6,512
regime_reset,225,ema,2,0.2,0.2,0.63375,0.0938715966055341,15,512
regime_reset,225,failure_age,6,0.395,0.2,0.43875,0.10184650132607356,23,512
regime_reset,225,route_history,6,0.395,0.2,0.43875,0.09952284298784947,23,512
regime_reset,225,shuffled_history,6,0.395,0.2,0.43875,0.10061772313173267,23,512
regime_reset,225,oracle,1,0.83375,0.98,0.0,0.0,3,512
regime_reset,226,last_contact,7,0.6875,0.2,0.2925,0.06673264204993751,1,512
regime_reset,226,ema,6,0.98,0.98,0.0,0.07635799869630033,14,512
regime_reset,226,failure_age,0,0.5900000000000001,0.2,0.3899999999999999,0.07525359523177738,23,512
regime_reset,226,route_history,0,0.5900000000000001,0.2,0.3899999999999999,0.06556327674140067,23,512
regime_reset,226,shuffled_history,0,0.5900000000000001,0.2,0.3899999999999999,0.0771100165133932,23,512
regime_reset,226,oracle,6,0.98,0.98,0.0,0.0,14,512
regime_reset,227,last_contact,3,0.2,0.2,0.585,0.04849814939368749,2,512
regime_reset,227,ema,7,0.34625,0.2,0.4387499999999999,0.04056490647700568,17,512
regime_reset,227,failure_age,2,0.7849999999999999,0.2,0.0,0.052259863504921636,20,512
regime_reset,227,route_history,2,0.7849999999999999,0.2,0.0,0.06186011846435464,20,512
regime_reset,227,shuffled_history,2,0.7849999999999999,0.2,0.0,0.05160108137269366,20,512
regime_reset,227,oracle,2,0.7849999999999999,0.2,0.0,0.0,20,512
regime_reset,228,last_contact,7,0.7849999999999999,0.2,0.0,0.03328906040931248,12,512
regime_reset,228,ema,7,0.7849999999999999,0.2,0.0,0.03548478969926224,12,512
regime_reset,228,failure_age,4,0.34625,0.2,0.4387499999999999,0.059442529198077354,23,512
regime_reset,228,route_history,4,0.34625,0.2,0.4387499999999999,0.06764739067426985,23,512
regime_reset,228,shuffled_history,4,0.34625,0.2,0.4387499999999999,0.06546830859261726,23,512
regime_reset,228,oracle,7,0.7849999999999999,0.2,0.0,0.0,12,512
regime_reset,229,last_contact,1,0.2975,0.2,0.39,0.045611022049937486,15,512
regime_reset,229,ema,1,0.2975,0.2,0.39,0.06408728763859603,15,512
regime_reset,229,failure_age,1,0.2975,0.2,0.39,0.040811497277325824,15,512
regime_reset,229,route_history,1,0.2975,0.2,0.39,0.04024812437237195,15,512
regime_reset,229,shuffled_history,4,0.6875,0.2,0.0,0.03781785379389335,15,512
regime_reset,229,oracle,6,0.6875,0.98,0.0,0.0,6,512
regime_reset,230,last_contact,2,0.395,0.2,0.43875,0.0418623115811875,5,512
regime_reset,230,ema,7,0.4925,0.5900000000000001,0.34125,0.05875335750534265,13,512
regime_reset,230,failure_age,7,0.4925,0.5900000000000001,0.34125,0.05089149698512055,13,512
regime_reset,230,route_history,6,0.5900000000000001,0.2,0.2437499999999999,0.043744362944079455,7,512
regime_reset,230,shuffled_history,3,0.7362500000000001,0.2,0.09749999999999992,0.04895234796005324,4,512
regime_reset,230,oracle,1,0.83375,0.98,0.0,0.0,3,512
regime_reset,231,last_contact,7,0.54125,0.2,0.34125000000000005,0.05175756525306249,3,512
regime_reset,231,ema,3,0.24875000000000003,0.2,0.63375,0.06862979725381371,12,512
regime_reset,231,failure_age,6,0.8825000000000001,0.5900000000000001,0.0,0.03808884598114635,26,512
regime_reset,231,route_history,6,0.8825000000000001,0.5900000000000001,0.0,0.02687210906436666,26,512
regime_reset,231,shuffled_history,6,0.8825000000000001,0.5900000000000001,0.0,0.0366362216485555,26,512
regime_reset,231,oracle,6,0.8825000000000001,0.5900000000000001,0.0,0.0,26,512
regime_reset,232,last_contact,6,0.395,0.2,0.24375000000000002,0.02300024798743749,19,512
regime_reset,232,ema,6,0.395,0.2,0.24375000000000002,0.03820475059475491,19,512
regime_reset,232,failure_age,6,0.395,0.2,0.24375000000000002,0.034888242492984035,19,512
regime_reset,232,route_history,7,0.63875,0.98,0.0,0.04437554737437782,18,512
regime_reset,232,shuffled_history,6,0.395,0.2,0.24375000000000002,0.03717722125920659,19,512
regime_reset,232,oracle,7,0.63875,0.98,0.0,0.0,18,512
regime_reset,233,last_contact,4,0.395,0.2,0.43875,0.044255589237437505,3,512
regime_reset,233,ema,3,0.63875,0.2,0.19499999999999995,0.045824064838699594,13,512
regime_reset,233,failure_age,7,0.5900000000000001,0.5900000000000001,0.2437499999999999,0.05486836481302633,18,512
regime_reset,233,route_history,7,0.5900000000000001,0.5900000000000001,0.2437499999999999,0.0643054106478748,18,512
regime_reset,233,shuffled_history,7,0.5900000000000001,0.5900000000000001,0.2437499999999999,0.05667375686017359,18,512
regime_reset,233,oracle,1,0.83375,0.5900000000000001,0.0,0.0,4,512
regime_reset,234,last_contact,6,0.44375000000000003,0.2,0.3412499999999999,0.013088279159312492,4,512
regime_reset,234,ema,1,0.4925,0.7849999999999999,0.2924999999999999,0.024806461905786666,21,512
regime_reset,234,failure_age,1,0.4925,0.7849999999999999,0.2924999999999999,0.026068435895243727,21,512
regime_reset,234,route_history,1,0.4925,0.7849999999999999,0.2924999999999999,0.05449588200925033,21,512
regime_reset,234,shuffled_history,1,0.4925,0.7849999999999999,0.2924999999999999,0.027564280864119953,21,512
regime_reset,234,oracle,2,0.7849999999999999,0.2,0.0,0.0,7,512
regime_reset,235,last_contact,4,0.2,0.2,0.78,0.06420108806556249,5,512
regime_reset,235,ema,3,0.6875,0.2,0.2925,0.07229071107862232,11,512
regime_reset,235,failure_age,7,0.2,0.2,0.78,0.06890748898985762,4,512
regime_reset,235,route_history,6,0.63875,0.395,0.34124999999999994,0.07058421658982762,8,512
regime_reset,235,shuffled_history,7,0.2,0.2,0.78,0.07197782518852607,4,512
regime_reset,235,oracle,5,0.98,0.98,0.0,0.0,5,512
regime_reset,236,last_contact,5,0.6875,0.5900000000000001,0.09749999999999992,0.05211313861243748,4,512
regime_reset,236,ema,1,0.7849999999999999,0.2,0.0,0.05762347851828766,19,512
regime_reset,236,failure_age,4,0.2,0.2,0.585,0.06520995373652715,20,512
regime_reset,236,route_history,4,0.2,0.2,0.585,0.0858873832713822,20,512
regime_reset,236,shuffled_history,4,0.2,0.2,0.585,0.0688774201452328,20,512
regime_reset,236,oracle,1,0.7849999999999999,0.2,0.0,0.0,19,512
regime_reset,237,last_contact,3,0.395,0.2,0.48750000000000004,0.06255238744056249,25,512
regime_reset,237,ema,3,0.395,0.2,0.48750000000000004,0.11404153656874395,25,512
regime_reset,237,failure_age,3,0.395,0.2,0.48750000000000004,0.1201430375879181,25,512
regime_reset,237,route_history,3,0.395,0.2,0.48750000000000004,0.10317479119687172,25,512
regime_reset,237,shuffled_history,3,0.395,0.2,0.48750000000000004,0.122445152105202,25,512
regime_reset,237,oracle,2,0.8825000000000001,0.5900000000000001,0.0,0.0,1,512
regime_reset,238,last_contact,7,0.395,0.2,0.585,0.09058184283118752,6,512
regime_reset,238,ema,6,0.2,0.2,0.78,0.11655466283725854,20,512
regime_reset,238,failure_age,6,0.2,0.2,0.78,0.12111685675063005,20,512
regime_reset,238,route_history,6,0.2,0.2,0.78,0.19448170849076557,20,512
regime_reset,238,shuffled_history,6,0.2,0.2,0.78,0.11795322849108106,20,512
regime_reset,238,oracle,2,0.98,0.98,0.0,0.0,3,512
regime_reset,239,last_contact,7,0.6875,0.2,0.24375000000000013,0.07739374298743754,1,512
regime_reset,239,ema,1,0.83375,0.5900000000000001,0.09750000000000014,0.08632886184027355,20,512
regime_reset,239,failure_age,1,0.83375,0.5900000000000001,0.09750000000000014,0.07183591733483827,20,512
regime_reset,239,route_history,1,0.83375,0.5900000000000001,0.09750000000000014,0.07852218434454332,20,512
regime_reset,239,shuffled_history,1,0.83375,0.5900000000000001,0.09750000000000014,0.07934437783381564,20,512
regime_reset,239,oracle,5,0.9312500000000001,0.7849999999999999,0.0,0.0,3,512
regime_reset,240,last_contact,4,0.7849999999999999,0.5900000000000001,0.04875000000000007,0.0572765375186875,4,512
regime_reset,240,ema,0,0.395,0.2,0.43875,0.07855583294844763,11,512
regime_reset,240,failure_age,7,0.395,0.395,0.43875,0.07562595466204033,18,512
regime_reset,240,route_history,7,0.395,0.395,0.43875,0.06971103369574712,18,512
regime_reset,240,shuffled_history,7,0.395,0.395,0.43875,0.07424495464453314,18,512
regime_reset,240,oracle,3,0.83375,0.395,0.0,0.0,1,512
regime_reset,241,last_contact,3,0.7362500000000001,0.2,0.19500000000000006,0.04814257603431252,5,512
regime_reset,241,ema,2,0.4925,0.7849999999999999,0.43875000000000014,0.05252700753737751,18,512
regime_reset,241,failure_age,2,0.4925,0.7849999999999999,0.43875000000000014,0.053197686567179214,18,512
regime_reset,241,route_history,2,0.4925,0.7849999999999999,0.43875000000000014,0.07524083864692716,18,512
regime_reset,241,shuffled_history,2,0.4925,0.7849999999999999,0.43875000000000014,0.05467578656125235,18,512
regime_reset,241,oracle,7,0.9312500000000001,0.7849999999999999,0.0,0.0,4,512
regime_reset,242,last_contact,3,0.2,0.2,0.7312500000000002,0.06887063728431253,4,512
regime_reset,242,ema,5,0.9312500000000001,0.7849999999999999,0.0,0.07097921866079947,6,512
regime_reset,242,failure_age,3,0.2,0.2,0.7312500000000002,0.07411988799161864,4,512
regime_reset,242,route_history,5,0.9312500000000001,0.7849999999999999,0.0,0.04624920481276635,6,512
regime_reset,242,shuffled_history,5,0.9312500000000001,0.7849999999999999,0.0,0.06915435879805347,6,512
regime_reset,242,oracle,5,0.9312500000000001,0.7849999999999999,0.0,0.0,6,512
regime_reset,243,last_contact,7,0.54125,0.2,0.2925,0.0368706193155625,4,512
regime_reset,243,ema,5,0.395,0.2,0.43875,0.0466819608504506,15,512
regime_reset,243,failure_age,5,0.395,0.2,0.43875,0.04955984434292754,15,512
regime_reset,243,route_history,5,0.395,0.2,0.43875,0.05578335456632971,15,512
regime_reset,243,shuffled_history,5,0.395,0.2,0.43875,0.05065938679265039,15,512
regime_reset,243,oracle,1,0.83375,0.7849999999999999,0.0,0.0,6,512
regime_reset,244,last_contact,2,0.8825000000000001,0.5900000000000001,0.0,0.033322490721812495,5,512
regime_reset,244,ema,0,0.54125,0.2,0.34125000000000005,0.02686458514434667,14,512
regime_reset,244,failure_age,0,0.54125,0.2,0.34125000000000005,0.027143741390619078,14,512
regime_reset,244,route_history,2,0.8825000000000001,0.5900000000000001,0.0,0.029459904904099717,5,512
regime_reset,244,shuffled_history,0,0.54125,0.2,0.34125000000000005,0.027048006733414787,14,512
regime_reset,244,oracle,2,0.8825000000000001,0.5900000000000001,0.0,0.0,5,512
regime_reset,245,last_contact,3,0.24875000000000003,0.2,0.73125,0.08482430329993748,15,512
regime_reset,245,ema,3,0.24875000000000003,0.2,0.73125,0.08687556544091185,15,512
regime_reset,245,failure_age,3,0.24875000000000003,0.2,0.73125,0.06557596446604194,15,512
regime_reset,245,route_history,3,0.24875000000000003,0.2,0.73125,0.10445559639009176,15,512
regime_reset,245,shuffled_history,4,0.98,0.98,0.0,0.06646142009130054,15,512
regime_reset,245,oracle,4,0.98,0.98,0.0,0.0,15,512
regime_reset,246,last_contact,6,0.24875000000000003,0.395,0.34125000000000005,0.026293094159312486,3,512
regime_reset,246,ema,1,0.2975,0.2,0.2925000000000001,0.020490804719227103,5,512
regime_reset,246,failure_age,5,0.4925,0.2,0.09750000000000009,0.024944546522346202,4,512
regime_reset,246,route_history,1,0.2975,0.2,0.2925000000000001,0.0466447281501894,5,512
regime_reset,246,shuffled_history,5,0.4925,0.2,0.09750000000000009,0.024467236778623728,4,512
regime_reset,246,oracle,4,0.5900000000000001,0.2,0.0,0.0,9,512
regime_reset,247,last_contact,0,0.7362500000000001,0.2,0.14625,0.06749393423743749,5,512
regime_reset,247,ema,6,0.24875000000000003,0.2,0.63375,0.08449091328062558,15,512
regime_reset,247,failure_age,7,0.34625,0.2,0.5362500000000001,0.0836911436443344,16,512
regime_reset,247,route_history,7,0.34625,0.2,0.5362500000000001,0.07940546750701902,16,512
regime_reset,247,shuffled_history,7,0.34625,0.2,0.5362500000000001,0.07889125751085907,16,512
regime_reset,247,oracle,3,0.8825000000000001,0.98,0.0,0.0,3,512
regime_reset,248,last_contact,1,0.98,0.98,0.0,0.07737247275306249,7,512
regime_reset,248,ema,2,0.2,0.2,0.78,0.12372767212583596,11,512
regime_reset,248,failure_age,6,0.24875000000000003,0.395,0.73125,0.08289846174236792,18,512
regime_reset,248,route_history,6,0.24875000000000003,0.395,0.73125,0.09762780942412447,18,512
regime_reset,248,shuffled_history,6,0.24875000000000003,0.395,0.73125,0.07813303553555137,18,512
regime_reset,248,oracle,1,0.98,0.98,0.0,0.0,7,512
regime_reset,249,last_contact,5,0.63875,0.5900000000000001,0.24375000000000002,0.0716194882999375,5,512
regime_reset,249,ema,3,0.83375,0.395,0.04875000000000007,0.08728160475095383,21,512
regime_reset,249,failure_age,4,0.5900000000000001,0.2,0.2925,0.06956009925477735,24,512
regime_reset,249,route_history,4,0.5900000000000001,0.2,0.2925,0.12127837340513416,24,512
regime_reset,249,shuffled_history,4,0.5900000000000001,0.2,0.2925,0.07064709913492079,24,512
regime_reset,249,oracle,1,0.8825000000000001,0.5900000000000001,0.0,0.0,2,512
regime_reset,250,last_contact,3,0.54125,0.395,0.2925,0.04754843540931249,2,512
regime_reset,250,ema,4,0.5900000000000001,0.2,0.2437499999999999,0.03237462954041577,15,512
regime_reset,250,failure_age,4,0.5900000000000001,0.2,0.2437499999999999,0.04420039431214518,15,512
regime_reset,250,route_history,4,0.5900000000000001,0.2,0.2437499999999999,0.08894760900169257,15,512
regime_reset,250,shuffled_history,4,0.5900000000000001,0.2,0.2437499999999999,0.04262400418877972,15,512
regime_reset,250,oracle,7,0.83375,0.395,0.0,0.0,6,512
regime_reset,251,last_contact,1,0.7362500000000001,0.2,0.04874999999999985,0.08251460142493747,6,512
regime_reset,251,ema,4,0.2,0.2,0.585,0.12740786458133757,11,512
regime_reset,251,failure_age,6,0.44375000000000003,0.2,0.3412499999999999,0.10094448328961789,16,512
regime_reset,251,route_history,0,0.2,0.2,0.585,0.10355024389904217,16,512
regime_reset,251,shuffled_history,0,0.2,0.2,0.585,0.10498105757019136,16,512
regime_reset,251,oracle,5,0.7849999999999999,0.98,0.0,0.0,2,512
regime_reset,252,last_contact,6,0.6875,0.7849999999999999,0.04875000000000007,0.04315088376868749,14,512
regime_reset,252,ema,6,0.6875,0.7849999999999999,0.04875000000000007,0.05048503426944925,14,512
regime_reset,252,failure_age,5,0.44375000000000003,0.2,0.29250000000000004,0.04564124474243844,18,512
regime_reset,252,route_history,5,0.44375000000000003,0.2,0.29250000000000004,0.07005493125410639,18,512
regime_reset,252,shuffled_history,5,0.44375000000000003,0.2,0.29250000000000004,0.0498726877595059,18,512
regime_reset,252,oracle,0,0.7362500000000001,0.5900000000000001,0.0,0.0,3,512
regime_reset,253,last_contact,3,0.5900000000000001,0.395,0.3899999999999999,0.0415401685343125,3,512
regime_reset,253,ema,7,0.7849999999999999,0.98,0.19500000000000006,0.04045286215003008,12,512
regime_reset,253,failure_age,6,0.54125,0.98,0.43875,0.04464132692463345,16,512
regime_reset,253,route_history,6,0.54125,0.98,0.43875,0.03155230067968254,16,512
regime_reset,253,shuffled_history,6,0.54125,0.98,0.43875,0.04153968658866767,16,512
regime_reset,253,oracle,1,0.98,0.98,0.0,0.0,7,512
regime_reset,254,last_contact,2,0.34625,0.2,0.4387499999999999,0.03778690298743749,25,512
regime_reset,254,ema,2,0.34625,0.2,0.4387499999999999,0.04427130605624214,25,512
regime_reset,254,failure_age,2,0.34625,0.2,0.4387499999999999,0.07342459102644493,25,512
regime_reset,254,route_history,2,0.34625,0.2,0.4387499999999999,0.07772827677408958,25,512
regime_reset,254,shuffled_history,2,0.34625,0.2,0.4387499999999999,0.07781046593750461,25,512
regime_reset,254,oracle,5,0.7849999999999999,0.7849999999999999,0.0,0.0,3,512
regime_reset,255,last_contact,7,0.7362500000000001,0.7849999999999999,0.09749999999999992,0.050690845174937514,5,512
regime_reset,255,ema,3,0.395,0.2,0.43875,0.053056516966879436,11,512
regime_reset,255,failure_age,7,0.7362500000000001,0.7849999999999999,0.09749999999999992,0.05333584988694101,5,512
regime_reset,255,route_history,0,0.6875,0.2,0.14625,0.10768506849344188,3,512
regime_reset,255,shuffled_history,2,0.83375,0.98,0.0,0.05222691072804155,6,512
regime_reset,255,oracle,2,0.83375,0.98,0.0,0.0,6,512
regime_reset,256,last_contact,1,0.4925,0.2,0.43875000000000014,0.07752746423743752,4,512
regime_reset,256,ema,6,0.9312500000000001,0.7849999999999999,0.0,0.09947476858724,14,512
regime_reset,256,failure_age,5,0.2,0.2,0.7312500000000002,0.11269660820259522,24,512
regime_reset,256,route_history,5,0.2,0.2,0.7312500000000002,0.11373464667537789,24,512
regime_reset,256,shuffled_history,5,0.2,0.2,0.7312500000000002,0.11420766773440581,24,512
regime_reset,256,oracle,6,0.9312500000000001,0.7849999999999999,0.0,0.0,14,512
regime_reset,257,last_contact,4,0.2,0.2,0.7312500000000002,0.05225141494056252,2,512
regime_reset,257,ema,6,0.5900000000000001,0.7849999999999999,0.34125000000000005,0.048830029608198156,18,512
regime_reset,257,failure_age,7,0.9312500000000001,0.98,0.0,0.05401842729401708,25,512
regime_reset,257,route_history,7,0.9312500000000001,0.98,0.0,0.06615869985632841,25,512
regime_reset,257,shuffled_history,7,0.9312500000000001,0.98,0.0,0.06027714062815885,25,512
regime_reset,257,oracle,7,0.9312500000000001,0.98,0.0,0.0,25,512
regime_reset,258,last_contact,7,0.4925,0.2,0.195,0.013088279159312498,13,512
regime_reset,258,ema,7,0.4925,0.2,0.195,0.01845002355174507,13,512
regime_reset,258,failure_age,7,0.4925,0.2,0.195,0.016777689854824272,13,512
regime_reset,258,route_history,2,0.395,0.2,0.2925,0.02977623534375425,7,512
regime_reset,258,shuffled_history,7,0.4925,0.2,0.195,0.01413970241292695,13,512
regime_reset,258,oracle,5,0.6875,0.2,0.0,0.0,1,512
regime_reset,259,last_contact,2,0.44375000000000003,0.2,0.43875000000000003,0.031084204549937516,2,512
regime_reset,259,ema,7,0.8825000000000001,0.7849999999999999,0.0,0.030203763140507826,26,512
regime_reset,259,failure_age,7,0.8825000000000001,0.7849999999999999,0.0,0.024588613542011934,26,512
regime_reset,259,route_history,7,0.8825000000000001,0.7849999999999999,0.0,0.03508009575032876,26,512
regime_reset,259,shuffled_history,7,0.8825000000000001,0.7849999999999999,0.0,0.023955175599164352,26,512
regime_reset,259,oracle,7,0.8825000000000001,0.7849999999999999,0.0,0.0,26,512
regime_reset,260,last_contact,7,0.2,0.2,0.7312500000000002,0.07163620345618751,18,512
regime_reset,260,ema,7,0.2,0.2,0.7312500000000002,0.0759791889942113,18,512
regime_reset,260,failure_age,7,0.2,0.2,0.7312500000000002,0.07613415185125696,18,512
regime_reset,260,route_history,7,0.2,0.2,0.7312500000000002,0.07840787026393062,18,512
regime_reset,260,shuffled_history,7,0.2,0.2,0.7312500000000002,0.07475599619212439,18,512
regime_reset,260,oracle,5,0.9312500000000001,0.7849999999999999,0.0,0.0,18,512
regime_reset,261,last_contact,0,0.83375,0.395,0.0,0.035193043456187505,5,512
regime_reset,261,ema,6,0.54125,0.2,0.2925,0.05914273299323523,16,512
regime_reset,261,failure_age,5,0.44375000000000003,0.2,0.38999999999999996,0.07594241188333345,20,512
regime_reset,261,route_history,5,0.44375000000000003,0.2,0.38999999999999996,0.09402298259949587,20,512
regime_reset,261,shuffled_history,5,0.44375000000000003,0.2,0.38999999999999996,0.07531897245088634,20,512
regime_reset,261,oracle,0,0.83375,0.395,0.0,0.0,5,512
regime_reset,262,last_contact,0,0.2975,0.2,0.6825,0.05233499072181249,4,512
regime_reset,262,ema,3,0.44375000000000003,0.2,0.5362499999999999,0.04982362665328848,12,512
regime_reset,262,failure_age,0,0.2975,0.2,0.6825,0.047952317335615544,4,512
regime_reset,262,route_history,5,0.98,0.98,0.0,0.04429469040149933,4,512
regime_reset,262,shuffled_history,5,0.98,0.98,0.0,0.0451236901703683,4,512
regime_reset,262,oracle,5,0.98,0.98,0.0,0.0,4,512
regime_reset,263,last_contact,4,0.2,0.2,0.585,0.058665400643687485,8,512
regime_reset,263,ema,6,0.34625,0.2,0.4387499999999999,0.06698159898007708,15,512
regime_reset,263,failure_age,3,0.54125,0.7849999999999999,0.2437499999999999,0.06499729598485085,20,512
regime_reset,263,route_history,3,0.54125,0.7849999999999999,0.2437499999999999,0.07041758563264777,20,512
regime_reset,263,shuffled_history,3,0.54125,0.7849999999999999,0.2437499999999999,0.06302422436157032,20,512
regime_reset,263,oracle,7,0.7849999999999999,0.7849999999999999,0.0,0.0,7,512
regime_reset,264,last_contact,7,0.395,0.2,0.34125000000000005,0.0372261926749375,7,512
regime_reset,264,ema,1,0.63875,0.7849999999999999,0.09750000000000003,0.060324243180150096,20,512
regime_reset,264,failure_age,1,0.63875,0.7849999999999999,0.09750000000000003,0.042172306269997684,20,512
regime_reset,264,route_history,1,0.63875,0.7849999999999999,0.09750000000000003,0.04064854267476011,20,512
regime_reset,264,shuffled_history,1,0.63875,0.7849999999999999,0.09750000000000003,0.04163504944902759,20,512
regime_reset,264,oracle,3,0.7362500000000001,0.5900000000000001,0.0,0.0,3,512
regime_reset,265,last_contact,6,0.34625,0.2,0.29250000000000004,0.034933205956187485,5,512
regime_reset,265,ema,7,0.395,0.2,0.24375000000000002,0.03469825440801753,17,512
regime_reset,265,failure_age,7,0.395,0.2,0.24375000000000002,0.033366920667482064,17,512
regime_reset,265,route_history,7,0.395,0.2,0.24375000000000002,0.04433523832827038,17,512
regime_reset,265,shuffled_history,7,0.395,0.2,0.24375000000000002,0.03489981152573725,17,512
regime_reset,265,oracle,1,0.63875,0.395,0.0,0.0,3,512
regime_reset,266,last_contact,7,0.83375,0.395,0.0,0.052862270721812495,1,512
regime_reset,266,ema,5,0.44375000000000003,0.2,0.38999999999999996,0.09029420011251155,12,512
regime_reset,266,failure_age,0,0.83375,0.5900000000000001,0.0,0.058221649094633385,5,512
regime_reset,266,route_history,0,0.83375,0.5900000000000001,0.0,0.06026049390750095,5,512
regime_reset,266,shuffled_history,3,0.395,0.2,0.43875,0.059403353554827676,3,512
regime_reset,266,oracle,7,0.83375,0.395,0.0,0.0,1,512
regime_reset,267,last_contact,2,0.7849999999999999,0.2,0.19500000000000006,0.09356926111243749,1,512
regime_reset,267,ema,5,0.2,0.2,0.78,0.10313864230052286,18,512
regime_reset,267,failure_age,6,0.8825000000000001,0.5900000000000001,0.09749999999999992,0.10626881188309026,25,512
regime_reset,267,route_history,6,0.8825000000000001,0.5900000000000001,0.09749999999999992,0.10767396966369885,25,512
regime_reset,267,shuffled_history,6,0.8825000000000001,0.5900000000000001,0.09749999999999992,0.10070723765522094,25,512
regime_reset,267,oracle,1,0.98,0.98,0.0,0.0,6,512
regime_reset,268,last_contact,4,0.7849999999999999,0.98,0.0,0.06913807978431248,3,512
regime_reset,268,ema,3,0.6875,0.2,0.09749999999999992,0.061529143424259844,26,512
regime_reset,268,failure_age,3,0.6875,0.2,0.09749999999999992,0.05684435666305755,26,512
regime_reset,268,route_history,3,0.6875,0.2,0.09749999999999992,0.05664911734151731,26,512
regime_reset,268,shuffled_history,3,0.6875,0.2,0.09749999999999992,0.05572255843925019,26,512
regime_reset,268,oracle,4,0.7849999999999999,0.98,0.0,0.0,3,512
regime_reset,269,last_contact,0,0.4925,0.7849999999999999,0.43875000000000014,0.06146895220618752,6,512
regime_reset,269,ema,7,0.8825000000000001,0.5900000000000001,0.04875000000000007,0.05746851800638137,27,512
regime_reset,269,failure_age,7,0.8825000000000001,0.5900000000000001,0.04875000000000007,0.05867818282742222,27,512
regime_reset,269,route_history,7,0.8825000000000001,0.5900000000000001,0.04875000000000007,0.04512256792175886,27,512
regime_reset,269,shuffled_history,7,0.8825000000000001,0.5900000000000001,0.04875000000000007,0.05724145409922043,27,512
regime_reset,269,oracle,6,0.9312500000000001,0.7849999999999999,0.0,0.0,4,512
regime_reset,270,last_contact,7,0.8825000000000001,0.7849999999999999,0.09749999999999992,0.06907577423743752,3,512
regime_reset,270,ema,2,0.9312500000000001,0.7849999999999999,0.04874999999999985,0.10420607823097944,6,512
regime_reset,270,failure_age,6,0.34625,0.2,0.63375,0.0896065810066269,4,512
regime_reset,270,route_history,2,0.9312500000000001,0.7849999999999999,0.04874999999999985,0.1246878460643944,6,512
regime_reset,270,shuffled_history,2,0.9312500000000001,0.7849999999999999,0.04874999999999985,0.09170812147168346,6,512
regime_reset,270,oracle,3,0.98,0.98,0.0,0.0,1,512
regime_reset,271,last_contact,4,0.8825000000000001,0.5900000000000001,0.0,0.04951927908118751,2,512
regime_reset,271,ema,5,0.6875,0.2,0.19500000000000006,0.061227860773843484,5,512
regime_reset,271,failure_age,3,0.2,0.2,0.6825000000000001,0.06025617449142538,4,512
regime_reset,271,route_history,7,0.4925,0.2,0.39000000000000007,0.09066241828081009,6,512
regime_reset,271,shuffled_history,7,0.4925,0.2,0.39000000000000007,0.0595764860287364,6,512
regime_reset,271,oracle,4,0.8825000000000001,0.5900000000000001,0.0,0.0,2,512
regime_reset,272,last_contact,4,0.83375,0.395,0.0,0.039619470331187484,20,512
regime_reset,272,ema,4,0.83375,0.395,0.0,0.035264413386518506,20,512
regime_reset,272,failure_age,1,0.395,0.2,0.43875,0.03581416792990956,21,512
regime_reset,272,route_history,1,0.395,0.2,0.43875,0.05436414559045433,21,512
regime_reset,272,shuffled_history,1,0.395,0.2,0.43875,0.03821190874038875,21,512
regime_reset,272,oracle,4,0.83375,0.395,0.0,0.0,20,512
regime_reset,273,last_contact,1,0.44375000000000003,0.2,0.29250000000000004,0.042929031659312486,24,512
regime_reset,273,ema,1,0.44375000000000003,0.2,0.29250000000000004,0.0739541240637261,24,512
regime_reset,273,failure_age,3,0.63875,0.2,0.09750000000000003,0.07248467761846573,25,512
regime_reset,273,route_history,3,0.63875,0.2,0.09750000000000003,0.09888712051640772,25,512
regime_reset,273,shuffled_history,3,0.63875,0.2,0.09750000000000003,0.07652464357562255,25,512
regime_reset,273,oracle,7,0.7362500000000001,0.395,0.0,0.0,2,512
regime_reset,274,last_contact,1,0.34625,0.2,0.34125,0.04919258095618748,1,512
regime_reset,274,ema,2,0.63875,0.2,0.04874999999999996,0.06654863877220316,17,512
regime_reset,274,failure_age,7,0.2975,0.2,0.39,0.09312443327385005,24,512
regime_reset,274,route_history,7,0.2975,0.2,0.39,0.10131006195486639,24,512
regime_reset,274,shuffled_history,7,0.2975,0.2,0.39,0.09359332680461456,24,512
regime_reset,274,oracle,6,0.6875,0.7849999999999999,0.0,0.0,6,512
regime_reset,275,last_contact,6,0.44375000000000003,0.5900000000000001,0.3412499999999999,0.03871990181556248,13,512
regime_reset,275,ema,6,0.44375000000000003,0.5900000000000001,0.3412499999999999,0.047476592197617795,13,512
regime_reset,275,failure_age,3,0.4925,0.2,0.2924999999999999,0.042770870186014096,17,512
regime_reset,275,route_history,3,0.4925,0.2,0.2924999999999999,0.053659088200271515,17,512
regime_reset,275,shuffled_history,3,0.4925,0.2,0.2924999999999999,0.043071406871133575,17,512
regime_reset,275,oracle,4,0.7849999999999999,0.2,0.0,0.0,3,512
regime_reset,276,last_contact,4,0.395,0.2,0.585,0.06895876814368754,3,512
regime_reset,276,ema,5,0.98,0.98,0.0,0.057940302129604805,15,512
regime_reset,276,failure_age,0,0.6875,0.395,0.2925,0.07535303776724164,28,512
regime_reset,276,route_history,0,0.6875,0.395,0.2925,0.09534231383792194,28,512
regime_reset,276,shuffled_history,0,0.6875,0.395,0.2925,0.0768931135327716,28,512
regime_reset,276,oracle,5,0.98,0.98,0.0,0.0,15,512
regime_reset,277,last_contact,5,0.83375,0.5900000000000001,0.0,0.07105877798743748,19,512
regime_reset,277,ema,5,0.83375,0.5900000000000001,0.0,0.08254525865892201,19,512
regime_reset,277,failure_age,5,0.83375,0.5900000000000001,0.0,0.08427828999418649,19,512
regime_reset,277,route_history,5,0.83375,0.5900000000000001,0.0,0.07645495820516296,19,512
regime_reset,277,shuffled_history,5,0.83375,0.5900000000000001,0.0,0.08260560620024968,19,512
regime_reset,277,oracle,5,0.83375,0.5900000000000001,0.0,0.0,19,512
regime_reset,278,last_contact,0,0.2,0.2,0.585,0.039807892128062496,3,512
regime_reset,278,ema,2,0.34625,0.2,0.4387499999999999,0.06041284311979131,4,512
regime_reset,278,failure_age,5,0.44375000000000003,0.395,0.3412499999999999,0.051843016536646,4,512
regime_reset,278,route_history,6,0.63875,0.2,0.14624999999999988,0.0544685882289668,7,512
regime_reset,278,shuffled_history,5,0.44375000000000003,0.395,0.3412499999999999,0.048079260438047375,4,512
regime_reset,278,oracle,7,0.7849999999999999,0.2,0.0,0.0,3,512
regime_reset,279,last_contact,4,0.395,0.7849999999999999,0.43875,0.0522514149405625,13,512
regime_reset,279,ema,4,0.395,0.7849999999999999,0.43875,0.04009129951492623,13,512
regime_reset,279,failure_age,2,0.83375,0.5900000000000001,0.0,0.040045036932754866,22,512
regime_reset,279,route_history,2,0.83375,0.5900000000000001,0.0,0.04266120008780831,22,512
regime_reset,279,shuffled_history,2,0.83375,0.5900000000000001,0.0,0.038644051751000344,22,512
regime_reset,279,oracle,2,0.83375,0.5900000000000001,0.0,0.0,22,512
regime_reset,280,last_contact,5,0.54125,0.2,0.2437499999999999,0.03955260970618749,3,512
regime_reset,280,ema,2,0.2975,0.395,0.48749999999999993,0.07541474112074315,22,512
regime_reset,280,failure_age,2,0.2975,0.395,0.48749999999999993,0.06951305389496462,22,512
regime_reset,280,route_history,2,0.2975,0.395,0.48749999999999993,0.10747122348014271,22,512
regime_reset,280,shuffled_history,2,0.2975,0.395,0.48749999999999993,0.07035115626555115,22,512
regime_reset,280,oracle,6,0.7849999999999999,0.5900000000000001,0.0,0.0,4,512
regime_reset,281,last_contact,4,0.6875,0.395,0.0,0.02836422876868748,11,512
regime_reset,281,ema,4,0.6875,0.395,0.0,0.02714294554184766,11,512
regime_reset,281,failure_age,3,0.44375000000000003,0.395,0.24374999999999997,0.04158993591166648,21,512
regime_reset,281,route_history,3,0.44375000000000003,0.395,0.24374999999999997,0.05506224013782837,21,512
regime_reset,281,shuffled_history,3,0.44375000000000003,0.395,0.24374999999999997,0.045300718572132956,21,512
regime_reset,281,oracle,4,0.6875,0.395,0.0,0.0,11,512
regime_reset,282,last_contact,6,0.7849999999999999,0.5900000000000001,0.0,0.04048560853431249,8,512
regime_reset,282,ema,2,0.5900000000000001,0.98,0.19499999999999984,0.05674015653828975,17,512
regime_reset,282,failure_age,2,0.5900000000000001,0.98,0.19499999999999984,0.0398567976805448,17,512
regime_reset,282,route_history,2,0.5900000000000001,0.98,0.19499999999999984,0.022760490225235405,17,512
regime_reset,282,shuffled_history,2,0.5900000000000001,0.98,0.19499999999999984,0.039501063267241295,17,512
regime_reset,282,oracle,6,0.7849999999999999,0.5900000000000001,0.0,0.0,8,512
regime_reset,283,last_contact,4,0.395,0.2,0.3899999999999999,0.059004258846812485,2,512
regime_reset,283,ema,3,0.7849999999999999,0.5900000000000001,0.0,0.045657174325736544,12,512
regime_reset,283,failure_age,0,0.54125,0.2,0.2437499999999999,0.06197348340391336,21,512
regime_reset,283,route_history,0,0.54125,0.2,0.2437499999999999,0.07092713113271915,21,512
regime_reset,283,shuffled_history,0,0.54125,0.2,0.2437499999999999,0.06474797813719882,21,512
regime_reset,283,oracle,3,0.7849999999999999,0.5900000000000001,0.0,0.0,12,512
regime_reset,284,last_contact,7,0.395,0.2,0.09749999999999998,0.06299153658118747,10,512
regime_reset,284,ema,3,0.2,0.2,0.2925,0.09706596988106783,19,512
regime_reset,284,failure_age,3,0.2,0.2,0.2925,0.07949123467102452,19,512
regime_reset,284,route_history,3,0.2,0.2,0.2925,0.07670778095538697,19,512
regime_reset,284,shuffled_history,3,0.2,0.2,0.2925,0.0820043311153246,19,512
regime_reset,284,oracle,1,0.4925,0.395,0.0,0.0,14,512
regime_reset,285,last_contact,7,0.2975,0.5900000000000001,0.6825,0.09146469619056251,4,512
regime_reset,285,ema,2,0.24875000000000003,0.2,0.73125,0.12191603817027008,12,512
regime_reset,285,failure_age,7,0.2975,0.5900000000000001,0.6825,0.10466323204541651,4,512
regime_reset,285,route_history,7,0.2975,0.5900000000000001,0.6825,0.1202008315233476,4,512
regime_reset,285,shuffled_history,6,0.34625,0.395,0.63375,0.10817724249759238,6,512
regime_reset,285,oracle,5,0.98,0.98,0.0,0.0,6,512
regime_reset,286,last_contact,0,0.6875,0.98,0.24375000000000013,0.05819282119056252,5,512
regime_reset,286,ema,3,0.7362500000000001,0.7849999999999999,0.19500000000000006,0.07333289952768716,22,512
regime_reset,286,failure_age,3,0.7362500000000001,0.7849999999999999,0.19500000000000006,0.07058673454797686,22,512
regime_reset,286,route_history,3,0.7362500000000001,0.7849999999999999,0.19500000000000006,0.058481740355025305,22,512
regime_reset,286,shuffled_history,3,0.7362500000000001,0.7849999999999999,0.19500000000000006,0.07161154714817837,22,512
regime_reset,286,oracle,6,0.9312500000000001,0.7849999999999999,0.0,0.0,5,512
regime_reset,287,last_contact,0,0.54125,0.2,0.43875,0.04536029470618751,2,512
regime_reset,287,ema,1,0.6875,0.5900000000000001,0.2925,0.05309194002821235,16,512
regime_reset,287,failure_age,2,0.5900000000000001,0.2,0.3899999999999999,0.04608656547709582,17,512
regime_reset,287,route_history,2,0.5900000000000001,0.2,0.3899999999999999,0.04869048778230898,17,512
regime_reset,287,shuffled_history,2,0.5900000000000001,0.2,0.3899999999999999,0.044433797185185454,17,512
regime_reset,287,oracle,6,0.98,0.98,0.0,0.0,6,512
regime_reset,288,last_contact,7,0.44375000000000003,0.5900000000000001,0.43875000000000003,0.08507958572181248,10,512
regime_reset,288,ema,0,0.8825000000000001,0.5900000000000001,0.0,0.09506619112787501,7,512
regime_reset,288,failure_age,6,0.5900000000000001,0.2,0.2925,0.07036150335211012,5,512
regime_reset,288,route_history,3,0.2,0.2,0.6825000000000001,0.1323817636602687,3,512
regime_reset,288,shuffled_history,0,0.8825000000000001,0.5900000000000001,0.0,0.0679265958315378,7,512
regime_reset,288,oracle,5,0.8825000000000001,0.7849999999999999,0.0,0.0,1,512
regime_reset,289,last_contact,3,0.395,0.2,0.585,0.0791047491593125,1,512
regime_reset,289,ema,0,0.2,0.2,0.78,0.11843880023745834,11,512
regime_reset,289,failure_age,2,0.98,0.98,0.0,0.0719311784061307,4,512
regime_reset,289,route_history,4,0.2975,0.2,0.6825,0.06300663417780208,6,512
regime_reset,289,shuffled_history,2,0.98,0.98,0.0,0.06854704932058725,4,512
regime_reset,289,oracle,2,0.98,0.98,0.0,0.0,4,512
regime_reset,290,last_contact,2,0.2,0.2,0.63375,0.07789975275306249,23,512
regime_reset,290,ema,2,0.2,0.2,0.63375,0.06835630046772453,23,512
regime_reset,290,failure_age,2,0.2,0.2,0.63375,0.10844693321075619,23,512
regime_reset,290,route_history,2,0.2,0.2,0.63375,0.13634761775175164,23,512
regime_reset,290,shuffled_history,2,0.2,0.2,0.63375,0.11399896889815579,23,512
regime_reset,290,oracle,5,0.83375,0.98,0.0,0.0,14,512
regime_reset,291,last_contact,2,0.2,0.2,0.6825000000000001,0.0690210736905625,4,512
regime_reset,291,ema,3,0.2,0.2,0.6825000000000001,0.07587210039601468,19,512
regime_reset,291,failure_age,3,0.2,0.2,0.6825000000000001,0.09420058220587393,19,512
regime_reset,291,route_history,3,0.2,0.2,0.6825000000000001,0.08308516951275782,19,512
regime_reset,291,shuffled_history,3,0.2,0.2,0.6825000000000001,0.08689521687368049,19,512
regime_reset,291,oracle,6,0.8825000000000001,0.5900000000000001,0.0,0.0,4,512
regime_reset,292,last_contact,6,0.24875000000000003,0.2,0.63375,0.07000421798743749,5,512
regime_reset,292,ema,1,0.2,0.2,0.6825000000000001,0.09292797561067416,19,512
regime_reset,292,failure_age,1,0.2,0.2,0.6825000000000001,0.0860395241811566,19,512
regime_reset,292,route_history,1,0.2,0.2,0.6825000000000001,0.07914959652527292,19,512
regime_reset,292,shuffled_history,1,0.2,0.2,0.6825000000000001,0.08599719983028284,19,512
regime_reset,292,oracle,3,0.8825000000000001,0.5900000000000001,0.0,0.0,6,512
regime_reset,293,last_contact,4,0.2,0.2,0.78,0.06437279470618752,10,512
regime_reset,293,ema,0,0.5900000000000001,0.2,0.3899999999999999,0.07033793192260866,17,512
regime_reset,293,failure_age,0,0.5900000000000001,0.2,0.3899999999999999,0.06601022634839285,17,512
regime_reset,293,route_history,0,0.5900000000000001,0.2,0.3899999999999999,0.046053205440773605,17,512
regime_reset,293,shuffled_history,0,0.5900000000000001,0.2,0.3899999999999999,0.0615668391341454,17,512
regime_reset,293,oracle,3,0.98,0.98,0.0,0.0,5,512
regime_reset,294,last_contact,6,0.7362500000000001,0.7849999999999999,0.04874999999999985,0.038264037518687496,7,512
regime_reset,294,ema,6,0.7362500000000001,0.7849999999999999,0.04874999999999985,0.05034834123836884,7,512
regime_reset,294,failure_age,1,0.34625,0.2,0.4387499999999999,0.045900674440712066,4,512
regime_reset,294,route_history,5,0.5900000000000001,0.2,0.19499999999999984,0.10172935609944808,6,512
regime_reset,294,shuffled_history,5,0.5900000000000001,0.2,0.19499999999999984,0.045888185063614514,6,512
regime_reset,294,oracle,3,0.7849999999999999,0.395,0.0,0.0,2,512
regime_reset,295,last_contact,2,0.44375000000000003,0.2,0.43875000000000003,0.034393765878062504,2,512
regime_reset,295,ema,5,0.63875,0.2,0.24375000000000002,0.039601385770999184,22,512
regime_reset,295,failure_age,5,0.63875,0.2,0.24375000000000002,0.0516047060915089,22,512
regime_reset,295,route_history,5,0.63875,0.2,0.24375000000000002,0.0529116533873484,22,512
regime_reset,295,shuffled_history,5,0.63875,0.2,0.24375000000000002,0.05158355245291315,22,512
regime_reset,295,oracle,4,0.8825000000000001,0.5900000000000001,0.0,0.0,10,512
regime_reset,296,last_contact,4,0.24875000000000003,0.395,0.6825000000000001,0.09263626228431254,5,512
regime_reset,296,ema,7,0.9312500000000001,0.7849999999999999,0.0,0.11754815109291658,21,512
regime_reset,296,failure_age,7,0.9312500000000001,0.7849999999999999,0.0,0.08210484301784782,21,512
regime_reset,296,route_history,7,0.9312500000000001,0.7849999999999999,0.0,0.07482048753486521,21,512
regime_reset,296,shuffled_history,7,0.9312500000000001,0.7849999999999999,0.0,0.07881673685834309,21,512
regime_reset,296,oracle,7,0.9312500000000001,0.7849999999999999,0.0,0.0,21,512
regime_reset,297,last_contact,5,0.4925,0.2,0.24375000000000008,0.05929297158118749,10,512
regime_reset,297,ema,7,0.4925,0.2,0.24375000000000008,0.10587466698315295,21,512
regime_reset,297,failure_age,7,0.4925,0.2,0.24375000000000008,0.11694034590949016,21,512
regime_reset,297,route_history,7,0.4925,0.2,0.24375000000000008,0.11788513588917937,21,512
regime_reset,297,shuffled_history,7,0.4925,0.2,0.24375000000000008,0.12260188108423696,21,512
regime_reset,297,oracle,3,0.7362500000000001,0.2,0.0,0.0,6,512
regime_reset,298,last_contact,1,0.2,0.2,0.63375,0.07210878290931247,3,512
regime_reset,298,ema,5,0.4925,0.2,0.34125,0.07186610350636248,19,512
regime_reset,298,failure_age,5,0.4925,0.2,0.34125,0.06259142360168543,19,512
regime_reset,298,route_history,5,0.4925,0.2,0.34125,0.06934586697483223,19,512
regime_reset,298,shuffled_history,5,0.4925,0.2,0.34125,0.06728720721963984,19,512
regime_reset,298,oracle,0,0.83375,0.98,0.0,0.0,2,512
regime_reset,299,last_contact,0,0.7362500000000001,0.98,0.14625,0.05109656400306251,4,512
regime_reset,299,ema,5,0.8825000000000001,0.5900000000000001,0.0,0.034105021204686115,15,512
regime_reset,299,failure_age,5,0.8825000000000001,0.5900000000000001,0.0,0.039346503192747746,15,512
regime_reset,299,route_history,5,0.8825000000000001,0.5900000000000001,0.0,0.04060120712469447,15,512
regime_reset,299,shuffled_history,5,0.8825000000000001,0.5900000000000001,0.0,0.04302888188962138,15,512
regime_reset,299,oracle,5,0.8825000000000001,0.5900000000000001,0.0,0.0,15,512
regime_reset,300,last_contact,7,0.6875,0.2,0.14625,0.04205073337806251,4,512
regime_reset,300,ema,5,0.6875,0.2,0.14625,0.052345239286531314,15,512
regime_reset,300,failure_age,4,0.63875,0.98,0.19499999999999995,0.05868063675446688,27,512
regime_reset,300,route_history,4,0.63875,0.98,0.19499999999999995,0.050182163543528883,27,512
regime_reset,300,shuffled_history,4,0.63875,0.98,0.19499999999999995,0.06806203428013788,27,512
regime_reset,300,oracle,1,0.83375,0.395,0.0,0.0,3,512
regime_reset,301,last_contact,4,0.7362500000000001,0.2,0.19500000000000006,0.07440632470618755,19,512
regime_reset,301,ema,4,0.7362500000000001,0.2,0.19500000000000006,0.06541769297663877,19,512
regime_reset,301,failure_age,6,0.9312500000000001,0.7849999999999999,0.0,0.056374864511926845,27,512
regime_reset,301,route_history,6,0.9312500000000001,0.7849999999999999,0.0,0.029588008685908124,27,512
regime_reset,301,shuffled_history,6,0.9312500000000001,0.7849999999999999,0.0,0.056990283652321116,27,512
regime_reset,301,oracle,6,0.9312500000000001,0.7849999999999999,0.0,0.0,27,512
regime_reset,302,last_contact,0,0.7362500000000001,0.395,0.04874999999999985,0.04432244986243749,4,512
regime_reset,302,ema,7,0.395,0.5900000000000001,0.3899999999999999,0.05940757635487867,24,512
regime_reset,302,failure_age,7,0.395,0.5900000000000001,0.3899999999999999,0.07191761543410423,24,512
regime_reset,302,route_history,7,0.395,0.5900000000000001,0.3899999999999999,0.09482757825096053,24,512
regime_reset,302,shuffled_history,7,0.395,0.5900000000000001,0.3899999999999999,0.07688584830971693,24,512
regime_reset,302,oracle,2,0.7849999999999999,0.395,0.0,0.0,3,512
regime_reset,303,last_contact,5,0.2,0.2,0.7312500000000002,0.0725190568155625,6,512
regime_reset,303,ema,3,0.44375000000000003,0.2,0.4875000000000001,0.09504139417969697,20,512
regime_reset,303,failure_age,2,0.34625,0.2,0.5850000000000002,0.11495662666135933,24,512
regime_reset,303,route_history,2,0.34625,0.2,0.5850000000000002,0.1417414477443613,24,512
regime_reset,303,shuffled_history,2,0.34625,0.2,0.5850000000000002,0.12078737338686116,24,512
regime_reset,303,oracle,0,0.9312500000000001,0.7849999999999999,0.0,0.0,5,512
regime_reset,304,last_contact,1,0.5900000000000001,0.2,0.34125000000000005,0.04994171306556251,1,512
regime_reset,304,ema,3,0.9312500000000001,0.7849999999999999,0.0,0.039298757591525346,17,512
regime_reset,304,failure_age,3,0.9312500000000001,0.7849999999999999,0.0,0.03365531549600084,17,512
regime_reset,304,route_history,3,0.9312500000000001,0.7849999999999999,0.0,0.040750906442368055,17,512
regime_reset,304,shuffled_history,3,0.9312500000000001,0.7849999999999999,0.0,0.032428145895821936,17,512
regime_reset,304,oracle,3,0.9312500000000001,0.7849999999999999,0.0,0.0,17,512
regime_reset,305,last_contact,0,0.34625,0.2,0.5362500000000001,0.0634185256436875,6,512
regime_reset,305,ema,5,0.395,0.2,0.48750000000000004,0.08416990869021787,11,512
regime_reset,305,failure_age,0,0.34625,0.2,0.5362500000000001,0.04608289181887096,6,512
regime_reset,305,route_history,7,0.34625,0.2,0.5362500000000001,0.03700095176703346,7,512
regime_reset,305,shuffled_history,3,0.8825000000000001,0.5900000000000001,0.0,0.04304008456866861,6,512
regime_reset,305,oracle,3,0.8825000000000001,0.5900000000000001,0.0,0.0,6,512
regime_reset,306,last_contact,6,0.63875,0.2,0.2925000000000001,0.059481393378062505,12,512
regime_reset,306,ema,6,0.63875,0.2,0.2925000000000001,0.06914245074194744,12,512
regime_reset,306,failure_age,3,0.395,0.2,0.5362500000000001,0.07889765674267973,20,512
regime_reset,306,route_history,3,0.395,0.2,0.5362500000000001,0.07719410520660173,20,512
regime_reset,306,shuffled_history,3,0.395,0.2,0.5362500000000001,0.08305737216417124,20,512
regime_reset,306,oracle,1,0.9312500000000001,0.7849999999999999,0.0,0.0,1,512
regime_reset,307,last_contact,4,0.6875,0.7849999999999999,0.24375000000000013,0.06571151236243751,2,512
regime_reset,307,ema,7,0.9312500000000001,0.7849999999999999,0.0,0.06681159243564361,22,512
regime_reset,307,failure_age,7,0.9312500000000001,0.7849999999999999,0.0,0.06272510436843343,22,512
regime_reset,307,route_history,7,0.9312500000000001,0.7849999999999999,0.0,0.07286089623845993,22,512
regime_reset,307,shuffled_history,7,0.9312500000000001,0.7849999999999999,0.0,0.06704583262781295,22,512
regime_reset,307,oracle,7,0.9312500000000001,0.7849999999999999,0.0,0.0,22,512
regime_reset,308,last_contact,5,0.7362500000000001,0.2,0.04874999999999985,0.04785386329993749,10,512
regime_reset,308,ema,6,0.7849999999999999,0.2,0.0,0.03824866806685551,11,512
regime_reset,308,failure_age,3,0.5900000000000001,0.2,0.19499999999999984,0.05672376347374434,5,512
regime_reset,308,route_history,7,0.44375000000000003,0.2,0.3412499999999999,0.06587196279837385,8,512
regime_reset,308,shuffled_history,3,0.5900000000000001,0.2,0.19499999999999984,0.057307647190516814,5,512
regime_reset,308,oracle,6,0.7849999999999999,0.2,0.0,0.0,11,512
regime_reset,309,last_contact,6,0.2,0.2,0.7312500000000002,0.08665687064368749,2,512
regime_reset,309,ema,5,0.24875000000000003,0.2,0.6825000000000001,0.10460277055518055,27,512
regime_reset,309,failure_age,5,0.24875000000000003,0.2,0.6825000000000001,0.13422113900804014,27,512
regime_reset,309,route_history,5,0.24875000000000003,0.2,0.6825000000000001,0.13865502395475027,27,512
regime_reset,309,shuffled_history,5,0.24875000000000003,0.2,0.6825000000000001,0.14505582983787207,27,512
regime_reset,309,oracle,1,0.9312500000000001,0.7849999999999999,0.0,0.0,5,512
regime_reset,310,last_contact,4,0.24875000000000003,0.2,0.43875,0.03310063861243749,4,512
regime_reset,310,ema,3,0.2975,0.2,0.39,0.061734686610759495,11,512
regime_reset,310,failure_age,5,0.34625,0.2,0.34125,0.06948140333468514,21,512
regime_reset,310,route_history,5,0.34625,0.2,0.34125,0.05890133772821096,21,512
regime_reset,310,shuffled_history,5,0.34625,0.2,0.34125,0.07032613305407398,21,512
regime_reset,310,oracle,7,0.6875,0.2,0.0,0.0,7,512
regime_reset,311,last_contact,6,0.24875000000000003,0.395,0.43875,0.05396242111243748,6,512
regime_reset,311,ema,5,0.6875,0.2,0.0,0.0466059860481578,17,512
regime_reset,311,failure_age,5,0.6875,0.2,0.0,0.0413646227600698,17,512
regime_reset,311,route_history,5,0.6875,0.2,0.0,0.05040328554599636,17,512
regime_reset,311,shuffled_history,5,0.6875,0.2,0.0,0.04079546345026108,17,512
regime_reset,311,oracle,5,0.6875,0.2,0.0,0.0,17,512
regime_reset,312,last_contact,7,0.7849999999999999,0.2,0.0,0.05090814220618749,16,512
regime_reset,312,ema,7,0.7849999999999999,0.2,0.0,0.06728172739738508,16,512
regime_reset,312,failure_age,3,0.2975,0.2,0.48749999999999993,0.08844408240300997,27,512
regime_reset,312,route_history,3,0.2975,0.2,0.48749999999999993,0.11264516312110259,27,512
regime_reset,312,shuffled_history,3,0.2975,0.2,0.48749999999999993,0.09299652550651796,27,512
regime_reset,312,oracle,7,0.7849999999999999,0.2,0.0,0.0,16,512
regime_reset,313,last_contact,3,0.2975,0.2,0.53625,0.0261760880655625,5,512
regime_reset,313,ema,7,0.34625,0.395,0.4875,0.057006633842746186,18,512
regime_reset,313,failure_age,0,0.5900000000000001,0.2,0.2437499999999999,0.05733875508147726,20,512
regime_reset,313,route_history,0,0.5900000000000001,0.2,0.2437499999999999,0.0592855773804767,20,512
regime_reset,313,shuffled_history,0,0.5900000000000001,0.2,0.2437499999999999,0.05830213749477682,20,512
regime_reset,313,oracle,6,0.83375,0.7849999999999999,0.0,0.0,1,512
regime_reset,314,last_contact,2,0.2,0.2,0.6825000000000001,0.07399605079993751,1,512
regime_reset,314,ema,3,0.54125,0.2,0.34125000000000005,0.07433891255193872,4,512
regime_reset,314,failure_age,3,0.54125,0.2,0.34125000000000005,0.08456795971726189,4,512
regime_reset,314,route_history,3,0.54125,0.2,0.34125000000000005,0.12257532942582583,4,512
regime_reset,314,shuffled_history,3,0.54125,0.2,0.34125000000000005,0.08139093787493629,4,512
regime_reset,314,oracle,0,0.8825000000000001,0.5900000000000001,0.0,0.0,9,512
regime_reset,315,last_contact,5,0.34625,0.395,0.39000000000000007,0.045611022049937486,1,512
regime_reset,315,ema,6,0.2,0.2,0.5362500000000001,0.0763462327703866,22,512
regime_reset,315,failure_age,6,0.2,0.2,0.5362500000000001,0.09164732224634839,22,512
regime_reset,315,route_history,6,0.2,0.2,0.5362500000000001,0.08323747532001484,22,512
regime_reset,315,shuffled_history,6,0.2,0.2,0.5362500000000001,0.09537658720322303,22,512
regime_reset,315,oracle,2,0.7362500000000001,0.395,0.0,0.0,18,512
regime_reset,316,last_contact,5,0.2,0.2,0.7312500000000002,0.0898159955655625,5,512
regime_reset,316,ema,7,0.7849999999999999,0.2,0.1462500000000002,0.10595905216934418,20,512
regime_reset,316,failure_age,7,0.7849999999999999,0.2,0.1462500000000002,0.10145717055301522,20,512
regime_reset,316,route_history,3,0.34625,0.2,0.5850000000000002,0.11294059744115545,20,512
regime_reset,316,shuffled_history,7,0.7849999999999999,0.2,0.1462500000000002,0.1019919286553744,20,512
regime_reset,316,oracle,0,0.9312500000000001,0.7849999999999999,0.0,0.0,1,512
regime_reset,317,last_contact,4,0.54125,0.7849999999999999,0.43875,0.0400631745499375,2,512
regime_reset,317,ema,5,0.24875000000000003,0.2,0.73125,0.0608008467690099,18,512
regime_reset,317,failure_age,5,0.24875000000000003,0.2,0.73125,0.06475731772307179,18,512
regime_reset,317,route_history,5,0.24875000000000003,0.2,0.73125,0.05868483575071857,18,512
regime_reset,317,shuffled_history,5,0.24875000000000003,0.2,0.73125,0.062313581992550535,18,512
regime_reset,317,oracle,0,0.98,0.98,0.0,0.0,7,512
regime_reset,318,last_contact,4,0.63875,0.2,0.24375000000000002,0.044033737128062495,3,512
regime_reset,318,ema,6,0.34625,0.2,0.5362500000000001,0.060015928404010654,15,512
regime_reset,318,failure_age,6,0.34625,0.2,0.5362500000000001,0.05261833054979598,15,512
regime_reset,318,route_history,6,0.34625,0.2,0.5362500000000001,0.06528329621974402,15,512
regime_reset,318,shuffled_history,6,0.34625,0.2,0.5362500000000001,0.0510415678677336,15,512
regime_reset,318,oracle,7,0.8825000000000001,0.5900000000000001,0.0,0.0,3,512
regime_reset,319,last_contact,6,0.2,0.2,0.78,0.05948139337806249,15,512
regime_reset,319,ema,6,0.2,0.2,0.78,0.062246370409439526,15,512
regime_reset,319,failure_age,1,0.54125,0.2,0.43875,0.08483054455473853,22,512
regime_reset,319,route_history,1,0.54125,0.2,0.43875,0.09972213343426163,22,512
regime_reset,319,shuffled_history,1,0.54125,0.2,0.43875,0.08915541693823614,22,512
regime_reset,319,oracle,2,0.98,0.98,0.0,0.0,12,512
regime_reset,320,last_contact,3,0.24875000000000003,0.2,0.73125,0.09169870837806246,2,512
regime_reset,320,ema,2,0.2,0.2,0.78,0.13427380002967726,12,512
regime_reset,320,failure_age,0,0.24875000000000003,0.2,0.73125,0.09318198980019318,16,512
regime_reset,320,route_history,0,0.24875000000000003,0.2,0.73125,0.10306198531946398,16,512
regime_reset,320,shuffled_history,0,0.24875000000000003,0.2,0.73125,0.09687376086886146,16,512
regime_reset,320,oracle,5,0.98,0.98,0.0,0.0,3,512
regime_reset,321,last_contact,5,0.395,0.5900000000000001,0.48750000000000004,0.06255238744056249,23,512
regime_reset,321,ema,5,0.395,0.5900000000000001,0.48750000000000004,0.04919522654283356,23,512
regime_reset,321,failure_age,5,0.395,0.5900000000000001,0.48750000000000004,0.07084351491680504,23,512
regime_reset,321,route_history,5,0.395,0.5900000000000001,0.48750000000000004,0.09470228497796271,23,512
regime_reset,321,shuffled_history,5,0.395,0.5900000000000001,0.48750000000000004,0.07563045096859372,23,512
regime_reset,321,oracle,1,0.8825000000000001,0.5900000000000001,0.0,0.0,4,512
regime_reset,322,last_contact,1,0.34625,0.2,0.4875,0.041368461893687494,5,512
regime_reset,322,ema,3,0.2975,0.2,0.53625,0.05682703509201088,15,512
regime_reset,322,failure_age,3,0.2975,0.2,0.53625,0.04894829325311064,15,512
regime_reset,322,route_history,3,0.2975,0.2,0.53625,0.07159365746381927,15,512
regime_reset,322,shuffled_history,3,0.2975,0.2,0.53625,0.05432984161875941,15,512
regime_reset,322,oracle,2,0.83375,0.5900000000000001,0.0,0.0,3,512
regime_reset,323,last_contact,7,0.5900000000000001,0.395,0.34125000000000005,0.06527236322181251,1,512
regime_reset,323,ema,4,0.7362500000000001,0.2,0.19500000000000006,0.05319504105284969,21,512
regime_reset,323,failure_age,6,0.7849999999999999,0.7849999999999999,0.1462500000000002,0.041710024286773596,22,512
regime_reset,323,route_history,6,0.7849999999999999,0.7849999999999999,0.1462500000000002,0.03647907190567422,22,512
regime_reset,323,shuffled_history,6,0.7849999999999999,0.7849999999999999,0.1462500000000002,0.043451181334686284,22,512
regime_reset,323,oracle,3,0.9312500000000001,0.7849999999999999,0.0,0.0,1,512
regime_reset,324,last_contact,7,0.2,0.2,0.63375,0.08609616033118747,2,512
regime_reset,324,ema,6,0.2,0.2,0.63375,0.07248059513574719,19,512
regime_reset,324,failure_age,6,0.2,0.2,0.63375,0.07745397960188505,19,512
regime_reset,324,route_history,6,0.2,0.2,0.63375,0.07471568859220276,19,512
regime_reset,324,shuffled_history,6,0.2,0.2,0.63375,0.07739896463784235,19,512
regime_reset,324,oracle,4,0.83375,0.5900000000000001,0.0,0.0,17,512
regime_reset,325,last_contact,0,0.83375,0.395,0.0,0.046038011112437494,23,512
regime_reset,325,ema,0,0.83375,0.395,0.0,0.04083521014589756,23,512
regime_reset,325,failure_age,0,0.83375,0.395,0.0,0.04566489119254222,23,512
regime_reset,325,route_history,0,0.83375,0.395,0.0,0.08951286129152122,23,512
regime_reset,325,shuffled_history,0,0.83375,0.395,0.0,0.04610419241607261,23,512
regime_reset,325,oracle,0,0.83375,0.395,0.0,0.0,23,512
regime_reset,326,last_contact,3,0.24875000000000003,0.2,0.585,0.04581615900306249,19,512
regime_reset,326,ema,3,0.24875000000000003,0.2,0.585,0.0622961204641722,19,512
regime_reset,326,failure_age,3,0.24875000000000003,0.2,0.585,0.08405321424256162,19,512
regime_reset,326,route_history,3,0.24875000000000003,0.2,0.585,0.08685007046507827,19,512
regime_reset,326,shuffled_history,3,0.24875000000000003,0.2,0.585,0.08075701555194938,19,512
regime_reset,326,oracle,0,0.83375,0.395,0.0,0.0,9,512
regime_reset,327,last_contact,7,0.24875000000000003,0.2,0.43875,0.05666112665931248,1,512
regime_reset,327,ema,1,0.2,0.2,0.4875,0.05367244371169963,17,512
regime_reset,327,failure_age,1,0.2,0.2,0.4875,0.06259754351029372,17,512
regime_reset,327,route_history,1,0.2,0.2,0.4875,0.06716225786312728,17,512
regime_reset,327,shuffled_history,1,0.2,0.2,0.4875,0.0676075956071527,17,512
regime_reset,327,oracle,2,0.6875,0.7849999999999999,0.0,0.0,1,512
regime_reset,328,last_contact,6,0.54125,0.5900000000000001,0.09750000000000003,0.025970951112437485,22,512
regime_reset,328,ema,6,0.54125,0.5900000000000001,0.09750000000000003,0.03837689117197182,22,512
regime_reset,328,failure_age,6,0.54125,0.5900000000000001,0.09750000000000003,0.048640232296955896,22,512
regime_reset,328,route_history,6,0.54125,0.5900000000000001,0.09750000000000003,0.0390410584139732,22,512
regime_reset,328,shuffled_history,6,0.54125,0.5900000000000001,0.09750000000000003,0.046956192027162294,22,512
regime_reset,328,oracle,3,0.63875,0.395,0.0,0.0,2,512
regime_reset,329,last_contact,3,0.24875000000000003,0.395,0.34125000000000005,0.05849369400306247,15,512
regime_reset,329,ema,3,0.24875000000000003,0.395,0.34125000000000005,0.07769743556323416,15,512
regime_reset,329,failure_age,3,0.24875000000000003,0.395,0.34125000000000005,0.058648360006348196,15,512
regime_reset,329,route_history,3,0.24875000000000003,0.395,0.34125000000000005,0.07557131928495933,15,512
regime_reset,329,shuffled_history,3,0.24875000000000003,0.395,0.34125000000000005,0.05911879533124381,15,512
regime_reset,329,oracle,7,0.5900000000000001,0.5900000000000001,0.0,0.0,3,512
regime_reset,330,last_contact,0,0.2,0.2,0.7312500000000002,0.07610061572181251,7,512
regime_reset,330,ema,1,0.2,0.2,0.7312500000000002,0.1151496757729488,11,512
regime_reset,330,failure_age,3,0.7362500000000001,0.395,0.19500000000000006,0.07554141471925181,5,512
regime_reset,330,route_history,0,0.2,0.2,0.7312500000000002,0.14508125407750846,7,512
regime_reset,330,shuffled_history,0,0.2,0.2,0.7312500000000002,0.08047848097834258,7,512
regime_reset,330,oracle,4,0.9312500000000001,0.7849999999999999,0.0,0.0,6,512
regime_reset,331,last_contact,1,0.44375000000000003,0.2,0.3412499999999999,0.04311745345618749,2,512
regime_reset,331,ema,3,0.7849999999999999,0.2,0.0,0.03979770930594367,15,512
regime_reset,331,failure_age,3,0.7849999999999999,0.2,0.0,0.043522483828327185,15,512
regime_reset,331,route_history,3,0.7849999999999999,0.2,0.0,0.08150967841878856,15,512
regime_reset,331,shuffled_history,3,0.7849999999999999,0.2,0.0,0.04615269480525953,15,512
regime_reset,331,oracle,3,0.7849999999999999,0.2,0.0,0.0,15,512
regime_reset,332,last_contact,5,0.44375000000000003,0.2,0.38999999999999996,0.036021196268687494,10,512
regime_reset,332,ema,4,0.2975,0.2,0.53625,0.047388257431987164,17,512
regime_reset,332,failure_age,4,0.2975,0.2,0.53625,0.05848067342846323,17,512
regime_reset,332,route_history,4,0.2975,0.2,0.53625,0.08910292518793227,17,512
regime_reset,332,shuffled_history,4,0.2975,0.2,0.53625,0.0619067096494571,17,512
regime_reset,332,oracle,1,0.83375,0.395,0.0,0.0,8,512
regime_reset,333,last_contact,3,0.4925,0.2,0.39000000000000007,0.0418790267374375,6,512
regime_reset,333,ema,4,0.24875000000000003,0.2,0.63375,0.06269374086803362,12,512
regime_reset,333,failure_age,5,0.54125,0.2,0.34125000000000005,0.045042919941218354,5,512
regime_reset,333,route_history,3,0.4925,0.2,0.39000000000000007,0.08476195756168511,6,512
regime_reset,333,shuffled_history,7,0.2975,0.2,0.5850000000000001,0.043917531061409325,5,512
regime_reset,333,oracle,0,0.8825000000000001,0.98,0.0,0.0,6,512
regime_reset,334,last_contact,1,0.2,0.2,0.63375,0.06430137900306249,13,512
regime_reset,334,ema,1,0.2,0.2,0.63375,0.109925868421171,13,512
regime_reset,334,failure_age,5,0.4925,0.2,0.34125,0.10853636036951542,21,512
regime_reset,334,route_history,5,0.4925,0.2,0.34125,0.1408638363600319,21,512
regime_reset,334,shuffled_history,5,0.4925,0.2,0.34125,0.10949813816510828,21,512
regime_reset,334,oracle,3,0.83375,0.395,0.0,0.0,1,512
regime_reset,335,last_contact,0,0.6875,0.2,0.14625,0.044410580721812525,7,512
regime_reset,335,ema,6,0.63875,0.5900000000000001,0.19499999999999995,0.05265335406970173,19,512
regime_reset,335,failure_age,6,0.63875,0.5900000000000001,0.19499999999999995,0.06120710192911793,19,512
regime_reset,335,route_history,6,0.63875,0.5900000000000001,0.19499999999999995,0.06796509213036309,19,512
regime_reset,335,shuffled_history,6,0.63875,0.5900000000000001,0.19499999999999995,0.0626568414356123,19,512
regime_reset,335,oracle,4,0.83375,0.98,0.0,0.0,4,512
regime_reset,336,last_contact,4,0.6875,0.395,0.24375000000000013,0.08289144501868752,2,512
regime_reset,336,ema,1,0.63875,0.2,0.2925000000000001,0.07458053975590867,4,512
regime_reset,336,failure_age,1,0.63875,0.2,0.2925000000000001,0.08158330001669442,4,512
regime_reset,336,route_history,7,0.9312500000000001,0.7849999999999999,0.0,0.1010951352231205,8,512
regime_reset,336,shuffled_history,1,0.63875,0.2,0.2925000000000001,0.08292791474236859,4,512
regime_reset,336,oracle,6,0.9312500000000001,0.7849999999999999,0.0,0.0,6,512
regime_reset,337,last_contact,4,0.395,0.2,0.0,0.07224250415931247,4,512
regime_reset,337,ema,6,0.34625,0.2,0.048750000000000016,0.09633134684308602,11,512
regime_reset,337,failure_age,3,0.24875000000000003,0.2,0.14625,0.09232382566519749,20,512
regime_reset,337,route_history,3,0.24875000000000003,0.2,0.14625,0.10295018388649796,20,512
regime_reset,337,shuffled_history,3,0.24875000000000003,0.2,0.14625,0.09449213007282062,20,512
regime_reset,337,oracle,4,0.395,0.2,0.0,0.0,4,512
regime_reset,338,last_contact,2,0.24875000000000003,0.2,0.585,0.06757751001868748,8,512
regime_reset,338,ema,0,0.2,0.2,0.63375,0.08195610516312313,22,512
regime_reset,338,failure_age,0,0.2,0.2,0.63375,0.0975516356165593,22,512
regime_reset,338,route_history,0,0.2,0.2,0.63375,0.1636493479281391,22,512
regime_reset,338,shuffled_history,0,0.2,0.2,0.63375,0.10632067713936663,22,512
regime_reset,338,oracle,3,0.83375,0.5900000000000001,0.0,0.0,3,512
regime_reset,339,last_contact,3,0.5900000000000001,0.2,0.2925,0.05228940033118753,1,512
regime_reset,339,ema,0,0.7849999999999999,0.395,0.09750000000000014,0.08303046339146627,7,512
regime_reset,339,failure_age,0,0.7849999999999999,0.395,0.09750000000000014,0.07808242702061205,7,512
regime_reset,339,route_history,7,0.7849999999999999,0.7849999999999999,0.09750000000000014,0.1202423261079023,3,512
regime_reset,339,shuffled_history,7,0.7849999999999999,0.7849999999999999,0.09750000000000014,0.08265960629485108,3,512
regime_reset,339,oracle,1,0.8825000000000001,0.98,0.0,0.0,2,512
regime_reset,340,last_contact,6,0.2975,0.395,0.53625,0.059803536424937485,12,512
regime_reset,340,ema,6,0.2975,0.395,0.53625,0.06094569965470932,12,512
regime_reset,340,failure_age,0,0.2,0.2,0.63375,0.057516371316968205,4,512
regime_reset,340,route_history,0,0.2,0.2,0.63375,0.07267479877303484,4,512
regime_reset,340,shuffled_history,3,0.63875,0.2,0.19499999999999995,0.05542201760610229,5,512
regime_reset,340,oracle,4,0.83375,0.7849999999999999,0.0,0.0,12,512
regime_reset,341,last_contact,4,0.8825000000000001,0.5900000000000001,0.0,0.05164055915931251,5,512
regime_reset,341,ema,5,0.5900000000000001,0.7849999999999999,0.2925,0.05115462137878049,24,512
regime_reset,341,failure_age,5,0.5900000000000001,0.7849999999999999,0.2925,0.061219113920994155,24,512
regime_reset,341,route_history,5,0.5900000000000001,0.7849999999999999,0.2925,0.09451356970087632,24,512
regime_reset,341,shuffled_history,5,0.5900000000000001,0.7849999999999999,0.2925,0.06616696493885882,24,512
regime_reset,341,oracle,4,0.8825000000000001,0.5900000000000001,0.0,0.0,5,512
regime_reset,342,last_contact,4,0.9312500000000001,0.7849999999999999,0.0,0.06337293525306255,1,512
regime_reset,342,ema,7,0.5900000000000001,0.5900000000000001,0.34125000000000005,0.0802987506410813,7,512
regime_reset,342,failure_age,2,0.4925,0.2,0.43875000000000014,0.0839039124813625,4,512
regime_reset,342,route_history,5,0.9312500000000001,0.7849999999999999,0.0,0.09677941333632313,8,512
regime_reset,342,shuffled_history,1,0.8825000000000001,0.7849999999999999,0.04875000000000007,0.0790894612086912,5,512
regime_reset,342,oracle,4,0.9312500000000001,0.7849999999999999,0.0,0.0,1,512
regime_reset,343,last_contact,0,0.44375000000000003,0.5900000000000001,0.5362499999999999,0.08574058697181247,17,512
regime_reset,343,ema,0,0.44375000000000003,0.5900000000000001,0.5362499999999999,0.0938187798683224,17,512
regime_reset,343,failure_age,0,0.44375000000000003,0.5900000000000001,0.5362499999999999,0.0795729817191472,17,512
regime_reset,343,route_history,0,0.44375000000000003,0.5900000000000001,0.5362499999999999,0.07287901514578406,17,512
regime_reset,343,shuffled_history,0,0.44375000000000003,0.5900000000000001,0.5362499999999999,0.08028809696673797,17,512
regime_reset,343,oracle,3,0.98,0.98,0.0,0.0,5,512
regime_reset,344,last_contact,1,0.8825000000000001,0.5900000000000001,0.04875000000000007,0.05074099064368753,18,512
regime_reset,344,ema,1,0.8825000000000001,0.5900000000000001,0.04875000000000007,0.029179348377197975,18,512
regime_reset,344,failure_age,1,0.8825000000000001,0.5900000000000001,0.04875000000000007,0.04374178000066871,18,512
regime_reset,344,route_history,1,0.8825000000000001,0.5900000000000001,0.04875000000000007,0.04737511426093656,18,512
regime_reset,344,shuffled_history,1,0.8825000000000001,0.5900000000000001,0.04875000000000007,0.04247733962777311,18,512
regime_reset,344,oracle,6,0.9312500000000001,0.7849999999999999,0.0,0.0,11,512
regime_reset,345,last_contact,6,0.44375000000000003,0.2,0.195,0.05754398001868748,8,512
regime_reset,345,ema,4,0.2,0.2,0.43875000000000003,0.05458762935169953,27,512
regime_reset,345,failure_age,4,0.2,0.2,0.43875000000000003,0.09208954379880252,27,512
regime_reset,345,route_history,4,0.2,0.2,0.43875000000000003,0.10893096077042326,27,512
regime_reset,345,shuffled_history,4,0.2,0.2,0.43875000000000003,0.09588936435879143,27,512
regime_reset,345,oracle,5,0.63875,0.2,0.0,0.0,4,512
regime_reset,346,last_contact,5,0.34625,0.2,0.4875,0.03651504595618749,2,512
regime_reset,346,ema,7,0.4925,0.2,0.34125,0.04083649633218137,18,512
regime_reset,346,failure_age,7,0.4925,0.2,0.34125,0.03846576557893247,18,512
regime_reset,346,route_history,7,0.4925,0.2,0.34125,0.1043521026257698,18,512
regime_reset,346,shuffled_history,7,0.4925,0.2,0.34125,0.038617241137919436,18,512
regime_reset,346,oracle,6,0.83375,0.5900000000000001,0.0,0.0,7,512
regime_reset,347,last_contact,2,0.8825000000000001,0.5900000000000001,0.0,0.0766278957218125,17,512
regime_reset,347,ema,2,0.8825000000000001,0.5900000000000001,0.0,0.09131784448811282,17,512
regime_reset,347,failure_age,7,0.2975,0.2,0.5850000000000001,0.08996296092278472,18,512
regime_reset,347,route_history,7,0.2975,0.2,0.5850000000000001,0.10457041214245366,18,512
regime_reset,347,shuffled_history,7,0.2975,0.2,0.5850000000000001,0.08934283591755945,18,512
regime_reset,347,oracle,2,0.8825000000000001,0.5900000000000001,0.0,0.0,17,512
regime_reset,348,last_contact,5,0.63875,0.2,0.2925000000000001,0.054456270799937506,4,512
regime_reset,348,ema,3,0.2,0.2,0.7312500000000002,0.07932023193755755,18,512
regime_reset,348,failure_age,6,0.9312500000000001,0.7849999999999999,0.0,0.1046711914408405,26,512
regime_reset,348,route_history,6,0.9312500000000001,0.7849999999999999,0.0,0.12950894583782588,26,512
regime_reset,348,shuffled_history,6,0.9312500000000001,0.7849999999999999,0.0,0.10841010787927023,26,512
regime_reset,348,oracle,6,0.9312500000000001,0.7849999999999999,0.0,0.0,26,512
regime_reset,349,last_contact,3,0.54125,0.5900000000000001,0.14625,0.037514905409312495,17,512
regime_reset,349,ema,3,0.54125,0.5900000000000001,0.14625,0.05313579435128857,17,512
regime_reset,349,failure_age,7,0.2,0.2,0.4875,0.06501058299105572,20,512
regime_reset,349,route_history,7,0.2,0.2,0.4875,0.06396723348426878,20,512
regime_reset,349,shuffled_history,7,0.2,0.2,0.4875,0.06060857492650137,20,512
regime_reset,349,oracle,6,0.6875,0.7849999999999999,0.0,0.0,4,512
regime_reset,350,last_contact,6,0.44375000000000003,0.2,0.29250000000000004,0.04496673595618749,28,512
regime_reset,350,ema,6,0.44375000000000003,0.2,0.29250000000000004,0.05449564707046773,28,512
regime_reset,350,failure_age,6,0.44375000000000003,0.2,0.29250000000000004,0.0656174455861375,28,512
regime_reset,350,route_history,6,0.44375000000000003,0.2,0.29250000000000004,0.08397672919943905,28,512
regime_reset,350,shuffled_history,6,0.44375000000000003,0.2,0.29250000000000004,0.06956251166852477,28,512
regime_reset,350,oracle,7,0.7362500000000001,0.5900000000000001,0.0,0.0,1,512
regime_reset,351,last_contact,2,0.98,0.98,0.0,0.0713307755655625,3,512
regime_reset,351,ema,5,0.7362500000000001,0.2,0.2437499999999999,0.08198538530106919,6,512
regime_reset,351,failure_age,4,0.63875,0.395,0.34124999999999994,0.07043828131108602,4,512
regime_reset,351,route_history,7,0.24875000000000003,0.395,0.73125,0.11776683581226458,7,512
regime_reset,351,shuffled_history,5,0.7362500000000001,0.2,0.2437499999999999,0.0681547425531943,6,512
regime_reset,351,oracle,2,0.98,0.98,0.0,0.0,3,512
regime_reset,352,last_contact,5,0.54125,0.2,0.43875,0.06846491845618752,20,512
regime_reset,352,ema,5,0.54125,0.2,0.43875,0.051017722678884624,20,512
regime_reset,352,failure_age,3,0.7362500000000001,0.2,0.2437499999999999,0.06998767821386018,27,512
regime_reset,352,route_history,3,0.7362500000000001,0.2,0.2437499999999999,0.06761206858605023,27,512
regime_reset,352,shuffled_history,3,0.7362500000000001,0.2,0.2437499999999999,0.07173607876326954,27,512
regime_reset,352,oracle,0,0.98,0.98,0.0,0.0,19,512
regime_reset,353,last_contact,0,0.24875000000000003,0.395,0.6825000000000001,0.07397933564368751,1,512
regime_reset,353,ema,7,0.7849999999999999,0.2,0.1462500000000002,0.049126564351188284,24,512
regime_reset,353,failure_age,7,0.7849999999999999,0.2,0.1462500000000002,0.05543861763375436,24,512
regime_reset,353,route_history,7,0.7849999999999999,0.2,0.1462500000000002,0.050747258165447034,24,512
regime_reset,353,shuffled_history,7,0.7849999999999999,0.2,0.1462500000000002,0.05829992207704814,24,512
regime_reset,353,oracle,5,0.9312500000000001,0.7849999999999999,0.0,0.0,5,512
regime_reset,354,last_contact,4,0.44375000000000003,0.2,0.43875000000000003,0.0474982899405625,7,512
regime_reset,354,ema,3,0.7362500000000001,0.98,0.14625,0.07205158080205451,11,512
regime_reset,354,failure_age,1,0.44375000000000003,0.2,0.43875000000000003,0.07737331592761673,20,512
regime_reset,354,route_history,1,0.44375000000000003,0.2,0.43875000000000003,0.06887771101030558,20,512
regime_reset,354,shuffled_history,1,0.44375000000000003,0.2,0.43875000000000003,0.07783360998749214,20,512
regime_reset,354,oracle,7,0.8825000000000001,0.5900000000000001,0.0,0.0,2,512
regime_reset,355,last_contact,7,0.7849999999999999,0.98,0.0,0.0463100086905625,17,512
regime_reset,355,ema,7,0.7849999999999999,0.98,0.0,0.03964778532888736,17,512
regime_reset,355,failure_age,3,0.63875,0.2,0.14624999999999988,0.055341125522269684,20,512
regime_reset,355,route_history,3,0.63875,0.2,0.14624999999999988,0.06265931537723451,20,512
regime_reset,355,shuffled_history,3,0.63875,0.2,0.14624999999999988,0.055208706209263554,20,512
regime_reset,355,oracle,7,0.7849999999999999,0.98,0.0,0.0,17,512
regime_reset,356,last_contact,7,0.44375000000000003,0.2,0.3412499999999999,0.03602119626868749,9,512
regime_reset,356,ema,2,0.395,0.7849999999999999,0.3899999999999999,0.04920742640525475,15,512
regime_reset,356,failure_age,5,0.7849999999999999,0.395,0.0,0.04537966149698003,21,512
regime_reset,356,route_history,5,0.7849999999999999,0.395,0.0,0.06008136225421162,21,512
regime_reset,356,shuffled_history,5,0.7849999999999999,0.395,0.0,0.048287195429316254,21,512
regime_reset,356,oracle,5,0.7849999999999999,0.395,0.0,0.0,21,512
regime_reset,357,last_contact,0,0.5900000000000001,0.98,0.2437499999999999,0.03982460728431249,27,512
regime_reset,357,ema,0,0.5900000000000001,0.98,0.2437499999999999,0.040221644761781306,27,512
regime_reset,357,failure_age,0,0.5900000000000001,0.98,0.2437499999999999,0.044656016014859065,27,512
regime_reset,357,route_history,0,0.5900000000000001,0.98,0.2437499999999999,0.08968008896250354,27,512
regime_reset,357,shuffled_history,0,0.5900000000000001,0.98,0.2437499999999999,0.04825038011176704,27,512
regime_reset,357,oracle,5,0.83375,0.7849999999999999,0.0,0.0,3,512
regime_reset,358,last_contact,2,0.24875000000000003,0.2,0.48750000000000004,0.052979276815562484,7,512
regime_reset,358,ema,3,0.6875,0.395,0.04875000000000007,0.06494142083924,20,512
regime_reset,358,failure_age,3,0.6875,0.395,0.04875000000000007,0.059067390624619506,20,512
regime_reset,358,route_history,3,0.6875,0.395,0.04875000000000007,0.06642864644809357,20,512
regime_reset,358,shuffled_history,3,0.6875,0.395,0.04875000000000007,0.057774293328574325,20,512
regime_reset,358,oracle,1,0.7362500000000001,0.7849999999999999,0.0,0.0,18,512
regime_reset,359,last_contact,0,0.44375000000000003,0.5900000000000001,0.29250000000000004,0.038736616971812486,10,512
regime_reset,359,ema,7,0.44375000000000003,0.7849999999999999,0.29250000000000004,0.08275182989061208,17,512
regime_reset,359,failure_age,6,0.2,0.2,0.5362500000000001,0.10589531488707439,26,512
regime_reset,359,route_history,6,0.2,0.2,0.5362500000000001,0.12037016358217031,26,512
regime_reset,359,shuffled_history,6,0.2,0.2,0.5362500000000001,0.10808289670331364,26,512
regime_reset,359,oracle,2,0.7362500000000001,0.7849999999999999,0.0,0.0,8,512
regime_reset,360,last_contact,5,0.44375000000000003,0.2,0.38999999999999996,0.06224695954993748,5,512
regime_reset,360,ema,5,0.44375000000000003,0.2,0.38999999999999996,0.057719492840420036,5,512
regime_reset,360,failure_age,6,0.2975,0.2,0.53625,0.05824894002560238,4,512
regime_reset,360,route_history,2,0.24875000000000003,0.395,0.585,0.09351835561333702,6,512
regime_reset,360,shuffled_history,6,0.2975,0.2,0.53625,0.05994870261808381,4,512
regime_reset,360,oracle,4,0.83375,0.395,0.0,0.0,5,512
regime_reset,361,last_contact,3,0.24875000000000003,0.2,0.43875,0.06648951970618747,2,512
regime_reset,361,ema,7,0.2,0.2,0.4875,0.06486502001243934,13,512
regime_reset,361,failure_age,7,0.2,0.2,0.4875,0.04766526413825612,13,512
regime_reset,361,route_history,5,0.6875,0.2,0.0,0.06088748363398552,4,512
regime_reset,361,shuffled_history,5,0.6875,0.2,0.0,0.04435382398208684,4,512
regime_reset,361,oracle,5,0.6875,0.2,0.0,0.0,4,512
regime_reset,362,last_contact,4,0.395,0.2,0.3899999999999999,0.050330716737437484,4,512
regime_reset,362,ema,0,0.7849999999999999,0.2,0.0,0.04495930079416169,15,512
regime_reset,362,failure_age,0,0.7849999999999999,0.2,0.0,0.039171608333468194,15,512
regime_reset,362,route_history,5,0.34625,0.2,0.4387499999999999,0.0927465149495659,8,512
regime_reset,362,shuffled_history,0,0.7849999999999999,0.2,0.0,0.043234530760870096,15,512
regime_reset,362,oracle,0,0.7849999999999999,0.2,0.0,0.0,15,512
regime_reset,363,last_contact,5,0.54125,0.5900000000000001,0.19500000000000006,0.024460526815562492,1,512
regime_reset,363,ema,4,0.44375000000000003,0.2,0.29250000000000004,0.025779848830730378,15,512
regime_reset,363,failure_age,4,0.44375000000000003,0.2,0.29250000000000004,0.022124121185718187,15,512
regime_reset,363,route_history,4,0.44375000000000003,0.2,0.29250000000000004,0.028887855658889815,15,512
regime_reset,363,shuffled_history,4,0.44375000000000003,0.2,0.29250000000000004,0.02428481665063453,15,512
regime_reset,363,oracle,2,0.7362500000000001,0.2,0.0,0.0,4,512
regime_reset,364,last_contact,2,0.2,0.2,0.4875,0.047970869393687485,5,512
regime_reset,364,ema,0,0.63875,0.2,0.04874999999999996,0.062370568749570435,17,512
regime_reset,364,failure_age,3,0.2,0.2,0.4875,0.07917273588415938,21,512
regime_reset,364,route_history,3,0.2,0.2,0.4875,0.07514991497837073,21,512
regime_reset,364,shuffled_history,3,0.2,0.2,0.4875,0.08166165842005473,21,512
regime_reset,364,oracle,6,0.6875,0.98,0.0,0.0,3,512
regime_reset,365,last_contact,3,0.7362500000000001,0.2,0.04874999999999985,0.05659426603431248,9,512
regime_reset,365,ema,1,0.4925,0.7849999999999999,0.2924999999999999,0.06469107400950677,21,512
regime_reset,365,failure_age,7,0.34625,0.2,0.4387499999999999,0.09668106692456255,23,512
regime_reset,365,route_history,7,0.34625,0.2,0.4387499999999999,0.10893826994915382,23,512
regime_reset,365,shuffled_history,7,0.34625,0.2,0.4387499999999999,0.10014510286079004,23,512
regime_reset,365,oracle,0,0.7849999999999999,0.2,0.0,0.0,3,512
regime_reset,366,last_contact,4,0.44375000000000003,0.2,0.14625000000000005,0.03048550884681248,3,512
regime_reset,366,ema,5,0.34625,0.2,0.24375000000000008,0.05282295783658046,17,512
regime_reset,366,failure_age,2,0.24875000000000003,0.2,0.34125000000000005,0.07812286425337148,28,512
regime_reset,366,route_history,2,0.24875000000000003,0.2,0.34125000000000005,0.09368683647746916,28,512
regime_reset,366,shuffled_history,2,0.24875000000000003,0.2,0.34125000000000005,0.08534029223487728,28,512
regime_reset,366,oracle,1,0.5900000000000001,0.395,0.0,0.0,8,512
regime_reset,367,last_contact,0,0.63875,0.2,0.2925000000000001,0.07241876587806252,5,512
regime_reset,367,ema,2,0.7849999999999999,0.395,0.1462500000000002,0.05212043687474028,23,512
regime_reset,367,failure_age,2,0.7849999999999999,0.395,0.1462500000000002,0.052644375337787624,23,512
regime_reset,367,route_history,2,0.7849999999999999,0.395,0.1462500000000002,0.08923205295110262,23,512
regime_reset,367,shuffled_history,2,0.7849999999999999,0.395,0.1462500000000002,0.05437687984953566,23,512
regime_reset,367,oracle,4,0.9312500000000001,0.7849999999999999,0.0,0.0,4,512
regime_reset,368,last_contact,3,0.34625,0.2,0.5362500000000001,0.041862311581187514,4,512
regime_reset,368,ema,1,0.8825000000000001,0.5900000000000001,0.0,0.022287844960915515,24,512
regime_reset,368,failure_age,1,0.8825000000000001,0.5900000000000001,0.0,0.023379983058578524,24,512
regime_reset,368,route_history,1,0.8825000000000001,0.5900000000000001,0.0,0.016167846918291567,24,512
regime_reset,368,shuffled_history,1,0.8825000000000001,0.5900000000000001,0.0,0.024823934331641512,24,512
regime_reset,368,oracle,1,0.8825000000000001,0.5900000000000001,0.0,0.0,24,512
regime_reset,369,last_contact,4,0.5900000000000001,0.98,0.04874999999999996,0.044983451112437484,8,512
regime_reset,369,ema,2,0.63875,0.2,0.0,0.04977987744635956,19,512
regime_reset,369,failure_age,2,0.63875,0.2,0.0,0.04018826678177843,19,512
regime_reset,369,route_history,2,0.63875,0.2,0.0,0.056891036895125355,19,512
regime_reset,369,shuffled_history,2,0.63875,0.2,0.0,0.04268531178841399,19,512
regime_reset,369,oracle,2,0.63875,0.2,0.0,0.0,19,512
regime_reset,370,last_contact,0,0.395,0.2,0.585,0.0832470183780625,2,512
regime_reset,370,ema,2,0.2975,0.5900000000000001,0.6825,0.08598928113201916,15,512
regime_reset,370,failure_age,2,0.2975,0.5900000000000001,0.6825,0.08168114962210313,15,512
regime_reset,370,route_history,3,0.9312500000000001,0.7849999999999999,0.04874999999999985,0.07294403890312395,7,512
regime_reset,370,shuffled_history,2,0.2975,0.5900000000000001,0.6825,0.08007875666671871,15,512
regime_reset,370,oracle,1,0.98,0.98,0.0,0.0,6,512
regime_reset,371,last_contact,5,0.2,0.2,0.5362500000000001,0.06796651369056247,1,512
regime_reset,371,ema,6,0.54125,0.2,0.19500000000000006,0.05987690028497868,21,512
regime_reset,371,failure_age,6,0.54125,0.2,0.19500000000000006,0.07369287422899554,21,512
regime_reset,371,route_history,6,0.54125,0.2,0.19500000000000006,0.08477630382849613,21,512
regime_reset,371,shuffled_history,6,0.54125,0.2,0.19500000000000006,0.07855632198131704,21,512
regime_reset,371,oracle,3,0.7362500000000001,0.2,0.0,0.0,1,512
regime_reset,372,last_contact,6,0.34625,0.2,0.5362500000000001,0.054761698690562494,20,512
regime_reset,372,ema,6,0.34625,0.2,0.5362500000000001,0.07750176956440846,20,512
regime_reset,372,failure_age,3,0.5900000000000001,0.7849999999999999,0.2925,0.10102168210847393,21,512
regime_reset,372,route_history,3,0.5900000000000001,0.7849999999999999,0.2925,0.10101429348465962,21,512
regime_reset,372,shuffled_history,3,0.5900000000000001,0.7849999999999999,0.2925,0.10207316722055243,21,512
regime_reset,372,oracle,5,0.8825000000000001,0.7849999999999999,0.0,0.0,7,512
regime_reset,373,last_contact,2,0.34625,0.2,0.5362500000000001,0.05837668790931248,1,512
regime_reset,373,ema,1,0.395,0.7849999999999999,0.48750000000000004,0.05918878436228562,17,512
regime_reset,373,failure_age,1,0.395,0.7849999999999999,0.48750000000000004,0.06044478031603195,17,512
regime_reset,373,route_history,1,0.395,0.7849999999999999,0.48750000000000004,0.08522013808865941,17,512
regime_reset,373,shuffled_history,1,0.395,0.7849999999999999,0.48750000000000004,0.06253399626131177,17,512
regime_reset,373,oracle,4,0.8825000000000001,0.5900000000000001,0.0,0.0,4,512
regime_reset,374,last_contact,6,0.2975,0.2,0.39,0.036104772049937485,9,512
regime_reset,374,ema,0,0.2975,0.2,0.39,0.04357697393772611,11,512
regime_reset,374,failure_age,2,0.6875,0.395,0.0,0.03205315140005946,19,512
regime_reset,374,route_history,2,0.6875,0.395,0.0,0.044949521641125735,19,512
regime_reset,374,shuffled_history,2,0.6875,0.395,0.0,0.033467471088443855,19,512
regime_reset,374,oracle,2,0.6875,0.395,0.0,0.0,19,512
regime_reset,375,last_contact,2,0.2975,0.2,0.39,0.059071119471812476,1,512
regime_reset,375,ema,0,0.54125,0.5900000000000001,0.14625,0.05157024162150768,14,512
regime_reset,375,failure_age,1,0.2975,0.2,0.39,0.057005247353473745,18,512
regime_reset,375,route_history,1,0.2975,0.2,0.39,0.08114401501993754,18,512
regime_reset,375,shuffled_history,1,0.2975,0.2,0.39,0.060340923938587795,18,512
regime_reset,375,oracle,7,0.6875,0.2,0.0,0.0,4,512
regime_reset,376,last_contact,6,0.63875,0.2,0.24375000000000002,0.059753390956187494,4,512
regime_reset,376,ema,4,0.395,0.2,0.48750000000000004,0.08616245452424974,12,512
regime_reset,376,failure_age,3,0.2,0.2,0.6825000000000001,0.09415704662302155,22,512
regime_reset,376,route_history,3,0.2,0.2,0.6825000000000001,0.08750852800312425,22,512
regime_reset,376,shuffled_history,3,0.2,0.2,0.6825000000000001,0.0918799527158579,22,512
regime_reset,376,oracle,7,0.8825000000000001,0.5900000000000001,0.0,0.0,5,512
regime_reset,377,last_contact,7,0.7849999999999999,0.2,0.0,0.07085364103431246,4,512
regime_reset,377,ema,2,0.2,0.2,0.585,0.10199271661326323,11,512
regime_reset,377,failure_age,6,0.2,0.2,0.585,0.09811359220615494,21,512
regime_reset,377,route_history,6,0.2,0.2,0.585,0.09812837056615678,21,512
regime_reset,377,shuffled_history,6,0.2,0.2,0.585,0.1024100785930877,21,512
regime_reset,377,oracle,7,0.7849999999999999,0.2,0.0,0.0,4,512
regime_reset,378,last_contact,7,0.44375000000000003,0.2,0.29250000000000004,0.029774362128062497,7,512
regime_reset,378,ema,1,0.4925,0.395,0.24375000000000008,0.026614285054099022,14,512
regime_reset,378,failure_age,3,0.7362500000000001,0.7849999999999999,0.0,0.024885125655301675,18,512
regime_reset,378,route_history,3,0.7362500000000001,0.7849999999999999,0.0,0.04064454619268078,18,512
regime_reset,378,shuffled_history,3,0.7362500000000001,0.7849999999999999,0.0,0.024012615101875787,18,512
regime_reset,378,oracle,3,0.7362500000000001,0.7849999999999999,0.0,0.0,18,512
regime_reset,379,last_contact,1,0.83375,0.7849999999999999,0.0,0.09465269634681248,6,512
regime_reset,379,ema,6,0.83375,0.395,0.0,0.09753728373923043,6,512
regime_reset,379,failure_age,2,0.2,0.2,0.63375,0.07421922800431016,4,512
regime_reset,379,route_history,1,0.83375,0.7849999999999999,0.0,0.10978286114915739,6,512
regime_reset,379,shuffled_history,2,0.2,0.2,0.63375,0.08095763911377168,4,512
regime_reset,379,oracle,1,0.83375,0.7849999999999999,0.0,0.0,6,512
regime_reset,380,last_contact,7,0.2,0.2,0.6825000000000001,0.08514644634681248,3,512
regime_reset,380,ema,2,0.7362500000000001,0.98,0.14625,0.09220382682166524,18,512
regime_reset,380,failure_age,2,0.7362500000000001,0.98,0.14625,0.08015421212529017,18,512
regime_reset,380,route_history,2,0.7362500000000001,0.98,0.14625,0.0845171835492943,18,512
regime_reset,380,shuffled_history,2,0.7362500000000001,0.98,0.14625,0.08475176872904,18,512
regime_reset,380,oracle,1,0.8825000000000001,0.7849999999999999,0.0,0.0,3,512
regime_reset,381,last_contact,5,0.5900000000000001,0.395,0.2925,0.04948584876868752,1,512
regime_reset,381,ema,1,0.8825000000000001,0.5900000000000001,0.0,0.054226688695970415,11,512
regime_reset,381,failure_age,4,0.83375,0.395,0.04875000000000007,0.06686405733152159,4,512
regime_reset,381,route_history,2,0.7362500000000001,0.2,0.14625,0.0719324137020434,5,512
regime_reset,381,shuffled_history,4,0.83375,0.395,0.04875000000000007,0.06234189853679073,4,512
regime_reset,381,oracle,1,0.8825000000000001,0.5900000000000001,0.0,0.0,11,512
regime_reset,382,last_contact,3,0.63875,0.2,0.2925000000000001,0.08642285845618752,4,512
regime_reset,382,ema,6,0.2,0.2,0.7312500000000002,0.10954011138581243,16,512
regime_reset,382,failure_age,6,0.2,0.2,0.7312500000000002,0.10106147869967318,16,512
regime_reset,382,route_history,6,0.2,0.2,0.7312500000000002,0.13267837744940353,16,512
regime_reset,382,shuffled_history,6,0.2,0.2,0.7312500000000002,0.1053383206397414,16,512
regime_reset,382,oracle,1,0.9312500000000001,0.7849999999999999,0.0,0.0,7,512
regime_reset,383,last_contact,1,0.395,0.7849999999999999,0.43875,0.06046453767493749,2,512
regime_reset,383,ema,5,0.24875000000000003,0.2,0.585,0.05845946570694185,15,512
regime_reset,383,failure_age,5,0.24875000000000003,0.2,0.585,0.05805405874550644,15,512
regime_reset,383,route_history,5,0.24875000000000003,0.2,0.585,0.05103829759269373,15,512
regime_reset,383,shuffled_history,5,0.24875000000000003,0.2,0.585,0.059476156055244055,15,512
regime_reset,383,oracle,0,0.83375,0.395,0.0,0.0,4,512
regime_reset,384,last_contact,4,0.83375,0.98,0.0,0.06340181048743748,22,512
regime_reset,384,ema,4,0.83375,0.98,0.0,0.06075637825029216,22,512
regime_reset,384,failure_age,4,0.83375,0.98,0.0,0.06090137260170631,22,512
regime_reset,384,route_history,4,0.83375,0.98,0.0,0.06902037337104439,22,512
regime_reset,384,shuffled_history,4,0.83375,0.98,0.0,0.059488714032023195,22,512
regime_reset,384,oracle,4,0.83375,0.98,0.0,0.0,22,512
regime_reset,385,last_contact,5,0.2975,0.395,0.6825,0.0706530591593125,7,512
regime_reset,385,ema,0,0.2,0.2,0.78,0.11914607208969144,11,512
regime_reset,385,failure_age,7,0.63875,0.2,0.34124999999999994,0.07467940852230688,18,512
regime_reset,385,route_history,7,0.63875,0.2,0.34124999999999994,0.08562602718554713,18,512
regime_reset,385,shuffled_history,7,0.63875,0.2,0.34124999999999994,0.07669626793971676,18,512
regime_reset,385,oracle,1,0.98,0.98,0.0,0.0,8,512
regime_reset,386,last_contact,0,0.54125,0.2,0.34125000000000005,0.0561718320499375,6,512
regime_reset,386,ema,6,0.34625,0.2,0.5362500000000001,0.0671032401485552,12,512
regime_reset,386,failure_age,4,0.7849999999999999,0.2,0.09750000000000014,0.05107613000328873,19,512
regime_reset,386,route_history,4,0.7849999999999999,0.2,0.09750000000000014,0.03391292734569111,19,512
regime_reset,386,shuffled_history,4,0.7849999999999999,0.2,0.09750000000000014,0.0541155690020444,19,512
regime_reset,386,oracle,2,0.8825000000000001,0.98,0.0,0.0,1,512
regime_reset,387,last_contact,6,0.24875000000000003,0.2,0.63375,0.0745734762686875,2,512
regime_reset,387,ema,5,0.2975,0.2,0.5850000000000001,0.08199601420542055,22,512
regime_reset,387,failure_age,5,0.2975,0.2,0.5850000000000001,0.1003270573817758,22,512
regime_reset,387,route_history,5,0.2975,0.2,0.5850000000000001,0.06641703684236931,22,512
regime_reset,387,shuffled_history,5,0.2975,0.2,0.5850000000000001,0.10204766080130206,22,512
regime_reset,387,oracle,2,0.8825000000000001,0.5900000000000001,0.0,0.0,5,512
regime_reset,388,last_contact,7,0.2,0.2,0.43875000000000003,0.09186585994056246,4,512
regime_reset,388,ema,0,0.2,0.2,0.43875000000000003,0.10684018024417775,18,512
regime_reset,388,failure_age,1,0.2,0.2,0.43875000000000003,0.13462047717893783,23,512
regime_reset,388,route_history,1,0.2,0.2,0.43875000000000003,0.12017085629460261,23,512
regime_reset,388,shuffled_history,1,0.2,0.2,0.43875000000000003,0.13785353056540833,23,512
regime_reset,388,oracle,5,0.63875,0.2,0.0,0.0,3,512
regime_reset,389,last_contact,2,0.2,0.2,0.78,0.0972009654874375,11,512
regime_reset,389,ema,2,0.2,0.2,0.78,0.09136565204671547,11,512
regime_reset,389,failure_age,6,0.98,0.98,0.0,0.07869447171240407,15,512
regime_reset,389,route_history,3,0.34625,0.2,0.63375,0.0920496740241868,8,512
regime_reset,389,shuffled_history,6,0.98,0.98,0.0,0.07739329616696408,15,512
regime_reset,389,oracle,6,0.98,0.98,0.0,0.0,15,512
regime_reset,390,last_contact,4,0.6875,0.2,0.0,0.030945928221812493,11,512
regime_reset,390,ema,4,0.6875,0.2,0.0,0.03643270644021318,11,512
regime_reset,390,failure_age,5,0.24875000000000003,0.2,0.43875,0.07295929257512195,24,512
regime_reset,390,route_history,5,0.24875000000000003,0.2,0.43875,0.07875900167231865,24,512
regime_reset,390,shuffled_history,5,0.24875000000000003,0.2,0.43875,0.07694332296127697,24,512
regime_reset,390,oracle,4,0.6875,0.2,0.0,0.0,11,512
regime_reset,391,last_contact,3,0.4925,0.2,0.34125,0.04525544869056249,15,512
regime_reset,391,ema,3,0.4925,0.2,0.34125,0.05030334667590966,15,512
regime_reset,391,failure_age,3,0.4925,0.2,0.34125,0.05033653800592161,15,512
regime_reset,391,route_history,2,0.83375,0.395,0.0,0.0573264622966479,8,512
regime_reset,391,shuffled_history,3,0.4925,0.2,0.34125,0.0527313103570124,15,512
regime_reset,391,oracle,2,0.83375,0.395,0.0,0.0,8,512
regime_reset,392,last_contact,0,0.2,0.2,0.63375,0.05353998712806249,4,512
regime_reset,392,ema,5,0.83375,0.98,0.0,0.04104730880148486,28,512
regime_reset,392,failure_age,5,0.83375,0.98,0.0,0.03594835897503088,28,512
regime_reset,392,route_history,5,0.83375,0.98,0.0,0.039102186325784896,28,512
regime_reset,392,shuffled_history,5,0.83375,0.98,0.0,0.03700370118267619,28,512
regime_reset,392,oracle,5,0.83375,0.98,0.0,0.0,28,512
regime_reset,393,last_contact,1,0.7362500000000001,0.7849999999999999,0.0,0.02775337298743749,13,512
regime_reset,393,ema,1,0.7362500000000001,0.7849999999999999,0.0,0.03612640031283301,13,512
regime_reset,393,failure_age,7,0.395,0.2,0.34125000000000005,0.05578100976631163,26,512
regime_reset,393,route_history,7,0.395,0.2,0.34125000000000005,0.06066362521631807,26,512
regime_reset,393,shuffled_history,7,0.395,0.2,0.34125000000000005,0.05896720112937235,26,512
regime_reset,393,oracle,1,0.7362500000000001,0.7849999999999999,0.0,0.0,13,512
regime_reset,394,last_contact,1,0.54125,0.7849999999999999,0.43875,0.0689207827530625,9,512
regime_reset,394,ema,7,0.44375000000000003,0.2,0.5362499999999999,0.0787223515416677,12,512
regime_reset,394,failure_age,3,0.54125,0.98,0.43875,0.08542221329112064,24,512
regime_reset,394,route_history,3,0.54125,0.98,0.43875,0.09777626443313717,24,512
regime_reset,394,shuffled_history,3,0.54125,0.98,0.43875,0.08828375977620612,24,512
regime_reset,394,oracle,6,0.98,0.98,0.0,0.0,5,512
regime_reset,395,last_contact,3,0.63875,0.7849999999999999,0.0,0.015209559237437496,2,512
regime_reset,395,ema,5,0.63875,0.2,0.0,0.01546667300474291,18,512
regime_reset,395,failure_age,5,0.63875,0.2,0.0,0.010620353332804571,18,512
regime_reset,395,route_history,5,0.63875,0.2,0.0,0.03936378039523708,18,512
regime_reset,395,shuffled_history,5,0.63875,0.2,0.0,0.012010435463747967,18,512
regime_reset,395,oracle,3,0.63875,0.7849999999999999,0.0,0.0,2,512
regime_reset,396,last_contact,7,0.8825000000000001,0.5900000000000001,0.0,0.0347827695499375,1,512
regime_reset,396,ema,6,0.395,0.2,0.48750000000000004,0.056254702365748435,13,512
regime_reset,396,failure_age,2,0.395,0.2,0.48750000000000004,0.0678497311287367,25,512
regime_reset,396,route_history,2,0.395,0.2,0.48750000000000004,0.07274926145185603,25,512
regime_reset,396,shuffled_history,2,0.395,0.2,0.48750000000000004,0.07456328572964128,25,512
regime_reset,396,oracle,7,0.8825000000000001,0.5900000000000001,0.0,0.0,1,512
regime_reset,397,last_contact,4,0.63875,0.2,0.19499999999999995,0.05679940298743749,11,512
regime_reset,397,ema,4,0.63875,0.2,0.19499999999999995,0.048532049978562086,11,512
regime_reset,397,failure_age,5,0.5900000000000001,0.395,0.2437499999999999,0.05674830709038464,18,512
regime_reset,397,route_history,5,0.5900000000000001,0.395,0.2437499999999999,0.06241578076652057,18,512
regime_reset,397,shuffled_history,5,0.5900000000000001,0.395,0.2437499999999999,0.05584972969365102,18,512
regime_reset,397,oracle,3,0.83375,0.395,0.0,0.0,2,512
regime_reset,398,last_contact,1,0.9312500000000001,0.7849999999999999,0.0,0.04877014697181251,4,512
regime_reset,398,ema,4,0.34625,0.395,0.5850000000000002,0.0745493889853204,11,512
regime_reset,398,failure_age,2,0.2,0.2,0.7312500000000002,0.06471711696752398,17,512
regime_reset,398,route_history,2,0.2,0.2,0.7312500000000002,0.06279264774055313,17,512
regime_reset,398,shuffled_history,2,0.2,0.2,0.7312500000000002,0.06749420878284346,17,512
regime_reset,398,oracle,1,0.9312500000000001,0.7849999999999999,0.0,0.0,4,512
regime_reset,399,last_contact,3,0.2,0.2,0.39000000000000007,0.05937654736243747,2,512
regime_reset,399,ema,4,0.2975,0.2,0.2925000000000001,0.05276391377592547,17,512
regime_reset,399,failure_age,4,0.2975,0.2,0.2925000000000001,0.055929330289507403,17,512
regime_reset,399,route_history,4,0.2975,0.2,0.2925000000000001,0.09151105992291977,17,512
regime_reset,399,shuffled_history,4,0.2975,0.2,0.2925000000000001,0.06090379243796846,17,512
regime_reset,399,oracle,7,0.5900000000000001,0.2,0.0,0.0,6,512
