policy,scenario,seed,service_fraction,demand,served,stress_area,rejected,leaked,spilled,moved,cost,starvation_time,upstream_closed_delivery,downstream_closed_delivery,full_cost,full_moved,max_mass_error,max_budget_ratio
unregulated,steady,4000,0.6440801989452734,12.508496539913823,8.056474939933958,68.46233528758334,10.889525911927988,0.021291967101807432,0.03641417311112871,18.747189380769985,0.5722927396031966,7.499999999999989,0.0,0.0,0.7185317157700201,22.332684681267306,4.440892098500626e-16,0.5631680090741806
rate_limiter,steady,4000,0.946863582808944,12.508496539913823,11.843839849336081,4.430753252005589,0.0,0.2870816071683398,5.49141402371047,11.878959252724629,0.5219425932904341,4.5,0.0,0.0,0.6681815694572623,15.464454553222172,4.440892098500626e-16,0.2880550502696634
ordinary_buffer,steady,4000,0.946863582808944,12.508496539913823,11.843839849336081,4.43075325200559,0.0,0.2835171116628716,5.494978519215956,23.92232881246349,0.8808677061773452,4.5,0.0,0.0,1.1585715510361807,31.918172464533725,4.440892098500626e-16,1.0
adaptive_bridge,steady,4000,0.9163168483754266,12.508496539913823,11.461746127368762,6.111965188111213,0.0,0.27128183359996466,5.889307519246135,23.142765975600454,0.8515098821418119,6.799999999999992,0.0,0.0,1.1292137270006501,31.138609627670665,4.440892098500626e-16,1.0
unregulated,steady,4001,0.7032247261932588,11.725956653999246,8.24598265736264,68.18921094861348,9.990297261448447,0.022578311576090672,0.04508203729560267,18.03764719289705,0.5518866711812614,7.099999999999991,0.0,0.0,0.6915802764405703,21.399559668847488,2.220446049250313e-16,0.5500160782184744
rate_limiter,steady,4001,0.9583528033660238,11.725956653999246,11.237603431508658,3.3622525990747083,0.0,0.2878788193464437,5.3959685908450306,11.27352239945221,0.5038990070468952,0.1,0.0,0.0,0.6435926123062038,14.635434875402586,4.440892098500626e-16,0.28939862549227824
ordinary_buffer,steady,4001,0.9583528033660238,11.725956653999246,11.237603431508658,3.362252599074709,0.0,0.2844965944047075,5.399350815786779,22.71163729869794,0.8447879756020189,0.1,0.0,0.0,1.1093191841074561,30.261575412960905,4.440892098500626e-16,1.0
adaptive_bridge,steady,4001,0.942690993748322,11.725956653999246,11.053953730808297,4.170311153922211,0.0,0.2766480788171233,5.590849032074711,22.334807207772712,0.82948621082975,5.099999999999998,0.0,0.0,1.0940174193351853,29.884745322035677,4.440892098500626e-16,1.0
unregulated,steady,4002,0.6147207377590966,12.784499721504146,7.858897100683993,68.53824471207466,10.833777408803925,0.020324046915084458,0.027763534735731232,18.493800599970648,0.5641381899716157,7.699999999999989,0.0,0.0,0.7116730213482928,22.15815395235126,4.440892098500626e-16,0.5678067180084722
rate_limiter,steady,4002,0.9431374995480536,12.784499721504146,12.057541100312207,4.492304771536028,0.0,0.28667047511647564,5.015573294109531,12.0922493716489,0.5282986388343792,5.599999999999996,0.0,0.0,0.6758334702110508,15.756602724029406,4.440892098500626e-16,0.2855204106816934
ordinary_buffer,steady,4002,0.9431374995480535,12.784499721504146,12.057541100312205,4.49230477153603,0.0,0.28304157994250256,5.019202189283685,24.348844650643443,0.8935775966262818,5.599999999999996,0.0,0.0,1.1749045449335203,32.501573577651804,4.440892098500626e-16,1.0000000000000002
adaptive_bridge,steady,4002,0.9079783205001436,12.784499721504146,11.608048585565887,6.470071214680203,0.0,0.269769662491397,5.481966621481082,23.432963845160607,0.8597749480058889,7.099999999999991,0.0,0.0,1.1411018963131268,31.58569277216898,4.440892098500626e-16,1.0000000000000002
unregulated,steady,4003,0.6723271614917259,11.798802203708881,7.932655194621913,68.31669878845409,9.596352745614615,0.02112963418754968,0.0307667578619244,17.330295932558354,0.529894810139617,7.29999999999999,0.0,0.0,0.66859605074041,20.713021422711662,2.220446049250313e-16,0.5512403731715768
rate_limiter,steady,4003,0.9533214815362056,11.798802203708881,11.248051597192397,3.83661702019679,0.0,0.2875344191866419,4.662932954995783,11.283631303408757,0.5041968272768707,2.3000000000000007,0.0,0.0,0.6428980678776648,14.666356793561887,4.440892098500626e-16,0.27799637690135437
ordinary_buffer,steady,4003,0.9533214815362053,11.798802203708881,11.248051597192395,3.8366170201967917,0.0,0.2841489780062495,4.666318396176036,22.7318518041628,0.8453868200397416,2.3000000000000007,0.0,0.0,1.1095263130470687,30.322689955266654,6.661338147750939e-16,1.0
adaptive_bridge,steady,4003,0.9325093791311971,11.798802203708881,11.002493717472369,4.9170714806768006,0.0,0.274336253085719,4.92168900081659,22.228768392287225,0.8254062306853457,5.899999999999995,0.0,0.0,1.089545723692673,29.81960654339114,4.440892098500626e-16,1.0
unregulated,steady,4004,0.6630172162249506,13.211522210960087,8.759466678404861,68.44574984221876,9.796323044315718,0.02034603417050266,0.023810902471664397,18.356977491138707,0.5600344048439374,7.599999999999989,0.0,0.0,0.7097791142528457,22.14333726907838,4.440892098500626e-16,0.574983566570759
rate_limiter,steady,4004,0.9496081267131737,13.211522210960087,12.545768857779295,4.185823621125954,0.0,0.2873442833850272,4.386466328725758,12.581191853572188,0.5428418514286737,3.5000000000000018,0.0,0.0,0.6925865608375812,16.36755163151147,4.440892098500626e-16,0.30777441244087506
ordinary_buffer,steady,4004,0.9496081267131737,13.211522210960087,12.545768857779295,4.185823621125956,0.0,0.28356990958763817,4.390240702523155,25.326583416500434,0.9226877265367754,3.5000000000000018,0.0,0.0,1.2098275255690032,33.72211519607145,6.661338147750939e-16,1.0
adaptive_bridge,steady,4004,0.9220114230788604,13.211522210960087,12.181174394765282,5.790038876772601,0.0,0.2716155033469943,4.766789571777851,24.58302882253072,0.8944533308913185,6.199999999999994,0.0,0.0,1.1815931299235458,32.97856060210166,4.440892098500626e-16,1.0
unregulated,steady,4005,0.649558982579387,13.462186186615918,8.744483962672515,68.51948064903223,9.005273939453756,0.01908162097166637,0.012394531983778379,17.55090530412458,0.535197544883084,7.699999999999989,0.0,0.0,0.6827657711745138,21.408883360822564,4.440892098500626e-16,0.5791964064977448
rate_limiter,steady,4005,0.9462187615977241,13.462186186615918,12.738173141897702,4.6858871307276315,0.0,0.28682956137826243,3.376222253726824,12.773289878657122,0.5484274181058396,4.5,0.0,0.0,0.6959956443972624,16.63126793535533,2.220446049250313e-16,0.30956756642847877
ordinary_buffer,steady,4005,0.9462187615977241,13.462186186615918,12.738173141897702,4.685887130727632,0.0,0.28299842572996703,3.3772721162330592,25.71072164759603,0.9339966638362186,4.5,0.0,0.0,1.221043350991238,34.24744685881206,4.440892098500626e-16,1.0
adaptive_bridge,steady,4005,0.9094446698817252,13.462186186615918,12.243113472373235,6.8641490320253915,0.0,0.2676720721990567,3.88765813928842,24.703237961205375,0.896047547131325,6.699999999999992,0.0,0.0,1.1830942342863449,33.239963172421305,4.440892098500626e-16,1.0
unregulated,steady,4006,0.6712131207223992,12.507898730715441,8.395465740723248,68.37049439356873,10.093682076218908,0.021238144641921395,0.03271122466709331,18.290391025814277,0.5586078245259073,7.39999999999999,0.0,0.0,0.7039490744432294,21.87571552368367,4.440892098500626e-16,0.5631579618607658
rate_limiter,steady,4006,0.9520244399058573,12.507898730715441,11.90782528350855,3.9380401809672225,0.0,0.2875081840231173,4.966391352846458,11.943379727702585,0.5238566816575838,2.500000000000001,0.0,0.0,0.6691979315748913,15.52870422557224,4.440892098500626e-16,0.29428655097301676
ordinary_buffer,steady,4006,0.9520244399058573,12.507898730715441,11.90782528350855,3.9380401809672247,0.0,0.2839247046014151,4.969974832268229,24.051150606620816,0.8847011800739983,2.500000000000001,0.0,0.0,1.1614932340126534,32.04631357702807,4.440892098500626e-16,1.0
adaptive_bridge,steady,4006,0.9292500986700104,12.507898730715441,11.622966129671822,5.191420199978178,0.0,0.2736080595205589,5.265150631185814,23.4687592390114,0.8621183819814736,5.899999999999995,0.0,0.0,1.1389104359201294,31.46392220941864,4.440892098500626e-16,1.0
unregulated,steady,4007,0.7406573593196645,12.475121511305959,9.239790555755814,68.12147045398218,9.518736401977925,0.02290107937181161,0.0444595565184962,18.55994218278803,0.5676342456178141,6.999999999999991,0.0,0.0,0.7133262410617014,22.135901760826368,4.440892098500626e-16,0.5626070842236289
rate_limiter,steady,4007,0.9625929137428285,12.475121511305959,12.008463564863842,3.292022333378299,0.0,0.2880519371306567,5.147952901157445,12.044623123391379,0.5268328335006807,0.0,0.0,0.0,0.6725248289445627,15.620582701429415,2.220446049250313e-16,0.3189309680630407
ordinary_buffer,steady,4007,0.9625929137428284,12.475121511305959,12.00846356486384,3.2920223333782994,0.0,0.2844391620293435,5.151565676258695,24.253607642480993,0.8906942135986137,0.0,0.0,0.0,1.1675656644868166,32.23033162590212,4.440892098500626e-16,1.0
adaptive_bridge,steady,4007,0.9467768435458054,12.475121511305959,11.811156167324633,4.160174751319896,0.0,0.27665793256760507,5.356654303259638,23.849896881581355,0.8745183476868302,4.4,0.0,0.0,1.1513897985750343,31.826620865002486,4.440892098500626e-16,1.0
unregulated,steady,4008,0.7169141413423259,12.250001405840974,8.782199239310767,68.21672406017036,9.589143224683255,0.022240182646129238,0.03934141266106628,18.17270366944042,0.5556900138595587,7.099999999999991,0.0,0.0,0.6991321458285606,21.68434321734577,4.440892098500626e-16,0.5588235530393458
rate_limiter,steady,4008,0.9584117219651552,12.250001405840974,11.74054494144762,3.694317332847318,0.0,0.28787982908468474,5.022758498146027,11.776495033979165,0.5188675180007754,0.1,0.0,0.0,0.6623096499697675,15.28813458188467,4.440892098500626e-16,0.3002607780164612
ordinary_buffer,steady,4008,0.9584117219651552,12.250001405840974,11.74054494144762,3.694317332847319,0.0,0.2843470953612053,5.026291231869532,23.717431795018694,0.8747408182720089,0.1,0.0,0.0,1.1474522264459122,31.56573893063581,4.440892098500626e-16,1.0000000000000002
adaptive_bridge,steady,4008,0.9394637655097051,12.250001405840974,11.508432448230543,4.715612130832446,0.0,0.27524212571872736,5.267508694729114,23.242386093315943,0.8558130979148063,5.1999999999999975,0.0,0.0,1.1285245060887108,31.090693228933077,4.440892098500626e-16,1.0000000000000002
unregulated,steady,4009,0.6311761401529692,12.294573210022161,7.760041263529888,68.46746575244458,10.158333616703237,0.020312740682462395,0.02618424031167077,17.719553995539204,0.5410227602218062,7.599999999999989,0.0,0.0,0.6836884386462523,21.243928344639176,2.220446049250313e-16,0.5595726589919673
rate_limiter,steady,4009,0.946203172293358,12.294573210022161,11.633164173315903,4.292592713648466,0.0,0.2869170100145006,4.663113561280401,11.668119361568497,0.5156593098935804,4.799999999999999,0.0,0.0,0.6583249883180203,15.192493710668277,2.220446049250313e-16,0.27966025037685205
ordinary_buffer,steady,4009,0.946203172293358,12.294573210022161,11.633164173315903,4.292592713648467,0.0,0.2834157419560821,4.666614829338805,23.500712249087854,0.8683032679228558,4.799999999999999,0.0,0.0,1.1406041562292564,31.373978922258043,4.440892098500626e-16,1.0
adaptive_bridge,steady,4009,0.9164425392022492,12.294573210022161,11.267269891000657,5.902527124468338,0.0,0.27143343522494906,5.044491418385213,22.753949975405376,0.8400693320415328,6.799999999999992,0.0,0.0,1.1123702203479346,30.62721664857563,4.440892098500626e-16,1.0
unregulated,steady,4010,0.9219433721391124,11.973576388905252,11.038959392552565,16.846296731323974,3.2993017590935216,0.19514558028906762,1.774714047446364,14.370307667785509,0.5369515688423372,6.8999999999999915,0.0,0.0,0.6769876884076474,17.802968639423558,4.440892098500626e-16,0.5541777544353856
rate_limiter,steady,4010,0.9631416068901025,11.973576388905252,11.532249603431596,3.4741556642507536,0.0,0.2879749238580823,4.487896252091754,11.568436500362361,0.5125729147854543,0.0,0.0,0.0,0.6526090343507653,15.001097472000403,4.440892098500626e-16,0.30278551997129755
ordinary_buffer,steady,4010,0.9631416068901025,11.973576388905252,11.532249603431596,3.474155664250755,0.0,0.28450561426130794,4.491365561688538,23.301377287337434,0.8622486122437976,0.0,0.0,0.0,1.1292018809708837,30.991756162496767,4.440892098500626e-16,1.0
adaptive_bridge,steady,4010,0.9463519421776702,11.973576388905252,11.33121727045318,4.358697797088928,0.0,0.27596911799969304,4.700934390928604,22.889741354764773,0.8453698925244949,4.5,0.0,0.0,1.1123231612515814,30.58012022992409,4.440892098500626e-16,1.0
unregulated,steady,4011,0.7340054104174794,11.62909405276124,8.535817952980482,68.09679010452135,10.276876701375821,0.02398719105677493,0.06193645033040651,18.614145555970982,0.5699496911834718,6.8999999999999915,0.0,0.0,0.7098531202460978,21.948383002996625,2.220446049250313e-16,0.548388135340527
rate_limiter,steady,4011,0.9622014716246412,11.62909405276124,11.189531411228227,3.403019952870076,0.0,0.28807666095025247,6.03838242243763,11.225646459931472,0.5024734777693108,0.0,0.0,0.0,0.6423769068319413,14.55988390695708,2.220446049250313e-16,0.29953284351570186
ordinary_buffer,steady,4011,0.9622014716246412,11.62909405276124,11.189531411228227,3.403019952870077,0.0,0.2847088461651256,6.041750237222814,22.615899891889544,0.8419362076359399,0.0,0.0,0.0,1.105867509772651,30.111029641766958,4.440892098500626e-16,1.0
adaptive_bridge,steady,4011,0.9462062418345882,11.62909405276124,11.003521379604173,4.221463969037069,0.0,0.2769772451402214,6.235491869871782,22.234510752271863,0.8264953559636075,4.699999999999999,0.0,0.0,1.0904266581003177,29.72964050214932,4.440892098500626e-16,1.0
unregulated,steady,4012,0.6864846732090824,13.281359787358133,9.117449933396795,68.38088982270436,8.754103794199818,0.019946285113674668,0.017206810413973317,17.67278517505852,0.5393498994316861,7.499999999999989,0.0,0.0,0.6869208267532694,21.479098546254523,4.440892098500626e-16,0.5761573073505533
rate_limiter,steady,4012,0.9527499185642128,13.281359787358133,12.65381445582747,3.995326768673638,0.0,0.2873195231922552,3.5873054225985,12.689448006104675,0.5459110318529249,1.8000000000000005,0.0,0.0,0.6934819591745142,16.49576137730056,4.440892098500626e-16,0.3134069099292531
ordinary_buffer,steady,4012,0.9527499185642127,13.281359787358133,12.653814455827469,3.9953267686736393,0.0,0.2835141362231401,3.5911108095676605,25.543063550820985,0.9289829540679948,1.8000000000000005,0.0,0.0,1.2145143447802313,33.977332698875614,4.440892098500626e-16,1.0
adaptive_bridge,steady,4012,0.9283101521490122,13.281359787358133,12.329221124948202,5.423537124067318,0.0,0.2716003522308963,3.927617924439161,24.880787070361826,0.9029822780347693,5.799999999999995,0.0,0.0,1.188513668747003,33.31505621841648,4.440892098500626e-16,1.0
unregulated,steady,4013,0.6751796256350503,12.436366571325195,8.396781325887599,68.36628595397364,9.280791324126605,0.02053142500996942,0.024214990142551907,17.478826124725867,0.5339452718541005,7.39999999999999,0.0,0.0,0.6767474742930012,21.04371286276973,4.440892098500626e-16,0.5619557406945428
rate_limiter,steady,4013,0.9520658369644034,12.436366571325195,11.84023974852485,4.0612256681087695,0.0,0.2874611966526634,4.213143565316862,11.87579015522913,0.5218138834387446,2.400000000000001,0.0,0.0,0.6646160858776491,15.44067689327299,4.440892098500626e-16,0.29457522041448886
ordinary_buffer,steady,4013,0.9520658369644034,12.436366571325195,11.84023974852485,4.06122566810877,0.0,0.28389867308263333,4.2167060888869985,23.915991955025508,0.8806452779538402,2.400000000000001,0.0,0.0,1.1542732307495198,31.869653895647946,4.440892098500626e-16,1.0000000000000002
adaptive_bridge,steady,4013,0.9279817976204557,12.436366571325195,11.540721806725298,5.379104333901696,0.0,0.27278197076479854,4.527340733004387,23.303854997538714,0.8566788301147229,5.999999999999995,0.0,0.0,1.1303067829104037,31.257516938161082,4.440892098500626e-16,1.0000000000000002
unregulated,steady,4014,0.7628664801447063,12.295642191609659,9.379933279832002,68.03412719862001,9.363117488862619,0.023626309448378523,0.05128600474178446,18.544541559380626,0.5676083517071747,6.8999999999999915,0.0,0.0,0.712075461383401,22.06922133179128,4.440892098500626e-16,0.5595906250690673
rate_limiter,steady,4014,0.9650883684124679,12.295642191609659,11.866381261284067,3.3215928896334312,0.0,0.28815850678710003,5.2817477253136484,11.902664816219941,0.5225908598549781,0.0,0.0,0.0,0.6670579695312251,15.427344588630564,4.440892098500626e-16,0.3194956169167674
ordinary_buffer,steady,4014,0.9650883684124679,12.295642191609659,11.866381261284067,3.3215928896334317,0.0,0.2845884831595811,5.285317748940984,23.969733611823578,0.882223264955927,0.0,0.0,0.0,1.1563527069536832,31.8442921984666,4.440892098500626e-16,1.0000000000000002
adaptive_bridge,steady,4014,0.9490641519156979,12.295642191609659,11.669353228838894,4.188516106078188,0.0,0.2768632509484314,5.490071013597303,23.566725354044657,0.8660401613825353,4.200000000000001,0.0,0.0,1.1401696033802915,31.44128394068767,4.440892098500626e-16,1.0000000000000002
unregulated,steady,4015,0.5912007639294703,13.429680031860231,7.939637094164121,68.65214696320476,9.980554975020398,0.018596243822192094,0.013689745141541643,17.72124981148631,0.5400100391371973,7.899999999999988,0.0,0.0,0.6883602235057515,21.56994039539711,4.440892098500626e-16,0.5786500845690781
rate_limiter,steady,4015,0.9372805187487169,13.429680031860231,12.587377466891242,5.245932463768994,0.0,0.28589188314605846,3.6991531726680984,12.62136526908846,0.5440275498360944,6.499999999999993,0.0,0.0,0.6923777342046594,16.470055852999266,4.440892098500626e-16,0.29365525198567544
ordinary_buffer,steady,4015,0.9372805187487169,13.429680031860231,12.587377466891242,5.2459324637689955,0.0,0.28210463666612473,3.702940419148232,25.406917440522758,0.9250696626982217,6.499999999999993,0.0,0.0,1.212632421219988,33.92552412871135,4.440892098500626e-16,1.0000000000000002
adaptive_bridge,steady,4015,0.8823801377734944,13.429680031860231,11.850082916766778,8.490026862720146,0.0,0.26376387891299646,4.458575727025739,23.9096679477819,0.8713570342436829,8.999999999999984,0.0,0.0,1.158919792765446,32.42827463597056,4.440892098500626e-16,1.0000000000000002
unregulated,steady,4016,0.6778105015410755,12.23959783065785,8.296127944259256,68.33895867906777,9.858124486150555,0.02131598605846922,0.032832902434795086,17.955524001119255,0.5486617686286064,7.29999999999999,0.0,0.0,0.6915641851546168,21.464191098972254,4.440892098500626e-16,0.5586487030362661
rate_limiter,steady,4016,0.9530219383735008,12.23959783065785,11.66460524948564,3.9454123624733843,0.0,0.2875368850676954,4.874503531476702,11.700186231646304,0.5166109573105458,2.1000000000000005,0.0,0.0,0.6595133738365617,15.208853329499298,2.220446049250313e-16,0.29442662671611286
ordinary_buffer,steady,4016,0.9530219383735008,12.23959783065785,11.66460524948564,3.9454123624733843,0.0,0.28402644987629067,4.878013966668103,23.564836688266052,0.8702105319074815,2.1000000000000005,0.0,0.0,1.1422895591172262,31.40704319499008,4.440892098500626e-16,1.0
adaptive_bridge,steady,4016,0.9305073388696458,12.23959783065785,11.389035606240125,5.157918549083061,0.0,0.2737942192549251,5.163815840534979,23.001251872352995,0.8481818840712998,5.999999999999995,0.0,0.0,1.120260911281042,30.843458379077017,4.440892098500626e-16,1.0
unregulated,steady,4017,0.701272578195041,12.140588660209847,8.513861910550837,68.25349955535832,9.162974915581222,0.021348930442974794,0.02993397120202612,17.47816783099688,0.5344188975604004,7.19999999999999,0.0,0.0,0.675552524845207,20.958546594435873,2.220446049250313e-16,0.556984683364868
rate_limiter,steady,4017,0.9566378966465073,12.140588660209847,11.614147199953587,3.705470026470483,0.0,0.28771951908213045,4.444355914196288,11.649972172406189,0.5150736802953704,0.4,0.0,0.0,0.6562073075801771,15.130350935845422,2.220446049250313e-16,0.29483457025975723
ordinary_buffer,steady,4017,0.9566378966465073,12.140588660209847,11.614147199953587,3.705470026470484,0.0,0.28422491072474393,4.44785052255361,23.464423845914453,0.8671778410390627,0.4,0.0,0.0,1.1366401351658704,31.249854678095673,4.440892098500626e-16,1.0
adaptive_bridge,steady,4017,0.9374575021073066,12.140588660209847,11.381285919512615,4.730059480926342,0.0,0.2747307890555435,4.69020592466376,22.987663915445914,0.8479997588778195,5.399999999999997,0.0,0.0,1.1174620530046255,30.773094747627148,4.440892098500626e-16,1.0
unregulated,steady,4018,0.6994346694339693,12.455346613433166,8.711701241252134,68.26761832297937,9.927750993554977,0.02196049133407123,0.03806502177558024,18.440761922771543,0.5635260567384851,7.29999999999999,0.0,0.0,0.7088451424491333,22.011071529988694,4.440892098500626e-16,0.562274732998876
rate_limiter,steady,4018,0.9567030110121201,12.455346613433166,11.916067608271122,3.570584325425092,0.0,0.28781032524871836,5.114152374070916,11.95192873745184,0.5241084134281389,0.1,0.0,0.0,0.6694274991387656,15.522238344669072,4.440892098500626e-16,0.29994502606483253
ordinary_buffer,steady,4018,0.9567030110121201,12.455346613433166,11.916067608271122,3.5705843254250937,0.0,0.2842246002822791,5.1177380990373145,24.068246344794915,0.8852078168920189,0.1,0.0,0.0,1.1615368104361061,32.03362326722639,4.440892098500626e-16,1.0000000000000002
adaptive_bridge,steady,4018,0.938567041066292,12.455346613433166,11.690177816425027,4.56449923880338,0.0,0.2754161919560909,5.352436299209613,23.60585135236971,0.8668736825328849,5.299999999999997,0.0,0.0,1.1432026760769736,31.571228274801204,4.440892098500626e-16,1.0000000000000002
unregulated,steady,4019,0.6952441435714203,13.383321158173723,9.304675656755759,68.39342384895485,9.505894489908114,0.020873338816230165,0.026452849059803496,18.61180986287746,0.567945266554965,7.499999999999989,0.0,0.0,0.7194058493152053,22.44725505430642,2.220446049250313e-16,0.5778709438348533
rate_limiter,steady,4019,0.9524202961045356,13.383321158173723,12.746546700329914,4.3792992674268945,0.0,0.28751912410239555,4.443708747702308,12.782167990930613,0.5488153066071264,2.400000000000001,0.0,0.0,0.7002758893673506,16.617613182359655,2.220446049250313e-16,0.31608326669925674
ordinary_buffer,steady,4019,0.9524202961045354,13.383321158173723,12.746546700329912,4.379299267426895,0.0,0.2836849233185535,4.447542948486038,25.728475846435302,0.9346487918172882,2.400000000000001,0.0,0.0,1.2249621978545304,34.22200744296327,4.440892098500626e-16,1.0000000000000002
adaptive_bridge,steady,4019,0.9232334060293323,13.383321158173723,12.355929176845155,6.098015980203316,0.0,0.2711698975534478,4.850675497735918,24.932595113257175,0.9044082027913332,6.199999999999994,0.0,0.0,1.1947216088285784,33.4261267097852,4.440892098500626e-16,1.0000000000000002
unregulated,steady,4020,0.7222907095779514,12.4616566610337,9.000938832214835,68.18896183977363,9.398493309358345,0.022134902843525955,0.03687997256513742,18.20079812558967,0.5564538674095194,7.099999999999991,0.0,0.0,0.7013166999509381,21.772910603549974,4.440892098500626e-16,0.5623807842190549
rate_limiter,steady,4020,0.9600658828724422,12.4616566610337,11.96401140432857,3.403197773456497,0.0,0.28790341402815306,4.825093772652691,12.000023384977595,0.525503131241167,0.0,0.0,0.0,0.670365963782581,15.572135862937895,4.440892098500626e-16,0.3118400309434873
ordinary_buffer,steady,4020,0.9600658828724422,12.4616566610337,11.96401140432857,3.403197773456499,0.0,0.28430402745643163,4.8286931592243345,24.164421407507415,0.8880358407898876,0.0,0.0,0.0,1.1639569184089533,32.133199815019495,6.661338147750939e-16,1.0
adaptive_bridge,steady,4020,0.9432186531454607,12.4616566610337,11.754067011781366,4.326952952833001,0.0,0.2759578368053837,5.046983742422577,23.73478151785262,0.8708332018662497,4.799999999999999,0.0,0.0,1.1467542794853143,31.70355992536468,6.661338147750939e-16,1.0
unregulated,steady,4021,0.8963635687940739,12.875564531676023,11.541186973851518,22.6104187165514,3.901125974192756,0.16289789208537664,1.0774480202977657,15.470561091940835,0.5507757550309288,7.29999999999999,0.0,0.0,0.6970269853499753,19.160932961513502,4.440892098500626e-16,0.5693372190197685
rate_limiter,steady,4021,0.9569502899457539,12.875564531676023,12.321275211802636,3.9386996956597957,0.0,0.28765445001852735,4.073729198606157,12.357157463471042,0.536066248684077,0.2,0.0,0.0,0.6823174790031258,16.047529333043588,2.220446049250313e-16,0.31739648422118094
ordinary_buffer,steady,4021,0.9569502899457539,12.875564531676023,12.321275211802636,3.9386996956597975,0.0,0.2839485874992581,4.077435061125465,24.87858248397429,0.9092387948540483,0.2,0.0,0.0,1.190033242862471,33.08241937949986,4.440892098500626e-16,1.0
adaptive_bridge,steady,4021,0.9346198047265163,12.875564531676023,12.033757608338703,5.20377691716281,0.0,0.27311740639692966,4.375783845691737,24.291436954668676,0.885989800870547,5.399999999999997,0.0,0.0,1.1667842488789684,32.49527385019421,4.440892098500626e-16,1.0
unregulated,steady,4022,0.6384325304481308,13.46406722531935,8.595898508784376,68.53342008460629,9.203377576577884,0.01899979301315306,0.013439966031082218,17.6004064048073,0.5366295205545044,7.699999999999989,0.0,0.0,0.6844770732077091,21.458921901134946,4.440892098500626e-16,0.579228020593605
rate_limiter,steady,4022,0.9450965236790477,13.46406722531935,12.72484312923032,4.569274838931831,0.0,0.2867748769412034,3.4400914273545444,12.759864286528233,0.548054594721099,5.1999999999999975,0.0,0.0,0.6959021473742968,16.618379782856113,4.440892098500626e-16,0.30436994008373475
ordinary_buffer,steady,4022,0.9450965236790477,13.46406722531935,12.72484312923032,4.5692748389318325,0.0,0.28294784486412833,3.4439184594315586,25.68387440842131,0.9332239263438991,5.1999999999999975,0.0,0.0,1.2205681191285485,34.22177231924719,4.440892098500626e-16,1.0000000000000002
adaptive_bridge,steady,4022,0.9088706925727726,13.46406722531935,12.237096103922367,6.715361096942678,0.0,0.2680130363319635,3.946600293271678,24.691180369428196,0.8960046078882026,6.799999999999992,0.0,0.0,1.1833488006728505,33.229078280254065,4.440892098500626e-16,1.0000000000000002
unregulated,steady,4023,0.7176699120340226,11.919959750968506,8.554596465926657,68.15644223039736,10.531157046165324,0.02356289279415009,0.05769805266277128,18.88714409568889,0.5778424305668599,7.099999999999991,0.0,0.0,0.7202011836453436,22.304486027916543,4.440892098500626e-16,0.553276634470062
rate_limiter,steady,4023,0.9600156442455465,11.919959750968506,11.443347839707014,3.3087449277802423,0.0,0.28797249054910956,6.053481848591432,11.47935812647669,0.5100344797282477,0.0,0.0,0.0,0.6523932328067256,14.896700058704234,4.440892098500626e-16,0.2937114634030575
ordinary_buffer,steady,4023,0.9600156442455464,11.919959750968506,11.443347839707013,3.3087449277802454,0.0,0.2845284819278936,6.056925857212581,23.123247046851933,0.8570554859756767,0.0,0.0,0.0,1.1259055967244243,30.784126340708454,6.661338147750939e-16,1.0
adaptive_bridge,steady,4023,0.9446160613715816,11.919959750968506,11.259785431667648,4.116419398779766,0.0,0.27696759085123557,6.248049156328619,22.746904055862387,0.8418917284793241,4.699999999999999,0.0,0.0,1.1107418392280721,30.407783349718862,6.661338147750939e-16,1.0
unregulated,steady,4024,0.6114431058436475,12.629572823146363,7.722265232463135,68.55162629041126,10.101507806005687,0.01957222312971654,0.020564937516469373,17.624899955399368,0.5377432592023615,7.699999999999989,0.0,0.0,0.6820376562716127,21.244988479677705,4.440892098500626e-16,0.565202904590697
rate_limiter,steady,4024,0.9421110334429976,12.629572823146363,11.898459904358017,4.745951659011055,0.0,0.2864936696795863,4.297758079336274,11.932997159191837,0.5235490641927029,5.899999999999995,0.0,0.0,0.6678434612619552,15.553085683470066,4.440892098500626e-16,0.283894950633278
ordinary_buffer,steady,4024,0.9421110334429976,12.629572823146363,11.898459904358017,4.745951659011057,0.0,0.28291265438770713,4.3013390946282195,24.03038794133209,0.8840838022125818,5.899999999999995,0.0,0.0,1.1608390534192004,32.09409404521153,4.440892098500626e-16,1.0
adaptive_bridge,steady,4024,0.9030308670597361,12.629572823146363,11.40489409707994,6.917640473189521,0.0,0.2685489830077693,4.809268573286235,23.02528729073314,0.8469956064577355,7.29999999999999,0.0,0.0,1.1237508576643522,31.08899339461258,4.440892098500626e-16,1.0
unregulated,steady,4025,0.7016097943178324,13.123622721634115,9.207662238430544,68.3554647949245,9.291634102177232,0.020965418824535877,0.02657274286911049,18.3005641671222,0.5587127848968525,7.39999999999999,0.0,0.0,0.7078057187301526,22.061809805253986,4.440892098500626e-16,0.5735062642291443
rate_limiter,steady,4025,0.953877453160148,13.123622721634115,12.518327817947,4.252069617010033,0.0,0.28758836483041883,4.360425559352628,12.554041434897858,0.5420017471308421,2.0000000000000004,0.0,0.0,0.6910946809641572,16.315287073029666,4.440892098500626e-16,0.31282061856413723
ordinary_buffer,steady,4025,0.9538774531601479,13.123622721634115,12.518327817946998,4.252069617010035,0.0,0.2838229200025604,4.364191004180513,25.272291258184236,0.9210393218031734,2.0000000000000004,0.0,0.0,1.2067837545259128,33.61776854501149,4.440892098500626e-16,1.0
adaptive_bridge,steady,4025,0.9272425281373006,13.123622721634115,12.168781110728139,5.7900748042131625,0.0,0.27194551120093846,4.725615120200963,24.559391718969177,0.8935851590132774,5.899999999999995,0.0,0.0,1.1793295917360183,32.904869005796385,4.440892098500626e-16,1.0
unregulated,steady,4026,0.6956282964757371,12.035503722768528,8.372236951896863,68.26612616371416,9.297236461067133,0.021371349224922953,0.030925693996758152,17.470797572425845,0.5342187703851965,7.19999999999999,0.0,0.0,0.6747084793421629,20.921152068024732,4.440892098500626e-16,0.5552185499624936
rate_limiter,steady,4026,0.9559719348227393,12.035503722768528,11.505603780421312,3.753689314369889,0.0,0.2877267555109378,4.546392704369164,11.541409879110432,0.5118559281392528,0.9999999999999999,0.0,0.0,0.6523456370962346,14.991764374709312,4.440892098500626e-16,0.2914615961524138
ordinary_buffer,steady,4026,0.9559719348227392,12.035503722768528,11.50560378042131,3.75368931436989,0.0,0.28426449197904535,4.549854967900978,23.247331758552367,0.8607257550436213,0.9999999999999999,0.0,0.0,1.1286564405687776,30.972973273103943,4.440892098500626e-16,1.0
adaptive_bridge,steady,4026,0.936530180830232,12.035503722768528,11.27161247786734,4.783250863184709,0.0,0.2747055216167455,4.793405240817243,22.76805861489327,0.8414810438589619,5.4999999999999964,0.0,0.0,1.1094117293841188,30.4937001294449,4.440892098500626e-16,1.0
unregulated,steady,4027,0.9213261424743437,12.445206990755967,11.46609454908793,16.442149001376865,3.259646036306957,0.19387113280434895,1.613664263319625,14.757976641878743,0.5475282587753936,6.999999999999991,0.0,0.0,0.6909467986112502,18.325389214045668,4.440892098500626e-16,0.5621043191723678
rate_limiter,steady,4027,0.9627926330276058,12.445206990755967,11.982153607203504,3.319135814028522,0.0,0.2878780618757985,4.263244312439593,12.018336197051187,0.5259182317353401,0.0,0.0,0.0,0.6693367715711944,15.585748769217915,2.220446049250313e-16,0.31648256670002833
ordinary_buffer,steady,4027,0.9627926330276058,12.445206990755967,11.982153607203504,3.319135814028524,0.0,0.28427399099110673,4.266848383324279,24.201041664198968,0.8889970422157015,0.0,0.0,0.0,1.1633215196782392,32.159948087731145,4.440892098500626e-16,1.0
adaptive_bridge,steady,4027,0.9468802684865814,12.445206990755967,11.78412093677809,4.1904794333186866,0.0,0.27596862355076907,4.473186421190024,23.795854359418197,0.8724191244552553,4.4,0.0,0.0,1.1467436019177928,31.754760782950363,4.440892098500626e-16,1.0
unregulated,steady,4028,0.7175711583549801,12.143790639570183,8.71403391605674,68.18868867954443,10.0694730353804,0.022876253828492735,0.047887797119362085,18.584879710231476,0.5683891426496426,7.099999999999991,0.0,0.0,0.7118742148127846,22.066173324916587,4.440892098500626e-16,0.5570384981440364
rate_limiter,steady,4028,0.9593492680366702,12.143790639570183,11.650136661262222,3.4859897112761984,0.0,0.2879237016254106,5.534318119208574,11.68610519545305,0.5161908521905353,0.0,0.0,0.0,0.6596759243536774,15.167398810138003,2.220446049250313e-16,0.29975820318092805
ordinary_buffer,steady,4028,0.9593492680366702,12.143790639570183,11.650136661262222,3.4859897112762,0.0,0.2844177662682589,5.537824054565926,23.536679110020316,0.8693711299654726,0.0,0.0,0.0,1.141235424562109,31.324819230257244,4.440892098500626e-16,1.0
adaptive_bridge,steady,4028,0.9421037331111647,12.143790639570183,11.440710495659488,4.407464690658152,0.0,0.27613616174792815,5.755531824688982,23.107809084853194,0.8522706812568704,4.799999999999999,0.0,0.0,1.1241349758535077,30.895949205090155,4.440892098500626e-16,1.0
unregulated,steady,4029,0.6516372211660243,13.136800026134084,8.56042786404377,68.49298340797937,9.556351317544914,0.019810975984166323,0.01966769322415529,17.917947012663134,0.5466079341996488,7.599999999999989,0.0,0.0,0.6945212428259181,21.68295759493784,4.440892098500626e-16,0.5737277315316676
rate_limiter,steady,4029,0.9469065066702084,13.136800026134084,12.439321421571728,4.589911386499302,0.0,0.28704740834420095,4.049415085430037,12.474469044419536,0.5396471791357244,4.4,0.0,0.0,0.6875604877619836,16.239479626694482,4.440892098500626e-16,0.3042151305995644
ordinary_buffer,steady,4029,0.9469065066702084,13.136800026134084,12.439321421571728,4.589911386499303,0.0,0.2833050964815133,4.053157397292716,25.11316981566236,0.916313701910357,4.4,0.0,0.0,1.2009777109579856,33.46566167328524,6.661338147750939e-16,1.0
adaptive_bridge,steady,4029,0.9125822936920414,13.136800026134084,11.98841109962311,6.573916247058576,0.0,0.2694637391437195,4.517909076579161,24.194840477346006,0.8818824520402027,6.5999999999999925,0.0,0.0,1.1665464610878276,32.547332334968814,4.440892098500626e-16,1.0
unregulated,steady,4030,0.9287435720585331,11.86954349243688,11.023762221869944,16.201504286506683,3.270156515035422,0.20437821462121547,2.214350008226848,14.326615174675098,0.5413704827870136,6.5999999999999925,0.0,0.0,0.6816441240029871,17.729552461607817,4.440892098500626e-16,0.5524293023938956
rate_limiter,steady,4030,0.9685117671924621,11.86954349243688,11.495792543627832,3.0037242095612475,0.0,0.28819657265135334,4.928657843474166,11.53222095546613,0.5114804494576548,0.0,0.0,0.0,0.6517540906736269,14.935158242398847,2.220446049250313e-16,0.3275812057600968
ordinary_buffer,steady,4030,0.9685117671924621,11.86954349243688,11.495792543627832,3.0037242095612493,0.0,0.28473802582149565,4.932116390304241,23.228957190642724,0.8600771844637657,0.0,0.0,0.0,1.126398158090909,30.860477923884464,6.661338147750939e-16,1.0
adaptive_bridge,steady,4030,0.9546430453132135,11.86954349243688,11.33117714609758,3.7280318593840316,0.0,0.27796164009977353,5.1035081735562144,22.8921009031331,0.8463042076468074,3.5000000000000018,0.0,0.0,1.1126251812739507,30.523621636374838,4.440892098500626e-16,1.0
unregulated,steady,4031,0.5985357630878947,12.943866367716561,7.7473669337089675,68.60723905153822,10.79099495669884,0.019775819541193323,0.02367250901390827,18.339452735130767,0.5591966871520575,7.799999999999988,0.0,0.0,0.7073347130914672,22.049339415000542,4.440892098500626e-16,0.5704851490372508
rate_limiter,steady,4031,0.9390689427240512,12.943866367716561,12.155182904692996,5.067353848852543,0.0,0.28612894868532723,4.759748810621412,12.18934993151753,0.5311920476006428,6.399999999999993,0.0,0.0,0.6793300735400521,15.899236611387293,4.440892098500626e-16,0.28864235105155817
ordinary_buffer,steady,4031,0.9390689427240512,12.943866367716561,12.155182904692996,5.067353848852543,0.0,0.2824707698455194,4.763406989461346,24.54301647356185,0.8993636237683633,6.399999999999993,0.0,0.0,1.1826362153556476,32.78627596690513,4.440892098500626e-16,1.0
adaptive_bridge,steady,4031,0.8916670957170705,12.943866367716561,11.541619731451693,7.767030686849443,0.0,0.26640878457745315,5.39303214797068,23.29553914433928,0.8542408390256281,8.399999999999986,0.0,0.0,1.1375134306129153,31.53879863768262,4.440892098500626e-16,1.0
unregulated,steady,4032,0.6893562865927165,11.847080550456921,8.16685945522778,68.2513273952946,10.771141339189626,0.0229318514680499,0.05230030969738397,18.739325933655937,0.5730604412499868,7.19999999999999,0.0,0.0,0.7146874839089262,22.135845237165892,2.220446049250313e-16,0.5520517739572579
rate_limiter,steady,4032,0.9561445181200077,11.847080550456921,11.327521124045548,3.534939850758115,0.0,0.2877324722621636,6.01566296743032,11.363291392527795,0.5065756910565699,0.7,0.0,0.0,0.6482027337155191,14.759810696037656,2.220446049250313e-16,0.28597299707528984
ordinary_buffer,steady,4032,0.9561445181200077,11.847080550456921,11.327521124045548,3.534939850758118,0.0,0.2843230949128111,6.019072344779695,22.891148210226568,0.8501388182753112,0.7,0.0,0.0,1.1176387984448084,30.510453442574946,4.440892098500626e-16,1.0
adaptive_bridge,steady,4032,0.9385292319339695,11.847080550456921,11.118831409680203,4.4531744350014515,0.0,0.2758814103281614,6.23620374372968,22.46329212004308,0.833079601550335,5.4999999999999964,0.0,0.0,1.1005795817198316,30.082597352391453,4.440892098500626e-16,1.0
unregulated,steady,4033,0.6520787707196385,12.844704064908761,8.375758836903248,68.47145553622617,9.48313712415349,0.019884000220700533,0.02032012044716014,17.660079582313163,0.5389616350884463,7.599999999999989,0.0,0.0,0.684497425045292,21.34163417566615,4.440892098500626e-16,0.5688185557127504
rate_limiter,steady,4033,0.947574482957663,12.844704064908761,12.171313813050112,4.513569299198059,0.0,0.28708805660019504,4.059806996678805,12.20650219332743,0.5316616942015633,4.300000000000001,0.0,0.0,0.6771974841584095,15.88805678668066,2.220446049250313e-16,0.2955193575265754
ordinary_buffer,steady,4033,0.947574482957663,12.844704064908761,12.171313813050112,4.5135692991980605,0.0,0.28342604108819763,4.063469012190815,24.577316477042025,0.9003451452215606,4.300000000000001,0.0,0.0,1.180158319227197,32.76339366929706,4.440892098500626e-16,1.0000000000000002
adaptive_bridge,steady,4033,0.9155124824427736,12.844704064908761,11.759486904707405,6.325607217992373,0.0,0.27013341168389626,4.488588549937763,23.737822972885862,0.8685393781895345,6.5999999999999925,0.0,0.0,1.148352552195171,31.923900165140964,4.440892098500626e-16,1.0000000000000002
unregulated,steady,4034,0.9302344028522246,11.81041224149402,10.986451778904794,15.828937790477054,3.222009980543813,0.20605996898833295,2.238664247606798,14.241398822545962,0.539791644080772,6.5999999999999925,0.0,0.0,0.6795592129539544,17.627441466352103,4.440892098500626e-16,0.5514354998570404
rate_limiter,steady,4034,0.9697960189025168,11.81041224149402,11.453690773398451,2.7800154072417755,0.0,0.28822329293068616,4.911271909714509,11.490157078226966,0.5102194985591161,0.0,0.0,0.0,0.6499870674323025,14.876199722033128,4.440892098500626e-16,0.314988773616066
ordinary_buffer,steady,4034,0.9697960189025168,11.81041224149402,11.453690773398451,2.780015407241776,0.0,0.28477733229841345,4.914717870346932,23.1448420223266,0.8575630843727312,0.0,0.0,0.0,1.1228770879639993,30.74266438879096,4.440892098500626e-16,1.0
adaptive_bridge,steady,4034,0.9569448030463306,11.81041224149402,11.301912616332467,3.4478392065524304,0.0,0.27867409019007955,5.072599269521247,22.834397253333325,0.8449344698661334,3.0000000000000013,0.0,0.0,1.1102484734574023,30.432219619797642,4.440892098500626e-16,1.0
unregulated,steady,4035,0.6355595470883165,12.38438947424364,7.871016965215603,68.47050434322853,10.74264699384708,0.020977812566668665,0.03331595304709589,18.414844716224316,0.5621846440441509,7.599999999999989,0.0,0.0,0.706973486035206,21.96488085510176,4.440892098500626e-16,0.5610821760377053
rate_limiter,steady,4035,0.9462290317407265,12.38438947424364,11.718468860913605,4.394932621924587,0.0,0.2870135866163512,5.280926469478899,11.753520243750009,0.5182045108229945,4.799999999999999,0.0,0.0,0.6629933528140394,15.303556382627495,4.440892098500626e-16,0.28147569371383235
ordinary_buffer,steady,4035,0.9462290317407265,12.38438947424364,11.718468860913605,4.394932621924588,0.0,0.2834865617479318,5.284453494347339,23.671488265151865,0.8733925542376207,4.799999999999999,0.0,0.0,1.1485910099845253,31.59645660679163,4.440892098500626e-16,1.0
adaptive_bridge,steady,4035,0.9159115628521821,12.38438947424364,11.343005518324606,6.046970888293163,0.0,0.27130769409382427,5.672095704590449,22.905212642361487,0.844492519544416,6.699999999999992,0.0,0.0,1.1196909752913193,30.830180984001295,4.440892098500626e-16,1.0
unregulated,steady,4036,0.7200730349055612,11.852062005940828,8.534350258506706,68.14795095001668,9.10621721629631,0.022077642222714938,0.035620964788597,17.44196802160135,0.5337795238907027,6.999999999999991,0.0,0.0,0.6730886503843402,20.839910598106634,4.440892098500626e-16,0.5521354958981669
rate_limiter,steady,4036,0.9606643713415856,11.852062005940828,11.385853696038637,3.326013551264242,0.0,0.2879401367538088,4.642162973541855,11.421913674413613,0.5082679463270798,0.0,0.0,0.0,0.6475770728207136,14.819856250919091,4.440892098500626e-16,0.3009821991062203
ordinary_buffer,steady,4036,0.9606643713415856,11.852062005940828,11.385853696038637,3.3260135512642437,0.0,0.2845140788543114,4.645589031441371,23.008375393207444,0.8535781018798896,0.0,0.0,0.0,1.1187781722677235,30.62962364630737,4.440892098500626e-16,1.0000000000000002
adaptive_bridge,steady,4036,0.9452598008340599,11.852062005940828,11.203277771208557,4.129347497666403,0.0,0.2765166597766446,4.836162375349121,22.633962234527242,0.8381874451256021,4.799999999999999,0.0,0.0,1.1033875155134365,30.255210487627178,4.440892098500626e-16,1.0000000000000002
unregulated,steady,4037,0.6884388996510418,13.247659798831995,9.12020433485924,68.39174748327382,8.913795960244974,0.020152337433410872,0.019301429000513126,17.83523474796281,0.5443262410157762,7.499999999999989,0.0,0.0,0.6924558616885341,21.631919551008437,4.440892098500626e-16,0.5755909209887735
rate_limiter,steady,4037,0.9526554665366268,13.247659798831995,12.62045552617481,4.206120039218826,0.0,0.2874079686778446,3.785275002338302,12.656101310475167,0.5449681003442997,2.1000000000000005,0.0,0.0,0.6930977210170791,16.452786113520915,2.220446049250313e-16,0.31382741051143903
ordinary_buffer,steady,4037,0.9526554665366268,13.247659798831995,12.62045552617481,4.206120039218827,0.0,0.28361230216241734,3.7890706688537916,25.476380216689346,0.9270464027347955,2.1000000000000005,0.0,0.0,1.2128588496476838,33.89176876988355,4.440892098500626e-16,1.0000000000000002
adaptive_bridge,steady,4037,0.9259412219756696,13.247659798831995,12.266554302448451,5.763285082488358,0.0,0.27119125809946437,4.155392936643109,24.754586186916296,0.8990435390945877,5.799999999999995,0.0,0.0,1.1848559860074772,33.169974740110504,4.440892098500626e-16,1.0000000000000002
unregulated,steady,4038,0.6598621901296206,12.025772648295941,7.935352677705447,68.36047609437804,9.24156526608596,0.020298551627325984,0.02284469779989884,16.9781675699199,0.51887298662287,7.39999999999999,0.0,0.0,0.6578695689881424,20.425741758526403,4.440892098500626e-16,0.5550550024923674
rate_limiter,steady,4038,0.951475030798425,12.025772648295941,11.442222400912238,3.847800944135876,0.0,0.2873833852335301,4.108394289653919,11.477687711186219,0.5099552865517493,3.0000000000000013,0.0,0.0,0.6489518689170061,14.925261899792785,4.440892098500626e-16,0.28563698972836615
ordinary_buffer,steady,4038,0.951475030798425,12.025772648295941,11.442222400912238,3.8478009441358783,0.0,0.28393989090829563,4.1118377839791505,23.119906249478575,0.8569265241492549,3.0000000000000013,0.0,0.0,1.1232677848552042,30.839464550874464,6.661338147750939e-16,1.0
adaptive_bridge,steady,4038,0.9298523532550889,12.025772648295941,11.182192996728663,4.9919300880874795,0.0,0.273614581383973,4.382192497687033,22.587695711380224,0.8357593694370954,5.999999999999995,0.0,0.0,1.1021006301430438,30.30725401277612,4.440892098500626e-16,1.0
unregulated,steady,4039,0.6682029418697298,12.472815409191801,8.33437194982006,68.38605643312225,9.863110000137702,0.020917370639564115,0.029339442285727158,17.99871965220251,0.5497058708675481,7.39999999999999,0.0,0.0,0.6941554769509687,21.57402034392247,4.440892098500626e-16,0.5625683262049015
rate_limiter,steady,4039,0.9509620614144485,12.472815409191801,11.861174253166933,4.100010981533648,0.0,0.2874077380020329,4.717734286810457,11.896625927927124,0.5224649671334316,3.1000000000000014,0.0,0.0,0.6669145732168409,15.471926619646933,4.440892098500626e-16,0.29142388611852343
ordinary_buffer,steady,4039,0.9509620614144485,12.472815409191801,11.861174253166933,4.10001098153365,0.0,0.2838383600150695,4.721303664797457,23.957657148387707,0.8819166753425333,3.1000000000000014,0.0,0.0,1.1575138915592291,31.932600800191864,4.440892098500626e-16,1.0000000000000002
adaptive_bridge,steady,4039,0.9259477622282157,12.472815409191801,11.549175516826756,5.472805118601309,0.0,0.27282088106523966,5.044319880087459,23.32020368775219,0.8573274083376603,6.199999999999994,0.0,0.0,1.1329246245543556,31.295147339556337,4.440892098500626e-16,1.0000000000000002
unregulated,bursty_supply,4000,0.36531031656764734,12.508496539913823,4.56948283078124,67.07535907030898,14.181334230429107,0.020273995603959292,0.22569395338116816,18.552005590118565,0.5657977167686189,36.00000000000024,0.0,0.0,0.7099583862200175,22.137500890616124,4.440892098500626e-16,0.5631680090741806
rate_limiter,bursty_supply,4000,0.946863582808944,12.508496539913823,11.843839849336081,4.430753252005589,0.0,0.25952708275202174,5.6581621394323935,11.878959252724629,0.5035756656608922,4.5,0.0,0.0,0.6477363351122913,15.464454553222172,4.440892098500626e-16,0.2880550502696634
ordinary_buffer,bursty_supply,4000,0.946863582808944,12.508496539913823,11.843839849336081,4.43075325200559,0.0,0.2560246912585402,5.661771494672799,23.922238394294308,0.8625394624673036,4.5,0.0,0.0,1.1377602735533545,31.917853070337145,4.440892098500626e-16,1.0
adaptive_bridge,bursty_supply,4000,0.9163168483754266,12.508496539913823,11.461746127368762,6.111965188111213,0.0,0.24408576309732508,6.055804144801311,23.142413557557752,0.8333713154031838,6.799999999999992,0.0,0.0,1.1085921264892362,31.138028233600583,4.440892098500626e-16,1.0
unregulated,bursty_supply,4001,0.40141677531542364,11.725956653999246,4.706995707536812,66.44516302795121,13.536266131520552,0.02102777338867746,0.14924348609793392,18.044629113143117,0.5510611953257193,35.600000000000236,0.0,0.0,0.6914310755331202,21.406541589093756,4.440892098500626e-16,0.5500160782184744
rate_limiter,bursty_supply,4001,0.9583528033660238,11.725956653999246,11.237603431508658,3.3622525990747083,0.0,0.2611021748582518,5.563870793671842,11.27352239945221,0.4860505882519936,0.1,0.0,0.0,0.6264204684593937,14.635434875402586,2.220446049250313e-16,0.28939862549227824
ordinary_buffer,bursty_supply,4001,0.9583528033660238,11.725956653999246,11.237603431508658,3.362252599074709,0.0,0.2578515340127561,5.567221969888998,22.71158258717083,0.8270256250343893,0.1,0.0,0.0,1.0920911430364695,30.263234221966623,4.440892098500626e-16,1.0000000000000002
adaptive_bridge,bursty_supply,4001,0.942690993748322,11.725956653999246,11.053953730808297,4.170311153922211,0.0,0.25000475792417587,5.758718446677939,22.334536481775416,0.8117185393200752,5.099999999999998,0.0,0.0,1.0767840573221554,29.886188116571233,4.440892098500626e-16,1.0000000000000002
unregulated,bursty_supply,4002,0.3482485587984952,12.784499721504146,4.452183602973582,67.27693000615221,14.29736689193479,0.01922194779774526,0.07690907400963676,18.550676585390754,0.5650984717966594,36.200000000000244,0.0,0.0,0.7135555079101702,22.215029937771252,4.440892098500626e-16,0.5678067180084722
rate_limiter,bursty_supply,4002,0.9431374995480536,12.784499721504146,12.057541100312207,4.492304771536028,0.0,0.257284307524846,5.168556689337664,12.0922493716489,0.5087107989097887,5.599999999999996,0.0,0.0,0.6571678350232982,15.756602724029406,4.440892098500626e-16,0.2855204106816934
ordinary_buffer,bursty_supply,4002,0.9431374995480535,12.784499721504146,12.057541100312205,4.49230477153603,0.0,0.25374705424130856,5.172203488471782,24.348746107609944,0.874047885840577,5.599999999999996,0.0,0.0,1.1561519320298446,32.50329660177845,4.440892098500626e-16,1.0000000000000002
adaptive_bridge,bursty_supply,4002,0.9079783205001436,12.784499721504146,11.608048585565887,6.470071214680203,0.0,0.2412087127666674,5.634234344692717,23.43266564185827,0.8407282247091663,7.099999999999991,0.0,0.0,1.1228322708984333,31.587216136026793,4.440892098500626e-16,1.0000000000000002
unregulated,bursty_supply,4003,0.36468798612428327,11.798802203708881,4.302881414349347,66.4159014952091,12.85586632793027,0.017369737798556075,0.0,16.960035734601412,0.5163548346186768,37.30000000000026,0.0,0.0,0.648429783856791,20.342761224754714,4.440892098500626e-16,0.5512403731715768
rate_limiter,bursty_supply,4003,0.9533214815362056,11.798802203708881,11.248051597192397,3.83661702019679,0.0,0.25997720007972913,4.5719296241706955,11.283631303408757,0.48582810345637695,2.3000000000000007,0.0,0.0,0.617903052694492,14.666356793561887,4.440892098500626e-16,0.27799637690135437
ordinary_buffer,bursty_supply,4003,0.9533214815362053,11.798802203708881,11.248051597192395,3.8366170201967917,0.0,0.25654808228600007,4.575257644934843,22.731741834522065,0.826985683755259,2.3000000000000007,0.0,0.0,1.0850255541890341,30.318169698151884,4.440892098500626e-16,1.0
adaptive_bridge,bursty_supply,4003,0.9325093791311971,11.798802203708881,11.002493717472369,4.9170714806768006,0.0,0.24684740693847462,4.830516200002396,22.228471498239,0.8070741751795785,5.899999999999995,0.0,0.0,1.0651140456133534,29.81489936186888,4.440892098500626e-16,1.0
unregulated,bursty_supply,4004,0.3662260007093311,13.211522210960087,4.838402942602412,67.1041374459351,13.661274968980708,0.01781254381776565,0.1129863010265082,18.300865680001092,0.5566735326399112,37.600000000000264,0.0,0.0,0.7069461023862478,22.08722545794055,4.440892098500626e-16,0.574983566570759
rate_limiter,bursty_supply,4004,0.9496081267131737,13.211522210960087,12.545768857779295,4.185823621125954,0.0,0.2567164580641564,4.524740150307431,12.581191853572188,0.5224263638441454,3.5000000000000018,0.0,0.0,0.6726989335904819,16.36755163151147,4.440892098500626e-16,0.30777441244087506
ordinary_buffer,bursty_supply,4004,0.9496081267131737,13.211522210960087,12.545768857779295,4.185823621125956,0.0,0.2530423587515639,4.528527340687994,25.32654167687326,0.9023378263930147,3.5000000000000018,0.0,0.0,1.189652961439691,33.7233947713311,4.440892098500626e-16,1.0000000000000002
adaptive_bridge,bursty_supply,4004,0.9220114230788604,13.211522210960087,12.181174394765282,5.790038876772601,0.0,0.24128963534913078,4.904874527104446,24.582444380693783,0.8742215847394638,6.199999999999994,0.0,0.0,1.1615367197861404,32.97929747515156,4.440892098500626e-16,1.0000000000000002
unregulated,bursty_supply,4005,0.34979515931872984,13.462186186615918,4.709007561925719,67.45708590773033,12.915839061030294,0.015665074190007285,0.0,17.425994024954758,0.5291978325469742,37.700000000000266,0.0,0.0,0.677267460368175,21.28397208165275,2.220446049250313e-16,0.5791964064977448
rate_limiter,bursty_supply,4005,0.9462187615977241,13.462186186615918,12.738173141897702,4.6858871307276315,0.0,0.252803945773794,3.334008062834358,12.773289878657122,0.5257470767609577,4.5,0.0,0.0,0.6738167045821623,16.63126793535533,4.440892098500626e-16,0.30956756642847877
ordinary_buffer,bursty_supply,4005,0.9462187615977241,13.462186186615918,12.738173141897702,4.685887130727632,0.0,0.24894704074471577,3.3377500141109318,25.710471888496425,0.9112916527079763,4.5,0.0,0.0,1.1995617253810738,34.248110811960665,4.440892098500626e-16,1.0
adaptive_bridge,bursty_supply,4005,0.9094446698817252,13.462186186615918,12.243113472373235,6.8641490320253915,0.0,0.23449235345037694,3.847264370929735,24.702229565649077,0.8739008005714957,6.699999999999992,0.0,0.0,1.162170873244594,33.239868489113235,4.440892098500626e-16,1.0
unregulated,bursty_supply,4006,0.3806166179932206,12.507898730715441,4.760714113086608,66.98120661156027,13.74625276650581,0.01994263593769397,0.02985033230959444,18.308210088464726,0.5582752896677871,35.90000000000024,0.0,0.0,0.7038560538760361,21.893534586334162,4.440892098500626e-16,0.5631579618607658
rate_limiter,bursty_supply,4006,0.9520244399058573,12.507898730715441,11.90782528350855,3.9380401809672225,0.0,0.2581412663134171,5.028930277650478,11.943379727702585,0.5042816730627164,2.500000000000001,0.0,0.0,0.6498624372709614,15.52870422557224,4.440892098500626e-16,0.29428655097301676
ordinary_buffer,bursty_supply,4006,0.9520244399058573,12.507898730715441,11.90782528350855,3.9380401809672247,0.0,0.2545530305418383,5.0326096877151345,24.05104936215467,0.8651199637208542,2.500000000000001,0.0,0.0,1.1425808515008982,32.04813494362437,4.440892098500626e-16,1.0
adaptive_bridge,bursty_supply,4006,0.9292500986700104,12.507898730715441,11.622966129671822,5.191420199978178,0.0,0.24445273711300863,5.327569134980702,23.468424146553534,0.8426743629891783,5.899999999999995,0.0,0.0,1.1201352507692228,31.46550972802322,4.440892098500626e-16,1.0
unregulated,bursty_supply,4007,0.4196780987708662,12.475121511305959,5.23553527780042,66.73794676287207,13.3512557526924,0.021168917105724966,0.2254667687094385,18.388206255547,0.561361913349556,35.500000000000234,0.0,0.0,0.7054841820395257,21.96416583358513,4.440892098500626e-16,0.5626070842236289
rate_limiter,bursty_supply,4007,0.9625929137428285,12.475121511305959,12.008463564863842,3.292022333378299,0.0,0.26007176091231016,5.3110091484249935,12.044623123391379,0.5081821805661684,0.0,0.0,0.0,0.6523044492561367,15.620582701429415,4.440892098500626e-16,0.3189309680630407
ordinary_buffer,bursty_supply,4007,0.9625929137428284,12.475121511305959,12.00846356486384,3.2920223333782994,0.0,0.25657128740828844,5.314616333238416,24.253607642480993,0.8721184171660306,0.0,0.0,0.0,1.1470301851368403,32.23046960135478,4.440892098500626e-16,1.0000000000000002
adaptive_bridge,bursty_supply,4007,0.9467768435458054,12.475121511305959,11.811156167324633,4.160174751319896,0.0,0.24898820868699148,5.519506809498921,23.849479607064286,0.8560621136982799,4.4,0.0,0.0,1.1309738816690886,31.826341565938073,4.440892098500626e-16,1.0000000000000002
unregulated,bursty_supply,4008,0.40572935841763985,12.250001405840974,4.970185211007045,66.70413845927511,13.222254065788245,0.019915788829626507,0.0,17.993800482241753,0.5488093354311218,35.600000000000236,0.0,0.0,0.6890193329560451,21.505440030147156,2.220446049250313e-16,0.5588235530393458
rate_limiter,bursty_supply,4008,0.9584117219651552,12.250001405840974,11.74054494144762,3.694317332847318,0.0,0.25880001842478434,4.921625485333061,11.776495033979165,0.49948388539650446,0.1,0.0,0.0,0.6396938829214228,15.28813458188467,4.440892098500626e-16,0.3002607780164612
ordinary_buffer,bursty_supply,4008,0.9584117219651552,12.250001405840974,11.74054494144762,3.694317332847319,0.0,0.2552226520654994,4.925098122451414,23.717247602184386,0.8553219092552226,0.1,0.0,0.0,1.1252999250665576,31.56479253361372,4.440892098500626e-16,1.0000000000000002
adaptive_bridge,bursty_supply,4008,0.9394637655097051,12.250001405840974,11.508432448230543,4.715612130832446,0.0,0.24626045893132797,5.166172808802665,23.242014137080453,0.836483726057919,5.1999999999999975,0.0,0.0,1.1064617418692544,31.0895590685098,4.440892098500626e-16,1.0000000000000002
unregulated,bursty_supply,4009,0.34208175931385865,12.294573210022161,4.205749233697415,66.83206408187348,13.503946525001894,0.016740956845331695,0.0,17.510874874005097,0.5324232903358677,37.600000000000264,0.0,0.0,0.6716564644034796,21.035249223105087,4.440892098500626e-16,0.5595726589919673
rate_limiter,bursty_supply,4009,0.946203172293358,12.294573210022161,11.633164173315903,4.292592713648466,0.0,0.25778219510057515,4.5766342064490955,11.668119361568497,0.4962390132867745,4.799999999999999,0.0,0.0,0.6354721873543898,15.192493710668277,4.440892098500626e-16,0.27966025037685205
ordinary_buffer,bursty_supply,4009,0.946203172293358,12.294573210022161,11.633164173315903,4.292592713648467,0.0,0.2542534497647458,4.5800578112473325,23.500649085609513,0.8488627609743478,4.799999999999999,0.0,0.0,1.118227612173326,31.372616389286815,4.440892098500626e-16,1.0
adaptive_bridge,bursty_supply,4009,0.9164425392022492,12.294573210022161,11.267269891000657,5.902527124468338,0.0,0.24256325168306025,4.957642291644253,22.753663601036905,0.8208168386565489,6.799999999999992,0.0,0.0,1.0901816898555263,30.625630904714267,4.440892098500626e-16,1.0
unregulated,bursty_supply,4010,0.4086384377071266,11.973576388905252,4.8928635493291806,66.30604967980675,12.659075263889923,0.01917300608791266,0.16592595429141843,17.353404105903778,0.5291610281123794,36.900000000000254,0.0,0.0,0.6694982804124758,20.786065077541885,4.440892098500626e-16,0.5541777544353856
rate_limiter,bursty_supply,4010,0.9631416068901025,11.973576388905252,11.532249603431596,3.4741556642507536,0.0,0.2603671399356284,4.632332572892451,11.568436500362361,0.4941704861441639,0.0,0.0,0.0,0.6345077384442604,15.001097472000403,4.440892098500626e-16,0.30278551997129755
ordinary_buffer,bursty_supply,4010,0.9631416068901025,11.973576388905252,11.532249603431596,3.474155664250755,0.0,0.2570174362062385,4.6357848043518555,23.30136047294227,0.8439254044555989,0.0,0.0,0.0,1.1108476341063098,30.993003886670802,4.440892098500626e-16,1.0
adaptive_bridge,bursty_supply,4010,0.9463519421776702,11.973576388905252,11.33121727045318,4.358697797088928,0.0,0.2490516452927893,4.844782928243727,22.889398331540196,0.8274173116358426,4.5,0.0,0.0,1.094339541286554,30.581041745268713,4.440892098500626e-16,1.0
unregulated,bursty_supply,4011,0.43476023878078773,11.62909405276124,5.055867707182715,66.38022638163294,13.554954048412933,0.024313564122316524,0.0,18.412272657210423,0.5641514282084299,33.90000000000021,0.0,0.0,0.7003799002932176,21.7465101042359,4.440892098500626e-16,0.548388135340527
rate_limiter,bursty_supply,4011,0.9622014716246412,11.62909405276124,11.189531411228227,3.403019952870076,0.0,0.2614293486904542,5.903884531958463,11.225646459931472,0.48471126752743016,0.0,0.0,0.0,0.6209397396122189,14.55988390695708,4.440892098500626e-16,0.29953284351570186
ordinary_buffer,bursty_supply,4011,0.9622014716246412,11.62909405276124,11.189531411228227,3.403019952870077,0.0,0.25800703180743095,5.90720737999856,22.615773274173808,0.8241338695806012,0.0,0.0,0.0,1.084749776880427,30.109807920804936,4.440892098500626e-16,1.0
adaptive_bridge,bursty_supply,4011,0.9462062418345882,11.62909405276124,11.003521379604173,4.221463969037069,0.0,0.25019093035154116,6.1010335130785105,22.234268321096877,0.8086332183334536,4.699999999999999,0.0,0.0,1.069249125633281,29.728302967728037,4.440892098500626e-16,1.0
unregulated,bursty_supply,4012,0.37003847831730163,13.281359787358133,4.914614165698604,67.21528113525582,12.784155700464098,0.01632454579553411,0.0,17.50000131362427,0.5317868096380078,37.50000000000026,0.0,0.0,0.6779476809163794,21.306314684820226,4.440892098500626e-16,0.5761573073505533
rate_limiter,bursty_supply,4012,0.9527499185642128,13.281359787358133,12.65381445582747,3.995326768673638,0.0,0.25415662392147265,3.5344922355317925,12.689448006104675,0.523805748463179,1.8000000000000005,0.0,0.0,0.6699666197415439,16.49576137730056,4.440892098500626e-16,0.3134069099292531
ordinary_buffer,bursty_supply,4012,0.9527499185642127,13.281359787358133,12.653814455827469,3.9953267686736393,0.0,0.25030170329084195,3.538233673625922,25.542779268770765,0.9068361247288531,1.8000000000000005,0.0,0.0,1.1916425209996173,33.97670767028166,4.440892098500626e-16,1.0
adaptive_bridge,bursty_supply,4012,0.9283101521490122,13.281359787358133,12.329221124948202,5.423537124067318,0.0,0.23914157292966454,3.8739871348663595,24.880049060985407,0.8813241972682909,5.799999999999995,0.0,0.0,1.1661305935390542,33.31397746249634,4.440892098500626e-16,1.0
unregulated,bursty_supply,4013,0.36769966893505407,12.436366571325195,4.5728478710312475,66.80509263995849,13.165590704632407,0.018245033890481564,0.012722377948507058,17.539692050375645,0.5342350443198194,37.40000000000026,0.0,0.0,0.6787118585862989,21.104578788419275,4.440892098500626e-16,0.5619557406945428
rate_limiter,bursty_supply,4013,0.9520658369644034,12.436366571325195,11.84023974852485,4.0612256681087695,0.0,0.257570722669365,4.2901209616363225,11.87579015522913,0.5018898896811608,2.400000000000001,0.0,0.0,0.6463667039476436,15.44067689327299,4.440892098500626e-16,0.29457522041448886
ordinary_buffer,bursty_supply,4013,0.9520658369644034,12.436366571325195,11.84023974852485,4.06122566810877,0.0,0.2540035431988031,4.2937841139597115,23.915901666626585,0.8607154720761536,2.400000000000001,0.0,0.0,1.1365820368543698,31.87208903278097,4.440892098500626e-16,1.0000000000000002
adaptive_bridge,bursty_supply,4013,0.9279817976204557,12.436366571325195,11.540721806725298,5.379104333901696,0.0,0.2430521196766101,4.604253479281454,23.303412519112936,0.8368486278729391,5.999999999999995,0.0,0.0,1.112715192651156,31.259599885267264,4.440892098500626e-16,1.0000000000000002
unregulated,bursty_supply,4014,0.43155312469820856,12.295642191609659,5.306222807960277,66.52931629487588,13.110475604983913,0.021523416529749623,0.0,18.218189203630043,0.5564813331721734,35.40000000000023,0.0,0.0,0.6950637929917836,21.742868976040555,2.220446049250313e-16,0.5595906250690673
rate_limiter,bursty_supply,4014,0.9650883684124679,12.295642191609659,11.866381261284067,3.3215928896334312,0.0,0.25969415618112784,5.170321822548537,11.902664816219941,0.5036174724104061,0.0,0.0,0.0,0.6421999322300171,15.427344588630564,4.440892098500626e-16,0.3194956169167674
ordinary_buffer,bursty_supply,4014,0.9650883684124679,12.295642191609659,11.866381261284067,3.3215928896334317,0.0,0.25602537535316733,5.173885327472921,23.969656568131462,0.863181737942181,0.0,0.0,0.0,1.1318788161094815,31.84112975316744,4.440892098500626e-16,1.0
adaptive_bridge,bursty_supply,4014,0.9490641519156979,12.295642191609659,11.669353228838894,4.188516106078188,0.0,0.2478771042460417,5.379061631025213,23.566294256436592,0.8467060291224346,4.200000000000001,0.0,0.0,1.1154031072897357,31.43776744147256,4.440892098500626e-16,1.0
unregulated,bursty_supply,4015,0.3185823904118615,13.429680031860231,4.278459567016476,67.60693839863355,13.587095448294093,0.01623577550494133,0.05575141837437636,17.66661275761236,0.5368084454219516,37.90000000000027,0.0,0.0,0.687010908429936,21.51530334152316,4.440892098500626e-16,0.5786500845690781
rate_limiter,bursty_supply,4015,0.9372805187487169,13.429680031860231,12.587377466891242,5.245932463768994,0.0,0.25399703515639843,3.8140494592779404,12.62136526908846,0.5227675071683142,6.499999999999993,0.0,0.0,0.6729699701763022,16.470055852999266,4.440892098500626e-16,0.29365525198567544
ordinary_buffer,bursty_supply,4015,0.9372805187487169,13.429680031860231,12.587377466891242,5.2459324637689955,0.0,0.2502975341659105,3.8178638783870618,25.40670710181953,0.903861798088185,6.499999999999993,0.0,0.0,1.1927525573277353,33.92666762155323,4.440892098500626e-16,1.0000000000000002
adaptive_bridge,bursty_supply,4015,0.8823801377734944,13.429680031860231,11.850082916766778,8.490026862720146,0.0,0.233587904168011,4.5718680585094145,23.909144255113546,0.851227024413559,8.999999999999984,0.0,0.0,1.1401177836531082,32.42910477484728,4.440892098500626e-16,1.0000000000000002
unregulated,bursty_supply,4016,0.38075866971227174,12.23959783065785,4.66033298781449,66.36753304083578,13.067212743751348,0.017999257561624432,0.030171155506366842,17.52881730227506,0.5337350883280935,35.80000000000024,0.0,0.0,0.6692773982313979,21.037484400128182,4.440892098500626e-16,0.5586487030362661
rate_limiter,bursty_supply,4016,0.9530219383735008,12.23959783065785,11.66460524948564,3.9454123624733843,0.0,0.2595140780415575,4.809017092285124,11.700186231646304,0.49793188810036754,2.1000000000000005,0.0,0.0,0.6334741980036717,15.208853329499298,4.440892098500626e-16,0.29442662671611286
ordinary_buffer,bursty_supply,4016,0.9530219383735008,12.23959783065785,11.66460524948564,3.9454123624733843,0.0,0.25595202711071735,4.812479450941261,23.564720599241646,0.8514935746949395,2.1000000000000005,0.0,0.0,1.1153191397134268,31.400664082079338,4.440892098500626e-16,1.0
adaptive_bridge,bursty_supply,4016,0.9305073388696458,12.23959783065785,11.389035606240125,5.157918549083061,0.0,0.24584998210091855,5.098151139196565,23.000888824336872,0.8295442954788067,5.999999999999995,0.0,0.0,1.0933698604972948,30.83683230717455,4.440892098500626e-16,1.0
unregulated,bursty_supply,4017,0.3828700630782116,12.140588660209847,4.648267946141164,66.54743363589188,13.064820726132416,0.0187676260352365,0.051057361788402034,17.514419677138644,0.5337785910877985,37.20000000000026,0.0,0.0,0.676219559320304,20.99479844057794,4.440892098500626e-16,0.556984683364868
rate_limiter,bursty_supply,4017,0.9566378966465073,12.140588660209847,11.614147199953587,3.705470026470483,0.0,0.2586932614833317,4.5281761041153965,11.649972172406189,0.49572574437679884,0.4,0.0,0.0,0.6381667126093038,15.130350935845422,4.440892098500626e-16,0.29483457025975723
ordinary_buffer,bursty_supply,4017,0.9566378966465073,12.140588660209847,11.614147199953587,3.705470026470484,0.0,0.25519827740339396,4.53176478616491,23.4642971107392,0.8478258526210921,0.4,0.0,0.0,1.1190768318308622,31.252031257141198,4.440892098500626e-16,1.0
adaptive_bridge,bursty_supply,4017,0.9374575021073066,12.140588660209847,11.381285919512615,4.730059480926342,0.0,0.24617564268796058,4.773648701321307,22.98733141586865,0.8289558750172956,5.399999999999997,0.0,0.0,1.100206854227066,30.77506556227067,4.440892098500626e-16,1.0
unregulated,bursty_supply,4018,0.3965576967246852,12.455346613433166,4.939263564930664,66.84221115858959,13.629834228209633,0.02084979738844121,0.0,18.37040748110461,0.5606891428102344,35.80000000000024,0.0,0.0,0.704599755718668,21.940717088321946,4.440892098500626e-16,0.562274732998876
rate_limiter,bursty_supply,4018,0.9567030110121201,12.455346613433166,11.916067608271122,3.570584325425092,0.0,0.2583094027819755,5.055818668074432,11.95192873745184,0.504444081728383,0.1,0.0,0.0,0.6483546946368166,15.522238344669072,4.440892098500626e-16,0.29994502606483253
ordinary_buffer,bursty_supply,4018,0.9567030110121201,12.455346613433166,11.916067608271122,3.5705843254250937,0.0,0.25469457198704387,5.059502970069225,24.068047740585715,0.8655181260907703,0.1,0.0,0.0,1.1409324780271697,32.03423733252176,6.661338147750939e-16,1.0000000000000002
adaptive_bridge,bursty_supply,4018,0.938567041066292,12.455346613433166,11.690177816425027,4.56449923880338,0.0,0.2460327383551615,5.294054595547198,23.605452737416538,0.8472756932154505,5.299999999999997,0.0,0.0,1.12269004515185,31.571642329352606,6.661338147750939e-16,1.0000000000000002
unregulated,bursty_supply,4019,0.3899914043853338,13.383321158173723,5.219380213816122,67.01497704318889,13.299061950636263,0.01778666736712398,0.0,18.319681880666526,0.5571823803706981,36.00000000000024,0.0,0.0,0.7039507100032871,22.155127072095578,2.220446049250313e-16,0.5778709438348533
rate_limiter,bursty_supply,4019,0.9524202961045356,13.383321158173723,12.746546700329914,4.3792992674268945,0.0,0.25514206737605877,4.365883534678837,12.782167990930613,0.5272338396666844,2.400000000000001,0.0,0.0,0.6740021692992734,16.617613182359655,2.220446049250313e-16,0.31608326669925674
ordinary_buffer,bursty_supply,4019,0.9524202961045354,13.383321158173723,12.746546700329912,4.379299267426895,0.0,0.2512507643825631,4.369660349364946,25.72816801072079,0.9130200273755779,2.400000000000001,0.0,0.0,1.1991463116785974,34.21910893527833,4.440892098500626e-16,1.0000000000000002
adaptive_bridge,bursty_supply,4019,0.9232334060293323,13.383321158173723,12.355929176845155,6.098015980203316,0.0,0.23936239484017874,4.772166242392106,24.93191700681043,0.8831860383803134,6.199999999999994,0.0,0.0,1.1693123226833337,33.42285793136805,4.440892098500626e-16,1.0000000000000002
unregulated,bursty_supply,4020,0.4099890269709131,12.4616566610337,5.109142488902805,66.56244808832285,13.27048062367382,0.020301920334948334,0.04490151995381142,18.18098909659332,0.5546417532954536,35.600000000000236,0.0,0.0,0.6994909192826501,21.753101574553686,4.440892098500626e-16,0.5623807842190549
rate_limiter,bursty_supply,4020,0.9600658828724422,12.4616566610337,11.96401140432857,3.403197773456497,0.0,0.25817426311166125,4.856758653008273,12.000023384977595,0.5056866700632827,0.0,0.0,0.0,0.6505358360504779,15.572135862937895,4.440892098500626e-16,0.3118400309434873
ordinary_buffer,bursty_supply,4020,0.9600658828724422,12.4616566610337,11.96401140432857,3.403197773456499,0.0,0.25454607957054964,4.8604723442770155,24.164193144553536,0.8681933366233495,0.0,0.0,0.0,1.144532553675212,32.13476871133159,4.440892098500626e-16,1.0
adaptive_bridge,bursty_supply,4020,0.9432186531454607,12.4616566610337,11.754067011781366,4.326952952833001,0.0,0.24655957760139655,5.07840323879337,23.73439283319691,0.8512256415361831,4.799999999999999,0.0,0.0,1.127564858588046,31.70496839997494,4.440892098500626e-16,1.0
unregulated,bursty_supply,4021,0.38572936619423676,12.875564531676023,4.966483346196387,66.92198378050628,12.689770051957824,0.017192770047879002,0.0,17.457573050748703,0.5310423821525828,37.30000000000026,0.0,0.0,0.6707755756319641,21.147944920321375,4.440892098500626e-16,0.5693372190197685
rate_limiter,bursty_supply,4021,0.9569502899457539,12.875564531676023,12.321275211802636,3.9386996956597957,0.0,0.25670312104682713,4.002868623644095,12.357157463471042,0.5154351243477504,0.2,0.0,0.0,0.6551683178271367,16.047529333043588,4.440892098500626e-16,0.31739648422118094
ordinary_buffer,bursty_supply,4021,0.9569502899457539,12.875564531676023,12.321275211802636,3.9386996956597975,0.0,0.2529207849110281,4.006540702351921,24.878420816976224,0.8885518457437358,0.2,0.0,0.0,1.16340210418412,33.07768646426886,4.440892098500626e-16,1.0
adaptive_bridge,bursty_supply,4021,0.9346198047265163,12.875564531676023,12.033757608338703,5.20377691716281,0.0,0.24235413412245174,4.304624956604447,24.2908061927555,0.8654651060035737,5.399999999999997,0.0,0.0,1.1403153644439574,32.490071840048095,4.440892098500626e-16,1.0
unregulated,bursty_supply,4022,0.3450097449654197,13.46406722531935,4.645234399604695,67.47285325477822,13.228401534952303,0.01673520885823634,0.0,17.674766254001923,0.537335947737651,37.700000000000266,0.0,0.0,0.6894708592655964,21.533281750329618,4.440892098500626e-16,0.579228020593605
rate_limiter,bursty_supply,4022,0.9450965236790477,13.46406722531935,12.72484312923032,4.569274838931831,0.0,0.2539106100782745,3.5512593148054084,12.759864286528233,0.5261483697415057,5.1999999999999975,0.0,0.0,0.6782832812694559,16.618379782856113,4.440892098500626e-16,0.30436994008373475
ordinary_buffer,bursty_supply,4022,0.9450965236790477,13.46406722531935,12.72484312923032,4.5692748389318325,0.0,0.2501824212527251,3.555102853422679,25.68914632602895,0.9115417445097369,5.1999999999999975,0.0,0.0,1.2027183312875742,34.22465006170265,4.440892098500626e-16,1.0000000000000002
adaptive_bridge,bursty_supply,4022,0.9088706925727726,13.46406722531935,12.237096103922367,6.715361096942678,0.0,0.23654444764261345,4.0564878523407595,24.695901225978123,0.8751703211600026,6.799999999999992,0.0,0.0,1.1663469079378392,33.23140496165182,4.440892098500626e-16,1.0000000000000002
unregulated,bursty_supply,4023,0.42411377317188564,11.919959750968506,5.055419106040263,66.68266476270632,13.827201700418444,0.02342246829284517,0.2821254549832404,18.68401139005546,0.5716954736465357,34.100000000000215,0.0,0.0,0.7118578081516399,22.10135332228303,2.220446049250313e-16,0.553276634470062
rate_limiter,bursty_supply,4023,0.9600156442455465,11.919959750968506,11.443347839707014,3.3087449277802423,0.0,0.26229155931363407,6.23971556303517,11.47935812647669,0.4929164268693145,0.0,0.0,0.0,0.6330787613744144,14.896700058704234,4.440892098500626e-16,0.2937114634030575
ordinary_buffer,bursty_supply,4023,0.9600156442455464,11.919959750968506,11.443347839707013,3.3087449277802454,0.0,0.25894081181566475,6.243168258343968,23.123247046851933,0.8399995978732535,0.0,0.0,0.0,1.106246893777118,30.783936050050443,4.440892098500626e-16,1.0
adaptive_bridge,bursty_supply,4023,0.9446160613715816,11.919959750968506,11.259785431667648,4.116419398779766,0.0,0.2512366144140964,6.4344348637849125,22.746597763288005,0.8247311283796454,4.699999999999999,0.0,0.0,1.09097842428351,30.407286766486468,4.440892098500626e-16,1.0
unregulated,bursty_supply,4024,0.3285214143626185,12.629572823146363,4.149085126655732,67.10036399653745,13.264798093251569,0.01601652474009511,0.057262759533303065,17.21501013683789,0.5231584325682115,37.700000000000266,0.0,0.0,0.660391388076616,20.835098661116227,2.220446049250313e-16,0.565202904590697
rate_limiter,bursty_supply,4024,0.9421110334429976,12.629572823146363,11.898459904358017,4.745951659011055,0.0,0.25723033975213366,4.281645837037376,11.932997159191837,0.5040431037610692,5.899999999999995,0.0,0.0,0.6412760592694768,15.553085683470066,4.440892098500626e-16,0.283894950633278
ordinary_buffer,bursty_supply,4024,0.9421110334429976,12.629572823146363,11.898459904358017,4.745951659011057,0.0,0.2536471090689006,4.285131608882448,24.030302757517678,0.864573809560492,5.899999999999995,0.0,0.0,1.1333394791387885,32.087494637864154,4.440892098500626e-16,1.0
adaptive_bridge,bursty_supply,4024,0.9030308670597361,12.629572823146363,11.40489409707994,6.917640473189521,0.0,0.2398503491273233,4.79249417610212,23.024923010152975,0.8278551251732705,7.29999999999999,0.0,0.0,1.0966207947515665,31.08211489049945,4.440892098500626e-16,1.0
unregulated,bursty_supply,4025,0.38445115630113463,13.123622721634115,5.045391930192079,66.99793587369417,13.116077238125271,0.01751975039873157,0.17165882081833317,17.96273699483158,0.5463487674283302,37.40000000000026,0.0,0.0,0.6908448286129962,21.72398263296361,2.220446049250313e-16,0.5735062642291443
rate_limiter,bursty_supply,4025,0.953877453160148,13.123622721634115,12.518327817947,4.252069617010033,0.0,0.25743176637596976,4.462142629122089,12.554041434897858,0.5219003636702714,2.0000000000000004,0.0,0.0,0.6663964248549406,16.315287073029666,4.440892098500626e-16,0.31282061856413723
ordinary_buffer,bursty_supply,4025,0.9538774531601479,13.123622721634115,12.518327817946998,4.252069617010035,0.0,0.25367675016279184,4.465818841362926,25.27220749284998,0.900942376749552,2.0000000000000004,0.0,0.0,1.1814045465135377,33.614097282905114,4.440892098500626e-16,1.0
adaptive_bridge,bursty_supply,4025,0.9272425281373006,13.123622721634115,12.168781110728139,5.7900748042131625,0.0,0.2419823077773218,4.827059990967256,24.55877009019609,0.8735940373715319,5.899999999999995,0.0,0.0,1.1540562071355176,32.90065988025119,4.440892098500626e-16,1.0
unregulated,bursty_supply,4026,0.37961618453749096,12.035503722768528,4.568872002224157,66.50538732384501,13.074834531210325,0.018769868388685388,0.0,17.44503069289658,0.5317168569528152,37.20000000000026,0.0,0.0,0.6716939574242925,20.895385188495457,4.440892098500626e-16,0.5552185499624936
rate_limiter,bursty_supply,4026,0.9559719348227393,12.035503722768528,11.505603780421312,3.753689314369889,0.0,0.25888011444061076,4.515945291077127,11.541409879110432,0.4926277186122415,0.9999999999999999,0.0,0.0,0.6326048190837246,14.991764374709312,4.440892098500626e-16,0.2914615961524138
ordinary_buffer,bursty_supply,4026,0.9559719348227392,12.035503722768528,11.50560378042131,3.75368931436989,0.0,0.25539635809332395,4.519501338328149,23.24719133759397,0.8414790064934489,0.9999999999999999,0.0,0.0,1.1094323146055771,30.97416280904464,4.440892098500626e-16,1.0
adaptive_bridge,bursty_supply,4026,0.936530180830232,12.035503722768528,11.27161247786734,4.783250863184709,0.0,0.24619336101744024,4.762695637957992,22.767737199603584,0.8224661454075781,5.4999999999999964,0.0,0.0,1.0904194535197074,30.4947086710543,4.440892098500626e-16,1.0
unregulated,bursty_supply,4027,0.40368188931773474,12.445206990755967,5.023904670978649,66.52988615965306,12.603845860479336,0.018035419570011788,0.0,17.429178124819167,0.5306859457295976,37.000000000000256,0.0,0.0,0.6702918380435917,20.996590696985848,2.220446049250313e-16,0.5621043191723678
rate_limiter,bursty_supply,4027,0.9627926330276058,12.445206990755967,11.982153607203504,3.319135814028522,0.0,0.2578599265220847,4.183348367268147,12.018336197051187,0.505909143162974,0.0,0.0,0.0,0.645515035476966,15.585748769217915,4.440892098500626e-16,0.31648256670002833
ordinary_buffer,bursty_supply,4027,0.9627926330276058,12.445206990755967,11.982153607203504,3.319135814028524,0.0,0.25416820516948546,4.18693363234103,24.200887233775173,0.8689248958499606,0.0,0.0,0.0,1.1399295873918551,32.15791760032882,4.440892098500626e-16,1.0
adaptive_bridge,bursty_supply,4027,0.9468802684865814,12.445206990755967,11.78412093677809,4.1904794333186866,0.0,0.245375782533963,4.393758725401967,23.79525008136548,0.8520088279002741,4.4,0.0,0.0,1.1230135194421684,31.752280447919123,4.440892098500626e-16,1.0
unregulated,bursty_supply,4028,0.41034282217253754,12.143790639570183,4.983117322913674,66.55138087941505,13.443489669515056,0.021252782649236596,0.15680582042004,18.227979751222847,0.556671372090685,35.600000000000236,0.0,0.0,0.6951025546613232,21.709273365908032,2.220446049250313e-16,0.5570384981440364
rate_limiter,bursty_supply,4028,0.9593492680366702,12.143790639570183,11.650136661262222,3.4859897112761984,0.0,0.26121359757891366,5.577305768088792,11.68610519545305,0.49838678703639133,0.0,0.0,0.0,0.6368179696070312,15.167398810138003,2.220446049250313e-16,0.29975820318092805
ordinary_buffer,bursty_supply,4028,0.9593492680366702,12.143790639570183,11.650136661262222,3.4859897112762,0.0,0.25770856123676916,5.580732667142238,23.536668291471123,0.8515673395082851,0.0,0.0,0.0,1.1176941775085714,31.3215585538758,4.440892098500626e-16,1.0
adaptive_bridge,bursty_supply,4028,0.9421037331111647,12.143790639570183,11.440710495659488,4.407464690658152,0.0,0.24929790661186868,5.798569487369872,23.10751458102838,0.8343723597427339,4.799999999999999,0.0,0.0,1.1004991977430185,30.892404843433095,4.440892098500626e-16,1.0
unregulated,bursty_supply,4029,0.3489822314920993,13.136800026134084,4.584509787785741,67.28205923072524,13.095454762648584,0.01617188088582135,0.028744118796589557,17.481132381508946,0.5311651586836635,37.600000000000264,0.0,0.0,0.6710631508570718,21.2461429637837,4.440892098500626e-16,0.5737277315316676
rate_limiter,bursty_supply,4029,0.9469065066702084,13.136800026134084,12.439321421571728,4.589911386499302,0.0,0.2559328072646815,4.012608029262857,12.474469044419536,0.5189072230539037,4.4,0.0,0.0,0.6588052152273121,16.239479626694482,4.440892098500626e-16,0.3042151305995644
ordinary_buffer,bursty_supply,4029,0.946906506670208,13.136800026134084,12.439321421571723,4.589911386499325,0.0,0.25214702345268897,4.016286837978013,25.11296390435704,0.8955385915368236,4.4,0.0,0.0,1.1712215926479521,33.45748644077273,4.440892098500626e-16,1.0
adaptive_bridge,bursty_supply,4029,0.9125822936920405,13.136800026134084,11.9884110996231,6.573916247058614,0.0,0.23877353836113496,4.480570645018213,24.1942957063122,0.8614090439207557,6.5999999999999925,0.0,0.0,1.1370920450318844,32.538818242727814,4.440892098500626e-16,1.0
unregulated,bursty_supply,4030,0.4443203139735548,11.86954349243688,5.273879291282319,65.79903639275871,12.607352410723852,0.020861482370478406,0.22008205816399506,17.68280818281397,0.540028637323031,35.10000000000023,0.0,0.0,0.67935929995268,21.08574546974656,4.440892098500626e-16,0.5524293023938956
rate_limiter,bursty_supply,4030,0.9685117671924621,11.86954349243688,11.495792543627832,3.0037242095612475,0.0,0.26134208705997003,5.086904865674066,11.53222095546613,0.49358014437768677,0.0,0.0,0.0,0.6329108070073358,14.935158242398847,2.220446049250313e-16,0.3275812057600968
ordinary_buffer,bursty_supply,4030,0.9685117671924621,11.86954349243688,11.495792543627832,3.0037242095612493,0.0,0.25799858275093485,5.090349949039221,23.2289470526373,0.8422532587538489,0.0,0.0,0.0,1.1072693565970322,30.860999785925507,4.440892098500626e-16,1.0
adaptive_bridge,bursty_supply,4030,0.9546430453132135,11.86954349243688,11.33117714609758,3.7280318593840316,0.0,0.25175277328497686,5.261211156035424,22.891881979065875,0.8288276828039063,3.5000000000000018,0.0,0.0,1.093843780647089,30.52393471235408,4.440892098500626e-16,1.0
unregulated,bursty_supply,4031,0.3374123032385995,12.943866367716561,4.367419763943889,67.04547784383318,14.031888096825426,0.016972008293246892,0.0,18.200398705492347,0.5531839499373129,36.300000000000246,0.0,0.0,0.6992546818348834,21.910285385362098,4.440892098500626e-16,0.5704851490372508
rate_limiter,bursty_supply,4031,0.9390689427240512,12.943866367716561,12.155182904692996,5.067353848852543,0.0,0.2553313565955214,4.675849839110016,12.18934993151753,0.5106633991459956,6.399999999999993,0.0,0.0,0.6567341310435671,15.899236611387293,4.440892098500626e-16,0.28864235105155817
ordinary_buffer,bursty_supply,4031,0.9390689427240512,12.943866367716561,12.155182904692996,5.067353848852543,0.0,0.2516394943423096,4.679431126641779,24.542896260213627,0.8788089166725072,6.399999999999993,0.0,0.0,1.160553807298249,32.78626173380583,4.440892098500626e-16,1.0
adaptive_bridge,bursty_supply,4031,0.8916670957170705,12.943866367716561,11.541619731451693,7.767030686849443,0.0,0.23686703700711514,5.30776675721826,23.295244806172708,0.8345404645274573,8.399999999999986,0.0,0.0,1.1162853551531995,31.53861027976498,4.440892098500626e-16,1.0
unregulated,bursty_supply,4032,0.4062350256545464,11.847080550456921,4.812699071346345,66.71861814455082,13.806907581177951,0.022265934330454398,0.2202382267531695,18.42093179176256,0.563128417651562,34.200000000000216,0.0,0.0,0.7005938763443288,21.817451095272396,2.220446049250313e-16,0.5520517739572579
rate_limiter,bursty_supply,4032,0.9561445181200077,11.847080550456921,11.327521124045548,3.534939850758115,0.0,0.2621783370242095,6.115097169578563,11.363291392527795,0.4895421561836893,0.7,0.0,0.0,0.6270076148764563,14.759810696037656,4.440892098500626e-16,0.28597299707528984
ordinary_buffer,bursty_supply,4032,0.9561445181200077,11.847080550456921,11.327521124045548,3.534939850758118,0.0,0.25877595906438605,6.118433457635134,22.89113353643287,0.8331095087483993,0.7,0.0,0.0,1.0959882086451753,30.508339176923158,4.440892098500626e-16,1.0
adaptive_bridge,bursty_supply,4032,0.9385292319339695,11.847080550456921,11.118831409680203,4.4531744350014515,0.0,0.25034147743487045,6.3355576536299925,22.46307231956274,0.8160489394726549,5.4999999999999964,0.0,0.0,1.078927639369431,30.080277960053024,4.440892098500626e-16,1.0
unregulated,bursty_supply,4033,0.35098606094979845,12.844704064908761,4.508312083808191,67.14557049114585,13.071433770962834,0.01657271236902977,0.17596959592856853,17.380929476027582,0.5284357677989149,37.600000000000264,0.0,0.0,0.6709506302923319,21.062484069380876,2.220446049250313e-16,0.5688185557127504
rate_limiter,bursty_supply,4033,0.947574482957663,12.844704064908761,12.171313813050112,4.513569299198059,0.0,0.25728780052615824,4.187589627683538,12.20650219332743,0.5117978366954667,4.300000000000001,0.0,0.0,0.6543126991888838,15.88805678668066,2.220446049250313e-16,0.2955193575265754
ordinary_buffer,bursty_supply,4033,0.947574482957663,12.844704064908761,12.171313813050112,4.5135692991980605,0.0,0.2536691433803009,4.191317982264057,24.577177491393453,0.8805060193878289,4.300000000000001,0.0,0.0,1.1566678826522896,32.76082503018232,4.440892098500626e-16,1.0000000000000002
adaptive_bridge,bursty_supply,4033,0.9155124824427736,12.844704064908761,11.759486904707405,6.325607217992373,0.0,0.24096775851760793,4.615846275469442,23.737358567962133,0.8490845936837897,6.5999999999999925,0.0,0.0,1.1252464569482505,31.921006106751065,4.440892098500626e-16,1.0000000000000002
unregulated,bursty_supply,4034,0.44752824640029715,11.81041224149402,5.285493079700422,65.57944656660672,12.629028942307135,0.021197774454606792,0.1279556541486646,17.71612228597095,0.5412297056335025,35.10000000000023,0.0,0.0,0.6811734734807482,21.102164929777224,4.440892098500626e-16,0.5514354998570404
rate_limiter,bursty_supply,4034,0.9697960189025168,11.81041224149402,11.453690773398451,2.7800154072417755,0.0,0.26020238368367715,4.979187351510848,11.490157078226966,0.4915416943452575,0.0,0.0,0.0,0.6314854621924993,14.876199722033128,4.440892098500626e-16,0.314988773616066
ordinary_buffer,bursty_supply,4034,0.9697960189025168,11.81041224149402,11.453690773398451,2.780015407241776,0.0,0.25671749753133283,4.982758344725749,23.144590345286222,0.8388517833933167,0.0,0.0,0.0,1.1047582654535397,30.744271488297684,4.440892098500626e-16,1.0
adaptive_bridge,bursty_supply,4034,0.9569448030463306,11.81041224149402,11.301912616332467,3.4478392065524304,0.0,0.2506082633312683,5.1406457359917965,22.834094394882605,0.8262176393157674,3.0000000000000013,0.0,0.0,1.0921241213759916,30.43377553789403,4.440892098500626e-16,1.0
unregulated,bursty_supply,4035,0.3575012596890992,12.38438947424364,4.427434837522522,67.04433958240016,13.783098611483235,0.018753737360429987,0.09294235997021083,18.01171420616732,0.5486888604366936,36.10000000000024,0.0,0.0,0.6871241938880798,21.56175034504478,4.440892098500626e-16,0.5610821760377053
rate_limiter,bursty_supply,4035,0.9462290317407265,12.38438947424364,11.718468860913605,4.394932621924587,0.0,0.2592748093684121,5.270008131709982,11.753520243750009,0.49971476639673157,4.799999999999999,0.0,0.0,0.638150099848117,15.303556382627495,4.440892098500626e-16,0.28147569371383235
ordinary_buffer,bursty_supply,4035,0.9462290317407265,12.38438947424364,11.718468860913605,4.394932621924588,0.0,0.2557634122024418,5.27342925187604,23.671363848812504,0.8549094942267748,4.799999999999999,0.0,0.0,1.1230324560340452,31.59158180877285,4.440892098500626e-16,1.0
adaptive_bridge,bursty_supply,4035,0.9159115628521821,12.38438947424364,11.343005518324606,6.046970888293163,0.0,0.24401620163644636,5.660639805031019,22.904975088831396,0.8262937936463735,6.699999999999992,0.0,0.0,1.0944167554536437,30.82519304879178,4.440892098500626e-16,1.0
unregulated,bursty_supply,4036,0.393170417322713,11.852062005940828,4.659880165010427,66.27680883536749,12.84629752278882,0.018860867340059418,0.0,17.307578234597834,0.527630513310974,37.000000000000256,0.0,0.0,0.6644829713964977,20.70552081110309,4.440892098500626e-16,0.5521354958981669
rate_limiter,bursty_supply,4036,0.9606643713415856,11.852062005940828,11.385853696038637,3.326013551264242,0.0,0.25954328723727604,4.550057898630023,11.421913674413613,0.4893395528590171,0.0,0.0,0.0,0.6261920109445445,14.819856250919091,4.440892098500626e-16,0.3009821991062203
ordinary_buffer,bursty_supply,4036,0.9606643713415856,11.852062005940828,11.385853696038637,3.3260135512642437,0.0,0.2560681080263164,4.553431769507095,23.00821296126206,0.8346120928243722,0.0,0.0,0.0,1.0978550919291372,30.629144472308973,4.440892098500626e-16,1.0
adaptive_bridge,bursty_supply,4036,0.9452598008340599,11.852062005940828,11.203277771208557,4.129347497666403,0.0,0.24793640369104028,4.744139398672458,22.633605052443013,0.8191260834887011,4.799999999999999,0.0,0.0,1.0823690825934673,30.254536563489932,4.440892098500626e-16,1.0
unregulated,bursty_supply,4037,0.3689724452899267,13.247659798831995,4.888021430344099,67.21786184379202,12.720396738571427,0.016444498992268054,0.0,17.409652621774182,0.5291723721265659,37.50000000000026,0.0,0.0,0.6692657337935134,21.206337424819825,2.220446049250313e-16,0.5755909209887735
rate_limiter,bursty_supply,4037,0.9526554665366268,13.247659798831995,12.62045552617481,4.206120039218826,0.0,0.25545040176801415,3.7258693986073848,12.656101310475167,0.523666251334652,2.1000000000000005,0.0,0.0,0.6637596130015998,16.452786113520915,2.220446049250313e-16,0.31382741051143903
ordinary_buffer,bursty_supply,4037,0.9526554665366268,13.247659798831995,12.62045552617481,4.206120039218827,0.0,0.2515908115832932,3.7296154872582297,25.47584251170308,0.9056858131880655,2.1000000000000005,0.0,0.0,1.1840826368517963,33.88458935557637,4.440892098500626e-16,1.0000000000000002
adaptive_bridge,bursty_supply,4037,0.9259412219756696,13.247659798831995,12.266554302448451,5.763285082488358,0.0,0.23997353807658223,4.0951339844913015,24.7536119679931,0.8782056207942087,5.799999999999995,0.0,0.0,1.1566024444579404,33.16235881186637,4.440892098500626e-16,1.0000000000000002
unregulated,bursty_supply,4038,0.3591168142470474,12.025772648295941,4.318657162315317,66.57500230778992,12.791595749567955,0.01724875087640636,0.0,16.911502538011526,0.5148534731362022,37.40000000000026,0.0,0.0,0.6534775048705054,20.359076726618337,4.440892098500626e-16,0.5550550024923674
rate_limiter,bursty_supply,4038,0.951475030798425,12.025772648295941,11.442222400912238,3.847800944135876,0.0,0.2582300482783553,4.044988096149829,11.477687711186219,0.49052264376955823,3.0000000000000013,0.0,0.0,0.6291466755038558,14.925261899792785,4.440892098500626e-16,0.28563698972836615
ordinary_buffer,bursty_supply,4038,0.951475030798425,12.025772648295941,11.442222400912238,3.8478009441358783,0.0,0.2547735970798346,4.048511630584978,23.119829486568733,0.8374829418598599,3.0000000000000013,0.0,0.0,1.1039917733116058,30.840458286111804,4.440892098500626e-16,1.0
adaptive_bridge,bursty_supply,4038,0.9298523532550889,12.025772648295941,11.182192996728663,4.9919300880874795,0.0,0.24462449509491835,4.31869013675346,22.587398951248606,0.8164266413041122,5.999999999999995,0.0,0.0,1.082935472755858,30.30802775079167,4.440892098500626e-16,1.0
unregulated,bursty_supply,4039,0.3708342517142123,12.472815409191801,4.625347169037139,66.64065484354649,13.35991012161238,0.017543475912707256,0.0,17.786494992894347,0.5411326502415249,37.40000000000026,0.0,0.0,0.6820133750252902,21.36179568461427,2.220446049250313e-16,0.5625683262049015
rate_limiter,bursty_supply,4039,0.9509620614144485,12.472815409191801,11.861174253166933,4.100010981533648,0.0,0.257643338901185,4.628868514406518,11.896625927927124,0.5026250106906192,3.1000000000000014,0.0,0.0,0.643505735474382,15.471926619646933,4.440892098500626e-16,0.29142388611852343
ordinary_buffer,bursty_supply,4039,0.9509620614144485,12.472815409191801,11.861174253166933,4.10001098153365,0.0,0.25404399247199,4.632361201189171,23.95751982162777,0.8620526231321386,3.1000000000000014,0.0,0.0,1.1345807673328427,31.9311612226311,4.440892098500626e-16,1.0000000000000002
adaptive_bridge,bursty_supply,4039,0.9259477622282157,12.472815409191801,11.549175516826756,5.472805118601309,0.0,0.24336522116449005,4.955038708836837,23.319887792995345,0.837683770313173,6.199999999999994,0.0,0.0,1.1102119145138778,31.293529193998662,4.440892098500626e-16,1.0000000000000002
unregulated,upstream_windows,4000,0.3126873490251945,12.508496539913823,3.9112486233564714,68.47171397462814,12.938738208142913,0.204829339485311,0.6436424107933358,16.849986831499454,0.6386620186591004,40.0000000000003,0.0,0.0,0.8018358890124391,21.095117722972258,2.220446049250313e-16,0.5631680090741806
rate_limiter,upstream_windows,4000,0.5440733841982132,12.508496539913823,6.805540043702553,26.78141193181168,0.0,0.25549155594228734,10.570122635258443,6.777742793709275,0.36992634281177983,33.400000000000205,0.0,0.0,0.48149652352738165,9.062787300844931,4.440892098500626e-16,0.30522169180163977
ordinary_buffer,upstream_windows,4000,0.946863582808944,12.508496539913823,11.843839849336081,4.43075325200559,0.0,0.23279433574096087,5.40644046406106,23.81063408326683,0.8437067523774817,4.5,5.925563661866055,0.0,1.1113567276866934,31.736883831721144,4.440892098500626e-16,1.0
adaptive_bridge,upstream_windows,4000,0.9163168483754266,12.508496539913823,11.461746127368762,6.111965188111213,0.0,0.21953137974013398,5.801797142029192,23.030285160306697,0.8136403298964127,6.799999999999992,5.73635078820125,0.0,1.0812903052056233,30.956534908761057,4.440892098500626e-16,1.0000000000000002
unregulated,upstream_windows,4001,0.3456498620070857,11.725956653999246,4.053075299355908,67.98513122653343,12.777416694129483,0.2049839036507122,0.3636278091085918,16.83049199348525,0.6381840998075684,40.0000000000003,0.0,0.0,0.7855653001415175,20.533492615525027,4.440892098500626e-16,0.5500160782184744
rate_limiter,upstream_windows,4001,0.6188950797886378,11.725956653999246,7.257136878974972,21.26666936314364,0.0,0.25934908426826836,9.291780243199304,7.407386998491715,0.38863035218571623,27.50000000000012,0.0,0.0,0.5002865097257223,9.723538790592977,4.440892098500626e-16,0.3130464546971033
ordinary_buffer,upstream_windows,4001,0.9583528033660238,11.725956653999246,11.237603431508658,3.362252599074709,0.0,0.23609061402064793,5.33002850097048,23.026790629198324,0.8219767622836686,0.1,5.563465575779163,0.0,1.069532911747726,30.228217286499316,4.440892098500626e-16,1.0000000000000002
adaptive_bridge,upstream_windows,4001,0.942690993748322,11.725956653999246,11.053953730808297,4.170311153922211,0.0,0.22698003446340567,5.522788781228089,22.649448862582055,0.8058183974609824,5.099999999999998,5.4661332035202586,0.0,1.05337454692504,29.850875519883086,4.440892098500626e-16,1.0000000000000002
unregulated,upstream_windows,4002,0.3007644880850572,12.784499721504146,3.84512351416175,68.57935005175531,13.481498485866846,0.20274277860784085,0.25713517836809396,17.326622000028486,0.6514749147419386,40.0000000000003,0.0,0.0,0.8097005033741989,21.446399066776276,2.220446049250313e-16,0.5678067180084722
rate_limiter,upstream_windows,4002,0.5050976286908838,12.784499721504146,6.457420493331009,29.702041253767263,0.0,0.2537909517199314,10.597258415005543,6.490769689655169,0.36137454431096694,36.300000000000246,0.0,0.0,0.4694113771299938,8.679895620356252,2.220446049250313e-16,0.29736018256212104
ordinary_buffer,upstream_windows,4002,0.9431374995480535,12.784499721504146,12.057541100312205,4.49230477153603,0.0,0.22859275942709423,4.949386935544235,24.625289501691785,0.865577173090586,5.599999999999996,5.975686014737333,0.0,1.1293562711106917,32.445835993714425,4.440892098500626e-16,1.0000000000000002
adaptive_bridge,upstream_windows,4002,0.9079783205001436,12.784499721504146,11.608048585565887,6.470071214680203,0.0,0.21484432382131788,5.412627885896313,23.708849528231795,0.8314401183105324,7.099999999999991,5.707163045009401,0.0,1.0952192163306378,31.529396020254403,4.440892098500626e-16,1.0000000000000002
unregulated,upstream_windows,4003,0.32293810874971485,11.798802203708881,3.8102828691777137,67.99399120728873,12.214274778920016,0.12965352774587022,0.0,16.024557648097677,0.5639545383727255,40.0000000000003,0.0,0.0,0.726700976391011,20.428649392709385,2.220446049250313e-16,0.5512403731715768
rate_limiter,upstream_windows,4003,0.5856488904632021,11.798802203708881,6.90995541939689,22.388955230050875,0.0,0.25741592396377333,9.127893604934993,6.8402540498810165,0.37176639010514745,30.600000000000165,0.0,0.0,0.4857232252444156,9.204476106399312,4.440892098500626e-16,0.3043863013730395
ordinary_buffer,upstream_windows,4003,0.9532900449685938,11.798802203708881,11.247680683349182,3.8431515485303764,0.0,0.23491958674837532,4.834970267680412,22.50058426965429,0.8056351959353629,2.3000000000000007,5.7257157840396085,0.0,1.0481272421958812,29.794849851198414,4.440892098500626e-16,1.0000000000000002
adaptive_bridge,upstream_windows,4003,0.932409742668474,11.798802203708881,11.001318126556422,4.927146587493791,0.0,0.22298134125993982,5.093271069961612,21.9945088638928,0.7841506375122649,5.899999999999995,5.619370648594139,0.0,1.0267555027070905,29.288614630394783,4.440892098500626e-16,1.0000000000000002
unregulated,upstream_windows,4004,0.3233212853272082,13.211522210960087,4.271566342376575,68.80445576536063,13.127436382054585,0.1897704263120081,0.0,17.39900272443108,0.6449849226356174,40.0000000000003,0.0,0.0,0.8050706527305145,21.580547233493583,4.440892098500626e-16,0.574983566570759
rate_limiter,upstream_windows,4004,0.5561552699976401,13.211522210960087,7.347657702316326,27.531862739327913,0.0,0.25623976413988664,9.585528425425775,7.358261542788572,0.3871955799319053,33.0000000000002,0.0,0.0,0.5025549022264715,9.801646848296151,4.440892098500626e-16,0.33004088323673725
ordinary_buffer,upstream_windows,4004,0.9496081267131737,13.211522210960087,12.545768857779295,4.185823621125956,0.0,0.2251245661956099,4.3405984777931135,25.416382004949128,0.8864239661709798,3.5000000000000018,6.211632783466035,0.0,1.1591094555119617,33.605431224740435,6.661338147750939e-16,1.0000000000000002
adaptive_bridge,upstream_windows,4004,0.9220114230788604,13.211522210960087,12.181174394765282,5.790038876772601,0.0,0.2091341699213056,4.721183337081429,24.668518284700816,0.8553700402935488,6.199999999999994,6.039553954406046,0.0,1.1280555296345294,32.857567504492046,4.440892098500626e-16,1.0000000000000002
unregulated,upstream_windows,4005,0.31511552038177965,13.462186186615918,4.242143805671881,68.91392215216426,12.644416963779708,0.07427272713254873,0.0,16.886560769451386,0.552727235450006,40.0000000000003,0.0,0.0,0.7110617624525498,21.213800326850773,2.220446049250313e-16,0.5791964064977448
rate_limiter,upstream_windows,4005,0.5293846290324791,13.462186186615918,7.126674440367832,29.327175427184045,0.0,0.2550604108164043,9.003101836443387,7.172016823588734,0.3815519670624728,34.900000000000226,0.0,0.0,0.4989079491118362,9.728689341216299,4.440892098500626e-16,0.35784014051473245
ordinary_buffer,upstream_windows,4005,0.946218761553654,13.462186186615918,12.738173141304422,4.685887133338051,0.0,0.2158871672557333,3.262417972773152,26.091745980661543,0.9006932656383116,4.5,6.361291151776391,0.0,1.160969872292821,34.17104846012757,4.440892098500626e-16,1.0
adaptive_bridge,upstream_windows,4005,0.9094446698036388,13.462186186615918,12.24311347132202,6.864149036650728,0.0,0.19562463119586862,3.7777401788154092,25.078022070819575,0.8592666474717953,6.699999999999992,6.127933053855502,0.0,1.119543254126305,33.15732455028554,3.3306690738754696e-16,1.0000000000000002
unregulated,upstream_windows,4006,0.32809318841726287,12.507898730715441,4.103756374960664,68.4024031108115,12.9852719777043,0.20330424103698322,0.21072770527710594,17.089028352665053,0.6447688761931648,40.0000000000003,0.0,0.0,0.7998601317130305,21.086791958080372,4.440892098500626e-16,0.5631579618607658
rate_limiter,upstream_windows,4006,0.5708579913769842,12.507898730715441,7.140233945762947,25.19318513151987,0.0,0.2570297465095468,9.698768372238979,7.235849635811615,0.3835714380331511,32.20000000000019,0.0,0.0,0.4973426257255946,9.62918315221887,4.440892098500626e-16,0.3166972011099969
ordinary_buffer,upstream_windows,4006,0.9520244399058572,12.507898730715441,11.907825283508549,3.9380401809672287,0.0,0.22999851333343008,4.994928619803678,24.3318210627781,0.857175891929569,2.500000000000001,5.906883841711384,0.0,1.1155215461919967,32.00680886156978,4.440892098500626e-16,1.0000000000000002
adaptive_bridge,upstream_windows,4006,0.9292500986700103,12.507898730715441,11.62296612967182,5.191420199978186,0.0,0.21794920425043265,5.291837082723411,23.748216353210417,0.8334017575012718,5.899999999999995,5.737531230401691,0.0,1.0917474117636992,31.423204152002096,4.440892098500626e-16,1.0000000000000002
unregulated,upstream_windows,4007,0.36029732927225455,12.475121511305959,4.494752962870389,68.41312715732691,12.386272599259684,0.20402728357410335,0.4878865587612966,16.881025562129903,0.6390523490926652,40.0000000000003,0.0,0.0,0.7911742305397677,20.70466933342331,3.3306690738754696e-16,0.5626070842236289
rate_limiter,upstream_windows,4007,0.6537839510838561,12.475121511305959,8.156034231912816,20.599130007288075,0.0,0.2607245419791298,9.00591658124398,8.150806027617545,0.4099005622614301,25.600000000000094,0.0,0.0,0.5285639789598348,10.696085315337607,4.440892098500626e-16,0.34808789286528524
ordinary_buffer,upstream_windows,4007,0.9625929137428284,12.475121511305959,12.00846356486384,3.2920223333782994,0.0,0.2324741578396582,5.068341989492593,24.1786096698828,0.8538061345347895,0.0,5.9853094291184235,0.0,1.1202475599472193,32.067300320734255,4.440892098500626e-16,1.0000000000000002
adaptive_bridge,upstream_windows,4007,0.9467768435458054,12.475121511305959,11.811156167324633,4.160174751319896,0.0,0.2233527437448725,5.274770801126587,23.77373990816308,0.8367021761881358,4.4,5.905351920452471,0.0,1.1031436016005651,31.662430559014542,4.440892098500626e-16,1.0000000000000002
unregulated,upstream_windows,4008,0.34725319810286287,12.250001405840974,4.2538521649428445,68.24273873258859,12.32364853596945,0.2040935924922374,0.2291548324485877,16.577500700912264,0.6300515075432364,40.0000000000003,0.0,0.0,0.7865136552561526,20.613602661529125,2.220446049250313e-16,0.5588235530393458
rate_limiter,upstream_windows,4008,0.6254074926637695,12.250001405840974,7.661242664354655,21.24688210284631,0.0,0.2595713154096727,9.099606880617689,7.73386760444477,0.3979616377518168,26.600000000000108,0.0,0.0,0.5177975144643777,10.334707488670487,4.440892098500626e-16,0.35669876291593616
ordinary_buffer,upstream_windows,4008,0.9584090598616015,12.250001405840974,11.740512330675346,3.694842073723645,0.0,0.2330417998692581,5.207918434653568,23.809075292029476,0.843291812484551,0.1,5.9260543774455074,0.0,1.0972062969084537,31.45771230796494,4.440892098500626e-16,1.0000000000000002
adaptive_bridge,upstream_windows,4008,0.9394554592281902,12.250001405840974,11.508330696270308,4.716441092887426,0.0,0.2207753596937027,5.452366509234165,23.331632438003336,0.822185070037387,5.1999999999999975,5.80160847754139,0.0,1.0761045485264678,30.980264933976155,4.440892098500626e-16,1.0000000000000002
unregulated,upstream_windows,4009,0.3049445639078209,12.294573210022161,3.749163265962985,68.26692166389314,12.802995987019498,0.12476076470328437,0.0,16.55215925298235,0.5764157134217384,40.0000000000003,0.0,0.0,0.7370184183135418,21.032244377977808,2.220446049250313e-16,0.5595726589919673
rate_limiter,upstream_windows,4009,0.5243019894770863,12.294573210022161,6.446069193786307,26.793797729061804,0.0,0.25476746587845434,9.880777477304623,6.471221719615404,0.36079201480378237,35.00000000000023,0.0,0.0,0.47263796525001095,8.790138642601278,2.220446049250313e-16,0.3139681240230138
ordinary_buffer,upstream_windows,4009,0.9461967518282038,12.294573210022161,11.633085236437022,4.294011446381333,0.0,0.2309060991140811,4.78751979493239,23.56002128832031,0.8350816038298664,4.799999999999999,5.841653573043525,0.0,1.0877091204044338,31.21254212121774,4.440892098500626e-16,1.0000000000000002
adaptive_bridge,upstream_windows,4009,0.9164197092350898,12.294573210022161,11.266989206298033,5.904833547378897,0.0,0.21712416634252496,5.16739775784292,22.811714928091696,0.805602295764151,6.799999999999992,5.671726200184202,0.0,1.0582552882651541,30.46420123241301,4.440892098500626e-16,1.0000000000000002
unregulated,upstream_windows,4010,0.3658525527411919,11.973576388905252,4.380563487322648,68.1622722475562,12.38885536189201,0.1602711461329284,0.0,16.76941884921481,0.6065600861486352,40.0000000000003,0.0,0.0,0.7516162384629315,20.388504407339475,2.220446049250313e-16,0.5541777544353856
rate_limiter,upstream_windows,4010,0.6598417936890569,11.973576388905252,7.900666121328183,19.806446648761476,0.0,0.2600001930805015,8.044709517868945,7.980644329315648,0.40417459924610544,25.100000000000087,0.0,0.0,0.5191060741339918,10.430313050151753,4.440892098500626e-16,0.34071659122835235
ordinary_buffer,upstream_windows,4010,0.9631416068901025,11.973576388905252,11.532249603431596,3.474155664250755,0.0,0.2327182502099398,4.425996075112972,23.35990472811186,0.8294847045769177,0.0,5.737690249850707,0.0,1.0850894296000002,30.887672477107582,4.440892098500626e-16,1.0000000000000002
adaptive_bridge,upstream_windows,4010,0.9463519421776702,11.973576388905252,11.33121727045318,4.358697797088928,0.0,0.22325087758704618,4.6364957807142915,22.947401873852915,0.8119594860491569,4.5,5.637339613469578,0.0,1.0675642110722396,30.475169622848572,4.440892098500626e-16,1.0000000000000002
unregulated,upstream_windows,4011,0.3557793337186597,11.62909405276124,4.137391333843022,67.87577746323028,12.083929709529807,0.20929801435660558,1.0211803014010274,16.221321043372836,0.6229064479086438,40.0000000000003,0.0,0.0,0.7774302037525262,20.141834258786663,4.440892098500626e-16,0.548388135340527
rate_limiter,upstream_windows,4011,0.6528330662351648,11.62909405276124,7.591857128001239,18.883579913294007,0.0,0.2612757469249349,9.659166237255377,7.630207292458143,0.3951932674229439,24.60000000000008,0.0,0.0,0.5139127604711903,10.163506421642108,2.220446049250313e-16,0.34435167255243376
ordinary_buffer,upstream_windows,4011,0.9621971213999321,11.62909405276124,11.189480822055934,3.4038592540099057,0.0,0.2393451736130894,6.248240096396068,22.676147732680864,0.813505881274269,0.0,5.649386551494853,0.0,1.0602316891317871,29.986694532713095,4.440892098500626e-16,1.0000000000000002
adaptive_bridge,upstream_windows,4011,0.9461936057762108,11.62909405276124,11.003374433692846,4.222727239772097,0.0,0.22932935070977242,6.444362307658867,22.29336102430918,0.7965008696656616,4.699999999999999,5.533946404449281,0.0,1.0432347380192857,29.603898618972625,4.440892098500626e-16,1.0000000000000002
unregulated,upstream_windows,4012,0.3323945405209595,13.281359787358133,4.414651484012455,68.78341555095105,12.574890237650058,0.09558097284598643,0.0,16.989541721662437,0.5699994342501565,40.0000000000003,0.0,0.0,0.7298681741347367,21.291764163084387,2.220446049250313e-16,0.5761573073505533
rate_limiter,upstream_windows,4012,0.5750975433637799,13.281359787358133,7.638077386240156,25.782450129230238,0.0,0.2566257804432051,8.61425866178182,7.697752105123828,0.39663178314238456,31.500000000000178,0.0,0.0,0.5176213945630757,10.376473881101662,4.440892098500626e-16,0.37250562137626614
ordinary_buffer,upstream_windows,4012,0.9527477114800197,13.281359787358133,12.653785142748221,3.9957801864863733,0.0,0.21947853592759797,3.500606498701858,25.828439840046617,0.894860316632632,1.8000000000000005,6.372236390538876,0.0,1.154116736273003,33.86388581706462,4.440892098500626e-16,1.0000000000000002
adaptive_bridge,upstream_windows,4012,0.9283022937667289,13.281359787358133,12.32911675494575,5.424320792269709,0.0,0.20334515022664656,3.8414082722052747,25.161270839804885,0.865900426445009,5.799999999999995,6.189832140742029,0.0,1.1251620602850876,33.1967125501035,2.220446049250313e-16,1.0000000000000002
unregulated,upstream_windows,4013,0.3305153078065676,12.436366571325195,4.110409525316855,68.38386343233216,12.989903664018007,0.1322984783853924,0.0,17.100313189334972,0.5977750894461031,40.0000000000003,0.0,0.0,0.7501647356328904,21.056897240936227,2.220446049250313e-16,0.5619557406945428
rate_limiter,upstream_windows,4013,0.5749878197713048,12.436366571325195,7.150759300723011,25.02643640252255,0.0,0.2570616588906265,8.864520289763846,7.259762583348762,0.3841398123872736,31.500000000000178,0.0,0.0,0.4968984608903085,9.642143222328974,4.440892098500626e-16,0.3184330597105745
ordinary_buffer,upstream_windows,4013,0.9520658369644034,12.436366571325195,11.84023974852485,4.061225668108774,0.0,0.22777064658520452,4.2373365054869465,24.212980251461932,0.8521418550373125,2.400000000000001,5.861977602415758,0.0,1.1079531702940717,31.830636788997378,4.440892098500626e-16,1.0000000000000002
adaptive_bridge,upstream_windows,4013,0.9279817976204557,12.436366571325195,11.540721806725298,5.379104333901701,0.0,0.21487394960323616,4.549751144268476,23.599078958320046,0.8269359920096861,5.999999999999995,5.683164100634372,0.0,1.0827473072664457,31.216735495855456,6.661338147750939e-16,1.0000000000000002
unregulated,upstream_windows,4014,0.3672648490761084,12.295642191609659,4.515757173795352,68.25764756203249,11.846672703224105,0.20583369681992458,0.5997356580206361,16.362429877019558,0.6248022925412939,40.0000000000003,0.0,0.0,0.7795926468032062,20.255559556730667,2.220446049250313e-16,0.5595906250690673
rate_limiter,upstream_windows,4014,0.6652397121233735,12.295642191609659,8.179549471918415,19.15394294432662,0.0,0.26125592723920854,9.09836927567219,8.122218091409293,0.40878667211443354,23.500000000000064,0.0,0.0,0.5311160177885257,10.778722139783278,4.440892098500626e-16,0.3628778111640919
ordinary_buffer,upstream_windows,4014,0.9650591588988542,12.295642191609659,11.86602211155608,3.327068192236503,0.0,0.23442083916703726,5.475997345623127,23.851414519741358,0.8452346543197046,0.0,5.9871858323996765,0.0,1.097258611243698,31.436387074316293,4.440892098500626e-16,1.0000000000000002
adaptive_bridge,upstream_windows,4014,0.9489785193704345,12.295642191609659,11.668300321702379,4.197043940892209,0.0,0.22373792246727822,5.684402052176582,23.444366857800564,0.8269613378058698,4.200000000000001,5.904914197627932,0.0,1.0790352002280266,31.02928608837979,4.440892098500626e-16,1.0000000000000002
unregulated,upstream_windows,4015,0.2874512844206473,13.429680031860231,3.860378774516543,68.95884948404817,13.24691001285297,0.07195042829928514,0.0,17.107288787369523,0.5577569633800602,40.0000000000003,0.0,0.0,0.7158127769291527,21.475344065091885,1.1102230246251565e-16,0.5786500845690781
rate_limiter,upstream_windows,4015,0.4683800969274076,13.429680031860231,6.290194835026766,33.24927924587839,0.0,0.2525344399109849,10.01265723532172,6.287566948854601,0.3553191026351102,38.60000000000028,0.0,0.0,0.4629559740290366,8.474470694428328,4.440892098500626e-16,0.298359192032143
ordinary_buffer,upstream_windows,4015,0.9372805187487169,13.429680031860231,12.587377466891242,5.2459324637689955,0.0,0.21947940681130595,3.6394688837710443,25.480052169009372,0.8855198135261259,6.499999999999993,6.259275858791955,0.0,1.158606372475845,33.784761924752814,4.440892098500626e-16,1.0000000000000002
adaptive_bridge,upstream_windows,4015,0.8823801377734944,13.429680031860231,11.850082916766778,8.490026862720146,0.0,0.199527164109659,4.396715676597132,23.979374382246395,0.8306301740923492,8.999999999999984,5.872075918743133,0.0,1.1037167330420683,32.2840841379898,4.440892098500626e-16,1.0000000000000002
unregulated,upstream_windows,4016,0.3247535963789746,12.23959783065785,3.9748534137384324,68.2681534504956,12.217579243767815,0.19770735738701442,0.0,16.192432657506128,0.6143196283711669,40.0000000000003,0.0,0.0,0.7824273049401066,20.646882920035395,2.220446049250313e-16,0.5586487030362661
rate_limiter,upstream_windows,4016,0.5888405447442788,12.23959783065785,7.2071714540554614,23.034984162960832,0.0,0.2577679375627646,9.450405064839265,7.095443325901746,0.37937022455461017,30.20000000000016,0.0,0.0,0.49601600303609816,9.538167518648141,4.440892098500626e-16,0.31029736592569984
ordinary_buffer,upstream_windows,4016,0.9529926869196195,12.23959783065785,11.66424722345417,3.9514656619736064,0.0,0.23334793939973336,4.994278638841989,23.20170484621851,0.8255369512877453,2.1000000000000005,5.935006961543394,0.0,1.0770904395829055,30.82094937810912,4.440892098500626e-16,1.0000000000000002
adaptive_bridge,upstream_windows,4016,0.9304128402848825,12.23959783065785,11.387878981567056,5.167485681953514,0.0,0.22067787964635058,5.283316940482479,22.634646559834884,0.8017815713811801,5.999999999999995,5.822631492065714,0.0,1.0534172789395158,30.253779701648842,4.440892098500626e-16,1.0000000000000002
unregulated,upstream_windows,4017,0.3434876905608282,12.140588660209847,4.17014276094446,68.21935209508844,12.77890115384852,0.1519370420387959,0.0,16.94904391479287,0.6063576770755148,40.0000000000003,0.0,0.0,0.7549591777338704,20.742546433227048,2.220446049250313e-16,0.556984683364868
rate_limiter,upstream_windows,4017,0.6095326280368859,12.140588660209847,7.400084911972524,22.524157553296764,0.0,0.25842505595369253,8.609297415240876,7.534207561490649,0.3920010492892184,28.000000000000128,0.0,0.0,0.5056952758655483,9.94828000558602,2.220446049250313e-16,0.3210459452849819
ordinary_buffer,upstream_windows,4017,0.9566378966465073,12.140588660209847,11.614147199953587,3.7054700264704867,0.0,0.23035789200698858,4.457710808168859,23.754508289870433,0.8399744149784262,0.4,5.769312360792477,0.0,1.0921311637155557,31.21231899733092,4.440892098500626e-16,1.0000000000000002
adaptive_bridge,upstream_windows,4017,0.9374575021073065,12.140588660209847,11.381285919512614,4.730059480926344,0.0,0.21995873758683654,4.7009712430299775,23.277140607699415,0.820174835597558,5.399999999999997,5.636946052366141,0.0,1.0723315843346877,30.734951315159844,4.440892098500626e-16,1.0000000000000002
unregulated,upstream_windows,4018,0.34029631233364516,12.455346613433166,4.238508521388662,68.34075007644556,12.632544842242499,0.20470693915885985,0.39735096648920587,16.871053363631194,0.6392082133384142,40.0000000000003,0.0,0.0,0.7935629563050295,20.816242170943774,2.220446049250313e-16,0.562274732998876
rate_limiter,upstream_windows,4018,0.6035132110829872,12.455346613433166,7.51696622982466,22.864150136698324,0.0,0.2587694870183567,9.483089188006556,7.6104165825690595,0.3946323328578775,28.10000000000013,0.0,0.0,0.5125662858353282,10.144357522949251,4.440892098500626e-16,0.35086438320279073
ordinary_buffer,upstream_windows,4018,0.9567030110121195,12.455346613433166,11.916067608271115,3.570584325425122,0.0,0.2314627801447352,5.234958481093115,24.267835895954427,0.8560262325866568,0.1,5.981394142860375,0.0,1.1136971615865396,31.982874155139754,4.440892098500626e-16,1.0000000000000002
adaptive_bridge,upstream_windows,4018,0.9385670410662912,12.455346613433166,11.690177816425017,4.564499238803423,0.0,0.22016191267025476,5.472149140413695,23.803849307327535,0.8359829601427307,5.299999999999997,5.857350806779189,0.0,1.093653889142613,31.51888756651285,4.440892098500626e-16,1.0000000000000002
unregulated,upstream_windows,4019,0.33500800562541955,13.383321158173723,4.483519729844259,68.87788131398533,12.51166472833872,0.20148016984524583,0.08766215038261871,16.995184458183132,0.6407564630744437,40.0000000000003,0.0,0.0,0.8072726954873397,21.38751346874554,2.220446049250313e-16,0.5778709438348533
rate_limiter,upstream_windows,4019,0.5859634873096127,13.383321158173723,7.842137537628,25.416370448615957,0.0,0.257817389624637,9.401225398786572,7.852373579752861,0.4015543216005023,30.800000000000168,0.0,0.0,0.525596205240919,10.57504214045661,4.440892098500626e-16,0.36760274689064165
ordinary_buffer,upstream_windows,4019,0.9523974044456328,13.383321158173723,12.746240333906975,4.383949961768774,0.0,0.22376500613817238,4.457267852106591,25.75438192829594,0.895486096039815,2.400000000000001,6.453641135773452,0.0,1.1589263933920277,33.86948564165701,4.440892098500626e-16,1.0000000000000002
adaptive_bridge,upstream_windows,4019,0.9231511518505148,13.383321158173723,12.354828342753438,6.106162331446576,0.0,0.2083485891661475,4.8640962602321585,24.954079946257487,0.8631810556907995,6.199999999999994,6.253389894770374,0.0,1.1266805660065244,33.06912345208306,4.440892098500626e-16,1.0000000000000002
unregulated,upstream_windows,4020,0.3527611443520361,12.4616566610337,4.395988264268421,68.35882604184359,12.621654266200114,0.20310480601434264,0.1476708865115004,17.01764253046848,0.6425086419524586,40.0000000000003,0.0,0.0,0.7920518308911202,20.798405452176013,4.440892098500626e-16,0.5623807842190549
rate_limiter,upstream_windows,4020,0.6289527792497542,12.4616566610337,7.837793591013359,21.708646083885895,0.0,0.25949179314645726,8.904248420569024,7.976001339617655,0.40487124954891623,26.70000000000011,0.0,0.0,0.5223291900645748,10.506701089653959,4.440892098500626e-16,0.33604603644109404
ordinary_buffer,upstream_windows,4020,0.9600658828724421,12.4616566610337,11.964011404328568,3.403197773456508,0.0,0.23005330529918844,4.878859808011018,24.42571518953357,0.8597129309468136,0.0,5.9814731339596365,0.0,1.1172178915393773,32.092587956580594,6.661338147750939e-16,1.0000000000000002
adaptive_bridge,upstream_windows,4020,0.9432186531454605,12.4616566610337,11.754067011781363,4.3269529528330155,0.0,0.21927704205592277,5.099580463801493,23.99425830650909,0.8408359768223821,4.799999999999999,5.852870812167624,0.0,1.0983409374149466,31.66113107355609,6.661338147750939e-16,1.0000000000000002
unregulated,upstream_windows,4021,0.3442813312839597,12.875564531676023,4.432816497997955,68.5975885235672,12.166210122523283,0.1462088185666603,0.0,16.599026620521403,0.5921089188518366,40.0000000000003,0.0,0.0,0.7560346512972527,20.90936700062086,2.220446049250313e-16,0.5693372190197685
rate_limiter,upstream_windows,4021,0.6254322203313373,12.875564531676023,8.05279291306555,22.24395489991023,0.0,0.2584861414479648,8.472574967193196,7.977326707623902,0.4043631868631252,25.900000000000098,0.0,0.0,0.5271549500062049,10.66150865351635,4.440892098500626e-16,0.3564356371155109
ordinary_buffer,upstream_windows,4021,0.9569133073691369,12.875564531676023,12.320799040250856,3.946003618221987,0.0,0.2263642016978549,4.090006900666733,24.71869531872262,0.8660595503083603,0.2,6.247550756337082,0.0,1.1206473151816316,32.53649610674055,6.661338147750939e-16,1.0000000000000002
adaptive_bridge,upstream_windows,4021,0.9344963243963047,12.875564531676023,12.032167729378672,5.215981151406861,0.0,0.21063996228398982,4.39436245095279,24.124285465227896,0.8393342534337408,5.399999999999997,6.1222462947245955,0.0,1.0940124514124623,31.941982906100222,4.440892098500626e-16,1.0000000000000002
unregulated,upstream_windows,4022,0.31229068489582573,13.46406722531935,4.20470277527842,68.93372363860789,13.028569681462834,0.07401129281624805,0.0,17.23327245674146,0.5628849803291693,40.0000000000003,0.0,0.0,0.7169956935771715,21.410228347262123,2.220446049250313e-16,0.579228020593605
rate_limiter,upstream_windows,4022,0.5213269331900348,13.46406722531935,7.019180874840197,30.25416226531412,0.0,0.25466145155141406,9.109628034773198,7.075645295988919,0.37876166863739696,35.40000000000023,0.0,0.0,0.4910231164327332,9.443122320860596,4.440892098500626e-16,0.3264346591756286
ordinary_buffer,upstream_windows,4022,0.9450965236790477,13.46406722531935,12.72484312923032,4.5692748389318325,0.0,0.21816800991923913,3.3789625002963914,26.02806688763128,0.9003696217498733,5.1999999999999975,6.281319552136774,0.0,1.1680185553670728,34.15800470366624,4.440892098500626e-16,1.0000000000000002
adaptive_bridge,upstream_windows,4022,0.9088706925727726,13.46406722531935,12.237096103922367,6.715361096942678,0.0,0.19878183625021265,3.886095699273385,25.029363924430314,0.8600029039242904,6.799999999999992,6.032639082454602,0.0,1.1276518375414883,33.15930174046531,4.440892098500626e-16,1.0000000000000002
unregulated,upstream_windows,4023,0.3490494730186254,11.919959750968506,4.160655669478782,68.10728158101233,12.393381233865519,0.20817187793500413,1.0840906576076672,16.554036903344322,0.6320707355294051,40.0000000000003,0.0,0.0,0.7869052951270181,20.45805794376758,2.220446049250313e-16,0.553276634470062
rate_limiter,upstream_windows,4023,0.6448598818541506,11.919959750968506,7.68670383671578,20.166505100838815,0.0,0.2607493941413218,9.851819743720476,7.656036072570779,0.39607121165607007,26.600000000000108,0.0,0.0,0.5120336978985274,10.086174123319669,4.440892098500626e-16,0.32274550430371535
ordinary_buffer,upstream_windows,4023,0.9600156442455464,11.919959750968506,11.443347839707013,3.3087449277802454,0.0,0.23822859305004956,5.942725046718684,23.013059131701183,0.8228878856933052,0.0,5.700906632442089,0.0,1.0823702729800053,30.611833879368177,4.440892098500626e-16,1.0000000000000002
adaptive_bridge,upstream_windows,4023,0.9446160613715816,11.919959750968506,11.259785431667648,4.116419398779766,0.0,0.22924719170326383,6.135268856104842,22.635736617826435,0.8067478777075707,4.699999999999999,5.6296565588486125,0.0,1.06623026499427,30.234511365493447,6.661338147750939e-16,1.0000000000000002
unregulated,upstream_windows,4024,0.29285512053067686,12.629572823146363,3.698635071373489,68.50907719225297,12.721762401357084,0.09422048889854101,0.0,16.42039747273051,0.5521320823752845,40.0000000000003,0.0,0.0,0.7181995205398563,21.032243842118614,2.220446049250313e-16,0.565202904590697
rate_limiter,upstream_windows,4024,0.4993045347541869,12.629572823146363,6.306002982605218,28.73501915242285,0.0,0.2537237022900516,9.949426994612073,6.259728667566519,0.3544895218527259,36.00000000000024,0.0,0.0,0.46386072281522567,8.45954134742757,2.220446049250313e-16,0.29469133207761566
ordinary_buffer,upstream_windows,4024,0.9420923811560883,12.629572823146363,11.898224333942178,4.750118912833558,0.0,0.22753604738272387,4.268302938772775,23.692067798750706,0.8370227031615528,5.899999999999995,6.024829021263107,0.0,1.0941083613912592,31.579345160213855,4.440892098500626e-16,1.0000000000000002
adaptive_bridge,upstream_windows,4024,0.9029617187738987,12.629572823146363,11.404020783768361,6.924613794655524,0.0,0.2117615049330161,4.778281031396295,22.68430551334254,0.7989156977721701,7.29999999999999,5.821790109172869,0.0,1.056080334731116,30.571475366178053,4.440892098500626e-16,1.0000000000000002
unregulated,upstream_windows,4025,0.33810728724779776,13.123622721634115,4.437192477275271,68.79356091287309,12.429626753703802,0.1882988274430626,0.0,16.86681923097908,0.6281449357706449,40.0000000000003,0.0,0.0,0.7927868606511096,21.160919452523505,2.220446049250313e-16,0.5735062642291443
rate_limiter,upstream_windows,4025,0.6072232430885364,13.123622721634115,7.968968750101072,24.13851677453155,0.0,0.2583647112931533,8.990512377595351,7.8757532424896555,0.40199136800382085,29.000000000000142,0.0,0.0,0.5234184010677303,10.505316172788786,4.440892098500626e-16,0.34478093174409324
ordinary_buffer,upstream_windows,4025,0.9538774531601416,13.123622721634115,12.518327817946917,4.252069617010402,0.0,0.22672487146743772,4.307047314142997,24.989760414021223,0.8745037403075699,2.0000000000000004,6.289741816716219,0.0,1.1465101364973065,33.304906329866654,4.440892098500626e-16,1.0000000000000002
adaptive_bridge,upstream_windows,4025,0.92724252813729,13.123622721634115,12.168781110728,5.7900748042137655,0.0,0.21019359380385438,4.673125299025491,24.271848192672586,0.8437970831759758,5.899999999999995,6.150590115642499,0.0,1.1158034793657106,32.586994108518056,4.440892098500626e-16,1.0000000000000002
unregulated,upstream_windows,4026,0.339114937869505,12.035503722768528,4.081419097174845,68.13819009461415,12.625107071196561,0.15825716209935065,0.0,16.706526168371457,0.6033434296254517,40.0000000000003,0.0,0.0,0.7545708100202025,20.58878960372124,2.220446049250313e-16,0.5552185499624936
rate_limiter,upstream_windows,4026,0.6042012223163328,12.035503722768528,7.2718660604895184,22.384606037851817,0.0,0.2583414066788792,8.751610967523739,7.372128728647336,0.3873523771297637,28.20000000000013,0.0,0.0,0.5019018920228729,9.813228963559148,4.440892098500626e-16,0.3431965870824157
ordinary_buffer,upstream_windows,4026,0.9559719348227389,12.035503722768528,11.505603780421307,3.75368931436991,0.0,0.23186776206153287,4.648301020792639,23.46337255815263,0.832281065164297,0.9999999999999999,5.760587413678211,0.0,1.0827536359871344,30.930389955633085,4.440892098500626e-16,1.0000000000000002
adaptive_bridge,upstream_windows,4026,0.9365301808302315,12.035503722768528,11.271612477867334,4.783250863184739,0.0,0.22044760593879492,4.893712479469341,22.982934246698235,0.8117607945480906,5.4999999999999964,5.636319126817698,0.0,1.0622333653709288,30.44995164417871,4.440892098500626e-16,1.0000000000000002
unregulated,upstream_windows,4027,0.35964206903227197,12.445206990755967,4.475819991690371,68.32649668802553,12.103446902298629,0.15798094688911082,0.0,16.579266893988883,0.5993669873955022,40.0000000000003,0.0,0.0,0.7534165006467396,20.536928692218353,2.220446049250313e-16,0.5621043191723678
rate_limiter,upstream_windows,4027,0.6491430193066995,12.445206990755967,8.078719241876172,20.10512005314092,0.0,0.2594032981073419,8.227790006921502,8.10211508315709,0.40765520634653424,24.60000000000008,0.0,0.0,0.5290274111057811,10.771698837202113,4.440892098500626e-16,0.3731419269582447
ordinary_buffer,upstream_windows,4027,0.9627789931588736,12.445206990755967,11.981983856213805,3.321744415173291,0.0,0.2298956340824626,4.350146725883528,24.222805615245218,0.8534036239384426,0.0,6.041350719488275,0.0,1.106709963129435,31.935111225016623,4.440892098500626e-16,1.0000000000000002
adaptive_bridge,upstream_windows,4027,0.9468395225129258,12.445206990755967,11.783613844701906,4.194572335047155,0.0,0.21744941604598228,4.560962955431903,23.81288540663062,0.8339247394599215,4.4,5.925016236452221,0.0,1.0872538770638784,31.525171243209257,4.440892098500626e-16,1.0000000000000002
unregulated,upstream_windows,4028,0.3457437784169714,12.143790639570183,4.1986400600296445,68.22332308565781,12.136513898044175,0.20570094930818902,0.6744113789881381,16.33515395807379,0.6239009850896449,40.0000000000003,0.0,0.0,0.785297065246198,20.47442208940292,2.220446049250313e-16,0.5570384981440364
rate_limiter,upstream_windows,4028,0.6429415230031256,12.143790639570183,7.807747248836353,20.26057799844705,0.0,0.26059872360003,9.487735003628963,7.697264288288564,0.397133092613486,25.40000000000009,0.0,0.0,0.5161875052650248,10.226245925458803,4.440892098500626e-16,0.330457271456136
ordinary_buffer,upstream_windows,4028,0.9593492680366641,12.143790639570183,11.650136661262147,3.4859897112765235,0.0,0.23625373840535338,5.582699957028494,23.247753341256214,0.8285988211558972,0.0,5.852766964069317,0.0,1.0884835715516679,31.019919163494645,4.440892098500626e-16,1.0
adaptive_bridge,upstream_windows,4028,0.9421037331111559,12.143790639570183,11.440710495659381,4.407464690658627,0.0,0.22596496069349184,5.802414900343122,22.81717843737409,0.8101093113321092,4.799999999999999,5.763685549181838,0.0,1.0699940617278807,30.589344259612542,4.440892098500626e-16,1.0000000000000002
unregulated,upstream_windows,4029,0.3118315279137043,13.136800026134084,4.096468424046182,68.7733758548169,12.533029874399128,0.112039585789199,0.0,16.629498298445423,0.5702409030880956,40.0000000000003,0.0,0.0,0.7396670848165933,21.275852395584227,2.220446049250313e-16,0.5737277315316676
rate_limiter,upstream_windows,4029,0.5405658216726171,13.136800026134084,7.101305100276029,27.423036865682427,0.0,0.25562874818004006,9.479553353695831,7.01398522082515,0.3769414688720302,33.3000000000002,0.0,0.0,0.49406631036158416,9.476656462877417,4.440892098500626e-16,0.3291869352158171
ordinary_buffer,upstream_windows,4029,0.9468704706194762,13.136800026134084,12.438848023179528,4.597651305961464,0.0,0.22332614551711716,3.975555661116887,24.821439879450537,0.8675831185136352,4.4,6.337813551575095,0.0,1.1256406363340008,32.79026487575012,4.440892098500626e-16,1.0000000000000002
adaptive_bridge,upstream_windows,4029,0.9124470275149023,13.136800026134084,11.986634134903735,6.5873918565855085,0.0,0.20725426132393676,4.4438414335858765,23.89778882769065,0.8315086926460692,6.5999999999999925,6.094458073022962,0.0,1.089702145081054,31.86643647504288,4.440892098500626e-16,1.0000000000000002
unregulated,upstream_windows,4030,0.37940622081810516,11.86954349243688,4.50337863930161,68.08015286178104,12.119219069730654,0.20252940489430415,0.07264234983930828,16.622597709032313,0.6303527630641993,40.0000000000003,0.0,0.0,0.7714504873223208,20.05218951301212,4.440892098500626e-16,0.5524293023938956
rate_limiter,upstream_windows,4030,0.6798410770520966,11.86954349243688,8.069403232014993,18.401810501256666,0.0,0.2613049558993577,8.322176624723536,8.097583684664066,0.4075798832165447,22.700000000000053,0.0,0.0,0.5238303284042382,10.578031103779251,4.440892098500626e-16,0.3463899494081755
ordinary_buffer,upstream_windows,4030,0.9685117671924621,11.86954349243688,11.495792543627832,3.0037242095612493,0.0,0.23496487713480577,4.850358669756604,23.19106901937269,0.8257634172672138,0.0,5.746530526719786,0.0,1.0822489698984281,30.722935922289466,6.661338147750939e-16,1.0000000000000002
adaptive_bridge,upstream_windows,4030,0.9546430453132135,11.86954349243688,11.33117714609758,3.7280318593840316,0.0,0.2279973078552718,5.0219416365663845,22.854135740487894,0.8118606941211912,3.5000000000000018,5.637561404663634,0.0,1.068346246752406,30.386002643404638,4.440892098500626e-16,1.0
unregulated,upstream_windows,4031,0.28985382226046175,12.943866367716561,3.7518291415112848,68.64779365479724,13.268595280015097,0.177403669910789,0.0,17.02042442152638,0.6254600215553812,40.0000000000003,0.0,0.0,0.7883394744546881,21.475453553894567,2.220446049250313e-16,0.5704851490372508
rate_limiter,upstream_windows,4031,0.47921256290778874,12.943866367716561,6.202863376009383,31.233826843667586,0.0,0.2529706356863997,10.750763251911422,6.219013013998136,0.3532761953763877,37.700000000000266,0.0,0.0,0.46388359998313194,8.497909257206613,4.440892098500626e-16,0.31263047597397026
ordinary_buffer,upstream_windows,4031,0.9390689427238865,12.943866367716561,12.155182904690864,5.067353848861929,0.0,0.22665871758325118,4.8418481200902725,24.69677790094089,0.8667740126743907,6.399999999999993,6.094714515123437,0.0,1.1296127126217663,32.7128077446754,4.440892098500626e-16,1.0000000000000002
adaptive_bridge,upstream_windows,4031,0.8916670957167911,12.943866367716561,11.541619731448076,7.767030686865373,0.0,0.21028680129727734,5.471783209619018,23.44861726606892,0.8214241390751253,8.399999999999986,5.761745543186069,0.0,1.0842628390225013,31.464647109803398,4.440892098500626e-16,1.0000000000000002
unregulated,upstream_windows,4032,0.33309634106217634,11.847080550456921,3.946219183626074,68.06241939354396,12.33654788924325,0.20770827418192128,0.9704946924426765,16.282767072869216,0.6236778717705869,40.0000000000003,0.0,0.0,0.7859467256019383,20.45670311311702,2.220446049250313e-16,0.5520517739572579
rate_limiter,upstream_windows,4032,0.6111516765941203,11.847080550456921,7.240363141157341,21.45109763915458,0.0,0.25872787811217907,10.192809221768199,7.162168682607689,0.3813822343009526,28.600000000000136,0.0,0.0,0.4962997989253785,9.545961314883876,2.220446049250313e-16,0.3119798540730246
ordinary_buffer,upstream_windows,4032,0.9561445181200077,11.847080550456921,11.327521124045548,3.534939850758118,0.0,0.23885529983673615,6.022691860954778,22.649823974239805,0.812591774363831,0.7,5.685003174166451,0.0,1.0705750324705257,30.25127376678422,4.440892098500626e-16,1.0000000000000002
adaptive_bridge,upstream_windows,4032,0.9385292319339695,11.847080550456921,11.118831409680203,4.4531744350014515,0.0,0.22879441056551553,6.241442464591347,22.22088062929472,0.7944206321173309,5.4999999999999964,5.579392764101817,0.0,1.0524038902240254,29.822330421839084,4.440892098500626e-16,1.0000000000000002
unregulated,upstream_windows,4033,0.3149250752811017,12.844704064908761,4.045119394604865,68.6502453019025,12.765374024344872,0.10162458578716903,0.0,16.81049341894974,0.5686922657923646,40.0000000000003,0.0,0.0,0.7310305291390574,21.20643904628101,2.220446049250313e-16,0.5688185557127504
rate_limiter,upstream_windows,4033,0.5470056000610513,12.844704064908761,7.026125054632041,27.017204871417974,0.0,0.25577499875877135,9.26400853651982,6.978441035834471,0.37588575914617234,32.9000000000002,0.0,0.0,0.4898381811316717,9.359335582385473,4.440892098500626e-16,0.3161169090973844
ordinary_buffer,upstream_windows,4033,0.947574482957663,12.844704064908761,12.171313813050112,4.5135692991980605,0.0,0.22681579727922935,4.021813384660797,24.343049717912848,0.855582640649701,4.300000000000001,6.125456841773635,0.0,1.125730509511049,32.49972209202967,4.440892098500626e-16,1.0000000000000002
adaptive_bridge,upstream_windows,4033,0.9155124824427736,12.844704064908761,11.759486904707405,6.325607217992373,0.0,0.21098756699035093,4.449468523292366,23.500573296038155,0.8219972390438118,6.5999999999999925,5.919484591475561,0.0,1.0921451079051585,31.65724567015496,4.440892098500626e-16,1.0000000000000002
unregulated,upstream_windows,4034,0.3827800387302469,11.81041224149402,4.520790055219264,67.98346625417945,12.212520187942577,0.20344872984073983,0.09612695713210462,16.733310243161828,0.6342647879509868,40.0000000000003,0.0,0.0,0.7699976835948765,19.99120445275494,4.440892098500626e-16,0.5514354998570404
rate_limiter,upstream_windows,4034,0.6727746526317446,11.81041224149402,7.945745993208844,18.38905194901598,0.0,0.2610223577195604,8.358623945383824,8.120922184670688,0.4082460123434285,22.100000000000044,0.0,0.0,0.523436451119529,10.582061936954299,4.440892098500626e-16,0.34461287681059677
ordinary_buffer,upstream_windows,4034,0.9697960189025167,11.81041224149402,11.45369077339845,2.7800154072417795,0.0,0.23416861882662335,4.928183849627112,23.410112609767268,0.8317871202997432,0.0,5.725499137537411,0.0,1.080251812763151,30.706090734278995,4.440892098500626e-16,1.0000000000000002
adaptive_bridge,upstream_windows,4034,0.9569448030463304,11.81041224149402,11.301912616332466,3.447839206552438,0.0,0.22571076758916098,5.088419857930555,23.097747906829152,0.8175314038045204,3.0000000000000013,5.582704752687293,0.0,1.0659960962679278,30.393726031340826,4.440892098500626e-16,1.0000000000000002
unregulated,upstream_windows,4035,0.30502610598623736,12.38438947424364,3.777562096345483,68.37230100521721,12.580788746033745,0.2037510389837664,0.37449003535050096,16.35835084237924,0.6232925070069467,40.0000000000003,0.0,0.0,0.7928394032533066,20.86991578716605,2.220446049250313e-16,0.5610821760377053
rate_limiter,upstream_windows,4035,0.5330138955552765,12.38438947424364,6.601051677740364,26.423817781675115,0.0,0.25505934230410726,10.474907353911867,6.536504505452637,0.3627374418217319,34.30000000000022,0.0,0.0,0.4742652421167993,8.800484892575714,4.440892098500626e-16,0.2982039534567632
ordinary_buffer,upstream_windows,4035,0.9462256193138507,12.38438947424364,11.718426600090122,4.395682991186761,0.0,0.23342623551048708,5.36987099499816,23.34086067534529,0.8301053076642275,4.799999999999999,5.948776367216863,0.0,1.0898154235473478,31.22158176251993,4.440892098500626e-16,1.0000000000000002
adaptive_bridge,upstream_windows,4035,0.9158993958801328,12.38438947424364,11.342854837804026,6.0481983040887055,0.0,0.2200169596169356,5.758852033177801,22.573654751871224,0.800357494053317,6.699999999999992,5.7455209585767735,0.0,1.0600769810491477,30.454363655703435,4.440892098500626e-16,1.0000000000000002
unregulated,upstream_windows,4036,0.349564451678319,11.852062005940828,4.143059556364143,67.99374478194564,12.282971446606249,0.16691075249952664,0.0,16.42603100297051,0.6007528686475159,40.0000000000003,0.0,0.0,0.7525468307482427,20.320110317041454,4.440892098500626e-16,0.5521354958981669
rate_limiter,upstream_windows,4036,0.6349652474282717,11.852062005940828,7.525647484137435,19.978801754785184,0.0,0.2594157252963374,8.493752847967405,7.611541103066215,0.3940143474203405,26.300000000000104,0.0,0.0,0.5110590962365141,10.136488438334954,4.440892098500626e-16,0.3479709711975568
ordinary_buffer,upstream_windows,4036,0.9606643713415042,11.852062005940828,11.385853696037673,3.326013551268483,0.0,0.23404403729700976,4.816657725904611,23.127435159164992,0.8235082472388768,0.0,5.739407168928101,0.0,1.0712966724320856,30.559014095688195,4.440892098500626e-16,1.0000000000000002
adaptive_bridge,upstream_windows,4036,0.9452598008339453,11.852062005940828,11.203277771207198,4.129347497672379,0.0,0.22293171980819537,5.01034596822391,22.750615179034916,0.805969098374597,4.799999999999999,5.625591469050224,0.0,1.0537575235678067,30.18219411555814,4.440892098500626e-16,1.0000000000000002
unregulated,upstream_windows,4037,0.3296381663262279,13.247659798831995,4.3669342842006635,68.80678407725662,12.316568560658814,0.11696854178533361,0.0,16.683502844859674,0.5751357163643748,40.0000000000003,0.0,0.0,0.7438587263337159,21.206325219655238,2.220446049250313e-16,0.5755909209887735
rate_limiter,upstream_windows,4037,0.5861429470826994,13.247659798831995,7.765022356436387,24.954185333091022,0.0,0.2571506658996173,8.761921975086679,7.658106866798799,0.3955119163112419,30.400000000000162,0.0,0.0,0.5178821691672897,10.315516321155167,4.440892098500626e-16,0.34395492145952306
ordinary_buffer,upstream_windows,4037,0.9526057543437012,13.247659798831995,12.619796955955078,4.216265768001565,0.0,0.22179315730976534,3.725931042775068,25.26086652887192,0.87937609952261,2.2000000000000006,6.419952801961158,0.0,1.134091968720941,33.13866149761941,4.440892098500626e-16,1.0000000000000002
adaptive_bridge,upstream_windows,4037,0.9257620787800241,13.247659798831995,12.264181074337264,5.780975304223971,0.0,0.204193868478825,4.099146213223827,24.529848273168106,0.847649553143064,5.899999999999995,6.276699489773776,0.0,1.1025336967003594,32.40743025522216,2.220446049250313e-16,1.0000000000000002
unregulated,upstream_windows,4038,0.3210312557824976,12.025772648295941,3.860648895037258,68.12212148531992,12.586035531517899,0.0893153566388946,0.0,16.44668442655501,0.5496458359148543,40.0000000000003,0.0,0.0,0.7022001836111341,20.49534372830653,2.220446049250313e-16,0.5550550024923674
rate_limiter,upstream_windows,4038,0.5645387929947295,12.025772648295941,6.789015175698022,24.327379685666166,0.0,0.2564572182301047,8.754547612399882,6.855082916333226,0.3721875974059124,32.50000000000019,0.0,0.0,0.4835816176328968,9.19746937807014,4.440892098500626e-16,0.3187149459159737
ordinary_buffer,upstream_windows,4038,0.9514750307984242,12.025772648295941,11.442222400912229,3.8478009441359116,0.0,0.23038961053207502,4.242981823670685,23.313864887823343,0.8270504511423848,3.0000000000000013,5.7139810233392305,0.0,1.0761091343107958,30.790875565973757,6.661338147750939e-16,1.0000000000000002
adaptive_bridge,upstream_windows,4038,0.929852353255088,12.025772648295941,11.182192996728652,4.99193008808753,0.0,0.21872974650350238,4.514671091882829,22.780698997757934,0.8049650663171587,5.999999999999995,5.568003838994431,0.0,1.0540237494855709,30.257709675908302,4.440892098500626e-16,1.0000000000000002
unregulated,upstream_windows,4039,0.32301563562359414,12.472815409191801,4.028914397415849,68.36313194064009,12.611856691725068,0.18406004906114812,0.0,16.640771089140944,0.618583272745903,40.0000000000003,0.0,0.0,0.7809101379228252,20.980764675955008,2.220446049250313e-16,0.5625683262049015
rate_limiter,upstream_windows,4039,0.5640582793055725,12.472815409191801,7.0353947978047575,24.913852390834315,0.0,0.25676541328333424,9.560524898186534,7.076305937169494,0.3788112119862073,32.30000000000019,0.0,0.0,0.4956997771290085,9.568087657715166,4.440892098500626e-16,0.333711574865104
ordinary_buffer,upstream_windows,4039,0.9509543656987436,12.472815409191801,11.861078265925505,4.101626459999229,0.0,0.2304680742485605,4.841846982703093,24.0163115474269,0.8481017166468321,3.1000000000000014,5.982090578925474,0.0,1.1033534602908643,31.761654201093886,4.440892098500626e-16,1.0000000000000002
adaptive_bridge,upstream_windows,4039,0.9259217918249507,12.472815409191801,11.548851592780728,5.475423518791538,0.0,0.2177117490527271,5.166829981043699,23.377389345540674,0.8223100206554649,6.199999999999994,5.807788777433582,0.0,1.0775836853148508,31.122705674335425,4.440892098500626e-16,1.0000000000000002
unregulated,global_outage,4000,0.3126873490251945,12.508496539913823,3.9112486233564714,68.47171397462814,12.938738208142913,0.204829339485311,0.6436424107933358,16.849986831499454,0.6386620186591004,40.0000000000003,0.0,0.0,0.8018358890124391,21.095117722972258,2.220446049250313e-16,0.5631680090741806
rate_limiter,global_outage,4000,0.5440733841982132,12.508496539913823,6.805540043702553,26.78141193181168,0.0,0.25549155594228734,10.570122635258443,6.777742793709275,0.36992634281177983,33.400000000000205,0.0,0.0,0.48149652352738165,9.062787300844931,4.440892098500626e-16,0.30522169180163977
ordinary_buffer,global_outage,4000,0.5440665848988526,12.508496539913823,6.805454994690028,26.78266870109407,0.0,0.2511012576464028,10.577246573861446,13.716340834308433,0.5751579154375784,33.400000000000205,0.0,0.0,0.7778232884220689,19.097237644268983,4.440892098500626e-16,1.0
adaptive_bridge,global_outage,4000,0.2748175926233397,12.508496539913823,3.437554906436491,41.1827437243577,0.0,0.18586731760449604,14.003556449288695,6.959373305896509,0.33198664746285717,43.50000000000035,0.0,0.0,0.4946471588172175,11.123982497234628,4.440892098500626e-16,1.0
unregulated,global_outage,4001,0.3456498620070857,11.725956653999246,4.053075299355908,67.98513122653343,12.777416694129483,0.2049839036507122,0.3636278091085918,16.83049199348525,0.6381840998075684,40.0000000000003,0.0,0.0,0.7855653001415175,20.533492615525027,4.440892098500626e-16,0.5500160782184744
rate_limiter,global_outage,4001,0.6188950797886378,11.725956653999246,7.257136878974972,21.26666936314364,0.0,0.25934908426826836,9.291780243199304,7.407386998491715,0.38863035218571623,27.50000000000012,0.0,0.0,0.5002865097257223,9.723538790592977,4.440892098500626e-16,0.3130464546971033
ordinary_buffer,global_outage,4001,0.6188940833852197,11.725956653999246,7.257125195191681,21.266921981185288,0.0,0.25462074541425794,9.292559214667051,14.983199907909407,0.6127529957901048,27.50000000000012,0.0,0.0,0.816529898082001,20.426011118173985,4.440892098500626e-16,1.0
adaptive_bridge,global_outage,4001,0.37625875317437363,11.725956653999246,4.411993830410506,33.72248506332774,0.0,0.19799000688910917,12.390131273988702,8.88114793757676,0.3975243891561651,40.60000000000031,0.0,0.0,0.5766483663126988,13.573286519950056,4.440892098500626e-16,1.0
unregulated,global_outage,4002,0.3007644880850572,12.784499721504146,3.84512351416175,68.57935005175531,13.481498485866846,0.20274277860784085,0.25713517836809396,17.326622000028486,0.6514749147419386,40.0000000000003,0.0,0.0,0.8097005033741989,21.446399066776276,2.220446049250313e-16,0.5678067180084722
rate_limiter,global_outage,4002,0.5050976286908838,12.784499721504146,6.457420493331009,29.702041253767263,0.0,0.2537909517199314,10.597258415005543,6.490769689655169,0.36137454431096694,36.300000000000246,0.0,0.0,0.4694113771299938,8.679895620356252,2.220446049250313e-16,0.29736018256212104
ordinary_buffer,global_outage,4002,0.5050961935745119,12.784499721504146,6.457402146086151,29.702430349371603,0.0,0.2496194917697734,10.59632416977766,13.144909011557852,0.5582181744738858,36.300000000000246,0.0,0.0,0.7547475612914643,18.340136529953234,4.440892098500626e-16,1.0000000000000002
adaptive_bridge,global_outage,4002,0.2432205253025851,12.784499721504146,3.109452737994991,43.968700745749004,0.0,0.18070005685652069,14.124635485720567,6.26061472055287,0.307645186537824,46.9000000000004,0.0,0.0,0.46616996821858714,10.315468599850691,2.220446049250313e-16,1.0000000000000002
unregulated,global_outage,4003,0.32293810874971485,11.798802203708881,3.8102828691777137,67.99399120728873,12.214274778920016,0.12965352774587022,0.0,16.024557648097677,0.5639545383727255,40.0000000000003,0.0,0.0,0.726700976391011,20.428649392709385,2.220446049250313e-16,0.5512403731715768
rate_limiter,global_outage,4003,0.5856488904632021,11.798802203708881,6.90995541939689,22.388955230050875,0.0,0.25741592396377333,9.127893604934993,6.8402540498810165,0.37176639010514745,30.600000000000165,0.0,0.0,0.4857232252444156,9.204476106399312,4.440892098500626e-16,0.3043863013730395
ordinary_buffer,global_outage,4003,0.5855583776387955,11.798802203708881,6.908887476484817,22.399665836034046,0.0,0.25278430967308757,9.136909823276444,13.844925059574711,0.5788203692777956,30.600000000000165,0.0,0.0,0.7784511357567538,19.31841176655722,4.440892098500626e-16,1.0
adaptive_bridge,global_outage,4003,0.33013994805770014,11.798802203708881,3.895255946675528,35.43933639758371,0.0,0.1959115452817415,12.178649308587552,7.834597787938621,0.3648469891283562,41.800000000000324,0.0,0.0,0.5293739044292184,12.193934175939372,4.440892098500626e-16,1.0
unregulated,global_outage,4004,0.3233212853272082,13.211522210960087,4.271566342376575,68.80445576536063,13.127436382054585,0.1897704263120081,0.0,17.39900272443108,0.6449849226356174,40.0000000000003,0.0,0.0,0.8050706527305145,21.580547233493583,4.440892098500626e-16,0.574983566570759
rate_limiter,global_outage,4004,0.5561552699976401,13.211522210960087,7.347657702316326,27.531862739327913,0.0,0.25623976413988664,9.585528425425775,7.358261542788572,0.3871955799319053,33.0000000000002,0.0,0.0,0.5025549022264715,9.801646848296151,4.440892098500626e-16,0.33004088323673725
ordinary_buffer,global_outage,4004,0.5561518745337121,13.211522210960087,7.347612843069225,27.53258764292713,0.0,0.2514988637992687,9.58908275055079,14.878077342634796,0.6096299527455997,33.0000000000002,0.0,0.0,0.8208341764661553,20.578027044929463,4.440892098500626e-16,1.0
adaptive_bridge,global_outage,4004,0.25907235298828807,13.211522210960087,3.4227401457504594,44.23245646412436,0.0,0.1802507890378689,13.651598264359594,6.9010845059025625,0.32649715566219817,44.700000000000365,0.0,0.0,0.49592565113000875,11.31866324102548,4.440892098500626e-16,1.0
unregulated,global_outage,4005,0.31511552038177965,13.462186186615918,4.242143805671881,68.91392215216426,12.644416963779708,0.07427272713254873,0.0,16.886560769451386,0.552727235450006,40.0000000000003,0.0,0.0,0.7110617624525498,21.213800326850773,2.220446049250313e-16,0.5791964064977448
rate_limiter,global_outage,4005,0.5293846290324791,13.462186186615918,7.126674440367832,29.327175427184045,0.0,0.2550604108164043,9.003101836443387,7.172016823588734,0.3815519670624728,34.900000000000226,0.0,0.0,0.4989079491118362,9.728689341216299,4.440892098500626e-16,0.35784014051473245
ordinary_buffer,global_outage,4005,0.5293741740364001,13.462186186615918,7.126533693264037,29.330326701299974,0.0,0.25021069844074223,9.004381143388057,14.511664068726356,0.5985088059370072,34.900000000000226,0.0,0.0,0.8109005914464612,20.416245025180803,4.440892098500626e-16,1.0
adaptive_bridge,global_outage,4005,0.23396535588814726,13.462186186615918,3.1496851821840934,46.55933932300338,0.0,0.17776801976926546,13.192288781507663,6.288682972105866,0.3065247893931207,49.10000000000043,0.0,0.0,0.47902493657165734,10.936796693831289,2.220446049250313e-16,1.0000000000000002
unregulated,global_outage,4006,0.32809318841726287,12.507898730715441,4.103756374960664,68.4024031108115,12.9852719777043,0.20330424103698322,0.21072770527710594,17.089028352665053,0.6447688761931648,40.0000000000003,0.0,0.0,0.7998601317130305,21.086791958080372,4.440892098500626e-16,0.5631579618607658
rate_limiter,global_outage,4006,0.5708579913769842,12.507898730715441,7.140233945762947,25.19318513151987,0.0,0.2570297465095468,9.698768372238979,7.235849635811615,0.3835714380331511,32.20000000000019,0.0,0.0,0.4973426257255946,9.62918315221887,4.440892098500626e-16,0.3166972011099969
ordinary_buffer,global_outage,4006,0.570856000231586,12.507898730715441,7.140209040717949,25.193731615426554,0.0,0.2523153447591666,9.699011824851665,14.639528268587169,0.6025393505484803,32.20000000000019,0.0,0.0,0.8095632707873364,20.234415409437702,4.440892098500626e-16,1.0
adaptive_bridge,global_outage,4006,0.30097148359184855,12.507898730715441,3.7645208376000254,39.81331019382508,0.0,0.18836410601005701,13.311088850933238,7.548763501072416,0.3512672360692522,42.40000000000033,0.0,0.0,0.52619503845434,12.1636803855173,4.440892098500626e-16,1.0
unregulated,global_outage,4007,0.36029732927225455,12.475121511305959,4.494752962870389,68.41312715732691,12.386272599259684,0.20402728357410335,0.4878865587612966,16.881025562129903,0.6390523490926652,40.0000000000003,0.0,0.0,0.7911742305397677,20.70466933342331,3.3306690738754696e-16,0.5626070842236289
rate_limiter,global_outage,4007,0.6537839510838561,12.475121511305959,8.156034231912816,20.599130007288075,0.0,0.2607245419791298,9.00591658124398,8.150806027617545,0.4099005622614301,25.600000000000094,0.0,0.0,0.5285639789598348,10.696085315337607,4.440892098500626e-16,0.34808789286528524
ordinary_buffer,global_outage,4007,0.6537815722489542,12.475121511305959,8.15600455565836,20.599542803725658,0.0,0.25566200377778453,9.008167726421828,16.46627019885222,0.6559900108747211,25.600000000000094,0.0,0.0,0.8735047743047566,22.36680475964738,4.440892098500626e-16,1.0
adaptive_bridge,global_outage,4007,0.37570794936060453,12.475121511305959,4.687002321037127,35.27103238736723,0.0,0.19611495934345305,12.561806041134046,9.465740879135687,0.4137531655421198,40.70000000000031,0.0,0.0,0.603029112327756,14.498584149780353,4.440892098500626e-16,1.0
unregulated,global_outage,4008,0.34725319810286287,12.250001405840974,4.2538521649428445,68.24273873258859,12.32364853596945,0.2040935924922374,0.2291548324485877,16.577500700912264,0.6300515075432364,40.0000000000003,0.0,0.0,0.7865136552561526,20.613602661529125,2.220446049250313e-16,0.5588235530393458
rate_limiter,global_outage,4008,0.6254074926637695,12.250001405840974,7.661242664354655,21.24688210284631,0.0,0.2595713154096727,9.099606880617689,7.73386760444477,0.3979616377518168,26.600000000000108,0.0,0.0,0.5177975144643777,10.334707488670487,4.440892098500626e-16,0.35669876291593616
ordinary_buffer,global_outage,4008,0.6253854289776843,12.250001405840974,7.660972384169094,21.249609016671005,0.0,0.25425959364703044,9.108561163586705,15.631365240327936,0.6313460964943749,26.600000000000108,0.0,0.0,0.846369152342531,21.60986325502352,4.440892098500626e-16,1.0
adaptive_bridge,global_outage,4008,0.3539571291849647,12.250001405840974,4.335975330123253,35.778610014954424,0.0,0.19563485311070933,12.644567638159932,8.675263969827395,0.3897942013781045,41.60000000000032,0.0,0.0,0.5790947389063312,13.840392041105904,3.3306690738754696e-16,1.0
unregulated,global_outage,4009,0.3049445639078209,12.294573210022161,3.749163265962985,68.26692166389314,12.802995987019498,0.12476076470328437,0.0,16.55215925298235,0.5764157134217384,40.0000000000003,0.0,0.0,0.7370184183135418,21.032244377977808,2.220446049250313e-16,0.5595726589919673
rate_limiter,global_outage,4009,0.5243019894770863,12.294573210022161,6.446069193786307,26.793797729061804,0.0,0.25476746587845434,9.880777477304623,6.471221719615404,0.36079201480378237,35.00000000000023,0.0,0.0,0.47263796525001095,8.790138642601278,2.220446049250313e-16,0.3139681240230138
ordinary_buffer,global_outage,4009,0.5242745614297892,12.294573210022161,6.445731977650804,26.802950081369072,0.0,0.25042173703791587,9.881914187184224,13.108966698098488,0.5570278302516308,35.00000000000023,0.0,0.0,0.7550557451621913,18.48974556739891,4.440892098500626e-16,1.0
adaptive_bridge,global_outage,4009,0.2718651406870868,12.294573210022161,3.342465875430363,40.389658913931115,0.0,0.18741313134605908,13.150441774743106,6.703024092954335,0.325345576801523,43.300000000000345,0.0,0.0,0.48771819709174846,10.985731656116744,3.3306690738754696e-16,1.0000000000000002
unregulated,global_outage,4010,0.3658525527411919,11.973576388905252,4.380563487322648,68.1622722475562,12.38885536189201,0.1602711461329284,0.0,16.76941884921481,0.6065600861486352,40.0000000000003,0.0,0.0,0.7516162384629315,20.388504407339475,2.220446049250313e-16,0.5541777544353856
rate_limiter,global_outage,4010,0.6598417936890569,11.973576388905252,7.900666121328183,19.806446648761476,0.0,0.2600001930805015,8.044709517868945,7.980644329315648,0.40417459924610544,25.100000000000087,0.0,0.0,0.5191060741339918,10.430313050151753,4.440892098500626e-16,0.34071659122835235
ordinary_buffer,global_outage,4010,0.6598405969161282,11.973576388905252,7.9006517916761,19.806679384432233,0.0,0.25507325550303867,8.045847671921942,16.126777130702347,0.6452744666046117,25.100000000000087,0.0,0.0,0.8565289680010701,21.839441633222027,4.440892098500626e-16,1.0
adaptive_bridge,global_outage,4010,0.4127423005897278,11.973576388905252,4.942001465043599,32.53825450116931,0.0,0.2007545878820003,11.167309149680513,9.983580923310639,0.4322379366302633,39.700000000000294,0.0,0.0,0.6209276972228116,15.00291237257899,4.440892098500626e-16,1.0
unregulated,global_outage,4011,0.3557793337186597,11.62909405276124,4.137391333843022,67.87577746323028,12.083929709529807,0.20929801435660558,1.0211803014010274,16.221321043372836,0.6229064479086438,40.0000000000003,0.0,0.0,0.7774302037525262,20.141834258786663,4.440892098500626e-16,0.548388135340527
rate_limiter,global_outage,4011,0.6528330662351648,11.62909405276124,7.591857128001239,18.883579913294007,0.0,0.2612757469249349,9.659166237255377,7.630207292458143,0.3951932674229439,24.60000000000008,0.0,0.0,0.5139127604711903,10.163506421642108,2.220446049250313e-16,0.34435167255243376
ordinary_buffer,global_outage,4011,0.652815174509365,11.62909405276124,7.591649063439147,18.88615553445731,0.0,0.25637891561078097,9.66610041548706,15.42314647922022,0.6257175589828889,24.60000000000008,0.0,0.0,0.8374500012958455,21.26025167249406,4.440892098500626e-16,1.0
adaptive_bridge,global_outage,4011,0.40933271712787844,11.62909405276124,4.76016866635241,31.156810580554463,0.0,0.20289857324560823,12.66047213444972,9.54870060005843,0.4206682267161727,39.700000000000294,0.0,0.0,0.6110892930951077,14.725024594334679,3.3306690738754696e-16,1.0
unregulated,global_outage,4012,0.3323945405209595,13.281359787358133,4.414651484012455,68.78341555095105,12.574890237650058,0.09558097284598643,0.0,16.989541721662437,0.5699994342501565,40.0000000000003,0.0,0.0,0.7298681741347367,21.291764163084387,2.220446049250313e-16,0.5761573073505533
rate_limiter,global_outage,4012,0.5750975433637799,13.281359787358133,7.638077386240156,25.782450129230238,0.0,0.2566257804432051,8.61425866178182,7.697752105123828,0.39663178314238456,31.500000000000178,0.0,0.0,0.5176213945630757,10.376473881101662,4.440892098500626e-16,0.37250562137626614
ordinary_buffer,global_outage,4012,0.5750805607375586,13.281359787358133,7.637851833871177,25.787413002016553,0.0,0.2511578916745354,8.622350798104131,15.562312111001866,0.6289240430451823,31.500000000000178,0.0,0.0,0.8471132266192074,21.690395645419002,4.440892098500626e-16,1.0
adaptive_bridge,global_outage,4012,0.2707590550911687,13.281359787358133,3.5960484263509334,43.3884991947762,0.0,0.18278371207027339,12.881056699452202,7.173425551005193,0.33632108743445516,44.000000000000355,0.0,0.0,0.5182173209315079,12.138295098614446,4.440892098500626e-16,1.0
unregulated,global_outage,4013,0.3305153078065676,12.436366571325195,4.110409525316855,68.38386343233216,12.989903664018007,0.1322984783853924,0.0,17.100313189334972,0.5977750894461031,40.0000000000003,0.0,0.0,0.7501647356328904,21.056897240936227,2.220446049250313e-16,0.5619557406945428
rate_limiter,global_outage,4013,0.5749878197713048,12.436366571325195,7.150759300723011,25.02643640252255,0.0,0.2570616588906265,8.864520289763846,7.259762583348762,0.3841398123872736,31.500000000000178,0.0,0.0,0.4968984608903085,9.642143222328974,4.440892098500626e-16,0.3184330597105745
ordinary_buffer,global_outage,4013,0.574985987355733,12.436366571325195,7.15073651213125,25.026931149359413,0.0,0.2521817054320344,8.868395964697408,14.686570875586451,0.603691261661649,31.500000000000178,0.0,0.0,0.8098174715290032,20.26045925314808,6.661338147750939e-16,1.0
adaptive_bridge,global_outage,4013,0.3071664404126211,12.436366571325195,3.820034451380473,39.461103806286616,0.0,0.18922782317968273,12.431423243293285,7.663974281448352,0.3552881818367935,42.30000000000033,0.0,0.0,0.5305809420417279,12.290086737568142,4.440892098500626e-16,1.0
unregulated,global_outage,4014,0.3672648490761084,12.295642191609659,4.515757173795352,68.25764756203249,11.846672703224105,0.20583369681992458,0.5997356580206361,16.362429877019558,0.6248022925412939,40.0000000000003,0.0,0.0,0.7795926468032062,20.255559556730667,2.220446049250313e-16,0.5595906250690673
rate_limiter,global_outage,4014,0.6652397121233735,12.295642191609659,8.179549471918415,19.15394294432662,0.0,0.26125592723920854,9.09836927567219,8.122218091409293,0.40878667211443354,23.500000000000064,0.0,0.0,0.5311160177885257,10.778722139783278,4.440892098500626e-16,0.3628778111640919
ordinary_buffer,global_outage,4014,0.665226267556761,12.295642191609659,8.179384162337925,19.15632842745063,0.0,0.2562364480670141,9.107529187434466,16.402630742366863,0.6538534564840213,23.500000000000064,0.0,0.0,0.8713095665316982,22.484451624828534,4.440892098500626e-16,1.0
adaptive_bridge,global_outage,4014,0.40681721971831425,12.295642191609659,5.002078971041842,32.60521063633426,0.0,0.20063649383684698,12.335598423372465,10.028670075300132,0.4334916590734289,39.9000000000003,0.0,0.0,0.6290214296956149,15.414294618148995,3.3306690738754696e-16,1.0
unregulated,global_outage,4015,0.2874512844206473,13.429680031860231,3.860378774516543,68.95884948404817,13.24691001285297,0.07195042829928514,0.0,17.107288787369523,0.5577569633800602,40.0000000000003,0.0,0.0,0.7158127769291527,21.475344065091885,1.1102230246251565e-16,0.5786500845690781
rate_limiter,global_outage,4015,0.4683800969274076,13.429680031860231,6.290194835026766,33.24927924587839,0.0,0.2525344399109849,10.01265723532172,6.287566948854601,0.3553191026351102,38.60000000000028,0.0,0.0,0.4629559740290366,8.474470694428328,4.440892098500626e-16,0.298359192032143
ordinary_buffer,global_outage,4015,0.4683770600134932,13.429680031860231,6.290154050244611,33.2500036021941,0.0,0.24843302335874937,10.019755393626825,12.736120875035633,0.5460418630180006,38.60000000000028,0.0,0.0,0.7421846125971189,17.92571651442111,4.440892098500626e-16,1.0000000000000002
adaptive_bridge,global_outage,4015,0.19934498449214938,13.429680031860231,2.677139357685706,48.74209783922217,0.0,0.17263086395448202,13.744259403797555,5.415469855468893,0.2769986482056182,65.90000000000053,0.0,0.0,0.425459337386528,9.173606279774814,4.440892098500626e-16,1.0000000000000002
unregulated,global_outage,4016,0.3247535963789746,12.23959783065785,3.9748534137384324,68.2681534504956,12.217579243767815,0.19770735738701442,0.0,16.192432657506128,0.6143196283711669,40.0000000000003,0.0,0.0,0.7824273049401066,20.646882920035395,2.220446049250313e-16,0.5586487030362661
rate_limiter,global_outage,4016,0.5888405447442788,12.23959783065785,7.2071714540554614,23.034984162960832,0.0,0.2577679375627646,9.450405064839265,7.095443325901746,0.37937022455461017,30.20000000000016,0.0,0.0,0.49601600303609816,9.538167518648141,4.440892098500626e-16,0.31029736592569984
ordinary_buffer,global_outage,4016,0.588789306563087,12.23959783065785,7.2065443193241,23.04138406519353,0.0,0.2530083007535974,9.459745122691945,14.348905425646137,0.5938023563572649,30.20000000000016,0.0,0.0,0.7998975469632194,19.998550701592784,4.440892098500626e-16,1.0
adaptive_bridge,global_outage,4016,0.3132317961401762,12.23959783065785,3.8338312125303626,37.54182047439194,0.0,0.1926063558924513,12.826019619159744,7.729385830265825,0.35949978625455475,42.20000000000033,0.0,0.0,0.5252795993451583,12.103209020768617,4.440892098500626e-16,1.0000000000000002
unregulated,global_outage,4017,0.3434876905608282,12.140588660209847,4.17014276094446,68.21935209508844,12.77890115384852,0.1519370420387959,0.0,16.94904391479287,0.6063576770755148,40.0000000000003,0.0,0.0,0.7549591777338704,20.742546433227048,2.220446049250313e-16,0.556984683364868
rate_limiter,global_outage,4017,0.6095326280368859,12.140588660209847,7.400084911972524,22.524157553296764,0.0,0.25842505595369253,8.609297415240876,7.534207561490649,0.3920010492892184,28.000000000000128,0.0,0.0,0.5056952758655483,9.94828000558602,2.220446049250313e-16,0.3210459452849819
ordinary_buffer,global_outage,4017,0.6095313942667316,12.140588660209847,7.40006993327658,22.52447868394924,0.0,0.253245872094543,8.614786602135823,15.2359975453637,0.6196024889827264,28.000000000000128,0.0,0.0,0.8276526209877425,20.872395295556043,4.440892098500626e-16,1.0
adaptive_bridge,global_outage,4017,0.3482676251057408,12.140588660209847,4.228173980076971,36.34555302632596,0.0,0.19418139639551382,12.022087606944051,8.488934533057684,0.3832572482906677,41.100000000000314,0.0,0.0,0.5648446929160904,13.309970217517128,2.220446049250313e-16,1.0
unregulated,global_outage,4018,0.34029631233364516,12.455346613433166,4.238508521388662,68.34075007644556,12.632544842242499,0.20470693915885985,0.39735096648920587,16.871053363631194,0.6392082133384142,40.0000000000003,0.0,0.0,0.7935629563050295,20.816242170943774,2.220446049250313e-16,0.562274732998876
rate_limiter,global_outage,4018,0.6035132110829872,12.455346613433166,7.51696622982466,22.864150136698324,0.0,0.2587694870183567,9.483089188006556,7.6104165825690595,0.3946323328578775,28.10000000000013,0.0,0.0,0.5125662858353282,10.144357522949251,4.440892098500626e-16,0.35086438320279073
ordinary_buffer,global_outage,4018,0.6035092323939221,12.455346613433166,7.516916673873286,22.865259320492612,0.0,0.25367114349076736,9.48708047289949,15.387842685518356,0.6245567750578237,28.10000000000013,0.0,0.0,0.8380057606108843,21.257636783455595,4.440892098500626e-16,1.0
adaptive_bridge,global_outage,4018,0.3281743044954486,12.455346613433166,4.08752471211317,37.80445975511532,0.0,0.19179185846012872,13.158436606683317,8.180873608309929,0.3724507640534173,41.60000000000032,0.0,0.0,0.5568934019809401,13.148670679006562,3.3306690738754696e-16,1.0
unregulated,global_outage,4019,0.33500800562541955,13.383321158173723,4.483519729844259,68.87788131398533,12.51166472833872,0.20148016984524583,0.08766215038261871,16.995184458183132,0.6407564630744437,40.0000000000003,0.0,0.0,0.8072726954873397,21.38751346874554,2.220446049250313e-16,0.5778709438348533
rate_limiter,global_outage,4019,0.5859634873096127,13.383321158173723,7.842137537628,25.416370448615957,0.0,0.257817389624637,9.401225398786572,7.852373579752861,0.4015543216005023,30.800000000000168,0.0,0.0,0.525596205240919,10.57504214045661,4.440892098500626e-16,0.36760274689064165
ordinary_buffer,global_outage,4019,0.5859052378150843,13.383321158173723,7.8413579659354244,25.423049667444484,0.0,0.2522643187839141,9.410375957309787,15.871149462920727,0.638416569004355,30.800000000000168,0.0,0.0,0.8590507359568386,22.06840893351003,4.440892098500626e-16,1.0
adaptive_bridge,global_outage,4019,0.269403379082573,13.383321158173723,3.6055119433592955,43.89958712354338,0.0,0.18260419185965124,13.817104976391809,7.192749839506457,0.3367792611968002,44.30000000000036,0.0,0.0,0.5169428161580633,12.093977572963022,4.440892098500626e-16,1.0
unregulated,global_outage,4020,0.3527611443520361,12.4616566610337,4.395988264268421,68.35882604184359,12.621654266200114,0.20310480601434264,0.1476708865115004,17.01764253046848,0.6425086419524586,40.0000000000003,0.0,0.0,0.7920518308911202,20.798405452176013,4.440892098500626e-16,0.5623807842190549
rate_limiter,global_outage,4020,0.6289527792497542,12.4616566610337,7.837793591013359,21.708646083885895,0.0,0.25949179314645726,8.904248420569024,7.976001339617655,0.40487124954891623,26.70000000000011,0.0,0.0,0.5223291900645748,10.506701089653959,4.440892098500626e-16,0.33604603644109404
ordinary_buffer,global_outage,4020,0.6289516182089333,12.4616566610337,7.837779122521279,21.708948359943317,0.0,0.2542329625334468,8.911032697025956,16.115301562891133,0.6455449081379839,26.70000000000011,0.0,0.0,0.8599354214886257,21.985543888960642,4.440892098500626e-16,1.0000000000000002
adaptive_bridge,global_outage,4020,0.353691690845437,12.4616566610337,4.407584415176312,36.6355522762171,0.0,0.19354008212503113,12.58797343759632,8.833889960310504,0.3931425503024645,41.200000000000315,0.0,0.0,0.5820439547621779,13.917607634052157,4.440892098500626e-16,1.0000000000000002
unregulated,global_outage,4021,0.3442813312839597,12.875564531676023,4.432816497997955,68.5975885235672,12.166210122523283,0.1462088185666603,0.0,16.599026620521403,0.5921089188518366,40.0000000000003,0.0,0.0,0.7560346512972527,20.90936700062086,2.220446049250313e-16,0.5693372190197685
rate_limiter,global_outage,4021,0.6254322203313373,12.875564531676023,8.05279291306555,22.24395489991023,0.0,0.2584861414479648,8.472574967193196,7.977326707623902,0.4043631868631252,25.900000000000098,0.0,0.0,0.5271549500062049,10.66150865351635,4.440892098500626e-16,0.3564356371155109
ordinary_buffer,global_outage,4021,0.6253985718001465,12.875564531676023,8.052359669230807,22.248495263857052,0.0,0.2529600411120917,8.479111725655297,16.1177220508887,0.6448920404480538,25.900000000000098,0.0,0.0,0.8624767387604786,22.243361393509247,4.440892098500626e-16,1.0
adaptive_bridge,global_outage,4021,0.31727619820843644,12.875564531676023,4.085110164397556,39.28830190098327,0.0,0.19015667686579957,12.513469579106571,8.176530750651933,0.3712310036803176,42.40000000000033,0.0,0.0,0.5527644930430374,13.129464666838745,4.440892098500626e-16,1.0000000000000002
unregulated,global_outage,4022,0.31229068489582573,13.46406722531935,4.20470277527842,68.93372363860789,13.028569681462834,0.07401129281624805,0.0,17.23327245674146,0.5628849803291693,40.0000000000003,0.0,0.0,0.7169956935771715,21.410228347262123,2.220446049250313e-16,0.579228020593605
rate_limiter,global_outage,4022,0.5213269331900348,13.46406722531935,7.019180874840197,30.25416226531412,0.0,0.25466145155141406,9.109628034773198,7.075645295988919,0.37876166863739696,35.40000000000023,0.0,0.0,0.4910231164327332,9.443122320860596,4.440892098500626e-16,0.3264346591756286
ordinary_buffer,global_outage,4022,0.5213250486739294,13.46406722531935,7.019155501588668,30.254652251873825,0.0,0.2501359662185709,9.107830336941976,14.313724746328278,0.5928875250423808,35.40000000000023,0.0,0.0,0.7988541336801656,19.86307352733808,4.440892098500626e-16,1.0000000000000002
adaptive_bridge,global_outage,4022,0.2304973073654168,13.46406722531935,3.1034312416230687,46.96627708836791,0.0,0.17603683073119292,13.237976176730138,6.233177097159196,0.30371491101769943,51.20000000000046,0.0,0.0,0.4673433759363476,10.49169113223451,2.220446049250313e-16,1.0000000000000002
unregulated,global_outage,4023,0.3490494730186254,11.919959750968506,4.160655669478782,68.10728158101233,12.393381233865519,0.20817187793500413,1.0840906576076672,16.554036903344322,0.6320707355294051,40.0000000000003,0.0,0.0,0.7869052951270181,20.45805794376758,2.220446049250313e-16,0.553276634470062
rate_limiter,global_outage,4023,0.6448598818541506,11.919959750968506,7.68670383671578,20.166505100838815,0.0,0.2607493941413218,9.851819743720476,7.656036072570779,0.39607121165607007,26.600000000000108,0.0,0.0,0.5120336978985274,10.086174123319669,4.440892098500626e-16,0.32274550430371535
ordinary_buffer,global_outage,4023,0.6448563254510487,11.919959750968506,7.686661444533947,20.167109898993395,0.0,0.255887419106692,9.859201247574948,15.473341452024405,0.6273496052875152,26.600000000000108,0.0,0.0,0.8387087630047512,21.144288329381663,4.440892098500626e-16,1.0
adaptive_bridge,global_outage,4023,0.3798249134751814,11.919959750968506,4.527497681039257,33.48191816209125,0.0,0.1989067460537881,13.05234763849412,9.157336514583847,0.4063949757358794,40.60000000000031,0.0,0.0,0.5884572091280619,13.931719385331357,4.440892098500626e-16,1.0
unregulated,global_outage,4024,0.29285512053067686,12.629572823146363,3.698635071373489,68.50907719225297,12.721762401357084,0.09422048889854101,0.0,16.42039747273051,0.5521320823752845,40.0000000000003,0.0,0.0,0.7181995205398563,21.032243842118614,2.220446049250313e-16,0.565202904590697
rate_limiter,global_outage,4024,0.4993045347541869,12.629572823146363,6.306002982605218,28.73501915242285,0.0,0.2537237022900516,9.949426994612073,6.259728667566519,0.3544895218527259,36.00000000000024,0.0,0.0,0.46386072281522567,8.45954134742757,2.220446049250313e-16,0.29469133207761566
ordinary_buffer,global_outage,4024,0.49926872546949186,12.629572823146363,6.305550726636417,28.74005091414242,0.0,0.24950779019285163,9.957011023291205,12.678586896065138,0.5442453942389355,36.00000000000024,0.0,0.0,0.7371899998064497,17.849626178829322,4.440892098500626e-16,1.0000000000000002
adaptive_bridge,global_outage,4024,0.24000778466640854,12.629572823146363,3.031195794566438,43.133912468535414,0.0,0.18293420328052146,13.287541121177297,6.126687224587747,0.3051322205934183,46.100000000000385,0.0,0.0,0.4511806253014976,9.845813927749514,2.220446049250313e-16,1.0000000000000002
unregulated,global_outage,4025,0.33810728724779776,13.123622721634115,4.437192477275271,68.79356091287309,12.429626753703802,0.1882988274430626,0.0,16.86681923097908,0.6281449357706449,40.0000000000003,0.0,0.0,0.7927868606511096,21.160919452523505,2.220446049250313e-16,0.5735062642291443
rate_limiter,global_outage,4025,0.6072232430885364,13.123622721634115,7.968968750101072,24.13851677453155,0.0,0.2583647112931533,8.990512377595351,7.8757532424896555,0.40199136800382085,29.000000000000142,0.0,0.0,0.5234184010677303,10.505316172788786,4.440892098500626e-16,0.34478093174409324
ordinary_buffer,global_outage,4025,0.6072091678513895,13.123622721634115,7.9687840319990375,24.140518707029067,0.0,0.25284754421809125,8.99488430309769,15.91172738287447,0.6393933099022967,29.000000000000142,0.0,0.0,0.8596705334889618,21.96297212710825,4.440892098500626e-16,1.0
adaptive_bridge,global_outage,4025,0.2902147414396735,13.123622721634115,3.808668774910869,41.87988373136918,0.0,0.1859472156431309,13.193481423932633,7.676581119906659,0.35348191647915167,43.40000000000035,0.0,0.0,0.5308100437789475,12.367477107442133,4.440892098500626e-16,1.0
unregulated,global_outage,4026,0.339114937869505,12.035503722768528,4.081419097174845,68.13819009461415,12.625107071196561,0.15825716209935065,0.0,16.706526168371457,0.6033434296254517,40.0000000000003,0.0,0.0,0.7545708100202025,20.58878960372124,2.220446049250313e-16,0.5552185499624936
rate_limiter,global_outage,4026,0.6042012223163328,12.035503722768528,7.2718660604895184,22.384606037851817,0.0,0.2583414066788792,8.751610967523739,7.372128728647336,0.3873523771297637,28.20000000000013,0.0,0.0,0.5019018920228729,9.813228963559148,4.440892098500626e-16,0.3431965870824157
ordinary_buffer,global_outage,4026,0.6041977704607645,12.035503722768528,7.271824515668976,22.385563437612134,0.0,0.2532218496816062,8.757175268937958,14.911631578467846,0.6101249707508295,28.20000000000013,0.0,0.0,0.8180460065072885,20.597714447067844,4.440892098500626e-16,1.0
adaptive_bridge,global_outage,4026,0.34622857582299166,12.035503722768528,4.167035313246462,35.94257927228278,0.0,0.19508866053923846,12.087544442473034,8.354043736006368,0.3798275041530994,41.30000000000032,0.0,0.0,0.5613023874165,13.214881308172908,4.440892098500626e-16,1.0000000000000002
unregulated,global_outage,4027,0.35964206903227197,12.445206990755967,4.475819991690371,68.32649668802553,12.103446902298629,0.15798094688911082,0.0,16.579266893988883,0.5993669873955022,40.0000000000003,0.0,0.0,0.7534165006467396,20.536928692218353,2.220446049250313e-16,0.5621043191723678
rate_limiter,global_outage,4027,0.6491430193066995,12.445206990755967,8.078719241876172,20.10512005314092,0.0,0.2594032981073419,8.227790006921502,8.10211508315709,0.40765520634653424,24.60000000000008,0.0,0.0,0.5290274111057811,10.771698837202113,4.440892098500626e-16,0.3731419269582447
ordinary_buffer,global_outage,4027,0.6491283071195808,12.445206990755967,8.078536145662193,20.107467042094033,0.0,0.25419404164588494,8.236485271676486,16.363683447660474,0.6520301076910172,24.60000000000008,0.0,0.0,0.8695133181346738,22.469772491410975,4.440892098500626e-16,1.0
adaptive_bridge,global_outage,4027,0.3767414674112335,12.445206990755967,4.688625543933944,34.72360862972951,0.0,0.19707283441481627,11.771363828166367,9.382592590268088,0.41189106647765483,41.100000000000314,0.0,0.0,0.6059001402873784,14.733324977477093,3.3306690738754696e-16,1.0
unregulated,global_outage,4028,0.3457437784169714,12.143790639570183,4.1986400600296445,68.22332308565781,12.136513898044175,0.20570094930818902,0.6744113789881381,16.33515395807379,0.6239009850896449,40.0000000000003,0.0,0.0,0.785297065246198,20.47442208940292,2.220446049250313e-16,0.5570384981440364
rate_limiter,global_outage,4028,0.6429415230031256,12.143790639570183,7.807747248836353,20.26057799844705,0.0,0.26059872360003,9.487735003628963,7.697264288288564,0.397133092613486,25.40000000000009,0.0,0.0,0.5161875052650248,10.226245925458803,4.440892098500626e-16,0.330457271456136
ordinary_buffer,global_outage,4028,0.6429275530013017,12.143790639570183,7.80757760005897,20.262444948591426,0.0,0.2554500227505298,9.49258690638648,15.555379413243818,0.6294448930769463,25.40000000000009,0.0,0.0,0.844093321311071,21.405573952891633,4.440892098500626e-16,1.0
adaptive_bridge,global_outage,4028,0.36369869313895953,12.143790639570183,4.416680785364805,34.596847612977115,0.0,0.19779950127490362,12.878101592531198,8.895261037753613,0.39782071927215834,40.90000000000031,0.0,0.0,0.5796082731066431,13.711640921488307,3.3306690738754696e-16,1.0
unregulated,global_outage,4029,0.3118315279137043,13.136800026134084,4.096468424046182,68.7733758548169,12.533029874399128,0.112039585789199,0.0,16.629498298445423,0.5702409030880956,40.0000000000003,0.0,0.0,0.7396670848165933,21.275852395584227,2.220446049250313e-16,0.5737277315316676
rate_limiter,global_outage,4029,0.5405658216726171,13.136800026134084,7.101305100276029,27.423036865682427,0.0,0.25562874818004006,9.479553353695831,7.01398522082515,0.3769414688720302,33.3000000000002,0.0,0.0,0.49406631036158416,9.476656462877417,4.440892098500626e-16,0.3291869352158171
ordinary_buffer,global_outage,4029,0.5405079938247346,13.136800026134084,7.100545427402454,27.43062332598062,0.0,0.25088305746931594,9.48958471422036,14.186627245489992,0.5889581848607487,33.3000000000002,0.0,0.0,0.7957189689611228,19.867816716390543,4.440892098500626e-16,1.0
adaptive_bridge,global_outage,4029,0.24647921561302374,13.136800026134084,3.237948166106679,44.281932732811086,0.0,0.18131449918729833,13.387991259744005,6.523455278954175,0.3159142709835986,45.80000000000038,0.0,0.0,0.4717406813058867,10.59676079182012,4.440892098500626e-16,1.0000000000000002
unregulated,global_outage,4030,0.37940622081810516,11.86954349243688,4.50337863930161,68.08015286178104,12.119219069730654,0.20252940489430415,0.07264234983930828,16.622597709032313,0.6303527630641993,40.0000000000003,0.0,0.0,0.7714504873223208,20.05218951301212,4.440892098500626e-16,0.5524293023938956
rate_limiter,global_outage,4030,0.6798410770520966,11.86954349243688,8.069403232014993,18.401810501256666,0.0,0.2613049558993577,8.322176624723536,8.097583684664066,0.4075798832165447,22.700000000000053,0.0,0.0,0.5238303284042382,10.578031103779251,4.440892098500626e-16,0.3463899494081755
ordinary_buffer,global_outage,4030,0.6798396373272524,11.86954349243688,8.069386143138338,18.402064160209395,0.0,0.25653435431252575,8.323772015644721,16.36372788173986,0.6523843114797881,22.700000000000053,0.0,0.0,0.865733771911026,22.134682881713832,4.440892098500626e-16,1.0
adaptive_bridge,global_outage,4030,0.45864219820608515,11.86954349243688,5.443873519073984,29.615798785210792,0.0,0.20602273963013265,11.070265710546922,10.964281329121098,0.4646610371810895,37.600000000000264,0.0,0.0,0.6605587739650871,16.20882172564291,6.661338147750939e-16,1.0
unregulated,global_outage,4031,0.28985382226046175,12.943866367716561,3.7518291415112848,68.64779365479724,13.268595280015097,0.177403669910789,0.0,17.02042442152638,0.6254600215553812,40.0000000000003,0.0,0.0,0.7883394744546881,21.475453553894567,2.220446049250313e-16,0.5704851490372508
rate_limiter,global_outage,4031,0.47921256290778874,12.943866367716561,6.202863376009383,31.233826843667586,0.0,0.2529706356863997,10.750763251911422,6.219013013998136,0.3532761953763877,37.700000000000266,0.0,0.0,0.46388359998313194,8.497909257206613,4.440892098500626e-16,0.31263047597397026
ordinary_buffer,global_outage,4031,0.4791892912385838,12.943866367716561,6.202562150633041,31.241626315251843,0.0,0.24880457148754392,10.751523401129079,12.605467643940068,0.542092978811481,37.700000000000266,0.0,0.0,0.7393013657744029,17.926257740380215,4.440892098500626e-16,1.0
adaptive_bridge,global_outage,4031,0.2205538759014043,12.943866367716561,2.8548198965497193,45.74850180793807,0.0,0.1786947573601291,14.259810698679148,5.7239666517810255,0.29026000523195356,54.600000000000506,0.0,0.0,0.4469771891810935,9.821764387880279,4.440892098500626e-16,1.0
unregulated,global_outage,4032,0.33309634106217634,11.847080550456921,3.946219183626074,68.06241939354396,12.33654788924325,0.20770827418192128,0.9704946924426765,16.282767072869216,0.6236778717705869,40.0000000000003,0.0,0.0,0.7859467256019383,20.45670311311702,2.220446049250313e-16,0.5520517739572579
rate_limiter,global_outage,4032,0.6111516765941203,11.847080550456921,7.240363141157341,21.45109763915458,0.0,0.25872787811217907,10.192809221768199,7.162168682607689,0.3813822343009526,28.600000000000136,0.0,0.0,0.4962997989253785,9.545961314883876,2.220446049250313e-16,0.3119798540730246
ordinary_buffer,global_outage,4032,0.6111364862844718,11.847080550456921,7.240183180335349,21.45331455340078,0.0,0.25407017729966735,10.201018364519635,14.483914229758602,0.5979302275001978,28.600000000000136,0.0,0.0,0.8058257773873047,20.052086027742504,4.440892098500626e-16,1.0
adaptive_bridge,global_outage,4032,0.3497865782427623,11.847080550456921,4.143949767910708,34.602708398137395,0.0,0.197278576509115,13.291721016852586,8.378738812434499,0.3820326985542808,41.00000000000031,0.0,0.0,0.5556850241928084,12.890898829020443,4.440892098500626e-16,1.0
unregulated,global_outage,4033,0.3149250752811017,12.844704064908761,4.045119394604865,68.6502453019025,12.765374024344872,0.10162458578716903,0.0,16.81049341894974,0.5686922657923646,40.0000000000003,0.0,0.0,0.7310305291390574,21.20643904628101,2.220446049250313e-16,0.5688185557127504
rate_limiter,global_outage,4033,0.5470056000610513,12.844704064908761,7.026125054632041,27.017204871417974,0.0,0.25577499875877135,9.26400853651982,6.978441035834471,0.37588575914617234,32.9000000000002,0.0,0.0,0.4898381811316717,9.359335582385473,4.440892098500626e-16,0.3161169090973844
ordinary_buffer,global_outage,4033,0.5469902558339528,12.844704064908761,7.025927962575856,27.019661785292232,0.0,0.25120782003215386,9.271845772225292,14.116830623961443,0.5869933046165801,32.9000000000002,0.0,0.0,0.7942462545733268,19.679229639678706,4.440892098500626e-16,1.0000000000000002
adaptive_bridge,global_outage,4033,0.2633353484072757,12.844704064908761,3.3824646201210986,42.72227300541619,0.0,0.18376436678952351,12.963114350582726,6.837680212573405,0.32694511579501184,44.40000000000036,0.0,0.0,0.4895817139405402,11.02405833853407,3.3306690738754696e-16,1.0000000000000002
unregulated,global_outage,4034,0.3827800387302469,11.81041224149402,4.520790055219264,67.98346625417945,12.212520187942577,0.20344872984073983,0.09612695713210462,16.733310243161828,0.6342647879509868,40.0000000000003,0.0,0.0,0.7699976835948765,19.99120445275494,4.440892098500626e-16,0.5514354998570404
rate_limiter,global_outage,4034,0.6727746526317446,11.81041224149402,7.945745993208844,18.38905194901598,0.0,0.2610223577195604,8.358623945383824,8.120922184670688,0.4082460123434285,22.100000000000044,0.0,0.0,0.523436451119529,10.582061936954299,4.440892098500626e-16,0.34461287681059677
ordinary_buffer,global_outage,4034,0.6727740503446311,11.81041224149402,7.945738879949746,18.389202415646377,0.0,0.2562090179060755,8.364236282383999,16.40637958842444,0.6536013288145145,22.100000000000044,0.0,0.0,0.8644225352997822,22.142187316171377,4.440892098500626e-16,1.0
adaptive_bridge,global_outage,4034,0.4635721197756065,11.81041224149402,5.474977838213155,29.159728791706936,0.0,0.20608064101119458,11.019457014432623,11.085805299400384,0.4682392822531647,37.600000000000264,0.0,0.0,0.6655164677526773,16.41882800429308,4.440892098500626e-16,1.0
unregulated,global_outage,4035,0.30502610598623736,12.38438947424364,3.777562096345483,68.37230100521721,12.580788746033745,0.2037510389837664,0.37449003535050096,16.35835084237924,0.6232925070069467,40.0000000000003,0.0,0.0,0.7928394032533066,20.86991578716605,2.220446049250313e-16,0.5610821760377053
rate_limiter,global_outage,4035,0.5330138955552765,12.38438947424364,6.601051677740364,26.423817781675115,0.0,0.25505934230410726,10.474907353911867,6.536504505452637,0.3627374418217319,34.30000000000022,0.0,0.0,0.4742652421167993,8.800484892575714,4.440892098500626e-16,0.2982039534567632
ordinary_buffer,global_outage,4035,0.5329807409708819,12.38438947424364,6.600641078454366,26.428431054273087,0.0,0.25070497436048267,10.482891917934458,13.233045440035246,0.560731612231676,34.30000000000022,0.0,0.0,0.7585750433206765,18.538838829232315,4.440892098500626e-16,1.0
adaptive_bridge,global_outage,4035,0.26972007455247643,12.38438947424364,3.3403184522798988,40.61528526688227,0.0,0.18724406095391144,13.77424413085365,6.750712350452178,0.32666395732251785,43.40000000000035,0.0,0.0,0.4811260869347569,10.711340245889348,3.3306690738754696e-16,1.0000000000000002
unregulated,global_outage,4036,0.349564451678319,11.852062005940828,4.143059556364143,67.99374478194564,12.282971446606249,0.16691075249952664,0.0,16.42603100297051,0.6007528686475159,40.0000000000003,0.0,0.0,0.7525468307482427,20.320110317041454,4.440892098500626e-16,0.5521354958981669
rate_limiter,global_outage,4036,0.6349652474282717,11.852062005940828,7.525647484137435,19.978801754785184,0.0,0.2594157252963374,8.493752847967405,7.611541103066215,0.3940143474203405,26.300000000000104,0.0,0.0,0.5110590962365141,10.136488438334954,4.440892098500626e-16,0.3479709711975568
ordinary_buffer,global_outage,4036,0.6349598820862449,11.852062005940828,7.525583893771051,19.980318849168228,0.0,0.2541919637910747,8.502153565225793,15.38687158359118,0.6237923435300561,26.300000000000104,0.0,0.0,0.8348588371786009,21.235148535855853,4.440892098500626e-16,1.0
adaptive_bridge,global_outage,4036,0.3823092100170052,11.852062005940828,4.5311524625638,33.09675009952957,0.0,0.19950323877946183,11.69973295662475,9.081657584180014,0.40451741693707927,40.60000000000031,0.0,0.0,0.592625251808902,14.201773189773732,4.440892098500626e-16,1.0
unregulated,global_outage,4037,0.3296381663262279,13.247659798831995,4.3669342842006635,68.80678407725662,12.316568560658814,0.11696854178533361,0.0,16.683502844859674,0.5751357163643748,40.0000000000003,0.0,0.0,0.7438587263337159,21.206325219655238,2.220446049250313e-16,0.5755909209887735
rate_limiter,global_outage,4037,0.5861429470826994,13.247659798831995,7.765022356436387,24.954185333091022,0.0,0.2571506658996173,8.761921975086679,7.658106866798799,0.3955119163112419,30.400000000000162,0.0,0.0,0.5178821691672897,10.315516321155167,4.440892098500626e-16,0.34395492145952306
ordinary_buffer,global_outage,4037,0.5860520073039494,13.247659798831995,7.763817617185325,24.96522623880459,0.0,0.2515626681800939,8.767820671692863,15.480453778176113,0.6264590422620104,30.400000000000162,0.0,0.0,0.8418370403531116,21.53699428946749,4.440892098500626e-16,1.0
adaptive_bridge,global_outage,4037,0.27017974659891686,13.247659798831995,3.579249367477086,43.07593436639167,0.0,0.18342470975499356,13.006493932619453,7.181906530788768,0.33700614433298637,43.900000000000354,0.0,0.0,0.5047895571382488,11.690259176258781,4.440892098500626e-16,1.0
unregulated,global_outage,4038,0.3210312557824976,12.025772648295941,3.860648895037258,68.12212148531992,12.586035531517899,0.0893153566388946,0.0,16.44668442655501,0.5496458359148543,40.0000000000003,0.0,0.0,0.7022001836111341,20.49534372830653,2.220446049250313e-16,0.5550550024923674
rate_limiter,global_outage,4038,0.5645387929947295,12.025772648295941,6.789015175698022,24.327379685666166,0.0,0.2564572182301047,8.754547612399882,6.855082916333226,0.3721875974059124,32.50000000000019,0.0,0.0,0.4835816176328968,9.19746937807014,4.440892098500626e-16,0.3187149459159737
ordinary_buffer,global_outage,4038,0.5645325360484094,12.025772648295941,6.788939931084103,24.329234030280787,0.0,0.25190842029043486,8.755572937073548,13.87707888112604,0.5798154499312534,32.50000000000019,0.0,0.0,0.7812322327878654,19.362542458330616,6.661338147750939e-16,1.0
adaptive_bridge,global_outage,4038,0.3134495320574842,12.025772648295941,3.7694728092380556,37.47081319496941,0.0,0.19221569191004745,11.980331575244891,7.559642992830633,0.35415996922166587,41.60000000000032,0.0,0.0,0.5266137254280435,12.144955177351816,4.440892098500626e-16,1.0000000000000002
unregulated,global_outage,4039,0.32301563562359414,12.472815409191801,4.028914397415849,68.36313194064009,12.611856691725068,0.18406004906114812,0.0,16.640771089140944,0.618583272745903,40.0000000000003,0.0,0.0,0.7809101379228252,20.980764675955008,2.220446049250313e-16,0.5625683262049015
rate_limiter,global_outage,4039,0.5640582793055725,12.472815409191801,7.0353947978047575,24.913852390834315,0.0,0.25676541328333424,9.560524898186534,7.076305937169494,0.3788112119862073,32.30000000000019,0.0,0.0,0.4956997771290085,9.568087657715166,4.440892098500626e-16,0.333711574865104
ordinary_buffer,global_outage,4039,0.5640322316081362,12.472815409191801,7.0350699096828,24.92199945024021,0.0,0.25204889070934705,9.562111091920498,14.31941558211805,0.5929608684127938,32.30000000000019,0.0,0.0,0.8008741117690437,20.05309877048663,4.440892098500626e-16,1.0
adaptive_bridge,global_outage,4039,0.2942590839882991,12.472815409191801,3.6702392370639214,39.67082797430978,0.0,0.18899716903276292,13.120994194393031,7.344364376254952,0.3455760973568363,42.500000000000334,0.0,0.0,0.5195584550349726,12.014341657976326,4.440892098500626e-16,1.0000000000000002
unregulated,delayed_sensor,4000,0.5976786505043613,12.508496539913823,7.476061331814167,68.46233528758334,11.469939520047758,0.021291967101807432,0.03641417311112871,18.747189380769985,0.5722927396031966,15.499999999999961,0.0,0.0,0.7185317157700201,22.332684681267306,4.440892098500626e-16,0.5631680090741806
rate_limiter,delayed_sensor,4000,0.8759856704402328,12.508496539913823,10.957263727715743,12.743551579546459,0.4009211635183333,0.2780693750499165,5.986081213930921,11.384319645513402,0.5071839470809264,15.399999999999961,0.0,0.0,0.6534229232477488,14.969814946010942,4.440892098500626e-16,0.32216874835500015
ordinary_buffer,delayed_sensor,4000,0.8759856704402328,12.508496539913823,10.957263727715743,12.743551579546466,0.4009211635183336,0.2746479100028755,5.989502678977981,22.933185939354882,0.8513693013275379,15.399999999999961,0.0,0.0,1.129073146186377,30.929029591425085,6.661338147750939e-16,1.0
adaptive_bridge,delayed_sensor,4000,0.7687221895581832,12.508496539913823,9.615558848243513,18.56264635439538,0.3905194952267375,0.23688324938187738,7.379373887362797,20.181702548418432,0.7502765342373938,16.99999999999997,0.0,0.0,1.0279803790962327,28.177546200488717,4.440892098500626e-16,1.0
unregulated,delayed_sensor,4001,0.6526591537114337,11.725956653999246,7.6530529462561026,68.18921094861348,10.583226972554954,0.022578311576090672,0.04508203729560267,18.03764719289705,0.5518866711812614,15.099999999999962,0.0,0.0,0.6915802764405703,21.399559668847488,2.220446049250313e-16,0.5500160782184744
rate_limiter,delayed_sensor,4001,0.901529466989452,11.725956653999246,10.571295452221358,9.896050404526786,0.3289562554142471,0.28073749756659894,5.740461636498003,10.929041711628594,0.4936252452326208,1.8000000000000005,0.0,0.0,0.6333188504919338,14.290954187579137,4.440892098500626e-16,0.32791551235249616
ordinary_buffer,delayed_sensor,4001,0.9015294669894518,11.725956653999246,10.571295452221356,9.896050404526793,0.3289562554142478,0.2774522763231312,5.743746857741451,22.022766359446624,0.8242471656772123,1.8000000000000005,0.0,0.0,1.0887783741826482,29.572704473709923,4.440892098500626e-16,1.0
adaptive_bridge,delayed_sensor,4001,0.8463894878543085,11.725956653999246,9.924726446980243,12.71047275326895,0.32518025155794866,0.2520018023344246,6.419542340827601,20.690511013476858,0.771642623106551,14.799999999999963,0.0,0.0,1.0361738316119806,28.240449127740057,4.440892098500626e-16,1.0
unregulated,delayed_sensor,4002,0.5704318261964979,12.784499721504146,7.292685523146229,68.53824471207466,11.399988986341631,0.020324046915084458,0.027763534735731232,18.493800599970648,0.5641381899716157,15.69999999999996,0.0,0.0,0.7116730213482928,22.15815395235126,4.440892098500626e-16,0.5678067180084722
rate_limiter,delayed_sensor,4002,0.8666152572725023,12.784499721504146,11.079242515251549,13.183448730620363,0.4190272734996381,0.2767773024719386,5.584737778315139,11.523125733041566,0.5113115280894561,15.99999999999996,0.0,0.0,0.6588463594661266,15.187479085422092,4.440892098500626e-16,0.3196677276652182
ordinary_buffer,delayed_sensor,4002,0.8666152572725023,12.784499721504146,11.079242515251549,13.183448730620366,0.41902727349963853,0.2733149368704014,5.5882001439167315,23.210756182578542,0.8596325440604581,15.99999999999996,0.0,0.0,1.1409594923676962,31.36348510958714,4.440892098500626e-16,1.0000000000000002
adaptive_bridge,delayed_sensor,4002,0.7346891647965375,12.784499721504146,9.392633422733446,20.58998914303535,0.41747630119848483,0.23063445314310602,7.319040692463272,19.7805333846792,0.7361322581065673,19.900000000000013,0.0,0.0,1.017459206413806,27.933262311687756,4.440892098500626e-16,1.0000000000000002
unregulated,delayed_sensor,4003,0.6239741401607408,11.798802203708881,7.362147459985903,68.31669878845409,10.166860480250579,0.02112963418754968,0.0307667578619244,17.330295932558354,0.529894810139617,15.299999999999962,0.0,0.0,0.66859605074041,20.713021422711662,2.220446049250313e-16,0.5512403731715768
rate_limiter,delayed_sensor,4003,0.8895711875871042,11.798802203708881,10.495874488458652,11.177856466585252,0.3626827076554158,0.27958998011102254,5.060371795149642,10.886231016940519,0.49232860013814506,9.599999999999982,0.0,0.0,0.6310298407389378,14.268956507093803,4.440892098500626e-16,0.32264626509858246
ordinary_buffer,delayed_sensor,4003,0.8895711875871041,11.798802203708881,10.49587448845865,11.177856466585263,0.36268270765541655,0.2763217803043131,5.0636399949562865,21.937157465931122,0.8216779205403586,9.599999999999982,0.0,0.0,1.0858174135476901,29.52799561703526,6.661338147750939e-16,1.0
adaptive_bridge,delayed_sensor,4003,0.8154531086194066,11.798802203708881,9.621369934999912,14.976761303033788,0.35662979305631043,0.24568313256925528,5.974836110749187,20.138328439699606,0.7525158515658754,15.199999999999962,0.0,0.0,1.0166553445731996,27.72916659080379,6.661338147750939e-16,1.0
unregulated,delayed_sensor,4004,0.6151617262093666,13.211522210960087,8.127222809147595,68.44574984221876,10.42856691357297,0.02034603417050266,0.023810902471664397,18.356977491138707,0.5600344048439374,15.59999999999996,0.0,0.0,0.7097791142528457,22.14333726907838,4.440892098500626e-16,0.574983566570759
rate_limiter,delayed_sensor,4004,0.87935315946735,13.211522210960087,11.617593797580822,12.617837986828647,0.4179188152432435,0.27881594026449824,4.905250916801567,12.062488479377723,0.5273303564111861,14.799999999999963,0.0,0.0,0.6770750658200938,15.848848257317112,4.440892098500626e-16,0.3549664528984349
ordinary_buffer,delayed_sensor,4004,0.8793531594673498,13.211522210960087,11.61759379758082,12.617837986828656,0.41791881524324404,0.27519787413284436,4.908868982933193,24.289318508923927,0.8917235749983269,14.799999999999963,0.0,0.0,1.1788633740305505,32.68485028849486,4.440892098500626e-16,1.0
adaptive_bridge,delayed_sensor,4004,0.7729964571523097,13.211522210960087,10.212459862661197,18.725313737551783,0.408676355462558,0.23606104791962904,6.362382203846712,21.412561147324535,0.786154387494464,15.99999999999996,0.0,0.0,1.073294186526688,29.808092926895405,4.440892098500626e-16,1.0
unregulated,delayed_sensor,4005,0.6026450398234113,13.462186186615918,8.112919730543329,68.51948064903223,9.636838171582921,0.01908162097166637,0.012394531983778379,17.55090530412458,0.535197544883084,15.69999999999996,0.0,0.0,0.6827657711745138,21.408883360822564,4.440892098500626e-16,0.5791964064977448
rate_limiter,delayed_sensor,4005,0.8719671063855264,13.462186186615918,11.738583534766686,13.779066076653152,0.43692014542860236,0.2772658572703857,3.9484554195371704,12.201413857124873,0.5311474521915417,15.499999999999961,0.0,0.0,0.6787156784829653,16.059391913823028,4.440892098500626e-16,0.3538282652122555
ordinary_buffer,delayed_sensor,4005,0.8719671063855264,13.462186186615918,11.738583534766686,13.779066076653162,0.4369201454286028,0.2736101399894739,3.9493298636758896,24.567127782835723,0.8996820906623751,15.499999999999961,0.0,0.0,1.1867287778173945,33.10385299405172,4.440892098500626e-16,1.0
adaptive_bridge,delayed_sensor,4005,0.7367587236310165,13.462186186615918,9.918383112134245,21.6967513279148,0.4257805084118495,0.22659982866432773,5.827680234650187,20.848919027642406,0.7646347195808851,20.200000000000017,0.0,0.0,1.0516814067359024,29.38564423885826,4.440892098500626e-16,1.0
unregulated,delayed_sensor,4006,0.6228481200126038,12.507898730715441,7.7905212097341465,68.37049439356873,10.698626607207977,0.021238144641921395,0.03271122466709331,18.290391025814277,0.5586078245259073,15.399999999999961,0.0,0.0,0.7039490744432294,21.87571552368367,4.440892098500626e-16,0.5631579618607658
rate_limiter,delayed_sensor,4006,0.885616295064774,12.507898730715441,11.077198932941599,11.730855085351111,0.3875454842306323,0.2794576417582939,5.417522761447637,11.4922875380247,0.5103879923779596,11.599999999999975,0.0,0.0,0.6557292422952729,15.077612035894203,4.440892098500626e-16,0.3467952762659902
ordinary_buffer,delayed_sensor,4006,0.8856162950647739,12.507898730715441,11.077198932941597,11.730855085351122,0.38754548423063323,0.2760072327790217,5.420973170426926,23.149087163532133,0.8577920535139748,11.599999999999975,0.0,0.0,1.1345841074526326,31.14425013393947,4.440892098500626e-16,1.0
adaptive_bridge,delayed_sensor,4006,0.8005052078252441,12.507898730715441,10.012638072888471,16.360740803732718,0.38085923949743855,0.24253067549886606,6.52569683249343,20.965018240347376,0.7757956586988757,15.499999999999961,0.0,0.0,1.052587712637534,28.960181210754662,4.440892098500626e-16,1.0
unregulated,delayed_sensor,4007,0.6872918046222467,12.475121511305959,8.574048776387283,68.12147045398218,10.184478181346499,0.02290107937181161,0.0444595565184962,18.55994218278803,0.5676342456178141,14.999999999999963,0.0,0.0,0.7133262410617014,22.135901760826368,4.440892098500626e-16,0.5626070842236289
rate_limiter,delayed_sensor,4007,0.9110925650551647,12.475121511305959,11.365990457110609,9.542600103887915,0.304138727351143,0.28144876898128646,5.492890449708868,11.699631356390006,0.516588219055755,0.0,0.0,0.0,0.6622802144996438,15.275590934428175,4.440892098500626e-16,0.33167678293868935
ordinary_buffer,delayed_sensor,4007,0.9110925650551646,12.475121511305959,11.365990457110607,9.542600103887922,0.30413872735114367,0.2779339637806409,5.49640525490944,23.563717031112077,0.8701679372932679,0.0,0.0,0.0,1.1470393881814722,31.540441014533464,6.661338147750939e-16,1.0
adaptive_bridge,delayed_sensor,4007,0.859190169754691,12.475121511305959,10.718501769009364,12.368114362688663,0.3012380554361431,0.2530911971174809,6.171637381588839,22.232887909887765,0.8177145751016744,14.199999999999966,0.0,0.0,1.0945860259898783,30.209611893309084,4.440892098500626e-16,1.0
unregulated,delayed_sensor,4008,0.6652734889695788,12.250001405840974,8.14960117514607,68.21672406017036,10.221741288847937,0.022240182646129238,0.03934141266106628,18.17270366944042,0.5556900138595587,15.099999999999962,0.0,0.0,0.6991321458285606,21.68434321734577,4.440892098500626e-16,0.5588235530393458
rate_limiter,delayed_sensor,4008,0.9013706086823253,12.250001405840974,11.04179122354222,10.592583687450631,0.3327521333668636,0.28080206998099455,5.395837841788285,11.40340706052228,0.5077552487385768,2.0000000000000004,0.0,0.0,0.6511973807075732,14.915046608427657,4.440892098500626e-16,0.3380361355898544
ordinary_buffer,delayed_sensor,4008,0.9013706086823253,12.250001405840974,11.04179122354222,10.592583687450642,0.3327521333668643,0.27737637734434245,5.399263534424943,22.971355062011654,0.8525102362442886,2.0000000000000004,0.0,0.0,1.1252216444181964,30.81966219762878,4.440892098500626e-16,1.0000000000000002
adaptive_bridge,delayed_sensor,4008,0.8374426521371767,12.250001405840974,10.258673665991608,14.001269709979814,0.32816749764368797,0.24891494313090476,6.215427161912172,21.361180490289254,0.7899792788077572,14.899999999999963,0.0,0.0,1.062690686981666,29.209487625906387,4.440892098500626e-16,1.0000000000000002
unregulated,delayed_sensor,4009,0.5857460944635166,12.294573210022161,7.20149824086626,68.46746575244458,10.716876639366921,0.020312740682462395,0.02618424031167077,17.719553995539204,0.5410227602218062,15.59999999999996,0.0,0.0,0.6836884386462523,21.243928344639176,2.220446049250313e-16,0.5595726589919673
rate_limiter,delayed_sensor,4009,0.8742377938134758,12.294573210022161,10.748380559008037,12.49126163843583,0.4000266557500204,0.2776577064967743,5.157129823355934,11.174158513222263,0.5009023396677346,15.59999999999996,0.0,0.0,0.6435680180921753,14.698532862322203,2.220446049250313e-16,0.31561687701486774
ordinary_buffer,delayed_sensor,4009,0.8742377938134758,12.294573210022161,10.748380559008037,12.491261638435834,0.4000266557500207,0.2743035158952491,5.160484013957452,22.51292712849006,0.8388296064603756,15.59999999999996,0.0,0.0,1.1111304947667764,30.38619380166055,4.440892098500626e-16,1.0
adaptive_bridge,delayed_sensor,4009,0.7695458166841705,12.294573210022161,9.461237381689829,18.07322004191027,0.38998503044001803,0.23715058796582905,6.494821744515046,19.872127887603956,0.7414353647439126,16.19999999999996,0.0,0.0,1.0137362530503145,27.745394560774393,4.440892098500626e-16,1.0
unregulated,delayed_sensor,4010,0.8624202583174884,11.973576388905252,10.326254842303847,31.681534936624995,5.602679532397839,0.10528883340206191,0.27389757127777914,15.952253454191764,0.5300154589774897,11.899999999999974,0.0,0.0,0.6700515785428107,19.384914425829823,4.440892098500626e-16,0.5541777544353856
rate_limiter,delayed_sensor,4010,0.9140161132403394,11.973576388905252,10.944041752573478,9.550591770797162,0.2828577257967185,0.2814722393549174,4.7997490616564304,11.25650940441711,0.50332700415173,0.0,0.0,0.0,0.6433631237170451,14.689170376055161,4.440892098500626e-16,0.315387947391671
ordinary_buffer,delayed_sensor,4010,0.9140161132403394,11.973576388905252,10.944041752573478,9.550591770797173,0.2828577257967191,0.27809267679392463,4.803128624217429,22.67760677049657,0.8437072213661425,0.0,0.0,0.0,1.110660490093228,30.367985645656155,4.440892098500626e-16,1.0
adaptive_bridge,delayed_sensor,4010,0.8634664502664181,11.973576388905252,10.338781501521815,12.193347574592298,0.28033512659947957,0.2531137860501739,5.4358903652100965,21.432656188980545,0.79357500315391,13.899999999999967,0.0,0.0,1.0605282718809967,29.123035064140197,4.440892098500626e-16,1.0
unregulated,delayed_sensor,4011,0.6812267045870456,11.62909405276124,7.92204941889535,68.09679010452135,10.890645235460887,0.02398719105677493,0.06193645033040651,18.614145555970982,0.5699496911834718,14.899999999999963,0.0,0.0,0.7098531202460978,21.948383002996625,2.220446049250313e-16,0.548388135340527
rate_limiter,delayed_sensor,4011,0.9110505054126005,11.62909405276124,10.594692014258793,9.528751466680616,0.291709264028413,0.28135085417086114,6.348238362158135,10.915792577926593,0.4932384604809676,0.0,0.0,0.0,0.6331418895435985,14.250030024952041,4.440892098500626e-16,0.31266352923402174
ordinary_buffer,delayed_sensor,4011,0.9110505054126005,11.62909405276124,10.594692014258793,9.528751466680621,0.29170926402841363,0.27806737580730634,6.351521840521697,21.996274636777713,0.8234642650022198,0.0,0.0,0.0,1.0873955671389295,29.491404386655415,4.440892098500626e-16,1.0
adaptive_bridge,delayed_sensor,4011,0.8611936433039022,11.62909405276124,10.014901875621193,12.058304029992069,0.2890445030683982,0.2543553945928781,6.957688721333766,20.802074109743604,0.7757226635133243,14.399999999999965,0.0,0.0,1.0396539656500288,28.29720385962135,4.440892098500626e-16,1.0
unregulated,delayed_sensor,4012,0.6369195945651985,13.281359787358133,8.459158291038673,68.38088982270436,9.412395436557897,0.019946285113674668,0.017206810413973317,17.67278517505852,0.5393498994316861,15.499999999999961,0.0,0.0,0.6869208267532694,21.479098546254523,4.440892098500626e-16,0.5761573073505533
rate_limiter,delayed_sensor,4012,0.8866760293164351,13.281359787358133,11.776263360177682,12.02784574845557,0.398060461624812,0.27941568643649334,4.074699893379215,12.202116191003332,0.5313467795752767,10.09999999999998,0.0,0.0,0.6789177068968657,16.008429562199208,4.440892098500626e-16,0.36207836089698336
ordinary_buffer,delayed_sensor,4012,0.8866760293164351,13.281359787358133,11.776263360177682,12.027845748455578,0.3980604616248127,0.27575773270715154,4.0783578471085615,24.568532756607933,0.8999010065009304,10.09999999999998,0.0,0.0,1.1854323972131606,33.002801904662455,4.440892098500626e-16,1.0
adaptive_bridge,delayed_sensor,4012,0.7937585617725743,13.281359787358133,10.542193043197495,17.396882432999952,0.3905552569178352,0.2378663814588229,5.357824720043993,22.04112908660454,0.8050570824928432,15.59999999999996,0.0,0.0,1.090588473205067,30.475398234659114,4.440892098500626e-16,1.0
unregulated,delayed_sensor,4013,0.6265304570751046,12.436366571325195,7.791762432285925,68.36628595397364,9.885810217728286,0.02053142500996942,0.024214990142551907,17.478826124725867,0.5339452718541005,15.399999999999961,0.0,0.0,0.6767474742930012,21.04371286276973,4.440892098500626e-16,0.5619557406945428
rate_limiter,delayed_sensor,4013,0.8863489344605018,12.436366571325195,11.02296025905429,11.852411772364892,0.38062804340551626,0.2794180007987898,4.657838207235887,11.431158640579634,0.5085217857683016,11.399999999999975,0.0,0.0,0.6513239882072012,14.996045378623341,4.440892098500626e-16,0.34169780069607414
ordinary_buffer,delayed_sensor,4013,0.8863489344605017,12.436366571325195,11.022960259054289,11.852411772364901,0.3806280434055169,0.27598942006080407,4.661266787973839,23.026849610889116,0.8541071372265276,11.399999999999975,0.0,0.0,1.1277350900222052,30.98051155151127,6.661338147750939e-16,1.0000000000000002
adaptive_bridge,delayed_sensor,4013,0.8005974026084908,12.436366571325195,9.956522774890013,16.484071717468325,0.37312917266299195,0.24153280921197084,5.769659753729496,20.837243285949167,0.7712709587592168,15.499999999999961,0.0,0.0,1.0448989115549014,28.790905226571333,4.440892098500626e-16,1.0000000000000002
unregulated,delayed_sensor,4014,0.7079264002946094,12.295642191609659,8.704409716016748,68.03412719862001,10.038641052677825,0.023626309448378523,0.05128600474178446,18.544541559380626,0.5676083517071747,14.899999999999963,0.0,0.0,0.712075461383401,22.06922133179128,4.440892098500626e-16,0.5595906250690673
rate_limiter,delayed_sensor,4014,0.9183618370951242,12.295642191609659,11.291848551350965,9.168004437509984,0.27157180653979296,0.2818339539284307,5.591033181565557,11.593315083338412,0.513415082474125,0.0,0.0,0.0,0.6578821921503671,15.117994855749043,4.440892098500626e-16,0.31631040760884716
ordinary_buffer,delayed_sensor,4014,0.918361837095124,12.295642191609659,11.291848551350963,9.168004437509989,0.2715718065397936,0.27835052007645006,5.594516615417465,23.35111813524726,0.863827233122704,0.0,0.0,0.0,1.1379566751204593,31.22567672189027,4.440892098500626e-16,1.0000000000000002
adaptive_bridge,delayed_sensor,4014,0.8715732251853573,12.295642191609659,10.716552520666385,11.675666716207376,0.26863925186646154,0.25516451203808527,6.195931208813718,22.16678413875951,0.8164963522156163,11.499999999999975,0.0,0.0,1.090625794213372,30.041342725402565,4.440892098500626e-16,1.0000000000000002
unregulated,delayed_sensor,4015,0.5485506451864837,13.429680031860231,7.366859646124967,68.65214696320476,10.553332423059517,0.018596243822192094,0.013689745141541643,17.72124981148631,0.5400100391371973,15.89999999999996,0.0,0.0,0.6883602235057515,21.56994039539711,4.440892098500626e-16,0.5786500845690781
rate_limiter,delayed_sensor,4015,0.8494914390374719,13.429680031860231,11.40839821607775,15.22070750309315,0.44451070109158586,0.27486594465150677,4.444647660884643,11.876033173661803,0.5217084077710095,16.599999999999966,0.0,0.0,0.6700585921395655,15.724723757572615,4.440892098500626e-16,0.3235272895382041
ordinary_buffer,delayed_sensor,4015,0.8494914390374718,13.429680031860231,11.408398216077748,15.220707503093156,0.4445107010915861,0.2713048412714313,4.448208764264759,23.916465303519605,0.8805476588392241,16.599999999999966,0.0,0.0,1.1681104173609862,32.435071991708135,4.440892098500626e-16,1.0000000000000002
adaptive_bridge,delayed_sensor,4015,0.632879382926407,13.429680031860231,8.499367611462793,27.679682980422733,0.4030236019068794,0.21504471831717908,7.45498659138876,17.9449714110996,0.6742675038099094,27.700000000000124,0.0,0.0,0.9618302623316729,26.463578099288167,4.440892098500626e-16,1.0000000000000002
unregulated,delayed_sensor,4016,0.6289983299991805,12.23959783065785,7.6986865953453805,68.33895867906777,10.455565835064329,0.02131598605846922,0.032832902434795086,17.955524001119255,0.5486617686286064,15.299999999999962,0.0,0.0,0.6915641851546168,21.464191098972254,4.440892098500626e-16,0.5586487030362661
rate_limiter,delayed_sensor,4016,0.8886701469290886,12.23959783065785,10.876965202523666,11.527632202462021,0.37308949023103777,0.2796665298982429,5.296924443377119,11.27780316670268,0.5039987144552449,9.699999999999982,0.0,0.0,0.6469011309812606,14.786470264555687,2.220446049250313e-16,0.3343701751316843
ordinary_buffer,delayed_sensor,4016,0.8886701469290886,12.23959783065785,10.876965202523666,11.527632202462025,0.3730894902310383,0.2762810528115303,5.300309920463833,22.720184133440476,0.8450134972636785,9.699999999999982,0.0,0.0,1.117092524473421,30.562390640164516,4.440892098500626e-16,1.0
adaptive_bridge,delayed_sensor,4016,0.8093838187133774,12.23959783065785,9.90653243169382,15.738662421579162,0.36580101021774053,0.24410630489044505,6.310205919228062,20.725046656048285,0.7692233566585166,15.399999999999961,0.0,0.0,1.041302383868252,28.56725316277233,4.440892098500626e-16,1.0
unregulated,delayed_sensor,4017,0.6507785367222148,12.140588660209847,7.900834523237678,68.25349955535832,9.776002302894483,0.021348930442974794,0.02993397120202612,17.47816783099688,0.5344188975604004,15.199999999999962,0.0,0.0,0.675552524845207,20.958546594435873,2.220446049250313e-16,0.556984683364868
rate_limiter,delayed_sensor,4017,0.8969035843263599,12.140588660209847,10.888937485174171,10.788432032682838,0.3476474068124994,0.2804077220828157,4.829230019162488,11.26509181389779,0.5036084140146612,4.899999999999999,0.0,0.0,0.6447420412994673,14.745470577337016,4.440892098500626e-16,0.3397546452410617
ordinary_buffer,delayed_sensor,4017,0.8969035843263597,12.140588660209847,10.88893748517417,10.788432032682845,0.34764740681249995,0.2770262383434229,4.832611502901804,22.69476500902919,0.844244625507143,4.899999999999999,0.0,0.0,1.1137069196339444,30.480195841210367,4.440892098500626e-16,1.0
adaptive_bridge,delayed_sensor,4017,0.8303618300305144,12.140588660209847,10.08108141753956,14.294539904888465,0.341639386282565,0.24744865504490743,5.67605317436486,21.031359312247602,0.7795239796586504,14.999999999999963,0.0,0.0,1.0489862737854523,28.81679014442883,4.440892098500626e-16,1.0
unregulated,delayed_sensor,4018,0.6490392074064663,12.455346613433166,8.084008293955476,68.26761832297937,10.555443940851719,0.02196049133407123,0.03806502177558024,18.440761922771543,0.5635260567384851,15.299999999999962,0.0,0.0,0.7088451424491333,22.011071529988694,4.440892098500626e-16,0.562274732998876
rate_limiter,delayed_sensor,4018,0.8962382105107854,12.455346613433166,11.162957560114913,10.700522357030225,0.3573111469578545,0.28046846458272107,5.517293135935223,11.548805480680485,0.5120836720647938,4.4,0.0,0.0,0.6574027577754266,15.119115087897862,4.440892098500626e-16,0.3480113327186567
ordinary_buffer,delayed_sensor,4018,0.8962382105107854,12.455346613433166,11.162957560114913,10.700522357030234,0.35731114695785515,0.2769997281960561,5.52076187232187,23.262106680300544,0.8611705639852373,4.4,0.0,0.0,1.1374995575293292,31.227483602732022,4.440892098500626e-16,1.0000000000000002
adaptive_bridge,delayed_sensor,4018,0.8289196690070387,12.455346613433166,10.32448179217496,14.35165412142133,0.352593238065298,0.24780256495202613,6.393152712398396,21.53968712143086,0.795044819965864,15.199999999999962,0.0,0.0,1.0713738135099546,29.50506404386226,4.440892098500626e-16,1.0000000000000002
unregulated,delayed_sensor,4019,0.6450182550720415,13.383321158173723,8.632486460513949,68.39342384895485,10.17808368614993,0.020873338816230165,0.026452849059803496,18.61180986287746,0.567945266554965,15.499999999999961,0.0,0.0,0.7194058493152053,22.44725505430642,2.220446049250313e-16,0.5778709438348533
rate_limiter,delayed_sensor,4019,0.8865852590979422,13.383321158173723,11.865455256610423,12.687617226699574,0.3962550316199049,0.2795737998044501,4.936490484099846,12.289440221966785,0.5340960461992905,9.499999999999982,0.0,0.0,0.6855566289595223,16.12488541339576,4.440892098500626e-16,0.3670105044188343
ordinary_buffer,delayed_sensor,4019,0.8865852590979422,13.383321158173723,11.865455256610423,12.687617226699581,0.3962550316199055,0.275888037204339,4.94017624669991,24.74315451240296,0.905250668403471,9.499999999999982,0.0,0.0,1.1955640744407225,33.23668610893115,4.440892098500626e-16,1.0000000000000002
adaptive_bridge,delayed_sensor,4019,0.7839867266165395,13.383321158173723,10.49234614605449,18.66750106803671,0.3886553101778352,0.23700081218004762,6.359772303722215,21.934756517426333,0.8015654075849913,16.09999999999996,0.0,0.0,1.091878813622252,30.428288113954586,4.440892098500626e-16,1.0000000000000002
unregulated,delayed_sensor,4020,0.6702467953928832,12.4616566610337,8.352385442344215,68.18896183977363,10.047046699228877,0.022134902843525955,0.03687997256513742,18.20079812558967,0.5564538674095194,15.099999999999962,0.0,0.0,0.7013166999509381,21.772910603549974,4.440892098500626e-16,0.5623807842190549
rate_limiter,delayed_sensor,4020,0.9046679195081492,12.4616566610337,11.273661005162227,10.023751348474644,0.32657243905618316,0.2810089266622586,5.1957662201287445,11.629318463089303,0.5144777709298207,0.5,0.0,0.0,0.6593406034712412,15.201430941049745,4.440892098500626e-16,0.3405371874407777
ordinary_buffer,delayed_sensor,4020,0.9046679195081492,12.4616566610337,11.273661005162227,10.023751348474654,0.3265724390561838,0.2775165724561466,5.199258574334781,23.423110203823676,0.8659636362323957,0.5,0.0,0.0,1.1418847138514605,31.391888611335453,6.661338147750939e-16,1.0
adaptive_bridge,delayed_sensor,4020,0.8465155091463819,12.4616566610337,10.548985633222344,13.186441675289029,0.32337444596809256,0.25065549627702405,5.953993015541911,21.93487640906942,0.8078326576599757,14.899999999999963,0.0,0.0,1.0837537352790403,29.90365481658122,6.661338147750939e-16,1.0
unregulated,delayed_sensor,4021,0.8096140986186471,12.875564531676023,10.424238572519107,42.9765146356538,6.426573877790383,0.06118289512779623,0.02510312223171418,16.866431522843634,0.5329909849555374,12.89999999999997,0.0,0.0,0.6792422152745804,20.556803392416278,4.440892098500626e-16,0.5693372190197685
rate_limiter,delayed_sensor,4021,0.8979229188702105,12.875564531676023,11.561264486384289,11.280108888234825,0.3497455430326476,0.2804501636263993,4.491198667384101,11.939653007085024,0.5236479374572363,3.5000000000000018,0.0,0.0,0.6698991677762797,15.630024876657583,4.440892098500626e-16,0.3560036650458384
ordinary_buffer,delayed_sensor,4021,0.8979229188702105,12.875564531676023,11.561264486384289,11.280108888234833,0.34974554303264815,0.27686961674534305,4.494779214265116,24.043684907750475,0.884382221259943,3.5000000000000018,0.0,0.0,1.1651766692683645,32.247521803275816,4.440892098500626e-16,1.0
adaptive_bridge,delayed_sensor,4021,0.8216205424736907,12.875564531676023,10.578828315170664,15.57175664622142,0.34592611683821745,0.24392137906963143,5.513983049348916,22.032396415314576,0.8073850540895765,15.199999999999962,0.0,0.0,1.0881795020979983,30.236233310839854,4.440892098500626e-16,1.0
unregulated,delayed_sensor,4022,0.5923348923557155,13.46406722531935,7.975236810579655,68.53342008460629,9.82403927478264,0.01899979301315306,0.013439966031082218,17.6004064048073,0.5366295205545044,15.69999999999996,0.0,0.0,0.6844770732077091,21.458921901134946,4.440892098500626e-16,0.579228020593605
rate_limiter,delayed_sensor,4022,0.8699505989057041,13.46406722531935,11.713073346373232,13.569601526340854,0.4369676043456085,0.27703019272835155,4.024638290078823,12.175638147189929,0.5304308722487673,15.69999999999996,0.0,0.0,0.6782784249019668,16.0341536435177,4.440892098500626e-16,0.34589882086607315
ordinary_buffer,delayed_sensor,4022,0.869950598905704,13.46406722531935,11.71307334637323,13.569601526340858,0.43696760434560894,0.27338172105949504,4.02828676174766,24.51558368319705,0.8981972887119991,15.69999999999996,0.0,0.0,1.1855414814966418,33.053481594022976,4.440892098500626e-16,1.0000000000000002
adaptive_bridge,delayed_sensor,4022,0.732864487086073,13.46406722531935,9.867336721176072,21.62665199767053,0.4292228451544201,0.2265855236094358,5.928564343586127,20.75277983615704,0.7621073330134187,20.40000000000002,0.0,0.0,1.0494515257980532,29.290677746982908,4.440892098500626e-16,1.0000000000000002
unregulated,delayed_sensor,4023,0.6660351422417883,11.919959750968506,7.9391120882527,68.15644223039736,11.14664142383936,0.02356289279415009,0.05769805266277128,18.88714409568889,0.5778424305668599,15.099999999999962,0.0,0.0,0.7202011836453436,22.304486027916543,4.440892098500626e-16,0.553276634470062
rate_limiter,delayed_sensor,4023,0.9056319934251458,11.919959750968506,10.795096910817112,9.661693856533404,0.3164651260842207,0.28105385783993453,6.392186284106279,11.140659385345218,0.49993746155628455,0.1,0.0,0.0,0.6422962146347683,14.558001317572751,4.440892098500626e-16,0.3276820754687414
ordinary_buffer,delayed_sensor,4023,0.9056319934251456,11.919959750968506,10.79509691081711,9.661693856533415,0.31646512608422145,0.2777024677635151,6.395537674182734,22.4459388034703,0.8368619191713419,0.1,0.0,0.0,1.1057120299200847,30.106818097326453,6.661338147750939e-16,1.0
adaptive_bridge,delayed_sensor,4023,0.8530640795494304,11.919959750968506,10.168489493226206,12.396467234759143,0.3137082199062153,0.2531383377137471,7.049466128001458,21.156645577478297,0.7859705986249602,14.799999999999963,0.0,0.0,1.0548207093737083,28.817524871334495,6.661338147750939e-16,1.0
unregulated,delayed_sensor,4024,0.5674051248867077,12.629572823146363,7.1660843449831315,68.55162629041126,10.657688693485783,0.01957222312971654,0.020564937516469373,17.624899955399368,0.5377432592023615,15.69999999999996,0.0,0.0,0.6820376562716127,21.244988479677705,4.440892098500626e-16,0.565202904590697
rate_limiter,delayed_sensor,4024,0.864064214580485,12.629572823146363,10.912761921919001,13.622541865490826,0.41460447035135,0.27639832314335955,4.878946937960203,11.351880209752414,0.5061838468337172,15.99999999999996,0.0,0.0,0.6504782439029696,14.971968734030758,4.440892098500626e-16,0.31730507029524546
ordinary_buffer,delayed_sensor,4024,0.8640642145804849,12.629572823146363,10.912761921919,13.622541865490833,0.41460447035135034,0.2729907873210742,4.882354473782513,22.868316549667924,0.8494055872195301,15.99999999999996,0.0,0.0,1.126160838426146,30.93202265354738,4.440892098500626e-16,1.0
adaptive_bridge,delayed_sensor,4024,0.7219499134422236,12.629572823146363,9.117919006482776,21.52008137021782,0.4149460891025887,0.228030399366388,6.721816158422309,19.22311386110949,0.7182518431101999,21.10000000000003,0.0,0.0,0.9950070943168073,27.286819964988936,4.440892098500626e-16,1.0
unregulated,delayed_sensor,4025,0.6509532795307149,13.123622721634115,8.542865249971534,68.3554647949245,9.956431090636208,0.020965418824535877,0.02657274286911049,18.3005641671222,0.5587127848968525,15.399999999999961,0.0,0.0,0.7078057187301526,22.061809805253986,4.440892098500626e-16,0.5735062642291443
rate_limiter,delayed_sensor,4025,0.8899151792519508,13.123622721634115,11.678911066758,12.264051991132824,0.3810039866695528,0.27985965060943346,4.8265670380930175,12.087931711050853,0.5280905106066126,8.599999999999985,0.0,0.0,0.6771834444399225,15.849177349182787,4.440892098500626e-16,0.369727605875179
ordinary_buffer,delayed_sensor,4025,0.8899151792519508,13.123622721634115,11.678911066758,12.264051991132837,0.38100398666955354,0.2762339490941765,4.830192739608306,24.340196398825295,0.8932416794483561,8.599999999999985,0.0,0.0,1.178986112171106,32.68567368565237,4.440892098500626e-16,1.0
adaptive_bridge,delayed_sensor,4025,0.7966938767380888,13.123622721634115,10.455509862946752,17.596451771316723,0.3747838291797944,0.2395381190169616,6.09650993098654,21.8368685261403,0.7997348582252332,15.499999999999961,0.0,0.0,1.0854792909479904,30.182345812967327,6.661338147750939e-16,1.0
unregulated,delayed_sensor,4026,0.6455551216854051,12.035503722768528,7.769581070296983,68.26612616371416,9.899892342666941,0.021371349224922953,0.030925693996758152,17.470797572425845,0.5342187703851965,15.199999999999962,0.0,0.0,0.6747084793421629,20.921152068024732,4.440892098500626e-16,0.5552185499624936
rate_limiter,delayed_sensor,4026,0.8956298326703251,12.035503722768528,10.779356185326252,10.89074099077925,0.3505378928354135,0.28026264101083037,4.929566521128878,11.158248798301807,0.5004292385705883,5.799999999999995,0.0,0.0,0.6409189475275652,14.608603293900703,4.440892098500626e-16,0.3375401383057581
ordinary_buffer,delayed_sensor,4026,0.8956298326703251,12.035503722768528,10.779356185326252,10.89074099077926,0.35053789283541426,0.2769126974497471,4.932916464689908,22.481110751983053,0.8378821364512432,5.799999999999995,0.0,0.0,1.1058128219764052,30.20675226653495,4.440892098500626e-16,1.0
adaptive_bridge,delayed_sensor,4026,0.8272215797839766,12.035503722768528,9.956028403044513,14.473881631821644,0.3456512307237525,0.24712039018564666,5.790923216347372,20.78853060945695,0.7722080910363187,15.099999999999962,0.0,0.0,1.0401387765614791,28.514172124008823,4.440892098500626e-16,1.0
unregulated,delayed_sensor,4027,0.8613604443671621,12.445206990755967,10.719809023798872,30.873525410076333,5.505052092183233,0.10401907277787145,0.20439579275884445,16.2485660520871,0.5377419951219597,12.099999999999973,0.0,0.0,0.6811605349578156,19.815978624253898,4.440892098500626e-16,0.5621043191723678
rate_limiter,delayed_sensor,4027,0.9119096771208608,12.445206990755967,11.348904688642554,9.52509486850171,0.29933730462599817,0.2812994167925083,4.603734571457858,11.677807535552308,0.5157960754364473,0.0,0.0,0.0,0.6592146152723007,15.245220107719053,2.220446049250313e-16,0.3290024879306624
ordinary_buffer,delayed_sensor,4027,0.9119096771208607,12.445206990755967,11.348904688642552,9.525094868501718,0.2993373046259988,0.2777971530289134,4.6072368352213795,23.520076212692636,0.8687296434504513,0.0,0.0,0.0,1.143054120912988,31.478982636224558,4.440892098500626e-16,1.0
adaptive_bridge,delayed_sensor,4027,0.8608355632097622,12.445206990755967,10.713276769149482,12.295345634863015,0.29605114165148083,0.252264218655694,5.271683852062178,22.212468823940874,0.8164563292328828,14.399999999999965,0.0,0.0,1.090780806695419,30.17137524747279,4.440892098500626e-16,1.0
unregulated,delayed_sensor,4028,0.6659058102796468,12.143790639570183,8.086620745709373,68.18868867954443,10.69688620572787,0.022876253828492735,0.047887797119362085,18.584879710231476,0.5683891426496426,15.099999999999962,0.0,0.0,0.7118742148127846,22.066173324916587,4.440892098500626e-16,0.5570384981440364
rate_limiter,delayed_sensor,4028,0.9036509344823372,12.143790639570183,10.973747759605455,10.108499539019704,0.3244607337645784,0.2809251478427501,5.893244840883478,11.327183312897048,0.505491754495036,0.7999999999999999,0.0,0.0,0.6489768266581734,14.808476927582163,2.220446049250313e-16,0.3343048934986483
ordinary_buffer,delayed_sensor,4028,0.9036509344823371,12.143790639570183,10.973747759605454,10.10849953901971,0.324460733764579,0.2775197365453861,5.896650252180923,22.818930205831503,0.847974227608934,0.7999999999999999,0.0,0.0,1.1198385222055736,30.607070326068687,4.440892098500626e-16,1.0
adaptive_bridge,delayed_sensor,4028,0.8453854818960104,12.143790639570183,10.2661843018773,13.190580336382654,0.3205984085026837,0.2511529075202808,6.634442864196074,21.363532229623868,0.7911579117736002,14.799999999999963,0.0,0.0,1.0630222063702424,29.151672349861105,4.440892098500626e-16,1.0
unregulated,delayed_sensor,4029,0.604608122906768,13.136800026134084,7.94261600480251,68.49298340797937,10.174163176786221,0.019810975984166323,0.01966769322415529,17.917947012663134,0.5466079341996488,15.59999999999996,0.0,0.0,0.6945212428259181,21.68295759493784,4.440892098500626e-16,0.5737277315316676
rate_limiter,delayed_sensor,4029,0.8740178818810367,13.136800026134084,11.48179813353646,13.415269668885818,0.42449933926531297,0.27788376625253713,4.591602676291692,11.932429462142965,0.5233957419939279,15.399999999999961,0.0,0.0,0.6713090506201939,15.697440044417805,4.440892098500626e-16,0.34511945931603183
ordinary_buffer,delayed_sensor,4029,0.8740178818810366,13.136800026134084,11.481798133536458,13.415269668885829,0.4244993392653134,0.274305834961859,4.595180607582437,24.029240115491266,0.8839151318424988,15.399999999999961,0.0,0.0,1.1685791408901205,32.38173197311403,4.440892098500626e-16,1.0
adaptive_bridge,delayed_sensor,4029,0.7516195464962733,13.136800026134084,9.873875678055132,20.387806824263716,0.4119069001659509,0.2314520541582036,6.258549282966852,20.736279264233232,0.7638428420291619,18.099999999999987,0.0,0.0,1.048506851076775,29.08877112185595,6.661338147750939e-16,1.0
unregulated,delayed_sensor,4030,0.8756353734805561,11.86954349243688,10.393392149043672,30.411891885706666,5.674508487956355,0.12010616209297417,0.5246401606604338,16.092514816477753,0.5432087145537449,11.399999999999975,0.0,0.0,0.6834823557697168,19.495452103410486,4.440892098500626e-16,0.5524293023938956
rate_limiter,delayed_sensor,4030,0.9270897503665831,11.86954349243688,11.004132113368609,8.17786820272063,0.24047565715673075,0.282045328224573,5.185993861003459,11.27491109413081,0.5037951807427223,0.0,0.0,0.0,0.6440688219586954,14.67784838106352,4.440892098500626e-16,0.3035241965470152
ordinary_buffer,delayed_sensor,4030,0.9270897503665829,11.86954349243688,11.004132113368607,8.177868202720637,0.24047565715673141,0.27865917524772,5.189380013980484,22.714407130563718,0.8447229651161737,0.0,0.0,0.0,1.1110439387433209,30.345927863805723,6.661338147750939e-16,1.0
adaptive_bridge,delayed_sensor,4030,0.8897720465167783,11.86954349243688,10.561188004485471,10.116688007186667,0.2392228227436356,0.25874996707766124,5.6534861654467345,21.80246879156444,0.8071036334782028,8.799999999999985,0.0,0.0,1.0734246071053506,29.433989524806474,6.661338147750939e-16,1.0
unregulated,delayed_sensor,4031,0.5554017549172289,12.943866367716561,7.1890460960438745,68.60723905153822,11.349315794363985,0.019775819541193323,0.02367250901390827,18.339452735130767,0.5591966871520575,15.79999999999996,0.0,0.0,0.7073347130914672,22.049339415000542,4.440892098500626e-16,0.5704851490372508
rate_limiter,delayed_sensor,4031,0.8557351585220767,12.943866367716561,11.076521538066508,14.524877146401334,0.42928849941720726,0.2755904846381601,5.4196601418778645,11.529484061323961,0.5114977418395161,16.29999999999996,0.0,0.0,0.6596357677789174,15.239370741193708,4.440892098500626e-16,0.3177780698640445
ordinary_buffer,delayed_sensor,4031,0.8557351585220767,12.943866367716561,11.076521538066508,14.524877146401336,0.4292884994172076,0.2721264287387868,5.423124197777275,23.223470851944395,0.8600083213468142,16.29999999999996,0.0,0.0,1.1432809129341015,31.466730345287893,4.440892098500626e-16,1.0
adaptive_bridge,delayed_sensor,4031,0.6740731066897867,12.943866367716561,8.725112215064147,24.755704923666396,0.41547296809088946,0.22169758359411854,7.838777897258837,18.42911586768574,0.6920444343675888,25.100000000000087,0.0,0.0,0.9753170259548776,26.67237536102924,4.440892098500626e-16,1.0
unregulated,delayed_sensor,4032,0.6397716768213947,11.847080550456921,7.579426589203956,68.2513273952946,11.358574205213527,0.0229318514680499,0.05230030969738397,18.739325933655937,0.5730604412499868,15.199999999999962,0.0,0.0,0.7146874839089262,22.135845237165892,2.220446049250313e-16,0.5520517739572579
rate_limiter,delayed_sensor,4032,0.8959025215258174,11.847080550456921,10.613829337873824,10.467504139224998,0.3492055486970294,0.28029845187334856,6.3875832252938896,10.991382094896478,0.49548548826174793,5.4999999999999964,0.0,0.0,0.6371125309206974,14.38790139840636,2.220446049250313e-16,0.33000092949600124
ordinary_buffer,delayed_sensor,4032,0.8959025215258174,11.847080550456921,10.613829337873824,10.467504139225008,0.3492055486970302,0.2769923010177096,6.39088937614954,22.147427663670864,0.8279630853531065,5.4999999999999964,0.0,0.0,1.0954630655226025,29.766732896019267,4.440892098500626e-16,1.0
adaptive_bridge,delayed_sensor,4032,0.8329544402999026,11.847080550456921,9.868078349093707,13.705201571398366,0.343798598219728,0.24954291792451924,7.169496698500166,20.610769019786954,0.7683172483435791,14.999999999999963,0.0,0.0,1.0358172285130696,28.230074252135356,4.440892098500626e-16,1.0
unregulated,delayed_sensor,4033,0.6050517383607048,12.844704064908761,7.7717105232018575,68.47145553622617,10.087185437854846,0.019884000220700533,0.02032012044716014,17.660079582313163,0.5389616350884463,15.59999999999996,0.0,0.0,0.684497425045292,21.34163417566615,4.440892098500626e-16,0.5688185557127504
rate_limiter,delayed_sensor,4033,0.876098295761668,12.844704064908761,11.253223340829535,13.08842399637479,0.41190830212267077,0.2780961188860762,4.574981104490735,11.691444618377039,0.5162353015463326,15.199999999999962,0.0,0.0,0.661771091503178,15.372999211730276,4.440892098500626e-16,0.3371623162337689
ordinary_buffer,delayed_sensor,4033,0.876098295761668,12.844704064908761,11.253223340829535,13.0884239963748,0.4119083021226712,0.2745897348851474,4.578487488491671,23.547342406191706,0.8695749964676849,15.199999999999962,0.0,0.0,1.1493881704733206,31.733419598447014,4.440892098500626e-16,1.0000000000000002
adaptive_bridge,delayed_sensor,4033,0.7628974209668871,12.844704064908761,9.799191604201784,19.39609360322919,0.4008151382280259,0.23394623486769603,6.0842558890315015,20.567640096171964,0.7600333616030219,17.59999999999998,0.0,0.0,1.0398465356086481,28.75371728842724,4.440892098500626e-16,1.0000000000000002
unregulated,delayed_sensor,4034,0.8786345988811541,11.81041224149402,10.377036822426172,29.670413127063497,5.603871629774474,0.12320065163217887,0.5490768722109347,16.0060065959329,0.5423708587317232,11.299999999999976,0.0,0.0,0.6821384276049167,19.39204923973901,4.440892098500626e-16,0.5514354998570404
rate_limiter,delayed_sensor,4034,0.9299802172141977,11.81041224149402,10.983449741733828,7.675537891481743,0.23230392804769245,0.2821014285239108,5.155330877738273,11.246154928668798,0.5029103612068827,0.0,0.0,0.0,0.6426779300800725,14.632197572474976,4.440892098500626e-16,0.30406632066080497
ordinary_buffer,delayed_sensor,4034,0.9299802172141975,11.81041224149402,10.983449741733827,7.675537891481753,0.23230392804769306,0.27872367685530547,5.158708629406968,22.656903571193695,0.8429813237951571,0.0,0.0,0.0,1.1082953273864302,30.25472593765774,4.440892098500626e-16,1.0
adaptive_bridge,delayed_sensor,4034,0.8961009318458591,11.81041224149402,10.583321415086534,9.429003884923128,0.23142841673404274,0.26043405678974596,5.5780020874334655,21.833348760600423,0.8087925949607139,7.699999999999989,0.0,0.0,1.0741065985519855,29.431171127064463,6.661338147750939e-16,1.0
unregulated,delayed_sensor,4035,0.589795744325982,12.38438947424364,7.304260207984385,68.47050434322853,11.309403751078245,0.020977812566668665,0.03331595304709589,18.414844716224316,0.5621846440441509,15.59999999999996,0.0,0.0,0.706973486035206,21.96488085510176,4.440892098500626e-16,0.5610821760377053
rate_limiter,delayed_sensor,4035,0.8744151621446208,12.38438947424364,10.829097930182888,12.690181108321296,0.4013282005021223,0.27776858996289866,5.778214196360963,11.256264231224964,0.5033651419164195,15.59999999999996,0.0,0.0,0.6481539839074637,14.806300370102445,4.440892098500626e-16,0.31444072570495524
ordinary_buffer,delayed_sensor,4035,0.8744151621446208,12.38438947424364,10.829097930182888,12.6901811083213,0.40132820050212276,0.27438569283824127,5.781597093485638,22.677113408406072,0.8437356907548779,15.59999999999996,0.0,0.0,1.1189341465017792,30.60208175004583,4.440892098500626e-16,1.0
adaptive_bridge,delayed_sensor,4035,0.7669354712909062,12.38438947424364,9.498027578079185,18.459791418538526,0.3905921124955591,0.23672672179713575,7.161062504636974,19.94629321947151,0.7433655798667856,16.699999999999967,0.0,0.0,1.0185640356136856,27.871261561111307,4.440892098500626e-16,1.0
unregulated,delayed_sensor,4036,0.668272274896648,11.852062005940828,7.920404438926206,68.14795095001668,9.720163035876789,0.022077642222714938,0.035620964788597,17.44196802160135,0.5337795238907027,14.999999999999963,0.0,0.0,0.6730886503843402,20.839910598106634,4.440892098500626e-16,0.5521354958981669
rate_limiter,delayed_sensor,4036,0.906435064373049,11.852062005940828,10.743124587308342,9.677869025768647,0.3130610665577984,0.28108113470649254,4.9786900177616396,11.085342794430433,0.4982673535624634,0.1,0.0,0.0,0.6375764800561012,14.483285370935757,4.440892098500626e-16,0.32482200642702624
ordinary_buffer,delayed_sensor,4036,0.906435064373049,11.852062005940828,10.743124587308342,9.677869025768658,0.3130610665577991,0.27775200968037284,4.98201914278779,22.33532258980703,0.8335476636355407,0.1,0.0,0.0,1.0987477340233687,29.95657084290693,4.440892098500626e-16,1.0000000000000002
adaptive_bridge,delayed_sensor,4036,0.8541823595610111,11.852062005940828,10.123822289897946,12.375992411369372,0.3097395615356363,0.2524610002842654,5.629933954616474,21.05960586746315,0.7825528556461265,14.699999999999964,0.0,0.0,1.0477529260339595,28.68085412056311,4.440892098500626e-16,1.0000000000000002
unregulated,delayed_sensor,4037,0.638727392125383,13.247659798831995,8.461643195072236,68.39174748327382,9.572357100031942,0.020152337433410872,0.019301429000513126,17.83523474796281,0.5443262410157762,15.499999999999961,0.0,0.0,0.6924558616885341,21.631919551008437,4.440892098500626e-16,0.5755909209887735
rate_limiter,delayed_sensor,4037,0.885916944480402,13.247659798831995,11.736326290497098,12.446172291893264,0.3991568746151651,0.2793651816464361,4.278290150432301,12.163166749631143,0.5302249336561324,9.799999999999981,0.0,0.0,0.6783545543289036,15.959851552676762,2.220446049250313e-16,0.37360357283957807
ordinary_buffer,delayed_sensor,4037,0.8859169444804019,13.247659798831995,11.736326290497097,12.446172291893271,0.3991568746151656,0.2757187290028067,4.281936603075927,24.49064371822637,0.8976186389119396,9.799999999999981,0.0,0.0,1.1834310858248298,32.90603227142058,4.440892098500626e-16,1.0000000000000002
adaptive_bridge,delayed_sensor,4037,0.787292099052776,13.247659798831995,10.429777890559517,18.13236383206257,0.39144604019126256,0.23685994470987912,5.635054621730325,21.816206514931718,0.7978908031132241,15.59999999999996,0.0,0.0,1.0837032500261228,30.231595068125902,4.440892098500626e-16,1.0000000000000002
unregulated,delayed_sensor,4038,0.6123862922286659,12.025772648295941,7.364418323274856,68.36047609437804,9.812499620516537,0.020298551627325984,0.02284469779989884,16.9781675699199,0.51887298662287,15.399999999999961,0.0,0.0,0.6578695689881424,20.425741758526403,4.440892098500626e-16,0.5550550024923674
rate_limiter,delayed_sensor,4038,0.8853235539680614,12.025772648295941,10.646699780201269,11.38640357339596,0.37682777522186633,0.2792439651168587,4.535228555259703,11.050911838523978,0.49719844275639224,12.69999999999997,0.0,0.0,0.6361950251216562,14.498486027130705,4.440892098500626e-16,0.3238283498749181
ordinary_buffer,delayed_sensor,4038,0.8853235539680614,12.025772648295941,10.646699780201269,11.386403573395963,0.3768277752218668,0.2759290486638395,4.538543471712627,22.26646932802619,0.8314555546145186,12.69999999999997,0.0,0.0,1.0977968153204647,29.98602762942211,6.661338147750939e-16,1.0
adaptive_bridge,delayed_sensor,4038,0.8065050959428022,12.025772648295941,9.698846923500245,15.49681567352813,0.3693843731310119,0.2434635566775928,5.526305222490725,20.31629266247965,0.7569084648658702,15.399999999999961,0.0,0.0,1.0232497255718236,28.03585096387556,6.661338147750939e-16,1.0
unregulated,delayed_sensor,4039,0.6200565215581801,12.472815409191801,7.7338505366607375,68.38605643312225,10.463631413297104,0.020917370639564115,0.029339442285727158,17.99871965220251,0.5497058708675481,15.399999999999961,0.0,0.0,0.6941554769509687,21.57402034392247,4.440892098500626e-16,0.5625683262049015
rate_limiter,delayed_sensor,4039,0.8835964107960181,12.472815409191801,11.020934928083143,12.038136273874057,0.3893161141153974,0.2791795134633653,5.176885722317545,11.437528338749324,0.5087479668075219,13.09999999999997,0.0,0.0,0.6531975728909383,15.012829030469135,4.440892098500626e-16,0.34434505562222056
ordinary_buffer,delayed_sensor,4039,0.8835964107960179,12.472815409191801,11.020934928083141,12.038136273874068,0.389316114115398,0.27574638771702786,5.1803188480638855,23.039587259284456,0.8545213272214185,13.09999999999997,0.0,0.0,1.1301185434381134,31.0145309110884,4.440892098500626e-16,1.0000000000000002
adaptive_bridge,delayed_sensor,4039,0.7940529255044274,12.472815409191801,9.904075564945451,16.879993286265943,0.3803697426397561,0.24107387458963403,6.340797095804587,20.74521315414594,0.7685447306417181,15.499999999999961,0.0,0.0,1.0441419468584139,28.72015680594986,4.440892098500626e-16,1.0000000000000002
unregulated,insufficient_capacity,4000,0.2388379265283843,12.508496539913823,2.9875033775804867,68.72313895953427,15.967082257180467,0.019865629173707485,0.029255728140225035,18.755593983510426,0.5717125495280491,68.00000000000041,0.0,0.0,0.7179515256948725,22.341089284007747,4.440892098500626e-16,0.5631680090741806
rate_limiter,insufficient_capacity,4000,0.3579581784425905,12.508496539913823,4.477518636482998,34.80388195681275,0.0,0.2526320090120872,13.080043077638106,4.278527813874346,0.29544973641269967,67.80000000000042,0.0,0.0,0.4416887125795175,7.864023114371908,4.440892098500626e-16,0.21093141148032696
ordinary_buffer,insufficient_capacity,4000,0.3579581784425905,12.508496539913823,4.477518636482998,34.80388195681275,0.0,0.2513421260792831,13.069500791655388,8.735542932258419,0.4283003969908624,67.80000000000042,0.0,0.0,0.7060042418497031,16.731386584328597,4.440892098500626e-16,1.0
adaptive_bridge,insufficient_capacity,4000,0.1940238044191175,12.508496539913823,2.426946086237448,43.28290583572561,0.0,0.18044950968096943,15.552885307793277,4.198267209570892,0.24534344842020075,67.90000000000042,0.0,0.0,0.5230472932790406,12.194110861641112,4.440892098500626e-16,1.0
unregulated,insufficient_capacity,4001,0.2607260033509208,11.725956653999246,3.0572618138633594,68.55908567152103,15.192513196581379,0.02053943182668272,0.03362582541135084,18.050883903841203,0.5510943038351358,67.70000000000043,0.0,0.0,0.6907879090944447,21.412796379791637,2.220446049250313e-16,0.5500160782184744
rate_limiter,insufficient_capacity,4001,0.4124071221673852,11.725956653999246,4.83586803833533,29.765323865083108,0.0,0.25273913988477636,12.02209964152935,4.636984346599369,0.30613174108790536,67.00000000000047,0.0,0.0,0.44582534634722387,7.998896822549909,2.220446049250313e-16,0.1977794806246209
ordinary_buffer,insufficient_capacity,4001,0.4124071221673851,11.725956653999246,4.835868038335329,29.765323865083108,0.0,0.2513430499425557,12.013056787242212,9.450952055568104,0.4496201853308342,67.00000000000047,0.0,0.0,0.7141513938362608,17.000890169831383,4.440892098500626e-16,1.0
adaptive_bridge,insufficient_capacity,4001,0.2431123616597825,11.725956653999246,2.8507250148739978,37.969744224060555,0.0,0.1893913882780804,14.380631403860464,5.095094503917863,0.27805402506641175,67.50000000000044,0.0,0.0,0.5425852335718394,12.645032618181137,2.220446049250313e-16,1.0
unregulated,insufficient_capacity,4002,0.22814840503550504,12.784499721504146,2.916763220638029,68.76808879108438,15.781693625005254,0.01911786855390545,0.023187376941421256,18.499428674855803,0.5636047337290792,68.1000000000004,0.0,0.0,0.7111395651057563,22.163782027236415,2.220446049250313e-16,0.5678067180084722
rate_limiter,insufficient_capacity,4002,0.3348867599407701,12.784499721504146,4.281359689198201,36.54408493076527,0.0,0.2525928517062005,13.012718983517539,4.082329709283667,0.28960303289589756,68.00000000000041,0.0,0.0,0.43713786427256895,7.746683061664171,2.220446049250313e-16,0.21557012041461857
ordinary_buffer,insufficient_capacity,4002,0.33488675994077,12.784499721504146,4.2813596891982,36.54408493076527,0.0,0.2513610400352567,13.001319340734856,8.344176382373586,0.4166373484829738,68.00000000000041,0.0,0.0,0.6979642967902128,16.496905309382143,4.440892098500626e-16,1.0000000000000002
adaptive_bridge,insufficient_capacity,4002,0.17791291993260142,12.784499721504146,2.274527675330332,44.8435300574883,0.0,0.17785429475711215,15.460099644862746,3.8752666501909268,0.2339781407686896,68.00000000000041,0.0,0.0,0.515305089075928,12.0279955771995,4.440892098500626e-16,1.0000000000000002
unregulated,insufficient_capacity,4003,0.2496360547778089,11.798802203708881,2.9454064332376024,68.62573052945487,14.591978174805256,0.019454349472834,0.024065374770568804,17.338455816694957,0.5291657864995339,67.80000000000042,0.0,0.0,0.6678670271003266,20.721181306848266,2.220446049250313e-16,0.5512403731715768
rate_limiter,insufficient_capacity,4003,0.3889901522499564,11.798802203708881,4.589617865587839,31.29182055103638,0.0,0.2527053030000917,11.545082914717451,4.390700336967192,0.2987924776008662,67.60000000000043,0.0,0.0,0.4374937182016595,7.773425827120478,4.440892098500626e-16,0.19900377557772303
ordinary_buffer,insufficient_capacity,4003,0.38899015224995637,11.798802203708881,4.589617865587838,31.29182055103638,0.0,0.251382645857851,11.535701553745506,8.958826335222273,0.4349546183794589,67.60000000000043,0.0,0.0,0.6990941113867819,16.549664486326424,4.440892098500626e-16,1.0
adaptive_bridge,insufficient_capacity,4003,0.22567108827985158,11.798802203708881,2.662648533709694,39.26082658713328,0.0,0.18720600604394497,13.855725177617687,4.708664778445865,0.2650645831808538,67.60000000000043,0.0,0.0,0.5292040761881767,12.299502929550052,4.440892098500626e-16,1.0
unregulated,insufficient_capacity,4004,0.24494029654384178,13.211522210960087,3.236034168148116,68.73094240534769,15.325991001776396,0.01887204653046623,0.019049442907962177,18.363020218731485,0.5593604275605483,68.00000000000041,0.0,0.0,0.7091051369694565,22.149379996671154,4.440892098500626e-16,0.574983566570759
rate_limiter,insufficient_capacity,4004,0.36214670059368753,13.211522210960087,4.784509178519415,36.18536857712099,0.0,0.2526201411413689,12.369522676457935,4.585506488040047,0.304597700902837,67.90000000000042,0.0,0.0,0.4543424103117449,8.371866265979428,4.440892098500626e-16,0.2227469689769052
ordinary_buffer,insufficient_capacity,4004,0.3621467005936874,13.211522210960087,4.784509178519414,36.18536857712099,0.0,0.2512380264719816,12.358372365695345,9.350193765543013,0.44661704765289156,67.90000000000042,0.0,0.0,0.7337568466851168,17.7457255451139,6.661338147750939e-16,1.0
adaptive_bridge,insufficient_capacity,4004,0.18605027799443252,13.211522210960087,2.458007380078744,45.803002385737734,0.0,0.1762532619660939,15.147827975756915,4.230454452595183,0.2435127333618844,67.90000000000042,0.0,0.0,0.5306525323941094,12.62598623216606,4.440892098500626e-16,1.0
unregulated,insufficient_capacity,4005,0.239914268438495,13.462186186615918,3.229770550544771,68.7787977766319,14.523433191023514,0.01778324506978186,0.01024706844356138,17.554175347728126,0.5345467177259753,68.1000000000004,0.0,0.0,0.6821149440174052,21.41215340442611,2.220446049250313e-16,0.5791964064977448
rate_limiter,insufficient_capacity,4005,0.3476523232223592,13.462186186615918,4.680160303428977,37.90602653418759,0.0,0.25259506287895334,11.654975635531754,4.481132534687188,0.3014873570929223,68.00000000000041,0.0,0.0,0.4490555833843451,8.339110591385328,2.220446049250313e-16,0.22695980890389117
ordinary_buffer,insufficient_capacity,4005,0.3476523232223592,13.462186186615918,4.680160303428977,37.90602653418759,0.0,0.25124383284630664,11.64048479734453,9.142043224865697,0.44041399289276045,68.00000000000041,0.0,0.0,0.72746068004778,17.678768436081576,4.440892098500626e-16,1.0
adaptive_bridge,insufficient_capacity,4005,0.1728666909545393,13.462186186615918,2.327163579094202,47.6374477435097,0.0,0.17320780948448414,14.472229476232956,3.95349533471331,0.2332169739433886,68.00000000000041,0.0,0.0,0.5202636610984084,12.490220545929168,2.220446049250313e-16,1.0
unregulated,insufficient_capacity,4006,0.2485111168968128,12.507898730715441,3.1083518836023214,68.6732236563156,15.389545600381476,0.01961343498222695,0.025586267285045317,18.298932132936308,0.5579183912993816,67.90000000000042,0.0,0.0,0.7032596412167038,21.8842566308057,4.440892098500626e-16,0.5631579618607658
rate_limiter,insufficient_capacity,4006,0.37835043903054055,12.507898730715441,4.732368976115728,33.524782721862714,0.0,0.252662115271995,12.364740879957688,4.533408259766982,0.3030451737003,67.70000000000043,0.0,0.0,0.44838642361761716,8.118732757636488,2.220446049250313e-16,0.2109213642669121
ordinary_buffer,insufficient_capacity,4006,0.37835043903054055,12.507898730715441,4.732368976115728,33.524782721862714,0.0,0.2512960429505399,12.354632445577142,9.245038726606243,0.4434835094249096,67.70000000000043,0.0,0.0,0.7202755633635701,17.24020169701352,4.440892098500626e-16,1.0
adaptive_bridge,insufficient_capacity,4006,0.207118185674339,12.507898730715441,2.59061329170415,42.37909544709748,0.0,0.1819840312350122,14.923143351888797,4.531188262922541,0.25630139844418215,67.80000000000042,0.0,0.0,0.533093452382841,12.52635123332981,4.440892098500626e-16,1.0
unregulated,insufficient_capacity,4007,0.27320607715212164,12.475121511305959,3.408279010099948,68.5589497427599,15.365663726197893,0.020515952720799757,0.031428904605084185,18.57505285061998,0.566698074231375,67.70000000000043,0.0,0.0,0.7123900696752623,22.151012428658316,4.440892098500626e-16,0.5626070842236289
rate_limiter,insufficient_capacity,4007,0.4292333143768202,12.475121511305959,5.354737753551423,30.743649081365266,0.0,0.2527412544897989,12.02609182056241,5.155856176420483,0.32159412161657414,66.30000000000051,0.0,0.0,0.46728611706046674,8.731815754458651,2.220446049250313e-16,0.21037048662977548
ordinary_buffer,insufficient_capacity,4007,0.4292333143768201,12.475121511305959,5.354737753551422,30.743649081365266,0.0,0.2511897183995807,12.017144134753751,10.48869382165982,0.48054504872612713,66.30000000000051,0.0,0.0,0.7574164996143294,18.465417805081177,6.661338147750939e-16,1.0
adaptive_bridge,insufficient_capacity,4007,0.23844729704637707,12.475121511305959,2.9746590046960204,40.57632294252908,0.0,0.18505973114936217,14.806566309217233,5.315232096682863,0.281745714524617,67.30000000000045,0.0,0.0,0.5586171654128209,13.291956080104228,4.440892098500626e-16,1.0
unregulated,insufficient_capacity,4008,0.2649970449646532,12.250001405840974,3.2462141733607055,68.59536154756901,15.13762366935743,0.020151488601190717,0.028934727981630992,18.184931106020397,0.5548407389353653,67.80000000000042,0.0,0.0,0.6982828709043674,21.696570653925747,4.440892098500626e-16,0.5588235530393458
rate_limiter,insufficient_capacity,4008,0.41330512425818366,12.250001405840974,5.0629883532040285,31.241740745884364,0.0,0.25272511071923176,11.924428781348249,4.864090632302521,0.3128995084018595,67.00000000000047,0.0,0.0,0.4563416403708614,8.375730180207894,4.440892098500626e-16,0.2065869554454923
ordinary_buffer,insufficient_capacity,4008,0.4133051242581835,12.250001405840974,5.062988353204027,31.24174074588437,0.0,0.2512609224986452,11.915053533479458,9.905393530152235,0.4631626162684612,67.00000000000047,0.0,0.0,0.7358740244423687,17.75370066576937,4.440892098500626e-16,1.0000000000000002
adaptive_bridge,insufficient_capacity,4008,0.23177656916372047,12.250001405840974,2.8392632980965735,40.43279770971394,0.0,0.18527582042534413,14.543559728730173,5.049712346153503,0.2739623968074448,67.60000000000043,0.0,0.0,0.5466738049813531,12.898019481770618,4.440892098500626e-16,1.0000000000000002
unregulated,insufficient_capacity,4009,0.2344704437328651,12.294573210022161,2.882714036060092,68.71805616331017,15.041574349184176,0.018984646443772915,0.021598829539635656,17.725295963717343,0.5404229482527384,68.00000000000041,0.0,0.0,0.6830886266771844,21.249670312817315,2.220446049250313e-16,0.5595726589919673
rate_limiter,insufficient_capacity,4009,0.3527419635774558,12.294573210022161,4.336811895450001,34.37088090058955,0.0,0.25263399091985916,12.181516750690054,4.137823054749122,0.291256734590768,67.80000000000042,0.0,0.0,0.4339224130152075,7.662197403849056,2.220446049250313e-16,0.2073360613981137
ordinary_buffer,insufficient_capacity,4009,0.3527419635774558,12.294573210022161,4.336811895450001,34.37088090058955,0.0,0.25138619440028337,12.170852328206033,8.45426585089024,0.41991827890203054,67.80000000000042,0.0,0.0,0.6922191672084316,16.327532524060683,4.440892098500626e-16,1.0
adaptive_bridge,insufficient_capacity,4009,0.19536541077853958,12.294573210022161,2.4019343455228075,42.37278800168297,0.0,0.18196419482943485,14.531177085627466,4.155999371111525,0.24508822123812102,67.90000000000042,0.0,0.0,0.5173891095445216,12.029266044281972,4.440892098500626e-16,1.0
unregulated,insufficient_capacity,4010,0.2763687354164081,11.973576388905252,3.3091221650135068,68.52783473497435,14.33550645651748,0.020001040708861113,0.02562680064572742,17.445772862039323,0.532679560007323,67.60000000000043,0.0,0.0,0.6727156795726436,20.878433833677217,4.440892098500626e-16,0.5541777544353856
rate_limiter,insufficient_capacity,4010,0.4403967308635955,11.973576388905252,5.273123898419408,29.301045713466124,0.0,0.25277370536496874,10.971774622020998,5.0742747721636405,0.31916299576972035,66.10000000000052,0.0,0.0,0.4591991153350409,8.506935743801677,4.440892098500626e-16,0.20194115684153202
ordinary_buffer,insufficient_capacity,4010,0.4403967308635955,11.973576388905252,5.273123898419408,29.30104571346613,0.0,0.2512469138764507,10.9633596458807,10.32510673677592,0.4756702463872588,66.10000000000052,0.0,0.0,0.7426235151143458,18.015485611935556,4.440892098500626e-16,1.0
adaptive_bridge,insufficient_capacity,4010,0.2536795381162083,11.973576388905252,3.0374513279366218,38.542743353044806,0.0,0.1884616781005267,13.583039018790796,5.466029619003316,0.2885059381645067,67.40000000000045,0.0,0.0,0.555459206891593,13.156408494162937,4.440892098500626e-16,1.0
unregulated,insufficient_capacity,4011,0.2717417044034641,11.62909405276124,3.1601098385655275,68.51952620822779,15.673033586819553,0.021567225622537545,0.043907644735873275,18.634291254117027,0.5691389829658868,67.60000000000043,0.0,0.0,0.709042412028513,21.96852870114267,4.440892098500626e-16,0.548388135340527
rate_limiter,insufficient_capacity,4011,0.4353644107284091,11.62909405276124,5.062893679585644,28.679077180621846,0.0,0.25278084035372456,12.389964072534317,4.864051688318631,0.3128983478711395,66.4000000000005,0.0,0.0,0.45280177693377033,8.198289135344075,2.220446049250313e-16,0.1961515377466735
ordinary_buffer,insufficient_capacity,4011,0.4353644107284091,11.62909405276124,5.062893679585644,28.679077180621846,0.0,0.25131690259139183,12.381668259334326,9.904626771378409,0.4631397882411668,66.4000000000005,0.0,0.0,0.7270710903778697,17.39975652125612,4.440892098500626e-16,1.0
adaptive_bridge,insufficient_capacity,4011,0.2582648778259662,11.62909405276124,3.0033865547630514,37.19349242289917,0.0,0.19071355719268027,14.812172632013805,5.41113615941685,0.2883615905397426,67.30000000000045,0.0,0.0,0.5522928926764442,12.906265909294566,4.440892098500626e-16,1.0
unregulated,insufficient_capacity,4012,0.2532144725754969,13.281359787358133,3.3630325136413033,68.7021606059817,14.51358683432072,0.01832316212467468,0.013764313037800457,17.677633097702493,0.5385575578834445,68.00000000000041,0.0,0.0,0.6861284852050276,21.48394646889849,4.440892098500626e-16,0.5761573073505533
rate_limiter,insufficient_capacity,4012,0.3768110945623166,13.281359787358133,5.004563718750354,35.53826425403022,0.0,0.2526362557594718,11.4584574080526,4.805577142889085,0.3111558064173392,67.70000000000043,0.0,0.0,0.458726733738928,8.611890514084957,4.440892098500626e-16,0.22392070975669967
ordinary_buffer,insufficient_capacity,4012,0.3768110945623166,13.281359787358133,5.004563718750354,35.53826425403022,0.0,0.2511883619521497,11.447447568955498,9.790123841387294,0.459727089616211,67.70000000000043,0.0,0.0,0.7452584803284314,18.22439298944187,4.440892098500626e-16,1.0
adaptive_bridge,insufficient_capacity,4012,0.192773579439065,13.281359787358133,2.5602952660270866,45.64044983461237,0.0,0.17653952239122686,14.353490707498114,4.435918005202483,0.24983709066192178,67.80000000000042,0.0,0.0,0.5353684813741414,12.870187153257133,4.440892098500626e-16,1.0
unregulated,insufficient_capacity,4013,0.24997938570034461,12.436366571325195,3.1088352758441733,68.67103794771249,14.57541165011517,0.01891345654258238,0.019158682664446758,17.48528805757726,0.5332008944263879,67.90000000000042,0.0,0.0,0.6760030968652888,21.050174795621125,3.3306690738754696e-16,0.5619557406945428
rate_limiter,insufficient_capacity,4013,0.3810365086923847,12.436366571325195,4.738709699156435,33.34698541109299,0.0,0.25267086123620475,11.537711733642903,4.539757728771904,0.3032343878766467,67.70000000000043,0.0,0.0,0.4460365903155408,8.10464446681562,3.3306690738754696e-16,0.20971914310068937
ordinary_buffer,insufficient_capacity,4013,0.3810365086923847,12.436366571325195,4.738709699156435,33.34698541109299,0.0,0.2513032562997427,11.527715094724067,9.257535499427217,0.44385612112565326,67.70000000000043,0.0,0.0,0.7174840739213427,17.211197440049396,6.661338147750939e-16,1.0000000000000002
adaptive_bridge,insufficient_capacity,4013,0.20908672422581923,12.436366571325195,2.600279147669868,42.18795070272079,0.0,0.18230582139492899,14.089009774945607,4.554314284514163,0.2572028125415892,67.80000000000042,0.0,0.0,0.5308307653372778,12.507976225136309,4.440892098500626e-16,1.0000000000000002
unregulated,insufficient_capacity,4014,0.2812390201572192,12.295642191609659,3.458014362172064,68.52024691582142,15.304313881639965,0.020920897508418256,0.03471394156455654,18.563473222782,0.566599684408661,67.60000000000043,0.0,0.0,0.7110667940848873,22.088152995192658,4.440892098500626e-16,0.5595906250690673
rate_limiter,insufficient_capacity,4014,0.4470860481245812,12.295642191609659,5.497210076600627,29.608909990876356,0.0,0.2527737076277775,11.875865094871683,5.298360952607667,0.3258407639469529,65.70000000000054,0.0,0.0,0.4703078736231897,8.823040725018306,4.440892098500626e-16,0.2073540274752136
ordinary_buffer,insufficient_capacity,4014,0.4470860481245812,12.295642191609659,5.497210076600627,29.608909990876356,0.0,0.2511797051036907,11.86741328946868,10.773201947336576,0.4890234848317107,65.70000000000054,0.0,0.0,0.7631529268294663,18.6477605339796,4.440892098500626e-16,1.0000000000000002
adaptive_bridge,insufficient_capacity,4014,0.25169748758242183,12.295642191609659,3.094782247840574,39.53434676414425,0.0,0.18681614947397607,14.665450659655324,5.568782949503658,0.2904800118360278,67.20000000000046,0.0,0.0,0.5646094538337846,13.443341536146665,4.440892098500626e-16,1.0000000000000002
unregulated,insufficient_capacity,4015,0.21919317457127824,13.429680031860231,2.9436941996599493,68.84891411358896,14.979267164808,0.01762021284652267,0.011896480834059364,17.723887967120103,0.5395254797757846,68.2000000000004,0.0,0.0,0.6878756641443388,21.572578551030904,4.440892098500626e-16,0.5786500845690781
rate_limiter,insufficient_capacity,4015,0.30920632370094553,13.429680031860231,4.152541991131499,40.0092209007672,0.0,0.25254837572312944,12.353222179538339,3.9534675352338904,0.28576294010921355,68.1000000000004,0.0,0.0,0.4341131244777687,7.8021581191447,4.440892098500626e-16,0.22641348697522454
ordinary_buffer,insufficient_capacity,4015,0.30920632370094553,13.429680031860231,4.152541991131499,40.0092209007672,0.0,0.2513545430250858,12.340662425765837,8.087486644443052,0.4089877442974275,68.1000000000004,0.0,0.0,0.6965505028191906,16.60609333263165,4.440892098500626e-16,1.0000000000000002
adaptive_bridge,insufficient_capacity,4015,0.15372533023994475,13.429680031860231,2.064481997914506,48.64628039589499,0.0,0.17222262958358348,14.915964139814413,3.420783947452397,0.21666156431427505,68.1000000000004,0.0,0.0,0.5042243228360374,11.939390635640995,4.440892098500626e-16,1.0000000000000002
unregulated,insufficient_capacity,4016,0.25111304278941216,12.23959783065785,3.073522653775181,68.65188589300814,15.089750622753742,0.01961930108885753,0.025508741285125813,17.964326575565003,0.547938624316976,67.90000000000042,0.0,0.0,0.6908410408429865,21.472993673418,2.220446049250313e-16,0.5586487030362661
rate_limiter,insufficient_capacity,4016,0.3863081022014445,12.23959783065785,4.728255809670351,32.5520744680753,0.0,0.2526802444332092,12.034430507704153,4.529313222482821,0.3029231415892322,67.70000000000043,0.0,0.0,0.4458255581152478,8.037980320335816,2.220446049250313e-16,0.20641210544241245
ordinary_buffer,insufficient_capacity,4016,0.3863081022014445,12.23959783065785,4.728255809670351,32.5520744680753,0.0,0.2513158303192851,12.024870107768935,9.23617656543498,0.44321956890310377,67.70000000000043,0.0,0.0,0.7152985961128357,17.078383072159003,4.440892098500626e-16,1.0
adaptive_bridge,insufficient_capacity,4016,0.21588209669626876,12.23959783065785,2.6423100424015193,41.17523411957177,0.0,0.18399947251165716,14.52319691489591,4.648430108879975,0.2611403403500456,67.70000000000043,0.0,0.0,0.5332193675597775,12.490636615603975,2.220446049250313e-16,1.0
unregulated,insufficient_capacity,4017,0.2595618259511612,12.140588660209847,3.151233360766029,68.60705418185469,14.534835585039392,0.0194461715568559,0.022604610414311166,17.48715172659777,0.5335837598857321,67.80000000000042,0.0,0.0,0.6747173871705388,20.96753049003676,2.220446049250313e-16,0.556984683364868
rate_limiter,insufficient_capacity,4017,0.4038930082805633,12.140588660209847,4.903498876269048,31.386499124315254,0.0,0.25270837005935576,11.378915258299205,4.704584414707668,0.3081462231175322,67.10000000000046,0.0,0.0,0.44927985040233953,8.184963178146898,2.220446049250313e-16,0.20474808577101436
ordinary_buffer,insufficient_capacity,4017,0.4038930082805632,12.140588660209847,4.9034988762690475,31.386499124315254,0.0,0.25129174907122087,11.369578926854334,9.586487767392232,0.4536590513609946,67.10000000000046,0.0,0.0,0.7231213454877978,17.371918599573444,4.440892098500626e-16,1.0
adaptive_bridge,insufficient_capacity,4017,0.2285934645758341,12.140588660209847,2.7752592238274527,40.18281108659387,0.0,0.18567707574254336,13.90048612453043,4.923882466271771,0.27047776362096143,67.60000000000043,0.0,0.0,0.5399400577477627,12.709313298452997,4.440892098500626e-16,1.0
unregulated,insufficient_capacity,4018,0.2586022347785052,12.455346613433166,3.2209804691747035,68.62136818640617,15.429738461744073,0.02005331189706958,0.028705505100650397,18.45178489189969,0.5627457392532871,67.80000000000042,0.0,0.0,0.7080648249639354,22.02209449911684,4.440892098500626e-16,0.562274732998876
rate_limiter,insufficient_capacity,4018,0.3994345503752998,12.455346613433166,4.975095774305189,32.19553816051022,0.0,0.2526919808093522,12.278642984496114,4.7761649234938055,0.3102793222793594,67.20000000000046,0.0,0.0,0.4555984079899969,8.346474530711188,4.440892098500626e-16,0.21003813540502228
ordinary_buffer,insufficient_capacity,4018,0.3994345503752997,12.455346613433166,4.9750957743051885,32.19553816051022,0.0,0.25125363412791923,12.268799472316033,9.730126498647028,0.45793941557381074,67.20000000000046,0.0,0.0,0.7342684091179028,17.6955034210785,4.440892098500626e-16,1.0000000000000002
adaptive_bridge,insufficient_capacity,4018,0.22116538822389656,12.455346613433166,2.7546915692231413,41.37197450355679,0.0,0.1836910099028474,14.907376351752625,4.867614307025894,0.2674797192696577,67.70000000000043,0.0,0.0,0.5438087128137501,12.832991229457356,4.440892098500626e-16,1.0000000000000002
unregulated,insufficient_capacity,4019,0.2562068318237146,13.383321158173723,3.4288983132149764,68.7159957255836,15.389429751646952,0.019159860804480105,0.020408408873369144,18.619343939523365,0.5671768400222321,68.00000000000041,0.0,0.0,0.7186374227824723,22.45478913095232,2.220446049250313e-16,0.5778709438348533
rate_limiter,insufficient_capacity,4019,0.38040103759157134,13.383321158173723,5.091029254990515,35.952361233006854,0.0,0.25263617678433836,12.32120823985531,4.892042600154111,0.3137324770438361,67.70000000000043,0.0,0.0,0.46519305980407155,8.72748779158308,2.220446049250313e-16,0.2256343462409998
ordinary_buffer,insufficient_capacity,4019,0.3804010375915713,13.383321158173723,5.091029254990514,35.952361233006854,0.0,0.25116253720440984,12.31029661854592,9.963147891593575,0.4648833567569918,67.70000000000043,0.0,0.0,0.7551967627942523,18.456679488121782,4.440892098500626e-16,1.0000000000000002
adaptive_bridge,insufficient_capacity,4019,0.19050103748570962,13.383321158173723,2.549536565636543,46.460174374837905,0.0,0.17516740131775482,15.317561682907558,4.410279233114947,0.24815688296225238,67.90000000000042,0.0,0.0,0.5384702889995127,12.903810829643172,4.440892098500626e-16,1.0000000000000002
unregulated,insufficient_capacity,4020,0.26671029967619736,12.4616566610337,3.323652182526179,68.58648579967065,15.087807042303497,0.019992556839528917,0.02699523531291881,18.21254900488999,0.5555601355188096,67.80000000000042,0.0,0.0,0.7004229680602282,21.78466148285029,4.440892098500626e-16,0.5623807842190549
rate_limiter,insufficient_capacity,4020,0.4159976528577708,12.4616566610337,5.1840199217094245,31.3726536584978,0.0,0.2527176738176409,11.829198507845202,4.985114763906328,0.3165060275236527,66.70000000000049,0.0,0.0,0.4613688600650769,8.557227241866764,4.440892098500626e-16,0.21014418662520146
ordinary_buffer,insufficient_capacity,4020,0.4159976528577708,12.4616566610337,5.1840199217094245,31.3726536584978,0.0,0.2512171147507155,11.819905653730817,10.147436886743831,0.47037546854589857,66.70000000000049,0.0,0.0,0.7462965461649635,18.116215294255657,6.661338147750939e-16,1.0
adaptive_bridge,insufficient_capacity,4020,0.23084472811702025,12.4616566610337,2.876707743803979,40.90535978343072,0.0,0.18449120203014974,14.54006178927136,5.116216139431039,0.27543036693238115,67.50000000000044,0.0,0.0,0.5513514445514465,13.084994546942848,6.661338147750939e-16,1.0
unregulated,insufficient_capacity,4021,0.26426576520547657,12.875564531676023,3.4025709134158575,68.64533271317178,14.622953319313389,0.01909299218162132,0.01888876453095678,17.8265853591532,0.5434778986155041,67.90000000000042,0.0,0.0,0.6897291289345535,21.516957228725897,2.220446049250313e-16,0.5693372190197685
rate_limiter,insufficient_capacity,4021,0.4035032396263117,12.875564531676023,5.19533200054891,33.334310304816434,0.0,0.2526864140239377,11.422801542188603,4.996395582952109,0.316842195931217,67.20000000000046,0.0,0.0,0.46309342625025607,8.686767452524661,2.220446049250313e-16,0.21710062142591496
ordinary_buffer,insufficient_capacity,4021,0.4035032396263117,12.875564531676023,5.19533200054891,33.334310304816434,0.0,0.25118215770107555,11.412843647469588,10.170761243608366,0.4710704786204406,67.20000000000046,0.0,0.0,0.7518649266288631,18.374598139133703,6.661338147750939e-16,1.0
adaptive_bridge,insufficient_capacity,4021,0.21326281016276424,12.875564531676023,2.7458790744572443,43.45898835336067,0.0,0.18020757021445655,14.297829692833258,4.8323687184800495,0.2641072992092349,67.70000000000043,0.0,0.0,0.5449017472176576,13.036205614005386,4.440892098500626e-16,1.0
unregulated,insufficient_capacity,4022,0.23597523507215545,13.46406722531935,3.1771864285220377,68.78320943616271,14.625419913441293,0.0177621739152579,0.011347328528389156,17.603569318482908,0.536010364955693,68.1000000000004,0.0,0.0,0.6838579176088977,21.46208481481056,4.440892098500626e-16,0.579228020593605
rate_limiter,insufficient_capacity,4022,0.3412067929237272,13.46406722531935,4.594031197660682,38.089787259883046,0.0,0.25258373397731426,11.791606615685541,4.394992100017257,0.29892037213975814,68.00000000000041,0.0,0.0,0.44676792479295685,8.253507596345026,4.440892098500626e-16,0.2269914229997513
ordinary_buffer,insufficient_capacity,4022,0.3412067929237271,13.46406722531935,4.59403119766068,38.08978725988305,0.0,0.25125822040767193,11.779771321367688,8.969782003028262,0.43528052606172346,68.00000000000041,0.0,0.0,0.7226247188463576,17.50767991385419,4.440892098500626e-16,1.0000000000000002
adaptive_bridge,insufficient_capacity,4022,0.1704341355055565,13.46406722531935,2.2947366579360002,47.59576672801783,0.0,0.17324870375577942,14.559275307688775,3.8872881369755294,0.23127133998631888,68.00000000000041,0.0,0.0,0.5186155327709531,12.42518604780146,4.440892098500626e-16,1.0000000000000002
unregulated,insufficient_capacity,4023,0.2656446203101674,11.919959750968506,3.1664731821585064,68.551190454485,15.937210862159988,0.02134676235379896,0.04198365087638267,18.90479809923122,0.5770756459856071,67.70000000000043,0.0,0.0,0.719434399064091,22.32214003145887,4.440892098500626e-16,0.553276634470062
rate_limiter,insufficient_capacity,4023,0.4198683139604511,11.919959750968506,5.004813403115585,29.865726756048907,0.0,0.2527414042314252,12.716577085753347,4.805931975726272,0.3111663804358866,66.5000000000005,0.0,0.0,0.45352513351437584,8.22327390795381,4.440892098500626e-16,0.2010400368762085
ordinary_buffer,insufficient_capacity,4023,0.419868313960451,11.919959750968506,5.004813403115584,29.865726756048907,0.0,0.2512947272534996,12.70758405391577,9.788722990582752,0.4596858042234286,66.5000000000005,0.0,0.0,0.7285359149721823,17.449602284438953,6.661338147750939e-16,1.0
adaptive_bridge,insufficient_capacity,4023,0.24405904642606424,11.919959750968506,2.9091740102584396,38.52600469730016,0.0,0.18846931476149553,15.19158888433543,5.205783733709359,0.28074710636992173,67.50000000000044,0.0,0.0,0.5495972171186739,12.866663027565568,6.661338147750939e-16,1.0
unregulated,insufficient_capacity,4024,0.22710691604826092,12.629572823146363,2.8682633348716986,68.77439844266986,14.959831043545023,0.018411451781553935,0.01740436891642938,17.62906927684531,0.537195103954422,68.1000000000004,0.0,0.0,0.6814895010236734,21.249157801123648,4.440892098500626e-16,0.565202904590697
rate_limiter,insufficient_capacity,4024,0.3337104572718497,12.629572823146363,4.214620521960299,36.421430431357386,0.0,0.25259774551709924,12.202738183251455,4.015595435856664,0.2876143515477729,67.90000000000042,0.0,0.0,0.43190874861702483,7.635683960134999,4.440892098500626e-16,0.21296630699684352
ordinary_buffer,insufficient_capacity,4024,0.3337104572718497,12.629572823146363,4.214620521960299,36.421430431357386,0.0,0.2513860246393633,12.191489133168064,8.210369783841582,0.4126498892348588,67.90000000000042,0.0,0.0,0.6894051404414658,16.27407588772101,4.440892098500626e-16,1.0
adaptive_bridge,insufficient_capacity,4024,0.17845216613711734,12.629572823146363,2.253774627676937,44.53117655392312,0.0,0.1785956847593122,14.59756254937178,3.840321679197097,0.23342575580800154,68.00000000000041,0.0,0.0,0.51018100701461,11.904027783076554,4.440892098500626e-16,1.0
unregulated,insufficient_capacity,4025,0.25869890422399566,13.123622721634115,3.395066817535877,68.69032615932812,15.112246863442568,0.01917703924230692,0.020343782081186923,18.30834750198333,0.5579086343232125,67.90000000000042,0.0,0.0,0.7070015681565124,22.069593140115114,4.440892098500626e-16,0.5735062642291443
rate_limiter,insufficient_capacity,4025,0.38858919846951023,13.123622721634115,5.099698034416053,34.855487752635646,0.0,0.25265759245652725,12.00158252462813,4.900732795251842,0.31399144485774894,67.50000000000044,0.0,0.0,0.46308437869105457,8.661978433383775,4.440892098500626e-16,0.22126966663529066
ordinary_buffer,insufficient_capacity,4025,0.38858919846951023,13.123622721634115,5.099698034416053,34.855487752635646,0.0,0.2511816752251186,11.991129705776343,9.98002869426235,0.4653865245914691,67.50000000000044,0.0,0.0,0.7511309573142242,18.325505981089375,6.661338147750939e-16,1.0
adaptive_bridge,insufficient_capacity,4025,0.19968093275226162,13.123622721634115,2.620537226144674,45.10257895151045,0.0,0.17744419810096038,14.921426221636795,4.5665412613006575,0.2543343516812343,67.80000000000042,0.0,0.0,0.5400787844039902,12.9120185481277,4.440892098500626e-16,1.0
unregulated,insufficient_capacity,4026,0.25766416494359035,12.035503722768528,3.101118016402626,68.60982812545538,14.577600046162265,0.019509378554351166,0.02354301506611378,17.479800244774065,0.5334072164006954,67.80000000000042,0.0,0.0,0.6738969253576621,20.930154740372956,4.440892098500626e-16,0.5552185499624936
rate_limiter,insufficient_capacity,4026,0.40180596195773494,12.035503722768528,4.835937150972908,31.264572115739202,0.0,0.25271257295973937,11.439972473338564,4.637026892311908,0.30613300895013884,67.50000000000044,0.0,0.0,0.44662271790711006,8.087381387910785,4.440892098500626e-16,0.2029819523686401
ordinary_buffer,insufficient_capacity,4026,0.4018059619577349,12.035503722768528,4.835937150972907,31.264572115739202,0.0,0.2513161613723839,11.430699376534788,9.451393846427372,0.4496332161495423,67.50000000000044,0.0,0.0,0.7175639016747037,17.177035360979218,4.440892098500626e-16,1.0
adaptive_bridge,insufficient_capacity,4026,0.22906967484962235,12.035503722768528,2.756968924426006,39.858243871938335,0.0,0.18621977390143674,13.908614795730749,4.8911063083339466,0.26985715651057524,67.60000000000043,0.0,0.0,0.5377878420357358,12.616747822885792,4.440892098500626e-16,1.0
unregulated,insufficient_capacity,4027,0.27463391772833834,12.445206990755967,3.4178759528114155,68.55271362587486,14.45470241027174,0.019667799609727078,0.022491744327487684,17.67369436023027,0.5392683193261373,67.70000000000043,0.0,0.0,0.6826868591619965,21.241106932397237,4.440892098500626e-16,0.5621043191723678
rate_limiter,insufficient_capacity,4027,0.4320665039869983,12.445206990755967,5.377157075890482,30.570900892835688,0.0,0.25274566279253097,11.092658754188188,5.178279907062275,0.3222623487896997,66.20000000000051,0.0,0.0,0.46568088862555407,8.745692479229003,2.220446049250313e-16,0.2098677215785143
ordinary_buffer,insufficient_capacity,4027,0.4320665039869982,12.445206990755967,5.377157075890481,30.570900892835688,0.0,0.2511873869042764,11.08352456967667,10.533351457244759,0.4818758005228021,66.20000000000051,0.0,0.0,0.7562002779853394,18.492257880776688,4.440892098500626e-16,1.0
adaptive_bridge,insufficient_capacity,4027,0.24041312084887834,12.445206990755967,2.99199105225792,40.42495349256329,0.0,0.18531402803734254,13.875986885713077,5.352070408101069,0.28301442829582124,67.30000000000045,0.0,0.0,0.5573389057583578,13.310976831632951,4.440892098500626e-16,1.0
unregulated,insufficient_capacity,4028,0.2653509089232216,12.143790639570183,3.2223658839832585,68.57726098053449,15.576145316208494,0.020726923820468226,0.03503287837269897,18.599612096078054,0.567576710751916,67.80000000000042,0.0,0.0,0.711061782915058,22.08090571076317,2.220446049250313e-16,0.5570384981440364
rate_limiter,insufficient_capacity,4028,0.41627833122459507,12.143790639570183,5.055196902181134,30.69145498300903,0.0,0.25272759639750664,12.35350013012608,4.856301666957902,0.31266739723458997,66.80000000000048,0.0,0.0,0.45615246939772097,8.337595281643006,2.220446049250313e-16,0.20480190055018285
ordinary_buffer,insufficient_capacity,4028,0.41627833122459507,12.143790639570183,5.055196902181134,30.691454983009038,0.0,0.25126559966647494,12.34426724210785,9.889730620937199,0.4626957475589773,66.80000000000048,0.0,0.0,0.7345600421556255,17.677870741174424,4.440892098500626e-16,1.0
adaptive_bridge,insufficient_capacity,4028,0.2366191552199539,12.143790639570183,2.8734534823030806,39.70767741820502,0.0,0.1864879937955356,14.92510400141903,5.123713398367992,0.27698119621141776,67.60000000000043,0.0,0.0,0.5488454908080654,12.911853518605197,4.440892098500626e-16,1.0
unregulated,insufficient_capacity,4029,0.2409380653544247,13.136800026134084,3.165155183244702,68.75622639209836,14.956519831815285,0.018441756711302274,0.01614107902588402,17.922661768717173,0.54595645816779,68.1000000000004,0.0,0.0,0.6938697667940595,21.687672350991882,4.440892098500626e-16,0.5737277315316676
rate_limiter,insufficient_capacity,4029,0.3537053425726271,13.136800026134084,4.646556353551853,36.72021979299716,0.0,0.25261137862623556,12.063638458757762,4.447544900557352,0.3004864455958531,67.90000000000042,0.0,0.0,0.4483997542221228,8.212555482832181,4.440892098500626e-16,0.22149113393781406
ordinary_buffer,insufficient_capacity,4029,0.3537053425726271,13.136800026134084,4.646556353551853,36.72021979299716,0.0,0.2512704992688825,12.052408716371515,9.074362076528438,0.4383971753846484,67.90000000000042,0.0,0.0,0.7230611844322612,17.4268539341512,6.661338147750939e-16,1.0
adaptive_bridge,insufficient_capacity,4029,0.18121047371087828,13.136800026134084,2.3805257557808357,46.09059929835119,0.0,0.1757737708865626,14.780651142184135,4.076418869989529,0.2385942564688393,67.90000000000042,0.0,0.0,0.523258265516451,12.428910727612257,4.440892098500626e-16,1.0
unregulated,insufficient_capacity,4030,0.2869677280814049,11.86954349243688,3.406175929388036,68.45220311684487,14.635240092190735,0.020847733821948756,0.032667506280432024,17.842605622990575,0.5450393176274139,67.50000000000044,0.0,0.0,0.6853129588433763,21.245542909923312,2.220446049250313e-16,0.5524293023938956
rate_limiter,insufficient_capacity,4030,0.4647941955238907,11.86954349243688,5.516894918803032,27.679739928992625,0.0,0.25281443970057,11.132877662229728,5.318086526882864,0.3264285860603535,65.10000000000058,0.0,0.0,0.4667022272763271,8.721023813815581,2.220446049250313e-16,0.20019270480004206
ordinary_buffer,insufficient_capacity,4030,0.46479419552389056,11.86954349243688,5.516894918803031,27.679739928992625,0.0,0.2512147034541557,11.124907398477694,10.812268686900202,0.49018771999555616,65.10000000000058,0.0,0.0,0.7565086936227039,18.44378942014222,6.661338147750939e-16,1.0
adaptive_bridge,insufficient_capacity,4030,0.27323653054417574,11.86954349243688,3.2431928830166523,37.07404210034444,0.0,0.19094753708972503,13.770172189097208,5.8895585498558845,0.3028013422854466,66.70000000000049,0.0,0.0,0.569122315912594,13.521079283097894,4.440892098500626e-16,1.0
unregulated,insufficient_capacity,4031,0.22222173609507467,12.943866367716561,2.8764084560166223,68.81288337322212,15.666788986403947,0.018697818221366912,0.01991495832062906,18.344148632164856,0.5587111544864082,68.2000000000004,0.0,0.0,0.7068491804258179,22.054035312034635,4.440892098500626e-16,0.5704851490372508
rate_limiter,insufficient_capacity,4031,0.32064856937944497,12.943866367716561,4.150432233047028,38.06218713930444,0.0,0.2525726559268269,12.984727855455786,3.9513820573531184,0.28570079286836675,68.00000000000041,0.0,0.0,0.4338388188077663,7.661268737222863,4.440892098500626e-16,0.21824855144339728
ordinary_buffer,insufficient_capacity,4031,0.32064856937944497,12.943866367716561,4.150432233047028,38.06218713930444,0.0,0.25137984529254054,12.973054847056652,8.082534654002835,0.40884028295343333,68.00000000000041,0.0,0.0,0.6921128745407222,16.325794147346308,4.440892098500626e-16,1.0
adaptive_bridge,insufficient_capacity,4031,0.1663106917001607,12.943866367716561,2.1527033688893877,46.32508170538823,0.0,0.17592902319212134,15.433257562860218,3.621282521069681,0.22511395634617215,68.1000000000004,0.0,0.0,0.5083865479334607,11.864542014413152,4.440892098500626e-16,1.0
unregulated,insufficient_capacity,4032,0.2556567272647377,11.847080550456921,3.0287858411715436,68.59311992762011,15.923926590910334,0.02101953000102943,0.039500993500053205,18.753799053655392,0.5723760383965683,67.80000000000042,0.0,0.0,0.7140030810555077,22.15031835716534,2.220446049250313e-16,0.5520517739572579
rate_limiter,insufficient_capacity,4032,0.4009784128460109,11.847080550456921,4.750423555981061,30.66200930724676,0.0,0.2527168098171668,12.816744740603522,4.551517534177489,0.3035848300777331,67.50000000000044,0.0,0.0,0.4452118727366833,7.948036837687361,2.220446049250313e-16,0.19981517636340407
ordinary_buffer,insufficient_capacity,4032,0.4009784128460109,11.847080550456921,4.750423555981061,30.66200930724676,0.0,0.2513460810399908,12.807572800579857,9.280331227274951,0.44453555875189715,67.50000000000044,0.0,0.0,0.7120355389213843,16.899636459623363,4.440892098500626e-16,1.0
adaptive_bridge,insufficient_capacity,4032,0.23327065558023502,11.847080550456921,2.7635762467169376,38.87317060967234,0.0,0.18786643406729273,15.185314001039561,4.91243372330799,0.2715895069380424,67.60000000000043,0.0,0.0,0.5390894871075294,12.531738955656387,4.440892098500626e-16,1.0
unregulated,insufficient_capacity,4033,0.24135837585920725,12.844704064908761,3.100176911498536,68.7377769062348,14.763868958987093,0.018494624882347606,0.01655958635636079,17.665045945861188,0.538305866994276,68.00000000000041,0.0,0.0,0.6838416569511218,21.34660053921418,4.440892098500626e-16,0.5688185557127504
rate_limiter,insufficient_capacity,4033,0.35831749225896575,12.844704064908761,4.602482149346651,35.7192209296618,0.0,0.25262207736698983,11.850341606529973,4.403481395092902,0.29917335313301263,67.90000000000042,0.0,0.0,0.44470914308985793,8.085035988446139,2.220446049250313e-16,0.21658195811889683
ordinary_buffer,insufficient_capacity,4033,0.3583174922589657,12.844704064908761,4.60248214934665,35.7192209296618,0.0,0.25129446055506266,11.839359978005477,8.98603363682003,0.4357649752652513,67.90000000000042,0.0,0.0,0.7155781492708768,17.17211082907532,4.440892098500626e-16,1.0000000000000002
adaptive_bridge,insufficient_capacity,4033,0.18840983703100228,12.844704064908761,2.420068599580912,44.74572421172754,0.0,0.17800788783080437,14.469858646894474,4.169602777574106,0.24286386060078785,67.90000000000042,0.0,0.0,0.5226770346064137,12.355679969829406,4.440892098500626e-16,1.0000000000000002
unregulated,insufficient_capacity,4034,0.2883758505829145,11.81041224149402,3.405837675875704,68.42744504196178,14.57587883231607,0.020910690090926203,0.0329275529044839,17.782916097895978,0.5432958764672077,67.50000000000044,0.0,0.0,0.683063445340409,21.168958741702266,4.440892098500626e-16,0.5514354998570404
rate_limiter,insufficient_capacity,4034,0.46933199366456524,11.81041224149402,5.543004323300775,27.174430255353656,0.0,0.25282913045827343,11.04749988090654,5.344210622138312,0.3272070840989653,64.7000000000006,0.0,0.0,0.4669746529721619,8.730253265944478,4.440892098500626e-16,0.199198902263187
ordinary_buffer,insufficient_capacity,4034,0.46933199366456513,11.81041224149402,5.543004323300774,27.174430255353656,0.0,0.25122166393801554,11.039768399346784,10.8643018494953,0.49173833731145045,64.7000000000006,0.0,0.0,0.757052340902725,18.46212421595934,4.440892098500626e-16,1.0
adaptive_bridge,insufficient_capacity,4034,0.2787934782705095,11.81041224149402,3.2926659086147225,36.469400595436035,0.0,0.19197113054385584,13.657299157494755,5.992628337366247,0.3065552209897161,66.60000000000049,0.0,0.0,0.5718692245809899,13.590450703830319,4.440892098500626e-16,1.0
unregulated,insufficient_capacity,4035,0.23593300672777073,12.38438947424364,2.921886245146058,68.72325014970906,15.699429792822432,0.019608376001570886,0.02703331070647308,18.42232288796841,0.561610593506774,68.00000000000041,0.0,0.0,0.7063994354978291,21.97235902684585,4.440892098500626e-16,0.5610821760377053
rate_limiter,insufficient_capacity,4035,0.3539372216909672,12.38438947424364,4.383296402852652,34.63589143475081,0.0,0.2526306101368381,12.838304616466349,4.184304181368751,0.2926418721640327,67.80000000000042,0.0,0.0,0.437430714155078,7.734340320246228,4.440892098500626e-16,0.20884557844385182
ordinary_buffer,insufficient_capacity,4035,0.35393722169096714,12.38438947424364,4.383296402852651,34.63589143475081,0.0,0.2513689025073777,12.827698953770453,8.547159373021811,0.4226865156584389,67.80000000000042,0.0,0.0,0.6978849714053386,16.472127714661585,4.440892098500626e-16,1.0
adaptive_bridge,insufficient_capacity,4035,0.1940960297871065,12.38438947424364,2.403760828287922,42.82225859214793,0.0,0.18121793802273697,15.236055483300085,4.15609227282182,0.24459570078296078,67.90000000000042,0.0,0.0,0.519794156529862,12.081060614461597,4.440892098500626e-16,1.0
unregulated,insufficient_capacity,4036,0.2665662346520935,11.852062005940828,3.159359541786785,68.54613271695688,14.492825746154198,0.019910357411539136,0.02617043646170414,17.45330526979049,0.5328597493077931,67.70000000000043,0.0,0.0,0.6721688758014306,20.851247846295774,4.440892098500626e-16,0.5521354958981669
rate_limiter,insufficient_capacity,4036,0.42253459866514775,11.852062005940828,5.007906263034654,29.638333781738428,0.0,0.2527563725108218,11.24474603915769,4.809039803924738,0.3112589937162014,66.70000000000049,0.0,0.0,0.45056812020984377,8.206982380430068,4.440892098500626e-16,0.19989889830431343
ordinary_buffer,insufficient_capacity,4036,0.42253459866514775,11.852062005940828,5.007906263034654,29.638333781738428,0.0,0.25130881950193323,11.235921388751658,9.79481561683259,0.45986737751224066,66.70000000000049,0.0,0.0,0.7250674479000787,17.41606386993253,4.440892098500626e-16,1.0000000000000002
adaptive_bridge,insufficient_capacity,4036,0.24688056323160537,11.852062005940828,2.926043743482582,38.240526384661216,0.0,0.18895557513902236,13.702170193344413,5.24339205063346,0.2821872504714586,67.40000000000045,0.0,0.0,0.5473873208592968,12.864640303733406,4.440892098500626e-16,1.0000000000000002
unregulated,insufficient_capacity,4037,0.253920350021781,13.247659798831995,3.363850413088897,68.70937706964422,14.6758631040276,0.018513439748064405,0.015227104673697589,17.8407294452366,0.5435432097267475,68.00000000000041,0.0,0.0,0.6916728303995059,21.637414248282223,3.3306690738754696e-16,0.5755909209887735
rate_limiter,insufficient_capacity,4037,0.3779728413192148,13.247659798831995,5.007255614994867,35.60439014174703,0.0,0.2526431023713951,11.6205713990259,4.808275885745524,0.31123622895446085,67.30000000000045,0.0,0.0,0.4593658496272293,8.604960688791152,2.220446049250313e-16,0.22335432339491998
ordinary_buffer,insufficient_capacity,4037,0.3779728413192148,13.247659798831995,5.007255614994867,35.60439014174703,0.0,0.251194661101232,11.609710027052836,9.795407141380535,0.4598846839469533,67.30000000000045,0.0,0.0,0.7456971308598556,18.210795694574735,4.440892098500626e-16,1.0000000000000002
adaptive_bridge,insufficient_capacity,4037,0.19278618711478376,13.247659798831995,2.5539658208106237,45.74549812955616,0.0,0.17636577160975697,14.523037418825128,4.424854950341427,0.24938706057408355,67.80000000000042,0.0,0.0,0.5351995074869846,12.840243503535648,4.440892098500626e-16,1.0000000000000002
unregulated,insufficient_capacity,4038,0.2449680034205421,12.025772648295941,2.9459295152424216,68.65295707182256,14.236960206332803,0.018761754566442194,0.01840971707719463,16.983937179012212,0.5181553021835804,67.90000000000042,0.0,0.0,0.6571518845488529,20.431511367618715,4.440892098500626e-16,0.5550550024923674
rate_limiter,insufficient_capacity,4038,0.3778021092269925,12.025772648295941,4.543362271610482,32.29550231796244,0.0,0.25267448994019726,11.230525462903092,4.344413929929941,0.29741314267115665,67.70000000000043,0.0,0.0,0.436409725036423,7.791988118536669,4.440892098500626e-16,0.20281840489851363
ordinary_buffer,insufficient_capacity,4038,0.3778021092269924,12.025772648295941,4.543362271610481,32.295502317962445,0.0,0.25136526910298956,11.220702960932261,8.866591920729316,0.4322057994192033,67.70000000000043,0.0,0.0,0.6985470601251577,16.586150222125227,4.440892098500626e-16,1.0
adaptive_bridge,insufficient_capacity,4038,0.21542086395787505,12.025772648295941,2.5906023336568946,40.36767279323756,0.0,0.18533961173783056,13.579329245545859,4.552066950075292,0.2591560175913375,67.70000000000043,0.0,0.0,0.5254972782972922,12.2716252514712,4.440892098500626e-16,1.0
unregulated,insufficient_capacity,4039,0.24746352740498595,12.472815409191801,3.0865668978298664,68.68179053892975,15.118679592008707,0.019332812624980534,0.023159460419497346,18.0062793683907,0.5490114654951834,67.90000000000042,0.0,0.0,0.693461071578604,21.58158006011066,4.440892098500626e-16,0.5625683262049015
rate_limiter,insufficient_capacity,4039,0.37516701353948745,12.472815409191801,4.679388907495788,33.714047670555175,0.0,0.2526603265190454,12.122168428001023,4.4804264023941,0.30146631435058846,67.70000000000043,0.0,0.0,0.44591592043400763,8.05572709411391,4.440892098500626e-16,0.21033172861104799
ordinary_buffer,insufficient_capacity,4039,0.3751670135394874,12.472815409191801,4.679388907495787,33.714047670555175,0.0,0.2513102772672124,12.111930348705584,9.139236801860681,0.4403307284982049,67.70000000000043,0.0,0.0,0.715927944714901,17.11418045366459,4.440892098500626e-16,1.0000000000000002
adaptive_bridge,insufficient_capacity,4039,0.2052463604135423,12.472815409191801,2.5599999668465645,42.476639240993094,0.0,0.1818167287496331,14.65761719991086,4.4706602364932655,0.25438155259385165,67.80000000000042,0.0,0.0,0.5299787688105483,12.445603888297164,4.440892098500626e-16,1.0000000000000002
