n,scenario,seed,dt,rate,policy,service,p10,messages,requests,swaps,resource_cost,pulse_messages,signal_messages,pulse_requests,signal_requests,active_need_end,source_reach_end,max_mass_error,max_flow_ratio,max_message_budget_excess,minimum_request_gap,allowed_message_envelope,active_edges,phase0_service,phase0_messages,phase1_service,phase1_messages,phase2_service,phase2_messages,phase3_service,phase3_messages,cost_factor,swap_cost,gross_production,cost_fraction
96,uniform,13000,0.2,4.0,fixed,0.9474442476482604,0.9999999999999957,0,0,0,0.0,0,0,0,0,5,1.0,4.263256414560601e-14,1.0000000000000002,0.0,-1.0,48326.4,192,0.9593840506699224,0,0.9472280070202073,0,0.9474335205760568,0,0.9475577314983887,0,0,0.0,2117.2576872831855,0.0
96,uniform,13000,0.2,2.3,pulse_only,0.9999999999999993,0.9999999999999969,25384,817,722,17.328,25384,0,817,0,0,1.0,5.684341886080802e-14,1.0000000000000002,0.0,13.0,28766.88,192,0.9982107325972291,6472,0.9999999999999994,4832,0.9999999999999994,4736,0.9999999999999993,9344,1,0.024,2117.2576872831855,0.008184171489411323
96,uniform,13000,0.2,4.0,hybrid_50,0.9980270440273673,0.9975973467378249,22552,732,623,14.952,22192,360,719,13,0,1.0,4.263256414560601e-14,1.0000000000000002,0.0,7.999999999999986,48326.4,192,0.9990504439048845,5512,0.9977568090698691,4264,0.9999999999999994,4224,0.9971756835198005,8552,1,0.024,2117.2576872831855,0.00706196514945049
96,uniform,13000,0.2,2.3,pulse_only,0.9999999999999993,0.9999999999999969,25504,817,737,88.44,25504,0,817,0,0,1.0,4.263256414560601e-14,1.0000000000000002,0.0,13.0,28766.88,192,0.9944930803125289,6408,0.9999999999999994,4752,0.9999999999999994,4816,0.9999999999999993,9528,5,0.12,2117.2576872831855,0.04177101376520875
96,uniform,13000,0.2,4.0,hybrid_50,0.9985653696018232,0.9999999999999959,22216,728,593,71.16,22000,216,719,9,0,1.0,4.263256414560601e-14,1.0000000000000002,0.0,8.0,48326.4,192,0.9959625216109016,5432,0.9949808955668898,4168,0.9992805828404041,4192,0.9999999999999993,8424,5,0.12,2117.2576872831855,0.033609513110948154
96,uniform,13000,0.2,2.3,pulse_only,0.9954757276908839,0.9999999999999959,23864,818,529,253.92,23864,0,818,0,2,1.0,4.263256414560601e-14,1.0000000000000002,0.0,13.199999999999989,28766.88,192,0.9765917443538591,6016,0.9858813909609084,4464,0.9991681098858385,4464,0.9984267049583944,8920,20,0.48,2117.2576872831855,0.11992871794732934
96,uniform,13000,0.2,4.0,hybrid_50,0.9932818218393061,0.9999999999999959,21696,740,492,236.16,21192,504,719,21,0,1.0,4.263256414560601e-14,1.0000000000000002,0.0,7.9999999999999964,48326.4,192,0.9676446615374119,5312,0.9803191791504239,4056,0.9935383037818742,4216,0.9996349022124633,8112,20,0.48,2117.2576872831855,0.1115405089415615
96,uniform,13001,0.2,4.0,fixed,0.9281213906593597,0.8136424928242603,0,0,0,0.0,0,0,0,0,17,1.0,4.263256414560601e-14,1.0000000000000002,0.0,-1.0,48326.4,192,0.9653443872038792,0,0.9259446362936835,0,0.9278144926581743,0,0.9293632168427906,0,0,0.0,2103.4933919239197,0.0
96,uniform,13001,0.2,2.3,pulse_only,0.9959851042788577,0.9999999999999967,24768,826,618,14.832,24768,0,826,0,0,1.0,4.263256414560601e-14,1.0000000000000002,0.0,13.0,28766.88,192,0.9963742013336827,6368,0.9877573335330521,4408,0.9967258073403898,4688,0.9997286381209943,9304,1,0.024,2103.4933919239197,0.007051127451574353
96,uniform,13001,0.2,4.0,hybrid_50,0.9994386048630907,0.9999999999999968,22344,725,618,14.832,22184,160,719,6,0,1.0,2.842170943040401e-14,1.0000000000000002,0.0,8.0,48326.4,192,0.9933805950184937,5752,0.9977544194523625,4144,1.0000000000000002,4168,1.0,8280,1,0.024,2103.4933919239197,0.007051127451574353
96,uniform,13001,0.2,2.3,pulse_only,0.9969254616734852,0.997737637094457,24256,827,551,66.12,24256,0,827,0,0,1.0,2.842170943040401e-14,1.0000000000000002,0.0,13.0,28766.88,192,0.9936109028109968,6248,0.9884307982217349,4416,0.9993776592343515,4512,0.9999466946189274,9080,5,0.12,2103.4933919239197,0.031433424157099266
96,uniform,13001,0.2,4.0,hybrid_50,0.9921703449280221,0.999999999999997,21672,746,471,56.519999999999996,21024,648,719,27,0,1.0,4.263256414560601e-14,1.0000000000000002,0.0,8.0,48326.4,192,0.9845939243926353,5696,0.9812496619084214,4008,0.9930543729821139,3992,0.9971886724107766,7976,5,0.12,2103.4933919239197,0.02686958761886343
96,uniform,13001,0.2,2.3,pulse_only,0.9759844805166515,0.966114093189717,23496,828,453,217.44,23496,0,828,0,2,1.0,4.263256414560601e-14,1.0000000000000002,0.0,13.0,28766.88,192,0.9787644333543264,5816,0.9599482257588247,4328,0.9710218697569691,4512,0.9864839132754061,8840,20,0.48,2103.4933919239197,0.10337089759104148
96,uniform,13001,0.2,4.0,hybrid_50,0.9738507463670919,0.9905291710957961,21864,781,390,187.2,20376,1488,719,62,4,1.0,4.263256414560601e-14,1.0000000000000002,0.0,7.999999999999993,48326.4,192,0.9768903489872459,5504,0.9688712793592814,4208,0.9737759387853169,4040,0.9763778836618846,8112,20,0.48,2103.4933919239197,0.08899481249559862
96,uniform,13002,0.2,4.0,fixed,0.9889467955250134,0.9999999999999957,0,0,0,0.0,0,0,0,0,3,1.0,4.263256414560601e-14,1.0000000000000004,0.0,-1.0,48326.4,192,0.9986565165063309,0,0.9895788170297714,0,0.9887827115590258,0,0.9887128267556282,0,0,0.0,2106.959737963818,0.0
96,uniform,13002,0.2,2.3,pulse_only,0.9999999999999994,0.9999999999999961,25296,821,699,16.776,25296,0,821,0,0,1.0,8.526512829121202e-14,1.0000000000000002,0.0,13.0,28766.88,192,0.9999999999999994,6344,0.9999999999999997,4840,0.9999999999999997,4720,0.9999999999999991,9392,1,0.024,2106.959737963818,0.007962183471152825
96,uniform,13002,0.2,4.0,hybrid_50,0.9999999999999994,0.9999999999999961,22392,718,645,15.48,22392,0,718,0,0,1.0,8.526512829121202e-14,1.0000000000000002,0.0,15.999999999999986,48326.4,192,0.9999999999999994,5608,0.9999999999999997,4152,0.9999999999999997,4208,0.9999999999999991,8424,1,0.024,2106.959737963818,0.0073470791686603325
96,uniform,13002,0.2,2.3,pulse_only,0.9999999999999994,0.9999999999999961,25472,820,724,86.88,25472,0,820,0,0,1.0,8.526512829121202e-14,1.0000000000000002,0.0,13.199999999999989,28766.88,192,0.9999999999999994,6384,0.9999999999999997,4824,0.9999999999999997,4776,0.9999999999999991,9488,5,0.12,2106.959737963818,0.04123476990783008
96,uniform,13002,0.2,4.0,hybrid_50,0.9999999999999994,0.9999999999999961,22504,718,659,79.08,22504,0,718,0,0,1.0,8.526512829121202e-14,1.0000000000000002,0.0,15.999999999999986,48326.4,192,0.9999999999999994,5608,0.9999999999999997,4144,0.9999999999999997,4208,0.9999999999999991,8544,5,0.12,2106.959737963818,0.0375327532724586
96,uniform,13002,0.2,2.3,pulse_only,0.9999999999999994,0.9999999999999961,24104,821,550,264.0,24104,0,821,0,0,1.0,4.263256414560601e-14,1.0000000000000002,0.0,13.0,28766.88,192,0.9999999999999994,5904,0.9999999999999997,4608,0.9999999999999997,4464,0.9999999999999991,9128,20,0.48,2106.959737963818,0.1252990245818041
96,uniform,13002,0.2,4.0,hybrid_50,0.9999999999999994,0.9999999999999961,21344,718,514,246.72,21344,0,718,0,0,1.0,4.263256414560601e-14,1.0000000000000002,0.0,15.999999999999986,48326.4,192,0.9999999999999994,5328,0.9999999999999997,3912,0.9999999999999997,3952,0.9999999999999991,8152,20,0.48,2106.959737963818,0.11709763388190421
96,uniform,13003,0.2,4.0,fixed,0.9973958562087522,0.9999999999999968,0,0,0,0.0,0,0,0,0,1,1.0,4.263256414560601e-14,1.0000000000000002,0.0,-1.0,48326.4,192,0.9954741633930851,0,0.99623078541193,0,0.9976006273539075,0,0.9978760060345855,0,0,0.0,2133.4937514495837,0.0
96,uniform,13003,0.2,2.3,pulse_only,1.0000000000000004,0.9999999999999972,25592,822,733,17.592,25592,0,822,0,0,1.0,8.526512829121202e-14,1.0000000000000004,0.0,13.0,28766.88,192,1.0000000000000002,6424,1.0,4832,1.0,4792,1.0000000000000004,9544,1,0.024,2133.4937514495837,0.00824562996167543
96,uniform,13003,0.2,4.0,hybrid_50,1.0000000000000004,0.9999999999999972,22112,719,607,14.568,22112,0,719,0,0,1.0,8.526512829121202e-14,1.0000000000000002,0.0,15.999999999999986,48326.4,192,1.0000000000000002,5504,1.0,4264,1.0,4160,1.0000000000000004,8184,1,0.024,2133.4937514495837,0.0068282365439795165
96,uniform,13003,0.2,2.3,pulse_only,1.0000000000000004,0.9999999999999972,25592,822,733,87.96,25592,0,822,0,0,1.0,5.684341886080802e-14,1.0000000000000002,0.0,13.0,28766.88,192,1.0000000000000002,6448,1.0,4832,1.0,4880,1.0000000000000004,9432,5,0.12,2133.4937514495837,0.04122814980837715
96,uniform,13003,0.2,4.0,hybrid_50,1.0000000000000004,0.9999999999999972,22384,719,641,76.92,22384,0,719,0,0,1.0,5.684341886080802e-14,1.0000000000000002,0.0,15.999999999999986,48326.4,192,1.0000000000000002,5520,1.0,4320,1.0,4208,1.0000000000000004,8336,5,0.12,2133.4937514495837,0.0360535389183762
96,uniform,13003,0.2,2.3,pulse_only,1.0000000000000004,0.9999999999999972,24376,821,584,280.32,24376,0,821,0,0,1.0,4.263256414560601e-14,1.0000000000000002,0.0,13.0,28766.88,192,1.0000000000000002,5944,1.0,4632,1.0,4608,1.0000000000000004,9192,20,0.48,2133.4937514495837,0.13139011998958938
96,uniform,13003,0.2,4.0,hybrid_50,1.0000000000000004,0.9999999999999972,21704,719,556,266.88,21704,0,719,0,0,1.0,2.842170943040401e-14,1.0000000000000002,0.0,15.999999999999986,48326.4,192,1.0000000000000002,5248,1.0,4120,1.0,4096,1.0000000000000004,8240,20,0.48,2133.4937514495837,0.12509059368871867
96,uniform,13004,0.2,4.0,fixed,0.9522667042580644,0.9999999999999964,0,0,0,0.0,0,0,0,0,5,1.0,4.263256414560601e-14,1.0000000000000002,0.0,-1.0,48326.4,192,0.9629212044840506,0,0.9526886014341098,0,0.9521642453787558,0,0.9521069851096959,0,0,0.0,2140.108497582723,0.0
96,uniform,13004,0.2,2.3,pulse_only,1.0,0.999999999999997,25408,824,704,16.896,25408,0,824,0,0,1.0,8.526512829121202e-14,1.0000000000000002,0.0,13.0,28766.88,192,0.9982503632622572,6200,1.0000000000000002,4840,1.0000000000000002,4872,0.9999999999999998,9496,1,0.024,2140.108497582723,0.007894926831552804
96,uniform,13004,0.2,4.0,hybrid_50,1.0,0.999999999999997,22120,718,611,14.664,22120,0,718,0,0,1.0,8.526512829121202e-14,1.0000000000000002,0.0,15.999999999999986,48326.4,192,1.0,5520,1.0000000000000002,4240,1.0000000000000002,4144,0.9999999999999998,8216,1,0.024,2140.108497582723,0.006851989054089153
96,uniform,13004,0.2,2.3,pulse_only,1.0,0.999999999999997,25448,822,715,85.8,25448,0,822,0,0,1.0,4.263256414560601e-14,1.0000000000000002,0.0,13.0,28766.88,192,0.9993836590762287,6224,1.0000000000000002,4848,1.0000000000000002,4864,0.9999999999999998,9512,5,0.12,2140.108497582723,0.040091425316479086
96,uniform,13004,0.2,4.0,hybrid_50,1.0,0.999999999999997,22136,718,613,73.56,22136,0,718,0,0,1.0,2.842170943040401e-14,1.0000000000000004,0.0,15.999999999999986,48326.4,192,1.0,5488,1.0000000000000002,4200,1.0000000000000002,4176,0.9999999999999998,8272,5,0.12,2140.108497582723,0.03437208911748487
96,uniform,13004,0.2,2.3,pulse_only,1.0,0.999999999999997,23744,823,499,239.51999999999998,23744,0,823,0,0,1.0,4.263256414560601e-14,1.0000000000000004,0.0,13.0,28766.88,192,0.9923769824528298,5728,1.0000000000000002,4536,1.0000000000000002,4592,0.9999999999999998,8888,20,0.48,2140.108497582723,0.11191955934502412
96,uniform,13004,0.2,4.0,hybrid_50,0.9999605509272393,0.9999999999999968,21024,725,453,217.44,20856,168,718,7,0,1.0,4.263256414560601e-14,1.0000000000000004,0.0,7.9999999999999964,48326.4,192,0.9932553838132607,5264,0.999842203708957,3984,1.0000000000000002,3984,0.9999999999999998,7792,20,0.48,2140.108497582723,0.10160232541742671
96,uniform,13005,0.2,4.0,fixed,0.8798371420626476,0.4515818461657863,0,0,0,0.0,0,0,0,0,12,1.0,4.263256414560601e-14,1.0000000000000002,0.0,-1.0,48326.4,192,0.9115109056677142,0,0.8801855444923877,0,0.8796515417013637,0,0.8797557410284199,0,0,0.0,2112.3853529659614,0.0
96,uniform,13005,0.2,2.3,pulse_only,0.9689102771854479,0.9712740764220145,24400,814,608,14.592,24400,0,814,0,6,1.0,4.263256414560601e-14,1.0000000000000002,0.0,13.0,28766.88,192,0.9603534908216783,6112,0.9640918495643993,4792,0.9624015483218222,4496,0.9745738554277849,9000,1,0.024,2112.3853529659614,0.006907830514688829
96,uniform,13005,0.2,4.0,hybrid_50,0.9574388570649744,0.909689131828848,23200,797,509,12.216000000000001,21080,2120,716,81,9,1.0,4.263256414560601e-14,1.0000000000000002,0.0,7.999999999999986,48326.4,192,0.9483512408897871,5576,0.9336687696569752,4456,0.955460522553274,4464,0.9703130680248244,8704,1,0.024,2112.3853529659614,0.005783035743382589
96,uniform,13005,0.2,2.3,pulse_only,0.9615376186380569,0.9999999999999958,23984,814,556,66.72,23984,0,814,0,4,1.0,4.263256414560601e-14,1.0000000000000004,0.0,13.199999999999989,28766.88,192,0.9445196553328934,6024,0.9564966166110346,4768,0.9540938724134708,4400,0.9677799927638605,8792,5,0.12,2112.3853529659614,0.031585146103346944
96,uniform,13005,0.2,4.0,hybrid_50,0.9467556120909565,0.9450029050239036,22600,781,482,57.839999999999996,21008,1592,717,64,3,1.0,4.263256414560601e-14,1.0000000000000002,0.0,7.999999999999986,48326.4,192,0.9429086906380203,5344,0.9146483107486943,4232,0.9433366748595826,4568,0.9645187313777741,8456,5,0.12,2112.3853529659614,0.027381367665131703
96,uniform,13005,0.2,2.3,pulse_only,0.9363374925699074,0.9999999999999958,22840,814,413,198.23999999999998,22840,0,814,0,5,1.0,2.842170943040401e-14,1.0000000000000002,0.0,13.199999999999989,28766.88,192,0.9408124981323628,5656,0.9330357685551692,4480,0.9349859511336004,4200,0.93866412529543,8504,20,0.48,2112.3853529659614,0.09384651324231862
96,uniform,13005,0.2,4.0,hybrid_50,0.9258692461833775,0.9994071671649347,21584,780,358,171.84,20048,1536,716,64,6,1.0,4.263256414560601e-14,1.0000000000000002,0.0,7.999999999999986,48326.4,192,0.9346404080639971,5080,0.9226721974456835,4080,0.9242556629611203,4088,0.9282745621633529,8336,20,0.48,2112.3853529659614,0.08134879356113818
96,uniform,13006,0.2,4.0,fixed,1.0000000000000002,0.9999999999999969,0,0,0,0.0,0,0,0,0,0,1.0,4.263256414560601e-14,1.0000000000000002,0.0,-1.0,48326.4,192,1.0000000000000002,0,1.0000000000000004,0,1.0000000000000004,0,1.0,0,0,0.0,2124.6958924309733,0.0
96,uniform,13006,0.2,2.3,pulse_only,1.0000000000000002,0.9999999999999969,25472,822,718,17.232,25472,0,822,0,0,1.0,8.526512829121202e-14,1.0000000000000002,0.0,13.199999999999989,28766.88,192,1.0000000000000002,6376,1.0000000000000004,4768,1.0000000000000004,4864,1.0,9464,1,0.024,2124.6958924309733,0.008110337136428492
96,uniform,13006,0.2,4.0,hybrid_50,1.0000000000000002,0.9999999999999969,21944,719,586,14.064,21944,0,719,0,0,1.0,8.526512829121202e-14,1.0000000000000002,0.0,15.999999999999986,48326.4,192,1.0000000000000002,5568,1.0000000000000004,4152,1.0000000000000004,4080,1.0,8144,1,0.024,2124.6958924309733,0.006619300225553059
96,uniform,13006,0.2,2.3,pulse_only,1.0000000000000002,0.9999999999999969,25440,824,708,84.96,25440,0,824,0,0,1.0,8.526512829121202e-14,1.0000000000000002,0.0,13.0,28766.88,192,1.0000000000000002,6400,1.0000000000000004,4832,1.0000000000000004,4800,1.0,9408,5,0.12,2124.6958924309733,0.03998689897347752
96,uniform,13006,0.2,4.0,hybrid_50,1.0000000000000002,0.9999999999999969,22208,719,619,74.28,22208,0,719,0,0,1.0,5.684341886080802e-14,1.0000000000000004,0.0,15.999999999999986,48326.4,192,1.0000000000000002,5600,1.0000000000000004,4248,1.0000000000000004,4120,1.0,8240,5,0.12,2124.6958924309733,0.03496029726635959
96,uniform,13006,0.2,2.3,pulse_only,1.0000000000000002,0.9999999999999969,24344,825,568,272.64,24344,0,825,0,0,1.0,4.263256414560601e-14,1.0000000000000004,0.0,13.0,28766.88,192,1.0000000000000002,5992,1.0000000000000004,4480,1.0000000000000004,4632,1.0,9240,20,0.48,2124.6958924309733,0.12831954020867364
96,uniform,13006,0.2,4.0,hybrid_50,1.0000000000000002,0.9999999999999969,21688,719,554,265.92,21688,0,719,0,0,1.0,4.263256414560601e-14,1.0000000000000004,0.0,15.999999999999986,48326.4,192,1.0000000000000002,5248,1.0000000000000004,4040,1.0000000000000004,4072,1.0,8328,20,0.48,2124.6958924309733,0.12515673464015
96,uniform,13007,0.2,4.0,fixed,0.9224602792128981,0.749900853965582,0,0,0,0.0,0,0,0,0,12,1.0,4.263256414560601e-14,1.0000000000000002,0.0,-1.0,48326.4,192,0.9299125771521607,0,0.9171314622135549,0,0.922672360955707,0,0.9250186468411653,0,0,0.0,2085.202952567334,0.0
96,uniform,13007,0.2,2.3,pulse_only,1.0000000000000002,0.9999999999999977,25544,826,715,17.16,25544,0,826,0,0,1.0,4.263256414560601e-14,1.0000000000000002,0.0,13.0,28766.88,192,1.0000000000000002,6384,0.9999999999999998,4832,0.9999999999999998,4784,1.0000000000000004,9544,1,0.024,2085.202952567334,0.008229414781363294
96,uniform,13007,0.2,4.0,hybrid_50,1.0000000000000002,0.9999999999999977,22352,719,637,15.288,22320,32,718,1,0,1.0,5.684341886080802e-14,1.0000000000000002,0.0,8.0,48326.4,192,0.9998420671302201,5640,0.9999999999999998,4192,0.9999999999999998,4136,1.0000000000000004,8384,1,0.024,2085.202952567334,0.007331660441578207
96,uniform,13007,0.2,2.3,pulse_only,0.9992008888495494,0.9999999999999969,25008,824,654,78.48,25008,0,824,0,0,1.0,4.263256414560601e-14,1.0000000000000002,0.0,13.199999999999989,28766.88,192,0.9994523018617876,6264,0.9968060011813834,4648,0.9999975542168127,4696,1.0000000000000004,9400,5,0.12,2085.202952567334,0.037636624244836325
96,uniform,13007,0.2,4.0,hybrid_50,0.9993563418542377,0.9999999999999966,22312,724,617,74.03999999999999,22152,160,718,6,0,1.0,4.263256414560601e-14,1.0000000000000002,0.0,8.0,48326.4,192,0.998610646859054,5568,0.99742536741695,4224,0.9999999999999998,4048,1.0000000000000004,8472,5,0.12,2085.202952567334,0.03550733510560246
96,uniform,13007,0.2,2.3,pulse_only,0.996906561542583,0.9999999999999972,23160,826,417,200.16,23160,0,826,0,0,1.0,5.684341886080802e-14,1.0000000000000002,0.0,13.0,28766.88,192,0.9947867855778257,5728,0.9914655687785934,4352,0.9961606773917367,4272,1.0000000000000004,8808,20,0.48,2085.202952567334,0.09599065633086695
96,uniform,13007,0.2,4.0,hybrid_50,1.0000000000000002,0.9999999999999977,20480,724,388,186.23999999999998,20336,144,718,6,0,1.0,4.263256414560601e-14,1.0000000000000002,0.0,7.999999999999998,48326.4,192,0.9923345893945588,5208,0.9999999999999998,3728,0.9999999999999998,3784,1.0000000000000004,7760,20,0.48,2085.202952567334,0.08931504713759322
96,uniform,13008,0.2,4.0,fixed,0.7761260335923894,0.0,0,0,0,0.0,0,0,0,0,22,1.0,4.263256414560601e-14,1.0000000000000002,0.0,-1.0,48326.4,192,0.8058153856714888,0,0.77532567867246,0,0.776061517160053,0,0.7765584692685222,0,0,0.0,2101.8318562058084,0.0
96,uniform,13008,0.2,2.3,pulse_only,0.8643259728128765,0.42121066563476794,24104,821,550,13.200000000000001,24104,0,821,0,15,1.0,4.263256414560601e-14,1.0000000000000002,0.0,13.199999999999989,28766.88,192,0.8616826087368787,6152,0.8633954375357971,4544,0.8533661324869736,4400,0.8702711606143676,9008,1,0.024,2101.8318562058084,0.006280235957517753
96,uniform,13008,0.2,4.0,hybrid_50,0.8854365585938744,0.546090211734328,25384,887,512,12.288,21072,4312,715,172,13,1.0,4.263256414560601e-14,1.0000000000000002,0.0,7.999999999999986,48326.4,192,0.8647262733355274,6272,0.8554948847340578,4920,0.8993160750499107,4792,0.8934676372957644,9400,1,0.024,2101.8318562058084,0.005846328745907435
96,uniform,13008,0.2,2.3,pulse_only,0.8593709618277274,0.3036755963541341,23808,821,513,61.559999999999995,23808,0,821,0,15,1.0,4.263256414560601e-14,1.0000000000000004,0.0,13.199999999999989,28766.88,192,0.8621799873761045,6048,0.8348641560273248,4440,0.8568352518060883,4432,0.8728922197387481,8888,5,0.12,2101.8318562058084,0.029288736783696423
96,uniform,13008,0.2,4.0,hybrid_50,0.8686526745047273,0.445791053056394,24688,883,437,52.44,20536,4152,713,170,15,1.0,4.263256414560601e-14,1.0000000000000002,0.0,7.999999999999986,48326.4,192,0.8725538692564828,6032,0.87637249557572,4656,0.8664268484443637,4664,0.8659056769994128,9336,5,0.12,2101.8318562058084,0.02494966466759325
96,uniform,13008,0.2,2.3,pulse_only,0.8489943483003688,0.021398880375798377,22512,823,345,165.6,22512,0,823,0,16,1.0,4.263256414560601e-14,1.0000000000000002,0.0,13.199999999999989,28766.88,192,0.8564203696611218,5712,0.8461850121575439,4224,0.8454850345844772,4128,0.8521536732297268,8448,20,0.48,2101.8318562058084,0.07878841473976816
96,uniform,13008,0.2,4.0,hybrid_50,0.846867956876359,0.01470826241717121,23904,878,354,169.92,19968,3936,714,164,16,1.0,4.263256414560601e-14,1.0000000000000004,0.0,7.999999999999986,48326.4,192,0.8581922575546079,5776,0.8485029107410377,4584,0.8441945187220266,4624,0.8473871990211859,8920,20,0.48,2101.8318562058084,0.08084376468950125
96,uniform,13009,0.2,4.0,fixed,0.9996157332884128,0.9999999999999968,0,0,0,0.0,0,0,0,0,0,1.0,8.526512829121202e-14,1.0000000000000002,0.0,-1.0,48326.4,192,0.9980272415509888,0,0.9984629331536518,0,0.9999999999999997,0,0.9999999999999997,0,0,0.0,2113.6318917007716,0.0
96,uniform,13009,0.2,2.3,pulse_only,0.9999999999999997,0.9999999999999968,25400,823,706,16.944,25400,0,823,0,0,1.0,8.526512829121202e-14,1.0000000000000002,0.0,13.0,28766.88,192,0.9999999999999994,6344,0.9999999999999997,4792,0.9999999999999997,4816,0.9999999999999997,9448,1,0.024,2113.6318917007716,0.008016533090048007
96,uniform,13009,0.2,4.0,hybrid_50,0.9999999999999997,0.9999999999999968,22176,718,618,14.832,22176,0,718,0,0,1.0,8.526512829121202e-14,1.0000000000000002,0.0,15.999999999999986,48326.4,192,0.9999999999999994,5536,0.9999999999999997,4144,0.9999999999999997,4144,0.9999999999999997,8352,1,0.024,2113.6318917007716,0.007017305169475451
96,uniform,13009,0.2,2.3,pulse_only,0.9999999999999997,0.9999999999999968,25336,822,701,84.11999999999999,25336,0,822,0,0,1.0,8.526512829121202e-14,1.0000000000000002,0.0,13.0,28766.88,192,0.9999999999999994,6320,0.9999999999999997,4896,0.9999999999999997,4608,0.9999999999999997,9512,5,0.12,2113.6318917007716,0.039798793881895556
96,uniform,13009,0.2,4.0,hybrid_50,0.9999999999999997,0.9999999999999968,22248,718,627,75.24,22248,0,718,0,0,1.0,8.526512829121202e-14,1.0000000000000002,0.0,15.999999999999986,48326.4,192,0.9999999999999994,5560,0.9999999999999997,4192,0.9999999999999997,4112,0.9999999999999997,8384,5,0.12,2113.6318917007716,0.03559749467039731
96,uniform,13009,0.2,2.3,pulse_only,0.9999999999999997,0.9999999999999968,24312,823,570,273.59999999999997,24312,0,823,0,0,1.0,4.263256414560601e-14,1.0000000000000002,0.0,13.0,28766.88,192,0.9999999999999994,5992,0.9999999999999997,4552,0.9999999999999997,4544,0.9999999999999997,9224,20,0.48,2113.6318917007716,0.1294454351650811
96,uniform,13009,0.2,4.0,hybrid_50,0.9999366456209113,0.9999999999999968,21432,720,519,249.12,21384,48,718,2,0,1.0,4.263256414560601e-14,1.0000000000000002,0.0,8.0,48326.4,192,0.9998388033415794,5224,0.999746582483646,4008,0.9999999999999997,4016,0.9999999999999997,8184,20,0.48,2113.6318917007716,0.1178634751766265
96,uniform,13010,0.2,4.0,fixed,0.9767861265229515,0.9999999999999962,0,0,0,0.0,0,0,0,0,4,1.0,4.263256414560601e-14,1.0000000000000002,0.0,-1.0,48326.4,192,0.9799094401818345,0,0.9767054898396166,0,0.9768094652183702,0,0.9768147755169098,0,0,0.0,2114.6964217071663,0.0
96,uniform,13010,0.2,2.3,pulse_only,1.0,0.9999999999999971,25464,826,705,16.92,25464,0,826,0,0,1.0,8.526512829121202e-14,1.0000000000000002,0.0,13.0,28766.88,192,1.0,6264,1.0,4904,1.0,4872,0.9999999999999997,9424,1,0.024,2114.6964217071663,0.008001148451530793
96,uniform,13010,0.2,4.0,hybrid_50,1.0,0.9999999999999971,22088,718,607,14.568,22056,32,717,1,0,1.0,8.526512829121202e-14,1.0000000000000002,0.0,8.0,48326.4,192,0.9997007350649603,5672,1.0,4160,1.0,4040,0.9999999999999997,8216,1,0.024,2114.6964217071663,0.0068889320710343125
96,uniform,13010,0.2,2.3,pulse_only,1.0,0.9999999999999971,25392,822,708,84.96,25392,0,822,0,0,1.0,5.684341886080802e-14,1.0000000000000002,0.0,13.0,28766.88,192,1.0,6264,1.0,4912,1.0,4824,0.9999999999999997,9392,5,0.12,2114.6964217071663,0.04017597945875036
96,uniform,13010,0.2,4.0,hybrid_50,1.0,0.9999999999999971,22128,717,615,73.8,22128,0,717,0,0,1.0,5.684341886080802e-14,1.0000000000000002,0.0,15.999999999999986,48326.4,192,0.9998858396082451,5616,1.0,4152,1.0,4056,0.9999999999999997,8304,5,0.12,2114.6964217071663,0.03489862622476196
96,uniform,13010,0.2,2.3,pulse_only,1.0,0.9999999999999971,24472,826,581,278.88,24472,0,826,0,0,1.0,4.263256414560601e-14,1.0000000000000002,0.0,13.199999999999989,28766.88,192,1.0,5752,1.0,4760,1.0,4640,0.9999999999999997,9320,20,0.48,2114.6964217071663,0.13187708511601107
96,uniform,13010,0.2,4.0,hybrid_50,1.0,0.9999999999999971,21520,721,527,252.95999999999998,21416,104,717,4,0,1.0,4.263256414560601e-14,1.0000000000000004,0.0,8.0,48326.4,192,0.993827340170232,5416,1.0,4048,1.0,3880,0.9999999999999997,8176,20,0.48,2114.6964217071663,0.11962000663707027
96,uniform,13011,0.2,4.0,fixed,0.8825885592572471,0.32514748339193644,0,0,0,0.0,0,0,0,0,11,1.0,4.263256414560601e-14,1.0000000000000002,0.0,-1.0,48326.4,192,0.8863964004331457,0,0.881834775381619,0,0.8827918045290353,0,0.8828638285591673,0,0,0.0,2131.2987178674207,0.0
96,uniform,13011,0.2,2.3,pulse_only,0.9862947120302094,0.9847358898265437,25184,823,679,16.296,25184,0,823,0,0,1.0,4.263256414560601e-14,1.0000000000000002,0.0,13.0,28766.88,192,0.9681249087510908,6400,0.9862400644582521,4656,0.9904459103459592,4744,0.9842464366583128,9384,1,0.024,2131.2987178674207,0.0076460422292684484
96,uniform,13011,0.2,4.0,hybrid_50,0.9893667638105814,0.9754754585364546,23344,758,644,15.456,22184,1160,718,40,0,1.0,5.684341886080802e-14,1.0000000000000002,0.0,7.999999999999998,48326.4,192,0.9757888901508218,5864,0.9695943005963836,4640,0.9888350841890927,4376,0.9995188352284248,8464,1,0.024,2131.2987178674207,0.007251916341161828
96,uniform,13011,0.2,2.3,pulse_only,0.9934296587186586,0.9734213824790371,25296,822,696,83.52,25296,0,822,0,1,1.0,4.263256414560601e-14,1.0000000000000002,0.0,13.0,28766.88,192,0.9746432892899798,6392,0.9861915695006288,4608,0.9902135085411008,4848,0.9986567784164526,9448,5,0.12,2131.2987178674207,0.039187374017458323
96,uniform,13011,0.2,4.0,hybrid_50,0.9921262289318986,0.9829397595185254,22808,753,592,71.03999999999999,21848,960,717,36,9,1.0,4.263256414560601e-14,1.0000000000000002,0.0,7.999999999999993,48326.4,192,0.969735069100397,5688,0.9874730713416964,4392,0.9961323886186727,4064,0.9924497278836126,8664,5,0.12,2131.2987178674207,0.03333178939415995
96,uniform,13011,0.2,2.3,pulse_only,0.9603299040019156,0.999999999999996,24296,824,565,271.2,24296,0,824,0,3,1.0,4.263256414560601e-14,1.0000000000000004,0.0,13.199999999999989,28766.88,192,0.9553750703958981,6104,0.9560141311405712,4504,0.9581862200913269,4584,0.9635596323878822,9104,20,0.48,2131.2987178674207,0.12724635816013766
96,uniform,13011,0.2,4.0,hybrid_50,0.9945478371763691,0.999999999999996,21688,748,467,224.16,20960,728,718,30,3,1.0,4.263256414560601e-14,1.0000000000000002,0.0,7.999999999999986,48326.4,192,0.952444746909619,5584,0.9935060120587268,4088,0.9966154002534334,3872,0.994034968196658,8144,20,0.48,2131.2987178674207,0.10517530842616687
96,uniform,13012,0.2,4.0,fixed,0.8718073894788768,0.15883049793636275,0,0,0,0.0,0,0,0,0,14,1.0,4.263256414560601e-14,0.9862249610730366,0.0,-1.0,48326.4,192,0.9040683154769156,0,0.8739530277576526,0,0.8717531487944041,0,0.8707616906817252,0,0,0.0,2101.7872527532872,0.0
96,uniform,13012,0.2,2.3,pulse_only,0.9548254477800009,0.8836545865806775,25072,832,638,15.312000000000001,25072,0,832,0,4,1.0,5.684341886080802e-14,1.0000000000000004,0.0,13.0,28766.88,192,0.9566220264454213,6408,0.9351420550321995,4448,0.9450273313019106,4824,0.9695662023929468,9392,1,0.024,2101.7872527532872,0.007285228312209847
96,uniform,13012,0.2,4.0,hybrid_50,0.9562249236506084,0.9895104982174596,23280,796,522,12.528,21160,2120,714,82,5,1.0,4.263256414560601e-14,1.0000000000000002,0.0,7.999999999999986,48326.4,192,0.9503511361450823,6264,0.9501702781148774,4360,0.9512750678536562,4336,0.9617271743169503,8320,1,0.024,2101.7872527532872,0.005960641346353511
96,uniform,13012,0.2,2.3,pulse_only,0.9496700161521076,0.9883304980967889,24728,833,592,71.03999999999999,24728,0,833,0,6,1.0,4.263256414560601e-14,1.0000000000000004,0.0,13.0,28766.88,192,0.9424640426812324,6264,0.9394799290798329,4448,0.9451981022808064,4712,0.9570010166238958,9304,5,0.12,2101.7872527532872,0.033799805335644424
96,uniform,13012,0.2,4.0,hybrid_50,0.9498609541859026,0.9438195295896638,23104,789,521,62.519999999999996,21336,1768,716,73,5,1.0,4.263256414560601e-14,1.0000000000000004,0.0,7.9999999999999964,48326.4,192,0.9458107903041186,5992,0.9409984275238208,4352,0.9371815527241352,4456,0.960631918247827,8304,5,0.12,2101.7872527532872,0.02974611246599788
96,uniform,13012,0.2,2.3,pulse_only,0.9282683478970611,0.9835594876127409,23480,831,442,212.16,23480,0,831,0,5,1.0,4.263256414560601e-14,1.0000000000000002,0.0,13.200000000000017,28766.88,192,0.9174834906970977,5848,0.9279716542051448,4288,0.929716989103274,4544,0.9276923741399128,8800,20,0.48,2101.7872527532872,0.10094266188077593
96,uniform,13012,0.2,4.0,hybrid_50,0.9309119174379112,0.9885147461244529,21856,783,383,183.84,20240,1616,716,67,5,1.0,4.263256414560601e-14,1.0000000000000002,0.0,7.999999999999986,48326.4,192,0.9161924000870684,5648,0.9103192359809139,4184,0.9210860403524971,4200,0.9461211967091172,7824,20,0.48,2101.7872527532872,0.0874684151591339
96,uniform,13013,0.2,4.0,fixed,0.9351597959320912,0.8486105712272817,0,0,0,0.0,0,0,0,0,8,1.0,4.263256414560601e-14,1.0000000000000004,0.0,-1.0,48326.4,192,0.9496259113361016,0,0.9334692587682192,0,0.9353702906170535,0,0.9358998171715464,0,0,0.0,2106.4204177239794,0.0
96,uniform,13013,0.2,2.3,pulse_only,0.999643574022975,0.9999999999999969,25256,823,688,16.512,25256,0,823,0,0,1.0,4.263256414560601e-14,1.0000000000000002,0.0,13.199999999999989,28766.88,192,0.995809402634168,6376,1.0000000000000002,4848,1.0000000000000002,4736,0.9992871480459499,9296,1,0.024,2106.4204177239794,0.007838890974025726
96,uniform,13013,0.2,4.0,hybrid_50,1.0000000000000002,0.9999999999999972,21984,719,591,14.184000000000001,21960,24,718,1,0,1.0,4.263256414560601e-14,1.0000000000000004,0.0,7.9999999999999964,48326.4,192,0.9982991182542212,5528,1.0000000000000002,4152,1.0000000000000002,4168,1.0000000000000004,8136,1,0.024,2106.4204177239794,0.006733698496583145
96,uniform,13013,0.2,2.3,pulse_only,0.9974770767273958,0.9999999999999969,24624,825,603,72.36,24624,0,825,0,0,1.0,4.263256414560601e-14,1.0000000000000002,0.0,13.199999999999989,28766.88,192,0.9966389193167338,6232,0.9944061082181619,4592,0.9955021986914209,4552,1.0000000000000004,9248,5,0.12,2106.4204177239794,0.03435211669576681
96,uniform,13013,0.2,4.0,hybrid_50,0.9982885002447424,0.9999999999999961,21864,728,549,65.88,21616,248,718,10,0,1.0,5.684341886080802e-14,1.0000000000000002,0.0,8.0,48326.4,192,0.9911988034663811,5584,0.994231546523359,4128,0.9989224544556099,4048,1.0000000000000004,8104,5,0.12,2106.4204177239794,0.031275807737936936
96,uniform,13013,0.2,2.3,pulse_only,0.9771721542256666,0.9999999999999957,23584,824,476,228.48,23584,0,824,0,3,1.0,4.263256414560601e-14,1.0000000000000002,0.0,13.199999999999989,28766.88,192,0.9577560057277242,5800,0.969724607457877,4552,0.9781817271485782,4344,0.9803911411481059,8888,20,0.48,2106.4204177239794,0.1084683751057048
96,uniform,13013,0.2,4.0,hybrid_50,0.9813325385083651,0.9999999999999952,21472,757,413,198.23999999999998,20464,1008,715,42,3,1.0,4.263256414560601e-14,1.0000000000000002,0.0,7.999999999999993,48326.4,192,0.9637666027753408,5432,0.9656496801689904,4144,0.9853447149354043,4104,0.9871678794645329,7792,20,0.48,2106.4204177239794,0.0941122666358321
96,uniform,13014,0.2,4.0,fixed,0.9200576692374283,0.9999999999999951,0,0,0,0.0,0,0,0,0,7,1.0,4.263256414560601e-14,1.0000000000000002,0.0,-1.0,48326.4,192,0.9315630195041953,0,0.9199308504419768,0,0.9200958265563579,0,0.9201019999756891,0,0,0.0,2122.067477745923,0.0
96,uniform,13014,0.2,2.3,pulse_only,0.9912072287385242,0.9849835699132077,25240,823,686,16.464,25240,0,823,0,0,1.0,8.526512829121202e-14,1.0000000000000002,0.0,13.199999999999989,28766.88,192,0.9833537578729921,6272,0.9654957467631545,4680,0.9993331681909414,4832,1.0000000000000004,9456,1,0.024,2122.067477745923,0.007758471477772324
96,uniform,13014,0.2,4.0,hybrid_50,1.0000000000000004,0.999999999999997,22240,726,602,14.448,22016,224,718,8,0,1.0,5.684341886080802e-14,1.0000000000000004,0.0,7.9999999999999964,48326.4,192,0.9935309869938724,5832,1.0,4048,1.0,4192,1.0000000000000004,8168,1,0.024,2122.067477745923,0.006808454562126733
96,uniform,13014,0.2,2.3,pulse_only,0.999775426840231,0.9999999999999969,25144,826,665,79.8,25144,0,826,0,0,1.0,8.526512829121202e-14,1.0000000000000004,0.0,13.0,28766.88,192,0.9852160594778903,6184,0.999101707360923,4856,1.0,4744,1.0000000000000004,9360,5,0.12,2122.067477745923,0.03760483624430463
96,uniform,13014,0.2,4.0,hybrid_50,0.9974553366577721,0.9927694826664928,22536,741,594,71.28,21944,592,718,23,0,1.0,4.263256414560601e-14,1.0000000000000002,0.0,7.9999999999999964,48326.4,192,0.9817070106635015,5760,0.9961846204385727,4088,0.9999334172587083,4312,0.9968516544669036,8376,5,0.12,2122.067477745923,0.03358988380318339
96,uniform,13014,0.2,2.3,pulse_only,0.986032298455496,0.9999999999999964,24232,822,563,270.24,24232,0,822,0,2,1.0,4.263256414560601e-14,1.0000000000000004,0.0,13.0,28766.88,192,0.9664670584090694,5936,0.977571501377346,4568,0.9835638167329143,4744,0.9914969378558622,8984,20,0.48,2122.067477745923,0.1273475055972542
96,uniform,13014,0.2,4.0,hybrid_50,0.9857928378248496,0.9999999999999969,21960,751,492,236.16,21144,816,717,34,2,1.0,5.684341886080802e-14,1.0000000000000002,0.0,7.999999999999993,48326.4,192,0.9684025358102245,5584,0.9862188777851738,4032,0.9862353595405265,4216,0.985358556986849,8128,20,0.48,2122.067477745923,0.11128769583276919
96,uniform,13015,0.2,4.0,fixed,0.810918326028187,0.0,0,0,0,0.0,0,0,0,0,19,1.0,4.263256414560601e-14,1.0000000000000002,0.0,-1.0,48326.4,192,0.8511597867379666,0,0.811930188736087,0,0.8106412704259439,0,0.8105509224753585,0,0,0.0,2115.0828436047655,0.0
96,uniform,13015,0.2,2.3,pulse_only,0.9205919473729346,0.7435879559251205,23792,826,496,11.904,23792,0,826,0,9,1.0,4.263256414560601e-14,1.0000000000000002,0.0,13.000000000000028,28766.88,192,0.9177790634396905,6152,0.9096969168907159,4464,0.9170840652758633,4384,0.9277934036625797,8792,1,0.024,2115.0828436047655,0.005628148342271003
96,uniform,13015,0.2,4.0,hybrid_50,0.9000351466574448,0.5026032450227326,24176,841,499,11.976,20888,3288,715,126,8,1.0,4.263256414560601e-14,1.0000000000000002,0.0,7.999999999999986,48326.4,192,0.918799060994367,6224,0.8729656638330808,4544,0.8896001820023328,4496,0.9187873703971827,8912,1,0.024,2115.0828436047655,0.005662189562083126
96,uniform,13015,0.2,2.3,pulse_only,0.9211033608008908,0.8369969457071602,23448,828,447,53.64,23448,0,828,0,8,1.0,4.263256414560601e-14,1.0000000000000002,0.0,13.0,28766.88,192,0.925959028784329,6056,0.9162944688278697,4480,0.9210159028003068,4288,0.9235515357876936,8624,5,0.12,2115.0828436047655,0.025360708760031637
96,uniform,13015,0.2,4.0,hybrid_50,0.904749286782473,0.5164157499225016,23240,821,442,53.04,20584,2656,714,107,6,1.0,4.263256414560601e-14,1.0000000000000002,0.0,7.999999999999993,48326.4,192,0.91036148705571,6080,0.8837166860917366,4264,0.8889685811240725,4264,0.9231559399570415,8632,5,0.12,2115.0828436047655,0.025077031928263945
96,uniform,13015,0.2,2.3,pulse_only,0.9023560649749638,0.7524864419360278,22944,827,387,185.76,22944,0,827,0,8,1.0,4.263256414560601e-14,1.0000000000000002,0.0,13.200000000000003,28766.88,192,0.8883275562771312,5720,0.8899500788911994,4328,0.9013829668858803,4224,0.9090456070613879,8672,20,0.48,2115.0828436047655,0.08782634711527734
96,uniform,13015,0.2,4.0,hybrid_50,0.9020348138474824,0.5489999355735474,22000,809,323,155.04,19720,2280,714,95,8,1.0,4.263256414560601e-14,1.0000000000000002,0.0,8.0,48326.4,192,0.8850715117673875,5624,0.8956049796691169,4208,0.8911117492052826,4032,0.9107112632577651,8136,20,0.48,2115.0828436047655,0.07330209332877152
96,uniform,13016,0.2,4.0,fixed,0.9287835397641897,0.9142134633251547,0,0,0,0.0,0,0,0,0,8,1.0,4.263256414560601e-14,1.0000000000000002,0.0,-1.0,48326.4,192,0.9305947078779393,0,0.926760539552841,0,0.9292745428580893,0,0.9295495383229143,0,0,0.0,2134.1526940555764,0.0
96,uniform,13016,0.2,2.3,pulse_only,0.9981325747895943,0.9981340844551625,25528,825,716,17.184,25528,0,825,0,0,1.0,4.263256414560601e-14,1.0000000000000004,0.0,13.0,28766.88,192,0.9903783021957225,6464,0.9977548694529011,4832,0.9947754297054772,4736,0.9999999999999993,9496,1,0.024,2134.1526940555764,0.008051907460915964
96,uniform,13016,0.2,4.0,hybrid_50,0.9999239524652962,0.9999999999999969,22592,725,649,15.576,22408,184,719,6,0,1.0,4.263256414560601e-14,1.0000000000000002,0.0,8.0,48326.4,192,0.9971148628824559,5800,0.999695809861186,4192,0.9999999999999997,4264,0.9999999999999993,8336,1,0.024,2134.1526940555764,0.00729844684655651
96,uniform,13016,0.2,2.3,pulse_only,0.9978431015576843,0.9999999999999969,25384,827,692,83.03999999999999,25384,0,827,0,0,1.0,4.263256414560601e-14,1.0000000000000002,0.0,13.0,28766.88,192,0.9836660585673521,6432,0.9953969939345463,4736,0.999538023468834,4752,0.9982186944136782,9464,5,0.12,2134.1526940555764,0.0389100556072196
96,uniform,13016,0.2,4.0,hybrid_50,0.9963073577025537,0.9999999999999963,22608,732,630,75.6,22272,336,719,13,0,1.0,4.263256414560601e-14,1.0000000000000002,0.0,8.0,48326.4,192,0.9887493434556835,5792,0.9865029890459693,4168,0.9987264417642467,4336,0.9999999999999993,8312,5,0.12,2134.1526940555764,0.03542389455570571
96,uniform,13016,0.2,2.3,pulse_only,0.9726415883513538,0.9999999999999954,23912,825,514,246.72,23912,0,825,0,3,1.0,4.263256414560601e-14,1.0000000000000002,0.0,13.0,28766.88,192,0.9679561748940287,5960,0.9577250669206259,4400,0.9683419211682099,4544,0.9822496826582895,9008,20,0.48,2134.1526940555764,0.1156055987405253
96,uniform,13016,0.2,4.0,hybrid_50,0.9917302621630392,0.9999999999999969,21368,741,448,215.04,20792,576,717,24,2,1.0,4.263256414560601e-14,1.0000000000000004,0.0,7.999999999999986,48326.4,192,0.9824501816349797,5328,0.9854020297308154,3960,0.9930415652459814,4048,0.9942387268376798,8032,20,0.48,2134.1526940555764,0.1007613000695629
96,uniform,13017,0.2,4.0,fixed,0.8136716831960579,0.0035445459402603675,0,0,0,0.0,0,0,0,0,21,1.0,4.263256414560601e-14,1.0000000000000002,0.0,-1.0,48326.4,192,0.8651633775206681,0,0.8136687047937573,0,0.8136727817152994,0,0.8136726231375876,0,0,0.0,2134.8635402198875,0.0
96,uniform,13017,0.2,2.3,pulse_only,0.9170765470572604,0.8139227170171127,23456,818,478,11.472,23456,0,818,0,12,1.0,2.842170943040401e-14,1.0000000000000004,0.0,13.200000000000003,28766.88,192,0.9271503809226126,5976,0.8830591937746409,4408,0.908210191870433,4224,0.9385184012919837,8848,1,0.024,2134.8635402198875,0.0053736455674438105
96,uniform,13017,0.2,4.0,hybrid_50,0.9172763545083849,0.6855082712100155,23392,836,416,9.984,20376,3016,716,120,10,1.0,4.263256414560601e-14,1.0000000000000004,0.0,7.999999999999986,48326.4,192,0.937078919884586,5712,0.9099604418698031,4376,0.8985753041820503,4664,0.9302848359908432,8640,1,0.024,2134.8635402198875,0.004676645514762814
96,uniform,13017,0.2,2.3,pulse_only,0.9152695114490076,0.8294077845897597,22888,819,404,48.48,22888,0,819,0,17,1.0,4.263256414560601e-14,1.0000000000000002,0.0,13.200000000000003,28766.88,192,0.9194884299563179,5928,0.9024788343159785,4384,0.9131548360523588,4120,0.9227221877138462,8456,5,0.12,2134.8635402198875,0.022708711393800204
96,uniform,13017,0.2,4.0,hybrid_50,0.9309338902808683,0.8840503475104394,23136,839,375,45.0,20120,3016,715,124,7,1.0,4.263256414560601e-14,1.0000000000000002,0.0,7.999999999999986,48326.4,192,0.92623966090175,5888,0.9159420765591638,4384,0.9259010947594737,4448,0.940946194902418,8416,5,0.12,2134.8635402198875,0.02107863062543336
96,uniform,13017,0.2,2.3,pulse_only,0.9031481896938826,0.6034165220647959,22640,820,370,177.6,22640,0,820,0,12,1.0,4.263256414560601e-14,1.0000000000000002,0.0,13.0,28766.88,192,0.9043740744281542,5784,0.8827863939532703,4272,0.8991799261116366,4216,0.9153132193553117,8368,20,0.48,2134.8635402198875,0.08319032886837699
96,uniform,13017,0.2,4.0,hybrid_50,0.9078749676351919,0.5442913919143628,22880,838,346,166.07999999999998,19952,2928,716,122,10,1.0,4.263256414560601e-14,1.0000000000000002,0.0,7.999999999999986,48326.4,192,0.9081747406609405,5608,0.8972472890803056,4232,0.9024221397513429,4512,0.9159152208545597,8528,20,0.48,2134.8635402198875,0.07779419942826604
96,uniform,13018,0.2,4.0,fixed,0.9848937554368671,0.9999999999999974,0,0,0,0.0,0,0,0,0,3,1.0,4.263256414560601e-14,1.0000000000000004,0.0,-1.0,48326.4,192,0.9927913574615108,0,0.9846052597240511,0,0.9847993484122431,0,0.9850852068055875,0,0,0.0,2107.9137574166234,0.0
96,uniform,13018,0.2,2.3,pulse_only,1.0000000000000004,0.9999999999999977,25528,820,731,17.544,25528,0,820,0,0,1.0,5.684341886080802e-14,1.0000000000000004,0.0,13.0,28766.88,192,1.0000000000000009,6424,1.0000000000000002,4800,1.0000000000000002,4816,1.0000000000000009,9488,1,0.024,2107.9137574166234,0.008322921152856481
96,uniform,13018,0.2,4.0,hybrid_50,0.9998295099826539,0.9999999999999976,22360,720,635,15.24,22296,64,718,2,0,1.0,5.684341886080802e-14,1.0000000000000002,0.0,8.0,48326.4,192,1.0000000000000009,5488,0.9993180399306135,4264,1.0000000000000002,4296,1.0000000000000009,8312,1,0.024,2107.9137574166234,0.007229897307884905
96,uniform,13018,0.2,2.3,pulse_only,1.0000000000000004,0.9999999999999977,25416,821,714,85.67999999999999,25416,0,821,0,0,1.0,5.684341886080802e-14,1.0000000000000002,0.0,13.0,28766.88,192,1.0000000000000009,6408,1.0000000000000002,4816,1.0000000000000002,4744,1.0000000000000009,9448,5,0.12,2107.9137574166234,0.04064682423488049
96,uniform,13018,0.2,4.0,hybrid_50,1.0000000000000004,0.9999999999999977,22424,719,646,77.52,22392,32,718,1,0,1.0,5.684341886080802e-14,1.0000000000000002,0.0,8.000000000000004,48326.4,192,0.9998896313184527,5472,1.0000000000000002,4200,1.0000000000000002,4344,1.0000000000000009,8408,5,0.12,2107.9137574166234,0.03677569811727282
96,uniform,13018,0.2,2.3,pulse_only,0.9992264461314314,0.9999999999999976,23640,819,498,239.04,23640,0,819,0,0,1.0,2.842170943040401e-14,1.0000000000000004,0.0,13.199999999999989,28766.88,192,0.9969635245912172,5952,0.9969071202340661,4400,0.9999986642916586,4408,1.0000000000000009,8880,20,0.48,2107.9137574166234,0.11340122391580103
96,uniform,13018,0.2,4.0,hybrid_50,0.9996446394410768,0.9999999999999976,21400,725,500,240.0,21232,168,718,7,0,1.0,4.263256414560601e-14,1.0000000000000002,0.0,7.999999999999998,48326.4,192,0.9946883855375827,5272,0.998578557764306,3952,1.0000000000000002,4104,1.0000000000000009,8072,20,0.48,2107.9137574166234,0.11385665051787251
96,uniform,13019,0.2,4.0,fixed,0.914578664136735,0.9737169668129514,0,0,0,0.0,0,0,0,0,7,1.0,4.263256414560601e-14,1.0000000000000002,0.0,-1.0,48326.4,192,0.9291679651437048,0,0.9127392253150474,0,0.9143449272203767,0,0.9156152520057581,0,0,0.0,2121.7056607905506,0.0
96,uniform,13019,0.2,2.3,pulse_only,1.0,0.9999999999999974,25280,822,694,16.656,25280,0,822,0,0,1.0,5.684341886080802e-14,1.0000000000000002,0.0,13.0,28766.88,192,0.9986484350837282,6536,1.0,4600,1.0,4600,1.0000000000000004,9544,1,0.024,2121.7056607905506,0.007850287769790815
96,uniform,13019,0.2,4.0,hybrid_50,0.9980302871971537,0.999999999999997,22272,730,594,14.256,21992,280,720,10,0,1.0,5.684341886080802e-14,1.0000000000000004,0.0,7.9999999999999964,48326.4,192,0.9865694472823567,5696,0.9921211487886142,4240,1.0,4128,1.0000000000000004,8208,1,0.024,2121.7056607905506,0.006719122385094732
96,uniform,13019,0.2,2.3,pulse_only,0.9956240112675664,0.9993331199785356,24888,823,642,77.03999999999999,24888,0,823,0,0,1.0,4.263256414560601e-14,1.0000000000000004,0.0,13.0,28766.88,192,0.9918149602774095,6408,0.9918589360030463,4552,0.9906371090672188,4480,1.0000000000000004,9448,5,0.12,2121.7056607905506,0.03631040884874426
96,uniform,13019,0.2,4.0,hybrid_50,0.9947943363103388,0.9972092896435848,22624,749,581,69.72,21856,768,720,29,0,1.0,4.263256414560601e-14,1.0000000000000004,0.0,7.9999999999999964,48326.4,192,0.9792459309211266,5840,0.9838023463397896,4208,0.9967020561619554,4208,0.9993364713698049,8368,5,0.12,2121.7056607905506,0.03286035442542121
96,uniform,13019,0.2,2.3,pulse_only,0.971419812913737,0.9999999999999964,24192,824,552,264.96,24192,0,824,0,2,1.0,4.263256414560601e-14,1.0000000000000004,0.0,13.0,28766.88,192,0.9606896142141587,6112,0.9635324875567314,4448,0.9642016844305235,4480,0.9789725398338466,9152,20,0.48,2121.7056607905506,0.12488065847044755
96,uniform,13019,0.2,4.0,hybrid_50,0.9548365196168772,0.9999999999999962,22448,770,496,238.07999999999998,21224,1224,719,51,3,1.0,4.263256414560601e-14,1.0000000000000004,0.0,7.999999999999986,48326.4,192,0.9575234889684051,5528,0.9550917026191209,4184,0.9472143613097236,4240,0.9585200072693321,8496,20,0.48,2121.7056607905506,0.11221160616185141
96,uniform,13020,0.2,4.0,fixed,0.9320889420633579,0.8232093586346126,0,0,0,0.0,0,0,0,0,13,1.0,4.263256414560601e-14,1.0000000000000004,0.0,-1.0,48326.4,192,0.9579507634483005,0,0.934873601591086,0,0.9315994796774604,0,0.9309413434924427,0,0,0.0,2121.3475959381803,0.0
96,uniform,13020,0.2,2.3,pulse_only,0.9990285428210597,0.9999999999999958,25544,829,706,16.944,25544,0,829,0,0,1.0,4.263256414560601e-14,1.0000000000000002,0.0,13.199999999999989,28766.88,192,0.997175930661466,6264,0.9961141712842392,4752,1.0,4632,0.9999999999999997,9896,1,0.024,2121.3475959381803,0.007987375587312178
96,uniform,13020,0.2,4.0,hybrid_50,1.0,0.9999999999999968,22312,719,632,15.168000000000001,22312,0,719,0,0,1.0,4.263256414560601e-14,1.0000000000000002,0.0,15.999999999999986,48326.4,192,1.0,5816,1.0,4176,1.0,4016,0.9999999999999997,8304,1,0.024,2121.3475959381803,0.007150171913854528
96,uniform,13020,0.2,2.3,pulse_only,0.9983329826318404,0.9999999999999958,25552,828,710,85.2,25552,0,828,0,0,1.0,4.263256414560601e-14,1.0000000000000002,0.0,13.200000000000003,28766.88,192,0.9925585271919058,6200,0.9933319305273622,4736,1.0,4768,0.9999999999999997,9848,5,0.12,2121.3475959381803,0.04016314919965756
96,uniform,13020,0.2,4.0,hybrid_50,1.0,0.9999999999999968,22272,722,618,74.16,22184,88,719,3,0,1.0,4.263256414560601e-14,1.0000000000000004,0.0,8.0,48326.4,192,0.998263731841733,5808,1.0,4168,1.0,3984,0.9999999999999997,8312,5,0.12,2121.3475959381803,0.034958910148434316
96,uniform,13020,0.2,2.3,pulse_only,0.9979711091964839,0.9999999999999958,23592,831,456,218.88,23592,0,831,0,0,1.0,4.263256414560601e-14,1.0000000000000002,0.0,13.0,28766.88,192,0.996843544422074,5760,0.9940603246136103,4464,0.9983978363877631,4264,0.9997131378922811,9104,20,0.48,2121.3475959381803,0.10317969597207799
96,uniform,13020,0.2,4.0,hybrid_50,1.0,0.9999999999999968,20792,719,442,212.16,20792,0,719,0,0,1.0,4.263256414560601e-14,1.0000000000000002,0.0,15.999999999999986,48326.4,192,1.0,5368,1.0,3896,1.0,3720,0.9999999999999997,7808,20,0.48,2121.3475959381803,0.10001189828872471
96,uniform,13021,0.2,4.0,fixed,0.898167598649265,0.43708618230465446,0,0,0,0.0,0,0,0,0,12,1.0,4.263256414560601e-14,1.0000000000000002,0.0,-1.0,48326.4,192,0.9326232640663659,0,0.8999053955469459,0,0.8982339672875947,0,0.8972655158812596,0,0,0.0,2107.9651438471365,0.0
96,uniform,13021,0.2,2.3,pulse_only,0.9650480128132441,0.9872855609671185,24024,823,534,12.816,24024,0,823,0,3,1.0,4.263256414560601e-14,1.0000000000000002,0.0,13.0,28766.88,192,0.9710053714768578,5848,0.9573634461480349,4712,0.9602844430628282,4384,0.9712720810210567,9080,1,0.024,2107.9651438471365,0.006079796925204462
96,uniform,13021,0.2,4.0,hybrid_50,0.9754146464744897,0.9250522107066983,22688,773,517,12.408,21192,1496,715,58,4,1.0,2.842170943040401e-14,1.0000000000000004,0.0,7.999999999999986,48326.4,192,0.9718667652957115,5544,0.9725193788672388,4456,0.969403248679142,4200,0.979867979175789,8488,1,0.024,2107.9651438471365,0.005886245337697952
96,uniform,13021,0.2,2.3,pulse_only,0.9557603532592663,0.9994345673490332,23760,823,501,60.12,23760,0,823,0,4,1.0,4.263256414560601e-14,1.0000000000000002,0.0,13.000000000000028,28766.88,192,0.9658634771181942,5848,0.9482903020256251,4576,0.9539131486320118,4384,0.9604189811897141,8952,5,0.12,2107.9651438471365,0.028520395688459127
96,uniform,13021,0.2,4.0,hybrid_50,0.9712231539557664,0.9934954398066598,21328,748,422,50.64,20536,792,715,33,3,1.0,4.263256414560601e-14,1.0000000000000002,0.0,7.999999999999986,48326.4,192,0.979383377791034,5320,0.9613535256656738,4096,0.9701202282004067,3880,0.9767094309784924,8032,5,0.12,2107.9651438471365,0.02402316762580789
96,uniform,13021,0.2,2.3,pulse_only,0.9409444317415859,0.9806161002159036,22616,823,358,171.84,22616,0,823,0,7,1.0,4.263256414560601e-14,1.0000000000000002,0.0,13.200000000000003,28766.88,192,0.9526047391398292,5504,0.928791823222336,4312,0.9422682059553118,4240,0.9463588488943482,8560,20,0.48,2107.9651438471365,0.08151937450274147
96,uniform,13021,0.2,4.0,hybrid_50,0.9564534249939131,0.9999999999999952,21544,780,353,169.44,19976,1568,715,65,6,1.0,4.263256414560601e-14,1.0000000000000002,0.0,7.999999999999986,48326.4,192,0.9519988379590761,5424,0.9480446923037488,4192,0.9571082783201467,3880,0.9603303646758787,8048,20,0.48,2107.9651438471365,0.08038083575270318
96,uniform,13022,0.2,4.0,fixed,0.8891820215430516,0.3353494179233146,0,0,0,0.0,0,0,0,0,10,1.0,4.263256414560601e-14,1.0000000000000002,0.0,-1.0,48326.4,192,0.9159593769720988,0,0.8885676364615722,0,0.8891648610652669,0,0.8894977943226838,0,0,0.0,2116.1457760355456,0.0
96,uniform,13022,0.2,2.3,pulse_only,0.959301127612902,0.8524922752036241,24328,824,569,13.656,24328,0,824,0,4,1.0,4.263256414560601e-14,1.0000000000000002,0.0,13.0,28766.88,192,0.9627735810476344,5984,0.9390284404447936,4624,0.9561580330460777,4528,0.9710090184803681,9192,1,0.024,2116.1457760355456,0.006453241621937588
96,uniform,13022,0.2,4.0,hybrid_50,0.972767513651081,0.9925583405576137,22552,772,503,12.072000000000001,21120,1432,716,56,6,1.0,4.263256414560601e-14,1.0000000000000002,0.0,7.999999999999986,48326.4,192,0.9652115275925266,5856,0.9694985572719722,4104,0.9756589101116724,4136,0.9729562936103396,8456,1,0.024,2116.1457760355456,0.005704710959287534
96,uniform,13022,0.2,2.3,pulse_only,0.9667104893612972,0.970173537865571,24056,823,538,64.56,24056,0,823,0,4,1.0,4.263256414560601e-14,1.0000000000000002,0.0,13.0,28766.88,192,0.952479023316854,5984,0.9463669848608094,4456,0.9507190962780032,4480,0.9848779381531881,9136,5,0.12,2116.1457760355456,0.030508295189827964
96,uniform,13022,0.2,4.0,hybrid_50,0.9569571049860959,0.9488627554811973,22672,782,488,58.559999999999995,21032,1640,715,67,3,1.0,4.263256414560601e-14,1.0000000000000002,0.0,7.999999999999993,48326.4,192,0.9627106414867855,5784,0.9492518903743602,4264,0.9419502949331425,4296,0.9683131173184406,8328,5,0.12,2116.1457760355456,0.027672951770698968
96,uniform,13022,0.2,2.3,pulse_only,0.9146325677770193,0.6960326370517733,23392,824,452,216.95999999999998,23392,0,824,0,6,1.0,2.842170943040401e-14,1.0000000000000004,0.0,13.0,28766.88,192,0.9195190200190535,5736,0.9003283477446283,4560,0.9110912844081465,4328,0.9235553194776515,8768,20,0.48,2116.1457760355456,0.10252601803570438
96,uniform,13022,0.2,4.0,hybrid_50,0.9468920262425243,0.9220453171990775,21504,783,339,162.72,19840,1664,714,69,5,1.0,2.842170943040401e-14,1.0000000000000002,0.0,7.999999999999986,48326.4,192,0.9479162460724625,5376,0.9279069014760454,4096,0.944392654782604,4072,0.9576342743557239,7960,20,0.48,2116.1457760355456,0.07689451352677829
96,uniform,13023,0.2,4.0,fixed,0.7939708788110749,0.03702227278871468,0,0,0,0.0,0,0,0,0,19,1.0,4.263256414560601e-14,1.0000000000000002,0.0,-1.0,48326.4,192,0.8272789785122154,0,0.7935828367413109,0,0.7940914788049326,0,0.7941045998490279,0,0,0.0,2088.886300094842,0.0
96,uniform,13023,0.2,2.3,pulse_only,0.9364055676839059,0.7064371150014144,24104,823,544,13.056000000000001,24104,0,823,0,7,1.0,4.263256414560601e-14,1.0000000000000002,0.0,13.0,28766.88,192,0.9268103024792881,6016,0.9312268753901554,4592,0.929643286968518,4504,0.9423760541884756,8992,1,0.024,2088.886300094842,0.0062502205119575995
96,uniform,13023,0.2,4.0,hybrid_50,0.9288924185339809,0.6977936275549926,23480,834,433,10.392,20320,3160,712,122,11,1.0,4.263256414560601e-14,1.0000000000000002,0.0,7.999999999999986,48326.4,192,0.932572886430583,6024,0.9212426326972243,4400,0.9181646805305635,4328,0.9380811804540681,8728,1,0.024,2088.886300094842,0.0049748997824956625
96,uniform,13023,0.2,2.3,pulse_only,0.9188425868859026,0.6675254289674477,23128,823,422,50.64,23128,0,823,0,10,1.0,4.263256414560601e-14,1.0000000000000002,0.0,13.0,28766.88,192,0.9382880930530935,5952,0.9257149152884327,4488,0.9265863613529862,4216,0.9115345354510959,8472,5,0.12,2088.886300094842,0.024242583235717895
96,uniform,13023,0.2,4.0,hybrid_50,0.9047451347478768,0.5350359867509915,23376,826,444,53.28,20512,2864,711,115,9,1.0,4.263256414560601e-14,1.0000000000000002,0.0,7.999999999999986,48326.4,192,0.9141204269373783,5960,0.8945129454115918,4248,0.8999788362762433,4336,0.9122443786518358,8832,5,0.12,2088.886300094842,0.025506414589238732
96,uniform,13023,0.2,2.3,pulse_only,0.9027269529669623,0.599788904143852,22176,823,303,145.44,22176,0,823,0,10,1.0,4.263256414560601e-14,1.0000000000000004,0.0,13.0,28766.88,192,0.9077379203856158,5568,0.8978304807041511,4184,0.8933405000282189,4072,0.9098684155677395,8352,20,0.48,2088.886300094842,0.06962561820305709
96,uniform,13023,0.2,4.0,hybrid_50,0.9108881316611631,0.6468492244460718,21704,807,292,140.16,19392,2312,711,96,8,1.0,4.263256414560601e-14,1.0000000000000002,0.0,7.999999999999986,48326.4,192,0.9192553958676181,5560,0.9013871967862762,4016,0.9014454946361882,4112,0.9203599176110938,8016,20,0.48,2088.886300094842,0.0670979554960154
96,uniform,13024,0.2,4.0,fixed,0.9999999999999998,0.999999999999997,0,0,0,0.0,0,0,0,0,0,1.0,5.684341886080802e-14,1.0000000000000002,0.0,-1.0,48326.4,192,0.9999999999999996,0,0.9999999999999997,0,0.9999999999999997,0,0.9999999999999998,0,0,0.0,2098.1262601353765,0.0
96,uniform,13024,0.2,2.3,pulse_only,0.9999999999999998,0.999999999999997,25232,822,688,16.512,25232,0,822,0,0,1.0,8.526512829121202e-14,1.0000000000000002,0.0,13.0,28766.88,192,0.9999999999999996,6288,0.9999999999999997,4728,0.9999999999999997,4824,0.9999999999999998,9392,1,0.024,2098.1262601353765,0.007869879098188592
96,uniform,13024,0.2,4.0,hybrid_50,0.9999999999999998,0.999999999999997,22024,717,602,14.448,22024,0,717,0,0,1.0,5.684341886080802e-14,1.0000000000000002,0.0,15.999999999999986,48326.4,192,0.9999999999999996,5504,0.9999999999999997,4184,0.9999999999999997,4016,0.9999999999999998,8320,1,0.024,2098.1262601353765,0.006886144210915018
96,uniform,13024,0.2,2.3,pulse_only,0.9999999999999998,0.999999999999997,25488,823,717,86.03999999999999,25488,0,823,0,0,1.0,5.684341886080802e-14,1.0000000000000002,0.0,13.0,28766.88,192,0.9999999999999996,6312,0.9999999999999997,4792,0.9999999999999997,4816,0.9999999999999998,9568,5,0.12,2098.1262601353765,0.04100801826599724
96,uniform,13024,0.2,4.0,hybrid_50,0.9999999999999998,0.999999999999997,22208,717,625,75.0,22208,0,717,0,0,1.0,5.684341886080802e-14,1.0000000000000002,0.0,15.999999999999986,48326.4,192,0.9999999999999996,5536,0.9999999999999997,4192,0.9999999999999997,4104,0.9999999999999998,8376,5,0.12,2098.1262601353765,0.03574618049685952
96,uniform,13024,0.2,2.3,pulse_only,0.9999999999999998,0.999999999999997,24552,824,597,286.56,24552,0,824,0,0,1.0,4.263256414560601e-14,1.0000000000000002,0.0,13.0,28766.88,192,0.9999999999999996,5952,0.9999999999999997,4656,0.9999999999999997,4656,0.9999999999999998,9288,20,0.48,2098.1262601353765,0.13657900644240087
96,uniform,13024,0.2,4.0,hybrid_50,0.9999999999999998,0.999999999999997,21816,717,576,276.48,21816,0,717,0,0,1.0,2.842170943040401e-14,1.0000000000000002,0.0,15.999999999999986,48326.4,192,0.9999999999999996,5328,0.9999999999999997,4088,0.9999999999999997,4056,0.9999999999999998,8344,20,0.48,2098.1262601353765,0.13177471978362296
96,uniform,13025,0.2,4.0,fixed,0.8741172465204139,0.26922338372553584,0,0,0,0.0,0,0,0,0,12,1.0,2.842170943040401e-14,1.0000000000000002,0.0,-1.0,48326.4,192,0.9126786075423874,0,0.8741799097933981,0,0.8740969948543525,0,0.8740960407169522,0,0,0.0,2097.177930276857,0.0
96,uniform,13025,0.2,2.3,pulse_only,0.9629799492783823,0.8912844233736041,24256,826,554,13.296000000000001,24256,0,826,0,8,1.0,4.263256414560601e-14,1.0000000000000002,0.0,13.199999999999989,28766.88,192,0.9661627864849834,6048,0.9683115842475625,4712,0.9625311947311309,4560,0.9605385090674179,8936,1,0.024,2097.177930276857,0.006339948465052149
96,uniform,13025,0.2,4.0,hybrid_50,0.9786860771462084,0.9351465672294301,23008,788,512,12.288,21096,1912,717,71,3,1.0,4.263256414560601e-14,1.0000000000000004,0.0,7.999999999999986,48326.4,192,0.9776336621721387,5864,0.9847815922036073,4096,0.9669582576194881,4592,0.981502229380869,8456,1,0.024,2097.177930276857,0.00585930255253917
96,uniform,13025,0.2,2.3,pulse_only,0.9508416046500862,0.9564592403642973,24064,828,524,62.879999999999995,24064,0,828,0,5,1.0,2.842170943040401e-14,1.0000000000000002,0.0,13.0,28766.88,192,0.9502789266995414,5968,0.9263656749887436,4608,0.9429539065805335,4568,0.9670234185155341,8920,5,0.12,2097.177930276857,0.02998314978057153
96,uniform,13025,0.2,4.0,hybrid_50,0.9739353743933447,0.9891226082123885,22192,767,473,56.76,21008,1184,719,48,3,1.0,2.842170943040401e-14,1.0000000000000002,0.0,7.9999999999999964,48326.4,192,0.9714225124385544,5656,0.9698432956218155,4048,0.9691126432478633,4224,0.9783927793518499,8264,5,0.12,2097.177930276857,0.027064942454599873
96,uniform,13025,0.2,2.3,pulse_only,0.9344168022753649,0.9253081381479306,23552,829,457,219.35999999999999,23552,0,829,0,6,1.0,4.263256414560601e-14,1.0000000000000002,0.0,13.0,28766.88,192,0.9488579164739599,5704,0.9322544183667083,4608,0.9402937738476145,4480,0.9325595084435685,8760,20,0.48,2097.177930276857,0.10459770572306251
96,uniform,13025,0.2,4.0,hybrid_50,0.9495466606436218,0.999999999999997,22040,774,433,207.84,20672,1368,717,57,6,1.0,2.842170943040401e-14,1.0000000000000002,0.0,7.999999999999986,48326.4,192,0.955737293413893,5584,0.9490737373974529,4016,0.9510551930858409,4280,0.9490288560455966,8160,20,0.48,2097.177930276857,0.09910460958005705
96,uniform,13026,0.2,4.0,fixed,0.7808782671924779,0.0,0,0,0,0.0,0,0,0,0,22,1.0,5.684341886080802e-14,1.0000000000000002,0.0,-1.0,48326.4,192,0.8128645704665614,0,0.7807005191816183,0,0.7809299413739407,0,0.7809413041071761,0,0,0.0,2127.8275472356663,0.0
96,uniform,13026,0.2,2.3,pulse_only,0.9375051541273098,0.9325381391747296,25120,826,662,15.888,25120,0,826,0,6,1.0,4.263256414560601e-14,1.0000000000000004,0.0,13.0,28766.88,192,0.9115828431608002,6304,0.9368406785424984,4688,0.938020048013444,4608,0.9375799449766483,9520,1,0.024,2127.8275472356663,0.007466770519368755
96,uniform,13026,0.2,4.0,hybrid_50,0.9370813522954964,0.9323234876080269,23760,801,567,13.608,21672,2088,718,83,6,1.0,4.263256414560601e-14,1.0000000000000002,0.0,7.999999999999986,48326.4,192,0.9280481160314982,6032,0.9345488483920331,4440,0.925768746021409,4328,0.9440039073842719,8960,1,0.024,2127.8275472356663,0.006395255112510701
96,uniform,13026,0.2,2.3,pulse_only,0.9125805208160266,0.7492699350684946,24584,829,586,70.32,24584,0,829,0,7,1.0,4.263256414560601e-14,1.0000000000000004,0.0,13.0,28766.88,192,0.9148578091466861,6240,0.9023302015914363,4544,0.9259779884263591,4496,0.9110069466231555,9304,5,0.12,2127.8275472356663,0.03304779096941156
96,uniform,13026,0.2,4.0,hybrid_50,0.9128151573092765,0.7857256463081086,24624,848,534,64.08,21336,3288,717,131,11,1.0,5.684341886080802e-14,1.0000000000000002,0.0,7.999999999999986,48326.4,192,0.9081231886215861,6288,0.8984488828609118,4648,0.9220537860601028,4464,0.9153789801580456,9224,5,0.12,2127.8275472356663,0.03011522248748425
96,uniform,13026,0.2,2.3,pulse_only,0.894838781477013,0.5748128410510751,24128,828,532,255.35999999999999,24128,0,828,0,10,1.0,4.263256414560601e-14,1.0000000000000002,0.0,13.199999999999989,28766.88,192,0.8788669456777515,6040,0.884132180564655,4464,0.8962987349589018,4432,0.8994621051922473,9192,20,0.48,2127.8275472356663,0.12000972556810204
96,uniform,13026,0.2,4.0,hybrid_50,0.9068310953357275,0.864179588303382,23360,830,430,206.4,20608,2752,716,114,11,1.0,2.842170943040401e-14,1.0000000000000004,0.0,7.999999999999986,48326.4,192,0.8755779043857461,6016,0.89809232922368,4312,0.9067101902919595,4248,0.911260930913635,8784,20,0.48,2127.8275472356663,0.09700034209451858
96,uniform,13027,0.2,4.0,fixed,0.84674909208833,0.012949138502229068,0,0,0,0.0,0,0,0,0,16,1.0,4.263256414560601e-14,1.0000000000000002,0.0,-1.0,48326.4,192,0.8762720180959068,0,0.8467961752975616,0,0.8467350939938968,0,0.846732549530931,0,0,0.0,2102.132036724818,0.0
96,uniform,13027,0.2,2.3,pulse_only,0.9642942700063362,0.9553836093626735,24432,828,570,13.68,24432,0,828,0,8,1.0,4.263256414560601e-14,1.0000000000000002,0.0,13.199999999999989,28766.88,192,0.965629013430733,6288,0.9653719751415946,4576,0.962883568608246,4584,0.9644607681377523,8984,1,0.024,2102.132036724818,0.006507678757093599
96,uniform,13027,0.2,4.0,hybrid_50,0.9300452635018868,0.8166591007508105,24920,862,529,12.696,21040,3880,715,147,7,1.0,4.263256414560601e-14,1.0000000000000002,0.0,7.999999999999986,48326.4,192,0.9480850532216981,6344,0.9329780277675223,4784,0.941237961357191,4416,0.9229825324414165,9376,1,0.024,2102.132036724818,0.006039582565793884
96,uniform,13027,0.2,2.3,pulse_only,0.9540691680731719,0.9358038535247242,24296,828,553,66.36,24296,0,828,0,4,1.0,4.263256414560601e-14,1.0000000000000004,0.0,13.199999999999989,28766.88,192,0.9443140308711384,6168,0.9452455194023525,4472,0.9508861223636035,4600,0.9600725152633659,9056,5,0.12,2102.132036724818,0.031567950462041756
96,uniform,13027,0.2,4.0,hybrid_50,0.9528001648151324,0.9173944324065841,23424,804,516,61.919999999999995,21144,2280,715,89,10,1.0,4.263256414560601e-14,1.0000000000000004,0.0,7.999999999999986,48326.4,192,0.9327564343290187,6064,0.9556395526744218,4448,0.9710152631926519,4160,0.942272921696728,8752,5,0.12,2102.132036724818,0.029455809111055234
96,uniform,13027,0.2,2.3,pulse_only,0.9368159872788505,0.9086214525459079,23592,827,468,224.64,23592,0,827,0,10,1.0,4.263256414560601e-14,1.0000000000000002,0.0,13.400000000000006,28766.88,192,0.9366672244003467,6008,0.9423140089310722,4336,0.9267583504739649,4464,0.9390957948551827,8784,20,0.48,2102.132036724818,0.10686293537964225
96,uniform,13027,0.2,4.0,hybrid_50,0.9246385827968915,0.7617713233161576,23192,827,418,200.64,20504,2688,716,111,12,1.0,4.263256414560601e-14,1.0000000000000004,0.0,7.999999999999986,48326.4,192,0.9438586749698963,5872,0.9431819182568751,4376,0.9189004529178757,4248,0.9182359800064078,8696,20,0.48,2102.132036724818,0.09544595510403944
96,uniform,13028,0.2,4.0,fixed,0.9270980250775076,0.7383455457364843,0,0,0,0.0,0,0,0,0,8,1.0,4.263256414560601e-14,1.0000000000000002,0.0,-1.0,48326.4,192,0.9437410407081913,0,0.9271444109288175,0,0.9270762685769136,0,0.9270857104021499,0,0,0.0,2119.5605673746927,0.0
96,uniform,13028,0.2,2.3,pulse_only,0.9997866910039112,0.9999999999999961,24760,821,632,15.168000000000001,24760,0,821,0,0,1.0,5.684341886080802e-14,1.0000000000000002,0.0,13.200000000000017,28766.88,192,0.9960432510855365,6256,0.9991467640156462,4600,1.0,4520,0.9999999999999993,9384,1,0.024,2119.5605673746927,0.007156200315043239
96,uniform,13028,0.2,4.0,hybrid_50,0.9976089779745817,0.9999999999999952,22400,737,589,14.136000000000001,21896,504,719,18,0,1.0,4.263256414560601e-14,1.0000000000000004,0.0,7.999999999999986,48326.4,192,0.9809088728224004,5696,0.9906918888147195,4232,1.0,4304,0.9998720115418038,8168,1,0.024,2119.5605673746927,0.006669306939177955
96,uniform,13028,0.2,2.3,pulse_only,0.99779102912942,0.9999999999999952,24648,822,615,73.8,24648,0,822,0,0,1.0,5.684341886080802e-14,1.0000000000000002,0.0,13.0,28766.88,192,0.990967806520685,6096,0.9911738805477313,4608,0.9999902359699497,4624,0.9999999999999993,9320,5,0.12,2119.5605673746927,0.03481853792524993
96,uniform,13028,0.2,4.0,hybrid_50,0.9996217377258287,0.9999999999999967,22232,729,592,71.03999999999999,21976,256,719,10,0,1.0,4.263256414560601e-14,1.0000000000000002,0.0,8.0,48326.4,192,0.9905273910109681,5576,0.9984869509033163,4120,1.0,4304,0.9999999999999993,8232,5,0.12,2119.5605673746927,0.033516381222354404
96,uniform,13028,0.2,2.3,pulse_only,0.9910839848684554,0.9999999999999967,23544,824,471,226.07999999999998,23544,0,824,0,2,1.0,4.263256414560601e-14,1.0000000000000002,0.0,13.0,28766.88,192,0.9769678606470226,5760,0.9850116399969325,4584,0.9914426828062213,4328,0.993940808335334,8872,20,0.48,2119.5605673746927,0.10666361861979003
96,uniform,13028,0.2,4.0,hybrid_50,0.9865110127878599,0.9999999999999964,21184,745,413,198.23999999999998,20552,632,719,26,3,1.0,4.263256414560601e-14,1.0000000000000004,0.0,7.9999999999999964,48326.4,192,0.9767255492743206,5208,0.972720060009719,4000,0.9824462882900767,4072,0.9954388514258216,7904,20,0.48,2119.5605673746927,0.09352882057319167
96,uniform,13029,0.2,4.0,fixed,0.9535261067463563,0.8990006497702275,0,0,0,0.0,0,0,0,0,9,1.0,5.684341886080802e-14,1.0000000000000002,0.0,-1.0,48326.4,192,0.9667435302112096,0,0.9518961319009166,0,0.9533737315016432,0,0.9544172817914327,0,0,0.0,2083.708391734165,0.0
96,uniform,13029,0.2,2.3,pulse_only,0.9999999999999997,0.9999999999999964,25296,824,690,16.56,25296,0,824,0,0,1.0,4.263256414560601e-14,1.0000000000000002,0.0,13.0,28766.88,192,0.9999999999999996,6232,1.0,4760,1.0,4768,0.9999999999999993,9536,1,0.024,2083.708391734165,0.007947369250751036
96,uniform,13029,0.2,4.0,hybrid_50,0.9999999999999997,0.9999999999999964,22104,715,618,14.832,22104,0,715,0,0,1.0,4.263256414560601e-14,1.0000000000000004,0.0,15.999999999999986,48326.4,192,0.9999999999999996,5632,1.0,4128,1.0,4088,0.9999999999999993,8256,1,0.024,2083.708391734165,0.007118078546324842
96,uniform,13029,0.2,2.3,pulse_only,0.9999999999999997,0.9999999999999964,25064,825,658,78.96,25064,0,825,0,0,1.0,4.263256414560601e-14,1.0000000000000004,0.0,13.199999999999989,28766.88,192,0.9999999999999996,6096,1.0,4672,1.0,4688,0.9999999999999993,9608,5,0.12,2083.708391734165,0.03789397802169697
96,uniform,13029,0.2,4.0,hybrid_50,0.9999999999999997,0.9999999999999964,21896,715,592,71.03999999999999,21896,0,715,0,0,1.0,4.263256414560601e-14,1.0000000000000002,0.0,15.999999999999986,48326.4,192,0.9999999999999996,5568,1.0,4112,1.0,4056,0.9999999999999993,8160,5,0.12,2083.708391734165,0.03409306229307691
96,uniform,13029,0.2,2.3,pulse_only,0.9921085416454052,0.9999999999999958,23416,825,452,216.95999999999998,23416,0,825,0,1,1.0,4.263256414560601e-14,1.0000000000000002,0.0,13.0,28766.88,192,0.994091366323667,5720,0.9887537627349778,4440,0.9891426956348482,4392,0.9952688541058974,8864,20,0.48,2083.708391734165,0.10412205511128894
96,uniform,13029,0.2,4.0,hybrid_50,0.9989883729702265,0.9999999999999963,20664,719,426,204.48,20568,96,715,4,0,1.0,4.263256414560601e-14,1.0000000000000004,0.0,8.0,48326.4,192,0.9980621248885139,5104,0.9960141409242408,3936,0.9999393509566664,3800,0.9999999999999993,7824,20,0.48,2083.708391734165,0.09813273335709975
96,persistent_damage,13000,0.2,4.0,fixed,0.7122127765507215,0.053509563610148254,0,0,0,0.0,0,0,0,0,32,1.0,2.842170943040401e-14,1.0000000000000002,0.0,-1.0,48326.4,192,0.9593840506699224,0,0.7691978678145986,0,0.6941444057294369,0,0.692754416329425,0,0,0.0,2117.2576872831855,0.0
96,persistent_damage,13000,0.2,2.3,pulse_only,0.9553891860736782,0.9373517035610608,24800,818,646,15.504,24800,0,818,0,9,1.0,2.842170943040401e-14,1.0000000000000002,0.0,13.0,28766.88,192,0.9982107325972291,6472,0.9641664629959309,4680,0.9478812646960703,4480,0.9547545083013557,9168,1,0.024,2117.2576872831855,0.0073226797536838145
96,persistent_damage,13000,0.2,4.0,hybrid_50,0.929820871669419,0.7687656559207136,23616,810,522,12.528,21184,2432,716,94,10,1.0,2.842170943040401e-14,1.0000000000000002,0.0,7.999999999999986,48326.4,192,0.9990504439048845,5512,0.9293848062528499,4680,0.9372860302347792,4488,0.9263063250950238,8936,1,0.024,2117.2576872831855,0.005917087974338934
96,persistent_damage,13000,0.2,2.3,pulse_only,0.8835586925751256,0.47192116502100434,23344,820,458,54.96,23344,0,820,0,16,1.0,2.842170943040401e-14,1.0000000000000002,0.0,13.0,28766.88,192,0.9944930803125289,6408,0.9154014429682041,4464,0.8850584642189846,4208,0.8668874315566568,8264,5,0.12,2117.2576872831855,0.025958106247578848
96,persistent_damage,13000,0.2,4.0,hybrid_50,0.9159322437566882,0.5404868209115137,23232,814,462,55.44,20800,2432,717,97,9,1.0,4.263256414560601e-14,1.0000000000000002,0.0,7.999999999999986,48326.4,192,0.9959625216109016,5432,0.9299084064989999,4536,0.9126624024196929,4384,0.9105790830540301,8880,5,0.12,2117.2576872831855,0.026184814599086084
96,persistent_damage,13000,0.2,2.3,pulse_only,0.8488582461318902,0.3619902505993565,21192,821,186,89.28,21192,0,821,0,20,1.0,2.842170943040401e-14,1.0000000000000002,0.0,13.399999999999991,28766.88,192,0.9765917443538591,6016,0.9075944359551543,4104,0.8322835371987971,3656,0.8277775056868046,7416,20,0.48,2117.2576872831855,0.04216775338034642
96,persistent_damage,13000,0.2,4.0,hybrid_50,0.8703370051182783,0.28327721272539197,21320,830,175,84.0,18560,2760,716,114,14,1.0,2.842170943040401e-14,1.0000000000000002,0.0,7.999999999999986,48326.4,192,0.9676446615374119,5312,0.8891535313497508,4296,0.8651560937129732,3960,0.8635191977051946,7752,20,0.48,2117.2576872831855,0.0396739615137668
96,persistent_damage,13001,0.2,4.0,fixed,0.6941195588274325,0.1648214853230617,0,0,0,0.0,0,0,0,0,38,1.0,4.263256414560601e-14,1.0000000000000002,0.0,-1.0,48326.4,192,0.9653443872038792,0,0.7414462746917206,0,0.6837614492448033,0,0.6756352556866031,0,0,0.0,2103.4933919239197,0.0
96,persistent_damage,13001,0.2,2.3,pulse_only,0.9119521333948142,0.8074251607141558,24320,826,562,13.488,24320,0,826,0,12,1.0,2.842170943040401e-14,1.0000000000000004,0.0,13.200000000000017,28766.88,192,0.9963742013336827,6368,0.8828180366442969,4368,0.9145209090607266,4544,0.9252347939371165,9040,1,0.024,2103.4933919239197,0.006412190336221337
96,persistent_damage,13001,0.2,4.0,hybrid_50,0.9006885260577239,0.5081255086408824,23864,828,499,11.976,21104,2760,717,111,14,1.0,4.263256414560601e-14,1.0000000000000002,0.0,8.0,48326.4,192,0.9933805950184937,5752,0.8955361344168348,4568,0.8954992787862702,4592,0.9058593455138949,8952,1,0.024,2103.4933919239197,0.0056933860814491945
96,persistent_damage,13001,0.2,2.3,pulse_only,0.8633816633240707,0.2687404513025135,23776,826,494,59.28,23776,0,826,0,16,1.0,2.842170943040401e-14,1.0000000000000004,0.0,13.0,28766.88,192,0.9936109028109968,6248,0.8403771957300471,4312,0.8647588431757037,4416,0.8741953071952657,8800,5,0.12,2103.4933919239197,0.028181690623606235
96,persistent_damage,13001,0.2,4.0,hybrid_50,0.8656194129509991,0.27984333956171764,24088,850,461,55.32,20744,3344,715,135,16,1.0,2.842170943040401e-14,1.0000000000000004,0.0,7.999999999999986,48326.4,192,0.9845939243926353,5696,0.8655114642904012,4528,0.8506033471435601,4800,0.8731814201850177,9064,5,0.12,2103.4933919239197,0.026299108051583954
96,persistent_damage,13001,0.2,2.3,pulse_only,0.8286861874956204,0.1772498491647689,22336,829,305,146.4,22336,0,829,0,19,1.0,4.263256414560601e-14,1.0000000000000002,0.0,13.199999999999989,28766.88,192,0.9787644333543264,5816,0.8411637938611042,4152,0.8258440851231184,4176,0.8238684354991295,8192,20,0.48,2103.4933919239197,0.06959850720809636
96,persistent_damage,13001,0.2,4.0,hybrid_50,0.7905018232117208,0.16728702360935085,23944,913,254,121.92,19168,4776,714,199,24,1.0,2.842170943040401e-14,1.0000000000000004,0.0,7.999999999999986,48326.4,192,0.9768903489872459,5504,0.8113141026005382,4608,0.7871330512567151,4648,0.781780069494815,9184,20,0.48,2103.4933919239197,0.057960724035595004
96,persistent_damage,13002,0.2,4.0,fixed,0.7618217991321644,0.18585649086809167,0,0,0,0.0,0,0,0,0,33,1.0,4.263256414560601e-14,1.0000000000000002,0.0,-1.0,48326.4,192,0.9986565165063309,0,0.8569753786530042,0,0.7476562246481425,0,0.7213277966137557,0,0,0.0,2106.959737963818,0.0
96,persistent_damage,13002,0.2,2.3,pulse_only,0.9999999999999994,0.9999999999999961,25632,820,744,17.856,25632,0,820,0,0,1.0,4.263256414560601e-14,1.0000000000000002,0.0,13.0,28766.88,192,0.9999999999999994,6344,0.9999999999999997,4816,0.9999999999999997,4840,0.9999999999999991,9632,1,0.024,2106.959737963818,0.00847477038989657
96,persistent_damage,13002,0.2,4.0,hybrid_50,0.9981185082129791,0.9999999999999947,22632,725,654,15.696,22424,208,718,7,0,1.0,4.263256414560601e-14,1.0000000000000002,0.0,8.0,48326.4,192,0.9999999999999994,5608,0.9944149401859441,4224,0.9980590926659736,4288,0.9999999999999991,8512,1,0.024,2106.959737963818,0.007449596552409081
96,persistent_damage,13002,0.2,2.3,pulse_only,0.981968447484358,0.9765683719691675,24720,823,621,74.52,24720,0,823,0,7,1.0,4.263256414560601e-14,1.0000000000000002,0.0,13.0,28766.88,192,0.9999999999999994,6384,0.997380095860401,4800,0.9856367961728547,4576,0.9724284489520881,8960,5,0.12,2106.959737963818,0.03536849739331834
96,persistent_damage,13002,0.2,4.0,hybrid_50,0.9761526586970122,0.9892977125113326,22512,752,558,66.96,21656,856,718,34,3,1.0,4.263256414560601e-14,1.0000000000000002,0.0,7.999999999999986,48326.4,192,0.9999999999999994,5608,0.9723711492257993,4280,0.9723978040647686,4184,0.9799208407487401,8440,5,0.12,2106.959737963818,0.03178038896211213
96,persistent_damage,13002,0.2,2.3,pulse_only,0.8169361551267978,0.36117111388732603,21064,826,155,74.39999999999999,21064,0,826,0,27,1.0,4.263256414560601e-14,1.0000000000000004,0.0,13.399999999999991,28766.88,192,0.9999999999999994,5904,0.8832853908985838,3976,0.7960056595028502,3648,0.7942267850528786,7536,20,0.48,2106.959737963818,0.0353115432912357
96,persistent_damage,13002,0.2,4.0,hybrid_50,0.8454711623513823,0.4154683918361707,22576,888,158,75.84,18448,4128,716,172,26,1.0,2.842170943040401e-14,1.0000000000000002,0.0,7.999999999999986,48326.4,192,0.9999999999999994,5328,0.9135156945644404,3928,0.8267853660684948,4440,0.8207917943862969,8880,20,0.48,2106.959737963818,0.03599499251622737
96,persistent_damage,13003,0.2,4.0,fixed,0.71997332656496,0.12126468212661896,0,0,0,0.0,0,0,0,0,33,1.0,4.263256414560601e-14,1.0000000000000002,0.0,-1.0,48326.4,192,0.9954741633930851,0,0.7987449199472679,0,0.6943311438296252,0,0.6934086212414735,0,0,0.0,2133.4937514495837,0.0
96,persistent_damage,13003,0.2,2.3,pulse_only,0.9769377604208789,0.9671038776998614,25200,820,690,16.56,25200,0,820,0,4,1.0,4.263256414560601e-14,1.0000000000000004,0.0,13.0,28766.88,192,1.0000000000000002,6424,0.9825758631758577,4888,0.9722662922893006,4696,0.9764544431091785,9192,1,0.024,2133.4937514495837,0.007761916335001427
96,persistent_damage,13003,0.2,4.0,hybrid_50,0.9949909079255083,0.999999999999995,22640,734,628,15.072000000000001,22248,392,719,15,2,1.0,4.263256414560601e-14,1.0000000000000002,0.0,7.999999999999986,48326.4,192,1.0000000000000002,5504,0.9994537890075409,4392,0.9929796610750636,4304,0.9937650908097142,8440,1,0.024,2133.4937514495837,0.00706446878026217
96,persistent_damage,13003,0.2,2.3,pulse_only,0.9454536520948758,0.8674233515317483,23952,821,531,63.72,23952,0,821,0,12,1.0,4.263256414560601e-14,1.0000000000000002,0.0,13.0,28766.88,192,1.0000000000000002,6448,0.9567657304594482,4592,0.9545392680928904,4400,0.9352548049135821,8512,5,0.12,2133.4937514495837,0.02986650415859245
96,persistent_damage,13003,0.2,4.0,hybrid_50,0.9462670351527531,0.815031014555167,22616,786,469,56.28,20976,1640,718,68,10,1.0,4.263256414560601e-14,1.0000000000000004,0.0,7.999999999999986,48326.4,192,1.0000000000000002,5520,0.979883828690469,4304,0.9391117528572998,4256,0.933036279531622,8536,5,0.12,2133.4937514495837,0.02637926638489616
96,persistent_damage,13003,0.2,2.3,pulse_only,0.8737776044672411,0.3866813681635105,21232,823,185,88.8,21232,0,823,0,17,1.0,4.263256414560601e-14,1.0000000000000002,0.0,13.399999999999991,28766.88,192,1.0000000000000002,5944,0.9189610484362497,4088,0.860139967448259,3808,0.8580047009922278,7392,20,0.48,2133.4937514495837,0.04162187020218157
96,persistent_damage,13003,0.2,4.0,hybrid_50,0.859796417349976,0.3270760793119693,21496,839,170,81.6,18592,2904,718,121,18,1.0,2.842170943040401e-14,1.0000000000000002,0.0,7.999999999999986,48326.4,192,1.0000000000000002,5248,0.8974958975632862,4200,0.8519215045500966,3912,0.8448841336432608,8136,20,0.48,2133.4937514495837,0.03824712396957225
96,persistent_damage,13004,0.2,4.0,fixed,0.7351865372222744,0.09153245184553102,0,0,0,0.0,0,0,0,0,28,1.0,4.263256414560601e-14,1.0000000000000002,0.0,-1.0,48326.4,192,0.9629212044840506,0,0.7907865381886514,0,0.7222358196992026,0,0.7138618955006221,0,0,0.0,2140.108497582723,0.0
96,persistent_damage,13004,0.2,2.3,pulse_only,0.893101923145409,0.4103838782678896,24512,824,592,14.208,24512,0,824,0,18,1.0,4.263256414560601e-14,1.0000000000000002,0.0,13.000000000000028,28766.88,192,0.9982503632622572,6200,0.9042924893726524,4624,0.8786511961998061,4600,0.894732003504589,9088,1,0.024,2140.108497582723,0.006638915744714859
96,persistent_damage,13004,0.2,4.0,hybrid_50,0.9241919254556796,0.7072912914105111,23280,798,516,12.384,21184,2096,717,81,10,1.0,4.263256414560601e-14,1.0000000000000004,0.0,7.999999999999986,48326.4,192,1.0,5520,0.9421087533991411,4312,0.919436300607129,4368,0.9176113239082244,9080,1,0.024,2140.108497582723,0.005786622507217681
96,persistent_damage,13004,0.2,2.3,pulse_only,0.9239553944589658,0.8001053945422049,24184,822,557,66.84,24184,0,822,0,9,1.0,4.263256414560601e-14,1.0000000000000002,0.0,13.0,28766.88,192,0.9993836590762287,6224,0.9288832373395538,4616,0.9237285640229701,4544,0.9216048882366694,8800,5,0.12,2140.108497582723,0.03123206140039
96,persistent_damage,13004,0.2,4.0,hybrid_50,0.8830030788648606,0.42507815379233826,23872,835,479,57.48,20832,3040,714,121,16,1.0,5.684341886080802e-14,1.0000000000000002,0.0,7.999999999999986,48326.4,192,1.0,5488,0.8883225828735225,4688,0.8898455884162654,4536,0.8769220720848272,9160,5,0.12,2140.108497582723,0.026858451365865007
96,persistent_damage,13004,0.2,2.3,pulse_only,0.8232546215919664,0.24800461602221494,22376,824,325,156.0,22376,0,824,0,19,1.0,4.263256414560601e-14,1.0000000000000002,0.0,13.0,28766.88,192,0.9923769824528298,5728,0.8456188523299295,4360,0.819425216388001,4176,0.8139872088249672,8112,20,0.48,2140.108497582723,0.07289350057541652
96,persistent_damage,13004,0.2,4.0,hybrid_50,0.8514577523939968,0.3063253756887672,22752,836,336,161.28,19776,2976,712,124,16,1.0,4.263256414560601e-14,1.0000000000000002,0.0,7.999999999999986,48326.4,192,0.9932553838132607,5264,0.8709162973804228,4360,0.8362096564540591,4352,0.8493525278707523,8776,20,0.48,2140.108497582723,0.07536066521027678
96,persistent_damage,13005,0.2,4.0,fixed,0.6781003109938776,0.0011717708506025735,0,0,0,0.0,0,0,0,0,27,1.0,4.263256414560601e-14,1.0000000000000002,0.0,-1.0,48326.4,192,0.9115109056677142,0,0.6995373233336803,0,0.6710068175971482,0,0.670928551522341,0,0,0.0,2112.3853529659614,0.0
96,persistent_damage,13005,0.2,2.3,pulse_only,0.8685353770224106,0.459900996138343,23744,813,529,12.696,23744,0,813,0,15,1.0,4.263256414560601e-14,1.0000000000000002,0.0,13.200000000000003,28766.88,192,0.9603534908216783,6112,0.85466038551486,4640,0.8677061783727591,4368,0.8758874721010116,8624,1,0.024,2112.3853529659614,0.0060102670103131415
96,persistent_damage,13005,0.2,4.0,hybrid_50,0.8451695915042626,0.1968745820984691,24384,874,426,10.224,20336,4048,715,159,12,1.0,4.263256414560601e-14,1.0000000000000004,0.0,7.999999999999986,48326.4,192,0.9483512408897871,5576,0.8229230069005345,4928,0.8576535682950293,4816,0.8500508954107435,9064,1,0.024,2112.3853529659614,0.004840025985620791
96,persistent_damage,13005,0.2,2.3,pulse_only,0.8466970583038128,0.20418565455730844,23400,813,486,58.32,23400,0,813,0,14,1.0,4.263256414560601e-14,1.0000000000000004,0.0,13.0,28766.88,192,0.9445196553328934,6024,0.8462044505628291,4584,0.8407593677377256,4280,0.8499122074573484,8512,5,0.12,2112.3853529659614,0.02760859893206226
96,persistent_damage,13005,0.2,4.0,hybrid_50,0.7929180738274979,0.10534168368590296,24560,900,370,44.4,19992,4568,715,185,24,1.0,2.842170943040401e-14,1.0000000000000002,0.0,7.999999999999986,48326.4,192,0.9429086906380203,5344,0.8047557894246391,4720,0.7979823983604859,4720,0.7844670537624334,9776,5,0.12,2112.3853529659614,0.021018892191076204
96,persistent_damage,13005,0.2,2.3,pulse_only,0.7754270507806768,0.037255790114995954,22056,815,312,149.76,22056,0,815,0,24,1.0,2.842170943040401e-14,1.0000000000000004,0.0,13.199999999999989,28766.88,192,0.9408124981323628,5656,0.7989570749046745,4336,0.7595120100033242,3968,0.7716195591073544,8096,20,0.48,2112.3853529659614,0.07089615528233272
96,persistent_damage,13005,0.2,4.0,hybrid_50,0.8014014646112554,0.03925988556213691,23104,869,281,134.88,19328,3776,712,157,16,1.0,2.842170943040401e-14,1.0000000000000002,0.0,7.999999999999986,48326.4,192,0.9346404080639971,5080,0.8141172964026592,4456,0.7926432449278106,4632,0.7994226585572762,8936,20,0.48,2112.3853529659614,0.06385198600748555
96,persistent_damage,13006,0.2,4.0,fixed,0.7667407779122686,0.10952135747965376,0,0,0,0.0,0,0,0,0,27,1.0,4.263256414560601e-14,1.0000000000000004,0.0,-1.0,48326.4,192,1.0000000000000002,0,0.8140645912896985,0,0.7525696189659092,0,0.7501644506967331,0,0,0.0,2124.6958924309733,0.0
96,persistent_damage,13006,0.2,2.3,pulse_only,1.0000000000000002,0.9999999999999969,25656,824,735,17.64,25656,0,824,0,0,1.0,4.263256414560601e-14,1.0000000000000004,0.0,13.0,28766.88,192,1.0000000000000002,6376,1.0000000000000004,4800,1.0000000000000004,4776,1.0,9704,1,0.024,2124.6958924309733,0.008302364617374571
96,persistent_damage,13006,0.2,4.0,hybrid_50,1.0000000000000002,0.9999999999999969,22496,719,655,15.72,22496,0,719,0,0,1.0,4.263256414560601e-14,1.0000000000000002,0.0,15.999999999999986,48326.4,192,1.0000000000000002,5568,1.0000000000000004,4224,1.0000000000000004,4176,1.0,8528,1,0.024,2124.6958924309733,0.007398705883510672
96,persistent_damage,13006,0.2,2.3,pulse_only,0.9718096142568652,0.9091212779750247,24304,825,563,67.56,24304,0,825,0,13,1.0,4.263256414560601e-14,1.0000000000000002,0.0,13.000000000000014,28766.88,192,1.0000000000000002,6400,0.9806315043067712,4664,0.9852481769924851,4528,0.9606793878641021,8712,5,0.12,2124.6958924309733,0.03179749169783594
96,persistent_damage,13006,0.2,4.0,hybrid_50,0.9716341239299461,0.9415689376054656,21920,766,442,53.04,20744,1176,718,48,13,1.0,4.263256414560601e-14,1.0000000000000002,0.0,7.999999999999986,48326.4,192,1.0000000000000002,5600,0.9842526298996906,4344,0.9707941407515628,4080,0.9657448625342656,7896,5,0.12,2124.6958924309733,0.024963572522990207
96,persistent_damage,13006,0.2,2.3,pulse_only,0.8782996330091771,0.4053464824446776,21096,827,156,74.88,21096,0,827,0,16,1.0,2.842170943040401e-14,1.0000000000000004,0.0,13.399999999999991,28766.88,192,1.0000000000000002,5992,0.9262433255592127,3896,0.8683266478985511,3744,0.8593142792894725,7464,20,0.48,2124.6958924309733,0.03524269062069205
96,persistent_damage,13006,0.2,4.0,hybrid_50,0.8571666839108198,0.30639703638930266,21608,848,157,75.36,18488,3120,718,130,20,1.0,4.263256414560601e-14,1.0000000000000004,0.0,7.999999999999986,48326.4,192,1.0000000000000002,5248,0.9105096744732497,4024,0.8459175233545511,4104,0.8361197689077391,8232,20,0.48,2124.6958924309733,0.03546860530415803
96,persistent_damage,13007,0.2,4.0,fixed,0.7140566340033623,0.007623253699466403,0,0,0,0.0,0,0,0,0,35,1.0,4.263256414560601e-14,1.0000000000000002,0.0,-1.0,48326.4,192,0.9299125771521607,0,0.7637460458768904,0,0.7022042123133565,0,0.6951381389116013,0,0,0.0,2085.202952567334,0.0
96,persistent_damage,13007,0.2,2.3,pulse_only,0.9389050565511159,0.8153343372450879,24440,825,580,13.92,24440,0,825,0,5,1.0,4.263256414560601e-14,1.0000000000000002,0.0,13.0,28766.88,192,1.0000000000000002,6384,0.9505300980622711,4760,0.9312094622718823,4464,0.936940332935155,8832,1,0.024,2085.202952567334,0.006675609193273721
96,persistent_damage,13007,0.2,4.0,hybrid_50,0.9684717967543468,0.8998082972087902,22632,784,477,11.448,20880,1752,718,66,4,1.0,4.263256414560601e-14,1.0000000000000002,0.0,7.999999999999986,48326.4,192,0.9998420671302201,5640,0.9813294026674659,4360,0.9539740053952807,4248,0.9692918894773201,8384,1,0.024,2085.202952567334,0.005490113077916491
96,persistent_damage,13007,0.2,2.3,pulse_only,0.9052661557055708,0.5281009732418731,23408,825,451,54.12,23408,0,825,0,11,1.0,4.263256414560601e-14,1.0000000000000002,0.0,13.199999999999989,28766.88,192,0.9994523018617876,6264,0.8905471450621074,4336,0.9011964271670935,4224,0.9146605252965411,8584,5,0.12,2085.202952567334,0.02595430815660731
96,persistent_damage,13007,0.2,4.0,hybrid_50,0.9019490727141257,0.6030852286367137,23240,834,403,48.36,20264,2976,717,117,10,1.0,4.263256414560601e-14,1.0000000000000004,0.0,7.999999999999986,48326.4,192,0.998610646859054,5568,0.9107781831486078,4408,0.9018309078386308,4320,0.8975935999346322,8944,5,0.12,2085.202952567334,0.023191987111114736
96,persistent_damage,13007,0.2,2.3,pulse_only,0.8324313217408246,0.293125965935931,21640,826,227,108.96,21640,0,826,0,21,1.0,2.842170943040401e-14,1.0000000000000002,0.0,13.0,28766.88,192,0.9947867855778257,5728,0.8562325780662093,4032,0.804790184499617,3856,0.8343512621987361,8024,20,0.48,2085.202952567334,0.05225390644390119
96,persistent_damage,13007,0.2,4.0,hybrid_50,0.8441931823799108,0.2860927842751385,22296,859,210,100.8,18816,3480,714,145,18,1.0,4.263256414560601e-14,1.0000000000000002,0.0,7.999999999999986,48326.4,192,0.9923345893945588,5208,0.8711794252141887,4272,0.8461922532173792,4224,0.8297005255440377,8592,20,0.48,2085.202952567334,0.04834061829612005
96,persistent_damage,13008,0.2,4.0,fixed,0.5754302374094162,0.0,0,0,0,0.0,0,0,0,0,39,1.0,2.842170943040401e-14,1.0000000000000002,0.0,-1.0,48326.4,192,0.8058153856714888,0,0.6142125741168295,0,0.5646593449489342,0,0.5614245152859505,0,0,0.0,2101.8318562058084,0.0
96,persistent_damage,13008,0.2,2.3,pulse_only,0.7995763578349281,0.048422373491866226,23824,820,518,12.432,23824,0,820,0,18,1.0,4.263256414560601e-14,1.0000000000000002,0.0,13.0,28766.88,192,0.8616826087368787,6152,0.765294864714071,4448,0.8074488365088447,4376,0.8127808650583983,8848,1,0.024,2101.8318562058084,0.005914840410898538
96,persistent_damage,13008,0.2,4.0,hybrid_50,0.7668591764382731,0.04754124388723026,26016,946,414,9.936,20208,5808,713,233,22,1.0,4.263256414560601e-14,1.0000000000000004,0.0,7.999999999999986,48326.4,192,0.8647262733355274,6272,0.7630748128590317,5152,0.7484718602042603,5008,0.7779450163449,9584,1,0.024,2101.8318562058084,0.00472730488438609
96,persistent_damage,13008,0.2,2.3,pulse_only,0.7708174959593326,0.010174495892892496,23000,822,409,49.08,23000,0,822,0,19,1.0,4.263256414560601e-14,1.0000000000000004,0.0,13.0,28766.88,192,0.8621799873761045,6048,0.7634194223032196,4288,0.758104253938073,4176,0.7808731537980187,8488,5,0.12,2101.8318562058084,0.02335105915113419
96,persistent_damage,13008,0.2,4.0,hybrid_50,0.7835249007736292,0.015066222906014283,25048,920,371,44.519999999999996,19968,5080,712,208,19,1.0,2.842170943040401e-14,1.0000000000000004,0.0,7.999999999999986,48326.4,192,0.8725538692564828,6032,0.7753892184762682,5008,0.7849914887187268,4760,0.786859447949761,9248,5,0.12,2101.8318562058084,0.021181523093082598
96,persistent_damage,13008,0.2,2.3,pulse_only,0.7154542071831276,7.097545976958227e-05,22048,824,284,136.32,22048,0,824,0,27,1.0,4.263256414560601e-14,1.0000000000000002,0.0,13.199999999999989,28766.88,192,0.8564203696611218,5712,0.7273143116393554,4056,0.7098609809067105,4064,0.7123207680932221,8216,20,0.48,2101.8318562058084,0.0648577095249106
96,persistent_damage,13008,0.2,4.0,hybrid_50,0.72442916111874,7.058838305777701e-05,24296,933,238,114.24,19008,5288,713,220,22,1.0,2.842170943040401e-14,1.0000000000000004,0.0,7.999999999999986,48326.4,192,0.8581922575546079,5776,0.7304381369315167,4672,0.7196159153385436,4760,0.7238312961024498,9088,20,0.48,2101.8318562058084,0.05435258755960818
96,persistent_damage,13009,0.2,4.0,fixed,0.8012222988262551,0.3370144663046874,0,0,0,0.0,0,0,0,0,30,1.0,4.263256414560601e-14,1.0000000000000002,0.0,-1.0,48326.4,192,0.9980272415509888,0,0.9039474775972234,0,0.793843734039689,0,0.753548991834054,0,0,0.0,2113.6318917007716,0.0
96,persistent_damage,13009,0.2,2.3,pulse_only,0.9851811541087816,0.9976582313124716,25168,821,683,16.392,25168,0,821,0,3,1.0,5.684341886080802e-14,1.0000000000000002,0.0,13.199999999999989,28766.88,192,0.9999999999999994,6344,0.9945237423002992,4816,0.981407333283932,4752,0.9823967704254478,9256,1,0.024,2113.6318917007716,0.007755371247171088
96,persistent_damage,13009,0.2,4.0,hybrid_50,0.9772720628515406,0.9837975708059525,22808,759,574,13.776,21704,1104,718,41,5,1.0,5.684341886080802e-14,1.0000000000000004,0.0,7.999999999999986,48326.4,192,0.9999999999999994,5536,0.9818051471542656,4376,0.9746003019609989,4256,0.9763414011454489,8640,1,0.024,2113.6318917007716,0.006517691209189172
96,persistent_damage,13009,0.2,2.3,pulse_only,0.9611667372538407,0.9490589880782259,24296,822,571,68.52,24296,0,822,0,8,1.0,4.263256414560601e-14,1.0000000000000002,0.0,13.399999999999991,28766.88,192,0.9999999999999994,6320,0.9817978485801574,4760,0.9581227807049906,4376,0.9523731598651075,8840,5,0.12,2113.6318917007716,0.03241813310493918
96,persistent_damage,13009,0.2,4.0,hybrid_50,0.9657959917734937,0.8946401728402407,22648,777,500,60.0,21080,1568,715,62,15,1.0,4.263256414560601e-14,1.0000000000000002,0.0,7.999999999999986,48326.4,192,0.9999999999999994,5560,0.9863453177527849,4360,0.966320614985793,4256,0.9552590171776982,8472,5,0.12,2113.6318917007716,0.028387156834447615
96,persistent_damage,13009,0.2,2.3,pulse_only,0.8371035056982997,0.3377317031784944,21048,824,159,76.32,21048,0,824,0,24,1.0,4.263256414560601e-14,1.0000000000000002,0.0,13.599999999999994,28766.88,192,0.9999999999999994,5992,0.9023939414293608,3920,0.8196369576232285,3696,0.813191561870305,7440,20,0.48,2113.6318917007716,0.03610846349341736
96,persistent_damage,13009,0.2,4.0,hybrid_50,0.8259676358802535,0.32206313703495065,22616,893,148,71.03999999999999,18344,4272,715,178,27,1.0,4.263256414560601e-14,1.0000000000000002,0.0,7.999999999999986,48326.4,192,0.9998388033415794,5224,0.9000644757845241,4096,0.803504730664743,4416,0.8001506685358735,8880,20,0.48,2113.6318917007716,0.03361039369198597
96,persistent_damage,13010,0.2,4.0,fixed,0.7995346062015916,0.20965650978928396,0,0,0,0.0,0,0,0,0,25,1.0,4.263256414560601e-14,1.0000000000000002,0.0,-1.0,48326.4,192,0.9799094401818345,0,0.8509634360951049,0,0.7961154378984883,0,0.7755297754063867,0,0,0.0,2114.6964217071663,0.0
96,persistent_damage,13010,0.2,2.3,pulse_only,1.0,0.9999999999999971,25696,823,743,17.832,25696,0,823,0,0,1.0,4.263256414560601e-14,1.0000000000000004,0.0,13.0,28766.88,192,1.0,6264,1.0,4952,1.0,4864,0.9999999999999997,9616,1,0.024,2114.6964217071663,0.008432416027641672
96,persistent_damage,13010,0.2,4.0,hybrid_50,0.9960298920216275,0.9999999999999954,22488,727,630,15.120000000000001,22192,296,717,10,0,1.0,2.842170943040401e-14,1.0000000000000002,0.0,8.0,48326.4,192,0.9997007350649603,5672,0.9848711359421382,4328,0.9992484321443723,4136,0.9999999999999997,8352,1,0.024,2114.6964217071663,0.007149962446048793
96,persistent_damage,13010,0.2,2.3,pulse_only,0.9461976540196027,0.840325942788376,24048,826,528,63.36,24048,0,826,0,12,1.0,4.263256414560601e-14,1.0000000000000002,0.0,13.199999999999989,28766.88,192,1.0,6264,0.9978900101840433,4952,0.9407312475578055,4352,0.9230846791682807,8480,5,0.12,2114.6964217071663,0.029961747392966368
96,persistent_damage,13010,0.2,4.0,hybrid_50,0.9608649822375311,0.828804775510368,22016,782,406,48.72,20392,1624,716,66,11,1.0,4.263256414560601e-14,1.0000000000000002,0.0,7.999999999999986,48326.4,192,0.9998858396082451,5616,0.9942041367469813,4112,0.9747893134781784,3952,0.9372332393624826,8336,5,0.12,2114.6964217071663,0.023038767881712774
96,persistent_damage,13010,0.2,2.3,pulse_only,0.8558499405432032,0.36717947858467825,21104,829,151,72.48,21104,0,829,0,22,1.0,4.263256414560601e-14,1.0000000000000002,0.0,13.399999999999991,28766.88,192,1.0,5752,0.9181692363479932,4096,0.835777826861663,3720,0.8347263494815784,7536,20,0.48,2114.6964217071663,0.03427442315407517
96,persistent_damage,13010,0.2,4.0,hybrid_50,0.7870523435885862,0.28147414863302084,23048,909,154,73.92,18344,4704,714,195,27,1.0,2.842170943040401e-14,1.0000000000000002,0.0,7.999999999999986,48326.4,192,0.993827340170232,5416,0.8565384044838797,4312,0.7651446884953287,4512,0.7632631406875685,8808,20,0.48,2114.6964217071663,0.03495537195846076
96,persistent_damage,13011,0.2,4.0,fixed,0.681261036582729,0.0013377562849097718,0,0,0,0.0,0,0,0,0,32,1.0,4.263256414560601e-14,1.0000000000000002,0.0,-1.0,48326.4,192,0.8863964004331457,0,0.7493113696716426,0,0.6679040767236142,0,0.6539143499678294,0,0,0.0,2131.2987178674207,0.0
96,persistent_damage,13011,0.2,2.3,pulse_only,0.9510645743762239,0.9317184505644769,24944,823,649,15.576,24944,0,823,0,5,1.0,4.263256414560601e-14,1.0000000000000002,0.0,13.0,28766.88,192,0.9681249087510908,6400,0.9520395768821284,4704,0.9404180477773784,4656,0.9559003364226943,9184,1,0.024,2131.2987178674207,0.007308220039462774
96,persistent_damage,13011,0.2,4.0,hybrid_50,0.955736432072437,0.9126900849147328,24160,795,635,15.24,22040,2120,717,78,8,1.0,4.263256414560601e-14,1.0000000000000004,0.0,7.999999999999986,48326.4,192,0.9757888901508218,5864,0.942483636845795,4752,0.9700054584000094,4496,0.9552283165219716,9048,1,0.024,2131.2987178674207,0.007150569684220125
96,persistent_damage,13011,0.2,2.3,pulse_only,0.9020796659748382,0.5871036042987953,23592,823,480,57.599999999999994,23592,0,823,0,15,1.0,4.263256414560601e-14,1.0000000000000004,0.0,13.0,28766.88,192,0.9746432892899798,6392,0.9301846542208793,4472,0.8967227600612411,4320,0.8907056248086164,8408,5,0.12,2131.2987178674207,0.027025775184454013
96,persistent_damage,13011,0.2,4.0,hybrid_50,0.9064070745692488,0.5831247660825071,23608,837,440,52.8,20632,2976,715,122,18,1.0,2.842170943040401e-14,1.0000000000000004,0.0,7.999999999999986,48326.4,192,0.969735069100397,5688,0.9245510769243125,4528,0.9222715072912961,4312,0.8894028570306934,9080,5,0.12,2131.2987178674207,0.02477362725241618
96,persistent_damage,13011,0.2,2.3,pulse_only,0.8387743673354894,0.14370753287541946,22160,824,298,143.04,22160,0,824,0,18,1.0,4.263256414560601e-14,1.0000000000000004,0.0,13.0,28766.88,192,0.9553750703958981,6104,0.872865125002767,4040,0.8356357350651862,4096,0.8232983046370025,7920,20,0.48,2131.2987178674207,0.06711400837472747
96,persistent_damage,13011,0.2,4.0,hybrid_50,0.8485436050296895,0.4637145781327584,23536,887,281,134.88,19344,4192,713,174,20,1.0,4.263256414560601e-14,1.0000000000000002,0.0,7.999999999999986,48326.4,192,0.952444746909619,5584,0.8832106636511594,4408,0.8211164476082429,4560,0.8449236544296779,8984,20,0.48,2131.2987178674207,0.06328535689026316
96,persistent_damage,13012,0.2,4.0,fixed,0.6372739654099483,0.0008327833259434004,0,0,0,0.0,0,0,0,0,40,1.0,2.842170943040401e-14,1.0000000000000002,0.0,-1.0,48326.4,192,0.9040683154769156,0,0.6892405387635248,0,0.6286466715290063,0,0.6156043256736309,0,0,0.0,2101.7872527532872,0.0
96,persistent_damage,13012,0.2,2.3,pulse_only,0.8472030278422635,0.27886877271769145,24416,833,553,13.272,24416,0,833,0,19,1.0,4.263256414560601e-14,1.0000000000000002,0.0,13.0,28766.88,192,0.9566220264454213,6408,0.8505526166902069,4376,0.8466887009913722,4632,0.8457853968437375,9000,1,0.024,2101.7872527532872,0.006314625794125462
96,persistent_damage,13012,0.2,4.0,hybrid_50,0.8575349917564337,0.3130323767244224,25624,903,494,11.856,20816,4808,713,190,22,1.0,2.842170943040401e-14,1.0000000000000002,0.0,7.999999999999986,48326.4,192,0.9503511361450823,6264,0.838446091942758,5040,0.854819010776549,5000,0.8684374321532137,9320,1,0.024,2101.7872527532872,0.00564091345804336
96,persistent_damage,13012,0.2,2.3,pulse_only,0.8615478424009648,0.2883505362307936,24016,831,509,61.08,24016,0,831,0,13,1.0,4.263256414560601e-14,1.0000000000000002,0.0,13.199999999999989,28766.88,192,0.9424640426812324,6264,0.8493484604488041,4272,0.8562641998727,4512,0.8702893546411776,8968,5,0.12,2101.7872527532872,0.029060981276761846
96,persistent_damage,13012,0.2,4.0,hybrid_50,0.8364672534245887,0.2379676007952207,24960,889,453,54.36,20680,4280,713,176,16,1.0,4.263256414560601e-14,1.0000000000000002,0.0,7.999999999999986,48326.4,192,0.9458107903041186,5992,0.8143995137169907,4848,0.831336720424827,4872,0.8500663897782686,9248,5,0.12,2101.7872527532872,0.025863702393660346
96,persistent_damage,13012,0.2,2.3,pulse_only,0.7739526563610282,0.06743925540515161,22712,831,346,166.07999999999998,22712,0,831,0,22,1.0,2.842170943040401e-14,1.0000000000000002,0.0,13.199999999999989,28766.88,192,0.9174834906970977,5848,0.7762280547130236,4104,0.7618857696603432,4304,0.7788484005353726,8456,20,0.48,2101.7872527532872,0.07901846382522278
96,persistent_damage,13012,0.2,4.0,hybrid_50,0.7816754097157371,0.029737888593580765,24448,903,347,166.56,19856,4592,712,191,21,1.0,2.842170943040401e-14,1.0000000000000004,0.0,7.999999999999986,48326.4,192,0.9161924000870684,5648,0.7712668919672164,4800,0.7784535919482527,4776,0.7884905774737396,9224,20,0.48,2101.7872527532872,0.07924684088830146
96,persistent_damage,13013,0.2,4.0,fixed,0.7124449634175123,0.021727359763452078,0,0,0,0.0,0,0,0,0,33,1.0,4.263256414560601e-14,1.0000000000000002,0.0,-1.0,48326.4,192,0.9496259113361016,0,0.7874193476757106,0,0.6933405888894221,0,0.6845099585524581,0,0,0.0,2106.4204177239794,0.0
96,persistent_damage,13013,0.2,2.3,pulse_only,0.9326828881062189,0.7831783320996175,24696,824,615,14.76,24696,0,824,0,11,1.0,4.263256414560601e-14,1.0000000000000002,0.0,13.0,28766.88,192,0.995809402634168,6376,0.923858762986925,4656,0.9332554406634349,4552,0.9368086743872582,9112,1,0.024,2106.4204177239794,0.007007148181723577
96,persistent_damage,13013,0.2,4.0,hybrid_50,0.9121332349748101,0.7841277617892953,24128,827,535,12.84,21288,2840,714,113,13,1.0,4.263256414560601e-14,1.0000000000000004,0.0,7.999999999999986,48326.4,192,0.9982991182542212,5528,0.8842388720841496,4792,0.9222643968183735,4680,0.9210148354983588,9128,1,0.024,2106.4204177239794,0.0060956492312554695
96,persistent_damage,13013,0.2,2.3,pulse_only,0.9212230133191751,0.7719829306150644,24096,825,537,64.44,24096,0,825,0,12,1.0,4.263256414560601e-14,1.0000000000000002,0.0,13.199999999999989,28766.88,192,0.9966389193167338,6232,0.916880244785061,4544,0.9242775125083974,4408,0.921867147991621,8912,5,0.12,2106.4204177239794,0.03059218352508586
96,persistent_damage,13013,0.2,4.0,hybrid_50,0.8955152845816569,0.4734215899799086,23472,827,453,54.36,20760,2712,716,111,12,1.0,4.263256414560601e-14,1.0000000000000002,0.0,7.999999999999986,48326.4,192,0.9911988034663811,5584,0.8943976087856221,4584,0.8915201520761381,4408,0.8980716887324336,8896,5,0.12,2106.4204177239794,0.025806814035128297
96,persistent_damage,13013,0.2,2.3,pulse_only,0.8596165135909376,0.27556815269359236,22744,825,368,176.64,22744,0,825,0,15,1.0,4.263256414560601e-14,1.0000000000000002,0.0,13.199999999999989,28766.88,192,0.9577560057277242,5800,0.8758968489947606,4384,0.857868273185617,4160,0.8523504660916863,8400,20,0.48,2106.4204177239794,0.08385790344306589
96,persistent_damage,13013,0.2,4.0,hybrid_50,0.8686516311889692,0.236892550578457,22544,828,334,160.32,19784,2760,713,115,13,1.0,4.263256414560601e-14,1.0000000000000002,0.0,7.999999999999986,48326.4,192,0.9637666027753408,5432,0.8742158717710228,4336,0.8662938596329999,4296,0.867048396675927,8480,20,0.48,2106.4204177239794,0.07611016236408698
96,persistent_damage,13014,0.2,4.0,fixed,0.7345201564779656,0.011760356538917289,0,0,0,0.0,0,0,0,0,32,1.0,4.263256414560601e-14,1.0000000000000002,0.0,-1.0,48326.4,192,0.9315630195041953,0,0.7824966147706306,0,0.7189078333994613,0,0.7183380888708855,0,0,0.0,2122.067477745923,0.0
96,persistent_damage,13014,0.2,2.3,pulse_only,0.968560434270596,0.9398354684257484,25096,822,671,16.104,25096,0,822,0,5,1.0,4.263256414560601e-14,1.0000000000000002,0.0,13.0,28766.88,192,0.9833537578729921,6272,0.9468114811291807,4832,0.9666468377136733,4784,0.9803917091197649,9208,1,0.024,2122.067477745923,0.007588825599978468
96,persistent_damage,13014,0.2,4.0,hybrid_50,0.9632612176748827,0.9643382473828804,23528,776,613,14.712,21984,1544,718,58,4,1.0,4.263256414560601e-14,1.0000000000000004,0.0,7.999999999999993,48326.4,192,0.9935309869938724,5832,0.9535861737918783,4360,0.9619231289516118,4560,0.9687677839780203,8776,1,0.024,2122.067477745923,0.00693286153917556
96,persistent_damage,13014,0.2,2.3,pulse_only,0.901889991838588,0.5622901588134033,24592,822,608,72.96,24592,0,822,0,7,1.0,4.263256414560601e-14,1.0000000000000004,0.0,13.199999999999989,28766.88,192,0.9852160594778903,6184,0.8897696496380086,4632,0.8945374881040747,4640,0.9116264148061343,9136,5,0.12,2122.067477745923,0.03438156456622137
96,persistent_damage,13014,0.2,4.0,hybrid_50,0.9364388477150714,0.9716084900302995,23264,790,538,64.56,21464,1800,717,73,5,1.0,4.263256414560601e-14,1.0000000000000002,0.0,7.999999999999986,48326.4,192,0.9817070106635015,5760,0.9286889411229434,4360,0.9367054674239261,4592,0.9401804911567081,8552,5,0.12,2122.067477745923,0.03042316075103142
96,persistent_damage,13014,0.2,2.3,pulse_only,0.817525733931395,0.1455076037962088,21248,827,175,84.0,21248,0,827,0,22,1.0,4.263256414560601e-14,1.0000000000000004,0.0,13.399999999999991,28766.88,192,0.9664670584090694,5936,0.8496155317086778,4088,0.8068880054614281,3760,0.8067996992777372,7464,20,0.48,2122.067477745923,0.03958403815189961
96,persistent_damage,13014,0.2,4.0,hybrid_50,0.8712222550148786,0.33212279429039115,21600,832,204,97.92,18792,2808,715,117,15,1.0,2.842170943040401e-14,1.0000000000000002,0.0,7.999999999999986,48326.4,192,0.9684025358102245,5584,0.9029553696067958,4088,0.868193481395724,4088,0.8568700845284972,7840,20,0.48,2122.067477745923,0.04614367875992869
96,persistent_damage,13015,0.2,4.0,fixed,0.6456323470357255,0.0,0,0,0,0.0,0,0,0,0,33,1.0,4.263256414560601e-14,1.0000000000000002,0.0,-1.0,48326.4,192,0.8511597867379666,0,0.6692787914674291,0,0.6382687341370009,0,0.637490931269236,0,0,0.0,2115.0828436047655,0.0
96,persistent_damage,13015,0.2,2.3,pulse_only,0.7882326205381421,0.04074059450150697,23648,826,478,11.472,23648,0,826,0,19,1.0,4.263256414560601e-14,1.0000000000000002,0.0,13.0,28766.88,192,0.9177790634396905,6152,0.7637864322926344,4384,0.7641800295527742,4368,0.8124820101535801,8744,1,0.024,2115.0828436047655,0.005423901023398265
96,persistent_damage,13015,0.2,4.0,hybrid_50,0.7927867821759887,0.12951466156260227,26096,938,448,10.752,20344,5752,712,226,22,1.0,4.263256414560601e-14,1.0000000000000002,0.0,7.999999999999986,48326.4,192,0.918799060994367,6224,0.750131991743948,5376,0.7890158855357248,4912,0.8159996257121411,9584,1,0.024,2115.0828436047655,0.005083488825277036
96,persistent_damage,13015,0.2,2.3,pulse_only,0.8045089703505643,0.07098409278244192,23464,826,455,54.6,23464,0,826,0,19,1.0,4.263256414560601e-14,1.0000000000000002,0.0,13.200000000000003,28766.88,192,0.925959028784329,6056,0.782476130455822,4344,0.8120615730053079,4400,0.8117490889705633,8664,5,0.12,2115.0828436047655,0.025814591690859943
96,persistent_damage,13015,0.2,4.0,hybrid_50,0.7982209938046734,0.08667819910493743,24864,903,399,47.879999999999995,20056,4808,709,194,19,1.0,2.842170943040401e-14,1.0000000000000002,0.0,7.999999999999993,48326.4,192,0.91036148705571,6080,0.765328333247825,4896,0.7921315047290787,4608,0.8177120686208948,9280,5,0.12,2115.0828436047655,0.022637411175061795
96,persistent_damage,13015,0.2,2.3,pulse_only,0.7636577456897423,0.0008049140307389526,22608,827,345,165.6,22608,0,827,0,20,1.0,4.263256414560601e-14,1.0000000000000002,0.0,13.199999999999989,28766.88,192,0.8883275562771312,5720,0.7596005402896288,4272,0.7558876871998318,4216,0.7695713776347543,8400,20,0.48,2115.0828436047655,0.0782948055678829
96,persistent_damage,13015,0.2,4.0,hybrid_50,0.7627858182340542,0.0019717454307969584,24232,911,296,142.07999999999998,19424,4808,711,200,22,1.0,4.263256414560601e-14,1.0000000000000004,0.0,7.999999999999986,48326.4,192,0.8850715117673875,5624,0.7702073641382449,4672,0.7540010197158191,4600,0.7634674445410765,9336,20,0.48,2115.0828436047655,0.06717467376258938
96,persistent_damage,13016,0.2,4.0,fixed,0.6034742418213941,0.005411952273603004,0,0,0,0.0,0,0,0,0,40,1.0,4.263256414560601e-14,1.0000000000000002,0.0,-1.0,48326.4,192,0.9305947078779393,0,0.6922799963744385,0,0.5743024984469958,0,0.5736572362320711,0,0,0.0,2134.1526940555764,0.0
96,persistent_damage,13016,0.2,2.3,pulse_only,0.9640637610419679,0.91253471198153,25288,825,686,16.464,25288,0,825,0,3,1.0,4.263256414560601e-14,1.0000000000000002,0.0,13.0,28766.88,192,0.9903783021957225,6464,0.9612760920107652,4720,0.9412843231098295,4632,0.9768473145236386,9472,1,0.024,2134.1526940555764,0.007714537036575909
96,persistent_damage,13016,0.2,4.0,hybrid_50,0.9532236062714438,0.8824839972932679,23856,785,627,15.048,22072,1784,719,66,0,1.0,4.263256414560601e-14,1.0000000000000004,0.0,7.999999999999993,48326.4,192,0.9971148628824559,5800,0.9198406515459148,4520,0.9409120961848552,4568,0.9760708386775024,8968,1,0.024,2134.1526940555764,0.007051041868707136
96,persistent_damage,13016,0.2,2.3,pulse_only,0.9420112629573719,0.784644945400771,23864,826,505,60.599999999999994,23864,0,826,0,8,1.0,4.263256414560601e-14,1.0000000000000004,0.0,13.0,28766.88,192,0.9836660585673521,6432,0.9440040044822581,4448,0.9331735318079158,4288,0.9454337577696568,8696,5,0.12,2134.1526940555764,0.02839534404862124
96,persistent_damage,13016,0.2,4.0,hybrid_50,0.8965558576681252,0.5183285640511086,23600,836,442,53.04,20656,2944,715,121,11,1.0,4.263256414560601e-14,1.0000000000000004,0.0,7.999999999999986,48326.4,192,0.9887493434556835,5792,0.8947857051022561,4584,0.8879250026524844,4376,0.9017563614588802,8848,5,0.12,2134.1526940555764,0.02485295459305067
96,persistent_damage,13016,0.2,2.3,pulse_only,0.7895169091597872,0.17310763032912369,22128,828,282,135.35999999999999,22128,0,828,0,23,1.0,4.263256414560601e-14,1.0000000000000004,0.0,13.200000000000003,28766.88,192,0.9679561748940287,5960,0.8190459142357256,4056,0.7772537311023422,4064,0.7808839956505407,8048,20,0.48,2134.1526940555764,0.06342563977593021
96,persistent_damage,13016,0.2,4.0,hybrid_50,0.8364802299109341,0.32716462092037946,22664,865,238,114.24,19040,3624,714,151,18,1.0,4.263256414560601e-14,1.0000000000000002,0.0,7.999999999999986,48326.4,192,0.9824501816349797,5328,0.8794340212846299,4112,0.821865488030902,4496,0.822310705164102,8728,20,0.48,2134.1526940555764,0.05352944066195529
96,persistent_damage,13017,0.2,4.0,fixed,0.633351379318221,3.2572884147102314e-06,0,0,0,0.0,0,0,0,0,37,1.0,4.263256414560601e-14,1.0000000000000002,0.0,-1.0,48326.4,192,0.8651633775206681,0,0.650423891324617,0,0.6277882479392786,0,0.6275966890044943,0,0,0.0,2134.8635402198875,0.0
96,persistent_damage,13017,0.2,2.3,pulse_only,0.7876196029187029,0.17426102108448177,23440,820,470,11.28,23440,0,820,0,25,1.0,4.263256414560601e-14,1.0000000000000004,0.0,13.0,28766.88,192,0.9271503809226126,5976,0.7349615933049475,4392,0.7930997065757034,4296,0.8112085558970804,8776,1,0.024,2134.8635402198875,0.005283710076775295
96,persistent_damage,13017,0.2,4.0,hybrid_50,0.7925547066952766,0.1946812971411535,25744,929,431,10.344,20360,5384,712,217,24,1.0,4.263256414560601e-14,1.0000000000000002,0.0,7.999999999999986,48326.4,192,0.937078919884586,5712,0.7825426037155243,4944,0.7879275597228259,5152,0.799874331671378,9936,1,0.024,2134.8635402198875,0.004845274559766281
96,persistent_damage,13017,0.2,2.3,pulse_only,0.8015235267228471,0.17750844403293686,23280,819,453,54.36,23280,0,819,0,24,1.0,4.263256414560601e-14,1.0000000000000002,0.0,13.0,28766.88,192,0.9194884299563179,5928,0.7726582672600982,4376,0.7960123355993449,4224,0.8187117520159725,8752,5,0.12,2134.8635402198875,0.025462985795523498
96,persistent_damage,13017,0.2,4.0,hybrid_50,0.785236177028411,0.1748195586106871,25936,947,401,48.12,20264,5672,716,231,19,1.0,2.842170943040401e-14,1.0000000000000002,0.0,7.999999999999986,48326.4,192,0.92623966090175,5888,0.7534034333876692,4976,0.7664828371358836,5176,0.8105292187950456,9896,5,0.12,2134.8635402198875,0.022540082348796737
96,persistent_damage,13017,0.2,2.3,pulse_only,0.7684229336528895,0.02644285121266142,22688,819,379,181.92,22688,0,819,0,23,1.0,4.263256414560601e-14,1.0000000000000002,0.0,13.199999999999989,28766.88,192,0.9043740744281542,5784,0.7530213383612708,4232,0.7730325786997341,4192,0.7738189087752765,8480,20,0.48,2134.8635402198875,0.08521387740841858
96,persistent_damage,13017,0.2,4.0,hybrid_50,0.779782474210715,0.12154096417255335,24864,929,321,154.07999999999998,19728,5136,715,214,24,1.0,4.263256414560601e-14,1.0000000000000004,0.0,7.999999999999986,48326.4,192,0.9081747406609405,5608,0.7789594051555321,4776,0.7701482433853133,5016,0.7850111241510073,9464,20,0.48,2134.8635402198875,0.07217323126148381
96,persistent_damage,13018,0.2,4.0,fixed,0.6780640844239021,0.06795239539487404,0,0,0,0.0,0,0,0,0,35,1.0,4.263256414560601e-14,1.0000000000000002,0.0,-1.0,48326.4,192,0.9927913574615108,0,0.7318504700308762,0,0.6605023222197307,0,0.6599517727225006,0,0,0.0,2107.9137574166234,0.0
96,persistent_damage,13018,0.2,2.3,pulse_only,0.9415475866181542,0.7762731701281006,24184,819,566,13.584,24184,0,819,0,9,1.0,2.842170943040401e-14,1.0000000000000004,0.0,13.0,28766.88,192,1.0000000000000009,6424,0.9730337890249934,4680,0.9392843882158739,4376,0.9269360846158751,8704,1,0.024,2107.9137574166234,0.006444286419311584
96,persistent_damage,13018,0.2,4.0,hybrid_50,0.9385896082186632,0.7108587290490482,23384,802,517,12.408,21224,2160,718,84,10,1.0,4.263256414560601e-14,1.0000000000000002,0.0,7.999999999999986,48326.4,192,1.0000000000000009,5488,0.9527805725213822,4496,0.9231262416773837,4648,0.9392258093379435,8752,1,0.024,2107.9137574166234,0.005886388831774009
96,persistent_damage,13018,0.2,2.3,pulse_only,0.9270201836434936,0.57848080270557,23896,821,524,62.879999999999995,23896,0,821,0,12,1.0,2.842170943040401e-14,1.0000000000000002,0.0,13.0,28766.88,192,1.0000000000000009,6408,0.9223385796397472,4552,0.9174102824963918,4304,0.9341659362189181,8632,5,0.12,2107.9137574166234,0.029830442435682596
96,persistent_damage,13018,0.2,4.0,hybrid_50,0.9552994987018896,0.8642583466524548,22544,781,475,57.0,20840,1704,715,66,8,1.0,2.842170943040401e-14,1.0000000000000002,0.0,7.999999999999993,48326.4,192,0.9998896313184527,5472,0.9633861603618529,4432,0.9373482066165326,4352,0.9602318139145865,8288,5,0.12,2107.9137574166234,0.027040954497994724
96,persistent_damage,13018,0.2,2.3,pulse_only,0.8564351366496571,0.3647694476329236,21072,824,162,77.75999999999999,21072,0,824,0,18,1.0,2.842170943040401e-14,1.0000000000000002,0.0,13.199999999999989,28766.88,192,0.9969635245912172,5952,0.8884778893713551,3888,0.8435013478098498,3776,0.8468806547087119,7456,20,0.48,2107.9137574166234,0.03688955476779069
96,persistent_damage,13018,0.2,4.0,hybrid_50,0.8988318580456155,0.46375539552021733,20472,800,159,76.32,18456,2016,716,84,11,1.0,2.842170943040401e-14,1.0000000000000002,0.0,7.999999999999993,48326.4,192,0.9946883855375827,5272,0.9281088499476804,3968,0.8904763879882126,3816,0.8883710971232844,7416,20,0.48,2107.9137574166234,0.036206414864683456
96,persistent_damage,13019,0.2,4.0,fixed,0.6676377895646436,0.014756888010013357,0,0,0,0.0,0,0,0,0,36,1.0,4.263256414560601e-14,1.0000000000000002,0.0,-1.0,48326.4,192,0.9291679651437048,0,0.7226470643212735,0,0.6502668833920903,0,0.6488186052726052,0,0,0.0,2121.7056607905506,0.0
96,persistent_damage,13019,0.2,2.3,pulse_only,0.9653451987201558,0.9476255129133531,25232,823,685,16.44,25232,0,823,0,8,1.0,2.842170943040401e-14,1.0000000000000002,0.0,13.000000000000028,28766.88,192,0.9986484350837282,6536,0.9560895865103411,4608,0.9743338570376502,4632,0.9654786756663154,9456,1,0.024,2121.7056607905506,0.007748482885168169
96,persistent_damage,13019,0.2,4.0,hybrid_50,0.9570515156434255,0.8567553898105099,23432,784,577,13.848,21728,1704,719,65,5,1.0,4.263256414560601e-14,1.0000000000000004,0.0,7.999999999999986,48326.4,192,0.9865694472823567,5696,0.9311672523241619,4640,0.9533832480546865,4456,0.971827781097427,8640,1,0.024,2121.7056607905506,0.0065268242696963985
96,persistent_damage,13019,0.2,2.3,pulse_only,0.9442096871382639,0.8255255343189353,24552,826,591,70.92,24552,0,826,0,10,1.0,4.263256414560601e-14,1.0000000000000002,0.0,13.0,28766.88,192,0.9918149602774095,6408,0.9244251920525851,4472,0.9509022918580841,4560,0.9507556323211936,9112,5,0.12,2121.7056607905506,0.03342593711776925
96,persistent_damage,13019,0.2,4.0,hybrid_50,0.8946074806669045,0.5196475231527253,24400,851,497,59.64,21032,3368,719,132,13,1.0,4.263256414560601e-14,1.0000000000000002,0.0,7.999999999999986,48326.4,192,0.9792459309211266,5840,0.884750628964237,4888,0.8855834427618043,4784,0.9040479254707884,8888,5,0.12,2121.7056607905506,0.02810945980969766
96,persistent_damage,13019,0.2,2.3,pulse_only,0.8043772072662666,0.20133293407300568,21952,827,263,126.24,21952,0,827,0,23,1.0,4.263256414560601e-14,1.0000000000000002,0.0,13.0,28766.88,192,0.9606896142141587,6112,0.8299923090425907,4176,0.8024535530852897,3960,0.792531483468593,7704,20,0.48,2121.7056607905506,0.05949929923501396
96,persistent_damage,13019,0.2,4.0,hybrid_50,0.8748442660047481,0.3762606520790308,22136,837,256,122.88,19200,2936,715,122,17,1.0,2.842170943040401e-14,1.0000000000000002,0.0,7.999999999999986,48326.4,192,0.9575234889684051,5528,0.8936952541979388,4336,0.8804477573189986,4192,0.8626170262510275,8080,20,0.48,2121.7056607905506,0.057915667696439445
96,persistent_damage,13020,0.2,4.0,fixed,0.6203996030461083,0.011899741029147672,0,0,0,0.0,0,0,0,0,37,1.0,4.263256414560601e-14,1.0000000000000002,0.0,-1.0,48326.4,192,0.9579507634483005,0,0.6527609461452171,0,0.6147316503363752,0,0.6070529078514203,0,0,0.0,2121.3475959381803,0.0
96,persistent_damage,13020,0.2,2.3,pulse_only,0.9614508410193142,0.9291689930344099,24768,832,600,14.4,24768,0,832,0,4,1.0,4.263256414560601e-14,1.0000000000000002,0.0,13.0,28766.88,192,0.997175930661466,6264,0.9360717630016016,4616,0.9656910565295683,4496,0.9720202722730436,9392,1,0.024,2121.3475959381803,0.006788137892899868
96,persistent_damage,13020,0.2,4.0,hybrid_50,0.9697392767923064,0.9778388925495756,22704,763,549,13.176,21576,1128,718,45,5,1.0,4.263256414560601e-14,1.0000000000000002,0.0,7.999999999999986,48326.4,192,1.0,5816,0.9732289872003078,4376,0.9645843339376512,4144,0.9705718930156332,8368,1,0.024,2121.3475959381803,0.006211146172003379
96,persistent_damage,13020,0.2,2.3,pulse_only,0.9273067818498226,0.9363850989942294,24272,830,544,65.28,24272,0,830,0,7,1.0,4.263256414560601e-14,1.0000000000000002,0.0,13.0,28766.88,192,0.9925585271919058,6200,0.9199583351373626,4568,0.9207751092785165,4304,0.9342468414917059,9200,5,0.12,2121.3475959381803,0.030772891781146068
96,persistent_damage,13020,0.2,4.0,hybrid_50,0.9654365127027815,0.9745656976865634,22712,761,556,66.72,21624,1088,718,43,3,1.0,4.263256414560601e-14,1.0000000000000002,0.0,7.999999999999986,48326.4,192,0.998263731841733,5808,0.9467831214658885,4384,0.9606337379151609,4136,0.9771645957150383,8384,5,0.12,2121.3475959381803,0.031451705570436056
96,persistent_damage,13020,0.2,2.3,pulse_only,0.8646414165597958,0.36139385120770867,21648,833,207,99.36,21648,0,833,0,22,1.0,2.842170943040401e-14,1.0000000000000002,0.0,13.0,28766.88,192,0.996843544422074,5760,0.9002658571384028,4128,0.8614743872380147,3840,0.8484127109313826,7920,20,0.48,2121.3475959381803,0.04683815146100909
96,persistent_damage,13020,0.2,4.0,hybrid_50,0.8819520027266522,0.2917186932200571,21968,815,301,144.48,19616,2352,717,98,14,1.0,2.842170943040401e-14,1.0000000000000002,0.0,7.999999999999986,48326.4,192,1.0,5368,0.8921517632558507,4280,0.8796682893544612,4104,0.8779939791481485,8216,20,0.48,2121.3475959381803,0.06810765019209533
96,persistent_damage,13021,0.2,4.0,fixed,0.6923396966295241,0.010026706629921698,0,0,0,0.0,0,0,0,0,33,1.0,4.263256414560601e-14,1.0000000000000002,0.0,-1.0,48326.4,192,0.9326232640663659,0,0.7266930069194442,0,0.6811414944497267,0,0.6807621425744627,0,0,0.0,2107.9651438471365,0.0
96,persistent_damage,13021,0.2,2.3,pulse_only,0.8439239409840539,0.2622790925598407,23632,823,485,11.64,23632,0,823,0,14,1.0,4.263256414560601e-14,1.0000000000000002,0.0,13.199999999999989,28766.88,192,0.9710053714768578,5848,0.8128230735229166,4568,0.8326629233562898,4272,0.8651048835285047,8944,1,0.024,2107.9651438471365,0.0055219129376857
96,persistent_damage,13021,0.2,4.0,hybrid_50,0.8614946183377261,0.2895262774883447,24144,858,444,10.656,20456,3688,711,147,19,1.0,4.263256414560601e-14,1.0000000000000004,0.0,7.999999999999986,48326.4,192,0.9718667652957115,5544,0.841880925745368,5088,0.8523581528541632,4384,0.8758696973756867,9128,1,0.024,2107.9651438471365,0.0050551120501700015
96,persistent_damage,13021,0.2,2.3,pulse_only,0.8236274763322119,0.21336473158407493,23232,824,432,51.839999999999996,23232,0,824,0,17,1.0,2.842170943040401e-14,1.0000000000000002,0.0,13.199999999999989,28766.88,192,0.9658634771181942,5848,0.8211443009416796,4456,0.8045914060587674,4200,0.8343870991642004,8728,5,0.12,2107.9651438471365,0.02459243700082703
96,persistent_damage,13021,0.2,4.0,hybrid_50,0.8629291008248041,0.3551115011022684,24336,886,384,46.08,20008,4328,708,178,21,1.0,2.842170943040401e-14,1.0000000000000002,0.0,7.999999999999986,48326.4,192,0.979383377791034,5320,0.8516446771633077,4888,0.8557446573253468,4648,0.8721635344052809,9480,5,0.12,2107.9651438471365,0.02185994400073514
96,persistent_damage,13021,0.2,2.3,pulse_only,0.8101008613187505,0.19360533825656667,22320,824,318,152.64,22320,0,824,0,18,1.0,2.842170943040401e-14,1.0000000000000002,0.0,13.0,28766.88,192,0.9526047391398292,5504,0.7910558079637812,4224,0.8007296033072949,4120,0.8243090170019627,8472,20,0.48,2107.9651438471365,0.07241106450243515
96,persistent_damage,13021,0.2,4.0,hybrid_50,0.8046929720187898,0.14937676508402908,23344,881,275,132.0,19232,4112,710,171,17,1.0,4.263256414560601e-14,1.0000000000000002,0.0,7.999999999999986,48326.4,192,0.9519988379590761,5424,0.8063445068735908,4696,0.7903224587203103,4440,0.8110524612406291,8784,20,0.48,2107.9651438471365,0.06261963125210587
96,persistent_damage,13022,0.2,4.0,fixed,0.672632947411607,0.0031880848493876885,0,0,0,0.0,0,0,0,0,38,1.0,4.263256414560601e-14,1.0000000000000002,0.0,-1.0,48326.4,192,0.9159593769720988,0,0.7217277462289587,0,0.6566520280579218,0,0.6560760076797736,0,0,0.0,2116.1457760355456,0.0
96,persistent_damage,13022,0.2,2.3,pulse_only,0.8423601473473864,0.20681897384808545,23568,824,474,11.376,23568,0,824,0,13,1.0,2.842170943040401e-14,1.0000000000000002,0.0,13.200000000000003,28766.88,192,0.9627735810476344,5984,0.8218075427387407,4400,0.830756350428775,4288,0.858438348111015,8896,1,0.024,2116.1457760355456,0.00537581112266857
96,persistent_damage,13022,0.2,4.0,hybrid_50,0.8404857638552757,0.2309195819576995,24560,873,451,10.824,20512,4048,712,161,15,1.0,4.263256414560601e-14,1.0000000000000002,0.0,7.999999999999986,48326.4,192,0.9652115275925266,5856,0.8332712302122264,4816,0.8351768976798334,4760,0.8467474637645214,9128,1,0.024,2116.1457760355456,0.005114959528108703
96,persistent_damage,13022,0.2,2.3,pulse_only,0.8493666868222686,0.17320166117067612,23496,824,465,55.8,23496,0,824,0,13,1.0,4.263256414560601e-14,1.0000000000000004,0.0,13.200000000000003,28766.88,192,0.952479023316854,5984,0.8401651008933324,4432,0.8484419926128693,4256,0.8544298268914361,8824,5,0.12,2116.1457760355456,0.026368693797899634
96,persistent_damage,13022,0.2,4.0,hybrid_50,0.8846973708175552,0.2405554143526444,23264,828,424,50.879999999999995,20352,2912,712,116,12,1.0,4.263256414560601e-14,1.0000000000000002,0.0,7.999999999999986,48326.4,192,0.9627106414867855,5784,0.8793842876608775,4448,0.8902397972144659,4432,0.8845826991974385,8600,5,0.12,2116.1457760355456,0.02404371219421386
96,persistent_damage,13022,0.2,2.3,pulse_only,0.7685535792226423,0.007794824946861408,22688,825,361,173.28,22688,0,825,0,22,1.0,2.842170943040401e-14,1.0000000000000004,0.0,13.0,28766.88,192,0.9195190200190535,5736,0.7800580695502222,4328,0.7547996341183142,4104,0.7696783066110165,8520,20,0.48,2116.1457760355456,0.08188471794444531
96,persistent_damage,13022,0.2,4.0,hybrid_50,0.7631988753528568,0.03393938273597027,24520,923,296,142.07999999999998,19440,5080,712,211,24,1.0,2.842170943040401e-14,1.0000000000000004,0.0,7.999999999999986,48326.4,192,0.9479162460724625,5376,0.7633339701796055,4704,0.7518513475860042,4784,0.768805091822909,9656,20,0.48,2116.1457760355456,0.06714093216497455
96,persistent_damage,13023,0.2,4.0,fixed,0.5499266028888465,2.0475230262304012e-05,0,0,0,0.0,0,0,0,0,39,1.0,4.263256414560601e-14,1.0000000000000002,0.0,-1.0,48326.4,192,0.8272789785122154,0,0.5700604531924423,0,0.5440512118870441,0,0.54279737323795,0,0,0.0,2088.886300094842,0.0
96,persistent_damage,13023,0.2,2.3,pulse_only,0.731291854739769,0.18150068852141357,23064,823,414,9.936,23064,0,823,0,26,1.0,4.263256414560601e-14,1.0000000000000002,0.0,13.200000000000017,28766.88,192,0.9268103024792881,6016,0.715418071409845,4288,0.7293196926784806,4208,0.7402148274353753,8552,1,0.024,2088.886300094842,0.004756601639614791
96,persistent_damage,13023,0.2,4.0,hybrid_50,0.7611473314981537,0.15868220454143192,26240,968,376,9.024000000000001,19512,6728,705,263,25,1.0,2.842170943040401e-14,1.0000000000000004,0.0,7.999999999999986,48326.4,192,0.932572886430583,6024,0.7543434483539245,5056,0.7489510232154108,5032,0.7706474272116398,10128,1,0.024,2088.886300094842,0.004320005353853047
96,persistent_damage,13023,0.2,2.3,pulse_only,0.756514851123279,0.09321277453486931,22904,823,394,47.28,22904,0,823,0,27,1.0,4.263256414560601e-14,1.0000000000000002,0.0,13.199999999999989,28766.88,192,0.9382880930530935,5952,0.7442469177906855,4264,0.7534932257805615,4144,0.7641596304609345,8544,5,0.12,2088.886300094842,0.0226340706039641
96,persistent_damage,13023,0.2,4.0,hybrid_50,0.7610053441790856,0.017873039311477892,25968,957,375,45.0,19776,6192,709,248,25,1.0,2.842170943040401e-14,1.0000000000000002,0.0,7.999999999999986,48326.4,192,0.9141204269373783,5960,0.7569290611324749,5120,0.7467320163556156,5104,0.770180149614126,9784,5,0.12,2088.886300094842,0.02154257988955974
96,persistent_damage,13023,0.2,2.3,pulse_only,0.7184985620337707,0.0036221226910243256,22096,822,296,142.07999999999998,22096,0,822,0,28,1.0,2.842170943040401e-14,1.0000000000000004,0.0,13.200000000000003,28766.88,192,0.9077379203856158,5568,0.6973462008573749,4096,0.722309258878185,4080,0.7271693941997616,8352,20,0.48,2088.886300094842,0.06801710557130328
96,persistent_damage,13023,0.2,4.0,hybrid_50,0.7170617009815143,0.039759438341407737,25072,960,254,121.92,18920,6152,705,255,30,1.0,2.842170943040401e-14,1.0000000000000002,0.0,7.999999999999986,48326.4,192,0.9192553958676181,5560,0.7236055251719471,4880,0.702717046810721,4896,0.7209621159716946,9736,20,0.48,2088.886300094842,0.05836602978078052
96,persistent_damage,13024,0.2,4.0,fixed,0.6989506121935317,0.13534301032424614,0,0,0,0.0,0,0,0,0,43,1.0,4.263256414560601e-14,1.0000000000000004,0.0,-1.0,48326.4,192,0.9999999999999996,0,0.8141993464649507,0,0.6620078678088213,0,0.6597976172501773,0,0,0.0,2098.1262601353765,0.0
96,persistent_damage,13024,0.2,2.3,pulse_only,0.9773262557757698,0.9702737986632168,24888,821,648,15.552,24888,0,821,0,6,1.0,2.842170943040401e-14,1.0000000000000004,0.0,13.199999999999989,28766.88,192,0.9999999999999996,6288,0.9987953058868748,4744,0.984116171710842,4776,0.9631967727526816,9080,1,0.024,2098.1262601353765,0.00741232798782879
96,persistent_damage,13024,0.2,4.0,hybrid_50,0.937541638536459,0.8789055600117006,23512,802,533,12.792,21152,2360,715,87,18,1.0,4.263256414560601e-14,1.0000000000000002,0.0,7.999999999999986,48326.4,192,0.9999999999999996,5504,0.9771142201353376,4376,0.929426478699722,4496,0.9218129276553881,9136,1,0.024,2098.1262601353765,0.00609686854554436
96,persistent_damage,13024,0.2,2.3,pulse_only,0.9481146129630283,0.8015375801588036,23112,825,414,49.68,23112,0,825,0,15,1.0,4.263256414560601e-14,1.0000000000000002,0.0,13.199999999999989,28766.88,192,0.9999999999999996,6312,0.9899665777476074,4704,0.9667677106878675,4536,0.9178620817083192,7560,5,0.12,2098.1262601353765,0.023678269961119748
96,persistent_damage,13024,0.2,4.0,hybrid_50,0.9408106568866347,0.7755134790458692,21592,790,329,39.48,19744,1848,714,76,16,1.0,4.263256414560601e-14,1.0000000000000002,0.0,7.999999999999986,48326.4,192,0.9999999999999996,5536,0.9919274045146447,4176,0.9464875055949853,3920,0.9124138587184544,7960,5,0.12,2098.1262601353765,0.01881678941354685
96,persistent_damage,13024,0.2,2.3,pulse_only,0.7710591799515308,0.29095114750387957,21072,825,159,76.32,21072,0,825,0,27,1.0,2.842170943040401e-14,1.0000000000000002,0.0,13.400000000000006,28766.88,192,0.9999999999999996,5952,0.831667025776544,3960,0.7511050379000204,3720,0.7507323280647796,7440,20,0.48,2098.1262601353765,0.03637531327360424
96,persistent_damage,13024,0.2,4.0,hybrid_50,0.7721188576097093,0.27732503715128304,23040,910,150,72.0,18408,4632,717,193,28,1.0,2.842170943040401e-14,1.0000000000000002,0.0,7.999999999999986,48326.4,192,0.9999999999999996,5328,0.8515630229084059,4224,0.746044287982503,4464,0.7454340597739642,9024,20,0.48,2098.1262601353765,0.03431633327698514
96,persistent_damage,13025,0.2,4.0,fixed,0.6661339532984203,0.0007993155161879061,0,0,0,0.0,0,0,0,0,30,1.0,2.842170943040401e-14,1.0000000000000002,0.0,-1.0,48326.4,192,0.9126786075423874,0,0.6972665737163095,0,0.6581417951429456,0,0.6545637221672133,0,0,0.0,2097.177930276857,0.0
96,persistent_damage,13025,0.2,2.3,pulse_only,0.8948994987096727,0.5094636397598734,24392,828,565,13.56,24392,0,828,0,8,1.0,4.263256414560601e-14,1.0000000000000002,0.0,13.0,28766.88,192,0.9661627864849834,6048,0.8654689274522692,4680,0.8974056845838566,4592,0.9083616914012822,9072,1,0.024,2097.177930276857,0.006465831918329357
96,persistent_damage,13025,0.2,4.0,hybrid_50,0.8880313059322573,0.44435169190460644,24216,843,498,11.952,21008,3208,717,126,12,1.0,4.263256414560601e-14,1.0000000000000002,0.0,7.999999999999986,48326.4,192,0.9776336621721387,5864,0.8918999421368675,4336,0.8673530646479204,4960,0.8964361084721203,9056,1,0.024,2097.177930276857,0.005699087248368177
96,persistent_damage,13025,0.2,2.3,pulse_only,0.8680366362584093,0.23825760328458184,24040,828,521,62.519999999999996,24040,0,828,0,15,1.0,2.842170943040401e-14,1.0000000000000002,0.0,13.0,28766.88,192,0.9502789266995414,5968,0.8714664560292912,4616,0.8661083164458008,4488,0.8672858862792727,8968,5,0.12,2097.177930276857,0.02981149052610261
96,persistent_damage,13025,0.2,4.0,hybrid_50,0.9084745584592835,0.7721708447095912,23784,834,471,56.519999999999996,20920,2864,717,117,11,1.0,4.263256414560601e-14,1.0000000000000004,0.0,7.999999999999986,48326.4,192,0.9714225124385544,5656,0.9111157857219351,4296,0.8973390317197903,4832,0.9127217081977043,9000,5,0.12,2097.177930276857,0.026950502951620593
96,persistent_damage,13025,0.2,2.3,pulse_only,0.8166182519165128,0.1954088594180396,22752,830,354,169.92,22752,0,830,0,20,1.0,4.263256414560601e-14,1.0000000000000004,0.0,13.0,28766.88,192,0.9488579164739599,5704,0.7987134255294575,4424,0.8240779486604506,4184,0.8218408167380712,8440,20,0.48,2097.177930276857,0.0810231681093307
96,persistent_damage,13025,0.2,4.0,hybrid_50,0.8056830419123113,0.10046612499847714,23712,892,288,138.24,19504,4208,717,175,20,1.0,4.263256414560601e-14,1.0000000000000002,0.0,7.999999999999986,48326.4,192,0.955737293413893,5584,0.8141292642975585,4536,0.8007031601489373,4768,0.8039498716013749,8824,20,0.48,2097.177930276857,0.06591715371606566
96,persistent_damage,13026,0.2,4.0,fixed,0.5342476192089294,0.0,0,0,0,0.0,0,0,0,0,46,1.0,5.684341886080802e-14,1.0000000000000002,0.0,-1.0,48326.4,192,0.8128645704665614,0,0.5868161310447801,0,0.5208159825626971,0,0.5146791816141203,0,0,0.0,2127.8275472356663,0.0
96,persistent_damage,13026,0.2,2.3,pulse_only,0.8711595998430502,0.47577096032821775,25072,827,653,15.672,25072,0,827,0,15,1.0,4.263256414560601e-14,1.0000000000000002,0.0,13.0,28766.88,192,0.9115828431608002,6304,0.8371509627917963,4608,0.8895003370019589,4576,0.8789935497892227,9584,1,0.024,2127.8275472356663,0.007365258533455887
96,persistent_damage,13026,0.2,4.0,hybrid_50,0.8568262754705502,0.4263459493442303,25416,871,564,13.536,21456,3960,716,155,12,1.0,3.552713678800501e-14,1.0000000000000002,0.0,7.999999999999986,48326.4,192,0.9280481160314982,6032,0.8338463576728062,4800,0.858266171057838,4872,0.8675962865757785,9712,1,0.024,2127.8275472356663,0.006361417783873078
96,persistent_damage,13026,0.2,2.3,pulse_only,0.8315104012747934,0.2048652156914586,24008,828,517,62.04,24008,0,828,0,21,1.0,2.842170943040401e-14,1.0000000000000004,0.0,13.199999999999989,28766.88,192,0.9148578091466861,6240,0.8137075890966978,4424,0.8295180267537319,4280,0.8414079946243715,9064,5,0.12,2127.8275472356663,0.02915649817608494
96,persistent_damage,13026,0.2,4.0,hybrid_50,0.8307202178752171,0.1985122987010977,25864,905,518,62.16,21064,4800,715,190,15,1.0,4.263256414560601e-14,1.0000000000000002,0.0,7.999999999999986,48326.4,192,0.9081231886215861,6288,0.8142925101718727,5064,0.8286045070462076,4832,0.8399919271413941,9680,5,0.12,2127.8275472356663,0.02921289372381431
96,persistent_damage,13026,0.2,2.3,pulse_only,0.7469645683918283,0.0018830245939608027,22176,829,285,136.79999999999998,22176,0,829,0,21,1.0,2.842170943040401e-14,1.0000000000000004,0.0,13.199999999999989,28766.88,192,0.8788669456777515,6040,0.752226734707395,4040,0.7268328165103816,3952,0.7543993611747685,8144,20,0.48,2127.8275472356663,0.06429092441148324
96,persistent_damage,13026,0.2,4.0,hybrid_50,0.7348938354280646,0.015648101347779154,25224,969,246,118.08,19024,6200,713,256,30,1.0,2.842170943040401e-14,1.0000000000000004,0.0,7.999999999999986,48326.4,192,0.8755779043857461,6016,0.7465716046732851,4888,0.731555742786636,4696,0.7307239971261686,9624,20,0.48,2127.8275472356663,0.05549321896570132
96,persistent_damage,13027,0.2,4.0,fixed,0.5636934194882164,2.900353974821038e-05,0,0,0,0.0,0,0,0,0,48,1.0,2.842170943040401e-14,1.0000000000000002,0.0,-1.0,48326.4,192,0.8762720180959068,0,0.6392715461660902,0,0.5391720363885536,0,0.5381650476991108,0,0,0.0,2102.132036724818,0.0
96,persistent_damage,13027,0.2,2.3,pulse_only,0.8613327514090584,0.41125882253990526,24656,828,598,14.352,24656,0,828,0,18,1.0,4.263256414560601e-14,1.0000000000000004,0.0,13.0,28766.88,192,0.965629013430733,6288,0.8471054297853498,4504,0.8650599733714254,4672,0.8665828012397293,9192,1,0.024,2102.132036724818,0.0068273542048104775
96,persistent_damage,13027,0.2,4.0,hybrid_50,0.8669590764775285,0.2853677489762252,25768,882,575,13.8,21368,4400,715,167,16,1.0,4.263256414560601e-14,1.0000000000000002,0.0,7.999999999999986,48326.4,192,0.9480850532216981,6344,0.8210301636305337,5400,0.8721603977283273,4688,0.8873228722756268,9336,1,0.024,2102.132036724818,0.0065647636584716135
96,persistent_damage,13027,0.2,2.3,pulse_only,0.8555761741184668,0.1999736181990036,24208,827,545,65.39999999999999,24208,0,827,0,16,1.0,2.842170943040401e-14,1.0000000000000004,0.0,13.0,28766.88,192,0.9443140308711384,6168,0.8325602192988425,4416,0.8361773994873748,4432,0.8767835388438248,9192,5,0.12,2102.132036724818,0.03111127125101764
96,persistent_damage,13027,0.2,4.0,hybrid_50,0.8621010246091922,0.2120917522747683,24664,866,485,58.199999999999996,20872,3792,715,151,16,1.0,2.842170943040401e-14,1.0000000000000004,0.0,7.999999999999986,48326.4,192,0.9327564343290187,6064,0.848562797771972,4968,0.8778517737234655,4624,0.8609947634706661,9008,5,0.12,2102.132036724818,0.0276861771683368
96,persistent_damage,13027,0.2,2.3,pulse_only,0.7444289404291928,0.04156668871221921,22040,829,268,128.64,22040,0,829,0,26,1.0,4.263256414560601e-14,1.0000000000000002,0.0,13.0,28766.88,192,0.9366672244003467,6008,0.7695834906417366,4072,0.7383745776003116,4080,0.7348788467373616,7880,20,0.48,2102.132036724818,0.06119501427723103
96,persistent_damage,13027,0.2,4.0,hybrid_50,0.7711524825481407,0.16991564967583994,23816,932,181,86.88,18616,5200,716,216,26,1.0,2.842170943040401e-14,1.0000000000000004,0.0,7.999999999999986,48326.4,192,0.9438586749698963,5872,0.7827653150601545,4808,0.7693895519831219,4424,0.7662275315746432,8712,20,0.48,2102.132036724818,0.041329468597682155
96,persistent_damage,13028,0.2,4.0,fixed,0.668497605098366,0.010368170932144495,0,0,0,0.0,0,0,0,0,34,1.0,4.263256414560601e-14,1.0000000000000004,0.0,-1.0,48326.4,192,0.9437410407081913,0,0.7030801240141059,0,0.661330901625631,0,0.6547896973768634,0,0,0.0,2119.5605673746927,0.0
96,persistent_damage,13028,0.2,2.3,pulse_only,0.8621388241310624,0.32307903278709615,24088,821,548,13.152000000000001,24088,0,821,0,13,1.0,4.263256414560601e-14,1.0000000000000002,0.0,13.0,28766.88,192,0.9960432510855365,6256,0.8564030461575498,4616,0.8745567408301941,4408,0.8587977547682524,8808,1,0.024,2119.5605673746927,0.006205059766841289
96,persistent_damage,13028,0.2,4.0,hybrid_50,0.8893138543934694,0.5684483158029076,24144,839,501,12.024000000000001,21072,3072,719,120,9,1.0,4.263256414560601e-14,1.0000000000000002,0.0,7.999999999999986,48326.4,192,0.9809088728224004,5696,0.8791612180742833,4688,0.8933144837779132,4752,0.8923898578608402,9008,1,0.024,2119.5605673746927,0.0056728739839187695
96,persistent_damage,13028,0.2,2.3,pulse_only,0.8368859918375416,0.26899369655107325,23776,822,506,60.72,23776,0,822,0,18,1.0,4.263256414560601e-14,1.0000000000000004,0.0,13.0,28766.88,192,0.990967806520685,6096,0.8206566456645036,4560,0.8244120870963555,4272,0.8512376172946535,8848,5,0.12,2119.5605673746927,0.02864744746370157
96,persistent_damage,13028,0.2,4.0,hybrid_50,0.8515334313197426,0.3595314436889661,24104,856,445,53.4,20720,3384,718,138,15,1.0,4.263256414560601e-14,1.0000000000000002,0.0,7.999999999999986,48326.4,192,0.9905273910109681,5576,0.8306379860532354,4728,0.8503664483094742,4800,0.8625646454581306,9000,5,0.12,2119.5605673746927,0.025193901425587348
96,persistent_damage,13028,0.2,2.3,pulse_only,0.8125136907251057,0.11644822619341307,22136,823,298,143.04,22136,0,823,0,20,1.0,2.842170943040401e-14,1.0000000000000002,0.0,13.0,28766.88,192,0.9769678606470226,5760,0.8439552759252972,4376,0.7997942251000512,3960,0.803152630937537,8040,20,0.48,2119.5605673746927,0.06748568651528117
96,persistent_damage,13028,0.2,4.0,hybrid_50,0.7968035928803663,0.15147991150081666,23392,886,266,127.67999999999999,19304,4088,716,170,22,1.0,2.842170943040401e-14,1.0000000000000002,0.0,7.999999999999986,48326.4,192,0.9767255492743206,5208,0.8135392007648838,4496,0.7925920658941604,4704,0.7905415524312105,8984,20,0.48,2119.5605673746927,0.06023890138612346
96,persistent_damage,13029,0.2,4.0,fixed,0.7057852501072555,0.010090645628224568,0,0,0,0.0,0,0,0,0,36,1.0,4.263256414560601e-14,1.0000000000000002,0.0,-1.0,48326.4,192,0.9667435302112096,0,0.7654919964941108,0,0.6916698256032214,0,0.6829895891658447,0,0,0.0,2083.708391734165,0.0
96,persistent_damage,13029,0.2,2.3,pulse_only,0.9902034746329583,0.9624474951850652,25160,823,676,16.224,25160,0,823,0,0,1.0,4.263256414560601e-14,1.0000000000000002,0.0,13.199999999999989,28766.88,192,0.9999999999999996,6232,0.9780106828390737,4648,0.9985691574491568,4824,0.9921170291218014,9456,1,0.024,2083.708391734165,0.007786118280445943
96,persistent_damage,13029,0.2,4.0,hybrid_50,0.9764822844756155,0.9818411570473344,22776,756,579,13.896,21680,1096,715,41,0,1.0,2.842170943040401e-14,1.0000000000000002,0.0,7.999999999999986,48326.4,192,0.9999999999999996,5632,0.9628176916220775,4448,0.9610248992903323,4392,0.9910432734950257,8304,1,0.024,2083.708391734165,0.006668879414760653
96,persistent_damage,13029,0.2,2.3,pulse_only,0.9505940445328727,0.8755864186122431,24304,825,563,67.56,24304,0,825,0,5,1.0,4.263256414560601e-14,1.0000000000000004,0.0,13.0,28766.88,192,0.9999999999999996,6096,0.9349014467742206,4536,0.9422561566167267,4528,0.9626092873702716,9144,5,0.12,2083.708391734165,0.03242296295777416
96,persistent_damage,13029,0.2,4.0,hybrid_50,0.9330919508358053,0.837297161568692,23480,814,493,59.16,21024,2456,715,99,10,1.0,4.263256414560601e-14,1.0000000000000002,0.0,7.999999999999986,48326.4,192,0.9999999999999996,5568,0.9353613085505696,4512,0.9110105077010388,4544,0.9429979935458062,8856,5,0.12,2083.708391734165,0.028391688700146817
96,persistent_damage,13029,0.2,2.3,pulse_only,0.8843898606293987,0.4395372407721623,21824,826,250,120.0,21824,0,826,0,15,1.0,2.842170943040401e-14,1.0000000000000002,0.0,13.199999999999989,28766.88,192,0.994091366323667,5720,0.9004558792597462,4184,0.8759066376492667,3960,0.880598462804291,7960,20,0.48,2083.708391734165,0.05758963225181911
96,persistent_damage,13029,0.2,4.0,hybrid_50,0.8701756773979141,0.4662166839031658,22008,856,183,87.84,18576,3432,713,143,19,1.0,2.842170943040401e-14,1.0000000000000004,0.0,7.999999999999986,48326.4,192,0.9980621248885139,5104,0.8890108680229367,4424,0.8640692574814866,4272,0.863811292043617,8208,20,0.48,2083.708391734165,0.042155610808331585
96,repeated_damage,13000,0.2,4.0,fixed,0.7770317703057605,0.39236704781908294,0,0,0,0.0,0,0,0,0,30,1.0,2.842170943040401e-14,1.0000000000000002,0.0,-1.0,48326.4,192,0.9593840506699224,0,0.7691978678145986,0,0.9098749036961105,0,0.7145271548561665,0,0,0.0,2117.2576872831855,0.0
96,repeated_damage,13000,0.2,2.3,pulse_only,0.9393118114978938,0.663665351772769,24672,818,630,15.120000000000001,24672,0,818,0,15,1.0,4.263256414560601e-14,1.0000000000000002,0.0,13.0,28766.88,192,0.9982107325972291,6472,0.9641664629959309,4680,0.9977652798238327,4672,0.8976577515859057,8848,1,0.024,2117.2576872831855,0.007141313072478024
96,repeated_damage,13000,0.2,4.0,hybrid_50,0.9309085321967571,0.7396599794054685,23880,811,552,13.248000000000001,21392,2488,716,95,12,1.0,2.842170943040401e-14,1.0000000000000004,0.0,7.999999999999986,48326.4,192,0.9990504439048845,5512,0.9293848062528499,4680,0.9852760300134464,4512,0.9044866462603663,9176,1,0.024,2117.2576872831855,0.0062571505015997925
96,repeated_damage,13000,0.2,2.3,pulse_only,0.9518747805393967,0.878601718504973,24120,817,564,67.67999999999999,24120,0,817,0,7,1.0,4.263256414560601e-14,1.0000000000000002,0.0,13.199999999999989,28766.88,192,0.9944930803125289,6408,0.9154014429682041,4464,0.9909105085042333,4504,0.9505935853425745,8744,5,0.12,2117.2576872831855,0.03196587756252067
96,repeated_damage,13000,0.2,4.0,hybrid_50,0.9194314762225013,0.6465658859125353,23040,803,471,56.519999999999996,20824,2216,714,89,14,1.0,4.263256414560601e-14,1.0000000000000004,0.0,7.999999999999986,48326.4,192,0.9959625216109016,5432,0.9299084064989999,4536,0.9822454708026377,4200,0.8827860137941836,8872,5,0.12,2117.2576872831855,0.026694908389977373
96,repeated_damage,13000,0.2,2.3,pulse_only,0.887180383452802,0.6195175680753812,21816,821,264,126.72,21816,0,821,0,17,1.0,2.842170943040401e-14,1.0000000000000004,0.0,13.199999999999989,28766.88,192,0.9765917443538591,6016,0.9075944359551543,4104,0.9634123851055282,4032,0.838857356375263,7664,20,0.48,2117.2576872831855,0.059851004797911056
96,repeated_damage,13000,0.2,4.0,hybrid_50,0.8680165996145921,0.6132933279771582,22048,839,239,114.72,19048,3000,715,124,24,1.0,4.263256414560601e-14,1.0000000000000002,0.0,7.999999999999986,48326.4,192,0.9676446615374119,5312,0.8891535313497508,4296,0.9572265595681958,3992,0.8128431537702108,8448,20,0.48,2117.2576872831855,0.05418329601023008
96,repeated_damage,13001,0.2,4.0,fixed,0.7570260866437851,0.3278343248155426,0,0,0,0.0,0,0,0,0,40,1.0,4.263256414560601e-14,1.0000000000000002,0.0,-1.0,48326.4,192,0.9653443872038792,0,0.7414462746917206,0,0.8978889719158473,0,0.6943845499837863,0,0,0.0,2103.4933919239197,0.0
96,repeated_damage,13001,0.2,2.3,pulse_only,0.9075352259971079,0.6334457211439808,24264,826,555,13.32,24264,0,826,0,15,1.0,4.263256414560601e-14,1.0000000000000004,0.0,13.0,28766.88,192,0.9963742013336827,6368,0.8828180366442969,4368,0.9843562041846096,4656,0.8814833315797624,8872,1,0.024,2103.4933919239197,0.006332323196802211
96,repeated_damage,13001,0.2,4.0,hybrid_50,0.907273930156531,0.6215502967146633,23584,816,500,12.0,21120,2464,716,100,13,1.0,4.263256414560601e-14,1.0000000000000002,0.0,7.999999999999986,48326.4,192,0.9933805950184937,5752,0.8955361344168348,4568,0.9909859358149709,4096,0.8712868251971594,9168,1,0.024,2103.4933919239197,0.005704795672794784
96,repeated_damage,13001,0.2,2.3,pulse_only,0.873292914167975,0.45751608542175265,23856,829,495,59.4,23856,0,829,0,16,1.0,2.842170943040401e-14,1.0000000000000002,0.0,13.000000000000028,28766.88,192,0.9936109028109968,6248,0.8403771957300471,4312,0.9760446468218467,4520,0.8383749070600031,8776,5,0.12,2103.4933919239197,0.02823873858033418
96,repeated_damage,13001,0.2,4.0,hybrid_50,0.87189245422663,0.4248117787439263,23824,848,434,52.08,20616,3208,715,133,19,1.0,4.263256414560601e-14,1.0000000000000004,0.0,7.999999999999986,48326.4,192,0.9845939243926353,5696,0.8655114642904012,4528,0.9747702481169567,4248,0.823644052249581,9352,5,0.12,2103.4933919239197,0.02475881321992936
96,repeated_damage,13001,0.2,2.3,pulse_only,0.8645073649378779,0.37721540177627294,22728,829,354,169.92,22728,0,829,0,16,1.0,4.263256414560601e-14,1.0000000000000002,0.0,13.000000000000028,28766.88,192,0.9787644333543264,5816,0.8411637938611042,4152,0.9477191606991625,4408,0.8345732525956228,8352,20,0.48,2103.4933919239197,0.08077990672677414
96,repeated_damage,13001,0.2,4.0,hybrid_50,0.8560597720694464,0.3614386883195696,23184,864,306,146.88,19656,3528,717,147,18,1.0,2.842170943040401e-14,1.0000000000000004,0.0,7.999999999999986,48326.4,192,0.9768903489872459,5504,0.8113141026005382,4608,0.9475693275677279,4280,0.8326778290547595,8792,20,0.48,2103.4933919239197,0.06982669903500816
96,repeated_damage,13002,0.2,4.0,fixed,0.8572384210221808,0.5337138119802578,0,0,0,0.0,0,0,0,0,30,1.0,4.263256414560601e-14,1.0000000000000002,0.0,-1.0,48326.4,192,0.9986565165063309,0,0.8569753786530042,0,0.9646354436862068,0,0.8036714308747562,0,0,0.0,2106.959737963818,0.0
96,repeated_damage,13002,0.2,2.3,pulse_only,0.9999999999999994,0.9999999999999961,25592,822,733,17.592,25592,0,822,0,0,1.0,5.684341886080802e-14,1.0000000000000002,0.0,13.0,28766.88,192,0.9999999999999994,6344,0.9999999999999997,4816,0.9999999999999997,4816,0.9999999999999991,9616,1,0.024,2106.959737963818,0.008349471365314765
96,repeated_damage,13002,0.2,4.0,hybrid_50,0.9985178207465332,0.9999999999999947,22536,723,648,15.552,22384,152,718,5,0,1.0,5.684341886080802e-14,1.0000000000000002,0.0,8.0,48326.4,192,0.9999999999999994,5608,0.9944149401859441,4224,0.9998996216119663,4200,0.9998783605941111,8504,1,0.024,2106.959737963818,0.007381251629909915
96,repeated_damage,13002,0.2,2.3,pulse_only,0.999245380295365,0.9999999999999952,25592,822,733,87.96,25592,0,822,0,0,1.0,4.263256414560601e-14,1.0000000000000002,0.0,13.0,28766.88,192,0.9999999999999994,6384,0.997380095860401,4800,0.9996014253210606,4736,0.9999999999999991,9672,5,0.12,2106.959737963818,0.04174735682657382
96,repeated_damage,13002,0.2,4.0,hybrid_50,0.9900444124109322,0.9858215283577374,22424,738,589,70.67999999999999,21896,528,718,20,1,1.0,4.263256414560601e-14,1.0000000000000002,0.0,7.999999999999993,48326.4,192,0.9999999999999994,5608,0.9723711492257993,4280,0.9990610691885808,4160,0.9943727156146744,8376,5,0.12,2106.959737963818,0.03354596612667392
96,repeated_damage,13002,0.2,2.3,pulse_only,0.9336533498017919,0.7928838545269002,21432,826,201,96.47999999999999,21432,0,826,0,20,1.0,4.263256414560601e-14,1.0000000000000004,0.0,13.399999999999991,28766.88,192,0.9999999999999994,5904,0.8832853908985838,3976,0.9921339490979459,3888,0.9295970296053188,7664,20,0.48,2106.959737963818,0.045791098074441136
96,repeated_damage,13002,0.2,4.0,hybrid_50,0.9316113124475737,0.7928560884301608,20904,805,198,95.03999999999999,18768,2136,716,89,19,1.0,2.842170943040401e-14,1.0000000000000002,0.0,7.999999999999986,48326.4,192,0.9999999999999994,5328,0.9135156945644404,3928,0.9905053804154467,3736,0.9112120874052041,7912,20,0.48,2106.959737963818,0.045107648849449476
96,repeated_damage,13003,0.2,4.0,fixed,0.805316137631932,0.4078662067623836,0,0,0,0.0,0,0,0,0,35,1.0,4.263256414560601e-14,1.0000000000000002,0.0,-1.0,48326.4,192,0.9954741633930851,0,0.7987449199472679,0,0.9495781952395471,0,0.7364707176704566,0,0,0.0,2133.4937514495837,0.0
96,repeated_damage,13003,0.2,2.3,pulse_only,0.9920037232717703,0.9763247962833216,25680,821,747,17.928,25680,0,821,0,4,1.0,4.263256414560601e-14,1.0000000000000004,0.0,13.0,28766.88,192,1.0000000000000002,6424,0.9825758631758577,4888,0.9998105363185197,4784,0.9928142467963517,9584,1,0.024,2133.4937514495837,0.008403118119197198
96,repeated_damage,13003,0.2,4.0,hybrid_50,0.994046013222013,0.9872518885674781,22688,730,646,15.504,22288,400,716,14,7,1.0,4.263256414560601e-14,1.0000000000000004,0.0,8.0,48326.4,192,1.0000000000000002,5504,0.9994537890075409,4392,1.0,4224,0.9883651319402555,8568,1,0.024,2133.4937514495837,0.007266953554218728
96,repeated_damage,13003,0.2,2.3,pulse_only,0.9594281996735965,0.8787891781692594,24392,822,583,69.96,24392,0,822,0,11,1.0,4.263256414560601e-14,1.0000000000000002,0.0,13.0,28766.88,192,1.0000000000000002,6448,0.9567657304594482,4592,0.996149277366616,4672,0.9423988954341609,8680,5,0.12,2133.4937514495837,0.03279128422685386
96,repeated_damage,13003,0.2,4.0,hybrid_50,0.9373445006447736,0.7333110883444318,22992,790,504,60.48,21120,1872,714,76,23,1.0,4.263256414560601e-14,1.0000000000000002,0.0,7.999999999999986,48326.4,192,1.0000000000000002,5520,0.979883828690469,4304,0.9996395156989124,4256,0.8849273290948566,8912,5,0.12,2133.4937514495837,0.028347868353918258
96,repeated_damage,13003,0.2,2.3,pulse_only,0.8833723682156187,0.6440734185670375,21648,823,237,113.75999999999999,21648,0,823,0,29,1.0,4.263256414560601e-14,1.0000000000000002,0.0,13.199999999999989,28766.88,192,1.0000000000000002,5944,0.9189610484362497,4088,0.994095791452651,4112,0.8102163164867868,7504,20,0.48,2133.4937514495837,0.0533209904752272
96,repeated_damage,13003,0.2,4.0,hybrid_50,0.9027069829584098,0.690022717627158,21496,822,221,106.08,18976,2520,717,105,24,1.0,2.842170943040401e-14,1.0000000000000002,0.0,7.999999999999986,48326.4,192,1.0000000000000002,5248,0.8974958975632862,4200,0.9959444431477422,3744,0.8586937955613055,8304,20,0.48,2133.4937514495837,0.04972126116044393
96,repeated_damage,13004,0.2,4.0,fixed,0.7921544453711227,0.3327977106301335,0,0,0,0.0,0,0,0,0,30,1.0,4.263256414560601e-14,1.0000000000000002,0.0,-1.0,48326.4,192,0.9629212044840506,0,0.7907865381886514,0,0.9266435071512299,0,0.7255938680723044,0,0,0.0,2140.108497582723,0.0
96,repeated_damage,13004,0.2,2.3,pulse_only,0.9385932001893253,0.7712892694421921,24504,823,594,14.256,24504,0,823,0,10,1.0,4.263256414560601e-14,1.0000000000000002,0.0,13.199999999999989,28766.88,192,0.9982503632622572,6200,0.9042924893726524,4624,0.9949308677019146,4800,0.9275747218413675,8880,1,0.024,2140.108497582723,0.006661344514122679
96,repeated_damage,13004,0.2,4.0,hybrid_50,0.9496492663821487,0.8471045910349302,23272,778,575,13.8,21632,1640,715,63,10,1.0,4.263256414560601e-14,1.0000000000000004,0.0,7.999999999999986,48326.4,192,1.0,5520,0.9421087533991411,4312,0.9966796584549532,4384,0.9299043268372507,9056,1,0.024,2140.108497582723,0.006448271204748385
96,repeated_damage,13004,0.2,2.3,pulse_only,0.925238157451246,0.669860692508095,24208,821,563,67.56,24208,0,821,0,14,1.0,4.263256414560601e-14,1.0000000000000002,0.0,13.199999999999989,28766.88,192,0.9993836590762287,6224,0.9288832373395538,4616,0.9949244271473469,4648,0.8885724826590419,8720,5,0.12,2140.108497582723,0.031568492941507306
96,repeated_damage,13004,0.2,4.0,hybrid_50,0.9377708223023872,0.7745430288113366,23304,800,513,61.559999999999995,21160,2144,716,84,14,1.0,4.263256414560601e-14,1.0000000000000002,0.0,7.999999999999986,48326.4,192,1.0,5488,0.8883225828735225,4688,0.9969566320276532,4304,0.9329020371541866,8824,5,0.12,2140.108497582723,0.02876489676552975
96,repeated_damage,13004,0.2,2.3,pulse_only,0.8844583157818724,0.4747688973003189,22448,824,334,160.32,22448,0,824,0,15,1.0,4.263256414560601e-14,1.0000000000000002,0.0,13.199999999999989,28766.88,192,0.9923769824528298,5728,0.8456188523299295,4360,0.9869796015017446,4360,0.8526174046479078,8000,20,0.48,2140.108497582723,0.07491208982212036
96,repeated_damage,13004,0.2,4.0,hybrid_50,0.8916197862005264,0.5690923877937618,22216,825,302,144.96,19592,2624,716,109,17,1.0,4.263256414560601e-14,1.0000000000000002,0.0,7.999999999999986,48326.4,192,0.9932553838132607,5264,0.8709162973804228,4360,0.9787140213116743,4096,0.8584244130550044,8496,20,0.48,2140.108497582723,0.06773488361161782
96,repeated_damage,13005,0.2,4.0,fixed,0.7030612190360632,0.04733559116546682,0,0,0,0.0,0,0,0,0,35,1.0,2.842170943040401e-14,1.0000000000000002,0.0,-1.0,48326.4,192,0.9115109056677142,0,0.6995373233336803,0,0.848215887878407,0,0.6322458324660828,0,0,0.0,2112.3853529659614,0.0
96,repeated_damage,13005,0.2,2.3,pulse_only,0.8570706646487082,0.49182913824023483,23992,814,557,13.368,23992,0,814,0,15,1.0,4.263256414560601e-14,1.0000000000000002,0.0,13.0,28766.88,192,0.9603534908216783,6112,0.85466038551486,4640,0.9621987714070525,4488,0.8057117508364601,8752,1,0.024,2112.3853529659614,0.006328390784015917
96,repeated_damage,13005,0.2,4.0,hybrid_50,0.8517926685354296,0.42272514859233007,24568,866,473,11.352,20664,3904,713,153,15,1.0,4.263256414560601e-14,1.0000000000000004,0.0,7.999999999999986,48326.4,192,0.9483512408897871,5576,0.8229230069005345,4928,0.9395971423552381,4576,0.8223252624429727,9488,1,0.024,2112.3853529659614,0.005374019462907592
96,repeated_damage,13005,0.2,2.3,pulse_only,0.8732500374177593,0.46340094365758544,23720,814,523,62.76,23720,0,814,0,14,1.0,4.263256414560601e-14,1.0000000000000004,0.0,13.199999999999989,28766.88,192,0.9445196553328934,6024,0.8462044505628291,4584,0.925512827226784,4384,0.8606414359407121,8728,5,0.12,2112.3853529659614,0.02971048815116988
96,repeated_damage,13005,0.2,4.0,hybrid_50,0.8290623873931289,0.3976032527497588,24176,874,400,48.0,20136,4040,711,163,20,1.0,2.842170943040401e-14,1.0000000000000002,0.0,7.999999999999986,48326.4,192,0.9429086906380203,5344,0.8047557894246391,4720,0.9341556136523741,4440,0.7886690732477513,9672,5,0.12,2112.3853529659614,0.022723126693055356
96,repeated_damage,13005,0.2,2.3,pulse_only,0.8243716123577945,0.4082520367991201,22288,815,341,163.68,22288,0,815,0,18,1.0,2.842170943040401e-14,1.0000000000000004,0.0,13.0,28766.88,192,0.9408124981323628,5656,0.7989570749046745,4336,0.9155919502996627,4136,0.7914687121134206,8160,20,0.48,2112.3853529659614,0.07748586202331877
96,repeated_damage,13005,0.2,4.0,hybrid_50,0.816960571896857,0.31270505383579345,23344,876,290,139.2,19328,4016,710,166,23,1.0,2.842170943040401e-14,1.0000000000000002,0.0,7.999999999999986,48326.4,192,0.9346404080639971,5080,0.8141172964026592,4456,0.9043617987239937,4432,0.7746815962303878,9376,20,0.48,2112.3853529659614,0.06589706740986054
96,repeated_damage,13006,0.2,4.0,fixed,0.8624899729873192,0.42786387823261374,0,0,0,0.0,0,0,0,0,27,1.0,4.263256414560601e-14,1.0000000000000002,0.0,-1.0,48326.4,192,1.0000000000000002,0,0.8140645912896985,0,0.9717479967303244,0,0.8320736519646272,0,0,0.0,2124.6958924309733,0.0
96,repeated_damage,13006,0.2,2.3,pulse_only,0.9970961308417488,0.9981034925047013,25488,823,717,17.208000000000002,25488,0,823,0,8,1.0,4.263256414560601e-14,1.0000000000000002,0.0,13.0,28766.88,192,1.0000000000000002,6376,1.0000000000000004,4800,1.0000000000000004,4752,0.994192261683497,9560,1,0.024,2124.6958924309733,0.008099041402255194
96,repeated_damage,13006,0.2,4.0,hybrid_50,0.992808916009942,0.9690715020104413,22728,739,624,14.976,22080,648,716,23,8,1.0,4.263256414560601e-14,1.0000000000000002,0.0,8.0,48326.4,192,1.0000000000000002,5568,1.0000000000000004,4224,1.0000000000000004,4144,0.9856178320198837,8792,1,0.024,2124.6958924309733,0.007048538124138411
96,repeated_damage,13006,0.2,2.3,pulse_only,0.9635997101262863,0.8456866996757951,24400,826,572,68.64,24400,0,826,0,16,1.0,4.263256414560601e-14,1.0000000000000002,0.0,13.000000000000014,28766.88,192,1.0000000000000002,6400,0.9806315043067712,4664,0.9999649175291643,4720,0.9369012093346053,8616,5,0.12,2124.6958924309733,0.03230579973563438
96,repeated_damage,13006,0.2,4.0,hybrid_50,0.9667177948254344,0.8053355094573541,22472,765,514,61.68,21296,1176,717,48,12,1.0,4.263256414560601e-14,1.0000000000000004,0.0,7.999999999999986,48326.4,192,1.0000000000000002,5600,0.9842526298996906,4344,0.999713809956898,4176,0.9414523697225743,8352,5,0.12,2124.6958924309733,0.02903003682537775
96,repeated_damage,13006,0.2,2.3,pulse_only,0.9165253493207258,0.6964436229054168,21456,827,201,96.47999999999999,21456,0,827,0,23,1.0,2.842170943040401e-14,1.0000000000000004,0.0,13.399999999999991,28766.88,192,1.0000000000000002,5992,0.9262433255592127,3896,0.9968963851550686,4032,0.8714808432843107,7536,20,0.48,2124.6958924309733,0.04540885137666091
96,repeated_damage,13006,0.2,4.0,hybrid_50,0.8985810252284442,0.6811141443399946,21264,816,210,100.8,18888,2376,717,99,21,1.0,4.263256414560601e-14,1.0000000000000004,0.0,7.999999999999986,48326.4,192,1.0000000000000002,5248,0.9105096744732497,4024,0.9948792396145139,3760,0.8444675934130068,8232,20,0.48,2124.6958924309733,0.047442083527854687
96,repeated_damage,13007,0.2,4.0,fixed,0.744260149126964,0.09994645611657338,0,0,0,0.0,0,0,0,0,38,1.0,4.263256414560601e-14,1.0000000000000002,0.0,-1.0,48326.4,192,0.9299125771521607,0,0.7637460458768904,0,0.864259208942812,0,0.6745176708440769,0,0,0.0,2085.202952567334,0.0
96,repeated_damage,13007,0.2,2.3,pulse_only,0.9017029417363189,0.6476395872976678,24328,825,566,13.584,24328,0,825,0,25,1.0,4.263256414560601e-14,1.0000000000000004,0.0,13.0,28766.88,192,1.0000000000000002,6384,0.9505300980622711,4760,0.9934082672087265,4648,0.8314367008371393,8536,1,0.024,2085.202952567334,0.006514473798953321
96,repeated_damage,13007,0.2,4.0,hybrid_50,0.9153743927042175,0.6770764571634337,23752,818,515,12.36,21016,2736,712,106,27,1.0,4.263256414560601e-14,1.0000000000000002,0.0,7.999999999999986,48326.4,192,0.9998420671302201,5640,0.9813294026674659,4360,0.9985899382111294,4152,0.8407891149691374,9600,1,0.024,2085.202952567334,0.005927480576786148
96,repeated_damage,13007,0.2,2.3,pulse_only,0.8813354906311923,0.6202746215542329,23352,825,444,53.28,23352,0,825,0,27,1.0,4.263256414560601e-14,1.0000000000000002,0.0,13.199999999999989,28766.88,192,0.9994523018617876,6264,0.8905471450621074,4336,0.9945896996274074,4408,0.820102558917627,8344,5,0.12,2085.202952567334,0.02555146967080631
96,repeated_damage,13007,0.2,4.0,hybrid_50,0.8956536776157511,0.6489206512605414,23408,832,430,51.6,20448,2960,714,118,20,1.0,4.263256414560601e-14,1.0000000000000004,0.0,7.999999999999986,48326.4,192,0.998610646859054,5568,0.9107781831486078,4408,0.9927036753073497,4168,0.8395664260035233,9264,5,0.12,2085.202952567334,0.02474579269920431
96,repeated_damage,13007,0.2,2.3,pulse_only,0.8563422827299694,0.5030186437414136,21656,827,226,108.47999999999999,21656,0,827,0,30,1.0,2.842170943040401e-14,1.0000000000000002,0.0,13.199999999999989,28766.88,192,0.9947867855778257,5728,0.8562325780662093,4032,0.9758802660424877,4080,0.7966281434055902,7816,20,0.48,2085.202952567334,0.052023713023443476
96,repeated_damage,13007,0.2,4.0,hybrid_50,0.8695747881947508,0.4775965230860322,22168,851,218,104.64,18912,3256,716,135,26,1.0,4.263256414560601e-14,1.0000000000000002,0.0,7.999999999999986,48326.4,192,0.9923345893945588,5208,0.8711794252141887,4272,0.980207052819822,3744,0.8134563373724958,8944,20,0.48,2085.202952567334,0.050182165659781765
96,repeated_damage,13008,0.2,4.0,fixed,0.6563000919868207,0.0,0,0,0,0.0,0,0,0,0,37,1.0,2.842170943040401e-14,1.0000000000000002,0.0,-1.0,48326.4,192,0.8058153856714888,0,0.6142125741168295,0,0.7350457305810396,0,0.6379710316247069,0,0,0.0,2101.8318562058084,0.0
96,repeated_damage,13008,0.2,2.3,pulse_only,0.7701935269607684,0.041672258398732114,23592,821,486,11.664,23592,0,821,0,29,1.0,2.842170943040401e-14,1.0000000000000002,0.0,13.0,28766.88,192,0.8616826087368787,6152,0.765294864714071,4448,0.8448892962083953,4352,0.7352949734603039,8640,1,0.024,2101.8318562058084,0.005549444864279323
96,repeated_damage,13008,0.2,4.0,hybrid_50,0.7599915781847609,0.057553629028263026,26560,951,467,11.208,20648,5912,713,238,26,1.0,4.263256414560601e-14,1.0000000000000004,0.0,7.999999999999986,48326.4,192,0.8647262733355274,6272,0.7630748128590317,5152,0.8588741237480242,4760,0.7090086880659938,10376,1,0.024,2101.8318562058084,0.005332491258474164
96,repeated_damage,13008,0.2,2.3,pulse_only,0.7784461027823132,0.036084448443867496,23248,824,434,52.08,23248,0,824,0,25,1.0,4.263256414560601e-14,1.0000000000000004,0.0,13.199999999999989,28766.88,192,0.8621799873761045,6048,0.7634194223032196,4288,0.8446550628072783,4312,0.7528549630093772,8600,5,0.12,2101.8318562058084,0.024778385505115495
96,repeated_damage,13008,0.2,4.0,hybrid_50,0.7925553259194476,0.06844653316777877,25488,924,414,49.68,20320,5168,712,212,25,1.0,4.263256414560601e-14,1.0000000000000004,0.0,7.999999999999986,48326.4,192,0.8725538692564828,6032,0.7753892184762682,5008,0.8639936866887076,4672,0.7654191992564073,9776,5,0.12,2101.8318562058084,0.023636524421930448
96,repeated_damage,13008,0.2,2.3,pulse_only,0.756208320670558,0.000527933545734197,22136,823,298,143.04,22136,0,823,0,27,1.0,4.263256414560601e-14,1.0000000000000002,0.0,13.399999999999991,28766.88,192,0.8564203696611218,5712,0.7273143116393554,4056,0.8249944558715839,4128,0.7362622575856461,8240,20,0.48,2101.8318562058084,0.06805492055782873
96,repeated_damage,13008,0.2,4.0,hybrid_50,0.7473430677627257,0.005620094572653845,24640,944,248,119.03999999999999,19040,5600,711,233,29,1.0,2.842170943040401e-14,1.0000000000000002,0.0,7.999999999999986,48326.4,192,0.8581922575546079,5776,0.7304381369315167,4672,0.8280055346938847,4608,0.7154642997127509,9584,20,0.48,2101.8318562058084,0.05663630972597827
96,repeated_damage,13009,0.2,4.0,fixed,0.8786267625516031,0.6011468376938722,0,0,0,0.0,0,0,0,0,28,1.0,4.263256414560601e-14,1.0000000000000002,0.0,-1.0,48326.4,192,0.9980272415509888,0,0.9039474775972234,0,0.9663309399531703,0,0.8221143163280096,0,0,0.0,2113.6318917007716,0.0
96,repeated_damage,13009,0.2,2.3,pulse_only,0.9980560659811569,0.9999999999999964,25616,820,742,17.808,25616,0,820,0,0,1.0,5.684341886080802e-14,1.0000000000000002,0.0,13.0,28766.88,192,0.9999999999999994,6344,0.9945237423002992,4816,0.9999999999999997,4816,0.9988502608121644,9640,1,0.024,2113.6318917007716,0.008425308148464053
96,repeated_damage,13009,0.2,4.0,hybrid_50,0.9866441880219358,0.9823271574725528,22888,744,629,15.096,22168,720,717,27,2,1.0,5.684341886080802e-14,1.0000000000000004,0.0,7.999999999999986,48326.4,192,0.9999999999999994,5536,0.9818051471542656,4376,0.9990606653182514,4248,0.982855469807613,8728,1,0.024,2113.6318917007716,0.00714220865954702
96,repeated_damage,13009,0.2,2.3,pulse_only,0.9928078513736824,0.9807016286225851,24928,822,650,78.0,24928,0,822,0,4,1.0,4.263256414560601e-14,1.0000000000000002,0.0,13.0,28766.88,192,0.9999999999999994,6320,0.9817978485801574,4760,0.9998238695968161,4712,0.9948048436588781,9136,5,0.12,2113.6318917007716,0.0369033038847819
96,repeated_damage,13009,0.2,4.0,hybrid_50,0.9834796267390521,0.9446077544891721,22464,746,570,68.39999999999999,21720,744,716,30,6,1.0,4.263256414560601e-14,1.0000000000000002,0.0,7.999999999999986,48326.4,192,0.9999999999999994,5560,0.9863453177527849,4360,0.9999893264254416,4192,0.9737919313889912,8352,5,0.12,2113.6318917007716,0.03236135879127028
96,repeated_damage,13009,0.2,2.3,pulse_only,0.9260619734604311,0.7706870163849611,21360,824,198,95.03999999999999,21360,0,824,0,16,1.0,4.263256414560601e-14,1.0000000000000002,0.0,13.599999999999994,28766.88,192,0.9999999999999994,5992,0.9023939414293608,3920,0.9904462034649857,3984,0.9057038744736885,7464,20,0.48,2113.6318917007716,0.04496525642576502
96,repeated_damage,13009,0.2,4.0,hybrid_50,0.918799783206415,0.7134457676458741,20784,802,192,92.16,18744,2040,717,85,15,1.0,4.263256414560601e-14,1.0000000000000002,0.0,7.999999999999986,48326.4,192,0.9998388033415794,5224,0.9000644757845241,4096,0.9762393099718546,3760,0.8994476735346408,7704,20,0.48,2113.6318917007716,0.04360267289771154
96,repeated_damage,13010,0.2,4.0,fixed,0.8311150528495596,0.4898625856966775,0,0,0,0.0,0,0,0,0,31,1.0,4.263256414560601e-14,1.0000000000000002,0.0,-1.0,48326.4,192,0.9799094401818345,0,0.8509634360951049,0,0.9521187400107514,0,0.7606890176461909,0,0,0.0,2114.6964217071663,0.0
96,repeated_damage,13010,0.2,2.3,pulse_only,0.9882230748605173,0.9613574758771241,25400,824,703,16.872,25400,0,824,0,10,1.0,4.263256414560601e-14,1.0000000000000004,0.0,13.0,28766.88,192,1.0,6264,1.0,4952,1.0,4928,0.9764461497210349,9256,1,0.024,2114.6964217071663,0.007978450158051272
96,repeated_damage,13010,0.2,4.0,hybrid_50,0.9799075048253616,0.9086039333415935,22664,757,562,13.488,21584,1080,716,41,12,1.0,2.842170943040401e-14,1.0000000000000002,0.0,7.999999999999986,48326.4,192,0.9997007350649603,5672,0.9848711359421382,4328,1.0,4128,0.9673794416796538,8536,1,0.024,2114.6964217071663,0.006378220467745113
96,repeated_damage,13010,0.2,2.3,pulse_only,0.970720669893308,0.8606277496328616,24704,828,604,72.48,24704,0,828,0,13,1.0,4.263256414560601e-14,1.0000000000000002,0.0,13.199999999999989,28766.88,192,1.0,6264,0.9978900101840433,4952,1.0,4824,0.9424963346945943,8664,5,0.12,2114.6964217071663,0.03427442315407517
96,repeated_damage,13010,0.2,4.0,hybrid_50,0.9686159812215572,0.9046934829239238,22464,768,504,60.48,21160,1304,717,51,14,1.0,4.263256414560601e-14,1.0000000000000002,0.0,7.999999999999986,48326.4,192,0.9998858396082451,5616,0.9942041367469813,4112,0.9991739061452812,4120,0.9405429409969831,8616,5,0.12,2114.6964217071663,0.028599849784195167
96,repeated_damage,13010,0.2,2.3,pulse_only,0.865542652279926,0.6378586292756971,21432,829,192,92.16,21432,0,829,0,30,1.0,4.263256414560601e-14,1.0000000000000002,0.0,13.399999999999991,28766.88,192,1.0,5752,0.9181692363479932,4096,0.9960633944172168,3952,0.7739689891772471,7632,20,0.48,2114.6964217071663,0.04358072348067835
96,repeated_damage,13010,0.2,4.0,hybrid_50,0.8731342413355175,0.6156960985537896,22128,851,213,102.24,18768,3360,712,139,23,1.0,2.842170943040401e-14,1.0000000000000002,0.0,7.999999999999986,48326.4,192,0.993827340170232,5416,0.8565384044838797,4312,0.995311403415527,3800,0.8203435787213319,8600,20,0.48,2114.6964217071663,0.04834736511137755
96,repeated_damage,13011,0.2,4.0,fixed,0.712334826524683,0.02833027501372333,0,0,0,0.0,0,0,0,0,38,1.0,4.263256414560601e-14,1.0000000000000004,0.0,-1.0,48326.4,192,0.8863964004331457,0,0.7493113696716426,0,0.8300605149165805,0,0.6349837107552545,0,0,0.0,2131.2987178674207,0.0
96,repeated_damage,13011,0.2,2.3,pulse_only,0.9532807534371148,0.868507510366787,25360,822,704,16.896,25360,0,822,0,7,1.0,2.842170943040401e-14,1.0000000000000004,0.0,13.199999999999989,28766.88,192,0.9681249087510908,6400,0.9520395768821284,4704,0.9834624330106514,4824,0.9388105019278399,9432,1,0.024,2131.2987178674207,0.00792756072077318
96,repeated_damage,13011,0.2,4.0,hybrid_50,0.9382745856494339,0.7515600722360162,24960,812,684,16.416,22208,2752,716,96,9,1.0,4.263256414560601e-14,1.0000000000000004,0.0,7.999999999999986,48326.4,192,0.9757888901508218,5864,0.942483636845795,4752,0.9899442233485042,4432,0.9103352412017179,9912,1,0.024,2131.2987178674207,0.007702345927569395
96,repeated_damage,13011,0.2,2.3,pulse_only,0.9209635972272062,0.65249576662613,24184,823,554,66.48,24184,0,823,0,13,1.0,4.263256414560601e-14,1.0000000000000004,0.0,13.0,28766.88,192,0.9746432892899798,6392,0.9301846542208793,4472,0.9743898150058258,4608,0.8896399598410599,8712,5,0.12,2131.2987178674207,0.03119224885872401
96,repeated_damage,13011,0.2,4.0,hybrid_50,0.9342197054126913,0.7432506510613205,23840,804,568,68.16,21632,2208,718,86,7,1.0,2.842170943040401e-14,1.0000000000000004,0.0,7.999999999999986,48326.4,192,0.969735069100397,5688,0.9245510769243125,4528,0.9774658661450324,4328,0.9174309392907102,9296,5,0.12,2131.2987178674207,0.03198050063493725
96,repeated_damage,13011,0.2,2.3,pulse_only,0.8684726485260008,0.42824654106808985,22560,825,345,165.6,22560,0,825,0,19,1.0,4.263256414560601e-14,1.0000000000000004,0.0,13.199999999999989,28766.88,192,0.9553750703958981,6104,0.872865125002767,4040,0.9399176412105101,4280,0.8305539139453628,8136,20,0.48,2131.2987178674207,0.07769910365530529
96,repeated_damage,13011,0.2,4.0,hybrid_50,0.8566633612840596,0.4966633822593006,23256,872,291,139.68,19448,3808,714,158,24,1.0,4.263256414560601e-14,1.0000000000000002,0.0,7.999999999999986,48326.4,192,0.952444746909619,5584,0.8832106636511594,4408,0.94934624197783,4136,0.7970482697536244,9128,20,0.48,2131.2987178674207,0.06553750482230099
96,repeated_damage,13012,0.2,4.0,fixed,0.7106950016282416,0.007348705984257411,0,0,0,0.0,0,0,0,0,41,1.0,2.842170943040401e-14,1.0000000000000002,0.0,-1.0,48326.4,192,0.9040683154769156,0,0.6892405387635248,0,0.848386522551387,0,0.6525764725990273,0,0,0.0,2101.7872527532872,0.0
96,repeated_damage,13012,0.2,2.3,pulse_only,0.873368126808562,0.4835241041885369,24384,830,558,13.392,24384,0,830,0,16,1.0,4.263256414560601e-14,1.0000000000000004,0.0,13.0,28766.88,192,0.9566220264454213,6408,0.8505526166902069,4376,0.9468336313175274,4704,0.8480431296132569,8896,1,0.024,2101.7872527532872,0.006371720059895131
96,repeated_damage,13012,0.2,4.0,hybrid_50,0.8639995665536825,0.5277180751146611,25536,895,507,12.168000000000001,20944,4592,714,181,16,1.0,4.263256414560601e-14,1.0000000000000004,0.0,7.999999999999986,48326.4,192,0.9503511361450823,6264,0.838446091942758,5040,0.9419748436992462,4648,0.8377886652863626,9584,1,0.024,2101.7872527532872,0.005789358549044502
96,repeated_damage,13012,0.2,2.3,pulse_only,0.8444743462966537,0.4898810801942494,23984,831,505,60.599999999999994,23984,0,831,0,20,1.0,4.263256414560601e-14,1.0000000000000002,0.0,13.0,28766.88,192,0.9424640426812324,6264,0.8493484604488041,4272,0.9287754464737041,4656,0.7998867391320534,8792,5,0.12,2101.7872527532872,0.028832604213683166
96,repeated_damage,13012,0.2,4.0,hybrid_50,0.8378407811600124,0.41330449021748444,25072,892,458,54.96,20608,4464,712,180,22,1.0,4.263256414560601e-14,1.0000000000000002,0.0,7.999999999999986,48326.4,192,0.9458107903041186,5992,0.8143995137169907,4848,0.9328208542632178,4528,0.8020713783299205,9704,5,0.12,2101.7872527532872,0.026149173722508696
96,repeated_damage,13012,0.2,2.3,pulse_only,0.8119718147180662,0.3994113334221167,22680,833,336,161.28,22680,0,833,0,24,1.0,2.842170943040401e-14,1.0000000000000002,0.0,13.0,28766.88,192,0.9174834906970977,5848,0.7762280547130236,4104,0.8947495625521472,4464,0.7884548208035471,8264,20,0.48,2101.7872527532872,0.076734693194436
96,repeated_damage,13012,0.2,4.0,hybrid_50,0.7955823730547164,0.2684690392835528,24040,905,290,139.2,19376,4664,712,193,28,1.0,2.842170943040401e-14,1.0000000000000002,0.0,7.999999999999986,48326.4,192,0.9161924000870684,5648,0.7712668919672164,4800,0.8929074372764584,4536,0.7590775814875952,9056,20,0.48,2101.7872527532872,0.06622934829281678
96,repeated_damage,13013,0.2,4.0,fixed,0.7676351333477374,0.15316858311121995,0,0,0,0.0,0,0,0,0,30,1.0,4.263256414560601e-14,1.0000000000000004,0.0,-1.0,48326.4,192,0.9496259113361016,0,0.7874193476757106,0,0.8869852642480114,0,0.6980679607336137,0,0,0.0,2106.4204177239794,0.0
96,repeated_damage,13013,0.2,2.3,pulse_only,0.9309910512433719,0.7507825169564867,24840,824,633,15.192,24840,0,824,0,13,1.0,4.263256414560601e-14,1.0000000000000002,0.0,13.0,28766.88,192,0.995809402634168,6376,0.923858762986925,4656,0.9922021056695384,4664,0.9039516681585119,9144,1,0.024,2106.4204177239794,0.007212235445578901
96,repeated_damage,13013,0.2,4.0,hybrid_50,0.9242810169134492,0.7441644373613896,23816,817,526,12.624,21216,2600,713,104,15,1.0,4.263256414560601e-14,1.0000000000000004,0.0,7.999999999999986,48326.4,192,0.9982991182542212,5528,0.8842388720841496,4792,0.9929272842395387,4368,0.9099789556650545,9128,1,0.024,2106.4204177239794,0.005993105599327807
96,repeated_damage,13013,0.2,2.3,pulse_only,0.9111902982804115,0.6485927931086112,24240,824,558,66.96,24240,0,824,0,16,1.0,4.263256414560601e-14,1.0000000000000002,0.0,13.000000000000014,28766.88,192,0.9966389193167338,6232,0.916880244785061,4544,0.9907987760312256,4568,0.8685410861526801,8896,5,0.12,2106.4204177239794,0.03178852589757525
96,repeated_damage,13013,0.2,4.0,hybrid_50,0.9056727896810363,0.6481873725035731,23784,833,474,56.879999999999995,20864,2920,716,117,18,1.0,4.263256414560601e-14,1.0000000000000002,0.0,7.999999999999986,48326.4,192,0.9911988034663811,5584,0.8943976087856221,4584,0.9858325138105309,4136,0.8712305180639958,9480,5,0.12,2106.4204177239794,0.027003156407617687
96,repeated_damage,13013,0.2,2.3,pulse_only,0.8830320088894843,0.6193054436572418,22752,825,369,177.12,22752,0,825,0,19,1.0,4.263256414560601e-14,1.0000000000000004,0.0,13.0,28766.88,192,0.9577560057277242,5800,0.8758968489947606,4384,0.9545544392692022,4280,0.8508383736469872,8288,20,0.48,2106.4204177239794,0.08408577818068293
96,repeated_damage,13013,0.2,4.0,hybrid_50,0.877108978131112,0.478404040939022,22704,837,327,156.96,19712,2992,713,124,20,1.0,4.263256414560601e-14,1.0000000000000002,0.0,7.999999999999986,48326.4,192,0.9637666027753408,5432,0.8742158717710228,4336,0.9545782066216754,4208,0.8398209170658749,8728,20,0.48,2106.4204177239794,0.0745150392007678
96,repeated_damage,13014,0.2,4.0,fixed,0.7680198622925211,0.22792020935984178,0,0,0,0.0,0,0,0,0,36,1.0,4.263256414560601e-14,1.0000000000000002,0.0,-1.0,48326.4,192,0.9315630195041953,0,0.7824966147706306,0,0.8944332546070108,0,0.6975747898962215,0,0,0.0,2122.067477745923,0.0
96,repeated_damage,13014,0.2,2.3,pulse_only,0.9500977039886043,0.8758974612223492,25072,823,665,15.96,25072,0,823,0,14,1.0,4.263256414560601e-14,1.0000000000000002,0.0,13.0,28766.88,192,0.9833537578729921,6272,0.9468114811291807,4832,0.9988915045077981,4880,0.927343915158719,9088,1,0.024,2122.067477745923,0.007520967248860927
96,repeated_damage,13014,0.2,4.0,hybrid_50,0.935839775581069,0.7248499820671,24112,809,587,14.088000000000001,21560,2552,712,97,18,1.0,4.263256414560601e-14,1.0000000000000004,0.0,7.999999999999986,48326.4,192,0.9935309869938724,5832,0.9535861737918783,4360,0.9965627847793354,4504,0.8966050718765313,9416,1,0.024,2122.067477745923,0.006638808684332878
96,repeated_damage,13014,0.2,2.3,pulse_only,0.8977399209035247,0.6098095378029548,24024,822,537,64.44,24024,0,822,0,17,1.0,4.263256414560601e-14,1.0000000000000004,0.0,13.0,28766.88,192,0.9852160594778903,6184,0.8897696496380086,4632,0.9792849264579712,4712,0.8609525537590595,8496,5,0.12,2122.067477745923,0.03036661212510013
96,repeated_damage,13014,0.2,4.0,hybrid_50,0.8999542260158967,0.6438337657898027,23944,834,491,58.919999999999995,21008,2936,714,120,24,1.0,4.263256414560601e-14,1.0000000000000002,0.0,7.999999999999986,48326.4,192,0.9817070106635015,5760,0.9286889411229434,4360,0.990593048773456,4480,0.8402674570835938,9344,5,0.12,2122.067477745923,0.027765375332261012
96,repeated_damage,13014,0.2,2.3,pulse_only,0.8589609636372756,0.5049012848859121,22112,826,286,137.28,22112,0,826,0,22,1.0,4.263256414560601e-14,1.0000000000000004,0.0,13.0,28766.88,192,0.9664670584090694,5936,0.8496155317086778,4088,0.9526809182131218,4200,0.8167737023136511,7888,20,0.48,2122.067477745923,0.06469162806539022
96,repeated_damage,13014,0.2,4.0,hybrid_50,0.8698172435055894,0.48554498472041596,22904,856,295,141.6,19496,3408,714,142,28,1.0,2.842170943040401e-14,1.0000000000000002,0.0,7.999999999999986,48326.4,192,0.9684025358102245,5584,0.9029553696067958,4088,0.9624700433960389,4120,0.8069217805097618,9112,20,0.48,2122.067477745923,0.06672737859891649
96,repeated_damage,13015,0.2,4.0,fixed,0.6785785703312401,0.0,0,0,0,0.0,0,0,0,0,34,1.0,4.263256414560601e-14,1.0000000000000002,0.0,-1.0,48326.4,192,0.8511597867379666,0,0.6692787914674291,0,0.7755110550710586,0,0.6347622173932363,0,0,0.0,2115.0828436047655,0.0
96,repeated_damage,13015,0.2,2.3,pulse_only,0.8455368463838152,0.37599197989373717,23888,827,505,12.120000000000001,23888,0,827,0,15,1.0,4.263256414560601e-14,1.0000000000000004,0.0,13.200000000000003,28766.88,192,0.9177790634396905,6152,0.7637864322926344,4384,0.9165313651404973,4504,0.8509147940510643,8848,1,0.024,2115.0828436047655,0.005730272001707373
96,repeated_damage,13015,0.2,4.0,hybrid_50,0.8308817979596076,0.34720548238624127,25576,903,488,11.712,20744,4832,714,189,18,1.0,4.263256414560601e-14,1.0000000000000002,0.0,7.999999999999986,48326.4,192,0.918799060994367,6224,0.750131991743948,5376,0.9196849402714238,4456,0.8268551299115289,9520,1,0.024,2115.0828436047655,0.005537371756105342
96,repeated_damage,13015,0.2,2.3,pulse_only,0.8523166524387574,0.304586008456817,23648,826,478,57.36,23648,0,826,0,11,1.0,4.263256414560601e-14,1.0000000000000002,0.0,13.199999999999989,28766.88,192,0.925959028784329,6056,0.782476130455822,4344,0.91166771273756,4472,0.8575613832808241,8776,5,0.12,2115.0828436047655,0.027119505116991325
96,repeated_damage,13015,0.2,4.0,hybrid_50,0.8327051811963593,0.27904569823475894,24584,889,406,48.72,20120,4464,709,180,14,1.0,4.263256414560601e-14,1.0000000000000002,0.0,7.999999999999986,48326.4,192,0.91036148705571,6080,0.765328333247825,4896,0.9064890870679791,4368,0.8295016522348166,9240,5,0.12,2115.0828436047655,0.023034558739536564
96,repeated_damage,13015,0.2,2.3,pulse_only,0.7726994096513793,0.011128165187576686,22728,828,357,171.35999999999999,22728,0,828,0,22,1.0,4.263256414560601e-14,1.0000000000000004,0.0,13.0,28766.88,192,0.8883275562771312,5720,0.7596005402896288,4272,0.8579172959821738,4320,0.7366399011668573,8416,20,0.48,2115.0828436047655,0.08101810315285274
96,repeated_damage,13015,0.2,4.0,hybrid_50,0.7876154850776007,0.07681674408211384,24000,894,318,152.64,19472,4528,707,187,20,1.0,4.263256414560601e-14,1.0000000000000004,0.0,7.999999999999986,48326.4,192,0.8850715117673875,5624,0.7702073641382449,4672,0.8813374155942167,4280,0.7494585802889706,9424,20,0.48,2115.0828436047655,0.07216738600170076
96,repeated_damage,13016,0.2,4.0,fixed,0.7088132453231352,0.06745076619593958,0,0,0,0.0,0,0,0,0,35,1.0,4.263256414560601e-14,1.0000000000000002,0.0,-1.0,48326.4,192,0.9305947078779393,0,0.6922799963744385,0,0.8626289967319211,0,0.6401719940930906,0,0,0.0,2134.1526940555764,0.0
96,repeated_damage,13016,0.2,2.3,pulse_only,0.9517182116221573,0.8538881886118603,25288,824,689,16.536,25288,0,824,0,6,1.0,4.263256414560601e-14,1.0000000000000002,0.0,13.0,28766.88,192,0.9903783021957225,6464,0.9612760920107652,4720,0.9906764382547664,4776,0.9274601581115488,9328,1,0.024,2134.1526940555764,0.007748274079009915
96,repeated_damage,13016,0.2,4.0,hybrid_50,0.9524122649630143,0.8834416676120141,23872,787,623,14.952,21976,1896,716,71,8,1.0,4.263256414560601e-14,1.0000000000000004,0.0,7.999999999999986,48326.4,192,0.9971148628824559,5800,0.9198406515459148,4520,0.9851436382557694,4504,0.9523323850251867,9048,1,0.024,2134.1526940555764,0.007006059145461796
96,repeated_damage,13016,0.2,2.3,pulse_only,0.8868678130412176,0.6312106143644528,23960,825,520,62.4,23960,0,825,0,21,1.0,4.263256414560601e-14,1.0000000000000004,0.0,13.0,28766.88,192,0.9836660585673521,6432,0.9440040044822581,4448,0.9858572856680279,4656,0.8088049810072925,8424,5,0.12,2134.1526940555764,0.029238770109471377
96,repeated_damage,13016,0.2,4.0,hybrid_50,0.8901183823718183,0.60751758172269,23992,839,482,57.839999999999996,20832,3160,712,127,19,1.0,4.263256414560601e-14,1.0000000000000004,0.0,7.999999999999986,48326.4,192,0.9887493434556835,5792,0.8947857051022561,4584,0.9784574356749655,4496,0.8436151943550256,9120,5,0.12,2134.1526940555764,0.0271020907553177
96,repeated_damage,13016,0.2,2.3,pulse_only,0.8493777126374598,0.5698495815912358,22296,827,306,146.88,22296,0,827,0,24,1.0,4.263256414560601e-14,1.0000000000000004,0.0,13.0,28766.88,192,0.9679561748940287,5960,0.8190459142357256,4056,0.9442764984029256,4224,0.8170942189555939,8056,20,0.48,2134.1526940555764,0.06882356656537109
96,repeated_damage,13016,0.2,4.0,hybrid_50,0.8500616605398167,0.5741437806782566,22664,859,256,122.88,19120,3544,712,147,27,1.0,4.263256414560601e-14,1.0000000000000002,0.0,7.999999999999986,48326.4,192,0.9824501816349797,5328,0.8794340212846299,4112,0.9560102047289821,4096,0.7824012080728272,9128,20,0.48,2134.1526940555764,0.05757788575403594
96,repeated_damage,13017,0.2,4.0,fixed,0.7028063199245006,0.0006627271273889104,0,0,0,0.0,0,0,0,0,33,1.0,4.263256414560601e-14,1.0000000000000002,0.0,-1.0,48326.4,192,0.8651633775206681,0,0.650423891324617,0,0.7913960754857996,0,0.684702656443793,0,0,0.0,2134.8635402198875,0.0
96,repeated_damage,13017,0.2,2.3,pulse_only,0.8085923148384888,0.46454455808208717,23440,818,476,11.424,23440,0,818,0,19,1.0,4.263256414560601e-14,1.0000000000000002,0.0,13.0,28766.88,192,0.9271503809226126,5976,0.7349615933049475,4392,0.8862588301743641,4392,0.8065744179373214,8680,1,0.024,2134.8635402198875,0.005351161694776682
96,repeated_damage,13017,0.2,4.0,hybrid_50,0.8414562490448828,0.5180872601598061,25176,899,450,10.8,20592,4584,715,184,20,1.0,4.263256414560601e-14,1.0000000000000002,0.0,7.999999999999986,48326.4,192,0.937078919884586,5712,0.7825426037155243,4944,0.922880488687813,4736,0.830200951888097,9784,1,0.024,2134.8635402198875,0.005058871350104006
96,repeated_damage,13017,0.2,2.3,pulse_only,0.8067700616965542,0.3722749953990831,23192,819,442,53.04,23192,0,819,0,24,1.0,4.263256414560601e-14,1.0000000000000002,0.0,13.200000000000003,28766.88,192,0.9194884299563179,5928,0.7726582672600982,4376,0.8887384062305536,4208,0.7828417866477827,8680,5,0.12,2134.8635402198875,0.02484467929717745
96,repeated_damage,13017,0.2,4.0,hybrid_50,0.8082792831575383,0.33027925869231517,25552,932,398,47.76,20208,5344,714,218,26,1.0,4.263256414560601e-14,1.0000000000000002,0.0,7.999999999999986,48326.4,192,0.92623966090175,5888,0.7534034333876692,4976,0.9124329795747711,4744,0.7836403598338559,9944,5,0.12,2134.8635402198875,0.02237145330379327
96,repeated_damage,13017,0.2,2.3,pulse_only,0.7891960898056235,0.20281808673483284,22656,820,372,178.56,22656,0,820,0,23,1.0,2.842170943040401e-14,1.0000000000000004,0.0,13.199999999999989,28766.88,192,0.9043740744281542,5784,0.7530213383612708,4232,0.8879610695333988,4264,0.757900975663912,8376,20,0.48,2134.8635402198875,0.08364000632171957
96,repeated_damage,13017,0.2,4.0,hybrid_50,0.7935364531752493,0.1865995841239983,24592,911,341,163.68,19816,4776,712,199,22,1.0,4.263256414560601e-14,1.0000000000000002,0.0,7.999999999999986,48326.4,192,0.9081747406609405,5608,0.7789594051555321,4776,0.9008394461493117,4680,0.7471734806980769,9528,20,0.48,2134.8635402198875,0.07667000579490961
96,repeated_damage,13018,0.2,4.0,fixed,0.7527572710372609,0.24460045299954175,0,0,0,0.0,0,0,0,0,34,1.0,4.263256414560601e-14,1.0000000000000004,0.0,-1.0,48326.4,192,0.9927913574615108,0,0.7318504700308762,0,0.9356737029100488,0,0.6717524556040592,0,0,0.0,2107.9137574166234,0.0
96,repeated_damage,13018,0.2,2.3,pulse_only,0.9738711290064536,0.8844318704076519,24888,819,654,15.696,24888,0,819,0,11,1.0,2.842170943040401e-14,1.0000000000000004,0.0,13.199999999999989,28766.88,192,1.0000000000000009,6424,0.9730337890249934,4680,0.9959841382119201,4776,0.9632332943944504,9008,1,0.024,2107.9137574166234,0.007446224943868863
96,repeated_damage,13018,0.2,4.0,hybrid_50,0.9583408362734979,0.836003596247304,23040,776,552,13.248000000000001,21488,1552,716,60,7,1.0,4.263256414560601e-14,1.0000000000000004,0.0,7.999999999999986,48326.4,192,1.0000000000000009,5488,0.9527805725213822,4496,0.9946151346476213,4352,0.942983818962494,8704,1,0.024,2107.9137574166234,0.006284887108586564
96,repeated_damage,13018,0.2,2.3,pulse_only,0.9417095959628562,0.7484487722987673,24256,821,569,68.28,24256,0,821,0,9,1.0,2.842170943040401e-14,1.0000000000000002,0.0,13.0,28766.88,192,1.0000000000000009,6408,0.9223385796397472,4552,0.9968881820499397,4576,0.9238058110808693,8720,5,0.12,2107.9137574166234,0.03239221707233473
96,repeated_damage,13018,0.2,4.0,hybrid_50,0.952253153691048,0.74985631810785,22696,770,527,63.239999999999995,21272,1424,715,55,9,1.0,2.842170943040401e-14,1.0000000000000002,0.0,7.999999999999986,48326.4,192,0.9998896313184527,5472,0.9633861603618529,4432,0.9987109657670284,4200,0.9234577443176554,8592,5,0.12,2107.9137574166234,0.030001227411459407
96,repeated_damage,13018,0.2,2.3,pulse_only,0.8977016202593079,0.6365873685331241,21480,824,213,102.24,21480,0,824,0,19,1.0,2.842170943040401e-14,1.0000000000000002,0.0,13.199999999999989,28766.88,192,0.9969635245912172,5952,0.8884778893713551,3888,0.9761893939937041,4032,0.8630695988360864,7608,20,0.48,2107.9137574166234,0.04850293312061369
96,repeated_damage,13018,0.2,4.0,hybrid_50,0.9034666684752385,0.6090409703995271,21136,807,221,106.08,18952,2184,716,91,18,1.0,2.842170943040401e-14,1.0000000000000002,0.0,7.999999999999986,48326.4,192,0.9946883855375827,5272,0.9281088499476804,3968,0.9779767987500062,3912,0.8538905126016337,7984,20,0.48,2107.9137574166234,0.05032463952889965
96,repeated_damage,13019,0.2,4.0,fixed,0.7767069174517389,0.08862810565463662,0,0,0,0.0,0,0,0,0,29,1.0,4.263256414560601e-14,1.0000000000000002,0.0,-1.0,48326.4,192,0.9291679651437048,0,0.7226470643212735,0,0.877875807676713,0,0.7531523989044846,0,0,0.0,2121.7056607905506,0.0
96,repeated_damage,13019,0.2,2.3,pulse_only,0.9595569843238361,0.9110157655787285,25272,823,690,16.56,25272,0,823,0,7,1.0,4.263256414560601e-14,1.0000000000000002,0.0,13.0,28766.88,192,0.9986484350837282,6536,0.9560895865103411,4608,0.9926474534816953,4664,0.9447454486516539,9464,1,0.024,2121.7056607905506,0.007805041154402972
96,repeated_damage,13019,0.2,4.0,hybrid_50,0.9637438613908755,0.8495425624641461,23416,777,596,14.304,21856,1560,719,58,9,1.0,4.263256414560601e-14,1.0000000000000004,0.0,7.999999999999986,48326.4,192,0.9865694472823567,5696,0.9311672523241619,4640,0.9947661657089467,4304,0.9645210137651967,8776,1,0.024,2121.7056607905506,0.006741745692788654
96,repeated_damage,13019,0.2,2.3,pulse_only,0.9365102367940833,0.7765291024673328,24440,826,577,69.24,24440,0,826,0,9,1.0,5.684341886080802e-14,1.0000000000000002,0.0,13.0,28766.88,192,0.9918149602774095,6408,0.9244251920525851,4472,0.9943117537217703,4600,0.9136520007009885,8960,5,0.12,2121.7056607905506,0.03263412134848199
96,repeated_damage,13019,0.2,4.0,hybrid_50,0.9286064516986273,0.7847826319390374,23800,817,524,62.879999999999995,21320,2480,720,97,10,1.0,4.263256414560601e-14,1.0000000000000002,0.0,7.999999999999986,48326.4,192,0.9792459309211266,5840,0.884750628964237,4888,0.9887674310784185,4256,0.920453873375927,8816,5,0.12,2121.7056607905506,0.02963653307903737
96,repeated_damage,13019,0.2,2.3,pulse_only,0.8592787535846563,0.5005326760646661,22816,827,371,178.07999999999998,22816,0,827,0,20,1.0,4.263256414560601e-14,1.0000000000000004,0.0,13.0,28766.88,192,0.9606896142141587,6112,0.8299923090425907,4176,0.9513172513362922,4256,0.827902726979871,8272,20,0.48,2121.7056607905506,0.08393247154444934
96,repeated_damage,13019,0.2,4.0,hybrid_50,0.8803497627004906,0.640269670399166,22808,838,337,161.76,19904,2904,718,120,20,1.0,2.842170943040401e-14,1.0000000000000004,0.0,7.999999999999986,48326.4,192,0.9575234889684051,5528,0.8936952541979388,4336,0.9549529053881025,4008,0.8363754456079607,8936,20,0.48,2121.7056607905506,0.07624054692851598
96,repeated_damage,13020,0.2,4.0,fixed,0.7296367313601604,0.18607572953844734,0,0,0,0.0,0,0,0,0,32,1.0,4.263256414560601e-14,1.0000000000000002,0.0,-1.0,48326.4,192,0.9579507634483005,0,0.6527609461452171,0,0.8882484719665964,0,0.6887687536644139,0,0,0.0,2121.3475959381803,0.0
96,repeated_damage,13020,0.2,2.3,pulse_only,0.9499377417456726,0.7833972280494892,24872,831,616,14.784,24872,0,831,0,8,1.0,4.263256414560601e-14,1.0000000000000002,0.0,13.0,28766.88,192,0.997175930661466,6264,0.9360717630016016,4616,0.9952540540304411,4672,0.9342125749753236,9320,1,0.024,2121.3475959381803,0.006969154903377198
96,repeated_damage,13020,0.2,4.0,hybrid_50,0.9590068259601915,0.830110745276282,23080,775,560,13.44,21544,1536,715,60,12,1.0,4.263256414560601e-14,1.0000000000000002,0.0,7.999999999999986,48326.4,192,1.0,5816,0.9732289872003078,4376,0.9993878020914073,4048,0.9317052572745255,8840,1,0.024,2121.3475959381803,0.006335595366706543
96,repeated_damage,13020,0.2,2.3,pulse_only,0.9483558806793815,0.8014971068324667,24504,830,573,68.75999999999999,24504,0,830,0,10,1.0,4.263256414560601e-14,1.0000000000000002,0.0,13.0,28766.88,192,0.9925585271919058,6200,0.9199583351373626,4568,0.9927481872183574,4504,0.940358500180903,9232,5,0.12,2121.3475959381803,0.03241335843859686
96,repeated_damage,13020,0.2,4.0,hybrid_50,0.9486255749256205,0.817615471259479,23000,781,532,63.839999999999996,21400,1600,719,62,10,1.0,4.263256414560601e-14,1.0000000000000002,0.0,7.999999999999993,48326.4,192,0.998263731841733,5808,0.9467831214658885,4384,0.9953742245562589,3976,0.9261724768401676,8832,5,0.12,2121.3475959381803,0.03009407799185608
96,repeated_damage,13020,0.2,2.3,pulse_only,0.8981433275355334,0.5493864408309383,21872,833,235,112.8,21872,0,833,0,21,1.0,2.842170943040401e-14,1.0000000000000002,0.0,13.0,28766.88,192,0.996843544422074,5760,0.9002658571384028,4128,0.9797232033815012,4056,0.8562921248111148,7928,20,0.48,2121.3475959381803,0.05317374682771563
96,repeated_damage,13020,0.2,4.0,hybrid_50,0.8836008161810921,0.5501467252215464,22368,838,282,135.35999999999999,19440,2928,717,121,25,1.0,4.263256414560601e-14,1.0000000000000004,0.0,7.999999999999986,48326.4,192,1.0,5368,0.8921517632558507,4280,0.9792697749436544,3928,0.8314908632624317,8792,20,0.48,2121.3475959381803,0.06380849619325875
96,repeated_damage,13021,0.2,4.0,fixed,0.7252593295137206,0.11249600945236976,0,0,0,0.0,0,0,0,0,41,1.0,4.263256414560601e-14,1.0000000000000002,0.0,-1.0,48326.4,192,0.9326232640663659,0,0.7266930069194442,0,0.862819400903484,0,0.6557624551159771,0,0,0.0,2107.9651438471365,0.0
96,repeated_damage,13021,0.2,2.3,pulse_only,0.8841054783849753,0.6169213242396504,23976,824,525,12.6,23976,0,824,0,13,1.0,2.842170943040401e-14,1.0000000000000002,0.0,13.0,28766.88,192,0.9710053714768578,5848,0.8128230735229166,4568,0.9672590695964275,4504,0.8781698852102785,9056,1,0.024,2107.9651438471365,0.005977328437701015
96,repeated_damage,13021,0.2,4.0,hybrid_50,0.8822307167437625,0.5277890533788265,24056,847,466,11.184000000000001,20672,3384,714,133,14,1.0,4.263256414560601e-14,1.0000000000000004,0.0,7.999999999999986,48326.4,192,0.9718667652957115,5544,0.841880925745368,5088,0.9561903898892509,4192,0.8654257756702157,9232,1,0.024,2107.9651438471365,0.0053055905751784255
96,repeated_damage,13021,0.2,2.3,pulse_only,0.8634372374614152,0.5440240654180207,23272,824,437,52.44,23272,0,824,0,19,1.0,4.263256414560601e-14,1.0000000000000002,0.0,13.0,28766.88,192,0.9658634771181942,5848,0.8211443009416796,4456,0.9476818447893391,4304,0.8424614020573213,8664,5,0.12,2107.9651438471365,0.024877071688336604
96,repeated_damage,13021,0.2,4.0,hybrid_50,0.9017153307471913,0.6220089382308318,23336,846,379,45.48,20128,3208,714,132,15,1.0,4.263256414560601e-14,1.0000000000000002,0.0,7.999999999999986,48326.4,192,0.979383377791034,5320,0.8516446771633077,4888,0.9668806581910456,4256,0.8941679938172057,8872,5,0.12,2107.9651438471365,0.021575309313225568
96,repeated_damage,13021,0.2,2.3,pulse_only,0.8495717190622825,0.37891815376506227,22264,824,311,149.28,22264,0,824,0,19,1.0,2.842170943040401e-14,1.0000000000000004,0.0,13.000000000000028,28766.88,192,0.9526047391398292,5504,0.7910558079637812,4224,0.9232276526241706,4248,0.8420017078305889,8288,20,0.48,2107.9651438471365,0.07081711025238155
96,repeated_damage,13021,0.2,4.0,hybrid_50,0.8456644362153415,0.3741072389226793,22936,864,275,132.0,19264,3672,712,152,21,1.0,4.263256414560601e-14,1.0000000000000002,0.0,7.999999999999986,48326.4,192,0.9519988379590761,5424,0.8063445068735908,4696,0.932020735633788,4040,0.8221462511769932,8776,20,0.48,2107.9651438471365,0.06261963125210587
96,repeated_damage,13022,0.2,4.0,fixed,0.7371356470655483,0.04795244126713667,0,0,0,0.0,0,0,0,0,35,1.0,4.263256414560601e-14,1.0000000000000002,0.0,-1.0,48326.4,192,0.9159593769720988,0,0.7217277462289587,0,0.8507213759721213,0,0.6880467330305569,0,0,0.0,2116.1457760355456,0.0
96,repeated_damage,13022,0.2,2.3,pulse_only,0.8679728278249613,0.3996379919599373,23792,824,502,12.048,23792,0,824,0,15,1.0,4.263256414560601e-14,1.0000000000000002,0.0,13.199999999999989,28766.88,192,0.9627735810476344,5984,0.8218075427387407,4400,0.927587308217946,4464,0.8612482301715793,8944,1,0.024,2116.1457760355456,0.005693369585611018
96,repeated_damage,13022,0.2,4.0,hybrid_50,0.8863091205328741,0.7039092488333878,24360,853,486,11.664,20776,3584,714,139,15,1.0,4.263256414560601e-14,1.0000000000000002,0.0,7.999999999999986,48326.4,192,0.9652115275925266,5856,0.8332712302122264,4816,0.9548247276726748,4360,0.8785702621232979,9328,1,0.024,2116.1457760355456,0.005511907606786762
96,repeated_damage,13022,0.2,2.3,pulse_only,0.8706295103120815,0.4624448832815998,23520,825,465,55.8,23520,0,825,0,20,1.0,4.263256414560601e-14,1.0000000000000004,0.0,13.0,28766.88,192,0.952479023316854,5984,0.8401651008933324,4432,0.9549546065250454,4384,0.8436991669149736,8720,5,0.12,2116.1457760355456,0.026368693797899634
96,repeated_damage,13022,0.2,4.0,hybrid_50,0.8644971685123615,0.39947732395320695,24056,855,442,53.04,20408,3648,709,146,23,1.0,2.842170943040401e-14,1.0000000000000002,0.0,7.999999999999986,48326.4,192,0.9627106414867855,5784,0.8793842876608775,4448,0.9419292351026657,4376,0.8183375756429517,9448,5,0.12,2116.1457760355456,0.025064435825100297
96,repeated_damage,13022,0.2,2.3,pulse_only,0.8215214464911692,0.11541384407819191,22696,826,359,172.32,22696,0,826,0,18,1.0,2.842170943040401e-14,1.0000000000000004,0.0,13.0,28766.88,192,0.9195190200190535,5736,0.7800580695502222,4328,0.8913015904173449,4168,0.8073630629985545,8464,20,0.48,2116.1457760355456,0.08143106299738467
96,repeated_damage,13022,0.2,4.0,hybrid_50,0.8104035181867872,0.25274408497801965,23424,887,267,128.16,19176,4248,711,176,24,1.0,4.263256414560601e-14,1.0000000000000004,0.0,7.999999999999986,48326.4,192,0.9479162460724625,5376,0.7633339701796055,4704,0.9175024525021361,4336,0.7803888250327036,9008,20,0.48,2116.1457760355456,0.060562935432595284
96,repeated_damage,13023,0.2,4.0,fixed,0.6066451290016404,0.0001954633499603368,0,0,0,0.0,0,0,0,0,39,1.0,4.263256414560601e-14,1.0000000000000004,0.0,-1.0,48326.4,192,0.8272789785122154,0,0.5700604531924423,0,0.7477790322201862,0,0.5543705152969666,0,0,0.0,2088.886300094842,0.0
96,repeated_damage,13023,0.2,2.3,pulse_only,0.7959717863840983,0.38589810827331605,23256,822,441,10.584,23256,0,822,0,27,1.0,4.263256414560601e-14,1.0000000000000002,0.0,13.0,28766.88,192,0.9268103024792881,6016,0.715418071409845,4288,0.9073500983062927,4464,0.7805594879101277,8488,1,0.024,2088.886300094842,0.005066814790024451
96,repeated_damage,13023,0.2,4.0,hybrid_50,0.793892390627454,0.41601330323578656,26024,944,421,10.104000000000001,19936,6088,707,237,29,1.0,2.842170943040401e-14,1.0000000000000002,0.0,7.999999999999986,48326.4,192,0.932572886430583,6024,0.7543434483539245,5056,0.9280488632609741,4616,0.7465886254474589,10328,1,0.024,2088.886300094842,0.00483702727120248
96,repeated_damage,13023,0.2,2.3,pulse_only,0.7659898289529127,0.32018704395202635,22792,822,383,45.96,22792,0,822,0,33,1.0,4.263256414560601e-14,1.0000000000000002,0.0,13.199999999999989,28766.88,192,0.9382880930530935,5952,0.7442469177906855,4264,0.9040362256646292,4208,0.7078380861781678,8368,5,0.12,2088.886300094842,0.02200215492720368
96,repeated_damage,13023,0.2,4.0,hybrid_50,0.7639608147246563,0.13321257730870567,25624,940,383,45.96,19768,5856,705,235,29,1.0,2.842170943040401e-14,1.0000000000000002,0.0,7.999999999999986,48326.4,192,0.9141204269373783,5960,0.7569290611324749,5120,0.888037425179381,4536,0.7054383862933843,10008,5,0.12,2088.886300094842,0.02200215492720368
96,repeated_damage,13023,0.2,2.3,pulse_only,0.7365580611497653,0.10048144846066911,22016,824,280,134.4,22016,0,824,0,30,1.0,2.842170943040401e-14,1.0000000000000002,0.0,13.0,28766.88,192,0.9077379203856158,5568,0.6973462008573749,4096,0.8634185219882045,4040,0.692733760876741,8312,20,0.48,2088.886300094842,0.06434050527015175
96,repeated_damage,13023,0.2,4.0,hybrid_50,0.7591616860607776,0.2367832947793712,24424,935,248,119.03999999999999,18968,5456,709,226,26,1.0,2.842170943040401e-14,1.0000000000000002,0.0,7.999999999999986,48326.4,192,0.9192553958676181,5560,0.7236055251719471,4880,0.897394673423731,4200,0.7078232728237163,9784,20,0.48,2088.886300094842,0.056987304667848696
96,repeated_damage,13024,0.2,4.0,fixed,0.8128499756413744,0.5320052724587708,0,0,0,0.0,0,0,0,0,39,1.0,4.263256414560601e-14,1.0000000000000002,0.0,-1.0,48326.4,192,0.9999999999999996,0,0.8141993464649507,0,0.9660159272625413,0,0.735592314419003,0,0,0.0,2098.1262601353765,0.0
96,repeated_damage,13024,0.2,2.3,pulse_only,0.9873647034170078,0.9665006549866421,25072,825,659,15.816,25072,0,825,0,8,1.0,4.263256414560601e-14,1.0000000000000002,0.0,13.0,28766.88,192,0.9999999999999996,6288,0.9987953058868748,4744,0.999815313769332,4840,0.9754240970059118,9200,1,0.024,2098.1262601353765,0.007538154543177736
96,repeated_damage,13024,0.2,4.0,hybrid_50,0.9769287856819819,0.9151700998029304,22720,757,569,13.656,21656,1064,717,40,12,1.0,4.263256414560601e-14,1.0000000000000002,0.0,7.999999999999986,48326.4,192,0.9999999999999996,5504,0.9771142201353376,4376,0.9993346875993152,4168,0.9656331174966374,8672,1,0.024,2098.1262601353765,0.006508664544868182
96,repeated_damage,13024,0.2,2.3,pulse_only,0.9603323732879696,0.846850615347912,24064,824,536,64.32,24064,0,824,0,16,1.0,4.263256414560601e-14,1.0000000000000002,0.0,13.0,28766.88,192,0.9999999999999996,6312,0.9899665777476074,4704,0.9997378011882414,4800,0.9258125571080152,8248,5,0.12,2098.1262601353765,0.03065592439410672
96,repeated_damage,13024,0.2,4.0,hybrid_50,0.9797718096755174,0.9153785173778393,22032,751,501,60.12,21176,856,716,35,11,1.0,4.263256414560601e-14,1.0000000000000002,0.0,7.999999999999986,48326.4,192,0.9999999999999996,5536,0.9919274045146447,4176,0.998878831768309,4080,0.9641405012095581,8240,5,0.12,2098.1262601353765,0.02865413828628259
96,repeated_damage,13024,0.2,2.3,pulse_only,0.8566989842111535,0.548437935407519,21416,825,202,96.96,21416,0,825,0,28,1.0,2.842170943040401e-14,1.0000000000000002,0.0,13.400000000000006,28766.88,192,0.9999999999999996,5952,0.831667025776544,3960,0.9926360014022048,3976,0.8012464548329329,7528,20,0.48,2098.1262601353765,0.04621266214633998
96,repeated_damage,13024,0.2,4.0,hybrid_50,0.8651815181247897,0.5643669045070909,21680,846,172,82.56,18488,3192,713,133,24,1.0,2.842170943040401e-14,1.0000000000000002,0.0,7.999999999999986,48326.4,192,0.9999999999999996,5328,0.8515630229084059,4224,0.9911597399956685,3736,0.8090016547975424,8392,20,0.48,2098.1262601353765,0.03934939549094296
96,repeated_damage,13025,0.2,4.0,fixed,0.7566605672074034,0.05706744672683254,0,0,0,0.0,0,0,0,0,29,1.0,2.842170943040401e-14,1.0000000000000002,0.0,-1.0,48326.4,192,0.9126786075423874,0,0.6972665737163095,0,0.8560311521985369,0,0.7366722714573838,0,0,0.0,2097.177930276857,0.0
96,repeated_damage,13025,0.2,2.3,pulse_only,0.8753183135793281,0.6116413022576577,24312,828,555,13.32,24312,0,828,0,15,1.0,4.263256414560601e-14,1.0000000000000002,0.0,13.199999999999989,28766.88,192,0.9661627864849834,6048,0.8654689274522692,4680,0.9598592129324662,4624,0.8379725569662886,8960,1,0.024,2097.177930276857,0.006351392415350076
96,repeated_damage,13025,0.2,4.0,hybrid_50,0.905268826360089,0.5969294205565935,23936,825,517,12.408,21176,2760,717,108,13,1.0,4.263256414560601e-14,1.0000000000000002,0.0,7.999999999999986,48326.4,192,0.9776336621721387,5864,0.8918999421368675,4336,0.9659970688864595,4480,0.8815891472085141,9256,1,0.024,2097.177930276857,0.0059165223040288095
96,repeated_damage,13025,0.2,2.3,pulse_only,0.8764701337775845,0.5777990000438085,24128,826,538,64.56,24128,0,826,0,20,1.0,2.842170943040401e-14,1.0000000000000004,0.0,13.0,28766.88,192,0.9502789266995414,5968,0.8714664560292912,4616,0.9441832887092805,4688,0.8451153951858834,8856,5,0.12,2097.177930276857,0.030784226301426496
96,repeated_damage,13025,0.2,4.0,hybrid_50,0.889547062967937,0.6056259070719361,23736,834,465,55.8,20784,2952,715,119,16,1.0,4.263256414560601e-14,1.0000000000000002,0.0,7.999999999999986,48326.4,192,0.9714225124385544,5656,0.9111157857219351,4296,0.9602407391862456,4456,0.8434158634817835,9328,5,0.12,2097.177930276857,0.02660718444268275
96,repeated_damage,13025,0.2,2.3,pulse_only,0.8490508377715958,0.41102250921471184,22656,830,342,164.16,22656,0,830,0,22,1.0,4.263256414560601e-14,1.0000000000000002,0.0,13.0,28766.88,192,0.9488579164739599,5704,0.7987134255294575,4424,0.9246725870787206,4400,0.8364086692391026,8128,20,0.48,2097.177930276857,0.07827662003782797
96,repeated_damage,13025,0.2,4.0,hybrid_50,0.8586089540970022,0.4149785800171397,22880,852,304,145.92,19584,3296,715,137,17,1.0,4.263256414560601e-14,1.0000000000000002,0.0,7.999999999999986,48326.4,192,0.955737293413893,5584,0.8141292642975585,4536,0.9301511492587214,4448,0.845077701415864,8312,20,0.48,2097.177930276857,0.06957921781140264
96,repeated_damage,13026,0.2,4.0,fixed,0.6349737737113478,0.0,0,0,0,0.0,0,0,0,0,37,1.0,5.684341886080802e-14,1.0000000000000002,0.0,-1.0,48326.4,192,0.8128645704665614,0,0.5868161310447801,0,0.7352624991111436,0,0.6089082323447337,0,0,0.0,2127.8275472356663,0.0
96,repeated_damage,13026,0.2,2.3,pulse_only,0.8628993005841372,0.3909170352822368,24920,826,637,15.288,24920,0,826,0,18,1.0,4.263256414560601e-14,1.0000000000000004,0.0,13.0,28766.88,192,0.9115828431608002,6304,0.8371509627917963,4608,0.9370588341405581,4632,0.838693702702097,9376,1,0.024,2127.8275472356663,0.007184792780721898
96,repeated_damage,13026,0.2,4.0,hybrid_50,0.8676773647800339,0.3774576103694888,25304,866,565,13.56,21456,3848,716,150,15,1.0,4.263256414560601e-14,1.0000000000000002,0.0,7.999999999999986,48326.4,192,0.9280481160314982,6032,0.8338463576728062,4800,0.9275428100938189,4496,0.8546601456767551,9976,1,0.024,2127.8275472356663,0.006372696893418952
96,repeated_damage,13026,0.2,2.3,pulse_only,0.8555904012524879,0.29831655990815703,24336,827,561,67.32,24336,0,827,0,14,1.0,2.842170943040401e-14,1.0000000000000004,0.0,13.0,28766.88,192,0.9148578091466861,6240,0.8137075890966978,4424,0.903705111462164,4432,0.8524744522255449,9240,5,0.12,2127.8275472356663,0.03163790227617727
96,repeated_damage,13026,0.2,4.0,hybrid_50,0.8478932217969191,0.3864264142941733,25536,888,528,63.36,21144,4392,714,174,18,1.0,4.263256414560601e-14,1.0000000000000004,0.0,7.999999999999986,48326.4,192,0.9081231886215861,6288,0.8142925101718727,5064,0.9216050284498406,4488,0.8278376742829815,9696,5,0.12,2127.8275472356663,0.029776849201108024
96,repeated_damage,13026,0.2,2.3,pulse_only,0.7978396462837323,0.07612938742616292,22784,829,361,173.28,22784,0,829,0,25,1.0,4.263256414560601e-14,1.0000000000000002,0.0,13.199999999999989,28766.88,192,0.8788669456777515,6040,0.752226734707395,4040,0.8724279843415789,4328,0.7833519330429777,8376,20,0.48,2127.8275472356663,0.0814351709212121
96,repeated_damage,13026,0.2,4.0,hybrid_50,0.7929328987374759,0.09963024811117811,24640,927,299,143.51999999999998,19440,5200,714,213,25,1.0,2.842170943040401e-14,1.0000000000000004,0.0,7.999999999999986,48326.4,192,0.8755779043857461,6016,0.7465716046732851,4888,0.8718599826980603,4328,0.7766500037892788,9408,20,0.48,2127.8275472356663,0.06744907508432801
96,repeated_damage,13027,0.2,4.0,fixed,0.6643159529825947,0.0014044494629073757,0,0,0,0.0,0,0,0,0,44,1.0,2.842170943040401e-14,1.0000000000000002,0.0,-1.0,48326.4,192,0.8762720180959068,0,0.6392715461660902,0,0.8265320644169294,0,0.5957301006736797,0,0,0.0,2102.132036724818,0.0
96,repeated_damage,13027,0.2,2.3,pulse_only,0.8938948710363166,0.5450138706239478,24776,828,613,14.712,24776,0,828,0,21,1.0,4.263256414560601e-14,1.0000000000000004,0.0,13.200000000000003,28766.88,192,0.965629013430733,6288,0.8471054297853498,4504,0.9650599240112071,4752,0.8817070651743544,9232,1,0.024,2102.132036724818,0.006998608908944519
96,repeated_damage,13027,0.2,4.0,hybrid_50,0.8822253642539462,0.5216170941317776,25624,881,560,13.44,21264,4360,713,168,16,1.0,4.263256414560601e-14,1.0000000000000002,0.0,7.999999999999986,48326.4,192,0.9480850532216981,6344,0.8210301636305337,5400,0.9609197831052203,4376,0.8734757551400153,9504,1,0.024,2102.132036724818,0.006393508954337571
96,repeated_damage,13027,0.2,2.3,pulse_only,0.8865320024662608,0.5181986584320758,24080,828,526,63.12,24080,0,828,0,11,1.0,2.842170943040401e-14,1.0000000000000004,0.0,13.0,28766.88,192,0.9443140308711384,6168,0.8325602192988425,4416,0.9444589998829038,4624,0.8845543953416486,8872,5,0.12,2102.132036724818,0.030026658124835376
96,repeated_damage,13027,0.2,4.0,hybrid_50,0.8644544966839752,0.4785643601844928,24816,873,483,57.96,20792,4024,714,159,18,1.0,2.842170943040401e-14,1.0000000000000004,0.0,7.999999999999986,48326.4,192,0.9327564343290187,6064,0.848562797771972,4968,0.9419196197847881,4512,0.8336677845895705,9272,5,0.12,2102.132036724818,0.027572007365580773
96,repeated_damage,13027,0.2,2.3,pulse_only,0.8216250433903204,0.37397366246351105,22480,830,320,153.6,22480,0,830,0,26,1.0,4.263256414560601e-14,1.0000000000000002,0.0,13.0,28766.88,192,0.9366672244003467,6008,0.7695834906417366,4072,0.9324780630452111,4336,0.792219309937167,8064,20,0.48,2102.132036724818,0.07306867376385795
96,repeated_damage,13027,0.2,4.0,hybrid_50,0.8453297220868545,0.38548310615427905,23840,888,316,151.68,19648,4192,715,173,19,1.0,2.842170943040401e-14,1.0000000000000004,0.0,7.999999999999986,48326.4,192,0.9438586749698963,5872,0.7827653150601545,4808,0.9323812047720714,4248,0.8330861842575963,8912,20,0.48,2102.132036724818,0.07215531534180973
96,repeated_damage,13028,0.2,4.0,fixed,0.7668530483369776,0.08444281322039722,0,0,0,0.0,0,0,0,0,29,1.0,4.263256414560601e-14,1.0000000000000004,0.0,-1.0,48326.4,192,0.9437410407081913,0,0.7030801240141059,0,0.8811752281936627,0,0.7415784205700708,0,0,0.0,2119.5605673746927,0.0
96,repeated_damage,13028,0.2,2.3,pulse_only,0.8936203726754136,0.589016037224903,24208,820,566,13.584,24208,0,820,0,13,1.0,4.263256414560601e-14,1.0000000000000002,0.0,13.0,28766.88,192,0.9960432510855365,6256,0.8564030461575498,4616,0.9908295422964919,4472,0.8636244511238064,8864,1,0.024,2119.5605673746927,0.006408875598598849
96,repeated_damage,13028,0.2,4.0,hybrid_50,0.9177158873290976,0.6086840751162372,24176,825,547,13.128,21312,2864,716,109,12,1.0,4.263256414560601e-14,1.0000000000000002,0.0,7.999999999999986,48326.4,192,0.9809088728224004,5696,0.8791612180742833,4688,0.984737629546874,4696,0.9034823508476167,9096,1,0.024,2119.5605673746927,0.00619373666507698
96,repeated_damage,13028,0.2,2.3,pulse_only,0.8856262483649334,0.5180256851853254,24008,821,538,64.56,24008,0,821,0,14,1.0,2.842170943040401e-14,1.0000000000000002,0.0,13.0,28766.88,192,0.990967806520685,6096,0.8206566456645036,4560,0.976210837774167,4520,0.8728187550105315,8832,5,0.12,2119.5605673746927,0.030459143745991
96,repeated_damage,13028,0.2,4.0,hybrid_50,0.8845641179606561,0.5319974902831607,23832,841,456,54.72,20752,3080,717,124,15,1.0,4.263256414560601e-14,1.0000000000000002,0.0,7.999999999999986,48326.4,192,0.9905273910109681,5576,0.8306379860532354,4728,0.9882853754365645,4456,0.8596665551764126,9072,5,0.12,2119.5605673746927,0.02581667202262434
96,repeated_damage,13028,0.2,2.3,pulse_only,0.8601005737183226,0.44065405438516514,22208,824,304,145.92,22208,0,824,0,21,1.0,2.842170943040401e-14,1.0000000000000004,0.0,13.0,28766.88,192,0.9769678606470226,5760,0.8439552759252972,4376,0.9522354486419621,4200,0.8221057851530158,7872,20,0.48,2119.5605673746927,0.06884445872699824
96,repeated_damage,13028,0.2,4.0,hybrid_50,0.862682390371481,0.33776426688368993,22440,839,288,138.24,19472,2968,716,123,18,1.0,4.263256414560601e-14,1.0000000000000002,0.0,7.999999999999986,48326.4,192,0.9767255492743206,5208,0.8135392007648838,4496,0.9510467449754942,4280,0.8430718078727726,8456,20,0.48,2119.5605673746927,0.06522106616241939
96,repeated_damage,13029,0.2,4.0,fixed,0.7874314169247939,0.2563684639550296,0,0,0,0.0,0,0,0,0,29,1.0,4.263256414560601e-14,1.0000000000000002,0.0,-1.0,48326.4,192,0.9667435302112096,0,0.7654919964941108,0,0.9141540220249817,0,0.7350398245900417,0,0,0.0,2083.708391734165,0.0
96,repeated_damage,13029,0.2,2.3,pulse_only,0.9636525046878587,0.8009327474637319,25000,825,650,15.6,25000,0,825,0,11,1.0,2.842170943040401e-14,1.0000000000000002,0.0,13.199999999999989,28766.88,192,0.9999999999999996,6232,0.9780106828390737,4648,1.0,4856,0.9382996679561802,9264,1,0.024,2083.708391734165,0.007486652192736484
96,repeated_damage,13029,0.2,4.0,hybrid_50,0.9508454594454206,0.8128480546970548,23296,782,566,13.584,21456,1840,713,69,11,1.0,5.684341886080802e-14,1.0000000000000002,0.0,7.999999999999986,48326.4,192,0.9999999999999996,5632,0.9628176916220775,4448,0.9937757509837807,4232,0.9233941975879123,8984,1,0.024,2083.708391734165,0.006519146370905923
96,repeated_damage,13029,0.2,2.3,pulse_only,0.9519579110750904,0.8136996102341651,24200,825,550,66.0,24200,0,825,0,10,1.0,2.842170943040401e-14,1.0000000000000004,0.0,13.199999999999989,28766.88,192,0.9999999999999996,6096,0.9349014467742206,4536,0.9969463592121632,4592,0.9379919191569894,8976,5,0.12,2083.708391734165,0.03167429773850051
96,repeated_damage,13029,0.2,4.0,hybrid_50,0.9300782186554176,0.7052558614052756,23320,802,509,61.08,21088,2232,713,89,11,1.0,4.263256414560601e-14,1.0000000000000004,0.0,7.999999999999986,48326.4,192,0.9999999999999996,5568,0.9353613085505696,4512,0.996873609005345,4168,0.8940389785328782,9072,5,0.12,2083.708391734165,0.029313122816175926
96,repeated_damage,13029,0.2,2.3,pulse_only,0.8809065308768727,0.5443271167491507,22120,826,287,137.76,22120,0,826,0,19,1.0,2.842170943040401e-14,1.0000000000000002,0.0,13.199999999999989,28766.88,192,0.994091366323667,5720,0.9004558792597462,4184,0.968412926658641,4160,0.8273786587945514,8056,20,0.48,2083.708391734165,0.06611289782508833
96,repeated_damage,13029,0.2,4.0,hybrid_50,0.8788579609527769,0.5564346024672725,22248,845,246,118.08,19024,3224,711,134,23,1.0,2.842170943040401e-14,1.0000000000000004,0.0,7.999999999999986,48326.4,192,0.9980621248885139,5104,0.8890108680229367,4424,0.9771839621576938,4088,0.8246185068152388,8632,20,0.48,2083.708391734165,0.05666819813579
96,scarcity,13000,0.2,4.0,fixed,0.6445133296573476,0.0,0,0,0,0.0,0,0,0,0,34,1.0,2.842170943040401e-14,0.6722851495735187,0.0,-1.0,48326.4,192,0.7472955798013095,0,0.6488916661370266,0,0.6439942223062819,0,0.6425837150930411,0,0,0.0,1154.867829427192,0.0
96,scarcity,13000,0.2,2.3,pulse_only,0.6492354261409328,0.002069428430030947,20272,821,71,1.704,20272,0,821,0,41,1.0,2.1316282072803006e-14,0.8897298129910641,0.0,13.600000000000001,28766.88,192,0.7837069833518995,5488,0.6494039395810283,3720,0.6491792651760364,3648,0.6491792499033331,7416,1,0.024,1154.867829427192,0.001475493521059613
96,scarcity,13000,0.2,4.0,hybrid_50,0.6485153385590907,0.038419044590814466,27320,1113,76,1.824,17680,9640,714,399,43,1.0,1.4210854715202004e-14,0.9991140717347691,0.0,7.999999999999986,48326.4,192,0.7805948149180371,6560,0.6488224663192234,5184,0.6484129872952328,5160,0.6484129503109533,10416,1,0.024,1154.867829427192,0.0015794015155004308
96,scarcity,13000,0.2,2.3,pulse_only,0.6483878724756617,0.0,20128,821,53,6.359999999999999,20128,0,821,0,43,1.0,1.4210854715202004e-14,0.8783132640683059,0.0,13.799999999999983,28766.88,192,0.7689720863474331,5344,0.6492876417407644,3720,0.648099339366949,3648,0.6480822543974668,7416,5,0.12,1154.867829427192,0.005507123705363343
96,scarcity,13000,0.2,4.0,hybrid_50,0.6477116610749144,2.2941386010563428e-05,26688,1096,48,5.76,17488,9200,713,383,41,1.0,1.4210854715202004e-14,0.9635330288082528,0.0,7.999999999999986,48326.4,192,0.7693638501834061,6264,0.648142066225685,5160,0.6475732222602969,5064,0.6475656779068379,10200,5,0.12,1154.867829427192,0.004987583733159255
96,scarcity,13000,0.2,2.3,pulse_only,0.6478702005901532,0.0,19792,821,11,5.279999999999999,19792,0,821,0,40,1.0,2.842170943040401e-14,0.9405276535695319,0.0,13.799999999999983,28766.88,192,0.7507700233245044,5008,0.6521370744840123,3720,0.6472295356619759,3648,0.6460570961073124,7416,20,0.48,1154.867829427192,0.004571951755395983
96,scarcity,13000,0.2,4.0,hybrid_50,0.6467319271850174,0.0,26248,1090,11,5.279999999999999,17152,9096,711,379,40,1.0,2.842170943040401e-14,0.9505683939453844,0.0,7.999999999999986,48326.4,192,0.7476705652007422,6064,0.6504747331324701,5016,0.6461842225909097,5136,0.645134376508345,10032,20,0.48,1154.867829427192,0.004571951755395983
96,scarcity,13001,0.2,4.0,fixed,0.6361498635408355,0.0,0,0,0,0.0,0,0,0,0,47,1.0,1.4210854715202004e-14,0.9030922887508478,0.0,-1.0,48326.4,192,0.7331423248022194,0,0.6346811550181607,0,0.6362206889493653,0,0.6368488050979078,0,0,0.0,1147.3600319585014,0.0
96,scarcity,13001,0.2,2.3,pulse_only,0.6526628724509826,2.9031360029614025e-06,21024,830,138,3.3120000000000003,21024,0,830,0,43,1.0,1.4210854715202004e-14,1.0,0.0,13.199999999999989,28766.88,192,0.7585100372180549,5624,0.655815706832873,3912,0.6548547538611124,3984,0.6499905145549725,7504,1,0.024,1147.3600319585014,0.0028866266104341618
96,scarcity,13001,0.2,4.0,hybrid_50,0.6496802178479038,0.035120574614593565,27664,1128,74,1.776,17616,10048,710,418,45,1.0,1.4210854715202004e-14,0.9523880179403063,0.0,7.999999999999986,48326.4,192,0.7760082551913858,6736,0.6525516742528759,5328,0.6487840732645869,5376,0.648692561937076,10224,1,0.024,1147.3600319585014,0.0015479012258849852
96,scarcity,13001,0.2,2.3,pulse_only,0.6491785056755193,0.0005524859728744937,20408,830,61,7.319999999999999,20408,0,830,0,43,1.0,2.1316282072803006e-14,1.0,0.0,13.599999999999994,28766.88,192,0.7619884206685109,5456,0.6518802552572758,3672,0.648428089688137,3792,0.648202838878332,7488,5,0.12,1147.3600319585014,0.006379863160742168
96,scarcity,13001,0.2,4.0,hybrid_50,0.6489144704116446,0.0012101944892682825,27592,1132,53,6.359999999999999,17464,10128,710,422,45,1.0,2.1316282072803006e-14,0.8623639542279321,0.0,7.999999999999986,48326.4,192,0.766850250335487,6616,0.6507776265928932,5328,0.6483162751142104,5352,0.6482819899697376,10296,5,0.12,1147.3600319585014,0.005543159795398932
96,scarcity,13001,0.2,2.3,pulse_only,0.645497582468128,0.004889166717690201,20032,830,14,6.72,20032,0,830,0,43,1.0,1.4210854715202004e-14,1.0,0.0,13.799999999999983,28766.88,192,0.7452961110449582,5080,0.646583140009585,3672,0.6454927423975743,3792,0.6449572237326764,7488,20,0.48,1147.3600319585014,0.005856923557402646
96,scarcity,13001,0.2,4.0,hybrid_50,0.6456580185660057,0.0,27176,1128,13,6.24,17144,10032,710,418,44,1.0,1.4210854715202004e-14,1.0,0.0,7.999999999999986,48326.4,192,0.7464039039724756,6416,0.6465464164626293,5232,0.6456567928255024,5256,0.6452144324879454,10272,20,0.48,1147.3600319585014,0.005438571874731029
96,scarcity,13002,0.2,4.0,fixed,0.6429646965002742,0.0,0,0,0,0.0,0,0,0,0,44,1.0,2.1316282072803006e-14,0.6737016803205645,0.0,-1.0,48326.4,192,0.7706211755420186,0,0.6433752096281974,0,0.6428344622583879,0,0.6428245570572558,0,0,0.0,1149.2507661620825,0.0
96,scarcity,13002,0.2,2.3,pulse_only,0.6463673391144688,0.0007589761446503127,20320,826,62,1.488,20320,0,826,0,44,1.0,1.4210854715202004e-14,1.0,0.0,13.600000000000001,28766.88,192,0.7822040058374625,5440,0.6463706032683629,3696,0.6463662521821498,3648,0.646366250503681,7536,1,0.024,1149.2507661620825,0.0012947565873453093
96,scarcity,13002,0.2,4.0,hybrid_50,0.6466593009682052,0.0003982824888791786,27656,1133,58,1.3920000000000001,17584,10072,714,419,45,1.0,1.4210854715202004e-14,1.0000000000000002,0.0,7.999999999999986,48326.4,192,0.7838543916008727,6608,0.6466599164843903,5232,0.6466590957985617,5376,0.6466590957949344,10440,1,0.024,1149.2507661620825,0.0012112239042907733
96,scarcity,13002,0.2,2.3,pulse_only,0.6467184171945298,0.034315999012347505,20176,826,44,5.279999999999999,20176,0,826,0,47,1.0,1.4210854715202004e-14,1.0,0.0,13.799999999999983,28766.88,192,0.7759073049194075,5296,0.6467191641471053,3696,0.6467181682575257,3648,0.6467181681867443,7536,5,0.12,1149.2507661620825,0.004594297567999484
96,scarcity,13002,0.2,4.0,hybrid_50,0.6465550357149475,0.12446751419605505,29304,1207,42,5.04,17512,11792,716,491,53,1.0,1.4210854715202004e-14,1.0,0.0,7.999999999999986,48326.4,192,0.7752193012709796,6744,0.6465559502768143,5760,0.6465547308757829,5520,0.6465547308535965,11280,5,0.12,1149.2507661620825,0.004385465860363144
96,scarcity,13002,0.2,2.3,pulse_only,0.6448485528018194,0.0,19888,826,8,3.84,19888,0,826,0,43,1.0,1.4210854715202004e-14,0.9081255065659951,0.0,13.799999999999983,28766.88,192,0.7706060671829725,5008,0.645025926186879,3696,0.6447902116359223,3648,0.644789036692238,7536,20,0.48,1149.2507661620825,0.003341307322181443
96,scarcity,13002,0.2,4.0,hybrid_50,0.646209509811041,0.009375854690303564,27640,1149,8,3.84,17176,10464,713,436,47,1.0,2.1316282072803006e-14,1.0,0.0,7.999999999999986,48326.4,192,0.7767900506928405,6256,0.6463024453119338,5208,0.6461785315226961,5472,0.646178531204767,10704,20,0.48,1149.2507661620825,0.003341307322181443
96,scarcity,13003,0.2,4.0,fixed,0.6550262159992302,4.2985146155428596e-05,0,0,0,0.0,0,0,0,0,42,1.0,2.842170943040401e-14,0.736167040754305,0.0,-1.0,48326.4,192,0.7799086859352835,0,0.6562292704685427,0,0.6547099252639088,0,0.6545828341322347,0,0,0.0,1163.7238644270456,0.0
96,scarcity,13003,0.2,2.3,pulse_only,0.6581420045912098,0.023461438651592986,20280,823,66,1.584,20280,0,823,0,44,1.0,2.842170943040401e-14,1.0,0.0,13.600000000000001,28766.88,192,0.7934105419738459,5448,0.6581814710644946,3720,0.6581288689238985,3720,0.6581288391882232,7392,1,0.024,1163.7238644270456,0.0013611476471524246
96,scarcity,13003,0.2,4.0,hybrid_50,0.6587271545321393,0.016241727856532523,28232,1156,61,1.464,17496,10736,710,446,48,1.0,2.842170943040401e-14,0.9972251127941805,0.0,7.999999999999986,48326.4,192,0.7944111376153266,6584,0.6588315565881616,5544,0.6586924073403342,5328,0.6586923271000308,10776,1,0.024,1163.7238644270456,0.0012580304011560286
96,scarcity,13003,0.2,2.3,pulse_only,0.6579966974810096,0.02852925503921459,20128,823,47,5.64,20128,0,823,0,45,1.0,2.842170943040401e-14,1.0000000000000002,0.0,13.799999999999983,28766.88,192,0.7838347130824275,5296,0.6580732629097922,3720,0.6579712165211744,3720,0.6579711552465359,7392,5,0.12,1163.7238644270456,0.004846510561830602
96,scarcity,13003,0.2,4.0,hybrid_50,0.6585827095798202,0.029146124953354204,27152,1118,40,4.8,17360,9792,710,408,44,1.0,2.842170943040401e-14,0.8737281689145084,0.0,7.999999999999986,48326.4,192,0.7873462788772756,6320,0.6587049121016801,5400,0.6585420700692889,5160,0.6585419280741558,10272,5,0.12,1163.7238644270456,0.0041246898398558315
96,scarcity,13003,0.2,2.3,pulse_only,0.6575829189888411,0.0034551108487179526,19800,823,6,2.88,19800,0,823,0,43,1.0,2.842170943040401e-14,0.9027823896037882,0.0,13.799999999999983,28766.88,192,0.7845308190464091,4968,0.6581616361968271,3720,0.6574019748717432,3720,0.6573840324433968,7392,20,0.48,1163.7238644270456,0.002474813903913499
96,scarcity,13003,0.2,4.0,hybrid_50,0.6569184379588728,0.005359967072276287,26400,1098,6,2.88,17016,9384,707,391,42,1.0,2.842170943040401e-14,1.0,0.0,7.999999999999986,48326.4,192,0.7837609931384568,5880,0.6574515990553454,5328,0.6567501058264604,5088,0.6567360234768426,10104,20,0.48,1163.7238644270456,0.002474813903913499
96,scarcity,13004,0.2,4.0,fixed,0.6503540885258103,0.0,0,0,0,0.0,0,0,0,0,40,1.0,1.4210854715202004e-14,0.6973364166602408,0.0,-1.0,48326.4,192,0.7501168085060245,0,0.6506401404357406,0,0.6502638562203407,0,0.6502561787235801,0,0,0.0,1167.3319077723945,0.0
96,scarcity,13004,0.2,2.3,pulse_only,0.6606204533723314,0.004951155310142425,20384,825,73,1.752,20384,0,825,0,42,1.0,1.4210854715202004e-14,0.9926060937839997,0.0,13.599999999999994,28766.88,192,0.7857697472416443,5368,0.6651075917872981,3856,0.6592458829299858,3768,0.6590641693860209,7392,1,0.024,1167.3319077723945,0.0015008584862066527
96,scarcity,13004,0.2,4.0,hybrid_50,0.6597055797976786,0.06194396167922429,27616,1130,62,1.488,17480,10136,709,421,45,1.0,1.4210854715202004e-14,1.0,0.0,7.999999999999986,48326.4,192,0.7908693684174664,6568,0.6610031136785143,5232,0.6592820483647011,5256,0.6592685785737497,10560,1,0.024,1167.3319077723945,0.0012747017280111297
96,scarcity,13004,0.2,2.3,pulse_only,0.6588490085253529,0.0037264084359141182,20224,825,53,6.359999999999999,20224,0,825,0,45,1.0,2.1316282072803006e-14,1.0,0.0,13.599999999999994,28766.88,192,0.7738074207971599,5248,0.6605113262403888,3816,0.6584380548352694,3768,0.658223326512877,7392,5,0.12,1167.3319077723945,0.005448321901983054
96,scarcity,13004,0.2,4.0,hybrid_50,0.6590971202052729,0.0,28264,1163,44,5.279999999999999,17392,10872,710,453,49,1.0,1.4210854715202004e-14,0.8903521231827617,0.0,7.999999999999986,48326.4,192,0.7816022068342533,6496,0.6597779993236021,5448,0.6588764640247192,5328,0.6588670087363853,10992,5,0.12,1167.3319077723945,0.00452313516391046
96,scarcity,13004,0.2,2.3,pulse_only,0.6556584521696177,0.0,19912,825,14,6.72,19912,0,825,0,40,1.0,1.4210854715202004e-14,1.0,0.0,13.799999999999983,28766.88,192,0.7575157803914642,4936,0.6563607439265189,3816,0.6555689157019687,3768,0.6553520745249914,7392,20,0.48,1167.3319077723945,0.005756717481340586
96,scarcity,13004,0.2,4.0,hybrid_50,0.6557735771128016,0.0,26032,1081,11,5.279999999999999,17056,8976,707,374,39,1.0,1.4210854715202004e-14,0.9187874460071839,0.0,7.999999999999986,48326.4,192,0.7570579812587058,6040,0.6572755914421601,5088,0.6555353454140085,4872,0.6551416857975187,10032,20,0.48,1167.3319077723945,0.00452313516391046
96,scarcity,13005,0.2,4.0,fixed,0.6344121866995674,0.0,0,0,0,0.0,0,0,0,0,34,1.0,2.1316282072803006e-14,0.7522265681792779,0.0,-1.0,48326.4,192,0.7085053542657683,0,0.6320066015048911,0,0.6340607139124633,0,0.6357907156904575,0,0,0.0,1152.210192526888,0.0
96,scarcity,13005,0.2,2.3,pulse_only,0.6602360532931953,0.0,20840,815,160,3.84,20840,0,815,0,39,1.0,2.842170943040401e-14,1.0,0.0,13.399999999999991,28766.88,192,0.7502910537771095,5552,0.6679130195245212,4240,0.6641993953463722,3728,0.6544158991509441,7320,1,0.024,1152.210192526888,0.0033327252483147858
96,scarcity,13005,0.2,4.0,hybrid_50,0.6580576104342589,0.0,26904,1077,132,3.168,17864,9040,703,374,40,1.0,2.842170943040401e-14,1.0,0.0,7.999999999999986,48326.4,192,0.7587226905741712,6416,0.6660589907973737,5296,0.6598921536749367,5136,0.6531396486323628,10056,1,0.024,1152.210192526888,0.0027494983298596985
96,scarcity,13005,0.2,2.3,pulse_only,0.6575601012923621,0.0,20280,815,90,10.799999999999999,20280,0,815,0,35,1.0,1.4210854715202004e-14,0.9999999999999998,0.0,13.400000000000006,28766.88,192,0.7412501247868452,5432,0.663967811988731,3928,0.6578861606632944,3600,0.6541932162587114,7320,5,0.12,1152.210192526888,0.009373289760885334
96,scarcity,13005,0.2,4.0,hybrid_50,0.6571827277678752,0.0,26608,1081,83,9.959999999999999,17424,9184,701,380,40,1.0,1.4210854715202004e-14,1.0,0.0,7.999999999999986,48326.4,192,0.7496240500261793,6320,0.6635901875353334,5192,0.6569429795767345,5160,0.6540988719797167,9936,5,0.12,1152.210192526888,0.008644256112816474
96,scarcity,13005,0.2,2.3,pulse_only,0.6383444915404157,0.0,19928,815,46,22.08,19928,0,815,0,36,1.0,1.4210854715202004e-14,0.939498098048974,0.0,13.400000000000006,28766.88,192,0.7237461958937986,5032,0.6371539886461735,3832,0.638141406894134,3664,0.6390412853106777,7400,20,0.48,1152.210192526888,0.019163170177810017
96,scarcity,13005,0.2,4.0,hybrid_50,0.636516278441117,0.0,25304,1037,52,24.96,17336,7968,705,332,34,1.0,1.4210854715202004e-14,0.9419145861726708,0.0,7.999999999999986,48326.4,192,0.7180829055201748,5808,0.6360865848154796,4920,0.6382460997987941,4968,0.6358662145750971,9608,20,0.48,1152.210192526888,0.02166271411404611
96,scarcity,13006,0.2,4.0,fixed,0.6523292937212313,0.0,0,0,0,0.0,0,0,0,0,42,1.0,1.4210854715202004e-14,0.6470697341096447,0.0,-1.0,48326.4,192,0.7686922335204152,0,0.657003504557053,0,0.6518171192425147,0,0.6502482755426785,0,0,0.0,1158.9250322350763,0.0
96,scarcity,13006,0.2,2.3,pulse_only,0.6536912951063613,0.08441508557683813,20384,827,67,1.608,20384,0,827,0,48,1.0,1.4210854715202004e-14,0.9743220841625667,0.0,13.600000000000001,28766.88,192,0.7906484314726349,5528,0.6536941897624929,3648,0.6536903302209929,3744,0.6536903302209794,7464,1,0.024,1158.9250322350763,0.0013874926809535283
96,scarcity,13006,0.2,4.0,hybrid_50,0.6526995171534173,0.005397016848669406,27504,1126,60,1.44,17584,9920,713,413,45,1.0,1.4210854715202004e-14,0.8646383598655252,0.0,7.999999999999986,48326.4,192,0.7876060944150844,6504,0.6528231148979238,5400,0.6526583215118953,5184,0.6526583161019249,10416,1,0.024,1158.9250322350763,0.001242530759062861
96,scarcity,13006,0.2,2.3,pulse_only,0.6534017762580446,0.05314875292909775,20232,827,48,5.76,20232,0,827,0,46,1.0,2.1316282072803006e-14,0.7792514723712699,0.0,13.799999999999983,28766.88,192,0.7806830817391842,5376,0.6534407855062315,3648,0.6533887741087808,3744,0.653388772708583,7464,5,0.12,1158.9250322350763,0.004970123036251444
96,scarcity,13006,0.2,4.0,hybrid_50,0.6527952107042913,0.0,27128,1118,37,4.4399999999999995,17384,9744,712,406,44,1.0,2.1316282072803006e-14,0.9350867421962318,0.0,7.999999999999986,48326.4,192,0.7817806981988301,6392,0.6528073745973852,5280,0.6527911560945714,5112,0.6527911560626043,10344,5,0.12,1158.9250322350763,0.0038311365071104875
96,scarcity,13006,0.2,2.3,pulse_only,0.6532896479207502,0.0,19896,827,6,2.88,19896,0,827,0,41,1.0,1.4210854715202004e-14,0.9331365901782257,0.0,13.799999999999983,28766.88,192,0.7720920463655735,5040,0.6570419568139582,3648,0.6528319907187076,3744,0.6516423220751675,7464,20,0.48,1158.9250322350763,0.002485061518125722
96,scarcity,13006,0.2,4.0,hybrid_50,0.6535923484327738,0.0,26304,1094,6,2.88,17136,9168,712,382,41,1.0,2.1316282072803006e-14,0.9308057123725166,0.0,7.999999999999986,48326.4,192,0.7734844110691278,6096,0.6570725462374899,5160,0.6530101941189793,4968,0.6521433266873132,10080,20,0.48,1158.9250322350763,0.002485061518125722
96,scarcity,13007,0.2,4.0,fixed,0.6341000291922921,0.0,0,0,0,0.0,0,0,0,0,40,1.0,1.4210854715202004e-14,0.936521859456377,0.0,-1.0,48326.4,192,0.732561860181544,0,0.633743500268029,0,0.6341332102494717,0,0.634261703125834,0,0,0.0,1137.3834286730912,0.0
96,scarcity,13007,0.2,2.3,pulse_only,0.6473366822553988,0.0,20728,827,110,2.64,20728,0,827,0,42,1.0,1.4210854715202004e-14,1.0,0.0,13.400000000000006,28766.88,192,0.7661789175603312,5600,0.6507866461881788,3920,0.6483861004862767,3696,0.6450869911735698,7512,1,0.024,1137.3834286730912,0.002321116989615288
96,scarcity,13007,0.2,4.0,hybrid_50,0.6470328516720966,0.0,27624,1124,81,1.944,17600,10024,708,416,45,1.0,1.4210854715202004e-14,1.0,0.0,7.999999999999986,48326.4,192,0.7709713663106583,6544,0.6528992239596677,5432,0.6451017660787811,5328,0.6450652083249686,10320,1,0.024,1137.3834286730912,0.0017091861468985301
96,scarcity,13007,0.2,2.3,pulse_only,0.6446711311596296,0.0,20336,827,61,7.319999999999999,20336,0,827,0,41,1.0,2.1316282072803006e-14,1.0,0.0,13.600000000000001,28766.88,192,0.7606498561293739,5408,0.6450391770768533,3720,0.6445558247905482,3696,0.6445447613855586,7512,5,0.12,1137.3834286730912,0.006435824380296934
96,scarcity,13007,0.2,4.0,hybrid_50,0.6451917961697913,0.0,27056,1110,52,6.24,17376,9680,707,403,43,1.0,2.1316282072803006e-14,0.9999999999999998,0.0,7.999999999999986,48326.4,192,0.7643764120698083,6368,0.6466998539982065,5328,0.6446996001743059,5184,0.6446838652533262,10176,5,0.12,1137.3834286730912,0.005486276520908863
96,scarcity,13007,0.2,2.3,pulse_only,0.6419076509671412,0.0,19960,827,14,6.72,19960,0,827,0,38,1.0,1.4210854715202004e-14,1.0,0.0,13.799999999999983,28766.88,192,0.7463892313217849,5032,0.6431699762522615,3720,0.6416626924565435,3696,0.6413989675798799,7512,20,0.48,1137.3834286730912,0.0059082977917480056
96,scarcity,13007,0.2,4.0,hybrid_50,0.642755825687229,0.0,26144,1085,13,6.24,17072,9072,707,378,40,1.0,1.4210854715202004e-14,0.9849344791036806,0.0,7.999999999999986,48326.4,192,0.7461851603557997,6080,0.6448955775022654,5088,0.6423685746103868,5088,0.641879575318132,9888,20,0.48,1137.3834286730912,0.005486276520908863
96,scarcity,13008,0.2,4.0,fixed,0.5699107937728041,0.0,0,0,0,0.0,0,0,0,0,38,1.0,2.1316282072803006e-14,0.7555464843208566,0.0,-1.0,48326.4,192,0.6498006860629557,0,0.5690008216138912,0,0.5700759853977059,0,0.5702831840398097,0,0,0.0,1146.4537397486224,0.0
96,scarcity,13008,0.2,2.3,pulse_only,0.6322054345375402,0.0,22136,824,295,7.08,22136,0,824,0,37,1.0,2.1316282072803006e-14,1.0,0.0,13.0,28766.88,192,0.694152897777683,5696,0.6284737659949106,4168,0.6415026753344213,4080,0.6294226484104143,8192,1,0.024,1146.4537397486224,0.006175565358225792
96,scarcity,13008,0.2,4.0,hybrid_50,0.6367780978848006,0.0,27824,1068,274,6.5760000000000005,19120,8704,707,361,37,1.0,2.1316282072803006e-14,1.0000000000000002,0.0,7.999999999999986,48326.4,192,0.6886195175438202,6616,0.6499899098926057,5360,0.6320767388192158,5384,0.6325228714136906,10464,1,0.024,1146.4537397486224,0.0057359488411995495
96,scarcity,13008,0.2,2.3,pulse_only,0.629859380908083,0.0,21680,824,238,28.56,21680,0,824,0,36,1.0,2.1316282072803006e-14,1.0,0.0,13.0,28766.88,192,0.6773376856443806,5616,0.6357015518008844,4072,0.6314674888724655,3976,0.626134241479491,8016,5,0.12,1146.4537397486224,0.02491160263148709
96,scarcity,13008,0.2,4.0,hybrid_50,0.6267716751349082,0.0,27720,1079,228,27.36,18704,9016,704,375,39,1.0,2.1316282072803006e-14,1.0000000000000002,0.0,7.999999999999986,48326.4,192,0.6844011990588333,6648,0.6324926560329841,5376,0.6250513419331217,5304,0.6247713512867634,10392,5,0.12,1146.4537397486224,0.023864896638567466
96,scarcity,13008,0.2,2.3,pulse_only,0.5956070202165338,0.0,21032,824,157,75.36,21032,0,824,0,37,1.0,2.1316282072803006e-14,1.0000000000000002,0.0,13.199999999999989,28766.88,192,0.6555473930224511,5320,0.5902829056686542,3960,0.596224418275773,3920,0.5979603784608539,7832,20,0.48,1146.4537397486224,0.0657331363553525
96,scarcity,13008,0.2,4.0,hybrid_50,0.5978199792724352,0.0,26600,1060,145,69.6,18032,8568,703,357,36,1.0,2.1316282072803006e-14,1.0000000000000002,0.0,7.999999999999986,48326.4,192,0.6592683605734263,6248,0.5955244102494452,5248,0.5977180492627914,5224,0.599018728788752,9880,20,0.48,1146.4537397486224,0.060708947589338286
96,scarcity,13009,0.2,4.0,fixed,0.6475199050903606,0.02051149976850984,0,0,0,0.0,0,0,0,0,47,1.0,2.1316282072803006e-14,0.618947644651006,0.0,-1.0,48326.4,192,0.7842866386663754,0,0.6476716217704777,0,0.6474699630124293,0,0.6474690177892679,0,0,0.0,1152.8901227458753,0.0
96,scarcity,13009,0.2,2.3,pulse_only,0.6490554513365089,0.04776513690697114,20256,824,60,1.44,20256,0,824,0,47,1.0,1.4210854715202004e-14,0.8307157859587788,0.0,13.799999999999983,28766.88,192,0.7881827051315317,5352,0.6490554832228103,3768,0.6490554407077422,3696,0.6490554407077415,7440,1,0.024,1152.8901227458753,0.0012490349007156952
96,scarcity,13009,0.2,4.0,hybrid_50,0.6490179121415013,0.007719249672552926,27312,1122,48,1.1520000000000001,17520,9792,714,408,44,1.0,1.4210854715202004e-14,0.9999999999999998,0.0,7.999999999999986,48326.4,192,0.7888127331892981,6312,0.6490179181583047,5208,0.6490179101358997,5256,0.6490179101359004,10536,1,0.024,1152.8901227458753,0.0009992279205725562
96,scarcity,13009,0.2,2.3,pulse_only,0.6485807254565662,0.14679067157507442,20120,824,43,5.16,20120,0,824,0,51,1.0,1.4210854715202004e-14,0.7510184262743469,0.0,13.799999999999983,28766.88,192,0.7782570783016652,5216,0.648580825641887,3768,0.648580692061484,3696,0.6485806920614469,7440,5,0.12,1152.8901227458753,0.0044757083942312415
96,scarcity,13009,0.2,4.0,hybrid_50,0.6492752962264361,0.09751674685807098,28728,1185,36,4.32,17424,11304,714,471,51,1.0,1.4210854715202004e-14,0.9073783773207326,0.0,7.999999999999986,48326.4,192,0.7824165974415717,6552,0.6492754071149133,5568,0.6492752592637554,5472,0.649275259263538,11136,5,0.12,1152.8901227458753,0.003747104702147086
96,scarcity,13009,0.2,2.3,pulse_only,0.6480812928353306,0.006323740965383691,19800,824,3,1.44,19800,0,824,0,46,1.0,2.1316282072803006e-14,0.9999999999999998,0.0,13.799999999999983,28766.88,192,0.7833999885707058,4896,0.6481649323254358,3768,0.6480534468408347,3696,0.6480533960875258,7440,20,0.48,1152.8901227458753,0.0012490349007156952
96,scarcity,13009,0.2,4.0,hybrid_50,0.6485725570073825,0.009385367884591227,27792,1157,3,1.44,17040,10752,709,448,48,1.0,2.1316282072803006e-14,1.0,0.0,7.999999999999986,48326.4,192,0.7848600570066546,6144,0.6486833646169095,5424,0.6485356748553052,5424,0.6485355942786578,10800,20,0.48,1152.8901227458753,0.0012490349007156952
96,scarcity,13010,0.2,4.0,fixed,0.6547061353368687,0.0,0,0,0,0.0,0,0,0,0,42,1.0,1.4210854715202004e-14,0.6955748125224487,0.0,-1.0,48326.4,192,0.7698941756966392,0,0.6608613587117969,0,0.6536071869748102,0,0.652177997830434,0,0,0.0,1153.470775476636,0.0
96,scarcity,13010,0.2,2.3,pulse_only,0.6562202397737499,0.004893920329830923,20464,829,71,1.704,20464,0,829,0,47,1.0,1.4210854715202004e-14,0.8704187407035501,0.0,13.600000000000001,28766.88,192,0.7917924598118078,5392,0.6563579378607496,3816,0.6561743954589504,3720,0.6561743128876499,7536,1,0.024,1153.470775476636,0.0014772806006254253
96,scarcity,13010,0.2,4.0,hybrid_50,0.6558171397471914,0.007808399251643589,27624,1131,60,1.44,17568,10056,713,418,45,1.0,1.4210854715202004e-14,0.944245759855922,0.0,7.999999999999986,48326.4,192,0.7914451797679474,6648,0.6560142196878771,5232,0.6557514749602147,5208,0.655751432170337,10536,1,0.024,1153.470775476636,0.0012484061413735989
96,scarcity,13010,0.2,2.3,pulse_only,0.6566977619484341,0.030484860407840774,20256,829,45,5.3999999999999995,20256,0,829,0,46,1.0,1.4210854715202004e-14,0.8802010441865731,0.0,13.799999999999983,28766.88,192,0.7863242811270598,5208,0.6568419038971204,3792,0.6566498285066636,3720,0.6566496576949763,7536,5,0.12,1153.470775476636,0.004681523030150995
96,scarcity,13010,0.2,4.0,hybrid_50,0.6558635732194936,0.014779460182679036,26952,1109,42,5.04,17424,9528,712,397,42,1.0,1.4210854715202004e-14,0.9999999999999998,0.0,7.999999999999986,48326.4,192,0.7835474002845731,6432,0.656048598735821,5088,0.6558019159990467,4944,0.6558018890715535,10488,5,0.12,1153.470775476636,0.004369421494807596
96,scarcity,13010,0.2,2.3,pulse_only,0.6568994369249285,0.0,19944,829,6,2.88,19944,0,829,0,42,1.0,1.4210854715202004e-14,0.9245632025036593,0.0,13.799999999999983,28766.88,192,0.7765144977450374,4896,0.662148705932046,3792,0.6558629202189871,3720,0.6547930607743403,7536,20,0.48,1153.470775476636,0.0024968122827471978
96,scarcity,13010,0.2,4.0,hybrid_50,0.6564299076262551,0.0,26648,1108,7,3.36,17120,9528,711,397,43,1.0,1.4210854715202004e-14,0.9272584185824903,0.0,7.999999999999986,48326.4,192,0.7802514093282573,6008,0.6598696907908096,5136,0.6553300332010988,5160,0.655259953256556,10344,20,0.48,1153.470775476636,0.002912947663205064
96,scarcity,13011,0.2,4.0,fixed,0.6428831306185524,0.0,0,0,0,0.0,0,0,0,0,30,1.0,1.4210854715202004e-14,0.8055575219140642,0.0,-1.0,48326.4,192,0.7252787992187543,0,0.6436623423513864,0,0.6424203462313112,0,0.642724916945756,0,0,0.0,1162.5265733822293,0.0
96,scarcity,13011,0.2,2.3,pulse_only,0.6582253449689364,0.0,20808,825,126,3.024,20808,0,825,0,41,1.0,1.4210854715202004e-14,0.9600604198547898,0.0,13.200000000000003,28766.88,192,0.7707084917228815,5704,0.661713781862555,3832,0.6590541063494028,3856,0.6560667458318937,7416,1,0.024,1162.5265733822293,0.0026012308615036995
96,scarcity,13011,0.2,4.0,hybrid_50,0.657299454900457,0.0,26936,1092,91,2.184,17688,9248,710,382,40,1.0,1.4210854715202004e-14,0.9800229701300347,0.0,7.999999999999986,48326.4,192,0.7786935988654502,6696,0.6613160851137522,5096,0.6561635183221566,4968,0.6558591080829599,10176,1,0.024,1162.5265733822293,0.0018786667333082275
96,scarcity,13011,0.2,2.3,pulse_only,0.6554686531443324,0.0,20352,825,69,8.28,20352,0,825,0,39,1.0,2.842170943040401e-14,0.9426752130662666,0.0,13.599999999999994,28766.88,192,0.7654805535726865,5512,0.6564560158630529,3680,0.6552025145165411,3744,0.6551080410988678,7416,5,0.12,1162.5265733822293,0.007122417835069652
96,scarcity,13011,0.2,4.0,hybrid_50,0.65582918856762,0.0,26040,1062,69,8.28,17552,8488,709,353,37,1.0,2.842170943040401e-14,1.0,0.0,7.999999999999986,48326.4,192,0.76369722727876,6304,0.6577430186138167,4976,0.6554735474781115,4872,0.655050094089276,9888,5,0.12,1162.5265733822293,0.007122417835069652
96,scarcity,13011,0.2,2.3,pulse_only,0.6466398637763054,0.0,20024,825,28,13.44,20024,0,825,0,31,1.0,1.4210854715202004e-14,0.9584955769540594,0.0,13.600000000000001,28766.88,192,0.7318603492211138,5144,0.6446639454510525,3688,0.6467750022056873,3752,0.647560253724241,7440,20,0.48,1162.5265733822293,0.011561026051127552
96,scarcity,13011,0.2,4.0,hybrid_50,0.6471353161148229,0.0,24160,999,23,11.04,17200,6960,709,290,30,1.0,1.4210854715202004e-14,1.0,0.0,7.999999999999986,48326.4,192,0.7344617534619788,5704,0.6479289411931478,4688,0.6465128432893903,4560,0.6470497399883766,9208,20,0.48,1162.5265733822293,0.009496557113426203
96,scarcity,13012,0.2,4.0,fixed,0.6297107803873384,0.0,0,0,0,0.0,0,0,0,0,42,1.0,1.4210854715202004e-14,0.7830980084779909,0.0,-1.0,48326.4,192,0.7221927453723619,0,0.6298745729372801,0,0.6294807110371434,0,0.6297439187874649,0,0,0.0,1146.429410592702,0.0
96,scarcity,13012,0.2,2.3,pulse_only,0.6435312090590922,0.0,20808,833,102,2.448,20808,0,833,0,41,1.0,1.4210854715202004e-14,1.0,0.0,13.399999999999991,28766.88,192,0.7613398441979528,5696,0.6465181409930336,3736,0.6440861421560985,3840,0.6417602765436183,7536,1,0.024,1146.429410592702,0.002135325539785645
96,scarcity,13012,0.2,4.0,hybrid_50,0.6464991853631936,0.0,27920,1131,97,2.328,17744,10176,708,423,46,1.0,1.4210854715202004e-14,1.0,0.0,7.999999999999986,48326.4,192,0.7538596671538045,6768,0.6605398881763714,5312,0.6419518373355447,5376,0.6417525079704292,10464,1,0.024,1146.429410592702,0.002030652719207917
96,scarcity,13012,0.2,2.3,pulse_only,0.6432354700214695,0.0,20536,833,68,8.16,20536,0,833,0,42,1.0,1.4210854715202004e-14,1.0,0.0,13.599999999999994,28766.88,192,0.7504337788910473,5560,0.6479083072095779,3624,0.6417585142197688,3816,0.6416375293282657,7536,5,0.12,1146.429410592702,0.007117751799285483
96,scarcity,13012,0.2,4.0,hybrid_50,0.643727210795705,0.0,26696,1087,76,9.12,17544,9152,706,381,40,1.0,1.4210854715202004e-14,1.0000000000000002,0.0,7.999999999999986,48326.4,192,0.7410505077725619,6600,0.6521234584238162,5216,0.6410716462444727,5112,0.6408568692572656,9768,5,0.12,1146.429410592702,0.007955134363907304
96,scarcity,13012,0.2,2.3,pulse_only,0.6392185398545301,0.0,20128,833,17,8.16,20128,0,833,0,41,1.0,1.4210854715202004e-14,1.0,0.0,13.799999999999983,28766.88,192,0.7377571794668705,5152,0.6418878621829941,3624,0.6385270488346275,3816,0.6382296242002495,7536,20,0.48,1146.429410592702,0.007117751799285483
96,scarcity,13012,0.2,4.0,hybrid_50,0.6399424258136799,0.0,26936,1117,16,7.68,17192,9744,711,406,43,1.0,1.4210854715202004e-14,1.0000000000000002,0.0,7.999999999999986,48326.4,192,0.7421226653943293,6296,0.6416772638615562,5280,0.6395477928793456,5208,0.6392723232569087,10152,20,0.48,1146.429410592702,0.006699060516974571
96,scarcity,13013,0.2,4.0,fixed,0.6538190568623378,0.0,0,0,0,0.0,0,0,0,0,39,1.0,1.4210854715202004e-14,0.6613058232572677,0.0,-1.0,48326.4,192,0.7604341892572967,0,0.6612206001529902,0,0.654916456640352,0,0.6495695853280045,0,0,0.0,1148.956591485807,0.0
96,scarcity,13013,0.2,2.3,pulse_only,0.6529947654549677,0.0,20472,825,84,2.016,20472,0,825,0,41,1.0,1.4210854715202004e-14,0.934491249162743,0.0,13.599999999999994,28766.88,192,0.7787275263586959,5520,0.6579944206647333,3792,0.6513365143789708,3696,0.6513240633880834,7464,1,0.024,1148.956591485807,0.001754635479651107
96,scarcity,13013,0.2,4.0,hybrid_50,0.6538932013783236,0.0,26760,1091,72,1.728,17576,9184,709,382,42,1.0,1.4210854715202004e-14,1.0000000000000002,0.0,7.999999999999986,48326.4,192,0.7815177394268601,6352,0.6595774244633185,5288,0.6519986509877248,5088,0.6519983650311255,10032,1,0.024,1148.956591485807,0.0015039732682723774
96,scarcity,13013,0.2,2.3,pulse_only,0.6545837931200583,0.0,20280,825,60,7.199999999999999,20280,0,825,0,39,1.0,1.4210854715202004e-14,0.9321547429897304,0.0,13.600000000000001,28766.88,192,0.768022801881385,5328,0.6619838358402883,3792,0.65212736072442,3696,0.6521119879577625,7464,5,0.12,1148.956591485807,0.006266555284468239
96,scarcity,13013,0.2,4.0,hybrid_50,0.6520453634645775,0.0,26568,1089,54,6.4799999999999995,17448,9120,709,380,41,1.0,1.4210854715202004e-14,0.9669339607300284,0.0,7.999999999999986,48326.4,192,0.7734323495482389,6288,0.6539606650606702,5208,0.6514074431771123,5136,0.6514066728102637,9936,5,0.12,1148.956591485807,0.005639899756021415
96,scarcity,13013,0.2,2.3,pulse_only,0.6532574894195898,0.0,19888,825,11,5.279999999999999,19888,0,825,0,36,1.0,1.4210854715202004e-14,1.0,0.0,13.799999999999983,28766.88,192,0.7545298296058186,4936,0.6578058098057598,3792,0.6534441522731419,3696,0.6508899977997289,7464,20,0.48,1148.956591485807,0.004595473875276709
96,scarcity,13013,0.2,4.0,hybrid_50,0.6539745302673984,0.0,25024,1039,11,5.279999999999999,17080,7944,708,331,36,1.0,1.4210854715202004e-14,1.0,0.0,7.999999999999986,48326.4,192,0.7568673708581776,5752,0.6595779580822558,4896,0.6541468053176104,4944,0.6510866788348637,9432,20,0.48,1148.956591485807,0.004595473875276709
96,scarcity,13014,0.2,4.0,fixed,0.6452773445777563,0.0,0,0,0,0.0,0,0,0,0,41,1.0,1.4210854715202004e-14,0.7184149411760137,0.0,-1.0,48326.4,192,0.7494906608353822,0,0.6483877707719617,0,0.6448876302578241,0,0.6439169886406199,0,0,0.0,1157.4913514977761,0.0
96,scarcity,13014,0.2,2.3,pulse_only,0.6501198491843083,0.0,20408,827,70,1.68,20408,0,827,0,42,1.0,1.4210854715202004e-14,0.8935415482602123,0.0,13.600000000000001,28766.88,192,0.7828743168802538,5480,0.6505055020687259,3720,0.6499913179473241,3744,0.6499912883605916,7464,1,0.024,1157.4913514977761,0.0014514147322363192
96,scarcity,13014,0.2,4.0,hybrid_50,0.6513464828595952,0.0,27864,1138,69,1.6560000000000001,17568,10296,711,427,46,1.0,1.4210854715202004e-14,1.0,0.0,7.999999999999986,48326.4,192,0.7838622884526567,6624,0.6529689965665535,5256,0.6508057705021851,5424,0.6508055821848211,10560,1,0.024,1157.4913514977761,0.0014306802360615149
96,scarcity,13014,0.2,2.3,pulse_only,0.6501437736712357,0.0,20296,827,56,6.72,20296,0,827,0,41,1.0,1.4210854715202004e-14,0.9070827842856927,0.0,13.600000000000001,28766.88,192,0.7695915514242391,5368,0.6515457855034561,3720,0.6497181893798876,3744,0.6496555599007995,7464,5,0.12,1157.4913514977761,0.005805658928945277
96,scarcity,13014,0.2,4.0,hybrid_50,0.6504149437647109,0.0,26336,1080,52,6.24,17280,9056,703,377,40,1.0,1.4210854715202004e-14,0.9138426378369221,0.0,7.999999999999986,48326.4,192,0.7696491217084287,6272,0.6524332845108094,5040,0.6498187524582354,5088,0.6497038690448993,9936,5,0.12,1157.4913514977761,0.005390969005449186
96,scarcity,13014,0.2,2.3,pulse_only,0.6480352345276722,0.0,19936,827,11,5.279999999999999,19936,0,827,0,43,1.0,1.4210854715202004e-14,0.9182240421014363,0.0,13.799999999999983,28766.88,192,0.7586095093885526,5008,0.6502432107475352,3720,0.6474906564508015,3744,0.6472035354561763,7464,20,0.48,1157.4913514977761,0.004561589158457003
96,scarcity,13014,0.2,4.0,hybrid_50,0.6494744139373493,0.0,26360,1094,13,6.24,17096,9264,708,386,41,1.0,1.4210854715202004e-14,0.925417339437736,0.0,7.999999999999986,48326.4,192,0.7616453527421877,6128,0.6518161690495462,4968,0.6488880187200721,5184,0.6485967339898894,10080,20,0.48,1157.4913514977761,0.005390969005449186
96,scarcity,13015,0.2,4.0,fixed,0.6235154846328443,0.0,0,0,0,0.0,0,0,0,0,36,1.0,2.842170943040401e-14,0.8521363680172755,0.0,-1.0,48326.4,192,0.6920633944448266,0,0.6197218881395402,0,0.6232322365104561,0,0.6255539069406905,0,0,0.0,1153.6815510571446,0.0
96,scarcity,13015,0.2,2.3,pulse_only,0.6565658944608148,0.0,21944,828,259,6.216,21944,0,828,0,36,1.0,2.842170943040401e-14,1.0000000000000002,0.0,13.0,28766.88,192,0.7307517024136055,5736,0.6574849351433211,4176,0.6612588873904804,4088,0.6537598776547288,7944,1,0.024,1153.6815510571446,0.005387968624707692
96,scarcity,13015,0.2,4.0,hybrid_50,0.6593160681539109,0.0,27008,1055,211,5.064,18472,8536,703,352,36,1.0,2.842170943040401e-14,0.9794514879229351,0.0,7.999999999999986,48326.4,192,0.7319758042306358,6840,0.6635011435842324,5296,0.6586027631714171,5120,0.6575801829299968,9752,1,0.024,1153.6815510571446,0.004389426176885417
96,scarcity,13015,0.2,2.3,pulse_only,0.6471623347348685,0.0,21216,828,168,20.16,21216,0,828,0,37,1.0,2.842170943040401e-14,0.9270316588820845,0.0,13.199999999999989,28766.88,192,0.7261690875138926,5584,0.6512618359874471,4024,0.6461465438230337,3928,0.6456204795644966,7680,5,0.12,1153.6815510571446,0.017474492836889812
96,scarcity,13015,0.2,4.0,hybrid_50,0.6514706049112426,0.0,25240,1010,125,15.0,17864,7376,703,307,31,1.0,2.842170943040401e-14,0.9744896219915853,0.0,7.999999999999986,48326.4,192,0.7263160814627315,6464,0.6493954042445065,5000,0.6544393859397176,4696,0.6510238147303731,9080,5,0.12,1153.6815510571446,0.013001854789352538
96,scarcity,13015,0.2,2.3,pulse_only,0.6316648077312461,0.0,20360,828,61,29.279999999999998,20360,0,828,0,36,1.0,2.842170943040401e-14,1.0,0.0,13.400000000000006,28766.88,192,0.700979153345535,5136,0.6304161473609119,3800,0.63158092542554,3808,0.6323310790692663,7616,20,0.48,1153.6815510571446,0.02537962054881615
96,scarcity,13015,0.2,4.0,hybrid_50,0.6303802642803825,0.0,25840,1056,62,29.759999999999998,17392,8448,704,352,36,1.0,2.842170943040401e-14,0.8861388006596471,0.0,7.999999999999986,48326.4,192,0.7003134217893867,6240,0.6286806007579248,4984,0.6305821331712305,4888,0.6311291615961876,9728,20,0.48,1153.6815510571446,0.025795679902075434
96,scarcity,13016,0.2,4.0,fixed,0.6416304428106122,0.0,0,0,0,0.0,0,0,0,0,33,1.0,2.842170943040401e-14,0.748698922141958,0.0,-1.0,48326.4,192,0.7325150657585128,0,0.6416406964613234,0,0.6416192813974164,0,0.6416308966918545,0,0,0.0,1164.0832876666777,0.0
96,scarcity,13016,0.2,2.3,pulse_only,0.65395195651125,0.0,20584,828,89,2.136,20584,0,828,0,43,1.0,2.842170943040401e-14,0.89586084155253,0.0,13.599999999999994,28766.88,192,0.7757735318729759,5680,0.6595080881139751,3672,0.6521378949888736,3768,0.6520809214710757,7464,1,0.024,1164.0832876666777,0.0018349202523828517
96,scarcity,13016,0.2,4.0,hybrid_50,0.6539889751455898,0.04590507895717718,27888,1121,123,2.952,17984,9904,711,410,43,1.0,2.842170943040401e-14,0.9905849510860664,0.0,7.999999999999986,48326.4,192,0.7675980986881578,6848,0.6596432785446057,5480,0.6525062705840222,5368,0.6519031757268657,10192,1,0.024,1164.0832876666777,0.002535901022956076
96,scarcity,13016,0.2,2.3,pulse_only,0.6535457241430039,0.0,20320,828,56,6.72,20320,0,828,0,41,1.0,2.842170943040401e-14,0.915497241147633,0.0,13.600000000000001,28766.88,192,0.7713883088667617,5416,0.6562291532696856,3672,0.6526564301727596,3768,0.6526486565647854,7464,5,0.12,1164.0832876666777,0.005772782816485376
96,scarcity,13016,0.2,4.0,hybrid_50,0.6516670381583323,0.0,27264,1114,66,7.92,17472,9792,706,408,43,1.0,2.842170943040401e-14,0.9803386093183936,0.0,7.999999999999986,48326.4,192,0.759128207981076,6648,0.6550563245452723,5232,0.6506484457554957,5256,0.6504816911662804,10128,5,0.12,1164.0832876666777,0.006803636890857764
96,scarcity,13016,0.2,2.3,pulse_only,0.6487862129153908,0.0,19984,828,14,6.72,19984,0,828,0,34,1.0,2.842170943040401e-14,0.9086821969777603,0.0,13.799999999999983,28766.88,192,0.7438794548160131,5080,0.6509024150464358,3672,0.6485917274183621,3768,0.6478253545983826,7464,20,0.48,1164.0832876666777,0.005772782816485376
96,scarcity,13016,0.2,4.0,hybrid_50,0.6446890964792644,0.0,24848,1030,16,7.68,17144,7704,709,321,33,1.0,2.842170943040401e-14,0.906505389914807,0.0,7.999999999999986,48326.4,192,0.7289251949340534,5984,0.6442611445584545,4752,0.6446983134430957,4752,0.6448984639577536,9360,20,0.48,1164.0832876666777,0.006597466075983286
96,scarcity,13017,0.2,4.0,fixed,0.6263321883510953,0.0,0,0,0,0.0,0,0,0,0,36,1.0,2.1316282072803006e-14,0.7493616024001317,0.0,-1.0,48326.4,192,0.6936158200731487,0,0.6231866698165055,0,0.6262034458881747,0,0.6279693188498502,0,0,0.0,1164.4710219381202,0.0
96,scarcity,13017,0.2,2.3,pulse_only,0.6536729091656188,0.0,21880,821,272,6.5280000000000005,21880,0,821,0,37,1.0,1.4210854715202004e-14,0.9924960757204978,0.0,13.199999999999989,28766.88,192,0.7348717758419429,5656,0.6522415447704939,4184,0.6534001785279175,4032,0.6545249566820317,8008,1,0.024,1164.4710219381202,0.005605978918337477
96,scarcity,13017,0.2,4.0,hybrid_50,0.6631370294952299,0.0,27200,1067,199,4.776,18528,8672,707,360,37,1.0,1.4210854715202004e-14,1.0,0.0,7.999999999999986,48326.4,192,0.7262135890525481,6648,0.6676991916467672,5192,0.6615483898996075,5456,0.6616502682172722,9904,1,0.024,1164.4710219381202,0.004101433105695434
96,scarcity,13017,0.2,2.3,pulse_only,0.6558212335441096,0.0,20648,822,115,13.799999999999999,20648,0,822,0,37,1.0,1.4210854715202004e-14,1.0,0.0,13.199999999999989,28766.88,192,0.732186846250896,5528,0.6603240694398017,3984,0.6556097673638009,3696,0.6536755486864179,7440,5,0.12,1164.4710219381202,0.011850874551632534
96,scarcity,13017,0.2,4.0,hybrid_50,0.6559982348545411,0.0,26448,1065,111,13.32,17824,8624,706,359,37,1.0,1.4210854715202004e-14,1.0,0.0,7.999999999999986,48326.4,192,0.7265580050077115,6512,0.6608302818239309,5096,0.6565001283059152,5184,0.6533312646441589,9656,5,0.12,1164.4710219381202,0.011438670219401838
96,scarcity,13017,0.2,2.3,pulse_only,0.6328451468528858,0.0,20232,822,63,30.24,20232,0,822,0,35,1.0,1.4210854715202004e-14,1.0,0.0,13.400000000000006,28766.88,192,0.7017975083787034,5152,0.630595570530799,3792,0.6334865631226521,3712,0.6336492268790461,7576,20,0.48,1164.4710219381202,0.0259688729305339
96,scarcity,13017,0.2,4.0,hybrid_50,0.634099900489451,0.0,25864,1057,62,29.759999999999998,17392,8472,704,353,35,1.0,1.4210854715202004e-14,0.9393619531040757,0.0,7.999999999999986,48326.4,192,0.6968528192140692,6248,0.6308404790656654,4944,0.6348611998208042,5152,0.635348961535667,9520,20,0.48,1164.4710219381202,0.025556668598303203
96,scarcity,13018,0.2,4.0,fixed,0.6389599899241362,0.0,0,0,0,0.0,0,0,0,0,37,1.0,2.842170943040401e-14,0.7041983112815616,0.0,-1.0,48326.4,192,0.7482069115033354,0,0.6398740737967351,0,0.6387665368922282,0,0.6385996745037907,0,0,0.0,1149.7711404090671,0.0
96,scarcity,13018,0.2,2.3,pulse_only,0.6456663233705567,0.0,20352,824,72,1.728,20352,0,824,0,45,1.0,2.1316282072803006e-14,1.0,0.0,13.600000000000001,28766.88,192,0.7763416610707335,5544,0.6462276328217951,3672,0.6454801965587554,3696,0.6454787320508383,7440,1,0.024,1149.7711404090671,0.0015029077868359175
96,scarcity,13018,0.2,4.0,hybrid_50,0.6469831137630888,0.03967361623722105,29056,1191,59,1.416,17440,11616,709,482,52,1.0,2.1316282072803006e-14,1.0,0.0,7.999999999999986,48326.4,192,0.7834666901481836,6712,0.647047499576054,5688,0.6469616529126733,5568,0.6469616512818137,11088,1,0.024,1149.7711404090671,0.001231549436434988
96,scarcity,13018,0.2,2.3,pulse_only,0.6458565469319983,0.00010617685462703461,20176,824,50,6.0,20176,0,824,0,45,1.0,1.4210854715202004e-14,1.0,0.0,13.600000000000001,28766.88,192,0.7689382350297971,5368,0.6460775655281179,3672,0.6457835365547487,3696,0.6457825428225633,7440,5,0.12,1149.7711404090671,0.005218429815402491
96,scarcity,13018,0.2,4.0,hybrid_50,0.6442963367309659,0.0,27064,1113,44,5.279999999999999,17392,9672,711,402,43,1.0,1.4210854715202004e-14,1.0,0.0,7.999999999999986,48326.4,192,0.7661011236064368,6448,0.6443751970830206,5208,0.644270176791206,5184,0.6442699865248183,10224,5,0.12,1149.7711404090671,0.004592218237554192
96,scarcity,13018,0.2,2.3,pulse_only,0.642209200973417,0.0,19856,824,10,4.8,19856,0,824,0,42,1.0,2.842170943040401e-14,1.0,0.0,13.799999999999983,28766.88,192,0.754639826055011,5048,0.6427249051993517,3672,0.6420569613472124,3696,0.6420274686735521,7440,20,0.48,1149.7711404090671,0.004174743852321993
96,scarcity,13018,0.2,4.0,hybrid_50,0.6431253948188447,0.0,25936,1077,11,5.279999999999999,17128,8808,710,367,39,1.0,2.842170943040401e-14,1.0,0.0,7.999999999999986,48326.4,192,0.7568786032311848,6016,0.6438160242844357,5040,0.6429336698072861,5064,0.6428759425918282,9816,20,0.48,1149.7711404090671,0.004592218237554192
96,scarcity,13019,0.2,4.0,fixed,0.6539388004109474,0.0,0,0,0,0.0,0,0,0,0,37,1.0,2.842170943040401e-14,0.7776049540782424,0.0,-1.0,48326.4,192,0.7569659672496593,0,0.6581041342516794,0,0.6528179724983512,0,0.6524165474468796,0,0,0.0,1157.2939967948457,0.0
96,scarcity,13019,0.2,2.3,pulse_only,0.6602012467456333,0.0,20432,827,73,1.752,20432,0,827,0,42,1.0,2.842170943040401e-14,1.0,0.0,13.600000000000001,28766.88,192,0.793306666175578,5600,0.6610512703455689,3624,0.6599252785322932,3648,0.6599142190523356,7560,1,0.024,1157.2939967948457,0.001513876339851591
96,scarcity,13019,0.2,4.0,hybrid_50,0.6596180669291151,0.0,26472,1076,81,1.944,17736,8736,713,363,39,1.0,2.842170943040401e-14,1.0,0.0,7.999999999999986,48326.4,192,0.7885983032769035,6464,0.6604198648937757,4984,0.6593802530297834,5064,0.6593360748964505,9960,1,0.024,1157.2939967948457,0.0016797805962736833
96,scarcity,13019,0.2,2.3,pulse_only,0.6595686380891875,0.0,20272,827,53,6.359999999999999,20272,0,827,0,40,1.0,2.842170943040401e-14,0.9951596579787735,0.0,13.600000000000001,28766.88,192,0.7814109885391858,5440,0.6599789859396488,3624,0.6594377727412983,3648,0.6594288968379015,7560,5,0.12,1157.2939967948457,0.005495578493981803
96,scarcity,13019,0.2,4.0,hybrid_50,0.6600320496831859,0.0,26888,1102,55,6.6,17512,9376,712,390,42,1.0,2.842170943040401e-14,1.0,0.0,7.999999999999986,48326.4,192,0.7817113931084867,6392,0.6610989347039279,5160,0.6596996840224726,5208,0.6596647900031717,10128,5,0.12,1157.2939967948457,0.005702958814509418
96,scarcity,13019,0.2,2.3,pulse_only,0.6586787861562738,0.0,19920,827,9,4.32,19920,0,827,0,37,1.0,2.842170943040401e-14,0.9266573384022622,0.0,13.799999999999983,28766.88,192,0.7682418961542153,5088,0.6625421049949194,3624,0.6577278826809531,3648,0.6572225784746113,7560,20,0.48,1157.2939967948457,0.003732845769497074
96,scarcity,13019,0.2,4.0,hybrid_50,0.658994548649455,0.0,25160,1045,10,4.8,17096,8064,709,336,36,1.0,2.842170943040401e-14,0.9285658352303104,0.0,7.999999999999986,48326.4,192,0.7706097430824576,5816,0.6629756932996006,4872,0.6579267236421951,4896,0.6575378888280121,9576,20,0.48,1157.2939967948457,0.004147606410552304
96,scarcity,13020,0.2,4.0,fixed,0.6416681518054874,0.0,0,0,0,0.0,0,0,0,0,35,1.0,2.1316282072803006e-14,0.7143380370766101,0.0,-1.0,48326.4,192,0.7260520031275086,0,0.6433569587751259,0,0.6415023404602314,0,0.6409066539932962,0,0,0.0,1157.0986886935527,0.0
96,scarcity,13020,0.2,2.3,pulse_only,0.6516181616234931,0.03002036391824267,20728,833,92,2.208,20728,0,833,0,45,1.0,2.1316282072803006e-14,1.0000000000000002,0.0,13.599999999999994,28766.88,192,0.7783048484454147,5632,0.6527130300016646,3744,0.6512558015101758,3648,0.6512519074910658,7704,1,0.024,1157.0986886935527,0.001908220985448519
96,scarcity,13020,0.2,4.0,hybrid_50,0.6516965380303169,0.0,27752,1130,79,1.8960000000000001,17528,10224,707,423,44,1.0,1.4210854715202004e-14,1.0000000000000002,0.0,7.999999999999986,48326.4,192,0.7809480153804472,6944,0.6524863881433618,5256,0.6514395375306716,5136,0.6514301132236173,10416,1,0.024,1157.0986886935527,0.001638581063591663
96,scarcity,13020,0.2,2.3,pulse_only,0.6513205695270372,1.308663332424985e-05,20528,833,67,8.04,20528,0,833,0,37,1.0,1.4210854715202004e-14,1.0,0.0,13.599999999999994,28766.88,192,0.7623343605143722,5432,0.6523363247346182,3744,0.6510340724396799,3648,0.6509559404669252,7704,5,0.12,1157.0986886935527,0.006948413370926671
96,scarcity,13020,0.2,4.0,hybrid_50,0.6517792511497474,0.0,27016,1106,59,7.08,17440,9576,709,397,41,1.0,1.4210854715202004e-14,1.0,0.0,7.999999999999986,48326.4,192,0.7680576354996285,6712,0.653000415644811,5112,0.6513962836078029,5016,0.651360152673188,10176,5,0.12,1157.0986886935527,0.006118752072905576
96,scarcity,13020,0.2,2.3,pulse_only,0.6500197922084948,0.0,20104,833,14,6.72,20104,0,833,0,35,1.0,1.4210854715202004e-14,0.9669036637427444,0.0,13.799999999999983,28766.88,192,0.7496936533113993,5032,0.6534724104018488,3720,0.6493635584912901,3648,0.6486215999704201,7704,20,0.48,1157.0986886935527,0.005807629086147665
96,scarcity,13020,0.2,4.0,hybrid_50,0.6486301448069055,0.0,25648,1064,14,6.72,17128,8520,709,355,37,1.0,1.4210854715202004e-14,1.0,0.0,7.999999999999986,48326.4,192,0.7450632690985525,6160,0.6511011196365143,4800,0.6481466041405007,4896,0.6476364277253035,9792,20,0.48,1157.0986886935527,0.005807629086147665
96,scarcity,13021,0.2,4.0,fixed,0.6314483913454108,0.0,0,0,0,0.0,0,0,0,0,39,1.0,1.4210854715202004e-14,0.7765154359932781,0.0,-1.0,48326.4,192,0.7162288206187496,0,0.6293428275266578,0,0.631843747800299,0,0.6323034950273432,0,0,0.0,1149.7991693711654,0.0
96,scarcity,13021,0.2,2.3,pulse_only,0.6575403945226798,0.0,20832,824,132,3.168,20832,0,824,0,42,1.0,2.1316282072803006e-14,1.0,0.0,13.399999999999991,28766.88,192,0.7515910961259291,5488,0.6674538824129025,4064,0.6593365372930629,3768,0.6516855791923768,7512,1,0.024,1149.7991693711654,0.0027552637750926584
96,scarcity,13021,0.2,4.0,hybrid_50,0.6499153441643073,0.0,28120,1106,197,4.728,18384,9736,701,405,42,1.0,1.4210854715202004e-14,1.0000000000000002,0.0,7.999999999999986,48326.4,192,0.7498888347448102,6704,0.6534768664257831,5536,0.6463330492333319,5200,0.6499257304990572,10680,1,0.024,1149.7991693711654,0.0041120224522216186
96,scarcity,13021,0.2,2.3,pulse_only,0.6456825271933346,0.0,20960,824,148,17.759999999999998,20960,0,824,0,41,1.0,2.1316282072803006e-14,1.0,0.0,13.0,28766.88,192,0.7387657265275945,5344,0.6515669267951654,4024,0.6436379549389672,3776,0.643762613519603,7816,5,0.12,1149.7991693711654,0.01544617570885278
96,scarcity,13021,0.2,4.0,hybrid_50,0.6505225519090664,0.0,27408,1108,102,12.24,17624,9784,701,407,41,1.0,2.1316282072803006e-14,1.0,0.0,7.999999999999986,48326.4,192,0.743871407552713,6624,0.6532637223074705,5512,0.6483389227080132,5232,0.650243781310391,10040,5,0.12,1149.7991693711654,0.010645337312857998
96,scarcity,13021,0.2,2.3,pulse_only,0.6466054850548788,0.0,19904,824,16,7.68,19904,0,824,0,37,1.0,1.4210854715202004e-14,1.0,0.0,13.799999999999983,28766.88,192,0.7333262038665441,4952,0.6472621804881391,3816,0.6466221450568937,3624,0.6462688073372409,7512,20,0.48,1149.7991693711654,0.00667942733355796
96,scarcity,13021,0.2,4.0,hybrid_50,0.6407696908233096,0.0,26248,1082,35,16.8,17176,9072,704,378,39,1.0,1.4210854715202004e-14,1.0,0.0,7.999999999999986,48326.4,192,0.7290971992779097,6264,0.6391814042441066,5152,0.6412443067643017,4848,0.6413265261424149,9984,20,0.48,1149.7991693711654,0.014611247292158038
96,scarcity,13022,0.2,4.0,fixed,0.6342528871332861,0.0,0,0,0,0.0,0,0,0,0,39,1.0,2.842170943040401e-14,0.7742773042771949,0.0,-1.0,48326.4,192,0.7162485750729878,0,0.6309517056351238,0,0.63388648424703,0,0.6360866793254953,0,0,0.0,1154.2613323830244,0.0
96,scarcity,13022,0.2,2.3,pulse_only,0.6565793614686567,0.0,20816,826,124,2.976,20816,0,826,0,38,1.0,2.842170943040401e-14,1.0000000000000002,0.0,13.200000000000003,28766.88,192,0.7628928007852908,5488,0.6611387098464361,4024,0.6562753749317144,3728,0.6544516805482381,7576,1,0.024,1154.2613323830244,0.0025782722824612987
96,scarcity,13022,0.2,4.0,hybrid_50,0.6606434028392906,0.0,27328,1099,119,2.856,17848,9480,705,394,42,1.0,2.842170943040401e-14,1.0,0.0,7.999999999999986,48326.4,192,0.7508881850055023,6776,0.6766664768722029,5184,0.6589233438110546,5096,0.6534918953369521,10272,1,0.024,1154.2613323830244,0.002474309690426569
96,scarcity,13022,0.2,2.3,pulse_only,0.6512040035680765,0.0,20576,826,94,11.28,20576,0,826,0,38,1.0,2.842170943040401e-14,1.0,0.0,13.399999999999991,28766.88,192,0.7458021800950608,5376,0.6514713968972253,4016,0.6512233681826204,3648,0.6510606245962303,7536,5,0.12,1154.2613323830244,0.0097724836512646
96,scarcity,13022,0.2,4.0,hybrid_50,0.6534628439764023,0.0,26288,1061,103,12.36,17696,8592,703,358,37,1.0,2.842170943040401e-14,0.9210138526259184,0.0,7.999999999999986,48326.4,192,0.7423778371147365,6504,0.6567661381440422,5064,0.6526548197622619,5016,0.6522152089996525,9704,5,0.12,1154.2613323830244,0.010708146979577168
96,scarcity,13022,0.2,2.3,pulse_only,0.6458932837132848,0.0,20008,826,23,11.04,20008,0,826,0,39,1.0,2.842170943040401e-14,0.936684915955875,0.0,13.799999999999983,28766.88,192,0.7303605514299246,4968,0.6442065884957892,3848,0.6453358852156281,3656,0.647015330570861,7536,20,0.48,1154.2613323830244,0.00956455846719514
96,scarcity,13022,0.2,4.0,hybrid_50,0.6475367142877738,0.0,26360,1093,16,7.68,17072,9288,706,387,40,1.0,2.842170943040401e-14,1.0,0.0,7.999999999999986,48326.4,192,0.7316467144731613,6248,0.6477571034885315,5136,0.6475477492180467,5040,0.6474210022222585,9936,20,0.48,1154.2613323830244,0.006653605890222706
96,scarcity,13023,0.2,4.0,fixed,0.5813640792771295,0.0,0,0,0,0.0,0,0,0,0,37,1.0,2.842170943040401e-14,0.7930411327346789,0.0,-1.0,48326.4,192,0.6521350892171625,0,0.5795436427793873,0,0.5815956980224494,0,0.5821584881533408,0,0,0.0,1139.3925273244595,0.0
96,scarcity,13023,0.2,2.3,pulse_only,0.6413914312539196,0.0,21832,824,257,6.168,21832,0,824,0,37,1.0,2.842170943040401e-14,1.0,0.0,13.0,28766.88,192,0.7164825051530436,5584,0.6534308153983457,4136,0.6304393070295103,4000,0.6408478012939113,8112,1,0.024,1139.3925273244595,0.005413410964247589
96,scarcity,13023,0.2,4.0,hybrid_50,0.6457565883870343,0.0,28096,1088,248,5.952,18600,9496,700,388,38,1.0,2.842170943040401e-14,1.0,0.0,7.999999999999986,48326.4,192,0.7125139791054705,6880,0.6525331199412198,5400,0.6458838328430135,5456,0.6423047003819522,10360,1,0.024,1139.3925273244595,0.0052238362612194635
96,scarcity,13023,0.2,2.3,pulse_only,0.6321018527050865,0.0,21480,823,216,25.919999999999998,21480,0,823,0,36,1.0,2.842170943040401e-14,1.0,0.0,13.0,28766.88,192,0.7130447303926344,5472,0.6330589929972524,4096,0.6307832369826335,3904,0.6322825904202299,8008,5,0.12,1139.3925273244595,0.022748964363375083
96,scarcity,13023,0.2,4.0,hybrid_50,0.6344605157600485,0.0,27352,1078,185,22.2,18184,9168,698,380,38,1.0,2.842170943040401e-14,1.0,0.0,7.999999999999986,48326.4,192,0.7112882651041081,6656,0.6321195352968838,5160,0.6286736249578264,5336,0.6385244513927418,10200,5,0.12,1139.3925273244595,0.019484066700112917
96,scarcity,13023,0.2,2.3,pulse_only,0.6076576593419029,0.0,20744,823,124,59.519999999999996,20744,0,823,0,34,1.0,2.842170943040401e-14,1.0,0.0,13.0,28766.88,192,0.6720983226928495,5256,0.6021826800171717,3952,0.6047003210523594,3760,0.6118738181490401,7776,20,0.48,1139.3925273244595,0.05223836261219463
96,scarcity,13023,0.2,4.0,hybrid_50,0.6093002988133023,0.0,26112,1051,111,53.28,17736,8376,702,349,34,1.0,2.842170943040401e-14,0.9580798597373993,0.0,7.999999999999986,48326.4,192,0.6716874193636525,6336,0.6053610641995216,5008,0.6049979251167033,5080,0.6134211029684923,9688,20,0.48,1139.3925273244595,0.046761760080271005
96,scarcity,13024,0.2,4.0,fixed,0.6464760638855188,0.04353092822062222,0,0,0,0.0,0,0,0,0,47,1.0,2.842170943040401e-14,0.684431170394527,0.0,-1.0,48326.4,192,0.7771777298888854,0,0.6470981927753722,0,0.6462923304529254,0,0.6462568661568888,0,0,0.0,1144.4325055283869,0.0
96,scarcity,13024,0.2,2.3,pulse_only,0.65001290357605,0.1230176685313161,20280,825,60,1.44,20280,0,825,0,50,1.0,1.4210854715202004e-14,0.8812394440422422,0.0,13.600000000000001,28766.88,192,0.7897385417700622,5448,0.6500133230751207,3672,0.6500127637430727,3720,0.6500127637430033,7440,1,0.024,1144.4325055283869,0.0012582655534894554
96,scarcity,13024,0.2,4.0,hybrid_50,0.6497243303699275,0.40532499661035515,28320,1163,51,1.224,17488,10832,712,451,49,1.0,1.4210854715202004e-14,0.9253890873370563,0.0,7.999999999999986,48326.4,192,0.7895052181771296,6576,0.6497249745246038,5544,0.6497241156518517,5352,0.6497241156516272,10848,1,0.024,1144.4325055283869,0.001069525720466037
96,scarcity,13024,0.2,2.3,pulse_only,0.6496660449019007,0.12785538277388683,20128,825,41,4.92,20128,0,825,0,47,1.0,1.4210854715202004e-14,0.790229637981973,0.0,13.799999999999983,28766.88,192,0.7813380136520722,5296,0.6496660547743194,3672,0.6496660416110949,3720,0.6496660416110944,7440,5,0.12,1144.4325055283869,0.004299073974422306
96,scarcity,13024,0.2,4.0,hybrid_50,0.6498009001327204,0.46429242487431915,29024,1197,37,4.4399999999999995,17408,11616,713,484,53,1.0,1.4210854715202004e-14,0.980961230328796,0.0,7.999999999999986,48326.4,192,0.7824863248295906,6632,0.6498016130946896,5784,0.6498006624788674,5424,0.6498006624786621,11184,5,0.12,1144.4325055283869,0.003879652123259154
96,scarcity,13024,0.2,2.3,pulse_only,0.6481791899941303,0.0019019937308740603,19848,825,6,2.88,19848,0,825,0,47,1.0,2.842170943040401e-14,0.8860025344942843,0.0,13.799999999999983,28766.88,192,0.7767046167495698,5016,0.6486253243014155,3672,0.6480450244586596,3720,0.6480232056082231,7440,20,0.48,1144.4325055283869,0.0025165311069789108
96,scarcity,13024,0.2,4.0,hybrid_50,0.6485412114705731,0.0019019940087768386,27504,1144,6,2.88,17064,10440,709,435,47,1.0,2.842170943040401e-14,0.8277743491395387,0.0,7.999999999999986,48326.4,192,0.7777604328543893,6192,0.6490006400474652,5400,0.6484011423292414,5208,0.648381531752793,10704,20,0.48,1144.4325055283869,0.0025165311069789108
96,scarcity,13025,0.2,4.0,fixed,0.6322078213363587,0.0,0,0,0,0.0,0,0,0,0,39,1.0,1.4210854715202004e-14,0.7588346819131215,0.0,-1.0,48326.4,192,0.7296860430739571,0,0.6342461942456532,0,0.6317548028972657,0,0.6314151441012579,0,0,0.0,1143.9152346964672,0.0
96,scarcity,13025,0.2,2.3,pulse_only,0.6412416549446115,0.0,20536,830,77,1.848,20536,0,830,0,47,1.0,1.4210854715202004e-14,1.0000000000000002,0.0,13.599999999999994,28766.88,192,0.7703268308044815,5368,0.6425792513383052,3888,0.6407961354691105,3792,0.6407956164855154,7488,1,0.024,1143.9152346964672,0.0016155043170575122
96,scarcity,13025,0.2,4.0,hybrid_50,0.6427676962010628,0.0,27056,1103,73,1.752,17528,9528,707,396,42,1.0,2.1316282072803006e-14,1.0,0.0,7.999999999999986,48326.4,192,0.7736727020659867,6608,0.6447434474084748,5088,0.6421141013765485,5328,0.6421066180096138,10032,1,0.024,1143.9152346964672,0.0015315820148727062
96,scarcity,13025,0.2,2.3,pulse_only,0.6408256098001768,0.0,20368,830,56,6.72,20368,0,830,0,51,1.0,1.4210854715202004e-14,1.0,0.0,13.600000000000001,28766.88,192,0.7606462545045656,5200,0.6409675623838181,3888,0.6407783072582862,3792,0.6407782847793013,7488,5,0.12,1143.9152346964672,0.005874561152936408
96,scarcity,13025,0.2,4.0,hybrid_50,0.6417766337243922,0.0,26952,1106,51,6.12,17344,9608,706,400,42,1.0,1.4210854715202004e-14,1.0,0.0,7.999999999999986,48326.4,192,0.7656032789428112,6456,0.6420887488631244,4992,0.6416726322383972,5376,0.6416725768980235,10128,5,0.12,1143.9152346964672,0.0053500467642813715
96,scarcity,13025,0.2,2.3,pulse_only,0.6381384568295655,0.0,20008,830,11,5.279999999999999,20008,0,830,0,40,1.0,1.4210854715202004e-14,0.9289067657587726,0.0,13.799999999999983,28766.88,192,0.7424501502180818,4864,0.6414789599200409,3864,0.637183936328037,3792,0.636945465535092,7488,20,0.48,1143.9152346964672,0.00461572662016432
96,scarcity,13025,0.2,4.0,hybrid_50,0.6385387518907493,0.0,26176,1087,11,5.279999999999999,17032,9144,706,381,40,1.0,1.4210854715202004e-14,1.0,0.0,7.999999999999986,48326.4,192,0.748204835397045,6112,0.6402022782718857,4992,0.6380708999317166,5232,0.6379409146796973,9840,20,0.48,1143.9152346964672,0.00461572662016432
96,scarcity,13026,0.2,4.0,fixed,0.5859206475180377,0.0,0,0,0,0.0,0,0,0,0,38,1.0,2.842170943040401e-14,0.9054379415202365,0.0,-1.0,48326.4,192,0.6760388763458683,0,0.5877672447976406,0,0.5853998210532592,0,0.5852577621106259,0,0,0.0,1160.6332075830908,0.0
96,scarcity,13026,0.2,2.3,pulse_only,0.6581810979043266,0.0,21576,830,207,4.968,21576,0,830,0,39,1.0,1.4210854715202004e-14,1.0000000000000002,0.0,13.199999999999989,28766.88,192,0.7443590478103043,5768,0.6555892824652833,3912,0.661685187174218,3904,0.6577249609889025,7992,1,0.024,1160.6332075830908,0.004280422072659279
96,scarcity,13026,0.2,4.0,hybrid_50,0.6558611060795975,0.0,28192,1111,191,4.5840000000000005,18400,9792,710,401,40,1.0,2.1316282072803006e-14,1.0000000000000002,0.0,7.999999999999986,48326.4,192,0.7511870970402159,6872,0.6518757675637201,5352,0.6620764019845689,5336,0.6547461273850504,10632,1,0.024,1160.6332075830908,0.0039495681926469675
96,scarcity,13026,0.2,2.3,pulse_only,0.64924421394813,0.0,21272,829,172,20.64,21272,0,829,0,37,1.0,1.4210854715202004e-14,1.0000000000000002,0.0,13.199999999999989,28766.88,192,0.7304401937376618,5600,0.6583204215490412,3864,0.6494232277343547,3912,0.6446166032545622,7896,5,0.12,1160.6332075830908,0.01778339605066174
96,scarcity,13026,0.2,4.0,hybrid_50,0.6437417669318302,0.0,27776,1099,175,21.0,18264,9512,707,392,39,1.0,1.4210854715202004e-14,1.0000000000000002,0.0,7.999999999999986,48326.4,192,0.7403464365480456,6648,0.6398163885827878,5272,0.6436967393354519,5352,0.6457269699045406,10504,5,0.12,1160.6332075830908,0.018093571563173278
96,scarcity,13026,0.2,2.3,pulse_only,0.6340673801255132,0.0,20672,831,91,43.68,20672,0,831,0,35,1.0,2.842170943040401e-14,1.0,0.0,13.400000000000006,28766.88,192,0.7022236601969827,5256,0.6395398329532208,3760,0.6346954105945389,3840,0.6310171384771467,7816,20,0.48,1160.6332075830908,0.03763462885140042
96,scarcity,13026,0.2,4.0,hybrid_50,0.6400259555676918,0.0,25880,1057,64,30.72,17432,8448,705,352,36,1.0,2.842170943040401e-14,1.0000000000000002,0.0,7.999999999999986,48326.4,192,0.714645250493539,6168,0.6404789514434608,4928,0.6376624286173014,4904,0.6409812211050027,9880,20,0.48,1160.6332075830908,0.02646831040098491
96,scarcity,13027,0.2,4.0,fixed,0.6267381593140846,0.0,0,0,0,0.0,0,0,0,0,39,1.0,2.842170943040401e-14,0.8395394574923688,0.0,-1.0,48326.4,192,0.7099917650465197,0,0.62630793967396,0,0.6268443850017162,0,0.6269001562903311,0,0,0.0,1146.6174745771734,0.0
96,scarcity,13027,0.2,2.3,pulse_only,0.6517331242568221,0.0,21216,830,162,3.888,21216,0,830,0,40,1.0,2.842170943040401e-14,1.0,0.0,13.200000000000003,28766.88,192,0.7610046097943589,5696,0.6560330548924316,3832,0.6535066756538599,3968,0.6486963832404984,7720,1,0.024,1146.6174745771734,0.0033908431418540334
96,scarcity,13027,0.2,4.0,hybrid_50,0.6486019432245371,0.0,28128,1120,156,3.744,18192,9936,709,411,41,1.0,2.842170943040401e-14,0.9733308738186714,0.0,7.999999999999986,48326.4,192,0.7651419117876429,6752,0.6534977836371636,5528,0.648326188103004,5232,0.6462919005789904,10616,1,0.024,1146.6174745771734,0.0032652563588224026
96,scarcity,13027,0.2,2.3,pulse_only,0.6488666982830779,0.0,20560,830,80,9.6,20560,0,830,0,40,1.0,2.842170943040401e-14,1.0,0.0,13.399999999999991,28766.88,192,0.7534512285035204,5608,0.649930748905342,3672,0.6484944936678624,3816,0.6485207752795534,7464,5,0.12,1146.6174745771734,0.008372452202108725
96,scarcity,13027,0.2,4.0,hybrid_50,0.6477730348618727,0.0,27304,1104,101,12.12,17792,9512,709,395,41,1.0,2.842170943040401e-14,0.965365478373873,0.0,7.999999999999986,48326.4,192,0.7489583396691786,6752,0.6491749992566372,5408,0.6467643187076788,5064,0.647576410741587,10080,5,0.12,1146.6174745771734,0.010570220905162265
96,scarcity,13027,0.2,2.3,pulse_only,0.6423710206902312,0.0,20168,830,31,14.879999999999999,20168,0,830,0,38,1.0,2.842170943040401e-14,1.0,0.0,13.600000000000001,28766.88,192,0.7278865776986895,5216,0.6377638468623116,3664,0.6423493910613969,3824,0.6446854224186079,7464,20,0.48,1146.6174745771734,0.012977300913268522
96,scarcity,13027,0.2,4.0,hybrid_50,0.6411079196344974,0.0,26248,1084,29,13.92,17200,9048,707,377,39,1.0,2.842170943040401e-14,1.0,0.0,7.999999999999986,48326.4,192,0.7291304344242968,6336,0.6400005654192694,5120,0.6421309041520332,4832,0.6411501044833435,9960,20,0.48,1146.6174745771734,0.01214005569305765
96,scarcity,13028,0.2,4.0,fixed,0.6503495660967906,0.0,0,0,0,0.0,0,0,0,0,42,1.0,2.1316282072803006e-14,0.6142436053151251,0.0,-1.0,48326.4,192,0.763190660087935,0,0.6542041365875219,0,0.6499714726845972,0,0.6486113275575214,0,0,0.0,1156.1239458407413,0.0
96,scarcity,13028,0.2,2.3,pulse_only,0.6536789792504186,0.0,20312,824,67,1.608,20312,0,824,0,44,1.0,1.4210854715202004e-14,0.9879272104222288,0.0,13.600000000000001,28766.88,192,0.7881077934921736,5408,0.6558195981084977,3768,0.6529655312729794,3648,0.6529653938100988,7488,1,0.024,1156.1239458407413,0.0013908543333826127
96,scarcity,13028,0.2,4.0,hybrid_50,0.6532773386269716,0.0039646179507301415,26680,1091,62,1.488,17424,9256,706,385,41,1.0,1.4210854715202004e-14,0.8845655434122617,0.0,7.999999999999986,48326.4,192,0.7855287417006783,6352,0.6556258743248794,5112,0.6525052030431419,5160,0.6524891385699325,10056,1,0.024,1156.1239458407413,0.0012870592338764476
96,scarcity,13028,0.2,2.3,pulse_only,0.652927955092787,0.0,20168,824,49,5.88,20168,0,824,0,45,1.0,1.4210854715202004e-14,0.91198630511344,0.0,13.600000000000001,28766.88,192,0.7805821432221038,5264,0.6532321166597722,3768,0.6528265688283272,3648,0.6528265674415241,7488,5,0.12,1156.1239458407413,0.005085959875802091
96,scarcity,13028,0.2,4.0,hybrid_50,0.6528535432920359,0.006855692378136763,26640,1095,45,5.3999999999999995,17344,9296,708,387,41,1.0,1.4210854715202004e-14,0.9370882946034399,0.0,7.999999999999986,48326.4,192,0.7783698279386474,6240,0.6540648605081922,5112,0.6524517261550279,5232,0.6524487932524616,10056,5,0.12,1156.1239458407413,0.00467077947777743
96,scarcity,13028,0.2,2.3,pulse_only,0.6530744801998346,0.0,19840,824,8,3.84,19840,0,824,0,41,1.0,2.1316282072803006e-14,0.9999999999999998,0.0,13.799999999999983,28766.88,192,0.7648625176926643,4936,0.6586357495747002,3768,0.6520175582880366,3648,0.650822306468301,7488,20,0.48,1156.1239458407413,0.003321443184197284
96,scarcity,13028,0.2,4.0,hybrid_50,0.6551133938390283,0.0,25640,1066,7,3.36,17024,8616,707,359,39,1.0,2.1316282072803006e-14,1.0,0.0,7.999999999999986,48326.4,192,0.7649235298999606,5720,0.6643425262954442,4992,0.6531924512061377,5136,0.6514592989272656,9792,20,0.48,1156.1239458407413,0.0029062627861726233
96,scarcity,13029,0.2,4.0,fixed,0.6438736435109375,0.0,0,0,0,0.0,0,0,0,0,39,1.0,1.4210854715202004e-14,0.7218853808874491,0.0,-1.0,48326.4,192,0.7613657181715816,0,0.6467637777250684,0,0.6430701259328698,0,0.6428303351929057,0,0,0.0,1136.568213673181,0.0
96,scarcity,13029,0.2,2.3,pulse_only,0.6486249454695086,0.0,20328,826,63,1.512,20328,0,826,0,46,1.0,2.1316282072803006e-14,1.0,0.0,13.600000000000001,28766.88,192,0.7850684873003533,5328,0.6487578840426311,3816,0.6485806469772726,3672,0.6485806254290654,7512,1,0.024,1136.568213673181,0.0013303205050170215
96,scarcity,13029,0.2,4.0,hybrid_50,0.6493090113142441,0.0,28176,1153,63,1.512,17616,10560,714,439,47,1.0,2.1316282072803006e-14,1.0,0.0,7.999999999999986,48326.4,192,0.7864160735321186,6672,0.6500326715053644,5184,0.6490685731578868,5520,0.6490674002968626,10800,1,0.024,1136.568213673181,0.0013303205050170215
96,scarcity,13029,0.2,2.3,pulse_only,0.6479314491060341,0.04312009265447841,20224,826,50,6.0,20224,0,826,0,45,1.0,1.4210854715202004e-14,1.0,0.0,13.600000000000001,28766.88,192,0.7736298528466641,5224,0.6480635470614038,3816,0.6478877688974913,3672,0.6478872402326207,7512,5,0.12,1136.568213673181,0.005279049623083418
96,scarcity,13029,0.2,4.0,hybrid_50,0.6484499933090078,0.058992525984890645,28264,1162,47,5.64,17400,10864,710,452,48,1.0,1.4210854715202004e-14,1.0,0.0,7.999999999999986,48326.4,192,0.7752573769655269,6640,0.6491100073413423,5424,0.6482300245352164,5424,0.6482299706797362,10776,5,0.12,1136.568213673181,0.004962306645698413
96,scarcity,13029,0.2,2.3,pulse_only,0.6480996836542265,0.0,19888,826,8,3.84,19888,0,826,0,44,1.0,1.4210854715202004e-14,0.9982022995585587,0.0,13.799999999999983,28766.88,192,0.7717482955433398,4888,0.6504372030449579,3816,0.6474481135300207,3672,0.6472567090209637,7512,20,0.48,1136.568213673181,0.0033785917587733877
96,scarcity,13029,0.2,4.0,hybrid_50,0.648808525153709,0.0,26784,1113,9,4.32,17136,9648,711,402,43,1.0,1.4210854715202004e-14,1.0,0.0,7.999999999999986,48326.4,192,0.773467238600169,6120,0.6508912912069996,5064,0.6482275119903881,5184,0.6480576487087241,10416,20,0.48,1136.568213673181,0.0038009157286200616
960,uniform,13000,0.2,4.0,fixed,0.885541592424102,0.3320309085149105,0,0,0,0.0,0,0,0,0,128,1.0,3.410605131648481e-13,1.0000000000000002,0.0,-1.0,483264.00000000006,1920,0.9172965371514691,0,0.8856129110349634,0,0.8854701481629774,0,0.8855416552492335,0,0,0.0,21121.606632613468,0.0
960,uniform,13000,0.2,2.3,pulse_only,0.9534662927615105,0.94395602160422,237456,8241,4959,119.016,237456,0,8241,0,78,1.0,3.410605131648481e-13,1.0000000000000004,0.0,13.0,287668.8,1920,0.9646679168338799,62104,0.9536384139724808,44248,0.9526501833188267,43672,0.9537882868773673,87432,1,0.024,21121.606632613468,0.005634798624467785
960,uniform,13000,0.2,4.0,hybrid_50,0.95262274064853,0.936916549503478,224896,7855,4547,109.128,207728,17168,7172,683,59,1.0,3.410605131648481e-13,1.0000000000000004,0.0,7.999999999999986,483264.00000000006,1920,0.963655486511806,57048,0.9488714419781871,43224,0.9528347614792656,41592,0.9543923795683337,83032,1,0.024,21121.606632613468,0.005166652418926198
960,uniform,13000,0.2,2.3,pulse_only,0.9467595222676567,0.9215091471267413,234672,8246,4596,551.52,234672,0,8246,0,60,1.0,3.410605131648481e-13,1.0000000000000004,0.0,13.0,287668.8,1920,0.957863118530218,60976,0.9430823305922346,43504,0.9442883877473103,43288,0.9498336853655411,86904,5,0.12,21121.606632613468,0.026111650008120525
960,uniform,13000,0.2,4.0,hybrid_50,0.9474559705110815,0.940644701192651,222008,7893,4072,488.64,204384,17624,7172,721,68,1.0,3.410605131648481e-13,1.0000000000000002,0.0,7.999999999999986,483264.00000000006,1920,0.9585165030179219,56624,0.9438712127640259,42000,0.9475769291864736,40800,0.9491878700469134,82584,5,0.12,21121.606632613468,0.023134603749579367
960,uniform,13000,0.2,2.3,pulse_only,0.9358237128530941,0.8897310837219782,226648,8246,3593,1724.6399999999999,226648,0,8246,0,81,1.0,3.410605131648481e-13,1.0000000000000004,0.0,13.0,287668.8,1920,0.9422418681438915,57568,0.9296042494238459,42264,0.9337578692509813,42144,0.9399663663687742,84672,20,0.48,21121.606632613468,0.08165287944227767
960,uniform,13000,0.2,4.0,hybrid_50,0.9373351152521652,0.9299482015357532,216448,7937,3245,1557.6,197992,18456,7170,767,70,1.0,3.410605131648481e-13,1.0000000000000004,0.0,7.999999999999986,483264.00000000006,1920,0.9467573835192785,54272,0.9329451168418714,41456,0.9359513904106487,39992,0.9402219768780707,80728,20,0.48,21121.606632613468,0.07374439014477903
960,uniform,13001,0.2,4.0,fixed,0.9138742131929959,0.8368523675257024,0,0,0,0.0,0,0,0,0,111,1.0,6.821210263296962e-13,1.0000000000000004,0.0,-1.0,483264.00000000006,1920,0.9339188362813235,0,0.9135505859054355,0,0.9139807081122916,0,0.9139827793771284,0,0,0.0,21152.777897683336,0.0
960,uniform,13001,0.2,2.3,pulse_only,0.9700031207136359,0.9937926790658592,248432,8231,6361,152.66400000000002,248432,0,8231,0,40,1.0,6.821210263296962e-13,1.0000000000000004,0.0,13.0,287668.8,1920,0.9736794662300151,61992,0.9667093210948335,47072,0.9683279396502278,46912,0.9724876110547414,92456,1,0.024,21152.777897683336,0.007217208100914248
960,uniform,13001,0.2,4.0,hybrid_50,0.9663904066410187,0.9877096155725544,228240,7646,5592,134.208,216184,12056,7173,473,35,1.0,6.821210263296962e-13,1.0000000000000004,0.0,7.999999999999986,483264.00000000006,1920,0.9700677468480549,57464,0.9629165256186466,43416,0.9638301160258805,42912,0.9694074924597738,84448,1,0.024,21152.777897683336,0.006344698585177247
960,uniform,13001,0.2,2.3,pulse_only,0.9664634304081201,0.9953576691720265,245320,8233,5966,715.92,245320,0,8233,0,45,1.0,4.547473508864641e-13,1.0000000000000004,0.0,13.0,287668.8,1920,0.969840829065696,61328,0.9646163267907745,46560,0.9664921072604389,46240,0.9673726437906335,91192,5,0.12,21152.777897683336,0.03384520007078635
960,uniform,13001,0.2,4.0,hybrid_50,0.9646064235363344,0.9959792664760331,225984,7627,5367,644.04,214784,11200,7170,457,37,1.0,4.547473508864641e-13,1.0000000000000004,0.0,7.999999999999986,483264.00000000006,1920,0.9662260007022435,57024,0.9607665007040739,42920,0.9658520968637907,42568,0.9659035482887366,83472,5,0.12,21152.777897683336,0.030447064830692313
960,uniform,13001,0.2,2.3,pulse_only,0.959609772880061,0.999999999999995,234912,8245,4629,2221.92,234912,0,8245,0,45,1.0,3.410605131648481e-13,1.0000000000000004,0.0,13.0,287668.8,1920,0.9601680714087071,58608,0.9553613951060741,44448,0.9584922999861931,44232,0.9622926982139884,87624,20,0.48,21152.777897683336,0.10504152271382503
960,uniform,13001,0.2,4.0,hybrid_50,0.9576298785487819,0.999999999999995,219568,7735,4241,2035.6799999999998,206008,13560,7171,564,50,1.0,2.2737367544323206e-13,1.0000000000000004,0.0,7.999999999999986,483264.00000000006,1920,0.9582292831318932,55160,0.9543869262967685,41312,0.9566501552165492,41560,0.9597412163409049,81536,20,0.48,21152.777897683336,0.09623700536386517
960,uniform,13002,0.2,4.0,fixed,0.9165653321721055,0.7814811832458867,0,0,0,0.0,0,0,0,0,95,1.0,4.547473508864641e-13,1.0000000000000002,0.0,-1.0,483264.00000000006,1920,0.9358059496946093,0,0.9157377265450163,0,0.9165852552282077,0,0.9169691734575989,0,0,0.0,21151.588623325533,0.0
960,uniform,13002,0.2,2.3,pulse_only,0.9725248504789052,0.9895795362784442,246272,8224,6112,146.68800000000002,246272,0,8224,0,36,1.0,6.821210263296962e-13,1.0000000000000004,0.0,13.0,287668.8,1920,0.9780440279086589,62432,0.9695055508836243,46696,0.9711843725577496,45736,0.9747047392371239,91408,1,0.024,21151.588623325533,0.006935081927521772
960,uniform,13002,0.2,4.0,hybrid_50,0.9719965293540603,0.9782500240207315,227256,7698,5313,127.512,214072,13184,7185,513,41,1.0,6.821210263296962e-13,1.0000000000000004,0.0,7.999999999999986,483264.00000000006,1920,0.9791220615030061,57240,0.9655469345589325,43440,0.9729176796176561,42792,0.9747607516198267,83784,1,0.024,21151.588623325533,0.006028483357480885
960,uniform,13002,0.2,2.3,pulse_only,0.9710754773599966,0.9988588318544837,243344,8224,5746,689.52,243344,0,8224,0,39,1.0,4.547473508864641e-13,1.0000000000000004,0.0,13.0,287668.8,1920,0.9720307000890681,61800,0.9666116956063555,45864,0.9703752384945415,45032,0.9736574876695443,90648,5,0.12,21151.588623325533,0.032598969858916964
960,uniform,13002,0.2,4.0,hybrid_50,0.968980572857584,0.9967600014787154,223760,7645,5035,604.1999999999999,212416,11344,7180,465,38,1.0,4.547473508864641e-13,1.0000000000000004,0.0,7.999999999999986,483264.00000000006,1920,0.9743746863789472,56088,0.9681611297981236,42576,0.9687257945553295,42224,0.9695176835384416,82872,5,0.12,21151.588623325533,0.02856523028883517
960,uniform,13002,0.2,2.3,pulse_only,0.9553058871200738,0.9999999999999953,232296,8228,4353,2089.44,232296,0,8228,0,55,1.0,3.410605131648481e-13,1.0000000000000002,0.0,13.0,287668.8,1920,0.9629029958879267,58160,0.9520090786483737,44032,0.9549149321717267,43456,0.9571497688300974,86648,20,0.48,21151.588623325533,0.09878406947153884
960,uniform,13002,0.2,4.0,hybrid_50,0.9546070723763159,0.9999999999999953,217760,7732,4024,1931.52,204328,13432,7173,559,54,1.0,3.410605131648481e-13,1.0000000000000004,0.0,7.999999999999986,483264.00000000006,1920,0.9604025369592631,53592,0.9515275627556025,41592,0.9539256698567364,41344,0.9564875284464622,81232,20,0.48,21151.588623325533,0.0913179636006139
960,uniform,13003,0.2,4.0,fixed,0.8673363645405132,0.17637859137323647,0,0,0,0.0,0,0,0,0,154,1.0,3.410605131648481e-13,1.0000000000000004,0.0,-1.0,483264.00000000006,1920,0.8947336398505299,0,0.8672497576289586,0,0.8673521837594007,0,0.8673717583868465,0,0,0.0,21112.34018254185,0.0
960,uniform,13003,0.2,2.3,pulse_only,0.9578601223202683,0.9308188743493876,244976,8205,6007,144.168,244976,0,8205,0,49,1.0,6.821210263296962e-13,1.0000000000000004,0.0,13.0,287668.8,1920,0.9596327381373166,61960,0.9576907216343786,46768,0.9532540806176785,45512,0.9602478435145081,90736,1,0.024,21112.34018254185,0.006828612970115693
960,uniform,13003,0.2,4.0,hybrid_50,0.9635756816550693,0.9602322851123974,229576,7812,5261,126.264,212688,16888,7171,641,37,1.0,4.547473508864641e-13,1.0000000000000004,0.0,7.999999999999986,483264.00000000006,1920,0.9653642026264393,58224,0.9578031182976431,44008,0.9601340285173796,43312,0.9681827899026275,84032,1,0.024,21112.34018254185,0.005980578131476387
960,uniform,13003,0.2,2.3,pulse_only,0.9583600806801458,0.9557495909941045,240384,8213,5409,649.0799999999999,240384,0,8213,0,57,1.0,5.684341886080801e-13,1.0000000000000004,0.0,13.0,287668.8,1920,0.9568304590942139,61040,0.9512037750346828,45896,0.9595533825119367,44640,0.9613415825869818,88808,5,0.12,21112.34018254185,0.030744104840482584
960,uniform,13003,0.2,4.0,hybrid_50,0.9581844349119715,0.9497079452981614,227280,7841,4887,586.4399999999999,210216,17064,7161,680,50,1.0,5.684341886080801e-13,1.0000000000000004,0.0,7.999999999999986,483264.00000000006,1920,0.9573545693385579,57160,0.9525185591416024,43608,0.9564572157313869,42472,0.9618809823874481,84040,5,0.12,21112.34018254185,0.02777711968116813
960,uniform,13003,0.2,2.3,pulse_only,0.9479710881836608,0.9601921015136125,231672,8217,4308,2067.84,231672,0,8217,0,55,1.0,3.410605131648481e-13,1.0000000000000004,0.0,13.0,287668.8,1920,0.9442132484320311,58024,0.9411223740814653,44072,0.9472897683874368,43328,0.9517361051328703,86248,20,0.48,21112.34018254185,0.09794461353507045
960,uniform,13003,0.2,4.0,hybrid_50,0.9497946433180839,0.9971688516849737,218328,7792,3915,1879.1999999999998,203200,15128,7164,628,49,1.0,3.410605131648481e-13,1.0000000000000004,0.0,7.999999999999986,483264.00000000006,1920,0.9440683396587016,54376,0.9440915397879269,41464,0.9465408518668321,41064,0.9542730908087883,81424,20,0.48,21112.34018254185,0.08900955477943377
960,uniform,13004,0.2,4.0,fixed,0.9035360929546631,0.620127214809283,0,0,0,0.0,0,0,0,0,110,1.0,4.547473508864641e-13,1.0000000000000004,0.0,-1.0,483264.00000000006,1920,0.9263926540129772,0,0.9034837697673205,0,0.9035729970735127,0,0.9035438024889094,0,0,0.0,21204.379941793384,0.0
960,uniform,13004,0.2,2.3,pulse_only,0.945656172464259,0.9656430068285236,242928,8232,5670,136.08,242928,0,8232,0,59,1.0,4.547473508864641e-13,1.0000000000000004,0.0,13.0,287668.8,1920,0.9571738600948667,61976,0.9438538895554262,45704,0.9441149592927628,44784,0.9473279205044233,90464,1,0.024,21204.379941793384,0.006417542053742831
960,uniform,13004,0.2,4.0,hybrid_50,0.9484159801296362,0.9796827707645098,228080,7792,5134,123.21600000000001,212672,15408,7169,623,57,1.0,6.821210263296962e-13,1.0000000000000004,0.0,7.999999999999986,483264.00000000006,1920,0.9546417203011694,57600,0.9420820171210593,42840,0.9490206957043903,42944,0.9512806038465479,84696,1,0.024,21204.379941793384,0.005810874938962204
960,uniform,13004,0.2,2.3,pulse_only,0.9449529047870961,0.9777917100927295,241552,8236,5486,658.3199999999999,241552,0,8236,0,55,1.0,4.547473508864641e-13,1.0000000000000002,0.0,13.0,287668.8,1920,0.9511319714888994,61440,0.9418190498858626,45592,0.9455185158615443,44768,0.9462370267004887,89752,5,0.12,21204.379941793384,0.031046415967225013
960,uniform,13004,0.2,4.0,hybrid_50,0.9399052694308819,0.980461896420254,225280,7783,4811,577.3199999999999,210384,14896,7166,617,57,1.0,5.684341886080801e-13,1.0000000000000002,0.0,7.999999999999986,483264.00000000006,1920,0.9515158605977307,56456,0.9368282921543807,42248,0.9405052822437395,42488,0.9411437516627038,84088,5,0.12,21204.379941793384,0.027226450459044756
960,uniform,13004,0.2,2.3,pulse_only,0.9312601182501538,0.915943899857558,232424,8240,4333,2079.84,232424,0,8240,0,70,1.0,3.410605131648481e-13,1.0000000000000004,0.0,13.0,287668.8,1920,0.9398464445942161,58488,0.9271322079907661,43848,0.9297387964260548,43032,0.9340847342918969,87056,20,0.48,21204.379941793384,0.09808539583374845
960,uniform,13004,0.2,4.0,hybrid_50,0.9320558452713776,0.9092792477361692,219984,7893,3819,1833.12,202312,17672,7157,736,69,1.0,3.410605131648481e-13,1.0000000000000004,0.0,7.999999999999986,483264.00000000006,1920,0.9399370409047938,54728,0.9263347047324929,41608,0.9314252324093173,41880,0.9352317219718499,81768,20,0.48,21204.379941793384,0.08645006385623939
960,uniform,13005,0.2,4.0,fixed,0.9141053785541904,0.8172722357425821,0,0,0,0.0,0,0,0,0,95,1.0,6.821210263296962e-13,1.0000000000000002,0.0,-1.0,483264.00000000006,1920,0.931490343732196,0,0.914069908381811,0,0.9141090829832906,0,0.9141212614258298,0,0,0.0,21026.459249542353,0.0
960,uniform,13005,0.2,2.3,pulse_only,0.9660644810987749,0.9917271885302705,247112,8238,6175,148.20000000000002,247112,0,8238,0,33,1.0,4.547473508864641e-13,1.0000000000000004,0.0,13.0,287668.8,1920,0.9675828251147085,62184,0.9624045688407423,46976,0.9640411781014561,46256,0.9689060887264506,91696,1,0.024,21026.459249542353,0.007048262298523972
960,uniform,13005,0.2,4.0,hybrid_50,0.9625111972095368,0.9959058455595857,227880,7677,5454,130.89600000000002,215008,12872,7170,507,39,1.0,4.547473508864641e-13,1.0000000000000004,0.0,7.999999999999986,483264.00000000006,1920,0.9650666271748081,57736,0.9579010923792486,42944,0.9625585551943834,42592,0.9647925706322577,84608,1,0.024,21026.459249542353,0.006225299202615343
960,uniform,13005,0.2,2.3,pulse_only,0.9597850244326117,0.999999999999995,245136,8239,5925,711.0,245136,0,8239,0,47,1.0,6.821210263296962e-13,1.0000000000000004,0.0,13.0,287668.8,1920,0.9637546785261992,61456,0.9559471384485471,46688,0.9576642379698986,46080,0.9627643606560004,90912,5,0.12,21026.459249542353,0.03381453774797938
960,uniform,13005,0.2,4.0,hybrid_50,0.9595119285776028,0.9997209974931259,225968,7679,5209,625.0799999999999,213400,12568,7164,515,41,1.0,6.821210263296962e-13,1.0000000000000002,0.0,7.999999999999986,483264.00000000006,1920,0.9633791820849714,57008,0.9573695393784053,42432,0.958795829931584,42472,0.9609411725002109,84056,5,0.12,21026.459249542353,0.029728257743329038
960,uniform,13005,0.2,2.3,pulse_only,0.9518267572821184,0.9999999999999957,232640,8244,4348,2087.04,232640,0,8244,0,53,1.0,3.410605131648481e-13,1.0000000000000004,0.0,13.0,287668.8,1920,0.9554792813647237,57856,0.949622845982781,43928,0.9510806859591311,43968,0.9533017485932808,86888,20,0.48,21026.459249542353,0.0992577958671489
960,uniform,13005,0.2,4.0,hybrid_50,0.9515426338747021,0.9999999999999956,216296,7671,4024,1931.52,204080,12216,7163,508,46,1.0,3.410605131648481e-13,1.0000000000000004,0.0,7.999999999999986,483264.00000000006,1920,0.9559914943378094,54064,0.9491148756402881,40800,0.9504493966665842,40944,0.9533031315959682,80488,20,0.48,21026.459249542353,0.09186140077493267
960,uniform,13006,0.2,4.0,fixed,0.9014463410313522,0.5544140548328563,0,0,0,0.0,0,0,0,0,116,1.0,5.684341886080801e-13,1.0000000000000004,0.0,-1.0,483264.00000000006,1920,0.9251859770136888,0,0.9010253158208881,0,0.9014801864179365,0,0.9016399309432921,0,0,0.0,21084.536383387152,0.0
960,uniform,13006,0.2,2.3,pulse_only,0.9558416293810585,0.9612313111328152,243464,8250,5683,136.392,243464,0,8250,0,64,1.0,6.821210263296962e-13,1.0000000000000004,0.0,13.0,287668.8,1920,0.9652315721484314,61760,0.9555642120207618,45856,0.9575634817097588,45168,0.9551194118968568,90680,1,0.024,21084.536383387152,0.006468816649317718
960,uniform,13006,0.2,4.0,hybrid_50,0.9559727456635836,0.9748734798886753,225880,7789,4868,116.83200000000001,210160,15720,7164,625,52,1.0,6.821210263296962e-13,1.0000000000000004,0.0,7.999999999999986,483264.00000000006,1920,0.9656794780744812,58192,0.9541877733890074,42688,0.9550993616734095,41512,0.9573019237959588,83488,1,0.024,21084.536383387152,0.005541122549512344
960,uniform,13006,0.2,2.3,pulse_only,0.9528824689335899,0.9418278800882729,239080,8249,5138,616.56,239080,0,8249,0,69,1.0,3.410605131648481e-13,1.0000000000000002,0.0,13.0,287668.8,1920,0.9613499424722066,60784,0.9499696468319205,44928,0.9537110579634652,44496,0.9539245854694868,88872,5,0.12,21084.536383387152,0.02924228395582829
960,uniform,13006,0.2,4.0,hybrid_50,0.9513015032284944,0.9672746997153031,224120,7831,4522,542.64,207696,16424,7159,672,66,1.0,5.684341886080801e-13,1.0000000000000002,0.0,7.999999999999986,483264.00000000006,1920,0.9630406563812723,57392,0.9483758215426467,42168,0.9503920951059315,41264,0.9532190481326996,83296,5,0.12,21084.536383387152,0.025736397051042338
960,uniform,13006,0.2,2.3,pulse_only,0.9396365130955704,0.862907419922299,230296,8258,4013,1926.24,230296,0,8258,0,75,1.0,4.547473508864641e-13,1.0000000000000004,0.0,13.0,287668.8,1920,0.9439565040714569,57776,0.9352202538399446,43200,0.9398037328123365,42744,0.9417610328650007,86576,20,0.48,21084.536383387152,0.09135794901887033
960,uniform,13006,0.2,4.0,hybrid_50,0.9413268059040141,0.885407236426262,219528,7969,3534,1696.32,200032,19496,7157,812,82,1.0,3.410605131648481e-13,1.0000000000000004,0.0,7.999999999999986,483264.00000000006,1920,0.9451204303030236,55200,0.937151468763706,41880,0.9411692791750238,40696,0.9434932378386631,81752,20,0.48,21084.536383387152,0.08045327481502311
960,uniform,13007,0.2,4.0,fixed,0.8750668113210095,0.16452157736513937,0,0,0,0.0,0,0,0,0,131,1.0,3.410605131648481e-13,1.0000000000000002,0.0,-1.0,483264.00000000006,1920,0.8998031122690984,0,0.8749801827589879,0,0.874990259593269,0,0.8751484014658905,0,0,0.0,21126.089772901727,0.0
960,uniform,13007,0.2,2.3,pulse_only,0.9394748630533832,0.9295822072393256,244920,8248,5871,140.904,244920,0,8248,0,58,1.0,6.821210263296962e-13,1.0000000000000004,0.0,13.0,287668.8,1920,0.9477113746629823,62456,0.9408704438695527,46160,0.9375342718202898,45416,0.9397473682618456,90888,1,0.024,21126.089772901727,0.006669667766949304
960,uniform,13007,0.2,4.0,hybrid_50,0.9405284320809703,0.9655463698824976,230976,7868,5268,126.432,213440,17536,7165,703,65,1.0,6.821210263296962e-13,1.0000000000000004,0.0,7.999999999999986,483264.00000000006,1920,0.9459920750253623,58912,0.9365879939510493,43464,0.9393623905202886,42944,0.9430816719262716,85656,1,0.024,21126.089772901727,0.00598463801674143
960,uniform,13007,0.2,2.3,pulse_only,0.9390530456716576,0.9378721369826342,243504,8246,5700,684.0,243504,0,8246,0,63,1.0,4.547473508864641e-13,1.0000000000000004,0.0,13.0,287668.8,1920,0.9453458863503995,61736,0.9375101373598252,45632,0.935733375602767,45312,0.9414843348620191,90824,5,0.12,21126.089772901727,0.032377027994899533
960,uniform,13007,0.2,4.0,hybrid_50,0.9380109965654103,0.9644348747934437,229256,7876,5029,603.48,211888,17368,7162,714,59,1.0,4.547473508864641e-13,1.0000000000000004,0.0,7.999999999999986,483264.00000000006,1920,0.9403637724997115,58224,0.9339758427705122,43632,0.935877693194638,42584,0.9410952251482455,84816,5,0.12,21126.089772901727,0.028565626980061362
960,uniform,13007,0.2,2.3,pulse_only,0.9225495662315706,0.838395433632134,233248,8257,4385,2104.7999999999997,233248,0,8257,0,76,1.0,4.547473508864641e-13,1.0000000000000004,0.0,13.0,287668.8,1920,0.928671256303165,58456,0.9166919950641423,43776,0.9234526753847524,43520,0.925026797238694,87496,20,0.48,21126.089772901727,0.09963036333869084
960,uniform,13007,0.2,4.0,hybrid_50,0.9220297251883705,0.8679861383572897,223472,7993,3955,1898.3999999999999,203440,20032,7159,834,82,1.0,3.410605131648481e-13,1.0000000000000004,0.0,7.999999999999986,483264.00000000006,1920,0.9267203533539651,55960,0.919123690551361,42072,0.9201146188233159,41880,0.9244402956894023,83560,20,0.48,21126.089772901727,0.08986045313672117
960,uniform,13008,0.2,4.0,fixed,0.8653774196744729,0.14415615769025192,0,0,0,0.0,0,0,0,0,144,1.0,3.410605131648481e-13,1.0000000000000004,0.0,-1.0,483264.00000000006,1920,0.8951773657990012,0,0.8653440278614041,0,0.8654021032117382,0,0.8653817738123747,0,0,0.0,21085.70282381166,0.0
960,uniform,13008,0.2,2.3,pulse_only,0.944979198425723,0.9166566548690954,242168,8246,5533,132.792,242168,0,8246,0,64,1.0,6.821210263296962e-13,1.0000000000000004,0.0,13.0,287668.8,1920,0.9445642644125407,61656,0.9385064656306787,45432,0.9476918746021294,45232,0.9468592267350417,89848,1,0.024,21085.70282381166,0.006297727000593059
960,uniform,13008,0.2,4.0,hybrid_50,0.9441260031715396,0.9292059339597141,230912,7981,4921,118.104,210576,20336,7178,803,57,1.0,4.547473508864641e-13,1.0000000000000004,0.0,7.999999999999986,483264.00000000006,1920,0.946987170429242,58704,0.932646876775734,44160,0.9436523113785839,43216,0.9501024122659204,84832,1,0.024,21085.70282381166,0.005601141256085024
960,uniform,13008,0.2,2.3,pulse_only,0.9423486533823985,0.898930660375316,240464,8249,5311,637.3199999999999,240464,0,8249,0,69,1.0,4.547473508864641e-13,1.0000000000000004,0.0,13.0,287668.8,1920,0.9416181300398494,60984,0.9341203689772403,45088,0.9438170360051183,44720,0.9457286042736178,89672,5,0.12,21085.70282381166,0.030225219682043857
960,uniform,13008,0.2,4.0,hybrid_50,0.9399710969769745,0.9033166130604955,226848,7937,4545,545.4,207936,18912,7172,765,69,1.0,4.547473508864641e-13,1.0000000000000004,0.0,7.999999999999986,483264.00000000006,1920,0.9450485505436294,57648,0.9336661922087243,42584,0.9376058910542521,42536,0.9443061523224607,84080,5,0.12,21085.70282381166,0.025865867718864493
960,uniform,13008,0.2,2.3,pulse_only,0.9296272051348028,0.8746184247212426,231512,8254,4177,2004.96,231512,0,8254,0,77,1.0,3.410605131648481e-13,1.0000000000000004,0.0,13.0,287668.8,1920,0.9298054333632491,58128,0.9212104029799131,43728,0.93191403755054,43272,0.932692190004379,86384,20,0.48,21085.70282381166,0.0950862305493483
960,uniform,13008,0.2,4.0,hybrid_50,0.9284461517675099,0.890706294682328,219472,7960,3554,1705.9199999999998,200576,18896,7174,786,66,1.0,3.410605131648481e-13,1.0000000000000004,0.0,7.999999999999986,483264.00000000006,1920,0.9337446727145943,55368,0.9234302321620959,41736,0.927308781442283,41408,0.9315227967328301,80960,20,0.48,21085.70282381166,0.08090410901900498
960,uniform,13009,0.2,4.0,fixed,0.8781397546601196,0.23578026638366603,0,0,0,0.0,0,0,0,0,125,1.0,4.547473508864641e-13,1.0000000000000004,0.0,-1.0,483264.00000000006,1920,0.8993633781499824,0,0.8775415497647546,0,0.8781646253655128,0,0.8784264217551054,0,0,0.0,21202.80151941738,0.0
960,uniform,13009,0.2,2.3,pulse_only,0.9407857051445452,0.954510751308312,243344,8227,5737,137.68800000000002,243344,0,8227,0,56,1.0,4.547473508864641e-13,1.0000000000000004,0.0,13.0,287668.8,1920,0.9512243834598499,61584,0.9388288538232862,46520,0.9420238797733808,45528,0.9411450434907566,89712,1,0.024,21202.80151941738,0.006493858836244177
960,uniform,13009,0.2,4.0,hybrid_50,0.9428596827101294,0.9897229246775536,227208,7759,5124,122.976,211992,15216,7145,614,50,1.0,4.547473508864641e-13,1.0000000000000004,0.0,7.999999999999986,483264.00000000006,1920,0.9494286628512363,57696,0.9381001283951098,42992,0.9430652427964117,42656,0.9451366798244981,83864,1,0.024,21202.80151941738,0.005799988265106355
960,uniform,13009,0.2,2.3,pulse_only,0.9352806620342873,0.9726583220598025,237992,8230,5059,607.0799999999999,237992,0,8230,0,60,1.0,4.547473508864641e-13,1.0000000000000004,0.0,13.0,287668.8,1920,0.9478997078968295,60648,0.9331695907704186,45248,0.9329271792101181,44520,0.9375129390783062,87576,5,0.12,21202.80151941738,0.028632065410980727
960,uniform,13009,0.2,4.0,hybrid_50,0.9380708522130192,0.9734397451221463,223192,7822,4433,531.96,206616,16576,7143,679,63,1.0,4.547473508864641e-13,1.0000000000000004,0.0,7.999999999999986,483264.00000000006,1920,0.9475429321246964,57176,0.9352371360116813,42568,0.9386292513384645,41888,0.9392085107509658,81560,5,0.12,21202.80151941738,0.025089137372381415
960,uniform,13009,0.2,2.3,pulse_only,0.9265998822196111,0.9494585206968291,228288,8233,3837,1841.76,228288,0,8233,0,69,1.0,3.410605131648481e-13,1.0000000000000004,0.0,13.0,287668.8,1920,0.9354007214439299,57272,0.9238091312170535,43184,0.9272868912658226,42992,0.9276517531977843,84840,20,0.48,21202.80151941738,0.08686399286968417
960,uniform,13009,0.2,4.0,hybrid_50,0.926540687277926,0.9242426576402855,216816,7884,3450,1656.0,199048,17768,7144,740,70,1.0,3.410605131648481e-13,1.0000000000000004,0.0,7.999999999999986,483264.00000000006,1920,0.9348774861210574,54064,0.9208261010199293,41576,0.9253313426154426,40992,0.9300026527381664,80184,20,0.48,21202.80151941738,0.07810288647391463
960,uniform,13010,0.2,4.0,fixed,0.8844496080946345,0.2055396385374196,0,0,0,0.0,0,0,0,0,115,1.0,6.821210263296962e-13,1.0000000000000004,0.0,-1.0,483264.00000000006,1920,0.9033916685962777,0,0.883677896617858,0,0.8844802303160241,0,0.8848201527223282,0,0,0.0,21054.77077418382,0.0
960,uniform,13010,0.2,2.3,pulse_only,0.9444065229072074,0.9404609109025646,244752,8248,5850,140.4,244752,0,8248,0,57,1.0,4.547473508864641e-13,1.0000000000000004,0.0,13.0,287668.8,1920,0.9460346744431858,61600,0.9411704157006541,46584,0.9414092632661197,45688,0.947523206331028,90880,1,0.024,21054.77077418382,0.006668322419931098
960,uniform,13010,0.2,4.0,hybrid_50,0.9464631403893118,0.947784142539141,231224,7890,5233,125.592,212728,18496,7158,732,59,1.0,6.821210263296962e-13,1.0000000000000004,0.0,7.999999999999986,483264.00000000006,1920,0.9443173399745148,58912,0.9407617456592083,44576,0.9467531552237163,42968,0.9491688303371612,84768,1,0.024,21054.77077418382,0.005965013884358878
960,uniform,13010,0.2,2.3,pulse_only,0.9415988195727688,0.9634909985811305,242376,8246,5559,667.0799999999999,242376,0,8246,0,56,1.0,5.684341886080801e-13,1.0000000000000004,0.0,13.0,287668.8,1920,0.9424881894505895,60976,0.9389290656312174,46072,0.9410010604841649,45264,0.9432325760878465,90064,5,0.12,21054.77077418382,0.03168308062598031
960,uniform,13010,0.2,4.0,hybrid_50,0.9405526865118172,0.9426283469775032,228576,7898,4878,585.36,210408,18168,7156,742,65,1.0,6.821210263296962e-13,1.0000000000000004,0.0,7.999999999999986,483264.00000000006,1920,0.9420238518971028,57928,0.9357658369188031,44120,0.9410430707638447,42504,0.9427009191823107,84024,5,0.12,21054.77077418382,0.027801775012328115
960,uniform,13010,0.2,2.3,pulse_only,0.9273833536234543,0.9026114482305198,236872,8250,4859,2332.3199999999997,236872,0,8250,0,66,1.0,5.684341886080801e-13,1.0000000000000004,0.0,13.0,287668.8,1920,0.9325460982852799,58352,0.9213817495898442,45144,0.926005264747301,44568,0.9310732000783358,88808,20,0.48,21054.77077418382,0.11077394406306051
960,uniform,13010,0.2,4.0,hybrid_50,0.9253512087289686,0.8910657212268186,225440,7959,4303,2065.44,206088,19352,7153,806,74,1.0,4.547473508864641e-13,1.0000000000000004,0.0,7.999999999999986,483264.00000000006,1920,0.9252111336356059,56440,0.9188898294411821,43616,0.925270443173294,41880,0.9286222811506993,83504,20,0.48,21054.77077418382,0.0980984320443197
960,uniform,13011,0.2,4.0,fixed,0.9051001885636768,0.6792065337381605,0,0,0,0.0,0,0,0,0,106,1.0,5.684341886080801e-13,1.0000000000000004,0.0,-1.0,483264.00000000006,1920,0.927278090894519,0,0.9042959907235539,0,0.9051556570463374,0,0.9054745532424079,0,0,0.0,21155.09881453881,0.0
960,uniform,13011,0.2,2.3,pulse_only,0.9616665828073543,0.9815309812829748,247720,8255,6200,148.8,247720,0,8255,0,48,1.0,6.821210263296962e-13,1.0000000000000004,0.0,13.0,287668.8,1920,0.9640651493585325,62232,0.956576310998376,46648,0.9623877709423315,46208,0.9638511246443549,92632,1,0.024,21155.09881453881,0.00703376530190147
960,uniform,13011,0.2,4.0,hybrid_50,0.9626373879691135,0.996812286383076,227272,7673,5390,129.36,214872,12400,7175,498,38,1.0,6.821210263296962e-13,1.0000000000000004,0.0,7.999999999999986,483264.00000000006,1920,0.9641166272347187,58376,0.9597403271587822,42616,0.9596363317958698,42056,0.9655864464609012,84224,1,0.024,21155.09881453881,0.006114837899556278
960,uniform,13011,0.2,2.3,pulse_only,0.9599864572524291,0.9965801078673329,245672,8253,5950,714.0,245672,0,8253,0,48,1.0,4.547473508864641e-13,1.0000000000000004,0.0,13.0,287668.8,1920,0.9633778148292796,61528,0.959012757365658,46096,0.9614100297094934,45968,0.9597615209672822,92080,5,0.12,21155.09881453881,0.033750728666382054
960,uniform,13011,0.2,4.0,hybrid_50,0.9595886142067477,0.9939456980304584,226032,7695,5169,620.28,213224,12808,7173,522,44,1.0,6.821210263296962e-13,1.0000000000000004,0.0,7.999999999999986,483264.00000000006,1920,0.9607717627932308,57648,0.9566062473746442,42232,0.9591767787527028,41904,0.9612857153498215,84248,5,0.12,21155.09881453881,0.029320591004458624
960,uniform,13011,0.2,2.3,pulse_only,0.9493663777178631,0.9999999999999948,235648,8259,4679,2245.92,235648,0,8259,0,53,1.0,3.410605131648481e-13,1.0000000000000004,0.0,13.0,287668.8,1920,0.9517757967571056,58560,0.9461528144479209,44200,0.9486683073155892,44048,0.9513221945539713,88840,20,0.48,21155.09881453881,0.10616447692773219
960,uniform,13011,0.2,4.0,hybrid_50,0.951423546846461,0.9999999999999948,219648,7751,4203,2017.4399999999998,205680,13968,7170,581,53,1.0,3.410605131648481e-13,1.0000000000000004,0.0,7.999999999999986,483264.00000000006,1920,0.9544220510651135,55008,0.9486413710349302,41040,0.9507302717654255,40840,0.9531612722927437,82760,20,0.48,21155.09881453881,0.09536424375448992
960,uniform,13012,0.2,4.0,fixed,0.9076986984828715,0.6399259636905859,0,0,0,0.0,0,0,0,0,108,1.0,3.410605131648481e-13,1.0000000000000004,0.0,-1.0,483264.00000000006,1920,0.9317919763172684,0,0.9075225741324072,0,0.9075714751665298,0,0.9078503723162746,0,0,0.0,21123.47789213649,0.0
960,uniform,13012,0.2,2.3,pulse_only,0.9629004383513475,0.9782441030989507,243392,8258,5650,135.6,243392,0,8258,0,58,1.0,3.410605131648481e-13,1.0000000000000004,0.0,13.0,287668.8,1920,0.9653418157790843,61912,0.9561773501420023,46176,0.9672228863349311,45056,0.9641007584642286,90248,1,0.024,21123.47789213649,0.006419397444512629
960,uniform,13012,0.2,4.0,hybrid_50,0.9627582161679811,0.9668639016043417,225032,7734,4927,118.248,210800,14232,7166,568,47,1.0,3.410605131648481e-13,1.0000000000000004,0.0,7.999999999999986,483264.00000000006,1920,0.9681779064064421,58152,0.9570520744290844,42720,0.9614745558708881,41816,0.9662531171859757,82344,1,0.024,21123.47789213649,0.005597941806922783
960,uniform,13012,0.2,2.3,pulse_only,0.9564786985337811,0.97102629134358,239000,8262,5089,610.68,239000,0,8262,0,59,1.0,3.410605131648481e-13,1.0000000000000002,0.0,13.0,287668.8,1920,0.9631120167226586,60992,0.9491057213794774,44872,0.9566944781677788,44128,0.9600572972939341,89008,5,0.12,21123.47789213649,0.028910012031083867
960,uniform,13012,0.2,4.0,hybrid_50,0.9541902451466613,0.9600192907686261,223056,7804,4470,536.4,207520,15536,7168,636,54,1.0,4.547473508864641e-13,1.0000000000000004,0.0,7.999999999999986,483264.00000000006,1920,0.9644870645597539,57408,0.9501810450860649,41776,0.9507678454477523,41808,0.9579060450264142,82064,5,0.12,21123.47789213649,0.025393545643337567
960,uniform,13012,0.2,2.3,pulse_only,0.93912601810031,0.9579064982318188,227952,8268,3690,1771.2,227952,0,8268,0,65,1.0,3.410605131648481e-13,1.0000000000000004,0.0,13.0,287668.8,1920,0.9465950992649284,56832,0.9363213404049423,43032,0.9388244694561237,42280,0.940679131270087,85808,20,0.48,21123.47789213649,0.08384982856726231
960,uniform,13012,0.2,4.0,hybrid_50,0.9430727870281453,0.9412336076741475,215072,7872,3268,1568.6399999999999,198016,17056,7162,710,69,1.0,3.410605131648481e-13,1.0000000000000004,0.0,7.999999999999986,483264.00000000006,1920,0.95346634523649,54352,0.9408817428862054,40304,0.9404470563949809,40232,0.9454811744156975,80184,20,0.48,21123.47789213649,0.07426049857935317
960,uniform,13013,0.2,4.0,fixed,0.8654335859383728,0.09294635863460084,0,0,0,0.0,0,0,0,0,156,1.0,3.410605131648481e-13,1.0000000000000002,0.0,-1.0,483264.00000000006,1920,0.8970066429602244,0,0.8648358533188137,0,0.8654596865621895,0,0.8657194019362444,0,0,0.0,21185.868208834865,0.0
960,uniform,13013,0.2,2.3,pulse_only,0.9356380866257205,0.8826204399567595,240288,8246,5298,127.152,240288,0,8246,0,81,1.0,6.821210263296962e-13,1.0000000000000004,0.0,13.0,287668.8,1920,0.9450229997094819,61568,0.9299347225860276,44888,0.9356371419631974,44768,0.9384902409768285,89064,1,0.024,21185.868208834865,0.006001736570181036
960,uniform,13013,0.2,4.0,hybrid_50,0.938366118147391,0.9014097482278197,232560,8122,4704,112.896,208928,23632,7168,954,83,1.0,6.821210263296962e-13,1.0000000000000004,0.0,7.999999999999986,483264.00000000006,1920,0.9483158653622209,59080,0.9335711064622052,44208,0.9350189597594326,43304,0.9424372031839634,85968,1,0.024,21185.868208834865,0.005328835188020308
960,uniform,13013,0.2,2.3,pulse_only,0.9318415889331391,0.9220574784258964,237296,8253,4903,588.36,237296,0,8253,0,65,1.0,4.547473508864641e-13,1.0000000000000004,0.0,13.0,287668.8,1920,0.9467553541372611,60872,0.9268864781570775,43896,0.9275354787641623,44024,0.9364721994056583,88504,5,0.12,21185.868208834865,0.027771342396751244
960,uniform,13013,0.2,4.0,hybrid_50,0.9339134610328186,0.9059309226689019,230128,8067,4565,547.8,208160,21968,7165,902,79,1.0,4.547473508864641e-13,1.0000000000000004,0.0,7.999999999999986,483264.00000000006,1920,0.9437773416268336,58344,0.9249379703918834,43952,0.9328359079806887,42960,0.9389399828793515,84872,5,0.12,21185.868208834865,0.025856858666361292
960,uniform,13013,0.2,2.3,pulse_only,0.9203490826474174,0.8393187565889043,230024,8250,4003,1921.4399999999998,230024,0,8250,0,102,1.0,3.410605131648481e-13,1.0000000000000004,0.0,13.0,287668.8,1920,0.9266454626342787,58184,0.9158966957831695,42712,0.9208437271336793,42968,0.9223279538364105,86160,20,0.48,21185.868208834865,0.09069441861243746
960,uniform,13013,0.2,4.0,hybrid_50,0.9214976948749117,0.8360701987496921,224904,8214,3471,1666.08,199640,25264,7163,1051,106,1.0,3.410605131648481e-13,1.0000000000000004,0.0,7.999999999999986,483264.00000000006,1920,0.9319103610224033,56016,0.9165361727616064,42840,0.9224042408304032,42176,0.9235251829538187,83872,20,0.48,21185.868208834865,0.07864110092524867
960,uniform,13014,0.2,4.0,fixed,0.8778827625464889,0.17211977406740697,0,0,0,0.0,0,0,0,0,121,1.0,3.410605131648481e-13,1.0000000000000004,0.0,-1.0,483264.00000000006,1920,0.899838462735546,0,0.8778266110458522,0,0.8779257551841261,0,0.8778893419779885,0,0,0.0,21177.33440246695,0.0
960,uniform,13014,0.2,2.3,pulse_only,0.9459111772221138,0.9229163093426026,244120,8260,5735,137.64000000000001,244120,0,8260,0,79,1.0,3.410605131648481e-13,1.0000000000000004,0.0,13.0,287668.8,1920,0.9506912615037486,62920,0.9438495901826541,45752,0.9446696416426154,45320,0.9475627385315929,90128,1,0.024,21177.33440246695,0.0064994015480988165
960,uniform,13014,0.2,4.0,hybrid_50,0.946942465012895,0.9489374668257032,231248,7950,5056,121.34400000000001,211672,19576,7172,778,62,1.0,3.410605131648481e-13,1.0000000000000004,0.0,7.999999999999986,483264.00000000006,1920,0.948351873936966,59424,0.94246751759601,43704,0.9472007374050653,42648,0.9490508025252524,85472,1,0.024,21177.33440246695,0.00572989960369444
960,uniform,13014,0.2,2.3,pulse_only,0.9378495642479471,0.9081276779492486,240016,8261,5219,626.28,240016,0,8261,0,68,1.0,3.410605131648481e-13,1.0000000000000004,0.0,13.0,287668.8,1920,0.9474079893584962,61920,0.9366828998766605,44480,0.937323790452432,44648,0.938695783331348,88968,5,0.12,21177.33440246695,0.029573127009178482
960,uniform,13014,0.2,4.0,hybrid_50,0.9415434448252864,0.9215251684163221,226456,7923,4538,544.56,208096,18360,7172,751,63,1.0,3.410605131648481e-13,1.0000000000000004,0.0,7.999999999999986,483264.00000000006,1920,0.9436804153332997,58216,0.9328458376160628,42896,0.9411600578740993,42456,0.9460839419054917,82888,5,0.12,21177.33440246695,0.025714284416104988
960,uniform,13014,0.2,2.3,pulse_only,0.9230668169648347,0.8770074131075036,228744,8265,3798,1823.04,228744,0,8265,0,73,1.0,3.410605131648481e-13,1.0000000000000004,0.0,13.0,287668.8,1920,0.9278733767473182,58168,0.9167898308263892,42544,0.9234679026153286,42456,0.9260047672088108,85576,20,0.48,21177.33440246695,0.08608448850803592
960,uniform,13014,0.2,4.0,hybrid_50,0.9215558030569928,0.8564202956294868,218336,7961,3409,1636.32,199184,19152,7163,798,74,1.0,3.410605131648481e-13,1.0000000000000004,0.0,7.999999999999986,483264.00000000006,1920,0.9267072273033635,55088,0.9150756166453698,41256,0.9198594394489304,40784,0.9256440780668355,81208,20,0.48,21177.33440246695,0.07726751482988269
960,uniform,13015,0.2,4.0,fixed,0.9318713416797353,0.9170178518985335,0,0,0,0.0,0,0,0,0,75,1.0,3.410605131648481e-13,1.0000000000000002,0.0,-1.0,483264.00000000006,1920,0.9482916223305963,0,0.9315470797069816,0,0.9318638361729866,0,0.9320372254194864,0,0,0.0,21137.281898262787,0.0
960,uniform,13015,0.2,2.3,pulse_only,0.9837863239650861,0.9999999999999959,251400,8254,6663,159.912,251400,0,8254,0,15,1.0,6.821210263296962e-13,1.0000000000000004,0.0,13.0,287668.8,1920,0.9841842887757495,63024,0.9835076272898082,47712,0.9819701622223859,46976,0.9848337531740754,93688,1,0.024,21137.281898262787,0.00756540035609511
960,uniform,13015,0.2,4.0,hybrid_50,0.984062308108468,0.9999999999999954,225632,7440,5884,141.216,219160,6472,7191,249,16,1.0,6.821210263296962e-13,1.0000000000000002,0.0,7.999999999999986,483264.00000000006,1920,0.984833867143981,57216,0.982446400310585,42384,0.9841230420081741,42168,0.9848398950575562,83864,1,0.024,21137.281898262787,0.0066808968475557
960,uniform,13015,0.2,2.3,pulse_only,0.9794557617625811,0.999999999999996,247752,8254,6207,744.8399999999999,247752,0,8254,0,18,1.0,6.821210263296962e-13,1.0000000000000002,0.0,13.0,287668.8,1920,0.9806049562082314,62544,0.9742517633426024,46672,0.9788694454917847,46280,0.9823509191079686,92256,5,0.12,21137.281898262787,0.03523821102377483
960,uniform,13015,0.2,4.0,hybrid_50,0.9818720922345717,0.9999999999999959,223024,7454,5516,661.92,216344,6680,7189,265,19,1.0,5.684341886080801e-13,1.0000000000000004,0.0,7.999999999999986,483264.00000000006,1920,0.9836017816585851,56720,0.9771458292593102,42096,0.9812149712414837,41352,0.9845637842187461,82856,5,0.12,21137.281898262787,0.031315284679739326
960,uniform,13015,0.2,2.3,pulse_only,0.9689911695304324,0.9999999999999963,231936,8263,4203,2017.4399999999998,231936,0,8263,0,34,1.0,3.410605131648481e-13,1.0000000000000004,0.0,13.0,287668.8,1920,0.9732325182039034,58144,0.9648684880936135,43464,0.9682214151572034,43544,0.9714373874354563,86784,20,0.48,21137.281898262787,0.09544462763520259
960,uniform,13015,0.2,4.0,hybrid_50,0.971515741358455,0.9999999999999961,212144,7576,3790,1819.2,202704,9440,7184,392,35,1.0,3.410605131648481e-13,1.0000000000000004,0.0,7.999999999999986,483264.00000000006,1920,0.9746860018670802,53352,0.967210951951427,39944,0.97136851864505,39376,0.9737417474186713,79472,20,0.48,21137.281898262787,0.08606593831487458
960,uniform,13016,0.2,4.0,fixed,0.8974520701497503,0.46346940779741186,0,0,0,0.0,0,0,0,0,107,1.0,4.547473508864641e-13,1.0000000000000004,0.0,-1.0,483264.00000000006,1920,0.9169730072193836,0,0.8964096184982262,0,0.8975538552651023,0,0.8979224034178364,0,0,0.0,21092.264582010663,0.0
960,uniform,13016,0.2,2.3,pulse_only,0.9553317301064339,0.9762256759646836,247512,8242,6213,149.112,247512,0,8242,0,44,1.0,4.547473508864641e-13,1.0000000000000004,0.0,13.0,287668.8,1920,0.9517223092788517,62664,0.9466642331362776,46104,0.9559494593434186,46928,0.9593566139730199,91816,1,0.024,21092.264582010663,0.007069511167007445
960,uniform,13016,0.2,4.0,hybrid_50,0.9532510428462496,0.980785074672702,229560,7740,5475,131.4,214968,14592,7161,579,46,1.0,6.821210263296962e-13,1.0000000000000004,0.0,7.999999999999986,483264.00000000006,1920,0.9548866467076501,58368,0.949956385142244,43208,0.9532822369723047,42792,0.9548827746352248,85192,1,0.024,21092.264582010663,0.0062297720327322975
960,uniform,13016,0.2,2.3,pulse_only,0.9524754983006046,0.9912553588976555,246152,8248,6025,723.0,246152,0,8248,0,46,1.0,6.821210263296962e-13,1.0000000000000004,0.0,13.0,287668.8,1920,0.9482867547068836,62416,0.946238045138074,45608,0.9519666103303555,46808,0.9558486688669949,91320,5,0.12,21092.264582010663,0.034277969403846656
960,uniform,13016,0.2,4.0,hybrid_50,0.9532956085811365,0.9958666625404209,226640,7694,5248,629.76,213632,13008,7161,533,49,1.0,4.547473508864641e-13,1.0000000000000004,0.0,7.999999999999986,483264.00000000006,1920,0.9509321596362594,57648,0.9508788389533,43016,0.9493269902825813,42480,0.9564883025443321,83496,5,0.12,21092.264582010663,0.02985739144089415
960,uniform,13016,0.2,2.3,pulse_only,0.936365389326479,0.998872387348762,235488,8258,4662,2237.7599999999998,235488,0,8258,0,61,1.0,3.410605131648481e-13,1.0000000000000004,0.0,13.0,287668.8,1920,0.9364107886109949,59296,0.9309376190834847,43784,0.9359428114403201,44568,0.9392905633910553,87840,20,0.48,21092.264582010663,0.10609387111086015
960,uniform,13016,0.2,4.0,hybrid_50,0.9331724276938187,0.9957356332810657,221160,7824,4173,2003.04,205120,16040,7156,668,62,1.0,3.410605131648481e-13,1.0000000000000004,0.0,7.999999999999986,483264.00000000006,1920,0.9402501353392465,55312,0.9297209542160387,41656,0.9321207142094194,41464,0.9354240211749086,82728,20,0.48,21092.264582010663,0.09496562079485617
960,uniform,13017,0.2,4.0,fixed,0.8907374497329265,0.3150464355168193,0,0,0,0.0,0,0,0,0,118,1.0,3.410605131648481e-13,1.0000000000000004,0.0,-1.0,483264.00000000006,1920,0.9133503335311501,0,0.8900094828196465,0,0.8908046650207165,0,0.8910678255456714,0,0,0.0,21198.268406522657,0.0
960,uniform,13017,0.2,2.3,pulse_only,0.9533480851970998,0.9528087059512708,244168,8238,5807,139.368,244168,0,8238,0,51,1.0,3.410605131648481e-13,1.0000000000000004,0.0,13.0,287668.8,1920,0.9586447511336066,62232,0.9516996025803686,45784,0.954345418269758,45520,0.9536736599691361,90632,1,0.024,21198.268406522657,0.006574499262266006
960,uniform,13017,0.2,4.0,hybrid_50,0.9577336175419863,0.970383491316335,228712,7815,5144,123.456,212120,16592,7162,653,58,1.0,3.410605131648481e-13,1.0000000000000004,0.0,7.999999999999986,483264.00000000006,1920,0.9625603256647072,58720,0.9550117163372327,42960,0.9609443781689903,42400,0.957489187830861,84632,1,0.024,21198.268406522657,0.005823871914085817
960,uniform,13017,0.2,2.3,pulse_only,0.9492519821929077,0.9750656747455685,240064,8242,5282,633.84,240064,0,8242,0,53,1.0,3.410605131648481e-13,1.0000000000000004,0.0,13.0,287668.8,1920,0.9534918763750888,61464,0.9441307372429967,44664,0.948915046558973,44632,0.9519810724848304,89304,5,0.12,21198.268406522657,0.02990055545315055
960,uniform,13017,0.2,4.0,hybrid_50,0.9476951752192976,0.9822439030919348,224688,7807,4665,559.8,208776,15912,7158,649,57,1.0,3.410605131648481e-13,1.0000000000000004,0.0,7.999999999999986,483264.00000000006,1920,0.9581645576245907,57456,0.9469475493537706,42040,0.9466725267175826,41840,0.9485803124029186,83352,5,0.12,21198.268406522657,0.02640781733982342
960,uniform,13017,0.2,2.3,pulse_only,0.9345392903194598,0.9538195957303962,227720,8251,3712,1781.76,227720,0,8251,0,65,1.0,3.410605131648481e-13,1.0000000000000004,0.0,13.0,287668.8,1920,0.9375688828275105,57672,0.9307624217359526,42352,0.9351770409657086,42320,0.936108849288089,85376,20,0.48,21198.268406522657,0.08405214830904569
960,uniform,13017,0.2,4.0,hybrid_50,0.9345285656356007,0.9594534099223428,216416,7887,3391,1627.6799999999998,198736,17680,7151,736,73,1.0,3.410605131648481e-13,1.0000000000000004,0.0,7.999999999999986,483264.00000000006,1920,0.9412450130753521,54544,0.9337184423825289,40512,0.9357373549274222,40704,0.934329232616226,80656,20,0.48,21198.268406522657,0.07678363009589814
960,uniform,13018,0.2,4.0,fixed,0.8870872733390809,0.326481849405993,0,0,0,0.0,0,0,0,0,125,1.0,3.410605131648481e-13,1.0000000000000004,0.0,-1.0,483264.00000000006,1920,0.9123754099550702,0,0.8870927742890578,0,0.8869978660329852,0,0.8871292265171401,0,0,0.0,21082.11576391477,0.0
960,uniform,13018,0.2,2.3,pulse_only,0.9750890939922149,0.9858229677638971,247328,8238,6202,148.848,247328,0,8238,0,35,1.0,6.821210263296962e-13,1.0000000000000004,0.0,13.0,287668.8,1920,0.9720370510184261,62352,0.9686196095637822,46904,0.9763372449080261,46216,0.9776997607485254,91856,1,0.024,21082.11576391477,0.007060391929674149
960,uniform,13018,0.2,4.0,hybrid_50,0.9755574410208526,0.9940970140625379,227312,7619,5557,133.368,215664,11648,7170,449,31,1.0,6.821210263296962e-13,1.0000000000000004,0.0,7.999999999999986,483264.00000000006,1920,0.9732177531966443,57680,0.9684406233490767,42848,0.9780378401781546,42152,0.9778756502780894,84632,1,0.024,21082.11576391477,0.006326120276233351
960,uniform,13018,0.2,2.3,pulse_only,0.9702572401471155,0.9864628792881279,244520,8240,5845,701.4,244520,0,8240,0,37,1.0,6.821210263296962e-13,1.0000000000000004,0.0,13.0,287668.8,1920,0.9664073253818252,61456,0.9664542394009551,46584,0.9676068870467691,45296,0.973483917070369,91184,5,0.12,21082.11576391477,0.033269905537685746
960,uniform,13018,0.2,4.0,hybrid_50,0.9718323106134547,0.9974225678067098,223552,7616,5096,611.52,212408,11144,7166,450,34,1.0,4.547473508864641e-13,1.0000000000000004,0.0,7.999999999999986,483264.00000000006,1920,0.9713975775871269,56672,0.9654882778048482,42552,0.9728858447788454,41368,0.9744775599350626,82960,5,0.12,21082.11576391477,0.02900657632507212
960,uniform,13018,0.2,2.3,pulse_only,0.9555462669680105,0.9999999999999952,234352,8247,4553,2185.44,234352,0,8247,0,52,1.0,3.410605131648481e-13,1.0000000000000004,0.0,13.0,287668.8,1920,0.9540317975074555,58200,0.9523445986089414,44208,0.9558128924849316,43496,0.9570137883890842,88448,20,0.48,21082.11576391477,0.10366321978654111
960,uniform,13018,0.2,4.0,hybrid_50,0.9581079088884726,0.9999999999999951,217880,7698,4141,1987.6799999999998,205000,12880,7163,535,45,1.0,3.410605131648481e-13,1.0000000000000004,0.0,7.999999999999986,483264.00000000006,1920,0.9597322331686019,54616,0.9551334762869325,41416,0.9577225257355529,40704,0.9597878167657026,81144,20,0.48,21082.11576391477,0.09428275711312689
960,uniform,13019,0.2,4.0,fixed,0.8986742150925748,0.5282415166021949,0,0,0,0.0,0,0,0,0,117,1.0,3.410605131648481e-13,1.0000000000000004,0.0,-1.0,483264.00000000006,1920,0.9209803029672256,0,0.8981864454988064,0,0.8987124583930736,0,0.8988989782392095,0,0,0.0,21142.519673923343,0.0
960,uniform,13019,0.2,2.3,pulse_only,0.9770009675724662,0.993772709765376,247304,8257,6142,147.40800000000002,247304,0,8257,0,21,1.0,6.821210263296962e-13,1.0000000000000004,0.0,13.0,287668.8,1920,0.979355142715946,62632,0.9737413854751078,45912,0.9762880639477157,45768,0.9789872104335212,92992,1,0.024,21142.519673923343,0.006972111284437368
960,uniform,13019,0.2,4.0,hybrid_50,0.9789603780730949,0.9893931497570532,224088,7532,5415,129.96,214768,9320,7178,354,27,1.0,4.547473508864641e-13,1.0000000000000004,0.0,7.999999999999986,483264.00000000006,1920,0.9859621888949057,57416,0.9749440497197676,42088,0.9789453897334094,41504,0.9809760364196012,83080,1,0.024,21142.519673923343,0.006146854868972379
960,uniform,13019,0.2,2.3,pulse_only,0.9764799425635815,0.9911423630311146,243416,8260,5647,677.64,243416,0,8260,0,34,1.0,3.410605131648481e-13,1.0000000000000004,0.0,13.0,287668.8,1920,0.9764155672615583,61864,0.9746579436761396,45520,0.9755840898886193,44984,0.9778388683447835,91048,5,0.12,21142.519673923343,0.03205105211919392
960,uniform,13019,0.2,4.0,hybrid_50,0.9756191894174115,0.9915479535835124,221816,7595,4942,593.04,211264,10552,7179,416,25,1.0,3.410605131648481e-13,1.0000000000000004,0.0,7.999999999999986,483264.00000000006,1920,0.9805287181929182,57216,0.9709311437440886,41416,0.9760761368434028,40912,0.9777347385410774,82272,5,0.12,21142.519673923343,0.02804963689977977
960,uniform,13019,0.2,2.3,pulse_only,0.9593607174485114,0.9993185040055839,229664,8268,3904,1873.9199999999998,229664,0,8268,0,45,1.0,3.410605131648481e-13,1.0000000000000004,0.0,13.0,287668.8,1920,0.9605497076277504,58008,0.9530621740429983,42472,0.9591210321001967,42576,0.9626298318254252,86608,20,0.48,21142.519673923343,0.08863276605159062
960,uniform,13019,0.2,4.0,hybrid_50,0.9619326715414465,0.9998989204872377,212096,7688,3448,1655.04,199744,12352,7174,514,48,1.0,3.410605131648481e-13,1.0000000000000004,0.0,7.999999999999986,483264.00000000006,1920,0.9627218348875293,54472,0.9563508359011292,39944,0.9630240510984314,39096,0.9641778995831127,78584,20,0.48,21142.519673923343,0.07828016837753189
960,uniform,13020,0.2,4.0,fixed,0.9071206546295216,0.6930436677769836,0,0,0,0.0,0,0,0,0,114,1.0,3.410605131648481e-13,1.0000000000000002,0.0,-1.0,483264.00000000006,1920,0.9304801526523232,0,0.9072488081597636,0,0.9071939608619214,0,0.9070199247482009,0,0,0.0,21094.95071463735,0.0
960,uniform,13020,0.2,2.3,pulse_only,0.9504324350456231,0.9431485483627403,244776,8254,5835,140.04,244776,0,8254,0,61,1.0,4.547473508864641e-13,1.0000000000000004,0.0,13.0,287668.8,1920,0.9636512084019708,62376,0.9461298796914047,45768,0.9481525607091617,45144,0.9537236498909628,91488,1,0.024,21094.95071463735,0.006638555448381736
960,uniform,13020,0.2,4.0,hybrid_50,0.9527106993549419,0.9868719141891148,228024,7777,5172,124.128,213120,14904,7177,600,56,1.0,4.547473508864641e-13,1.0000000000000004,0.0,7.999999999999986,483264.00000000006,1920,0.9624097270996138,57880,0.9492740599908118,42936,0.949276244995963,42704,0.9561462462164964,84504,1,0.024,21094.95071463735,0.005884251718771267
960,uniform,13020,0.2,2.3,pulse_only,0.9495157356804143,0.9588323147923817,241648,8252,5450,654.0,241648,0,8252,0,64,1.0,4.547473508864641e-13,1.0000000000000004,0.0,13.0,287668.8,1920,0.9589025330704234,61640,0.9455453720111159,45248,0.9517443038576997,44280,0.9503866334264204,90480,5,0.12,21094.95071463735,0.031002679686101514
960,uniform,13020,0.2,4.0,hybrid_50,0.9501990078262225,0.9827138040635228,225064,7808,4709,565.0799999999999,209584,15480,7171,637,58,1.0,4.547473508864641e-13,1.0000000000000004,0.0,7.999999999999986,483264.00000000006,1920,0.960675393396571,57464,0.9469511683647841,42296,0.9485384445249485,41944,0.9526532092075786,83360,5,0.12,21094.95071463735,0.02678745296180771
960,uniform,13020,0.2,2.3,pulse_only,0.9411956381142706,0.9342930977868444,233448,8255,4416,2119.68,233448,0,8255,0,66,1.0,2.2737367544323206e-13,1.0000000000000004,0.0,13.0,287668.8,1920,0.9513013977457749,58456,0.9372959113355229,43496,0.9408501305679577,43408,0.9433182552768009,88088,20,0.48,21094.95071463735,0.10048281357344901
960,uniform,13020,0.2,4.0,hybrid_50,0.940132475898236,0.9774212462856002,219864,7854,3921,1882.08,203496,16368,7172,682,63,1.0,3.410605131648481e-13,1.0000000000000004,0.0,7.999999999999986,483264.00000000006,1920,0.9489668056076469,55096,0.9363694667000361,41376,0.9400011207323141,41240,0.942079658080297,82152,20,0.48,21094.95071463735,0.08921945471501214
960,uniform,13021,0.2,4.0,fixed,0.889322726746691,0.32178648283627176,0,0,0,0.0,0,0,0,0,111,1.0,6.821210263296962e-13,1.0000000000000002,0.0,-1.0,483264.00000000006,1920,0.9096333741054563,0,0.8887544831579475,0,0.889388191298987,0,0.8895741162649151,0,0,0.0,21126.6387716723,0.0
960,uniform,13021,0.2,2.3,pulse_only,0.9350080052941984,0.9138320468593644,242944,8240,5648,135.552,242944,0,8240,0,76,1.0,6.821210263296962e-13,1.0000000000000004,0.0,13.0,287668.8,1920,0.9396803953767946,61456,0.9319997746827487,46248,0.9336552000692273,45240,0.9371885232124085,90000,1,0.024,21126.6387716723,0.006416164987956115
960,uniform,13021,0.2,4.0,hybrid_50,0.9391044251520554,0.9258454806060922,230856,7938,5043,121.032,211344,19512,7157,781,68,1.0,6.821210263296962e-13,1.0000000000000004,0.0,7.999999999999986,483264.00000000006,1920,0.9445242639486215,58312,0.9372219231581412,44152,0.9395972599810534,43344,0.9397992587345135,85048,1,0.024,21126.6387716723,0.005728881025896368
960,uniform,13021,0.2,2.3,pulse_only,0.927145657496723,0.8764374494745223,240136,8241,5294,635.28,240136,0,8241,0,74,1.0,6.821210263296962e-13,1.0000000000000004,0.0,13.0,287668.8,1920,0.9380354533644757,61048,0.921078763676408,45464,0.9281138165942296,44616,0.9296950248581273,89008,5,0.12,21126.6387716723,0.030070093348299992
960,uniform,13021,0.2,4.0,hybrid_50,0.935515497467772,0.9077601372666003,228528,7925,4791,574.92,209888,18640,7159,766,65,1.0,6.821210263296962e-13,1.0000000000000002,0.0,7.999999999999986,483264.00000000006,1920,0.944300185729431,57376,0.9345115123350006,43280,0.9353583499687301,42872,0.9360960637836784,85000,5,0.12,21126.6387716723,0.027213036877919393
960,uniform,13021,0.2,2.3,pulse_only,0.9182606940427473,0.8295527723101381,232856,8249,4360,2092.7999999999997,232856,0,8249,0,78,1.0,3.410605131648481e-13,1.0000000000000004,0.0,13.0,287668.8,1920,0.9280770765795017,58168,0.914968837860981,44088,0.9169822999726783,43608,0.920545819168665,86992,20,0.48,21126.6387716723,0.09905977106051225
960,uniform,13021,0.2,4.0,hybrid_50,0.9208764126892955,0.881968980846843,222304,7951,3935,1888.8,203128,19176,7153,798,78,1.0,3.410605131648481e-13,1.0000000000000004,0.0,7.999999999999986,483264.00000000006,1920,0.9302123519764969,55184,0.9176692283232485,42616,0.9202063767077137,41616,0.9228150228631097,82888,20,0.48,21126.6387716723,0.08940371539521003
960,uniform,13022,0.2,4.0,fixed,0.9028473965533278,0.6266747224208697,0,0,0,0.0,0,0,0,0,105,1.0,4.547473508864641e-13,1.0000000000000004,0.0,-1.0,483264.00000000006,1920,0.9242957863739847,0,0.902514387941711,0,0.9027956354827464,0,0.9030397813944268,0,0,0.0,21101.081273636733,0.0
960,uniform,13022,0.2,2.3,pulse_only,0.9544822474701381,0.9788310352411803,243256,8243,5678,136.272,243256,0,8243,0,50,1.0,4.547473508864641e-13,1.0000000000000002,0.0,13.0,287668.8,1920,0.9605612156365204,61984,0.9528944149703448,46056,0.9548002653379872,45728,0.9551171547861101,89488,1,0.024,21101.081273636733,0.006458057681160419
960,uniform,13022,0.2,4.0,hybrid_50,0.9561832348040927,0.9686373959952748,227280,7793,5031,120.744,211704,15576,7164,629,62,1.0,4.547473508864641e-13,1.0000000000000004,0.0,7.999999999999986,483264.00000000006,1920,0.9609184923128605,57904,0.952769283710458,43152,0.9572275841037645,42744,0.9573680357010741,83480,1,0.024,21101.081273636733,0.0057221712211902205
960,uniform,13022,0.2,2.3,pulse_only,0.9505635259543902,0.984672439282243,240552,8235,5364,643.68,240552,0,8235,0,60,1.0,6.821210263296962e-13,1.0000000000000004,0.0,13.0,287668.8,1920,0.9556454338373621,61360,0.9461299249071625,45136,0.9504840398572457,45104,0.9528200695265763,88952,5,0.12,21101.081273636733,0.030504597923339635
960,uniform,13022,0.2,4.0,hybrid_50,0.9501552972216823,0.9747213952573481,226624,7817,4877,585.24,210712,15912,7166,651,59,1.0,4.547473508864641e-13,1.0000000000000004,0.0,7.999999999999986,483264.00000000006,1920,0.9573515852857903,57472,0.9468279996225994,43216,0.948319296425944,42768,0.9527369464190931,83168,5,0.12,21101.081273636733,0.027735071601813464
960,uniform,13022,0.2,2.3,pulse_only,0.9341867611910918,0.9533299622715311,235152,8238,4680,2246.4,235152,0,8238,0,64,1.0,3.410605131648481e-13,1.0000000000000004,0.0,13.0,287668.8,1920,0.9403217477883727,58520,0.93044274789192,44248,0.9324976530162226,44360,0.9369033219281124,88024,20,0.48,21101.081273636733,0.10645899946400411
960,uniform,13022,0.2,4.0,hybrid_50,0.9377646343397092,0.9534778587048022,222560,7874,4198,2015.04,205448,17112,7162,712,66,1.0,4.547473508864641e-13,1.0000000000000004,0.0,7.999999999999986,483264.00000000006,1920,0.9425970146058907,55288,0.9340978310036642,42176,0.935953635040912,42232,0.9405035356571304,82864,20,0.48,21101.081273636733,0.09549463242519
960,uniform,13023,0.2,4.0,fixed,0.9188233555750668,0.7395033519652257,0,0,0,0.0,0,0,0,0,92,1.0,4.547473508864641e-13,1.0000000000000004,0.0,-1.0,483264.00000000006,1920,0.944516208277724,0,0.9190432350023948,0,0.9187842375863308,0,0.9187329748557709,0,0,0.0,21078.734334325127,0.0
960,uniform,13023,0.2,2.3,pulse_only,0.9737392032450286,0.998966606477485,243440,8240,5710,137.04,243440,0,8240,0,37,1.0,6.821210263296962e-13,1.0000000000000004,0.0,13.0,287668.8,1920,0.9779478048988574,62280,0.9700196874780487,45432,0.9722726111239351,44968,0.976332257189065,90760,1,0.024,21078.734334325127,0.006501339113935352
960,uniform,13023,0.2,4.0,hybrid_50,0.9725929850921773,0.9994662967973778,221128,7530,5051,121.224,212488,8640,7181,349,30,1.0,6.821210263296962e-13,1.0000000000000004,0.0,7.999999999999986,483264.00000000006,1920,0.9806625142426736,56352,0.9685332109567621,41336,0.973349841515078,41376,0.9742444439484348,82064,1,0.024,21078.734334325127,0.005751009433360326
960,uniform,13023,0.2,2.3,pulse_only,0.966529284586384,0.9998743546939828,240392,8244,5317,638.04,240392,0,8244,0,40,1.0,3.410605131648481e-13,1.0000000000000004,0.0,13.0,287668.8,1920,0.9747637063701842,61592,0.9615101490122924,45056,0.9642738329373401,44328,0.9701665781979514,89416,5,0.12,21078.734334325127,0.03026936958738552
960,uniform,13023,0.2,4.0,hybrid_50,0.9705094303377911,0.9999985319356419,219816,7613,4638,556.56,209288,10528,7182,431,43,1.0,6.821210263296962e-13,1.0000000000000004,0.0,7.999999999999986,483264.00000000006,1920,0.9753747420403994,56232,0.9668042986776837,41400,0.9722185693664421,40584,0.9715074266535192,81600,5,0.12,21078.734334325127,0.02640386235589506
960,uniform,13023,0.2,2.3,pulse_only,0.9540524657190168,0.9909521507262593,230576,8256,4054,1945.9199999999998,230576,0,8256,0,61,1.0,3.410605131648481e-13,1.0000000000000004,0.0,13.0,287668.8,1920,0.9634125680553743,57928,0.9499906770017833,43224,0.9537908876336513,42752,0.9562141491203163,86672,20,0.48,21078.734334325127,0.09231673824130969
960,uniform,13023,0.2,4.0,hybrid_50,0.9571673820895553,0.9999999999999951,214400,7730,3610,1732.8,201072,13328,7175,555,52,1.0,3.410605131648481e-13,1.0000000000000004,0.0,7.999999999999986,483264.00000000006,1920,0.9635579191289847,53552,0.9538883031885182,40320,0.9570642692453942,40264,0.9588584779621544,80264,20,0.48,21078.734334325127,0.08220607426026837
960,uniform,13024,0.2,4.0,fixed,0.8976428589618463,0.4854799499658225,0,0,0,0.0,0,0,0,0,96,1.0,4.547473508864641e-13,1.0000000000000004,0.0,-1.0,483264.00000000006,1920,0.9159434331182547,0,0.8967682308787253,0,0.8976485983493638,0,0.898077303309648,0,0,0.0,21065.200791001604,0.0
960,uniform,13024,0.2,2.3,pulse_only,0.9562678023462751,0.981206278337045,244992,8215,5979,143.496,244992,0,8215,0,50,1.0,6.821210263296962e-13,1.0000000000000004,0.0,13.0,287668.8,1920,0.9644499433614726,62488,0.9561643085779843,46576,0.956041249474533,46392,0.9564328256662917,89536,1,0.024,21065.200791001604,0.006811992984244281
960,uniform,13024,0.2,4.0,hybrid_50,0.9557830229901303,0.9777402486422692,225568,7732,5000,120.0,211312,14256,7165,567,51,1.0,4.547473508864641e-13,1.0000000000000004,0.0,7.999999999999986,483264.00000000006,1920,0.9619191152679832,57200,0.9560259877077404,42888,0.9550898606200083,42736,0.9560081218163863,82744,1,0.024,21065.200791001604,0.005696598916411006
960,uniform,13024,0.2,2.3,pulse_only,0.9523142758474025,0.9771255590245355,239880,8214,5343,641.16,239880,0,8214,0,52,1.0,4.547473508864641e-13,1.0000000000000004,0.0,13.0,287668.8,1920,0.960078648497378,61552,0.9494666998348069,45544,0.9517467261370707,44960,0.954021838708866,87824,5,0.12,21065.200791001604,0.030436928010384005
960,uniform,13024,0.2,4.0,hybrid_50,0.9536130344049998,0.9954864394086973,221576,7658,4723,566.76,209448,12128,7163,495,40,1.0,4.547473508864641e-13,1.0000000000000004,0.0,7.999999999999986,483264.00000000006,1920,0.9571729283790666,56088,0.9514262189032965,42056,0.9523154040978752,41800,0.9553552573094137,81632,5,0.12,21065.200791001604,0.026905036682209182
960,uniform,13024,0.2,2.3,pulse_only,0.9447636258563776,0.9909893652650751,231312,8222,4248,2039.04,231312,0,8222,0,56,1.0,3.410605131648481e-13,1.0000000000000004,0.0,13.0,287668.8,1920,0.9469452881837809,58176,0.9425552955629249,43408,0.9449013759214088,43672,0.9457989159705886,86056,20,0.48,21065.200791001604,0.09679660878765581
960,uniform,13024,0.2,4.0,hybrid_50,0.9416682695588848,0.9959667230747907,216816,7758,3828,1837.4399999999998,202368,14448,7157,601,59,1.0,3.410605131648481e-13,1.0000000000000004,0.0,7.999999999999986,483264.00000000006,1920,0.9469027593424546,53472,0.9393958038765746,41200,0.940872031166865,41376,0.9432026215960496,80768,20,0.48,21065.200791001604,0.08722632260808531
960,uniform,13025,0.2,4.0,fixed,0.8879816018805026,0.4161409156874505,0,0,0,0.0,0,0,0,0,128,1.0,4.547473508864641e-13,1.0000000000000004,0.0,-1.0,483264.00000000006,1920,0.9095812142187596,0,0.887466123058681,0,0.8879647433815012,0,0.888247770540914,0,0,0.0,21091.347033133323,0.0
960,uniform,13025,0.2,2.3,pulse_only,0.9624492111841673,0.9607145407017856,243904,8253,5729,137.496,243904,0,8253,0,39,1.0,3.410605131648481e-13,1.0000000000000004,0.0,13.0,287668.8,1920,0.9616420574139571,62320,0.9595129463617781,45336,0.9616706398923537,45072,0.9643066292412688,91176,1,0.024,21091.347033133323,0.006519071531277803
960,uniform,13025,0.2,4.0,hybrid_50,0.9605015863025657,0.966709979562011,228920,7795,5230,125.52,212592,16328,7161,634,52,1.0,4.547473508864641e-13,1.0000000000000004,0.0,7.999999999999986,483264.00000000006,1920,0.9570801263483981,59000,0.958229136088618,42840,0.9591860988300541,42752,0.962295555145795,84328,1,0.024,21091.347033133323,0.00595125573548314
960,uniform,13025,0.2,2.3,pulse_only,0.9515042170469495,0.9485620689953527,239080,8261,5102,612.24,239080,0,8261,0,64,1.0,3.410605131648481e-13,1.0000000000000004,0.0,13.0,287668.8,1920,0.9590165873206252,61584,0.9516115685612454,44448,0.9479118072965286,44112,0.953246746165012,88936,5,0.12,21091.347033133323,0.029028017937318337
960,uniform,13025,0.2,4.0,hybrid_50,0.9518688047833256,0.9542557409028197,225312,7823,4695,563.4,208672,16640,7159,664,57,1.0,3.410605131648481e-13,1.0000000000000004,0.0,7.999999999999986,483264.00000000006,1920,0.9544603179469913,57712,0.9467625175588038,42688,0.9507617754250581,42576,0.95497546307472,82336,5,0.12,21091.347033133323,0.026712376365290003
960,uniform,13025,0.2,2.3,pulse_only,0.9380901372484377,0.9493310005073452,228600,8264,3783,1815.84,228600,0,8264,0,64,1.0,3.410605131648481e-13,1.0000000000000004,0.0,13.0,287668.8,1920,0.9400072016545814,57952,0.9341256727968813,42592,0.9369107061944147,42600,0.9406620850012275,85456,20,0.48,21091.347033133323,0.08609407436838516
960,uniform,13025,0.2,4.0,hybrid_50,0.9398723597901739,0.9380791819293468,216608,7894,3394,1629.12,198904,17704,7157,737,63,1.0,3.410605131648481e-13,1.0000000000000004,0.0,7.999999999999986,483264.00000000006,1920,0.9418054599512286,54896,0.9335782288077953,41088,0.9388637247859625,40960,0.9435237427834691,79664,20,0.48,21091.347033133323,0.07724115474657658
960,uniform,13026,0.2,4.0,fixed,0.8986657293492718,0.6044071514658289,0,0,0,0.0,0,0,0,0,120,1.0,3.410605131648481e-13,1.0000000000000004,0.0,-1.0,483264.00000000006,1920,0.92715732464558,0,0.8988633232365764,0,0.8985728303207031,0,0.8986133819199037,0,0,0.0,21103.370757427874,0.0
960,uniform,13026,0.2,2.3,pulse_only,0.9554296490544173,0.9487754926848755,243136,8255,5627,135.048,243136,0,8255,0,50,1.0,4.547473508864641e-13,1.0000000000000004,0.0,13.0,287668.8,1920,0.9638427740398362,61936,0.9489229516864508,45456,0.954573831732792,45096,0.9591109063992129,90648,1,0.024,21103.370757427874,0.006399356839829314
960,uniform,13026,0.2,4.0,hybrid_50,0.9551740536651019,0.9693562688454314,225384,7791,4800,115.2,209560,15824,7161,630,64,1.0,4.547473508864641e-13,1.0000000000000004,0.0,7.999999999999986,483264.00000000006,1920,0.9656948047574844,58048,0.953786183647657,42136,0.9561807228791377,41936,0.9553646540668067,83264,1,0.024,21103.370757427874,0.005458843581158825
960,uniform,13026,0.2,2.3,pulse_only,0.9502934954298721,0.9472825013983353,237272,8255,4894,587.28,237272,0,8255,0,66,1.0,3.410605131648481e-13,1.0000000000000004,0.0,13.0,287668.8,1920,0.9614463351144608,60736,0.9480451757980352,44480,0.9499083333645273,43888,0.9516102362784629,88168,5,0.12,21103.370757427874,0.027828729673115924
960,uniform,13026,0.2,4.0,hybrid_50,0.9512896854757554,0.9731872667764967,222344,7784,4441,532.92,207032,15312,7161,623,57,1.0,3.410605131648481e-13,1.0000000000000004,0.0,7.999999999999986,483264.00000000006,1920,0.9622718324870639,57280,0.9483896074543808,41896,0.9495414263792936,41640,0.9536138540346739,81528,5,0.12,21103.370757427874,0.025252837858256605
960,uniform,13026,0.2,2.3,pulse_only,0.9416476443825539,0.9495785831930346,228096,8264,3720,1785.6,228096,0,8264,0,70,1.0,4.547473508864641e-13,1.0000000000000004,0.0,13.0,287668.8,1920,0.9543168374356328,57336,0.9400166127222853,42832,0.9398524209046243,42280,0.9433607719516529,85648,20,0.48,21103.370757427874,0.08461207550796178
960,uniform,13026,0.2,4.0,hybrid_50,0.9411829190987758,0.9381092528329321,215280,7869,3303,1585.44,198064,17216,7152,717,69,1.0,3.410605131648481e-13,1.0000000000000004,0.0,7.999999999999986,483264.00000000006,1920,0.9534174997782119,54184,0.939033114092832,40448,0.9407702025132791,40248,0.9424641798944962,80400,20,0.48,21103.370757427874,0.07512733478569833
960,uniform,13027,0.2,4.0,fixed,0.9310960345813398,0.9288147046439087,0,0,0,0.0,0,0,0,0,78,1.0,6.821210263296962e-13,1.0000000000000004,0.0,-1.0,483264.00000000006,1920,0.9463856620489559,0,0.9306225411319545,0,0.9310679524603833,0,0.931346822366511,0,0,0.0,21014.61459059464,0.0
960,uniform,13027,0.2,2.3,pulse_only,0.9738581534810155,0.9999709149913322,249272,8261,6376,153.024,249272,0,8261,0,30,1.0,4.547473508864641e-13,1.0000000000000004,0.0,13.0,287668.8,1920,0.9786632781625909,63128,0.9713266370155282,46424,0.9709981085379212,46568,0.976553934185306,93152,1,0.024,21014.61459059464,0.007281789506074875
960,uniform,13027,0.2,4.0,hybrid_50,0.9722826265762333,0.9992901635837105,226304,7584,5536,132.864,215960,10344,7174,410,39,1.0,4.547473508864641e-13,1.0000000000000004,0.0,7.999999999999986,483264.00000000006,1920,0.9740507650162309,58112,0.9675809414168899,42856,0.9712598749691964,42224,0.9751448449594233,83112,1,0.024,21014.61459059464,0.006322457137018587
960,uniform,13027,0.2,2.3,pulse_only,0.9702478052539761,0.999999999999996,247176,8267,6096,731.52,247176,0,8267,0,32,1.0,6.821210263296962e-13,1.0000000000000004,0.0,13.0,287668.8,1920,0.9740023566253253,62384,0.9675097795838684,45880,0.9677603149018503,46216,0.9728605632650927,92696,5,0.12,21014.61459059464,0.03481006024861389
960,uniform,13027,0.2,4.0,hybrid_50,0.9713774090302161,0.9999999999999961,223344,7550,5268,632.16,214048,9296,7171,379,29,1.0,4.547473508864641e-13,1.0000000000000004,0.0,7.999999999999986,483264.00000000006,1920,0.9734396643342363,57240,0.9694388119586319,41848,0.9699577409065647,41432,0.9730565416278337,82824,5,0.12,21014.61459059464,0.03008192214397933
960,uniform,13027,0.2,2.3,pulse_only,0.9593574180941604,0.9999999999999961,237480,8267,4884,2344.3199999999997,237480,0,8267,0,42,1.0,3.410605131648481e-13,1.0000000000000004,0.0,13.0,287668.8,1920,0.9628839174335723,59080,0.9557153337663061,43992,0.9586180271568372,44784,0.9615481557267492,89624,20,0.48,21014.61459059464,0.11155664977311695
960,uniform,13027,0.2,4.0,hybrid_50,0.9604347159308988,0.9999999999999962,217808,7611,4393,2108.64,207160,10648,7168,443,39,1.0,3.410605131648481e-13,1.0000000000000004,0.0,7.999999999999986,483264.00000000006,1920,0.9618242165483295,54736,0.9548198150853312,41040,0.9570853064283972,41144,0.9649168711049333,80888,20,0.48,21014.61459059464,0.1003415975539113
960,uniform,13028,0.2,4.0,fixed,0.918326175618637,0.7570130106132497,0,0,0,0.0,0,0,0,0,104,1.0,3.410605131648481e-13,1.0000000000000004,0.0,-1.0,483264.00000000006,1920,0.9453170799293044,0,0.9182861876462102,0,0.9183079014756855,0,0.918355306676326,0,0,0.0,21096.850119422445,0.0
960,uniform,13028,0.2,2.3,pulse_only,0.9780973833885043,0.9911123149880634,245432,8220,6019,144.456,245432,0,8220,0,31,1.0,3.410605131648481e-13,1.0000000000000004,0.0,13.0,287668.8,1920,0.9801854717894157,62424,0.9754640899364615,46480,0.9781526676434289,45648,0.9793863879870633,90880,1,0.024,21096.850119422445,0.006847278109399332
960,uniform,13028,0.2,4.0,hybrid_50,0.9781776953765572,0.9948211395856243,223400,7556,5257,126.168,213520,9880,7174,382,35,1.0,3.410605131648481e-13,1.0000000000000004,0.0,7.999999999999986,483264.00000000006,1920,0.9853833638996181,56784,0.9770083314535087,42168,0.9754235511746285,42040,0.9801394494390457,82408,1,0.024,21096.850119422445,0.005980418843846535
960,uniform,13028,0.2,2.3,pulse_only,0.9761358648170643,0.9999999999999951,241656,8231,5514,661.68,241656,0,8231,0,31,1.0,3.410605131648481e-13,1.0000000000000004,0.0,13.0,287668.8,1920,0.9786195690419215,61600,0.9716978207123,45584,0.9759024210125878,44784,0.9784716087716845,89688,5,0.12,21096.850119422445,0.03136392382059139
960,uniform,13028,0.2,4.0,hybrid_50,0.9747337925786987,0.999999999999995,218632,7570,4619,554.28,208920,9712,7174,396,36,1.0,3.410605131648481e-13,1.0000000000000004,0.0,7.999999999999986,483264.00000000006,1920,0.9847189666345206,55280,0.9748134479614453,41304,0.9736705364218353,40808,0.9752255929657574,81240,5,0.12,21096.850119422445,0.026273116453991954
960,uniform,13028,0.2,2.3,pulse_only,0.9662190059616308,0.999999999999995,226816,8230,3662,1757.76,226816,0,8230,0,51,1.0,3.410605131648481e-13,1.0000000000000004,0.0,13.0,287668.8,1920,0.971479299692318,57104,0.9625992004286202,42624,0.9641108760210747,41864,0.9690829736984145,85224,20,0.48,21096.850119422445,0.08331859922452353
960,uniform,13028,0.2,4.0,hybrid_50,0.9667547684720116,0.9893981808775705,211064,7689,3316,1591.6799999999998,198416,12648,7164,525,47,1.0,3.410605131648481e-13,1.0000000000000004,0.0,7.999999999999986,483264.00000000006,1920,0.9708351124255679,52640,0.9640700524927743,39984,0.9674673526249729,39648,0.9677408343851498,78792,20,0.48,21096.850119422445,0.07544633397829602
960,uniform,13029,0.2,4.0,fixed,0.8570402444965968,0.00575138461749712,0,0,0,0.0,0,0,0,0,153,1.0,3.410605131648481e-13,1.0000000000000004,0.0,-1.0,483264.00000000006,1920,0.8885418257701777,0,0.8568403905389067,0,0.8570806464908658,0,0.8571199704783072,0,0,0.0,21091.435105554778,0.0
960,uniform,13029,0.2,2.3,pulse_only,0.8972216335138002,0.4434433067869719,237640,8235,5000,120.0,237640,0,8235,0,94,1.0,4.547473508864641e-13,1.0000000000000004,0.0,13.0,287668.8,1920,0.9121097162976433,60768,0.8957660662784,44768,0.8944313595750205,44432,0.8993445541008903,87672,1,0.024,21091.435105554778,0.005689513273963801
960,uniform,13029,0.2,4.0,hybrid_50,0.8956863728523083,0.46785651072767664,237032,8389,4462,107.08800000000001,206472,30560,7156,1233,122,1.0,6.821210263296962e-13,1.0000000000000004,0.0,7.999999999999986,483264.00000000006,1920,0.9157206856357671,59480,0.8933594265513332,45216,0.8944812799910782,44664,0.897452392433411,87672,1,0.024,21091.435105554778,0.005077321645685296
960,uniform,13029,0.2,2.3,pulse_only,0.8933443554267279,0.37570479061812867,236256,8230,4842,581.04,236256,0,8230,0,97,1.0,4.547473508864641e-13,1.0000000000000004,0.0,13.0,287668.8,1920,0.9098239932125476,60128,0.8899361711560738,44648,0.8893320300101443,44080,0.8970546102703464,87400,5,0.12,21091.435105554778,0.02754862327253272
960,uniform,13029,0.2,4.0,hybrid_50,0.8943135837906661,0.5338536531313062,233328,8307,4245,509.4,205264,28064,7149,1158,113,1.0,4.547473508864641e-13,1.0000000000000004,0.0,7.999999999999986,483264.00000000006,1920,0.913506891756311,58192,0.8909608437117927,44816,0.8950138737072985,44032,0.8956398088717867,86288,5,0.12,21091.435105554778,0.024151983847976333
960,uniform,13029,0.2,2.3,pulse_only,0.8840956994194372,0.25669974675092666,228984,8234,3921,1882.08,228984,0,8234,0,113,1.0,2.2737367544323206e-13,1.0000000000000004,0.0,13.0,287668.8,1920,0.9008632694987984,57456,0.8805549753185662,43168,0.8831149652210618,43016,0.8863564285690602,85344,20,0.48,21091.435105554778,0.08923432618884825
960,uniform,13029,0.2,4.0,hybrid_50,0.8866711753623564,0.2780910813354585,227168,8274,3574,1715.52,200152,27016,7149,1125,108,1.0,3.410605131648481e-13,1.0000000000000004,0.0,7.999999999999986,483264.00000000006,1920,0.9022323263793489,56352,0.8826761944434655,43888,0.8876862618680145,43048,0.8881611225689728,83880,20,0.48,21091.435105554778,0.08133728176458649
960,persistent_damage,13000,0.2,4.0,fixed,0.6740222027499353,0.0013307745810841745,0,0,0,0.0,0,0,0,0,359,1.0,2.2737367544323206e-13,1.0000000000000002,0.0,-1.0,483264.00000000006,1920,0.9172965371514691,0,0.7133142102597834,0,0.6648816333411632,0,0.6589464836993972,0,0,0.0,21121.606632613468,0.0
960,persistent_damage,13000,0.2,2.3,pulse_only,0.8340853153861382,0.21015933791351982,234384,8239,4581,109.944,234384,0,8239,0,199,1.0,3.410605131648481e-13,1.0000000000000002,0.0,13.0,287668.8,1920,0.9646679168338799,62104,0.8322774779279686,43672,0.8349208944133296,42832,0.8345714446016272,85776,1,0.024,21121.606632613468,0.005205285843655358
960,persistent_damage,13000,0.2,4.0,hybrid_50,0.8427110638110286,0.2049413669676675,245168,8807,4225,101.4,203856,41312,7148,1659,182,1.0,3.410605131648481e-13,1.0000000000000004,0.0,7.999999999999986,483264.00000000006,1920,0.963655486511806,57048,0.8290690455704691,49136,0.8399982513441014,46400,0.8508884791647716,92584,1,0.024,21121.606632613468,0.004800771161197094
960,persistent_damage,13000,0.2,2.3,pulse_only,0.8251216134445883,0.18257873690114282,231736,8244,4235,508.2,231736,0,8244,0,200,1.0,3.410605131648481e-13,1.0000000000000004,0.0,13.0,287668.8,1920,0.957863118530218,60976,0.8224397341320275,42736,0.8248224401912971,42416,0.8266121397275145,85608,5,0.12,21121.606632613468,0.024060669665881294
960,persistent_damage,13000,0.2,4.0,hybrid_50,0.826819591685267,0.17876898915194564,241680,8840,3690,442.8,200488,41192,7149,1691,193,1.0,3.410605131648481e-13,1.0000000000000004,0.0,7.999999999999986,483264.00000000006,1920,0.9585165030179219,56624,0.8235366623072586,47568,0.8250857726351325,45776,0.8293279658993383,91712,5,0.12,21121.606632613468,0.020964314301558908
960,persistent_damage,13000,0.2,2.3,pulse_only,0.7786226529605312,0.02737953782973945,220896,8246,2874,1379.52,220896,0,8246,0,237,1.0,3.410605131648481e-13,1.0000000000000004,0.0,13.0,287668.8,1920,0.9422418681438915,57568,0.792057424659057,40960,0.7719026385547373,40504,0.7752652743141653,81864,20,0.48,21121.606632613468,0.06531321333623881
960,persistent_damage,13000,0.2,4.0,hybrid_50,0.7762389014310881,0.03535982290108181,239840,9163,2491,1195.68,191224,48616,7139,2024,243,1.0,2.2737367544323206e-13,1.0000000000000004,0.0,7.999999999999986,483264.00000000006,1920,0.9467573835192785,54272,0.7887944327787568,47088,0.7706964920423274,46080,0.7727323404516341,92400,20,0.48,21121.606632613468,0.05660933000019863
960,persistent_damage,13001,0.2,4.0,fixed,0.6996732936209462,0.014390323843124414,0,0,0,0.0,0,0,0,0,336,1.0,3.410605131648481e-13,1.0000000000000004,0.0,-1.0,483264.00000000006,1920,0.9339188362813235,0,0.758311104412392,0,0.685663610764508,0,0.6773592296534422,0,0,0.0,21152.777897683336,0.0
960,persistent_damage,13001,0.2,2.3,pulse_only,0.9053176728884603,0.6376274449619075,244408,8236,5843,140.232,244408,0,8236,0,110,1.0,6.821210263296962e-13,1.0000000000000004,0.0,13.0,287668.8,1920,0.9736794662300151,61992,0.8941333618505062,46520,0.9059671923973651,45752,0.9105850686529847,90144,1,0.024,21152.777897683336,0.006629483875749401
960,persistent_damage,13001,0.2,4.0,hybrid_50,0.9112013338101945,0.6499207921213542,237768,8132,5325,127.8,213208,24560,7156,976,98,1.0,4.547473508864641e-13,1.0000000000000004,0.0,7.999999999999986,483264.00000000006,1920,0.9700677468480549,57464,0.9072119644967058,46328,0.9076525995964421,45328,0.9149703855738152,88648,1,0.024,21152.777897683336,0.0060417596505845566
960,persistent_damage,13001,0.2,2.3,pulse_only,0.8794347515363308,0.31750234195439153,238632,8242,5103,612.36,238632,0,8242,0,138,1.0,4.547473508864641e-13,1.0000000000000004,0.0,13.0,287668.8,1920,0.969840829065696,61328,0.8767178319789676,45680,0.8801664529065054,44568,0.8804273606299249,87056,5,0.12,21152.777897683336,0.028949389198998116
960,persistent_damage,13001,0.2,4.0,hybrid_50,0.8752541083856878,0.31765951853049196,238016,8406,4534,544.0799999999999,207136,30880,7150,1256,151,1.0,3.410605131648481e-13,1.0000000000000004,0.0,7.999999999999986,483264.00000000006,1920,0.9662260007022435,57024,0.8830498130295539,46240,0.8700113309933912,45472,0.873977644759903,89280,5,0.12,21152.777897683336,0.025721444371596597
960,persistent_damage,13001,0.2,2.3,pulse_only,0.7980685212897147,0.1658416549216789,218984,8254,2611,1253.28,218984,0,8254,0,236,1.0,2.2737367544323206e-13,1.0000000000000004,0.0,13.0,287668.8,1920,0.9601680714087071,58608,0.8297589439760653,41256,0.7895302004886637,39928,0.7864924703470648,79192,20,0.48,21152.777897683336,0.059248955672023575
960,persistent_damage,13001,0.2,4.0,hybrid_50,0.8237990716104855,0.1798554462139131,231528,8850,2391,1147.68,190496,41032,7145,1705,205,1.0,2.2737367544323206e-13,1.0000000000000004,0.0,7.999999999999986,483264.00000000006,1920,0.9582292831318932,55160,0.8496849103445275,43656,0.8124793874556677,44848,0.8165159943208732,87864,20,0.48,21152.777897683336,0.05425670356637625
960,persistent_damage,13002,0.2,4.0,fixed,0.7110165301163344,0.011706670725247337,0,0,0,0.0,0,0,0,0,337,1.0,2.2737367544323206e-13,1.0000000000000004,0.0,-1.0,483264.00000000006,1920,0.9358059496946093,0,0.7641177418606102,0,0.6994441584289711,0,0.6902521100878779,0,0,0.0,21151.588623325533,0.0
960,persistent_damage,13002,0.2,2.3,pulse_only,0.8901640125158836,0.4440652555158439,241888,8227,5555,133.32,241888,0,8227,0,118,1.0,4.547473508864641e-13,1.0000000000000004,0.0,13.0,287668.8,1920,0.9780440279086589,62432,0.8958741020136572,45608,0.8816718577280941,44616,0.8915550451608918,89232,1,0.024,21151.588623325533,0.006303072661548337
960,persistent_damage,13002,0.2,4.0,hybrid_50,0.8823788797520401,0.41157655134567145,243032,8468,4975,119.4,209960,33072,7156,1312,151,1.0,3.410605131648481e-13,1.0000000000000004,0.0,7.999999999999986,483264.00000000006,1920,0.9791220615030061,57240,0.8859875855631592,47440,0.8813340842051874,46488,0.8810969246199067,91864,1,0.024,21151.588623325533,0.0056449660650230386
960,persistent_damage,13002,0.2,2.3,pulse_only,0.8699363980004696,0.31683478420419703,235160,8230,4705,564.6,235160,0,8230,0,158,1.0,3.410605131648481e-13,1.0000000000000004,0.0,13.0,287668.8,1920,0.9720307000890681,61800,0.8805241531201603,44552,0.866447726991008,43488,0.866386855945355,85320,5,0.12,21151.588623325533,0.026693030488375274
960,persistent_damage,13002,0.2,4.0,hybrid_50,0.8561945814317945,0.24473872654573914,239472,8577,4203,504.35999999999996,204072,35400,7140,1437,167,1.0,3.410605131648481e-13,1.0000000000000004,0.0,7.999999999999986,483264.00000000006,1920,0.9743746863789472,56088,0.8692341519273866,46720,0.8535679383960215,46240,0.850988117701885,90424,5,0.12,21151.588623325533,0.023845017458584753
960,persistent_damage,13002,0.2,2.3,pulse_only,0.803840337628252,0.17848604283213576,215784,8234,2271,1090.08,215784,0,8234,0,226,1.0,2.2737367544323206e-13,1.0000000000000004,0.0,13.0,287668.8,1920,0.9629029958879267,58160,0.8367229997939563,40616,0.7938114847819809,39112,0.7924134329685356,77896,20,0.48,21151.588623325533,0.051536554507205304
960,persistent_damage,13002,0.2,4.0,hybrid_50,0.7887232191251008,0.14341215525619838,233144,9035,2038,978.24,187640,45504,7142,1893,238,1.0,3.410605131648481e-13,1.0000000000000002,0.0,7.999999999999986,483264.00000000006,1920,0.9604025369592631,53592,0.8251642797914568,44920,0.7773988251513595,45600,0.7761648857787937,89032,20,0.48,21151.588623325533,0.04624900840408825
960,persistent_damage,13003,0.2,4.0,fixed,0.6575600822772777,0.0003315550758049971,0,0,0,0.0,0,0,0,0,354,1.0,2.2737367544323206e-13,1.0000000000000004,0.0,-1.0,483264.00000000006,1920,0.8947336398505299,0,0.7027680092137663,0,0.6457556110928436,0,0.6408583544012504,0,0,0.0,21112.34018254185,0.0
960,persistent_damage,13003,0.2,2.3,pulse_only,0.8875182359474442,0.5346221836658553,242416,8209,5675,136.2,242416,0,8209,0,129,1.0,3.410605131648481e-13,1.0000000000000004,0.0,13.0,287668.8,1920,0.9596327381373166,61960,0.8748988184389357,46112,0.8828800249957404,44960,0.89614705017755,89384,1,0.024,21112.34018254185,0.0064512033636435085
960,persistent_damage,13003,0.2,4.0,hybrid_50,0.8825925095392316,0.41936241171625976,245096,8519,5080,121.92,209776,35320,7143,1376,123,1.0,3.410605131648481e-13,1.0000000000000004,0.0,7.999999999999986,483264.00000000006,1920,0.9653642026264393,58224,0.8691585285397759,48616,0.8807306210837056,46112,0.8902404442667229,92144,1,0.024,21112.34018254185,0.0057748216893936605
960,persistent_damage,13003,0.2,2.3,pulse_only,0.8650435989921149,0.36257810318879047,236360,8218,4891,586.92,236360,0,8218,0,150,1.0,4.547473508864641e-13,1.0000000000000004,0.0,13.0,287668.8,1920,0.9568304590942139,61040,0.8513001018326191,45088,0.8628350524096344,43856,0.8730196208631033,86376,5,0.12,21112.34018254185,0.027799855199630307
960,persistent_damage,13003,0.2,4.0,hybrid_50,0.8659368388568162,0.3234581337061846,242008,8619,4394,527.28,205136,36872,7145,1474,137,1.0,3.410605131648481e-13,1.0000000000000004,0.0,7.999999999999986,483264.00000000006,1920,0.9573545693385579,57160,0.8595482496918532,47968,0.8595215280891598,46200,0.8723387888231257,90680,5,0.12,21112.34018254185,0.02497496703070447
960,persistent_damage,13003,0.2,2.3,pulse_only,0.8166747276530819,0.13901953782012588,222528,8225,3141,1507.6799999999998,222528,0,8225,0,205,1.0,3.410605131648481e-13,1.0000000000000004,0.0,13.0,287668.8,1920,0.9442132484320311,58024,0.8332621856045572,42392,0.8108907021205566,40576,0.8112730114436071,81536,20,0.48,21112.34018254185,0.07141226348970664
960,persistent_damage,13003,0.2,4.0,hybrid_50,0.814877153575435,0.15679357590671844,236088,8935,2706,1298.8799999999999,192560,43528,7128,1807,212,1.0,3.410605131648481e-13,1.0000000000000004,0.0,7.999999999999986,483264.00000000006,1920,0.9440683396587016,54376,0.8319013802476285,45856,0.8084090432586277,45896,0.8095990953977418,89960,20,0.48,21112.34018254185,0.06152231295865844
960,persistent_damage,13004,0.2,4.0,fixed,0.6735557839789093,0.006503780209624067,0,0,0,0.0,0,0,0,0,352,1.0,3.410605131648481e-13,1.0000000000000004,0.0,-1.0,483264.00000000006,1920,0.9263926540129772,0,0.7337677695955762,0,0.6573301982605907,0,0.6515625840297351,0,0,0.0,21204.379941793384,0.0
960,persistent_damage,13004,0.2,2.3,pulse_only,0.8686461212889306,0.28172749888814913,239664,8236,5250,126.0,239664,0,8236,0,148,1.0,4.547473508864641e-13,1.0000000000000004,0.0,13.0,287668.8,1920,0.9571738600948667,61976,0.8664712444155499,45128,0.861839550677502,43824,0.8731368450313352,88736,1,0.024,21204.379941793384,0.005942168568280399
960,persistent_damage,13004,0.2,4.0,hybrid_50,0.866310248314052,0.24888360440007562,241008,8486,4668,112.032,207992,33016,7153,1333,143,1.0,4.547473508864641e-13,1.0000000000000004,0.0,7.999999999999986,483264.00000000006,1920,0.9546417203011694,57600,0.8628213229342793,46720,0.8651388147359826,46200,0.8686404277929732,90488,1,0.024,21204.379941793384,0.005283436738425315
960,persistent_damage,13004,0.2,2.3,pulse_only,0.8301381492971845,0.17252853865238893,236016,8242,4776,573.12,236016,0,8242,0,174,1.0,3.410605131648481e-13,1.0000000000000004,0.0,13.0,287668.8,1920,0.9511319714888994,61440,0.8357874583043386,44416,0.8227253133130005,42920,0.8310199127856998,87240,5,0.12,21204.379941793384,0.027028378173435414
960,persistent_damage,13004,0.2,4.0,hybrid_50,0.8387548032810985,0.20361784126200771,240800,8639,4183,501.96,204520,36280,7149,1490,163,1.0,3.410605131648481e-13,1.0000000000000004,0.0,7.999999999999986,483264.00000000006,1920,0.9515158605977307,56456,0.8419145333029429,46664,0.8332523505255522,46328,0.8399261646479494,91352,5,0.12,21204.379941793384,0.023672467734397056
960,persistent_damage,13004,0.2,2.3,pulse_only,0.8095025676729318,0.10195900781037057,221376,8249,2925,1404.0,221376,0,8249,0,204,1.0,2.2737367544323206e-13,1.0000000000000004,0.0,13.0,287668.8,1920,0.9398464445942161,58488,0.832014139461459,42008,0.801951291305276,40192,0.8020224199624959,80688,20,0.48,21204.379941793384,0.06621273547512445
960,persistent_damage,13004,0.2,4.0,hybrid_50,0.8228542463861892,0.0996256167648677,228792,8676,2571,1234.08,191896,36896,7139,1537,184,1.0,2.2737367544323206e-13,1.0000000000000004,0.0,7.999999999999986,483264.00000000006,1920,0.9399370409047938,54728,0.8401324147609257,43664,0.8163552728374712,43632,0.8174646489731799,86768,20,0.48,21204.379941793384,0.058199296720186304
960,persistent_damage,13005,0.2,4.0,fixed,0.6982120490251815,0.008709171242646434,0,0,0,0.0,0,0,0,0,329,1.0,4.547473508864641e-13,1.0000000000000004,0.0,-1.0,483264.00000000006,1920,0.931490343732196,0,0.7521549732396585,0,0.6854736665404627,0,0.6776097781603025,0,0,0.0,21026.459249542353,0.0
960,persistent_damage,13005,0.2,2.3,pulse_only,0.8944744196333012,0.5199822975356815,243544,8241,5720,137.28,243544,0,8241,0,130,1.0,4.547473508864641e-13,1.0000000000000004,0.0,13.0,287668.8,1920,0.9675828251147085,62184,0.8922300677417689,46560,0.8971161071269984,45544,0.8942757518322182,89256,1,0.024,21026.459249542353,0.006528916655474837
960,persistent_damage,13005,0.2,4.0,hybrid_50,0.888929001764219,0.4272035569607366,239896,8307,5066,121.584,210776,29120,7151,1156,126,1.0,3.410605131648481e-13,1.0000000000000004,0.0,7.999999999999986,483264.00000000006,1920,0.9650666271748081,57736,0.8901093008556289,46824,0.8842055101936732,45832,0.8907005980037869,89504,1,0.024,21026.459249542353,0.005782428632278938
960,persistent_damage,13005,0.2,2.3,pulse_only,0.8711076096465572,0.2566102267871132,237312,8248,4920,590.4,237312,0,8248,0,149,1.0,3.410605131648481e-13,1.0000000000000004,0.0,13.0,287668.8,1920,0.9637546785261992,61456,0.8754206065350678,45536,0.8700928485086552,44064,0.8694584917712531,86256,5,0.12,21026.459249542353,0.028078907294524644
960,persistent_damage,13005,0.2,4.0,hybrid_50,0.8596090702742988,0.2506068491828617,237952,8485,4289,514.68,205176,32776,7145,1340,154,1.0,3.410605131648481e-13,1.0000000000000004,0.0,7.999999999999986,483264.00000000006,1920,0.9633791820849714,57008,0.8693114845676853,46096,0.8522942199292708,45448,0.8584152883001197,89400,5,0.12,21026.459249542353,0.024477730363052074
960,persistent_damage,13005,0.2,2.3,pulse_only,0.7932591503001564,0.15798308749880832,218616,8254,2565,1231.2,218616,0,8254,0,235,1.0,3.410605131648481e-13,1.0000000000000004,0.0,13.0,287668.8,1920,0.9554792813647237,57856,0.8242430061663202,41280,0.7839905050911704,39896,0.7824015449715674,79584,20,0.48,21026.459249542353,0.0585547944800453
960,persistent_damage,13005,0.2,4.0,hybrid_50,0.7993640177908621,0.13392002937026742,232016,8899,2305,1106.3999999999999,189504,42512,7130,1769,219,1.0,3.410605131648481e-13,1.0000000000000004,0.0,7.999999999999986,483264.00000000006,1920,0.9559914943378094,54064,0.8261885518952237,44408,0.7897433688294001,44736,0.7907620752194119,88808,20,0.48,21026.459249542353,0.052619415702340896
960,persistent_damage,13006,0.2,4.0,fixed,0.7041353407570516,0.009612984640852178,0,0,0,0.0,0,0,0,0,335,1.0,3.410605131648481e-13,1.0000000000000002,0.0,-1.0,483264.00000000006,1920,0.9251859770136888,0,0.7567529846892475,0,0.6901350309819178,0,0.6848266736785206,0,0,0.0,21084.536383387152,0.0
960,persistent_damage,13006,0.2,2.3,pulse_only,0.8593228974470603,0.28113219353965413,238752,8249,5097,122.328,238752,0,8249,0,165,1.0,3.410605131648481e-13,1.0000000000000004,0.0,13.0,287668.8,1920,0.9652315721484314,61760,0.8557092991329803,44688,0.8564226323401906,44080,0.8625798291575351,88224,1,0.024,21084.536383387152,0.005801787517433118
960,persistent_damage,13006,0.2,4.0,hybrid_50,0.8602989756679564,0.24408974980098097,244352,8661,4561,109.464,206288,38064,7139,1522,168,1.0,3.410605131648481e-13,1.0000000000000004,0.0,7.999999999999986,483264.00000000006,1920,0.9656794780744812,58192,0.8599895131689252,47896,0.860218140731122,46160,0.860494124385889,92104,1,0.024,21084.536383387152,0.005191672134002835
960,persistent_damage,13006,0.2,2.3,pulse_only,0.8364943282264353,0.19618835440655558,233544,8255,4428,531.36,233544,0,8255,0,197,1.0,3.410605131648481e-13,1.0000000000000004,0.0,13.0,287668.8,1920,0.9613499424722066,60784,0.8409389084664612,44112,0.8362943821256552,42984,0.8343720111568123,85664,5,0.12,21084.536383387152,0.025201407815571755
960,persistent_damage,13006,0.2,4.0,hybrid_50,0.8278417030555784,0.20195059028089973,241792,8808,3800,456.0,200840,40952,7134,1674,187,1.0,3.410605131648481e-13,1.0000000000000002,0.0,7.999999999999986,483264.00000000006,1920,0.9630406563812723,57392,0.8382262231502191,46976,0.8201859018628886,45776,0.8264773436046029,91648,5,0.12,21084.536383387152,0.02162722441264062
960,persistent_damage,13006,0.2,2.3,pulse_only,0.7895163547861958,0.105149516153946,221360,8262,2884,1384.32,221360,0,8262,0,244,1.0,3.410605131648481e-13,1.0000000000000004,0.0,13.0,287668.8,1920,0.9439565040714569,57776,0.810798926844124,41720,0.7828313945457527,40528,0.7822175488774531,81336,20,0.48,21084.536383387152,0.06565570021690058
960,persistent_damage,13006,0.2,4.0,hybrid_50,0.775822934683671,0.07582986950045209,239144,9167,2392,1148.1599999999999,190240,48904,7133,2034,243,1.0,3.410605131648481e-13,1.0000000000000004,0.0,7.999999999999986,483264.00000000006,1920,0.9451204303030236,55200,0.7994167044861985,46144,0.7649728979364755,46048,0.7694510681560052,91752,20,0.48,21084.536383387152,0.054455074521090906
960,persistent_damage,13007,0.2,4.0,fixed,0.6834450237948099,0.0007280241779808373,0,0,0,0.0,0,0,0,0,338,1.0,3.410605131648481e-13,1.0000000000000002,0.0,-1.0,483264.00000000006,1920,0.8998031122690984,0,0.7248168480290856,0,0.6724755091284121,0,0.6682438690108706,0,0,0.0,21126.089772901727,0.0
960,persistent_damage,13007,0.2,2.3,pulse_only,0.8682726268629176,0.2854229844853118,241160,8242,5419,130.056,241160,0,8242,0,141,1.0,4.547473508864641e-13,1.0000000000000004,0.0,13.0,287668.8,1920,0.9477113746629823,62456,0.86794570362045,45352,0.8641095845507382,44400,0.8705176096402409,88952,1,0.024,21126.089772901727,0.006156179463310899
960,persistent_damage,13007,0.2,4.0,hybrid_50,0.863755906495015,0.24744894757045569,243096,8507,4866,116.784,208728,34368,7145,1362,136,1.0,4.547473508864641e-13,1.0000000000000004,0.0,7.999999999999986,483264.00000000006,1920,0.9459920750253623,58912,0.862576678862659,47128,0.8583410668848146,45928,0.8670529401162931,91128,1,0.024,21126.089772901727,0.005527951516602847
960,persistent_damage,13007,0.2,2.3,pulse_only,0.8486245055132295,0.20582187612399416,237040,8250,4880,585.6,237040,0,8250,0,165,1.0,3.410605131648481e-13,1.0000000000000002,0.0,13.0,287668.8,1920,0.9453458863503995,61736,0.8555778751131813,44352,0.8460977630738331,43912,0.8464111919329519,87040,5,0.12,21126.089772901727,0.02771928010791399
960,persistent_damage,13007,0.2,4.0,hybrid_50,0.8341089580185151,0.20419897322298639,243344,8753,4159,499.08,203592,39752,7140,1613,174,1.0,3.410605131648481e-13,1.0000000000000002,0.0,7.999999999999986,483264.00000000006,1920,0.9403637724997115,58224,0.8406774661811283,47264,0.8272185601150269,46664,0.8342699028889526,91192,5,0.12,21126.089772901727,0.023623870075576696
960,persistent_damage,13007,0.2,2.3,pulse_only,0.7764873474509199,0.016725145670981278,219464,8263,2644,1269.12,219464,0,8263,0,232,1.0,3.410605131648481e-13,1.0000000000000004,0.0,13.0,287668.8,1920,0.928671256303165,58456,0.8011311792418657,41272,0.7669056381975526,39952,0.7689562861821304,79784,20,0.48,21126.089772901727,0.06007358738141359
960,persistent_damage,13007,0.2,4.0,hybrid_50,0.7820307180223017,0.06072226265075097,236776,9065,2402,1152.96,190376,46400,7135,1930,230,1.0,3.410605131648481e-13,1.0000000000000004,0.0,7.999999999999986,483264.00000000006,1920,0.9267203533539651,55960,0.8068153761152036,45352,0.7710996193658324,45304,0.7751039383040853,90160,20,0.48,21126.089772901727,0.05457517280263066
960,persistent_damage,13008,0.2,4.0,fixed,0.6626288145682886,0.00036653404039375026,0,0,0,0.0,0,0,0,0,359,1.0,3.410605131648481e-13,1.0000000000000004,0.0,-1.0,483264.00000000006,1920,0.8951773657990012,0,0.7103120461200328,0,0.6516614134248885,0,0.6442708993641162,0,0,0.0,21085.70282381166,0.0
960,persistent_damage,13008,0.2,2.3,pulse_only,0.85347641699677,0.239275764408373,240384,8252,5292,127.008,240384,0,8252,0,153,1.0,3.410605131648481e-13,1.0000000000000004,0.0,13.0,287668.8,1920,0.9445642644125407,61656,0.8427982449529738,45144,0.8486361654654202,44568,0.8612356287843428,89016,1,0.024,21085.70282381166,0.006023417908392999
960,persistent_damage,13008,0.2,4.0,hybrid_50,0.8551375010518728,0.22868446629671868,246480,8723,4641,111.384,207008,39472,7161,1562,160,1.0,3.410605131648481e-13,1.0000000000000004,0.0,7.999999999999986,483264.00000000006,1920,0.946987170429242,58704,0.845602594471373,48584,0.8593115477882383,46888,0.8578179309739401,92304,1,0.024,21085.70282381166,0.005282441895852591
960,persistent_damage,13008,0.2,2.3,pulse_only,0.8332091608878464,0.19621193664224118,235176,8256,4629,555.48,235176,0,8256,0,185,1.0,3.410605131648481e-13,1.0000000000000004,0.0,13.0,287668.8,1920,0.9416181300398494,60984,0.829600811695385,44016,0.832272859215527,43480,0.8354814863202368,86696,5,0.12,21085.70282381166,0.026343916759213146
960,persistent_damage,13008,0.2,4.0,hybrid_50,0.8346896224058349,0.20030222111736462,244008,8800,4101,492.12,203584,40424,7151,1649,169,1.0,3.410605131648481e-13,1.0000000000000004,0.0,7.999999999999986,483264.00000000006,1920,0.9450485505436294,57648,0.8269242117337186,47768,0.8290000872464091,46840,0.8414170953216059,91752,5,0.12,21085.70282381166,0.02333903707702163
960,persistent_damage,13008,0.2,2.3,pulse_only,0.799549815280656,0.03932366572840267,220744,8264,2801,1344.48,220744,0,8264,0,210,1.0,3.410605131648481e-13,1.0000000000000004,0.0,13.0,287668.8,1920,0.9298054333632491,58128,0.8152157092422038,41248,0.7931616282711144,40288,0.7949109618046528,81080,20,0.48,21085.70282381166,0.06376263628650337
960,persistent_damage,13008,0.2,4.0,hybrid_50,0.7901955909060727,0.029478703507686874,238584,9066,2625,1260.0,192320,46264,7142,1924,229,1.0,3.410605131648481e-13,1.0000000000000004,0.0,7.999999999999986,483264.00000000006,1920,0.9337446727145943,55368,0.8016722091280427,46632,0.7874386815178421,45736,0.7858357364892032,90848,20,0.48,21085.70282381166,0.059756130043581344
960,persistent_damage,13009,0.2,4.0,fixed,0.6654850549122597,0.0012522377081078326,0,0,0,0.0,0,0,0,0,339,1.0,3.410605131648481e-13,1.0000000000000004,0.0,-1.0,483264.00000000006,1920,0.8993633781499824,0,0.71357921998855,0,0.6525690634535153,0,0.6478959681034867,0,0,0.0,21202.80151941738,0.0
960,persistent_damage,13009,0.2,2.3,pulse_only,0.8528236402469135,0.23660303581828715,237888,8233,5037,120.888,237888,0,8233,0,150,1.0,3.410605131648481e-13,1.0000000000000004,0.0,13.0,287668.8,1920,0.9512243834598499,61584,0.8521297675993632,45424,0.848346452361071,43880,0.8554091705136098,87000,1,0.024,21202.80151941738,0.005701510712595768
960,persistent_damage,13009,0.2,4.0,hybrid_50,0.8466945595606177,0.21413294369931835,241840,8572,4514,108.336,205848,35992,7131,1441,158,1.0,3.410605131648481e-13,1.0000000000000004,0.0,7.999999999999986,483264.00000000006,1920,0.9494286628512363,57696,0.8527929348367246,47040,0.8420726386879437,46128,0.8459563323589014,90976,1,0.024,21202.80151941738,0.005109513471641313
960,persistent_damage,13009,0.2,2.3,pulse_only,0.8248400144383488,0.14980760934070203,232216,8233,4328,519.36,232216,0,8233,0,172,1.0,3.410605131648481e-13,1.0000000000000004,0.0,13.0,287668.8,1920,0.9478997078968295,60648,0.8293779730077964,44216,0.8194567435432618,42808,0.8252626706011683,84544,5,0.12,21202.80151941738,0.024494876279645108
960,persistent_damage,13009,0.2,4.0,hybrid_50,0.8155563347554444,0.1402668161891381,240784,8798,3704,444.47999999999996,199672,41112,7117,1681,190,1.0,3.410605131648481e-13,1.0000000000000004,0.0,7.999999999999986,483264.00000000006,1920,0.9475429321246964,57176,0.8285605206306225,46848,0.8098827559767832,45976,0.811891031207186,90784,5,0.12,21202.80151941738,0.020963267499955054
960,persistent_damage,13009,0.2,2.3,pulse_only,0.7650034244411122,0.03426142777867278,217512,8244,2457,1179.36,217512,0,8244,0,228,1.0,3.410605131648481e-13,1.0000000000000004,0.0,13.0,287668.8,1920,0.9354007214439299,57272,0.788623115382166,41336,0.7553467009591506,39784,0.758021940711566,79120,20,0.48,21202.80151941738,0.055622838280118325
960,persistent_damage,13009,0.2,4.0,hybrid_50,0.7720538304469254,0.03173548309686698,235752,9065,2274,1091.52,188848,46904,7111,1954,234,1.0,2.2737367544323206e-13,1.0000000000000004,0.0,7.999999999999986,483264.00000000006,1920,0.9348774861210574,54064,0.7935446394492349,45808,0.7646052933709728,45704,0.7650326944837471,90176,20,0.48,21202.80151941738,0.05147998951932807
960,persistent_damage,13010,0.2,4.0,fixed,0.6935116482714282,0.0009192234251560118,0,0,0,0.0,0,0,0,0,324,1.0,4.547473508864641e-13,1.0000000000000004,0.0,-1.0,483264.00000000006,1920,0.9033916685962777,0,0.7479428030690368,0,0.6808953608336181,0,0.672604214591529,0,0,0.0,21054.77077418382,0.0
960,persistent_damage,13010,0.2,2.3,pulse_only,0.88031794698619,0.30463763975964775,244168,8241,5798,139.15200000000002,244168,0,8241,0,129,1.0,6.821210263296962e-13,1.0000000000000004,0.0,13.0,287668.8,1920,0.9460346744431858,61600,0.8731281557495892,46032,0.8773775540833973,45696,0.8853830390558869,90840,1,0.024,21054.77077418382,0.006609048442865044
960,persistent_damage,13010,0.2,4.0,hybrid_50,0.8730727937188484,0.3011496247786545,242808,8411,5118,122.83200000000001,211088,31720,7139,1272,132,1.0,4.547473508864641e-13,1.0000000000000004,0.0,7.999999999999986,483264.00000000006,1920,0.9443173399745148,58912,0.8640497507564597,47440,0.869871730970798,45888,0.8791848465740678,90568,1,0.024,21054.77077418382,0.00583392720430895
960,persistent_damage,13010,0.2,2.3,pulse_only,0.8722063950860519,0.2566436821165995,241000,8239,5408,648.9599999999999,241000,0,8239,0,125,1.0,5.684341886080801e-13,1.0000000000000004,0.0,13.0,287668.8,1920,0.9424881894505895,60976,0.865698647202982,45704,0.867815763035923,45040,0.8776555850526513,89280,5,0.12,21054.77077418382,0.03082246807434818
960,persistent_damage,13010,0.2,4.0,hybrid_50,0.8654492211641291,0.24594933395927765,240400,8456,4682,561.84,208312,32088,7140,1316,134,1.0,3.410605131648481e-13,1.0000000000000004,0.0,7.999999999999986,483264.00000000006,1920,0.9420238518971028,57928,0.8597536814691863,46920,0.8596695962260349,45496,0.8711868034806478,90056,5,0.12,21054.77077418382,0.026684688521467863
960,persistent_damage,13010,0.2,2.3,pulse_only,0.8110297399438399,0.07590224879519088,222040,8260,2975,1428.0,222040,0,8260,0,200,1.0,2.2737367544323206e-13,1.0000000000000004,0.0,13.0,287668.8,1920,0.9325460982852799,58352,0.8305806002990606,42856,0.8061410370078727,41216,0.8036986612342132,79616,20,0.48,21054.77077418382,0.06782310837365817
960,persistent_damage,13010,0.2,4.0,hybrid_50,0.8259233876321351,0.08897240916024207,231672,8724,2787,1337.76,193528,38144,7136,1588,189,1.0,3.410605131648481e-13,1.0000000000000004,0.0,7.999999999999986,483264.00000000006,1920,0.9252111336356059,56440,0.8382522510014974,45800,0.8241630076106966,43344,0.820639145958173,86088,20,0.48,21054.77077418382,0.06353714387811271
960,persistent_damage,13011,0.2,4.0,fixed,0.6902134555309969,0.006348588384335512,0,0,0,0.0,0,0,0,0,355,1.0,3.410605131648481e-13,1.0000000000000004,0.0,-1.0,483264.00000000006,1920,0.927278090894519,0,0.7472690394237181,0,0.6754436790609697,0,0.6690705518196498,0,0,0.0,21155.09881453881,0.0
960,persistent_damage,13011,0.2,2.3,pulse_only,0.9000839349098665,0.5664409078611223,245200,8247,5909,141.816,245200,0,8247,0,109,1.0,4.547473508864641e-13,1.0000000000000004,0.0,13.0,287668.8,1920,0.9640651493585325,62232,0.8917194477506366,45808,0.8972954560599761,45512,0.9056604179144266,91648,1,0.024,21155.09881453881,0.0067036321240219006
960,persistent_damage,13011,0.2,4.0,hybrid_50,0.9024744066675865,0.6513561179450756,239352,8291,5046,121.104,210984,28368,7163,1128,120,1.0,3.410605131648481e-13,1.0000000000000004,0.0,7.999999999999986,483264.00000000006,1920,0.9641166272347187,58376,0.9011675007730469,45856,0.9024430520611879,45136,0.9031435369180555,89984,1,0.024,21155.09881453881,0.005724577373128196
960,persistent_damage,13011,0.2,2.3,pulse_only,0.8871659675556154,0.4958660203732764,238816,8255,5087,610.4399999999999,238816,0,8255,0,127,1.0,3.410605131648481e-13,1.0000000000000004,0.0,13.0,287668.8,1920,0.9633778148292796,61528,0.882130642618885,44984,0.8876724078490257,44104,0.8894304098772754,88200,5,0.12,21155.09881453881,0.028855454911913526
960,persistent_damage,13011,0.2,4.0,hybrid_50,0.8760620285629126,0.33435257750964176,236600,8419,4318,518.16,205496,31104,7153,1266,131,1.0,2.2737367544323206e-13,1.0000000000000004,0.0,7.999999999999986,483264.00000000006,1920,0.9607717627932308,57648,0.8768617155606203,45304,0.8669919159316727,44608,0.8801972413796786,89040,5,0.12,21155.09881453881,0.024493385946460115
960,persistent_damage,13011,0.2,2.3,pulse_only,0.8259314886982659,0.17741504478520395,220784,8267,2797,1342.56,220784,0,8267,0,199,1.0,3.410605131648481e-13,1.0000000000000004,0.0,13.0,287668.8,1920,0.9517757967571056,58560,0.8505246725295671,41472,0.8162634832142468,40016,0.8184688995246252,80736,20,0.48,21155.09881453881,0.06346271467554325
960,persistent_damage,13011,0.2,4.0,hybrid_50,0.8158751593710947,0.15556484148516164,233768,8902,2515,1207.2,191696,42072,7155,1747,213,1.0,2.2737367544323206e-13,1.0000000000000004,0.0,7.999999999999986,483264.00000000006,1920,0.9544220510651135,55008,0.8420278849463908,44176,0.8064680600259774,44544,0.8075023462560053,90040,20,0.48,21155.09881453881,0.057064257207361926
960,persistent_damage,13012,0.2,4.0,fixed,0.6695142513452568,0.006397835925931627,0,0,0,0.0,0,0,0,0,377,1.0,3.410605131648481e-13,1.0000000000000004,0.0,-1.0,483264.00000000006,1920,0.9317919763172684,0,0.7247496628655895,0,0.6552228054837199,0,0.6490422685158589,0,0,0.0,21123.47789213649,0.0
960,persistent_damage,13012,0.2,2.3,pulse_only,0.8479007730700172,0.22259120102266375,235568,8260,4666,111.98400000000001,235568,0,8260,0,166,1.0,3.410605131648481e-13,1.0000000000000004,0.0,13.0,287668.8,1920,0.9653418157790843,61912,0.8568893031253272,44720,0.8417835743342269,42808,0.8464651074102569,86128,1,0.024,21123.47789213649,0.005301399730282466
960,persistent_damage,13012,0.2,4.0,hybrid_50,0.8515213236343497,0.24333188514332801,239680,8625,4085,98.04,202856,36824,7139,1486,166,1.0,3.410605131648481e-13,1.0000000000000002,0.0,7.999999999999986,483264.00000000006,1920,0.9681779064064421,58152,0.8571552369660215,46672,0.8424112805943014,45200,0.8532593884885381,89656,1,0.024,21123.47789213649,0.004641281161209574
960,persistent_damage,13012,0.2,2.3,pulse_only,0.8312392044147348,0.2103171509734014,231952,8262,4208,504.96,231952,0,8262,0,202,1.0,3.410605131648481e-13,1.0000000000000004,0.0,13.0,287668.8,1920,0.9631120167226586,60992,0.8384017361604799,43184,0.8261358881531988,42016,0.8302095966726305,85760,5,0.12,21123.47789213649,0.02390515437744172
960,persistent_damage,13012,0.2,4.0,hybrid_50,0.8433772782411324,0.22395649521732455,238008,8649,3804,456.47999999999996,201328,36680,7140,1509,169,1.0,3.410605131648481e-13,1.0000000000000004,0.0,7.999999999999986,483264.00000000006,1920,0.9644870645597539,57408,0.8496047494276263,45872,0.8381445922343026,45032,0.8428798856513007,89696,5,0.12,21123.47789213649,0.021610077768961098
960,persistent_damage,13012,0.2,2.3,pulse_only,0.77446321843533,0.10353028521487845,217760,8272,2404,1153.9199999999998,217760,0,8272,0,251,1.0,2.2737367544323206e-13,1.0000000000000004,0.0,13.199999999999989,287668.8,1920,0.9465950992649284,56832,0.7974629920150977,40840,0.7639067325254778,39304,0.7682415746003723,80784,20,0.48,21123.47789213649,0.05462736798799419
960,persistent_damage,13012,0.2,4.0,hybrid_50,0.7981039484764268,0.126041047325716,233664,9064,2016,967.68,187360,46304,7136,1928,241,1.0,3.410605131648481e-13,1.0000000000000004,0.0,7.999999999999986,483264.00000000006,1920,0.95346634523649,54352,0.8255765415168357,44464,0.7894813612174875,45048,0.7886789455856922,89800,20,0.48,21123.47789213649,0.04581063804650429
960,persistent_damage,13013,0.2,4.0,fixed,0.6809484847699517,0.00027109761301467747,0,0,0,0.0,0,0,0,0,358,1.0,3.410605131648481e-13,1.0000000000000002,0.0,-1.0,483264.00000000006,1920,0.8970066429602244,0,0.7272559007468722,0,0.6684959052681302,0,0.6640210665324022,0,0,0.0,21185.868208834865,0.0
960,persistent_damage,13013,0.2,2.3,pulse_only,0.8298980325138997,0.19496221342640616,237312,8249,4917,118.008,237312,0,8249,0,197,1.0,3.410605131648481e-13,1.0000000000000004,0.0,13.0,287668.8,1920,0.9450229997094819,61568,0.826350906055322,44248,0.8231973003471946,43824,0.8350219618265408,87672,1,0.024,21185.868208834865,0.005570128107886023
960,persistent_damage,13013,0.2,4.0,hybrid_50,0.8443614903202264,0.20458679105462974,250536,8915,4572,109.72800000000001,206136,44400,7148,1767,180,1.0,3.410605131648481e-13,1.0000000000000004,0.0,7.999999999999986,483264.00000000006,1920,0.9483158653622209,59080,0.8432732484037934,49056,0.8398722772426263,47824,0.8471502178172431,94576,1,0.024,21185.868208834865,0.005179301547540147
960,persistent_damage,13013,0.2,2.3,pulse_only,0.8157788180477374,0.17486626858398446,232360,8249,4298,515.76,232360,0,8249,0,201,1.0,3.410605131648481e-13,1.0000000000000002,0.0,13.0,287668.8,1920,0.9467553541372611,60872,0.8165072264838883,43400,0.8084925471078375,42784,0.819057749299612,85304,5,0.12,21185.868208834865,0.024344529802414205
960,persistent_damage,13013,0.2,4.0,hybrid_50,0.8276418742255588,0.18548046926489525,248824,9024,4031,483.71999999999997,202744,46080,7141,1883,203,1.0,3.410605131648481e-13,1.0000000000000004,0.0,7.999999999999986,483264.00000000006,1920,0.9437773416268336,58344,0.8288744676312936,48752,0.8229686675232982,47336,0.8293621808738216,94392,5,0.12,21185.868208834865,0.022832200938467113
960,persistent_damage,13013,0.2,2.3,pulse_only,0.7782757762291149,0.0410984012323048,221520,8255,2925,1404.0,221520,0,8255,0,258,1.0,3.410605131648481e-13,1.0000000000000004,0.0,13.0,287668.8,1920,0.9266454626342787,58184,0.7900903264030934,41368,0.7760928539006825,40768,0.7734599623063418,81200,20,0.48,21185.868208834865,0.06627059066734439
960,persistent_damage,13013,0.2,4.0,hybrid_50,0.7920881408920941,0.11450046787323227,239760,9170,2460,1180.8,190888,48872,7140,2030,236,1.0,3.410605131648481e-13,1.0000000000000004,0.0,7.999999999999986,483264.00000000006,1920,0.9319103610224033,56016,0.806948353414121,46800,0.7859307957105649,45968,0.7877367072218453,90976,20,0.48,21185.868208834865,0.05573526599715117
960,persistent_damage,13014,0.2,4.0,fixed,0.6522875423209381,0.0010753473511621655,0,0,0,0.0,0,0,0,0,365,1.0,2.2737367544323206e-13,1.0000000000000002,0.0,-1.0,483264.00000000006,1920,0.899838462735546,0,0.7045269552959104,0,0.6409846073716496,0,0.6318193033080963,0,0,0.0,21177.33440246695,0.0
960,persistent_damage,13014,0.2,2.3,pulse_only,0.8333377379410354,0.199677272886472,238560,8260,5040,120.96000000000001,238560,0,8260,0,184,1.0,2.2737367544323206e-13,1.0000000000000004,0.0,13.0,287668.8,1920,0.9506912615037486,62920,0.8349651461949102,44568,0.8293272511577904,43736,0.8345292772057202,87336,1,0.024,21177.33440246695,0.005711767010011862
960,persistent_damage,13014,0.2,4.0,hybrid_50,0.8268868624941421,0.18506888521887263,247704,8920,4203,100.872,203648,44056,7143,1777,209,1.0,3.410605131648481e-13,1.0000000000000004,0.0,7.999999999999986,483264.00000000006,1920,0.948351873936966,59424,0.8360899085760681,48640,0.8233276622165653,46584,0.8240649395919676,93056,1,0.024,21177.33440246695,0.004763205702992036
960,persistent_damage,13014,0.2,2.3,pulse_only,0.8186635937723256,0.17453201554725664,231464,8263,4144,497.28,231464,0,8263,0,204,1.0,3.410605131648481e-13,1.0000000000000004,0.0,13.0,287668.8,1920,0.9474079893584962,61920,0.8263995585248725,43176,0.8077038190306702,42232,0.8202754987668799,84136,5,0.12,21177.33440246695,0.023481708818937654
960,persistent_damage,13014,0.2,4.0,hybrid_50,0.8109076345759206,0.16775292380539186,245712,9002,3708,444.96,200528,45184,7149,1853,209,1.0,3.410605131648481e-13,1.0000000000000004,0.0,7.999999999999986,483264.00000000006,1920,0.9436804153332997,58216,0.8136506177341295,48088,0.8060946204929171,47032,0.8119426500383181,92376,5,0.12,21177.33440246695,0.021011142929686494
960,persistent_damage,13014,0.2,2.3,pulse_only,0.7479554957607156,0.010241620303486075,216696,8273,2268,1088.6399999999999,216696,0,8273,0,265,1.0,2.2737367544323206e-13,1.0000000000000004,0.0,13.199999999999989,287668.8,1920,0.9278733767473182,58168,0.775920756835002,40408,0.739124040547557,39336,0.7383885928301517,78784,20,0.48,21177.33440246695,0.05140590309010676
960,persistent_damage,13014,0.2,4.0,hybrid_50,0.7656430524978719,0.009385626536481118,237544,9153,2234,1072.32,189120,48424,7138,2015,241,1.0,3.410605131648481e-13,1.0000000000000004,0.0,7.999999999999986,483264.00000000006,1920,0.9267072273033635,55088,0.786219174404243,45952,0.7581049643929588,45680,0.7591240355971427,90824,20,0.48,21177.33440246695,0.05063526785859722
960,persistent_damage,13015,0.2,4.0,fixed,0.6840301366666649,0.01160451657749416,0,0,0,0.0,0,0,0,0,349,1.0,2.2737367544323206e-13,1.0000000000000004,0.0,-1.0,483264.00000000006,1920,0.9482916223305963,0,0.7383003834607399,0,0.670093333330553,0,0.6638634149376832,0,0,0.0,21137.281898262787,0.0
960,persistent_damage,13015,0.2,2.3,pulse_only,0.8996531481111172,0.5524736409381642,241392,8253,5415,129.96,241392,0,8253,0,133,1.0,4.547473508864641e-13,1.0000000000000004,0.0,13.0,287668.8,1920,0.9841842887757495,63024,0.9136419369186439,45960,0.8892155212040065,44528,0.8978775671609094,87880,1,0.024,21137.281898262787,0.006148378047164193
960,persistent_damage,13015,0.2,4.0,hybrid_50,0.8965724636766454,0.5058203032006621,236984,8266,4825,115.8,209456,27528,7172,1094,123,1.0,3.410605131648481e-13,1.0000000000000004,0.0,7.999999999999986,483264.00000000006,1920,0.984833867143981,57216,0.9043570856137559,45736,0.8863907913423009,45144,0.8977709888752625,88888,1,0.024,21137.281898262787,0.005478471667140763
960,persistent_damage,13015,0.2,2.3,pulse_only,0.8704766856377497,0.3886022064043952,236328,8262,4755,570.6,236328,0,8262,0,159,1.0,2.2737367544323206e-13,1.0000000000000004,0.0,13.0,287668.8,1920,0.9806049562082314,62544,0.890168721042923,44800,0.8627322771574493,43416,0.8645028721753133,85568,5,0.12,21137.281898262787,0.02699495624585941
960,persistent_damage,13015,0.2,4.0,hybrid_50,0.8590974411921547,0.2966102354409428,237080,8507,4114,493.68,203960,33120,7157,1350,167,1.0,2.2737367544323206e-13,1.0000000000000004,0.0,7.999999999999986,483264.00000000006,1920,0.9836017816585851,56720,0.8729452850786664,45920,0.8557528668808926,44720,0.8538458064045298,89720,5,0.12,21137.281898262787,0.023355888537427046
960,persistent_damage,13015,0.2,2.3,pulse_only,0.7938729277574269,0.18798398868896327,216184,8274,2201,1056.48,216184,0,8274,0,230,1.0,2.2737367544323206e-13,1.0000000000000004,0.0,13.0,287668.8,1920,0.9732325182039034,58144,0.8248634579925612,40400,0.7836491590643303,39184,0.783489546986408,78456,20,0.48,21137.281898262787,0.04998182855700236
960,persistent_damage,13015,0.2,4.0,hybrid_50,0.7890185942698207,0.17306873963409325,232520,9034,1963,942.24,187368,45152,7157,1877,242,1.0,2.2737367544323206e-13,1.0000000000000004,0.0,7.999999999999986,483264.00000000006,1920,0.9746860018670802,53352,0.8244869661707568,44136,0.7761138930059853,44960,0.7777367589512701,90072,20,0.48,21137.281898262787,0.044577160135118414
960,persistent_damage,13016,0.2,4.0,fixed,0.6741250489089389,0.002868460476415351,0,0,0,0.0,0,0,0,0,348,1.0,3.410605131648481e-13,1.0000000000000004,0.0,-1.0,483264.00000000006,1920,0.9169730072193836,0,0.7294074595007741,0,0.6601992148510422,0,0.6534467606419697,0,0,0.0,21092.264582010663,0.0
960,persistent_damage,13016,0.2,2.3,pulse_only,0.8761456706558218,0.32924752688547676,243864,8245,5748,137.952,243864,0,8245,0,136,1.0,4.547473508864641e-13,1.0000000000000004,0.0,13.0,287668.8,1920,0.9517223092788517,62664,0.8766052151331732,45248,0.8779499517928552,46128,0.8750137578486296,89824,1,0.024,21092.264582010663,0.0065404072409397706
960,persistent_damage,13016,0.2,4.0,hybrid_50,0.8748068608958641,0.35381497705063625,241624,8393,5024,120.57600000000001,210416,31208,7146,1247,141,1.0,4.547473508864641e-13,1.0000000000000004,0.0,7.999999999999986,483264.00000000006,1920,0.9548866467076501,58368,0.8850730902901982,46776,0.8712587987386926,45968,0.871447777277283,90512,1,0.024,21092.264582010663,0.005716598117341929
960,persistent_damage,13016,0.2,2.3,pulse_only,0.8503923498783577,0.2222729552372451,236192,8251,4771,572.52,236192,0,8251,0,161,1.0,3.410605131648481e-13,1.0000000000000004,0.0,13.0,287668.8,1920,0.9482867547068836,62416,0.8661720803696017,44120,0.8441078650395339,43664,0.8456447270521479,85992,5,0.12,21092.264582010663,0.027143600336224465
960,persistent_damage,13016,0.2,4.0,hybrid_50,0.8490987394554468,0.19609863288885576,239392,8570,4214,505.68,204536,34856,7141,1429,173,1.0,2.2737367544323206e-13,1.0000000000000004,0.0,7.999999999999986,483264.00000000006,1920,0.9509321596362594,57648,0.8629914088140381,46048,0.8424643808585043,45792,0.8454695840746224,89904,5,0.12,21092.264582010663,0.023974666069346028
960,persistent_damage,13016,0.2,2.3,pulse_only,0.7772539484497653,0.05729698525762899,220656,8259,2805,1346.3999999999999,220656,0,8259,0,233,1.0,2.2737367544323206e-13,1.0000000000000004,0.0,13.0,287668.8,1920,0.9364107886109949,59296,0.8064443299479035,40856,0.7671455940333629,40416,0.7677129349088972,80088,20,0.48,21092.264582010663,0.0638338284997775
960,persistent_damage,13016,0.2,4.0,hybrid_50,0.785279457513441,0.0626061850986211,235368,8945,2586,1241.28,191688,43680,7127,1818,226,1.0,3.410605131648481e-13,1.0000000000000004,0.0,7.999999999999986,483264.00000000006,1920,0.9402501353392465,55312,0.810504075519956,45056,0.7778699366765697,45424,0.7763719089286188,89576,20,0.48,21092.264582010663,0.05885001087359167
960,persistent_damage,13017,0.2,4.0,fixed,0.650291753222579,0.0021338006054968228,0,0,0,0.0,0,0,0,0,378,1.0,3.410605131648481e-13,1.0000000000000004,0.0,-1.0,483264.00000000006,1920,0.9133503335311501,0,0.7093173480537591,0,0.6369961957150466,0,0.6274267345607552,0,0,0.0,21198.268406522657,0.0
960,persistent_damage,13017,0.2,2.3,pulse_only,0.8439825459684606,0.21639544509290945,235928,8244,4759,114.21600000000001,235928,0,8244,0,178,1.0,3.410605131648481e-13,1.0000000000000004,0.0,13.0,287668.8,1920,0.9586447511336066,62232,0.8511988905456409,44496,0.8381649541135888,43240,0.8432831696073063,85960,1,0.024,21198.268406522657,0.005387987254886159
960,persistent_damage,13017,0.2,4.0,hybrid_50,0.8301834766697471,0.20650903176756805,246704,8869,4231,101.544,203584,43120,7139,1730,199,1.0,3.410605131648481e-13,1.0000000000000004,0.0,7.999999999999986,483264.00000000006,1920,0.9625603256647072,58720,0.8428964029726623,47880,0.8263684925922362,47160,0.8257345055570451,92944,1,0.024,21198.268406522657,0.004790202579412342
960,persistent_damage,13017,0.2,2.3,pulse_only,0.8016657407077676,0.15697139343244182,230992,8242,4148,497.76,230992,0,8242,0,211,1.0,2.2737367544323206e-13,1.0000000000000004,0.0,13.0,287668.8,1920,0.9534918763750888,61464,0.8095267396155948,43112,0.7933614500531752,42152,0.8018873865811504,84264,5,0.12,21198.268406522657,0.02348116319948286
960,persistent_damage,13017,0.2,4.0,hybrid_50,0.8021069015730247,0.16157179483310954,244096,8943,3683,441.96,199824,44272,7130,1813,209,1.0,2.2737367544323206e-13,1.0000000000000004,0.0,7.999999999999986,483264.00000000006,1920,0.9581645576245907,57456,0.8077103004399523,47600,0.7986212168135541,46408,0.801048044519296,92632,5,0.12,21198.268406522657,0.020848872725095318
960,persistent_damage,13017,0.2,2.3,pulse_only,0.7672650469303249,0.023928353173338246,217960,8253,2486,1193.28,217960,0,8253,0,243,1.0,2.2737367544323206e-13,1.0000000000000004,0.0,13.0,287668.8,1920,0.9375688828275105,57672,0.7858143403228522,40512,0.7611866157815993,39696,0.7610296158084241,80080,20,0.48,21198.268406522657,0.05629139027378437
960,persistent_damage,13017,0.2,4.0,hybrid_50,0.7656167667425109,0.06899095217832589,235168,9103,2087,1001.76,187640,47528,7126,1977,242,1.0,2.2737367544323206e-13,1.0000000000000004,0.0,7.999999999999986,483264.00000000006,1920,0.9412450130753521,54544,0.787187943424094,45288,0.757049918077965,45576,0.7591146027339926,89760,20,0.48,21198.268406522657,0.04725669006491874
960,persistent_damage,13018,0.2,4.0,fixed,0.6492051276183619,0.0020045500124743244,0,0,0,0.0,0,0,0,0,368,1.0,3.410605131648481e-13,1.0000000000000004,0.0,-1.0,483264.00000000006,1920,0.9123754099550702,0,0.6952464938748002,0,0.6374472947218084,0,0.6320633609384193,0,0,0.0,21082.11576391477,0.0
960,persistent_damage,13018,0.2,2.3,pulse_only,0.8599851979303708,0.24551831397605994,243080,8236,5677,136.248,243080,0,8236,0,159,1.0,3.410605131648481e-13,1.0000000000000004,0.0,13.0,287668.8,1920,0.9720370510184261,62352,0.8495068329238233,45800,0.8559994907903403,44520,0.8672172340036599,90408,1,0.024,21082.11576391477,0.0064627289559432664
960,persistent_damage,13018,0.2,4.0,hybrid_50,0.8815882128202065,0.3706881935396152,242000,8373,5131,123.144,210824,31176,7153,1220,121,1.0,4.547473508864641e-13,1.0000000000000004,0.0,7.999999999999986,483264.00000000006,1920,0.9732177531966443,57680,0.875672974502736,47264,0.8764397076085919,46072,0.8871200845847491,90984,1,0.024,21082.11576391477,0.00584115946326315
960,persistent_damage,13018,0.2,2.3,pulse_only,0.8452835917956569,0.22027502333012472,237984,8241,5025,603.0,237984,0,8241,0,166,1.0,3.410605131648481e-13,1.0000000000000004,0.0,13.0,287668.8,1920,0.9664073253818252,61456,0.845774035739208,45240,0.8402036129682111,43352,0.8475783592376042,87936,5,0.12,21082.11576391477,0.02860244231426362
960,persistent_damage,13018,0.2,4.0,hybrid_50,0.8427559456470812,0.2173988514069737,245176,8739,4430,531.6,205560,39616,7140,1599,177,1.0,3.410605131648481e-13,1.0000000000000004,0.0,7.999999999999986,483264.00000000006,1920,0.9713975775871269,56672,0.8440034718930752,48104,0.8417045733161915,46720,0.8426578686895291,93680,5,0.12,21082.11576391477,0.02521568546312196
960,persistent_damage,13018,0.2,2.3,pulse_only,0.7944104748618729,0.12773297215793397,220152,8251,2766,1327.68,220152,0,8251,0,222,1.0,3.410605131648481e-13,1.0000000000000004,0.0,13.199999999999989,287668.8,1920,0.9540317975074555,58200,0.8189644641564965,41752,0.7856617834133868,39648,0.7865078259388042,80552,20,0.48,21082.11576391477,0.06297660134627119
960,persistent_damage,13018,0.2,4.0,hybrid_50,0.7897378477666079,0.11210591953388482,235104,8977,2457,1179.36,190752,44352,7135,1842,227,1.0,2.2737367544323206e-13,1.0000000000000004,0.0,7.999999999999986,483264.00000000006,1920,0.9597322331686019,54616,0.8135715206016715,45544,0.7811190233012318,45024,0.7821304235817643,89920,20,0.48,21082.11576391477,0.05594125434121052
960,persistent_damage,13019,0.2,4.0,fixed,0.6943428964040887,0.0022791625107601997,0,0,0,0.0,0,0,0,0,339,1.0,3.410605131648481e-13,1.0000000000000004,0.0,-1.0,483264.00000000006,1920,0.9209803029672256,0,0.7393210486471824,0,0.6850092913736796,0,0.6765206227977466,0,0,0.0,21142.519673923343,0.0
960,persistent_damage,13019,0.2,2.3,pulse_only,0.8784368404984618,0.3824187159802636,241512,8255,5424,130.17600000000002,241512,0,8255,0,138,1.0,3.410605131648481e-13,1.0000000000000002,0.0,13.0,287668.8,1920,0.979355142715946,62632,0.8700583001092801,45184,0.8745649804433381,44176,0.8845620407206145,89520,1,0.024,21142.519673923343,0.00615707124825599
960,persistent_damage,13019,0.2,4.0,hybrid_50,0.8812048266273041,0.4417268288995996,242976,8527,4791,114.98400000000001,207768,35208,7148,1379,148,1.0,3.410605131648481e-13,1.0000000000000004,0.0,7.999999999999986,483264.00000000006,1920,0.9859621888949057,57416,0.8732161011718375,48336,0.8763798783534453,45736,0.8876116634919667,91488,1,0.024,21142.519673923343,0.005438519238642044
960,persistent_damage,13019,0.2,2.3,pulse_only,0.8558761438879052,0.273951999445336,234248,8263,4492,539.04,234248,0,8263,0,166,1.0,3.410605131648481e-13,1.0000000000000004,0.0,13.0,287668.8,1920,0.9764155672615583,61864,0.8606544183443096,43720,0.8475804757689712,42560,0.8576348407191702,86104,5,0.12,21142.519673923343,0.02549554207887712
960,persistent_damage,13019,0.2,4.0,hybrid_50,0.8559835135792287,0.24749564605994906,237528,8596,3903,468.35999999999996,201680,35848,7147,1449,167,1.0,3.410605131648481e-13,1.0000000000000004,0.0,7.999999999999986,483264.00000000006,1920,0.9805287181929182,57216,0.8597340138979728,46040,0.8543859534448209,44840,0.8549070434870607,89432,5,0.12,21142.519673923343,0.022152515746628985
960,persistent_damage,13019,0.2,2.3,pulse_only,0.8035982618014383,0.1289790217093071,219416,8279,2590,1243.2,219416,0,8279,0,224,1.0,3.410605131648481e-13,1.0000000000000004,0.0,13.0,287668.8,1920,0.9605497076277504,58008,0.8216018846590507,40808,0.7989282660198942,39816,0.7969314482634041,80784,20,0.48,21142.519673923343,0.05880093854344768
960,persistent_damage,13019,0.2,4.0,hybrid_50,0.8067810935612831,0.11265994938433858,233016,8917,2376,1140.48,190424,42592,7147,1770,214,1.0,3.410605131648481e-13,1.0000000000000004,0.0,7.999999999999986,483264.00000000006,1920,0.9627218348875293,54472,0.8251068362988074,44280,0.7970007013947623,45040,0.8025084182757817,89224,20,0.48,21142.519673923343,0.053942482617463976
960,persistent_damage,13020,0.2,4.0,fixed,0.681754960936837,0.006324772352017788,0,0,0,0.0,0,0,0,0,351,1.0,2.2737367544323206e-13,1.0000000000000004,0.0,-1.0,483264.00000000006,1920,0.9304801526523232,0,0.733893554478807,0,0.6676133482368303,0,0.6627564705158554,0,0,0.0,21094.95071463735,0.0
960,persistent_damage,13020,0.2,2.3,pulse_only,0.8734032308733545,0.2977546494084854,241432,8252,5423,130.15200000000002,241432,0,8252,0,140,1.0,3.410605131648481e-13,1.0000000000000004,0.0,13.0,287668.8,1920,0.9636512084019708,62376,0.8724217286178139,45304,0.8697222859704177,44208,0.8757344544525933,89544,1,0.024,21094.95071463735,0.0061698176857882025
960,persistent_damage,13020,0.2,4.0,hybrid_50,0.8771256882846227,0.3054900766336441,240520,8447,4724,113.376,208520,32000,7160,1287,135,1.0,3.410605131648481e-13,1.0000000000000004,0.0,7.999999999999986,483264.00000000006,1920,0.9624097270996138,57880,0.8792166285415418,46696,0.874535307875904,45288,0.8773754083605223,90656,1,0.024,21094.95071463735,0.005374556287601599
960,persistent_damage,13020,0.2,2.3,pulse_only,0.8586119909320243,0.23170845993301561,236120,8253,4756,570.72,236120,0,8253,0,171,1.0,3.410605131648481e-13,1.0000000000000004,0.0,13.0,287668.8,1920,0.9589025330704234,61640,0.8609299573598004,44040,0.8526892289683006,42808,0.8604143886999981,87632,5,0.12,21094.95071463735,0.027054815520568588
960,persistent_damage,13020,0.2,4.0,hybrid_50,0.8513819886669004,0.22382939583080394,241384,8675,4148,497.76,204336,37048,7151,1524,170,1.0,3.410605131648481e-13,1.0000000000000004,0.0,7.999999999999986,483264.00000000006,1920,0.960675393396571,57464,0.8559371586371783,46688,0.8482150349374489,45624,0.8506878805464871,91608,5,0.12,21094.95071463735,0.02359616795191726
960,persistent_damage,13020,0.2,2.3,pulse_only,0.8105207089731098,0.15804056902623276,222080,8258,2986,1433.28,222080,0,8258,0,215,1.0,2.8421709430404007e-13,1.0000000000000004,0.0,13.0,287668.8,1920,0.9513013977457749,58456,0.8271284136132443,41352,0.8038597956648779,40200,0.8055473133071586,82072,20,0.48,21094.95071463735,0.06794422131574247
960,persistent_damage,13020,0.2,4.0,hybrid_50,0.805349143147949,0.14498206795735827,236896,8952,2756,1322.8799999999999,193824,43072,7159,1793,217,1.0,2.2737367544323206e-13,1.0000000000000004,0.0,7.999999999999986,483264.00000000006,1920,0.9489668056076469,55096,0.8261971744609,45184,0.7979721684084607,45544,0.7986136148612176,91072,20,0.48,21094.95071463735,0.06271074144212534
960,persistent_damage,13021,0.2,4.0,fixed,0.6810940725491085,0.0009918629769897348,0,0,0,0.0,0,0,0,0,357,1.0,3.410605131648481e-13,1.0000000000000004,0.0,-1.0,483264.00000000006,1920,0.9096333741054563,0,0.7450278333517005,0,0.6650805067202521,0,0.6571339750622407,0,0,0.0,21126.6387716723,0.0
960,persistent_damage,13021,0.2,2.3,pulse_only,0.864802939023148,0.2514632072034131,240696,8241,5364,128.736,240696,0,8241,0,141,1.0,4.547473508864641e-13,1.0000000000000004,0.0,13.0,287668.8,1920,0.9396803953767946,61456,0.8620260174957592,45744,0.8617288556071526,44560,0.8677284414948399,88936,1,0.024,21126.6387716723,0.006093539128080134
960,persistent_damage,13021,0.2,4.0,hybrid_50,0.8639302240214792,0.26058028289656743,242352,8527,4713,113.11200000000001,207984,34368,7146,1381,150,1.0,4.547473508864641e-13,1.0000000000000004,0.0,7.999999999999986,483264.00000000006,1920,0.9445242639486215,58312,0.8694779779090468,47016,0.865455378280064,46080,0.860393769948403,90944,1,0.024,21126.6387716723,0.005353998864772871
960,persistent_damage,13021,0.2,2.3,pulse_only,0.8499135564937835,0.1971304591213036,235672,8241,4736,568.3199999999999,235672,0,8241,0,164,1.0,3.410605131648481e-13,1.0000000000000004,0.0,13.0,287668.8,1920,0.9380354533644757,61048,0.848616234127006,44680,0.847621354843145,43504,0.8517083185024912,86440,5,0.12,21126.6387716723,0.02690063507698314
960,persistent_damage,13021,0.2,4.0,hybrid_50,0.8475470086992211,0.2403422011999545,237552,8589,3927,471.24,202576,34976,7148,1441,164,1.0,3.410605131648481e-13,1.0000000000000004,0.0,7.999999999999986,483264.00000000006,1920,0.944300185729431,57376,0.8535415627324453,45936,0.8424344506309119,45552,0.8471060107167637,88688,5,0.12,21126.6387716723,0.022305488586848145
960,persistent_damage,13021,0.2,2.3,pulse_only,0.7950903992071222,0.05798942412758203,221488,8248,2942,1412.1599999999999,221488,0,8248,0,215,1.0,3.410605131648481e-13,1.0000000000000004,0.0,13.0,287668.8,1920,0.9280770765795017,58168,0.8177851133089901,41816,0.7872911189910787,40632,0.7876426822642099,80872,20,0.48,21126.6387716723,0.06684262533486858
960,persistent_damage,13021,0.2,4.0,hybrid_50,0.7833414640139208,0.05492164562428541,236592,8982,2628,1261.44,192352,44240,7140,1842,224,1.0,3.410605131648481e-13,1.0000000000000004,0.0,7.999999999999986,483264.00000000006,1920,0.9302123519764969,55184,0.8075379219184453,45648,0.7729750370827954,45552,0.7764264485272209,90208,20,0.48,21126.6387716723,0.05970850420803354
960,persistent_damage,13022,0.2,4.0,fixed,0.6931710883063477,0.008231156196136338,0,0,0,0.0,0,0,0,0,345,1.0,3.410605131648481e-13,1.0000000000000002,0.0,-1.0,483264.00000000006,1920,0.9242957863739847,0,0.7513120218042233,0,0.6804466338250776,0,0.6704628487980449,0,0,0.0,21101.081273636733,0.0
960,persistent_damage,13022,0.2,2.3,pulse_only,0.8725629413658663,0.2675393062322607,242632,8233,5630,135.12,242632,0,8233,0,128,1.0,4.547473508864641e-13,1.0000000000000004,0.0,13.0,287668.8,1920,0.9605612156365204,61984,0.8711261892735926,45776,0.8686373040823782,45032,0.8752441360537472,89840,1,0.024,21101.081273636733,0.006403463322460931
960,persistent_damage,13022,0.2,4.0,hybrid_50,0.8738372652416838,0.23625926984099757,240880,8385,4955,118.92,210232,30648,7147,1238,123,1.0,3.410605131648481e-13,1.0000000000000004,0.0,7.999999999999986,483264.00000000006,1920,0.9609184923128605,57904,0.8670407082950071,47200,0.8742297494672515,46232,0.8770393016022384,89544,1,0.024,21101.081273636733,0.005635730153249362
960,persistent_damage,13022,0.2,2.3,pulse_only,0.8618926536392065,0.22499703010451588,237368,8239,4954,594.48,237368,0,8239,0,150,1.0,3.410605131648481e-13,1.0000000000000002,0.0,13.0,287668.8,1920,0.9556454338373621,61360,0.8706028280968076,44928,0.8597183536047626,44040,0.8586247164276278,87040,5,0.12,21101.081273636733,0.028172963853882283
960,persistent_damage,13022,0.2,4.0,hybrid_50,0.8621850688958345,0.23144899148950387,238096,8451,4409,529.0799999999999,206176,31920,7144,1307,143,1.0,3.410605131648481e-13,1.0000000000000004,0.0,7.999999999999986,483264.00000000006,1920,0.9573515852857903,57472,0.8634542440040304,46240,0.8560198984715613,45336,0.8646330665538728,89048,5,0.12,21101.081273636733,0.025073596615213356
960,persistent_damage,13022,0.2,2.3,pulse_only,0.8025208796518675,0.12592940667593963,221744,8254,2956,1418.8799999999999,221744,0,8254,0,212,1.0,2.2737367544323206e-13,1.0000000000000004,0.0,13.0,287668.8,1920,0.9403217477883727,58520,0.825763116193641,41976,0.7938034646605452,40408,0.7952584688766419,80840,20,0.48,21101.081273636733,0.06724205179820429
960,persistent_damage,13022,0.2,4.0,hybrid_50,0.8090878204109575,0.1310687764224711,236464,8862,2972,1426.56,194960,41504,7139,1723,204,1.0,3.410605131648481e-13,1.0000000000000004,0.0,7.999999999999986,483264.00000000006,1920,0.9425970146058907,55288,0.8253217179204304,45480,0.8008983263322819,45896,0.8050656186955586,89800,20,0.48,21101.081273636733,0.06760601418953423
960,persistent_damage,13023,0.2,4.0,fixed,0.7001179900239024,0.008746579434766968,0,0,0,0.0,0,0,0,0,331,1.0,3.410605131648481e-13,1.0000000000000004,0.0,-1.0,483264.00000000006,1920,0.944516208277724,0,0.7498414633902983,0,0.6882953291341504,0,0.6811675837855805,0,0,0.0,21078.734334325127,0.0
960,persistent_damage,13023,0.2,2.3,pulse_only,0.8816845702348797,0.3853204908693375,238408,8247,5060,121.44,238408,0,8247,0,133,1.0,3.410605131648481e-13,1.0000000000000004,0.0,13.0,287668.8,1920,0.9779478048988574,62280,0.8864365570310355,44808,0.8755025802591669,43288,0.8823995718246583,88032,1,0.024,21078.734334325127,0.005761256727935706
960,persistent_damage,13023,0.2,4.0,hybrid_50,0.8839355203918806,0.393662532422528,239960,8492,4519,108.456,206680,33280,7155,1337,159,1.0,3.410605131648481e-13,1.0000000000000004,0.0,7.999999999999986,483264.00000000006,1920,0.9806625142426736,56352,0.8872768465029652,46664,0.8817935836241761,46392,0.8833358257201906,90552,1,0.024,21078.734334325127,0.00514528046512677
960,persistent_damage,13023,0.2,2.3,pulse_only,0.843394854584803,0.2274851605714934,234760,8250,4595,551.4,234760,0,8250,0,170,1.0,3.410605131648481e-13,1.0000000000000004,0.0,13.0,287668.8,1920,0.9747637063701842,61592,0.8451738668087663,43864,0.8379589143594168,42624,0.8452233185855142,86680,5,0.12,21078.734334325127,0.0261590658743721
960,persistent_damage,13023,0.2,4.0,hybrid_50,0.8642024032880337,0.27889042490498245,239704,8640,4043,485.15999999999997,203688,36016,7160,1480,178,1.0,3.410605131648481e-13,1.0000000000000002,0.0,7.999999999999986,483264.00000000006,1920,0.9753747420403994,56232,0.8732648283208709,45824,0.8590648384974748,46160,0.8622399731668945,91488,5,0.12,21078.734334325127,0.02301656220458899
960,persistent_damage,13023,0.2,2.3,pulse_only,0.8019034685473987,0.16093672903880754,221240,8261,2872,1378.56,221240,0,8261,0,227,1.0,3.410605131648481e-13,1.0000000000000004,0.0,13.0,287668.8,1920,0.9634125680553743,57928,0.8246508750919209,41528,0.7937228298964001,40072,0.7946200846006368,81712,20,0.48,21078.734334325127,0.06540051115664564
960,persistent_damage,13023,0.2,4.0,hybrid_50,0.7996385476954754,0.16070560702792866,234912,8917,2613,1254.24,192456,42456,7148,1769,219,1.0,3.410605131648481e-13,1.0000000000000004,0.0,7.999999999999986,483264.00000000006,1920,0.9635579191289847,53552,0.821381143860153,44960,0.7910139480524949,45912,0.7930795494346268,90488,20,0.48,21078.734334325127,0.05950262383437154
960,persistent_damage,13024,0.2,4.0,fixed,0.6708992056309044,0.0025008690199503155,0,0,0,0.0,0,0,0,0,325,1.0,3.410605131648481e-13,1.0000000000000004,0.0,-1.0,483264.00000000006,1920,0.9159434331182547,0,0.7216059777205261,0,0.6580542805201127,0,0.6519682821414894,0,0,0.0,21065.200791001604,0.0
960,persistent_damage,13024,0.2,2.3,pulse_only,0.8528691146867727,0.21819339900790827,239816,8212,5341,128.184,239816,0,8212,0,156,1.0,3.410605131648481e-13,1.0000000000000004,0.0,13.0,287668.8,1920,0.9644499433614726,62488,0.8557529514711966,45176,0.8522970707101553,44952,0.8517132182828695,87200,1,0.024,21065.200791001604,0.006085106962510236
960,persistent_damage,13024,0.2,4.0,hybrid_50,0.867666917422818,0.28221138799911183,242048,8444,4924,118.176,209240,32808,7140,1304,138,1.0,4.547473508864641e-13,1.0000000000000004,0.0,7.999999999999986,483264.00000000006,1920,0.9619191152679832,57200,0.8676432725832537,47064,0.8599958721889329,47104,0.8715142624595426,90680,1,0.024,21065.200791001604,0.005610010612881558
960,persistent_damage,13024,0.2,2.3,pulse_only,0.8467400039163167,0.22303940163976047,235040,8219,4723,566.76,235040,0,8219,0,158,1.0,3.410605131648481e-13,1.0000000000000002,0.0,13.0,287668.8,1920,0.960078648497378,61552,0.8518489543137391,44320,0.8438666251278191,43968,0.845622218111854,85200,5,0.12,21065.200791001604,0.026905036682209182
960,persistent_damage,13024,0.2,4.0,hybrid_50,0.8454901905204867,0.21044105984726086,237808,8519,4169,500.28,203912,33896,7136,1383,163,1.0,3.410605131648481e-13,1.0000000000000004,0.0,7.999999999999986,483264.00000000006,1920,0.9571729283790666,56088,0.8578378130958518,46416,0.8386714154300839,46048,0.8427257667780056,89256,5,0.12,21065.200791001604,0.02374912088251748
960,persistent_damage,13024,0.2,2.3,pulse_only,0.8005273154981135,0.10790188092720855,221456,8222,3016,1447.6799999999998,221456,0,8222,0,205,1.0,3.410605131648481e-13,1.0000000000000004,0.0,13.0,287668.8,1920,0.9469452881837809,58176,0.8218403586941068,41616,0.7936226950231278,41480,0.7933231041376099,80184,20,0.48,21065.200791001604,0.06872376932758237
960,persistent_damage,13024,0.2,4.0,hybrid_50,0.7964033760729519,0.15630785939869707,233464,8879,2546,1222.08,191512,41952,7137,1742,209,1.0,3.410605131648481e-13,1.0000000000000004,0.0,7.999999999999986,483264.00000000006,1920,0.9469027593424546,53472,0.8135970688529227,45672,0.7883117577123648,45800,0.7918523388632599,88520,20,0.48,21065.200791001604,0.05801416336472968
960,persistent_damage,13025,0.2,4.0,fixed,0.6902420899603456,0.002453586792995641,0,0,0,0.0,0,0,0,0,337,1.0,3.410605131648481e-13,1.0000000000000004,0.0,-1.0,483264.00000000006,1920,0.9095812142187596,0,0.7323647451126949,0,0.679289709006076,0,0.6746569528613058,0,0,0.0,21091.347033133323,0.0
960,persistent_damage,13025,0.2,2.3,pulse_only,0.8502423740281777,0.24895860343022364,238736,8254,5080,121.92,238736,0,8254,0,166,1.0,3.410605131648481e-13,1.0000000000000004,0.0,13.0,287668.8,1920,0.9616420574139571,62320,0.8524083739580776,44592,0.8459790635509099,43720,0.8512910293018615,88104,1,0.024,21091.347033133323,0.005780569624522821
960,persistent_damage,13025,0.2,4.0,hybrid_50,0.8629070762378344,0.24762159557520635,243080,8608,4561,109.464,206104,36976,7145,1463,159,1.0,3.410605131648481e-13,1.0000000000000002,0.0,7.999999999999986,483264.00000000006,1920,0.9570801263483981,59000,0.8633246327292485,47024,0.8616906371743405,46432,0.8633065175238743,90624,1,0.024,21091.347033133323,0.0051899956806001155
960,persistent_damage,13025,0.2,2.3,pulse_only,0.8278350410987076,0.19341706462301125,232824,8257,4332,519.84,232824,0,8257,0,189,1.0,3.410605131648481e-13,1.0000000000000004,0.0,13.0,287668.8,1920,0.9590165873206252,61584,0.835926705801665,43216,0.8210453595439074,42448,0.8271840495246291,85576,5,0.12,21091.347033133323,0.02464707442267014
960,persistent_damage,13025,0.2,4.0,hybrid_50,0.828915018286703,0.2072947677944645,242728,8794,3959,475.08,201824,40904,7133,1661,181,1.0,3.410605131648481e-13,1.0000000000000004,0.0,7.999999999999986,483264.00000000006,1920,0.9544603179469913,57712,0.8355270641600796,46976,0.8242874688213281,47096,0.8279227700827023,90944,5,0.12,21091.347033133323,0.022524877109730165
960,persistent_damage,13025,0.2,2.3,pulse_only,0.7841823547542953,0.043197059807215187,220368,8265,2751,1320.48,220368,0,8265,0,243,1.0,3.410605131648481e-13,1.0000000000000004,0.0,13.0,287668.8,1920,0.9400072016545814,57952,0.8055389357903432,41096,0.7757963066515101,40352,0.7776970882876638,80968,20,0.48,21091.347033133323,0.0626076655002452
960,persistent_damage,13025,0.2,4.0,hybrid_50,0.774838659443502,0.07746158419960641,240072,9214,2367,1136.1599999999999,190032,50040,7133,2081,250,1.0,3.410605131648481e-13,1.0000000000000004,0.0,7.999999999999986,483264.00000000006,1920,0.9418054599512286,54896,0.7953308987816475,46360,0.765925358970464,46960,0.7690491900109485,91856,20,0.48,21091.347033133323,0.05386853661907683
960,persistent_damage,13026,0.2,4.0,fixed,0.6654769479009384,0.004616991792221094,0,0,0,0.0,0,0,0,0,361,1.0,3.410605131648481e-13,1.0000000000000004,0.0,-1.0,483264.00000000006,1920,0.92715732464558,0,0.7122711726026978,0,0.6539446273370725,0,0.6478459958319917,0,0,0.0,21103.370757427874,0.0
960,persistent_damage,13026,0.2,2.3,pulse_only,0.8364013224788748,0.202102837077606,238008,8254,4989,119.736,238008,0,8254,0,180,1.0,3.410605131648481e-13,1.0000000000000004,0.0,13.0,287668.8,1920,0.9638427740398362,61936,0.8318577954835753,44312,0.8314295470683566,43784,0.8411589736817839,87976,1,0.024,21103.370757427874,0.005673785547166954
960,persistent_damage,13026,0.2,4.0,hybrid_50,0.8438800446983329,0.22074501451348774,246192,8762,4488,107.712,205872,40320,7144,1618,176,1.0,3.410605131648481e-13,1.0000000000000004,0.0,7.999999999999986,483264.00000000006,1920,0.9656948047574844,58048,0.8437820746259462,48120,0.8377111806073391,47344,0.847013461780023,92680,1,0.024,21103.370757427874,0.005104018748383501
960,persistent_damage,13026,0.2,2.3,pulse_only,0.8142233452505621,0.17620834942038532,233600,8259,4423,530.76,233600,0,8259,0,195,1.0,3.410605131648481e-13,1.0000000000000004,0.0,13.0,287668.8,1920,0.9614463351144608,60736,0.8149093646848732,43768,0.8111228592038378,42872,0.8154305785567688,86224,5,0.12,21103.370757427874,0.025150484541109876
960,persistent_damage,13026,0.2,4.0,hybrid_50,0.8140627581644204,0.18300642672536696,245944,8928,3959,475.08,202024,43920,7135,1793,206,1.0,3.410605131648481e-13,1.0000000000000004,0.0,7.999999999999986,483264.00000000006,1920,0.9622718324870639,57280,0.8182173079427096,47648,0.8099943138182584,47224,0.814019705448357,93792,5,0.12,21103.370757427874,0.022512043476883112
960,persistent_damage,13026,0.2,2.3,pulse_only,0.7803158569994681,0.10006712125289631,219808,8266,2678,1285.44,219808,0,8266,0,242,1.0,2.2737367544323206e-13,1.0000000000000004,0.0,13.0,287668.8,1920,0.9543168374356328,57336,0.7989937153405732,41288,0.7730530770293149,39968,0.7746083178139925,81216,20,0.48,21103.370757427874,0.060911596293097225
960,persistent_damage,13026,0.2,4.0,hybrid_50,0.7746528880275463,0.08355543746965688,239480,9194,2353,1129.44,189776,49704,7126,2068,252,1.0,3.410605131648481e-13,1.0000000000000004,0.0,7.999999999999986,483264.00000000006,1920,0.9534174997782119,54184,0.7926512747817098,46504,0.7666782236289934,46368,0.7696410268497411,92424,20,0.48,21103.370757427874,0.05351941227694465
960,persistent_damage,13027,0.2,4.0,fixed,0.7028373222292252,0.024102115541733898,0,0,0,0.0,0,0,0,0,326,1.0,2.2737367544323206e-13,1.0000000000000004,0.0,-1.0,483264.00000000006,1920,0.9463856620489559,0,0.7588521823460925,0,0.6868366486079146,0,0.6828302289814469,0,0,0.0,21014.61459059464,0.0
960,persistent_damage,13027,0.2,2.3,pulse_only,0.9073011690772057,0.6023865012241757,245832,8265,5934,142.416,245832,0,8265,0,109,1.0,4.547473508864641e-13,1.0000000000000004,0.0,13.0,287668.8,1920,0.9786632781625909,63128,0.9061071915418542,45776,0.903998902889134,45688,0.9095492909389173,91240,1,0.024,21014.61459059464,0.006776997949976209
960,persistent_damage,13027,0.2,4.0,hybrid_50,0.9009599605974656,0.4756389468252708,237536,8153,5233,125.592,212600,24936,7157,996,109,1.0,4.547473508864641e-13,1.0000000000000004,0.0,7.999999999999986,483264.00000000006,1920,0.9740507650162309,58112,0.9005463351965769,45520,0.8992735943975353,44904,0.9020099563978751,89000,1,0.024,21014.61459059464,0.005976412246751854
960,persistent_damage,13027,0.2,2.3,pulse_only,0.8857586782224548,0.33767018282825284,241144,8266,5345,641.4,241144,0,8266,0,127,1.0,2.2737367544323206e-13,1.0000000000000002,0.0,13.0,287668.8,1920,0.9740023566253253,62384,0.8889329939266476,44824,0.8811917624174634,44776,0.8864549782728541,89160,5,0.12,21014.61459059464,0.03052161614646346
960,persistent_damage,13027,0.2,4.0,hybrid_50,0.8882460171798537,0.3896399673208986,235648,8285,4601,552.12,207944,27704,7160,1125,117,1.0,3.410605131648481e-13,1.0000000000000004,0.0,7.999999999999986,483264.00000000006,1920,0.9734396643342363,57240,0.8931044242367283,45448,0.8834474246915932,44584,0.8882161098955469,88376,5,0.12,21014.61459059464,0.026273144226357042
960,persistent_damage,13027,0.2,2.3,pulse_only,0.8086230010261397,0.20320892595323709,219224,8277,2572,1234.56,219224,0,8277,0,221,1.0,2.2737367544323206e-13,1.0000000000000004,0.0,13.0,287668.8,1920,0.9628839174335723,59080,0.8386462495014041,40760,0.798891503013499,40016,0.7984771257948275,79368,20,0.48,21014.61459059464,0.058747686981256514
960,persistent_damage,13027,0.2,4.0,hybrid_50,0.8082566708475968,0.17585292213999518,230896,8864,2270,1089.6,189448,41448,7140,1724,225,1.0,2.2737367544323206e-13,1.0000000000000004,0.0,7.999999999999986,483264.00000000006,1920,0.9618242165483295,54736,0.8405593556621176,44056,0.8011166572543555,44176,0.7956753352369569,87928,20,0.48,21014.61459059464,0.051849630422804154
960,persistent_damage,13028,0.2,4.0,fixed,0.7034207704307847,0.008114784735141154,0,0,0,0.0,0,0,0,0,331,1.0,3.410605131648481e-13,1.0000000000000004,0.0,-1.0,483264.00000000006,1920,0.9453170799293044,0,0.7420402360296046,0,0.6951842724097503,0,0.6882292866418921,0,0,0.0,21096.850119422445,0.0
960,persistent_damage,13028,0.2,2.3,pulse_only,0.8616309094683018,0.2952544981070517,237080,8226,4957,118.968,237080,0,8226,0,171,1.0,3.410605131648481e-13,1.0000000000000004,0.0,13.0,287668.8,1920,0.9801854717894157,62424,0.8679394037108784,44992,0.8531902380205798,43088,0.8626969980708742,86576,1,0.024,21096.850119422445,0.0056391356684320475
960,persistent_damage,13028,0.2,4.0,hybrid_50,0.8774143481608644,0.33390032703733924,238808,8424,4579,109.896,206640,32168,7151,1273,137,1.0,3.410605131648481e-13,1.0000000000000004,0.0,7.999999999999986,483264.00000000006,1920,0.9853833638996181,56784,0.8743815878322371,47120,0.8710084911067844,45384,0.8821336568522181,89520,1,0.024,21096.850119422445,0.005209118867409793
960,persistent_damage,13028,0.2,2.3,pulse_only,0.8550824661848656,0.25203886573278084,233976,8234,4545,545.4,233976,0,8234,0,166,1.0,3.410605131648481e-13,1.0000000000000004,0.0,13.0,287668.8,1920,0.9786195690419215,61600,0.8588625939139878,43848,0.8499686115575836,42720,0.8557493296339451,85808,5,0.12,21096.850119422445,0.025852200537647422
960,persistent_damage,13028,0.2,4.0,hybrid_50,0.8549048615132255,0.262306926900142,236648,8555,3916,469.91999999999996,201968,34680,7143,1412,165,1.0,3.410605131648481e-13,1.0000000000000004,0.0,7.999999999999986,483264.00000000006,1920,0.9847189666345206,55280,0.859622026898935,46392,0.8510011342504242,45480,0.8544981424517714,89496,5,0.12,21096.850119422445,0.022274415248718878
960,persistent_damage,13028,0.2,2.3,pulse_only,0.7938742906393922,0.17493019172537602,219896,8238,2773,1331.04,219896,0,8238,0,234,1.0,3.410605131648481e-13,1.0000000000000004,0.0,13.000000000000014,287668.8,1920,0.971479299692318,57104,0.8172734143417955,41240,0.7837292782218674,40312,0.7872472349969528,81240,20,0.48,21096.850119422445,0.06309188302829158
960,persistent_damage,13028,0.2,4.0,hybrid_50,0.8127931425675429,0.18733039429401685,235472,8941,2611,1253.28,192096,43376,7138,1803,218,1.0,3.410605131648481e-13,1.0000000000000004,0.0,7.999999999999986,483264.00000000006,1920,0.9708351124255679,52640,0.8298528396036923,45584,0.8052168627975383,46216,0.8080514339344702,91032,20,0.48,21096.850119422445,0.05940602473381511
960,persistent_damage,13029,0.2,4.0,fixed,0.6618824511290978,3.886899282473605e-05,0,0,0,0.0,0,0,0,0,367,1.0,2.2737367544323206e-13,1.0000000000000002,0.0,-1.0,483264.00000000006,1920,0.8885418257701777,0,0.7142251964523011,0,0.6529619055466189,0,0.6401713512587359,0,0,0.0,21091.435105554778,0.0
960,persistent_damage,13029,0.2,2.3,pulse_only,0.8261119267722734,0.08863096761310262,237896,8226,5059,121.416,237896,0,8226,0,171,1.0,3.410605131648481e-13,1.0000000000000004,0.0,13.0,287668.8,1920,0.9121097162976433,60768,0.8215954241302974,44824,0.8256515962492765,44608,0.8286003433547595,87696,1,0.024,21091.435105554778,0.005756649530596574
960,persistent_damage,13029,0.2,4.0,hybrid_50,0.8194436503041493,0.08603759797192585,249848,8910,4501,108.024,206056,43792,7137,1773,181,1.0,3.410605131648481e-13,1.0000000000000004,0.0,7.999999999999986,483264.00000000006,1920,0.9157206856357671,59480,0.8160319972766951,48888,0.8160628859195209,48408,0.8228398590101907,93072,1,0.024,21091.435105554778,0.005121699849222213
960,persistent_damage,13029,0.2,2.3,pulse_only,0.810852494856206,0.01464176311032902,234016,8234,4550,546.0,234016,0,8234,0,195,1.0,3.410605131648481e-13,1.0000000000000004,0.0,13.0,287668.8,1920,0.9098239932125476,60128,0.8121059872387508,44528,0.814653185861082,43888,0.8083254031624959,85472,5,0.12,21091.435105554778,0.025887285396535294
960,persistent_damage,13029,0.2,4.0,hybrid_50,0.8176998157677592,0.03832178731672389,247312,8951,4061,487.32,203240,44072,7134,1817,198,1.0,3.410605131648481e-13,1.0000000000000004,0.0,7.999999999999986,483264.00000000006,1920,0.913506891756311,58192,0.8135003781735498,48496,0.8142864671744307,47440,0.8215062088615283,93184,5,0.12,21091.435105554778,0.023105113405566993
960,persistent_damage,13029,0.2,2.3,pulse_only,0.7583177828684866,0.002196844530523846,220456,8243,2828,1357.44,220456,0,8243,0,248,1.0,3.410605131648481e-13,1.0000000000000004,0.0,13.0,287668.8,1920,0.9008632694987984,57456,0.7749514167104616,41496,0.7515443069964893,40840,0.7533877038834976,80664,20,0.48,21091.435105554778,0.06435977415507851
960,persistent_damage,13029,0.2,4.0,hybrid_50,0.7503807011522143,0.0016231118134883882,242736,9294,2460,1180.8,190624,52112,7124,2170,249,1.0,3.410605131648481e-13,1.0000000000000002,0.0,7.999999999999986,483264.00000000006,1920,0.9022323263793489,56352,0.7646719922271726,47200,0.7433883166803262,47128,0.7467312478506791,92056,20,0.48,21091.435105554778,0.05598481061580379
960,repeated_damage,13000,0.2,4.0,fixed,0.7408558429025475,0.043846582464900696,0,0,0,0.0,0,0,0,0,345,1.0,2.2737367544323206e-13,1.0000000000000004,0.0,-1.0,483264.00000000006,1920,0.9172965371514691,0,0.7133142102597834,0,0.8501160153431397,0,0.6999965730036336,0,0,0.0,21121.606632613468,0.0
960,repeated_damage,13000,0.2,2.3,pulse_only,0.8622166694348418,0.48742971337405777,236856,8244,4875,117.0,236856,0,8244,0,192,1.0,3.410605131648481e-13,1.0000000000000004,0.0,13.0,287668.8,1920,0.9646679168338799,62104,0.8322774779279686,43672,0.9415564721180886,43888,0.837516363846655,87192,1,0.024,21121.606632613468,0.005539351339842801
960,repeated_damage,13000,0.2,4.0,hybrid_50,0.8609153954362696,0.47459775084438616,244952,8734,4417,106.008,205176,39776,7143,1591,202,1.0,3.410605131648481e-13,1.0000000000000004,0.0,7.999999999999986,483264.00000000006,1920,0.963655486511806,57048,0.8290690455704691,49136,0.9430105269709961,43464,0.8357910046018066,95304,1,0.024,21121.606632613468,0.0050189363831970564
960,repeated_damage,13000,0.2,2.3,pulse_only,0.8514688444922872,0.40921558445647443,232720,8243,4361,523.3199999999999,232720,0,8243,0,202,1.0,3.410605131648481e-13,1.0000000000000004,0.0,13.0,287668.8,1920,0.957863118530218,60976,0.8224397341320275,42736,0.937443706192154,43312,0.8229959688224834,85696,5,0.12,21121.606632613468,0.02477652430056867
960,repeated_damage,13000,0.2,4.0,hybrid_50,0.8425392042558714,0.38040226122578435,242600,8826,3847,461.64,201368,41232,7145,1681,221,1.0,3.410605131648481e-13,1.0000000000000002,0.0,7.999999999999986,483264.00000000006,1920,0.9585165030179219,56624,0.8235366623072586,47568,0.9317864947935978,42712,0.8074168299613144,95696,5,0.12,21121.606632613468,0.021856291901923338
960,repeated_damage,13000,0.2,2.3,pulse_only,0.8208329211916895,0.2179409657054189,222464,8248,3064,1470.72,222464,0,8248,0,241,1.0,3.410605131648481e-13,1.0000000000000004,0.0,13.0,287668.8,1920,0.9422418681438915,57568,0.792057424659057,40960,0.9094409086341828,41536,0.790916675736759,82400,20,0.48,21121.606632613468,0.0696310666883214
960,repeated_damage,13000,0.2,4.0,hybrid_50,0.817764660032941,0.2354270856334318,236936,8952,2761,1325.28,193272,43664,7135,1817,244,1.0,2.2737367544323206e-13,1.0000000000000004,0.0,7.999999999999986,483264.00000000006,1920,0.9467573835192785,54272,0.7887944327787568,47088,0.9117447969012396,42272,0.785259705225884,93304,20,0.48,21121.606632613468,0.06274522686894758
960,repeated_damage,13001,0.2,4.0,fixed,0.7637010356543905,0.15630298804563636,0,0,0,0.0,0,0,0,0,349,1.0,3.410605131648481e-13,1.0000000000000004,0.0,-1.0,483264.00000000006,1920,0.9339188362813235,0,0.758311104412392,0,0.88296379906063,0,0.70676461957227,0,0,0.0,21152.777897683336,0.0
960,repeated_damage,13001,0.2,2.3,pulse_only,0.9071188957622467,0.6365419001834128,245128,8238,5927,142.248,245128,0,8238,0,153,1.0,6.821210263296962e-13,1.0000000000000004,0.0,13.0,287668.8,1920,0.9736794662300151,61992,0.8941333618505062,46520,0.9619453053458143,46640,0.8861984579263328,89976,1,0.024,21152.777897683336,0.006724790506857214
960,repeated_damage,13001,0.2,4.0,hybrid_50,0.9076212175681351,0.6321089621631026,240440,8217,5404,129.696,213688,26752,7161,1056,145,1.0,4.547473508864641e-13,1.0000000000000004,0.0,7.999999999999986,483264.00000000006,1920,0.9700677468480549,57464,0.9072119644967058,46328,0.9606068389008571,44152,0.8813330334374887,92496,1,0.024,21152.777897683336,0.006131393267935952
960,repeated_damage,13001,0.2,2.3,pulse_only,0.8900345783616253,0.5607711300747008,240120,8244,5283,633.9599999999999,240120,0,8244,0,172,1.0,4.547473508864641e-13,1.0000000000000004,0.0,13.0,287668.8,1920,0.969840829065696,61328,0.8767178319789676,45680,0.9563610347020054,45888,0.8635297233827639,87224,5,0.12,21152.777897683336,0.029970531675153247
960,repeated_damage,13001,0.2,4.0,hybrid_50,0.8944373828788372,0.5931613068498242,236264,8280,4693,563.16,208440,27824,7150,1130,154,1.0,3.410605131648481e-13,1.0000000000000004,0.0,7.999999999999986,483264.00000000006,1920,0.9662260007022435,57024,0.8830498130295539,46240,0.9541579002924885,43328,0.8702709090966533,89672,5,0.12,21152.777897683336,0.02662345355886697
960,repeated_damage,13001,0.2,2.3,pulse_only,0.8563355099123506,0.4268143347588566,221736,8252,2961,1421.28,221736,0,8252,0,217,1.0,3.410605131648481e-13,1.0000000000000004,0.0,13.0,287668.8,1920,0.9601680714087071,58608,0.8297589439760653,41256,0.936786439399475,41640,0.8293983281369312,80232,20,0.48,21152.777897683336,0.06719117493100797
960,repeated_damage,13001,0.2,4.0,hybrid_50,0.8552704994709833,0.44507268076607504,229536,8666,2694,1293.12,192736,36800,7136,1530,235,1.0,2.2737367544323206e-13,1.0000000000000004,0.0,7.999999999999986,483264.00000000006,1920,0.9582292831318932,55160,0.8496849103445275,43656,0.9372166662480772,42096,0.8170902106456644,88624,20,0.48,21152.777897683336,0.06113239623915415
960,repeated_damage,13002,0.2,4.0,fixed,0.7581079149787204,0.12260447486117584,0,0,0,0.0,0,0,0,0,346,1.0,2.2737367544323206e-13,1.0000000000000004,0.0,-1.0,483264.00000000006,1920,0.9358059496946093,0,0.7641177418606102,0,0.8792849676122751,0,0.6945144752209981,0,0,0.0,21151.588623325533,0.0
960,repeated_damage,13002,0.2,2.3,pulse_only,0.8973631378015752,0.6029702962816538,242880,8223,5691,136.584,242880,0,8223,0,142,1.0,4.547473508864641e-13,1.0000000000000004,0.0,13.0,287668.8,1920,0.9780440279086589,62432,0.8958741020136572,45608,0.9589944974023177,45848,0.867291975895163,88992,1,0.024,21151.588623325533,0.006457387311768063
960,repeated_damage,13002,0.2,4.0,hybrid_50,0.8975180029664518,0.5783586833390922,240768,8362,5010,120.24000000000001,210264,30504,7153,1209,153,1.0,3.410605131648481e-13,1.0000000000000002,0.0,7.999999999999986,483264.00000000006,1920,0.9791220615030061,57240,0.8859875855631592,47440,0.9624185481146335,44296,0.8708329390940073,91792,1,0.024,21151.588623325533,0.005684679394123703
960,repeated_damage,13002,0.2,2.3,pulse_only,0.8848825935825703,0.5901977434359685,237048,8228,4947,593.64,237048,0,8228,0,165,1.0,3.410605131648481e-13,1.0000000000000004,0.0,13.0,287668.8,1920,0.9720307000890681,61800,0.8805241531201603,44552,0.9561198551580469,45000,0.8514431830260372,85696,5,0.12,21151.588623325533,0.028065977008712533
960,repeated_damage,13002,0.2,4.0,hybrid_50,0.8790345739311586,0.5189910842556444,237440,8420,4420,530.4,206120,31320,7145,1275,191,1.0,3.410605131648481e-13,1.0000000000000004,0.0,7.999999999999986,483264.00000000006,1920,0.9743746863789472,56088,0.8692341519273866,46720,0.9555831754774881,43464,0.8456604841598797,91168,5,0.12,21151.588623325533,0.025076130660705354
960,repeated_damage,13002,0.2,2.3,pulse_only,0.8452752950665724,0.4066534146272328,217968,8234,2544,1221.12,217968,0,8234,0,232,1.0,2.2737367544323206e-13,1.0000000000000004,0.0,13.0,287668.8,1920,0.9629029958879267,58160,0.8367229997939563,40616,0.9359571833305084,40920,0.8042104985709126,78272,20,0.48,21151.588623325533,0.05773183384690898
960,repeated_damage,13002,0.2,4.0,hybrid_50,0.8442029202107346,0.3844766258461671,226344,8633,2394,1149.12,190496,35848,7143,1490,211,1.0,3.410605131648481e-13,1.0000000000000004,0.0,7.999999999999986,483264.00000000006,1920,0.9604025369592631,53592,0.8251642797914568,44920,0.9323008351342258,41488,0.809673282958628,86344,20,0.48,21151.588623325533,0.05432783420970916
960,repeated_damage,13003,0.2,4.0,fixed,0.7148671688808488,0.02169475723835337,0,0,0,0.0,0,0,0,0,354,1.0,3.410605131648481e-13,1.0000000000000002,0.0,-1.0,483264.00000000006,1920,0.8947336398505299,0,0.7027680092137663,0,0.8367432080551258,0,0.6599787291272515,0,0,0.0,21112.34018254185,0.0
960,repeated_damage,13003,0.2,2.3,pulse_only,0.8933550446717304,0.5901907171490529,242776,8213,5708,136.992,242776,0,8213,0,145,1.0,3.410605131648481e-13,1.0000000000000004,0.0,13.0,287668.8,1920,0.9596327381373166,61960,0.8748988184389357,46112,0.951110748530129,45760,0.8737053058589286,88944,1,0.024,21112.34018254185,0.006488716969106105
960,repeated_damage,13003,0.2,4.0,hybrid_50,0.8811257866616187,0.5528509927788364,246080,8550,5110,122.64,210176,35904,7149,1401,177,1.0,3.410605131648481e-13,1.0000000000000004,0.0,7.999999999999986,483264.00000000006,1920,0.9653642026264393,58224,0.8691585285397759,48616,0.9571825510959814,43744,0.8490810335053585,95496,1,0.024,21112.34018254185,0.0058089249670869305
960,repeated_damage,13003,0.2,2.3,pulse_only,0.8711091077546687,0.48294467648124095,238680,8218,5181,621.72,238680,0,8218,0,172,1.0,3.410605131648481e-13,1.0000000000000004,0.0,13.0,287668.8,1920,0.9568304590942139,61040,0.8513001018326191,45088,0.9459264942386387,44864,0.8436049174737085,87688,5,0.12,21112.34018254185,0.029448180288138344
960,repeated_damage,13003,0.2,4.0,hybrid_50,0.8696574710768419,0.5131477165416539,243688,8629,4574,548.88,206168,37520,7133,1496,191,1.0,3.410605131648481e-13,1.0000000000000004,0.0,7.999999999999986,483264.00000000006,1920,0.9573545693385579,57160,0.8595482496918532,47968,0.949218557321369,44232,0.8349315386470727,94328,5,0.12,21112.34018254185,0.02599806536150256
960,repeated_damage,13003,0.2,2.3,pulse_only,0.8338537121735878,0.31190508365318076,224360,8224,3373,1619.04,224360,0,8224,0,229,1.0,3.410605131648481e-13,1.0000000000000004,0.0,13.0,287668.8,1920,0.9442132484320311,58024,0.8332621856045572,42392,0.9269456872868718,42336,0.7876034879014611,81608,20,0.48,21112.34018254185,0.07668690377293234
960,repeated_damage,13003,0.2,4.0,hybrid_50,0.8343340300665083,0.33066743593078607,235104,8818,2934,1408.32,194184,40920,7121,1697,236,1.0,3.410605131648481e-13,1.0000000000000004,0.0,7.999999999999986,483264.00000000006,1920,0.9440683396587016,54376,0.8319013802476285,45856,0.9226412968687174,42904,0.7913967215748435,91968,20,0.48,21112.34018254185,0.06670601116803543
960,repeated_damage,13004,0.2,4.0,fixed,0.7580273141504316,0.0905682793759994,0,0,0,0.0,0,0,0,0,321,1.0,3.410605131648481e-13,1.0000000000000004,0.0,-1.0,483264.00000000006,1920,0.9263926540129772,0,0.7337677695955762,0,0.8704631829714937,0,0.713939152017328,0,0,0.0,21204.379941793384,0.0
960,repeated_damage,13004,0.2,2.3,pulse_only,0.8755560858311079,0.5300376404270394,240448,8239,5339,128.136,240448,0,8239,0,165,1.0,4.547473508864641e-13,1.0000000000000004,0.0,13.0,287668.8,1920,0.9571738600948667,61976,0.8664712444155499,45128,0.9337125287693907,44752,0.8510202850697457,88592,1,0.024,21204.379941793384,0.006042902473533152
960,repeated_damage,13004,0.2,4.0,hybrid_50,0.8738924711770523,0.5489155461963977,241944,8484,4791,114.98400000000001,208832,33112,7145,1339,176,1.0,4.547473508864641e-13,1.0000000000000004,0.0,7.999999999999986,483264.00000000006,1920,0.9546417203011694,57600,0.8628213229342793,46720,0.9351022424238434,44512,0.8488231596750432,93112,1,0.024,21204.379941793384,0.005422653259167885
960,repeated_damage,13004,0.2,2.3,pulse_only,0.8589764101770778,0.430086309352294,237600,8240,4980,597.6,237600,0,8240,0,177,1.0,3.410605131648481e-13,1.0000000000000004,0.0,13.0,287668.8,1920,0.9511319714888994,61440,0.8357874583043386,44416,0.9273661522466136,44184,0.8363760150786794,87560,5,0.12,21204.379941793384,0.028182856638129892
960,repeated_damage,13004,0.2,4.0,hybrid_50,0.8609835718041258,0.4430958713471251,239424,8552,4272,512.64,205192,34232,7149,1403,178,1.0,3.410605131648481e-13,1.0000000000000002,0.0,7.999999999999986,483264.00000000006,1920,0.9515158605977307,56456,0.8419145333029429,46664,0.9303432579870833,43536,0.8358382479632385,92768,5,0.12,21204.379941793384,0.024176137260660823
960,repeated_damage,13004,0.2,2.3,pulse_only,0.8401072563558246,0.3093169164125676,224584,8256,3305,1586.3999999999999,224584,0,8256,0,209,1.0,3.410605131648481e-13,1.0000000000000004,0.0,13.0,287668.8,1920,0.9398464445942161,58488,0.832014139461459,42008,0.9110466795351061,41968,0.8086841032133666,82120,20,0.48,21204.379941793384,0.07481473187873035
960,repeated_damage,13004,0.2,4.0,hybrid_50,0.8448986216310991,0.30984524177304285,229560,8570,2985,1432.8,195064,34496,7133,1437,205,1.0,2.2737367544323206e-13,1.0000000000000004,0.0,7.999999999999986,483264.00000000006,1920,0.9399370409047938,54728,0.8401324147609257,43664,0.9138788242273577,42296,0.8127916237680562,88872,20,0.48,21204.379941793384,0.06757094543358853
960,repeated_damage,13005,0.2,4.0,fixed,0.7578084610234548,0.13755191198955302,0,0,0,0.0,0,0,0,0,341,1.0,4.547473508864641e-13,1.0000000000000004,0.0,-1.0,483264.00000000006,1920,0.931490343732196,0,0.7521549732396585,0,0.8773000338578586,0,0.7008894184981512,0,0,0.0,21026.459249542353,0.0
960,repeated_damage,13005,0.2,2.3,pulse_only,0.8972693458935654,0.6411092114539905,243288,8250,5661,135.864,243288,0,8250,0,164,1.0,4.547473508864641e-13,1.0000000000000004,0.0,13.0,287668.8,1920,0.9675828251147085,62184,0.8922300677417689,46560,0.9537982157236304,46408,0.8715245500544312,88136,1,0.024,21026.459249542353,0.006461572934727806
960,repeated_damage,13005,0.2,4.0,hybrid_50,0.8876667730445015,0.5863214157298883,241896,8400,5037,120.888,210264,31632,7147,1253,195,1.0,3.410605131648481e-13,1.0000000000000004,0.0,7.999999999999986,483264.00000000006,1920,0.9650666271748081,57736,0.8901093008556289,46824,0.9530826658762555,43624,0.8537375627230609,93712,1,0.024,21026.459249542353,0.005749327481403279
960,repeated_damage,13005,0.2,2.3,pulse_only,0.878428105578894,0.5711393061349617,238240,8247,5039,604.68,238240,0,8247,0,201,1.0,4.547473508864641e-13,1.0000000000000004,0.0,13.0,287668.8,1920,0.9637546785261992,61456,0.8754206065350678,45536,0.9500863351652116,45632,0.844102740307648,85616,5,0.12,21026.459249542353,0.028758051596973512
960,repeated_damage,13005,0.2,4.0,hybrid_50,0.8722007418995431,0.5371799191120386,238816,8489,4385,526.1999999999999,205480,33336,7132,1357,199,1.0,3.410605131648481e-13,1.0000000000000004,0.0,7.999999999999986,483264.00000000006,1920,0.9633791820849714,57008,0.8693114845676853,46096,0.947514954834572,43528,0.8359882640979578,92184,5,0.12,21026.459249542353,0.025025611480994015
960,repeated_damage,13005,0.2,2.3,pulse_only,0.8409177941156801,0.38799449572601,220912,8254,2852,1368.96,220912,0,8254,0,237,1.0,3.410605131648481e-13,1.0000000000000004,0.0,13.0,287668.8,1920,0.9554792813647237,57856,0.8242430061663202,41280,0.9314978925780126,41472,0.8039651388591939,80304,20,0.48,21026.459249542353,0.06510653951543438
960,repeated_damage,13005,0.2,4.0,hybrid_50,0.8424786117115788,0.37981414907011984,229576,8678,2663,1278.24,192056,37520,7117,1561,226,1.0,3.410605131648481e-13,1.0000000000000004,0.0,7.999999999999986,483264.00000000006,1920,0.9559914943378094,54064,0.8261885518952237,44408,0.9328777310291357,41744,0.8054240819609778,89360,20,0.48,21026.459249542353,0.06079197571164157
960,repeated_damage,13006,0.2,4.0,fixed,0.7610020487882162,0.06360047672143121,0,0,0,0.0,0,0,0,0,320,1.0,3.410605131648481e-13,1.0000000000000004,0.0,-1.0,483264.00000000006,1920,0.9251859770136888,0,0.7567529846892475,0,0.8672821787275311,0,0.7099865158680427,0,0,0.0,21084.536383387152,0.0
960,repeated_damage,13006,0.2,2.3,pulse_only,0.8703730153607958,0.5263878696553657,239632,8249,5207,124.968,239632,0,8249,0,177,1.0,3.410605131648481e-13,1.0000000000000004,0.0,13.0,287668.8,1920,0.9652315721484314,61760,0.8557092991329803,44688,0.9412377303607787,45240,0.8422725159747121,87944,1,0.024,21084.536383387152,0.0059269977640326165
960,repeated_damage,13006,0.2,4.0,hybrid_50,0.875608821633954,0.5411697310068073,244136,8586,4759,114.21600000000001,207928,36208,7144,1442,177,1.0,3.410605131648481e-13,1.0000000000000004,0.0,7.999999999999986,483264.00000000006,1920,0.9656794780744812,58192,0.8599895131689252,47896,0.9480875522018107,43232,0.8471791105825401,94816,1,0.024,21084.536383387152,0.005417050577881933
960,repeated_damage,13006,0.2,2.3,pulse_only,0.8517411529476959,0.4180643257605811,234296,8253,4528,543.36,234296,0,8253,0,211,1.0,3.410605131648481e-13,1.0000000000000004,0.0,13.0,287668.8,1920,0.9613499424722066,60784,0.8409389084664612,44112,0.9402683508657175,43960,0.8128786762293027,85440,5,0.12,21084.536383387152,0.02577054530011493
960,repeated_damage,13006,0.2,4.0,hybrid_50,0.853752503200684,0.4148186695584092,241656,8716,4059,487.08,202952,38704,7136,1580,218,1.0,3.410605131648481e-13,1.0000000000000004,0.0,7.999999999999986,483264.00000000006,1920,0.9630406563812723,57392,0.8382262231502191,46976,0.9391208316110331,42696,0.8188314790207417,94592,5,0.12,21084.536383387152,0.02310129049760744
960,repeated_damage,13006,0.2,2.3,pulse_only,0.8282075890763579,0.29212006900536747,223160,8259,3118,1496.6399999999999,223160,0,8259,0,255,1.0,3.410605131648481e-13,1.0000000000000004,0.0,13.0,287668.8,1920,0.9439565040714569,57776,0.810798926844124,41720,0.9170633438862097,41688,0.7924840427875489,81976,20,0.48,21084.536383387152,0.07098282707222468
960,repeated_damage,13006,0.2,4.0,hybrid_50,0.8196656016194162,0.31637686605039717,235744,8927,2687,1289.76,192392,43352,7122,1805,249,1.0,3.410605131648481e-13,1.0000000000000004,0.0,7.999999999999986,483264.00000000006,1920,0.9451204303030236,55200,0.7994167044861985,46144,0.9187302532430354,42096,0.7802577243742153,92304,20,0.48,21084.536383387152,0.06117089683870036
960,repeated_damage,13007,0.2,4.0,fixed,0.731985738804967,0.008789320027425836,0,0,0,0.0,0,0,0,0,359,1.0,3.410605131648481e-13,1.0000000000000004,0.0,-1.0,483264.00000000006,1920,0.8998031122690984,0,0.7248168480290856,0,0.8476989798888149,0,0.6777135636509836,0,0,0.0,21126.089772901727,0.0
960,repeated_damage,13007,0.2,2.3,pulse_only,0.8758142772869341,0.4856755778517071,242704,8246,5600,134.4,242704,0,8246,0,150,1.0,4.547473508864641e-13,1.0000000000000004,0.0,13.0,287668.8,1920,0.9477113746629823,62456,0.86794570362045,45352,0.9273622592237328,45160,0.8539745731517764,89736,1,0.024,21126.089772901727,0.00636180199198026
960,repeated_damage,13007,0.2,4.0,hybrid_50,0.8775512102963078,0.5071600923072027,242096,8422,4996,119.904,210088,32008,7148,1274,142,1.0,4.547473508864641e-13,1.0000000000000004,0.0,7.999999999999986,483264.00000000006,1920,0.9459920750253623,58912,0.862576678862659,47128,0.9294149652711471,43800,0.8591065985257127,92256,1,0.024,21126.089772901727,0.005675636205702389
960,repeated_damage,13007,0.2,2.3,pulse_only,0.8642274368876626,0.4196174866985684,237272,8251,4906,588.72,237272,0,8251,0,184,1.0,3.410605131648481e-13,1.0000000000000004,0.0,13.0,287668.8,1920,0.9453458863503995,61736,0.8555778751131813,44352,0.9258441959429583,44512,0.8377438382472553,86672,5,0.12,21126.089772901727,0.027866964797013533
960,repeated_damage,13007,0.2,4.0,hybrid_50,0.858057900588176,0.40897625579195307,241576,8594,4415,529.8,205848,35728,7138,1456,180,1.0,2.2737367544323206e-13,1.0000000000000004,0.0,7.999999999999986,483264.00000000006,1920,0.9403637724997115,58224,0.8406774661811283,47264,0.9241380030098854,43656,0.8337080665808451,92432,5,0.12,21126.089772901727,0.025077996245172183
960,repeated_damage,13007,0.2,2.3,pulse_only,0.8226365212905612,0.23304860745229772,221640,8264,2913,1398.24,221640,0,8264,0,238,1.0,3.410605131648481e-13,1.0000000000000004,0.0,13.0,287668.8,1920,0.928671256303165,58456,0.8011311792418657,41272,0.9052945765695605,41664,0.7920601646754092,80248,20,0.48,21126.089772901727,0.06618546143799463
960,repeated_damage,13007,0.2,4.0,hybrid_50,0.8248680462053454,0.23965406004642759,232416,8807,2631,1262.8799999999999,192272,40144,7137,1670,229,1.0,3.410605131648481e-13,1.0000000000000004,0.0,7.999999999999986,483264.00000000006,1920,0.9267203533539651,55960,0.8068153761152036,45352,0.9065566330210875,42192,0.7930500878425452,88912,20,0.48,21126.089772901727,0.059778218003214506
960,repeated_damage,13008,0.2,4.0,fixed,0.7239863455947486,0.010870474615902256,0,0,0,0.0,0,0,0,0,337,1.0,3.410605131648481e-13,1.0000000000000002,0.0,-1.0,483264.00000000006,1920,0.8951773657990012,0,0.7103120461200328,0,0.8320440696452034,0,0.676794633306879,0,0,0.0,21085.70282381166,0.0
960,repeated_damage,13008,0.2,2.3,pulse_only,0.8676499001314911,0.45596288374676613,241824,8251,5475,131.4,241824,0,8251,0,169,1.0,3.410605131648481e-13,1.0000000000000004,0.0,13.0,287668.8,1920,0.9445642644125407,61656,0.8427982449529738,45144,0.9385835079938156,45472,0.8446089237895875,89552,1,0.024,21085.70282381166,0.006231710704544912
960,repeated_damage,13008,0.2,4.0,hybrid_50,0.868265475966757,0.4842946587114669,246880,8665,4865,116.76,208560,38320,7151,1514,181,1.0,3.410605131648481e-13,1.0000000000000004,0.0,7.999999999999986,483264.00000000006,1920,0.946987170429242,58704,0.845602594471373,48584,0.9413417404919072,44480,0.8430587844518737,95112,1,0.024,21085.70282381166,0.005537401384038538
960,repeated_damage,13008,0.2,2.3,pulse_only,0.8564627284650417,0.43883418429543697,236112,8255,4749,569.88,236112,0,8255,0,192,1.0,3.410605131648481e-13,1.0000000000000004,0.0,13.0,287668.8,1920,0.9416181300398494,60984,0.829600811695385,44016,0.9309441702383257,44736,0.832652965963228,86376,5,0.12,21085.70282381166,0.02702684395971122
960,repeated_damage,13008,0.2,4.0,hybrid_50,0.8540085323307708,0.41468079471531194,243696,8767,4161,499.32,203944,39752,7157,1610,195,1.0,3.410605131648481e-13,1.0000000000000004,0.0,7.999999999999986,483264.00000000006,1920,0.9450485505436294,57648,0.8269242117337186,47768,0.9289630187033543,44096,0.8300734494430051,94184,5,0.12,21085.70282381166,0.023680500677270663
960,repeated_damage,13008,0.2,2.3,pulse_only,0.8168623740192328,0.18904764157744072,223424,8265,3133,1503.84,223424,0,8265,0,248,1.0,3.410605131648481e-13,1.0000000000000004,0.0,13.0,287668.8,1920,0.9298054333632491,58128,0.8152157092422038,41248,0.9008554852066325,42128,0.7756891508140475,81920,20,0.48,21085.70282381166,0.07132036397201537
960,repeated_damage,13008,0.2,4.0,hybrid_50,0.8186951307908195,0.2617940175562369,237224,8947,2812,1349.76,193832,43392,7145,1802,244,1.0,3.410605131648481e-13,1.0000000000000004,0.0,7.999999999999986,483264.00000000006,1920,0.9337446727145943,55368,0.8016722091280427,46632,0.9092344555175226,43040,0.7819369292588565,92184,20,0.48,21085.70282381166,0.064013042926686
960,repeated_damage,13009,0.2,4.0,fixed,0.73467834989231,0.02281147577226137,0,0,0,0.0,0,0,0,0,310,1.0,3.410605131648481e-13,1.0000000000000004,0.0,-1.0,483264.00000000006,1920,0.8993633781499824,0,0.71357921998855,0,0.8340560579568377,0,0.6955390608119261,0,0,0.0,21202.80151941738,0.0
960,repeated_damage,13009,0.2,2.3,pulse_only,0.8665405939397627,0.4747362178136742,238896,8229,5175,124.2,238896,0,8229,0,154,1.0,3.410605131648481e-13,1.0000000000000004,0.0,13.0,287668.8,1920,0.9512243834598499,61584,0.8521297675993632,45424,0.9282774347762502,44808,0.8428775866917186,87080,1,0.024,21202.80151941738,0.005857716485543597
960,repeated_damage,13009,0.2,4.0,hybrid_50,0.8654533988592434,0.460847007769362,241176,8494,4665,111.96000000000001,207016,34160,7129,1365,163,1.0,3.410605131648481e-13,1.0000000000000004,0.0,7.999999999999986,483264.00000000006,1920,0.9494286628512363,57696,0.8527929348367246,47040,0.9289828852941218,44168,0.8400188876530637,92272,1,0.024,21202.80151941738,0.005280434281171185
960,repeated_damage,13009,0.2,2.3,pulse_only,0.8563027287376946,0.40849052850177653,234032,8235,4549,545.88,234032,0,8235,0,185,1.0,3.410605131648481e-13,1.0000000000000004,0.0,13.0,287668.8,1920,0.9478997078968295,60648,0.8293779730077964,44216,0.9212636921675643,43952,0.8372846248877086,85216,5,0.12,21202.80151941738,0.025745654389118668
960,repeated_damage,13009,0.2,4.0,hybrid_50,0.8508489919128371,0.40490326992993814,238448,8607,3985,478.2,201976,36472,7119,1488,192,1.0,3.410605131648481e-13,1.0000000000000004,0.0,7.999999999999986,483264.00000000006,1920,0.9475429321246964,57176,0.8285605206306225,46848,0.9232702308289652,43168,0.8257826080958802,91256,5,0.12,21202.80151941738,0.022553623376706505
960,repeated_damage,13009,0.2,2.3,pulse_only,0.8110221596453203,0.19214171616640674,219872,8243,2755,1322.3999999999999,219872,0,8243,0,234,1.0,3.410605131648481e-13,1.0000000000000004,0.0,13.0,287668.8,1920,0.9354007214439299,57272,0.788623115382166,41336,0.9007658826144117,41248,0.7773498202923519,80016,20,0.48,21202.80151941738,0.06236911659003906
960,repeated_damage,13009,0.2,4.0,hybrid_50,0.8223221882585214,0.18770618571998948,229824,8765,2433,1167.84,190048,39776,7109,1656,227,1.0,3.410605131648481e-13,1.0000000000000004,0.0,7.999999999999986,483264.00000000006,1920,0.9348774861210574,54064,0.7935446394492349,45808,0.9011663547725629,42176,0.7972888794061441,87776,20,0.48,21202.80151941738,0.0550795138524737
960,repeated_damage,13010,0.2,4.0,fixed,0.7587366297984737,0.015189993575873416,0,0,0,0.0,0,0,0,0,317,1.0,4.547473508864641e-13,1.0000000000000004,0.0,-1.0,483264.00000000006,1920,0.9033916685962777,0,0.7479428030690368,0,0.8509182807964877,0,0.718042717664185,0,0,0.0,21054.77077418382,0.0
960,repeated_damage,13010,0.2,2.3,pulse_only,0.8897567070136668,0.4905959942171978,244664,8243,5854,140.496,244664,0,8243,0,132,1.0,6.821210263296962e-13,1.0000000000000004,0.0,13.0,287668.8,1920,0.9460346744431858,61600,0.8731281557495892,46032,0.9380235021427666,46240,0.8739375850811558,90792,1,0.024,21054.77077418382,0.006672881956628487
960,repeated_damage,13010,0.2,4.0,hybrid_50,0.884465127088405,0.5161159760968198,243208,8392,5225,125.4,211984,31224,7146,1246,136,1.0,4.547473508864641e-13,1.0000000000000004,0.0,7.999999999999986,483264.00000000006,1920,0.9443173399745148,58912,0.8640497507564597,47440,0.9373669961473217,44160,0.8682218807249192,92696,1,0.024,21054.77077418382,0.0059558948109641
960,repeated_damage,13010,0.2,2.3,pulse_only,0.877556987936088,0.4465045378079234,242032,8250,5504,660.48,242032,0,8250,0,155,1.0,5.684341886080801e-13,1.0000000000000004,0.0,13.0,287668.8,1920,0.9424881894505895,60976,0.865698647202982,45704,0.9306893840938949,45824,0.8569199602237375,89528,5,0.12,21054.77077418382,0.03136961247803484
960,repeated_damage,13010,0.2,4.0,hybrid_50,0.875159179069914,0.4310141212704416,239696,8421,4699,563.88,208064,31632,7132,1289,149,1.0,3.410605131648481e-13,1.0000000000000004,0.0,7.999999999999986,483264.00000000006,1920,0.9420238518971028,57928,0.8597536814691863,46920,0.9306905215789708,43696,0.8550962566157497,91152,5,0.12,21054.77077418382,0.026781578676287374
960,repeated_damage,13010,0.2,2.3,pulse_only,0.8419145154443983,0.2489938714978964,225504,8264,3396,1630.08,225504,0,8264,0,203,1.0,3.410605131648481e-13,1.0000000000000002,0.0,13.0,287668.8,1920,0.9325460982852799,58352,0.8305806002990606,42856,0.9066136597075671,43288,0.8152319008854828,81008,20,0.48,21054.77077418382,0.07742093312166155
960,repeated_damage,13010,0.2,4.0,hybrid_50,0.8460456602516341,0.2573467512581143,231112,8608,3065,1471.2,195560,35552,7129,1479,207,1.0,3.410605131648481e-13,1.0000000000000004,0.0,7.999999999999986,483264.00000000006,1920,0.9252111336356059,56440,0.8382522510014974,45800,0.9069214673984272,42712,0.8195044613033059,86160,20,0.48,21054.77077418382,0.06987489988748313
960,repeated_damage,13011,0.2,4.0,fixed,0.7497347812547684,0.10891304419838309,0,0,0,0.0,0,0,0,0,352,1.0,3.410605131648481e-13,1.0000000000000004,0.0,-1.0,483264.00000000006,1920,0.927278090894519,0,0.7472690394237181,0,0.8679876534495979,0,0.6918412160728787,0,0,0.0,21155.09881453881,0.0
960,repeated_damage,13011,0.2,2.3,pulse_only,0.9063117610861475,0.6541193583275559,245624,8255,5938,142.512,245624,0,8255,0,134,1.0,5.684341886080801e-13,1.0000000000000004,0.0,13.0,287668.8,1920,0.9640651493585325,62232,0.8917194477506366,45808,0.9571312324100789,46336,0.8881981820919373,91248,1,0.024,21155.09881453881,0.006736531993982407
960,repeated_damage,13011,0.2,4.0,hybrid_50,0.9002771381284045,0.6211435547083037,241960,8322,5279,126.696,212408,29552,7158,1164,148,1.0,3.410605131648481e-13,1.0000000000000004,0.0,7.999999999999986,483264.00000000006,1920,0.9641166272347187,58376,0.9011675007730469,45856,0.953385262663949,43816,0.8732778945383111,93912,1,0.024,21155.09881453881,0.005988910811086751
960,repeated_damage,13011,0.2,2.3,pulse_only,0.8893221948781743,0.5554500748663713,240120,8256,5247,629.64,240120,0,8256,0,165,1.0,3.410605131648481e-13,1.0000000000000004,0.0,13.0,287668.8,1920,0.9633778148292796,61528,0.882130642618885,44984,0.9532851530865315,45576,0.8609364919036405,88032,5,0.12,21155.09881453881,0.029763037531513718
960,repeated_damage,13011,0.2,4.0,hybrid_50,0.8861383215341226,0.5740592538362843,237912,8403,4530,543.6,206608,31304,7142,1261,154,1.0,3.410605131648481e-13,1.0000000000000004,0.0,7.999999999999986,483264.00000000006,1920,0.9607717627932308,57648,0.8768617155606203,45304,0.9483784492402406,43128,0.8596565606678148,91832,5,0.12,21155.09881453881,0.02569593291743037
960,repeated_damage,13011,0.2,2.3,pulse_only,0.8551720573164104,0.4238837375755338,223256,8268,3103,1489.44,223256,0,8268,0,215,1.0,3.410605131648481e-13,1.0000000000000004,0.0,13.0,287668.8,1920,0.9517757967571056,58560,0.8505246725295671,41472,0.9333913077841166,42176,0.8183861244759794,81048,20,0.48,21155.09881453881,0.07040572171548472
960,repeated_damage,13011,0.2,4.0,hybrid_50,0.846431252596269,0.3942732283934167,230328,8693,2712,1301.76,193128,37200,7149,1544,229,1.0,2.2737367544323206e-13,1.0000000000000004,0.0,7.999999999999986,483264.00000000006,1920,0.9544220510651135,55008,0.8420278849463908,44176,0.9350892412236106,41504,0.8043039421075373,89640,20,0.48,21155.09881453881,0.061534101608892854
960,repeated_damage,13012,0.2,4.0,fixed,0.7452129727057756,0.0950385141400474,0,0,0,0.0,0,0,0,0,350,1.0,3.410605131648481e-13,1.0000000000000004,0.0,-1.0,483264.00000000006,1920,0.9317919763172684,0,0.7247496628655895,0,0.8689150396576083,0,0.6935935941499523,0,0,0.0,21123.47789213649,0.0
960,repeated_damage,13012,0.2,2.3,pulse_only,0.8717196780344473,0.5190229694549113,238560,8265,5025,120.60000000000001,238560,0,8265,0,189,1.0,3.410605131648481e-13,1.0000000000000004,0.0,13.0,287668.8,1920,0.9653418157790843,61912,0.8568893031253272,44720,0.9476407809333742,44664,0.8411743140395441,87264,1,0.024,21123.47789213649,0.005709287107730259
960,repeated_damage,13012,0.2,4.0,hybrid_50,0.8658635032624529,0.5386923207270466,242176,8640,4352,104.44800000000001,204936,37240,7149,1491,205,1.0,3.410605131648481e-13,1.0000000000000004,0.0,7.999999999999986,483264.00000000006,1920,0.9681779064064421,58152,0.8571552369660215,46672,0.9427444750801413,43192,0.8317771505018241,94160,1,0.024,21123.47789213649,0.0049446402970830024
960,repeated_damage,13012,0.2,2.3,pulse_only,0.8570555513932316,0.431083624540897,232632,8264,4287,514.4399999999999,232632,0,8264,0,206,1.0,3.410605131648481e-13,1.0000000000000004,0.0,13.0,287668.8,1920,0.9631120167226586,60992,0.8384017361604799,43184,0.9415766321237067,43104,0.8241219186443701,85352,5,0.12,21123.47789213649,0.024353944110288177
960,repeated_damage,13012,0.2,4.0,hybrid_50,0.852615546240429,0.4328204856676308,239056,8670,3872,464.64,201600,37456,7130,1540,217,1.0,3.410605131648481e-13,1.0000000000000004,0.0,7.999999999999986,483264.00000000006,1920,0.9644870645597539,57408,0.8496047494276263,45872,0.9406939660290913,42224,0.8100817347524992,93552,5,0.12,21123.47789213649,0.02199637779217071
960,repeated_damage,13012,0.2,2.3,pulse_only,0.8204346107563971,0.3598406970013221,219360,8276,2592,1244.1599999999999,219360,0,8276,0,255,1.0,3.410605131648481e-13,1.0000000000000004,0.0,13.0,287668.8,1920,0.9465950992649284,56832,0.7974629920150977,40840,0.9180428803435812,40896,0.7831162853334547,80792,20,0.48,21123.47789213649,0.05889939177407693
960,repeated_damage,13012,0.2,4.0,hybrid_50,0.8280059054611824,0.37837566397539796,230992,8843,2345,1125.6,189896,41096,7133,1710,252,1.0,3.410605131648481e-13,1.0000000000000004,0.0,7.999999999999986,483264.00000000006,1920,0.95346634523649,54352,0.8255765415168357,44464,0.9228466838684166,41280,0.7818001982297383,90896,20,0.48,21123.47789213649,0.053286679672149076
960,repeated_damage,13013,0.2,4.0,fixed,0.7257658040110023,0.014504666730466468,0,0,0,0.0,0,0,0,0,376,1.0,3.410605131648481e-13,1.0000000000000002,0.0,-1.0,483264.00000000006,1920,0.8970066429602244,0,0.7272559007468722,0,0.8366480066203256,0,0.6695796543384057,0,0,0.0,21185.868208834865,0.0
960,repeated_damage,13013,0.2,2.3,pulse_only,0.8404349286570576,0.40689844745561227,238024,8250,5003,120.072,238024,0,8250,0,217,1.0,3.410605131648481e-13,1.0000000000000004,0.0,13.0,287668.8,1920,0.9450229997094819,61568,0.826350906055322,44248,0.9236912753454566,44616,0.8058487666137258,87592,1,0.024,21185.868208834865,0.005667551540320068
960,repeated_damage,13013,0.2,4.0,hybrid_50,0.8548471354815111,0.4471337030664611,249288,8849,4614,110.736,206704,42584,7145,1704,203,1.0,3.410605131648481e-13,1.0000000000000004,0.0,7.999999999999986,483264.00000000006,1920,0.9483158653622209,59080,0.8432732484037934,49056,0.9267034090805776,44872,0.8247059422208366,96280,1,0.024,21185.868208834865,0.005226880433147471
960,repeated_damage,13013,0.2,2.3,pulse_only,0.8257703205540334,0.3477502591331149,233424,8253,4419,530.28,233424,0,8253,0,246,1.0,3.410605131648481e-13,1.0000000000000004,0.0,13.0,287668.8,1920,0.9467553541372611,60872,0.8165072264838883,43400,0.9213240219247032,43624,0.782625016903771,85528,5,0.12,21185.868208834865,0.02502989232128161
960,repeated_damage,13013,0.2,4.0,hybrid_50,0.8382348706466068,0.39074156564840257,248360,8975,4120,494.4,203176,45184,7136,1839,245,1.0,3.410605131648481e-13,1.0000000000000004,0.0,7.999999999999986,483264.00000000006,1920,0.9437773416268336,58344,0.8288744676312936,48752,0.9218382810599005,44336,0.8011133669476168,96928,5,0.12,21185.868208834865,0.02333631055978281
960,repeated_damage,13013,0.2,2.3,pulse_only,0.8019453278608666,0.1997593702947411,223584,8257,3177,1524.96,223584,0,8257,0,276,1.0,2.8421709430404007e-13,1.0000000000000004,0.0,13.0,287668.8,1920,0.9266454626342787,58184,0.7900903264030934,41368,0.8999143365576879,42160,0.7588883242413423,81872,20,0.48,21185.868208834865,0.07198005694022329
960,repeated_damage,13013,0.2,4.0,hybrid_50,0.8145671521057636,0.25172002334336835,240400,9066,2852,1368.96,194016,46384,7141,1925,254,1.0,3.410605131648481e-13,1.0000000000000004,0.0,7.999999999999986,483264.00000000006,1920,0.9319103610224033,56016,0.806948353414121,46800,0.903618820572247,43152,0.7738507172183432,94432,20,0.48,21185.868208834865,0.06461665797718502
960,repeated_damage,13014,0.2,4.0,fixed,0.7334990236033475,0.014768155901318709,0,0,0,0.0,0,0,0,0,331,1.0,2.2737367544323206e-13,1.0000000000000004,0.0,-1.0,483264.00000000006,1920,0.899838462735546,0,0.7045269552959104,0,0.8406145977914511,0,0.6944272706630146,0,0,0.0,21177.33440246695,0.0
960,repeated_damage,13014,0.2,2.3,pulse_only,0.860366426976967,0.4162550937496919,241064,8260,5353,128.472,241064,0,8260,0,183,1.0,3.410605131648481e-13,1.0000000000000004,0.0,13.0,287668.8,1920,0.9506912615037486,62920,0.8349651461949102,44568,0.9308957467781377,44872,0.8378024074674101,88704,1,0.024,21177.33440246695,0.006066485873927282
960,repeated_damage,13014,0.2,4.0,hybrid_50,0.8522500109462201,0.4253716886734912,247608,8786,4593,110.232,206600,41008,7145,1641,204,1.0,2.2737367544323206e-13,1.0000000000000004,0.0,7.999999999999986,483264.00000000006,1920,0.948351873936966,59424,0.8360899085760681,48640,0.9308760220201798,44376,0.8210170565943161,95168,1,0.024,21177.33440246695,0.005205187674004858
960,repeated_damage,13014,0.2,2.3,pulse_only,0.851683626411893,0.3772405583148024,234624,8269,4521,542.52,234624,0,8269,0,195,1.0,3.410605131648481e-13,1.0000000000000004,0.0,13.0,287668.8,1920,0.9474079893584962,61920,0.8263995585248725,43176,0.9180834021557327,43640,0.8311257724834835,85888,5,0.12,21177.33440246695,0.0256179550121663
960,repeated_damage,13014,0.2,4.0,hybrid_50,0.8450092847156402,0.3511661643744901,243744,8813,4029,483.47999999999996,202864,40880,7142,1671,209,1.0,3.410605131648481e-13,1.0000000000000004,0.0,7.999999999999986,483264.00000000006,1920,0.9436804153332997,58216,0.8136506177341295,48088,0.9202531495869138,44224,0.8230666857707588,93216,5,0.12,21177.33440246695,0.022830068733470033
960,repeated_damage,13014,0.2,2.3,pulse_only,0.8047202742253519,0.14464004659904076,219760,8275,2645,1269.6,219760,0,8275,0,254,1.0,2.2737367544323206e-13,1.0000000000000004,0.0,13.0,287668.8,1920,0.9278733767473182,58168,0.775920756835002,40408,0.8925074429752313,41128,0.7752264485455871,80056,20,0.48,21177.33440246695,0.05995088786302133
960,repeated_damage,13014,0.2,4.0,hybrid_50,0.8056628169146473,0.17536827444066735,233176,8913,2408,1155.84,190488,42688,7136,1777,252,1.0,3.410605131648481e-13,1.0000000000000004,0.0,7.999999999999986,483264.00000000006,1920,0.9267072273033635,55088,0.786219174404243,45952,0.8948053387027556,41792,0.7708133772757949,90344,20,0.48,21177.33440246695,0.05457910698455779
960,repeated_damage,13015,0.2,4.0,fixed,0.7649264759935848,0.15414604483558705,0,0,0,0.0,0,0,0,0,334,1.0,3.410605131648481e-13,1.0000000000000004,0.0,-1.0,483264.00000000006,1920,0.9482916223305963,0,0.7383003834607399,0,0.8882305085669301,0,0.7165875059733346,0,0,0.0,21137.281898262787,0.0
960,repeated_damage,13015,0.2,2.3,pulse_only,0.9144248220381272,0.6677336452331679,244520,8257,5794,139.056,244520,0,8257,0,154,1.0,4.547473508864641e-13,1.0000000000000004,0.0,13.0,287668.8,1920,0.9841842887757495,63024,0.9136419369186439,45960,0.966886262609676,46320,0.8885855443120944,89216,1,0.024,21137.281898262787,0.0065787077387385665
960,repeated_damage,13015,0.2,4.0,hybrid_50,0.9077622673060571,0.6366167269901958,238576,8249,5075,121.8,211112,27464,7170,1079,164,1.0,3.410605131648481e-13,1.0000000000000004,0.0,7.999999999999986,483264.00000000006,1920,0.984833867143981,57216,0.9043570856137559,45736,0.968929548517023,43016,0.8788812175467247,92608,1,0.024,21137.281898262787,0.005762330302743911
960,repeated_damage,13015,0.2,2.3,pulse_only,0.8905618663541327,0.6031528244411993,238584,8258,5049,605.88,238584,0,8258,0,180,1.0,2.2737367544323206e-13,1.0000000000000004,0.0,13.0,287668.8,1920,0.9806049562082314,62544,0.890168721042923,44800,0.9629236550380785,45048,0.8545775446677646,86192,5,0.12,21137.281898262787,0.02866404502320592
960,repeated_damage,13015,0.2,4.0,hybrid_50,0.886951143773392,0.5972840791939578,234752,8323,4375,525.0,205984,28768,7158,1165,173,1.0,2.2737367544323206e-13,1.0000000000000004,0.0,7.999999999999986,483264.00000000006,1920,0.9836017816585851,56720,0.8729452850786664,45920,0.9652345718174519,42112,0.8548123590987251,90000,5,0.12,21137.281898262787,0.02483763061527548
960,repeated_damage,13015,0.2,2.3,pulse_only,0.8419404040055686,0.42699286101059575,218832,8275,2529,1213.9199999999998,218832,0,8275,0,250,1.0,2.2737367544323206e-13,1.0000000000000004,0.0,13.0,287668.8,1920,0.9732325182039034,58144,0.8248634579925612,40400,0.9458661694690306,41272,0.7985159942803415,79016,20,0.48,21137.281898262787,0.05743027915522896
960,repeated_damage,13015,0.2,4.0,hybrid_50,0.8479789432042532,0.4317103078782701,225592,8644,2267,1088.1599999999999,189536,36056,7146,1498,231,1.0,2.2737367544323206e-13,1.0000000000000004,0.0,7.999999999999986,483264.00000000006,1920,0.9746860018670802,53352,0.8244869661707568,44136,0.9464760773855186,40408,0.8104763646303685,87696,20,0.48,21137.281898262787,0.05148060215298698
960,repeated_damage,13016,0.2,4.0,fixed,0.7439524921084235,0.061499816370383036,0,0,0,0.0,0,0,0,0,367,1.0,3.410605131648481e-13,1.0000000000000004,0.0,-1.0,483264.00000000006,1920,0.9169730072193836,0,0.7294074595007741,0,0.8647593708362808,0,0.6908215690483195,0,0,0.0,21092.264582010663,0.0
960,repeated_damage,13016,0.2,2.3,pulse_only,0.8841769722719167,0.5751577659243066,244240,8243,5801,139.224,244240,0,8243,0,149,1.0,4.547473508864641e-13,1.0000000000000004,0.0,13.0,287668.8,1920,0.9517223092788517,62664,0.8766052151331732,45248,0.935266049991486,46864,0.8624183119815041,89464,1,0.024,21092.264582010663,0.00660071370993243
960,repeated_damage,13016,0.2,4.0,hybrid_50,0.8834999698902355,0.5494506613262995,242936,8368,5263,126.312,211656,31280,7137,1231,157,1.0,4.547473508864641e-13,1.0000000000000004,0.0,7.999999999999986,483264.00000000006,1920,0.9548866467076501,58368,0.8850730902901982,46776,0.9358445277257589,44416,0.8565411307724924,93376,1,0.024,21092.264582010663,0.005988546156761658
960,repeated_damage,13016,0.2,2.3,pulse_only,0.8715604326835434,0.48181052312319966,238376,8254,5035,604.1999999999999,238376,0,8254,0,185,1.0,3.410605131648481e-13,1.0000000000000002,0.0,13.0,287668.8,1920,0.9482867547068836,62416,0.8661720803696017,44120,0.9326822317611784,45696,0.8436937093016965,86144,5,0.12,21092.264582010663,0.028645572771513344
960,repeated_damage,13016,0.2,4.0,hybrid_50,0.8681985569122497,0.4822747167652159,238560,8461,4437,532.4399999999999,206072,32488,7138,1323,189,1.0,3.410605131648481e-13,1.0000000000000004,0.0,7.999999999999986,483264.00000000006,1920,0.9509321596362594,57648,0.8629914088140381,46048,0.9310669458034577,43832,0.8393679365157517,91032,5,0.12,21092.264582010663,0.02524337763400292
960,repeated_damage,13016,0.2,2.3,pulse_only,0.8250806989344742,0.24588768646856654,223296,8258,3138,1506.24,223296,0,8258,0,232,1.0,3.410605131648481e-13,1.0000000000000004,0.0,13.0,287668.8,1920,0.9364107886109949,59296,0.8064443299479035,40856,0.9097407241833784,42168,0.7920688708033077,80976,20,0.48,21092.264582010663,0.07141196215055323
960,repeated_damage,13016,0.2,4.0,hybrid_50,0.8247109756543739,0.28418423956576044,232336,8740,2822,1354.56,193672,38664,7131,1609,234,1.0,3.410605131648481e-13,1.0000000000000004,0.0,7.999999999999986,483264.00000000006,1920,0.9402501353392465,55312,0.810504075519956,45056,0.9120401367514348,42208,0.7881498451730524,89760,20,0.48,21092.264582010663,0.06422070018765495
960,repeated_damage,13017,0.2,4.0,fixed,0.7246157462745606,0.029997239954794603,0,0,0,0.0,0,0,0,0,362,1.0,3.410605131648481e-13,1.0000000000000004,0.0,-1.0,483264.00000000006,1920,0.9133503335311501,0,0.7093173480537591,0,0.8489284066638457,0,0.6701086151903187,0,0,0.0,21198.268406522657,0.0
960,repeated_damage,13017,0.2,2.3,pulse_only,0.86562542394872,0.4986779159915372,238552,8238,5105,122.52,238552,0,8238,0,187,1.0,3.410605131648481e-13,1.0000000000000004,0.0,13.0,287668.8,1920,0.9586447511336066,62232,0.8511988905456409,44496,0.9402429996812669,45136,0.8355299027839863,86688,1,0.024,21198.268406522657,0.005779717364192864
960,repeated_damage,13017,0.2,4.0,hybrid_50,0.8574453706146901,0.5030553858481474,244888,8685,4556,109.34400000000001,205712,39176,7125,1560,212,1.0,3.410605131648481e-13,1.0000000000000004,0.0,7.999999999999986,483264.00000000006,1920,0.9625603256647072,58720,0.8428964029726623,47880,0.940983040443445,44064,0.8229510195213262,94224,1,0.024,21198.268406522657,0.005158157161853612
960,repeated_damage,13017,0.2,2.3,pulse_only,0.839984392082749,0.39301052655546365,233168,8246,4408,528.96,233168,0,8246,0,208,1.0,3.410605131648481e-13,1.0000000000000004,0.0,13.0,287668.8,1920,0.9534918763750888,61464,0.8095267396155948,43112,0.9317126804407125,43728,0.8093490741373446,84864,5,0.12,21198.268406522657,0.02495298152924794
960,repeated_damage,13017,0.2,4.0,hybrid_50,0.8357324236402303,0.3872576901651689,241280,8763,3871,464.52,201296,39984,7130,1633,220,1.0,2.2737367544323206e-13,1.0000000000000004,0.0,7.999999999999986,483264.00000000006,1920,0.9581645576245907,57456,0.8077103004399523,47600,0.9299364495980046,43176,0.8026414722614824,93048,5,0.12,21198.268406522657,0.021913110594310066
960,repeated_damage,13017,0.2,2.3,pulse_only,0.8075993506619966,0.22452675541734934,218928,8255,2601,1248.48,218928,0,8255,0,257,1.0,2.2737367544323206e-13,1.0000000000000004,0.0,13.0,287668.8,1920,0.9375688828275105,57672,0.7858143403228522,40512,0.9096468006611561,41104,0.7674681308319894,79640,20,0.48,21198.268406522657,0.058895376549522586
960,repeated_damage,13017,0.2,4.0,hybrid_50,0.8099051017445132,0.23510595707203438,232264,8920,2273,1091.04,188848,43416,7116,1804,259,1.0,2.2737367544323206e-13,1.0000000000000004,0.0,7.999999999999986,483264.00000000006,1920,0.9412450130753521,54544,0.787187943424094,45288,0.9102983060564726,41800,0.7710670787487431,90632,20,0.48,21198.268406522657,0.05146835482393881
960,repeated_damage,13018,0.2,4.0,fixed,0.7291291696218065,0.04577011419366756,0,0,0,0.0,0,0,0,0,349,1.0,3.410605131648481e-13,1.0000000000000004,0.0,-1.0,483264.00000000006,1920,0.9123754099550702,0,0.6952464938748002,0,0.8534712571186414,0,0.6838994637468921,0,0,0.0,21082.11576391477,0.0
960,repeated_damage,13018,0.2,2.3,pulse_only,0.8863261554204735,0.5764957448499214,243744,8243,5739,137.736,243744,0,8243,0,166,1.0,3.410605131648481e-13,1.0000000000000004,0.0,13.0,287668.8,1920,0.9720370510184261,62352,0.8495068329238233,45800,0.9569484477014665,45560,0.8694246705283024,90032,1,0.024,21082.11576391477,0.006533310107126723
960,repeated_damage,13018,0.2,4.0,hybrid_50,0.890259171624883,0.5996427762646404,243208,8417,5150,123.60000000000001,210552,32656,7142,1275,171,1.0,4.547473508864641e-13,1.0000000000000004,0.0,7.999999999999986,483264.00000000006,1920,0.9732177531966443,57680,0.875672974502736,47264,0.9617575588540569,43608,0.8618030765713696,94656,1,0.024,21082.11576391477,0.005862789170883887
960,repeated_damage,13018,0.2,2.3,pulse_only,0.8704274455595742,0.5061414622927886,238720,8242,5114,613.68,238720,0,8242,0,182,1.0,3.410605131648481e-13,1.0000000000000004,0.0,13.0,287668.8,1920,0.9664073253818252,61456,0.845774035739208,45240,0.9499299590646597,44768,0.8430028937172147,87256,5,0.12,21082.11576391477,0.029109032834854557
960,repeated_damage,13018,0.2,4.0,hybrid_50,0.863943643601984,0.522009121722852,243240,8639,4488,538.56,205984,37256,7134,1505,216,1.0,3.410605131648481e-13,1.0000000000000004,0.0,7.999999999999986,483264.00000000006,1920,0.9713975775871269,56672,0.8440034718930752,48104,0.9554790596930122,43336,0.828146021410924,95128,5,0.12,21082.11576391477,0.025545823105754255
960,repeated_damage,13018,0.2,2.3,pulse_only,0.8386352598313749,0.36934984645026203,222960,8254,3108,1491.84,222960,0,8254,0,230,1.0,3.410605131648481e-13,1.0000000000000004,0.0,13.0,287668.8,1920,0.9540317975074555,58200,0.8189644641564965,41752,0.9299470305199958,41832,0.8028147723245036,81176,20,0.48,21082.11576391477,0.07076329608973639
960,repeated_damage,13018,0.2,4.0,hybrid_50,0.8436451999404063,0.3991869732134943,231416,8686,2869,1377.12,193696,37720,7120,1566,224,1.0,2.2737367544323206e-13,1.0000000000000004,0.0,7.999999999999986,483264.00000000006,1920,0.9597322331686019,54616,0.8135715206016715,45544,0.9332127684266543,41336,0.8138982553666497,89920,20,0.48,21082.11576391477,0.06532171701462473
960,repeated_damage,13019,0.2,4.0,fixed,0.7433510696568122,0.06845032531079033,0,0,0,0.0,0,0,0,0,343,1.0,3.410605131648481e-13,1.0000000000000004,0.0,-1.0,483264.00000000006,1920,0.9209803029672256,0,0.7393210486471824,0,0.8594797438483651,0,0.6873017430658507,0,0,0.0,21142.519673923343,0.0
960,repeated_damage,13019,0.2,2.3,pulse_only,0.8881097983883599,0.5898607296059184,241752,8262,5433,130.392,241752,0,8262,0,180,1.0,3.410605131648481e-13,1.0000000000000004,0.0,13.0,287668.8,1920,0.979355142715946,62632,0.8700583001092801,45184,0.9689200818860871,45560,0.8567304057790361,88376,1,0.024,21142.519673923343,0.006167287627539599
960,repeated_damage,13019,0.2,4.0,hybrid_50,0.8819489920603344,0.5932155835302424,244280,8538,4921,118.104,208328,35952,7137,1401,203,1.0,3.410605131648481e-13,1.0000000000000004,0.0,7.999999999999986,483264.00000000006,1920,0.9859621888949057,57416,0.8732161011718375,48336,0.9686452647121104,43112,0.8429673011786949,95416,1,0.024,21142.519673923343,0.00558608916162753
960,repeated_damage,13019,0.2,2.3,pulse_only,0.8631995897238921,0.5068634823562261,234648,8273,4512,541.4399999999999,234648,0,8273,0,224,1.0,3.410605131648481e-13,1.0000000000000004,0.0,13.0,287668.8,1920,0.9764155672615583,61864,0.8606544183443096,43720,0.9582776948966363,43984,0.816933122827311,85080,5,0.12,21142.519673923343,0.02560905740425057
960,repeated_damage,13019,0.2,4.0,hybrid_50,0.8688903884431369,0.5329971246291704,239672,8580,4219,506.28,203800,35872,7140,1440,210,1.0,3.410605131648481e-13,1.0000000000000004,0.0,7.999999999999986,483264.00000000006,1920,0.9805287181929182,57216,0.8597340138979728,46040,0.9616322102358279,42456,0.8270976648193733,93960,5,0.12,21142.519673923343,0.02394605788752951
960,repeated_damage,13019,0.2,2.3,pulse_only,0.8218128468271301,0.3445483524381388,220776,8280,2757,1323.36,220776,0,8280,0,275,1.0,3.410605131648481e-13,1.0000000000000004,0.0,13.0,287668.8,1920,0.9605497076277504,58008,0.8216018846590507,40808,0.9339336866442934,41280,0.765857908002588,80680,20,0.48,21142.519673923343,0.06259235041092094
960,repeated_damage,13019,0.2,4.0,hybrid_50,0.8243732261065799,0.33174569377482627,232856,8856,2539,1218.72,191488,41368,7139,1717,270,1.0,3.410605131648481e-13,1.0000000000000004,0.0,7.999999999999986,483264.00000000006,1920,0.9627218348875293,54472,0.8251068362988074,44280,0.9338299291227693,40848,0.7692780695023717,93256,20,0.48,21142.519673923343,0.05764308222463848
960,repeated_damage,13020,0.2,4.0,fixed,0.7433198403230765,0.07568382429321183,0,0,0,0.0,0,0,0,0,348,1.0,2.2737367544323206e-13,1.0000000000000004,0.0,-1.0,483264.00000000006,1920,0.9304801526523232,0,0.733893554478807,0,0.8703169313547796,0,0.6845344377293597,0,0,0.0,21094.95071463735,0.0
960,repeated_damage,13020,0.2,2.3,pulse_only,0.8857868332991078,0.5587073127973667,242768,8253,5587,134.088,242768,0,8253,0,156,1.0,3.410605131648481e-13,1.0000000000000004,0.0,13.0,287668.8,1920,0.9636512084019708,62376,0.8724217286178139,45304,0.9423125625627431,45064,0.8642065210079369,90024,1,0.024,21094.95071463735,0.006356402620412813
960,repeated_damage,13020,0.2,4.0,hybrid_50,0.8848270662506375,0.5554996668620333,241488,8442,4860,116.64,209528,31960,7158,1284,161,1.0,3.410605131648481e-13,1.0000000000000004,0.0,7.999999999999986,483264.00000000006,1920,0.9624097270996138,57880,0.8792166285415418,46696,0.9425644495972556,43448,0.8587635934318761,93464,1,0.024,21094.95071463735,0.0055292852577781045
960,repeated_damage,13020,0.2,2.3,pulse_only,0.8768286791612465,0.5252937507593471,237728,8249,4969,596.28,237728,0,8249,0,168,1.0,3.410605131648481e-13,1.0000000000000004,0.0,13.0,287668.8,1920,0.9589025330704234,61640,0.8609299573598004,44040,0.937483122282597,44160,0.8544508185012942,87888,5,0.12,21094.95071463735,0.028266479882612553
960,repeated_damage,13020,0.2,4.0,hybrid_50,0.866387739219042,0.46632537068998536,240792,8567,4398,527.76,206232,34560,7153,1414,187,1.0,3.410605131648481e-13,1.0000000000000004,0.0,7.999999999999986,483264.00000000006,1920,0.960675393396571,57464,0.8559371586371783,46688,0.9385419089419593,43592,0.8355359446485151,93048,5,0.12,21094.95071463735,0.025018309221921917
960,repeated_damage,13020,0.2,2.3,pulse_only,0.8411218475414013,0.36452586403317166,223600,8262,3164,1518.72,223600,0,8262,0,224,1.0,2.2737367544323206e-13,1.0000000000000004,0.0,13.0,287668.8,1920,0.9513013977457749,58456,0.8271284136132443,41352,0.9223116657598392,41656,0.8075236553962608,82136,20,0.48,21094.95071463735,0.07199447965271574
960,repeated_damage,13020,0.2,4.0,hybrid_50,0.8443567423037877,0.38628755105058216,232128,8700,2916,1399.6799999999998,194864,37264,7151,1549,211,1.0,3.410605131648481e-13,1.0000000000000004,0.0,7.999999999999986,483264.00000000006,1920,0.9489668056076469,55096,0.8261971744609,45184,0.9235121759064583,41960,0.8138588094238962,89888,20,0.48,21094.95071463735,0.06635142309333725
960,repeated_damage,13021,0.2,4.0,fixed,0.754347238528617,0.033443421784376544,0,0,0,0.0,0,0,0,0,334,1.0,3.410605131648481e-13,1.0000000000000004,0.0,-1.0,483264.00000000006,1920,0.9096333741054563,0,0.7450278333517005,0,0.8563571774286564,0,0.7080019716670555,0,0,0.0,21126.6387716723,0.0
960,repeated_damage,13021,0.2,2.3,pulse_only,0.8783377971268383,0.4938821202431877,242088,8242,5535,132.84,242088,0,8242,0,159,1.0,4.547473508864641e-13,1.0000000000000004,0.0,13.0,287668.8,1920,0.9396803953767946,61456,0.8620260174957592,45744,0.9262224782854694,45440,0.8625513463630619,89448,1,0.024,21126.6387716723,0.006287796247935039
960,repeated_damage,13021,0.2,4.0,hybrid_50,0.8777093057080734,0.46267057138780526,241936,8448,4898,117.552,209368,32568,7140,1308,168,1.0,4.547473508864641e-13,1.0000000000000004,0.0,7.999999999999986,483264.00000000006,1920,0.9445242639486215,58312,0.8694779779090468,47016,0.9324426381484152,44576,0.8544583033874156,92032,1,0.024,21126.6387716723,0.005564160076311801
960,repeated_damage,13021,0.2,2.3,pulse_only,0.8621042545511588,0.4453090298519567,236952,8247,4878,585.36,236952,0,8247,0,176,1.0,3.410605131648481e-13,1.0000000000000002,0.0,13.0,287668.8,1920,0.9380354533644757,61048,0.848616234127006,44680,0.9259673036637449,44464,0.8369167402069418,86760,5,0.12,21126.6387716723,0.0277071997266731
960,repeated_damage,13021,0.2,4.0,hybrid_50,0.86208840997593,0.4259335756096721,237872,8514,4192,503.03999999999996,204256,33616,7134,1380,181,1.0,3.410605131648481e-13,1.0000000000000004,0.0,7.999999999999986,483264.00000000006,1920,0.944300185729431,57376,0.8535415627324453,45936,0.9251135756850215,43640,0.8348492507431265,90920,5,0.12,21126.6387716723,0.023810697264086432
960,repeated_damage,13021,0.2,2.3,pulse_only,0.8389238855628741,0.24297644124745177,223576,8249,3200,1536.0,223576,0,8249,0,197,1.0,3.410605131648481e-13,1.0000000000000004,0.0,13.0,287668.8,1920,0.9280770765795017,58168,0.8177851133089901,41816,0.9033771992972597,41840,0.8172666148226237,81752,20,0.48,21126.6387716723,0.07270441912698147
960,repeated_damage,13021,0.2,4.0,hybrid_50,0.8346177533133028,0.2874686358627163,230760,8695,2760,1324.8,193104,37656,7128,1567,216,1.0,3.410605131648481e-13,1.0000000000000004,0.0,7.999999999999986,483264.00000000006,1920,0.9302123519764969,55184,0.8075379219184453,45648,0.9072456747173865,41712,0.8118437083086897,88216,20,0.48,21126.6387716723,0.06270756149702152
960,repeated_damage,13022,0.2,4.0,fixed,0.7578887846803284,0.10330025954189985,0,0,0,0.0,0,0,0,0,331,1.0,3.410605131648481e-13,1.0000000000000004,0.0,-1.0,483264.00000000006,1920,0.9242957863739847,0,0.7513120218042233,0,0.874899301610384,0,0.7026719076533532,0,0,0.0,21101.081273636733,0.0
960,repeated_damage,13022,0.2,2.3,pulse_only,0.8850830456678805,0.5483221814431326,243328,8233,5717,137.208,243328,0,8233,0,156,1.0,4.547473508864641e-13,1.0000000000000002,0.0,13.0,287668.8,1920,0.9605612156365204,61984,0.8711261892735926,45776,0.9461066335313463,45944,0.8615496799332919,89624,1,0.024,21101.081273636733,0.006502415597603755
960,repeated_damage,13022,0.2,4.0,hybrid_50,0.8801611700168197,0.5475911307751354,242888,8450,5011,120.264,210552,32336,7154,1296,164,1.0,3.410605131648481e-13,1.0000000000000004,0.0,7.999999999999986,483264.00000000006,1920,0.9609184923128605,57904,0.8670407082950071,47200,0.944212797067341,44784,0.8546955873524654,93000,1,0.024,21101.081273636733,0.0056994235717320995
960,repeated_damage,13022,0.2,2.3,pulse_only,0.8724612962502514,0.4662498598917411,238616,8239,5110,613.1999999999999,238616,0,8239,0,179,1.0,3.410605131648481e-13,1.0000000000000004,0.0,13.0,287668.8,1920,0.9556454338373621,61360,0.8706028280968076,44928,0.940338232906748,45280,0.8394520619987247,87048,5,0.12,21101.081273636733,0.02906012218274898
960,repeated_damage,13022,0.2,4.0,hybrid_50,0.8699996631397281,0.4682862574331135,239928,8478,4557,546.84,207464,32464,7148,1330,184,1.0,3.410605131648481e-13,1.0000000000000004,0.0,7.999999999999986,483264.00000000006,1920,0.9573515852857903,57472,0.8634542440040304,46240,0.9423448881813599,43992,0.837099760186761,92224,5,0.12,21101.081273636733,0.02591525964516382
960,repeated_damage,13022,0.2,2.3,pulse_only,0.8405755741077622,0.3826521735600108,224536,8252,3311,1589.28,224536,0,8252,0,223,1.0,2.2737367544323206e-13,1.0000000000000004,0.0,13.0,287668.8,1920,0.9403217477883727,58520,0.825763116193641,41976,0.9167659370280007,42152,0.8098866216047036,81888,20,0.48,21101.081273636733,0.0753174673558371
960,repeated_damage,13022,0.2,4.0,hybrid_50,0.8385531888708945,0.3731995270140557,233584,8716,3050,1464.0,195688,37896,7141,1575,225,1.0,3.410605131648481e-13,1.0000000000000004,0.0,7.999999999999986,483264.00000000006,1920,0.9425970146058907,55288,0.8253217179204304,45480,0.9198843870894455,42904,0.8045033252368508,89912,20,0.48,21101.081273636733,0.06938033084726763
960,repeated_damage,13023,0.2,4.0,fixed,0.7737927049729723,0.13208428044954196,0,0,0,0.0,0,0,0,0,309,1.0,3.410605131648481e-13,1.0000000000000002,0.0,-1.0,483264.00000000006,1920,0.944516208277724,0,0.7498414633902983,0,0.8856976966730337,0,0.7298158299142784,0,0,0.0,21078.734334325127,0.0
960,repeated_damage,13023,0.2,2.3,pulse_only,0.8902160330434054,0.586381638710004,239336,8250,5167,124.008,239336,0,8250,0,175,1.0,3.410605131648481e-13,1.0000000000000004,0.0,13.0,287668.8,1920,0.9779478048988574,62280,0.8864365570310355,44808,0.9610924374647869,44528,0.8566675688388993,87720,1,0.024,21078.734334325127,0.005883085674554109
960,repeated_damage,13023,0.2,4.0,hybrid_50,0.8980237172126765,0.6026203285401411,238368,8340,4776,114.62400000000001,208840,29528,7164,1176,167,1.0,3.410605131648481e-13,1.0000000000000004,0.0,7.999999999999986,483264.00000000006,1920,0.9806625142426736,56352,0.8872768465029652,46664,0.9609785843261841,43376,0.8719197190107787,91976,1,0.024,21078.734334325127,0.005437897654668168
960,repeated_damage,13023,0.2,2.3,pulse_only,0.8760878750610299,0.5231602125649297,235456,8246,4694,563.28,235456,0,8246,0,174,1.0,3.410605131648481e-13,1.0000000000000004,0.0,13.0,287668.8,1920,0.9747637063701842,61592,0.8451738668087663,43864,0.9531509452800355,43632,0.853013344077659,86368,5,0.12,21078.734334325127,0.026722667076017986
960,repeated_damage,13023,0.2,4.0,hybrid_50,0.8792684508954932,0.5663599006149714,238728,8564,4149,497.88,204192,34536,7153,1411,195,1.0,3.410605131648481e-13,1.0000000000000002,0.0,7.999999999999986,483264.00000000006,1920,0.9753747420403994,56232,0.8732648283208709,45824,0.955489829614193,43464,0.8441595728234546,93208,5,0.12,21078.734334325127,0.02362001399625024
960,repeated_damage,13023,0.2,2.3,pulse_only,0.8433591251711237,0.3969311828168885,223200,8260,3120,1497.6,223200,0,8260,0,225,1.0,3.410605131648481e-13,1.0000000000000004,0.0,13.0,287668.8,1920,0.9634125680553743,57928,0.8246508750919209,41528,0.9315217187186896,41680,0.8086319534369422,82064,20,0.48,21078.734334325127,0.07104790905596602
960,repeated_damage,13023,0.2,4.0,hybrid_50,0.8478431973121772,0.4202111564577627,229968,8661,2763,1326.24,193408,36560,7139,1522,214,1.0,3.410605131648481e-13,1.0000000000000004,0.0,7.999999999999986,483264.00000000006,1920,0.9635579191289847,53552,0.821381143860153,44960,0.9347967711013739,42184,0.8175974371435907,89272,20,0.48,21078.734334325127,0.06291838869283145
960,repeated_damage,13024,0.2,4.0,fixed,0.7333981059527394,0.06315240589085198,0,0,0,0.0,0,0,0,0,337,1.0,3.410605131648481e-13,1.0000000000000004,0.0,-1.0,483264.00000000006,1920,0.9159434331182547,0,0.7216059777205261,0,0.8586641945205594,0,0.6766611257849361,0,0,0.0,21065.200791001604,0.0
960,repeated_damage,13024,0.2,2.3,pulse_only,0.8776817537218332,0.4932555101245317,240896,8213,5473,131.352,240896,0,8213,0,159,1.0,3.410605131648481e-13,1.0000000000000004,0.0,13.0,287668.8,1920,0.9644499433614726,62488,0.8557529514711966,45176,0.9389017483220478,46280,0.8580361575470443,86952,1,0.024,21065.200791001604,0.0062354971739034875
960,repeated_damage,13024,0.2,4.0,hybrid_50,0.8849422088869645,0.5383191546280747,239920,8352,4934,118.416,209456,30464,7142,1210,155,1.0,4.547473508864641e-13,1.0000000000000002,0.0,7.999999999999986,483264.00000000006,1920,0.9619191152679832,57200,0.8676432725832537,47064,0.9468273960286352,44120,0.8626490834679849,91536,1,0.024,21065.200791001604,0.005621403810714381
960,repeated_damage,13024,0.2,2.3,pulse_only,0.8729168770876538,0.49450007031441257,236704,8218,4934,592.0799999999999,236704,0,8218,0,175,1.0,3.410605131648481e-13,1.0000000000000004,0.0,13.0,287668.8,1920,0.960078648497378,61552,0.8518489543137391,44320,0.9409454139412723,45056,0.8494365700478017,85776,5,0.12,21065.200791001604,0.0281070190535719
960,repeated_damage,13024,0.2,4.0,hybrid_50,0.869569202251097,0.45534591147375086,236888,8415,4366,523.92,205680,31208,7139,1276,173,1.0,3.410605131648481e-13,1.0000000000000004,0.0,7.999999999999986,483264.00000000006,1920,0.9571729283790666,56088,0.8578378130958518,46416,0.9397051155069718,43672,0.8403669402007818,90712,5,0.12,21065.200791001604,0.02487135086905045
960,repeated_damage,13024,0.2,2.3,pulse_only,0.8389993950623651,0.34649930893344894,222896,8224,3190,1531.2,222896,0,8224,0,212,1.0,3.410605131648481e-13,1.0000000000000004,0.0,13.0,287668.8,1920,0.9469452881837809,58176,0.8218403586941068,41616,0.924495082606516,42824,0.8048310694744188,80280,20,0.48,21065.200791001604,0.07268860217340443
960,repeated_damage,13024,0.2,4.0,hybrid_50,0.8346806606269555,0.3285351653531134,230832,8660,2874,1379.52,193696,37136,7120,1540,222,1.0,3.410605131648481e-13,1.0000000000000004,0.0,7.999999999999986,483264.00000000006,1920,0.9469027593424546,53472,0.8135970688529227,45672,0.9202895456230631,42864,0.8024180140159181,88824,20,0.48,21065.200791001604,0.06548810114306092
960,repeated_damage,13025,0.2,4.0,fixed,0.7436757495830897,0.03132367000763666,0,0,0,0.0,0,0,0,0,329,1.0,3.410605131648481e-13,1.0000000000000004,0.0,-1.0,483264.00000000006,1920,0.9095812142187596,0,0.7323647451126949,0,0.8510147235329276,0,0.6956617648433684,0,0,0.0,21091.347033133323,0.0
960,repeated_damage,13025,0.2,2.3,pulse_only,0.8709567463502231,0.5267788053320502,240008,8259,5224,125.376,240008,0,8259,0,190,1.0,3.410605131648481e-13,1.0000000000000004,0.0,13.0,287668.8,1920,0.9616420574139571,62320,0.8524083739580776,44592,0.9427094302391559,44808,0.8443545906018293,88288,1,0.024,21091.347033133323,0.005944428291044727
960,repeated_damage,13025,0.2,4.0,hybrid_50,0.8729099300548556,0.5373957752099682,244520,8626,4687,112.488,207248,37272,7153,1473,185,1.0,3.410605131648481e-13,1.0000000000000004,0.0,7.999999999999986,483264.00000000006,1920,0.9570801263483981,59000,0.8633246327292485,47024,0.9447414659141795,44288,0.8417868107879973,94208,1,0.024,21091.347033133323,0.005333372013806783
960,repeated_damage,13025,0.2,2.3,pulse_only,0.8583944275378098,0.43714799764048634,234328,8261,4508,540.96,234328,0,8261,0,194,1.0,3.410605131648481e-13,1.0000000000000004,0.0,13.0,287668.8,1920,0.9590165873206252,61584,0.835926705801665,43216,0.9339373090627168,43800,0.8318568476434286,85728,5,0.12,21091.347033133323,0.025648432940304014
960,repeated_damage,13025,0.2,4.0,hybrid_50,0.8492369769451942,0.44120587281511325,241720,8723,4046,485.52,202576,39144,7138,1585,208,1.0,2.2737367544323206e-13,1.0000000000000004,0.0,7.999999999999986,483264.00000000006,1920,0.9544603179469913,57712,0.8355270641600796,46976,0.9338172131081102,43792,0.8138018152562937,93240,5,0.12,21091.347033133323,0.02301986683151509
960,repeated_damage,13025,0.2,2.3,pulse_only,0.8173667644972962,0.2588442989142666,221496,8262,2901,1392.48,221496,0,8262,0,257,1.0,3.410605131648481e-13,1.0000000000000004,0.0,13.0,287668.8,1920,0.9400072016545814,57952,0.8055389357903432,41096,0.9091106475639096,41688,0.7774087373174658,80760,20,0.48,21091.347033133323,0.06602138771945158
960,repeated_damage,13025,0.2,4.0,hybrid_50,0.8150522229894595,0.3068903021854237,235448,8976,2503,1201.44,191184,44264,7135,1841,259,1.0,3.410605131648481e-13,1.0000000000000004,0.0,7.999999999999986,483264.00000000006,1920,0.9418054599512286,54896,0.7953308987816475,46360,0.9081445676475837,42888,0.7783667127643032,91304,20,0.48,21091.347033133323,0.05696364476449063
960,repeated_damage,13026,0.2,4.0,fixed,0.739507830614207,0.07635840436638512,0,0,0,0.0,0,0,0,0,345,1.0,3.410605131648481e-13,1.0000000000000004,0.0,-1.0,483264.00000000006,1920,0.92715732464558,0,0.7122711726026978,0,0.8616524401373542,0,0.6920538548583879,0,0,0.0,21103.370757427874,0.0
960,repeated_damage,13026,0.2,2.3,pulse_only,0.8614058512416325,0.4646862766532276,238712,8256,5071,121.70400000000001,238712,0,8256,0,181,1.0,3.410605131648481e-13,1.0000000000000004,0.0,13.0,287668.8,1920,0.9638427740398362,61936,0.8318577954835753,44312,0.9417196634701037,44968,0.8360229730064257,87496,1,0.024,21103.370757427874,0.0057670407916784175
960,repeated_damage,13026,0.2,4.0,hybrid_50,0.8665502805650326,0.5108167390188969,244688,8673,4567,109.608,206424,38264,7143,1530,190,1.0,3.410605131648481e-13,1.0000000000000004,0.0,7.999999999999986,483264.00000000006,1920,0.9656948047574844,58048,0.8437820746259462,48120,0.9434221893852537,44344,0.8394984291244653,94176,1,0.024,21103.370757427874,0.00519386221565674
960,repeated_damage,13026,0.2,2.3,pulse_only,0.847406099207465,0.4070978060423373,234576,8256,4554,546.48,234576,0,8256,0,220,1.0,3.410605131648481e-13,1.0000000000000004,0.0,13.0,287668.8,1920,0.9614463351144608,60736,0.8149093646848732,43768,0.9352640835519421,43408,0.8197254742965226,86664,5,0.12,21103.370757427874,0.025895389238122176
960,repeated_damage,13026,0.2,4.0,hybrid_50,0.8399619441761318,0.39590498161370197,242976,8779,4035,484.2,202504,40472,7126,1653,222,1.0,3.410605131648481e-13,1.0000000000000004,0.0,7.999999999999986,483264.00000000006,1920,0.9622718324870639,57280,0.8182173079427096,47648,0.9320400585941284,43504,0.8047952050838444,94544,5,0.12,21103.370757427874,0.022944201927058185
960,repeated_damage,13026,0.2,2.3,pulse_only,0.8249942318707442,0.32506541424735014,221616,8267,2901,1392.48,221616,0,8267,0,246,1.0,3.410605131648481e-13,1.0000000000000004,0.0,13.0,287668.8,1920,0.9543168374356328,57336,0.7989937153405732,41288,0.9207955439683645,41376,0.7900938340870193,81616,20,0.48,21103.370757427874,0.0659837717872573
960,repeated_damage,13026,0.2,4.0,hybrid_50,0.8193916254522976,0.28375129737174654,234248,8917,2530,1214.3999999999999,191064,43184,7123,1794,250,1.0,3.410605131648481e-13,1.0000000000000004,0.0,7.999999999999986,483264.00000000006,1920,0.9534174997782119,54184,0.7926512747817098,46504,0.9192209090808731,41928,0.7828471589733038,91632,20,0.48,21103.370757427874,0.05754530941804927
960,repeated_damage,13027,0.2,4.0,fixed,0.7886843397757572,0.22498690348528205,0,0,0,0.0,0,0,0,0,312,1.0,2.2737367544323206e-13,1.0000000000000004,0.0,-1.0,483264.00000000006,1920,0.9463856620489559,0,0.7588521823460925,0,0.8995012397188019,0,0.7481919685190671,0,0,0.0,21014.61459059464,0.0
960,repeated_damage,13027,0.2,2.3,pulse_only,0.9161969128563636,0.6914044772777855,246520,8265,6020,144.48,246520,0,8265,0,123,1.0,4.547473508864641e-13,1.0000000000000004,0.0,13.0,287668.8,1920,0.9786632781625909,63128,0.9061071915418542,45776,0.9658322503376733,46592,0.8964241047729635,91024,1,0.024,21014.61459059464,0.006875215311570066
960,repeated_damage,13027,0.2,4.0,hybrid_50,0.9152274884350491,0.6583659136079909,236448,8082,5310,127.44,213344,23104,7166,916,115,1.0,4.547473508864641e-13,1.0000000000000004,0.0,7.999999999999986,483264.00000000006,1920,0.9740507650162309,58112,0.9005463351965769,45520,0.9612666795779291,43368,0.8995484694828453,89448,1,0.024,21014.61459059464,0.006064351047248681
960,repeated_damage,13027,0.2,2.3,pulse_only,0.9019413388329797,0.6175912904285047,242344,8266,5495,659.4,242344,0,8266,0,139,1.0,3.410605131648481e-13,1.0000000000000004,0.0,13.0,287668.8,1920,0.9740023566253253,62384,0.8889329939266476,44824,0.96056645178721,45736,0.8791329548090308,89400,5,0.12,21014.61459059464,0.03137816290454943
960,repeated_damage,13027,0.2,4.0,hybrid_50,0.9024228363337526,0.6383981001655874,234944,8196,4780,573.6,209064,25880,7149,1047,148,1.0,3.410605131648481e-13,1.0000000000000004,0.0,7.999999999999986,483264.00000000006,1920,0.9734396643342363,57240,0.8931044242367283,45448,0.9591534598955369,42624,0.8787167306013727,89632,5,0.12,21014.61459059464,0.027295290024339634
960,repeated_damage,13027,0.2,2.3,pulse_only,0.8658354824099245,0.4857161281072447,222432,8277,2973,1427.04,222432,0,8277,0,200,1.0,3.410605131648481e-13,1.0000000000000004,0.0,13.0,287668.8,1920,0.9628839174335723,59080,0.8386462495014041,40760,0.94163985348517,41968,0.841527913326562,80624,20,0.48,21014.61459059464,0.06790702698105584
960,repeated_damage,13027,0.2,4.0,hybrid_50,0.8624259350114005,0.49114576652994757,225824,8497,2737,1313.76,193136,32688,7138,1359,205,1.0,3.410605131648481e-13,1.0000000000000004,0.0,7.999999999999986,483264.00000000006,1920,0.9618242165483295,54736,0.8405593556621176,44056,0.9422148335319435,41320,0.8334647754257701,85712,20,0.48,21014.61459059464,0.06251649271683479
960,repeated_damage,13028,0.2,4.0,fixed,0.7524354789368758,0.1493058334254804,0,0,0,0.0,0,0,0,0,338,1.0,3.410605131648481e-13,1.0000000000000004,0.0,-1.0,483264.00000000006,1920,0.9453170799293044,0,0.7420402360296046,0,0.8864267138629355,0,0.6906374829274815,0,0,0.0,21096.850119422445,0.0
960,repeated_damage,13028,0.2,2.3,pulse_only,0.8853654605300144,0.5862173560975102,239048,8229,5194,124.656,239048,0,8229,0,178,1.0,3.410605131648481e-13,1.0000000000000004,0.0,13.0,287668.8,1920,0.9801854717894157,62424,0.8679394037108784,44992,0.9614353436548054,44408,0.8560435473771867,87224,1,0.024,21096.850119422445,0.005908749377009493
960,repeated_damage,13028,0.2,4.0,hybrid_50,0.8949617667749844,0.6161227479324227,238888,8361,4778,114.672,208024,30864,7145,1216,179,1.0,2.2737367544323206e-13,1.0000000000000004,0.0,7.999999999999986,483264.00000000006,1920,0.9853833638996181,56784,0.8743815878322371,47120,0.9670757099426593,43400,0.8691948846625204,91584,1,0.024,21096.850119422445,0.00543550337376807
960,repeated_damage,13028,0.2,2.3,pulse_only,0.8696469996287272,0.5464413389708839,234760,8234,4643,557.16,234760,0,8234,0,191,1.0,3.410605131648481e-13,1.0000000000000002,0.0,13.0,287668.8,1920,0.9786195690419215,61600,0.8588625939139878,43848,0.9594844480119638,43792,0.8301204782944785,85520,5,0.12,21096.850119422445,0.02640962972415775
960,repeated_damage,13028,0.2,4.0,hybrid_50,0.8801160519904485,0.5503573500267295,234632,8436,4021,482.52,202616,32016,7137,1299,176,1.0,3.410605131648481e-13,1.0000000000000004,0.0,7.999999999999986,483264.00000000006,1920,0.9847189666345206,55280,0.859622026898935,46392,0.9617403049690016,42056,0.8495509380469287,90904,5,0.12,21096.850119422445,0.022871660805694232
960,repeated_damage,13028,0.2,2.3,pulse_only,0.8380441857085832,0.4106346509304431,221440,8237,2969,1425.12,221440,0,8237,0,228,1.0,3.410605131648481e-13,1.0000000000000004,0.0,13.0,287668.8,1920,0.971479299692318,57104,0.8172734143417955,41240,0.9440028034821133,41136,0.7954502625052121,81960,20,0.48,21096.850119422445,0.0675513165203742
960,repeated_damage,13028,0.2,4.0,hybrid_50,0.8468305019233142,0.429762721005819,230608,8718,2672,1282.56,192224,38384,7123,1595,224,1.0,3.410605131648481e-13,1.0000000000000004,0.0,7.999999999999986,483264.00000000006,1920,0.9708351124255679,52640,0.8298528396036923,45584,0.9432062271765208,41808,0.807131470456522,90576,20,0.48,21096.850119422445,0.060793909647167355
960,repeated_damage,13029,0.2,4.0,fixed,0.7232030341385696,0.00010926013608916192,0,0,0,0.0,0,0,0,0,368,1.0,3.410605131648481e-13,1.0000000000000004,0.0,-1.0,483264.00000000006,1920,0.8885418257701777,0,0.7142251964523011,0,0.8267626676628484,0,0.6759121362195643,0,0,0.0,21091.435105554778,0.0
960,repeated_damage,13029,0.2,2.3,pulse_only,0.8354771990833478,0.16759989477676335,238344,8234,5091,122.184,238344,0,8234,0,191,1.0,3.410605131648481e-13,1.0000000000000004,0.0,13.0,287668.8,1920,0.9121097162976433,60768,0.8215954241302974,44824,0.890689427182095,44808,0.8148119725104997,87944,1,0.024,21091.435105554778,0.0057930624155499415
960,repeated_damage,13029,0.2,4.0,hybrid_50,0.8359169541951827,0.2050018346747548,249712,8885,4559,109.416,206648,43064,7140,1745,197,1.0,3.410605131648481e-13,1.0000000000000004,0.0,7.999999999999986,483264.00000000006,1920,0.9157206856357671,59480,0.8160319972766951,48888,0.8881625588257309,46208,0.8197366303391525,95136,1,0.024,21091.435105554778,0.005187698203200193
960,repeated_damage,13029,0.2,2.3,pulse_only,0.8283486988325531,0.09765627045268979,235960,8235,4790,574.8,235960,0,8235,0,200,1.0,3.410605131648481e-13,1.0000000000000004,0.0,13.0,287668.8,1920,0.9098239932125476,60128,0.8121059872387508,44528,0.886355213879737,44536,0.8074667971058622,86768,5,0.12,21091.435105554778,0.0272527685822866
960,repeated_damage,13029,0.2,4.0,hybrid_50,0.8301927325466482,0.12396263654151665,246008,8896,4063,487.56,203224,42784,7135,1761,210,1.0,3.410605131648481e-13,1.0000000000000004,0.0,7.999999999999986,483264.00000000006,1920,0.913506891756311,58192,0.8135003781735498,48496,0.8841401630470185,45352,0.8115651944830121,93968,5,0.12,21091.435105554778,0.023116492432114923
960,repeated_damage,13029,0.2,2.3,pulse_only,0.7959519109298999,0.07991687212081201,222088,8243,3032,1455.36,222088,0,8243,0,242,1.0,3.410605131648481e-13,1.0000000000000004,0.0,13.0,287668.8,1920,0.9008632694987984,57456,0.7749514167104616,41496,0.8662017845299012,42272,0.7713272212396183,80864,20,0.48,21091.435105554778,0.06900241698663297
960,repeated_damage,13029,0.2,4.0,hybrid_50,0.7927360420854859,0.058456498374378336,239736,9080,2727,1308.96,192704,47032,7123,1957,247,1.0,3.410605131648481e-13,1.0000000000000004,0.0,7.999999999999986,483264.00000000006,1920,0.9022323263793489,56352,0.7646719922271726,47200,0.8648530989217187,44984,0.770709538596526,91200,20,0.48,21091.435105554778,0.06206121079239714
960,scarcity,13000,0.2,4.0,fixed,0.6362905443697169,0.0,0,0,0,0.0,0,0,0,0,390,1.0,2.2737367544323206e-13,0.9853276531092341,0.0,-1.0,483264.00000000006,1920,0.7281952582550885,0,0.6366316124775835,0,0.6359275142651726,0,0.6363015253680557,0,0,0.0,11520.87634506189,0.0
960,scarcity,13000,0.2,2.3,pulse_only,0.6534129739963374,0.0,209504,8252,1432,34.368,209504,0,8252,0,403,1.0,2.2737367544323206e-13,1.0000000000000002,0.0,13.0,287668.8,1920,0.7519666977904929,56184,0.659001035130713,39024,0.6527453180679503,38176,0.650952771393343,76120,1,0.024,11520.87634506189,0.0029831064035967117
960,scarcity,13000,0.2,4.0,hybrid_50,0.6522922125358223,0.0,276160,11075,1295,31.080000000000002,179784,96376,7068,4007,421,1.0,2.2737367544323206e-13,1.0000000000000002,0.0,7.999999999999986,483264.00000000006,1920,0.7527668778457064,66832,0.6565143685868052,53136,0.6517397471618621,51944,0.6504573671973108,104248,1,0.024,11520.87634506189,0.002697711447386691
960,scarcity,13000,0.2,2.3,pulse_only,0.6488265969189226,0.0,206624,8251,1075,129.0,206624,0,8251,0,412,1.0,2.2737367544323206e-13,1.0,0.0,13.0,287668.8,1920,0.7454231848389571,54896,0.6517473848245143,38160,0.6485435170740492,37880,0.6475077428885635,75688,5,0.12,11520.87634506189,0.011197064887801903
960,scarcity,13000,0.2,4.0,hybrid_50,0.6497022896302067,0.0,270528,10962,930,111.6,176936,93592,7064,3898,409,1.0,2.2737367544323206e-13,1.0,0.0,7.999999999999986,483264.00000000006,1920,0.7474572278443521,65480,0.6538814715845266,52000,0.6489433877837161,51008,0.6479921495762921,102040,5,0.12,11520.87634506189,0.009686763112237925
960,scarcity,13000,0.2,2.3,pulse_only,0.6428363316395053,0.0,200152,8252,263,126.24,200152,0,8252,0,392,1.0,2.2737367544323206e-13,1.0,0.0,13.400000000000006,287668.8,1920,0.7347244014417328,50760,0.6436289726338816,37152,0.6425799033034411,37232,0.6425682253103493,75008,20,0.48,11520.87634506189,0.010957499778574513
960,scarcity,13000,0.2,4.0,hybrid_50,0.6416935964197497,0.0,262480,10837,299,143.51999999999998,172360,90120,7082,3755,393,1.0,2.2737367544323206e-13,1.0,0.0,7.999999999999986,483264.00000000006,1920,0.7339183971526535,61448,0.642764778136474,50728,0.6413741006135351,50176,0.6413177534644949,100128,20,0.48,11520.87634506189,0.012457385679824254
960,scarcity,13001,0.2,4.0,fixed,0.6345446294570095,0.0,0,0,0,0.0,0,0,0,0,392,1.0,2.2737367544323206e-13,0.8685492041895461,0.0,-1.0,483264.00000000006,1920,0.7369059783297588,0,0.6354478306634701,0,0.6343753994316895,0,0.634177643866439,0,0,0.0,11537.878853281818,0.0
960,scarcity,13001,0.2,2.3,pulse_only,0.6502878305134268,0.0,207064,8258,1109,26.616,207064,0,8258,0,428,1.0,2.2737367544323206e-13,1.0000000000000002,0.0,13.0,287668.8,1920,0.7685807560281648,55120,0.6524628163282118,38280,0.6500969602786039,38152,0.6492957727234457,75512,1,0.024,11537.878853281818,0.002306836493817872
960,scarcity,13001,0.2,4.0,hybrid_50,0.6498922911782715,0.0,276760,11191,1022,24.528000000000002,177720,99040,7082,4109,436,1.0,1.1368683772161603e-13,1.0000000000000002,0.0,7.999999999999986,483264.00000000006,1920,0.7682402777865464,65800,0.6520745078455742,53400,0.6496569074962915,52872,0.64891887468561,104688,1,0.024,11537.878853281818,0.0021258673549881565
960,scarcity,13001,0.2,2.3,pulse_only,0.6479962050239119,0.0,205216,8258,878,105.36,205216,0,8258,0,425,1.0,2.2737367544323206e-13,1.0,0.0,13.199999999999989,287668.8,1920,0.757869529930674,53800,0.6489307846948619,38104,0.6481234583027018,37888,0.6474652885490418,75424,5,0.12,11537.878853281818,0.00913166114324658
960,scarcity,13001,0.2,4.0,hybrid_50,0.647632394611326,0.0,274704,11184,786,94.32,176128,98576,7083,4101,433,1.0,1.1368683772161603e-13,1.0000000000000002,0.0,7.999999999999986,483264.00000000006,1920,0.7583829976996105,65160,0.6494831961079737,53192,0.6470933818710672,52552,0.6469765002331316,103800,5,0.12,11537.878853281818,0.008174812822997509
960,scarcity,13001,0.2,2.3,pulse_only,0.6418600098876092,0.0,200720,8259,313,150.23999999999998,200720,0,8259,0,392,1.0,2.2737367544323206e-13,1.0,0.0,13.200000000000017,287668.8,1920,0.7438583100182492,50440,0.6422533227143151,37656,0.6412148481609835,37616,0.6419859343375691,75008,20,0.48,11537.878853281818,0.01302145757556346
960,scarcity,13001,0.2,4.0,hybrid_50,0.6415724283380786,0.0,262752,10846,306,146.88,172488,90264,7085,3761,393,1.0,1.1368683772161603e-13,1.0000000000000002,0.0,7.999999999999986,483264.00000000006,1920,0.7434407435003345,60976,0.6421799895518339,50904,0.6406956900978501,51088,0.6417070168513156,99784,20,0.48,11537.878853281818,0.0127302428694007
960,scarcity,13002,0.2,4.0,fixed,0.6294470977769182,0.0,0,0,0,0.0,0,0,0,0,426,1.0,2.2737367544323206e-13,0.909181607402604,0.0,-1.0,483264.00000000006,1920,0.7345733335946274,0,0.6297620116476663,0,0.629137675636403,0,0.6294443519118015,0,0,0.0,11537.230158177563,0.0
960,scarcity,13002,0.2,2.3,pulse_only,0.6469398384787579,0.0,207048,8240,1161,27.864,207048,0,8240,0,432,1.0,2.2737367544323206e-13,1.0000000000000002,0.0,13.0,287668.8,1920,0.761895004334992,55088,0.6481771293491233,38272,0.6460729336382421,38024,0.646754645463833,75664,1,0.024,11537.230158177563,0.002415137742593274
960,scarcity,13002,0.2,4.0,hybrid_50,0.6472891546680491,0.0,276704,11180,1048,25.152,178184,98520,7091,4089,436,1.0,2.2737367544323206e-13,1.0000000000000002,0.0,7.999999999999986,483264.00000000006,1920,0.7635731298176787,65528,0.6490758290394337,53712,0.6469863489378693,53288,0.6465472203474468,104176,1,0.024,11537.230158177563,0.0021800726565355307
960,scarcity,13002,0.2,2.3,pulse_only,0.6464328961085629,0.0,204536,8240,847,101.64,204536,0,8240,0,425,1.0,2.2737367544323206e-13,1.0000000000000002,0.0,13.0,287668.8,1920,0.7531359440466463,53544,0.6480428548414562,38120,0.6461868309820376,37624,0.645750949305379,75248,5,0.12,11537.230158177563,0.008809740172164095
960,scarcity,13002,0.2,4.0,hybrid_50,0.6439198719639673,0.0,271840,11076,752,90.24,176024,95816,7087,3989,423,1.0,2.2737367544323206e-13,1.0000000000000002,0.0,7.999999999999986,483264.00000000006,1920,0.7551134871874282,64248,0.6445145881700608,52992,0.6427834651235772,52176,0.6441907172811155,102424,5,0.12,11537.230158177563,0.007821634721921369
960,scarcity,13002,0.2,2.3,pulse_only,0.641767589607695,0.0,200600,8240,355,170.4,200600,0,8240,0,416,1.0,2.2737367544323206e-13,1.0000000000000002,0.0,13.199999999999989,287668.8,1920,0.7462017844192012,50376,0.6424700146964968,37768,0.641542932797653,37504,0.6415287054683148,74952,20,0.48,11537.230158177563,0.014769576203628119
960,scarcity,13002,0.2,4.0,hybrid_50,0.6416967146256382,0.0,266712,11000,339,162.72,172432,94280,7072,3928,415,1.0,2.2737367544323206e-13,1.0000000000000002,0.0,7.999999999999986,483264.00000000006,1920,0.7460902365844732,61040,0.64226646777216,52576,0.6414719569281246,51848,0.6415242169011339,101248,20,0.48,11537.230158177563,0.014103905163464598
960,scarcity,13003,0.2,4.0,fixed,0.6289907368205592,0.0,0,0,0,0.0,0,0,0,0,379,1.0,3.410605131648481e-13,0.846622473141651,0.0,-1.0,483264.00000000006,1920,0.7154988892496388,0,0.6298035019829813,0,0.6287061617893707,0,0.6287266417549425,0,0,0.0,11515.8219177501,0.0
960,scarcity,13003,0.2,2.3,pulse_only,0.6511964994020302,0.0,208184,8230,1333,31.992,208184,0,8230,0,415,1.0,2.2737367544323206e-13,1.0000000000000002,0.0,13.199999999999989,287668.8,1920,0.7578227338302469,55544,0.6555206505339223,39200,0.6508693572432891,37976,0.6491979949154548,75464,1,0.024,11515.8219177501,0.002778090893424516
960,scarcity,13003,0.2,4.0,hybrid_50,0.6514016480429978,0.0,274968,11068,1167,28.008,178304,96664,7063,4005,423,1.0,2.2737367544323206e-13,1.0000000000000002,0.0,7.999999999999986,483264.00000000006,1920,0.7610535751793027,65888,0.6573919934910016,53528,0.6502498270357016,52864,0.6489823858226442,102688,1,0.024,11515.8219177501,0.0024321320874916806
960,scarcity,13003,0.2,2.3,pulse_only,0.647507635295753,0.0,204840,8230,915,109.8,204840,0,8230,0,401,1.0,3.410605131648481e-13,1.0000000000000002,0.0,13.199999999999989,287668.8,1920,0.7512646853067412,54096,0.650545422480799,38320,0.6463835573919171,37408,0.6465507806551478,75016,5,0.12,11515.8219177501,0.00953470805507664
960,scarcity,13003,0.2,4.0,hybrid_50,0.6484052926382753,0.0,269592,10954,837,100.44,176032,93560,7064,3890,409,1.0,3.410605131648481e-13,1.0000000000000002,0.0,7.999999999999986,483264.00000000006,1920,0.7509038437998512,64208,0.6516440874420714,52160,0.6475883984426359,51864,0.6471943423341968,101360,5,0.12,11515.8219177501,0.008721913270053713
960,scarcity,13003,0.2,2.3,pulse_only,0.6395888023743674,0.0,200376,8230,357,171.35999999999999,200376,0,8230,0,372,1.0,2.2737367544323206e-13,1.0000000000000002,0.0,13.200000000000003,287668.8,1920,0.7319527321332592,50528,0.6404057102900164,37816,0.6385243351662961,37280,0.6397125820205786,74752,20,0.48,11515.8219177501,0.014880396833496658
960,scarcity,13003,0.2,4.0,hybrid_50,0.6416321452344272,0.0,257912,10648,295,141.6,171920,85992,7065,3583,372,1.0,2.2737367544323206e-13,1.0000000000000002,0.0,7.999999999999986,483264.00000000006,1920,0.7333958567622871,59776,0.6429943727862498,50592,0.6412080499012687,49992,0.6411630791250951,97552,20,0.48,11515.8219177501,0.012296126234962224
960,scarcity,13004,0.2,4.0,fixed,0.632539285880545,0.0,0,0,0,0.0,0,0,0,0,405,1.0,2.2737367544323206e-13,1.0000000000000002,0.0,-1.0,483264.00000000006,1920,0.7310212712142905,0,0.6330111283910618,0,0.6323799048639961,0,0.6323830551335612,0,0,0.0,11566.025422796392,0.0
960,scarcity,13004,0.2,2.3,pulse_only,0.6529246081995549,0.0,209064,8260,1353,32.472,209064,0,8260,0,424,1.0,2.2737367544323206e-13,1.0000000000000002,0.0,13.0,287668.8,1920,0.7640707348406388,55312,0.6548084441716877,38592,0.6530996132180762,38000,0.6518951877042279,77160,1,0.024,11566.025422796392,0.002807533168308482
960,scarcity,13004,0.2,4.0,hybrid_50,0.6524385928829233,0.0,277032,11127,1248,29.952,179608,97424,7083,4044,425,1.0,2.2737367544323206e-13,1.0000000000000002,0.0,7.999999999999986,483264.00000000006,1920,0.7636750144929814,66352,0.6547586449984178,53368,0.6506644555720015,52568,0.6521656354806367,104744,1,0.024,11566.025422796392,0.0025896536541382006
960,scarcity,13004,0.2,2.3,pulse_only,0.6499486087146129,0.0,206688,8262,1050,126.0,206688,0,8262,0,424,1.0,2.2737367544323206e-13,1.0000000000000002,0.0,13.0,287668.8,1920,0.754694551910723,54184,0.6513407638669184,38264,0.6501562119067803,37720,0.6491487295423767,76520,5,0.12,11566.025422796392,0.010893975708514064
960,scarcity,13004,0.2,4.0,hybrid_50,0.6497985931867228,0.0,273248,11069,949,113.88,177376,95872,7079,3990,420,1.0,2.2737367544323206e-13,1.0000000000000002,0.0,7.999999999999986,483264.00000000006,1920,0.7544443745019653,65192,0.650900559491533,52552,0.6487482070341913,52224,0.6497728031105835,103280,5,0.12,11566.025422796392,0.009846078997504615
960,scarcity,13004,0.2,2.3,pulse_only,0.6425074142822439,0.0,201208,8261,368,176.64,201208,0,8261,0,408,1.0,2.2737367544323206e-13,1.0000000000000002,0.0,13.0,287668.8,1920,0.7426055273195362,50760,0.6430858703425704,37600,0.6420572231658167,37256,0.6424432818102942,75592,20,0.48,11566.025422796392,0.015272316421840668
960,scarcity,13004,0.2,4.0,hybrid_50,0.6432935460805119,0.0,265304,10937,352,168.95999999999998,172792,92512,7083,3854,404,1.0,2.2737367544323206e-13,1.0000000000000002,0.0,7.999999999999986,483264.00000000006,1920,0.7425225544707241,61720,0.6437964245384857,51248,0.642531517364358,51504,0.6434231212096019,100832,20,0.48,11566.025422796392,0.014608302664369332
960,scarcity,13005,0.2,4.0,fixed,0.6328921336231432,0.0,0,0,0,0.0,0,0,0,0,395,1.0,2.2737367544323206e-13,0.8721020912600873,0.0,-1.0,483264.00000000006,1920,0.737438896223268,0,0.6343197255076699,0,0.6325550068070716,0,0.6323469010889157,0,0,0.0,11468.977772477647,0.0
960,scarcity,13005,0.2,2.3,pulse_only,0.6488544161215404,0.0,206808,8259,1074,25.776,206808,0,8259,0,427,1.0,2.2737367544323206e-13,1.0000000000000002,0.0,13.0,287668.8,1920,0.7631392386293241,54872,0.65099819709746,38528,0.6490845760401273,37872,0.6476674456742871,75536,1,0.024,11468.977772477647,0.002247454002557684
960,scarcity,13005,0.2,4.0,hybrid_50,0.6488710634456716,0.0,276168,11175,996,23.904,177872,98296,7094,4081,435,1.0,1.1368683772161603e-13,1.0000000000000002,0.0,7.999999999999986,483264.00000000006,1920,0.7642847179734874,65904,0.6516566104195136,52776,0.6486595461902976,52976,0.6475840485864373,104512,1,0.024,11468.977772477647,0.0020842310861708133
960,scarcity,13005,0.2,2.3,pulse_only,0.6459576292311258,0.0,204544,8258,794,95.28,204544,0,8258,0,427,1.0,2.2737367544323206e-13,1.0000000000000002,0.0,13.200000000000017,287668.8,1920,0.7560963872134554,53344,0.6472061324182862,38008,0.6459736615419758,37688,0.6453253614821205,75504,5,0.12,11468.977772477647,0.008307627923793302
960,scarcity,13005,0.2,4.0,hybrid_50,0.6469512306432691,0.0,271784,11084,721,86.52,175760,96024,7087,3997,425,1.0,2.2737367544323206e-13,1.0000000000000002,0.0,7.999999999999986,483264.00000000006,1920,0.7568288849906147,64712,0.6493826590742062,52088,0.646095089569434,52336,0.6461635869647181,102648,5,0.12,11468.977772477647,0.007543828379162431
960,scarcity,13005,0.2,2.3,pulse_only,0.6403671135037474,0.0,200584,8259,296,142.07999999999998,200584,0,8259,0,389,1.0,1.1368683772161603e-13,1.0000000000000002,0.0,13.199999999999989,287668.8,1920,0.7445277445994234,50064,0.6423107884624506,37744,0.6401402348745,37544,0.6395087153390198,75232,20,0.48,11468.977772477647,0.012388200833465073
960,scarcity,13005,0.2,4.0,hybrid_50,0.6410058435940952,0.0,261264,10798,264,126.72,171840,89424,7072,3726,394,1.0,1.1368683772161603e-13,1.0000000000000002,0.0,7.999999999999986,483264.00000000006,1920,0.7442123582414171,60152,0.6426152419648525,50736,0.6408192444780445,50744,0.6402944439667416,99632,20,0.48,11468.977772477647,0.011048935878495878
960,scarcity,13006,0.2,4.0,fixed,0.638358751252092,0.0,0,0,0,0.0,0,0,0,0,414,1.0,2.2737367544323206e-13,0.9202021253552009,0.0,-1.0,483264.00000000006,1920,0.7355145779559661,0,0.6398412934200585,0,0.6381111518667492,0,0.6377412798607803,0,0,0.0,11500.656209120265,0.0
960,scarcity,13006,0.2,2.3,pulse_only,0.6520091854836563,0.0,208024,8269,1196,28.704,208024,0,8269,0,420,1.0,1.1368683772161603e-13,1.0,0.0,13.0,287668.8,1920,0.7628115242282909,55736,0.6575793207323447,38568,0.6510851121154324,37800,0.6496861545434242,75920,1,0.024,11500.656209120265,0.0024958575822166666
960,scarcity,13006,0.2,4.0,hybrid_50,0.6512920465575309,0.0,276736,11162,1106,26.544,178528,98208,7081,4081,431,1.0,1.1368683772161603e-13,1.0000000000000002,0.0,7.999999999999986,483264.00000000006,1920,0.761854430118214,66904,0.6550346081732373,52880,0.6511406001232793,52536,0.6494964889668036,104416,1,0.024,11500.656209120265,0.0023080422123174195
960,scarcity,13006,0.2,2.3,pulse_only,0.649831335427461,0.0,204856,8269,800,96.0,204856,0,8269,0,417,1.0,2.2737367544323206e-13,1.0000000000000002,0.0,13.0,287668.8,1920,0.7534283390258572,54232,0.6545419884681934,37904,0.6489214908146209,37400,0.6479309312135146,75320,5,0.12,11500.656209120265,0.008347349773299888
960,scarcity,13006,0.2,4.0,hybrid_50,0.649304551637994,0.0,270352,11009,767,92.03999999999999,176152,94200,7087,3922,415,1.0,2.2737367544323206e-13,1.0,0.0,7.999999999999986,483264.00000000006,1920,0.7542291677501062,65224,0.6526121524085212,51760,0.648706379794981,51336,0.647949837174237,102032,5,0.12,11500.656209120265,0.008003021595151268
960,scarcity,13006,0.2,2.3,pulse_only,0.6448832382181915,0.0,200056,8270,197,94.56,200056,0,8270,0,409,1.0,1.1368683772161603e-13,1.0,0.0,13.399999999999991,287668.8,1920,0.7434582569495866,50192,0.6470438161835342,37512,0.6446303598182757,37144,0.6439293884354779,75208,20,0.48,11500.656209120265,0.00822213952670039
960,scarcity,13006,0.2,4.0,hybrid_50,0.6438408377265163,0.0,264752,10961,211,101.28,171512,93240,7076,3885,408,1.0,2.2737367544323206e-13,1.0000000000000002,0.0,7.999999999999986,483264.00000000006,1920,0.7426292277614022,61368,0.6462764645300454,51408,0.6433032513196724,50864,0.6428918175281741,101112,20,0.48,11500.656209120265,0.008806454010831383
960,scarcity,13007,0.2,4.0,fixed,0.6271756928251778,0.0,0,0,0,0.0,0,0,0,0,409,1.0,2.2737367544323206e-13,0.9460716551799158,0.0,-1.0,483264.00000000006,1920,0.7198049499647539,0,0.6282512266844882,0,0.6269595716793697,0,0.6267459864684267,0,0,0.0,11523.321694310032,0.0
960,scarcity,13007,0.2,2.3,pulse_only,0.6497004488800757,0.0,211560,8269,1638,39.312,211560,0,8269,0,409,1.0,2.2737367544323206e-13,1.0000000000000002,0.0,13.0,287668.8,1920,0.7506456675689291,55680,0.650462086396504,39152,0.6502430336714603,38776,0.649048337726169,77952,1,0.024,11523.321694310032,0.003411516318199414
960,scarcity,13007,0.2,4.0,hybrid_50,0.6503459627261441,0.0,274816,11000,1352,32.448,180344,94472,7079,3921,412,1.0,2.2737367544323206e-13,1.0000000000000002,0.0,7.999999999999986,483264.00000000006,1920,0.754588348064153,66520,0.651808923015369,53248,0.651185259782904,51976,0.6491948340531515,103072,1,0.024,11523.321694310032,0.0028158547388312627
960,scarcity,13007,0.2,2.3,pulse_only,0.6456782305612146,0.0,208104,8269,1206,144.72,208104,0,8269,0,411,1.0,2.2737367544323206e-13,1.0000000000000002,0.0,13.0,287668.8,1920,0.7440674182336756,54264,0.6449891379861497,38608,0.6473509448699205,38352,0.6451864196943944,76880,5,0.12,11523.321694310032,0.012558878753811032
960,scarcity,13007,0.2,4.0,hybrid_50,0.6472144633210399,0.0,271056,10955,1017,122.03999999999999,177896,93160,7078,3877,407,1.0,2.2737367544323206e-13,1.0000000000000002,0.0,7.999999999999986,483264.00000000006,1920,0.7473001306778612,65184,0.6474304765385511,52512,0.6467382297356368,51736,0.6473445735049859,101624,5,0.12,11523.321694310032,0.010590696262542137
960,scarcity,13007,0.2,2.3,pulse_only,0.6374259738801743,0.0,202272,8271,471,226.07999999999998,202272,0,8271,0,405,1.0,1.1368683772161603e-13,1.0000000000000002,0.0,13.0,287668.8,1920,0.731619156581962,50928,0.637849550572443,37792,0.636641228562486,37744,0.637606558192884,75808,20,0.48,11523.321694310032,0.01961934292883912
960,scarcity,13007,0.2,4.0,hybrid_50,0.6396231987534038,0.0,264416,10880,412,197.76,173096,91320,7075,3805,393,1.0,1.1368683772161603e-13,1.0000000000000002,0.0,7.999999999999986,483264.00000000006,1920,0.7304713048964194,62384,0.6396045566059932,51464,0.6388366920333335,50760,0.6400257731871443,99808,20,0.48,11523.321694310032,0.017161718230746748
960,scarcity,13008,0.2,4.0,fixed,0.6257152578217924,0.0,0,0,0,0.0,0,0,0,0,391,1.0,2.2737367544323206e-13,0.9470111650968316,0.0,-1.0,483264.00000000006,1920,0.7140711522975062,0,0.6246220227099291,0,0.6254251596262173,0,0.6264069244755115,0,0,0.0,11501.292449351813,0.0
960,scarcity,13008,0.2,2.3,pulse_only,0.6500863134502181,0.0,210560,8267,1519,36.456,210560,0,8267,0,411,1.0,2.2737367544323206e-13,1.0000000000000002,0.0,13.0,287668.8,1920,0.7492352737540079,55992,0.653775157567306,39088,0.6489601874934252,38680,0.6488049543700708,76800,1,0.024,11501.292449351813,0.003169730720311749
960,scarcity,13008,0.2,4.0,hybrid_50,0.6481116172944087,0.0,275040,11005,1365,32.76,180456,94584,7086,3919,409,1.0,2.2737367544323206e-13,1.0000000000000002,0.0,7.999999999999986,483264.00000000006,1920,0.7524171296244421,66808,0.6518609606748711,53336,0.6471871341261314,52176,0.6466991871883161,102720,1,0.024,11501.292449351813,0.0028483755320773776
960,scarcity,13008,0.2,2.3,pulse_only,0.6455759658489877,0.0,207480,8268,1131,135.72,207480,0,8268,0,408,1.0,2.2737367544323206e-13,1.0000000000000002,0.0,13.0,287668.8,1920,0.7412785164874095,54816,0.6465034481334822,38448,0.6456891377508956,38072,0.6450556387557865,76144,5,0.12,11501.292449351813,0.01180041291860628
960,scarcity,13008,0.2,4.0,hybrid_50,0.6456373703883552,0.0,269520,10895,1005,120.6,177800,91720,7080,3815,399,1.0,2.2737367544323206e-13,1.0000000000000002,0.0,7.999999999999986,483264.00000000006,1920,0.7426900926849441,65352,0.6459236518598711,52384,0.6466972676617149,51280,0.6449642810159176,100504,5,0.12,11501.292449351813,0.01048577805764749
960,scarcity,13008,0.2,2.3,pulse_only,0.6345795618109272,0.0,202368,8268,492,236.16,202368,0,8268,0,382,1.0,2.2737367544323206e-13,1.0,0.0,13.000000000000014,287668.8,1920,0.7238776836454112,51184,0.6328072532005946,37768,0.6337655624508394,37768,0.6358727157961374,75648,20,0.48,11501.292449351813,0.020533344494975382
960,scarcity,13008,0.2,4.0,hybrid_50,0.6365679986216396,0.0,263280,10826,432,207.35999999999999,173176,90104,7072,3754,390,1.0,2.2737367544323206e-13,1.0000000000000002,0.0,7.999999999999986,483264.00000000006,1920,0.7265975796522903,61664,0.635524630700484,51520,0.636503975332343,50672,0.6371216942268655,99424,20,0.48,11501.292449351813,0.018029278093149116
960,scarcity,13009,0.2,4.0,fixed,0.6234261388465182,0.0,0,0,0,0.0,0,0,0,0,380,1.0,2.2737367544323206e-13,0.8439234235740366,0.0,-1.0,483264.00000000006,1920,0.7167818925491678,0,0.6238456430924053,0,0.6233272010793309,0,0.6232658556071682,0,0,0.0,11565.16446513675,0.0
960,scarcity,13009,0.2,2.3,pulse_only,0.6422689307593117,0.0,210200,8245,1540,36.96,210200,0,8245,0,415,1.0,2.2737367544323206e-13,1.0000000000000002,0.0,13.0,287668.8,1920,0.7459630314546336,55008,0.6421214968547428,39384,0.6428840816664267,39008,0.6420350722580389,76800,1,0.024,11565.16446513675,0.0031958040987152513
960,scarcity,13009,0.2,4.0,hybrid_50,0.6416526432470092,0.0,276672,11045,1449,34.776,180488,96184,7054,3991,420,1.0,1.1368683772161603e-13,1.0000000000000002,0.0,7.999999999999986,483264.00000000006,1920,0.7454077384526978,66288,0.6418996384805522,53560,0.6418707548967941,52944,0.6414200898053453,103880,1,0.024,11565.16446513675,0.003006961129245714
960,scarcity,13009,0.2,2.3,pulse_only,0.6390563420335127,0.0,208440,8242,1329,159.48,208440,0,8242,0,402,1.0,1.7053025658242404e-13,1.0000000000000002,0.0,13.0,287668.8,1920,0.7371882591819865,53880,0.6400572086947013,39136,0.6379872800812547,38680,0.6390904396790477,76744,5,0.12,11565.16446513675,0.013789687166209638
960,scarcity,13009,0.2,4.0,hybrid_50,0.6388737594332217,0.0,270448,10883,1157,138.84,178280,92168,7048,3835,403,1.0,1.1368683772161603e-13,1.0000000000000002,0.0,7.999999999999986,483264.00000000006,1920,0.7402677333528518,64784,0.641398884538984,52024,0.6385311721776953,52136,0.6377824905081036,101504,5,0.12,11565.16446513675,0.012005017344849175
960,scarcity,13009,0.2,2.3,pulse_only,0.6318258676775504,0.0,203208,8247,660,316.8,203208,0,8247,0,385,1.0,2.2737367544323206e-13,1.0000000000000002,0.0,13.199999999999989,287668.8,1920,0.7269519689983451,50688,0.6326925671352625,38456,0.6317704605028126,38024,0.6314202215360634,76040,20,0.48,11565.16446513675,0.02739260656041644
960,scarcity,13009,0.2,4.0,hybrid_50,0.6308237470203271,0.0,260976,10663,633,303.84,174408,86568,7056,3607,375,1.0,2.2737367544323206e-13,1.0000000000000002,0.0,7.999999999999986,483264.00000000006,1920,0.7238958998688211,61000,0.6313396642493401,50808,0.6302709356461734,50720,0.6308421940928974,98448,20,0.48,11565.16446513675,0.0262719999283994
960,scarcity,13010,0.2,4.0,fixed,0.6315150801590896,0.0,0,0,0,0.0,0,0,0,0,403,1.0,2.2737367544323206e-13,0.8725870454409155,0.0,-1.0,483264.00000000006,1920,0.7323131356328538,0,0.6327524759868672,0,0.6312730315361104,0,0.6310174065566906,0,0,0.0,11484.420422282083,0.0
960,scarcity,13010,0.2,2.3,pulse_only,0.6508636909431421,0.0,208264,8264,1241,29.784,208264,0,8264,0,403,1.0,2.2737367544323206e-13,1.0000000000000002,0.0,13.0,287668.8,1920,0.7643973115984918,55200,0.6529617570033167,38760,0.6503786467092578,38376,0.6500571800299971,75928,1,0.024,11484.420422282083,0.0025934264773355958
960,scarcity,13010,0.2,4.0,hybrid_50,0.6507942460498201,0.0,271656,10930,1167,28.008,178656,93000,7071,3859,410,1.0,2.2737367544323206e-13,1.0000000000000002,0.0,7.999999999999986,483264.00000000006,1920,0.7647721747947881,65168,0.6526021158918713,52496,0.6499640796539469,51952,0.6503053943267307,102040,1,0.024,11484.420422282083,0.0024387821910158264
960,scarcity,13010,0.2,2.3,pulse_only,0.6477108914434732,0.0,206112,8264,972,116.64,206112,0,8264,0,410,1.0,2.2737367544323206e-13,1.0,0.0,13.0,287668.8,1920,0.7542923096208249,53624,0.6482333220676707,38552,0.6476347172282997,38160,0.647487763238961,75776,5,0.12,11484.420422282083,0.010156367993433519
960,scarcity,13010,0.2,4.0,hybrid_50,0.6490070140237001,0.0,268128,10879,879,105.47999999999999,176712,91416,7073,3806,402,1.0,2.2737367544323206e-13,1.0,0.0,7.999999999999986,483264.00000000006,1920,0.7546126227225258,64024,0.6492475282145848,52016,0.6489722487946304,51600,0.6489041395427924,100488,5,0.12,11484.420422282083,0.009184616734802533
960,scarcity,13010,0.2,2.3,pulse_only,0.6420776356497001,0.0,201096,8266,339,162.72,201096,0,8266,0,397,1.0,2.2737367544323206e-13,1.0000000000000002,0.0,13.199999999999989,287668.8,1920,0.7429120312928867,50240,0.6432863018599768,37968,0.6414742722996642,37752,0.6417749842195796,75136,20,0.48,11484.420422282083,0.01416876028713565
960,scarcity,13010,0.2,4.0,hybrid_50,0.6417450578561161,0.0,262144,10810,338,162.23999999999998,172688,89456,7083,3727,391,1.0,2.2737367544323206e-13,1.0,0.0,7.999999999999986,483264.00000000006,1920,0.7422206777672448,60768,0.6426658209973306,51216,0.6408402029006269,51072,0.6417371037632533,99088,20,0.48,11484.420422282083,0.01412696453407625
960,scarcity,13011,0.2,4.0,fixed,0.6369020299265559,0.0,0,0,0,0.0,0,0,0,0,399,1.0,1.7053025658242404e-13,0.9988147283306078,0.0,-1.0,483264.00000000006,1920,0.7335922145023116,0,0.6369186468007527,0,0.6367746164980185,0,0.6369574282037264,0,0,0.0,11539.14480793026,0.0
960,scarcity,13011,0.2,2.3,pulse_only,0.6516863848326158,0.0,208400,8276,1222,29.328,208400,0,8276,0,414,1.0,1.1368683772161603e-13,1.0000000000000002,0.0,13.199999999999989,287668.8,1920,0.7639217527109706,55776,0.6566981370918794,38544,0.6504996179542213,37888,0.6497738921421811,76192,1,0.024,11539.14480793026,0.0025416094943053642
960,scarcity,13011,0.2,4.0,hybrid_50,0.6522142865751946,0.0,275368,11111,1088,26.112000000000002,178480,96888,7093,4018,421,1.0,2.8421709430404007e-13,1.0000000000000002,0.0,7.999999999999986,483264.00000000006,1920,0.764964603409718,66720,0.6569503723435293,52792,0.6513271311984454,52288,0.650289821379402,103568,1,0.024,11539.14480793026,0.0022629059982031395
960,scarcity,13011,0.2,2.3,pulse_only,0.64938398124233,0.0,205184,8277,817,98.03999999999999,205184,0,8277,0,413,1.0,2.2737367544323206e-13,1.0000000000000002,0.0,13.0,287668.8,1920,0.7553606619067934,54216,0.6517917261201002,37848,0.6492428071373253,37432,0.6482506958559473,75688,5,0.12,11539.14480793026,0.00849629687744469
960,scarcity,13011,0.2,4.0,hybrid_50,0.6498665208961378,0.0,272992,11120,764,91.67999999999999,175960,97032,7084,4036,425,1.0,2.2737367544323206e-13,1.0000000000000002,0.0,7.999999999999986,483264.00000000006,1920,0.7557384724138256,65616,0.6511605424614283,52856,0.6495806694252697,51712,0.6493624358489266,102808,5,0.12,11539.14480793026,0.007945129515749992
960,scarcity,13011,0.2,2.3,pulse_only,0.6437177748331634,0.0,200504,8276,235,112.8,200504,0,8276,0,395,1.0,1.1368683772161603e-13,1.0000000000000002,0.0,13.399999999999991,287668.8,1920,0.7413439562609432,50416,0.6439232237473073,37472,0.6436742643234556,37232,0.643636805630945,75384,20,0.48,11539.14480793026,0.009775421131943709
960,scarcity,13011,0.2,4.0,hybrid_50,0.6442755500358516,0.0,261376,10818,218,104.64,171712,89664,7082,3736,390,1.0,1.1368683772161603e-13,1.0,0.0,7.999999999999986,483264.00000000006,1920,0.7429500291795771,61120,0.6452551015259635,50368,0.6440230731322688,50232,0.643912012742587,99656,20,0.48,11539.14480793026,0.009068263007505227
960,scarcity,13012,0.2,4.0,fixed,0.6225734651736419,0.0,0,0,0,0.0,0,0,0,0,423,1.0,2.2737367544323206e-13,1.0000000000000002,0.0,-1.0,483264.00000000006,1920,0.7233740084506908,0,0.6231863048744714,0,0.6223658970172682,0,0.6223708294014141,0,0,0.0,11521.897032074445,0.0
960,scarcity,13012,0.2,2.3,pulse_only,0.645962447155704,0.0,211040,8279,1543,37.032000000000004,211040,0,8279,0,425,1.0,2.2737367544323206e-13,1.0000000000000002,0.0,13.0,287668.8,1920,0.748874965756165,55136,0.647408113638305,39288,0.6465141342917953,38448,0.644963770346358,78168,1,0.024,11521.897032074445,0.0032140540656552478
960,scarcity,13012,0.2,4.0,hybrid_50,0.6460541897856447,0.0,280256,11219,1375,33.0,180440,99816,7077,4142,433,1.0,2.2737367544323206e-13,1.0000000000000002,0.0,7.999999999999986,483264.00000000006,1920,0.7503897039814245,67664,0.6472249726488845,53944,0.6472578101887252,53216,0.6448669881524846,105432,1,0.024,11521.897032074445,0.0028641116916888953
960,scarcity,13012,0.2,2.3,pulse_only,0.6425257725782687,0.0,208304,8279,1201,144.12,208304,0,8279,0,418,1.0,2.2737367544323206e-13,1.0000000000000002,0.0,13.0,287668.8,1920,0.7414595342923229,54048,0.6418680528210872,38656,0.6437450109105396,38144,0.642245013290724,77456,5,0.12,11521.897032074445,0.012508356878975866
960,scarcity,13012,0.2,4.0,hybrid_50,0.6418883056779316,0.0,274072,11059,1082,129.84,178384,95688,7077,3982,417,1.0,2.2737367544323206e-13,1.0000000000000002,0.0,7.999999999999986,483264.00000000006,1920,0.7430936695890435,66312,0.6419065107142518,52344,0.6410413723442451,52184,0.642302669826615,103232,5,0.12,11521.897032074445,0.011268977637845035
960,scarcity,13012,0.2,2.3,pulse_only,0.634634275298435,0.0,203160,8280,555,266.4,203160,0,8280,0,409,1.0,2.2737367544323206e-13,1.0000000000000002,0.0,13.0,287668.8,1920,0.7320336493354196,50720,0.6345108593847459,38056,0.6345115712817692,37592,0.6347573352636127,76792,20,0.48,11521.897032074445,0.02312119256563399
960,scarcity,13012,0.2,4.0,hybrid_50,0.6345016208498918,0.0,268360,11010,515,247.2,174136,94224,7084,3926,411,1.0,2.2737367544323206e-13,1.0000000000000002,0.0,7.999999999999986,483264.00000000006,1920,0.7323986509903598,62928,0.633733506599316,52024,0.6340836500893046,51720,0.6350946633554734,101688,20,0.48,11521.897032074445,0.02145480030865136
960,scarcity,13013,0.2,4.0,fixed,0.6223686661539154,0.0,0,0,0,0.0,0,0,0,0,413,1.0,2.2737367544323206e-13,0.9150047877731526,0.0,-1.0,483264.00000000006,1920,0.7188961518574909,0,0.6234873480988077,0,0.6219589722723463,0,0.6220141721222537,0,0,0.0,11555.928113909922,0.0
960,scarcity,13013,0.2,2.3,pulse_only,0.648929354126141,0.0,210728,8257,1570,37.68,210728,0,8257,0,419,1.0,2.2737367544323206e-13,1.0000000000000002,0.0,13.199999999999989,287668.8,1920,0.7512285646180558,56040,0.6526743747412093,38656,0.649528235091295,38664,0.6467574033360297,77368,1,0.024,11555.928113909922,0.003260664104914638
960,scarcity,13013,0.2,4.0,hybrid_50,0.648432594722924,0.0,277912,11099,1442,34.608000000000004,180728,97184,7073,4026,421,1.0,2.2737367544323206e-13,1.0000000000000002,0.0,7.999999999999986,483264.00000000006,1920,0.7516752319838673,66272,0.6500137753366321,54248,0.6492804561980624,53024,0.6472180736785006,104368,1,0.024,11555.928113909922,0.0029948265218387956
960,scarcity,13013,0.2,2.3,pulse_only,0.6446287845087011,0.0,207832,8258,1205,144.6,207832,0,8258,0,425,1.0,2.2737367544323206e-13,1.0000000000000002,0.0,13.0,287668.8,1920,0.7428055308031232,54664,0.6463528563173707,38264,0.644202755143751,38216,0.6439797632868413,76688,5,0.12,11555.928113909922,0.012513058109624647
960,scarcity,13013,0.2,4.0,hybrid_50,0.6452638321556333,0.0,273560,11039,1078,129.35999999999999,178368,95192,7077,3962,417,1.0,2.2737367544323206e-13,1.0000000000000002,0.0,7.999999999999986,483264.00000000006,1920,0.7424877751992208,65240,0.6461039745267559,53104,0.645576483760033,52216,0.6446874351678721,103000,5,0.12,11555.928113909922,0.01119425447483433
960,scarcity,13013,0.2,2.3,pulse_only,0.6350478999166718,0.0,202504,8259,536,257.28,202504,0,8259,0,414,1.0,2.2737367544323206e-13,1.0000000000000002,0.0,13.199999999999989,287668.8,1920,0.7290559023526538,51208,0.6355174779912595,37632,0.6348695179502672,37848,0.6349023018625801,75816,20,0.48,11555.928113909922,0.02226389758260186
960,scarcity,13013,0.2,4.0,hybrid_50,0.63462637344598,0.0,268872,11021,546,262.08,174208,94664,7077,3944,414,1.0,2.2737367544323206e-13,1.0000000000000002,0.0,7.999999999999986,483264.00000000006,1920,0.7310892397506442,61920,0.634258165479232,52880,0.6336263204987579,51904,0.635310503902965,102168,20,0.48,11555.928113909922,0.022679268806157865
960,scarcity,13014,0.2,4.0,fixed,0.6110365314298417,0.0,0,0,0,0.0,0,0,0,0,409,1.0,2.2737367544323206e-13,0.9640115616667085,0.0,-1.0,483264.00000000006,1920,0.7106611144586229,0,0.6126183583843823,0,0.6107051350664606,0,0.6104113161342619,0,0,0.0,11551.273310436518,0.0
960,scarcity,13014,0.2,2.3,pulse_only,0.634251516718872,0.0,210816,8276,1524,36.576,210816,0,8276,0,402,1.0,2.2737367544323206e-13,1.0000000000000004,0.0,13.0,287668.8,1920,0.7396259563045036,55808,0.6325038253179847,38088,0.6338123720335829,38760,0.6353449347619603,78160,1,0.024,11551.273310436518,0.0031664041718200684
960,scarcity,13014,0.2,4.0,hybrid_50,0.6349397256000991,0.0,280864,11253,1349,32.376,180568,100296,7091,4162,435,1.0,2.2737367544323206e-13,1.0000000000000002,0.0,7.999999999999986,483264.00000000006,1920,0.7425772096869326,67608,0.634056604808283,54200,0.6355019421934025,52744,0.6351001776993557,106312,1,0.024,11551.273310436518,0.0028028078922475537
960,scarcity,13014,0.2,2.3,pulse_only,0.6321921415802115,0.0,208120,8276,1187,142.44,208120,0,8276,0,415,1.0,2.2737367544323206e-13,1.0000000000000002,0.0,13.0,287668.8,1920,0.7328423644948051,54624,0.6296104325714834,37800,0.6318007336879059,38224,0.6336787000307285,77472,5,0.12,11551.273310436518,0.01233110811007356
960,scarcity,13014,0.2,4.0,hybrid_50,0.633351409219518,0.0,274032,11040,1134,136.07999999999998,179224,94808,7095,3945,411,1.0,2.2737367544323206e-13,1.0000000000000002,0.0,7.999999999999986,483264.00000000006,1920,0.7344957514989969,65824,0.6300314765922744,53224,0.6336305699631485,51984,0.6348717951613246,103000,5,0.12,11551.273310436518,0.011780519458149464
960,scarcity,13014,0.2,2.3,pulse_only,0.6273485453732283,0.0,203808,8277,645,309.59999999999997,203808,0,8277,0,399,1.0,2.2737367544323206e-13,1.0000000000000002,0.0,13.0,287668.8,1920,0.7214481312279305,51616,0.6248608309447894,37584,0.6270324738429763,37904,0.6287504383525737,76704,20,0.48,11551.273310436518,0.026802240037059628
960,scarcity,13014,0.2,4.0,hybrid_50,0.6269594220158241,0.0,266960,10921,607,291.36,175080,91880,7093,3828,396,1.0,2.2737367544323206e-13,1.0000000000000002,0.0,7.999999999999986,483264.00000000006,1920,0.7219357137852168,62584,0.625439039267278,51936,0.6269042966361594,50968,0.6277471760799294,101472,20,0.48,11551.273310436518,0.025223193337201858
960,scarcity,13015,0.2,4.0,fixed,0.6320137891377835,0.0,0,0,0,0.0,0,0,0,0,404,1.0,2.2737367544323206e-13,0.8970540696557368,0.0,-1.0,483264.00000000006,1920,0.7342510667948647,0,0.6325333753028054,0,0.631877155414861,0,0.6318223129167337,0,0,0.0,11529.42648996152,0.0
960,scarcity,13015,0.2,2.3,pulse_only,0.645312913618817,0.0,207928,8273,1172,28.128,207928,0,8273,0,434,1.0,2.2737367544323206e-13,1.0000000000000002,0.0,13.0,287668.8,1920,0.7629502221561871,55232,0.6452225646373969,38408,0.6451528843546164,38040,0.6454381027416276,76248,1,0.024,11529.42648996152,0.002439670353463859
960,scarcity,13015,0.2,4.0,hybrid_50,0.6461466634289144,0.0,279192,11269,1092,26.208000000000002,178584,100608,7096,4173,439,1.0,2.2737367544323206e-13,1.0000000000000002,0.0,7.999999999999986,483264.00000000006,1920,0.7623276005166645,67176,0.6463987594935751,53456,0.6446833566263324,53096,0.646752268797875,105464,1,0.024,11529.42648996152,0.002273139953910012
960,scarcity,13015,0.2,2.3,pulse_only,0.6441067621782521,0.0,206008,8274,929,111.47999999999999,206008,0,8274,0,428,1.0,2.2737367544323206e-13,1.0000000000000002,0.0,13.199999999999989,287668.8,1920,0.7535941466766952,54016,0.6444373953760799,37912,0.6430854507086163,37848,0.6444521013141562,76232,5,0.12,11529.42648996152,0.009669171324095243
960,scarcity,13015,0.2,4.0,hybrid_50,0.644385859324164,0.0,277904,11303,829,99.47999999999999,176648,101256,7089,4214,442,1.0,2.2737367544323206e-13,1.0000000000000002,0.0,7.999999999999986,483264.00000000006,1920,0.7545082541130855,66176,0.6441560377106134,53248,0.6441477670790545,53184,0.6446198162534943,105296,5,0.12,11529.42648996152,0.0086283563268837
960,scarcity,13015,0.2,2.3,pulse_only,0.6397047902093874,0.0,201384,8277,342,164.16,201384,0,8277,0,406,1.0,2.2737367544323206e-13,1.0000000000000002,0.0,13.200000000000017,287668.8,1920,0.7426872198664716,50536,0.6402850599176443,37584,0.6393872176752462,37680,0.6395734416223297,75584,20,0.48,11529.42648996152,0.014238349161853922
960,scarcity,13015,0.2,4.0,hybrid_50,0.6398465486826679,0.0,266528,11003,307,147.35999999999999,172656,93872,7092,3911,409,1.0,2.2737367544323206e-13,1.0000000000000002,0.0,7.999999999999986,483264.00000000006,1920,0.7429494237614802,62128,0.6401236715575794,51736,0.6397154417284039,50632,0.6397735407223439,102032,20,0.48,11529.42648996152,0.012781208165757759
960,scarcity,13016,0.2,4.0,fixed,0.6318435304575015,0.0,0,0,0,0.0,0,0,0,0,397,1.0,1.7053025658242404e-13,0.8916947962963339,0.0,-1.0,483264.00000000006,1920,0.7325247343142205,0,0.6326619603225966,0,0.6316411279526336,0,0.631535516777388,0,0,0.0,11504.871590187631,0.0
960,scarcity,13016,0.2,2.3,pulse_only,0.6491578532594338,0.0,208264,8271,1220,29.28,208264,0,8271,0,439,1.0,1.1368683772161603e-13,1.0000000000000002,0.0,13.199999999999989,287668.8,1920,0.7653498786154387,55752,0.6506039807057697,37984,0.648793407549764,38312,0.6486170123911007,76216,1,0.024,11504.871590187631,0.0025450088486839405
960,scarcity,13016,0.2,4.0,hybrid_50,0.6494408944564872,0.0,274352,11051,1141,27.384,178824,95528,7087,3964,421,1.0,2.2737367544323206e-13,1.0000000000000002,0.0,7.999999999999986,483264.00000000006,1920,0.7635853421119421,66200,0.6523282080702703,52488,0.6481505203236791,52624,0.648642424716,103040,1,0.024,11504.871590187631,0.0023802090953675215
960,scarcity,13016,0.2,2.3,pulse_only,0.6472021407712432,0.0,205528,8273,872,104.64,205528,0,8273,0,431,1.0,1.1368683772161603e-13,1.0000000000000002,0.0,13.0,287668.8,1920,0.7569592086889975,54296,0.6479985245992312,37696,0.6461616348875358,37928,0.6473242017991028,75608,5,0.12,11504.871590187631,0.009095277524804903
960,scarcity,13016,0.2,4.0,hybrid_50,0.646082789122055,0.0,272912,11081,871,104.52,176928,95984,7087,3994,424,1.0,1.7053025658242404e-13,1.0000000000000002,0.0,7.999999999999986,483264.00000000006,1920,0.7540389959298216,64936,0.6475712676423335,52680,0.644186796025631,52608,0.6462865464101278,102688,5,0.12,11504.871590187631,0.009084847160670952
960,scarcity,13016,0.2,2.3,pulse_only,0.6416089150783958,0.0,200792,8272,283,135.84,200792,0,8272,0,404,1.0,2.2737367544323206e-13,1.0000000000000002,0.0,13.199999999999989,287668.8,1920,0.7430246591967935,50712,0.6422243564808582,37224,0.6408750511374847,37640,0.6416681263476202,75216,20,0.48,11504.871590187631,0.011807172199632052
960,scarcity,13016,0.2,4.0,hybrid_50,0.6421599665642131,0.0,263992,10909,272,130.56,172216,91776,7085,3824,404,1.0,1.7053025658242404e-13,1.0000000000000002,0.0,7.999999999999986,483264.00000000006,1920,0.7437166339108187,61168,0.6434629924650225,51552,0.641707866550132,50976,0.6417345036208492,100296,20,0.48,11504.871590187631,0.011348236177738226
960,scarcity,13017,0.2,4.0,fixed,0.6131158161320378,0.0,0,0,0,0.0,0,0,0,0,422,1.0,2.2737367544323206e-13,0.9559787944256484,0.0,-1.0,483264.00000000006,1920,0.7171803505489591,0,0.6137179183338773,0,0.612952540315849,0,0.6128964029392123,0,0,0.0,11562.691858103266,0.0
960,scarcity,13017,0.2,2.3,pulse_only,0.632891679406255,0.0,209408,8255,1411,33.864,209408,0,8255,0,444,1.0,2.2737367544323206e-13,1.0000000000000002,0.0,13.0,287668.8,1920,0.7407441991180076,55080,0.6328647303278104,38704,0.6329435144764805,38528,0.6328792364103648,77096,1,0.024,11562.691858103266,0.002928729781574843
960,scarcity,13017,0.2,4.0,hybrid_50,0.6303106132353731,0.0,276744,11115,1248,29.952,179272,97472,7065,4050,424,1.0,2.2737367544323206e-13,1.0000000000000004,0.0,7.999999999999986,483264.00000000006,1920,0.7415062212121506,66416,0.6292108285519474,53216,0.6296316031714606,53080,0.6312000106090422,104032,1,0.024,11562.691858103266,0.002590400260386538
960,scarcity,13017,0.2,2.3,pulse_only,0.6293402266319472,0.0,206912,8256,1096,131.51999999999998,206912,0,8256,0,428,1.0,2.2737367544323206e-13,1.0000000000000002,0.0,13.0,287668.8,1920,0.733703535541256,53776,0.6289583415251098,38248,0.6295407850131107,38208,0.6294308899947844,76680,5,0.12,11562.691858103266,0.011374513963876783
960,scarcity,13017,0.2,4.0,hybrid_50,0.6288411489399375,0.0,276048,11175,981,117.72,177512,98536,7071,4104,429,1.0,2.2737367544323206e-13,1.0000000000000002,0.0,7.999999999999986,483264.00000000006,1920,0.7328938698463634,65864,0.6286758636819383,53056,0.628577136457722,52912,0.6290557978100448,104216,5,0.12,11562.691858103266,0.010181020254163436
960,scarcity,13017,0.2,2.3,pulse_only,0.6222300398426877,0.0,203048,8258,607,291.36,203048,0,8258,0,418,1.0,2.2737367544323206e-13,1.0000000000000002,0.0,13.0,287668.8,1920,0.7241227464442851,50920,0.6215871425428952,38048,0.6222757790610434,37936,0.6225286188834059,76144,20,0.48,11562.691858103266,0.02519828458420879
960,scarcity,13017,0.2,4.0,hybrid_50,0.6243205930288955,0.0,268928,11029,529,253.92,173912,95016,7070,3959,413,1.0,2.2737367544323206e-13,1.0000000000000002,0.0,7.999999999999986,483264.00000000006,1920,0.7248446569852937,62528,0.6238004938348674,52048,0.6234430126132022,52392,0.6250194328337564,101960,20,0.48,11562.691858103266,0.021960284258725614
960,scarcity,13018,0.2,4.0,fixed,0.6346581046946006,0.0,0,0,0,0.0,0,0,0,0,392,1.0,3.410605131648481e-13,0.9652469910082997,0.0,-1.0,483264.00000000006,1920,0.7309055311888215,0,0.6360569227947404,0,0.6344244161443096,0,0.6340755399196761,0,0,0.0,11499.33587122624,0.0
960,scarcity,13018,0.2,2.3,pulse_only,0.6510027307530087,0.0,207528,8255,1176,28.224,207528,0,8255,0,417,1.0,3.410605131648481e-13,1.0000000000000002,0.0,13.199999999999989,287668.8,1920,0.766540862313964,55552,0.655786516208866,38712,0.6492075350270315,37600,0.6495084358880686,75664,1,0.024,11499.33587122624,0.0024544026121214872
960,scarcity,13018,0.2,4.0,hybrid_50,0.6504373328356373,0.0,274432,11095,1019,24.456,177152,97280,7068,4027,429,1.0,3.410605131648481e-13,1.0000000000000002,0.0,7.999999999999986,483264.00000000006,1920,0.7711217134595384,66416,0.6549016962574784,52720,0.6492977497519911,51840,0.6487749426665399,103456,1,0.024,11499.33587122624,0.002126731515095064
960,scarcity,13018,0.2,2.3,pulse_only,0.648921149969493,0.0,204352,8256,776,93.11999999999999,204352,0,8256,0,422,1.0,3.410605131648481e-13,1.0000000000000002,0.0,13.199999999999989,287668.8,1920,0.7577471168049056,53760,0.6522604720598272,38152,0.6485551085977258,37232,0.6474345096102097,75208,5,0.12,11499.33587122624,0.008097858958360007
960,scarcity,13018,0.2,4.0,hybrid_50,0.6489522842630285,0.0,271640,11100,655,78.6,174888,96752,7078,4022,425,1.0,3.410605131648481e-13,1.0000000000000002,0.0,7.999999999999986,483264.00000000006,1920,0.7630840470373423,65080,0.650707469542176,52120,0.6484646331420116,51496,0.6483185171839634,102944,5,0.12,11499.33587122624,0.006835177342430161
960,scarcity,13018,0.2,2.3,pulse_only,0.6452861439246563,0.0,199560,8256,177,84.96,199560,0,8256,0,385,1.0,3.410605131648481e-13,1.0,0.0,13.400000000000006,287668.8,1920,0.745815207307399,50056,0.6466429701575048,37640,0.645047893035164,37016,0.6447268562529781,74848,20,0.48,11499.33587122624,0.007388252760977945
960,scarcity,13018,0.2,4.0,hybrid_50,0.6453490068404841,0.0,259152,10740,174,83.52,171432,87720,7085,3655,384,1.0,3.410605131648481e-13,1.0000000000000002,0.0,7.999999999999986,483264.00000000006,1920,0.74660514720714,60072,0.6468524597825543,50520,0.645075098363914,49696,0.644734234607734,98864,20,0.48,11499.33587122624,0.007263028137910523
960,scarcity,13019,0.2,4.0,fixed,0.6313403419491906,0.0,0,0,0,0.0,0,0,0,0,406,1.0,1.7053025658242404e-13,0.8680319135311375,0.0,-1.0,483264.00000000006,1920,0.727523866064679,0,0.6322914714129412,0,0.6309583892637252,0,0.6310557535600481,0,0,0.0,11532.283458503642,0.0
960,scarcity,13019,0.2,2.3,pulse_only,0.648451941234134,0.0,209448,8281,1338,32.112,209448,0,8281,0,424,1.0,2.2737367544323206e-13,1.0000000000000002,0.0,13.0,287668.8,1920,0.7574620455202552,55512,0.6500040855476287,38616,0.6476718742033777,37896,0.6480659025927649,77424,1,0.024,11532.283458503642,0.002784530931410756
960,scarcity,13019,0.2,4.0,hybrid_50,0.648213335796079,0.0,275552,11085,1189,28.536,179400,96152,7096,3989,417,1.0,2.2737367544323206e-13,1.0000000000000002,0.0,7.999999999999986,483264.00000000006,1920,0.7589568627333507,67264,0.647753502404912,52728,0.6468270649717269,51768,0.6491363879038383,103792,1,0.024,11532.283458503642,0.002474444900932279
960,scarcity,13019,0.2,2.3,pulse_only,0.6451765315496707,0.0,207080,8284,1033,123.96,207080,0,8284,0,437,1.0,2.2737367544323206e-13,1.0000000000000002,0.0,13.0,287668.8,1920,0.7499954690367692,54064,0.6461606258797006,38112,0.6450550771344158,37752,0.6447452115922833,77152,5,0.12,11532.283458503642,0.010748955351821042
960,scarcity,13019,0.2,4.0,hybrid_50,0.6459751721152992,0.0,274736,11140,922,110.64,177392,97344,7089,4051,424,1.0,1.1368683772161603e-13,1.0000000000000002,0.0,7.999999999999986,483264.00000000006,1920,0.7516017000751697,65720,0.6473399475750978,52472,0.6460275694044797,52360,0.6452665857408096,104184,5,0.12,11532.283458503642,0.009593936916146177
960,scarcity,13019,0.2,2.3,pulse_only,0.6385162434394216,0.0,202152,8285,414,198.72,202152,0,8285,0,404,1.0,2.2737367544323206e-13,1.0,0.0,13.200000000000003,287668.8,1920,0.7370540752320676,50824,0.6398064304819965,37592,0.6378795447023794,37272,0.6381894992866554,76464,20,0.48,11532.283458503642,0.017231626391689882
960,scarcity,13019,0.2,4.0,hybrid_50,0.6389494206521913,0.0,266392,10967,398,191.04,173192,93200,7084,3883,406,1.0,1.1368683772161603e-13,1.0000000000000002,0.0,7.999999999999986,483264.00000000006,1920,0.7377229983376351,62200,0.6398433490594992,51384,0.638286477855916,51088,0.6388339278466751,101720,20,0.48,11532.283458503642,0.016565669816165633
960,scarcity,13020,0.2,4.0,fixed,0.6328818173417762,0.0,0,0,0,0.0,0,0,0,0,401,1.0,2.2737367544323206e-13,0.9591787766286768,0.0,-1.0,483264.00000000006,1920,0.7320116193856755,0,0.6355502598584096,0,0.6325721331797168,0,0.631702438164489,0,0,0.0,11506.33675343855,0.0
960,scarcity,13020,0.2,2.3,pulse_only,0.6489887828213974,0.0,207960,8267,1194,28.656000000000002,207960,0,8267,0,422,1.0,1.1368683772161603e-13,1.0000000000000002,0.0,13.0,287668.8,1920,0.7642192234575567,55608,0.6512708301658849,38088,0.6473411499811387,37656,0.6486715755692828,76608,1,0.024,11506.33675343855,0.0024904537920321557
960,scarcity,13020,0.2,4.0,hybrid_50,0.6488821918958002,0.0,278952,11249,1122,26.928,178568,100384,7085,4164,448,1.0,2.2737367544323206e-13,1.0000000000000002,0.0,7.999999999999986,483264.00000000006,1920,0.7647697816471991,66760,0.650938810946033,53752,0.6484272178727108,53376,0.6480813693822286,105064,1,0.024,11506.33675343855,0.0023402756739196637
960,scarcity,13020,0.2,2.3,pulse_only,0.6464496243988983,0.0,205936,8269,935,112.2,205936,0,8269,0,423,1.0,2.2737367544323206e-13,1.0000000000000002,0.0,13.0,287668.8,1920,0.7545569241205972,54232,0.6482143937100058,37704,0.6469479993756253,37464,0.6453180522549811,76536,5,0.12,11506.33675343855,0.009751148641331933
960,scarcity,13020,0.2,4.0,hybrid_50,0.6470623524700307,0.0,272752,11098,800,96.0,176352,96400,7084,4014,424,1.0,2.2737367544323206e-13,1.0000000000000002,0.0,7.999999999999986,483264.00000000006,1920,0.7546154287497199,65232,0.6486770539237617,52432,0.6475726699258478,51832,0.6459998430152568,103256,5,0.12,11506.33675343855,0.008343228784027322
960,scarcity,13020,0.2,2.3,pulse_only,0.6428314997396284,0.0,200704,8269,281,134.88,200704,0,8269,0,402,1.0,2.2737367544323206e-13,1.0000000000000002,0.0,13.200000000000003,287668.8,1920,0.7445397741318089,50720,0.6445973801951622,37232,0.6421200385191758,37008,0.6423042901220878,75744,20,0.48,11506.33675343855,0.011722236441558386
960,scarcity,13020,0.2,4.0,hybrid_50,0.6423511985199132,0.0,262784,10855,283,135.84,172424,90360,7090,3765,398,1.0,2.2737367544323206e-13,1.0,0.0,7.999999999999986,483264.00000000006,1920,0.7451216722038754,61072,0.644685758459144,50776,0.6420991290699929,50760,0.6413099532752581,100176,20,0.48,11506.33675343855,0.011805668729398661
960,scarcity,13021,0.2,4.0,fixed,0.6323516585541459,0.0,0,0,0,0.0,0,0,0,0,398,1.0,2.2737367544323206e-13,0.9348904032237907,0.0,-1.0,483264.00000000006,1920,0.7300493121477664,0,0.6325076447077667,0,0.6322633624808368,0,0.6323178135139899,0,0,0.0,11523.621148184888,0.0
960,scarcity,13021,0.2,2.3,pulse_only,0.6524406789668602,0.0,209984,8253,1489,35.736000000000004,209984,0,8253,0,415,1.0,2.2737367544323206e-13,1.0000000000000002,0.0,13.199999999999989,287668.8,1920,0.7592358535288831,55280,0.6552857309567308,39304,0.6523005349243859,38624,0.6510882249931622,76776,1,0.024,11523.621148184888,0.003101108543960495
960,scarcity,13021,0.2,4.0,hybrid_50,0.6518499911636909,0.0,273040,10957,1259,30.216,179696,93344,7080,3877,409,1.0,2.2737367544323206e-13,1.0000000000000002,0.0,7.999999999999986,483264.00000000006,1920,0.7587518769930064,65728,0.6535704664218585,52752,0.6526250611947388,52336,0.6506022185190833,102224,1,0.024,11523.621148184888,0.00262209244919158
960,scarcity,13021,0.2,2.3,pulse_only,0.6492898739857957,0.0,206080,8254,998,119.75999999999999,206080,0,8254,0,405,1.0,1.7053025658242404e-13,1.0000000000000002,0.0,13.199999999999989,287668.8,1920,0.7514676598371894,53904,0.651331987822291,38552,0.6480275822564227,37928,0.6488999629322346,75696,5,0.12,11523.621148184888,0.010392566577812536
960,scarcity,13021,0.2,4.0,hybrid_50,0.649086911080012,0.0,272400,11043,921,110.52,177056,95344,7075,3968,416,1.0,1.1368683772161603e-13,1.0000000000000002,0.0,7.999999999999986,483264.00000000006,1920,0.7511857308714723,64992,0.6490546322658041,52856,0.6491582324930302,52264,0.649067389780607,102288,5,0.12,11523.621148184888,0.009590735288742833
960,scarcity,13021,0.2,2.3,pulse_only,0.6407282952066436,0.0,201448,8255,416,199.68,201448,0,8255,0,394,1.0,1.1368683772161603e-13,1.0000000000000002,0.0,13.0,287668.8,1920,0.7396499989541009,50552,0.6412642038586998,37920,0.6403186105269761,37656,0.6406651832204495,75320,20,0.48,11523.621148184888,0.017327886558597256
960,scarcity,13021,0.2,4.0,hybrid_50,0.6415009793897352,0.0,263288,10841,388,186.23999999999998,172816,90472,7072,3769,394,1.0,1.7053025658242404e-13,1.0000000000000002,0.0,7.999999999999986,483264.00000000006,1920,0.7400008757420177,61712,0.6414721571011434,51112,0.6415404949575049,50680,0.6414956327501462,99784,20,0.48,11523.621148184888,0.016161586501768594
960,scarcity,13022,0.2,4.0,fixed,0.631750344201972,0.0,0,0,0,0.0,0,0,0,0,406,1.0,2.2737367544323206e-13,1.0000000000000002,0.0,-1.0,483264.00000000006,1920,0.7357475465913593,0,0.6338801498757857,0,0.6313062217771874,0,0.6309075025774574,0,0,0.0,11509.680694710943,0.0
960,scarcity,13022,0.2,2.3,pulse_only,0.6479783224346132,0.0,208480,8256,1292,31.008,208480,0,8256,0,438,1.0,1.1368683772161603e-13,1.0000000000000002,0.0,13.199999999999989,287668.8,1920,0.7613400781752131,54968,0.6507739337575464,38800,0.6472159109236976,38176,0.6469617225286043,76536,1,0.024,11509.680694710943,0.002694079950823409
960,scarcity,13022,0.2,4.0,hybrid_50,0.6495562301649485,0.0,276976,11138,1208,28.992,179336,97640,7087,4051,430,1.0,1.7053025658242404e-13,1.0000000000000002,0.0,7.999999999999986,483264.00000000006,1920,0.7637161047723482,66088,0.6515244213350451,53104,0.6500583401173478,53408,0.6483210796037004,104376,1,0.024,11509.680694710943,0.002518923049995881
960,scarcity,13022,0.2,2.3,pulse_only,0.6477124837981353,0.0,205432,8258,905,108.6,205432,0,8258,0,431,1.0,1.7053025658242404e-13,1.0000000000000002,0.0,13.0,287668.8,1920,0.7554416099336263,53712,0.6501605983041611,38360,0.6474256850235838,37760,0.6466318259323979,75600,5,0.12,11509.680694710943,0.009435535431482914
960,scarcity,13022,0.2,4.0,hybrid_50,0.6465437520263533,0.0,273016,11082,881,105.72,176856,96160,7082,4000,421,1.0,1.1368683772161603e-13,1.0000000000000002,0.0,7.999999999999986,483264.00000000006,1920,0.7550466550748566,64840,0.6472199822212918,52768,0.6462788236569861,52752,0.6463381011135679,102656,5,0.12,11509.680694710943,0.00918531128744359
960,scarcity,13022,0.2,2.3,pulse_only,0.6401953739954261,0.0,200832,8258,330,158.4,200832,0,8258,0,416,1.0,1.1368683772161603e-13,1.0000000000000002,0.0,13.200000000000003,287668.8,1920,0.7439977308369491,50488,0.641154214414269,37648,0.6398249743053681,37488,0.6399011536310338,75208,20,0.48,11509.680694710943,0.013762327922162927
960,scarcity,13022,0.2,4.0,hybrid_50,0.6390574512173828,0.0,266488,10987,350,168.0,172744,93744,7081,3906,412,1.0,2.2737367544323206e-13,1.0000000000000002,0.0,7.999999999999986,483264.00000000006,1920,0.7421673433831949,61600,0.6397987731128151,51672,0.6387810638538292,51632,0.6388249839514435,101584,20,0.48,11509.680694710943,0.014596408402294012
960,scarcity,13023,0.2,4.0,fixed,0.6394071656625867,0.0,0,0,0,0.0,0,0,0,0,414,1.0,1.1368683772161603e-13,0.7506739738618757,0.0,-1.0,483264.00000000006,1920,0.7431574385240689,0,0.6402026082454204,0,0.6392725895057366,0,0.639076732449595,0,0,0.0,11497.49145508643,0.0
960,scarcity,13023,0.2,2.3,pulse_only,0.6517468894264554,0.0,208088,8265,1216,29.184,208088,0,8265,0,432,1.0,2.2737367544323206e-13,1.0,0.0,13.0,287668.8,1920,0.7688353881650263,55512,0.6549896976458275,38584,0.6511716673365914,37760,0.6504130963617014,76232,1,0.024,11497.49145508643,0.0025382928192644277
960,scarcity,13023,0.2,4.0,hybrid_50,0.6528349275791075,0.0,276304,11189,971,23.304000000000002,177528,98776,7086,4103,440,1.0,2.2737367544323206e-13,1.0,0.0,7.999999999999986,483264.00000000006,1920,0.7696380655939274,66288,0.6584797492491842,52928,0.6526094190428651,52728,0.6501252710121905,104360,1,0.024,11497.49145508643,0.0020268769140672363
960,scarcity,13023,0.2,2.3,pulse_only,0.6503701059089356,0.0,204360,8267,744,89.28,204360,0,8267,0,429,1.0,2.2737367544323206e-13,1.0,0.0,13.199999999999989,287668.8,1920,0.7601934371024139,54024,0.6530402229314475,37896,0.6496374777368028,37040,0.6494013614837459,75400,5,0.12,11497.49145508643,0.007765172111565518
960,scarcity,13023,0.2,4.0,hybrid_50,0.6500062917117562,0.0,272080,11102,704,84.47999999999999,175400,96680,7076,4026,428,1.0,2.2737367544323206e-13,1.0000000000000002,0.0,7.999999999999986,483264.00000000006,1920,0.7619860794344925,64704,0.6524850360064837,52528,0.6491823897016079,52480,0.6491788705694667,102368,5,0.12,11497.49145508643,0.007347689739975973
960,scarcity,13023,0.2,2.3,pulse_only,0.6447787804670784,0.0,200184,8267,222,106.56,200184,0,8267,0,416,1.0,1.7053025658242404e-13,1.0000000000000002,0.0,13.399999999999991,287668.8,1920,0.7489157008923883,50264,0.6449492353924985,37480,0.6440616938208641,37016,0.6450520963274754,75424,20,0.48,11497.49145508643,0.009268108649287878
960,scarcity,13023,0.2,4.0,hybrid_50,0.6450655610902195,0.0,266048,11016,208,99.84,171968,94080,7096,3920,414,1.0,2.2737367544323206e-13,1.0000000000000002,0.0,7.999999999999986,483264.00000000006,1920,0.7497976009392313,61544,0.6464899477729071,51712,0.6447275136630528,51144,0.6445223914624594,101648,20,0.48,11497.49145508643,0.008683633329062515
960,scarcity,13024,0.2,4.0,fixed,0.6333457994317,0.0,0,0,0,0.0,0,0,0,0,381,1.0,2.2737367544323206e-13,1.0000000000000002,0.0,-1.0,483264.00000000006,1920,0.731157819535902,0,0.6345932692440918,0,0.6331704312766137,0,0.6328097486030472,0,0,0.0,11490.109522364508,0.0
960,scarcity,13024,0.2,2.3,pulse_only,0.6501253074704573,0.0,206608,8233,1127,27.048000000000002,206608,0,8233,0,416,1.0,2.2737367544323206e-13,1.0000000000000002,0.0,13.0,287668.8,1920,0.7674142306240734,55408,0.6540146040288485,38368,0.6496750304345762,38336,0.648405797709202,74496,1,0.024,11490.109522364508,0.0023540245588915755
960,scarcity,13024,0.2,4.0,hybrid_50,0.6499362551842697,0.0,272520,10990,1095,26.28,178184,94336,7077,3913,417,1.0,2.2737367544323206e-13,1.0000000000000002,0.0,7.999999999999986,483264.00000000006,1920,0.7674445672545076,64928,0.6524119765128619,52576,0.6490040357973352,52672,0.649164504213441,102344,1,0.024,11490.109522364508,0.0022871844649390194
960,scarcity,13024,0.2,2.3,pulse_only,0.647193033124726,0.0,204728,8234,889,106.67999999999999,204728,0,8234,0,413,1.0,2.2737367544323206e-13,1.0000000000000002,0.0,13.0,287668.8,1920,0.7559832695015222,53952,0.6481885462147223,38232,0.6469401770283715,38176,0.6468217046279051,74368,5,0.12,11490.109522364508,0.009284506800597206
960,scarcity,13024,0.2,4.0,hybrid_50,0.6482128040464308,0.0,270744,11018,789,94.67999999999999,175784,94960,7068,3950,418,1.0,2.2737367544323206e-13,1.0000000000000002,0.0,7.999999999999986,483264.00000000006,1920,0.757996614802853,63888,0.6506543865575101,52664,0.6476183716239271,52128,0.647289229002143,102064,5,0.12,11490.109522364508,0.008240130332588521
960,scarcity,13024,0.2,2.3,pulse_only,0.6404755553485248,0.0,200112,8234,312,149.76,200112,0,8234,0,389,1.0,1.1368683772161603e-13,1.0000000000000002,0.0,13.200000000000017,287668.8,1920,0.7407953666429458,50520,0.6416611551329849,37584,0.6405075888696748,37912,0.63986673869572,74096,20,0.48,11490.109522364508,0.013033818320748384
960,scarcity,13024,0.2,4.0,hybrid_50,0.6414240799658255,0.0,258856,10686,299,143.51999999999998,172216,86640,7076,3610,377,1.0,1.1368683772161603e-13,1.0,0.0,7.999999999999986,483264.00000000006,1920,0.7410473141057201,59704,0.6426205946505973,50568,0.6407064643610367,50432,0.6411846304258338,98152,20,0.48,11490.109522364508,0.012490742557383867
960,scarcity,13025,0.2,4.0,fixed,0.625118624105977,0.0,0,0,0,0.0,0,0,0,0,394,1.0,2.2737367544323206e-13,0.8687288569781464,0.0,-1.0,483264.00000000006,1920,0.7228503288688184,0,0.6264456021756073,0,0.6248152046239057,0,0.6246068448121974,0,0,0.0,11504.371108981813,0.0
960,scarcity,13025,0.2,2.3,pulse_only,0.6440089947568135,0.0,210656,8265,1537,36.888,210656,0,8265,0,412,1.0,1.1368683772161603e-13,1.0000000000000002,0.0,13.0,287668.8,1920,0.7498920717045223,55664,0.6454221082426582,38704,0.644841947241043,38552,0.6428859617717765,77736,1,0.024,11504.371108981813,0.0032064334200068018
960,scarcity,13025,0.2,4.0,hybrid_50,0.6435575037203901,0.0,277784,11104,1411,33.864,180792,96992,7079,4025,426,1.0,2.2737367544323206e-13,1.0000000000000002,0.0,7.999999999999986,483264.00000000006,1920,0.7499176621767506,66864,0.6464553099054209,53152,0.6441164364202403,53744,0.6418291342779494,104024,1,0.024,11504.371108981813,0.0029435768091279095
960,scarcity,13025,0.2,2.3,pulse_only,0.6406638702195239,0.0,207856,8269,1175,141.0,207856,0,8269,0,411,1.0,2.2737367544323206e-13,1.0,0.0,13.000000000000014,287668.8,1920,0.7426639903433282,54320,0.6413233888576655,38256,0.638996385773873,38128,0.6411678531232784,77152,5,0.12,11504.371108981813,0.01225621102312294
960,scarcity,13025,0.2,4.0,hybrid_50,0.6410781730056059,0.0,274280,11081,1042,125.03999999999999,178376,95904,7088,3993,419,1.0,2.2737367544323206e-13,1.0000000000000002,0.0,7.999999999999986,483264.00000000006,1920,0.7430192115036571,65808,0.6423537154361538,52488,0.6400695509916813,52904,0.6409447127972943,103080,5,0.12,11504.371108981813,0.010868912243484343
960,scarcity,13025,0.2,2.3,pulse_only,0.6354154613983801,0.0,201888,8269,429,205.92,201888,0,8269,0,397,1.0,1.1368683772161603e-13,1.0000000000000002,0.0,13.199999999999989,287668.8,1920,0.7323776565851526,50936,0.6362420217177895,37544,0.635053666918904,37480,0.6351830784784134,75928,20,0.48,11504.371108981813,0.017899283502705504
960,scarcity,13025,0.2,4.0,hybrid_50,0.6340925419085325,0.0,263288,10815,466,223.67999999999998,173456,89832,7072,3743,392,1.0,1.1368683772161603e-13,1.0000000000000002,0.0,7.999999999999986,483264.00000000006,1920,0.7321185655913061,61392,0.6359286232650364,50744,0.6333496113777973,51248,0.6335459664956481,99904,20,0.48,11504.371108981813,0.019443044550724393
960,scarcity,13026,0.2,4.0,fixed,0.6317491988892404,0.0,0,0,0,0.0,0,0,0,0,396,1.0,2.2737367544323206e-13,0.9221580526014492,0.0,-1.0,483264.00000000006,1920,0.7271567047074645,0,0.6315904448536275,0,0.6316003341614472,0,0.6319030082709435,0,0,0.0,11510.929504051566,0.0
960,scarcity,13026,0.2,2.3,pulse_only,0.6511837983574849,0.0,210728,8278,1507,36.168,210728,0,8278,0,406,1.0,2.2737367544323206e-13,1.0000000000000002,0.0,13.0,287668.8,1920,0.7539528973216783,55464,0.6528438680957965,39176,0.6521684554237135,38528,0.6498614349552148,77560,1,0.024,11510.929504051566,0.0031420572932246474
960,scarcity,13026,0.2,4.0,hybrid_50,0.6512315227195135,0.0,276648,11075,1356,32.544000000000004,180352,96296,7075,4000,418,1.0,2.2737367544323206e-13,1.0000000000000002,0.0,7.999999999999986,483264.00000000006,1920,0.7555933076914969,67144,0.6526685771665138,53400,0.6521132205153156,52472,0.6500721465981125,103632,1,0.024,11510.929504051566,0.002827226071408509
960,scarcity,13026,0.2,2.3,pulse_only,0.6466650264310921,0.0,207664,8277,1127,135.24,207664,0,8277,0,405,1.0,2.2737367544323206e-13,1.0000000000000002,0.0,13.0,287668.8,1920,0.7474132188510281,54352,0.6468861110370607,38480,0.6468678635670706,38024,0.6464530655601187,76808,5,0.12,11510.929504051566,0.011748834006185064
960,scarcity,13026,0.2,4.0,hybrid_50,0.6483901453463611,0.0,271752,11001,966,115.92,177320,94432,7069,3932,410,1.0,2.2737367544323206e-13,1.0000000000000002,0.0,7.999999999999986,483264.00000000006,1920,0.7475067082911067,65792,0.6502603463149398,52520,0.6475980214550444,51576,0.64785110680773,101864,5,0.12,11510.929504051566,0.010070429148158625
960,scarcity,13026,0.2,2.3,pulse_only,0.6379902166228697,0.0,201984,8278,414,198.72,201984,0,8278,0,393,1.0,2.2737367544323206e-13,1.0,0.0,13.199999999999989,287668.8,1920,0.7329904729938495,50736,0.637024885337689,37760,0.6379450961310934,37432,0.6384954425113482,76056,20,0.48,11510.929504051566,0.017263592825414786
960,scarcity,13026,0.2,4.0,hybrid_50,0.6394389960315613,0.0,263920,10870,380,182.4,172744,91176,7071,3799,391,1.0,2.2737367544323206e-13,1.0000000000000002,0.0,7.999999999999986,483264.00000000006,1920,0.7349952447157141,62152,0.6395488103312655,50704,0.6388925358652615,51048,0.639657318964859,100016,20,0.48,11510.929504051566,0.015845809839752704
960,scarcity,13027,0.2,4.0,fixed,0.6385449375910931,0.0,0,0,0,0.0,0,0,0,0,399,1.0,2.2737367544323206e-13,0.8006560587687399,0.0,-1.0,483264.00000000006,1920,0.7417804971891563,0,0.6393778728608284,0,0.6380879881497235,0,0.6383569446769104,0,0,0.0,11462.517049415255,0.0
960,scarcity,13027,0.2,2.3,pulse_only,0.6498062014034487,0.0,207080,8280,1045,25.080000000000002,207080,0,8280,0,437,1.0,2.2737367544323206e-13,1.0000000000000002,0.0,13.0,287668.8,1920,0.7703764857035278,55496,0.6517322531979118,37904,0.650146279701884,38064,0.6486731363569996,75616,1,0.024,11462.517049415255,0.002188001107599611
960,scarcity,13027,0.2,4.0,hybrid_50,0.6493830083377375,0.0,276248,11199,934,22.416,177592,98656,7102,4097,437,1.0,2.2737367544323206e-13,1.0,0.0,7.999999999999986,483264.00000000006,1920,0.7718836177288125,66488,0.6516796035944361,53144,0.6491670336984288,52152,0.6483426980290427,104464,1,0.024,11462.517049415255,0.0019555914205722836
960,scarcity,13027,0.2,2.3,pulse_only,0.6472910700187783,0.0,204616,8281,734,88.08,204616,0,8281,0,430,1.0,2.2737367544323206e-13,1.0,0.0,13.0,287668.8,1920,0.7603162008427979,54160,0.6488162454199333,37536,0.6465630055353666,37584,0.6468925145599068,75336,5,0.12,11462.517049415255,0.007684176138651264
960,scarcity,13027,0.2,4.0,hybrid_50,0.6475402303609793,0.0,271200,11074,678,81.36,175704,95496,7099,3975,423,1.0,1.1368683772161603e-13,1.0,0.0,7.999999999999986,483264.00000000006,1920,0.7616608212441751,64912,0.649231770150292,52416,0.6469923669366432,51512,0.646968392178491,102360,5,0.12,11462.517049415255,0.007097917468672421
960,scarcity,13027,0.2,2.3,pulse_only,0.6408959206290312,0.0,200576,8281,229,109.92,200576,0,8281,0,402,1.0,1.1368683772161603e-13,1.0,0.0,13.400000000000006,287668.8,1920,0.7451939214262615,50720,0.6414103660682065,36992,0.6403671577201481,37472,0.6409030793638851,75392,20,0.48,11462.517049415255,0.009589516816082505
960,scarcity,13027,0.2,4.0,hybrid_50,0.6421833413813837,0.0,264376,10952,191,91.67999999999999,171832,92544,7096,3856,404,1.0,2.2737367544323206e-13,1.0,0.0,7.999999999999986,483264.00000000006,1920,0.7463461858960384,61664,0.6428118528732044,50896,0.6418023027341002,51088,0.6420596049591151,100728,20,0.48,11462.517049415255,0.007998243283282786
960,scarcity,13028,0.2,4.0,fixed,0.6336325712832792,0.0,0,0,0,0.0,0,0,0,0,400,1.0,3.410605131648481e-13,0.8795676253372032,0.0,-1.0,483264.00000000006,1920,0.7303297862875773,0,0.6332625068388246,0,0.6334612547211489,0,0.6339032617865717,0,0,0.0,11507.372792412241,0.0
960,scarcity,13028,0.2,2.3,pulse_only,0.6523270128060783,0.0,208856,8243,1378,33.072,208856,0,8243,0,429,1.0,3.410605131648481e-13,1.0000000000000002,0.0,13.0,287668.8,1920,0.7622298695988349,55192,0.6553190173983765,39352,0.652034057493902,38136,0.6509774881660174,76176,1,0.024,11507.372792412241,0.0028739835405182227
960,scarcity,13028,0.2,4.0,hybrid_50,0.6523664734054018,0.0,275848,11082,1235,29.64,179104,96744,7071,4011,417,1.0,3.410605131648481e-13,1.0000000000000002,0.0,7.999999999999986,483264.00000000006,1920,0.7625944003542989,66624,0.6566191777562066,53528,0.6525492340506115,52368,0.6501487409073946,103328,1,0.024,11507.372792412241,0.0025757399655587845
960,scarcity,13028,0.2,2.3,pulse_only,0.6496455495341326,0.0,204984,8243,894,107.28,204984,0,8243,0,418,1.0,3.410605131648481e-13,1.0000000000000002,0.0,13.0,287668.8,1920,0.7558376909772477,53880,0.651401039381189,38392,0.6490362755384034,37352,0.6490724416084689,75360,5,0.12,11507.372792412241,0.009322718741739082
960,scarcity,13028,0.2,4.0,hybrid_50,0.6477708028243107,0.0,274424,11135,898,107.75999999999999,176776,97648,7070,4065,427,1.0,3.410605131648481e-13,1.0000000000000002,0.0,7.999999999999986,483264.00000000006,1920,0.7549699523758039,65200,0.649873248510315,53192,0.6462002901520996,52824,0.647504836317414,103208,5,0.12,11507.372792412241,0.009364431129845297
960,scarcity,13028,0.2,2.3,pulse_only,0.6434454873804627,0.0,199752,8245,234,112.32,199752,0,8245,0,399,1.0,3.410605131648481e-13,1.0,0.0,13.400000000000006,287668.8,1920,0.7429396484156893,50152,0.6435446368976943,37696,0.642764951470522,36960,0.6437361805768173,74944,20,0.48,11507.372792412241,0.009760698816854341
960,scarcity,13028,0.2,4.0,hybrid_50,0.6426121281999395,0.0,264456,10929,270,129.6,172008,92448,7077,3852,403,1.0,3.410605131648481e-13,1.0000000000000002,0.0,7.999999999999986,483264.00000000006,1920,0.7423915429334149,61400,0.6429846257784007,51592,0.6418974965824116,51328,0.6427831952194729,100136,20,0.48,11507.372792412241,0.011262344788678085
960,scarcity,13029,0.2,4.0,fixed,0.6089661187942943,0.0,0,0,0,0.0,0,0,0,0,422,1.0,2.2737367544323206e-13,0.941395042031606,0.0,-1.0,483264.00000000006,1920,0.7051245463338106,0,0.6091529762690815,0,0.6088595656967214,0,0.6089259666056871,0,0,0.0,11504.419148484421,0.0
960,scarcity,13029,0.2,2.3,pulse_only,0.633357072778619,0.0,209848,8250,1481,35.544000000000004,209848,0,8250,0,412,1.0,2.2737367544323206e-13,1.0000000000000002,0.0,13.0,287668.8,1920,0.7330938022722605,55112,0.6350020494464791,39448,0.6324230990053575,39008,0.6330015713313196,76280,1,0.024,11504.419148484421,0.00308959535820481
960,scarcity,13029,0.2,4.0,hybrid_50,0.6333374526271114,0.0,275848,11043,1352,32.448,180152,95696,7064,3979,416,1.0,2.2737367544323206e-13,1.0000000000000002,0.0,7.999999999999986,483264.00000000006,1920,0.7325257117561405,66248,0.6368370877648176,53736,0.6317303674539074,52864,0.6323911776448604,103000,1,0.024,11504.419148484421,0.0028204813803463223
960,scarcity,13029,0.2,2.3,pulse_only,0.6297894173815477,0.0,207120,8250,1140,136.79999999999998,207120,0,8250,0,408,1.0,2.2737367544323206e-13,1.0000000000000002,0.0,13.0,287668.8,1920,0.7256966343467017,54016,0.6288588374196706,38848,0.6295266993325032,38536,0.6303860663870083,75720,5,0.12,11504.419148484421,0.011891082742584344
960,scarcity,13029,0.2,4.0,hybrid_50,0.6286885871353107,0.0,275240,11137,994,119.28,177192,98048,7055,4082,428,1.0,2.2737367544323206e-13,1.0000000000000002,0.0,7.999999999999986,483264.00000000006,1920,0.7253256045088532,65864,0.631172748027826,53608,0.6277310711031268,52512,0.627925264705145,103256,5,0.12,11504.419148484421,0.010368189689586702
960,scarcity,13029,0.2,2.3,pulse_only,0.6221448822275889,0.0,202392,8251,546,262.08,202392,0,8251,0,412,1.0,1.1368683772161603e-13,1.0000000000000002,0.0,13.0,287668.8,1920,0.7143594429099115,50728,0.6217672024972875,38040,0.6216092721001943,38120,0.6226015271564367,75504,20,0.48,11504.419148484421,0.02278081114895106
960,scarcity,13029,0.2,4.0,hybrid_50,0.6199267361961847,0.0,269104,11056,470,225.6,173176,95928,7059,3997,415,1.0,1.1368683772161603e-13,1.0000000000000002,0.0,7.999999999999986,483264.00000000006,1920,0.7134825204829696,62576,0.6191442519162854,52608,0.6191020094565303,52264,0.6207303417059615,101656,20,0.48,11504.419148484421,0.019609855750928572
