n,cost_multiplier,scenario,policy,seed,dt,noise,branch,recovery_time,second_shock_time,quiet_service,quiet_p10,quiet_minimum_consumer,quiet_low_time_fraction,quiet_relapse,quiet_cost,quiet_swaps,quiet_lost,quiet_stock_end,quiet_fork_edge_share,quiet_source_reach_end,quiet_recovery_status,quiet_recovery_delay,quiet_unrecovered,second_service,second_p10,second_minimum_consumer,second_low_time_fraction,second_relapse,second_cost,second_swaps,second_lost,second_stock_end,second_fork_edge_share,second_source_reach_end,second_recovery_status,second_recovery_delay,second_unrecovered,max_mass_error,max_budget_ratio
96,20,temporary_damage,recent_contact,9200,0.2,0.0,continue,94.2,124.2,0.9999999999999997,0.9999999999999974,0.999999999999996,0.0,0,28.80000000000001,60,11.271692737932963,63.44109379449284,0.59375,1.0,unaffected,,0,0.9076805952034147,0.7050815235648904,0.48589218598855627,0.8666666666666667,1,57.60000000000004,120,175.05806773781336,24.94608905563372,0.2604166666666667,1.0,not_recovered,,1,4.263256414560601e-14,0.5446156998621812
96,20,temporary_damage,recent_contact,9200,0.2,0.0,pause,94.2,124.2,0.9999999999999997,0.9999999999999974,0.999999999999996,0.0,0,0.0,0,12.212018861545992,90.1421249426426,1.0,1.0,unaffected,,0,0.9505970280426838,0.8329527110580689,0.6143719957555547,0.8633333333333333,1,57.60000000000004,120,171.3387306121393,26.515133322571447,0.4010416666666667,1.0,not_recovered,,1,4.263256414560601e-14,0.6219216062548657
96,20,temporary_damage,recent_contact,9200,0.1,0.0,continue,94.10000000000001,124.10000000000001,0.9999999999999993,0.9999999999999946,0.9999999999999919,0.0,0,28.80000000000001,60,11.266460845763978,64.46458522030817,0.59375,1.0,unaffected,,0,0.9073647057302412,0.7034796311303303,0.4843196041493289,0.8683333333333333,1,57.60000000000004,120,175.23049439071278,26.019990699170606,0.2604166666666667,1.0,not_recovered,,1,4.263256414560601e-14,0.5443938556843403
96,20,temporary_damage,recent_contact,9200,0.1,0.0,pause,94.10000000000001,124.10000000000001,0.9999999999999993,0.9999999999999946,0.9999999999999919,0.0,0,0.0,0,12.204952270298195,91.17574094638375,1.0,1.0,unaffected,,0,0.9501555137462526,0.831352727553107,0.6117114879046274,0.8633333333333333,1,57.60000000000004,120,171.59109588172004,27.61222219435765,0.4010416666666667,1.0,not_recovered,,1,4.263256414560601e-14,0.622940789605773
96,20,temporary_damage,recent_contact,9200,0.05,0.0,continue,94.15,124.15,1.0000000000000004,0.9999999999999913,0.9999999999999839,0.0,0,28.80000000000001,60,11.26281139032277,65.15417271642012,0.59375,1.0,unaffected,,0,0.9075812720819418,0.7044021762040245,0.48425413822031005,0.8675,1,57.60000000000004,120,175.0748912254844,26.72468424406383,0.2604166666666667,1.0,not_recovered,,1,4.263256414560601e-14,0.5442924733048972
96,20,temporary_damage,recent_contact,9200,0.05,0.0,pause,94.15,124.15,1.0000000000000004,0.9999999999999913,0.9999999999999839,0.0,0,0.0,0,12.20591091787904,91.85683007564998,1.0,1.0,unaffected,,0,0.9504969071518417,0.832751327025435,0.6130656198022015,0.8625,1,57.60000000000004,120,171.36145806914612,28.298272653407416,0.4010416666666667,1.0,not_recovered,,1,4.263256414560601e-14,0.62264830441967
96,20,temporary_damage,recent_contact,9201,0.2,0.0,continue,87.4,117.4,1.0000000000000004,0.9999999999999979,0.9999999999999964,0.0,0,28.80000000000001,60,12.047381179684459,75.30115752043848,0.6145833333333334,1.0,unaffected,,0,0.9310378285361882,0.7688407046662813,0.5209313617603808,0.93,1,57.60000000000004,120,183.71704378565363,28.56629784964901,0.265625,1.0,not_recovered,,1,2.842170943040401e-14,0.5847601061730394
96,20,temporary_damage,recent_contact,9201,0.2,0.0,pause,87.4,117.4,1.0000000000000004,0.9999999999999979,0.9999999999999964,0.0,0,0.0,0,12.737446808103755,101.50801989194021,1.0,1.0,unaffected,,0,0.9646987128666622,0.8859988155800108,0.6660279683054631,0.77,1,57.60000000000004,120,186.5270367110795,28.857152777289592,0.3802083333333333,1.0,not_recovered,,1,4.263256414560601e-14,0.605388936434199
96,20,temporary_damage,recent_contact,9201,0.1,0.0,continue,87.30000000000001,117.30000000000001,0.9999999999999998,0.9999999999999951,0.9999999999999928,0.0,0,28.80000000000001,60,12.038762196868438,76.33194345603219,0.6145833333333334,1.0,unaffected,,0,0.930447951112256,0.7677782201973289,0.5192249793624865,0.93,1,57.60000000000004,120,183.9540958926385,29.765465123748342,0.265625,1.0,not_recovered,,1,4.263256414560601e-14,0.5839513548389708
96,20,temporary_damage,recent_contact,9201,0.1,0.0,pause,87.30000000000001,117.30000000000001,0.9999999999999998,0.9999999999999951,0.9999999999999928,0.0,0,0.0,0,12.734077094049121,102.55329985901705,1.0,1.0,unaffected,,0,0.9640913909189518,0.8825495598684441,0.6638793938567895,0.77,1,57.60000000000004,120,186.93374100243312,29.927496766857185,0.3802083333333333,1.0,not_recovered,,1,4.263256414560601e-14,0.6053851312882047
96,20,temporary_damage,recent_contact,9201,0.05,0.0,continue,87.30000000000001,117.30000000000001,0.9999999999999989,0.9999999999999893,0.9999999999999849,0.0,0,28.80000000000001,60,12.035240798945932,76.94519894367176,0.6145833333333334,1.0,unaffected,,0,0.9304831173608937,0.7683344187824211,0.5189599559548778,0.9291666666666667,1,57.60000000000004,120,183.91707331354021,30.397999779467586,0.265625,1.0,not_recovered,,1,4.263256414560601e-14,0.5836744199602003
96,20,temporary_damage,recent_contact,9201,0.05,0.0,pause,87.30000000000001,117.30000000000001,0.9999999999999989,0.9999999999999893,0.9999999999999849,0.0,0,0.0,0,12.733484202370859,103.16045621373877,1.0,1.0,unaffected,,0,0.9641177798407602,0.8825375103662291,0.663737862636452,0.77,1,57.60000000000004,120,186.913978271601,30.551685283938717,0.3802083333333333,1.0,not_recovered,,1,4.263256414560601e-14,0.605381615335267
96,20,temporary_damage,recent_contact,9202,0.2,0.0,continue,89.80000000000001,119.80000000000001,0.9999999999999997,0.9999999999999973,0.9999999999999959,0.0,0,28.80000000000001,60,11.544712855601773,75.35214190584914,0.5729166666666666,1.0,unaffected,,0,0.9170424712582547,0.7562264030708755,0.3263080780261672,0.9066666666666666,1,57.60000000000004,120,199.2041647190346,21.477649507324625,0.20833333333333334,1.0,not_recovered,,1,2.842170943040401e-14,0.583280219665306
96,20,temporary_damage,recent_contact,9202,0.2,0.0,pause,89.80000000000001,119.80000000000001,0.9999999999999997,0.9999999999999973,0.9999999999999959,0.0,0,0.0,0,12.093113361459025,102.31068632033636,1.0,1.0,unaffected,,0,0.9055781670019977,0.674084742790155,0.51263457651022,0.8,1,57.60000000000004,120,226.0149874327414,27.365506278202954,0.3802083333333333,1.0,not_recovered,,1,4.263256414560601e-14,0.587534568033823
96,20,temporary_damage,recent_contact,9202,0.1,0.0,continue,89.80000000000001,119.80000000000001,1.0,0.9999999999999951,0.9999999999999927,0.0,0,28.80000000000001,60,11.538281045442954,76.48582526543991,0.5729166666666666,1.0,unaffected,,0,0.9170420640197545,0.7559713238862634,0.32515882881675157,0.9066666666666666,1,57.60000000000004,120,199.09655758996993,22.732644658281032,0.20833333333333334,1.0,not_recovered,,1,2.842170943040401e-14,0.5821497756804629
96,20,temporary_damage,recent_contact,9202,0.1,0.0,pause,89.80000000000001,119.80000000000001,1.0,0.9999999999999951,0.9999999999999927,0.0,0,0.0,0,12.09213187411307,103.43918128200819,1.0,1.0,unaffected,,0,0.9055227954063488,0.6738215841715984,0.5119584849075225,0.7983333333333333,1,57.60000000000004,120,225.95454718240018,28.610896824457562,0.3802083333333333,1.0,not_recovered,,1,2.842170943040401e-14,0.5874550311883672
96,20,temporary_damage,recent_contact,9202,0.05,0.0,continue,89.85000000000001,119.85000000000001,1.0000000000000004,0.9999999999999907,0.9999999999999871,0.0,0,28.80000000000001,60,11.53667318897012,77.14975876524397,0.5729166666666666,1.0,unaffected,,0,0.9173993171134525,0.7564288528750432,0.32656949965963056,0.9066666666666666,1,57.60000000000004,120,198.8515615749568,23.411697716723317,0.20833333333333334,1.0,not_recovered,,1,4.263256414560601e-14,0.582162088434064
96,20,temporary_damage,recent_contact,9202,0.05,0.0,pause,89.85000000000001,119.85000000000001,1.0000000000000004,0.9999999999999907,0.9999999999999871,0.0,0,0.0,0,12.092180893395906,104.09752170191332,1.0,1.0,unaffected,,0,0.905885046477716,0.674468122411208,0.5121319025997357,0.7983333333333333,1,57.60000000000004,120,225.71393913924314,29.278256012171013,0.3802083333333333,1.0,not_recovered,,1,4.263256414560601e-14,0.5873484795453744
96,20,temporary_damage,recent_contact,9203,0.2,0.0,continue,83.2,113.2,1.0,0.9999999999999973,0.9999999999999959,0.0,0,28.80000000000001,60,10.438583874184983,63.900269870789884,0.59375,1.0,unaffected,,0,0.9552302394845609,0.8705064466418138,0.6418076841657692,0.7666666666666667,1,57.60000000000004,120,154.49048384685503,24.859752551128715,0.2604166666666667,1.0,not_recovered,,1,4.263256414560601e-14,0.5865666305482241
96,20,temporary_damage,recent_contact,9203,0.2,0.0,pause,83.2,113.2,1.0,0.9999999999999973,0.9999999999999959,0.0,0,0.0,0,10.537029876906216,91.33132129355019,1.0,1.0,unaffected,,0,0.9980222588715261,0.9999999999999923,0.9518172629119538,0.31666666666666665,1,57.60000000000004,120,144.56645514732938,31.04597694738902,0.3697916666666667,1.0,not_recovered,,1,4.263256414560601e-14,0.5865666305482241
96,20,temporary_damage,recent_contact,9203,0.1,0.0,continue,83.30000000000001,113.30000000000001,1.0000000000000004,0.9999999999999963,0.9999999999999921,0.0,0,28.80000000000001,60,10.432419268977533,65.27827886821345,0.59375,1.0,unaffected,,0,0.9558027383754182,0.8724915529824419,0.6441106687111986,0.7616666666666667,1,57.60000000000004,120,154.12113655590835,26.233476951882196,0.2604166666666667,1.0,not_recovered,,1,2.842170943040401e-14,0.5808559965044662
96,20,temporary_damage,recent_contact,9203,0.1,0.0,pause,83.30000000000001,113.30000000000001,1.0000000000000004,0.9999999999999963,0.9999999999999921,0.0,0,0.0,0,10.53693478558195,92.69516419430975,1.0,1.0,unaffected,,0,0.998224710886549,0.9999999999999852,0.9584166919046921,0.2966666666666667,1,57.60000000000004,120,144.1022398473386,32.7007405829493,0.3697916666666667,1.0,not_recovered,,1,4.263256414560601e-14,0.5808559965044662
96,20,temporary_damage,recent_contact,9203,0.05,0.0,continue,83.25,113.25,0.9999999999999998,0.999999999999989,0.9999999999999847,0.0,0,28.80000000000001,60,10.429703506550766,65.77431685759157,0.59375,1.0,unaffected,,0,0.9555510673339241,0.8718638294008213,0.6423047815768419,0.7625,1,57.60000000000004,120,154.22143118055888,26.803657360129627,0.2604166666666667,1.0,not_recovered,,1,5.684341886080802e-14,0.5784129104556475
96,20,temporary_damage,recent_contact,9203,0.05,0.0,pause,83.25,113.25,0.9999999999999998,0.999999999999989,0.9999999999999847,0.0,0,0.0,0,10.536074293791778,93.19350471845988,1.0,1.0,unaffected,,0,0.9981338273351004,0.9999999999999742,0.9546723702775293,0.30916666666666665,1,57.60000000000004,120,144.24907929108025,33.14759729776151,0.3697916666666667,1.0,not_recovered,,1,5.684341886080802e-14,0.5784129104556475
96,20,temporary_damage,recent_contact,9204,0.2,0.0,continue,95.4,125.4,0.9999999999999998,0.9999999999999974,0.9999999999999959,0.0,0,28.80000000000001,60,11.486638027642202,71.53890571687475,0.5729166666666666,1.0,unaffected,,0,0.9534822094517491,0.8653050359359484,0.5931465404380923,0.8433333333333334,1,57.60000000000004,120,155.12150897646453,21.960472941903475,0.21875,1.0,not_recovered,,1,2.842170943040401e-14,0.5852948610940819
96,20,temporary_damage,recent_contact,9204,0.2,0.0,pause,95.4,125.4,0.9999999999999998,0.9999999999999974,0.9999999999999959,0.0,0,0.0,0,11.950689178882438,98.26139379930527,1.0,1.0,unaffected,,0,0.8997208825941274,0.6299273917043228,0.3804904383856873,0.81,1,57.60000000000004,120,210.2422032981571,27.325282999110854,0.359375,1.0,not_recovered,,1,2.842170943040401e-14,0.5852948610940819
96,20,temporary_damage,recent_contact,9204,0.1,0.0,continue,95.4,125.4,1.0000000000000004,0.9999999999999956,0.9999999999999918,0.0,0,28.80000000000001,60,11.477427457241218,72.72842035127357,0.5729166666666666,1.0,unaffected,,0,0.9534965809874977,0.8651609107577257,0.5927622369267253,0.84,1,57.60000000000004,120,155.07203146448816,23.20235962191581,0.21875,1.0,not_recovered,,1,4.263256414560601e-14,0.5818001336329741
96,20,temporary_damage,recent_contact,9204,0.1,0.0,pause,95.4,125.4,1.0000000000000004,0.9999999999999956,0.9999999999999918,0.0,0,0.0,0,11.949609653199413,99.44186717158972,1.0,1.0,unaffected,,0,0.8998268208951483,0.6298841849990747,0.38007289901754115,0.81,1,57.60000000000004,120,210.14256208329422,28.55409161801649,0.359375,1.0,not_recovered,,1,4.263256414560601e-14,0.5818001336329741
96,20,temporary_damage,recent_contact,9204,0.05,0.0,continue,95.35000000000001,125.35000000000001,1.0000000000000002,0.9999999999999913,0.9999999999999838,0.0,0,28.80000000000001,60,11.473103909131877,73.23876184200509,0.5729166666666666,1.0,unaffected,,0,0.9532007306181602,0.8638797336544133,0.5913621797466317,0.8416666666666667,1,57.60000000000004,120,155.2201999968221,23.775849192566923,0.21875,1.0,not_recovered,,1,4.263256414560601e-14,0.5803261540259657
96,20,temporary_damage,recent_contact,9204,0.05,0.0,pause,95.35000000000001,125.35000000000001,1.0000000000000002,0.9999999999999913,0.9999999999999838,0.0,0,0.0,0,11.94825974683079,99.9589925467743,1.0,1.0,unaffected,,0,0.8995915356873536,0.6285183879781098,0.3790964258964886,0.81,1,57.60000000000004,120,210.289517443672,29.088490358938074,0.359375,1.0,not_recovered,,1,4.263256414560601e-14,0.5803261540259657
96,20,temporary_damage,recent_contact,9205,0.2,0.0,continue,86.0,116.0,1.0000000000000004,0.9999999999999976,0.9999999999999961,0.0,0,28.80000000000001,60,11.915250568792342,66.94225823546361,0.5364583333333334,1.0,unaffected,,0,0.8662822865190283,0.6053366856926065,0.2852761376384118,0.9533333333333334,1,57.60000000000004,120,214.23758076843228,22.744265867673413,0.21354166666666666,1.0,not_recovered,,1,4.263256414560601e-14,0.5983822303984168
96,20,temporary_damage,recent_contact,9205,0.2,0.0,pause,86.0,116.0,1.0000000000000004,0.9999999999999976,0.9999999999999961,0.0,0,0.0,0,11.725751654246771,94.5905232113376,1.0,1.0,unaffected,,0,0.8916081857291536,0.5779805133306857,0.29337865002665786,0.8833333333333333,1,57.60000000000004,120,223.35143739779943,24.31109611022972,0.3333333333333333,1.0,not_recovered,,1,4.263256414560601e-14,0.5897171862208588
96,20,temporary_damage,recent_contact,9205,0.1,0.0,continue,86.0,116.0,1.0000000000000004,0.9999999999999967,0.9999999999999926,0.0,0,28.80000000000001,60,11.90871803014671,68.15979999861962,0.5364583333333334,1.0,unaffected,,0,0.8663830035451624,0.6053378575413918,0.2849011571249337,0.9516666666666667,1,57.60000000000004,120,214.14588947044766,23.996995300861727,0.21354166666666666,1.0,not_recovered,,1,2.842170943040401e-14,0.597260199629261
96,20,temporary_damage,recent_contact,9205,0.1,0.0,pause,86.0,116.0,1.0000000000000004,0.9999999999999967,0.9999999999999926,0.0,0,0.0,0,11.724760938541817,95.8026433044093,1.0,1.0,unaffected,,0,0.8916884349047972,0.5779486379460124,0.29289171629044,0.8833333333333333,1,57.60000000000004,120,223.27095936080954,25.565051773694776,0.3333333333333333,1.0,not_recovered,,1,2.842170943040401e-14,0.5888207338328824
96,20,temporary_damage,recent_contact,9205,0.05,0.0,continue,86.05000000000001,116.05000000000001,0.9999999999999988,0.999999999999987,0.9999999999999851,0.0,0,28.80000000000001,60,11.90859803794299,66.94121047187018,0.5520833333333334,1.0,unaffected,,0,0.8667094222061923,0.6065565835203606,0.28472660626523927,0.9516666666666667,1,57.60000000000004,120,213.92987902852158,22.78641467086986,0.234375,1.0,not_recovered,,1,2.842170943040401e-14,0.597021233039209
96,20,temporary_damage,recent_contact,9205,0.05,0.0,pause,86.05000000000001,116.05000000000001,0.9999999999999988,0.999999999999987,0.9999999999999851,0.0,0,0.0,0,12.160153005639696,94.3241043575591,1.0,1.0,unaffected,,0,0.8694665598236468,0.5740494508007553,0.33674144470063777,0.8758333333333334,1,57.60000000000004,120,238.3103824831711,23.768895605312245,0.3541666666666667,1.0,not_recovered,,1,4.263256414560601e-14,0.5789704737029593
96,20,temporary_damage,recent_contact,9206,0.2,0.0,continue,92.2,122.2,0.9999999999999998,0.9999999999999976,0.9999999999999958,0.0,0,28.80000000000001,60,10.734364904275944,63.325680600837245,0.5989583333333334,1.0,unaffected,,0,0.9251942610685249,0.7267708119037903,0.5316495726559779,0.8966666666666666,1,57.60000000000004,120,160.71111891806402,22.72631401230029,0.2604166666666667,1.0,not_recovered,,1,2.842170943040401e-14,0.5467718595028471
96,20,temporary_damage,recent_contact,9206,0.2,0.0,pause,92.2,122.2,0.9999999999999998,0.9999999999999976,0.9999999999999958,0.0,0,0.0,0,11.728647448667123,89.39034168555,1.0,1.0,unaffected,,0,0.9221238122312215,0.7016955078065793,0.482655138683826,0.8533333333333334,1,57.60000000000004,120,185.65509309751405,24.78452729774886,0.4010416666666667,1.0,not_recovered,,1,2.842170943040401e-14,0.5836466279754133
96,20,temporary_damage,recent_contact,9206,0.1,0.0,continue,92.2,122.2,1.0000000000000004,0.999999999999995,0.9999999999999925,0.0,0,28.80000000000001,60,10.728649960234911,64.5094296190045,0.5989583333333334,1.0,unaffected,,0,0.9252690422053517,0.7266090329574781,0.5318951827954173,0.8966666666666666,1,57.60000000000004,120,160.60830821466075,23.972258647550497,0.2604166666666667,1.0,not_recovered,,1,2.842170943040401e-14,0.5466450000548729
96,20,temporary_damage,recent_contact,9206,0.1,0.0,pause,92.2,122.2,1.0000000000000004,0.999999999999995,0.9999999999999925,0.0,0,0.0,0,11.72684777584711,90.5692567146267,1.0,1.0,unaffected,,0,0.9221751297279401,0.701692627135989,0.48189226291352383,0.8533333333333334,1,57.60000000000004,120,185.5806531833902,26.0272020775012,0.4010416666666667,1.0,not_recovered,,1,2.842170943040401e-14,0.5836797468009042
96,20,temporary_damage,recent_contact,9206,0.05,0.0,continue,92.2,122.2,1.000000000000001,0.999999999999991,0.999999999999984,0.0,0,28.80000000000001,60,10.726311908722609,65.10223251455758,0.5989583333333334,1.0,unaffected,,0,0.9253003946939361,0.7265277744663304,0.5319988490470317,0.8966666666666666,1,57.60000000000004,120,160.56198936991058,24.595067752501716,0.2604166666666667,1.0,not_recovered,,1,4.263256414560601e-14,0.546587976330048
96,20,temporary_damage,recent_contact,9206,0.05,0.0,pause,92.2,122.2,1.000000000000001,0.999999999999991,0.999999999999984,0.0,0,0.0,0,11.72611735480781,91.15982845692056,1.0,1.0,unaffected,,0,0.9221951848925706,0.701692054190633,0.48154066815459434,0.8533333333333334,1,57.60000000000004,120,185.54823354611756,26.648715229531064,0.4010416666666667,1.0,not_recovered,,1,4.263256414560601e-14,0.5836952885241595
96,20,temporary_damage,recent_contact,9207,0.2,0.0,continue,90.60000000000001,120.60000000000001,1.0,0.9999999999999977,0.9999999999999958,0.0,0,28.80000000000001,60,10.265182394328345,61.30692214568677,0.5677083333333334,1.0,unaffected,,0,0.9287873718375331,0.7720008964644242,0.5077489069908634,0.9033333333333333,1,57.60000000000004,120,162.5953187487011,19.55294127865315,0.2552083333333333,1.0,not_recovered,,1,2.842170943040401e-14,0.5735410157324262
96,20,temporary_damage,recent_contact,9207,0.2,0.0,pause,90.60000000000001,120.60000000000001,1.0,0.9999999999999977,0.9999999999999958,0.0,0,0.0,0,10.782247424495766,88.38884244692292,1.0,1.0,unaffected,,0,0.9133037712832348,0.6280579638514822,0.3315830102654862,0.8566666666666667,1,57.60000000000004,120,198.67186586164055,19.826273328354475,0.359375,1.0,not_recovered,,1,2.842170943040401e-14,0.5735410157324262
96,20,temporary_damage,recent_contact,9207,0.1,0.0,continue,90.60000000000001,120.60000000000001,1.0000000000000004,0.9999999999999963,0.999999999999993,0.0,0,28.80000000000001,60,10.261715992767831,62.51612620923083,0.5677083333333334,1.0,unaffected,,0,0.9288897365874856,0.7721169975765254,0.5073303654375148,0.9016666666666666,1,57.60000000000004,120,162.49772497092414,20.800292212336128,0.2552083333333333,1.0,not_recovered,,1,2.842170943040401e-14,0.5731068727542131
96,20,temporary_damage,recent_contact,9207,0.1,0.0,pause,90.60000000000001,120.60000000000001,1.0000000000000004,0.9999999999999963,0.999999999999993,0.0,0,0.0,0,10.780645786326176,89.59632210014925,1.0,1.0,unaffected,,0,0.9133611244856366,0.6282919906373887,0.3308215713047304,0.8566666666666667,1,57.60000000000004,120,198.6080399739694,21.072770209464743,0.359375,1.0,not_recovered,,1,2.842170943040401e-14,0.5731068727542131
96,20,temporary_damage,recent_contact,9207,0.05,0.0,continue,90.60000000000001,120.60000000000001,1.0000000000000004,0.9999999999999896,0.9999999999999843,0.0,0,28.80000000000001,60,10.260326889904784,63.12076392493281,0.5677083333333334,1.0,unaffected,,0,0.9289309596743001,0.7721710468634585,0.5071288465741088,0.9016666666666666,1,57.60000000000004,120,162.4556104131046,21.42384578088251,0.2552083333333333,1.0,not_recovered,,1,2.842170943040401e-14,0.5729518365547971
96,20,temporary_damage,recent_contact,9207,0.05,0.0,pause,90.60000000000001,120.60000000000001,1.0000000000000004,0.9999999999999896,0.9999999999999843,0.0,0,0.0,0,10.779886576119107,90.20038413042707,1.0,1.0,unaffected,,0,0.9133849899349824,0.6283962322991417,0.33045008179576496,0.8566666666666667,1,57.60000000000004,120,198.57918690350948,21.696382022475028,0.359375,1.0,not_recovered,,1,2.842170943040401e-14,0.5729518365547971
96,20,temporary_damage,recent_contact,9208,0.2,0.0,continue,84.80000000000001,114.80000000000001,0.9999999999999998,0.999999999999998,0.9999999999999961,0.0,0,28.80000000000001,60,11.003572097491304,66.52048764867291,0.5833333333333334,1.0,unaffected,,0,0.946771405224232,0.8251973120257017,0.31180433719640555,0.9033333333333333,1,57.60000000000004,120,163.60197192107418,27.197532272638888,0.21354166666666666,1.0,not_recovered,,1,2.842170943040401e-14,0.5991917800117591
96,20,temporary_damage,recent_contact,9208,0.2,0.0,pause,84.80000000000001,114.80000000000001,0.9999999999999998,0.999999999999998,0.9999999999999961,0.0,0,0.0,0,11.41539561244188,93.68010377822532,1.0,1.0,unaffected,,0,0.9163574590837419,0.7122855266918385,0.3302682370634848,0.7966666666666666,1,57.60000000000004,120,214.62935313869997,22.333195837322027,0.328125,1.0,not_recovered,,1,2.842170943040401e-14,0.5991917800117591
96,20,temporary_damage,recent_contact,9208,0.1,0.0,continue,84.80000000000001,114.80000000000001,0.9999999999999997,0.9999999999999949,0.9999999999999925,0.0,0,28.80000000000001,60,10.996749478064414,67.73187108688722,0.5833333333333334,1.0,unaffected,,0,0.9468514788527285,0.8254351136263139,0.3113780642238155,0.9016666666666666,1,57.60000000000004,120,163.49793969806385,28.469097067880927,0.21354166666666666,1.0,not_recovered,,1,2.842170943040401e-14,0.5950395378013509
96,20,temporary_damage,recent_contact,9208,0.1,0.0,pause,84.80000000000001,114.80000000000001,0.9999999999999997,0.9999999999999949,0.9999999999999925,0.0,0,0.0,0,11.413888722829185,94.88642066881266,1.0,1.0,unaffected,,0,0.9164279564867219,0.7123590890301326,0.32991041082864764,0.7966666666666666,1,57.60000000000004,120,214.5291653012502,23.607880529310016,0.328125,1.0,not_recovered,,1,2.842170943040401e-14,0.5950395378013509
96,20,temporary_damage,recent_contact,9208,0.05,0.0,continue,84.80000000000001,114.80000000000001,0.9999999999999991,0.9999999999999896,0.9999999999999849,0.0,0,28.80000000000001,60,10.994066336539554,68.33774561119148,0.5833333333333334,1.0,unaffected,,0,0.9468851171541983,0.8255169021512307,0.3111692627143857,0.9016666666666666,1,57.60000000000004,120,163.45032649612148,29.10484086541107,0.21354166666666666,1.0,not_recovered,,1,4.263256414560601e-14,0.5932342491444288
96,20,temporary_damage,recent_contact,9208,0.05,0.0,pause,84.80000000000001,114.80000000000001,0.9999999999999991,0.9999999999999896,0.9999999999999849,0.0,0,0.0,0,11.413141622635168,95.49045623976073,1.0,1.0,unaffected,,0,0.9164538139937497,0.7123554571392853,0.3297283663355243,0.7958333333333333,1,57.60000000000004,120,214.4869082627282,24.244462377330528,0.328125,1.0,not_recovered,,1,4.263256414560601e-14,0.5932342491444288
96,20,temporary_damage,recent_contact,9209,0.2,0.0,continue,88.80000000000001,118.80000000000001,1.0,0.9999999999999969,0.9999999999999958,0.0,0,28.80000000000001,60,10.772538095876534,55.45518027665934,0.5677083333333334,1.0,unaffected,,0,0.9012054094758641,0.6320984033926423,0.42174735340687686,0.95,1,57.60000000000004,120,168.29047593097167,23.702389227846886,0.20833333333333334,1.0,not_recovered,,1,4.263256414560601e-14,0.5839633120190348
96,20,temporary_damage,recent_contact,9209,0.2,0.0,pause,88.80000000000001,118.80000000000001,1.0,0.9999999999999969,0.9999999999999958,0.0,0,0.0,0,10.993590668427846,82.80905671061765,1.0,1.0,unaffected,,0,0.9226079180855979,0.6751714576654514,0.4523680134645332,0.8266666666666667,1,57.60000000000004,120,182.61777886543499,21.752403875030744,0.359375,1.0,not_recovered,,1,4.263256414560601e-14,0.5839633120190348
96,20,temporary_damage,recent_contact,9209,0.1,0.0,continue,88.7,118.7,0.9999999999999998,0.9999999999999956,0.9999999999999939,0.0,0,28.80000000000001,60,10.765742527696606,56.509611907328164,0.5677083333333334,1.0,unaffected,,0,0.9009327795919719,0.6320470342846073,0.4207050678335154,0.95,1,57.60000000000004,120,168.4744078224184,24.760721731749832,0.20833333333333334,1.0,not_recovered,,1,2.842170943040401e-14,0.583731025828512
96,20,temporary_damage,recent_contact,9209,0.1,0.0,pause,88.7,118.7,0.9999999999999998,0.9999999999999956,0.9999999999999939,0.0,0,0.0,0,10.989835356407365,83.86876518798825,1.0,1.0,unaffected,,0,0.9220981594695827,0.672837883769585,0.4510612554728302,0.8283333333333334,1,57.60000000000004,120,182.9516720929982,22.838813105604203,0.359375,1.0,not_recovered,,1,2.842170943040401e-14,0.583731025828512
96,20,temporary_damage,recent_contact,9209,0.05,0.0,continue,88.75,118.75,1.0000000000000004,0.9999999999999896,0.9999999999999845,0.0,0,28.80000000000001,60,10.764948134371288,57.20607081891853,0.5677083333333334,1.0,unaffected,,0,0.901180034107134,0.6323207525844768,0.42140435077855537,0.9491666666666667,1,57.60000000000004,120,168.31774202885396,25.452902150889486,0.20833333333333334,1.0,not_recovered,,1,2.842170943040401e-14,0.5836179526721642
96,20,temporary_damage,recent_contact,9209,0.05,0.0,pause,88.75,118.75,1.0000000000000004,0.9999999999999896,0.9999999999999845,0.0,0,0.0,0,10.990199702454733,84.55999738443953,1.0,1.0,unaffected,,0,0.9224191099216862,0.6741071686483906,0.45160025461789916,0.8266666666666667,1,57.60000000000004,120,182.74440582045636,23.525364330336377,0.359375,1.0,not_recovered,,1,2.842170943040401e-14,0.5836179526721642
96,20,temporary_damage,recent_contact,9210,0.2,0.0,continue,98.2,128.20000000000002,1.0000000000000002,0.9999999999999981,0.9999999999999961,0.0,0,28.80000000000001,60,11.739187309414667,73.95125488732806,0.5729166666666666,1.0,unaffected,,0,0.932395506708054,0.7599619364109023,0.4037860406700446,0.86,1,57.60000000000004,120,183.40803762941817,18.63403992113186,0.234375,1.0,not_recovered,,1,2.842170943040401e-14,0.6090218465224847
96,20,temporary_damage,recent_contact,9210,0.2,0.0,pause,98.2,128.20000000000002,1.0000000000000002,0.9999999999999981,0.9999999999999961,0.0,0,0.0,0,12.354012365180818,100.97112042457857,1.0,1.0,unaffected,,0,0.8932560572275907,0.6969289912298151,0.35333527103433693,0.8466666666666667,1,57.60000000000004,120,235.76567460941828,18.141948912389985,0.3489583333333333,1.0,not_recovered,,1,2.842170943040401e-14,0.6090218465224847
96,20,temporary_damage,recent_contact,9210,0.1,0.0,continue,98.10000000000001,128.1,1.0000000000000007,0.999999999999995,0.9999999999999918,0.0,0,28.80000000000001,60,11.731819721952611,74.99109223507045,0.5729166666666666,1.0,unaffected,,0,0.9319547710024357,0.758478551427202,0.4012975300474032,0.86,1,57.60000000000004,120,183.63051448605884,19.757755765649193,0.234375,1.0,not_recovered,,1,4.263256414560601e-14,0.604775266240232
96,20,temporary_damage,recent_contact,9210,0.1,0.0,pause,98.10000000000001,128.1,1.0000000000000007,0.999999999999995,0.9999999999999918,0.0,0,0.0,0,12.34523750941009,102.02075804733941,1.0,1.0,unaffected,,0,0.892803465488638,0.6962141643328863,0.3518404674134956,0.8466666666666667,1,57.60000000000004,120,236.0080442109711,19.269308022448442,0.3489583333333333,1.0,not_recovered,,1,4.263256414560601e-14,0.604775266240232
96,20,temporary_damage,recent_contact,9210,0.05,0.0,continue,98.05000000000001,128.05,0.9999999999999998,0.9999999999999916,0.9999999999999838,0.0,0,28.80000000000001,60,11.728803867175863,75.51109231257253,0.5729166666666666,1.0,unaffected,,0,0.9317271728697465,0.757727884938884,0.400051318328129,0.86,1,57.60000000000004,120,183.7467608358458,20.31945321827662,0.234375,1.0,not_recovered,,1,4.263256414560601e-14,0.6031273221607887
96,20,temporary_damage,recent_contact,9210,0.05,0.0,pause,98.05000000000001,128.05,0.9999999999999998,0.9999999999999916,0.9999999999999838,0.0,0,0.0,0,12.340865415570455,102.54628212122716,1.0,1.0,unaffected,,0,0.8925714261752293,0.6958908296552591,0.3511613885233727,0.8458333333333333,1,57.60000000000004,120,236.1323066590132,19.834199184036855,0.3489583333333333,1.0,not_recovered,,1,4.263256414560601e-14,0.6031273221607887
96,20,temporary_damage,recent_contact,9211,0.2,0.0,continue,80.0,110.0,0.9999999999999998,0.9999999999999976,0.9999999999999964,0.0,0,28.80000000000001,60,10.715712165209744,79.96937262336868,0.546875,1.0,unaffected,,0,0.9444583253304021,0.7691319406399681,0.5841619655791215,0.8133333333333334,1,57.60000000000004,120,176.6294326791685,32.36972256043653,0.19791666666666666,1.0,not_recovered,,1,2.842170943040401e-14,0.6019277536955194
96,20,temporary_damage,recent_contact,9211,0.2,0.0,pause,80.0,110.0,0.9999999999999998,0.9999999999999976,0.9999999999999964,0.0,0,0.0,0,10.952748317560486,107.20757312092294,1.0,1.0,unaffected,,0,0.9673562409653942,0.8950945285215471,0.5879580569374336,0.6733333333333333,1,57.60000000000004,120,193.83380366162498,27.023739495333224,0.375,1.0,not_recovered,,1,2.842170943040401e-14,0.6019277536955194
96,20,temporary_damage,recent_contact,9211,0.1,0.0,continue,80.0,110.0,0.9999999999999994,0.9999999999999954,0.999999999999992,0.0,0,28.80000000000001,60,10.710595861832982,80.75256565664134,0.546875,1.0,unaffected,,0,0.9441570883443258,0.7671994347519998,0.5815415581435703,0.8116666666666666,1,57.60000000000004,120,176.3758496736185,33.63057219721689,0.19791666666666666,1.0,not_recovered,,1,4.263256414560601e-14,0.6019446626089224
96,20,temporary_damage,recent_contact,9211,0.1,0.0,pause,80.0,110.0,0.9999999999999994,0.9999999999999954,0.999999999999992,0.0,0,0.0,0,10.952036152402165,107.98652354492006,1.0,1.0,unaffected,,0,0.9669503749377026,0.8909241518466423,0.5863947422748242,0.6766666666666666,1,57.60000000000004,120,193.6669897096143,28.281925774826597,0.375,1.0,not_recovered,,1,4.263256414560601e-14,0.6019446626089224
96,20,temporary_damage,recent_contact,9211,0.05,0.0,continue,80.0,110.0,0.9999999999999984,0.9999999999999895,0.9999999999999837,0.0,0,28.80000000000001,60,10.708570037626854,81.13273859031533,0.546875,1.0,unaffected,,0,0.9439881180899382,0.7661761497130913,0.5801700427635923,0.8108333333333333,1,57.60000000000004,120,176.25043135789932,34.26065520943203,0.19791666666666666,1.0,not_recovered,,1,4.263256414560601e-14,0.6019523647139745
96,20,temporary_damage,recent_contact,9211,0.05,0.0,pause,80.0,110.0,0.9999999999999984,0.9999999999999895,0.9999999999999837,0.0,0,0.0,0,10.951672079265744,108.36509486814987,1.0,1.0,unaffected,,0,0.9667277355728737,0.8886951827232035,0.5855682629190948,0.6775,1,57.60000000000004,120,193.58626341462065,28.911150930930848,0.375,1.0,not_recovered,,1,4.263256414560601e-14,0.6019523647139745
96,20,temporary_damage,recent_contact,9212,0.2,0.0,continue,87.2,117.2,1.0,0.9999999999999978,0.9999999999999963,0.0,0,28.80000000000001,60,11.239776857871457,72.35999751591012,0.5520833333333334,1.0,unaffected,,0,0.938653011516935,0.7359779233480085,0.45945746595357906,0.89,1,57.60000000000004,120,178.29008588622412,23.239439522540053,0.21875,1.0,not_recovered,,1,2.842170943040401e-14,0.613121683853377
96,20,temporary_damage,recent_contact,9212,0.2,0.0,pause,87.2,117.2,1.0,0.9999999999999978,0.9999999999999963,0.0,0,0.0,0,11.971334179721914,99.18355893538873,1.0,1.0,unaffected,,0,0.9640131798716886,0.8739194910894947,0.5950993207435414,0.8,1,57.60000000000004,120,193.8076312042831,17.52142093936496,0.3229166666666667,1.0,not_recovered,,1,4.263256414560601e-14,0.613121683853377
96,20,temporary_damage,recent_contact,9212,0.1,0.0,continue,87.2,117.2,0.9999999999999997,0.999999999999995,0.9999999999999922,0.0,0,28.80000000000001,60,11.232977860354962,73.59599503682418,0.5520833333333334,1.0,unaffected,,0,0.9387705392117152,0.736502424946483,0.45968899765252136,0.8866666666666667,1,57.60000000000004,120,178.19776319958507,24.499358018549945,0.21875,1.0,not_recovered,,1,4.263256414560601e-14,0.6128059829864699
96,20,temporary_damage,recent_contact,9212,0.1,0.0,pause,87.2,117.2,0.9999999999999997,0.999999999999995,0.9999999999999922,0.0,0,0.0,0,11.969613077933923,100.41476720689067,1.0,1.0,unaffected,,0,0.9634456065756184,0.8608592747382203,0.5287699170730146,0.8,1,57.60000000000004,120,187.47955308730616,25.352302433938824,0.3385416666666667,1.0,not_recovered,,1,4.263256414560601e-14,0.6128059829864699
96,20,temporary_damage,recent_contact,9212,0.05,0.0,continue,87.25,117.25,0.9999999999999994,0.9999999999999902,0.9999999999999833,0.0,0,28.80000000000001,60,11.231962307357424,74.30889216523781,0.5520833333333334,1.0,unaffected,,0,0.9390666322807272,0.7380710406344625,0.4605075486618349,0.8866666666666667,1,57.60000000000004,120,178.06268658845815,25.153554788481294,0.21875,1.0,not_recovered,,1,4.263256414560601e-14,0.612661938234168
96,20,temporary_damage,recent_contact,9212,0.05,0.0,pause,87.25,117.25,0.9999999999999994,0.9999999999999902,0.9999999999999833,0.0,0,0.0,0,11.970051839644126,101.1223051141709,1.0,1.0,unaffected,,0,0.9638009912831178,0.8621632144467933,0.5305392454869229,0.7991666666666667,1,57.60000000000004,120,187.24048536671677,26.06518822633,0.3385416666666667,1.0,not_recovered,,1,4.263256414560601e-14,0.612661938234168
96,20,temporary_damage,recent_contact,9213,0.2,0.0,continue,80.0,110.0,1.0,0.9999999999999977,0.9999999999999959,0.0,0,28.80000000000001,60,12.09268269985147,72.42681745203024,0.5625,1.0,unaffected,,0,0.9152083957541417,0.6749529131141825,0.4903224070944701,0.9033333333333333,1,57.60000000000004,120,189.98412605029864,23.278311864339592,0.234375,1.0,not_recovered,,1,4.263256414560601e-14,0.5908033337628106
96,20,temporary_damage,recent_contact,9213,0.2,0.0,pause,80.0,110.0,1.0,0.9999999999999977,0.9999999999999959,0.0,0,0.0,0,12.727440425801854,99.28453232798243,1.0,1.0,unaffected,,0,0.9204920574234046,0.7335743929284997,0.5202408516512269,0.8433333333333334,1,57.60000000000004,120,206.84369389554018,28.22655371696262,0.3802083333333333,1.0,not_recovered,,1,4.263256414560601e-14,0.5970428440622125
96,20,temporary_damage,recent_contact,9213,0.1,0.0,continue,80.0,110.0,0.9999999999999997,0.9999999999999947,0.999999999999993,0.0,0,28.80000000000001,60,12.084021122623438,73.23308330699962,0.5625,1.0,unaffected,,0,0.9148871265416711,0.6729265910532756,0.4894925269296869,0.9033333333333333,1,57.60000000000004,120,189.76428728902738,24.53619439230932,0.234375,1.0,not_recovered,,1,4.263256414560601e-14,0.5909003485446241
96,20,temporary_damage,recent_contact,9213,0.1,0.0,pause,80.0,110.0,0.9999999999999997,0.9999999999999947,0.999999999999993,0.0,0,0.0,0,12.726112979393358,100.08381768130448,1.0,1.0,unaffected,,0,0.920105396871809,0.7312555354798462,0.5176409441234098,0.845,1,57.60000000000004,120,206.68308003703285,29.473925387163284,0.3802083333333333,1.0,not_recovered,,1,4.263256414560601e-14,0.5971325107800021
96,20,temporary_damage,recent_contact,9213,0.05,0.0,continue,80.0,110.0,1.0000000000000009,0.9999999999999911,0.9999999999999842,0.0,0,28.80000000000001,60,12.08049864258,73.6368905862676,0.5625,1.0,unaffected,,0,0.9147230842872548,0.6719071751485715,0.4890779326652888,0.9041666666666667,1,57.60000000000004,120,189.6565802544327,25.16561612662582,0.234375,1.0,not_recovered,,1,2.842170943040401e-14,0.5909629656230968
96,20,temporary_damage,recent_contact,9213,0.05,0.0,pause,80.0,110.0,1.0000000000000009,0.9999999999999911,0.9999999999999842,0.0,0,0.0,0,12.725445221389206,100.48491133373885,1.0,1.0,unaffected,,0,0.9199058823751517,0.7300814729627257,0.5163716185504666,0.8458333333333333,1,57.60000000000004,120,206.60741639721618,30.098312005700798,0.3802083333333333,1.0,not_recovered,,1,2.842170943040401e-14,0.5971798372994396
96,20,temporary_damage,recent_contact,9214,0.2,0.0,continue,87.60000000000001,117.60000000000001,1.0000000000000002,0.9999999999999978,0.999999999999996,0.0,0,28.80000000000001,60,10.86659103492337,66.06018643953801,0.5677083333333334,1.0,unaffected,,0,0.9184822625939169,0.7173735979758243,0.4758123866050656,0.87,1,57.60000000000004,120,179.15389568216727,21.6262870292042,0.25,1.0,not_recovered,,1,2.842170943040401e-14,0.5687779017746064
96,20,temporary_damage,recent_contact,9214,0.2,0.0,pause,87.60000000000001,117.60000000000001,1.0000000000000002,0.9999999999999978,0.999999999999996,0.0,0,0.0,0,11.978460629809222,92.48587750770898,1.0,1.0,unaffected,,0,0.9465644494357082,0.7767083306549005,0.6676279892071139,0.78,1,57.60000000000004,120,177.16044029921864,29.93565673443447,0.3177083333333333,1.0,not_recovered,,1,2.842170943040401e-14,0.5945776315519604
96,20,temporary_damage,recent_contact,9214,0.1,0.0,continue,87.4,117.4,0.9999999999999998,0.9999999999999944,0.9999999999999919,0.0,0,28.80000000000001,60,10.86235203530403,66.89212497645173,0.5677083333333334,1.0,unaffected,,0,0.9176404835938808,0.7130989113723301,0.47476099471706307,0.87,1,57.60000000000004,120,179.53324474424102,22.657540314113433,0.25,1.0,not_recovered,,1,4.263256414560601e-14,0.5692247890402556
96,20,temporary_damage,recent_contact,9214,0.1,0.0,pause,87.4,117.4,0.9999999999999998,0.9999999999999944,0.9999999999999919,0.0,0,0.0,0,11.9731164883011,93.33504769044256,1.0,1.0,unaffected,,0,0.9454677954005705,0.7729491265426355,0.662893660263428,0.78,1,57.60000000000004,120,177.76533148111886,30.94220625403211,0.3177083333333333,1.0,not_recovered,,1,4.263256414560601e-14,0.5927863890490662
96,20,temporary_damage,recent_contact,9214,0.05,0.0,continue,87.05000000000001,117.05000000000001,0.9999999999999998,0.9999999999999911,0.9999999999999841,0.0,0,28.80000000000001,60,10.357159082625817,65.48782773711454,0.5572916666666666,1.0,unaffected,,0,0.8788649646086683,0.5983156462852113,0.3473174763226523,0.9158333333333334,1,57.60000000000004,120,207.44472252463822,19.271862883194977,0.22395833333333334,1.0,not_recovered,,1,4.263256414560601e-14,0.5695722217816671
96,20,temporary_damage,recent_contact,9214,0.05,0.0,pause,87.05000000000001,117.05000000000001,0.9999999999999998,0.9999999999999911,0.9999999999999841,0.0,0,0.0,0,10.798860265842931,92.60860331476485,1.0,1.0,unaffected,,0,0.9191851755664887,0.7428504201161273,0.4333743980534634,0.8566666666666667,1,57.60000000000004,120,206.62981939882815,19.95504748450679,0.3645833333333333,1.0,not_recovered,,1,4.263256414560601e-14,0.5714688774892495
96,20,temporary_damage,recent_contact,9215,0.2,0.0,continue,85.60000000000001,115.60000000000001,0.9999999999999997,0.9999999999999972,0.9999999999999958,0.0,0,28.80000000000001,60,10.680020685543184,65.02098078153612,0.5885416666666666,1.0,unaffected,,0,0.905510246704161,0.6914449639657737,0.41189718103534545,0.9066666666666666,1,57.60000000000004,120,180.1889624833178,25.528955200536117,0.24479166666666666,1.0,not_recovered,,1,4.263256414560601e-14,0.5536328973841738
96,20,temporary_damage,recent_contact,9215,0.2,0.0,pause,85.60000000000001,115.60000000000001,0.9999999999999997,0.9999999999999972,0.9999999999999958,0.0,0,0.0,0,11.380584370907284,91.84354138155955,1.0,1.0,unaffected,,0,0.9428285883024821,0.8564987301992778,0.4338481270029314,0.81,1,57.60000000000004,120,187.09677062849494,19.970703773701803,0.3385416666666667,1.0,not_recovered,,1,4.263256414560601e-14,0.55105857754391
96,20,temporary_damage,recent_contact,9215,0.1,0.0,continue,85.9,115.9,0.9999999999999994,0.9999999999999946,0.9999999999999921,0.0,0,28.80000000000001,60,10.679697048894509,66.3720418252152,0.5885416666666666,1.0,unaffected,,0,0.9066966517890777,0.6965569317108421,0.41738903706595565,0.905,1,57.60000000000004,120,179.30074120153716,26.991649319385935,0.24479166666666666,1.0,not_recovered,,1,2.842170943040401e-14,0.5531424932818357
96,20,temporary_damage,recent_contact,9215,0.1,0.0,pause,85.9,115.9,0.9999999999999994,0.9999999999999946,0.9999999999999921,0.0,0,0.0,0,11.382643233149432,93.16836736244184,1.0,1.0,unaffected,,0,0.9440488444877848,0.8640906667963735,0.4387318529108046,0.7983333333333333,1,57.60000000000004,120,186.07024176308622,21.513124488168316,0.3385416666666667,1.0,not_recovered,,1,2.842170943040401e-14,0.5510528302598215
96,20,temporary_damage,recent_contact,9215,0.05,0.0,continue,86.0,116.0,0.9999999999999994,0.9999999999999896,0.9999999999999857,0.0,0,28.80000000000001,60,10.679101604558472,66.96516412973946,0.5885416666666666,1.0,unaffected,,0,0.9045127851898996,0.7011291073283998,0.2859579143768338,0.8975,1,57.60000000000004,120,175.20724405863282,32.65766053275487,0.22395833333333334,1.0,not_recovered,,1,2.842170943040401e-14,0.5425878969584227
96,20,temporary_damage,recent_contact,9215,0.05,0.0,pause,86.0,116.0,0.9999999999999994,0.9999999999999896,0.9999999999999857,0.0,0,0.0,0,11.383108893901731,93.75250341268065,1.0,1.0,unaffected,,0,0.9446883514246216,0.8373730595195772,0.46823060319663384,0.8008333333333333,1,57.60000000000004,120,179.6007407829485,28.0833046959869,0.328125,1.0,not_recovered,,1,2.842170943040401e-14,0.538141650575744
96,20,temporary_damage,recent_contact,9216,0.2,0.0,continue,84.4,114.4,1.0000000000000002,0.9999999999999981,0.9999999999999958,0.0,0,28.80000000000001,60,10.654627409465832,69.78228614194268,0.5416666666666666,1.0,unaffected,,0,0.9127308695384074,0.7175266166867643,0.3543952584159431,0.8866666666666667,1,57.60000000000004,120,187.45634116371588,28.296355695446053,0.24479166666666666,1.0,not_recovered,,1,2.842170943040401e-14,0.5521496272386562
96,20,temporary_damage,recent_contact,9216,0.2,0.0,pause,84.4,114.4,1.0000000000000002,0.9999999999999981,0.9999999999999958,0.0,0,0.0,0,10.681668072804294,97.35329201600754,1.0,1.0,unaffected,,0,0.9591556083872345,0.8433498995034937,0.6772414254164101,0.7633333333333333,1,57.60000000000004,120,190.6846884436977,22.108963721940736,0.3333333333333333,1.0,not_recovered,,1,2.842170943040401e-14,0.5521496272386562
96,20,temporary_damage,recent_contact,9216,0.1,0.0,continue,84.5,114.5,1.0000000000000004,0.9999999999999968,0.9999999999999936,0.0,0,28.80000000000001,60,10.651482227419297,70.93458888739006,0.5416666666666666,1.0,unaffected,,0,0.9131638955060152,0.7183922697729136,0.35535197727466367,0.885,1,57.60000000000004,120,186.9855224833609,29.64795245907358,0.24479166666666666,1.0,not_recovered,,1,4.263256414560601e-14,0.5521008912490386
96,20,temporary_damage,recent_contact,9216,0.1,0.0,pause,84.5,114.5,1.0000000000000004,0.9999999999999968,0.9999999999999936,0.0,0,0.0,0,10.68267830293817,98.49330191160625,1.0,1.0,unaffected,,0,0.959726072492819,0.8457643456904549,0.6793341486985819,0.7633333333333333,1,57.60000000000004,120,190.0694401102144,23.4991980270458,0.3333333333333333,1.0,not_recovered,,1,4.263256414560601e-14,0.5521008912490386
96,20,temporary_damage,recent_contact,9216,0.05,0.0,continue,84.55000000000001,114.55000000000001,1.0000000000000007,0.9999999999999928,0.9999999999999873,0.0,0,28.80000000000001,60,10.650634724600787,71.5256565534036,0.5416666666666666,1.0,unaffected,,0,0.9133908196886678,0.7188645600537531,0.35594484918238845,0.8858333333333334,1,57.60000000000004,120,186.7567079333008,30.324730327845085,0.24479166666666666,1.0,not_recovered,,1,4.263256414560601e-14,0.5520754415085329
96,20,temporary_damage,recent_contact,9216,0.05,0.0,pause,84.55000000000001,114.55000000000001,1.0000000000000007,0.9999999999999928,0.9999999999999873,0.0,0,0.0,0,10.683207994365812,99.07890023049785,1.0,1.0,unaffected,,0,0.9600199123159464,0.8470462210071348,0.6804678674316902,0.7616666666666667,1,57.60000000000004,120,189.77227035189415,24.19285128837201,0.3333333333333333,1.0,not_recovered,,1,4.263256414560601e-14,0.5520754415085329
96,20,temporary_damage,recent_contact,9217,0.2,0.0,continue,85.4,115.4,1.0,0.9999999999999973,0.999999999999996,0.0,0,28.80000000000001,60,11.38288373814481,58.40755137500648,0.5885416666666666,1.0,unaffected,,0,0.8420062704566784,0.5331503784764842,0.33488034057898236,0.9533333333333334,1,57.60000000000004,120,209.2908392562175,31.48159775656378,0.24479166666666666,1.0,not_recovered,,1,2.842170943040401e-14,0.5716901876573705
96,20,temporary_damage,recent_contact,9217,0.2,0.0,pause,85.4,115.4,1.0,0.9999999999999973,0.999999999999996,0.0,0,0.0,0,11.369140515219813,85.93943045866196,1.0,1.0,unaffected,,0,0.9137243256660684,0.722982514680557,0.3592742206489924,0.8266666666666667,1,57.60000000000004,120,197.52201181613185,23.75583842922523,0.375,1.0,not_recovered,,1,2.842170943040401e-14,0.5716901876573705
96,20,temporary_damage,recent_contact,9217,0.1,0.0,continue,85.5,115.5,0.9999999999999994,0.9999999999999956,0.9999999999999928,0.0,0,28.80000000000001,60,11.37872715857943,59.784006495632305,0.5885416666666666,1.0,unaffected,,0,0.8427203209590681,0.5349670881854418,0.33568232583492946,0.9516666666666667,1,57.60000000000004,120,208.87186520862622,32.814261836167645,0.24479166666666666,1.0,not_recovered,,1,2.842170943040401e-14,0.5694077182368327
96,20,temporary_damage,recent_contact,9217,0.1,0.0,pause,85.5,115.5,0.9999999999999994,0.9999999999999956,0.9999999999999928,0.0,0,0.0,0,11.369594457232893,87.30316631334861,1.0,1.0,unaffected,,0,0.914473702968571,0.7251961601139336,0.35955242495814954,0.8266666666666667,1,57.60000000000004,120,197.04537842615736,25.11009124463026,0.375,1.0,not_recovered,,1,2.842170943040401e-14,0.5694077182368327
96,20,temporary_damage,recent_contact,9217,0.05,0.0,continue,85.45,115.45,1.0,0.9999999999999901,0.9999999999999842,0.0,0,28.80000000000001,60,11.37364389372444,60.293049206515775,0.5885416666666666,1.0,unaffected,,0,0.8424567166617719,0.5342113601302875,0.33462097556888387,0.9516666666666667,1,57.60000000000004,120,209.0060805963518,33.367171044653865,0.24479166666666666,1.0,not_recovered,,1,4.263256414560601e-14,0.5686673819254685
96,20,temporary_damage,recent_contact,9217,0.05,0.0,pause,85.45,115.45,1.0,0.9999999999999901,0.9999999999999842,0.0,0,0.0,0,11.36777824555099,87.81312063308094,1.0,1.0,unaffected,,0,0.9141206170575616,0.7237738923561083,0.35881307325626954,0.8258333333333333,1,57.60000000000004,120,197.22996055721953,25.677963840586916,0.375,1.0,not_recovered,,1,4.263256414560601e-14,0.5686673819254685
96,20,temporary_damage,recent_contact,9218,0.2,0.0,continue,89.0,119.0,1.0000000000000002,0.9999999999999983,0.9999999999999966,0.0,0,28.80000000000001,60,10.717862534238353,66.02183210506257,0.5416666666666666,1.0,unaffected,,0,0.9527093529631698,0.8043369388100642,0.6789397402377214,0.88,1,57.60000000000004,120,155.48944720073902,26.556052398120467,0.20833333333333334,1.0,not_recovered,,1,4.263256414560601e-14,0.5573506112667558
96,20,temporary_damage,recent_contact,9218,0.2,0.0,pause,89.0,119.0,1.0000000000000002,0.9999999999999983,0.9999999999999966,0.0,0,0.0,0,11.504784361309904,92.81220867077758,1.0,1.0,unaffected,,0,0.9983423757905316,0.9999999999999941,0.9611426550210475,0.36333333333333334,1,57.60000000000004,120,144.1650692011912,32.504211713855504,0.34375,1.0,not_recovered,,1,4.263256414560601e-14,0.5445122954488557
96,20,temporary_damage,recent_contact,9218,0.1,0.0,continue,89.0,119.0,1.0000000000000004,0.9999999999999959,0.9999999999999932,0.0,0,28.80000000000001,60,10.71194768596581,67.25958094333046,0.5416666666666666,1.0,unaffected,,0,0.9527711794680601,0.8043486660557466,0.6784550592453069,0.8816666666666667,1,57.60000000000004,120,155.42516842677176,27.825251984813267,0.20833333333333334,1.0,not_recovered,,1,2.842170943040401e-14,0.5574686837307394
96,20,temporary_damage,recent_contact,9218,0.1,0.0,pause,89.0,119.0,1.0000000000000004,0.9999999999999959,0.9999999999999932,0.0,0,0.0,0,11.503057429192765,94.04601977372866,1.0,1.0,unaffected,,0,0.998359890620081,0.9999999999999863,0.9615113102271287,0.36,1,57.60000000000004,120,144.10977404363902,33.79172146881797,0.34375,1.0,not_recovered,,1,2.842170943040401e-14,0.5445094724164469
96,20,temporary_damage,recent_contact,9218,0.05,0.0,continue,89.0,119.0,1.0,0.9999999999999906,0.9999999999999835,0.0,0,28.80000000000001,60,10.7095489849945,67.87809032079173,0.5416666666666666,1.0,unaffected,,0,0.9527981549302456,0.8043498366910143,0.6782180183560023,0.8808333333333334,1,57.60000000000004,120,155.39546866041806,28.459609713298786,0.20833333333333334,1.0,not_recovered,,1,2.842170943040401e-14,0.5575318111536405
96,20,temporary_damage,recent_contact,9218,0.05,0.0,pause,89.0,119.0,1.0,0.9999999999999906,0.9999999999999835,0.0,0,0.0,0,11.502190389056567,94.6630995040745,1.0,1.0,unaffected,,0,0.9983671176282779,0.9999999999999777,0.9616591958654152,0.3591666666666667,1,57.60000000000004,120,144.0869224384772,34.432187649854114,0.34375,1.0,not_recovered,,1,2.842170943040401e-14,0.5445083373940486
96,20,temporary_damage,recent_contact,9219,0.2,0.0,continue,99.2,129.20000000000002,1.0000000000000002,0.9999999999999979,0.9999999999999969,0.0,0,28.80000000000001,60,10.934829440365418,75.25622062933995,0.5729166666666666,1.0,unaffected,,0,0.9302168752290314,0.7325555431928841,0.5100879873372467,0.8266666666666667,1,57.60000000000004,120,173.13414747875345,29.053860288601022,0.23958333333333334,1.0,not_recovered,,1,4.263256414560601e-14,0.57951760824341
96,20,temporary_damage,recent_contact,9219,0.2,0.0,pause,99.2,129.20000000000002,1.0000000000000002,0.9999999999999979,0.9999999999999969,0.0,0,0.0,0,11.770522471332287,101.97669757238593,1.0,1.0,unaffected,,0,0.9694858474748057,0.8871224584647414,0.589188277557382,0.64,1,57.60000000000004,120,182.2046469817284,20.203463141769248,0.3229166666666667,1.0,not_recovered,,1,4.263256414560601e-14,0.57951760824341
96,20,temporary_damage,recent_contact,9219,0.1,0.0,continue,99.2,129.20000000000002,1.0000000000000002,0.9999999999999961,0.9999999999999918,0.0,0,28.80000000000001,60,10.928038294881963,76.47034839361663,0.5729166666666666,1.0,unaffected,,0,0.9302865523269036,0.7327824174014073,0.5098033825513895,0.8266666666666667,1,57.60000000000004,120,173.06107485615328,30.306552860542038,0.23958333333333334,1.0,not_recovered,,1,4.263256414560601e-14,0.57709109813008
96,20,temporary_damage,recent_contact,9219,0.1,0.0,pause,99.2,129.20000000000002,1.0000000000000002,0.9999999999999961,0.9999999999999918,0.0,0,0.0,0,11.76960201264861,103.18526697754632,1.0,1.0,unaffected,,0,0.9695444806949046,0.8873685080322581,0.5885675246309865,0.6383333333333333,1,57.60000000000004,120,182.12668249350068,21.46678130912268,0.3229166666666667,1.0,not_recovered,,1,4.263256414560601e-14,0.57709109813008
96,20,temporary_damage,recent_contact,9219,0.05,0.0,continue,99.15,129.15,0.9999999999999984,0.9999999999999911,0.9999999999999846,0.0,0,28.80000000000001,60,10.926774488809327,76.9850970684887,0.5729166666666666,1.0,unaffected,,0,0.9300583623076054,0.731583760614849,0.5084055539580777,0.8266666666666667,1,57.60000000000004,120,173.17510747500063,30.86714834474051,0.23958333333333334,1.0,not_recovered,,1,2.842170943040401e-14,0.5761325061731871
96,20,temporary_damage,recent_contact,9219,0.05,0.0,pause,99.15,129.15,0.9999999999999984,0.9999999999999911,0.9999999999999846,0.0,0,0.0,0,11.768475937222881,103.70401356766857,1.0,1.0,unaffected,,0,0.9692760051193597,0.8866925419480265,0.5859745925099711,0.6383333333333333,1,57.60000000000004,120,182.2726389669609,22.04167808788516,0.3229166666666667,1.0,not_recovered,,1,4.263256414560601e-14,0.5761325061731871
96,20,temporary_damage,recent_contact,9220,0.2,0.0,continue,89.0,119.0,0.9999999999999997,0.9999999999999978,0.9999999999999963,0.0,0,28.80000000000001,60,10.241419655534742,62.71960682951297,0.5625,1.0,unaffected,,0,0.9388012645848335,0.7380438571561356,0.5389075587218686,0.8633333333333333,1,57.60000000000004,120,149.23225405249124,29.75658042794919,0.296875,1.0,not_recovered,,1,2.842170943040401e-14,0.5930406289102447
96,20,temporary_damage,recent_contact,9220,0.2,0.0,pause,89.0,119.0,0.9999999999999997,0.9999999999999978,0.9999999999999963,0.0,0,0.0,0,11.114550309650626,89.42672968886502,1.0,1.0,unaffected,,0,0.9806959521614599,0.9213101880494792,0.7223464717058813,0.63,1,57.60000000000004,120,150.96009164417518,26.92970015598049,0.390625,1.0,not_recovered,,1,2.842170943040401e-14,0.5930406289102447
96,20,temporary_damage,recent_contact,9220,0.1,0.0,continue,89.10000000000001,119.10000000000001,1.0,0.9999999999999959,0.9999999999999918,0.0,0,28.80000000000001,60,10.235779795320477,64.05089198806175,0.5625,1.0,unaffected,,0,0.9393706091086055,0.7403227636445845,0.5405121907354371,0.86,1,57.60000000000004,120,148.85368246449838,31.095080714412266,0.296875,1.0,not_recovered,,1,2.842170943040401e-14,0.5918860088304477
96,20,temporary_damage,recent_contact,9220,0.1,0.0,pause,89.10000000000001,119.10000000000001,1.0,0.9999999999999959,0.9999999999999918,0.0,0,0.0,0,11.114550203295444,90.74458637899832,1.0,1.0,unaffected,,0,0.9812628909069807,0.9237213112587767,0.7259792057740183,0.6283333333333333,1,57.60000000000004,120,150.53741131229873,28.288740775199415,0.390625,1.0,not_recovered,,1,2.842170943040401e-14,0.5918860088304477
96,20,temporary_damage,recent_contact,9220,0.05,0.0,continue,89.10000000000001,119.10000000000001,1.000000000000001,0.999999999999992,0.9999999999999837,0.0,0,28.80000000000001,60,10.233450495996633,64.6287625121554,0.5625,1.0,unaffected,,0,0.9393775360925554,0.7401128346492246,0.5403932988183521,0.8608333333333333,1,57.60000000000004,120,148.8070424509781,31.71998920774775,0.296875,1.0,not_recovered,,1,2.842170943040401e-14,0.5913915217833573
96,20,temporary_damage,recent_contact,9220,0.05,0.0,pause,89.10000000000001,119.10000000000001,1.000000000000001,0.999999999999992,0.9999999999999837,0.0,0,0.0,0,11.113847072039423,91.3209229916535,1.0,1.0,unaffected,,0,0.981255891711637,0.9234379879664715,0.725663100065122,0.6275,1,57.60000000000004,120,150.5096508647297,28.906491957919297,0.390625,1.0,not_recovered,,1,2.842170943040401e-14,0.5913915217833573
96,20,temporary_damage,recent_contact,9221,0.2,0.0,continue,107.0,137.0,1.0,0.9999999999999974,0.9999999999999966,0.0,0,28.80000000000001,60,10.682740795509822,82.84428978467258,0.5572916666666666,1.0,unaffected,,0,0.9486530811383854,0.8334643831387583,0.616894939365648,0.8566666666666667,1,57.60000000000004,120,169.07413579936673,22.533310235041363,0.25,1.0,not_recovered,,1,4.263256414560601e-14,0.5943163810793421
96,20,temporary_damage,recent_contact,9221,0.2,0.0,pause,107.0,137.0,1.0,0.9999999999999974,0.9999999999999966,0.0,0,0.0,0,11.479978621806751,109.62311101442292,1.0,1.0,unaffected,,0,0.971639398124252,0.8880013454065361,0.7671644907527234,0.5666666666666667,1,57.60000000000004,120,179.56069923204527,22.330978338327498,0.3854166666666667,1.0,not_recovered,,1,4.263256414560601e-14,0.5943163810793421
96,20,temporary_damage,recent_contact,9221,0.1,0.0,continue,107.0,137.0,0.9999999999999994,0.9999999999999947,0.9999999999999918,0.0,0,28.80000000000001,60,10.67700104576166,84.04366294890497,0.5572916666666666,1.0,unaffected,,0,0.9487076794047449,0.8334411825272715,0.6165042722729792,0.8566666666666667,1,57.60000000000004,120,169.00657797067774,23.77580330206924,0.25,1.0,not_recovered,,1,2.842170943040401e-14,0.5915819031026417
96,20,temporary_damage,recent_contact,9221,0.1,0.0,pause,107.0,137.0,0.9999999999999994,0.9999999999999947,0.9999999999999918,0.0,0,0.0,0,11.478987398873452,110.81801137972906,1.0,1.0,unaffected,,0,0.9716903150794269,0.8882485310607544,0.7667247943540797,0.5666666666666667,1,57.60000000000004,120,179.50589074287555,23.564126631576908,0.3854166666666667,1.0,not_recovered,,1,2.842170943040401e-14,0.5915819031026417
96,20,temporary_damage,recent_contact,9221,0.05,0.0,continue,107.0,137.0,0.9999999999999997,0.9999999999999903,0.999999999999986,0.0,0,28.80000000000001,60,10.674735511860362,84.64257471930014,0.5572916666666666,1.0,unaffected,,0,0.9487294464375672,0.8334349824000695,0.6163063073901193,0.8558333333333333,1,57.60000000000004,120,168.97565944510615,24.397075475118918,0.25,1.0,not_recovered,,1,4.263256414560601e-14,0.5902864675938506
96,20,temporary_damage,recent_contact,9221,0.05,0.0,pause,107.0,137.0,0.9999999999999997,0.9999999999999903,0.999999999999986,0.0,0,0.0,0,11.478490491956983,111.41526701922594,1.0,1.0,unaffected,,0,0.9717095457910552,0.8883682708715533,0.7664695690711982,0.5675,1,57.60000000000004,120,179.48237592344108,24.180873822535126,0.3854166666666667,1.0,not_recovered,,1,4.263256414560601e-14,0.5902864675938506
96,20,temporary_damage,recent_contact,9222,0.2,0.0,continue,93.0,123.0,0.9999999999999997,0.9999999999999971,0.9999999999999958,0.0,0,28.80000000000001,60,10.4947493632368,68.19036400085773,0.578125,1.0,unaffected,,0,0.9128427239775054,0.7035870120049028,0.45012124445502927,0.83,1,57.60000000000004,120,181.71471048560505,22.943716715422774,0.265625,1.0,not_recovered,,1,4.263256414560601e-14,0.5978724228460257
96,20,temporary_damage,recent_contact,9222,0.2,0.0,pause,93.0,123.0,0.9999999999999997,0.9999999999999971,0.9999999999999958,0.0,0,0.0,0,11.207266446121,95.05182517123359,1.0,1.0,unaffected,,0,0.9758364517145511,0.9086991643176282,0.5687927529929925,0.7866666666666666,1,57.60000000000004,120,168.63256467806818,20.120949316966716,0.390625,1.0,not_recovered,,1,4.263256414560601e-14,0.5978724228460257
96,20,temporary_damage,recent_contact,9222,0.1,0.0,continue,92.9,122.9,0.9999999999999998,0.9999999999999952,0.9999999999999936,0.0,0,28.80000000000001,60,10.490363751573899,69.22846856019646,0.578125,1.0,unaffected,,0,0.9122288856791462,0.7011893412626252,0.4479049734137624,0.8316666666666667,1,57.60000000000004,120,182.02296332763328,24.091788910630882,0.265625,1.0,not_recovered,,1,2.842170943040401e-14,0.5964056461708395
96,20,temporary_damage,recent_contact,9222,0.1,0.0,pause,92.9,122.9,0.9999999999999998,0.9999999999999952,0.9999999999999936,0.0,0,0.0,0,11.205031510361838,96.09608527284655,1.0,1.0,unaffected,,0,0.9753770004942355,0.9072716628499313,0.5653870786413367,0.7933333333333333,1,57.60000000000004,120,168.914070078969,21.216875981671755,0.390625,1.0,not_recovered,,1,2.842170943040401e-14,0.5964056461708395
96,20,temporary_damage,recent_contact,9222,0.05,0.0,continue,92.9,122.9,0.9999999999999998,0.9999999999999908,0.9999999999999869,0.0,0,28.80000000000001,60,10.488376003007966,69.83710513181032,0.578125,1.0,unaffected,,0,0.9122630210691779,0.7011016355408001,0.4477559376400592,0.8308333333333333,1,57.60000000000004,120,181.99363825176317,24.712186360411756,0.265625,1.0,not_recovered,,1,4.263256414560601e-14,0.5957276426939413
96,20,temporary_damage,recent_contact,9222,0.05,0.0,pause,92.9,122.9,0.9999999999999998,0.9999999999999908,0.9999999999999869,0.0,0,0.0,0,11.204394071712619,96.70347038431235,1.0,1.0,unaffected,,0,0.9754003531134242,0.9074127020926033,0.5651457482273553,0.7933333333333333,1,57.60000000000004,120,168.88955471461747,21.840441253413175,0.390625,1.0,not_recovered,,1,4.263256414560601e-14,0.5957276426939413
96,20,temporary_damage,recent_contact,9223,0.2,0.0,continue,86.0,116.0,1.0,0.9999999999999974,0.999999999999996,0.0,0,28.80000000000001,60,11.09518648804911,58.39620810323055,0.609375,1.0,unaffected,,0,0.867164769536588,0.5433117033980897,0.26693797520668566,0.97,1,57.60000000000004,120,197.51734594818006,21.178618549471743,0.22395833333333334,1.0,not_recovered,,1,2.842170943040401e-14,0.5853801833599657
96,20,temporary_damage,recent_contact,9223,0.2,0.0,pause,86.0,116.0,1.0,0.9999999999999974,0.999999999999996,0.0,0,0.0,0,11.36753615094306,85.6018258808956,1.0,1.0,unaffected,,0,0.9487624380766251,0.7930653655687515,0.6982815390169196,0.8366666666666667,1,57.60000000000004,120,167.52954466494327,23.668972459331552,0.3645833333333333,1.0,not_recovered,,1,2.842170943040401e-14,0.550790174754008
96,20,temporary_damage,recent_contact,9223,0.1,0.0,continue,85.9,115.9,0.9999999999999994,0.9999999999999957,0.9999999999999919,0.0,0,28.80000000000001,60,11.085539715586128,59.45325608487802,0.609375,1.0,unaffected,,0,0.8781920172651635,0.6595538123802718,0.23724529650914988,0.9616666666666667,1,57.60000000000004,120,188.6039248823863,23.74238098486871,0.22916666666666666,1.0,not_recovered,,1,4.263256414560601e-14,0.5928387533801359
96,20,temporary_damage,recent_contact,9223,0.1,0.0,pause,85.9,115.9,0.9999999999999994,0.9999999999999957,0.9999999999999919,0.0,0,0.0,0,11.365380673551323,86.65972931111381,1.0,1.0,unaffected,,0,0.9791894068619365,0.9163901292386618,0.7167079833360908,0.685,1,57.60000000000004,120,147.99537725944086,23.984442446887037,0.359375,1.0,not_recovered,,1,4.263256414560601e-14,0.5491852152282858
96,20,temporary_damage,recent_contact,9223,0.05,0.0,continue,85.9,115.9,0.999999999999999,0.9999999999999869,0.9999999999999837,0.0,0,28.80000000000001,60,11.083057029976223,60.06506885805844,0.609375,1.0,unaffected,,0,0.8782366099607554,0.659602067517933,0.23707511917964347,0.9616666666666667,1,57.60000000000004,120,188.56291801746224,24.368757375309634,0.22916666666666666,1.0,not_recovered,,1,4.263256414560601e-14,0.5931851431269183
96,20,temporary_damage,recent_contact,9223,0.05,0.0,pause,85.9,115.9,0.999999999999999,0.9999999999999869,0.9999999999999837,0.0,0,0.0,0,11.364907206465295,87.26959587864731,1.0,1.0,unaffected,,0,0.979212940590537,0.9164822117094671,0.7167382310711061,0.685,1,57.60000000000004,120,147.963717274017,24.61539475246161,0.359375,1.0,not_recovered,,1,4.263256414560601e-14,0.5484715928044193
96,20,temporary_damage,recent_contact,9224,0.2,0.0,continue,86.80000000000001,116.80000000000001,1.0000000000000002,0.9999999999999981,0.9999999999999961,0.0,0,28.80000000000001,60,10.93454802867271,66.80933923694425,0.5520833333333334,1.0,unaffected,,0,0.9041148375320103,0.6637706390228667,0.3692432658639233,0.9033333333333333,1,57.60000000000004,120,184.55493542756312,27.966816636675127,0.21875,1.0,not_recovered,,1,4.263256414560601e-14,0.5599455824017332
96,20,temporary_damage,recent_contact,9224,0.2,0.0,pause,86.80000000000001,116.80000000000001,1.0000000000000002,0.9999999999999981,0.9999999999999961,0.0,0,0.0,0,11.23900752202338,94.0821751518237,1.0,1.0,unaffected,,0,0.9222043108693805,0.7279349863389011,0.4732419862992164,0.8133333333333334,1,57.60000000000004,120,204.60774984357369,22.911100644653242,0.3333333333333333,1.0,not_recovered,,1,4.263256414560601e-14,0.5608575198712356
96,20,temporary_damage,recent_contact,9224,0.1,0.0,continue,86.9,116.9,1.0,0.9999999999999946,0.9999999999999926,0.0,0,28.80000000000001,60,10.932028714621618,68.06310894716657,0.5520833333333334,1.0,unaffected,,0,0.904712434123732,0.6652704163141914,0.37083594686477755,0.9016666666666666,1,57.60000000000004,120,184.13311012024693,29.26142435078203,0.21875,1.0,not_recovered,,1,4.263256414560601e-14,0.5571592010308126
96,20,temporary_damage,recent_contact,9224,0.1,0.0,pause,86.9,116.9,1.0,0.9999999999999946,0.9999999999999926,0.0,0,0.0,0,11.239460992257385,95.32491568370573,1.0,1.0,unaffected,,0,0.9227255764841201,0.7287464626115377,0.4749790722832633,0.8116666666666666,1,57.60000000000004,120,204.17227675626756,24.25886281966948,0.3333333333333333,1.0,not_recovered,,1,4.263256414560601e-14,0.5613221417237062
96,20,temporary_damage,recent_contact,9224,0.05,0.0,continue,87.0,117.0,1.0000000000000004,0.9999999999999901,0.9999999999999843,0.0,0,28.80000000000001,60,10.932341392374902,68.78404506915066,0.5520833333333334,1.0,unaffected,,0,0.9053288697830322,0.6669458899444215,0.37254436466422874,0.9,1,57.60000000000004,120,183.77920912492957,29.936724546210915,0.21875,1.0,not_recovered,,1,2.842170943040401e-14,0.5559357352473826
96,20,temporary_damage,recent_contact,9224,0.05,0.0,pause,87.0,117.0,1.0000000000000004,0.9999999999999901,0.9999999999999843,0.0,0,0.0,0,11.240706157475287,96.03678695770587,1.0,1.0,unaffected,,0,0.9232614386567807,0.7295172438718265,0.4769497583022571,0.8116666666666666,1,57.60000000000004,120,203.7993933387848,24.992980841162595,0.3333333333333333,1.0,not_recovered,,1,2.842170943040401e-14,0.5622364667513191
96,20,temporary_damage,recent_contact,9225,0.2,0.0,continue,86.80000000000001,116.80000000000001,0.9999999999999998,0.9999999999999977,0.9999999999999961,0.0,0,28.80000000000001,60,10.756650058662435,63.93873908770197,0.5572916666666666,1.0,unaffected,,0,0.8978589837666928,0.7002796308356544,0.39914808669868307,0.9333333333333333,1,57.60000000000004,120,186.9098786962948,26.693089319613044,0.234375,1.0,not_recovered,,1,4.263256414560601e-14,0.5605702856148541
96,20,temporary_damage,recent_contact,9225,0.2,0.0,pause,86.80000000000001,116.80000000000001,0.9999999999999998,0.9999999999999977,0.9999999999999961,0.0,0,0.0,0,10.990129720562585,91.27853607723887,1.0,1.0,unaffected,,0,0.9457373262404438,0.7398765805472188,0.5241141819738272,0.8133333333333334,1,57.60000000000004,120,183.7409322845971,24.77532348117952,0.3645833333333333,1.0,not_recovered,,1,4.263256414560601e-14,0.5460001381713749
96,20,temporary_damage,recent_contact,9225,0.1,0.0,continue,86.80000000000001,116.80000000000001,1.0000000000000002,0.9999999999999951,0.9999999999999919,0.0,0,28.80000000000001,60,10.751873085920483,65.13907756607145,0.5572916666666666,1.0,unaffected,,0,0.897931041707355,0.700363650544844,0.39851042286624117,0.9316666666666666,1,57.60000000000004,120,186.83349758423836,27.931668560914183,0.234375,1.0,not_recovered,,1,4.263256414560601e-14,0.5597310672310374
96,20,temporary_damage,recent_contact,9225,0.1,0.0,pause,86.80000000000001,116.80000000000001,1.0000000000000002,0.9999999999999951,0.9999999999999919,0.0,0,0.0,0,10.98831807052703,92.47600442504817,1.0,1.0,unaffected,,0,0.945748054807394,0.7397579391464261,0.5238832866875451,0.8133333333333334,1,57.60000000000004,120,183.69720093397896,26.023577439842235,0.3645833333333333,1.0,not_recovered,,1,4.263256414560601e-14,0.5456330477940848
96,20,temporary_damage,recent_contact,9225,0.05,0.0,continue,86.85000000000001,116.85000000000001,1.0000000000000004,0.9999999999999919,0.999999999999985,0.0,0,28.80000000000001,60,10.751678568844866,65.832705805382,0.5572916666666666,1.0,unaffected,,0,0.8983042090485508,0.7012620693157624,0.399198638842961,0.9316666666666666,1,57.60000000000004,120,186.59386520650608,28.623926707757562,0.234375,1.0,not_recovered,,1,4.263256414560601e-14,0.5597774463455026
96,20,temporary_damage,recent_contact,9225,0.05,0.0,pause,86.85000000000001,116.85000000000001,1.0000000000000004,0.9999999999999919,0.999999999999985,0.0,0,0.0,0,10.988763550016639,93.16492470683818,1.0,1.0,unaffected,,0,0.9460924876312475,0.7420372631970126,0.524631723146413,0.8125,1,57.60000000000004,120,183.484675187667,26.697702079955143,0.3645833333333333,1.0,not_recovered,,1,4.263256414560601e-14,0.5454542301656853
96,20,temporary_damage,recent_contact,9226,0.2,0.0,continue,83.4,113.4,1.0000000000000002,0.9999999999999974,0.9999999999999959,0.0,0,28.80000000000001,60,11.180793397012145,62.62436403120867,0.5677083333333334,1.0,unaffected,,0,0.9080149724521162,0.6785985706244277,0.44764043342899235,0.9533333333333334,1,57.60000000000004,120,178.61682303043747,25.005890851340922,0.2708333333333333,1.0,not_recovered,,1,4.263256414560601e-14,0.5956318204008273
96,20,temporary_damage,recent_contact,9226,0.2,0.0,pause,83.4,113.4,1.0000000000000002,0.9999999999999974,0.9999999999999959,0.0,0,0.0,0,11.55652260526308,89.77600333509545,1.0,1.0,unaffected,,0,0.952392087958473,0.8059489993126925,0.6988563509292852,0.79,1,57.60000000000004,120,178.61523643030299,22.205899205165537,0.3229166666666667,1.0,not_recovered,,1,4.263256414560601e-14,0.5956318204008273
96,20,temporary_damage,recent_contact,9226,0.1,0.0,continue,83.5,113.5,1.0000000000000004,0.9999999999999958,0.999999999999993,0.0,0,28.80000000000001,60,11.175838889552324,63.98037198105247,0.5677083333333334,1.0,unaffected,,0,0.9085435130940842,0.6792181820824919,0.44865257035556955,0.9516666666666667,1,57.60000000000004,120,178.25468343868374,26.38163255147407,0.2708333333333333,1.0,not_recovered,,1,2.842170943040401e-14,0.5943394002212387
96,20,temporary_damage,recent_contact,9226,0.1,0.0,pause,83.5,113.5,1.0000000000000004,0.9999999999999958,0.999999999999993,0.0,0,0.0,0,11.556704029440105,91.11898289824634,1.0,1.0,unaffected,,0,0.9530327397666672,0.8071739893311075,0.70049541397483,0.7866666666666666,1,57.60000000000004,120,178.1673353249828,23.573331169548034,0.3229166666666667,1.0,not_recovered,,1,2.842170943040401e-14,0.5943394002212387
96,20,temporary_damage,recent_contact,9226,0.05,0.0,continue,83.5,113.5,0.9999999999999991,0.9999999999999895,0.9999999999999833,0.0,0,28.80000000000001,60,11.172930046170322,64.5680072034514,0.5677083333333334,1.0,unaffected,,0,0.9085601283621755,0.6795969443113041,0.4487233510725079,0.9516666666666667,1,57.60000000000004,120,178.21571737837857,27.001957300660287,0.2708333333333333,1.0,not_recovered,,1,4.263256414560601e-14,0.5937314317120213
96,20,temporary_damage,recent_contact,9226,0.05,0.0,pause,83.5,113.5,0.9999999999999991,0.9999999999999895,0.9999999999999833,0.0,0,0.0,0,11.556179830812258,91.70432991331151,1.0,1.0,unaffected,,0,0.94537130438628,0.7923434507079439,0.6444626364307708,0.7858333333333334,1,57.60000000000004,120,184.75356997175754,22.636119344297764,0.3229166666666667,1.0,not_recovered,,1,4.263256414560601e-14,0.5937314317120213
96,20,temporary_damage,recent_contact,9227,0.2,0.0,continue,98.0,128.0,1.0000000000000002,0.9999999999999981,0.999999999999996,0.0,0,28.80000000000001,60,10.953931864478538,77.75919766749703,0.5833333333333334,1.0,unaffected,,0,0.9206174430393858,0.6909131918087426,0.3225751670547813,0.8566666666666667,1,57.60000000000004,120,176.74789812722724,31.755968538515265,0.23958333333333334,1.0,not_recovered,,1,2.842170943040401e-14,0.5851782502385208
96,20,temporary_damage,recent_contact,9227,0.2,0.0,pause,98.0,128.0,1.0000000000000002,0.9999999999999981,0.999999999999996,0.0,0,0.0,0,12.303083151430783,103.92189779062095,1.0,1.0,unaffected,,0,0.9808689893981738,0.9406993439351047,0.7971415559697792,0.8033333333333333,1,57.60000000000004,120,168.82092390263534,25.248124479525597,0.34375,1.0,not_recovered,,1,2.842170943040401e-14,0.5851782502385208
96,20,temporary_damage,recent_contact,9227,0.1,0.0,continue,98.0,128.0,1.0000000000000007,0.9999999999999964,0.9999999999999929,0.0,0,28.80000000000001,60,10.947422873180024,78.95555879455506,0.5833333333333334,1.0,unaffected,,0,0.9206695522366493,0.6907481967348591,0.32212156148776466,0.8566666666666667,1,57.60000000000004,120,176.67942320641495,32.996886823651636,0.23958333333333334,1.0,not_recovered,,1,2.842170943040401e-14,0.5835461696102947
96,20,temporary_damage,recent_contact,9227,0.1,0.0,pause,98.0,128.0,1.0000000000000007,0.9999999999999964,0.9999999999999929,0.0,0,0.0,0,12.302024375648195,105.11322552580971,1.0,1.0,unaffected,,0,0.9809309056780241,0.9410112282684737,0.7973271526099944,0.8033333333333333,1,57.60000000000004,120,168.73509329282467,26.504809235715715,0.34375,1.0,not_recovered,,1,2.842170943040401e-14,0.5835461696102947
96,20,temporary_damage,recent_contact,9227,0.05,0.0,continue,98.0,128.0,0.9999999999999993,0.9999999999999896,0.9999999999999851,0.0,0,28.80000000000001,60,10.944845410764566,79.55345872196241,0.5833333333333334,1.0,unaffected,,0,0.9206911579647452,0.690646458136273,0.32189894027726385,0.8566666666666667,1,57.60000000000004,120,176.64746967979812,33.6176833052687,0.23958333333333334,1.0,not_recovered,,1,4.263256414560601e-14,0.5827463093953571
96,20,temporary_damage,recent_contact,9227,0.05,0.0,pause,98.0,128.0,0.9999999999999993,0.9999999999999896,0.9999999999999851,0.0,0,0.0,0,12.30149550068171,105.70925280288269,1.0,1.0,unaffected,,0,0.9809548746738379,0.9411549287992051,0.7973526221505297,0.8033333333333333,1,57.60000000000004,120,168.69479974168664,27.134429672157648,0.34375,1.0,not_recovered,,1,4.263256414560601e-14,0.5827463093953571
96,20,temporary_damage,recent_contact,9228,0.2,0.0,continue,89.60000000000001,119.60000000000001,0.9999999999999998,0.9999999999999978,0.999999999999996,0.0,0,28.80000000000001,60,10.97434882092153,67.58839671251623,0.59375,1.0,unaffected,,0,0.9288205893402219,0.7326006890236708,0.4605266272506234,0.9266666666666666,1,57.60000000000004,120,168.8150319242061,24.11597540725643,0.2604166666666667,1.0,not_recovered,,1,2.842170943040401e-14,0.5916440951615298
96,20,temporary_damage,recent_contact,9228,0.2,0.0,pause,89.60000000000001,119.60000000000001,0.9999999999999998,0.9999999999999978,0.999999999999996,0.0,0,0.0,0,11.576606231171688,94.50440447287957,1.0,1.0,unaffected,,0,0.9846135082622814,0.9503029621671323,0.8227790051440588,0.6733333333333333,1,57.60000000000004,120,157.1185718547424,24.5522761352619,0.390625,1.0,not_recovered,,1,4.263256414560601e-14,0.5916440951615298
96,20,temporary_damage,recent_contact,9228,0.1,0.0,continue,89.60000000000001,119.60000000000001,0.9999999999999998,0.9999999999999958,0.9999999999999919,0.0,0,28.80000000000001,60,10.965782151172437,68.82007095847318,0.59375,1.0,unaffected,,0,0.928962887921959,0.7331765104961867,0.4602718380229352,0.9266666666666666,1,57.60000000000004,120,168.69944884984446,25.376601254650428,0.2604166666666667,1.0,not_recovered,,1,2.842170943040401e-14,0.5915784525050224
96,20,temporary_damage,recent_contact,9228,0.1,0.0,pause,89.60000000000001,119.60000000000001,0.9999999999999998,0.9999999999999958,0.9999999999999919,0.0,0,0.0,0,11.575459588974953,95.729027742803,1.0,1.0,unaffected,,0,0.9846545389979652,0.9502995582136639,0.8230972515089428,0.6733333333333333,1,57.60000000000004,120,157.06683621339542,25.814670307064418,0.390625,1.0,not_recovered,,1,2.842170943040401e-14,0.5915784525050224
96,20,temporary_damage,recent_contact,9228,0.05,0.0,continue,89.60000000000001,119.60000000000001,1.0,0.9999999999999898,0.999999999999985,0.0,0,28.80000000000001,60,10.962514244280952,69.43511668658965,0.59375,1.0,unaffected,,0,0.9290205452647704,0.7334332359382219,0.4601536999055896,0.9266666666666666,1,57.60000000000004,120,168.6496833982912,26.007118037474598,0.2604166666666667,1.0,not_recovered,,1,4.263256414560601e-14,0.5915435086116472
96,20,temporary_damage,recent_contact,9228,0.05,0.0,pause,89.60000000000001,119.60000000000001,1.0,0.9999999999999898,0.999999999999985,0.0,0,0.0,0,11.574880492014762,96.34152494890056,1.0,1.0,unaffected,,0,0.9846701300391587,0.9502841227236498,0.8232223587025967,0.6733333333333333,1,57.60000000000004,120,157.0451859126533,26.44515589339521,0.390625,1.0,not_recovered,,1,4.263256414560601e-14,0.5915435086116472
96,20,temporary_damage,recent_contact,9229,0.2,0.0,continue,99.60000000000001,129.6,1.0000000000000002,0.9999999999999977,0.999999999999996,0.0,0,28.80000000000001,60,12.096422427604852,83.71074028382039,0.5572916666666666,1.0,unaffected,,0,0.9441005426036377,0.8525758723529386,0.5779893943298978,0.8766666666666667,1,57.60000000000004,120,178.03461084768836,28.147392756372074,0.234375,1.0,not_recovered,,1,4.263256414560601e-14,0.6500558039182538
96,20,temporary_damage,recent_contact,9229,0.2,0.0,pause,99.60000000000001,129.6,1.0000000000000002,0.9999999999999977,0.999999999999996,0.0,0,0.0,0,12.488042878303851,110.83321047512806,1.0,1.0,unaffected,,0,0.9934380203521815,0.9875577940914129,0.8608505079351737,0.49,1,57.60000000000004,120,160.59210014655451,37.64451394229758,0.3489583333333333,1.0,not_recovered,,1,2.842170943040401e-14,0.6500558039182538
96,20,temporary_damage,recent_contact,9229,0.1,0.0,continue,99.5,129.5,0.9999999999999997,0.9999999999999954,0.9999999999999928,0.0,0,28.80000000000001,60,12.087544699867506,84.75577085043761,0.5572916666666666,1.0,unaffected,,0,0.9435532057160958,0.8511439193032452,0.5753700568031366,0.8783333333333333,1,57.60000000000004,120,178.31461014452066,29.28911360741663,0.234375,1.0,not_recovered,,1,4.263256414560601e-14,0.649149457298349
96,20,temporary_damage,recent_contact,9229,0.1,0.0,pause,99.5,129.5,0.9999999999999997,0.9999999999999954,0.9999999999999928,0.0,0,0.0,0,12.484576926610318,111.88121118389903,1.0,1.0,unaffected,,0,0.9929378703280359,0.9866112460474473,0.855757671552524,0.5,1,57.60000000000004,120,161.07544982545147,38.604564676706744,0.3489583333333333,1.0,not_recovered,,1,4.263256414560601e-14,0.649149457298349
96,20,temporary_damage,recent_contact,9229,0.05,0.0,continue,99.45,129.45000000000002,1.0000000000000004,0.9999999999999916,0.9999999999999839,0.0,0,28.80000000000001,60,12.083681665448365,85.27747805577206,0.5572916666666666,1.0,unaffected,,0,0.9432758469179614,0.8504010307003884,0.5740836537477343,0.8783333333333333,1,57.60000000000004,120,178.45696132634833,29.859142630415093,0.234375,1.0,not_recovered,,1,4.263256414560601e-14,0.6484758007519751
96,20,temporary_damage,recent_contact,9229,0.05,0.0,pause,99.45,129.45000000000002,1.0000000000000004,0.9999999999999916,0.9999999999999839,0.0,0,0.0,0,12.482771570740308,112.40502697853765,1.0,1.0,unaffected,,0,0.9926742560770155,0.9861447727153765,0.8532209709450671,0.5041666666666667,1,57.60000000000004,120,161.32054546314637,39.08946923456891,0.3489583333333333,1.0,not_recovered,,1,4.263256414560601e-14,0.6484758007519751
96,20,temporary_damage,experience_swap,9200,0.2,0.0,continue,90.0,120.0,0.9999999999999997,0.9999999999999974,0.999999999999996,0.0,0,28.80000000000001,60,10.724206854001485,66.6213475213957,0.6354166666666666,1.0,unaffected,,0,0.9072242498231152,0.658703110504887,0.49307818256760083,0.9166666666666666,1,57.60000000000004,120,179.0555280803556,24.4974484268267,0.2708333333333333,1.0,not_recovered,,1,4.263256414560601e-14,0.5580837484391695
96,20,temporary_damage,experience_swap,9200,0.2,0.0,pause,90.0,120.0,0.9999999999999997,0.9999999999999974,0.999999999999996,0.0,0,0.0,0,11.637155602373669,93.21126240535929,1.0,1.0,unaffected,,0,0.9028673574040786,0.6685138825685516,0.5176770885758748,0.8833333333333333,1,57.60000000000004,120,205.03600558160204,27.08467313951998,0.3645833333333333,1.0,not_recovered,,1,4.263256414560601e-14,0.5975964374925398
96,20,temporary_damage,experience_swap,9200,0.1,0.0,continue,86.10000000000001,116.10000000000001,0.9999999999999993,0.9999999999999946,0.9999999999999919,0.0,0,28.80000000000001,60,10.25001085293651,62.84831346072602,0.625,1.0,unaffected,,0,0.9392918029007323,0.7830813640133208,0.41557411764379937,0.9433333333333334,1,57.60000000000004,120,155.10931641847532,24.10843611175204,0.265625,1.0,not_recovered,,1,4.263256414560601e-14,0.5317781865609025
96,20,temporary_damage,experience_swap,9200,0.1,0.0,pause,86.10000000000001,116.10000000000001,0.9999999999999993,0.9999999999999946,0.9999999999999919,0.0,0,0.0,0,11.108311135542587,89.63764754980686,1.0,1.0,unaffected,,0,0.9621107310756585,0.8824677182837575,0.5916663672428458,0.7833333333333333,1,57.60000000000004,120,161.96318917174975,27.77283765069077,0.390625,1.0,not_recovered,,1,4.263256414560601e-14,0.556991222164303
96,20,temporary_damage,experience_swap,9200,0.05,0.0,continue,90.15,120.15,1.0000000000000004,0.9999999999999913,0.9999999999999839,0.0,0,28.80000000000001,60,9.7886632985866,63.097686409504135,0.640625,1.0,unaffected,,0,0.9195643356569468,0.7570314540451443,0.49793124264527955,0.8875,1,57.60000000000004,120,171.11830328212764,21.51629770384586,0.24479166666666666,1.0,not_recovered,,1,4.263256414560601e-14,0.539161743485986
96,20,temporary_damage,experience_swap,9200,0.05,0.0,pause,90.15,120.15,1.0000000000000004,0.9999999999999913,0.9999999999999839,0.0,0,0.0,0,10.237625283168986,90.2800096670631,1.0,1.0,unaffected,,0,0.9819872019952102,0.9541690952115124,0.6944976740160679,0.7275,1,57.60000000000004,120,155.14808126117907,21.71969667082998,0.3854166666666667,1.0,not_recovered,,1,4.263256414560601e-14,0.539161743485986
96,20,temporary_damage,experience_swap,9201,0.2,0.0,continue,83.60000000000001,113.60000000000001,1.0000000000000004,0.9999999999999979,0.9999999999999964,0.0,0,28.80000000000001,60,10.466839228677317,75.59692832331073,0.6458333333333334,1.0,unaffected,,0,0.9489946605033616,0.7808326348141488,0.6107229798388993,0.87,1,57.60000000000004,120,174.0684315198391,26.725118288620294,0.265625,1.0,not_recovered,,1,4.263256414560601e-14,0.5507500081856389
96,20,temporary_damage,experience_swap,9201,0.2,0.0,pause,83.60000000000001,113.60000000000001,1.0000000000000004,0.9999999999999979,0.9999999999999964,0.0,0,0.0,0,11.159479743728841,102.42762353014601,1.0,1.0,unaffected,,0,0.9696370643220253,0.8801731883809837,0.7162179817636792,0.75,1,57.60000000000004,120,188.21391861175155,24.949110521610564,0.3697916666666667,1.0,not_recovered,,1,4.263256414560601e-14,0.5624650286832285
96,20,temporary_damage,experience_swap,9201,0.1,0.0,continue,83.7,113.7,0.9999999999999998,0.9999999999999951,0.9999999999999928,0.0,0,28.80000000000001,60,10.461396343536192,76.83869363792394,0.6458333333333334,1.0,unaffected,,0,0.9496121927194884,0.7817976095014616,0.6125844303882495,0.8683333333333333,1,57.60000000000004,120,173.57097780274063,28.065580647350593,0.265625,1.0,not_recovered,,1,4.263256414560601e-14,0.5505225231846318
96,20,temporary_damage,experience_swap,9201,0.1,0.0,pause,83.7,113.7,0.9999999999999998,0.9999999999999951,0.9999999999999928,0.0,0,0.0,0,11.159661499514856,103.65596837433142,1.0,1.0,unaffected,,0,0.9792918060566537,0.9642279727945011,0.6159560105450683,0.75,1,57.60000000000004,120,182.75924771283206,25.703932757120167,0.40625,1.0,not_recovered,,1,2.842170943040401e-14,0.5716929669727188
96,20,temporary_damage,experience_swap,9201,0.05,0.0,continue,83.80000000000001,113.80000000000001,0.9999999999999989,0.9999999999999893,0.9999999999999849,0.0,0,28.80000000000001,60,10.459108817978178,77.56006521268513,0.6458333333333334,1.0,unaffected,,0,0.9532254120555551,0.8254081836952527,0.5791203040799564,0.8733333333333333,1,57.60000000000004,120,168.03073821525655,32.24565772177431,0.24479166666666666,1.0,not_recovered,,1,4.263256414560601e-14,0.5465601511721003
96,20,temporary_damage,experience_swap,9201,0.05,0.0,pause,83.80000000000001,113.80000000000001,0.9999999999999989,0.9999999999999893,0.9999999999999849,0.0,0,0.0,0,11.16027355686667,104.36650052076,1.0,1.0,unaffected,,0,0.9616397566633665,0.8632715947365011,0.6638316311718659,0.7558333333333334,1,57.60000000000004,120,190.1204878669318,29.828191839009662,0.375,1.0,not_recovered,,1,4.263256414560601e-14,0.5727503810457322
96,20,temporary_damage,experience_swap,9202,0.2,0.0,continue,80.2,110.2,0.9999999999999997,0.9999999999999973,0.9999999999999959,0.0,0,28.80000000000001,60,10.295333990753253,74.450031514501,0.640625,1.0,unaffected,,0,0.9735595878613984,0.908285182612502,0.6598877819944552,0.79,1,57.60000000000004,120,153.50134224459757,28.83426202083649,0.2760416666666667,1.0,not_recovered,,1,2.842170943040401e-14,0.5783537629382339
96,20,temporary_damage,experience_swap,9202,0.2,0.0,pause,80.2,110.2,0.9999999999999997,0.9999999999999973,0.9999999999999959,0.0,0,0.0,0,11.024709194866928,101.3533684114393,1.0,1.0,unaffected,,0,0.9952151700142153,0.9849215334639939,0.9132451569626612,0.38,1,57.60000000000004,120,148.28667125526292,44.253700656456544,0.375,1.0,recovered,50.0,0,2.842170943040401e-14,0.5783537629382339
96,20,temporary_damage,experience_swap,9202,0.1,0.0,continue,80.30000000000001,110.30000000000001,1.0,0.9999999999999951,0.9999999999999927,0.0,0,28.80000000000001,60,10.318558062846593,75.19644097213876,0.6510416666666666,1.0,unaffected,,0,0.9539151747578669,0.8522916838187476,0.6279317898987039,0.7883333333333333,1,57.60000000000004,120,170.27819947875977,25.58018173287726,0.25,1.0,not_recovered,,1,2.842170943040401e-14,0.5766180465157308
96,20,temporary_damage,experience_swap,9202,0.1,0.0,pause,80.30000000000001,110.30000000000001,1.0,0.9999999999999951,0.9999999999999927,0.0,0,0.0,0,10.947424627421213,102.18949629006886,1.0,1.0,unaffected,,0,0.9935821939476451,0.9910884088667424,0.8304853160247716,0.5683333333333334,1,57.60000000000004,120,171.43793608877405,23.689684058530442,0.3802083333333333,1.0,not_recovered,,1,4.263256414560601e-14,0.5766180465157308
96,20,temporary_damage,experience_swap,9202,0.05,0.0,continue,80.4,110.4,1.0000000000000004,0.9999999999999907,0.9999999999999871,0.0,0,28.80000000000001,60,10.315278124703418,75.69067655627455,0.6510416666666666,1.0,unaffected,,0,0.954159839408447,0.8526418937447687,0.6288346822522398,0.7866666666666666,1,57.60000000000004,120,169.86637550938897,26.338332583579877,0.25,1.0,not_recovered,,1,4.263256414560601e-14,0.5757347127325841
96,20,temporary_damage,experience_swap,9202,0.05,0.0,pause,80.4,110.4,1.0000000000000004,0.9999999999999907,0.9999999999999871,0.0,0,0.0,0,10.949686228102284,102.67017803505945,1.0,1.0,unaffected,,0,0.9938203082479191,0.9917651972053768,0.833706465062078,0.5675,1,57.60000000000004,120,170.95171783982397,24.486705209964633,0.3802083333333333,1.0,not_recovered,,1,4.263256414560601e-14,0.5757347127325841
96,20,temporary_damage,experience_swap,9203,0.2,0.0,continue,89.2,119.2,1.0,0.9999999999999973,0.9999999999999959,0.0,0,28.80000000000001,60,10.42559538840802,74.63793233484984,0.6197916666666666,1.0,unaffected,,0,0.9344860065359587,0.7305247699057936,0.48643797501963604,0.84,1,57.60000000000004,120,178.61721336449457,24.517902488092155,0.24479166666666666,1.0,not_recovered,,1,4.263256414560601e-14,0.5498820599991154
96,20,temporary_damage,experience_swap,9203,0.2,0.0,pause,89.2,119.2,1.0,0.9999999999999973,0.9999999999999959,0.0,0,0.0,0,11.066036480996612,101.54852172774218,1.0,1.0,unaffected,,0,0.9438436090669081,0.8253876084757242,0.49453502074721756,0.7866666666666666,1,57.60000000000004,120,192.84927729968865,29.518288180200145,0.4010416666666667,1.0,not_recovered,,1,4.263256414560601e-14,0.567701915878892
96,20,temporary_damage,experience_swap,9203,0.1,0.0,continue,86.0,116.0,1.0000000000000004,0.9999999999999963,0.9999999999999921,0.0,0,28.80000000000001,60,10.093536446436657,69.21091340012393,0.6458333333333334,1.0,unaffected,,0,0.9389522154690854,0.7322357721165412,0.5578796731734476,0.895,1,57.60000000000004,120,174.4508322744738,20.811726096368716,0.3020833333333333,1.0,not_recovered,,1,4.263256414560601e-14,0.5476385540330978
96,20,temporary_damage,experience_swap,9203,0.1,0.0,pause,86.0,116.0,1.0000000000000004,0.9999999999999963,0.9999999999999921,0.0,0,0.0,0,10.89724210549846,95.90273839677039,1.0,1.0,unaffected,,0,0.9585771087039783,0.8408725362754256,0.572837539827156,0.77,1,57.60000000000004,120,174.7960681507018,32.31533482738818,0.3958333333333333,1.0,not_recovered,,1,4.263256414560601e-14,0.5622597772639623
96,20,temporary_damage,experience_swap,9203,0.05,0.0,continue,86.05000000000001,116.05000000000001,0.9999999999999998,0.999999999999989,0.9999999999999847,0.0,0,28.80000000000001,60,10.093223542224663,67.95569201776391,0.6614583333333334,1.0,unaffected,,0,0.9391330919106121,0.7319709790271675,0.5582942217858904,0.8933333333333333,1,57.60000000000004,120,174.3036709930025,19.587805453416124,0.3125,1.0,not_recovered,,1,4.263256414560601e-14,0.5466105934888718
96,20,temporary_damage,experience_swap,9203,0.05,0.0,pause,86.05000000000001,116.05000000000001,0.9999999999999998,0.999999999999989,0.9999999999999847,0.0,0,0.0,0,10.733637355954077,94.96360790008353,1.0,1.0,unaffected,,0,0.9552029365645252,0.8200453963906977,0.6077045797677556,0.7783333333333333,1,57.60000000000004,120,182.08871580947553,26.539915223933953,0.4166666666666667,1.0,not_recovered,,1,4.263256414560601e-14,0.5466105934888718
96,20,temporary_damage,experience_swap,9204,0.2,0.0,continue,98.2,128.20000000000002,0.9999999999999998,0.9999999999999974,0.9999999999999959,0.0,0,28.80000000000001,60,9.566709240500135,69.21304059347558,0.6458333333333334,1.0,unaffected,,0,0.957519652452604,0.8462953095960623,0.5510053173669384,0.8233333333333334,1,57.60000000000004,120,154.74085914157374,17.80341849204549,0.265625,1.0,not_recovered,,1,4.263256414560601e-14,0.5670584677326461
96,20,temporary_damage,experience_swap,9204,0.2,0.0,pause,98.2,128.20000000000002,0.9999999999999998,0.9999999999999974,0.9999999999999959,0.0,0,0.0,0,10.263476634465105,96.15325392399382,1.0,1.0,unaffected,,0,0.9603006739195786,0.8755349211477417,0.6800009311774464,0.7533333333333333,1,57.60000000000004,120,173.47411917468017,22.917794896791555,0.40625,1.0,not_recovered,,1,4.263256414560601e-14,0.5670584677326461
96,20,temporary_damage,experience_swap,9204,0.1,0.0,continue,98.10000000000001,128.1,1.0000000000000004,0.9999999999999956,0.9999999999999918,0.0,0,28.80000000000001,60,9.564990607111959,70.227159968031,0.6458333333333334,1.0,unaffected,,0,0.945734726831681,0.7816037197466843,0.6321884369146124,0.8266666666666667,1,57.60000000000004,120,163.03960417511712,18.36185017945153,0.2864583333333333,1.0,not_recovered,,1,2.842170943040401e-14,0.5649540590794062
96,20,temporary_damage,experience_swap,9204,0.1,0.0,pause,98.10000000000001,128.1,1.0000000000000004,0.9999999999999956,0.9999999999999918,0.0,0,0.0,0,10.257731082217605,97.17967910427191,1.0,1.0,unaffected,,0,0.9597972457110148,0.8734547167024745,0.6808028724100564,0.7516666666666667,1,57.60000000000004,120,173.75097885482683,24.031431024764743,0.40625,1.0,not_recovered,,1,2.842170943040401e-14,0.5649540590794062
96,20,temporary_damage,experience_swap,9204,0.05,0.0,continue,95.65,125.65,1.0000000000000002,0.9999999999999913,0.9999999999999838,0.0,0,28.80000000000001,60,10.114345291198445,70.52675008630364,0.625,1.0,unaffected,,0,0.9515615171685572,0.776599737097629,0.48132598624572986,0.8483333333333334,1,57.60000000000004,120,150.39595702678702,27.014547366746346,0.2760416666666667,1.0,not_recovered,,1,4.263256414560601e-14,0.5642338151709094
96,20,temporary_damage,experience_swap,9204,0.05,0.0,pause,95.65,125.65,1.0000000000000002,0.9999999999999913,0.9999999999999838,0.0,0,0.0,0,10.803713028957779,97.35285333029958,1.0,1.0,unaffected,,0,0.9473508538191983,0.8289177564888398,0.4592313936160317,0.8075,1,57.60000000000004,120,180.65947802105896,25.483427304359253,0.3958333333333333,1.0,not_recovered,,1,4.263256414560601e-14,0.5642338151709094
96,20,temporary_damage,experience_swap,9205,0.2,0.0,continue,87.80000000000001,117.80000000000001,1.0000000000000004,0.9999999999999976,0.9999999999999961,0.0,0,28.80000000000001,60,10.627489429458931,70.66211150236187,0.625,1.0,unaffected,,0,0.9782587950204058,0.921349830879232,0.7332318642355533,0.7733333333333333,1,57.60000000000004,120,139.77559152407864,27.82131181377571,0.3020833333333333,1.0,not_recovered,,1,4.263256414560601e-14,0.539502422144072
96,20,temporary_damage,experience_swap,9205,0.2,0.0,pause,87.80000000000001,117.80000000000001,1.0000000000000004,0.9999999999999976,0.9999999999999961,0.0,0,0.0,0,11.326620875099728,97.46526389950657,1.0,1.0,unaffected,,0,0.9715689356830185,0.8908472044180715,0.5661753256142713,0.78,1,57.60000000000004,120,176.27452641703158,21.3959331430927,0.3697916666666667,1.0,not_recovered,,1,4.263256414560601e-14,0.5575660623998447
96,20,temporary_damage,experience_swap,9205,0.1,0.0,continue,92.10000000000001,122.10000000000001,1.0000000000000004,0.9999999999999967,0.9999999999999926,0.0,0,28.80000000000001,60,10.659067202414544,72.39827445710816,0.6145833333333334,1.0,unaffected,,0,0.948824554842562,0.859411406793126,0.5732266659280235,0.8766666666666667,1,57.60000000000004,120,163.58559330203158,25.52005667499491,0.234375,1.0,not_recovered,,1,2.842170943040401e-14,0.5544619022217165
96,20,temporary_damage,experience_swap,9205,0.1,0.0,pause,92.10000000000001,122.10000000000001,1.0000000000000004,0.9999999999999967,0.9999999999999926,0.0,0,0.0,0,11.130295843395665,99.56231810237024,1.0,1.0,unaffected,,0,0.9538487947905531,0.8234352024159503,0.4563175664031431,0.855,1,57.60000000000004,120,181.69791825626905,29.459812777748294,0.40625,1.0,not_recovered,,1,4.263256414560601e-14,0.5737635743680626
96,20,temporary_damage,experience_swap,9205,0.05,0.0,continue,92.05000000000001,122.05000000000001,0.9999999999999988,0.999999999999987,0.9999999999999851,0.0,0,28.80000000000001,60,10.655771330516885,72.84618172576366,0.6145833333333334,1.0,unaffected,,0,0.9248164008080587,0.7621450218699872,0.39214824091442024,0.8775,1,57.60000000000004,120,182.19551887082127,22.779215287813244,0.28125,1.0,not_recovered,,1,4.263256414560601e-14,0.5490326638574412
96,20,temporary_damage,experience_swap,9205,0.05,0.0,pause,92.05000000000001,122.05000000000001,0.9999999999999988,0.999999999999987,0.9999999999999851,0.0,0,0.0,0,11.125947637818278,100.01542882755052,1.0,1.0,unaffected,,0,0.9835594571146233,0.9242081223630281,0.7943778825885278,0.675,1,57.60000000000004,120,168.89131700747166,23.410109150475577,0.3854166666666667,1.0,recovered,19.950000000000003,0,4.263256414560601e-14,0.5706804365138315
96,20,temporary_damage,experience_swap,9206,0.2,0.0,continue,80.0,110.0,0.9999999999999998,0.9999999999999976,0.9999999999999958,0.0,0,28.80000000000001,60,10.344433454914043,67.75787088464394,0.59375,1.0,unaffected,,0,0.9033200342885586,0.6892532078827229,0.33785372706473993,0.8833333333333333,1,57.60000000000004,120,185.9629853383942,16.956333579051417,0.20833333333333334,1.0,not_recovered,,1,4.263256414560601e-14,0.5327285711652582
96,20,temporary_damage,experience_swap,9206,0.2,0.0,pause,80.0,110.0,0.9999999999999998,0.9999999999999976,0.9999999999999958,0.0,0,0.0,0,11.008557688244245,94.58294869233701,1.0,1.0,unaffected,,0,0.9045266731872976,0.6559976786228593,0.33251952313647676,0.82,1,57.60000000000004,120,207.81809707181168,19.928956347795758,0.3958333333333333,1.0,not_recovered,,1,4.263256414560601e-14,0.5439159019868891
96,20,temporary_damage,experience_swap,9206,0.1,0.0,continue,80.0,110.0,1.0000000000000004,0.999999999999995,0.9999999999999925,0.0,0,28.80000000000001,60,10.39478144669476,69.40952087633272,0.6197916666666666,1.0,unaffected,,0,0.938878866024287,0.7969715567014708,0.4809661295116307,0.84,1,57.60000000000004,120,157.71632480507344,23.141799875239855,0.3020833333333333,1.0,not_recovered,,1,2.842170943040401e-14,0.5312313032081406
96,20,temporary_damage,experience_swap,9206,0.1,0.0,pause,80.0,110.0,1.0000000000000004,0.999999999999995,0.9999999999999925,0.0,0,0.0,0,10.604584051351246,96.66828186809674,1.0,1.0,unaffected,,0,0.8978283485558607,0.6582195947285173,0.5443973432996931,0.835,1,57.60000000000004,120,211.71056770352845,22.53231880544636,0.3802083333333333,1.0,not_recovered,,1,2.842170943040401e-14,0.5456064650990633
96,20,temporary_damage,experience_swap,9206,0.05,0.0,continue,80.0,110.0,1.000000000000001,0.999999999999991,0.999999999999984,0.0,0,28.80000000000001,60,10.392962804818119,69.67266057884194,0.6197916666666666,1.0,unaffected,,0,0.9385747983377376,0.7949242889500581,0.47900193461325913,0.8408333333333333,1,57.60000000000004,120,157.5764693881487,23.763679384756173,0.3020833333333333,1.0,not_recovered,,1,4.263256414560601e-14,0.5312209800478925
96,20,temporary_damage,experience_swap,9206,0.05,0.0,pause,80.0,110.0,1.000000000000001,0.999999999999991,0.999999999999984,0.0,0,0.0,0,10.604274430705066,96.92996289206518,1.0,1.0,unaffected,,0,0.8975486421724176,0.6572236290485252,0.5436893463329772,0.8358333333333333,1,57.60000000000004,120,211.5547978378702,23.154550401331885,0.3802083333333333,1.0,not_recovered,,1,4.263256414560601e-14,0.5451426988018856
96,20,temporary_damage,experience_swap,9207,0.2,0.0,continue,87.80000000000001,117.80000000000001,1.0,0.9999999999999977,0.9999999999999958,0.0,0,28.80000000000001,60,10.38993252262939,56.32584446823037,0.59375,1.0,unaffected,,0,0.9324730170138458,0.7580612607069136,0.3612501031894437,0.95,1,57.60000000000004,120,151.00926833287747,23.812588459394448,0.20833333333333334,1.0,not_recovered,,1,2.842170943040401e-14,0.602604013741294
96,20,temporary_damage,experience_swap,9207,0.2,0.0,pause,87.80000000000001,117.80000000000001,1.0,0.9999999999999977,0.9999999999999958,0.0,0,0.0,0,10.773466453911452,83.43957409962519,1.0,1.0,unaffected,,0,0.9706970756633604,0.8941769255720533,0.7032009480060131,0.77,1,57.60000000000004,120,147.90592102652633,26.822563932863552,0.3802083333333333,1.0,not_recovered,,1,2.842170943040401e-14,0.602604013741294
96,20,temporary_damage,experience_swap,9207,0.1,0.0,continue,87.80000000000001,117.80000000000001,1.0000000000000004,0.9999999999999963,0.999999999999993,0.0,0,28.80000000000001,60,10.385874399726665,57.557458262888886,0.59375,1.0,unaffected,,0,0.9325677676400675,0.7580155760856142,0.36090978601529533,0.95,1,57.60000000000004,120,150.9435837439774,25.053724079554435,0.20833333333333334,1.0,not_recovered,,1,2.842170943040401e-14,0.6007924660655046
96,20,temporary_damage,experience_swap,9207,0.1,0.0,pause,87.80000000000001,117.80000000000001,1.0000000000000004,0.9999999999999963,0.999999999999993,0.0,0,0.0,0,10.772612079017094,84.66809340184969,1.0,1.0,unaffected,,0,0.9736932642215809,0.8964848948790443,0.6942895364786307,0.7683333333333333,1,57.60000000000004,120,147.7528717175241,26.31866216965031,0.3854166666666667,1.0,not_recovered,,1,4.263256414560601e-14,0.6007924660655046
96,20,temporary_damage,experience_swap,9207,0.05,0.0,continue,87.75,117.75,1.0000000000000004,0.9999999999999896,0.9999999999999843,0.0,0,28.80000000000001,60,10.383364916052905,58.086554142530936,0.59375,1.0,unaffected,,0,0.9323630275901098,0.75691777220716,0.36011913883638574,0.95,1,57.60000000000004,120,151.05381508872668,25.613486637304483,0.20833333333333334,1.0,not_recovered,,1,2.842170943040401e-14,0.5999560041580236
96,20,temporary_damage,experience_swap,9207,0.05,0.0,pause,87.75,117.75,1.0000000000000004,0.9999999999999896,0.9999999999999843,0.0,0,0.0,0,10.771718302847995,85.19968049840658,1.0,1.0,unaffected,,0,0.9735221171843208,0.8965398692128339,0.6933087577189025,0.7683333333333333,1,57.60000000000004,120,147.84897835695878,26.881442010925895,0.3854166666666667,1.0,not_recovered,,1,2.842170943040401e-14,0.5999560041580236
96,20,temporary_damage,experience_swap,9208,0.2,0.0,continue,86.2,116.2,0.9999999999999998,0.999999999999998,0.9999999999999961,0.0,0,28.80000000000001,60,10.29553420985244,67.0708822221151,0.6041666666666666,1.0,unaffected,,0,0.9732081550811329,0.8859170299506733,0.6856168059058608,0.6033333333333334,1,57.60000000000004,120,143.09136063338414,30.159489553539604,0.2708333333333333,1.0,recovered,58.2,0,2.842170943040401e-14,0.5527068818360039
96,20,temporary_damage,experience_swap,9208,0.2,0.0,pause,86.2,116.2,0.9999999999999998,0.999999999999998,0.9999999999999961,0.0,0,0.0,0,10.839947818805744,94.15457183889104,1.0,1.0,unaffected,,0,0.9944405657010602,0.9918753327506324,0.8854430562044563,0.6666666666666666,1,57.60000000000004,120,152.37661995239472,32.681216289896575,0.3802083333333333,1.0,not_recovered,,1,2.842170943040401e-14,0.5630699680843809
96,20,temporary_damage,experience_swap,9208,0.1,0.0,continue,86.2,116.2,0.9999999999999997,0.9999999999999949,0.9999999999999925,0.0,0,28.80000000000001,60,10.292142761953812,68.2038499422062,0.6041666666666666,1.0,unaffected,,0,0.9731628469236804,0.8853840080640903,0.6850305221456732,0.5983333333333334,1,57.60000000000004,120,142.75067196963587,31.67363673042954,0.2708333333333333,1.0,recovered,58.1,0,2.842170943040401e-14,0.55007482497198
96,20,temporary_damage,experience_swap,9208,0.1,0.0,pause,86.2,116.2,0.9999999999999997,0.9999999999999949,0.9999999999999925,0.0,0,0.0,0,10.837696750806757,95.2865476457252,1.0,1.0,unaffected,,0,0.9944160115671402,0.9919861592648589,0.8851185197496074,0.6666666666666666,1,57.60000000000004,120,152.28329123727573,33.9444983091531,0.3802083333333333,1.0,not_recovered,,1,2.842170943040401e-14,0.5629835536614841
96,20,temporary_damage,experience_swap,9208,0.05,0.0,continue,86.2,116.2,0.9999999999999991,0.9999999999999896,0.9999999999999849,0.0,0,28.80000000000001,60,10.386135117679776,68.68038225736598,0.6041666666666666,1.0,unaffected,,0,0.9687192771408367,0.9317179191246602,0.6019593676192168,0.8383333333333334,1,57.60000000000004,120,150.0956015381227,27.860747449990562,0.2604166666666667,1.0,not_recovered,,1,4.263256414560601e-14,0.5488644052700667
96,20,temporary_damage,experience_swap,9208,0.05,0.0,pause,86.2,116.2,0.9999999999999991,0.9999999999999896,0.9999999999999849,0.0,0,0.0,0,10.83680096625605,95.85628738224693,1.0,1.0,unaffected,,0,0.9944025738557013,0.9920352828644794,0.8849483866507163,0.6658333333333334,1,57.60000000000004,120,152.24155873671774,34.57555735100698,0.3802083333333333,1.0,not_recovered,,1,4.263256414560601e-14,0.5629419196696077
96,20,temporary_damage,experience_swap,9209,0.2,0.0,continue,88.0,118.0,1.0,0.9999999999999969,0.9999999999999958,0.0,0,28.80000000000001,60,9.828536002596772,58.66282600628705,0.6197916666666666,1.0,unaffected,,0,0.9479623080659716,0.8265955150596325,0.408074918789333,0.9233333333333333,1,57.60000000000004,120,139.39645341640355,24.86708329501948,0.265625,1.0,not_recovered,,1,2.842170943040401e-14,0.5880514701336055
96,20,temporary_damage,experience_swap,9209,0.2,0.0,pause,88.0,118.0,1.0,0.9999999999999969,0.9999999999999958,0.0,0,0.0,0,10.376931057554714,85.59690729598769,1.0,1.0,unaffected,,0,0.9427076748789222,0.7651830204468381,0.5925647007755016,0.8,1,57.60000000000004,120,171.00972834399738,23.154003428765645,0.4166666666666667,1.0,not_recovered,,1,2.842170943040401e-14,0.5880514701336055
96,20,temporary_damage,experience_swap,9209,0.1,0.0,continue,86.80000000000001,116.80000000000001,0.9999999999999998,0.9999999999999956,0.9999999999999939,0.0,0,28.80000000000001,60,10.462391980794887,62.018398554955475,0.5520833333333334,1.0,unaffected,,0,0.9359065931125232,0.794125288806423,0.45440200215538323,0.84,1,57.60000000000004,120,145.90786165852145,28.81812056941287,0.22916666666666666,1.0,not_recovered,,1,2.842170943040401e-14,0.5664836998926109
96,20,temporary_damage,experience_swap,9209,0.1,0.0,pause,86.80000000000001,116.80000000000001,0.9999999999999998,0.9999999999999956,0.9999999999999939,0.0,0,0.0,0,11.14277344916332,88.92795692675017,1.0,1.0,unaffected,,0,0.956459715489362,0.8333932955585773,0.5597943919174317,0.825,1,57.60000000000004,120,167.92562754439288,19.78379776255685,0.3697916666666667,1.0,not_recovered,,1,2.842170943040401e-14,0.5540282924452211
96,20,temporary_damage,experience_swap,9209,0.05,0.0,continue,86.85000000000001,116.85000000000001,1.0000000000000004,0.9999999999999896,0.9999999999999845,0.0,0,28.80000000000001,60,10.148083777872356,62.98977513710935,0.6041666666666666,1.0,unaffected,,0,0.9352183610977033,0.7564604175432696,0.31986842884584554,0.8875,1,57.60000000000004,120,152.5801613078458,24.76420760297958,0.2604166666666667,1.0,not_recovered,,1,4.263256414560601e-14,0.5524264374452224
96,20,temporary_damage,experience_swap,9209,0.05,0.0,pause,86.85000000000001,116.85000000000001,1.0000000000000004,0.9999999999999896,0.9999999999999845,0.0,0,0.0,0,10.928745241500028,89.79220905823956,1.0,1.0,unaffected,,0,0.9805372762903016,0.9576954664468866,0.7202400996232017,0.6558333333333334,1,57.60000000000004,120,154.52566621409625,18.150326421823394,0.4114583333333333,1.0,not_recovered,,1,4.263256414560601e-14,0.5524264374452224
96,20,temporary_damage,experience_swap,9210,0.2,0.0,continue,83.60000000000001,113.60000000000001,1.0000000000000002,0.9999999999999981,0.9999999999999961,0.0,0,28.80000000000001,60,10.0230337077074,64.95116863959228,0.625,1.0,unaffected,,0,0.9401649446649937,0.7778724405033418,0.4674269448333104,0.9066666666666666,1,57.60000000000004,120,168.86172171924488,19.12827731977008,0.265625,1.0,not_recovered,,1,2.842170943040401e-14,0.5735380080652175
96,20,temporary_damage,experience_swap,9210,0.2,0.0,pause,83.60000000000001,113.60000000000001,1.0000000000000002,0.9999999999999981,0.9999999999999961,0.0,0,0.0,0,10.872665391217762,91.63059878636628,1.0,1.0,unaffected,,0,0.953414788042703,0.8057388259403714,0.5723129278864127,0.7866666666666666,1,57.60000000000004,120,181.26794147869472,23.872149014835674,0.4114583333333333,1.0,not_recovered,,1,2.842170943040401e-14,0.5735380080652175
96,20,temporary_damage,experience_swap,9210,0.1,0.0,continue,83.7,113.7,1.0000000000000007,0.999999999999995,0.9999999999999918,0.0,0,28.80000000000001,60,10.018690084526769,66.24943892468421,0.625,1.0,unaffected,,0,0.9406788426493548,0.7803099602500579,0.4694035019853231,0.905,1,57.60000000000004,120,168.46587593017026,20.4887901674275,0.265625,1.0,not_recovered,,1,4.263256414560601e-14,0.573219203844798
96,20,temporary_damage,experience_swap,9210,0.1,0.0,pause,83.7,113.7,1.0000000000000007,0.999999999999995,0.9999999999999918,0.0,0,0.0,0,10.872511566126626,92.91689366698928,1.0,1.0,unaffected,,0,0.9611962789498356,0.8409456334046378,0.5609741621490862,0.7783333333333333,1,57.60000000000004,120,170.99914611407686,29.930301089639865,0.3854166666666667,1.0,not_recovered,,1,4.263256414560601e-14,0.573219203844798
96,20,temporary_damage,experience_swap,9210,0.05,0.0,continue,83.75,113.75,0.9999999999999998,0.9999999999999916,0.9999999999999838,0.0,0,28.80000000000001,60,10.016883064448486,66.9016177355106,0.625,1.0,unaffected,,0,0.94093145277868,0.7815296187325879,0.4704382761741961,0.905,1,57.60000000000004,120,168.2740479029839,21.16868282375469,0.265625,1.0,not_recovered,,1,2.842170943040401e-14,0.573061856357995
96,20,temporary_damage,experience_swap,9210,0.05,0.0,pause,83.75,113.75,0.9999999999999998,0.9999999999999916,0.9999999999999838,0.0,0,0.0,0,10.872441286654103,93.56342752907756,1.0,1.0,unaffected,,0,0.9668782350554801,0.8979252605714788,0.6330729284402714,0.79,1,57.60000000000004,120,175.92454351656983,22.109277819942065,0.3854166666666667,1.0,not_recovered,,1,2.842170943040401e-14,0.573061856357995
96,20,temporary_damage,experience_swap,9211,0.2,0.0,continue,83.80000000000001,113.80000000000001,0.9999999999999998,0.9999999999999976,0.9999999999999964,0.0,0,28.80000000000001,60,11.296510088826196,81.93114943412763,0.6510416666666666,1.0,unaffected,,0,0.9857567724809974,0.9736519226073623,0.6444290456285278,0.5833333333333334,1,57.60000000000004,120,143.01827450754615,40.33595371143319,0.28125,1.0,recovered,56.2,0,2.842170943040401e-14,0.5921927501740505
96,20,temporary_damage,experience_swap,9211,0.2,0.0,pause,83.80000000000001,113.80000000000001,0.9999999999999998,0.9999999999999976,0.9999999999999964,0.0,0,0.0,0,12.183955015466976,105.2024939447123,1.0,1.0,unaffected,,0,0.9715305849202122,0.9350044200506697,0.6657291444762165,0.6766666666666666,1,57.60000000000004,120,182.30828050225418,31.918913536019016,0.3958333333333333,1.0,not_recovered,,1,2.842170943040401e-14,0.5921927501740505
96,20,temporary_damage,experience_swap,9211,0.1,0.0,continue,83.80000000000001,113.80000000000001,0.9999999999999994,0.9999999999999954,0.999999999999992,0.0,0,28.80000000000001,60,10.955747638672623,83.18723537278161,0.6041666666666666,1.0,unaffected,,0,0.9664028484582,0.8616340004451659,0.661470071338397,0.6783333333333333,1,57.60000000000004,120,159.3272682767223,38.04068171720706,0.21875,1.0,not_recovered,,1,4.263256414560601e-14,0.5921212244887066
96,20,temporary_damage,experience_swap,9211,0.1,0.0,pause,83.80000000000001,113.80000000000001,0.9999999999999994,0.9999999999999954,0.999999999999992,0.0,0,0.0,0,12.111916771956452,106.50223118727223,1.0,1.0,unaffected,,0,0.9949059375966923,0.9834877771680863,0.925610142373214,0.365,1,57.60000000000004,120,177.82170904017832,23.227617835249994,0.3697916666666667,1.0,recovered,38.400000000000006,0,4.263256414560601e-14,0.5921212244887066
96,20,temporary_damage,experience_swap,9212,0.2,0.0,continue,80.0,110.0,1.0,0.9999999999999978,0.9999999999999963,0.0,0,28.80000000000001,60,10.254678310336951,76.78310105815041,0.609375,1.0,unaffected,,0,0.9448867791853994,0.7609038142548233,0.5387829672927877,0.8666666666666667,1,57.60000000000004,120,174.13648377917164,27.186340623678063,0.2916666666666667,1.0,not_recovered,,1,2.842170943040401e-14,0.5370012250312367
96,20,temporary_damage,experience_swap,9212,0.2,0.0,pause,80.0,110.0,1.0,0.9999999999999978,0.9999999999999963,0.0,0,0.0,0,10.770686973445711,103.75322767287246,1.0,1.0,unaffected,,0,0.9999999999999997,0.999999999999995,0.9999999999999922,0.0,0,57.60000000000004,120,135.35266893615224,52.08421703094564,0.3958333333333333,1.0,unaffected,,0,2.842170943040401e-14,0.5370012250312367
96,20,temporary_damage,experience_swap,9212,0.1,0.0,continue,80.0,110.0,0.9999999999999997,0.999999999999995,0.9999999999999922,0.0,0,28.80000000000001,60,10.25190486682471,77.24206451258152,0.609375,1.0,unaffected,,0,0.9459885513995884,0.779568972594187,0.5475624898371548,0.8666666666666667,1,57.60000000000004,120,174.6098146785284,26.519816806353727,0.2552083333333333,1.0,not_recovered,,1,2.842170943040401e-14,0.5369529283448522
96,20,temporary_damage,experience_swap,9212,0.1,0.0,pause,80.0,110.0,0.9999999999999997,0.999999999999995,0.9999999999999922,0.0,0,0.0,0,10.770074591656613,104.21013709224718,1.0,1.0,unaffected,,0,0.9999999999999994,0.9999999999999902,0.9999999999999833,0.0,0,57.60000000000004,120,136.13322515954502,51.92424431874758,0.390625,1.0,unaffected,,0,2.842170943040401e-14,0.5369529283448522
96,20,temporary_damage,experience_swap,9212,0.05,0.0,continue,80.0,110.0,0.9999999999999994,0.9999999999999902,0.9999999999999833,0.0,0,28.80000000000001,60,10.250803661180885,77.46989971578171,0.609375,1.0,unaffected,,0,0.945655802957629,0.77875605587872,0.5455377016320063,0.8675,1,57.60000000000004,120,174.44171382646908,27.154793673101732,0.2552083333333333,1.0,not_recovered,,1,2.842170943040401e-14,0.5369256377967976
96,20,temporary_damage,experience_swap,9212,0.05,0.0,pause,80.0,110.0,0.9999999999999994,0.9999999999999902,0.9999999999999833,0.0,0,0.0,0,10.76976220273018,104.43722375803083,1.0,1.0,unaffected,,0,0.9999999999999994,0.9999999999999827,0.9999999999999679,0.0,0,57.60000000000004,120,136.10637097079376,52.24717119191389,0.390625,1.0,unaffected,,0,2.842170943040401e-14,0.5369256377967976
96,20,temporary_damage,experience_swap,9214,0.2,0.0,continue,85.0,115.0,1.0000000000000002,0.9999999999999978,0.999999999999996,0.0,0,28.80000000000001,60,10.443622039683316,62.9832263773405,0.5885416666666666,1.0,unaffected,,0,0.964069218882326,0.8586951160466619,0.6293198482800553,0.8333333333333334,1,57.60000000000004,120,144.19386074207915,23.703424048295133,0.2604166666666667,1.0,not_recovered,,1,4.263256414560601e-14,0.5721838907807235
96,20,temporary_damage,experience_swap,9214,0.2,0.0,pause,85.0,115.0,1.0000000000000002,0.9999999999999978,0.999999999999996,0.0,0,0.0,0,11.045319026761954,89.94973944415756,1.0,1.0,unaffected,,0,0.970989688309718,0.8992937826276606,0.427914452999361,0.67,1,57.60000000000004,120,165.70703328392796,23.437105906391107,0.359375,1.0,not_recovered,,1,4.263256414560601e-14,0.5721838907807235
96,20,temporary_damage,experience_swap,9214,0.1,0.0,continue,89.10000000000001,119.10000000000001,0.9999999999999998,0.9999999999999944,0.9999999999999919,0.0,0,28.80000000000001,60,10.41243633623122,68.694986638449,0.5989583333333334,1.0,unaffected,,0,0.9450082866110022,0.7894374805530783,0.632244710506516,0.81,1,57.60000000000004,120,159.66456924457196,26.66982168325059,0.2864583333333333,1.0,not_recovered,,1,2.842170943040401e-14,0.5705454134188902
96,20,temporary_damage,experience_swap,9214,0.1,0.0,pause,89.10000000000001,119.10000000000001,0.9999999999999998,0.9999999999999944,0.9999999999999919,0.0,0,0.0,0,11.390336245777759,95.29334220526081,1.0,1.0,unaffected,,0,0.986601467639994,0.971341438660336,0.7183839065177009,0.635,1,57.60000000000004,120,155.366606955337,27.743245640459133,0.3802083333333333,1.0,not_recovered,,1,2.842170943040401e-14,0.5705454134188902
96,20,temporary_damage,experience_swap,9214,0.05,0.0,continue,89.10000000000001,119.10000000000001,0.9999999999999998,0.9999999999999911,0.9999999999999841,0.0,0,28.80000000000001,60,10.410572775772259,69.30284213561026,0.5989583333333334,1.0,unaffected,,0,0.945044241843681,0.7895328748937527,0.632249045403977,0.8091666666666667,1,57.60000000000004,120,159.62270671135192,27.300180273379375,0.2864583333333333,1.0,not_recovered,,1,4.263256414560601e-14,0.5705380551101573
96,20,temporary_damage,experience_swap,9214,0.05,0.0,pause,89.10000000000001,119.10000000000001,0.9999999999999998,0.9999999999999911,0.9999999999999841,0.0,0,0.0,0,11.389697731940226,95.90007402098428,1.0,1.0,unaffected,,0,0.9866157503497403,0.9714194985049739,0.718097102798064,0.6341666666666667,1,57.60000000000004,120,155.33420001871778,28.379075978981746,0.3802083333333333,1.0,not_recovered,,1,4.263256414560601e-14,0.5705380551101573
96,20,temporary_damage,experience_swap,9215,0.2,0.0,continue,80.0,110.0,0.9999999999999997,0.9999999999999972,0.9999999999999958,0.0,0,28.80000000000001,60,10.614821896169223,67.04168631124297,0.5989583333333334,1.0,unaffected,,0,0.910799190227558,0.6997490659494696,0.39030515152927275,0.8833333333333333,1,57.60000000000004,120,185.68947716505178,19.379263680910775,0.25,1.0,not_recovered,,1,4.263256414560601e-14,0.5514865602108511
96,20,temporary_damage,experience_swap,9215,0.2,0.0,pause,80.0,110.0,0.9999999999999997,0.9999999999999972,0.9999999999999958,0.0,0,0.0,0,11.14823279512764,93.9922297236698,1.0,1.0,unaffected,,0,0.9217529373775434,0.7015930449741113,0.5254852411909383,0.83,1,57.60000000000004,120,203.7685345328961,19.78165754933707,0.3541666666666667,1.0,not_recovered,,1,4.263256414560601e-14,0.5514865602108511
96,20,temporary_damage,experience_swap,9215,0.1,0.0,continue,80.0,110.0,0.9999999999999994,0.9999999999999946,0.9999999999999921,0.0,0,28.80000000000001,60,10.031158428683646,65.59214418454863,0.625,1.0,unaffected,,0,0.9065922523295111,0.7095088407608564,0.26191561561156734,0.8716666666666667,1,57.60000000000004,120,178.32093933566523,27.217252999762206,0.296875,1.0,not_recovered,,1,2.842170943040401e-14,0.5335541042920926
96,20,temporary_damage,experience_swap,9215,0.1,0.0,pause,80.0,110.0,0.9999999999999994,0.9999999999999946,0.9999999999999921,0.0,0,0.0,0,11.032458989166622,92.09011056659412,1.0,1.0,unaffected,,0,0.9976617055046365,0.9903798055478746,0.9615944262383269,0.36,1,57.60000000000004,120,143.12898614586211,27.17746822846371,0.3802083333333333,1.0,recovered,48.0,0,2.842170943040401e-14,0.5649565202755004
96,20,temporary_damage,experience_swap,9215,0.05,0.0,continue,80.0,110.0,0.9999999999999994,0.9999999999999896,0.9999999999999857,0.0,0,28.80000000000001,60,10.029764719600257,65.84291127353897,0.625,1.0,unaffected,,0,0.9062700585880555,0.7084595234224486,0.26032398404803647,0.8725,1,57.60000000000004,120,178.18324230809313,27.833012964217094,0.296875,1.0,not_recovered,,1,4.263256414560601e-14,0.5330491790493052
96,20,temporary_damage,experience_swap,9215,0.05,0.0,pause,80.0,110.0,0.9999999999999994,0.9999999999999896,0.9999999999999857,0.0,0,0.0,0,11.032235693135904,92.33980727983976,1.0,1.0,unaffected,,0,0.9974889566107927,0.9895249002881228,0.9607658544867457,0.3975,1,57.60000000000004,120,143.0436949493492,27.67522047640263,0.3802083333333333,1.0,recovered,48.0,0,4.263256414560601e-14,0.5643712461363841
96,20,temporary_damage,experience_swap,9216,0.2,0.0,continue,80.0,110.0,1.0000000000000002,0.9999999999999981,0.9999999999999958,0.0,0,28.80000000000001,60,10.207857859311533,82.09744564039713,0.609375,1.0,unaffected,,0,0.9463779123816067,0.7586545231455833,0.5469837773098991,0.7466666666666667,1,57.60000000000004,120,173.85039846977602,31.63578781150814,0.2708333333333333,1.0,not_recovered,,1,4.263256414560601e-14,0.583275753286124
96,20,temporary_damage,experience_swap,9216,0.2,0.0,pause,80.0,110.0,1.0000000000000002,0.9999999999999981,0.9999999999999958,0.0,0,0.0,0,10.875096885385897,108.92019520625715,1.0,1.0,unaffected,,0,0.9699359831686777,0.8689708787430335,0.7436814250424881,0.7466666666666667,1,57.60000000000004,120,189.90776923717553,26.37420275952732,0.3645833333333333,1.0,not_recovered,,1,4.263256414560601e-14,0.583275753286124
96,20,temporary_damage,experience_swap,9216,0.1,0.0,continue,84.10000000000001,114.10000000000001,1.0000000000000004,0.9999999999999968,0.9999999999999936,0.0,0,28.80000000000001,60,9.7865955751946,72.84479747626015,0.6302083333333334,1.0,unaffected,,0,0.9555181075096358,0.8632481620521275,0.5280258340616404,0.8333333333333334,1,57.60000000000004,120,161.3866624404458,29.628123339615286,0.25,1.0,not_recovered,,1,4.263256414560601e-14,0.5455873781174169
96,20,temporary_damage,experience_swap,9216,0.1,0.0,pause,84.10000000000001,114.10000000000001,1.0000000000000004,0.9999999999999968,0.9999999999999936,0.0,0,0.0,0,10.214592663126172,100.05218125749022,1.0,1.0,unaffected,,0,0.96654875708718,0.8303945717018364,0.5650857730228113,0.7733333333333333,1,57.60000000000004,120,186.38436223087587,23.907510897570198,0.390625,1.0,not_recovered,,1,4.263256414560601e-14,0.5455873781174169
96,20,temporary_damage,experience_swap,9216,0.05,0.0,continue,84.10000000000001,114.10000000000001,1.0000000000000007,0.9999999999999928,0.9999999999999873,0.0,0,28.80000000000001,60,9.785741130875776,73.33360411522433,0.6302083333333334,1.0,unaffected,,0,0.9554397636053029,0.8624891734324387,0.5277279246380092,0.8333333333333334,1,57.60000000000004,120,161.31277787296366,30.25242775808094,0.25,1.0,not_recovered,,1,4.263256414560601e-14,0.5455462938954969
96,20,temporary_damage,experience_swap,9216,0.05,0.0,pause,84.10000000000001,114.10000000000001,1.0000000000000007,0.9999999999999928,0.9999999999999873,0.0,0,0.0,0,10.214021441622995,100.54072851426423,1.0,1.0,unaffected,,0,0.9664847920653264,0.8300666003067821,0.564244195418307,0.7725,1,57.60000000000004,120,186.2963973522562,24.540004361297115,0.390625,1.0,not_recovered,,1,4.263256414560601e-14,0.5455462938954969
96,20,temporary_damage,experience_swap,9217,0.2,0.0,continue,94.0,124.0,1.0,0.9999999999999973,0.999999999999996,0.0,0,28.80000000000001,60,10.21725077284372,71.50930328073376,0.5885416666666666,1.0,unaffected,,0,0.9195797700350263,0.6673515779509415,0.3925161959794643,0.91,1,57.60000000000004,120,177.12272355472138,26.347106992567397,0.2708333333333333,1.0,not_recovered,,1,2.842170943040401e-14,0.5556860854755961
96,20,temporary_damage,experience_swap,9217,0.2,0.0,pause,94.0,124.0,1.0,0.9999999999999973,0.999999999999996,0.0,0,0.0,0,10.88227635363845,98.33388331480148,1.0,1.0,unaffected,,0,0.9565980491656767,0.8172396448780063,0.6341374599655921,0.8466666666666667,1,57.60000000000004,120,183.3394599336782,22.21341528577664,0.359375,1.0,not_recovered,,1,2.842170943040401e-14,0.5556860854755961
96,20,temporary_damage,experience_swap,9217,0.1,0.0,continue,86.0,116.0,0.9999999999999994,0.9999999999999956,0.9999999999999928,0.0,0,28.80000000000001,60,10.634765129030312,65.18693839270271,0.609375,1.0,unaffected,,0,0.9070623230697091,0.674281844437153,0.36381963060165584,0.9266666666666666,1,57.60000000000004,120,183.16896120143787,22.53585561413432,0.234375,1.0,not_recovered,,1,2.842170943040401e-14,0.5837201036359982
96,20,temporary_damage,experience_swap,9217,0.1,0.0,pause,86.0,116.0,0.9999999999999994,0.9999999999999956,0.9999999999999928,0.0,0,0.0,0,11.474123768578592,91.8434879023724,1.0,1.0,unaffected,,0,0.9412928022913434,0.7808943591774625,0.5323805955494719,0.8066666666666666,1,57.60000000000004,120,181.40246473178945,27.531156089741074,0.359375,1.0,not_recovered,,1,2.842170943040401e-14,0.5837201036359982
96,20,temporary_damage,experience_swap,9217,0.05,0.0,continue,91.7,121.7,1.0,0.9999999999999901,0.9999999999999842,0.0,0,28.80000000000001,60,10.724342756906175,74.46925194933044,0.5989583333333334,1.0,unaffected,,0,0.8801710007723168,0.6225951920454847,0.41420850368418916,0.9066666666666666,1,57.60000000000004,120,205.98750468583842,25.841947016807282,0.2708333333333333,1.0,not_recovered,,1,5.684341886080802e-14,0.5822122575910829
96,20,temporary_damage,experience_swap,9217,0.05,0.0,pause,91.7,121.7,1.0,0.9999999999999901,0.9999999999999842,0.0,0,0.0,0,11.591133555033014,101.12386786297742,1.0,1.0,unaffected,,0,0.9579111029473867,0.8172515771091425,0.5641405059555583,0.7541666666666667,1,57.60000000000004,120,177.26346050167078,29.539928092517496,0.3802083333333333,1.0,not_recovered,,1,5.684341886080802e-14,0.5822122575910829
96,20,temporary_damage,experience_swap,9218,0.2,0.0,continue,80.0,110.0,1.0000000000000002,0.9999999999999983,0.9999999999999966,0.0,0,28.80000000000001,60,10.454320386037532,70.98633321505406,0.6197916666666666,1.0,unaffected,,0,0.9202449494560225,0.7138523649782529,0.575789764824392,0.8933333333333333,1,57.60000000000004,120,182.80310722140428,26.511077483747894,0.2604166666666667,1.0,not_recovered,,1,4.263256414560601e-14,0.5321151041871273
96,20,temporary_damage,experience_swap,9218,0.2,0.0,pause,80.0,110.0,1.0000000000000002,0.9999999999999983,0.9999999999999966,0.0,0,0.0,0,10.615236913567625,98.29633470931935,1.0,1.0,unaffected,,0,0.9560572724729116,0.8366472002419358,0.5239987389628752,0.82,1,57.60000000000004,120,185.3843634095567,26.575740821254904,0.375,1.0,not_recovered,,1,4.263256414560601e-14,0.5327725704062587
96,20,temporary_damage,experience_swap,9218,0.1,0.0,continue,80.0,110.0,1.0000000000000004,0.9999999999999959,0.9999999999999932,0.0,0,28.80000000000001,60,10.448737629865674,71.52046947524987,0.6197916666666666,1.0,unaffected,,0,0.9196479607550929,0.7120024047996878,0.5734620784088995,0.895,1,57.60000000000004,120,182.50191353453224,27.767263035875363,0.2604166666666667,1.0,not_recovered,,1,2.842170943040401e-14,0.5319334516153823
96,20,temporary_damage,experience_swap,9218,0.1,0.0,pause,80.0,110.0,1.0000000000000004,0.9999999999999959,0.9999999999999932,0.0,0,0.0,0,10.614625727858462,98.82566950202269,1.0,1.0,unaffected,,0,0.9554816670013325,0.8344047179363564,0.522150118127664,0.82,1,57.60000000000004,120,185.07589503605692,27.83804780980447,0.375,1.0,not_recovered,,1,2.842170943040401e-14,0.5329542218224794
96,20,temporary_damage,experience_swap,9218,0.05,0.0,continue,80.0,110.0,1.0,0.9999999999999906,0.9999999999999835,0.0,0,28.80000000000001,60,10.446585122323913,71.79418859855204,0.6197916666666666,1.0,unaffected,,0,0.9193507807137767,0.7110956437639098,0.5723197928325151,0.895,1,57.60000000000004,120,182.35663332937358,28.395437432107087,0.2604166666666667,1.0,not_recovered,,1,2.842170943040401e-14,0.5318449108414658
96,20,temporary_damage,experience_swap,9218,0.05,0.0,pause,80.0,110.0,1.0,0.9999999999999906,0.9999999999999835,0.0,0,0.0,0,10.614315718961544,99.09760413982073,1.0,1.0,unaffected,,0,0.9551947320235454,0.8332924810123497,0.5212202288400671,0.8208333333333333,1,57.60000000000004,120,184.92763040644635,28.469462375126206,0.375,1.0,not_recovered,,1,2.842170943040401e-14,0.5330336723298248
96,20,temporary_damage,experience_swap,9219,0.2,0.0,continue,91.2,121.2,1.0000000000000002,0.9999999999999979,0.9999999999999969,0.0,0,28.80000000000001,60,11.016987897230226,68.06464594268795,0.5885416666666666,1.0,unaffected,,0,0.9305584028601614,0.7906803491272062,0.501216307062666,0.9166666666666666,1,57.60000000000004,120,168.97142482837958,26.878510551574333,0.2916666666666667,1.0,not_recovered,,1,2.842170943040401e-14,0.5591652970561031
96,20,temporary_damage,experience_swap,9219,0.2,0.0,pause,91.2,121.2,1.0000000000000002,0.9999999999999979,0.9999999999999969,0.0,0,0.0,0,11.97655752126227,94.66868396194627,1.0,1.0,unaffected,,0,0.9015985138910805,0.6937220683452843,0.378813056748005,0.8966666666666666,1,57.60000000000004,120,216.12519512417177,24.25914927442284,0.3645833333333333,1.0,not_recovered,,1,2.842170943040401e-14,0.5879878784848681
96,20,temporary_damage,experience_swap,9219,0.1,0.0,continue,92.0,122.0,1.0000000000000002,0.9999999999999961,0.9999999999999918,0.0,0,28.80000000000001,60,10.766515425408626,73.06533132222701,0.6458333333333334,1.0,unaffected,,0,0.8927301349658393,0.6228115757974458,0.378220010594371,0.8733333333333333,1,57.60000000000004,120,204.11343397406281,21.704720438121132,0.2760416666666667,1.0,not_recovered,,1,4.263256414560601e-14,0.5556854942902033
96,20,temporary_damage,experience_swap,9219,0.1,0.0,pause,92.0,122.0,1.0000000000000002,0.9999999999999961,0.9999999999999918,0.0,0,0.0,0,11.609356288368506,99.7180383577423,1.0,1.0,unaffected,,0,0.950531188252432,0.8259836449318867,0.573847472017231,0.8833333333333333,1,57.60000000000004,120,187.27342305896602,25.941548723867918,0.34375,1.0,not_recovered,,1,4.263256414560601e-14,0.6020436489775525
96,20,temporary_damage,experience_swap,9219,0.05,0.0,continue,92.0,122.0,0.9999999999999984,0.9999999999999911,0.9999999999999846,0.0,0,28.80000000000001,60,10.76490725482376,73.66843079417308,0.6458333333333334,1.0,unaffected,,0,0.8927534326642742,0.622920409803711,0.37791543262933625,0.8733333333333333,1,57.60000000000004,120,204.0783497488666,22.33245983803405,0.2760416666666667,1.0,not_recovered,,1,2.842170943040401e-14,0.5541797711161773
96,20,temporary_damage,experience_swap,9219,0.05,0.0,pause,92.0,122.0,0.9999999999999984,0.9999999999999911,0.9999999999999846,0.0,0,0.0,0,11.609014264700097,100.3199440119696,1.0,1.0,unaffected,,0,0.9505756243133487,0.826126581348229,0.5741053801182243,0.8833333333333333,1,57.60000000000004,120,187.22940070081285,26.56462607017857,0.34375,1.0,not_recovered,,1,2.842170943040401e-14,0.6018305589162738
96,20,temporary_damage,experience_swap,9220,0.2,0.0,continue,92.2,122.2,0.9999999999999997,0.9999999999999978,0.9999999999999963,0.0,0,28.80000000000001,60,10.127091326592467,65.25245802317762,0.5989583333333334,1.0,unaffected,,0,0.9466011558020285,0.8054442717854109,0.3582343825483115,0.8966666666666666,1,57.60000000000004,120,155.95439448911284,21.592018319956747,0.2552083333333333,1.0,not_recovered,,1,4.263256414560601e-14,0.5701321465464793
96,20,temporary_damage,experience_swap,9220,0.2,0.0,pause,92.2,122.2,0.9999999999999997,0.9999999999999978,0.9999999999999963,0.0,0,0.0,0,10.853880534890349,92.1598475147815,1.0,1.0,unaffected,,0,0.947452603354705,0.8043968507119812,0.5960151007784924,0.78,1,57.60000000000004,120,178.9257497092575,23.91657517211008,0.359375,1.0,not_recovered,,1,4.263256414560601e-14,0.5701321465464793
96,20,temporary_damage,experience_swap,9220,0.1,0.0,continue,88.0,118.0,1.0,0.9999999999999959,0.9999999999999918,0.0,0,28.80000000000001,60,10.210102480379035,64.49389961320415,0.59375,1.0,unaffected,,0,0.9086440862888979,0.7142559320553434,0.46887984711560654,0.9283333333333333,1,57.60000000000004,120,174.9382230373054,26.8792294118225,0.22916666666666666,1.0,not_recovered,,1,4.263256414560601e-14,0.5663689866013842
96,20,temporary_damage,experience_swap,9220,0.1,0.0,pause,88.0,118.0,1.0,0.9999999999999959,0.9999999999999918,0.0,0,0.0,0,10.962850662764705,91.23747909564909,1.0,1.0,unaffected,,0,0.9365680087870211,0.8033503141639701,0.5261976282558521,0.88,1,57.60000000000004,120,176.2587722637366,32.69266881667788,0.3385416666666667,1.0,not_recovered,,1,4.263256414560601e-14,0.5665251112674601
96,20,temporary_damage,experience_swap,9220,0.05,0.0,continue,87.30000000000001,117.30000000000001,1.000000000000001,0.999999999999992,0.9999999999999837,0.0,0,28.80000000000001,60,9.444883560262353,65.79876531151604,0.65625,1.0,unaffected,,0,0.9458651942267838,0.7841907435689996,0.4859457898645781,0.84,1,57.60000000000004,120,148.2575311485361,30.57471515032816,0.3177083333333333,1.0,not_recovered,,1,4.263256414560601e-14,0.5644516765496804
96,20,temporary_damage,experience_swap,9220,0.05,0.0,pause,87.30000000000001,117.30000000000001,1.000000000000001,0.999999999999992,0.9999999999999837,0.0,0,0.0,0,10.009416372980919,92.77853450545625,1.0,1.0,unaffected,,0,0.9537964279877988,0.8450077804651125,0.6584380479882578,0.7766666666666666,1,57.60000000000004,120,177.56801075396572,22.02381187150305,0.390625,1.0,not_recovered,,1,4.263256414560601e-14,0.5644516765496804
96,20,temporary_damage,experience_swap,9221,0.2,0.0,continue,84.0,114.0,1.0,0.9999999999999974,0.9999999999999966,0.0,0,28.80000000000001,60,9.990023287513802,56.63771587480862,0.6354166666666666,1.0,unaffected,,0,0.8922012895082887,0.6516503813295417,0.2083365178089187,0.9166666666666666,1,57.60000000000004,120,177.79259968484834,25.586311149489916,0.296875,1.0,not_recovered,,1,2.842170943040401e-14,0.5133096701936511
96,20,temporary_damage,experience_swap,9221,0.2,0.0,pause,84.0,114.0,1.0,0.9999999999999974,0.9999999999999966,0.0,0,0.0,0,10.545589164695587,83.56622128744007,1.0,1.0,unaffected,,0,0.9474216731736116,0.7922589052890874,0.546426386618526,0.8533333333333334,1,57.60000000000004,120,171.67215766929056,21.66090119546184,0.40625,1.0,not_recovered,,1,2.842170943040401e-14,0.5344004151785688
96,20,temporary_damage,experience_swap,9221,0.1,0.0,continue,84.0,114.0,0.9999999999999994,0.9999999999999947,0.9999999999999918,0.0,0,28.80000000000001,60,9.986346564364025,57.80289967381609,0.6354166666666666,1.0,unaffected,,0,0.8922379569781155,0.6515372141439342,0.20792088543676165,0.915,1,57.60000000000004,120,177.70559566118393,26.823069843679995,0.296875,1.0,not_recovered,,1,2.842170943040401e-14,0.5131946424035174
96,20,temporary_damage,experience_swap,9221,0.1,0.0,pause,84.0,114.0,0.9999999999999994,0.9999999999999947,0.9999999999999918,0.0,0,0.0,0,10.544997952721667,84.72847213514726,1.0,1.0,unaffected,,0,0.9474258312462209,0.7919279731266025,0.5460618771306304,0.8533333333333334,1,57.60000000000004,120,171.5973355674456,22.909467227938542,0.40625,1.0,not_recovered,,1,2.842170943040401e-14,0.5341281242686307
96,20,temporary_damage,experience_swap,9221,0.05,0.0,continue,89.25,119.25,0.9999999999999997,0.9999999999999903,0.999999999999986,0.0,0,28.80000000000001,60,9.720371401552883,63.26900393192468,0.6458333333333334,1.0,unaffected,,0,0.903559941088077,0.6885867969434858,0.3226321644032754,0.93,1,57.60000000000004,120,181.91676629006693,20.834154201105154,0.2760416666666667,1.0,not_recovered,,1,4.263256414560601e-14,0.5172425451410195
96,20,temporary_damage,experience_swap,9221,0.05,0.0,pause,89.25,119.25,0.9999999999999997,0.9999999999999903,0.999999999999986,0.0,0,0.0,0,10.528435349498732,90.01665113328349,1.0,1.0,unaffected,,0,0.9384570942966937,0.7745935969543312,0.4294798461853347,0.8716666666666667,1,57.60000000000004,120,177.5945682116174,27.30120995208422,0.3645833333333333,1.0,not_recovered,,1,4.263256414560601e-14,0.5487942120123259
96,20,temporary_damage,experience_swap,9222,0.2,0.0,continue,90.0,120.0,0.9999999999999997,0.9999999999999971,0.9999999999999958,0.0,0,28.80000000000001,60,9.976081352213406,66.23437698868256,0.6145833333333334,1.0,unaffected,,0,0.9157659135966424,0.6559426268825153,0.5601894960282706,0.8766666666666667,1,57.60000000000004,120,185.39857360848984,15.689704744497023,0.24479166666666666,1.0,not_recovered,,1,2.842170943040401e-14,0.5629703633165482
96,20,temporary_damage,experience_swap,9222,0.2,0.0,pause,90.0,120.0,0.9999999999999997,0.9999999999999971,0.9999999999999958,0.0,0,0.0,0,10.401745005074881,93.29097534429704,1.0,1.0,unaffected,,0,0.9600829388836938,0.8801816071316008,0.621333780561797,0.79,1,57.60000000000004,120,178.24715212857458,19.729354007434363,0.3854166666666667,1.0,not_recovered,,1,2.842170943040401e-14,0.5629703633165482
96,20,temporary_damage,experience_swap,9222,0.1,0.0,continue,89.5,119.5,0.9999999999999998,0.9999999999999952,0.9999999999999936,0.0,0,28.80000000000001,60,10.128073931601508,65.3911287363141,0.609375,1.0,unaffected,,0,0.9537790372498804,0.821216557589477,0.43561918791902127,0.8633333333333333,1,57.60000000000004,120,146.0779135714146,28.289877754234745,0.2552083333333333,1.0,not_recovered,,1,2.842170943040401e-14,0.5618887383794032
96,20,temporary_damage,experience_swap,9222,0.1,0.0,pause,89.5,119.5,0.9999999999999998,0.9999999999999952,0.9999999999999936,0.0,0,0.0,0,10.503566889802979,92.53503624103229,1.0,1.0,unaffected,,0,0.9601069354464106,0.8524738981284639,0.6239359200628991,0.7516666666666667,1,57.60000000000004,120,171.49345878793946,25.05552218926468,0.421875,1.0,not_recovered,,1,2.842170943040401e-14,0.5618887383794032
96,20,temporary_damage,experience_swap,9222,0.05,0.0,continue,89.5,119.5,0.9999999999999998,0.9999999999999908,0.9999999999999869,0.0,0,28.80000000000001,60,10.126884589284858,65.99916867893893,0.609375,1.0,unaffected,,0,0.9537932306955887,0.8214222098182378,0.4355729340379744,0.8616666666666667,1,57.60000000000004,120,146.05517570997526,28.915452590956654,0.2552083333333333,1.0,not_recovered,,1,4.263256414560601e-14,0.5617739049789406
96,20,temporary_damage,experience_swap,9222,0.05,0.0,pause,89.5,119.5,0.9999999999999998,0.9999999999999908,0.9999999999999869,0.0,0,0.0,0,10.503261352579173,93.14222935291332,1.0,1.0,unaffected,,0,0.9601187726210143,0.8524207226274285,0.6238213310774662,0.7516666666666667,1,57.60000000000004,120,171.47219077903816,25.68292780156155,0.421875,1.0,not_recovered,,1,4.263256414560601e-14,0.5617739049789406
96,20,temporary_damage,experience_swap,9223,0.2,0.0,continue,87.4,117.4,1.0,0.9999999999999974,0.999999999999996,0.0,0,28.80000000000001,60,10.182188397185165,56.42115674341806,0.6354166666666666,1.0,unaffected,,0,0.9430755734180304,0.7583371263686302,0.5519321142953477,0.8666666666666667,1,57.60000000000004,120,144.0308366378062,22.16815126781445,0.296875,1.0,not_recovered,,1,4.263256414560601e-14,0.5211061003777667
96,20,temporary_damage,experience_swap,9223,0.2,0.0,pause,87.4,117.4,1.0,0.9999999999999974,0.999999999999996,0.0,0,0.0,0,10.930208335414154,83.21097914645219,1.0,1.0,unaffected,,0,0.9761751785937348,0.8951650022735611,0.7643143262883072,0.81,1,57.60000000000004,120,143.82343587128054,26.020947746103346,0.3802083333333333,1.0,not_recovered,,1,4.263256414560601e-14,0.5286906992421447
96,20,temporary_damage,experience_swap,9223,0.1,0.0,continue,87.4,117.4,0.9999999999999994,0.9999999999999957,0.9999999999999919,0.0,0,28.80000000000001,60,10.178693516191586,57.615559228944505,0.6354166666666666,1.0,unaffected,,0,0.9377682489642054,0.7498161954981132,0.5383022802080231,0.8666666666666667,1,57.60000000000004,120,146.59074255713924,24.30363788374956,0.2760416666666667,1.0,not_recovered,,1,4.263256414560601e-14,0.5209076211386335
96,20,temporary_damage,experience_swap,9223,0.1,0.0,pause,87.4,117.4,0.9999999999999994,0.9999999999999957,0.9999999999999919,0.0,0,0.0,0,10.92927111607508,84.40299992624026,1.0,1.0,unaffected,,0,0.976218294999144,0.8953320588451108,0.7645613865145275,0.8116666666666666,1,57.60000000000004,120,143.74830090249463,27.270573231102105,0.3802083333333333,1.0,not_recovered,,1,4.263256414560601e-14,0.5286191869114467
96,20,temporary_damage,experience_swap,9223,0.05,0.0,continue,87.4,117.4,0.999999999999999,0.9999999999999869,0.9999999999999837,0.0,0,28.80000000000001,60,10.1772989864724,58.213742459968415,0.6354166666666666,1.0,unaffected,,0,0.9377719630063038,0.7495709975452572,0.5380810379949262,0.8666666666666667,1,57.60000000000004,120,146.5661341909948,24.92827499338735,0.2760416666666667,1.0,not_recovered,,1,4.263256414560601e-14,0.5208081766051977
96,20,temporary_damage,experience_swap,9223,0.05,0.0,pause,87.4,117.4,0.999999999999999,0.9999999999999869,0.9999999999999837,0.0,0,0.0,0,10.928794989643356,85.00033523024825,1.0,1.0,unaffected,,0,0.9762346909242231,0.8954056232456739,0.7646437115221091,0.8108333333333333,1,57.60000000000004,120,143.7155135975519,27.89547090099439,0.3802083333333333,1.0,not_recovered,,1,4.263256414560601e-14,0.5285821515202417
96,20,temporary_damage,experience_swap,9224,0.2,0.0,continue,81.0,111.0,1.0000000000000002,0.9999999999999981,0.9999999999999961,0.0,0,28.80000000000001,60,10.081349946393512,67.63199167403783,0.5989583333333334,1.0,unaffected,,0,0.9464687398211175,0.8190967536149,0.5181624514783234,0.8933333333333333,1,57.60000000000004,120,165.5797586264719,20.84002592548446,0.2916666666666667,1.0,not_recovered,,1,4.263256414560601e-14,0.5571936201902491
96,20,temporary_damage,experience_swap,9224,0.2,0.0,pause,81.0,111.0,1.0000000000000002,0.9999999999999981,0.9999999999999961,0.0,0,0.0,0,10.913075677999576,94.37508522030356,1.0,1.0,unaffected,,0,0.9789614695881302,0.933048319185052,0.7465536387026831,0.6966666666666667,1,57.60000000000004,120,168.6257440131535,21.880710888978783,0.3958333333333333,1.0,not_recovered,,1,4.263256414560601e-14,0.5571936201902491
96,20,temporary_damage,experience_swap,9224,0.1,0.0,continue,84.0,114.0,1.0,0.9999999999999946,0.9999999999999926,0.0,0,28.80000000000001,60,10.413933531202522,71.9439960281376,0.6302083333333334,1.0,unaffected,,0,0.9499727385595121,0.8537946376115798,0.5721259032478764,0.7833333333333333,1,57.60000000000004,120,155.83740395154933,31.864144228144866,0.24479166666666666,1.0,not_recovered,,1,4.263256414560601e-14,0.5559647261212972
96,20,temporary_damage,experience_swap,9224,0.1,0.0,pause,84.0,114.0,1.0,0.9999999999999946,0.9999999999999926,0.0,0,0.0,0,11.131988754321979,98.71983717925917,1.0,1.0,unaffected,,0,0.9693946367665879,0.9150337653000948,0.653404405043411,0.74,1,57.60000000000004,120,175.14568321406838,26.160769851550267,0.3958333333333333,1.0,not_recovered,,1,4.263256414560601e-14,0.5559647261212972
96,20,temporary_damage,experience_swap,9224,0.05,0.0,continue,84.0,114.0,1.0000000000000004,0.9999999999999901,0.9999999999999843,0.0,0,28.80000000000001,60,10.411202159684434,72.25456028258559,0.6302083333333334,1.0,unaffected,,0,0.9497484617763445,0.8524955811598505,0.5705375182142526,0.7841666666666667,1,57.60000000000004,120,155.68653970940102,32.485162464046304,0.24479166666666666,1.0,not_recovered,,1,2.842170943040401e-14,0.5556936287271562
96,20,temporary_damage,experience_swap,9224,0.05,0.0,pause,84.0,114.0,1.0000000000000004,0.9999999999999901,0.9999999999999843,0.0,0,0.0,0,11.131721867294827,99.02804802576284,1.0,1.0,unaffected,,0,0.9805876885924567,0.9217964385972224,0.7528808557601625,0.7433333333333333,1,57.60000000000004,120,168.52046553640437,25.609957238930967,0.3802083333333333,1.0,not_recovered,,1,4.263256414560601e-14,0.5556936287271562
96,20,temporary_damage,experience_swap,9225,0.2,0.0,continue,85.2,115.2,0.9999999999999998,0.9999999999999977,0.9999999999999961,0.0,0,28.80000000000001,60,10.3858184178638,64.397890184501,0.6302083333333334,1.0,unaffected,,0,0.9357017283343985,0.8209385683901149,0.2649118880094127,0.8966666666666666,1,57.60000000000004,120,170.59201645785868,19.517544050073397,0.3072916666666667,1.0,not_recovered,,1,2.842170943040401e-14,0.5434097897730356
96,20,temporary_damage,experience_swap,9225,0.2,0.0,pause,85.2,115.2,0.9999999999999998,0.9999999999999977,0.9999999999999961,0.0,0,0.0,0,10.975322500511252,91.35852269477675,1.0,1.0,unaffected,,0,0.972710586061512,0.8917684784832163,0.707755890198448,0.7666666666666667,1,57.60000000000004,120,162.57921148577972,28.042284600352456,0.359375,1.0,not_recovered,,1,2.842170943040401e-14,0.5609412638183439
96,20,temporary_damage,experience_swap,9225,0.1,0.0,continue,87.0,117.0,1.0000000000000002,0.9999999999999951,0.9999999999999919,0.0,0,28.80000000000001,60,10.23826306668231,67.75292851281019,0.6354166666666666,1.0,unaffected,,0,0.9060666121739692,0.7354773451686554,0.2846896464956327,0.8716666666666667,1,57.60000000000004,120,183.2075355669801,28.998657852563504,0.25,1.0,not_recovered,,1,4.263256414560601e-14,0.5433231559814752
96,20,temporary_damage,experience_swap,9225,0.1,0.0,pause,87.0,117.0,1.0000000000000002,0.9999999999999951,0.9999999999999919,0.0,0,0.0,0,11.059632803892088,94.50290199588014,1.0,1.0,unaffected,,0,0.9596225036799233,0.8416740058730786,0.606195443365372,0.7916666666666666,1,57.60000000000004,120,182.48334966537703,20.169440961094605,0.3958333333333333,1.0,not_recovered,,1,4.263256414560601e-14,0.5433231559814752
96,20,temporary_damage,experience_swap,9225,0.05,0.0,continue,92.0,122.0,1.0000000000000004,0.9999999999999919,0.999999999999985,0.0,0,28.80000000000001,60,9.92230575011045,73.53947203615803,0.5989583333333334,1.0,unaffected,,0,0.9543092148594154,0.8338296519481385,0.5032940719047921,0.8675,1,57.60000000000004,120,156.55512606050058,29.479018646321595,0.28125,1.0,not_recovered,,1,4.263256414560601e-14,0.5496069144494165
96,20,temporary_damage,experience_swap,9225,0.05,0.0,pause,92.0,122.0,1.0000000000000004,0.9999999999999919,0.999999999999985,0.0,0,0.0,0,10.725299116095554,100.22773690899197,1.0,1.0,unaffected,,0,0.9273313603230087,0.6972613922426094,0.5328474074070154,0.83,1,57.60000000000004,120,200.47943091253774,29.244844127989516,0.3697916666666667,1.0,not_recovered,,1,4.263256414560601e-14,0.5496069144494165
96,20,temporary_damage,experience_swap,9226,0.2,0.0,continue,88.0,118.0,1.0000000000000002,0.9999999999999974,0.9999999999999959,0.0,0,28.80000000000001,60,10.70475698963599,68.83021381443504,0.6145833333333334,1.0,unaffected,,0,0.9261165148638187,0.7525447305160241,0.5158217903305609,0.9,1,57.60000000000004,120,175.5258142710905,22.259482867914794,0.2864583333333333,1.0,not_recovered,,1,4.263256414560601e-14,0.5934461425673636
96,20,temporary_damage,experience_swap,9226,0.2,0.0,pause,88.0,118.0,1.0000000000000002,0.9999999999999974,0.9999999999999959,0.0,0,0.0,0,11.678161648499252,95.35439966353232,1.0,1.0,unaffected,,0,0.9543888466669188,0.857666313522386,0.4311858885137836,0.8166666666666667,1,57.60000000000004,120,179.1910046557987,25.04473722299079,0.3697916666666667,1.0,not_recovered,,1,4.263256414560601e-14,0.5934461425673636
96,20,temporary_damage,experience_swap,9226,0.1,0.0,continue,88.0,118.0,1.0000000000000004,0.9999999999999958,0.999999999999993,0.0,0,28.80000000000001,60,10.700188431209364,70.02135623045586,0.6145833333333334,1.0,unaffected,,0,0.9262136227084572,0.7530160797044811,0.5158270829903927,0.8983333333333333,1,57.60000000000004,120,175.41377794689888,23.508741968834634,0.2864583333333333,1.0,not_recovered,,1,4.263256414560601e-14,0.5919792513268352
96,20,temporary_damage,experience_swap,9226,0.1,0.0,pause,88.0,118.0,1.0000000000000004,0.9999999999999958,0.999999999999993,0.0,0,0.0,0,11.677237386221622,96.54215983447713,1.0,1.0,unaffected,,0,0.954424991533239,0.8580069215052605,0.43118393960589113,0.815,1,57.60000000000004,120,179.10781006649464,26.307110123567384,0.3697916666666667,1.0,not_recovered,,1,4.263256414560601e-14,0.5919792513268352
96,20,temporary_damage,experience_swap,9226,0.05,0.0,continue,89.25,119.25,0.9999999999999991,0.9999999999999895,0.9999999999999833,0.0,0,28.80000000000001,60,10.563725067953447,67.84204412391647,0.6354166666666666,1.0,unaffected,,0,0.9287945668333851,0.7661512450734062,0.3064648746208296,0.8825,1,57.60000000000004,120,171.71857112178543,23.06773205010402,0.2708333333333333,1.0,not_recovered,,1,2.842170943040401e-14,0.5911779215698365
96,20,temporary_damage,experience_swap,9226,0.05,0.0,pause,89.25,119.25,0.9999999999999991,0.9999999999999895,0.9999999999999833,0.0,0,0.0,0,11.20862472686538,94.74841226785276,1.0,1.0,unaffected,,0,0.9881155358074848,0.9831726034195024,0.7314166280877172,0.66,1,57.60000000000004,120,147.48641306406114,33.19962364668265,0.3854166666666667,1.0,not_recovered,,1,2.842170943040401e-14,0.5911779215698365
96,20,temporary_damage,experience_swap,9228,0.2,0.0,continue,89.0,119.0,0.9999999999999998,0.9999999999999978,0.999999999999996,0.0,0,28.80000000000001,60,10.861541297200736,63.842778861701994,0.625,1.0,unaffected,,0,0.9284915370774574,0.7148489438196519,0.4895990885358769,0.9466666666666667,1,57.60000000000004,120,162.88133835771035,26.518575470197753,0.3177083333333333,1.0,not_recovered,,1,4.263256414560601e-14,0.5688699032570476
96,20,temporary_damage,experience_swap,9228,0.2,0.0,pause,89.0,119.0,0.9999999999999998,0.9999999999999978,0.999999999999996,0.0,0,0.0,0,11.325902066638161,90.94181326259825,1.0,1.0,unaffected,,0,0.9932481282830159,0.9902944823927076,0.8877168252038938,0.49666666666666665,1,57.60000000000004,120,141.2815637247605,29.87263384784986,0.375,1.0,not_recovered,,1,4.263256414560601e-14,0.5589683343961603
96,20,temporary_damage,experience_swap,9228,0.1,0.0,continue,88.9,118.9,0.9999999999999998,0.9999999999999958,0.9999999999999919,0.0,0,28.80000000000001,60,10.856371094848773,64.88957619147803,0.625,1.0,unaffected,,0,0.9281104991582236,0.7129493978190993,0.4873226052397446,0.945,1,57.60000000000004,120,163.0195410463916,27.693008530440302,0.3177083333333333,1.0,not_recovered,,1,2.842170943040401e-14,0.5698649400648639
96,20,temporary_damage,experience_swap,9228,0.1,0.0,pause,88.9,118.9,0.9999999999999998,0.9999999999999958,0.9999999999999919,0.0,0,0.0,0,11.323908466885799,91.99376649510924,1.0,1.0,unaffected,,0,0.9929602025417908,0.989613337659604,0.8810303496345852,0.5016666666666667,1,57.60000000000004,120,141.46785879232195,30.968894142235072,0.375,1.0,not_recovered,,1,2.842170943040401e-14,0.558995717163681
96,20,temporary_damage,experience_swap,9228,0.05,0.0,continue,84.9,114.9,1.0,0.9999999999999898,0.999999999999985,0.0,0,28.80000000000001,60,10.812126502614824,67.19666813237902,0.625,1.0,unaffected,,0,0.9007393733751018,0.6038222903436979,0.29940037663074914,0.905,1,57.60000000000004,120,188.2060420856569,23.08100375241729,0.22916666666666666,1.0,not_recovered,,1,2.842170943040401e-14,0.5377770234177438
96,20,temporary_damage,experience_swap,9228,0.05,0.0,pause,84.9,114.9,1.0,0.9999999999999898,0.999999999999985,0.0,0,0.0,0,11.616325741446229,93.97200176581194,1.0,1.0,unaffected,,0,0.9333336005931906,0.731498119542699,0.5227218984415264,0.8266666666666667,1,57.60000000000004,120,189.01868561959984,26.706177366055584,0.3854166666666667,1.0,not_recovered,,1,2.842170943040401e-14,0.5537077485406687
96,20,temporary_damage,experience_swap,9229,0.2,0.0,continue,86.0,116.0,1.0000000000000002,0.9999999999999977,0.999999999999996,0.0,0,28.80000000000001,60,10.544756250340507,70.54242473293229,0.5989583333333334,1.0,unaffected,,0,0.9338103722837625,0.7508251839808036,0.4966034740167699,0.9233333333333333,1,57.60000000000004,120,173.556868763342,27.006049255232625,0.2552083333333333,1.0,not_recovered,,1,4.263256414560601e-14,0.604801295559334
96,20,temporary_damage,experience_swap,9229,0.2,0.0,pause,86.0,116.0,1.0000000000000002,0.9999999999999977,0.999999999999996,0.0,0,0.0,0,11.074310726376376,97.49502833033918,1.0,1.0,unaffected,,0,0.9383587030477606,0.737841468690622,0.6194385454214463,0.77,1,57.60000000000004,120,198.85180992218378,24.610625630764797,0.390625,1.0,not_recovered,,1,4.263256414560601e-14,0.604801295559334
96,20,temporary_damage,experience_swap,9229,0.1,0.0,continue,86.0,116.0,0.9999999999999997,0.9999999999999954,0.9999999999999928,0.0,0,28.80000000000001,60,10.53968242540566,71.72834903887615,0.5989583333333334,1.0,unaffected,,0,0.940142327887405,0.769081929217714,0.5889225348362761,0.9233333333333333,1,57.60000000000004,120,168.77098236949456,28.752760000066026,0.265625,1.0,not_recovered,,1,5.684341886080802e-14,0.602815935838789
96,20,temporary_damage,experience_swap,9229,0.1,0.0,pause,86.0,116.0,0.9999999999999997,0.9999999999999954,0.9999999999999928,0.0,0,0.0,0,11.073769859063871,98.67662393243873,1.0,1.0,unaffected,,0,0.9383882585022294,0.7376483721870302,0.6192441675705185,0.7683333333333333,1,57.60000000000004,120,198.78070988988284,25.86079080825038,0.390625,1.0,not_recovered,,1,5.684341886080802e-14,0.602815935838789
96,20,temporary_damage,experience_swap,9229,0.05,0.0,continue,86.0,116.0,1.0000000000000004,0.9999999999999916,0.9999999999999839,0.0,0,28.80000000000001,60,10.537730322346363,72.32157144922209,0.5989583333333334,1.0,unaffected,,0,0.9401653556211961,0.7687688296565615,0.5887691033011616,0.9233333333333333,1,57.60000000000004,120,168.72826205008386,29.378816586206725,0.265625,1.0,not_recovered,,1,2.842170943040401e-14,0.6018399792488003
96,20,temporary_damage,experience_swap,9229,0.05,0.0,pause,86.0,116.0,1.0000000000000004,0.9999999999999916,0.9999999999999839,0.0,0,0.0,0,11.073496357767059,99.26824603148194,1.0,1.0,unaffected,,0,0.9383960686360707,0.7375351302239395,0.6191500197741446,0.7683333333333333,1,57.60000000000004,120,198.74986657413265,26.48654091421143,0.390625,1.0,not_recovered,,1,4.263256414560601e-14,0.6018399792488003
