n,cost_multiplier,scenario,policy,seed,dt,noise,branch,phase,time,minimum_service,service,stock_total,swaps_total,fork_edge_share
24,1,persistent_damage,recent_contact,8000,0.2,0.03,common,first,0.2,1.0,1.0,16.89903143147344,0,
24,1,persistent_damage,recent_contact,8000,0.2,0.03,common,first,1.2000000000000002,1.0,1.0,17.35718035779203,0,
24,1,persistent_damage,recent_contact,8000,0.2,0.03,common,first,2.2,1.0,1.0,17.77608071081867,1,
24,1,persistent_damage,recent_contact,8000,0.2,0.03,common,first,3.2,1.0,1.0,18.213684956665777,1,
24,1,persistent_damage,recent_contact,8000,0.2,0.03,common,first,4.2,1.0,1.0,18.62336287014482,2,
24,1,persistent_damage,recent_contact,8000,0.2,0.03,common,first,5.2,1.0,1.0,19.052248395626364,2,
24,1,persistent_damage,recent_contact,8000,0.2,0.03,common,first,6.2,1.0,1.0,19.45277665999704,3,
24,1,persistent_damage,recent_contact,8000,0.2,0.03,common,first,7.2,1.0,1.0,19.87470286378152,3,
24,1,persistent_damage,recent_contact,8000,0.2,0.03,common,first,8.200000000000001,1.0,1.0,20.270473434660687,4,
24,1,persistent_damage,recent_contact,8000,0.2,0.03,common,first,9.200000000000001,1.0,1.0,20.687562023942515,4,
24,1,persistent_damage,recent_contact,8000,0.2,0.03,common,first,10.200000000000001,1.0,1.0,21.074804934907913,5,
24,1,persistent_damage,recent_contact,8000,0.2,0.03,common,first,11.200000000000001,1.0,1.0,21.484702976520794,5,
24,1,persistent_damage,recent_contact,8000,0.2,0.03,common,first,12.200000000000001,1.0,1.0,21.868781655486707,6,
24,1,persistent_damage,recent_contact,8000,0.2,0.03,common,first,13.200000000000001,1.0,1.0,22.27521250104447,6,
24,1,persistent_damage,recent_contact,8000,0.2,0.03,common,first,14.200000000000001,1.0,1.0,22.655331909324527,7,
24,1,persistent_damage,recent_contact,8000,0.2,0.03,common,first,15.200000000000001,1.0,1.0,23.054788239773735,7,
24,1,persistent_damage,recent_contact,8000,0.2,0.03,common,first,16.2,1.0,1.0,23.42975317489001,8,
24,1,persistent_damage,recent_contact,8000,0.2,0.03,common,first,17.2,1.0,1.0,23.833947250407945,8,
24,1,persistent_damage,recent_contact,8000,0.2,0.03,common,first,18.2,1.0,1.0,24.209555415889255,9,
24,1,persistent_damage,recent_contact,8000,0.2,0.03,common,first,19.200000000000003,1.0,1.0,24.600102026756968,9,
24,1,persistent_damage,recent_contact,8000,0.2,0.03,common,first,20.200000000000003,1.0,1.0,24.962436938332786,10,
24,1,persistent_damage,recent_contact,8000,0.2,0.03,common,first,21.200000000000003,1.0,1.0,25.35000412741734,10,
24,1,persistent_damage,recent_contact,8000,0.2,0.03,common,first,22.200000000000003,1.0,1.0,25.718028714740754,11,
24,1,persistent_damage,recent_contact,8000,0.2,0.03,common,first,23.200000000000003,1.0,1.0,26.112220808206366,11,
24,1,persistent_damage,recent_contact,8000,0.2,0.03,common,first,24.200000000000003,1.0,1.0,26.483776565102627,12,
24,1,persistent_damage,recent_contact,8000,0.2,0.03,common,first,25.200000000000003,1.0,1.0,26.88126500642899,12,
24,1,persistent_damage,recent_contact,8000,0.2,0.03,common,first,26.200000000000003,1.0,1.0,27.252021608924032,13,
24,1,persistent_damage,recent_contact,8000,0.2,0.03,common,first,27.200000000000003,1.0,1.0,27.645441932014247,13,
24,1,persistent_damage,recent_contact,8000,0.2,0.03,common,first,28.200000000000003,1.0,1.0,28.012968921722603,14,
24,1,persistent_damage,recent_contact,8000,0.2,0.03,common,first,29.200000000000003,1.0,1.0,28.40379257324473,14,
24,1,persistent_damage,recent_contact,8000,0.2,0.03,common,first,30.200000000000003,1.0,1.0,28.769765027284507,15,
24,1,persistent_damage,recent_contact,8000,0.2,0.03,common,first,31.200000000000003,1.0,1.0,29.16293049933242,15,
24,1,persistent_damage,recent_contact,8000,0.2,0.03,common,first,32.2,1.0,1.0,29.530750751308815,16,
24,1,persistent_damage,recent_contact,8000,0.2,0.03,common,first,33.2,1.0,1.0,29.922327672988523,16,
24,1,persistent_damage,recent_contact,8000,0.2,0.03,common,first,34.2,1.0,1.0,30.288345470023984,17,
24,1,persistent_damage,recent_contact,8000,0.2,0.03,common,first,35.2,1.0,1.0,30.679803065623872,17,
24,1,persistent_damage,recent_contact,8000,0.2,0.03,common,first,36.2,1.0,1.0,31.049621982014358,18,
24,1,persistent_damage,recent_contact,8000,0.2,0.03,common,first,37.2,1.0,1.0,31.442981652738837,18,
24,1,persistent_damage,recent_contact,8000,0.2,0.03,common,first,38.2,1.0,1.0,31.811578473079514,19,
24,1,persistent_damage,recent_contact,8000,0.2,0.03,common,first,39.2,1.0,1.0,32.20312422841559,19,
24,1,persistent_damage,recent_contact,8000,0.2,0.03,common,first,40.2,1.0,1.0,32.310847273760515,20,
24,1,persistent_damage,recent_contact,8000,0.2,0.03,common,first,41.2,1.0,1.0,31.137481104110158,20,
24,1,persistent_damage,recent_contact,8000,0.2,0.03,common,first,42.2,1.0,1.0,29.772433546119494,21,
24,1,persistent_damage,recent_contact,8000,0.2,0.03,common,first,43.2,1.0,1.0,28.35891733671035,21,
24,1,persistent_damage,recent_contact,8000,0.2,0.03,common,first,44.2,1.0,1.0,26.906307135706392,22,
24,1,persistent_damage,recent_contact,8000,0.2,0.03,common,first,45.2,1.0,1.0,25.37895662959717,22,
24,1,persistent_damage,recent_contact,8000,0.2,0.03,common,first,46.2,1.0,1.0,23.874387524932835,23,
24,1,persistent_damage,recent_contact,8000,0.2,0.03,common,first,47.2,1.0,1.0,22.580338131463417,23,
24,1,persistent_damage,recent_contact,8000,0.2,0.03,common,first,48.2,1.0,1.0,21.330969789412386,24,
24,1,persistent_damage,recent_contact,8000,0.2,0.03,common,first,49.2,1.0,1.0,20.308717915992418,24,
24,1,persistent_damage,recent_contact,8000,0.2,0.03,common,first,50.2,1.0,1.0,19.248986204118346,25,
24,1,persistent_damage,recent_contact,8000,0.2,0.03,common,first,51.2,1.0,1.0,18.274150995002902,25,
24,1,persistent_damage,recent_contact,8000,0.2,0.03,common,first,52.2,1.0,1.0,17.25912361374021,26,
24,1,persistent_damage,recent_contact,8000,0.2,0.03,common,first,53.2,1.0,1.0,16.262760082386396,26,
24,1,persistent_damage,recent_contact,8000,0.2,0.03,common,first,54.2,1.0,1.0,15.270254875398741,27,
24,1,persistent_damage,recent_contact,8000,0.2,0.03,common,first,55.2,1.0,1.0,14.532361268254812,27,
24,1,persistent_damage,recent_contact,8000,0.2,0.03,common,first,56.2,1.0,1.0,13.811511819301437,28,
24,1,persistent_damage,recent_contact,8000,0.2,0.03,common,first,57.2,1.0,1.0,13.19807765192455,28,
24,1,persistent_damage,recent_contact,8000,0.2,0.03,common,first,58.2,1.0,1.0,12.569421200844877,29,
24,1,persistent_damage,recent_contact,8000,0.2,0.03,common,first,59.2,1.0,1.0,12.001103106666417,29,
24,1,persistent_damage,recent_contact,8000,0.2,0.03,common,first,60.2,1.0,1.0,11.437492069455184,30,
24,1,persistent_damage,recent_contact,8000,0.2,0.03,common,first,61.2,1.0,1.0,10.975483889198632,30,
24,1,persistent_damage,recent_contact,8000,0.2,0.03,common,first,62.2,1.0,1.0,10.438271264760633,31,
24,1,persistent_damage,recent_contact,8000,0.2,0.03,common,first,63.2,1.0,1.0,10.03941245721939,31,
24,1,persistent_damage,recent_contact,8000,0.2,0.03,common,first,64.2,1.0,1.0,9.63144106090296,32,
24,1,persistent_damage,recent_contact,8000,0.2,0.03,common,first,65.2,1.0,1.0,9.243402708603924,32,
24,1,persistent_damage,recent_contact,8000,0.2,0.03,common,first,66.2,1.0,1.0,8.815448411015321,33,
24,1,persistent_damage,recent_contact,8000,0.2,0.03,common,first,67.2,1.0,1.0,8.408296524153883,33,
24,1,persistent_damage,recent_contact,8000,0.2,0.03,common,first,68.2,1.0,1.0,8.005998653576805,34,
24,1,persistent_damage,recent_contact,8000,0.2,0.03,common,first,69.2,1.0,1.0,7.638895566744017,34,
24,1,persistent_damage,recent_contact,8000,0.2,0.03,common,first,70.2,1.0,1.0,7.224165203039657,35,
24,1,persistent_damage,recent_contact,8000,0.2,0.03,common,first,71.2,1.0,1.0,6.85106656931651,35,
24,1,persistent_damage,recent_contact,8000,0.2,0.03,common,first,72.2,1.0,1.0,6.427552847276419,36,
24,1,persistent_damage,recent_contact,8000,0.2,0.03,common,first,73.2,0.8008534148926708,0.989683066539795,5.953852382397999,36,
24,1,persistent_damage,recent_contact,8000,0.2,0.03,common,first,74.2,0.5993894153113106,0.9792460777398739,5.548453832024547,37,
24,1,persistent_damage,recent_contact,8000,0.2,0.03,common,first,75.2,0.39381954661135693,0.9648218143346964,5.505587564492898,37,
24,1,persistent_damage,recent_contact,8000,0.2,0.03,common,first,76.2,0.2762137348389007,0.9552948213176048,5.580506662670783,38,
24,1,persistent_damage,recent_contact,8000,0.2,0.03,common,first,77.2,0.2161105585222962,0.9508966334926343,5.803484167432377,38,
24,1,persistent_damage,recent_contact,8000,0.2,0.03,common,first,78.2,0.2104530473211584,0.9590969467535423,6.000680771464854,39,
24,1,persistent_damage,recent_contact,8000,0.2,0.03,common,first,79.2,0.6562302542398848,0.9821907586779492,6.3105213305710794,39,
24,1,persistent_damage,recent_contact,8000,0.2,0.03,common,first,80.2,0.8515093820505947,0.9923073357043852,6.570675813725508,40,
24,1,persistent_damage,recent_contact,8000,0.2,0.03,common,first,81.2,0.9962540592267863,0.9998059388179702,6.830043007420216,40,
24,1,persistent_damage,recent_contact,8000,0.2,0.03,common,first,82.2,1.0,1.0,7.028049116026194,41,
24,1,persistent_damage,recent_contact,8000,0.2,0.03,common,first,83.2,1.0,1.0,7.185967400495037,41,
24,1,persistent_damage,recent_contact,8000,0.2,0.03,common,first,84.2,1.0,1.0,7.32158993689265,42,
24,1,persistent_damage,recent_contact,8000,0.2,0.03,common,first,85.2,1.0,1.0,7.412080102651302,42,
24,1,persistent_damage,recent_contact,8000,0.2,0.03,common,first,86.2,1.0,1.0,7.521159662860872,43,
24,1,persistent_damage,recent_contact,8000,0.2,0.03,common,first,87.2,1.0,1.0,7.674535319716183,43,
24,1,persistent_damage,recent_contact,8000,0.2,0.03,common,first,88.2,1.0,1.0,7.8223215224875045,44,
24,1,persistent_damage,recent_contact,8000,0.2,0.03,common,first,89.2,1.0,1.0,8.016562646669122,44,
24,1,persistent_damage,recent_contact,8000,0.2,0.03,common,first,90.2,1.0,1.0,8.203946062788479,45,
24,1,persistent_damage,recent_contact,8000,0.2,0.03,continue,quiet,91.2,1.0,1.0,8.36992973798096,45,1.0
24,1,persistent_damage,recent_contact,8000,0.2,0.03,continue,quiet,92.2,1.0,1.0,8.477079988276707,46,0.9583333333333334
24,1,persistent_damage,recent_contact,8000,0.2,0.03,continue,quiet,93.2,1.0,1.0,8.54657552910658,46,0.9583333333333334
24,1,persistent_damage,recent_contact,8000,0.2,0.03,continue,quiet,94.2,1.0,1.0,8.527691367423657,47,0.9166666666666666
24,1,persistent_damage,recent_contact,8000,0.2,0.03,continue,quiet,95.2,1.0,1.0,8.362572658207881,47,0.9166666666666666
24,1,persistent_damage,recent_contact,8000,0.2,0.03,continue,quiet,96.2,1.0,1.0,8.17013574601508,48,0.8958333333333334
24,1,persistent_damage,recent_contact,8000,0.2,0.03,continue,quiet,97.2,1.0,1.0,8.063121406433261,48,0.8958333333333334
24,1,persistent_damage,recent_contact,8000,0.2,0.03,continue,quiet,98.2,1.0,1.0,7.960591618991168,49,0.875
24,1,persistent_damage,recent_contact,8000,0.2,0.03,continue,quiet,99.2,1.0,1.0,8.01543948074466,49,0.875
24,1,persistent_damage,recent_contact,8000,0.2,0.03,continue,quiet,100.2,1.0,1.0,8.012383351293305,50,0.8333333333333334
24,1,persistent_damage,recent_contact,8000,0.2,0.03,continue,quiet,101.2,1.0,1.0,7.869701057754029,50,0.8333333333333334
24,1,persistent_damage,recent_contact,8000,0.2,0.03,continue,quiet,102.2,1.0,1.0,7.736205416310169,51,0.8333333333333334
24,1,persistent_damage,recent_contact,8000,0.2,0.03,continue,quiet,103.2,1.0,1.0,7.718623651535415,51,0.8333333333333334
24,1,persistent_damage,recent_contact,8000,0.2,0.03,continue,quiet,104.2,0.5200303174441475,0.968999091711902,7.716445300180777,52,0.8125
24,1,persistent_damage,recent_contact,8000,0.2,0.03,continue,quiet,105.2,0.41639970646975366,0.9446814951019454,7.956796361361185,52,0.8125
24,1,persistent_damage,recent_contact,8000,0.2,0.03,continue,quiet,106.2,0.4043325065093822,0.9372650828812119,8.186558437329786,53,0.7916666666666666
24,1,persistent_damage,recent_contact,8000,0.2,0.03,continue,quiet,107.2,0.4134333466782031,0.9400104970527011,8.426837676695243,53,0.7916666666666666
24,1,persistent_damage,recent_contact,8000,0.2,0.03,continue,quiet,108.2,0.43494714474652757,0.9590891622278297,8.632704521633908,54,0.75
24,1,persistent_damage,recent_contact,8000,0.2,0.03,continue,quiet,109.2,0.6693682995819452,0.9806526308759028,8.838149121688636,54,0.75
24,1,persistent_damage,recent_contact,8000,0.2,0.03,continue,quiet,110.2,0.7885725045004967,0.9876280290327875,9.002622954123414,55,0.7291666666666666
24,1,persistent_damage,recent_contact,8000,0.2,0.03,continue,quiet,111.2,1.0,1.0,9.162317133851765,55,0.7291666666666666
24,1,persistent_damage,recent_contact,8000,0.2,0.03,continue,quiet,112.2,1.0,1.0,9.29448177670454,56,0.6875
24,1,persistent_damage,recent_contact,8000,0.2,0.03,continue,quiet,113.2,1.0,1.0,9.44998631522032,56,0.6875
24,1,persistent_damage,recent_contact,8000,0.2,0.03,continue,quiet,114.2,1.0,1.0,9.519852690772122,57,0.6458333333333334
24,1,persistent_damage,recent_contact,8000,0.2,0.03,continue,quiet,115.2,1.0,1.0,9.406952600778109,57,0.6458333333333334
24,1,persistent_damage,recent_contact,8000,0.2,0.03,continue,quiet,116.2,1.0,1.0,9.293775745432498,58,0.6458333333333334
24,1,persistent_damage,recent_contact,8000,0.2,0.03,continue,quiet,117.2,1.0,1.0,9.213874824464796,58,0.6458333333333334
24,1,persistent_damage,recent_contact,8000,0.2,0.03,continue,quiet,118.2,1.0,1.0,9.12312513058066,59,0.625
24,1,persistent_damage,recent_contact,8000,0.2,0.03,continue,quiet,119.2,1.0,1.0,9.105233413400756,59,0.625
24,1,persistent_damage,recent_contact,8000,0.2,0.03,continue,quiet,120.2,1.0,1.0,9.055274729931975,60,0.625
24,1,persistent_damage,recent_contact,8000,0.2,0.03,continue,second,121.2,0.23415934095100968,0.9226591463771499,8.876371941583876,60,0.625
24,1,persistent_damage,recent_contact,8000,0.2,0.03,continue,second,122.2,0.10205693331021325,0.8405839188092663,8.472975471104448,61,0.5833333333333334
24,1,persistent_damage,recent_contact,8000,0.2,0.03,continue,second,123.2,0.0048952312785519305,0.8158279648468709,8.303077043696716,61,0.5833333333333334
24,1,persistent_damage,recent_contact,8000,0.2,0.03,continue,second,124.2,0.0,0.8161273539589561,8.2213809158972,62,0.5833333333333334
24,1,persistent_damage,recent_contact,8000,0.2,0.03,continue,second,125.2,0.004416081359438679,0.8062646602214848,8.30595690716331,62,0.5833333333333334
24,1,persistent_damage,recent_contact,8000,0.2,0.03,continue,second,126.2,0.009805148408422403,0.8346821513742914,8.398943191232462,63,0.5625
24,1,persistent_damage,recent_contact,8000,0.2,0.03,continue,second,127.2,0.06872446870219794,0.8824654976759191,8.457464285221782,63,0.5625
24,1,persistent_damage,recent_contact,8000,0.2,0.03,continue,second,128.20000000000002,0.16125519420963566,0.8979615075121062,8.332661466818285,64,0.5416666666666666
24,1,persistent_damage,recent_contact,8000,0.2,0.03,continue,second,129.20000000000002,0.1692974341269438,0.8717273805570307,8.146277249651508,64,0.5416666666666666
24,1,persistent_damage,recent_contact,8000,0.2,0.03,continue,second,130.20000000000002,0.1673940295261231,0.8803837270307888,8.031827456264311,65,0.5416666666666666
24,1,persistent_damage,recent_contact,8000,0.2,0.03,continue,second,131.20000000000002,0.23837186016776477,0.9206677342575673,7.955168614561036,65,0.5416666666666666
24,1,persistent_damage,recent_contact,8000,0.2,0.03,continue,second,132.20000000000002,0.2870176362528889,0.944256481104914,7.812890734056591,66,0.5208333333333334
24,1,persistent_damage,recent_contact,8000,0.2,0.03,continue,second,133.20000000000002,0.27621145980408723,0.9385015590955754,7.7616442781016435,66,0.5208333333333334
24,1,persistent_damage,recent_contact,8000,0.2,0.03,continue,second,134.20000000000002,0.2664443190816728,0.9376886479269219,7.705803057939287,67,0.4791666666666667
24,1,persistent_damage,recent_contact,8000,0.2,0.03,continue,second,135.20000000000002,0.42102402766927227,0.9518183735110036,7.721751472896667,67,0.4791666666666667
24,1,persistent_damage,recent_contact,8000,0.2,0.03,continue,second,136.20000000000002,0.41686662928578966,0.9544885933279581,7.680654715955038,68,0.4791666666666667
24,1,persistent_damage,recent_contact,8000,0.2,0.03,continue,second,137.20000000000002,0.4054894651187186,0.9543666304197747,7.60824380881596,68,0.4791666666666667
24,1,persistent_damage,recent_contact,8000,0.2,0.03,continue,second,138.20000000000002,0.39445934753029016,0.9645659550848731,7.532803678572478,69,0.5
24,1,persistent_damage,recent_contact,8000,0.2,0.03,continue,second,139.20000000000002,0.421364564649651,0.9661403509044938,7.497730736034556,69,0.5
24,1,persistent_damage,recent_contact,8000,0.2,0.03,continue,second,140.20000000000002,1.0,1.0,7.419605129894302,70,0.4791666666666667
24,1,persistent_damage,recent_contact,8000,0.2,0.03,continue,second,141.20000000000002,1.0,1.0,7.300881067640274,70,0.4791666666666667
24,1,persistent_damage,recent_contact,8000,0.2,0.03,continue,second,142.20000000000002,1.0,1.0,7.121897390261898,71,0.4791666666666667
24,1,persistent_damage,recent_contact,8000,0.2,0.03,continue,second,143.20000000000002,1.0,1.0,6.910388828503027,71,0.4791666666666667
24,1,persistent_damage,recent_contact,8000,0.2,0.03,continue,second,144.20000000000002,1.0,1.0,6.732908913310077,72,0.5
24,1,persistent_damage,recent_contact,8000,0.2,0.03,continue,second,145.20000000000002,1.0,1.0,6.727024459038926,72,0.5
24,1,persistent_damage,recent_contact,8000,0.2,0.03,continue,second,146.20000000000002,1.0,1.0,6.6598657496831635,73,0.4791666666666667
24,1,persistent_damage,recent_contact,8000,0.2,0.03,continue,second,147.20000000000002,1.0,1.0,6.536509822378356,73,0.4791666666666667
24,1,persistent_damage,recent_contact,8000,0.2,0.03,continue,second,148.20000000000002,1.0,1.0,6.420553590860094,74,0.4583333333333333
24,1,persistent_damage,recent_contact,8000,0.2,0.03,continue,second,149.20000000000002,1.0,1.0,6.423441692124253,74,0.4583333333333333
24,1,persistent_damage,recent_contact,8000,0.2,0.03,continue,second,150.20000000000002,1.0,1.0,6.440063584040901,75,0.4375
24,1,persistent_damage,recent_contact,8000,0.2,0.03,continue,second,151.20000000000002,1.0,1.0,6.563032596843135,75,0.4375
24,1,persistent_damage,recent_contact,8000,0.2,0.03,continue,second,152.20000000000002,1.0,1.0,6.6879641198007205,76,0.4375
24,1,persistent_damage,recent_contact,8000,0.2,0.03,continue,second,153.20000000000002,1.0,1.0,6.937072583350698,76,0.4375
24,1,persistent_damage,recent_contact,8000,0.2,0.03,continue,second,154.20000000000002,1.0,1.0,7.166570671623868,77,0.3958333333333333
24,1,persistent_damage,recent_contact,8000,0.2,0.03,continue,second,155.20000000000002,1.0,1.0,7.451824197873377,77,0.3958333333333333
24,1,persistent_damage,recent_contact,8000,0.2,0.03,continue,second,156.20000000000002,1.0,1.0,7.693551847993573,78,0.3958333333333333
24,1,persistent_damage,recent_contact,8000,0.2,0.03,continue,second,157.20000000000002,1.0,1.0,7.9272177037692995,78,0.3958333333333333
24,1,persistent_damage,recent_contact,8000,0.2,0.03,continue,second,158.20000000000002,1.0,1.0,8.149255763512235,79,0.4166666666666667
24,1,persistent_damage,recent_contact,8000,0.2,0.03,continue,second,159.20000000000002,1.0,1.0,8.38231950453214,79,0.4166666666666667
24,1,persistent_damage,recent_contact,8000,0.2,0.03,continue,second,160.20000000000002,1.0,1.0,8.551161899579856,80,0.3958333333333333
24,1,persistent_damage,recent_contact,8000,0.2,0.03,continue,second,161.20000000000002,1.0,1.0,8.626705282954587,80,0.3958333333333333
24,1,persistent_damage,recent_contact,8000,0.2,0.03,continue,second,162.20000000000002,1.0,1.0,8.667403442901431,81,0.3958333333333333
24,1,persistent_damage,recent_contact,8000,0.2,0.03,continue,second,163.20000000000002,1.0,1.0,8.75606150189413,81,0.3958333333333333
24,1,persistent_damage,recent_contact,8000,0.2,0.03,continue,second,164.20000000000002,1.0,1.0,8.861208934992007,82,0.375
24,1,persistent_damage,recent_contact,8000,0.2,0.03,continue,second,165.20000000000002,1.0,1.0,9.131301059338025,82,0.375
24,1,persistent_damage,recent_contact,8000,0.2,0.03,continue,second,166.20000000000002,1.0,1.0,9.402310422926842,83,0.3958333333333333
24,1,persistent_damage,recent_contact,8000,0.2,0.03,continue,second,167.20000000000002,1.0,1.0,9.824669328371439,83,0.3958333333333333
24,1,persistent_damage,recent_contact,8000,0.2,0.03,continue,second,168.20000000000002,1.0,1.0,10.213482935363285,84,0.3958333333333333
24,1,persistent_damage,recent_contact,8000,0.2,0.03,continue,second,169.20000000000002,1.0,1.0,10.64691485906685,84,0.3958333333333333
24,1,persistent_damage,recent_contact,8000,0.2,0.03,continue,second,170.20000000000002,1.0,1.0,11.064325151920537,85,0.3958333333333333
24,1,persistent_damage,recent_contact,8000,0.2,0.03,continue,second,171.20000000000002,1.0,1.0,11.508004113462768,85,0.3958333333333333
24,1,persistent_damage,recent_contact,8000,0.2,0.03,continue,second,172.20000000000002,1.0,1.0,11.926860021533505,86,0.3958333333333333
24,1,persistent_damage,recent_contact,8000,0.2,0.03,continue,second,173.20000000000002,1.0,1.0,12.368775453550446,86,0.3958333333333333
24,1,persistent_damage,recent_contact,8000,0.2,0.03,continue,second,174.20000000000002,1.0,1.0,12.784682297612978,87,0.375
24,1,persistent_damage,recent_contact,8000,0.2,0.03,continue,second,175.20000000000002,1.0,1.0,13.224794849876032,87,0.375
24,1,persistent_damage,recent_contact,8000,0.2,0.03,continue,second,176.20000000000002,1.0,1.0,13.598431666398403,88,0.3333333333333333
24,1,persistent_damage,recent_contact,8000,0.2,0.03,continue,second,177.20000000000002,1.0,1.0,13.83799246650349,88,0.3333333333333333
24,1,persistent_damage,recent_contact,8000,0.2,0.03,continue,second,178.20000000000002,1.0,1.0,14.058788842313312,89,0.3541666666666667
24,1,persistent_damage,recent_contact,8000,0.2,0.03,continue,second,179.20000000000002,1.0,1.0,14.278744362502676,89,0.3541666666666667
24,1,persistent_damage,recent_contact,8000,0.2,0.03,continue,second,180.20000000000002,1.0,1.0,14.461706732786501,90,0.3125
24,1,persistent_damage,recent_contact,8000,0.2,0.03,pause,quiet,91.2,1.0,1.0,8.36992973798096,45,1.0
24,1,persistent_damage,recent_contact,8000,0.2,0.03,pause,quiet,92.2,1.0,1.0,8.499573205559914,45,1.0
24,1,persistent_damage,recent_contact,8000,0.2,0.03,pause,quiet,93.2,1.0,1.0,8.610125243422445,45,1.0
24,1,persistent_damage,recent_contact,8000,0.2,0.03,pause,quiet,94.2,1.0,1.0,8.713506833589312,45,1.0
24,1,persistent_damage,recent_contact,8000,0.2,0.03,pause,quiet,95.2,1.0,1.0,8.81367351602208,45,1.0
24,1,persistent_damage,recent_contact,8000,0.2,0.03,pause,quiet,96.2,1.0,1.0,8.91216097318923,45,1.0
24,1,persistent_damage,recent_contact,8000,0.2,0.03,pause,quiet,97.2,1.0,1.0,9.009651198981373,45,1.0
24,1,persistent_damage,recent_contact,8000,0.2,0.03,pause,quiet,98.2,1.0,1.0,9.106477288719825,45,1.0
24,1,persistent_damage,recent_contact,8000,0.2,0.03,pause,quiet,99.2,1.0,1.0,9.20281165624063,45,1.0
24,1,persistent_damage,recent_contact,8000,0.2,0.03,pause,quiet,100.2,1.0,1.0,9.298746674408381,45,1.0
24,1,persistent_damage,recent_contact,8000,0.2,0.03,pause,quiet,101.2,1.0,1.0,9.394332947864317,45,1.0
24,1,persistent_damage,recent_contact,8000,0.2,0.03,pause,quiet,102.2,1.0,1.0,9.48959869080986,45,1.0
24,1,persistent_damage,recent_contact,8000,0.2,0.03,pause,quiet,103.2,1.0,1.0,9.584559919667347,45,1.0
24,1,persistent_damage,recent_contact,8000,0.2,0.03,pause,quiet,104.2,1.0,1.0,9.679225936663222,45,1.0
24,1,persistent_damage,recent_contact,8000,0.2,0.03,pause,quiet,105.2,1.0,1.0,9.773602321454604,45,1.0
24,1,persistent_damage,recent_contact,8000,0.2,0.03,pause,quiet,106.2,1.0,1.0,9.867692578431553,45,1.0
24,1,persistent_damage,recent_contact,8000,0.2,0.03,pause,quiet,107.2,1.0,1.0,9.961499049789337,45,1.0
24,1,persistent_damage,recent_contact,8000,0.2,0.03,pause,quiet,108.2,1.0,1.0,10.055023424172777,45,1.0
24,1,persistent_damage,recent_contact,8000,0.2,0.03,pause,quiet,109.2,1.0,1.0,10.148267021166308,45,1.0
24,1,persistent_damage,recent_contact,8000,0.2,0.03,pause,quiet,110.2,1.0,1.0,10.241230950946683,45,1.0
24,1,persistent_damage,recent_contact,8000,0.2,0.03,pause,quiet,111.2,1.0,1.0,10.333916204137816,45,1.0
24,1,persistent_damage,recent_contact,8000,0.2,0.03,pause,quiet,112.2,1.0,1.0,10.426323702511926,45,1.0
24,1,persistent_damage,recent_contact,8000,0.2,0.03,pause,quiet,113.2,1.0,1.0,10.51845432766418,45,1.0
24,1,persistent_damage,recent_contact,8000,0.2,0.03,pause,quiet,114.2,1.0,1.0,10.610308937264548,45,1.0
24,1,persistent_damage,recent_contact,8000,0.2,0.03,pause,quiet,115.2,1.0,1.0,10.701888374287371,45,1.0
24,1,persistent_damage,recent_contact,8000,0.2,0.03,pause,quiet,116.2,1.0,1.0,10.79319347226324,45,1.0
24,1,persistent_damage,recent_contact,8000,0.2,0.03,pause,quiet,117.2,1.0,1.0,10.884225058273426,45,1.0
24,1,persistent_damage,recent_contact,8000,0.2,0.03,pause,quiet,118.2,1.0,1.0,10.974983954661047,45,1.0
24,1,persistent_damage,recent_contact,8000,0.2,0.03,pause,quiet,119.2,1.0,1.0,11.065470980011517,45,1.0
24,1,persistent_damage,recent_contact,8000,0.2,0.03,pause,quiet,120.2,1.0,1.0,11.155686949716305,45,1.0
24,1,persistent_damage,recent_contact,8000,0.2,0.03,pause,second,121.2,1.0,1.0,11.190912141270505,45,1.0
24,1,persistent_damage,recent_contact,8000,0.2,0.03,pause,second,122.2,1.0,1.0,10.969012167884385,46,0.9583333333333334
24,1,persistent_damage,recent_contact,8000,0.2,0.03,pause,second,123.2,1.0,1.0,10.590060740330268,46,0.9583333333333334
24,1,persistent_damage,recent_contact,8000,0.2,0.03,pause,second,124.2,1.0,1.0,10.173097913859447,47,0.9375
24,1,persistent_damage,recent_contact,8000,0.2,0.03,pause,second,125.2,1.0,1.0,9.815646601881387,47,0.9375
24,1,persistent_damage,recent_contact,8000,0.2,0.03,pause,second,126.2,1.0,1.0,9.442439014882098,48,0.8958333333333334
24,1,persistent_damage,recent_contact,8000,0.2,0.03,pause,second,127.2,1.0,1.0,9.280104883409336,48,0.8958333333333334
24,1,persistent_damage,recent_contact,8000,0.2,0.03,pause,second,128.20000000000002,1.0,1.0,9.191053447048665,49,0.8541666666666666
24,1,persistent_damage,recent_contact,8000,0.2,0.03,pause,second,129.20000000000002,1.0,1.0,9.175778166812762,49,0.8541666666666666
24,1,persistent_damage,recent_contact,8000,0.2,0.03,pause,second,130.20000000000002,1.0,1.0,9.195751416474419,50,0.8125
24,1,persistent_damage,recent_contact,8000,0.2,0.03,pause,second,131.20000000000002,1.0,1.0,9.383391283614602,50,0.8125
24,1,persistent_damage,recent_contact,8000,0.2,0.03,pause,second,132.20000000000002,1.0,1.0,9.513932865232857,51,0.7916666666666666
24,1,persistent_damage,recent_contact,8000,0.2,0.03,pause,second,133.20000000000002,1.0,1.0,9.6495363056356,51,0.7916666666666666
24,1,persistent_damage,recent_contact,8000,0.2,0.03,pause,second,134.20000000000002,1.0,1.0,9.7392708832047,52,0.75
24,1,persistent_damage,recent_contact,8000,0.2,0.03,pause,second,135.20000000000002,1.0,1.0,9.866319790666875,52,0.75
24,1,persistent_damage,recent_contact,8000,0.2,0.03,pause,second,136.20000000000002,1.0,1.0,9.950165348227832,53,0.7291666666666666
24,1,persistent_damage,recent_contact,8000,0.2,0.03,pause,second,137.20000000000002,1.0,1.0,9.970372928017131,53,0.7291666666666666
24,1,persistent_damage,recent_contact,8000,0.2,0.03,pause,second,138.20000000000002,1.0,1.0,9.984245417551762,54,0.7083333333333334
24,1,persistent_damage,recent_contact,8000,0.2,0.03,pause,second,139.20000000000002,1.0,1.0,10.166384877585248,54,0.7083333333333334
24,1,persistent_damage,recent_contact,8000,0.2,0.03,pause,second,140.20000000000002,1.0,1.0,10.255141293457182,55,0.6666666666666666
24,1,persistent_damage,recent_contact,8000,0.2,0.03,pause,second,141.20000000000002,1.0,1.0,10.11510497759971,55,0.6666666666666666
24,1,persistent_damage,recent_contact,8000,0.2,0.03,pause,second,142.20000000000002,1.0,1.0,9.928863860411024,56,0.6458333333333334
24,1,persistent_damage,recent_contact,8000,0.2,0.03,pause,second,143.20000000000002,1.0,1.0,9.734434694360282,56,0.6458333333333334
24,1,persistent_damage,recent_contact,8000,0.2,0.03,pause,second,144.20000000000002,0.889029584598577,0.9935064133720056,9.470383731434517,57,0.625
24,1,persistent_damage,recent_contact,8000,0.2,0.03,pause,second,145.20000000000002,0.615099945941073,0.9610934324938601,9.162043315421567,57,0.625
24,1,persistent_damage,recent_contact,8000,0.2,0.03,pause,second,146.20000000000002,0.4715094129641928,0.9384909858309237,8.874022444333509,58,0.6041666666666666
24,1,persistent_damage,recent_contact,8000,0.2,0.03,pause,second,147.20000000000002,0.40191968598607786,0.9124350029691358,8.544765816774738,58,0.6041666666666666
24,1,persistent_damage,recent_contact,8000,0.2,0.03,pause,second,148.20000000000002,0.38472215721657166,0.9525854795109782,8.222231412364424,59,0.5625
24,1,persistent_damage,recent_contact,8000,0.2,0.03,pause,second,149.20000000000002,0.32316868328280496,0.8880796160650344,7.980284408478898,59,0.5625
24,1,persistent_damage,recent_contact,8000,0.2,0.03,pause,second,150.20000000000002,0.3289882437591192,0.8844091118548552,7.782657619045772,60,0.5416666666666666
24,1,persistent_damage,recent_contact,8000,0.2,0.03,pause,second,151.20000000000002,0.31556248800179326,0.8704200299734806,7.758187291593966,60,0.5416666666666666
24,1,persistent_damage,recent_contact,8000,0.2,0.03,pause,second,152.20000000000002,0.3156639797353871,0.867766153788397,7.731795832132482,61,0.5416666666666666
24,1,persistent_damage,recent_contact,8000,0.2,0.03,pause,second,153.20000000000002,0.3182333512157039,0.8677999235199538,7.702823422787168,61,0.5416666666666666
24,1,persistent_damage,recent_contact,8000,0.2,0.03,pause,second,154.20000000000002,0.3282984186985406,0.8713641064742157,7.593793436417945,62,0.5
24,1,persistent_damage,recent_contact,8000,0.2,0.03,pause,second,155.20000000000002,0.3259855912107111,0.9072573992490525,7.2465117578520735,62,0.5
24,1,persistent_damage,recent_contact,8000,0.2,0.03,pause,second,156.20000000000002,0.318368912187767,0.9082841019874303,6.847367675473085,63,0.4791666666666667
24,1,persistent_damage,recent_contact,8000,0.2,0.03,pause,second,157.20000000000002,0.3434903349004077,0.9281361013384597,6.403240228898391,63,0.4791666666666667
24,1,persistent_damage,recent_contact,8000,0.2,0.03,pause,second,158.20000000000002,0.27822895610361575,0.9006840380323311,5.9898496767896345,64,0.4791666666666667
24,1,persistent_damage,recent_contact,8000,0.2,0.03,pause,second,159.20000000000002,0.22361672553653406,0.9277132006159011,5.766427852038241,64,0.4791666666666667
24,1,persistent_damage,recent_contact,8000,0.2,0.03,pause,second,160.20000000000002,0.8180780143856985,0.9656670865857376,5.478065167816757,65,0.4583333333333333
24,1,persistent_damage,recent_contact,8000,0.2,0.03,pause,second,161.20000000000002,0.43973335182840484,0.9086843683946363,5.151427784875798,65,0.4583333333333333
24,1,persistent_damage,recent_contact,8000,0.2,0.03,pause,second,162.20000000000002,0.37555856143918603,0.8901519647826627,4.930403570441104,66,0.4583333333333333
24,1,persistent_damage,recent_contact,8000,0.2,0.03,pause,second,163.20000000000002,0.3040497084266157,0.8881611696942445,4.838634637885868,66,0.4583333333333333
24,1,persistent_damage,recent_contact,8000,0.2,0.03,pause,second,164.20000000000002,0.27223146782581775,0.8938216774291364,4.7583112119078494,67,0.4583333333333333
24,1,persistent_damage,recent_contact,8000,0.2,0.03,pause,second,165.20000000000002,0.3427349448077457,0.8871194063492918,4.769372957810167,67,0.4583333333333333
24,1,persistent_damage,recent_contact,8000,0.2,0.03,pause,second,166.20000000000002,0.35481723994842373,0.9236142427715051,4.785505685322747,68,0.4791666666666667
24,1,persistent_damage,recent_contact,8000,0.2,0.03,pause,second,167.20000000000002,0.6416988478904049,0.9445032566458957,4.8295553578813095,68,0.4791666666666667
24,1,persistent_damage,recent_contact,8000,0.2,0.03,pause,second,168.20000000000002,0.668850872798881,0.9473794996162263,4.865669458479449,69,0.4583333333333333
24,1,persistent_damage,recent_contact,8000,0.2,0.03,pause,second,169.20000000000002,0.6770853320816854,0.9585649570117799,5.0070709259439505,69,0.4583333333333333
24,1,persistent_damage,recent_contact,8000,0.2,0.03,pause,second,170.20000000000002,0.6850899604933623,0.9610964779684752,5.128914905849054,70,0.4583333333333333
24,1,persistent_damage,recent_contact,8000,0.2,0.03,pause,second,171.20000000000002,0.7456754950578217,0.9826940266053172,5.375224571977636,70,0.4583333333333333
24,1,persistent_damage,recent_contact,8000,0.2,0.03,pause,second,172.20000000000002,0.7703638382633379,0.9865625238604088,5.5484780299685745,71,0.4375
24,1,persistent_damage,recent_contact,8000,0.2,0.03,pause,second,173.20000000000002,0.7910575907580685,0.9877734472763186,5.601619715742318,71,0.4375
24,1,persistent_damage,recent_contact,8000,0.2,0.03,pause,second,174.20000000000002,0.8932769483668997,0.9937549537101709,5.636676131139637,72,0.4583333333333333
24,1,persistent_damage,recent_contact,8000,0.2,0.03,pause,second,175.20000000000002,0.9232026134082638,0.9955060951981386,5.6960184568283605,72,0.4583333333333333
24,1,persistent_damage,recent_contact,8000,0.2,0.03,pause,second,176.20000000000002,0.9494045583973435,0.9970393380808749,5.726334270491447,73,0.4375
24,1,persistent_damage,recent_contact,8000,0.2,0.03,pause,second,177.20000000000002,1.0,1.0,5.796866071721537,73,0.4375
24,1,persistent_damage,recent_contact,8000,0.2,0.03,pause,second,178.20000000000002,1.0,1.0,5.869788227990838,74,0.4375
24,1,persistent_damage,recent_contact,8000,0.2,0.03,pause,second,179.20000000000002,1.0,1.0,5.971540232007341,74,0.4375
24,1,persistent_damage,recent_contact,8000,0.2,0.03,pause,second,180.20000000000002,1.0,1.0,6.0239512500446235,75,0.4375
24,1,persistent_damage,experience_swap,8000,0.2,0.03,common,first,0.2,1.0,1.0,16.89903143147344,0,
24,1,persistent_damage,experience_swap,8000,0.2,0.03,common,first,1.2000000000000002,1.0,1.0,17.35718035779203,0,
24,1,persistent_damage,experience_swap,8000,0.2,0.03,common,first,2.2,1.0,1.0,17.775917063855022,1,
24,1,persistent_damage,experience_swap,8000,0.2,0.03,common,first,3.2,1.0,1.0,18.212422852921417,1,
24,1,persistent_damage,experience_swap,8000,0.2,0.03,common,first,4.2,1.0,1.0,18.620619670554746,2,
24,1,persistent_damage,experience_swap,8000,0.2,0.03,common,first,5.2,1.0,1.0,19.04972560160495,2,
24,1,persistent_damage,experience_swap,8000,0.2,0.03,common,first,6.2,1.0,1.0,19.449915545986727,3,
24,1,persistent_damage,experience_swap,8000,0.2,0.03,common,first,7.2,1.0,1.0,19.866298239111057,3,
24,1,persistent_damage,experience_swap,8000,0.2,0.03,common,first,8.200000000000001,1.0,1.0,20.257020337134293,4,
24,1,persistent_damage,experience_swap,8000,0.2,0.03,common,first,9.200000000000001,1.0,1.0,20.672357908768085,4,
24,1,persistent_damage,experience_swap,8000,0.2,0.03,common,first,10.200000000000001,1.0,1.0,21.063024790545718,5,
24,1,persistent_damage,experience_swap,8000,0.2,0.03,common,first,11.200000000000001,1.0,1.0,21.47611610634118,5,
24,1,persistent_damage,experience_swap,8000,0.2,0.03,common,first,12.200000000000001,1.0,1.0,21.862498049353448,6,
24,1,persistent_damage,experience_swap,8000,0.2,0.03,common,first,13.200000000000001,1.0,1.0,22.270608069304597,6,
24,1,persistent_damage,experience_swap,8000,0.2,0.03,common,first,14.200000000000001,1.0,1.0,22.65624148260294,7,
24,1,persistent_damage,experience_swap,8000,0.2,0.03,common,first,15.200000000000001,1.0,1.0,23.068262533236123,7,
24,1,persistent_damage,experience_swap,8000,0.2,0.03,common,first,16.2,1.0,1.0,23.457187257196402,8,
24,1,persistent_damage,experience_swap,8000,0.2,0.03,common,first,17.2,1.0,1.0,23.869451904141883,8,
24,1,persistent_damage,experience_swap,8000,0.2,0.03,common,first,18.2,1.0,1.0,24.256427599720894,9,
24,1,persistent_damage,experience_swap,8000,0.2,0.03,common,first,19.200000000000003,1.0,1.0,24.665642692036066,9,
24,1,persistent_damage,experience_swap,8000,0.2,0.03,common,first,20.200000000000003,1.0,1.0,25.04869803929139,10,
24,1,persistent_damage,experience_swap,8000,0.2,0.03,common,first,21.200000000000003,1.0,1.0,25.453946329317613,10,
24,1,persistent_damage,experience_swap,8000,0.2,0.03,common,first,22.200000000000003,1.0,1.0,25.83339766980247,11,
24,1,persistent_damage,experience_swap,8000,0.2,0.03,common,first,23.200000000000003,1.0,1.0,26.2356195609454,11,
24,1,persistent_damage,experience_swap,8000,0.2,0.03,common,first,24.200000000000003,1.0,1.0,26.61133831553942,12,
24,1,persistent_damage,experience_swap,8000,0.2,0.03,common,first,25.200000000000003,1.0,1.0,27.010880805664492,12,
24,1,persistent_damage,experience_swap,8000,0.2,0.03,common,first,26.200000000000003,1.0,1.0,27.38463858893733,13,
24,1,persistent_damage,experience_swap,8000,0.2,0.03,common,first,27.200000000000003,1.0,1.0,27.783096582545568,13,
24,1,persistent_damage,experience_swap,8000,0.2,0.03,common,first,28.200000000000003,1.0,1.0,28.156301629627265,14,
24,1,persistent_damage,experience_swap,8000,0.2,0.03,common,first,29.200000000000003,1.0,1.0,28.552285442082244,14,
24,1,persistent_damage,experience_swap,8000,0.2,0.03,common,first,30.200000000000003,1.0,1.0,28.923939045470824,15,
24,1,persistent_damage,experience_swap,8000,0.2,0.03,common,first,31.200000000000003,1.0,1.0,29.31913564445786,15,
24,1,persistent_damage,experience_swap,8000,0.2,0.03,common,first,32.2,1.0,1.0,29.689345062470736,16,
24,1,persistent_damage,experience_swap,8000,0.2,0.03,common,first,33.2,1.0,1.0,30.08136706117321,16,
24,1,persistent_damage,experience_swap,8000,0.2,0.03,common,first,34.2,1.0,1.0,30.449376947613487,17,
24,1,persistent_damage,experience_swap,8000,0.2,0.03,common,first,35.2,1.0,1.0,30.838958007011623,17,
24,1,persistent_damage,experience_swap,8000,0.2,0.03,common,first,36.2,1.0,1.0,31.197331537983686,18,
24,1,persistent_damage,experience_swap,8000,0.2,0.03,common,first,37.2,1.0,1.0,31.577059506150363,18,
24,1,persistent_damage,experience_swap,8000,0.2,0.03,common,first,38.2,1.0,1.0,31.930902631253097,19,
24,1,persistent_damage,experience_swap,8000,0.2,0.03,common,first,39.2,1.0,1.0,32.30679504698709,19,
24,1,persistent_damage,experience_swap,8000,0.2,0.03,common,first,40.2,1.0,1.0,32.290783750054764,20,
24,1,persistent_damage,experience_swap,8000,0.2,0.03,common,first,41.2,1.0,1.0,30.499298016241283,20,
24,1,persistent_damage,experience_swap,8000,0.2,0.03,common,first,42.2,1.0,1.0,28.559883644068375,21,
24,1,persistent_damage,experience_swap,8000,0.2,0.03,common,first,43.2,1.0,1.0,26.793971909878557,21,
24,1,persistent_damage,experience_swap,8000,0.2,0.03,common,first,44.2,1.0,1.0,25.057840632604787,22,
24,1,persistent_damage,experience_swap,8000,0.2,0.03,common,first,45.2,1.0,1.0,23.517230977103196,22,
24,1,persistent_damage,experience_swap,8000,0.2,0.03,common,first,46.2,1.0,1.0,21.974615151500497,23,
24,1,persistent_damage,experience_swap,8000,0.2,0.03,common,first,47.2,1.0,1.0,20.675543863060163,23,
24,1,persistent_damage,experience_swap,8000,0.2,0.03,common,first,48.2,1.0,1.0,19.468630592256886,24,
24,1,persistent_damage,experience_swap,8000,0.2,0.03,common,first,49.2,1.0,1.0,18.608731634525764,24,
24,1,persistent_damage,experience_swap,8000,0.2,0.03,common,first,50.2,1.0,1.0,17.713131062566095,25,
24,1,persistent_damage,experience_swap,8000,0.2,0.03,common,first,51.2,1.0,1.0,16.931249341861985,25,
24,1,persistent_damage,experience_swap,8000,0.2,0.03,common,first,52.2,1.0,1.0,16.15612215730043,26,
24,1,persistent_damage,experience_swap,8000,0.2,0.03,common,first,53.2,1.0,1.0,15.549951829669626,26,
24,1,persistent_damage,experience_swap,8000,0.2,0.03,common,first,54.2,1.0,1.0,14.973901941537541,27,
24,1,persistent_damage,experience_swap,8000,0.2,0.03,common,first,55.2,1.0,1.0,14.667757627217465,27,
24,1,persistent_damage,experience_swap,8000,0.2,0.03,common,first,56.2,1.0,1.0,14.362285966027127,28,
24,1,persistent_damage,experience_swap,8000,0.2,0.03,common,first,57.2,1.0,1.0,14.24174873507106,28,
24,1,persistent_damage,experience_swap,8000,0.2,0.03,common,first,58.2,1.0,1.0,14.061746491200536,29,
24,1,persistent_damage,experience_swap,8000,0.2,0.03,common,first,59.2,1.0,1.0,13.865750638861211,29,
24,1,persistent_damage,experience_swap,8000,0.2,0.03,common,first,60.2,1.0,1.0,13.671891930479587,30,
24,1,persistent_damage,experience_swap,8000,0.2,0.03,common,first,61.2,1.0,1.0,13.497473199563842,30,
24,1,persistent_damage,experience_swap,8000,0.2,0.03,common,first,62.2,1.0,1.0,13.295323955059075,31,
24,1,persistent_damage,experience_swap,8000,0.2,0.03,common,first,63.2,1.0,1.0,13.185584874172324,31,
24,1,persistent_damage,experience_swap,8000,0.2,0.03,common,first,64.2,1.0,1.0,13.148520760168974,32,
24,1,persistent_damage,experience_swap,8000,0.2,0.03,common,first,65.2,1.0,1.0,13.292328449245053,32,
24,1,persistent_damage,experience_swap,8000,0.2,0.03,common,first,66.2,1.0,1.0,13.410289159386938,33,
24,1,persistent_damage,experience_swap,8000,0.2,0.03,common,first,67.2,1.0,1.0,13.59084438687941,33,
24,1,persistent_damage,experience_swap,8000,0.2,0.03,common,first,68.2,1.0,1.0,13.736488497718518,34,
24,1,persistent_damage,experience_swap,8000,0.2,0.03,common,first,69.2,1.0,1.0,13.84937785693809,34,
24,1,persistent_damage,experience_swap,8000,0.2,0.03,common,first,70.2,1.0,1.0,13.96743132417803,35,
24,1,persistent_damage,experience_swap,8000,0.2,0.03,common,first,71.2,1.0,1.0,14.282012182419173,35,
24,1,persistent_damage,experience_swap,8000,0.2,0.03,common,first,72.2,1.0,1.0,14.591238923176153,36,
24,1,persistent_damage,experience_swap,8000,0.2,0.03,common,first,73.2,1.0,1.0,14.899952356832873,36,
24,1,persistent_damage,experience_swap,8000,0.2,0.03,common,first,74.2,1.0,1.0,15.164739713107494,37,
24,1,persistent_damage,experience_swap,8000,0.2,0.03,common,first,75.2,1.0,1.0,15.421429521566493,37,
24,1,persistent_damage,experience_swap,8000,0.2,0.03,common,first,76.2,1.0,1.0,15.647273096851166,38,
24,1,persistent_damage,experience_swap,8000,0.2,0.03,common,first,77.2,1.0,1.0,15.908482426387167,38,
24,1,persistent_damage,experience_swap,8000,0.2,0.03,common,first,78.2,1.0,1.0,16.094251628041636,39,
24,1,persistent_damage,experience_swap,8000,0.2,0.03,common,first,79.2,1.0,1.0,16.135200800293084,39,
24,1,persistent_damage,experience_swap,8000,0.2,0.03,common,first,80.2,1.0,1.0,16.13371351613236,40,
24,1,persistent_damage,experience_swap,8000,0.2,0.03,common,first,81.2,1.0,1.0,16.124722686750538,40,
24,1,persistent_damage,experience_swap,8000,0.2,0.03,common,first,82.2,1.0,1.0,16.071848634124052,41,
24,1,persistent_damage,experience_swap,8000,0.2,0.03,common,first,83.2,1.0,1.0,16.06624654315919,41,
24,1,persistent_damage,experience_swap,8000,0.2,0.03,common,first,84.2,1.0,1.0,16.06521166774827,42,
24,1,persistent_damage,experience_swap,8000,0.2,0.03,common,first,85.2,1.0,1.0,16.157607584871904,42,
24,1,persistent_damage,experience_swap,8000,0.2,0.03,common,first,86.2,1.0,1.0,16.268199404448815,43,
24,1,persistent_damage,experience_swap,8000,0.2,0.03,common,first,87.2,1.0,1.0,16.56716388779978,43,
24,1,persistent_damage,experience_swap,8000,0.2,0.03,common,first,88.2,1.0,1.0,16.826199698423302,44,
24,1,persistent_damage,experience_swap,8000,0.2,0.03,common,first,89.2,1.0,1.0,17.10963564158557,44,
24,1,persistent_damage,experience_swap,8000,0.2,0.03,common,first,90.2,1.0,1.0,17.375961748991926,45,
24,1,persistent_damage,experience_swap,8000,0.2,0.03,common,first,91.2,1.0,1.0,17.670720530469264,45,
24,1,persistent_damage,experience_swap,8000,0.2,0.03,common,first,92.2,1.0,1.0,17.95123100833995,46,
24,1,persistent_damage,experience_swap,8000,0.2,0.03,common,first,93.2,1.0,1.0,18.310064209803087,46,
24,1,persistent_damage,experience_swap,8000,0.2,0.03,common,first,94.2,1.0,1.0,18.64464043730315,47,
24,1,persistent_damage,experience_swap,8000,0.2,0.03,common,first,95.2,1.0,1.0,18.960191991913373,47,
24,1,persistent_damage,experience_swap,8000,0.2,0.03,common,first,96.2,1.0,1.0,19.17589313524949,48,
24,1,persistent_damage,experience_swap,8000,0.2,0.03,common,first,97.2,1.0,1.0,19.279653831109982,48,
24,1,persistent_damage,experience_swap,8000,0.2,0.03,common,first,98.2,1.0,1.0,19.39895028044356,49,
24,1,persistent_damage,experience_swap,8000,0.2,0.03,common,first,99.2,1.0,1.0,19.67685171263048,49,
24,1,persistent_damage,experience_swap,8000,0.2,0.03,common,first,100.2,1.0,1.0,19.891209475675126,50,
24,1,persistent_damage,experience_swap,8000,0.2,0.03,common,first,101.2,1.0,1.0,20.022934608365873,50,
24,1,persistent_damage,experience_swap,8000,0.2,0.03,common,first,102.2,1.0,1.0,20.16602016310228,51,
24,1,persistent_damage,experience_swap,8000,0.2,0.03,common,first,103.2,1.0,1.0,20.44738915361191,51,
24,1,persistent_damage,experience_swap,8000,0.2,0.03,common,first,104.2,1.0,1.0,20.711243938739763,52,
24,1,persistent_damage,experience_swap,8000,0.2,0.03,common,first,105.2,1.0,1.0,20.993675314354917,52,
24,1,persistent_damage,experience_swap,8000,0.2,0.03,common,first,106.2,1.0,1.0,21.249558514736115,53,
24,1,persistent_damage,experience_swap,8000,0.2,0.03,common,first,107.2,1.0,1.0,21.526699223571995,53,
24,1,persistent_damage,experience_swap,8000,0.2,0.03,common,first,108.2,1.0,1.0,21.74882587003934,54,
24,1,persistent_damage,experience_swap,8000,0.2,0.03,common,first,109.2,1.0,1.0,21.929696590692462,54,
24,1,persistent_damage,experience_swap,8000,0.2,0.03,common,first,110.2,1.0,1.0,22.061840906141416,55,
24,1,persistent_damage,experience_swap,8000,0.2,0.03,common,first,111.2,1.0,1.0,22.18836792873821,55,
24,1,persistent_damage,experience_swap,8000,0.2,0.03,common,first,112.2,1.0,1.0,22.30597228579426,56,
24,1,persistent_damage,experience_swap,8000,0.2,0.03,common,first,113.2,1.0,1.0,22.47517900695899,56,
24,1,persistent_damage,experience_swap,8000,0.2,0.03,common,first,114.2,1.0,1.0,22.629789443738023,57,
24,1,persistent_damage,experience_swap,8000,0.2,0.03,common,first,115.2,1.0,1.0,22.833902864300278,57,
24,1,persistent_damage,experience_swap,8000,0.2,0.03,common,first,116.2,1.0,1.0,23.027068783543037,58,
24,1,persistent_damage,experience_swap,8000,0.2,0.03,common,first,117.2,1.0,1.0,23.2368364252254,58,
24,1,persistent_damage,experience_swap,8000,0.2,0.03,common,first,118.2,1.0,1.0,23.389363801215072,59,
24,1,persistent_damage,experience_swap,8000,0.2,0.03,common,first,119.2,1.0,1.0,23.459216137706896,59,
24,1,temporary_damage,recent_contact,8000,0.2,0.03,common,first,0.2,1.0,1.0,16.89903143147344,0,
24,1,temporary_damage,recent_contact,8000,0.2,0.03,common,first,1.2000000000000002,1.0,1.0,17.35718035779203,0,
24,1,temporary_damage,recent_contact,8000,0.2,0.03,common,first,2.2,1.0,1.0,17.77608071081867,1,
24,1,temporary_damage,recent_contact,8000,0.2,0.03,common,first,3.2,1.0,1.0,18.213684956665777,1,
24,1,temporary_damage,recent_contact,8000,0.2,0.03,common,first,4.2,1.0,1.0,18.62336287014482,2,
24,1,temporary_damage,recent_contact,8000,0.2,0.03,common,first,5.2,1.0,1.0,19.052248395626364,2,
24,1,temporary_damage,recent_contact,8000,0.2,0.03,common,first,6.2,1.0,1.0,19.45277665999704,3,
24,1,temporary_damage,recent_contact,8000,0.2,0.03,common,first,7.2,1.0,1.0,19.87470286378152,3,
24,1,temporary_damage,recent_contact,8000,0.2,0.03,common,first,8.200000000000001,1.0,1.0,20.270473434660687,4,
24,1,temporary_damage,recent_contact,8000,0.2,0.03,common,first,9.200000000000001,1.0,1.0,20.687562023942515,4,
24,1,temporary_damage,recent_contact,8000,0.2,0.03,common,first,10.200000000000001,1.0,1.0,21.074804934907913,5,
24,1,temporary_damage,recent_contact,8000,0.2,0.03,common,first,11.200000000000001,1.0,1.0,21.484702976520794,5,
24,1,temporary_damage,recent_contact,8000,0.2,0.03,common,first,12.200000000000001,1.0,1.0,21.868781655486707,6,
24,1,temporary_damage,recent_contact,8000,0.2,0.03,common,first,13.200000000000001,1.0,1.0,22.27521250104447,6,
24,1,temporary_damage,recent_contact,8000,0.2,0.03,common,first,14.200000000000001,1.0,1.0,22.655331909324527,7,
24,1,temporary_damage,recent_contact,8000,0.2,0.03,common,first,15.200000000000001,1.0,1.0,23.054788239773735,7,
24,1,temporary_damage,recent_contact,8000,0.2,0.03,common,first,16.2,1.0,1.0,23.42975317489001,8,
24,1,temporary_damage,recent_contact,8000,0.2,0.03,common,first,17.2,1.0,1.0,23.833947250407945,8,
24,1,temporary_damage,recent_contact,8000,0.2,0.03,common,first,18.2,1.0,1.0,24.209555415889255,9,
24,1,temporary_damage,recent_contact,8000,0.2,0.03,common,first,19.200000000000003,1.0,1.0,24.600102026756968,9,
24,1,temporary_damage,recent_contact,8000,0.2,0.03,common,first,20.200000000000003,1.0,1.0,24.962436938332786,10,
24,1,temporary_damage,recent_contact,8000,0.2,0.03,common,first,21.200000000000003,1.0,1.0,25.35000412741734,10,
24,1,temporary_damage,recent_contact,8000,0.2,0.03,common,first,22.200000000000003,1.0,1.0,25.718028714740754,11,
24,1,temporary_damage,recent_contact,8000,0.2,0.03,common,first,23.200000000000003,1.0,1.0,26.112220808206366,11,
24,1,temporary_damage,recent_contact,8000,0.2,0.03,common,first,24.200000000000003,1.0,1.0,26.483776565102627,12,
24,1,temporary_damage,recent_contact,8000,0.2,0.03,common,first,25.200000000000003,1.0,1.0,26.88126500642899,12,
24,1,temporary_damage,recent_contact,8000,0.2,0.03,common,first,26.200000000000003,1.0,1.0,27.252021608924032,13,
24,1,temporary_damage,recent_contact,8000,0.2,0.03,common,first,27.200000000000003,1.0,1.0,27.645441932014247,13,
24,1,temporary_damage,recent_contact,8000,0.2,0.03,common,first,28.200000000000003,1.0,1.0,28.012968921722603,14,
24,1,temporary_damage,recent_contact,8000,0.2,0.03,common,first,29.200000000000003,1.0,1.0,28.40379257324473,14,
24,1,temporary_damage,recent_contact,8000,0.2,0.03,common,first,30.200000000000003,1.0,1.0,28.769765027284507,15,
24,1,temporary_damage,recent_contact,8000,0.2,0.03,common,first,31.200000000000003,1.0,1.0,29.16293049933242,15,
24,1,temporary_damage,recent_contact,8000,0.2,0.03,common,first,32.2,1.0,1.0,29.530750751308815,16,
24,1,temporary_damage,recent_contact,8000,0.2,0.03,common,first,33.2,1.0,1.0,29.922327672988523,16,
24,1,temporary_damage,recent_contact,8000,0.2,0.03,common,first,34.2,1.0,1.0,30.288345470023984,17,
24,1,temporary_damage,recent_contact,8000,0.2,0.03,common,first,35.2,1.0,1.0,30.679803065623872,17,
24,1,temporary_damage,recent_contact,8000,0.2,0.03,common,first,36.2,1.0,1.0,31.049621982014358,18,
24,1,temporary_damage,recent_contact,8000,0.2,0.03,common,first,37.2,1.0,1.0,31.442981652738837,18,
24,1,temporary_damage,recent_contact,8000,0.2,0.03,common,first,38.2,1.0,1.0,31.811578473079514,19,
24,1,temporary_damage,recent_contact,8000,0.2,0.03,common,first,39.2,1.0,1.0,32.20312422841559,19,
24,1,temporary_damage,recent_contact,8000,0.2,0.03,common,first,40.2,1.0,1.0,32.310847273760515,20,
24,1,temporary_damage,recent_contact,8000,0.2,0.03,common,first,41.2,1.0,1.0,31.137481104110158,20,
24,1,temporary_damage,recent_contact,8000,0.2,0.03,common,first,42.2,1.0,1.0,29.772433546119494,21,
24,1,temporary_damage,recent_contact,8000,0.2,0.03,common,first,43.2,1.0,1.0,28.35891733671035,21,
24,1,temporary_damage,recent_contact,8000,0.2,0.03,common,first,44.2,1.0,1.0,26.906307135706392,22,
24,1,temporary_damage,recent_contact,8000,0.2,0.03,common,first,45.2,1.0,1.0,25.37895662959717,22,
24,1,temporary_damage,recent_contact,8000,0.2,0.03,common,first,46.2,1.0,1.0,23.874387524932835,23,
24,1,temporary_damage,recent_contact,8000,0.2,0.03,common,first,47.2,1.0,1.0,22.580338131463417,23,
24,1,temporary_damage,recent_contact,8000,0.2,0.03,common,first,48.2,1.0,1.0,21.330969789412386,24,
24,1,temporary_damage,recent_contact,8000,0.2,0.03,common,first,49.2,1.0,1.0,20.308717915992418,24,
24,1,temporary_damage,recent_contact,8000,0.2,0.03,common,first,50.2,1.0,1.0,19.248986204118346,25,
24,1,temporary_damage,recent_contact,8000,0.2,0.03,common,first,51.2,1.0,1.0,18.274150995002902,25,
24,1,temporary_damage,recent_contact,8000,0.2,0.03,common,first,52.2,1.0,1.0,17.25912361374021,26,
24,1,temporary_damage,recent_contact,8000,0.2,0.03,common,first,53.2,1.0,1.0,16.262760082386396,26,
24,1,temporary_damage,recent_contact,8000,0.2,0.03,common,first,54.2,1.0,1.0,15.270254875398741,27,
24,1,temporary_damage,recent_contact,8000,0.2,0.03,common,first,55.2,1.0,1.0,14.532361268254812,27,
24,1,temporary_damage,recent_contact,8000,0.2,0.03,common,first,56.2,1.0,1.0,13.811511819301437,28,
24,1,temporary_damage,recent_contact,8000,0.2,0.03,common,first,57.2,1.0,1.0,13.19807765192455,28,
24,1,temporary_damage,recent_contact,8000,0.2,0.03,common,first,58.2,1.0,1.0,12.569421200844877,29,
24,1,temporary_damage,recent_contact,8000,0.2,0.03,common,first,59.2,1.0,1.0,12.001103106666417,29,
24,1,temporary_damage,recent_contact,8000,0.2,0.03,common,first,60.2,1.0,1.0,11.437492069455184,30,
24,1,temporary_damage,recent_contact,8000,0.2,0.03,common,first,61.2,1.0,1.0,10.975483889198632,30,
24,1,temporary_damage,recent_contact,8000,0.2,0.03,common,first,62.2,1.0,1.0,10.438271264760633,31,
24,1,temporary_damage,recent_contact,8000,0.2,0.03,common,first,63.2,1.0,1.0,10.03941245721939,31,
24,1,temporary_damage,recent_contact,8000,0.2,0.03,common,first,64.2,1.0,1.0,9.63144106090296,32,
24,1,temporary_damage,recent_contact,8000,0.2,0.03,common,first,65.2,1.0,1.0,9.243402708603924,32,
24,1,temporary_damage,recent_contact,8000,0.2,0.03,common,first,66.2,1.0,1.0,8.815448411015321,33,
24,1,temporary_damage,recent_contact,8000,0.2,0.03,common,first,67.2,1.0,1.0,8.408296524153883,33,
24,1,temporary_damage,recent_contact,8000,0.2,0.03,common,first,68.2,1.0,1.0,8.005998653576805,34,
24,1,temporary_damage,recent_contact,8000,0.2,0.03,common,first,69.2,1.0,1.0,7.638895566744017,34,
24,1,temporary_damage,recent_contact,8000,0.2,0.03,common,first,70.2,1.0,1.0,7.384008535006954,35,
24,1,temporary_damage,recent_contact,8000,0.2,0.03,common,first,71.2,1.0,1.0,7.8372208139130315,35,
24,1,temporary_damage,recent_contact,8000,0.2,0.03,common,first,72.2,1.0,1.0,8.267911291858702,36,
24,1,temporary_damage,recent_contact,8000,0.2,0.03,common,first,73.2,1.0,1.0,8.71874065277838,36,
24,1,temporary_damage,recent_contact,8000,0.2,0.03,common,first,74.2,1.0,1.0,9.145806776248019,37,
24,1,temporary_damage,recent_contact,8000,0.2,0.03,common,first,75.2,1.0,1.0,9.59636560314241,37,
24,1,temporary_damage,recent_contact,8000,0.2,0.03,common,first,76.2,1.0,1.0,10.02108695604728,38,
24,1,temporary_damage,recent_contact,8000,0.2,0.03,common,first,77.2,1.0,1.0,10.46936583201995,38,
24,1,temporary_damage,recent_contact,8000,0.2,0.03,common,first,78.2,1.0,1.0,10.893020149737373,39,
24,1,temporary_damage,recent_contact,8000,0.2,0.03,common,first,79.2,1.0,1.0,11.340081878593164,39,
24,1,temporary_damage,recent_contact,8000,0.2,0.03,common,first,80.2,1.0,1.0,11.762537483672174,40,
24,1,temporary_damage,recent_contact,8000,0.2,0.03,common,first,81.2,1.0,1.0,12.208279064754286,40,
24,1,temporary_damage,recent_contact,8000,0.2,0.03,common,first,82.2,1.0,1.0,12.627884509006439,41,
24,1,temporary_damage,recent_contact,8000,0.2,0.03,common,first,83.2,1.0,1.0,13.070916048529426,41,
24,1,temporary_damage,recent_contact,8000,0.2,0.03,common,first,84.2,1.0,1.0,13.48920930988465,42,
24,1,temporary_damage,recent_contact,8000,0.2,0.03,common,first,85.2,1.0,1.0,13.92976798433903,42,
24,1,temporary_damage,recent_contact,8000,0.2,0.03,common,first,86.2,1.0,1.0,14.346415872936811,43,
24,1,temporary_damage,recent_contact,8000,0.2,0.03,common,first,87.2,1.0,1.0,14.786885794612147,43,
24,1,temporary_damage,recent_contact,8000,0.2,0.03,common,first,88.2,1.0,1.0,15.199794103027092,44,
24,1,temporary_damage,recent_contact,8000,0.2,0.03,common,first,89.2,1.0,1.0,15.634642052675948,44,
24,1,temporary_damage,recent_contact,8000,0.2,0.03,common,first,90.2,1.0,1.0,16.0473496290805,45,
24,1,temporary_damage,recent_contact,8000,0.2,0.03,common,first,91.2,1.0,1.0,16.48284131953704,45,
24,1,temporary_damage,recent_contact,8000,0.2,0.03,common,first,92.2,1.0,1.0,16.891942311204048,46,
24,1,temporary_damage,recent_contact,8000,0.2,0.03,common,first,93.2,1.0,1.0,17.324480990445,46,
24,1,temporary_damage,recent_contact,8000,0.2,0.03,common,first,94.2,1.0,1.0,17.731609153340827,47,
24,1,temporary_damage,recent_contact,8000,0.2,0.03,common,first,95.2,1.0,1.0,18.16082983634823,47,
24,1,temporary_damage,recent_contact,8000,0.2,0.03,common,first,96.2,1.0,1.0,18.56420426490383,48,
24,1,temporary_damage,recent_contact,8000,0.2,0.03,common,first,97.2,1.0,1.0,18.99130723191784,48,
24,1,temporary_damage,recent_contact,8000,0.2,0.03,common,first,98.2,1.0,1.0,19.393674182414436,49,
24,1,temporary_damage,recent_contact,8000,0.2,0.03,common,first,99.2,1.0,1.0,19.819599072668804,49,
24,1,temporary_damage,recent_contact,8000,0.2,0.03,common,first,100.2,1.0,1.0,20.217827831340923,50,
24,1,temporary_damage,recent_contact,8000,0.2,0.03,common,first,101.2,1.0,1.0,20.63627465675251,50,
24,1,temporary_damage,recent_contact,8000,0.2,0.03,common,first,102.2,1.0,1.0,21.026156743869134,51,
24,1,temporary_damage,recent_contact,8000,0.2,0.03,common,first,103.2,1.0,1.0,21.437366962188186,51,
24,1,temporary_damage,recent_contact,8000,0.2,0.03,common,first,104.2,1.0,1.0,21.82269473722205,52,
24,1,temporary_damage,recent_contact,8000,0.2,0.03,common,first,105.2,1.0,1.0,22.23066732719532,52,
24,1,temporary_damage,recent_contact,8000,0.2,0.03,common,first,106.2,1.0,1.0,22.6121274376205,53,
24,1,temporary_damage,recent_contact,8000,0.2,0.03,common,first,107.2,1.0,1.0,23.017047003815804,53,
24,1,temporary_damage,recent_contact,8000,0.2,0.03,common,first,108.2,1.0,1.0,23.39990055115191,54,
24,1,temporary_damage,recent_contact,8000,0.2,0.03,common,first,109.2,1.0,1.0,23.808898109325504,54,
24,1,temporary_damage,recent_contact,8000,0.2,0.03,common,first,110.2,1.0,1.0,24.197584599273284,55,
24,1,temporary_damage,recent_contact,8000,0.2,0.03,common,first,111.2,1.0,1.0,24.610636975003995,55,
24,1,temporary_damage,recent_contact,8000,0.2,0.03,common,first,112.2,1.0,1.0,24.998110777277006,56,
24,1,temporary_damage,recent_contact,8000,0.2,0.03,common,first,113.2,1.0,1.0,25.408196085769625,56,
24,1,temporary_damage,recent_contact,8000,0.2,0.03,common,first,114.2,1.0,1.0,25.79228068402068,57,
24,1,temporary_damage,recent_contact,8000,0.2,0.03,common,first,115.2,1.0,1.0,26.198505762002398,57,
24,1,temporary_damage,recent_contact,8000,0.2,0.03,common,first,116.2,1.0,1.0,26.579832917516633,58,
24,1,temporary_damage,recent_contact,8000,0.2,0.03,common,first,117.2,1.0,1.0,26.986072519257732,58,
24,1,temporary_damage,recent_contact,8000,0.2,0.03,common,first,118.2,1.0,1.0,27.369699523661026,59,
24,1,temporary_damage,recent_contact,8000,0.2,0.03,common,first,119.2,1.0,1.0,27.77701315356523,59,
24,1,temporary_damage,experience_swap,8000,0.2,0.03,common,first,0.2,1.0,1.0,16.89903143147344,0,
24,1,temporary_damage,experience_swap,8000,0.2,0.03,common,first,1.2000000000000002,1.0,1.0,17.35718035779203,0,
24,1,temporary_damage,experience_swap,8000,0.2,0.03,common,first,2.2,1.0,1.0,17.775917063855022,1,
24,1,temporary_damage,experience_swap,8000,0.2,0.03,common,first,3.2,1.0,1.0,18.212422852921417,1,
24,1,temporary_damage,experience_swap,8000,0.2,0.03,common,first,4.2,1.0,1.0,18.620619670554746,2,
24,1,temporary_damage,experience_swap,8000,0.2,0.03,common,first,5.2,1.0,1.0,19.04972560160495,2,
24,1,temporary_damage,experience_swap,8000,0.2,0.03,common,first,6.2,1.0,1.0,19.449915545986727,3,
24,1,temporary_damage,experience_swap,8000,0.2,0.03,common,first,7.2,1.0,1.0,19.866298239111057,3,
24,1,temporary_damage,experience_swap,8000,0.2,0.03,common,first,8.200000000000001,1.0,1.0,20.257020337134293,4,
24,1,temporary_damage,experience_swap,8000,0.2,0.03,common,first,9.200000000000001,1.0,1.0,20.672357908768085,4,
24,1,temporary_damage,experience_swap,8000,0.2,0.03,common,first,10.200000000000001,1.0,1.0,21.063024790545718,5,
24,1,temporary_damage,experience_swap,8000,0.2,0.03,common,first,11.200000000000001,1.0,1.0,21.47611610634118,5,
24,1,temporary_damage,experience_swap,8000,0.2,0.03,common,first,12.200000000000001,1.0,1.0,21.862498049353448,6,
24,1,temporary_damage,experience_swap,8000,0.2,0.03,common,first,13.200000000000001,1.0,1.0,22.270608069304597,6,
24,1,temporary_damage,experience_swap,8000,0.2,0.03,common,first,14.200000000000001,1.0,1.0,22.65624148260294,7,
24,1,temporary_damage,experience_swap,8000,0.2,0.03,common,first,15.200000000000001,1.0,1.0,23.068262533236123,7,
24,1,temporary_damage,experience_swap,8000,0.2,0.03,common,first,16.2,1.0,1.0,23.457187257196402,8,
24,1,temporary_damage,experience_swap,8000,0.2,0.03,common,first,17.2,1.0,1.0,23.869451904141883,8,
24,1,temporary_damage,experience_swap,8000,0.2,0.03,common,first,18.2,1.0,1.0,24.256427599720894,9,
24,1,temporary_damage,experience_swap,8000,0.2,0.03,common,first,19.200000000000003,1.0,1.0,24.665642692036066,9,
24,1,temporary_damage,experience_swap,8000,0.2,0.03,common,first,20.200000000000003,1.0,1.0,25.04869803929139,10,
24,1,temporary_damage,experience_swap,8000,0.2,0.03,common,first,21.200000000000003,1.0,1.0,25.453946329317613,10,
24,1,temporary_damage,experience_swap,8000,0.2,0.03,common,first,22.200000000000003,1.0,1.0,25.83339766980247,11,
24,1,temporary_damage,experience_swap,8000,0.2,0.03,common,first,23.200000000000003,1.0,1.0,26.2356195609454,11,
24,1,temporary_damage,experience_swap,8000,0.2,0.03,common,first,24.200000000000003,1.0,1.0,26.61133831553942,12,
24,1,temporary_damage,experience_swap,8000,0.2,0.03,common,first,25.200000000000003,1.0,1.0,27.010880805664492,12,
24,1,temporary_damage,experience_swap,8000,0.2,0.03,common,first,26.200000000000003,1.0,1.0,27.38463858893733,13,
24,1,temporary_damage,experience_swap,8000,0.2,0.03,common,first,27.200000000000003,1.0,1.0,27.783096582545568,13,
24,1,temporary_damage,experience_swap,8000,0.2,0.03,common,first,28.200000000000003,1.0,1.0,28.156301629627265,14,
24,1,temporary_damage,experience_swap,8000,0.2,0.03,common,first,29.200000000000003,1.0,1.0,28.552285442082244,14,
24,1,temporary_damage,experience_swap,8000,0.2,0.03,common,first,30.200000000000003,1.0,1.0,28.923939045470824,15,
24,1,temporary_damage,experience_swap,8000,0.2,0.03,common,first,31.200000000000003,1.0,1.0,29.31913564445786,15,
24,1,temporary_damage,experience_swap,8000,0.2,0.03,common,first,32.2,1.0,1.0,29.689345062470736,16,
24,1,temporary_damage,experience_swap,8000,0.2,0.03,common,first,33.2,1.0,1.0,30.08136706117321,16,
24,1,temporary_damage,experience_swap,8000,0.2,0.03,common,first,34.2,1.0,1.0,30.449376947613487,17,
24,1,temporary_damage,experience_swap,8000,0.2,0.03,common,first,35.2,1.0,1.0,30.838958007011623,17,
24,1,temporary_damage,experience_swap,8000,0.2,0.03,common,first,36.2,1.0,1.0,31.197331537983686,18,
24,1,temporary_damage,experience_swap,8000,0.2,0.03,common,first,37.2,1.0,1.0,31.577059506150363,18,
24,1,temporary_damage,experience_swap,8000,0.2,0.03,common,first,38.2,1.0,1.0,31.930902631253097,19,
24,1,temporary_damage,experience_swap,8000,0.2,0.03,common,first,39.2,1.0,1.0,32.30679504698709,19,
24,1,temporary_damage,experience_swap,8000,0.2,0.03,common,first,40.2,1.0,1.0,32.290783750054764,20,
24,1,temporary_damage,experience_swap,8000,0.2,0.03,common,first,41.2,1.0,1.0,30.499298016241283,20,
24,1,temporary_damage,experience_swap,8000,0.2,0.03,common,first,42.2,1.0,1.0,28.559883644068375,21,
24,1,temporary_damage,experience_swap,8000,0.2,0.03,common,first,43.2,1.0,1.0,26.793971909878557,21,
24,1,temporary_damage,experience_swap,8000,0.2,0.03,common,first,44.2,1.0,1.0,25.057840632604787,22,
24,1,temporary_damage,experience_swap,8000,0.2,0.03,common,first,45.2,1.0,1.0,23.517230977103196,22,
24,1,temporary_damage,experience_swap,8000,0.2,0.03,common,first,46.2,1.0,1.0,21.974615151500497,23,
24,1,temporary_damage,experience_swap,8000,0.2,0.03,common,first,47.2,1.0,1.0,20.675543863060163,23,
24,1,temporary_damage,experience_swap,8000,0.2,0.03,common,first,48.2,1.0,1.0,19.468630592256886,24,
24,1,temporary_damage,experience_swap,8000,0.2,0.03,common,first,49.2,1.0,1.0,18.608731634525764,24,
24,1,temporary_damage,experience_swap,8000,0.2,0.03,common,first,50.2,1.0,1.0,17.713131062566095,25,
24,1,temporary_damage,experience_swap,8000,0.2,0.03,common,first,51.2,1.0,1.0,16.931249341861985,25,
24,1,temporary_damage,experience_swap,8000,0.2,0.03,common,first,52.2,1.0,1.0,16.15612215730043,26,
24,1,temporary_damage,experience_swap,8000,0.2,0.03,common,first,53.2,1.0,1.0,15.549951829669626,26,
24,1,temporary_damage,experience_swap,8000,0.2,0.03,common,first,54.2,1.0,1.0,14.973901941537541,27,
24,1,temporary_damage,experience_swap,8000,0.2,0.03,common,first,55.2,1.0,1.0,14.667757627217465,27,
24,1,temporary_damage,experience_swap,8000,0.2,0.03,common,first,56.2,1.0,1.0,14.362285966027127,28,
24,1,temporary_damage,experience_swap,8000,0.2,0.03,common,first,57.2,1.0,1.0,14.24174873507106,28,
24,1,temporary_damage,experience_swap,8000,0.2,0.03,common,first,58.2,1.0,1.0,14.061746491200536,29,
24,1,temporary_damage,experience_swap,8000,0.2,0.03,common,first,59.2,1.0,1.0,13.865750638861211,29,
24,1,temporary_damage,experience_swap,8000,0.2,0.03,common,first,60.2,1.0,1.0,13.671891930479587,30,
24,1,temporary_damage,experience_swap,8000,0.2,0.03,common,first,61.2,1.0,1.0,13.497473199563842,30,
24,1,temporary_damage,experience_swap,8000,0.2,0.03,common,first,62.2,1.0,1.0,13.295323955059075,31,
24,1,temporary_damage,experience_swap,8000,0.2,0.03,common,first,63.2,1.0,1.0,13.185584874172324,31,
24,1,temporary_damage,experience_swap,8000,0.2,0.03,common,first,64.2,1.0,1.0,13.148520760168974,32,
24,1,temporary_damage,experience_swap,8000,0.2,0.03,common,first,65.2,1.0,1.0,13.292328449245053,32,
24,1,temporary_damage,experience_swap,8000,0.2,0.03,common,first,66.2,1.0,1.0,13.410289159386938,33,
24,1,temporary_damage,experience_swap,8000,0.2,0.03,common,first,67.2,1.0,1.0,13.59084438687941,33,
24,1,temporary_damage,experience_swap,8000,0.2,0.03,common,first,68.2,1.0,1.0,13.736488497718518,34,
24,1,temporary_damage,experience_swap,8000,0.2,0.03,common,first,69.2,1.0,1.0,13.84937785693809,34,
24,1,temporary_damage,experience_swap,8000,0.2,0.03,common,first,70.2,1.0,1.0,14.000502181194527,35,
24,1,temporary_damage,experience_swap,8000,0.2,0.03,common,first,71.2,1.0,1.0,14.441136035576175,35,
24,1,temporary_damage,experience_swap,8000,0.2,0.03,common,first,72.2,1.0,1.0,14.859078053900483,36,
24,1,temporary_damage,experience_swap,8000,0.2,0.03,common,first,73.2,1.0,1.0,15.299599540280713,36,
24,1,temporary_damage,experience_swap,8000,0.2,0.03,common,first,74.2,1.0,1.0,15.713995884916951,37,
24,1,temporary_damage,experience_swap,8000,0.2,0.03,common,first,75.2,1.0,1.0,16.150545673486718,37,
24,1,temporary_damage,experience_swap,8000,0.2,0.03,common,first,76.2,1.0,1.0,16.559474925702546,38,
24,1,temporary_damage,experience_swap,8000,0.2,0.03,common,first,77.2,1.0,1.0,16.98863606753416,38,
24,1,temporary_damage,experience_swap,8000,0.2,0.03,common,first,78.2,1.0,1.0,17.39015742474165,39,
24,1,temporary_damage,experience_swap,8000,0.2,0.03,common,first,79.2,1.0,1.0,17.81536728935617,39,
24,1,temporary_damage,experience_swap,8000,0.2,0.03,common,first,80.2,1.0,1.0,18.212547596171348,40,
24,1,temporary_damage,experience_swap,8000,0.2,0.03,common,first,81.2,1.0,1.0,18.63279597295204,40,
24,1,temporary_damage,experience_swap,8000,0.2,0.03,common,first,82.2,1.0,1.0,19.02497273639115,41,
24,1,temporary_damage,experience_swap,8000,0.2,0.03,common,first,83.2,1.0,1.0,19.440874482660373,41,
24,1,temporary_damage,experience_swap,8000,0.2,0.03,common,first,84.2,1.0,1.0,19.825408719544207,42,
24,1,temporary_damage,experience_swap,8000,0.2,0.03,common,first,85.2,1.0,1.0,20.228336000332135,42,
24,1,temporary_damage,experience_swap,8000,0.2,0.03,common,first,86.2,1.0,1.0,20.607111913151577,43,
24,1,temporary_damage,experience_swap,8000,0.2,0.03,common,first,87.2,1.0,1.0,21.00839109513927,43,
24,1,temporary_damage,experience_swap,8000,0.2,0.03,common,first,88.2,1.0,1.0,21.38843852550327,44,
24,1,temporary_damage,experience_swap,8000,0.2,0.03,common,first,89.2,1.0,1.0,21.792464798395716,44,
24,1,temporary_damage,experience_swap,8000,0.2,0.03,common,first,90.2,1.0,1.0,22.16877430855488,45,
24,1,temporary_damage,experience_swap,8000,0.2,0.03,common,first,91.2,1.0,1.0,22.57041988078361,45,
24,1,temporary_damage,experience_swap,8000,0.2,0.03,common,first,92.2,1.0,1.0,22.946886809259468,46,
24,1,temporary_damage,experience_swap,8000,0.2,0.03,common,first,93.2,1.0,1.0,23.347609512449484,46,
24,1,temporary_damage,experience_swap,8000,0.2,0.03,common,first,94.2,1.0,1.0,23.72299767183472,47,
24,1,temporary_damage,experience_swap,8000,0.2,0.03,common,first,95.2,1.0,1.0,24.12429020898497,47,
24,1,temporary_damage,experience_swap,8000,0.2,0.03,common,first,96.2,1.0,1.0,24.502713398516065,48,
24,1,temporary_damage,experience_swap,8000,0.2,0.03,common,first,97.2,1.0,1.0,24.90607205946302,48,
24,1,temporary_damage,experience_swap,8000,0.2,0.03,common,first,98.2,1.0,1.0,25.283948645030208,49,
24,1,temporary_damage,experience_swap,8000,0.2,0.03,common,first,99.2,1.0,1.0,25.683870755914604,49,
24,1,temporary_damage,experience_swap,8000,0.2,0.03,common,first,100.2,1.0,1.0,26.0602752569229,50,
24,1,temporary_damage,experience_swap,8000,0.2,0.03,common,first,101.2,1.0,1.0,26.458197258689736,50,
24,1,temporary_damage,experience_swap,8000,0.2,0.03,common,first,102.2,1.0,1.0,26.830333763960958,51,
24,1,temporary_damage,experience_swap,8000,0.2,0.03,common,first,103.2,1.0,1.0,27.22651582237898,51,
24,1,temporary_damage,experience_swap,8000,0.2,0.03,common,first,104.2,1.0,1.0,27.60098632905861,52,
24,1,temporary_damage,experience_swap,8000,0.2,0.03,common,first,105.2,1.0,1.0,27.997764104145077,52,
24,1,temporary_damage,experience_swap,8000,0.2,0.03,common,first,106.2,1.0,1.0,28.36668565207268,53,
24,1,temporary_damage,experience_swap,8000,0.2,0.03,common,first,107.2,1.0,1.0,28.757916718142084,53,
24,1,temporary_damage,experience_swap,8000,0.2,0.03,common,first,108.2,1.0,1.0,29.124125294896395,54,
24,1,temporary_damage,experience_swap,8000,0.2,0.03,common,first,109.2,1.0,1.0,29.51153838072922,54,
24,1,temporary_damage,experience_swap,8000,0.2,0.03,common,first,110.2,1.0,1.0,29.86918993051777,55,
24,1,temporary_damage,experience_swap,8000,0.2,0.03,common,first,111.2,1.0,1.0,30.25067305547936,55,
24,1,temporary_damage,experience_swap,8000,0.2,0.03,common,first,112.2,1.0,1.0,30.609169736048678,56,
24,1,temporary_damage,experience_swap,8000,0.2,0.03,common,first,113.2,1.0,1.0,30.991121022090404,56,
24,1,temporary_damage,experience_swap,8000,0.2,0.03,common,first,114.2,1.0,1.0,31.341173562406272,57,
24,1,temporary_damage,experience_swap,8000,0.2,0.03,common,first,115.2,1.0,1.0,31.710224189431653,57,
24,1,temporary_damage,experience_swap,8000,0.2,0.03,common,first,116.2,1.0,1.0,32.05660519163899,58,
24,1,temporary_damage,experience_swap,8000,0.2,0.03,common,first,117.2,1.0,1.0,32.42850576657389,58,
24,1,temporary_damage,experience_swap,8000,0.2,0.03,common,first,118.2,1.0,1.0,32.77457050220115,59,
24,1,temporary_damage,experience_swap,8000,0.2,0.03,common,first,119.2,1.0,1.0,33.1447227222785,59,
24,20,persistent_damage,recent_contact,8000,0.2,0.03,common,first,0.2,1.0,1.0,16.89903143147344,0,
24,20,persistent_damage,recent_contact,8000,0.2,0.03,common,first,1.2000000000000002,1.0,1.0,17.35718035779203,0,
24,20,persistent_damage,recent_contact,8000,0.2,0.03,common,first,2.2,1.0,1.0,17.323664355249353,1,
24,20,persistent_damage,recent_contact,8000,0.2,0.03,common,first,3.2,1.0,1.0,17.766912623452825,1,
24,20,persistent_damage,recent_contact,8000,0.2,0.03,common,first,4.2,1.0,1.0,17.72620204018381,2,
24,20,persistent_damage,recent_contact,8000,0.2,0.03,common,first,5.2,1.0,1.0,18.162506754758418,2,
24,20,persistent_damage,recent_contact,8000,0.2,0.03,common,first,6.2,1.0,1.0,18.11438246612304,3,
24,20,persistent_damage,recent_contact,8000,0.2,0.03,common,first,7.2,1.0,1.0,18.545297257028363,3,
24,20,persistent_damage,recent_contact,8000,0.2,0.03,common,first,8.200000000000001,1.0,1.0,18.49353827439309,4,
24,20,persistent_damage,recent_contact,8000,0.2,0.03,common,first,9.200000000000001,1.0,1.0,18.921324796146376,4,
24,20,persistent_damage,recent_contact,8000,0.2,0.03,common,first,10.200000000000001,1.0,1.0,18.86287980028702,5,
24,20,persistent_damage,recent_contact,8000,0.2,0.03,common,first,11.200000000000001,1.0,1.0,19.28486824844805,5,
24,20,persistent_damage,recent_contact,8000,0.2,0.03,common,first,12.200000000000001,1.0,1.0,19.224680622341214,6,
24,20,persistent_damage,recent_contact,8000,0.2,0.03,common,first,13.200000000000001,1.0,1.0,19.64461376278043,6,
24,20,persistent_damage,recent_contact,8000,0.2,0.03,common,first,14.200000000000001,1.0,1.0,19.581496495727933,7,
24,20,persistent_damage,recent_contact,8000,0.2,0.03,common,first,15.200000000000001,1.0,1.0,19.99606476527459,7,
24,20,persistent_damage,recent_contact,8000,0.2,0.03,common,first,16.2,1.0,1.0,19.929303649152864,8,
24,20,persistent_damage,recent_contact,8000,0.2,0.03,common,first,17.2,1.0,1.0,20.349389758131927,8,
24,20,persistent_damage,recent_contact,8000,0.2,0.03,common,first,18.2,1.0,1.0,20.283308413472575,9,
24,20,persistent_damage,recent_contact,8000,0.2,0.03,common,first,19.200000000000003,1.0,1.0,20.691308349894317,9,
24,20,persistent_damage,recent_contact,8000,0.2,0.03,common,first,20.200000000000003,1.0,1.0,20.613410232830535,10,
24,20,persistent_damage,recent_contact,8000,0.2,0.03,common,first,21.200000000000003,1.0,1.0,21.018230340064353,10,
24,20,persistent_damage,recent_contact,8000,0.2,0.03,common,first,22.200000000000003,1.0,1.0,20.94853775573176,11,
24,20,persistent_damage,recent_contact,8000,0.2,0.03,common,first,23.200000000000003,1.0,1.0,21.36394657566761,11,
24,20,persistent_damage,recent_contact,8000,0.2,0.03,common,first,24.200000000000003,1.0,1.0,21.30040028366564,12,
24,20,persistent_damage,recent_contact,8000,0.2,0.03,common,first,25.200000000000003,1.0,1.0,21.720525928089657,12,
24,20,persistent_damage,recent_contact,8000,0.2,0.03,common,first,26.200000000000003,1.0,1.0,21.655747854282772,13,
24,20,persistent_damage,recent_contact,8000,0.2,0.03,common,first,27.200000000000003,1.0,1.0,22.072038583298674,13,
24,20,persistent_damage,recent_contact,8000,0.2,0.03,common,first,28.200000000000003,1.0,1.0,22.00484610193046,14,
24,20,persistent_damage,recent_contact,8000,0.2,0.03,common,first,29.200000000000003,1.0,1.0,22.41973244168147,14,
24,20,persistent_damage,recent_contact,8000,0.2,0.03,common,first,30.200000000000003,1.0,1.0,22.352054975425844,15,
24,20,persistent_damage,recent_contact,8000,0.2,0.03,common,first,31.200000000000003,1.0,1.0,22.770147274915526,15,
24,20,persistent_damage,recent_contact,8000,0.2,0.03,common,first,32.2,1.0,1.0,22.70543834143505,16,
24,20,persistent_damage,recent_contact,8000,0.2,0.03,common,first,33.2,1.0,1.0,23.123058434923642,16,
24,20,persistent_damage,recent_contact,8000,0.2,0.03,common,first,34.2,1.0,1.0,23.056863421867874,17,
24,20,persistent_damage,recent_contact,8000,0.2,0.03,common,first,35.2,1.0,1.0,23.476047467856276,17,
24,20,persistent_damage,recent_contact,8000,0.2,0.03,common,first,36.2,1.0,1.0,23.41589782212879,18,
24,20,persistent_damage,recent_contact,8000,0.2,0.03,common,first,37.2,1.0,1.0,23.837095018214615,18,
24,20,persistent_damage,recent_contact,8000,0.2,0.03,common,first,38.2,1.0,1.0,23.776721605594304,19,
24,20,persistent_damage,recent_contact,8000,0.2,0.03,common,first,39.2,1.0,1.0,24.197339012529223,19,
24,20,persistent_damage,recent_contact,8000,0.2,0.03,common,first,40.2,1.0,1.0,23.92089620200362,20,
24,20,persistent_damage,recent_contact,8000,0.2,0.03,common,first,41.2,1.0,1.0,22.87868309725218,20,
24,20,persistent_damage,recent_contact,8000,0.2,0.03,common,first,42.2,1.0,1.0,21.153175701800123,21,
24,20,persistent_damage,recent_contact,8000,0.2,0.03,common,first,43.2,1.0,1.0,19.868342938797127,21,
24,20,persistent_damage,recent_contact,8000,0.2,0.03,common,first,44.2,1.0,1.0,18.08736761198353,22,
24,20,persistent_damage,recent_contact,8000,0.2,0.03,common,first,45.2,1.0,1.0,16.719557024531802,22,
24,20,persistent_damage,recent_contact,8000,0.2,0.03,common,first,46.2,1.0,1.0,14.874056544476346,23,
24,20,persistent_damage,recent_contact,8000,0.2,0.03,common,first,47.2,1.0,1.0,13.718287998465836,23,
24,20,persistent_damage,recent_contact,8000,0.2,0.03,common,first,48.2,1.0,1.0,12.11316691034126,24,
24,20,persistent_damage,recent_contact,8000,0.2,0.03,common,first,49.2,1.0,1.0,11.2115853029242,24,
24,20,persistent_damage,recent_contact,8000,0.2,0.03,common,first,50.2,1.0,1.0,9.793868630977315,25,
24,20,persistent_damage,recent_contact,8000,0.2,0.03,common,first,51.2,1.0,1.0,8.942937934240653,25,
24,20,persistent_damage,recent_contact,8000,0.2,0.03,common,first,52.2,1.0,1.0,7.570992631127053,26,
24,20,persistent_damage,recent_contact,8000,0.2,0.03,common,first,53.2,1.0,1.0,6.699713856798403,26,
24,20,persistent_damage,recent_contact,8000,0.2,0.03,common,first,54.2,1.0,1.0,5.346006194033382,27,
24,20,persistent_damage,recent_contact,8000,0.2,0.03,common,first,55.2,1.0,1.0,4.716962931360044,27,
24,20,persistent_damage,recent_contact,8000,0.2,0.03,common,first,56.2,0.6055317260747684,0.9662266075284123,3.670535762207061,28,
24,20,persistent_damage,recent_contact,8000,0.2,0.03,common,first,57.2,0.4181734715576831,0.9184893820713429,3.3964372366692004,28,
24,20,persistent_damage,recent_contact,8000,0.2,0.03,common,first,58.2,0.37875266285526377,0.8986680172072472,2.7743453293509948,29,
24,20,persistent_damage,recent_contact,8000,0.2,0.03,common,first,59.2,0.3241921464124832,0.8425808891472736,2.883134009835976,29,
24,20,persistent_damage,recent_contact,8000,0.2,0.03,common,first,60.2,0.34767388647582786,0.8555413650718926,2.5603714199585244,30,
24,20,persistent_damage,recent_contact,8000,0.2,0.03,common,first,61.2,0.30333122798046347,0.8535051848566689,2.9253325132864925,30,
24,20,persistent_damage,recent_contact,8000,0.2,0.03,common,first,62.2,0.2474500312326894,0.8219623474994131,2.77883063968769,31,
24,20,persistent_damage,recent_contact,8000,0.2,0.03,common,first,63.2,0.23093061147890884,0.8599495392810846,3.272804792339261,31,
24,20,persistent_damage,recent_contact,8000,0.2,0.03,common,first,64.2,0.290366167879877,0.8582212116308926,3.208321753714872,32,
24,20,persistent_damage,recent_contact,8000,0.2,0.03,common,first,65.2,0.2065468061252756,0.8539701403647598,3.6730943276664934,32,
24,20,persistent_damage,recent_contact,8000,0.2,0.03,common,first,66.2,0.2731295705089865,0.8725779369462596,3.566703940078561,33,
24,20,persistent_damage,recent_contact,8000,0.2,0.03,common,first,67.2,0.26245010236420296,0.9144503354010308,3.8179049748914764,33,
24,20,persistent_damage,recent_contact,8000,0.2,0.03,common,first,68.2,0.3073388393315689,0.9023528792448164,3.5356246100595756,34,
24,20,persistent_damage,recent_contact,8000,0.2,0.03,common,first,69.2,0.27302449220599495,0.916117098987071,3.863730276977507,34,
24,20,persistent_damage,recent_contact,8000,0.2,0.03,common,first,70.2,0.3350913789954575,0.9342397758347509,3.6211287745606136,35,
24,20,persistent_damage,recent_contact,8000,0.2,0.03,common,first,71.2,0.3079054421231056,0.9320569450507142,3.8107870269251656,35,
24,20,persistent_damage,recent_contact,8000,0.2,0.03,common,first,72.2,0.3386298576319998,0.9379344233220633,3.499745818734245,36,
24,20,persistent_damage,recent_contact,8000,0.2,0.03,common,first,73.2,0.32563815619649294,0.9475900714636506,3.7114883476452567,36,
24,20,persistent_damage,recent_contact,8000,0.2,0.03,common,first,74.2,0.4164884482701209,0.9482789750647118,3.4330139019763073,37,
24,20,persistent_damage,recent_contact,8000,0.2,0.03,common,first,75.2,0.3680515226116303,0.9457189631605961,3.555582185180106,37,
24,20,persistent_damage,recent_contact,8000,0.2,0.03,common,first,76.2,0.41354815601722067,0.9462797344963501,3.20970967720294,38,
24,20,persistent_damage,recent_contact,8000,0.2,0.03,common,first,77.2,0.2924135941445881,0.942849148914521,3.465470732825219,38,
24,20,persistent_damage,recent_contact,8000,0.2,0.03,common,first,78.2,0.3252115626754794,0.9432924276718812,3.1924433339999627,39,
24,20,persistent_damage,recent_contact,8000,0.2,0.03,common,first,79.2,0.2132193339081577,0.9379740851987703,3.328576964304152,39,
24,20,persistent_damage,recent_contact,8000,0.2,0.03,common,first,80.2,0.20202600543759872,0.9352241700899301,2.9872846300458944,40,
24,20,persistent_damage,recent_contact,8000,0.2,0.03,common,first,81.2,0.37144015526986546,0.9370264955806561,3.2302797392358222,40,
24,20,persistent_damage,recent_contact,8000,0.2,0.03,common,first,82.2,0.4663690240119586,0.9453642750087989,2.9490441148732414,41,
24,20,persistent_damage,recent_contact,8000,0.2,0.03,common,first,83.2,0.3326608019128742,0.9307612806212028,3.1954648269976484,41,
24,20,persistent_damage,recent_contact,8000,0.2,0.03,common,first,84.2,0.336386561556387,0.914784487133349,2.972852511848609,42,
24,20,persistent_damage,recent_contact,8000,0.2,0.03,common,first,85.2,0.29857035235789026,0.9180549622003287,3.3775140623187068,42,
24,20,persistent_damage,recent_contact,8000,0.2,0.03,common,first,86.2,0.3336464781941844,0.9232893781695451,3.2350322080391516,43,
24,20,persistent_damage,recent_contact,8000,0.2,0.03,common,first,87.2,0.3507845815238464,0.9273957467854634,3.4750427285752945,43,
24,20,persistent_damage,recent_contact,8000,0.2,0.03,common,first,88.2,0.3869793153725411,0.9357555990330402,3.2117211199970463,44,
24,20,persistent_damage,recent_contact,8000,0.2,0.03,common,first,89.2,0.37525301504569303,0.9391047611218956,3.501899890363566,44,
24,20,persistent_damage,recent_contact,8000,0.2,0.03,common,first,90.2,0.3940736776187514,0.9413338002193083,3.253650122222269,45,
24,20,persistent_damage,recent_contact,8000,0.2,0.03,common,first,91.2,0.3422207904086463,0.9399617205344271,3.473346256626283,45,
24,20,persistent_damage,recent_contact,8000,0.2,0.03,common,first,92.2,0.4060925249782372,0.9418394859617389,3.186561002922585,46,
24,20,persistent_damage,recent_contact,8000,0.2,0.03,common,first,93.2,0.3084371343852861,0.9354823458476264,3.389333509236481,46,
24,20,persistent_damage,recent_contact,8000,0.2,0.03,common,first,94.2,0.3705867036682605,0.9261329234404734,3.1027133283963555,47,
24,20,persistent_damage,recent_contact,8000,0.2,0.03,common,first,95.2,0.3237094983843659,0.9358632019388271,3.3403974234634393,47,
24,20,persistent_damage,recent_contact,8000,0.2,0.03,common,first,96.2,0.6616035120445494,0.9700183123902505,3.01549810381053,48,
24,20,persistent_damage,recent_contact,8000,0.2,0.03,common,first,97.2,0.5928297938435725,0.9353266799367351,3.045064996923464,48,
24,20,persistent_damage,recent_contact,8000,0.2,0.03,common,first,98.2,0.4918559458949538,0.9118709524112396,2.612138236556568,49,
24,20,persistent_damage,recent_contact,8000,0.2,0.03,common,first,99.2,0.27541400265130206,0.9007580836602709,2.747192285306607,49,
24,20,persistent_damage,recent_contact,8000,0.2,0.03,common,first,100.2,0.28176554275269944,0.8821787113018965,2.4212051367679273,50,
24,20,persistent_damage,recent_contact,8000,0.2,0.03,common,first,101.2,0.19206759799833026,0.8906377032839262,2.642516167925039,50,
24,20,persistent_damage,recent_contact,8000,0.2,0.03,common,first,102.2,0.25730944803921724,0.8783436587090601,2.329278627587456,51,
24,20,persistent_damage,recent_contact,8000,0.2,0.03,common,first,103.2,0.17544840352604907,0.8842721835548663,2.485631360458428,51,
24,20,persistent_damage,recent_contact,8000,0.2,0.03,common,first,104.2,0.2576008343299174,0.8680187032302366,2.1864691806540817,52,
24,20,persistent_damage,recent_contact,8000,0.2,0.03,common,first,105.2,0.1739129164285618,0.8947042578151607,2.4849860324343,52,
24,20,persistent_damage,recent_contact,8000,0.2,0.03,common,first,106.2,0.2700733374907768,0.8615801519699211,2.2407084560953145,53,
24,20,persistent_damage,recent_contact,8000,0.2,0.03,common,first,107.2,0.19996243693293775,0.8679688843184657,2.5121435569582315,53,
24,20,persistent_damage,recent_contact,8000,0.2,0.03,common,first,108.2,0.15569155400261647,0.8470929857391775,2.2661007502639174,54,
24,20,persistent_damage,recent_contact,8000,0.2,0.03,common,first,109.2,0.11910659442042303,0.8734899231201287,2.592521736691282,54,
24,20,persistent_damage,recent_contact,8000,0.2,0.03,common,first,110.2,0.07980385751038657,0.8504847661039017,2.397594991678805,55,
24,20,persistent_damage,recent_contact,8000,0.2,0.03,common,first,111.2,0.0684023515456262,0.8824338613007903,2.822287381346826,55,
24,20,persistent_damage,recent_contact,8000,0.2,0.03,common,first,112.2,0.5244306988874997,0.918019264385081,2.6517388609598407,56,
24,20,persistent_damage,recent_contact,8000,0.2,0.03,common,first,113.2,0.21104473003318358,0.8943482019385983,2.902028855834948,56,
24,20,persistent_damage,recent_contact,8000,0.2,0.03,common,first,114.2,0.42118153117188617,0.913337386579157,2.6425408665658754,57,
24,20,persistent_damage,recent_contact,8000,0.2,0.03,common,first,115.2,0.4360479893307215,0.9046505712587529,2.9050246781206255,57,
24,20,persistent_damage,recent_contact,8000,0.2,0.03,common,first,116.2,0.546326045920117,0.9438848488891145,2.627230861622123,58,
24,20,persistent_damage,recent_contact,8000,0.2,0.03,common,first,117.2,0.5968724770638015,0.9521102412704461,2.79163707997881,58,
24,20,persistent_damage,recent_contact,8000,0.2,0.03,common,first,118.2,0.6959423114763345,0.9678400867841492,2.465300606137559,59,
24,20,persistent_damage,recent_contact,8000,0.2,0.03,common,first,119.2,0.36662371630952784,0.936984274660518,2.6870572468436418,59,
24,20,persistent_damage,experience_swap,8000,0.2,0.03,common,first,0.2,1.0,1.0,16.89903143147344,0,
24,20,persistent_damage,experience_swap,8000,0.2,0.03,common,first,1.2000000000000002,1.0,1.0,17.35718035779203,0,
24,20,persistent_damage,experience_swap,8000,0.2,0.03,common,first,2.2,1.0,1.0,17.323500708285703,1,
24,20,persistent_damage,experience_swap,8000,0.2,0.03,common,first,3.2,1.0,1.0,17.765636859305985,1,
24,20,persistent_damage,experience_swap,8000,0.2,0.03,common,first,4.2,1.0,1.0,17.723518265984737,2,
24,20,persistent_damage,experience_swap,8000,0.2,0.03,common,first,5.2,1.0,1.0,18.159780962776587,2,
24,20,persistent_damage,experience_swap,8000,0.2,0.03,common,first,6.2,1.0,1.0,18.110932327362356,3,
24,20,persistent_damage,experience_swap,8000,0.2,0.03,common,first,7.2,1.0,1.0,18.53628212820709,3,
24,20,persistent_damage,experience_swap,8000,0.2,0.03,common,first,8.200000000000001,1.0,1.0,18.480251463605317,4,
24,20,persistent_damage,experience_swap,8000,0.2,0.03,common,first,9.200000000000001,1.0,1.0,18.906199184827898,4,
24,20,persistent_damage,experience_swap,8000,0.2,0.03,common,first,10.200000000000001,1.0,1.0,18.85137901310822,5,
24,20,persistent_damage,experience_swap,8000,0.2,0.03,common,first,11.200000000000001,1.0,1.0,19.276253437981165,5,
24,20,persistent_damage,experience_swap,8000,0.2,0.03,common,first,12.200000000000001,1.0,1.0,19.217432709353766,6,
24,20,persistent_damage,experience_swap,8000,0.2,0.03,common,first,13.200000000000001,1.0,1.0,19.63821481253816,6,
24,20,persistent_damage,experience_swap,8000,0.2,0.03,common,first,14.200000000000001,1.0,1.0,19.582357449569805,7,
24,20,persistent_damage,experience_swap,8000,0.2,0.03,common,first,15.200000000000001,1.0,1.0,20.00869049809232,7,
24,20,persistent_damage,experience_swap,8000,0.2,0.03,common,first,16.2,1.0,1.0,19.95564665354555,8,
24,20,persistent_damage,experience_swap,8000,0.2,0.03,common,first,17.2,1.0,1.0,20.383471861038917,8,
24,20,persistent_damage,experience_swap,8000,0.2,0.03,common,first,18.2,1.0,1.0,20.329459158312318,9,
24,20,persistent_damage,experience_swap,8000,0.2,0.03,common,first,19.200000000000003,1.0,1.0,20.755670291103833,9,
24,20,persistent_damage,experience_swap,8000,0.2,0.03,common,first,20.200000000000003,1.0,1.0,20.699279961364475,10,
24,20,persistent_damage,experience_swap,8000,0.2,0.03,common,first,21.200000000000003,1.0,1.0,21.12268756282841,10,
24,20,persistent_damage,experience_swap,8000,0.2,0.03,common,first,22.200000000000003,1.0,1.0,21.063975267179686,11,
24,20,persistent_damage,experience_swap,8000,0.2,0.03,common,first,23.200000000000003,1.0,1.0,21.48565804553118,11,
24,20,persistent_damage,experience_swap,8000,0.2,0.03,common,first,24.200000000000003,1.0,1.0,21.42455730535761,12,
24,20,persistent_damage,experience_swap,8000,0.2,0.03,common,first,25.200000000000003,1.0,1.0,21.844838830129802,12,
24,20,persistent_damage,experience_swap,8000,0.2,0.03,common,first,26.200000000000003,1.0,1.0,21.782957625544114,13,
24,20,persistent_damage,experience_swap,8000,0.2,0.03,common,first,27.200000000000003,1.0,1.0,22.203219522952388,13,
24,20,persistent_damage,experience_swap,8000,0.2,0.03,common,first,28.200000000000003,1.0,1.0,22.1420475626254,14,
24,20,persistent_damage,experience_swap,8000,0.2,0.03,common,first,29.200000000000003,1.0,1.0,22.561090367791035,14,
24,20,persistent_damage,experience_swap,8000,0.2,0.03,common,first,30.200000000000003,1.0,1.0,22.49955002171167,15,
24,20,persistent_damage,experience_swap,8000,0.2,0.03,common,first,31.200000000000003,1.0,1.0,22.918958583087935,15,
24,20,persistent_damage,experience_swap,8000,0.2,0.03,common,first,32.2,1.0,1.0,22.85686416541851,16,
24,20,persistent_damage,experience_swap,8000,0.2,0.03,common,first,33.2,1.0,1.0,23.274427625169643,16,
24,20,persistent_damage,experience_swap,8000,0.2,0.03,common,first,34.2,1.0,1.0,23.211178788382973,17,
24,20,persistent_damage,experience_swap,8000,0.2,0.03,common,first,35.2,1.0,1.0,23.627979578880918,17,
24,20,persistent_damage,experience_swap,8000,0.2,0.03,common,first,36.2,1.0,1.0,23.556812720962792,18,
24,20,persistent_damage,experience_swap,8000,0.2,0.03,common,first,37.2,1.0,1.0,23.965192521353046,18,
24,20,persistent_damage,experience_swap,8000,0.2,0.03,common,first,38.2,1.0,1.0,23.889923294624126,19,
24,20,persistent_damage,experience_swap,8000,0.2,0.03,common,first,39.2,1.0,1.0,24.295984646063296,19,
24,20,persistent_damage,experience_swap,8000,0.2,0.03,common,first,40.2,1.0,1.0,23.909176928321365,20,
24,20,persistent_damage,experience_swap,8000,0.2,0.03,common,first,41.2,1.0,1.0,22.28976609622546,20,
24,20,persistent_damage,experience_swap,8000,0.2,0.03,common,first,42.2,1.0,1.0,20.022425499202768,21,
24,20,persistent_damage,experience_swap,8000,0.2,0.03,common,first,43.2,1.0,1.0,18.406709174749544,21,
24,20,persistent_damage,experience_swap,8000,0.2,0.03,common,first,44.2,1.0,1.0,16.33234179937422,22,
24,20,persistent_damage,experience_swap,8000,0.2,0.03,common,first,45.2,1.0,1.0,14.937360923038764,22,
24,20,persistent_damage,experience_swap,8000,0.2,0.03,common,first,46.2,1.0,1.0,13.052578274787495,23,
24,20,persistent_damage,experience_swap,8000,0.2,0.03,common,first,47.2,1.0,1.0,11.887241961786588,23,
24,20,persistent_damage,experience_swap,8000,0.2,0.03,common,first,48.2,1.0,1.0,10.318376667746392,24,
24,20,persistent_damage,experience_swap,8000,0.2,0.03,common,first,49.2,1.0,1.0,9.550893043048655,24,
24,20,persistent_damage,experience_swap,8000,0.2,0.03,common,first,50.2,1.0,1.0,8.293564479002102,25,
24,20,persistent_damage,experience_swap,8000,0.2,0.03,common,first,51.2,1.0,1.0,7.627146361143426,25,
24,20,persistent_damage,experience_swap,8000,0.2,0.03,common,first,52.2,1.0,1.0,6.478604879692318,26,
24,20,persistent_damage,experience_swap,8000,0.2,0.03,common,first,53.2,1.0,1.0,5.9727114027069685,26,
24,20,persistent_damage,experience_swap,8000,0.2,0.03,common,first,54.2,0.9673638881674715,0.9982834626700215,5.014720568063231,27,
24,20,persistent_damage,experience_swap,8000,0.2,0.03,common,first,55.2,0.48819348891448294,0.9499541494324221,4.9317924315134,27,
24,20,persistent_damage,experience_swap,8000,0.2,0.03,common,first,56.2,0.4369327043326475,0.945123162180121,4.4206496263099755,28,
24,20,persistent_damage,experience_swap,8000,0.2,0.03,common,first,57.2,0.4769198987433107,0.9417533284807261,4.585369345955587,28,
24,20,persistent_damage,experience_swap,8000,0.2,0.03,common,first,58.2,0.48532305839532275,0.9696791576661977,4.231806657214578,29,
24,20,persistent_damage,experience_swap,8000,0.2,0.03,common,first,59.2,0.41975666906411757,0.9368811151429564,4.367076784338632,29,
24,20,persistent_damage,experience_swap,8000,0.2,0.03,common,first,60.2,0.4436332790075999,0.9584934726709823,4.039281564690303,30,
24,20,persistent_damage,experience_swap,8000,0.2,0.03,common,first,61.2,0.6100255701630413,0.9651032073790367,4.139570128583466,30,
24,20,persistent_damage,experience_swap,8000,0.2,0.03,common,first,62.2,0.9269617543871772,0.9956951570675415,3.7043892978826545,31,
24,20,persistent_damage,experience_swap,8000,0.2,0.03,common,first,63.2,0.6870288822862654,0.9654103426894244,3.7670799750048927,31,
24,20,persistent_damage,experience_swap,8000,0.2,0.03,common,first,64.2,0.6700293823593875,0.9613734454994015,3.4449484572054887,32,
24,20,persistent_damage,experience_swap,8000,0.2,0.03,common,first,65.2,0.5735676114951352,0.9441829720224186,3.8135481496141623,32,
24,20,persistent_damage,experience_swap,8000,0.2,0.03,common,first,66.2,0.65832654032444,0.9582259342147101,3.6674951456106952,33,
24,20,persistent_damage,experience_swap,8000,0.2,0.03,common,first,67.2,0.6585937253641704,0.9535631765604475,4.06121131224661,33,
24,20,persistent_damage,experience_swap,8000,0.2,0.03,common,first,68.2,0.5002751741268778,0.9575997066608423,3.9209879418919504,34,
24,20,persistent_damage,experience_swap,8000,0.2,0.03,common,first,69.2,0.4521212959785855,0.9546470176248883,4.262865885670549,34,
24,20,persistent_damage,experience_swap,8000,0.2,0.03,common,first,70.2,0.862353133430699,0.9918871526040337,4.092736457440031,35,
24,20,persistent_damage,experience_swap,8000,0.2,0.03,common,first,71.2,0.8427840730944638,0.9907337605643364,4.499535807192216,35,
24,20,persistent_damage,experience_swap,8000,0.2,0.03,common,first,72.2,0.9772952303074449,0.9986617905930789,4.410738149722324,36,
24,20,persistent_damage,experience_swap,8000,0.2,0.03,common,first,73.2,0.9128569274899381,0.9948638246077777,4.782832465025623,36,
24,20,persistent_damage,experience_swap,8000,0.2,0.03,common,first,74.2,0.8646904868800115,0.9912706216504087,4.645310282129548,37,
24,20,persistent_damage,experience_swap,8000,0.2,0.03,common,first,75.2,0.31613843322919655,0.9521558186775676,5.100586101625603,37,
24,20,persistent_damage,experience_swap,8000,0.2,0.03,common,first,76.2,0.3601283482311795,0.9615932103745326,5.057695456355697,38,
24,20,persistent_damage,experience_swap,8000,0.2,0.03,common,first,77.2,0.34655926715564894,0.9614741416211702,5.513515046530708,38,
24,20,persistent_damage,experience_swap,8000,0.2,0.03,common,first,78.2,0.42247233439662896,0.9659498590514229,5.424221525503244,39,
24,20,persistent_damage,experience_swap,8000,0.2,0.03,common,first,79.2,0.42016467191587853,0.9658138028286458,5.658975877625622,39,
24,20,persistent_damage,experience_swap,8000,0.2,0.03,common,first,80.2,0.4800354933444085,0.9693436941737099,5.3712305208568045,40,
24,20,persistent_damage,experience_swap,8000,0.2,0.03,common,first,81.2,0.43322246877609305,0.9665836704039136,5.5476211821891495,40,
24,20,persistent_damage,experience_swap,8000,0.2,0.03,common,first,82.2,0.4531878565559304,0.9677607988922714,5.205032383592353,41,
24,20,persistent_damage,experience_swap,8000,0.2,0.03,common,first,83.2,0.4062391547302699,0.9594804239424044,5.2759907435547,41,
24,20,persistent_damage,experience_swap,8000,0.2,0.03,common,first,84.2,0.9120521022209804,0.9930272536855356,4.840549657806701,42,
24,20,persistent_damage,experience_swap,8000,0.2,0.03,common,first,85.2,0.6794355628700841,0.969626378083373,4.931201796519271,42,
24,20,persistent_damage,experience_swap,8000,0.2,0.03,common,first,86.2,0.6959671786599246,0.9713796037361034,4.560117169947006,43,
24,20,persistent_damage,experience_swap,8000,0.2,0.03,common,first,87.2,0.7436674656083718,0.9817228424990624,4.817073805904489,43,
24,20,persistent_damage,experience_swap,8000,0.2,0.03,common,first,88.2,0.7890106914269348,0.9875643804665041,4.568421381210132,44,
24,20,persistent_damage,experience_swap,8000,0.2,0.03,common,first,89.2,1.0,1.0,4.862721037265447,44,
24,20,persistent_damage,experience_swap,8000,0.2,0.03,common,first,90.2,1.0,1.0,4.664580412421862,45,
24,20,persistent_damage,experience_swap,8000,0.2,0.03,common,first,91.2,1.0,1.0,4.96160752161797,45,
24,20,persistent_damage,experience_swap,8000,0.2,0.03,common,first,92.2,1.0,1.0,4.780182131241447,46,
24,20,persistent_damage,experience_swap,8000,0.2,0.03,common,first,93.2,1.0,1.0,5.134399885422182,46,
24,20,persistent_damage,experience_swap,8000,0.2,0.03,common,first,94.2,1.0,1.0,4.996380337880342,47,
24,20,persistent_damage,experience_swap,8000,0.2,0.03,common,first,95.2,1.0,1.0,5.309611042451504,47,
24,20,persistent_damage,experience_swap,8000,0.2,0.03,common,first,96.2,1.0,1.0,5.083342620094584,48,
24,20,persistent_damage,experience_swap,8000,0.2,0.03,common,first,97.2,0.9699350729410271,0.9971276810837914,5.214686003270251,48,
24,20,persistent_damage,experience_swap,8000,0.2,0.03,common,first,98.2,0.9202927112391415,0.9953020865190745,4.840846824311126,49,
24,20,persistent_damage,experience_swap,8000,0.2,0.03,common,first,99.2,0.8549906122177874,0.9876964793129343,4.89704435975511,49,
24,20,persistent_damage,experience_swap,8000,0.2,0.03,common,first,100.2,0.9541777589076286,0.9951860302757511,4.458310894295298,50,
24,20,persistent_damage,experience_swap,8000,0.2,0.03,common,first,101.2,0.8700677318322032,0.9899763356010585,4.483252822206149,50,
24,20,persistent_damage,experience_swap,8000,0.2,0.03,common,first,102.2,0.838664285638228,0.9849905843600713,4.036882179951867,51,
24,20,persistent_damage,experience_swap,8000,0.2,0.03,common,first,103.2,0.7782195544300969,0.9885378143341562,4.066156971002226,51,
24,20,persistent_damage,experience_swap,8000,0.2,0.03,common,first,104.2,0.7635279083137365,0.9877785121554188,3.613768396249986,52,
24,20,persistent_damage,experience_swap,8000,0.2,0.03,common,first,105.2,0.6283286940983475,0.9673213110964048,3.690336004222895,52,
24,20,persistent_damage,experience_swap,8000,0.2,0.03,common,first,106.2,0.6485909884945722,0.9676723818373324,3.2971093629514137,53,
24,20,persistent_damage,experience_swap,8000,0.2,0.03,common,first,107.2,0.5510144082337154,0.9540128383621489,3.445337811180454,53,
24,20,persistent_damage,experience_swap,8000,0.2,0.03,common,first,108.2,0.5930761899104103,0.9536694710829308,3.0842963103760885,54,
24,20,persistent_damage,experience_swap,8000,0.2,0.03,common,first,109.2,0.515294749323263,0.9431048867973668,3.22668833024796,54,
24,20,persistent_damage,experience_swap,8000,0.2,0.03,common,first,110.2,0.6264781411663578,0.9652749498172118,2.877650267519587,55,
24,20,persistent_damage,experience_swap,8000,0.2,0.03,common,first,111.2,0.548949570141678,0.9551792461692435,3.1121737782957783,55,
24,20,persistent_damage,experience_swap,8000,0.2,0.03,common,first,112.2,0.5633368712116662,0.9567257552431438,2.877044954111029,56,
24,20,persistent_damage,experience_swap,8000,0.2,0.03,common,first,113.2,0.510424104185062,0.9445342796768461,3.2600299968944135,56,
24,20,persistent_damage,experience_swap,8000,0.2,0.03,common,first,114.2,0.4986523185540619,0.9548204326080348,3.131136904602533,57,
24,20,persistent_damage,experience_swap,8000,0.2,0.03,common,first,115.2,0.516734668669717,0.9552255252650648,3.506174963502099,57,
24,20,persistent_damage,experience_swap,8000,0.2,0.03,common,first,116.2,0.8741028069571258,0.9933875485019263,3.3586789948825935,58,
24,20,persistent_damage,experience_swap,8000,0.2,0.03,common,first,117.2,0.8279288702058029,0.9909623719760344,3.769404540465029,58,
24,20,persistent_damage,experience_swap,8000,0.2,0.03,common,first,118.2,1.0,1.0,3.6654234594810515,59,
24,20,persistent_damage,experience_swap,8000,0.2,0.03,common,first,119.2,0.9738469434618462,0.9986263727275791,4.0647174374197,59,
24,20,temporary_damage,recent_contact,8000,0.2,0.03,common,first,0.2,1.0,1.0,16.89903143147344,0,
24,20,temporary_damage,recent_contact,8000,0.2,0.03,common,first,1.2000000000000002,1.0,1.0,17.35718035779203,0,
24,20,temporary_damage,recent_contact,8000,0.2,0.03,common,first,2.2,1.0,1.0,17.323664355249353,1,
24,20,temporary_damage,recent_contact,8000,0.2,0.03,common,first,3.2,1.0,1.0,17.766912623452825,1,
24,20,temporary_damage,recent_contact,8000,0.2,0.03,common,first,4.2,1.0,1.0,17.72620204018381,2,
24,20,temporary_damage,recent_contact,8000,0.2,0.03,common,first,5.2,1.0,1.0,18.162506754758418,2,
24,20,temporary_damage,recent_contact,8000,0.2,0.03,common,first,6.2,1.0,1.0,18.11438246612304,3,
24,20,temporary_damage,recent_contact,8000,0.2,0.03,common,first,7.2,1.0,1.0,18.545297257028363,3,
24,20,temporary_damage,recent_contact,8000,0.2,0.03,common,first,8.200000000000001,1.0,1.0,18.49353827439309,4,
24,20,temporary_damage,recent_contact,8000,0.2,0.03,common,first,9.200000000000001,1.0,1.0,18.921324796146376,4,
24,20,temporary_damage,recent_contact,8000,0.2,0.03,common,first,10.200000000000001,1.0,1.0,18.86287980028702,5,
24,20,temporary_damage,recent_contact,8000,0.2,0.03,common,first,11.200000000000001,1.0,1.0,19.28486824844805,5,
24,20,temporary_damage,recent_contact,8000,0.2,0.03,common,first,12.200000000000001,1.0,1.0,19.224680622341214,6,
24,20,temporary_damage,recent_contact,8000,0.2,0.03,common,first,13.200000000000001,1.0,1.0,19.64461376278043,6,
24,20,temporary_damage,recent_contact,8000,0.2,0.03,common,first,14.200000000000001,1.0,1.0,19.581496495727933,7,
24,20,temporary_damage,recent_contact,8000,0.2,0.03,common,first,15.200000000000001,1.0,1.0,19.99606476527459,7,
24,20,temporary_damage,recent_contact,8000,0.2,0.03,common,first,16.2,1.0,1.0,19.929303649152864,8,
24,20,temporary_damage,recent_contact,8000,0.2,0.03,common,first,17.2,1.0,1.0,20.349389758131927,8,
24,20,temporary_damage,recent_contact,8000,0.2,0.03,common,first,18.2,1.0,1.0,20.283308413472575,9,
24,20,temporary_damage,recent_contact,8000,0.2,0.03,common,first,19.200000000000003,1.0,1.0,20.691308349894317,9,
24,20,temporary_damage,recent_contact,8000,0.2,0.03,common,first,20.200000000000003,1.0,1.0,20.613410232830535,10,
24,20,temporary_damage,recent_contact,8000,0.2,0.03,common,first,21.200000000000003,1.0,1.0,21.018230340064353,10,
24,20,temporary_damage,recent_contact,8000,0.2,0.03,common,first,22.200000000000003,1.0,1.0,20.94853775573176,11,
24,20,temporary_damage,recent_contact,8000,0.2,0.03,common,first,23.200000000000003,1.0,1.0,21.36394657566761,11,
24,20,temporary_damage,recent_contact,8000,0.2,0.03,common,first,24.200000000000003,1.0,1.0,21.30040028366564,12,
24,20,temporary_damage,recent_contact,8000,0.2,0.03,common,first,25.200000000000003,1.0,1.0,21.720525928089657,12,
24,20,temporary_damage,recent_contact,8000,0.2,0.03,common,first,26.200000000000003,1.0,1.0,21.655747854282772,13,
24,20,temporary_damage,recent_contact,8000,0.2,0.03,common,first,27.200000000000003,1.0,1.0,22.072038583298674,13,
24,20,temporary_damage,recent_contact,8000,0.2,0.03,common,first,28.200000000000003,1.0,1.0,22.00484610193046,14,
24,20,temporary_damage,recent_contact,8000,0.2,0.03,common,first,29.200000000000003,1.0,1.0,22.41973244168147,14,
24,20,temporary_damage,recent_contact,8000,0.2,0.03,common,first,30.200000000000003,1.0,1.0,22.352054975425844,15,
24,20,temporary_damage,recent_contact,8000,0.2,0.03,common,first,31.200000000000003,1.0,1.0,22.770147274915526,15,
24,20,temporary_damage,recent_contact,8000,0.2,0.03,common,first,32.2,1.0,1.0,22.70543834143505,16,
24,20,temporary_damage,recent_contact,8000,0.2,0.03,common,first,33.2,1.0,1.0,23.123058434923642,16,
24,20,temporary_damage,recent_contact,8000,0.2,0.03,common,first,34.2,1.0,1.0,23.056863421867874,17,
24,20,temporary_damage,recent_contact,8000,0.2,0.03,common,first,35.2,1.0,1.0,23.476047467856276,17,
24,20,temporary_damage,recent_contact,8000,0.2,0.03,common,first,36.2,1.0,1.0,23.41589782212879,18,
24,20,temporary_damage,recent_contact,8000,0.2,0.03,common,first,37.2,1.0,1.0,23.837095018214615,18,
24,20,temporary_damage,recent_contact,8000,0.2,0.03,common,first,38.2,1.0,1.0,23.776721605594304,19,
24,20,temporary_damage,recent_contact,8000,0.2,0.03,common,first,39.2,1.0,1.0,24.197339012529223,19,
24,20,temporary_damage,recent_contact,8000,0.2,0.03,common,first,40.2,1.0,1.0,23.92089620200362,20,
24,20,temporary_damage,recent_contact,8000,0.2,0.03,common,first,41.2,1.0,1.0,22.87868309725218,20,
24,20,temporary_damage,recent_contact,8000,0.2,0.03,common,first,42.2,1.0,1.0,21.153175701800123,21,
24,20,temporary_damage,recent_contact,8000,0.2,0.03,common,first,43.2,1.0,1.0,19.868342938797127,21,
24,20,temporary_damage,recent_contact,8000,0.2,0.03,common,first,44.2,1.0,1.0,18.08736761198353,22,
24,20,temporary_damage,recent_contact,8000,0.2,0.03,common,first,45.2,1.0,1.0,16.719557024531802,22,
24,20,temporary_damage,recent_contact,8000,0.2,0.03,common,first,46.2,1.0,1.0,14.874056544476346,23,
24,20,temporary_damage,recent_contact,8000,0.2,0.03,common,first,47.2,1.0,1.0,13.718287998465836,23,
24,20,temporary_damage,recent_contact,8000,0.2,0.03,common,first,48.2,1.0,1.0,12.11316691034126,24,
24,20,temporary_damage,recent_contact,8000,0.2,0.03,common,first,49.2,1.0,1.0,11.2115853029242,24,
24,20,temporary_damage,recent_contact,8000,0.2,0.03,common,first,50.2,1.0,1.0,9.793868630977315,25,
24,20,temporary_damage,recent_contact,8000,0.2,0.03,common,first,51.2,1.0,1.0,8.942937934240653,25,
24,20,temporary_damage,recent_contact,8000,0.2,0.03,common,first,52.2,1.0,1.0,7.570992631127053,26,
24,20,temporary_damage,recent_contact,8000,0.2,0.03,common,first,53.2,1.0,1.0,6.699713856798403,26,
24,20,temporary_damage,recent_contact,8000,0.2,0.03,common,first,54.2,1.0,1.0,5.346006194033382,27,
24,20,temporary_damage,recent_contact,8000,0.2,0.03,common,first,55.2,1.0,1.0,4.716962931360044,27,
24,20,temporary_damage,recent_contact,8000,0.2,0.03,common,first,56.2,0.6055317260747684,0.9662266075284123,3.670535762207061,28,
24,20,temporary_damage,recent_contact,8000,0.2,0.03,common,first,57.2,0.4181734715576831,0.9184893820713429,3.3964372366692004,28,
24,20,temporary_damage,recent_contact,8000,0.2,0.03,common,first,58.2,0.37875266285526377,0.8986680172072472,2.7743453293509948,29,
24,20,temporary_damage,recent_contact,8000,0.2,0.03,common,first,59.2,0.3241921464124832,0.8425808891472736,2.883134009835976,29,
24,20,temporary_damage,recent_contact,8000,0.2,0.03,common,first,60.2,0.34767388647582786,0.8555413650718926,2.5603714199585244,30,
24,20,temporary_damage,recent_contact,8000,0.2,0.03,common,first,61.2,0.30333122798046347,0.8535051848566689,2.9253325132864925,30,
24,20,temporary_damage,recent_contact,8000,0.2,0.03,common,first,62.2,0.2474500312326894,0.8219623474994131,2.77883063968769,31,
24,20,temporary_damage,recent_contact,8000,0.2,0.03,common,first,63.2,0.23093061147890884,0.8599495392810846,3.272804792339261,31,
24,20,temporary_damage,recent_contact,8000,0.2,0.03,common,first,64.2,0.290366167879877,0.8582212116308926,3.208321753714872,32,
24,20,temporary_damage,recent_contact,8000,0.2,0.03,common,first,65.2,0.2065468061252756,0.8539701403647598,3.6730943276664934,32,
24,20,temporary_damage,recent_contact,8000,0.2,0.03,common,first,66.2,0.2731295705089865,0.8725779369462596,3.566703940078561,33,
24,20,temporary_damage,recent_contact,8000,0.2,0.03,common,first,67.2,0.26245010236420296,0.9144503354010308,3.8179049748914764,33,
24,20,temporary_damage,recent_contact,8000,0.2,0.03,common,first,68.2,0.3073388393315689,0.9023528792448164,3.5356246100595756,34,
24,20,temporary_damage,recent_contact,8000,0.2,0.03,common,first,69.2,0.27302449220599495,0.916117098987071,3.863730276977507,34,
24,20,temporary_damage,recent_contact,8000,0.2,0.03,common,first,70.2,0.3350913789954575,0.9460807874694606,3.7075527864118554,35,
24,20,temporary_damage,recent_contact,8000,0.2,0.03,common,first,71.2,0.775421858510403,0.9843347138890233,4.282458752039787,35,
24,20,temporary_damage,recent_contact,8000,0.2,0.03,common,first,72.2,0.9529415523628111,0.9972255064643639,4.296959173891448,36,
24,20,temporary_damage,recent_contact,8000,0.2,0.03,common,first,73.2,1.0,1.0,4.773561728860862,36,
24,20,temporary_damage,recent_contact,8000,0.2,0.03,common,first,74.2,1.0,1.0,4.767945192514198,37,
24,20,temporary_damage,recent_contact,8000,0.2,0.03,common,first,75.2,1.0,1.0,5.2423599702032915,37,
24,20,temporary_damage,recent_contact,8000,0.2,0.03,common,first,76.2,1.0,1.0,5.233810926859107,38,
24,20,temporary_damage,recent_contact,8000,0.2,0.03,common,first,77.2,1.0,1.0,5.704147297437263,38,
24,20,temporary_damage,recent_contact,8000,0.2,0.03,common,first,78.2,1.0,1.0,5.694442639444045,39,
24,20,temporary_damage,recent_contact,8000,0.2,0.03,common,first,79.2,1.0,1.0,6.165022968055779,39,
24,20,temporary_damage,recent_contact,8000,0.2,0.03,common,first,80.2,1.0,1.0,6.152370838963648,40,
24,20,temporary_damage,recent_contact,8000,0.2,0.03,common,first,81.2,1.0,1.0,6.620522440511705,40,
24,20,temporary_damage,recent_contact,8000,0.2,0.03,continue,quiet,82.2,1.0,1.0,6.60596896690931,41,0.9583333333333334
24,20,temporary_damage,recent_contact,8000,0.2,0.03,continue,quiet,83.2,1.0,1.0,7.073197541184809,41,0.9583333333333334
24,20,temporary_damage,recent_contact,8000,0.2,0.03,continue,quiet,84.2,1.0,1.0,7.059621683433343,42,0.9166666666666666
24,20,temporary_damage,recent_contact,8000,0.2,0.03,continue,quiet,85.2,1.0,1.0,7.526125469378178,42,0.9166666666666666
24,20,temporary_damage,recent_contact,8000,0.2,0.03,continue,quiet,86.2,1.0,1.0,7.510756351174248,43,0.875
24,20,temporary_damage,recent_contact,8000,0.2,0.03,continue,quiet,87.2,1.0,1.0,7.975664986815853,43,0.875
24,20,temporary_damage,recent_contact,8000,0.2,0.03,continue,quiet,88.2,1.0,1.0,7.9552325562989346,44,0.875
24,20,temporary_damage,recent_contact,8000,0.2,0.03,continue,quiet,89.2,1.0,1.0,8.413683050617689,44,0.875
24,20,temporary_damage,recent_contact,8000,0.2,0.03,continue,quiet,90.2,1.0,1.0,8.38852231072888,45,0.8333333333333334
24,20,temporary_damage,recent_contact,8000,0.2,0.03,continue,quiet,91.2,1.0,1.0,8.844341459278043,45,0.8333333333333334
24,20,temporary_damage,recent_contact,8000,0.2,0.03,continue,quiet,92.2,1.0,1.0,8.818533927784866,46,0.7916666666666666
24,20,temporary_damage,recent_contact,8000,0.2,0.03,continue,quiet,93.2,1.0,1.0,9.275513769867471,46,0.7916666666666666
24,20,temporary_damage,recent_contact,8000,0.2,0.03,continue,quiet,94.2,1.0,1.0,9.249341791178637,47,0.7708333333333334
24,20,temporary_damage,recent_contact,8000,0.2,0.03,continue,quiet,95.2,1.0,1.0,9.707299729143012,47,0.7708333333333334
24,20,temporary_damage,recent_contact,8000,0.2,0.03,continue,quiet,96.2,1.0,1.0,9.684893401257629,48,0.75
24,20,temporary_damage,recent_contact,8000,0.2,0.03,continue,quiet,97.2,1.0,1.0,10.144109274167636,48,0.75
24,20,temporary_damage,recent_contact,8000,0.2,0.03,continue,quiet,98.2,1.0,1.0,10.12268500608044,49,0.7083333333333334
24,20,temporary_damage,recent_contact,8000,0.2,0.03,continue,quiet,99.2,1.0,1.0,10.580516004621808,49,0.7083333333333334
24,20,temporary_damage,recent_contact,8000,0.2,0.03,continue,quiet,100.2,1.0,1.0,10.556291315489212,50,0.7291666666666666
24,20,temporary_damage,recent_contact,8000,0.2,0.03,continue,quiet,101.2,1.0,1.0,11.015344454070473,50,0.7291666666666666
24,20,temporary_damage,recent_contact,8000,0.2,0.03,continue,quiet,102.2,1.0,1.0,10.993542720997239,51,0.6875
24,20,temporary_damage,recent_contact,8000,0.2,0.03,continue,quiet,103.2,1.0,1.0,11.451737425240246,51,0.6875
24,20,temporary_damage,recent_contact,8000,0.2,0.03,continue,quiet,104.2,1.0,1.0,11.42397746336759,52,0.6875
24,20,temporary_damage,recent_contact,8000,0.2,0.03,continue,quiet,105.2,1.0,1.0,11.878722503502805,52,0.6875
24,20,temporary_damage,recent_contact,8000,0.2,0.03,continue,quiet,106.2,1.0,1.0,11.848560950726846,53,0.6666666666666666
24,20,temporary_damage,recent_contact,8000,0.2,0.03,continue,quiet,107.2,1.0,1.0,12.299503702594087,53,0.6666666666666666
24,20,temporary_damage,recent_contact,8000,0.2,0.03,continue,quiet,108.2,1.0,1.0,12.265589224743032,54,0.6875
24,20,temporary_damage,recent_contact,8000,0.2,0.03,continue,quiet,109.2,1.0,1.0,12.712402218471716,54,0.6875
24,20,temporary_damage,recent_contact,8000,0.2,0.03,continue,quiet,110.2,1.0,1.0,12.675917371109417,55,0.6875
24,20,temporary_damage,recent_contact,8000,0.2,0.03,continue,quiet,111.2,1.0,1.0,13.12008127237398,55,0.6875
24,20,temporary_damage,recent_contact,8000,0.2,0.03,continue,second,112.2,1.0,1.0,12.942388599905662,56,0.6458333333333334
24,20,temporary_damage,recent_contact,8000,0.2,0.03,continue,second,113.2,1.0,1.0,12.482756438159972,56,0.6458333333333334
24,20,temporary_damage,recent_contact,8000,0.2,0.03,continue,second,114.2,1.0,1.0,11.421238499679067,57,0.6458333333333334
24,20,temporary_damage,recent_contact,8000,0.2,0.03,continue,second,115.2,1.0,1.0,10.935481369021115,57,0.6458333333333334
24,20,temporary_damage,recent_contact,8000,0.2,0.03,continue,second,116.2,1.0,1.0,9.936839448283308,58,0.625
24,20,temporary_damage,recent_contact,8000,0.2,0.03,continue,second,117.2,1.0,1.0,9.614603401976103,58,0.625
24,20,temporary_damage,recent_contact,8000,0.2,0.03,continue,second,118.2,1.0,1.0,8.783914702517388,59,0.5833333333333334
24,20,temporary_damage,recent_contact,8000,0.2,0.03,continue,second,119.2,1.0,1.0,8.484056080443718,59,0.5833333333333334
24,20,temporary_damage,recent_contact,8000,0.2,0.03,continue,second,120.2,1.0,1.0,7.694198939183082,60,0.5625
24,20,temporary_damage,recent_contact,8000,0.2,0.03,continue,second,121.2,1.0,1.0,7.440690762746197,60,0.5625
24,20,temporary_damage,recent_contact,8000,0.2,0.03,continue,second,122.2,0.8031716252432335,0.9779743677433093,6.752227963750781,61,0.5625
24,20,temporary_damage,recent_contact,8000,0.2,0.03,continue,second,123.2,0.6329249096319738,0.9599059894249229,6.781509036730497,61,0.5625
24,20,temporary_damage,recent_contact,8000,0.2,0.03,continue,second,124.2,0.5921278838404788,0.9557758973024505,6.269449493289786,62,0.5416666666666666
24,20,temporary_damage,recent_contact,8000,0.2,0.03,continue,second,125.2,0.5260590275183856,0.9394981590423218,6.077334298162892,62,0.5416666666666666
24,20,temporary_damage,recent_contact,8000,0.2,0.03,continue,second,126.2,0.532545504543771,0.9352825135884281,5.477474604925122,63,0.5208333333333334
24,20,temporary_damage,recent_contact,8000,0.2,0.03,continue,second,127.2,0.45443773411004706,0.9111544925270297,5.5162335304938495,63,0.5208333333333334
24,20,temporary_damage,recent_contact,8000,0.2,0.03,continue,second,128.20000000000002,0.4431932497161567,0.8908819884466009,5.066154676893005,64,0.4791666666666667
24,20,temporary_damage,recent_contact,8000,0.2,0.03,continue,second,129.20000000000002,0.2803019206335717,0.8385000789804511,5.268363844150773,64,0.4791666666666667
24,20,temporary_damage,recent_contact,8000,0.2,0.03,continue,second,130.20000000000002,0.19394145979163865,0.8018622452459179,5.031375857383159,65,0.4791666666666667
24,20,temporary_damage,recent_contact,8000,0.2,0.03,continue,second,131.20000000000002,0.1842007008665087,0.8313620535418993,5.5116704509773164,65,0.4791666666666667
24,20,temporary_damage,recent_contact,8000,0.2,0.03,continue,second,132.20000000000002,0.19535767124363512,0.84341920061126,5.394815935803512,66,0.4791666666666667
24,20,temporary_damage,recent_contact,8000,0.2,0.03,continue,second,133.20000000000002,0.18918219469365372,0.8401724860779891,5.774916362166406,66,0.4791666666666667
24,20,temporary_damage,recent_contact,8000,0.2,0.03,continue,second,134.20000000000002,0.29551895428515107,0.9204261107422229,5.584722780802952,67,0.4791666666666667
24,20,temporary_damage,recent_contact,8000,0.2,0.03,continue,second,135.20000000000002,0.4765297801366621,0.9451022467582472,5.758695149757,67,0.4791666666666667
24,20,temporary_damage,recent_contact,8000,0.2,0.03,continue,second,136.20000000000002,0.5030405023404,0.9511028724851176,5.482640004144922,68,0.4583333333333333
24,20,temporary_damage,recent_contact,8000,0.2,0.03,continue,second,137.20000000000002,0.4679974708812728,0.9478000556999047,5.805062975504034,68,0.4583333333333333
24,20,temporary_damage,recent_contact,8000,0.2,0.03,continue,second,138.20000000000002,0.5172098126475972,0.9545123991855818,5.609115809529963,69,0.4583333333333333
24,20,temporary_damage,recent_contact,8000,0.2,0.03,continue,second,139.20000000000002,0.5666977504852286,0.9623497647405671,5.9228885646598,69,0.4583333333333333
24,20,temporary_damage,recent_contact,8000,0.2,0.03,continue,second,140.20000000000002,0.6301737578548936,0.9705673791169194,5.7237874439382805,70,0.4375
24,20,temporary_damage,recent_contact,8000,0.2,0.03,continue,second,141.20000000000002,0.554439514584205,0.9639720148176205,6.048936199469391,70,0.4375
24,20,temporary_damage,recent_contact,8000,0.2,0.03,continue,second,142.20000000000002,0.5970850189558627,0.9707664518186523,5.893265093128413,71,0.4375
24,20,temporary_damage,recent_contact,8000,0.2,0.03,continue,second,143.20000000000002,0.6144134847765748,0.9704497780500647,6.221070152750573,71,0.4375
24,20,temporary_damage,recent_contact,8000,0.2,0.03,continue,second,144.20000000000002,0.69766712902277,0.9803807819900587,5.999159484540478,72,0.4583333333333333
24,20,temporary_damage,recent_contact,8000,0.2,0.03,continue,second,145.20000000000002,0.6973463256981545,0.9689407217192568,6.159890832238871,72,0.4583333333333333
24,20,temporary_damage,recent_contact,8000,0.2,0.03,continue,second,146.20000000000002,0.744315600006084,0.9684190285726876,5.830464100392202,73,0.4583333333333333
24,20,temporary_damage,recent_contact,8000,0.2,0.03,continue,second,147.20000000000002,0.4764164242896805,0.9344003359792887,5.886227976533091,73,0.4583333333333333
24,20,temporary_damage,recent_contact,8000,0.2,0.03,continue,second,148.20000000000002,0.4868818283531071,0.9459758528775513,5.493704817613892,74,0.4583333333333333
24,20,temporary_damage,recent_contact,8000,0.2,0.03,continue,second,149.20000000000002,0.40926768184729445,0.9477265130574726,5.612448326847463,74,0.4583333333333333
24,20,temporary_damage,recent_contact,8000,0.2,0.03,continue,second,150.20000000000002,0.3991949283213014,0.9453924485283162,5.258393467529293,75,0.4166666666666667
24,20,temporary_damage,recent_contact,8000,0.2,0.03,continue,second,151.20000000000002,0.3708135267522379,0.9453266711239422,5.489769359246829,75,0.4166666666666667
24,20,temporary_damage,recent_contact,8000,0.2,0.03,continue,second,152.20000000000002,0.41458548794315037,0.951551178856364,5.229410017036573,76,0.375
24,20,temporary_damage,recent_contact,8000,0.2,0.03,continue,second,153.20000000000002,0.41030864250476273,0.9510276410325227,5.517832696066434,76,0.375
24,20,temporary_damage,recent_contact,8000,0.2,0.03,continue,second,154.20000000000002,0.45213161860805007,0.9664785416012893,5.302192658395546,77,0.3541666666666667
24,20,temporary_damage,recent_contact,8000,0.2,0.03,continue,second,155.20000000000002,0.4641848266913893,0.9577259006222372,5.703270425628119,77,0.3541666666666667
24,20,temporary_damage,recent_contact,8000,0.2,0.03,continue,second,156.20000000000002,0.5594602023191743,0.9694887537382798,5.586889299100816,78,0.3541666666666667
24,20,temporary_damage,recent_contact,8000,0.2,0.03,continue,second,157.20000000000002,0.5892503283693971,0.977212575227758,5.976775432441097,78,0.3541666666666667
24,20,temporary_damage,recent_contact,8000,0.2,0.03,continue,second,158.20000000000002,0.6914746268858438,0.9828837386472958,5.876974512191062,79,0.3541666666666667
24,20,temporary_damage,recent_contact,8000,0.2,0.03,continue,second,159.20000000000002,0.6765564622972958,0.9820561139970999,6.243904732980811,79,0.3541666666666667
24,20,temporary_damage,recent_contact,8000,0.2,0.03,continue,second,160.20000000000002,0.7567879530799728,0.9865071682202649,6.082608734806167,80,0.3125
24,20,temporary_damage,recent_contact,8000,0.2,0.03,continue,second,161.20000000000002,0.801426350182559,0.9889836014013083,6.392196350470915,80,0.3125
24,20,temporary_damage,recent_contact,8000,0.2,0.03,continue,second,162.20000000000002,0.9517338727281186,0.9973223088897694,6.1809408238011745,81,0.2708333333333333
24,20,temporary_damage,recent_contact,8000,0.2,0.03,continue,second,163.20000000000002,0.8044182297598724,0.9891495838366074,6.352051805677907,81,0.2708333333333333
24,20,temporary_damage,recent_contact,8000,0.2,0.03,continue,second,164.20000000000002,0.8050622521065857,0.9891853126802097,6.035254484010588,82,0.2708333333333333
24,20,temporary_damage,recent_contact,8000,0.2,0.03,continue,second,165.20000000000002,0.8161895968533345,0.9862704271707688,6.239983615723906,82,0.2708333333333333
24,20,temporary_damage,recent_contact,8000,0.2,0.03,continue,second,166.20000000000002,1.0,1.0,5.93381126585041,83,0.2708333333333333
24,20,temporary_damage,recent_contact,8000,0.2,0.03,continue,second,167.20000000000002,0.8734277040838347,0.9929780670061411,6.065670817309403,83,0.2708333333333333
24,20,temporary_damage,recent_contact,8000,0.2,0.03,continue,second,168.20000000000002,0.891536563781786,0.9939827039092943,5.732972254791726,84,0.2708333333333333
24,20,temporary_damage,recent_contact,8000,0.2,0.03,continue,second,169.20000000000002,0.8236316564201803,0.9902154995143991,5.906119527054809,84,0.2708333333333333
24,20,temporary_damage,recent_contact,8000,0.2,0.03,continue,second,170.20000000000002,0.869400742802443,0.9927546606747469,5.564869514349401,85,0.2916666666666667
24,20,temporary_damage,recent_contact,8000,0.2,0.03,continue,second,171.20000000000002,0.7723824210061013,0.9819554013502567,5.6309205007924135,85,0.2916666666666667
24,20,temporary_damage,recent_contact,8000,0.2,0.03,pause,quiet,82.2,1.0,1.0,7.082771806668296,40,1.0
24,20,temporary_damage,recent_contact,8000,0.2,0.03,pause,quiet,83.2,1.0,1.0,7.542625923527318,40,1.0
24,20,temporary_damage,recent_contact,8000,0.2,0.03,pause,quiet,84.2,1.0,1.0,8.000708312786402,40,1.0
24,20,temporary_damage,recent_contact,8000,0.2,0.03,pause,quiet,85.2,1.0,1.0,8.457222786061568,40,1.0
24,20,temporary_damage,recent_contact,8000,0.2,0.03,pause,quiet,86.2,1.0,1.0,8.91226529053221,40,1.0
24,20,temporary_damage,recent_contact,8000,0.2,0.03,pause,quiet,87.2,1.0,1.0,9.3658856073557,40,1.0
24,20,temporary_damage,recent_contact,8000,0.2,0.03,pause,quiet,88.2,1.0,1.0,9.818112409709764,40,1.0
24,20,temporary_damage,recent_contact,8000,0.2,0.03,pause,quiet,89.2,1.0,1.0,10.268963702278729,40,1.0
24,20,temporary_damage,recent_contact,8000,0.2,0.03,pause,quiet,90.2,1.0,1.0,10.718451716037178,40,1.0
24,20,temporary_damage,recent_contact,8000,0.2,0.03,pause,quiet,91.2,1.0,1.0,11.166585404341635,40,1.0
24,20,temporary_damage,recent_contact,8000,0.2,0.03,pause,quiet,92.2,1.0,1.0,11.613371795827728,40,1.0
24,20,temporary_damage,recent_contact,8000,0.2,0.03,pause,quiet,93.2,1.0,1.0,12.05881676068535,40,1.0
24,20,temporary_damage,recent_contact,8000,0.2,0.03,pause,quiet,94.2,1.0,1.0,12.502925458644697,40,1.0
24,20,temporary_damage,recent_contact,8000,0.2,0.03,pause,quiet,95.2,1.0,1.0,12.945702606934669,40,1.0
24,20,temporary_damage,recent_contact,8000,0.2,0.03,pause,quiet,96.2,1.0,1.0,13.387152635415303,40,1.0
24,20,temporary_damage,recent_contact,8000,0.2,0.03,pause,quiet,97.2,1.0,1.0,13.827279695327636,40,1.0
24,20,temporary_damage,recent_contact,8000,0.2,0.03,pause,quiet,98.2,1.0,1.0,14.26608793953802,40,1.0
24,20,temporary_damage,recent_contact,8000,0.2,0.03,pause,quiet,99.2,1.0,1.0,14.703581469365005,40,1.0
24,20,temporary_damage,recent_contact,8000,0.2,0.03,pause,quiet,100.2,1.0,1.0,15.139764318766918,40,1.0
24,20,temporary_damage,recent_contact,8000,0.2,0.03,pause,quiet,101.2,1.0,1.0,15.574640474668833,40,1.0
24,20,temporary_damage,recent_contact,8000,0.2,0.03,pause,quiet,102.2,1.0,1.0,16.00821388987201,40,1.0
24,20,temporary_damage,recent_contact,8000,0.2,0.03,pause,quiet,103.2,1.0,1.0,16.44048849125595,40,1.0
24,20,temporary_damage,recent_contact,8000,0.2,0.03,pause,quiet,104.2,1.0,1.0,16.871468184995557,40,1.0
24,20,temporary_damage,recent_contact,8000,0.2,0.03,pause,quiet,105.2,1.0,1.0,17.3011568598856,40,1.0
24,20,temporary_damage,recent_contact,8000,0.2,0.03,pause,quiet,106.2,1.0,1.0,17.72955838946435,40,1.0
24,20,temporary_damage,recent_contact,8000,0.2,0.03,pause,quiet,107.2,1.0,1.0,18.15667663337499,40,1.0
24,20,temporary_damage,recent_contact,8000,0.2,0.03,pause,quiet,108.2,1.0,1.0,18.582515438243,40,1.0
24,20,temporary_damage,recent_contact,8000,0.2,0.03,pause,quiet,109.2,1.0,1.0,19.007078638246124,40,1.0
24,20,temporary_damage,recent_contact,8000,0.2,0.03,pause,quiet,110.2,1.0,1.0,19.43037005548895,40,1.0
24,20,temporary_damage,recent_contact,8000,0.2,0.03,pause,quiet,111.2,1.0,1.0,19.852393500253445,40,1.0
24,20,temporary_damage,recent_contact,8000,0.2,0.03,pause,second,112.2,1.0,1.0,19.703443179432988,41,0.9583333333333334
24,20,temporary_damage,recent_contact,8000,0.2,0.03,pause,second,113.2,1.0,1.0,19.551298485523645,41,0.9583333333333334
24,20,temporary_damage,recent_contact,8000,0.2,0.03,pause,second,114.2,1.0,1.0,18.831968060639984,42,0.9166666666666666
24,20,temporary_damage,recent_contact,8000,0.2,0.03,pause,second,115.2,1.0,1.0,18.55101583663431,42,0.9166666666666666
24,20,temporary_damage,recent_contact,8000,0.2,0.03,pause,second,116.2,1.0,1.0,17.794923238172323,43,0.8958333333333334
24,20,temporary_damage,recent_contact,8000,0.2,0.03,pause,second,117.2,1.0,1.0,17.593960162326198,43,0.8958333333333334
24,20,temporary_damage,recent_contact,8000,0.2,0.03,pause,second,118.2,1.0,1.0,16.9226332777022,44,0.8541666666666666
24,20,temporary_damage,recent_contact,8000,0.2,0.03,pause,second,119.2,1.0,1.0,16.805862798621767,44,0.8541666666666666
24,20,temporary_damage,recent_contact,8000,0.2,0.03,pause,second,120.2,1.0,1.0,16.182101440428873,45,0.8125
24,20,temporary_damage,recent_contact,8000,0.2,0.03,pause,second,121.2,1.0,1.0,16.05894088128512,45,0.8125
24,20,temporary_damage,recent_contact,8000,0.2,0.03,pause,second,122.2,1.0,1.0,15.446120797919441,46,0.7708333333333334
24,20,temporary_damage,recent_contact,8000,0.2,0.03,pause,second,123.2,1.0,1.0,15.308413140058164,46,0.7708333333333334
24,20,temporary_damage,recent_contact,8000,0.2,0.03,pause,second,124.2,1.0,1.0,14.692927420042498,47,0.75
24,20,temporary_damage,recent_contact,8000,0.2,0.03,pause,second,125.2,1.0,1.0,14.61976346116349,47,0.75
24,20,temporary_damage,recent_contact,8000,0.2,0.03,pause,second,126.2,1.0,1.0,14.05534503295867,48,0.7291666666666666
24,20,temporary_damage,recent_contact,8000,0.2,0.03,pause,second,127.2,1.0,1.0,13.976186436765973,48,0.7291666666666666
24,20,temporary_damage,recent_contact,8000,0.2,0.03,pause,second,128.20000000000002,1.0,1.0,13.411905629868784,49,0.7083333333333334
24,20,temporary_damage,recent_contact,8000,0.2,0.03,pause,second,129.20000000000002,1.0,1.0,13.385881531518915,49,0.7083333333333334
24,20,temporary_damage,recent_contact,8000,0.2,0.03,pause,second,130.20000000000002,1.0,1.0,12.861833735600868,50,0.7083333333333334
24,20,temporary_damage,recent_contact,8000,0.2,0.03,pause,second,131.20000000000002,1.0,1.0,12.868971476061235,50,0.7083333333333334
24,20,temporary_damage,recent_contact,8000,0.2,0.03,pause,second,132.20000000000002,1.0,1.0,12.426860215048805,51,0.6666666666666666
24,20,temporary_damage,recent_contact,8000,0.2,0.03,pause,second,133.20000000000002,1.0,1.0,12.492962375714669,51,0.6666666666666666
24,20,temporary_damage,recent_contact,8000,0.2,0.03,pause,second,134.20000000000002,1.0,1.0,12.05525237259483,52,0.625
24,20,temporary_damage,recent_contact,8000,0.2,0.03,pause,second,135.20000000000002,1.0,1.0,11.991122235683399,52,0.625
24,20,temporary_damage,recent_contact,8000,0.2,0.03,pause,second,136.20000000000002,1.0,1.0,11.449021130263041,53,0.5833333333333334
24,20,temporary_damage,recent_contact,8000,0.2,0.03,pause,second,137.20000000000002,1.0,1.0,11.43660220918754,53,0.5833333333333334
24,20,temporary_damage,recent_contact,8000,0.2,0.03,pause,second,138.20000000000002,1.0,1.0,10.945052892870379,54,0.5833333333333334
24,20,temporary_damage,recent_contact,8000,0.2,0.03,pause,second,139.20000000000002,1.0,1.0,11.046907729952318,54,0.5833333333333334
24,20,temporary_damage,recent_contact,8000,0.2,0.03,pause,second,140.20000000000002,1.0,1.0,10.656123043265426,55,0.5625
24,20,temporary_damage,recent_contact,8000,0.2,0.03,pause,second,141.20000000000002,1.0,1.0,10.742703411351513,55,0.5625
24,20,temporary_damage,recent_contact,8000,0.2,0.03,pause,second,142.20000000000002,1.0,1.0,10.329820603149603,56,0.5208333333333334
24,20,temporary_damage,recent_contact,8000,0.2,0.03,pause,second,143.20000000000002,1.0,1.0,10.39688305312351,56,0.5208333333333334
24,20,temporary_damage,recent_contact,8000,0.2,0.03,pause,second,144.20000000000002,1.0,1.0,9.981519178847028,57,0.5
24,20,temporary_damage,recent_contact,8000,0.2,0.03,pause,second,145.20000000000002,1.0,1.0,10.017900079108706,57,0.5
24,20,temporary_damage,recent_contact,8000,0.2,0.03,pause,second,146.20000000000002,1.0,1.0,9.5729036248479,58,0.5208333333333334
24,20,temporary_damage,recent_contact,8000,0.2,0.03,pause,second,147.20000000000002,1.0,1.0,9.70747146722256,58,0.5208333333333334
24,20,temporary_damage,recent_contact,8000,0.2,0.03,pause,second,148.20000000000002,1.0,1.0,9.357504099804455,59,0.5
24,20,temporary_damage,recent_contact,8000,0.2,0.03,pause,second,149.20000000000002,1.0,1.0,9.388998366804895,59,0.5
24,20,temporary_damage,recent_contact,8000,0.2,0.03,pause,second,150.20000000000002,1.0,1.0,8.919056959924403,60,0.4583333333333333
24,20,temporary_damage,recent_contact,8000,0.2,0.03,pause,second,151.20000000000002,1.0,1.0,8.919755846361054,60,0.4583333333333333
24,20,temporary_damage,recent_contact,8000,0.2,0.03,pause,second,152.20000000000002,1.0,1.0,8.423338954367239,61,0.4583333333333333
24,20,temporary_damage,recent_contact,8000,0.2,0.03,pause,second,153.20000000000002,1.0,1.0,8.455703798559664,61,0.4583333333333333
24,20,temporary_damage,recent_contact,8000,0.2,0.03,pause,second,154.20000000000002,1.0,1.0,8.029195833742342,62,0.4375
24,20,temporary_damage,recent_contact,8000,0.2,0.03,pause,second,155.20000000000002,1.0,1.0,8.184356693711312,62,0.4375
24,20,temporary_damage,recent_contact,8000,0.2,0.03,pause,second,156.20000000000002,1.0,1.0,7.873987959341955,63,0.4583333333333333
24,20,temporary_damage,recent_contact,8000,0.2,0.03,pause,second,157.20000000000002,1.0,1.0,8.059445981914568,63,0.4583333333333333
24,20,temporary_damage,recent_contact,8000,0.2,0.03,pause,second,158.20000000000002,1.0,1.0,7.747159668140373,64,0.4583333333333333
24,20,temporary_damage,recent_contact,8000,0.2,0.03,pause,second,159.20000000000002,1.0,1.0,7.834716050545838,64,0.4583333333333333
24,20,temporary_damage,recent_contact,8000,0.2,0.03,pause,second,160.20000000000002,1.0,1.0,7.408302773285798,65,0.4375
24,20,temporary_damage,recent_contact,8000,0.2,0.03,pause,second,161.20000000000002,1.0,1.0,7.333401771750396,65,0.4375
24,20,temporary_damage,recent_contact,8000,0.2,0.03,pause,second,162.20000000000002,1.0,1.0,6.704708010956337,66,0.4375
24,20,temporary_damage,recent_contact,8000,0.2,0.03,pause,second,163.20000000000002,1.0,1.0,6.524923442036911,66,0.4375
24,20,temporary_damage,recent_contact,8000,0.2,0.03,pause,second,164.20000000000002,0.7458370754275868,0.9863811272924452,5.9086516852506135,67,0.4166666666666667
24,20,temporary_damage,recent_contact,8000,0.2,0.03,pause,second,165.20000000000002,0.5256892776212052,0.9708661007102939,5.766530852148902,67,0.4166666666666667
24,20,temporary_damage,recent_contact,8000,0.2,0.03,pause,second,166.20000000000002,0.49307191587215876,0.9728371513617251,5.228490459741972,68,0.4166666666666667
24,20,temporary_damage,recent_contact,8000,0.2,0.03,pause,second,167.20000000000002,0.7510402347603629,0.9866599294220219,5.2892391085203645,68,0.4166666666666667
24,20,temporary_damage,recent_contact,8000,0.2,0.03,pause,second,168.20000000000002,0.7738920777721198,0.987884405185486,4.902054251539047,69,0.4375
24,20,temporary_damage,recent_contact,8000,0.2,0.03,pause,second,169.20000000000002,0.7085362816452961,0.9843824299479509,5.13992781442199,69,0.4375
24,20,temporary_damage,recent_contact,8000,0.2,0.03,pause,second,170.20000000000002,0.7320441803866874,0.9856420593023097,4.869720290009878,70,0.4583333333333333
24,20,temporary_damage,recent_contact,8000,0.2,0.03,pause,second,171.20000000000002,0.6668151316065343,0.9761939098038275,5.087286762553834,70,0.4583333333333333
24,20,temporary_damage,experience_swap,8000,0.2,0.03,common,first,0.2,1.0,1.0,16.89903143147344,0,
24,20,temporary_damage,experience_swap,8000,0.2,0.03,common,first,1.2000000000000002,1.0,1.0,17.35718035779203,0,
24,20,temporary_damage,experience_swap,8000,0.2,0.03,common,first,2.2,1.0,1.0,17.323500708285703,1,
24,20,temporary_damage,experience_swap,8000,0.2,0.03,common,first,3.2,1.0,1.0,17.765636859305985,1,
24,20,temporary_damage,experience_swap,8000,0.2,0.03,common,first,4.2,1.0,1.0,17.723518265984737,2,
24,20,temporary_damage,experience_swap,8000,0.2,0.03,common,first,5.2,1.0,1.0,18.159780962776587,2,
24,20,temporary_damage,experience_swap,8000,0.2,0.03,common,first,6.2,1.0,1.0,18.110932327362356,3,
24,20,temporary_damage,experience_swap,8000,0.2,0.03,common,first,7.2,1.0,1.0,18.53628212820709,3,
24,20,temporary_damage,experience_swap,8000,0.2,0.03,common,first,8.200000000000001,1.0,1.0,18.480251463605317,4,
24,20,temporary_damage,experience_swap,8000,0.2,0.03,common,first,9.200000000000001,1.0,1.0,18.906199184827898,4,
24,20,temporary_damage,experience_swap,8000,0.2,0.03,common,first,10.200000000000001,1.0,1.0,18.85137901310822,5,
24,20,temporary_damage,experience_swap,8000,0.2,0.03,common,first,11.200000000000001,1.0,1.0,19.276253437981165,5,
24,20,temporary_damage,experience_swap,8000,0.2,0.03,common,first,12.200000000000001,1.0,1.0,19.217432709353766,6,
24,20,temporary_damage,experience_swap,8000,0.2,0.03,common,first,13.200000000000001,1.0,1.0,19.63821481253816,6,
24,20,temporary_damage,experience_swap,8000,0.2,0.03,common,first,14.200000000000001,1.0,1.0,19.582357449569805,7,
24,20,temporary_damage,experience_swap,8000,0.2,0.03,common,first,15.200000000000001,1.0,1.0,20.00869049809232,7,
24,20,temporary_damage,experience_swap,8000,0.2,0.03,common,first,16.2,1.0,1.0,19.95564665354555,8,
24,20,temporary_damage,experience_swap,8000,0.2,0.03,common,first,17.2,1.0,1.0,20.383471861038917,8,
24,20,temporary_damage,experience_swap,8000,0.2,0.03,common,first,18.2,1.0,1.0,20.329459158312318,9,
24,20,temporary_damage,experience_swap,8000,0.2,0.03,common,first,19.200000000000003,1.0,1.0,20.755670291103833,9,
24,20,temporary_damage,experience_swap,8000,0.2,0.03,common,first,20.200000000000003,1.0,1.0,20.699279961364475,10,
24,20,temporary_damage,experience_swap,8000,0.2,0.03,common,first,21.200000000000003,1.0,1.0,21.12268756282841,10,
24,20,temporary_damage,experience_swap,8000,0.2,0.03,common,first,22.200000000000003,1.0,1.0,21.063975267179686,11,
24,20,temporary_damage,experience_swap,8000,0.2,0.03,common,first,23.200000000000003,1.0,1.0,21.48565804553118,11,
24,20,temporary_damage,experience_swap,8000,0.2,0.03,common,first,24.200000000000003,1.0,1.0,21.42455730535761,12,
24,20,temporary_damage,experience_swap,8000,0.2,0.03,common,first,25.200000000000003,1.0,1.0,21.844838830129802,12,
24,20,temporary_damage,experience_swap,8000,0.2,0.03,common,first,26.200000000000003,1.0,1.0,21.782957625544114,13,
24,20,temporary_damage,experience_swap,8000,0.2,0.03,common,first,27.200000000000003,1.0,1.0,22.203219522952388,13,
24,20,temporary_damage,experience_swap,8000,0.2,0.03,common,first,28.200000000000003,1.0,1.0,22.1420475626254,14,
24,20,temporary_damage,experience_swap,8000,0.2,0.03,common,first,29.200000000000003,1.0,1.0,22.561090367791035,14,
24,20,temporary_damage,experience_swap,8000,0.2,0.03,common,first,30.200000000000003,1.0,1.0,22.49955002171167,15,
24,20,temporary_damage,experience_swap,8000,0.2,0.03,common,first,31.200000000000003,1.0,1.0,22.918958583087935,15,
24,20,temporary_damage,experience_swap,8000,0.2,0.03,common,first,32.2,1.0,1.0,22.85686416541851,16,
24,20,temporary_damage,experience_swap,8000,0.2,0.03,common,first,33.2,1.0,1.0,23.274427625169643,16,
24,20,temporary_damage,experience_swap,8000,0.2,0.03,common,first,34.2,1.0,1.0,23.211178788382973,17,
24,20,temporary_damage,experience_swap,8000,0.2,0.03,common,first,35.2,1.0,1.0,23.627979578880918,17,
24,20,temporary_damage,experience_swap,8000,0.2,0.03,common,first,36.2,1.0,1.0,23.556812720962792,18,
24,20,temporary_damage,experience_swap,8000,0.2,0.03,common,first,37.2,1.0,1.0,23.965192521353046,18,
24,20,temporary_damage,experience_swap,8000,0.2,0.03,common,first,38.2,1.0,1.0,23.889923294624126,19,
24,20,temporary_damage,experience_swap,8000,0.2,0.03,common,first,39.2,1.0,1.0,24.295984646063296,19,
24,20,temporary_damage,experience_swap,8000,0.2,0.03,common,first,40.2,1.0,1.0,23.909176928321365,20,
24,20,temporary_damage,experience_swap,8000,0.2,0.03,common,first,41.2,1.0,1.0,22.28976609622546,20,
24,20,temporary_damage,experience_swap,8000,0.2,0.03,common,first,42.2,1.0,1.0,20.022425499202768,21,
24,20,temporary_damage,experience_swap,8000,0.2,0.03,common,first,43.2,1.0,1.0,18.406709174749544,21,
24,20,temporary_damage,experience_swap,8000,0.2,0.03,common,first,44.2,1.0,1.0,16.33234179937422,22,
24,20,temporary_damage,experience_swap,8000,0.2,0.03,common,first,45.2,1.0,1.0,14.937360923038764,22,
24,20,temporary_damage,experience_swap,8000,0.2,0.03,common,first,46.2,1.0,1.0,13.052578274787495,23,
24,20,temporary_damage,experience_swap,8000,0.2,0.03,common,first,47.2,1.0,1.0,11.887241961786588,23,
24,20,temporary_damage,experience_swap,8000,0.2,0.03,common,first,48.2,1.0,1.0,10.318376667746392,24,
24,20,temporary_damage,experience_swap,8000,0.2,0.03,common,first,49.2,1.0,1.0,9.550893043048655,24,
24,20,temporary_damage,experience_swap,8000,0.2,0.03,common,first,50.2,1.0,1.0,8.293564479002102,25,
24,20,temporary_damage,experience_swap,8000,0.2,0.03,common,first,51.2,1.0,1.0,7.627146361143426,25,
24,20,temporary_damage,experience_swap,8000,0.2,0.03,common,first,52.2,1.0,1.0,6.478604879692318,26,
24,20,temporary_damage,experience_swap,8000,0.2,0.03,common,first,53.2,1.0,1.0,5.9727114027069685,26,
24,20,temporary_damage,experience_swap,8000,0.2,0.03,common,first,54.2,0.9673638881674715,0.9982834626700215,5.014720568063231,27,
24,20,temporary_damage,experience_swap,8000,0.2,0.03,common,first,55.2,0.48819348891448294,0.9499541494324221,4.9317924315134,27,
24,20,temporary_damage,experience_swap,8000,0.2,0.03,common,first,56.2,0.4369327043326475,0.945123162180121,4.4206496263099755,28,
24,20,temporary_damage,experience_swap,8000,0.2,0.03,common,first,57.2,0.4769198987433107,0.9417533284807261,4.585369345955587,28,
24,20,temporary_damage,experience_swap,8000,0.2,0.03,common,first,58.2,0.48532305839532275,0.9696791576661977,4.231806657214578,29,
24,20,temporary_damage,experience_swap,8000,0.2,0.03,common,first,59.2,0.41975666906411757,0.9368811151429564,4.367076784338632,29,
24,20,temporary_damage,experience_swap,8000,0.2,0.03,common,first,60.2,0.4436332790075999,0.9584934726709823,4.039281564690303,30,
24,20,temporary_damage,experience_swap,8000,0.2,0.03,common,first,61.2,0.6100255701630413,0.9651032073790367,4.139570128583466,30,
24,20,temporary_damage,experience_swap,8000,0.2,0.03,common,first,62.2,0.9269617543871772,0.9956951570675415,3.7043892978826545,31,
24,20,temporary_damage,experience_swap,8000,0.2,0.03,common,first,63.2,0.6870288822862654,0.9654103426894244,3.7670799750048927,31,
24,20,temporary_damage,experience_swap,8000,0.2,0.03,common,first,64.2,0.6700293823593875,0.9613734454994015,3.4449484572054887,32,
24,20,temporary_damage,experience_swap,8000,0.2,0.03,common,first,65.2,0.5735676114951352,0.9441829720224186,3.8135481496141623,32,
24,20,temporary_damage,experience_swap,8000,0.2,0.03,common,first,66.2,0.65832654032444,0.9582259342147101,3.6674951456106952,33,
24,20,temporary_damage,experience_swap,8000,0.2,0.03,common,first,67.2,0.6585937253641704,0.9535631765604475,4.06121131224661,33,
24,20,temporary_damage,experience_swap,8000,0.2,0.03,common,first,68.2,0.5002751741268778,0.9575997066608423,3.9209879418919504,34,
24,20,temporary_damage,experience_swap,8000,0.2,0.03,common,first,69.2,0.4521212959785855,0.9546470176248883,4.262865885670549,34,
24,20,temporary_damage,experience_swap,8000,0.2,0.03,common,first,70.2,1.0,1.0,4.115432752483525,35,
24,20,temporary_damage,experience_swap,8000,0.2,0.03,common,first,71.2,1.0,1.0,4.592657664745802,35,
24,20,temporary_damage,experience_swap,8000,0.2,0.03,common,first,72.2,1.0,1.0,4.588910911900877,36,
24,20,temporary_damage,experience_swap,8000,0.2,0.03,common,first,73.2,1.0,1.0,5.065554787749113,36,
24,20,temporary_damage,experience_swap,8000,0.2,0.03,common,first,74.2,1.0,1.0,5.058945933882599,37,
24,20,temporary_damage,experience_swap,8000,0.2,0.03,common,first,75.2,0.7664292946719758,0.9862290312455096,5.550472757028221,37,
24,20,temporary_damage,experience_swap,8000,0.2,0.03,common,first,76.2,0.8182844245567807,0.9892863297727407,5.5751542729063175,38,
24,20,temporary_damage,experience_swap,8000,0.2,0.03,common,first,77.2,0.7948580478428947,0.9829187574400705,6.084503090844195,38,
24,20,temporary_damage,experience_swap,8000,0.2,0.03,common,first,78.2,0.9100263770245739,0.9940298224198902,6.098740492709082,39,
24,20,temporary_damage,experience_swap,8000,0.2,0.03,common,first,79.2,0.9066118773711007,0.99067298386181,6.590609945123794,39,
24,20,temporary_damage,experience_swap,8000,0.2,0.03,common,first,80.2,0.9378898663244435,0.9963392553073546,6.586187108082845,40,
24,20,temporary_damage,experience_swap,8000,0.2,0.03,common,first,81.2,0.8651846943235001,0.9920540435910081,7.064848575597587,40,
24,20,temporary_damage,experience_swap,8000,0.2,0.03,common,first,82.2,0.9100465067954334,0.994565020422294,7.060174785645237,41,
24,20,temporary_damage,experience_swap,8000,0.2,0.03,common,first,83.2,0.45033311118861197,0.9282550234102682,7.678272729140325,41,
24,20,temporary_damage,experience_swap,8000,0.2,0.03,common,first,84.2,0.5123468005197308,0.9631236989097941,7.830073197781797,42,
24,20,temporary_damage,experience_swap,8000,0.2,0.03,common,first,85.2,1.0,1.0,8.286909411436136,42,
24,20,temporary_damage,experience_swap,8000,0.2,0.03,common,first,86.2,1.0,1.0,8.252329939693855,43,
24,20,temporary_damage,experience_swap,8000,0.2,0.03,common,first,87.2,1.0,1.0,8.697606279474199,43,
24,20,temporary_damage,experience_swap,8000,0.2,0.03,common,first,88.2,1.0,1.0,8.6642411320557,44,
24,20,temporary_damage,experience_swap,8000,0.2,0.03,common,first,89.2,1.0,1.0,9.113228421091474,44,
24,20,temporary_damage,experience_swap,8000,0.2,0.03,common,first,90.2,1.0,1.0,9.076786573628684,45,
24,20,temporary_damage,experience_swap,8000,0.2,0.03,common,first,91.2,1.0,1.0,9.523818137423913,45,
24,20,temporary_damage,experience_swap,8000,0.2,0.03,common,first,92.2,1.0,1.0,9.487910477468978,46,
24,20,temporary_damage,experience_swap,8000,0.2,0.03,common,first,93.2,1.0,1.0,9.934205065177814,46,
24,20,temporary_damage,experience_swap,8000,0.2,0.03,common,first,94.2,1.0,1.0,9.898812388631894,47,
24,20,temporary_damage,experience_swap,8000,0.2,0.03,continue,quiet,95.2,1.0,1.0,10.34802751632432,47,1.0
24,20,temporary_damage,experience_swap,8000,0.2,0.03,continue,quiet,96.2,1.0,1.0,10.31656295708058,48,0.9583333333333334
24,20,temporary_damage,experience_swap,8000,0.2,0.03,continue,quiet,97.2,1.0,1.0,10.768084928850662,48,0.9583333333333334
24,20,temporary_damage,experience_swap,8000,0.2,0.03,continue,quiet,98.2,1.0,1.0,10.7361721143481,49,0.9166666666666666
24,20,temporary_damage,experience_swap,8000,0.2,0.03,continue,quiet,99.2,1.0,1.0,11.185321452629506,49,0.9166666666666666
24,20,temporary_damage,experience_swap,8000,0.2,0.03,continue,quiet,100.2,1.0,1.0,11.154189390794636,50,0.8958333333333334
24,20,temporary_damage,experience_swap,8000,0.2,0.03,continue,quiet,101.2,1.0,1.0,11.602428844839263,50,0.8958333333333334
24,20,temporary_damage,experience_swap,8000,0.2,0.03,continue,quiet,102.2,1.0,1.0,11.567505040757833,51,0.8541666666666666
24,20,temporary_damage,experience_swap,8000,0.2,0.03,continue,quiet,103.2,1.0,1.0,12.015169774137876,51,0.8541666666666666
24,20,temporary_damage,experience_swap,8000,0.2,0.03,continue,quiet,104.2,1.0,1.0,11.98390971283163,52,0.8333333333333334
24,20,temporary_damage,experience_swap,8000,0.2,0.03,continue,quiet,105.2,1.0,1.0,12.433006687834814,52,0.8333333333333334
24,20,temporary_damage,experience_swap,8000,0.2,0.03,continue,quiet,106.2,1.0,1.0,12.397298949931407,53,0.7916666666666666
24,20,temporary_damage,experience_swap,8000,0.2,0.03,continue,quiet,107.2,1.0,1.0,12.841939813999385,53,0.7916666666666666
24,20,temporary_damage,experience_swap,8000,0.2,0.03,continue,quiet,108.2,1.0,1.0,12.804272055439895,54,0.7916666666666666
24,20,temporary_damage,experience_swap,8000,0.2,0.03,continue,quiet,109.2,1.0,1.0,13.246612664694862,54,0.7916666666666666
24,20,temporary_damage,experience_swap,8000,0.2,0.03,continue,quiet,110.2,1.0,1.0,13.201748853282577,55,0.75
24,20,temporary_damage,experience_swap,8000,0.2,0.03,continue,quiet,111.2,1.0,1.0,13.639307823830073,55,0.75
24,20,temporary_damage,experience_swap,8000,0.2,0.03,continue,quiet,112.2,1.0,1.0,13.596019003307065,56,0.75
24,20,temporary_damage,experience_swap,8000,0.2,0.03,continue,quiet,113.2,1.0,1.0,14.035266201032606,56,0.75
24,20,temporary_damage,experience_swap,8000,0.2,0.03,continue,quiet,114.2,1.0,1.0,13.98416609543667,57,0.7291666666666666
24,20,temporary_damage,experience_swap,8000,0.2,0.03,continue,quiet,115.2,1.0,1.0,14.412312324950868,57,0.7291666666666666
24,20,temporary_damage,experience_swap,8000,0.2,0.03,continue,quiet,116.2,1.0,1.0,14.360036374621089,58,0.6875
24,20,temporary_damage,experience_swap,8000,0.2,0.03,continue,quiet,117.2,1.0,1.0,14.791281547859118,58,0.6875
24,20,temporary_damage,experience_swap,8000,0.2,0.03,continue,quiet,118.2,1.0,1.0,14.738990219725393,59,0.6458333333333334
24,20,temporary_damage,experience_swap,8000,0.2,0.03,continue,quiet,119.2,1.0,1.0,15.169531504301487,59,0.6458333333333334
24,20,temporary_damage,experience_swap,8000,0.2,0.03,continue,quiet,120.2,1.0,1.0,15.116486983968464,60,0.625
24,20,temporary_damage,experience_swap,8000,0.2,0.03,continue,quiet,121.2,1.0,1.0,15.544750877359192,60,0.625
24,20,temporary_damage,experience_swap,8000,0.2,0.03,continue,quiet,122.2,1.0,1.0,15.491433460768675,61,0.625
24,20,temporary_damage,experience_swap,8000,0.2,0.03,continue,quiet,123.2,1.0,1.0,15.920630085257066,61,0.625
24,20,temporary_damage,experience_swap,8000,0.2,0.03,continue,quiet,124.2,1.0,1.0,15.86731959525181,62,0.625
24,20,temporary_damage,experience_swap,8000,0.2,0.03,continue,second,125.2,1.0,1.0,15.277179210725315,62,0.625
24,20,temporary_damage,experience_swap,8000,0.2,0.03,continue,second,126.2,1.0,1.0,13.768767562489455,63,0.6041666666666666
24,20,temporary_damage,experience_swap,8000,0.2,0.03,continue,second,127.2,1.0,1.0,12.7308954737393,63,0.6041666666666666
24,20,temporary_damage,experience_swap,8000,0.2,0.03,continue,second,128.20000000000002,1.0,1.0,11.201696729238952,64,0.5833333333333334
24,20,temporary_damage,experience_swap,8000,0.2,0.03,continue,second,129.20000000000002,1.0,1.0,10.309709089005795,64,0.5833333333333334
24,20,temporary_damage,experience_swap,8000,0.2,0.03,continue,second,130.20000000000002,1.0,1.0,8.918213001411303,65,0.5416666666666666
24,20,temporary_damage,experience_swap,8000,0.2,0.03,continue,second,131.20000000000002,0.8931359355492207,0.9937014777843464,8.070908010573039,65,0.5416666666666666
24,20,temporary_damage,experience_swap,8000,0.2,0.03,continue,second,132.20000000000002,0.523770248838779,0.9302718187838289,6.858052624944578,66,0.5208333333333334
24,20,temporary_damage,experience_swap,8000,0.2,0.03,continue,second,133.20000000000002,0.4284255834245464,0.8821039996229327,6.3229017721141245,66,0.5208333333333334
24,20,temporary_damage,experience_swap,8000,0.2,0.03,continue,second,134.20000000000002,0.2739472104064233,0.8314450477007388,5.493122148616469,67,0.5
24,20,temporary_damage,experience_swap,8000,0.2,0.03,continue,second,135.20000000000002,0.2873618608589568,0.8028621764775138,5.442925181856602,67,0.5
24,20,temporary_damage,experience_swap,8000,0.2,0.03,continue,second,136.20000000000002,0.2599466893563747,0.8117919429937757,4.916396129455692,68,0.4791666666666667
24,20,temporary_damage,experience_swap,8000,0.2,0.03,continue,second,137.20000000000002,0.2588610221679576,0.801818217768365,4.764886442103764,68,0.4791666666666667
24,20,temporary_damage,experience_swap,8000,0.2,0.03,continue,second,138.20000000000002,0.26582000928698196,0.8100916045004796,4.204367145077082,69,0.4375
24,20,temporary_damage,experience_swap,8000,0.2,0.03,continue,second,139.20000000000002,0.2930015204426319,0.7977141122335453,4.2775789509204865,69,0.4375
24,20,temporary_damage,experience_swap,8000,0.2,0.03,continue,second,140.20000000000002,0.30816960451824627,0.8301869417933635,3.8627627065679424,70,0.4375
24,20,temporary_damage,experience_swap,8000,0.2,0.03,continue,second,141.20000000000002,0.3066254544607615,0.8490588677097355,3.9402149727477154,70,0.4375
24,20,temporary_damage,experience_swap,8000,0.2,0.03,continue,second,142.20000000000002,0.3462938022558387,0.8517922223203765,3.5888183186563873,71,0.4375
24,20,temporary_damage,experience_swap,8000,0.2,0.03,continue,second,143.20000000000002,0.29560279701606706,0.8574102800731407,3.915636086009136,71,0.4375
24,20,temporary_damage,experience_swap,8000,0.2,0.03,continue,second,144.20000000000002,0.31185530518960586,0.8940762255560363,3.7424768404950584,72,0.4375
24,20,temporary_damage,experience_swap,8000,0.2,0.03,continue,second,145.20000000000002,0.2937266892052333,0.8913536158302248,4.165223782776073,72,0.4375
24,20,temporary_damage,experience_swap,8000,0.2,0.03,continue,second,146.20000000000002,0.3277209903698752,0.90480151565955,4.074268598966654,73,0.3958333333333333
24,20,temporary_damage,experience_swap,8000,0.2,0.03,continue,second,147.20000000000002,0.3186457627157109,0.9034914456586886,4.558305597115303,73,0.3958333333333333
24,20,temporary_damage,experience_swap,8000,0.2,0.03,continue,second,148.20000000000002,0.6012372971138895,0.9595005411637048,4.445301124100236,74,0.375
24,20,temporary_damage,experience_swap,8000,0.2,0.03,continue,second,149.20000000000002,0.5935030297190668,0.9446811295721138,4.69001506045757,74,0.375
24,20,temporary_damage,experience_swap,8000,0.2,0.03,continue,second,150.20000000000002,0.6852991082009048,0.9722013572552397,4.447422471829309,75,0.375
24,20,temporary_damage,experience_swap,8000,0.2,0.03,continue,second,151.20000000000002,0.7482461864507537,0.9787363740487436,4.752876397947588,75,0.375
24,20,temporary_damage,experience_swap,8000,0.2,0.03,continue,second,152.20000000000002,0.812736698243904,0.98623072468059,4.544328845000865,76,0.375
24,20,temporary_damage,experience_swap,8000,0.2,0.03,continue,second,153.20000000000002,0.7590500309266454,0.9869822228041354,4.834278004270345,76,0.375
24,20,temporary_damage,experience_swap,8000,0.2,0.03,continue,second,154.20000000000002,0.8021297802004749,0.9893096876295395,4.644012499398051,77,0.3541666666666667
24,20,temporary_damage,experience_swap,8000,0.2,0.03,continue,second,155.20000000000002,0.7589149304694696,0.9869749237467531,4.986639754163816,77,0.3541666666666667
24,20,temporary_damage,experience_swap,8000,0.2,0.03,continue,second,156.20000000000002,0.8553508657555288,0.9921850573029294,4.826244293585226,78,0.375
24,20,temporary_damage,experience_swap,8000,0.2,0.03,continue,second,157.20000000000002,0.8332815285262521,0.9909927196736031,5.125416560909324,78,0.375
24,20,temporary_damage,experience_swap,8000,0.2,0.03,continue,second,158.20000000000002,1.0,1.0,4.919309888029541,79,0.375
24,20,temporary_damage,experience_swap,8000,0.2,0.03,continue,second,159.20000000000002,1.0,1.0,5.245749501425671,79,0.375
24,20,temporary_damage,experience_swap,8000,0.2,0.03,continue,second,160.20000000000002,1.0,1.0,5.0460904033087335,80,0.3541666666666667
24,20,temporary_damage,experience_swap,8000,0.2,0.03,continue,second,161.20000000000002,1.0,1.0,5.358841984082502,80,0.3541666666666667
24,20,temporary_damage,experience_swap,8000,0.2,0.03,continue,second,162.20000000000002,1.0,1.0,5.208409265151236,81,0.3541666666666667
24,20,temporary_damage,experience_swap,8000,0.2,0.03,continue,second,163.20000000000002,1.0,1.0,5.591197826068542,81,0.3541666666666667
24,20,temporary_damage,experience_swap,8000,0.2,0.03,continue,second,164.20000000000002,1.0,1.0,5.489251856005476,82,0.375
24,20,temporary_damage,experience_swap,8000,0.2,0.03,continue,second,165.20000000000002,1.0,1.0,5.885902492214225,82,0.375
24,20,temporary_damage,experience_swap,8000,0.2,0.03,continue,second,166.20000000000002,1.0,1.0,5.764473391723628,83,0.375
24,20,temporary_damage,experience_swap,8000,0.2,0.03,continue,second,167.20000000000002,1.0,1.0,5.990705078082924,83,0.375
24,20,temporary_damage,experience_swap,8000,0.2,0.03,continue,second,168.20000000000002,1.0,1.0,5.710609191723606,84,0.3541666666666667
24,20,temporary_damage,experience_swap,8000,0.2,0.03,continue,second,169.20000000000002,1.0,1.0,5.882991300212233,84,0.3541666666666667
24,20,temporary_damage,experience_swap,8000,0.2,0.03,continue,second,170.20000000000002,1.0,1.0,5.5423282930270705,85,0.375
24,20,temporary_damage,experience_swap,8000,0.2,0.03,continue,second,171.20000000000002,1.0,1.0,5.699381836833115,85,0.375
24,20,temporary_damage,experience_swap,8000,0.2,0.03,continue,second,172.20000000000002,1.0,1.0,5.400228362207054,86,0.375
24,20,temporary_damage,experience_swap,8000,0.2,0.03,continue,second,173.20000000000002,0.9624132447854414,0.9979231807156945,5.748463687920398,86,0.375
24,20,temporary_damage,experience_swap,8000,0.2,0.03,continue,second,174.20000000000002,1.0,1.0,5.614431644450799,87,0.375
24,20,temporary_damage,experience_swap,8000,0.2,0.03,continue,second,175.20000000000002,1.0,1.0,5.976660680816137,87,0.375
24,20,temporary_damage,experience_swap,8000,0.2,0.03,continue,second,176.20000000000002,1.0,1.0,5.857508875679937,88,0.3541666666666667
24,20,temporary_damage,experience_swap,8000,0.2,0.03,continue,second,177.20000000000002,1.0,1.0,6.235156899609079,88,0.3541666666666667
24,20,temporary_damage,experience_swap,8000,0.2,0.03,continue,second,178.20000000000002,1.0,1.0,6.117059855367901,89,0.3333333333333333
24,20,temporary_damage,experience_swap,8000,0.2,0.03,continue,second,179.20000000000002,1.0,1.0,6.434256059288835,89,0.3333333333333333
24,20,temporary_damage,experience_swap,8000,0.2,0.03,continue,second,180.20000000000002,1.0,1.0,6.2713269480254095,90,0.2916666666666667
24,20,temporary_damage,experience_swap,8000,0.2,0.03,continue,second,181.20000000000002,1.0,1.0,6.606343623378564,90,0.2916666666666667
24,20,temporary_damage,experience_swap,8000,0.2,0.03,continue,second,182.20000000000002,1.0,1.0,6.4640547402635535,91,0.2916666666666667
24,20,temporary_damage,experience_swap,8000,0.2,0.03,continue,second,183.20000000000002,1.0,1.0,6.827179060047148,91,0.2916666666666667
24,20,temporary_damage,experience_swap,8000,0.2,0.03,continue,second,184.20000000000002,1.0,1.0,6.70592325967346,92,0.2916666666666667
24,20,temporary_damage,experience_swap,8000,0.2,0.03,pause,quiet,95.2,1.0,1.0,10.34802751632432,47,1.0
24,20,temporary_damage,experience_swap,8000,0.2,0.03,pause,quiet,96.2,1.0,1.0,10.793963064372669,47,1.0
24,20,temporary_damage,experience_swap,8000,0.2,0.03,pause,quiet,97.2,1.0,1.0,11.237399737989836,47,1.0
24,20,temporary_damage,experience_swap,8000,0.2,0.03,pause,quiet,98.2,1.0,1.0,11.678873789672245,47,1.0
24,20,temporary_damage,experience_swap,8000,0.2,0.03,pause,quiet,99.2,1.0,1.0,12.118688531563208,47,1.0
24,20,temporary_damage,experience_swap,8000,0.2,0.03,pause,quiet,100.2,1.0,1.0,12.55700594549616,47,1.0
24,20,temporary_damage,experience_swap,8000,0.2,0.03,pause,quiet,101.2,1.0,1.0,12.993914183541486,47,1.0
24,20,temporary_damage,experience_swap,8000,0.2,0.03,pause,quiet,102.2,1.0,1.0,13.429462110487677,47,1.0
24,20,temporary_damage,experience_swap,8000,0.2,0.03,pause,quiet,103.2,1.0,1.0,13.86367765667747,47,1.0
24,20,temporary_damage,experience_swap,8000,0.2,0.03,pause,quiet,104.2,1.0,1.0,14.296577588717227,47,1.0
24,20,temporary_damage,experience_swap,8000,0.2,0.03,pause,quiet,105.2,1.0,1.0,14.728172707516986,47,1.0
24,20,temporary_damage,experience_swap,8000,0.2,0.03,pause,quiet,106.2,1.0,1.0,15.158470615710115,47,1.0
24,20,temporary_damage,experience_swap,8000,0.2,0.03,pause,quiet,107.2,1.0,1.0,15.58747719397305,47,1.0
24,20,temporary_damage,experience_swap,8000,0.2,0.03,pause,quiet,108.2,1.0,1.0,16.015197390713695,47,1.0
24,20,temporary_damage,experience_swap,8000,0.2,0.03,pause,quiet,109.2,1.0,1.0,16.441635645741883,47,1.0
24,20,temporary_damage,experience_swap,8000,0.2,0.03,pause,quiet,110.2,1.0,1.0,16.86679611826476,47,1.0
24,20,temporary_damage,experience_swap,8000,0.2,0.03,pause,quiet,111.2,1.0,1.0,17.290682809949907,47,1.0
24,20,temporary_damage,experience_swap,8000,0.2,0.03,pause,quiet,112.2,1.0,1.0,17.71329963154351,47,1.0
24,20,temporary_damage,experience_swap,8000,0.2,0.03,pause,quiet,113.2,1.0,1.0,18.134650439034914,47,1.0
24,20,temporary_damage,experience_swap,8000,0.2,0.03,pause,quiet,114.2,1.0,1.0,18.55473905334405,47,1.0
24,20,temporary_damage,experience_swap,8000,0.2,0.03,pause,quiet,115.2,1.0,1.0,18.973569271070097,47,1.0
24,20,temporary_damage,experience_swap,8000,0.2,0.03,pause,quiet,116.2,1.0,1.0,19.39114487037893,47,1.0
24,20,temporary_damage,experience_swap,8000,0.2,0.03,pause,quiet,117.2,1.0,1.0,19.807469614240983,47,1.0
24,20,temporary_damage,experience_swap,8000,0.2,0.03,pause,quiet,118.2,1.0,1.0,20.222547252221688,47,1.0
24,20,temporary_damage,experience_swap,8000,0.2,0.03,pause,quiet,119.2,1.0,1.0,20.636381521479926,47,1.0
24,20,temporary_damage,experience_swap,8000,0.2,0.03,pause,quiet,120.2,1.0,1.0,21.048976147332183,47,1.0
24,20,temporary_damage,experience_swap,8000,0.2,0.03,pause,quiet,121.2,1.0,1.0,21.4603348435782,47,1.0
24,20,temporary_damage,experience_swap,8000,0.2,0.03,pause,quiet,122.2,1.0,1.0,21.870461312695504,47,1.0
24,20,temporary_damage,experience_swap,8000,0.2,0.03,pause,quiet,123.2,1.0,1.0,22.279359245961587,47,1.0
24,20,temporary_damage,experience_swap,8000,0.2,0.03,pause,quiet,124.2,1.0,1.0,22.687032323536272,47,1.0
24,20,temporary_damage,experience_swap,8000,0.2,0.03,pause,second,125.2,1.0,1.0,22.128310871914483,47,1.0
24,20,temporary_damage,experience_swap,8000,0.2,0.03,pause,second,126.2,1.0,1.0,20.72497361006497,48,0.9583333333333334
24,20,temporary_damage,experience_swap,8000,0.2,0.03,pause,second,127.2,1.0,1.0,20.01161953565637,48,0.9583333333333334
24,20,temporary_damage,experience_swap,8000,0.2,0.03,pause,second,128.20000000000002,1.0,1.0,18.812136045505447,49,0.9166666666666666
24,20,temporary_damage,experience_swap,8000,0.2,0.03,pause,second,129.20000000000002,1.0,1.0,18.289362587543216,49,0.9166666666666666
24,20,temporary_damage,experience_swap,8000,0.2,0.03,pause,second,130.20000000000002,1.0,1.0,17.266406681622552,50,0.875
24,20,temporary_damage,experience_swap,8000,0.2,0.03,pause,second,131.20000000000002,1.0,1.0,16.91084008276225,50,0.875
24,20,temporary_damage,experience_swap,8000,0.2,0.03,pause,second,132.20000000000002,1.0,1.0,16.05532133200706,51,0.8333333333333334
24,20,temporary_damage,experience_swap,8000,0.2,0.03,pause,second,133.20000000000002,1.0,1.0,15.521078939149454,51,0.8333333333333334
24,20,temporary_damage,experience_swap,8000,0.2,0.03,pause,second,134.20000000000002,1.0,1.0,14.585294479609246,52,0.7916666666666666
24,20,temporary_damage,experience_swap,8000,0.2,0.03,pause,second,135.20000000000002,1.0,1.0,14.28812168074521,52,0.7916666666666666
24,20,temporary_damage,experience_swap,8000,0.2,0.03,pause,second,136.20000000000002,1.0,1.0,13.486219223918077,53,0.75
24,20,temporary_damage,experience_swap,8000,0.2,0.03,pause,second,137.20000000000002,1.0,1.0,13.282844655411088,53,0.75
24,20,temporary_damage,experience_swap,8000,0.2,0.03,pause,second,138.20000000000002,1.0,1.0,12.615383436432062,54,0.7291666666666666
24,20,temporary_damage,experience_swap,8000,0.2,0.03,pause,second,139.20000000000002,1.0,1.0,12.633237351585194,54,0.7291666666666666
24,20,temporary_damage,experience_swap,8000,0.2,0.03,pause,second,140.20000000000002,1.0,1.0,12.15997851070811,55,0.6875
24,20,temporary_damage,experience_swap,8000,0.2,0.03,pause,second,141.20000000000002,1.0,1.0,12.214593125867438,55,0.6875
24,20,temporary_damage,experience_swap,8000,0.2,0.03,pause,second,142.20000000000002,1.0,1.0,11.801226089252506,56,0.6458333333333334
24,20,temporary_damage,experience_swap,8000,0.2,0.03,pause,second,143.20000000000002,1.0,1.0,11.953081122327527,56,0.6458333333333334
24,20,temporary_damage,experience_swap,8000,0.2,0.03,pause,second,144.20000000000002,1.0,1.0,11.612794270000386,57,0.6041666666666666
24,20,temporary_damage,experience_swap,8000,0.2,0.03,pause,second,145.20000000000002,1.0,1.0,11.778903300805322,57,0.6041666666666666
24,20,temporary_damage,experience_swap,8000,0.2,0.03,pause,second,146.20000000000002,1.0,1.0,11.443760328333555,58,0.5833333333333334
24,20,temporary_damage,experience_swap,8000,0.2,0.03,pause,second,147.20000000000002,1.0,1.0,11.615830859271286,58,0.5833333333333334
24,20,temporary_damage,experience_swap,8000,0.2,0.03,pause,second,148.20000000000002,1.0,1.0,11.308132661453552,59,0.5625
24,20,temporary_damage,experience_swap,8000,0.2,0.03,pause,second,149.20000000000002,1.0,1.0,11.51081248211431,59,0.5625
24,20,temporary_damage,experience_swap,8000,0.2,0.03,pause,second,150.20000000000002,1.0,1.0,11.238350707379098,60,0.5416666666666666
24,20,temporary_damage,experience_swap,8000,0.2,0.03,pause,second,151.20000000000002,1.0,1.0,11.526718870628514,60,0.5416666666666666
24,20,temporary_damage,experience_swap,8000,0.2,0.03,pause,second,152.20000000000002,1.0,1.0,11.326125924687506,61,0.5416666666666666
24,20,temporary_damage,experience_swap,8000,0.2,0.03,pause,second,153.20000000000002,1.0,1.0,11.620639565294686,61,0.5416666666666666
24,20,temporary_damage,experience_swap,8000,0.2,0.03,pause,second,154.20000000000002,1.0,1.0,11.45200395908461,62,0.5625
24,20,temporary_damage,experience_swap,8000,0.2,0.03,pause,second,155.20000000000002,1.0,1.0,11.848954548613651,62,0.5625
24,20,temporary_damage,experience_swap,8000,0.2,0.03,pause,second,156.20000000000002,1.0,1.0,11.770836819872077,63,0.5625
24,20,temporary_damage,experience_swap,8000,0.2,0.03,pause,second,157.20000000000002,1.0,1.0,12.219742709955032,63,0.5625
24,20,temporary_damage,experience_swap,8000,0.2,0.03,pause,second,158.20000000000002,1.0,1.0,12.183508888112323,64,0.5208333333333334
24,20,temporary_damage,experience_swap,8000,0.2,0.03,pause,second,159.20000000000002,1.0,1.0,12.628102883471183,64,0.5208333333333334
24,20,temporary_damage,experience_swap,8000,0.2,0.03,pause,second,160.20000000000002,1.0,1.0,12.594600333729586,65,0.5625
24,20,temporary_damage,experience_swap,8000,0.2,0.03,pause,second,161.20000000000002,1.0,1.0,13.044279596486987,65,0.5625
24,20,temporary_damage,experience_swap,8000,0.2,0.03,pause,second,162.20000000000002,1.0,1.0,13.001510252921006,66,0.5416666666666666
24,20,temporary_damage,experience_swap,8000,0.2,0.03,pause,second,163.20000000000002,1.0,1.0,13.420248336912568,66,0.5416666666666666
24,20,temporary_damage,experience_swap,8000,0.2,0.03,pause,second,164.20000000000002,1.0,1.0,13.29607510398593,67,0.5416666666666666
24,20,temporary_damage,experience_swap,8000,0.2,0.03,pause,second,165.20000000000002,1.0,1.0,13.43089722706477,67,0.5416666666666666
24,20,temporary_damage,experience_swap,8000,0.2,0.03,pause,second,166.20000000000002,1.0,1.0,13.008816775408587,68,0.5
24,20,temporary_damage,experience_swap,8000,0.2,0.03,pause,second,167.20000000000002,1.0,1.0,12.85053269248352,68,0.5
24,20,temporary_damage,experience_swap,8000,0.2,0.03,pause,second,168.20000000000002,1.0,1.0,12.27175625122201,69,0.4791666666666667
24,20,temporary_damage,experience_swap,8000,0.2,0.03,pause,second,169.20000000000002,1.0,1.0,12.353038520307486,69,0.4791666666666667
24,20,temporary_damage,experience_swap,8000,0.2,0.03,pause,second,170.20000000000002,1.0,1.0,11.986928766287415,70,0.4791666666666667
24,20,temporary_damage,experience_swap,8000,0.2,0.03,pause,second,171.20000000000002,1.0,1.0,12.263683048616539,70,0.4791666666666667
24,20,temporary_damage,experience_swap,8000,0.2,0.03,pause,second,172.20000000000002,1.0,1.0,12.056077100915719,71,0.4791666666666667
24,20,temporary_damage,experience_swap,8000,0.2,0.03,pause,second,173.20000000000002,1.0,1.0,12.36162923298268,71,0.4791666666666667
24,20,temporary_damage,experience_swap,8000,0.2,0.03,pause,second,174.20000000000002,1.0,1.0,12.146148632933906,72,0.4791666666666667
24,20,temporary_damage,experience_swap,8000,0.2,0.03,pause,second,175.20000000000002,1.0,1.0,12.244497361033666,72,0.4791666666666667
24,20,temporary_damage,experience_swap,8000,0.2,0.03,pause,second,176.20000000000002,1.0,1.0,11.767640326984717,73,0.4583333333333333
24,20,temporary_damage,experience_swap,8000,0.2,0.03,pause,second,177.20000000000002,1.0,1.0,11.59024980321318,73,0.4583333333333333
24,20,temporary_damage,experience_swap,8000,0.2,0.03,pause,second,178.20000000000002,1.0,1.0,10.936063723767692,74,0.4791666666666667
24,20,temporary_damage,experience_swap,8000,0.2,0.03,pause,second,179.20000000000002,1.0,1.0,10.834242428831088,74,0.4791666666666667
24,20,temporary_damage,experience_swap,8000,0.2,0.03,pause,second,180.20000000000002,1.0,1.0,10.321183420863896,75,0.4791666666666667
24,20,temporary_damage,experience_swap,8000,0.2,0.03,pause,second,181.20000000000002,1.0,1.0,10.483785638551108,75,0.4791666666666667
24,20,temporary_damage,experience_swap,8000,0.2,0.03,pause,second,182.20000000000002,1.0,1.0,10.117787810888338,76,0.4583333333333333
24,20,temporary_damage,experience_swap,8000,0.2,0.03,pause,second,183.20000000000002,1.0,1.0,10.142247622548721,76,0.4583333333333333
24,20,temporary_damage,experience_swap,8000,0.2,0.03,pause,second,184.20000000000002,1.0,1.0,9.693025166900538,77,0.4375
96,1,persistent_damage,recent_contact,8000,0.2,0.03,common,first,0.2,1.0,1.0000000000000002,67.62141361096175,0,
96,1,persistent_damage,recent_contact,8000,0.2,0.03,common,first,1.2000000000000002,1.0,1.0000000000000002,69.59637492062518,0,
96,1,persistent_damage,recent_contact,8000,0.2,0.03,common,first,2.2,1.0,1.0000000000000002,71.40152483151147,4,
96,1,persistent_damage,recent_contact,8000,0.2,0.03,common,first,3.2,1.0,1.0000000000000002,73.26256199505178,4,
96,1,persistent_damage,recent_contact,8000,0.2,0.03,common,first,4.2,1.0,1.0000000000000002,74.99706486409875,8,
96,1,persistent_damage,recent_contact,8000,0.2,0.03,common,first,5.2,1.0,1.0000000000000002,76.80166273541279,8,
96,1,persistent_damage,recent_contact,8000,0.2,0.03,common,first,6.2,0.13709074478392644,0.9667826785556431,78.67351303328957,12,
96,1,persistent_damage,recent_contact,8000,0.2,0.03,common,first,7.2,0.19301248194840542,0.9722639098703252,80.56703634378647,12,
96,1,persistent_damage,recent_contact,8000,0.2,0.03,common,first,8.200000000000001,0.326610719025751,0.9766855784337556,82.00397541265141,16,
96,1,persistent_damage,recent_contact,8000,0.2,0.03,common,first,9.200000000000001,0.5913124080239863,0.9852116149594953,83.3782757201165,16,
96,1,persistent_damage,recent_contact,8000,0.2,0.03,common,first,10.200000000000001,0.5997791454750224,0.9902959796567485,84.48450520392375,20,
96,1,persistent_damage,recent_contact,8000,0.2,0.03,common,first,11.200000000000001,0.6006010114758803,0.9921026684298276,85.57275826957743,20,
96,1,persistent_damage,recent_contact,8000,0.2,0.03,common,first,12.200000000000001,0.6118422434066113,0.9931632287056723,86.51406131404289,24,
96,1,persistent_damage,recent_contact,8000,0.2,0.03,common,first,13.200000000000001,0.6192148378037903,0.9940620207665621,87.49620815954339,24,
96,1,persistent_damage,recent_contact,8000,0.2,0.03,common,first,14.200000000000001,0.6175717018361834,0.9945792206272122,88.3124322080348,28,
96,1,persistent_damage,recent_contact,8000,0.2,0.03,common,first,15.200000000000001,1.0,1.0000000000000002,89.54300497412703,28,
96,1,persistent_damage,recent_contact,8000,0.2,0.03,common,first,16.2,1.0,1.0000000000000002,90.69661469310097,32,
96,1,persistent_damage,recent_contact,8000,0.2,0.03,common,first,17.2,1.0,1.0000000000000002,92.02060971679177,32,
96,1,persistent_damage,recent_contact,8000,0.2,0.03,common,first,18.2,1.0,1.0000000000000002,93.29769261982075,36,
96,1,persistent_damage,recent_contact,8000,0.2,0.03,common,first,19.200000000000003,1.0,1.0000000000000002,94.66194622215727,36,
96,1,persistent_damage,recent_contact,8000,0.2,0.03,common,first,20.200000000000003,1.0,1.0000000000000002,95.97241968381462,40,
96,1,persistent_damage,recent_contact,8000,0.2,0.03,common,first,21.200000000000003,1.0,1.0000000000000002,97.62497143430105,40,
96,1,persistent_damage,recent_contact,8000,0.2,0.03,common,first,22.200000000000003,1.0,1.0000000000000002,99.18614038152326,44,
96,1,persistent_damage,recent_contact,8000,0.2,0.03,common,first,23.200000000000003,1.0,1.0000000000000002,100.84000698487239,44,
96,1,persistent_damage,recent_contact,8000,0.2,0.03,common,first,24.200000000000003,1.0,1.0000000000000002,102.39676185381106,48,
96,1,persistent_damage,recent_contact,8000,0.2,0.03,common,first,25.200000000000003,1.0,1.0000000000000002,104.02849728485214,48,
96,1,persistent_damage,recent_contact,8000,0.2,0.03,common,first,26.200000000000003,1.0,1.0000000000000002,105.5420403756203,52,
96,1,persistent_damage,recent_contact,8000,0.2,0.03,common,first,27.200000000000003,1.0,1.0000000000000002,107.18268050688636,52,
96,1,persistent_damage,recent_contact,8000,0.2,0.03,common,first,28.200000000000003,1.0,1.0000000000000002,108.72850154412063,56,
96,1,persistent_damage,recent_contact,8000,0.2,0.03,common,first,29.200000000000003,1.0,1.0000000000000002,110.37480754220783,56,
96,1,persistent_damage,recent_contact,8000,0.2,0.03,common,first,30.200000000000003,1.0,1.0000000000000002,111.9238728509674,60,
96,1,persistent_damage,recent_contact,8000,0.2,0.03,common,first,31.200000000000003,1.0,1.0000000000000002,113.56738341129486,60,
96,1,persistent_damage,recent_contact,8000,0.2,0.03,common,first,32.2,1.0,1.0000000000000002,115.11743967922726,64,
96,1,persistent_damage,recent_contact,8000,0.2,0.03,common,first,33.2,1.0,1.0000000000000002,116.77405755924606,64,
96,1,persistent_damage,recent_contact,8000,0.2,0.03,common,first,34.2,1.0,1.0000000000000002,118.34118624548364,68,
96,1,persistent_damage,recent_contact,8000,0.2,0.03,common,first,35.2,1.0,1.0000000000000002,120.00520390230673,68,
96,1,persistent_damage,recent_contact,8000,0.2,0.03,common,first,36.2,1.0,1.0000000000000002,121.57292282342193,72,
96,1,persistent_damage,recent_contact,8000,0.2,0.03,common,first,37.2,1.0,1.0000000000000002,123.23801693023688,72,
96,1,persistent_damage,recent_contact,8000,0.2,0.03,common,first,38.2,1.0,1.0000000000000002,124.79689312268479,76,
96,1,persistent_damage,recent_contact,8000,0.2,0.03,common,first,39.2,1.0,1.0000000000000002,126.44358443953732,76,
96,1,persistent_damage,recent_contact,8000,0.2,0.03,common,first,40.2,1.0,1.0000000000000002,126.89793286423804,80,
96,1,persistent_damage,recent_contact,8000,0.2,0.03,common,first,41.2,1.0,1.0000000000000002,122.07214469113319,80,
96,1,persistent_damage,recent_contact,8000,0.2,0.03,common,first,42.2,1.0,1.0000000000000002,116.6712153848367,84,
96,1,persistent_damage,recent_contact,8000,0.2,0.03,common,first,43.2,1.0,1.0000000000000002,111.45742499314751,84,
96,1,persistent_damage,recent_contact,8000,0.2,0.03,common,first,44.2,1.0,1.0000000000000002,106.06705622178511,88,
96,1,persistent_damage,recent_contact,8000,0.2,0.03,common,first,45.2,1.0,1.0000000000000002,101.09917268405017,88,
96,1,persistent_damage,recent_contact,8000,0.2,0.03,common,first,46.2,1.0,1.0000000000000002,95.97093732590655,92,
96,1,persistent_damage,recent_contact,8000,0.2,0.03,common,first,47.2,1.0,1.0000000000000002,91.44191719525375,92,
96,1,persistent_damage,recent_contact,8000,0.2,0.03,common,first,48.2,1.0,1.0000000000000002,86.79619204883325,96,
96,1,persistent_damage,recent_contact,8000,0.2,0.03,common,first,49.2,1.0,1.0000000000000002,82.3831379938998,96,
96,1,persistent_damage,recent_contact,8000,0.2,0.03,common,first,50.2,1.0,1.0000000000000002,77.85400699408892,100,
96,1,persistent_damage,recent_contact,8000,0.2,0.03,common,first,51.2,1.0,1.0000000000000002,73.53008078929889,100,
96,1,persistent_damage,recent_contact,8000,0.2,0.03,common,first,52.2,1.0,1.0000000000000002,69.13773847100526,104,
96,1,persistent_damage,recent_contact,8000,0.2,0.03,common,first,53.2,1.0,1.0000000000000002,65.23306658549262,104,
96,1,persistent_damage,recent_contact,8000,0.2,0.03,common,first,54.2,1.0,1.0000000000000002,61.32582320388422,108,
96,1,persistent_damage,recent_contact,8000,0.2,0.03,common,first,55.2,1.0,1.0000000000000002,58.01696565075607,108,
96,1,persistent_damage,recent_contact,8000,0.2,0.03,common,first,56.2,1.0,1.0000000000000002,54.82574483777057,112,
96,1,persistent_damage,recent_contact,8000,0.2,0.03,common,first,57.2,1.0,1.0000000000000002,52.10183499559207,112,
96,1,persistent_damage,recent_contact,8000,0.2,0.03,common,first,58.2,0.5267315519439676,0.9935387691270352,49.18655744295777,116,
96,1,persistent_damage,recent_contact,8000,0.2,0.03,common,first,59.2,0.35533156696162554,0.9807036635442694,46.21859937278779,116,
96,1,persistent_damage,recent_contact,8000,0.2,0.03,common,first,60.2,0.34658639425302457,0.9783177002321272,43.296215087993076,120,
96,1,persistent_damage,recent_contact,8000,0.2,0.03,common,first,61.2,0.6496492546773198,0.9912830115827513,40.576311551243236,120,
96,1,persistent_damage,recent_contact,8000,0.2,0.03,common,first,62.2,0.5658395708811279,0.9883906928483793,37.851415072580956,124,
96,1,persistent_damage,recent_contact,8000,0.2,0.03,common,first,63.2,0.5378382068107915,0.9766119774655814,35.73182164581317,124,
96,1,persistent_damage,recent_contact,8000,0.2,0.03,common,first,64.2,0.510027773292459,0.964956205527644,33.70878461438145,128,
96,1,persistent_damage,recent_contact,8000,0.2,0.03,common,first,65.2,0.4313010525099048,0.9587188335851907,32.14086908582278,128,
96,1,persistent_damage,recent_contact,8000,0.2,0.03,common,first,66.2,0.36265906516727336,0.9535988024997215,30.642210015756277,132,
96,1,persistent_damage,recent_contact,8000,0.2,0.03,common,first,67.2,0.31215974294119764,0.947081483280943,29.654667832861694,132,
96,1,persistent_damage,recent_contact,8000,0.2,0.03,common,first,68.2,0.4677202146000499,0.9695912170959979,28.730064271258883,136,
96,1,persistent_damage,recent_contact,8000,0.2,0.03,common,first,69.2,0.5488272676415863,0.9714186665882865,28.148680074185435,136,
96,1,persistent_damage,recent_contact,8000,0.2,0.03,common,first,70.2,0.5335131610146311,0.9704661796808597,27.632414601135327,140,
96,1,persistent_damage,recent_contact,8000,0.2,0.03,common,first,71.2,0.5881464955241014,0.9744295180605947,27.25504823679936,140,
96,1,persistent_damage,recent_contact,8000,0.2,0.03,common,first,72.2,0.5929994732260073,0.9793436542645511,26.796009310119818,144,
96,1,persistent_damage,recent_contact,8000,0.2,0.03,common,first,73.2,0.5825439739950778,0.9816222709863358,26.536107615088632,144,
96,1,persistent_damage,recent_contact,8000,0.2,0.03,common,first,74.2,0.6775228974363285,0.9855591453609432,26.274637940707624,148,
96,1,persistent_damage,recent_contact,8000,0.2,0.03,common,first,75.2,0.625064725763355,0.9879153841613384,26.229873474964553,148,
96,1,persistent_damage,recent_contact,8000,0.2,0.03,common,first,76.2,0.569474882241888,0.9861517706322579,26.108393826572126,152,
96,1,persistent_damage,recent_contact,8000,0.2,0.03,common,first,77.2,0.4848875411521845,0.9815131028941003,26.287077121467647,152,
96,1,persistent_damage,recent_contact,8000,0.2,0.03,common,first,78.2,0.43441705653387847,0.9813316544138421,26.38569958301938,156,
96,1,persistent_damage,recent_contact,8000,0.2,0.03,common,first,79.2,0.41524297585568826,0.9820016512539791,26.796271611662394,156,
96,1,persistent_damage,recent_contact,8000,0.2,0.03,common,first,80.2,0.6513061814935815,0.9857433000634899,26.953732815507326,160,
96,1,persistent_damage,recent_contact,8000,0.2,0.03,common,first,81.2,0.60999445562742,0.9857270142273143,26.67391031738427,160,
96,1,persistent_damage,recent_contact,8000,0.2,0.03,common,first,82.2,0.6047841724017767,0.986673486589206,26.33196857274639,164,
96,1,persistent_damage,recent_contact,8000,0.2,0.03,common,first,83.2,0.5050129161055515,0.9785126413105715,26.048575085010263,164,
96,1,persistent_damage,recent_contact,8000,0.2,0.03,common,first,84.2,0.4184783798440232,0.974284782035047,25.736862842732542,168,
96,1,persistent_damage,recent_contact,8000,0.2,0.03,common,first,85.2,0.5031923655647121,0.9762578234477006,25.8466463499513,168,
96,1,persistent_damage,recent_contact,8000,0.2,0.03,common,first,86.2,0.4966354427029468,0.977856239465043,25.91722258693764,172,
96,1,persistent_damage,recent_contact,8000,0.2,0.03,common,first,87.2,0.4977302810431355,0.9731871846101308,26.029765582419344,172,
96,1,persistent_damage,recent_contact,8000,0.2,0.03,common,first,88.2,0.5072820862513187,0.9690084759800991,25.908125083170958,176,
96,1,persistent_damage,recent_contact,8000,0.2,0.03,common,first,89.2,0.46188743794601433,0.9675561362033266,25.44057256435753,176,
96,1,persistent_damage,recent_contact,8000,0.2,0.03,common,first,90.2,0.41170627126826026,0.9704858680043971,24.982148149732005,180,
96,1,persistent_damage,recent_contact,8000,0.2,0.03,common,first,91.2,0.5890447082994225,0.9801084943478342,24.868470778404458,180,
96,1,persistent_damage,recent_contact,8000,0.2,0.03,common,first,92.2,0.5204239612983527,0.9810995132279415,24.70675080109268,184,
96,1,persistent_damage,recent_contact,8000,0.2,0.03,common,first,93.2,0.59003344952608,0.9836145277776032,24.864877602817653,184,
96,1,persistent_damage,recent_contact,8000,0.2,0.03,common,first,94.2,0.5827743492394962,0.9841234844945989,24.972796289522925,188,
96,1,persistent_damage,recent_contact,8000,0.2,0.03,common,first,95.2,0.67029558326969,0.9865094388320695,25.276303448372737,188,
96,1,persistent_damage,recent_contact,8000,0.2,0.03,common,first,96.2,0.7118596346520913,0.9911789533033027,25.462932399079016,192,
96,1,persistent_damage,recent_contact,8000,0.2,0.03,common,first,97.2,0.7192895106223717,0.9890432851431955,25.650369155840767,192,
96,1,persistent_damage,recent_contact,8000,0.2,0.03,common,first,98.2,0.6429855415339232,0.9884511772931306,25.734822199248647,196,
96,1,persistent_damage,recent_contact,8000,0.2,0.03,common,first,99.2,0.6411360834979066,0.9911278579128602,26.13499408976538,196,
96,1,persistent_damage,recent_contact,8000,0.2,0.03,common,first,100.2,0.6705704838870827,0.9918625168964675,26.39093519221989,200,
96,1,persistent_damage,recent_contact,8000,0.2,0.03,common,first,101.2,0.6803742263444886,0.9936908319432137,26.629577732551972,200,
96,1,persistent_damage,recent_contact,8000,0.2,0.03,common,first,102.2,0.7134661232362202,0.9958231964255355,26.764122633617113,204,
96,1,persistent_damage,recent_contact,8000,0.2,0.03,common,first,103.2,0.7111023857212101,0.9957887402299427,27.018012436245442,204,
96,1,persistent_damage,recent_contact,8000,0.2,0.03,common,first,104.2,0.7375295261343481,0.9961739685868377,27.190365194465087,208,
96,1,persistent_damage,recent_contact,8000,0.2,0.03,common,first,105.2,0.7636353228430528,0.9965545127173911,27.466832977245105,208,
96,1,persistent_damage,recent_contact,8000,0.2,0.03,common,first,106.2,0.7824050474345567,0.9968281189438204,27.698324062270892,212,
96,1,persistent_damage,recent_contact,8000,0.2,0.03,common,first,107.2,0.7626288404526063,0.9965398412262099,28.30283680333811,212,
96,1,persistent_damage,recent_contact,8000,0.2,0.03,common,first,108.2,0.7665579622820683,0.9965971160248731,28.76748855270966,216,
96,1,persistent_damage,recent_contact,8000,0.2,0.03,common,first,109.2,0.9956159570369276,0.9999360938171588,29.187202456743762,216,
96,1,persistent_damage,recent_contact,8000,0.2,0.03,common,first,110.2,1.0,1.0000000000000002,29.472185135773092,220,
96,1,persistent_damage,recent_contact,8000,0.2,0.03,common,first,111.2,1.0,1.0000000000000002,29.475629494299497,220,
96,1,persistent_damage,recent_contact,8000,0.2,0.03,common,first,112.2,1.0,1.0000000000000002,29.43349648664244,224,
96,1,persistent_damage,recent_contact,8000,0.2,0.03,common,first,113.2,1.0,1.0000000000000002,29.786775230998195,224,
96,1,persistent_damage,recent_contact,8000,0.2,0.03,common,first,114.2,1.0,1.0000000000000002,30.12308742238248,228,
96,1,persistent_damage,recent_contact,8000,0.2,0.03,common,first,115.2,1.0,1.0000000000000002,30.933532148329668,228,
96,1,persistent_damage,recent_contact,8000,0.2,0.03,common,first,116.2,1.0,1.0000000000000002,31.590933475522544,232,
96,1,persistent_damage,recent_contact,8000,0.2,0.03,common,first,117.2,1.0,1.0000000000000002,32.15080829692455,232,
96,1,persistent_damage,recent_contact,8000,0.2,0.03,common,first,118.2,0.9703742499390681,0.9995681455186095,32.683053656922525,236,
96,1,persistent_damage,recent_contact,8000,0.2,0.03,common,first,119.2,0.9219485469610383,0.9988622441725659,33.56237460221717,236,
96,1,persistent_damage,experience_swap,8000,0.2,0.03,common,first,0.2,1.0,1.0000000000000002,67.62141361096175,0,
96,1,persistent_damage,experience_swap,8000,0.2,0.03,common,first,1.2000000000000002,1.0,1.0000000000000002,69.59637492062518,0,
96,1,persistent_damage,experience_swap,8000,0.2,0.03,common,first,2.2,1.0,1.0000000000000002,71.40132570039268,4,
96,1,persistent_damage,experience_swap,8000,0.2,0.03,common,first,3.2,1.0,1.0000000000000002,73.25842488528266,4,
96,1,persistent_damage,experience_swap,8000,0.2,0.03,common,first,4.2,1.0,1.0000000000000002,74.98877422744422,8,
96,1,persistent_damage,experience_swap,8000,0.2,0.03,common,first,5.2,1.0,1.0000000000000002,76.77679110536194,8,
96,1,persistent_damage,experience_swap,8000,0.2,0.03,common,first,6.2,1.0,1.0000000000000002,78.4484884994475,12,
96,1,persistent_damage,experience_swap,8000,0.2,0.03,common,first,7.2,1.0,1.0000000000000002,80.06990109451758,12,
96,1,persistent_damage,experience_swap,8000,0.2,0.03,common,first,8.200000000000001,1.0,1.0000000000000002,81.36517870856042,16,
96,1,persistent_damage,experience_swap,8000,0.2,0.03,common,first,9.200000000000001,1.0,1.0000000000000002,82.52978815992387,16,
96,1,persistent_damage,experience_swap,8000,0.2,0.03,common,first,10.200000000000001,1.0,1.0000000000000002,83.4877950170782,20,
96,1,persistent_damage,experience_swap,8000,0.2,0.03,common,first,11.200000000000001,1.0,1.0000000000000002,84.46389291602678,20,
96,1,persistent_damage,experience_swap,8000,0.2,0.03,common,first,12.200000000000001,1.0,1.0000000000000002,85.30191754274951,24,
96,1,persistent_damage,experience_swap,8000,0.2,0.03,common,first,13.200000000000001,1.0,1.0000000000000002,86.45092963173555,24,
96,1,persistent_damage,experience_swap,8000,0.2,0.03,common,first,14.200000000000001,1.0,1.0000000000000002,87.70495730781197,28,
96,1,persistent_damage,experience_swap,8000,0.2,0.03,common,first,15.200000000000001,1.0,1.0000000000000002,89.03346406647387,28,
96,1,persistent_damage,experience_swap,8000,0.2,0.03,common,first,16.2,1.0,1.0000000000000002,90.24810955480058,32,
96,1,persistent_damage,experience_swap,8000,0.2,0.03,common,first,17.2,1.0,1.0000000000000002,91.70430542439291,32,
96,1,persistent_damage,experience_swap,8000,0.2,0.03,common,first,18.2,1.0,1.0000000000000002,93.17377858598189,36,
96,1,persistent_damage,experience_swap,8000,0.2,0.03,common,first,19.200000000000003,1.0,1.0000000000000002,94.73550220650253,36,
96,1,persistent_damage,experience_swap,8000,0.2,0.03,common,first,20.200000000000003,1.0,1.0000000000000002,96.18467711676767,40,
96,1,persistent_damage,experience_swap,8000,0.2,0.03,common,first,21.200000000000003,1.0,1.0000000000000002,97.86881913778258,40,
96,1,persistent_damage,experience_swap,8000,0.2,0.03,common,first,22.200000000000003,1.0,1.0000000000000002,99.45582518807424,44,
96,1,persistent_damage,experience_swap,8000,0.2,0.03,common,first,23.200000000000003,1.0,1.0000000000000002,101.13786141319055,44,
96,1,persistent_damage,experience_swap,8000,0.2,0.03,common,first,24.200000000000003,1.0,1.0000000000000002,102.72214439116033,48,
96,1,persistent_damage,experience_swap,8000,0.2,0.03,common,first,25.200000000000003,1.0,1.0000000000000002,104.40525959797398,48,
96,1,persistent_damage,experience_swap,8000,0.2,0.03,common,first,26.200000000000003,1.0,1.0000000000000002,105.99948436857935,52,
96,1,persistent_damage,experience_swap,8000,0.2,0.03,common,first,27.200000000000003,1.0,1.0000000000000002,107.69449480777081,52,
96,1,persistent_damage,experience_swap,8000,0.2,0.03,common,first,28.200000000000003,1.0,1.0000000000000002,109.29033346144297,56,
96,1,persistent_damage,experience_swap,8000,0.2,0.03,common,first,29.200000000000003,1.0,1.0000000000000002,110.97561008404352,56,
96,1,persistent_damage,experience_swap,8000,0.2,0.03,common,first,30.200000000000003,1.0,1.0000000000000002,112.56541712920747,60,
96,1,persistent_damage,experience_swap,8000,0.2,0.03,common,first,31.200000000000003,1.0,1.0000000000000002,114.25046278745867,60,
96,1,persistent_damage,experience_swap,8000,0.2,0.03,common,first,32.2,1.0,1.0000000000000002,115.8306959317286,64,
96,1,persistent_damage,experience_swap,8000,0.2,0.03,common,first,33.2,1.0,1.0000000000000002,117.5064648682165,64,
96,1,persistent_damage,experience_swap,8000,0.2,0.03,common,first,34.2,1.0,1.0000000000000002,119.09525782454908,68,
96,1,persistent_damage,experience_swap,8000,0.2,0.03,common,first,35.2,1.0,1.0000000000000002,120.78061828053815,68,
96,1,persistent_damage,experience_swap,8000,0.2,0.03,common,first,36.2,1.0,1.0000000000000002,122.36083501766896,72,
96,1,persistent_damage,experience_swap,8000,0.2,0.03,common,first,37.2,1.0,1.0000000000000002,124.02784174248598,72,
96,1,persistent_damage,experience_swap,8000,0.2,0.03,common,first,38.2,1.0,1.0000000000000002,125.59191805130817,76,
96,1,persistent_damage,experience_swap,8000,0.2,0.03,common,first,39.2,1.0,1.0000000000000002,127.2458438981639,76,
96,1,persistent_damage,experience_swap,8000,0.2,0.03,common,first,40.2,1.0,1.0000000000000002,127.80402253265223,80,
96,1,persistent_damage,experience_swap,8000,0.2,0.03,common,first,41.2,1.0,1.0000000000000002,123.80720523918495,80,
96,1,persistent_damage,experience_swap,8000,0.2,0.03,common,first,42.2,1.0,1.0000000000000002,119.340373533813,84,
96,1,persistent_damage,experience_swap,8000,0.2,0.03,common,first,43.2,1.0,1.0000000000000002,115.06208294065814,84,
96,1,persistent_damage,experience_swap,8000,0.2,0.03,common,first,44.2,1.0,1.0000000000000002,110.63803805893622,88,
96,1,persistent_damage,experience_swap,8000,0.2,0.03,common,first,45.2,1.0,1.0000000000000002,106.58901630768719,88,
96,1,persistent_damage,experience_swap,8000,0.2,0.03,common,first,46.2,1.0,1.0000000000000002,102.50799709701081,92,
96,1,persistent_damage,experience_swap,8000,0.2,0.03,common,first,47.2,1.0,1.0000000000000002,98.76530239238292,92,
96,1,persistent_damage,experience_swap,8000,0.2,0.03,common,first,48.2,1.0,1.0000000000000002,94.98109403538953,96,
96,1,persistent_damage,experience_swap,8000,0.2,0.03,common,first,49.2,1.0,1.0000000000000002,91.9581473358252,96,
96,1,persistent_damage,experience_swap,8000,0.2,0.03,common,first,50.2,1.0,1.0000000000000002,88.9058492691494,100,
96,1,persistent_damage,experience_swap,8000,0.2,0.03,common,first,51.2,1.0,1.0000000000000002,86.1543738524915,100,
96,1,persistent_damage,experience_swap,8000,0.2,0.03,common,first,52.2,1.0,1.0000000000000002,83.31143233906556,104,
96,1,persistent_damage,experience_swap,8000,0.2,0.03,common,first,53.2,1.0,1.0000000000000002,80.68407969412377,104,
96,1,persistent_damage,experience_swap,8000,0.2,0.03,common,first,54.2,1.0,1.0000000000000002,77.86859033257817,108,
96,1,persistent_damage,experience_swap,8000,0.2,0.03,common,first,55.2,1.0,1.0000000000000002,75.31535551179485,108,
96,1,persistent_damage,experience_swap,8000,0.2,0.03,common,first,56.2,1.0,1.0000000000000002,72.80048759049194,112,
96,1,persistent_damage,experience_swap,8000,0.2,0.03,common,first,57.2,1.0,1.0000000000000002,70.66195659418915,112,
96,1,persistent_damage,experience_swap,8000,0.2,0.03,common,first,58.2,1.0,1.0000000000000002,68.49389886223025,116,
96,1,persistent_damage,experience_swap,8000,0.2,0.03,common,first,59.2,1.0,1.0000000000000002,66.68040585728053,116,
96,1,persistent_damage,experience_swap,8000,0.2,0.03,common,first,60.2,1.0,1.0000000000000002,64.89774244320563,120,
96,1,persistent_damage,experience_swap,8000,0.2,0.03,common,first,61.2,1.0,1.0000000000000002,63.54060436395256,120,
96,1,persistent_damage,experience_swap,8000,0.2,0.03,common,first,62.2,1.0,1.0000000000000002,62.151355519835505,124,
96,1,persistent_damage,experience_swap,8000,0.2,0.03,common,first,63.2,1.0,1.0000000000000002,61.19913144313169,124,
96,1,persistent_damage,experience_swap,8000,0.2,0.03,common,first,64.2,1.0,1.0000000000000002,60.33894580655928,128,
96,1,persistent_damage,experience_swap,8000,0.2,0.03,common,first,65.2,1.0,1.0000000000000002,59.66386834743483,128,
96,1,persistent_damage,experience_swap,8000,0.2,0.03,common,first,66.2,1.0,1.0000000000000002,58.81859681531083,132,
96,1,persistent_damage,experience_swap,8000,0.2,0.03,common,first,67.2,1.0,1.0000000000000002,57.97832550954256,132,
96,1,persistent_damage,experience_swap,8000,0.2,0.03,common,first,68.2,1.0,1.0000000000000002,57.12466116084398,136,
96,1,persistent_damage,experience_swap,8000,0.2,0.03,common,first,69.2,1.0,1.0000000000000002,56.682572522882516,136,
96,1,persistent_damage,experience_swap,8000,0.2,0.03,common,first,70.2,1.0,1.0000000000000002,56.065589432426144,140,
96,1,persistent_damage,experience_swap,8000,0.2,0.03,common,first,71.2,1.0,1.0000000000000002,55.328081926233715,140,
96,1,persistent_damage,experience_swap,8000,0.2,0.03,common,first,72.2,1.0,1.0000000000000002,54.55170656543504,144,
96,1,persistent_damage,experience_swap,8000,0.2,0.03,common,first,73.2,1.0,1.0000000000000002,54.05165179593138,144,
96,1,persistent_damage,experience_swap,8000,0.2,0.03,common,first,74.2,1.0,1.0000000000000002,53.57276579061825,148,
96,1,persistent_damage,experience_swap,8000,0.2,0.03,common,first,75.2,1.0,1.0000000000000002,53.296962861683795,148,
96,1,persistent_damage,experience_swap,8000,0.2,0.03,common,first,76.2,1.0,1.0000000000000002,52.934105966798796,152,
96,1,persistent_damage,experience_swap,8000,0.2,0.03,common,first,77.2,1.0,1.0000000000000002,52.853610287691396,152,
96,1,persistent_damage,experience_swap,8000,0.2,0.03,common,first,78.2,1.0,1.0000000000000002,52.702232647798226,156,
96,1,persistent_damage,experience_swap,8000,0.2,0.03,common,first,79.2,1.0,1.0000000000000002,52.6098784515801,156,
96,1,persistent_damage,experience_swap,8000,0.2,0.03,common,first,80.2,1.0,1.0000000000000002,52.44518888791906,160,
96,1,persistent_damage,experience_swap,8000,0.2,0.03,common,first,81.2,1.0,1.0000000000000002,52.5232179769767,160,
96,1,persistent_damage,experience_swap,8000,0.2,0.03,common,first,82.2,1.0,1.0000000000000002,52.492494810785296,164,
96,1,persistent_damage,experience_swap,8000,0.2,0.03,common,first,83.2,1.0,1.0000000000000002,52.57708246912185,164,
96,1,persistent_damage,experience_swap,8000,0.2,0.03,common,first,84.2,1.0,1.0000000000000002,52.643952543954114,168,
96,1,persistent_damage,experience_swap,8000,0.2,0.03,common,first,85.2,1.0,1.0000000000000002,52.93884481455024,168,
96,1,persistent_damage,experience_swap,8000,0.2,0.03,common,first,86.2,1.0,1.0000000000000002,53.25453716562015,172,
96,1,persistent_damage,experience_swap,8000,0.2,0.03,common,first,87.2,1.0,1.0000000000000002,54.01363870576752,172,
96,1,persistent_damage,experience_swap,8000,0.2,0.03,common,first,88.2,1.0,1.0000000000000002,54.614935184483485,176,
96,1,persistent_damage,experience_swap,8000,0.2,0.03,common,first,89.2,1.0,1.0000000000000002,55.11163229590472,176,
96,1,persistent_damage,experience_swap,8000,0.2,0.03,common,first,90.2,1.0,1.0000000000000002,55.39344174811143,180,
96,1,persistent_damage,experience_swap,8000,0.2,0.03,common,first,91.2,1.0,1.0000000000000002,55.56289581092234,180,
96,1,persistent_damage,experience_swap,8000,0.2,0.03,common,first,92.2,1.0,1.0000000000000002,55.66388837624001,184,
96,1,persistent_damage,experience_swap,8000,0.2,0.03,common,first,93.2,1.0,1.0000000000000002,55.97980349133101,184,
96,1,persistent_damage,experience_swap,8000,0.2,0.03,common,first,94.2,1.0,1.0000000000000002,56.0877168692993,188,
96,1,persistent_damage,experience_swap,8000,0.2,0.03,common,first,95.2,1.0,1.0000000000000002,56.05416817841765,188,
96,1,persistent_damage,experience_swap,8000,0.2,0.03,common,first,96.2,1.0,1.0000000000000002,55.98954562671527,192,
96,1,persistent_damage,experience_swap,8000,0.2,0.03,common,first,97.2,1.0,1.0000000000000002,56.126378883593745,192,
96,1,persistent_damage,experience_swap,8000,0.2,0.03,common,first,98.2,1.0,1.0000000000000002,56.262526391218,196,
96,1,persistent_damage,experience_swap,8000,0.2,0.03,common,first,99.2,1.0,1.0000000000000002,56.69896077830863,196,
96,1,persistent_damage,experience_swap,8000,0.2,0.03,common,first,100.2,1.0,1.0000000000000002,56.88222740678397,200,
96,1,persistent_damage,experience_swap,8000,0.2,0.03,common,first,101.2,1.0,1.0000000000000002,56.88689677449412,200,
96,1,persistent_damage,experience_swap,8000,0.2,0.03,common,first,102.2,1.0,1.0000000000000002,56.882257666467034,204,
96,1,persistent_damage,experience_swap,8000,0.2,0.03,common,first,103.2,1.0,1.0000000000000002,57.1606520273832,204,
96,1,persistent_damage,experience_swap,8000,0.2,0.03,common,first,104.2,1.0,1.0000000000000002,57.36533722622379,208,
96,1,persistent_damage,experience_swap,8000,0.2,0.03,common,first,105.2,1.0,1.0000000000000002,57.89436629009644,208,
96,1,persistent_damage,experience_swap,8000,0.2,0.03,common,first,106.2,1.0,1.0000000000000002,58.279209594431265,212,
96,1,persistent_damage,experience_swap,8000,0.2,0.03,common,first,107.2,1.0,1.0000000000000002,58.79872602965745,212,
96,1,persistent_damage,experience_swap,8000,0.2,0.03,common,first,108.2,1.0,1.0000000000000002,59.268614268112685,216,
96,1,persistent_damage,experience_swap,8000,0.2,0.03,common,first,109.2,1.0,1.0000000000000002,60.10110240736387,216,
96,1,persistent_damage,experience_swap,8000,0.2,0.03,common,first,110.2,1.0,1.0000000000000002,60.8949668774261,220,
96,1,persistent_damage,experience_swap,8000,0.2,0.03,common,first,111.2,1.0,1.0000000000000002,61.928709346348725,220,
96,1,persistent_damage,experience_swap,8000,0.2,0.03,common,first,112.2,1.0,1.0000000000000002,62.81924526936859,224,
96,1,persistent_damage,experience_swap,8000,0.2,0.03,common,first,113.2,1.0,1.0000000000000002,63.6809073999698,224,
96,1,persistent_damage,experience_swap,8000,0.2,0.03,common,first,114.2,1.0,1.0000000000000002,64.43942644192244,228,
96,1,persistent_damage,experience_swap,8000,0.2,0.03,common,first,115.2,1.0,1.0000000000000002,65.18596489371429,228,
96,1,persistent_damage,experience_swap,8000,0.2,0.03,common,first,116.2,1.0,1.0000000000000002,65.79562660868993,232,
96,1,persistent_damage,experience_swap,8000,0.2,0.03,common,first,117.2,1.0,1.0000000000000002,66.57067011415074,232,
96,1,persistent_damage,experience_swap,8000,0.2,0.03,common,first,118.2,1.0,1.0000000000000002,67.26063579946307,236,
96,1,persistent_damage,experience_swap,8000,0.2,0.03,common,first,119.2,1.0,1.0000000000000002,68.11909317202807,236,
96,1,temporary_damage,recent_contact,8000,0.2,0.03,common,first,0.2,1.0,1.0000000000000002,67.62141361096175,0,
96,1,temporary_damage,recent_contact,8000,0.2,0.03,common,first,1.2000000000000002,1.0,1.0000000000000002,69.59637492062518,0,
96,1,temporary_damage,recent_contact,8000,0.2,0.03,common,first,2.2,1.0,1.0000000000000002,71.40152483151147,4,
96,1,temporary_damage,recent_contact,8000,0.2,0.03,common,first,3.2,1.0,1.0000000000000002,73.26256199505178,4,
96,1,temporary_damage,recent_contact,8000,0.2,0.03,common,first,4.2,1.0,1.0000000000000002,74.99706486409875,8,
96,1,temporary_damage,recent_contact,8000,0.2,0.03,common,first,5.2,1.0,1.0000000000000002,76.80166273541279,8,
96,1,temporary_damage,recent_contact,8000,0.2,0.03,common,first,6.2,0.13709074478392644,0.9667826785556431,78.67351303328957,12,
96,1,temporary_damage,recent_contact,8000,0.2,0.03,common,first,7.2,0.19301248194840542,0.9722639098703252,80.56703634378647,12,
96,1,temporary_damage,recent_contact,8000,0.2,0.03,common,first,8.200000000000001,0.326610719025751,0.9766855784337556,82.00397541265141,16,
96,1,temporary_damage,recent_contact,8000,0.2,0.03,common,first,9.200000000000001,0.5913124080239863,0.9852116149594953,83.3782757201165,16,
96,1,temporary_damage,recent_contact,8000,0.2,0.03,common,first,10.200000000000001,0.5997791454750224,0.9902959796567485,84.48450520392375,20,
96,1,temporary_damage,recent_contact,8000,0.2,0.03,common,first,11.200000000000001,0.6006010114758803,0.9921026684298276,85.57275826957743,20,
96,1,temporary_damage,recent_contact,8000,0.2,0.03,common,first,12.200000000000001,0.6118422434066113,0.9931632287056723,86.51406131404289,24,
96,1,temporary_damage,recent_contact,8000,0.2,0.03,common,first,13.200000000000001,0.6192148378037903,0.9940620207665621,87.49620815954339,24,
96,1,temporary_damage,recent_contact,8000,0.2,0.03,common,first,14.200000000000001,0.6175717018361834,0.9945792206272122,88.3124322080348,28,
96,1,temporary_damage,recent_contact,8000,0.2,0.03,common,first,15.200000000000001,1.0,1.0000000000000002,89.54300497412703,28,
96,1,temporary_damage,recent_contact,8000,0.2,0.03,common,first,16.2,1.0,1.0000000000000002,90.69661469310097,32,
96,1,temporary_damage,recent_contact,8000,0.2,0.03,common,first,17.2,1.0,1.0000000000000002,92.02060971679177,32,
96,1,temporary_damage,recent_contact,8000,0.2,0.03,common,first,18.2,1.0,1.0000000000000002,93.29769261982075,36,
96,1,temporary_damage,recent_contact,8000,0.2,0.03,common,first,19.200000000000003,1.0,1.0000000000000002,94.66194622215727,36,
96,1,temporary_damage,recent_contact,8000,0.2,0.03,common,first,20.200000000000003,1.0,1.0000000000000002,95.97241968381462,40,
96,1,temporary_damage,recent_contact,8000,0.2,0.03,common,first,21.200000000000003,1.0,1.0000000000000002,97.62497143430105,40,
96,1,temporary_damage,recent_contact,8000,0.2,0.03,common,first,22.200000000000003,1.0,1.0000000000000002,99.18614038152326,44,
96,1,temporary_damage,recent_contact,8000,0.2,0.03,common,first,23.200000000000003,1.0,1.0000000000000002,100.84000698487239,44,
96,1,temporary_damage,recent_contact,8000,0.2,0.03,common,first,24.200000000000003,1.0,1.0000000000000002,102.39676185381106,48,
96,1,temporary_damage,recent_contact,8000,0.2,0.03,common,first,25.200000000000003,1.0,1.0000000000000002,104.02849728485214,48,
96,1,temporary_damage,recent_contact,8000,0.2,0.03,common,first,26.200000000000003,1.0,1.0000000000000002,105.5420403756203,52,
96,1,temporary_damage,recent_contact,8000,0.2,0.03,common,first,27.200000000000003,1.0,1.0000000000000002,107.18268050688636,52,
96,1,temporary_damage,recent_contact,8000,0.2,0.03,common,first,28.200000000000003,1.0,1.0000000000000002,108.72850154412063,56,
96,1,temporary_damage,recent_contact,8000,0.2,0.03,common,first,29.200000000000003,1.0,1.0000000000000002,110.37480754220783,56,
96,1,temporary_damage,recent_contact,8000,0.2,0.03,common,first,30.200000000000003,1.0,1.0000000000000002,111.9238728509674,60,
96,1,temporary_damage,recent_contact,8000,0.2,0.03,common,first,31.200000000000003,1.0,1.0000000000000002,113.56738341129486,60,
96,1,temporary_damage,recent_contact,8000,0.2,0.03,common,first,32.2,1.0,1.0000000000000002,115.11743967922726,64,
96,1,temporary_damage,recent_contact,8000,0.2,0.03,common,first,33.2,1.0,1.0000000000000002,116.77405755924606,64,
96,1,temporary_damage,recent_contact,8000,0.2,0.03,common,first,34.2,1.0,1.0000000000000002,118.34118624548364,68,
96,1,temporary_damage,recent_contact,8000,0.2,0.03,common,first,35.2,1.0,1.0000000000000002,120.00520390230673,68,
96,1,temporary_damage,recent_contact,8000,0.2,0.03,common,first,36.2,1.0,1.0000000000000002,121.57292282342193,72,
96,1,temporary_damage,recent_contact,8000,0.2,0.03,common,first,37.2,1.0,1.0000000000000002,123.23801693023688,72,
96,1,temporary_damage,recent_contact,8000,0.2,0.03,common,first,38.2,1.0,1.0000000000000002,124.79689312268479,76,
96,1,temporary_damage,recent_contact,8000,0.2,0.03,common,first,39.2,1.0,1.0000000000000002,126.44358443953732,76,
96,1,temporary_damage,recent_contact,8000,0.2,0.03,common,first,40.2,1.0,1.0000000000000002,126.89793286423804,80,
96,1,temporary_damage,recent_contact,8000,0.2,0.03,common,first,41.2,1.0,1.0000000000000002,122.07214469113319,80,
96,1,temporary_damage,recent_contact,8000,0.2,0.03,common,first,42.2,1.0,1.0000000000000002,116.6712153848367,84,
96,1,temporary_damage,recent_contact,8000,0.2,0.03,common,first,43.2,1.0,1.0000000000000002,111.45742499314751,84,
96,1,temporary_damage,recent_contact,8000,0.2,0.03,common,first,44.2,1.0,1.0000000000000002,106.06705622178511,88,
96,1,temporary_damage,recent_contact,8000,0.2,0.03,common,first,45.2,1.0,1.0000000000000002,101.09917268405017,88,
96,1,temporary_damage,recent_contact,8000,0.2,0.03,common,first,46.2,1.0,1.0000000000000002,95.97093732590655,92,
96,1,temporary_damage,recent_contact,8000,0.2,0.03,common,first,47.2,1.0,1.0000000000000002,91.44191719525375,92,
96,1,temporary_damage,recent_contact,8000,0.2,0.03,common,first,48.2,1.0,1.0000000000000002,86.79619204883325,96,
96,1,temporary_damage,recent_contact,8000,0.2,0.03,common,first,49.2,1.0,1.0000000000000002,82.3831379938998,96,
96,1,temporary_damage,recent_contact,8000,0.2,0.03,common,first,50.2,1.0,1.0000000000000002,77.85400699408892,100,
96,1,temporary_damage,recent_contact,8000,0.2,0.03,common,first,51.2,1.0,1.0000000000000002,73.53008078929889,100,
96,1,temporary_damage,recent_contact,8000,0.2,0.03,common,first,52.2,1.0,1.0000000000000002,69.13773847100526,104,
96,1,temporary_damage,recent_contact,8000,0.2,0.03,common,first,53.2,1.0,1.0000000000000002,65.23306658549262,104,
96,1,temporary_damage,recent_contact,8000,0.2,0.03,common,first,54.2,1.0,1.0000000000000002,61.32582320388422,108,
96,1,temporary_damage,recent_contact,8000,0.2,0.03,common,first,55.2,1.0,1.0000000000000002,58.01696565075607,108,
96,1,temporary_damage,recent_contact,8000,0.2,0.03,common,first,56.2,1.0,1.0000000000000002,54.82574483777057,112,
96,1,temporary_damage,recent_contact,8000,0.2,0.03,common,first,57.2,1.0,1.0000000000000002,52.10183499559207,112,
96,1,temporary_damage,recent_contact,8000,0.2,0.03,common,first,58.2,0.5267315519439676,0.9935387691270352,49.18655744295777,116,
96,1,temporary_damage,recent_contact,8000,0.2,0.03,common,first,59.2,0.35533156696162554,0.9807036635442694,46.21859937278779,116,
96,1,temporary_damage,recent_contact,8000,0.2,0.03,common,first,60.2,0.34658639425302457,0.9783177002321272,43.296215087993076,120,
96,1,temporary_damage,recent_contact,8000,0.2,0.03,common,first,61.2,0.6496492546773198,0.9912830115827513,40.576311551243236,120,
96,1,temporary_damage,recent_contact,8000,0.2,0.03,common,first,62.2,0.5658395708811279,0.9883906928483793,37.851415072580956,124,
96,1,temporary_damage,recent_contact,8000,0.2,0.03,common,first,63.2,0.5378382068107915,0.9766119774655814,35.73182164581317,124,
96,1,temporary_damage,recent_contact,8000,0.2,0.03,common,first,64.2,0.510027773292459,0.964956205527644,33.70878461438145,128,
96,1,temporary_damage,recent_contact,8000,0.2,0.03,common,first,65.2,0.4313010525099048,0.9587188335851907,32.14086908582278,128,
96,1,temporary_damage,recent_contact,8000,0.2,0.03,common,first,66.2,0.36265906516727336,0.9535988024997215,30.642210015756277,132,
96,1,temporary_damage,recent_contact,8000,0.2,0.03,common,first,67.2,0.31215974294119764,0.947081483280943,29.654667832861694,132,
96,1,temporary_damage,recent_contact,8000,0.2,0.03,common,first,68.2,0.4677202146000499,0.9695912170959979,28.730064271258883,136,
96,1,temporary_damage,recent_contact,8000,0.2,0.03,common,first,69.2,0.5488272676415863,0.9714186665882865,28.148680074185435,136,
96,1,temporary_damage,recent_contact,8000,0.2,0.03,common,first,70.2,0.5778926041561593,0.983883426942092,28.12379658056381,140,
96,1,temporary_damage,recent_contact,8000,0.2,0.03,common,first,71.2,0.7299656890806867,0.9960637105538288,30.150846501999105,140,
96,1,temporary_damage,recent_contact,8000,0.2,0.03,common,first,72.2,0.9594605092058152,0.9994090559483978,32.026766083817314,144,
96,1,temporary_damage,recent_contact,8000,0.2,0.03,common,first,73.2,1.0,1.0000000000000002,33.970161234780015,144,
96,1,temporary_damage,recent_contact,8000,0.2,0.03,common,first,74.2,1.0,1.0000000000000002,35.81074741868606,148,
96,1,temporary_damage,recent_contact,8000,0.2,0.03,common,first,75.2,1.0,1.0000000000000002,37.745813604675476,148,
96,1,temporary_damage,recent_contact,8000,0.2,0.03,common,first,76.2,1.0,1.0000000000000002,39.574326155045405,152,
96,1,temporary_damage,recent_contact,8000,0.2,0.03,common,first,77.2,1.0,1.0000000000000002,41.49040291445486,152,
96,1,temporary_damage,recent_contact,8000,0.2,0.03,common,first,78.2,1.0,1.0000000000000002,43.301685042958084,156,
96,1,temporary_damage,recent_contact,8000,0.2,0.03,common,first,79.2,1.0,1.0000000000000002,45.20193527842544,156,
96,1,temporary_damage,recent_contact,8000,0.2,0.03,common,first,80.2,1.0,1.0000000000000002,46.9974318462956,160,
96,1,temporary_damage,recent_contact,8000,0.2,0.03,common,first,81.2,1.0,1.0000000000000002,48.880284339202326,160,
96,1,temporary_damage,recent_contact,8000,0.2,0.03,continue,quiet,82.2,1.0,1.0000000000000002,50.65513942977435,164,0.9583333333333334
96,1,temporary_damage,recent_contact,8000,0.2,0.03,continue,quiet,83.2,1.0,1.0000000000000002,52.52196591092569,164,0.9583333333333334
96,1,temporary_damage,recent_contact,8000,0.2,0.03,continue,quiet,84.2,1.0,1.0000000000000002,54.28413208118717,168,0.9270833333333334
96,1,temporary_damage,recent_contact,8000,0.2,0.03,continue,quiet,85.2,1.0,1.0000000000000002,56.136545673610414,168,0.9270833333333334
96,1,temporary_damage,recent_contact,8000,0.2,0.03,continue,quiet,86.2,1.0,1.0000000000000002,57.88867494420206,172,0.8854166666666666
96,1,temporary_damage,recent_contact,8000,0.2,0.03,continue,quiet,87.2,1.0,1.0000000000000002,59.735113314604234,172,0.8854166666666666
96,1,temporary_damage,recent_contact,8000,0.2,0.03,continue,quiet,88.2,1.0,1.0000000000000002,61.47896151986829,176,0.8489583333333334
96,1,temporary_damage,recent_contact,8000,0.2,0.03,continue,quiet,89.2,1.0,1.0000000000000002,63.315084315897806,176,0.8489583333333334
96,1,temporary_damage,recent_contact,8000,0.2,0.03,continue,quiet,90.2,1.0,1.0000000000000002,65.04913549325859,180,0.8125
96,1,temporary_damage,recent_contact,8000,0.2,0.03,continue,quiet,91.2,1.0,1.0000000000000002,66.87461313497656,180,0.8125
96,1,temporary_damage,recent_contact,8000,0.2,0.03,continue,quiet,92.2,1.0,1.0000000000000002,68.5956402460922,184,0.7864583333333334
96,1,temporary_damage,recent_contact,8000,0.2,0.03,continue,quiet,93.2,1.0,1.0000000000000002,70.40794526339984,184,0.7864583333333334
96,1,temporary_damage,recent_contact,8000,0.2,0.03,continue,quiet,94.2,1.0,1.0000000000000002,72.11814617457283,188,0.7552083333333334
96,1,temporary_damage,recent_contact,8000,0.2,0.03,continue,quiet,95.2,1.0,1.0000000000000002,73.920692216508,188,0.7552083333333334
96,1,temporary_damage,recent_contact,8000,0.2,0.03,continue,quiet,96.2,1.0,1.0000000000000002,75.62718363682467,192,0.7291666666666666
96,1,temporary_damage,recent_contact,8000,0.2,0.03,continue,quiet,97.2,1.0,1.0000000000000002,77.43059745452271,192,0.7291666666666666
96,1,temporary_damage,recent_contact,8000,0.2,0.03,continue,quiet,98.2,1.0,1.0000000000000002,79.1342946545953,196,0.703125
96,1,temporary_damage,recent_contact,8000,0.2,0.03,continue,quiet,99.2,1.0,1.0000000000000002,80.93127524007159,196,0.703125
96,1,temporary_damage,recent_contact,8000,0.2,0.03,continue,quiet,100.2,1.0,1.0000000000000002,82.62852778979686,200,0.671875
96,1,temporary_damage,recent_contact,8000,0.2,0.03,continue,quiet,101.2,1.0,1.0000000000000002,84.4185953991651,200,0.671875
96,1,temporary_damage,recent_contact,8000,0.2,0.03,continue,quiet,102.2,1.0,1.0000000000000002,86.10455063337228,204,0.6510416666666666
96,1,temporary_damage,recent_contact,8000,0.2,0.03,continue,quiet,103.2,1.0,1.0000000000000002,87.88315222088082,204,0.6510416666666666
96,1,temporary_damage,recent_contact,8000,0.2,0.03,continue,quiet,104.2,1.0,1.0000000000000002,89.56359834892054,208,0.6145833333333334
96,1,temporary_damage,recent_contact,8000,0.2,0.03,continue,quiet,105.2,1.0,1.0000000000000002,91.33874257415795,208,0.6145833333333334
96,1,temporary_damage,recent_contact,8000,0.2,0.03,continue,quiet,106.2,1.0,1.0000000000000002,93.01236245888296,212,0.5989583333333334
96,1,temporary_damage,recent_contact,8000,0.2,0.03,continue,quiet,107.2,1.0,1.0000000000000002,94.77708820277388,212,0.5989583333333334
96,1,temporary_damage,recent_contact,8000,0.2,0.03,continue,quiet,108.2,1.0,1.0000000000000002,96.4380818230068,216,0.578125
96,1,temporary_damage,recent_contact,8000,0.2,0.03,continue,quiet,109.2,1.0,1.0000000000000002,98.18820170394164,216,0.578125
96,1,temporary_damage,recent_contact,8000,0.2,0.03,continue,quiet,110.2,1.0,1.0000000000000002,99.83943233809487,220,0.546875
96,1,temporary_damage,recent_contact,8000,0.2,0.03,continue,quiet,111.2,1.0,1.0000000000000002,101.57963389186168,220,0.546875
96,1,temporary_damage,recent_contact,8000,0.2,0.03,continue,second,112.2,1.0,1.0000000000000002,102.28947794531874,224,0.53125
96,1,temporary_damage,recent_contact,8000,0.2,0.03,continue,second,113.2,1.0,1.0000000000000002,98.72603865694964,224,0.53125
96,1,temporary_damage,recent_contact,8000,0.2,0.03,continue,second,114.2,1.0,1.0000000000000002,94.73100305104296,228,0.5052083333333334
96,1,temporary_damage,recent_contact,8000,0.2,0.03,continue,second,115.2,1.0,1.0000000000000002,90.93656566242439,228,0.5052083333333334
96,1,temporary_damage,recent_contact,8000,0.2,0.03,continue,second,116.2,1.0,1.0000000000000002,87.08309627250524,232,0.484375
96,1,temporary_damage,recent_contact,8000,0.2,0.03,continue,second,117.2,1.0,1.0000000000000002,83.8890496469049,232,0.484375
96,1,temporary_damage,recent_contact,8000,0.2,0.03,continue,second,118.2,1.0,1.0000000000000002,80.67406126922151,236,0.4583333333333333
96,1,temporary_damage,recent_contact,8000,0.2,0.03,continue,second,119.2,1.0,1.0000000000000002,77.97681517739113,236,0.4583333333333333
96,1,temporary_damage,recent_contact,8000,0.2,0.03,continue,second,120.2,1.0,1.0000000000000002,75.2953817640779,240,0.4427083333333333
96,1,temporary_damage,recent_contact,8000,0.2,0.03,continue,second,121.2,1.0,1.0000000000000002,72.91635405917467,240,0.4427083333333333
96,1,temporary_damage,recent_contact,8000,0.2,0.03,continue,second,122.2,1.0,1.0000000000000002,70.43819846639457,244,0.421875
96,1,temporary_damage,recent_contact,8000,0.2,0.03,continue,second,123.2,1.0,1.0000000000000002,67.9598635065203,244,0.421875
96,1,temporary_damage,recent_contact,8000,0.2,0.03,continue,second,124.2,1.0,1.0000000000000002,65.45582500291245,248,0.3958333333333333
96,1,temporary_damage,recent_contact,8000,0.2,0.03,continue,second,125.2,1.0,1.0000000000000002,63.32977889140596,248,0.3958333333333333
96,1,temporary_damage,recent_contact,8000,0.2,0.03,continue,second,126.2,1.0,1.0000000000000002,61.11729461319279,252,0.3854166666666667
96,1,temporary_damage,recent_contact,8000,0.2,0.03,continue,second,127.2,1.0,1.0000000000000002,59.203301313431794,252,0.3854166666666667
96,1,temporary_damage,recent_contact,8000,0.2,0.03,continue,second,128.20000000000002,1.0,1.0000000000000002,57.28968712868404,256,0.390625
96,1,temporary_damage,recent_contact,8000,0.2,0.03,continue,second,129.20000000000002,1.0,1.0000000000000002,55.52080483620893,256,0.390625
96,1,temporary_damage,recent_contact,8000,0.2,0.03,continue,second,130.20000000000002,1.0,1.0000000000000002,53.577260880522275,260,0.3802083333333333
96,1,temporary_damage,recent_contact,8000,0.2,0.03,continue,second,131.20000000000002,1.0,1.0000000000000002,51.58001227082383,260,0.3802083333333333
96,1,temporary_damage,recent_contact,8000,0.2,0.03,continue,second,132.20000000000002,1.0,1.0000000000000002,49.49032339627695,264,0.375
96,1,temporary_damage,recent_contact,8000,0.2,0.03,continue,second,133.20000000000002,1.0,1.0000000000000002,47.46833099390458,264,0.375
96,1,temporary_damage,recent_contact,8000,0.2,0.03,continue,second,134.20000000000002,1.0,1.0000000000000002,45.31832291101753,268,0.3645833333333333
96,1,temporary_damage,recent_contact,8000,0.2,0.03,continue,second,135.20000000000002,1.0,1.0000000000000002,43.06662703064155,268,0.3645833333333333
96,1,temporary_damage,recent_contact,8000,0.2,0.03,continue,second,136.20000000000002,1.0,1.0000000000000002,40.765297284383195,272,0.359375
96,1,temporary_damage,recent_contact,8000,0.2,0.03,continue,second,137.20000000000002,1.0,1.0000000000000002,38.92685927843598,272,0.359375
96,1,temporary_damage,recent_contact,8000,0.2,0.03,continue,second,138.20000000000002,1.0,1.0000000000000002,36.906382813966516,276,0.3489583333333333
96,1,temporary_damage,recent_contact,8000,0.2,0.03,continue,second,139.20000000000002,1.0,1.0000000000000002,34.84638271765681,276,0.3489583333333333
96,1,temporary_damage,recent_contact,8000,0.2,0.03,continue,second,140.20000000000002,0.7498510798544593,0.9965622965478748,32.8833215318283,280,0.3333333333333333
96,1,temporary_damage,recent_contact,8000,0.2,0.03,continue,second,141.20000000000002,0.5770513393525064,0.9940992626616519,31.402232535070283,280,0.3333333333333333
96,1,temporary_damage,recent_contact,8000,0.2,0.03,continue,second,142.20000000000002,0.4792880530601585,0.9901387794657851,30.004879077665407,284,0.3177083333333333
96,1,temporary_damage,recent_contact,8000,0.2,0.03,continue,second,143.20000000000002,0.35382099806949485,0.984648893753742,28.919295893079564,284,0.3177083333333333
96,1,temporary_damage,recent_contact,8000,0.2,0.03,continue,second,144.20000000000002,0.2740939195477078,0.9802830311560227,27.83655324104236,288,0.328125
96,1,temporary_damage,recent_contact,8000,0.2,0.03,continue,second,145.20000000000002,0.2364307173980488,0.9752588255477461,27.11993553375939,288,0.328125
96,1,temporary_damage,recent_contact,8000,0.2,0.03,continue,second,146.20000000000002,0.24144374201667934,0.9726591592161029,26.433037961952124,292,0.3125
96,1,temporary_damage,recent_contact,8000,0.2,0.03,continue,second,147.20000000000002,0.23786874101754477,0.9708859247908047,25.9546669426671,292,0.3125
96,1,temporary_damage,recent_contact,8000,0.2,0.03,continue,second,148.20000000000002,0.23416315252262684,0.9695375949393953,25.44415280539446,296,0.3125
96,1,temporary_damage,recent_contact,8000,0.2,0.03,continue,second,149.20000000000002,0.23905708737107584,0.9668326250050933,25.14841776780017,296,0.3125
96,1,temporary_damage,recent_contact,8000,0.2,0.03,continue,second,150.20000000000002,0.2424203476677854,0.9735832258105123,24.82132084983725,300,0.3125
96,1,temporary_damage,recent_contact,8000,0.2,0.03,continue,second,151.20000000000002,0.2354205263746341,0.9703504010418558,24.81796535589141,300,0.3125
96,1,temporary_damage,recent_contact,8000,0.2,0.03,continue,second,152.20000000000002,0.22743456555077649,0.9784560471476865,24.75105378984598,304,0.3072916666666667
96,1,temporary_damage,recent_contact,8000,0.2,0.03,continue,second,153.20000000000002,0.06455515540202321,0.9749277946353406,24.88204648661152,304,0.3072916666666667
96,1,temporary_damage,recent_contact,8000,0.2,0.03,continue,second,154.20000000000002,0.059060310993103535,0.974516323243813,24.88148689610356,308,0.3020833333333333
96,1,temporary_damage,recent_contact,8000,0.2,0.03,continue,second,155.20000000000002,0.04772260933674552,0.9729635656765342,25.050974558239204,308,0.3020833333333333
96,1,temporary_damage,recent_contact,8000,0.2,0.03,continue,second,156.20000000000002,0.04579439626052901,0.9719661734508089,25.148448258691975,312,0.296875
96,1,temporary_damage,recent_contact,8000,0.2,0.03,continue,second,157.20000000000002,0.05121086044646976,0.9673705153109337,25.489324018042034,312,0.296875
96,1,temporary_damage,recent_contact,8000,0.2,0.03,continue,second,158.20000000000002,0.061938318370848774,0.9756082532606115,25.775391091756212,316,0.3020833333333333
96,1,temporary_damage,recent_contact,8000,0.2,0.03,continue,second,159.20000000000002,0.060098335518959864,0.9702372927652912,26.282674238043928,316,0.3020833333333333
96,1,temporary_damage,recent_contact,8000,0.2,0.03,continue,second,160.20000000000002,0.044236922336735915,0.9667866767911705,26.73855981017504,320,0.3020833333333333
96,1,temporary_damage,recent_contact,8000,0.2,0.03,continue,second,161.20000000000002,0.052365987142441686,0.9721293290512807,27.44452167683206,320,0.3020833333333333
96,1,temporary_damage,recent_contact,8000,0.2,0.03,continue,second,162.20000000000002,0.20649074747375876,0.9760794811036425,28.00242224709688,324,0.296875
96,1,temporary_damage,recent_contact,8000,0.2,0.03,continue,second,163.20000000000002,0.2723345345900573,0.9804099586670011,28.681673340720558,324,0.296875
96,1,temporary_damage,recent_contact,8000,0.2,0.03,continue,second,164.20000000000002,0.2538259130877998,0.9817198754829213,29.202155440551046,328,0.3072916666666667
96,1,temporary_damage,recent_contact,8000,0.2,0.03,continue,second,165.20000000000002,0.5286648276998986,0.9845605902826432,29.547682147430937,328,0.3072916666666667
96,1,temporary_damage,recent_contact,8000,0.2,0.03,continue,second,166.20000000000002,0.49819576571006136,0.9837669855390624,29.834437359994737,332,0.3072916666666667
96,1,temporary_damage,recent_contact,8000,0.2,0.03,continue,second,167.20000000000002,0.4859127974833854,0.9820044545359213,30.39932525253043,332,0.3072916666666667
96,1,temporary_damage,recent_contact,8000,0.2,0.03,continue,second,168.20000000000002,0.5446924115732893,0.9906933068055377,30.901479300137165,336,0.2864583333333333
96,1,temporary_damage,recent_contact,8000,0.2,0.03,continue,second,169.20000000000002,0.6842105417975407,0.9945763798564458,31.50077274292197,336,0.2864583333333333
96,1,temporary_damage,recent_contact,8000,0.2,0.03,continue,second,170.20000000000002,0.5264366450231678,0.9893878032408205,31.988150331555154,340,0.2708333333333333
96,1,temporary_damage,recent_contact,8000,0.2,0.03,continue,second,171.20000000000002,0.41528916267456895,0.9869352926732783,32.68808626509492,340,0.2708333333333333
96,1,temporary_damage,recent_contact,8000,0.2,0.03,pause,quiet,82.2,1.0,1.0000000000000002,50.75137620739301,160,1.0
96,1,temporary_damage,recent_contact,8000,0.2,0.03,pause,quiet,83.2,1.0,1.0000000000000002,52.61348087802675,160,1.0
96,1,temporary_damage,recent_contact,8000,0.2,0.03,pause,quiet,84.2,1.0,1.0000000000000002,54.46813754184511,160,1.0
96,1,temporary_damage,recent_contact,8000,0.2,0.03,pause,quiet,85.2,1.0,1.0000000000000002,56.31622195563429,160,1.0
96,1,temporary_damage,recent_contact,8000,0.2,0.03,pause,quiet,86.2,1.0,1.0000000000000002,58.15816960421138,160,1.0
96,1,temporary_damage,recent_contact,8000,0.2,0.03,pause,quiet,87.2,1.0,1.0000000000000002,59.994215602420155,160,1.0
96,1,temporary_damage,recent_contact,8000,0.2,0.03,pause,quiet,88.2,1.0,1.0000000000000002,61.82450409118402,160,1.0
96,1,temporary_damage,recent_contact,8000,0.2,0.03,pause,quiet,89.2,1.0,1.0000000000000002,63.649127701156765,160,1.0
96,1,temporary_damage,recent_contact,8000,0.2,0.03,pause,quiet,90.2,1.0,1.0000000000000002,65.46815879927378,160,1.0
96,1,temporary_damage,recent_contact,8000,0.2,0.03,pause,quiet,91.2,1.0,1.0000000000000002,67.28165197407775,160,1.0
96,1,temporary_damage,recent_contact,8000,0.2,0.03,pause,quiet,92.2,1.0,1.0000000000000002,69.0896498638152,160,1.0
96,1,temporary_damage,recent_contact,8000,0.2,0.03,pause,quiet,93.2,1.0,1.0000000000000002,70.89218709475578,160,1.0
96,1,temporary_damage,recent_contact,8000,0.2,0.03,pause,quiet,94.2,1.0,1.0000000000000002,72.6892928064506,160,1.0
96,1,temporary_damage,recent_contact,8000,0.2,0.03,pause,quiet,95.2,1.0,1.0000000000000002,74.48099232291426,160,1.0
96,1,temporary_damage,recent_contact,8000,0.2,0.03,pause,quiet,96.2,1.0,1.0000000000000002,76.26730828371598,160,1.0
96,1,temporary_damage,recent_contact,8000,0.2,0.03,pause,quiet,97.2,1.0,1.0000000000000002,78.04826142179604,160,1.0
96,1,temporary_damage,recent_contact,8000,0.2,0.03,pause,quiet,98.2,1.0,1.0000000000000002,79.82387110447324,160,1.0
96,1,temporary_damage,recent_contact,8000,0.2,0.03,pause,quiet,99.2,1.0,1.0000000000000002,81.5941557128983,160,1.0
96,1,temporary_damage,recent_contact,8000,0.2,0.03,pause,quiet,100.2,1.0,1.0000000000000002,83.35913290988864,160,1.0
96,1,temporary_damage,recent_contact,8000,0.2,0.03,pause,quiet,101.2,1.0,1.0000000000000002,85.11881982992361,160,1.0
96,1,temporary_damage,recent_contact,8000,0.2,0.03,pause,quiet,102.2,1.0,1.0000000000000002,86.87323321447441,160,1.0
96,1,temporary_damage,recent_contact,8000,0.2,0.03,pause,quiet,103.2,1.0,1.0000000000000002,88.62238950873248,160,1.0
96,1,temporary_damage,recent_contact,8000,0.2,0.03,pause,quiet,104.2,1.0,1.0000000000000002,90.36630493095818,160,1.0
96,1,temporary_damage,recent_contact,8000,0.2,0.03,pause,quiet,105.2,1.0,1.0000000000000002,92.10499552233773,160,1.0
96,1,temporary_damage,recent_contact,8000,0.2,0.03,pause,quiet,106.2,1.0,1.0000000000000002,93.83847718291943,160,1.0
96,1,temporary_damage,recent_contact,8000,0.2,0.03,pause,quiet,107.2,1.0,1.0000000000000002,95.56676569758011,160,1.0
96,1,temporary_damage,recent_contact,8000,0.2,0.03,pause,quiet,108.2,1.0,1.0000000000000002,97.28987675483357,160,1.0
96,1,temporary_damage,recent_contact,8000,0.2,0.03,pause,quiet,109.2,1.0,1.0000000000000002,99.00782596048819,160,1.0
96,1,temporary_damage,recent_contact,8000,0.2,0.03,pause,quiet,110.2,1.0,1.0000000000000002,100.72062884759013,160,1.0
96,1,temporary_damage,recent_contact,8000,0.2,0.03,pause,quiet,111.2,1.0,1.0000000000000002,102.42830088368314,160,1.0
96,1,temporary_damage,recent_contact,8000,0.2,0.03,pause,second,112.2,1.0,1.0000000000000002,102.94356199812655,164,0.9635416666666666
96,1,temporary_damage,recent_contact,8000,0.2,0.03,pause,second,113.2,1.0,1.0000000000000002,98.84851071242052,164,0.9635416666666666
96,1,temporary_damage,recent_contact,8000,0.2,0.03,pause,second,114.2,1.0,1.0000000000000002,94.59045357149127,168,0.921875
96,1,temporary_damage,recent_contact,8000,0.2,0.03,pause,second,115.2,1.0,1.0000000000000002,90.7575995607096,168,0.921875
96,1,temporary_damage,recent_contact,8000,0.2,0.03,pause,second,116.2,1.0,1.0000000000000002,86.86938997781039,172,0.8854166666666666
96,1,temporary_damage,recent_contact,8000,0.2,0.03,pause,second,117.2,1.0,1.0000000000000002,83.39442860963482,172,0.8854166666666666
96,1,temporary_damage,recent_contact,8000,0.2,0.03,pause,second,118.2,1.0,1.0000000000000002,79.87373430493795,176,0.8541666666666666
96,1,temporary_damage,recent_contact,8000,0.2,0.03,pause,second,119.2,1.0,1.0000000000000002,76.88796008443862,176,0.8541666666666666
96,1,temporary_damage,recent_contact,8000,0.2,0.03,pause,second,120.2,1.0,1.0000000000000002,73.74787226697836,180,0.8125
96,1,temporary_damage,recent_contact,8000,0.2,0.03,pause,second,121.2,1.0,1.0000000000000002,70.84825744564796,180,0.8125
96,1,temporary_damage,recent_contact,8000,0.2,0.03,pause,second,122.2,1.0,1.0000000000000002,67.85232068265191,184,0.78125
96,1,temporary_damage,recent_contact,8000,0.2,0.03,pause,second,123.2,1.0,1.0000000000000002,65.04326898538648,184,0.78125
96,1,temporary_damage,recent_contact,8000,0.2,0.03,pause,second,124.2,1.0,1.0000000000000002,62.05178551852937,188,0.75
96,1,temporary_damage,recent_contact,8000,0.2,0.03,pause,second,125.2,1.0,1.0000000000000002,58.73704313916103,188,0.75
96,1,temporary_damage,recent_contact,8000,0.2,0.03,pause,second,126.2,1.0,1.0000000000000002,55.525078543982744,192,0.7239583333333334
96,1,temporary_damage,recent_contact,8000,0.2,0.03,pause,second,127.2,1.0,1.0000000000000002,52.956898527760586,192,0.7239583333333334
96,1,temporary_damage,recent_contact,8000,0.2,0.03,pause,second,128.20000000000002,1.0,1.0000000000000002,50.48145062389755,196,0.6875
96,1,temporary_damage,recent_contact,8000,0.2,0.03,pause,second,129.20000000000002,1.0,1.0000000000000002,48.58208637163352,196,0.6875
96,1,temporary_damage,recent_contact,8000,0.2,0.03,pause,second,130.20000000000002,1.0,1.0000000000000002,46.632914279478165,200,0.671875
96,1,temporary_damage,recent_contact,8000,0.2,0.03,pause,second,131.20000000000002,1.0,1.0000000000000002,44.843526082343246,200,0.671875
96,1,temporary_damage,recent_contact,8000,0.2,0.03,pause,second,132.20000000000002,1.0,1.0000000000000002,43.07021483984579,204,0.65625
96,1,temporary_damage,recent_contact,8000,0.2,0.03,pause,second,133.20000000000002,1.0,1.0000000000000002,41.88747821274271,204,0.65625
96,1,temporary_damage,recent_contact,8000,0.2,0.03,pause,second,134.20000000000002,1.0,1.0000000000000002,40.59273679302626,208,0.6302083333333334
96,1,temporary_damage,recent_contact,8000,0.2,0.03,pause,second,135.20000000000002,0.6393638062765427,0.9950578438296028,39.5873273511272,208,0.6302083333333334
96,1,temporary_damage,recent_contact,8000,0.2,0.03,pause,second,136.20000000000002,0.594847863007498,0.9944477976181102,38.57683961893475,212,0.59375
96,1,temporary_damage,recent_contact,8000,0.2,0.03,pause,second,137.20000000000002,0.3641808328463093,0.9912867380620842,38.099460483808386,212,0.59375
96,1,temporary_damage,recent_contact,8000,0.2,0.03,pause,second,138.20000000000002,0.27589149225610987,0.9900768214841804,37.54270941942558,216,0.578125
96,1,temporary_damage,recent_contact,8000,0.2,0.03,pause,second,139.20000000000002,0.3833053126084792,0.9905814649802536,37.035203975059076,216,0.578125
96,1,temporary_damage,recent_contact,8000,0.2,0.03,pause,second,140.20000000000002,0.3514101319390226,0.9911117284557615,36.45091038317539,220,0.5520833333333334
96,1,temporary_damage,recent_contact,8000,0.2,0.03,pause,second,141.20000000000002,0.43131875656880614,0.9922067957539287,36.04529692641839,220,0.5520833333333334
96,1,temporary_damage,recent_contact,8000,0.2,0.03,pause,second,142.20000000000002,0.37073619099811556,0.9913765726496907,35.618875412247924,224,0.5416666666666666
96,1,temporary_damage,recent_contact,8000,0.2,0.03,pause,second,143.20000000000002,0.3168215842228242,0.9906377272115832,35.5162870190946,224,0.5416666666666666
96,1,temporary_damage,recent_contact,8000,0.2,0.03,pause,second,144.20000000000002,0.272246399675275,0.9893984931286937,35.378575315089364,228,0.53125
96,1,temporary_damage,recent_contact,8000,0.2,0.03,pause,second,145.20000000000002,0.22079729529703085,0.9881875957280749,35.54424622408028,228,0.53125
96,1,temporary_damage,recent_contact,8000,0.2,0.03,pause,second,146.20000000000002,0.18409131302586115,0.9842446174542657,35.720405433669086,232,0.5208333333333334
96,1,temporary_damage,recent_contact,8000,0.2,0.03,pause,second,147.20000000000002,0.1575491121254675,0.9832497676906731,36.383503425433375,232,0.5208333333333334
96,1,temporary_damage,recent_contact,8000,0.2,0.03,pause,second,148.20000000000002,0.15730874177166512,0.9833422175876164,36.90283786780429,236,0.5
96,1,temporary_damage,recent_contact,8000,0.2,0.03,pause,second,149.20000000000002,0.17850516156064464,0.9814745930308769,37.16809338589317,236,0.5
96,1,temporary_damage,recent_contact,8000,0.2,0.03,pause,second,150.20000000000002,0.19289260833947997,0.9806669494897322,37.190692586670764,240,0.4895833333333333
96,1,temporary_damage,recent_contact,8000,0.2,0.03,pause,second,151.20000000000002,0.20419876698619416,0.9703682564285924,37.14841463046341,240,0.4895833333333333
96,1,temporary_damage,recent_contact,8000,0.2,0.03,pause,second,152.20000000000002,0.2065793310594441,0.9774804343601453,37.03955300280452,244,0.4791666666666667
96,1,temporary_damage,recent_contact,8000,0.2,0.03,pause,second,153.20000000000002,0.2472129481802795,0.9817922375105004,36.97877014706268,244,0.4791666666666667
96,1,temporary_damage,recent_contact,8000,0.2,0.03,pause,second,154.20000000000002,0.22891089586525915,0.9860676823499649,36.90938019703125,248,0.4635416666666667
96,1,temporary_damage,recent_contact,8000,0.2,0.03,pause,second,155.20000000000002,0.5799703000553009,0.9908478033057312,37.0630784068655,248,0.4635416666666667
96,1,temporary_damage,recent_contact,8000,0.2,0.03,pause,second,156.20000000000002,0.6342994791998049,0.9920183325874118,37.12753844593774,252,0.4479166666666667
96,1,temporary_damage,recent_contact,8000,0.2,0.03,pause,second,157.20000000000002,0.633683832436175,0.992349530290501,37.22889772648368,252,0.4479166666666667
96,1,temporary_damage,recent_contact,8000,0.2,0.03,pause,second,158.20000000000002,0.6140964277472478,0.9947115798303658,37.22766248796925,256,0.4427083333333333
96,1,temporary_damage,recent_contact,8000,0.2,0.03,pause,second,159.20000000000002,0.6131055191447471,0.9946980004249999,37.418717788681164,256,0.4427083333333333
96,1,temporary_damage,recent_contact,8000,0.2,0.03,pause,second,160.20000000000002,0.9870302778072992,0.9998222630072121,37.451865335258084,260,0.4322916666666667
96,1,temporary_damage,recent_contact,8000,0.2,0.03,pause,second,161.20000000000002,0.9128887290879122,0.9988062276816858,37.576336108960454,260,0.4322916666666667
96,1,temporary_damage,recent_contact,8000,0.2,0.03,pause,second,162.20000000000002,0.9384257176014456,0.9991561864144809,37.71416744203583,264,0.4270833333333333
96,1,temporary_damage,recent_contact,8000,0.2,0.03,pause,second,163.20000000000002,0.9541470526927307,0.9993716314934291,38.18890609273074,264,0.4270833333333333
96,1,temporary_damage,recent_contact,8000,0.2,0.03,pause,second,164.20000000000002,1.0,1.0000000000000002,38.65674690955026,268,0.4270833333333333
96,1,temporary_damage,recent_contact,8000,0.2,0.03,pause,second,165.20000000000002,1.0,1.0000000000000002,39.41603618529598,268,0.4270833333333333
96,1,temporary_damage,recent_contact,8000,0.2,0.03,pause,second,166.20000000000002,1.0,1.0000000000000002,40.05984201482339,272,0.4114583333333333
96,1,temporary_damage,recent_contact,8000,0.2,0.03,pause,second,167.20000000000002,1.0,1.0000000000000002,40.82986186923699,272,0.4114583333333333
96,1,temporary_damage,recent_contact,8000,0.2,0.03,pause,second,168.20000000000002,1.0,1.0000000000000002,41.528114175221454,276,0.4010416666666667
96,1,temporary_damage,recent_contact,8000,0.2,0.03,pause,second,169.20000000000002,1.0,1.0000000000000002,42.37161483517889,276,0.4010416666666667
96,1,temporary_damage,recent_contact,8000,0.2,0.03,pause,second,170.20000000000002,1.0,1.0000000000000002,43.01310952914387,280,0.3854166666666667
96,1,temporary_damage,recent_contact,8000,0.2,0.03,pause,second,171.20000000000002,1.0,1.0000000000000002,43.398639307657845,280,0.3854166666666667
96,1,temporary_damage,experience_swap,8000,0.2,0.03,common,first,0.2,1.0,1.0000000000000002,67.62141361096175,0,
96,1,temporary_damage,experience_swap,8000,0.2,0.03,common,first,1.2000000000000002,1.0,1.0000000000000002,69.59637492062518,0,
96,1,temporary_damage,experience_swap,8000,0.2,0.03,common,first,2.2,1.0,1.0000000000000002,71.40132570039268,4,
96,1,temporary_damage,experience_swap,8000,0.2,0.03,common,first,3.2,1.0,1.0000000000000002,73.25842488528266,4,
96,1,temporary_damage,experience_swap,8000,0.2,0.03,common,first,4.2,1.0,1.0000000000000002,74.98877422744422,8,
96,1,temporary_damage,experience_swap,8000,0.2,0.03,common,first,5.2,1.0,1.0000000000000002,76.77679110536194,8,
96,1,temporary_damage,experience_swap,8000,0.2,0.03,common,first,6.2,1.0,1.0000000000000002,78.4484884994475,12,
96,1,temporary_damage,experience_swap,8000,0.2,0.03,common,first,7.2,1.0,1.0000000000000002,80.06990109451758,12,
96,1,temporary_damage,experience_swap,8000,0.2,0.03,common,first,8.200000000000001,1.0,1.0000000000000002,81.36517870856042,16,
96,1,temporary_damage,experience_swap,8000,0.2,0.03,common,first,9.200000000000001,1.0,1.0000000000000002,82.52978815992387,16,
96,1,temporary_damage,experience_swap,8000,0.2,0.03,common,first,10.200000000000001,1.0,1.0000000000000002,83.4877950170782,20,
96,1,temporary_damage,experience_swap,8000,0.2,0.03,common,first,11.200000000000001,1.0,1.0000000000000002,84.46389291602678,20,
96,1,temporary_damage,experience_swap,8000,0.2,0.03,common,first,12.200000000000001,1.0,1.0000000000000002,85.30191754274951,24,
96,1,temporary_damage,experience_swap,8000,0.2,0.03,common,first,13.200000000000001,1.0,1.0000000000000002,86.45092963173555,24,
96,1,temporary_damage,experience_swap,8000,0.2,0.03,common,first,14.200000000000001,1.0,1.0000000000000002,87.70495730781197,28,
96,1,temporary_damage,experience_swap,8000,0.2,0.03,common,first,15.200000000000001,1.0,1.0000000000000002,89.03346406647387,28,
96,1,temporary_damage,experience_swap,8000,0.2,0.03,common,first,16.2,1.0,1.0000000000000002,90.24810955480058,32,
96,1,temporary_damage,experience_swap,8000,0.2,0.03,common,first,17.2,1.0,1.0000000000000002,91.70430542439291,32,
96,1,temporary_damage,experience_swap,8000,0.2,0.03,common,first,18.2,1.0,1.0000000000000002,93.17377858598189,36,
96,1,temporary_damage,experience_swap,8000,0.2,0.03,common,first,19.200000000000003,1.0,1.0000000000000002,94.73550220650253,36,
96,1,temporary_damage,experience_swap,8000,0.2,0.03,common,first,20.200000000000003,1.0,1.0000000000000002,96.18467711676767,40,
96,1,temporary_damage,experience_swap,8000,0.2,0.03,common,first,21.200000000000003,1.0,1.0000000000000002,97.86881913778258,40,
96,1,temporary_damage,experience_swap,8000,0.2,0.03,common,first,22.200000000000003,1.0,1.0000000000000002,99.45582518807424,44,
96,1,temporary_damage,experience_swap,8000,0.2,0.03,common,first,23.200000000000003,1.0,1.0000000000000002,101.13786141319055,44,
96,1,temporary_damage,experience_swap,8000,0.2,0.03,common,first,24.200000000000003,1.0,1.0000000000000002,102.72214439116033,48,
96,1,temporary_damage,experience_swap,8000,0.2,0.03,common,first,25.200000000000003,1.0,1.0000000000000002,104.40525959797398,48,
96,1,temporary_damage,experience_swap,8000,0.2,0.03,common,first,26.200000000000003,1.0,1.0000000000000002,105.99948436857935,52,
96,1,temporary_damage,experience_swap,8000,0.2,0.03,common,first,27.200000000000003,1.0,1.0000000000000002,107.69449480777081,52,
96,1,temporary_damage,experience_swap,8000,0.2,0.03,common,first,28.200000000000003,1.0,1.0000000000000002,109.29033346144297,56,
96,1,temporary_damage,experience_swap,8000,0.2,0.03,common,first,29.200000000000003,1.0,1.0000000000000002,110.97561008404352,56,
96,1,temporary_damage,experience_swap,8000,0.2,0.03,common,first,30.200000000000003,1.0,1.0000000000000002,112.56541712920747,60,
96,1,temporary_damage,experience_swap,8000,0.2,0.03,common,first,31.200000000000003,1.0,1.0000000000000002,114.25046278745867,60,
96,1,temporary_damage,experience_swap,8000,0.2,0.03,common,first,32.2,1.0,1.0000000000000002,115.8306959317286,64,
96,1,temporary_damage,experience_swap,8000,0.2,0.03,common,first,33.2,1.0,1.0000000000000002,117.5064648682165,64,
96,1,temporary_damage,experience_swap,8000,0.2,0.03,common,first,34.2,1.0,1.0000000000000002,119.09525782454908,68,
96,1,temporary_damage,experience_swap,8000,0.2,0.03,common,first,35.2,1.0,1.0000000000000002,120.78061828053815,68,
96,1,temporary_damage,experience_swap,8000,0.2,0.03,common,first,36.2,1.0,1.0000000000000002,122.36083501766896,72,
96,1,temporary_damage,experience_swap,8000,0.2,0.03,common,first,37.2,1.0,1.0000000000000002,124.02784174248598,72,
96,1,temporary_damage,experience_swap,8000,0.2,0.03,common,first,38.2,1.0,1.0000000000000002,125.59191805130817,76,
96,1,temporary_damage,experience_swap,8000,0.2,0.03,common,first,39.2,1.0,1.0000000000000002,127.2458438981639,76,
96,1,temporary_damage,experience_swap,8000,0.2,0.03,common,first,40.2,1.0,1.0000000000000002,127.80402253265223,80,
96,1,temporary_damage,experience_swap,8000,0.2,0.03,common,first,41.2,1.0,1.0000000000000002,123.80720523918495,80,
96,1,temporary_damage,experience_swap,8000,0.2,0.03,common,first,42.2,1.0,1.0000000000000002,119.340373533813,84,
96,1,temporary_damage,experience_swap,8000,0.2,0.03,common,first,43.2,1.0,1.0000000000000002,115.06208294065814,84,
96,1,temporary_damage,experience_swap,8000,0.2,0.03,common,first,44.2,1.0,1.0000000000000002,110.63803805893622,88,
96,1,temporary_damage,experience_swap,8000,0.2,0.03,common,first,45.2,1.0,1.0000000000000002,106.58901630768719,88,
96,1,temporary_damage,experience_swap,8000,0.2,0.03,common,first,46.2,1.0,1.0000000000000002,102.50799709701081,92,
96,1,temporary_damage,experience_swap,8000,0.2,0.03,common,first,47.2,1.0,1.0000000000000002,98.76530239238292,92,
96,1,temporary_damage,experience_swap,8000,0.2,0.03,common,first,48.2,1.0,1.0000000000000002,94.98109403538953,96,
96,1,temporary_damage,experience_swap,8000,0.2,0.03,common,first,49.2,1.0,1.0000000000000002,91.9581473358252,96,
96,1,temporary_damage,experience_swap,8000,0.2,0.03,common,first,50.2,1.0,1.0000000000000002,88.9058492691494,100,
96,1,temporary_damage,experience_swap,8000,0.2,0.03,common,first,51.2,1.0,1.0000000000000002,86.1543738524915,100,
96,1,temporary_damage,experience_swap,8000,0.2,0.03,common,first,52.2,1.0,1.0000000000000002,83.31143233906556,104,
96,1,temporary_damage,experience_swap,8000,0.2,0.03,common,first,53.2,1.0,1.0000000000000002,80.68407969412377,104,
96,1,temporary_damage,experience_swap,8000,0.2,0.03,common,first,54.2,1.0,1.0000000000000002,77.86859033257817,108,
96,1,temporary_damage,experience_swap,8000,0.2,0.03,common,first,55.2,1.0,1.0000000000000002,75.31535551179485,108,
96,1,temporary_damage,experience_swap,8000,0.2,0.03,common,first,56.2,1.0,1.0000000000000002,72.80048759049194,112,
96,1,temporary_damage,experience_swap,8000,0.2,0.03,common,first,57.2,1.0,1.0000000000000002,70.66195659418915,112,
96,1,temporary_damage,experience_swap,8000,0.2,0.03,common,first,58.2,1.0,1.0000000000000002,68.49389886223025,116,
96,1,temporary_damage,experience_swap,8000,0.2,0.03,common,first,59.2,1.0,1.0000000000000002,66.68040585728053,116,
96,1,temporary_damage,experience_swap,8000,0.2,0.03,common,first,60.2,1.0,1.0000000000000002,64.89774244320563,120,
96,1,temporary_damage,experience_swap,8000,0.2,0.03,common,first,61.2,1.0,1.0000000000000002,63.54060436395256,120,
96,1,temporary_damage,experience_swap,8000,0.2,0.03,common,first,62.2,1.0,1.0000000000000002,62.151355519835505,124,
96,1,temporary_damage,experience_swap,8000,0.2,0.03,common,first,63.2,1.0,1.0000000000000002,61.19913144313169,124,
96,1,temporary_damage,experience_swap,8000,0.2,0.03,common,first,64.2,1.0,1.0000000000000002,60.33894580655928,128,
96,1,temporary_damage,experience_swap,8000,0.2,0.03,common,first,65.2,1.0,1.0000000000000002,59.66386834743483,128,
96,1,temporary_damage,experience_swap,8000,0.2,0.03,common,first,66.2,1.0,1.0000000000000002,58.81859681531083,132,
96,1,temporary_damage,experience_swap,8000,0.2,0.03,common,first,67.2,1.0,1.0000000000000002,57.97832550954256,132,
96,1,temporary_damage,experience_swap,8000,0.2,0.03,common,first,68.2,1.0,1.0000000000000002,57.12466116084398,136,
96,1,temporary_damage,experience_swap,8000,0.2,0.03,common,first,69.2,1.0,1.0000000000000002,56.682572522882516,136,
96,1,temporary_damage,experience_swap,8000,0.2,0.03,common,first,70.2,1.0,1.0000000000000002,56.58905677839533,140,
96,1,temporary_damage,experience_swap,8000,0.2,0.03,common,first,71.2,1.0,1.0000000000000002,58.41866516449457,140,
96,1,temporary_damage,experience_swap,8000,0.2,0.03,common,first,72.2,1.0,1.0000000000000002,60.153263504744814,144,
96,1,temporary_damage,experience_swap,8000,0.2,0.03,common,first,73.2,1.0,1.0000000000000002,61.98074832301623,144,
96,1,temporary_damage,experience_swap,8000,0.2,0.03,common,first,74.2,1.0,1.0000000000000002,63.712048489078725,148,
96,1,temporary_damage,experience_swap,8000,0.2,0.03,common,first,75.2,1.0,1.0000000000000002,65.54459168810908,148,
96,1,temporary_damage,experience_swap,8000,0.2,0.03,common,first,76.2,1.0,1.0000000000000002,67.28118278731345,152,
96,1,temporary_damage,experience_swap,8000,0.2,0.03,common,first,77.2,1.0,1.0000000000000002,69.11355551939785,152,
96,1,temporary_damage,experience_swap,8000,0.2,0.03,common,first,78.2,1.0,1.0000000000000002,70.84743874638602,156,
96,1,temporary_damage,experience_swap,8000,0.2,0.03,common,first,79.2,1.0,1.0000000000000002,72.67239774716606,156,
96,1,temporary_damage,experience_swap,8000,0.2,0.03,common,first,80.2,1.0,1.0000000000000002,74.39149367571008,160,
96,1,temporary_damage,experience_swap,8000,0.2,0.03,common,first,81.2,1.0,1.0000000000000002,76.19905989345459,160,
96,1,temporary_damage,experience_swap,8000,0.2,0.03,common,first,82.2,1.0,1.0000000000000002,77.90024361027622,164,
96,1,temporary_damage,experience_swap,8000,0.2,0.03,common,first,83.2,1.0,1.0000000000000002,79.68764776883016,164,
96,1,temporary_damage,experience_swap,8000,0.2,0.03,common,first,84.2,1.0,1.0000000000000002,81.37242074129757,168,
96,1,temporary_damage,experience_swap,8000,0.2,0.03,common,first,85.2,1.0,1.0000000000000002,83.14932415505714,168,
96,1,temporary_damage,experience_swap,8000,0.2,0.03,common,first,86.2,1.0,1.0000000000000002,84.82245855869722,172,
96,1,temporary_damage,experience_swap,8000,0.2,0.03,common,first,87.2,1.0,1.0000000000000002,86.58444808311361,172,
96,1,temporary_damage,experience_swap,8000,0.2,0.03,common,first,88.2,1.0,1.0000000000000002,88.23800762704299,176,
96,1,temporary_damage,experience_swap,8000,0.2,0.03,common,first,89.2,1.0,1.0000000000000002,89.98044746835092,176,
96,1,temporary_damage,experience_swap,8000,0.2,0.03,common,first,90.2,1.0,1.0000000000000002,91.62988943513311,180,
96,1,temporary_damage,experience_swap,8000,0.2,0.03,common,first,91.2,1.0,1.0000000000000002,93.37571016540375,180,
96,1,temporary_damage,experience_swap,8000,0.2,0.03,common,first,92.2,1.0,1.0000000000000002,95.01849731418864,184,
96,1,temporary_damage,experience_swap,8000,0.2,0.03,common,first,93.2,1.0,1.0000000000000002,96.75372702630766,184,
96,1,temporary_damage,experience_swap,8000,0.2,0.03,common,first,94.2,1.0,1.0000000000000002,98.38950535111296,188,
96,1,temporary_damage,experience_swap,8000,0.2,0.03,common,first,95.2,1.0,1.0000000000000002,100.11895191196717,188,
96,1,temporary_damage,experience_swap,8000,0.2,0.03,common,first,96.2,1.0,1.0000000000000002,101.74851253039529,192,
96,1,temporary_damage,experience_swap,8000,0.2,0.03,common,first,97.2,1.0,1.0000000000000002,103.46906701559989,192,
96,1,temporary_damage,experience_swap,8000,0.2,0.03,common,first,98.2,1.0,1.0000000000000002,105.08858876973699,196,
96,1,temporary_damage,experience_swap,8000,0.2,0.03,common,first,99.2,1.0,1.0000000000000002,106.80267910076304,196,
96,1,temporary_damage,experience_swap,8000,0.2,0.03,common,first,100.2,1.0,1.0000000000000002,108.41044908535642,200,
96,1,temporary_damage,experience_swap,8000,0.2,0.03,common,first,101.2,1.0,1.0000000000000002,110.10833128613692,200,
96,1,temporary_damage,experience_swap,8000,0.2,0.03,common,first,102.2,1.0,1.0000000000000002,111.70568087033382,204,
96,1,temporary_damage,experience_swap,8000,0.2,0.03,common,first,103.2,1.0,1.0000000000000002,113.39374166296884,204,
96,1,temporary_damage,experience_swap,8000,0.2,0.03,common,first,104.2,1.0,1.0000000000000002,114.97900528534434,208,
96,1,temporary_damage,experience_swap,8000,0.2,0.03,common,first,105.2,1.0,1.0000000000000002,116.65364340080657,208,
96,1,temporary_damage,experience_swap,8000,0.2,0.03,common,first,106.2,1.0,1.0000000000000002,118.22664552839666,212,
96,1,temporary_damage,experience_swap,8000,0.2,0.03,common,first,107.2,1.0,1.0000000000000002,119.89481932502083,212,
96,1,temporary_damage,experience_swap,8000,0.2,0.03,common,first,108.2,1.0,1.0000000000000002,121.4571575036361,216,
96,1,temporary_damage,experience_swap,8000,0.2,0.03,common,first,109.2,1.0,1.0000000000000002,123.11607838594838,216,
96,1,temporary_damage,experience_swap,8000,0.2,0.03,common,first,110.2,1.0,1.0000000000000002,124.67465997041245,220,
96,1,temporary_damage,experience_swap,8000,0.2,0.03,common,first,111.2,1.0,1.0000000000000002,126.32992949591488,220,
96,1,temporary_damage,experience_swap,8000,0.2,0.03,common,first,112.2,1.0,1.0000000000000002,127.88036484645568,224,
96,1,temporary_damage,experience_swap,8000,0.2,0.03,common,first,113.2,1.0,1.0000000000000002,129.4667660638548,224,
96,1,temporary_damage,experience_swap,8000,0.2,0.03,common,first,114.2,1.0,1.0000000000000002,130.87724547661722,228,
96,1,temporary_damage,experience_swap,8000,0.2,0.03,common,first,115.2,1.0,1.0000000000000002,132.3464878973494,228,
96,1,temporary_damage,experience_swap,8000,0.2,0.03,common,first,116.2,1.0,1.0000000000000002,133.70306246467658,232,
96,1,temporary_damage,experience_swap,8000,0.2,0.03,common,first,117.2,1.0,1.0000000000000002,135.3162898056455,232,
96,1,temporary_damage,experience_swap,8000,0.2,0.03,common,first,118.2,1.0,1.0000000000000002,136.7316591246909,236,
96,1,temporary_damage,experience_swap,8000,0.2,0.03,common,first,119.2,1.0,1.0000000000000002,138.15384473826447,236,
96,20,persistent_damage,recent_contact,8000,0.2,0.03,common,first,0.2,1.0,1.0000000000000002,67.62141361096175,0,
96,20,persistent_damage,recent_contact,8000,0.2,0.03,common,first,1.2000000000000002,1.0,1.0000000000000002,69.59637492062518,0,
96,20,persistent_damage,recent_contact,8000,0.2,0.03,common,first,2.2,1.0,1.0000000000000002,69.59110285819504,4,
96,20,persistent_damage,recent_contact,8000,0.2,0.03,common,first,3.2,1.0,1.0000000000000002,71.4739638494761,4,
96,20,persistent_damage,recent_contact,8000,0.2,0.03,common,first,4.2,1.0,1.0000000000000002,71.40731024948153,8,
96,20,persistent_damage,recent_contact,8000,0.2,0.03,common,first,5.2,1.0,1.0000000000000002,73.24232256978819,8,
96,20,persistent_damage,recent_contact,8000,0.2,0.03,common,first,6.2,0.11108985627743033,0.96359280056548,73.36211944923076,12,
96,20,persistent_damage,recent_contact,8000,0.2,0.03,common,first,7.2,0.1461212227025134,0.9693879118532853,75.50127182186196,12,
96,20,persistent_damage,recent_contact,8000,0.2,0.03,common,first,8.200000000000001,0.2684922165613146,0.9732168275151273,75.51731289236756,16,
96,20,persistent_damage,recent_contact,8000,0.2,0.03,common,first,9.200000000000001,0.45815100428662237,0.9800400585770167,77.51190314005447,16,
96,20,persistent_damage,recent_contact,8000,0.2,0.03,common,first,10.200000000000001,0.45680575024794445,0.9845887559118736,77.43489119019222,20,
96,20,persistent_damage,recent_contact,8000,0.2,0.03,common,first,11.200000000000001,0.4416075114496215,0.9856206717540262,79.25604883866306,20,
96,20,persistent_damage,recent_contact,8000,0.2,0.03,common,first,12.200000000000001,0.44006742960603984,0.9866942128674688,79.05152565190673,24,
96,20,persistent_damage,recent_contact,8000,0.2,0.03,common,first,13.200000000000001,0.4366358835454085,0.9866588588442267,80.7832440913791,24,
96,20,persistent_damage,recent_contact,8000,0.2,0.03,common,first,14.200000000000001,0.4342279922424642,0.9875084142446937,80.50876160637324,28,
96,20,persistent_damage,recent_contact,8000,0.2,0.03,common,first,15.200000000000001,1.0,1.0000000000000002,82.05124567116764,28,
96,20,persistent_damage,recent_contact,8000,0.2,0.03,common,first,16.2,1.0,1.0000000000000002,81.61315929915438,32,
96,20,persistent_damage,recent_contact,8000,0.2,0.03,common,first,17.2,1.0,1.0000000000000002,83.26122491170528,32,
96,20,persistent_damage,recent_contact,8000,0.2,0.03,common,first,18.2,1.0,1.0000000000000002,83.00929417827065,36,
96,20,persistent_damage,recent_contact,8000,0.2,0.03,common,first,19.200000000000003,1.0,1.0000000000000002,84.71379919345618,36,
96,20,persistent_damage,recent_contact,8000,0.2,0.03,common,first,20.200000000000003,1.0,1.0000000000000002,84.50076190918591,40,
96,20,persistent_damage,recent_contact,8000,0.2,0.03,common,first,21.200000000000003,1.0,1.0000000000000002,86.2162451680739,40,
96,20,persistent_damage,recent_contact,8000,0.2,0.03,common,first,22.200000000000003,1.0,1.0000000000000002,86.0093891693208,44,
96,20,persistent_damage,recent_contact,8000,0.2,0.03,common,first,23.200000000000003,1.0,1.0000000000000002,87.72865679517442,44,
96,20,persistent_damage,recent_contact,8000,0.2,0.03,common,first,24.200000000000003,1.0,1.0000000000000002,87.52596761892453,48,
96,20,persistent_damage,recent_contact,8000,0.2,0.03,common,first,25.200000000000003,1.0,1.0000000000000002,89.24570574897683,48,
96,20,persistent_damage,recent_contact,8000,0.2,0.03,common,first,26.200000000000003,1.0,1.0000000000000002,89.05349721176628,52,
96,20,persistent_damage,recent_contact,8000,0.2,0.03,common,first,27.200000000000003,1.0,1.0000000000000002,90.79544387902507,52,
96,20,persistent_damage,recent_contact,8000,0.2,0.03,common,first,28.200000000000003,1.0,1.0000000000000002,90.61288431596739,56,
96,20,persistent_damage,recent_contact,8000,0.2,0.03,common,first,29.200000000000003,1.0,1.0000000000000002,92.35444345420169,56,
96,20,persistent_damage,recent_contact,8000,0.2,0.03,common,first,30.200000000000003,1.0,1.0000000000000002,92.17248904970774,60,
96,20,persistent_damage,recent_contact,8000,0.2,0.03,common,first,31.200000000000003,1.0,1.0000000000000002,93.91593023014127,60,
96,20,persistent_damage,recent_contact,8000,0.2,0.03,common,first,32.2,1.0,1.0000000000000002,93.73260140208785,64,
96,20,persistent_damage,recent_contact,8000,0.2,0.03,common,first,33.2,1.0,1.0000000000000002,95.48168732790212,64,
96,20,persistent_damage,recent_contact,8000,0.2,0.03,common,first,34.2,1.0,1.0000000000000002,95.30688358031912,68,
96,20,persistent_damage,recent_contact,8000,0.2,0.03,common,first,35.2,1.0,1.0000000000000002,97.05674246415805,68,
96,20,persistent_damage,recent_contact,8000,0.2,0.03,common,first,36.2,1.0,1.0000000000000002,96.88047820407971,72,
96,20,persistent_damage,recent_contact,8000,0.2,0.03,common,first,37.2,1.0,1.0000000000000002,98.62984081204085,72,
96,20,persistent_damage,recent_contact,8000,0.2,0.03,common,first,38.2,1.0,1.0000000000000002,98.44581566088593,76,
96,20,persistent_damage,recent_contact,8000,0.2,0.03,common,first,39.2,1.0,1.0000000000000002,100.18713173473284,76,
96,20,persistent_damage,recent_contact,8000,0.2,0.03,common,first,40.2,1.0,1.0000000000000002,99.07015291066148,80,
96,20,persistent_damage,recent_contact,8000,0.2,0.03,common,first,41.2,1.0,1.0000000000000002,94.7589211003434,80,
96,20,persistent_damage,recent_contact,8000,0.2,0.03,common,first,42.2,1.0,1.0000000000000002,87.9533888905534,84,
96,20,persistent_damage,recent_contact,8000,0.2,0.03,common,first,43.2,1.0,1.0000000000000002,83.48282505601415,84,
96,20,persistent_damage,recent_contact,8000,0.2,0.03,common,first,44.2,1.0,1.0000000000000002,76.83613678270866,88,
96,20,persistent_damage,recent_contact,8000,0.2,0.03,common,first,45.2,1.0,1.0000000000000002,72.13505505426511,88,
96,20,persistent_damage,recent_contact,8000,0.2,0.03,common,first,46.2,1.0,1.0000000000000002,65.49267484655152,92,
96,20,persistent_damage,recent_contact,8000,0.2,0.03,common,first,47.2,1.0,1.0000000000000002,61.148209667978264,92,
96,20,persistent_damage,recent_contact,8000,0.2,0.03,common,first,48.2,1.0,1.0000000000000002,54.72432054167683,96,
96,20,persistent_damage,recent_contact,8000,0.2,0.03,common,first,49.2,1.0,1.0000000000000002,50.671549899510055,96,
96,20,persistent_damage,recent_contact,8000,0.2,0.03,common,first,50.2,1.0,1.0000000000000002,44.49650066502083,100,
96,20,persistent_damage,recent_contact,8000,0.2,0.03,common,first,51.2,1.0,1.0000000000000002,40.321100213159255,100,
96,20,persistent_damage,recent_contact,8000,0.2,0.03,common,first,52.2,0.6668758144365825,0.9952545814829119,34.42202762196446,104,
96,20,persistent_damage,recent_contact,8000,0.2,0.03,common,first,53.2,0.429567156140949,0.9886472182826503,31.151154486073928,104,
96,20,persistent_damage,recent_contact,8000,0.2,0.03,common,first,54.2,0.27755798978966323,0.9749226421045535,26.233368103477574,108,
96,20,persistent_damage,recent_contact,8000,0.2,0.03,common,first,55.2,0.08857385859139322,0.9564831650293733,24.086050025183056,108,
96,20,persistent_damage,recent_contact,8000,0.2,0.03,common,first,56.2,0.06478676569610592,0.9331175886291418,20.337299942092148,112,
96,20,persistent_damage,recent_contact,8000,0.2,0.03,common,first,57.2,0.04040855103324334,0.8996078382196734,19.242458738935245,112,
96,20,persistent_damage,recent_contact,8000,0.2,0.03,common,first,58.2,0.02613193614255704,0.8843084903127167,16.52158396901183,116,
96,20,persistent_damage,recent_contact,8000,0.2,0.03,common,first,59.2,0.009352043580718056,0.8450627082502266,16.031910787408066,116,
96,20,persistent_damage,recent_contact,8000,0.2,0.03,common,first,60.2,0.0,0.8331593449437013,13.869820633788475,120,
96,20,persistent_damage,recent_contact,8000,0.2,0.03,common,first,61.2,0.0011574703305967696,0.8237108867550359,14.264914296232542,120,
96,20,persistent_damage,recent_contact,8000,0.2,0.03,common,first,62.2,0.009209272356231047,0.8126500841831291,12.821301089574657,124,
96,20,persistent_damage,recent_contact,8000,0.2,0.03,common,first,63.2,0.0,0.815032673133761,13.864289454872305,124,
96,20,persistent_damage,recent_contact,8000,0.2,0.03,common,first,64.2,0.0,0.8260247775241187,12.764431250498017,128,
96,20,persistent_damage,recent_contact,8000,0.2,0.03,common,first,65.2,0.0,0.8356350637204444,13.761572596846303,128,
96,20,persistent_damage,recent_contact,8000,0.2,0.03,common,first,66.2,0.007622914520531277,0.8443213580129613,12.653171282248156,132,
96,20,persistent_damage,recent_contact,8000,0.2,0.03,common,first,67.2,0.0,0.8399169236246108,13.77338032439037,132,
96,20,persistent_damage,recent_contact,8000,0.2,0.03,common,first,68.2,0.006336086360304163,0.8291118097385735,12.882164402242509,136,
96,20,persistent_damage,recent_contact,8000,0.2,0.03,common,first,69.2,0.0,0.8405182007222124,14.269011705145456,136,
96,20,persistent_damage,recent_contact,8000,0.2,0.03,common,first,70.2,0.07101318396403214,0.8472686863690918,13.50092973111884,140,
96,20,persistent_damage,recent_contact,8000,0.2,0.03,common,first,71.2,0.06396136878291915,0.8620501601671874,14.727412517791258,140,
96,20,persistent_damage,recent_contact,8000,0.2,0.03,common,first,72.2,0.0,0.8541737529460772,13.824687858278136,144,
96,20,persistent_damage,recent_contact,8000,0.2,0.03,common,first,73.2,0.0,0.8562118587129125,14.989558607602454,144,
96,20,persistent_damage,recent_contact,8000,0.2,0.03,common,first,74.2,0.0,0.8607123055620755,14.081448550444554,148,
96,20,persistent_damage,recent_contact,8000,0.2,0.03,common,first,75.2,0.0,0.8600544656602537,15.183995553933253,148,
96,20,persistent_damage,recent_contact,8000,0.2,0.03,common,first,76.2,0.0,0.8616588753216519,14.210620640708868,152,
96,20,persistent_damage,recent_contact,8000,0.2,0.03,common,first,77.2,0.0,0.8661347144388245,15.331997792688602,152,
96,20,persistent_damage,recent_contact,8000,0.2,0.03,common,first,78.2,0.0,0.8850475252051863,14.341187103278902,156,
96,20,persistent_damage,recent_contact,8000,0.2,0.03,common,first,79.2,0.07148008138095226,0.8946280161601572,15.441621858212764,156,
96,20,persistent_damage,recent_contact,8000,0.2,0.03,common,first,80.2,0.08936322781219168,0.8985111199290389,14.366067842108496,160,
96,20,persistent_damage,recent_contact,8000,0.2,0.03,common,first,81.2,0.07723097056267694,0.8883519650316464,15.305238808757498,160,
96,20,persistent_damage,recent_contact,8000,0.2,0.03,common,first,82.2,0.11435931866095599,0.9026165209857034,14.181746047804555,164,
96,20,persistent_damage,recent_contact,8000,0.2,0.03,common,first,83.2,0.14685263343650815,0.8931677684386365,15.192012987590772,164,
96,20,persistent_damage,recent_contact,8000,0.2,0.03,common,first,84.2,0.1635751245548845,0.9003562183056478,14.215814919815891,168,
96,20,persistent_damage,recent_contact,8000,0.2,0.03,common,first,85.2,0.15109673386086478,0.9018101360992877,15.625627860998348,168,
96,20,persistent_damage,recent_contact,8000,0.2,0.03,common,first,86.2,0.20505971065776257,0.9164019183766424,14.927859505922765,172,
96,20,persistent_damage,recent_contact,8000,0.2,0.03,common,first,87.2,0.19782531582806281,0.9141549505482088,16.354532218442586,172,
96,20,persistent_damage,recent_contact,8000,0.2,0.03,common,first,88.2,0.27029070971612884,0.9260926051377243,15.733653011656344,176,
96,20,persistent_damage,recent_contact,8000,0.2,0.03,common,first,89.2,0.22995562594910912,0.9071317237149422,17.55588711360876,176,
96,20,persistent_damage,recent_contact,8000,0.2,0.03,common,first,90.2,0.2570067086372488,0.9194191345901934,17.322764707691633,180,
96,20,persistent_damage,recent_contact,8000,0.2,0.03,common,first,91.2,0.23995823840030728,0.9162658713211802,19.36024409163425,180,
96,20,persistent_damage,recent_contact,8000,0.2,0.03,common,first,92.2,0.2778747641555413,0.9356764762233717,19.265274283787214,184,
96,20,persistent_damage,recent_contact,8000,0.2,0.03,common,first,93.2,0.2044057993427605,0.9381358298885681,21.231728192328045,184,
96,20,persistent_damage,recent_contact,8000,0.2,0.03,common,first,94.2,0.1750571119239369,0.9579306912833357,21.06977669641958,188,
96,20,persistent_damage,recent_contact,8000,0.2,0.03,common,first,95.2,0.15249174438243837,0.9568575014264411,22.793129072072112,188,
96,20,persistent_damage,recent_contact,8000,0.2,0.03,common,first,96.2,0.21653792657257037,0.9682923810095015,22.458529959240806,192,
96,20,persistent_damage,recent_contact,8000,0.2,0.03,common,first,97.2,0.2313309005333746,0.9645619090313063,24.020718165635635,192,
96,20,persistent_damage,recent_contact,8000,0.2,0.03,common,first,98.2,0.28586841958597003,0.9720695840391504,23.495118894544248,196,
96,20,persistent_damage,recent_contact,8000,0.2,0.03,common,first,99.2,0.2830590985969718,0.970199617567099,24.506668354711806,196,
96,20,persistent_damage,recent_contact,8000,0.2,0.03,common,first,100.2,0.3286443358972635,0.9781007707393032,23.557315209538146,200,
96,20,persistent_damage,recent_contact,8000,0.2,0.03,common,first,101.2,0.36705204062374225,0.9693049968259853,24.583045375297733,200,
96,20,persistent_damage,recent_contact,8000,0.2,0.03,common,first,102.2,0.5985199039304393,0.9826407884885605,23.650705238699892,204,
96,20,persistent_damage,recent_contact,8000,0.2,0.03,common,first,103.2,0.5200825103723213,0.9816003112289443,24.802814209698973,204,
96,20,persistent_damage,recent_contact,8000,0.2,0.03,common,first,104.2,0.5968841183821983,0.9850031042475333,23.971124183042637,208,
96,20,persistent_damage,recent_contact,8000,0.2,0.03,common,first,105.2,0.36320530260984285,0.9746034135176914,24.9964866287784,208,
96,20,persistent_damage,recent_contact,8000,0.2,0.03,common,first,106.2,0.3619636314158245,0.9769793332391691,24.06630925676238,212,
96,20,persistent_damage,recent_contact,8000,0.2,0.03,common,first,107.2,0.2545405803003458,0.9633098669244049,25.125792261000974,212,
96,20,persistent_damage,recent_contact,8000,0.2,0.03,common,first,108.2,0.37842174434819803,0.972939426395132,24.308763626171878,216,
96,20,persistent_damage,recent_contact,8000,0.2,0.03,common,first,109.2,0.39498223413373795,0.9690661432337238,25.60126898754268,216,
96,20,persistent_damage,recent_contact,8000,0.2,0.03,common,first,110.2,0.46709141642015833,0.9866140930944448,24.912908039921582,220,
96,20,persistent_damage,recent_contact,8000,0.2,0.03,common,first,111.2,0.4503061222988026,0.9812497185272789,26.210705477233176,220,
96,20,persistent_damage,recent_contact,8000,0.2,0.03,common,first,112.2,0.5037285025936108,0.9827984586558711,25.662762876561857,224,
96,20,persistent_damage,recent_contact,8000,0.2,0.03,common,first,113.2,0.48435211429745156,0.982333318452077,27.366023707491287,224,
96,20,persistent_damage,recent_contact,8000,0.2,0.03,common,first,114.2,0.44446746845762386,0.9821757976099532,27.06707598243725,228,
96,20,persistent_damage,recent_contact,8000,0.2,0.03,common,first,115.2,0.32854457633403855,0.9762472390178383,28.613073136710632,228,
96,20,persistent_damage,recent_contact,8000,0.2,0.03,common,first,116.2,0.3776730035364932,0.9761899016957557,28.236652621686503,232,
96,20,persistent_damage,recent_contact,8000,0.2,0.03,common,first,117.2,0.24346305272005409,0.9761570998620945,29.807636090858473,232,
96,20,persistent_damage,recent_contact,8000,0.2,0.03,common,first,118.2,0.21404696326642783,0.9877256628226029,29.446016869767213,236,
96,20,persistent_damage,recent_contact,8000,0.2,0.03,common,first,119.2,0.3163772395711445,0.9864046529397258,31.073372965719344,236,
96,20,persistent_damage,experience_swap,8000,0.2,0.03,common,first,0.2,1.0,1.0000000000000002,67.62141361096175,0,
96,20,persistent_damage,experience_swap,8000,0.2,0.03,common,first,1.2000000000000002,1.0,1.0000000000000002,69.59637492062518,0,
96,20,persistent_damage,experience_swap,8000,0.2,0.03,common,first,2.2,1.0,1.0000000000000002,69.59100551356175,4,
96,20,persistent_damage,experience_swap,8000,0.2,0.03,common,first,3.2,1.0,1.0000000000000002,71.46966847828652,4,
96,20,persistent_damage,experience_swap,8000,0.2,0.03,common,first,4.2,1.0,1.0000000000000002,71.39910946019606,8,
96,20,persistent_damage,experience_swap,8000,0.2,0.03,common,first,5.2,1.0,1.0000000000000002,73.21707005439185,8,
96,20,persistent_damage,experience_swap,8000,0.2,0.03,common,first,6.2,0.768651518693384,0.9968180481417357,73.10297555642576,12,
96,20,persistent_damage,experience_swap,8000,0.2,0.03,common,first,7.2,1.0,1.0000000000000002,74.87707981369174,12,
96,20,persistent_damage,experience_swap,8000,0.2,0.03,common,first,8.200000000000001,1.0,1.0000000000000002,74.64468391179297,16,
96,20,persistent_damage,experience_swap,8000,0.2,0.03,common,first,9.200000000000001,1.0,1.0000000000000002,76.20049761693392,16,
96,20,persistent_damage,experience_swap,8000,0.2,0.03,common,first,10.200000000000001,1.0,1.0000000000000002,75.70797181205444,20,
96,20,persistent_damage,experience_swap,8000,0.2,0.03,common,first,11.200000000000001,1.0,1.0000000000000002,77.0183526081226,20,
96,20,persistent_damage,experience_swap,8000,0.2,0.03,common,first,12.200000000000001,1.0,1.0000000000000002,76.34371472888441,24,
96,20,persistent_damage,experience_swap,8000,0.2,0.03,common,first,13.200000000000001,1.0,1.0000000000000002,77.80448368571246,24,
96,20,persistent_damage,experience_swap,8000,0.2,0.03,common,first,14.200000000000001,1.0,1.0000000000000002,77.45574830966464,28,
96,20,persistent_damage,experience_swap,8000,0.2,0.03,common,first,15.200000000000001,1.0,1.0000000000000002,79.0930344227328,28,
96,20,persistent_damage,experience_swap,8000,0.2,0.03,common,first,16.2,1.0,1.0000000000000002,78.7696354742317,32,
96,20,persistent_damage,experience_swap,8000,0.2,0.03,common,first,17.2,1.0,1.0000000000000002,80.48417676333794,32,
96,20,persistent_damage,experience_swap,8000,0.2,0.03,common,first,18.2,1.0,1.0000000000000002,80.29469640930799,36,
96,20,persistent_damage,experience_swap,8000,0.2,0.03,common,first,19.200000000000003,1.0,1.0000000000000002,82.03197534516042,36,
96,20,persistent_damage,experience_swap,8000,0.2,0.03,common,first,20.200000000000003,1.0,1.0000000000000002,81.8477341282599,40,
96,20,persistent_damage,experience_swap,8000,0.2,0.03,common,first,21.200000000000003,1.0,1.0000000000000002,83.59192180593732,40,
96,20,persistent_damage,experience_swap,8000,0.2,0.03,common,first,22.200000000000003,1.0,1.0000000000000002,83.4160226725418,44,
96,20,persistent_damage,experience_swap,8000,0.2,0.03,common,first,23.200000000000003,1.0,1.0000000000000002,85.16459229980828,44,
96,20,persistent_damage,experience_swap,8000,0.2,0.03,common,first,24.200000000000003,1.0,1.0000000000000002,84.99226231985583,48,
96,20,persistent_damage,experience_swap,8000,0.2,0.03,common,first,25.200000000000003,1.0,1.0000000000000002,86.74936938911031,48,
96,20,persistent_damage,experience_swap,8000,0.2,0.03,common,first,26.200000000000003,1.0,1.0000000000000002,86.59261889780818,52,
96,20,persistent_damage,experience_swap,8000,0.2,0.03,common,first,27.200000000000003,1.0,1.0000000000000002,88.36562005761115,52,
96,20,persistent_damage,experience_swap,8000,0.2,0.03,common,first,28.200000000000003,1.0,1.0000000000000002,88.21676955225885,56,
96,20,persistent_damage,experience_swap,8000,0.2,0.03,common,first,29.200000000000003,1.0,1.0000000000000002,89.98772986119279,56,
96,20,persistent_damage,experience_swap,8000,0.2,0.03,common,first,30.200000000000003,1.0,1.0000000000000002,89.83902719946092,60,
96,20,persistent_damage,experience_swap,8000,0.2,0.03,common,first,31.200000000000003,1.0,1.0000000000000002,91.61818624315384,60,
96,20,persistent_damage,experience_swap,8000,0.2,0.03,common,first,32.2,1.0,1.0000000000000002,91.46707172004099,64,
96,20,persistent_damage,experience_swap,8000,0.2,0.03,common,first,33.2,1.0,1.0000000000000002,93.23351330492777,64,
96,20,persistent_damage,experience_swap,8000,0.2,0.03,common,first,34.2,1.0,1.0000000000000002,93.08363603979919,68,
96,20,persistent_damage,experience_swap,8000,0.2,0.03,common,first,35.2,1.0,1.0000000000000002,94.85794468721055,68,
96,20,persistent_damage,experience_swap,8000,0.2,0.03,common,first,36.2,1.0,1.0000000000000002,94.7018571313083,72,
96,20,persistent_damage,experience_swap,8000,0.2,0.03,common,first,37.2,1.0,1.0000000000000002,96.46401356910613,72,
96,20,persistent_damage,experience_swap,8000,0.2,0.03,common,first,38.2,1.0,1.0000000000000002,96.30472862163117,76,
96,20,persistent_damage,experience_swap,8000,0.2,0.03,common,first,39.2,1.0,1.0000000000000002,98.06616269878104,76,
96,20,persistent_damage,experience_swap,8000,0.2,0.03,common,first,40.2,1.0,1.0000000000000002,97.04951692853084,80,
96,20,persistent_damage,experience_swap,8000,0.2,0.03,common,first,41.2,1.0,1.0000000000000002,92.90521064365075,80,
96,20,persistent_damage,experience_swap,8000,0.2,0.03,common,first,42.2,1.0,1.0000000000000002,86.27289271753457,84,
96,20,persistent_damage,experience_swap,8000,0.2,0.03,common,first,43.2,1.0,1.0000000000000002,81.74664446861716,84,
96,20,persistent_damage,experience_swap,8000,0.2,0.03,common,first,44.2,1.0,1.0000000000000002,75.13052143749519,88,
96,20,persistent_damage,experience_swap,8000,0.2,0.03,common,first,45.2,1.0,1.0000000000000002,70.99583755011001,88,
96,20,persistent_damage,experience_swap,8000,0.2,0.03,common,first,46.2,1.0,1.0000000000000002,65.00963337282624,92,
96,20,persistent_damage,experience_swap,8000,0.2,0.03,common,first,47.2,1.0,1.0000000000000002,61.71676843957587,92,
96,20,persistent_damage,experience_swap,8000,0.2,0.03,common,first,48.2,1.0,1.0000000000000002,56.49113789257363,96,
96,20,persistent_damage,experience_swap,8000,0.2,0.03,common,first,49.2,1.0,1.0000000000000002,53.70934512383546,96,
96,20,persistent_damage,experience_swap,8000,0.2,0.03,common,first,50.2,1.0,1.0000000000000002,48.79645491206816,100,
96,20,persistent_damage,experience_swap,8000,0.2,0.03,common,first,51.2,0.44960521879055815,0.9874996850894646,45.86148466286154,100,
96,20,persistent_damage,experience_swap,8000,0.2,0.03,common,first,52.2,0.2959811498712469,0.9853591925440276,41.29555047561058,104,
96,20,persistent_damage,experience_swap,8000,0.2,0.03,common,first,53.2,0.34748221854094063,0.9801490137183612,39.11498371139379,104,
96,20,persistent_damage,experience_swap,8000,0.2,0.03,common,first,54.2,0.2097739097482766,0.9715628755745197,35.12324160292194,108,
96,20,persistent_damage,experience_swap,8000,0.2,0.03,common,first,55.2,0.3266585607463612,0.9690270761093068,33.357058720703975,108,
96,20,persistent_damage,experience_swap,8000,0.2,0.03,common,first,56.2,0.2695954805183404,0.9652470504889896,29.799553561286565,112,
96,20,persistent_damage,experience_swap,8000,0.2,0.03,common,first,57.2,0.21837200291991238,0.9368935023773333,28.86045705486614,112,
96,20,persistent_damage,experience_swap,8000,0.2,0.03,common,first,58.2,0.16278192664985983,0.9250166504588246,26.16398025040074,116,
96,20,persistent_damage,experience_swap,8000,0.2,0.03,common,first,59.2,0.1305600858722254,0.9122465193651106,25.62079568101153,116,
96,20,persistent_damage,experience_swap,8000,0.2,0.03,common,first,60.2,0.11760382744008402,0.92597047639978,23.22359844219954,120,
96,20,persistent_damage,experience_swap,8000,0.2,0.03,common,first,61.2,0.08205723387707838,0.9281481878785609,22.850532772302408,120,
96,20,persistent_damage,experience_swap,8000,0.2,0.03,common,first,62.2,0.06554692121572271,0.9180896713829456,20.676191808991362,124,
96,20,persistent_damage,experience_swap,8000,0.2,0.03,common,first,63.2,0.03701543587600357,0.8884507275538117,21.085397432335938,124,
96,20,persistent_damage,experience_swap,8000,0.2,0.03,common,first,64.2,0.02722577860999044,0.8857634036069808,19.730200676415944,128,
96,20,persistent_damage,experience_swap,8000,0.2,0.03,common,first,65.2,0.005370969237302338,0.8824526860600447,20.736447163161795,128,
96,20,persistent_damage,experience_swap,8000,0.2,0.03,common,first,66.2,0.16549779604616865,0.908236988519746,19.689644844921666,132,
96,20,persistent_damage,experience_swap,8000,0.2,0.03,common,first,67.2,0.12260468914052554,0.9156066477580145,20.413228388912575,132,
96,20,persistent_damage,experience_swap,8000,0.2,0.03,common,first,68.2,0.1526674241061724,0.9168698112086612,19.18639361757302,136,
96,20,persistent_damage,experience_swap,8000,0.2,0.03,common,first,69.2,0.1323069678263679,0.9104807607436253,20.096156071548794,136,
96,20,persistent_damage,experience_swap,8000,0.2,0.03,common,first,70.2,0.1644389422917578,0.915419227001543,19.061842584767597,140,
96,20,persistent_damage,experience_swap,8000,0.2,0.03,common,first,71.2,0.1373366255067278,0.9141434890807001,20.11265899947221,140,
96,20,persistent_damage,experience_swap,8000,0.2,0.03,common,first,72.2,0.16667745333974482,0.9184987606705654,19.185997226572262,144,
96,20,persistent_damage,experience_swap,8000,0.2,0.03,common,first,73.2,0.031176661688891143,0.9055784854185767,20.616566169996837,144,
96,20,persistent_damage,experience_swap,8000,0.2,0.03,common,first,74.2,0.044366624452126045,0.9173369283864384,20.06680236822337,148,
96,20,persistent_damage,experience_swap,8000,0.2,0.03,common,first,75.2,0.03468497221875553,0.908700277774782,21.424992335667906,148,
96,20,persistent_damage,experience_swap,8000,0.2,0.03,common,first,76.2,0.03629764205180136,0.9342409260371793,20.758616629386445,152,
96,20,persistent_damage,experience_swap,8000,0.2,0.03,common,first,77.2,0.23110141264819156,0.9407966734133734,21.80950258068848,152,
96,20,persistent_damage,experience_swap,8000,0.2,0.03,common,first,78.2,0.2898524905216805,0.9516657996963128,20.841817220852683,156,
96,20,persistent_damage,experience_swap,8000,0.2,0.03,common,first,79.2,0.2646905081896904,0.9503118466326892,21.877671715563768,156,
96,20,persistent_damage,experience_swap,8000,0.2,0.03,common,first,80.2,0.1547484349623802,0.9495345763848091,21.002604356770213,160,
96,20,persistent_damage,experience_swap,8000,0.2,0.03,common,first,81.2,0.10515082228127902,0.9420988369821454,22.429632236404778,160,
96,20,persistent_damage,experience_swap,8000,0.2,0.03,common,first,82.2,0.09892712521081916,0.9576601503229193,21.865754351337543,164,
96,20,persistent_damage,experience_swap,8000,0.2,0.03,common,first,83.2,0.22686911792114087,0.9616550933367083,23.386715212581684,164,
96,20,persistent_damage,experience_swap,8000,0.2,0.03,common,first,84.2,0.2464244474151046,0.9689294911001911,22.820875522029436,168,
96,20,persistent_damage,experience_swap,8000,0.2,0.03,common,first,85.2,0.1645976989467326,0.951554326444252,24.030603998981476,168,
96,20,persistent_damage,experience_swap,8000,0.2,0.03,common,first,86.2,0.3425640857380871,0.9586215265981726,23.22069328833171,172,
96,20,persistent_damage,experience_swap,8000,0.2,0.03,common,first,87.2,0.2761009659827532,0.9420009221566077,24.245142405407563,172,
96,20,persistent_damage,experience_swap,8000,0.2,0.03,common,first,88.2,0.2660384424570168,0.9460083006004356,23.413118330675694,176,
96,20,persistent_damage,experience_swap,8000,0.2,0.03,common,first,89.2,0.25331907341485,0.9490617034417731,24.607805305821945,176,
96,20,persistent_damage,experience_swap,8000,0.2,0.03,common,first,90.2,0.255869003695507,0.9478415738470156,23.80255452145976,180,
96,20,persistent_damage,experience_swap,8000,0.2,0.03,common,first,91.2,0.20197526754965123,0.9429862109785203,25.172653083263206,180,
96,20,persistent_damage,experience_swap,8000,0.2,0.03,common,first,92.2,0.21036167497063155,0.9541979156038556,24.58210701138194,184,
96,20,persistent_damage,experience_swap,8000,0.2,0.03,common,first,93.2,0.2713690885283713,0.9561131642399101,25.871773907841806,184,
96,20,persistent_damage,experience_swap,8000,0.2,0.03,common,first,94.2,0.24132487653693352,0.9583945275973261,25.241962448699674,188,
96,20,persistent_damage,experience_swap,8000,0.2,0.03,common,first,95.2,0.2017564696205979,0.9596624242341161,26.541633902598676,188,
96,20,persistent_damage,experience_swap,8000,0.2,0.03,common,first,96.2,0.20376827005676182,0.9663106251399509,25.93782356007449,192,
96,20,persistent_damage,experience_swap,8000,0.2,0.03,common,first,97.2,0.2066045476856028,0.9654944023184865,27.54633115565894,192,
96,20,persistent_damage,experience_swap,8000,0.2,0.03,common,first,98.2,0.23016017043879472,0.9719105154885762,27.08878725694741,196,
96,20,persistent_damage,experience_swap,8000,0.2,0.03,common,first,99.2,0.2263422705931743,0.9745762649868432,28.466387539823458,196,
96,20,persistent_damage,experience_swap,8000,0.2,0.03,common,first,100.2,0.262426478580912,0.9775624503910176,27.837168388298625,200,
96,20,persistent_damage,experience_swap,8000,0.2,0.03,common,first,101.2,0.24409093990432343,0.966051815490095,28.823459405555173,200,
96,20,persistent_damage,experience_swap,8000,0.2,0.03,common,first,102.2,0.32958683066269123,0.9652591674491128,27.957284644083053,204,
96,20,persistent_damage,experience_swap,8000,0.2,0.03,common,first,103.2,0.2250876573912388,0.9577668994698965,29.19995075424643,204,
96,20,persistent_damage,experience_swap,8000,0.2,0.03,common,first,104.2,0.25297890144959473,0.9630019247764647,28.531857773376746,208,
96,20,persistent_damage,experience_swap,8000,0.2,0.03,common,first,105.2,0.38649610180370814,0.9681133795941225,29.999001406527526,208,
96,20,persistent_damage,experience_swap,8000,0.2,0.03,common,first,106.2,0.604239744491642,0.9776761127059741,29.36302162748418,212,
96,20,persistent_damage,experience_swap,8000,0.2,0.03,common,first,107.2,0.5075606610925298,0.963857020841428,30.30501168513824,212,
96,20,persistent_damage,experience_swap,8000,0.2,0.03,common,first,108.2,0.49977847606167297,0.9627137652830227,29.270389171454443,216,
96,20,persistent_damage,experience_swap,8000,0.2,0.03,common,first,109.2,0.5151987598359684,0.9601516768475393,30.114643661813975,216,
96,20,persistent_damage,experience_swap,8000,0.2,0.03,common,first,110.2,0.4050381741643759,0.9718181579362207,28.965083240205644,220,
96,20,persistent_damage,experience_swap,8000,0.2,0.03,common,first,111.2,0.3432898685336374,0.9728349752372044,29.765311532242013,220,
96,20,persistent_damage,experience_swap,8000,0.2,0.03,common,first,112.2,0.358880352202824,0.9742659065345437,28.580123449732646,224,
96,20,persistent_damage,experience_swap,8000,0.2,0.03,common,first,113.2,0.16719395784973679,0.9576705528764806,29.141935649975046,224,
96,20,persistent_damage,experience_swap,8000,0.2,0.03,common,first,114.2,0.018609270417403033,0.9641260632231429,27.916065019406403,228,
96,20,persistent_damage,experience_swap,8000,0.2,0.03,common,first,115.2,0.1449135029285822,0.9601371381158672,28.886448597842303,228,
96,20,persistent_damage,experience_swap,8000,0.2,0.03,common,first,116.2,0.18728303116776113,0.9615171361276927,27.91535307334186,232,
96,20,persistent_damage,experience_swap,8000,0.2,0.03,common,first,117.2,0.13405752208025398,0.954916781283044,28.851559981945762,232,
96,20,persistent_damage,experience_swap,8000,0.2,0.03,common,first,118.2,0.12136276799371695,0.9584757405317628,27.83642999671561,236,
96,20,persistent_damage,experience_swap,8000,0.2,0.03,common,first,119.2,0.1186171717480968,0.951799902668801,28.83324487224786,236,
96,20,temporary_damage,recent_contact,8000,0.2,0.03,common,first,0.2,1.0,1.0000000000000002,67.62141361096175,0,
96,20,temporary_damage,recent_contact,8000,0.2,0.03,common,first,1.2000000000000002,1.0,1.0000000000000002,69.59637492062518,0,
96,20,temporary_damage,recent_contact,8000,0.2,0.03,common,first,2.2,1.0,1.0000000000000002,69.59110285819504,4,
96,20,temporary_damage,recent_contact,8000,0.2,0.03,common,first,3.2,1.0,1.0000000000000002,71.4739638494761,4,
96,20,temporary_damage,recent_contact,8000,0.2,0.03,common,first,4.2,1.0,1.0000000000000002,71.40731024948153,8,
96,20,temporary_damage,recent_contact,8000,0.2,0.03,common,first,5.2,1.0,1.0000000000000002,73.24232256978819,8,
96,20,temporary_damage,recent_contact,8000,0.2,0.03,common,first,6.2,0.11108985627743033,0.96359280056548,73.36211944923076,12,
96,20,temporary_damage,recent_contact,8000,0.2,0.03,common,first,7.2,0.1461212227025134,0.9693879118532853,75.50127182186196,12,
96,20,temporary_damage,recent_contact,8000,0.2,0.03,common,first,8.200000000000001,0.2684922165613146,0.9732168275151273,75.51731289236756,16,
96,20,temporary_damage,recent_contact,8000,0.2,0.03,common,first,9.200000000000001,0.45815100428662237,0.9800400585770167,77.51190314005447,16,
96,20,temporary_damage,recent_contact,8000,0.2,0.03,common,first,10.200000000000001,0.45680575024794445,0.9845887559118736,77.43489119019222,20,
96,20,temporary_damage,recent_contact,8000,0.2,0.03,common,first,11.200000000000001,0.4416075114496215,0.9856206717540262,79.25604883866306,20,
96,20,temporary_damage,recent_contact,8000,0.2,0.03,common,first,12.200000000000001,0.44006742960603984,0.9866942128674688,79.05152565190673,24,
96,20,temporary_damage,recent_contact,8000,0.2,0.03,common,first,13.200000000000001,0.4366358835454085,0.9866588588442267,80.7832440913791,24,
96,20,temporary_damage,recent_contact,8000,0.2,0.03,common,first,14.200000000000001,0.4342279922424642,0.9875084142446937,80.50876160637324,28,
96,20,temporary_damage,recent_contact,8000,0.2,0.03,common,first,15.200000000000001,1.0,1.0000000000000002,82.05124567116764,28,
96,20,temporary_damage,recent_contact,8000,0.2,0.03,common,first,16.2,1.0,1.0000000000000002,81.61315929915438,32,
96,20,temporary_damage,recent_contact,8000,0.2,0.03,common,first,17.2,1.0,1.0000000000000002,83.26122491170528,32,
96,20,temporary_damage,recent_contact,8000,0.2,0.03,common,first,18.2,1.0,1.0000000000000002,83.00929417827065,36,
96,20,temporary_damage,recent_contact,8000,0.2,0.03,common,first,19.200000000000003,1.0,1.0000000000000002,84.71379919345618,36,
96,20,temporary_damage,recent_contact,8000,0.2,0.03,common,first,20.200000000000003,1.0,1.0000000000000002,84.50076190918591,40,
96,20,temporary_damage,recent_contact,8000,0.2,0.03,common,first,21.200000000000003,1.0,1.0000000000000002,86.2162451680739,40,
96,20,temporary_damage,recent_contact,8000,0.2,0.03,common,first,22.200000000000003,1.0,1.0000000000000002,86.0093891693208,44,
96,20,temporary_damage,recent_contact,8000,0.2,0.03,common,first,23.200000000000003,1.0,1.0000000000000002,87.72865679517442,44,
96,20,temporary_damage,recent_contact,8000,0.2,0.03,common,first,24.200000000000003,1.0,1.0000000000000002,87.52596761892453,48,
96,20,temporary_damage,recent_contact,8000,0.2,0.03,common,first,25.200000000000003,1.0,1.0000000000000002,89.24570574897683,48,
96,20,temporary_damage,recent_contact,8000,0.2,0.03,common,first,26.200000000000003,1.0,1.0000000000000002,89.05349721176628,52,
96,20,temporary_damage,recent_contact,8000,0.2,0.03,common,first,27.200000000000003,1.0,1.0000000000000002,90.79544387902507,52,
96,20,temporary_damage,recent_contact,8000,0.2,0.03,common,first,28.200000000000003,1.0,1.0000000000000002,90.61288431596739,56,
96,20,temporary_damage,recent_contact,8000,0.2,0.03,common,first,29.200000000000003,1.0,1.0000000000000002,92.35444345420169,56,
96,20,temporary_damage,recent_contact,8000,0.2,0.03,common,first,30.200000000000003,1.0,1.0000000000000002,92.17248904970774,60,
96,20,temporary_damage,recent_contact,8000,0.2,0.03,common,first,31.200000000000003,1.0,1.0000000000000002,93.91593023014127,60,
96,20,temporary_damage,recent_contact,8000,0.2,0.03,common,first,32.2,1.0,1.0000000000000002,93.73260140208785,64,
96,20,temporary_damage,recent_contact,8000,0.2,0.03,common,first,33.2,1.0,1.0000000000000002,95.48168732790212,64,
96,20,temporary_damage,recent_contact,8000,0.2,0.03,common,first,34.2,1.0,1.0000000000000002,95.30688358031912,68,
96,20,temporary_damage,recent_contact,8000,0.2,0.03,common,first,35.2,1.0,1.0000000000000002,97.05674246415805,68,
96,20,temporary_damage,recent_contact,8000,0.2,0.03,common,first,36.2,1.0,1.0000000000000002,96.88047820407971,72,
96,20,temporary_damage,recent_contact,8000,0.2,0.03,common,first,37.2,1.0,1.0000000000000002,98.62984081204085,72,
96,20,temporary_damage,recent_contact,8000,0.2,0.03,common,first,38.2,1.0,1.0000000000000002,98.44581566088593,76,
96,20,temporary_damage,recent_contact,8000,0.2,0.03,common,first,39.2,1.0,1.0000000000000002,100.18713173473284,76,
96,20,temporary_damage,recent_contact,8000,0.2,0.03,common,first,40.2,1.0,1.0000000000000002,99.07015291066148,80,
96,20,temporary_damage,recent_contact,8000,0.2,0.03,common,first,41.2,1.0,1.0000000000000002,94.7589211003434,80,
96,20,temporary_damage,recent_contact,8000,0.2,0.03,common,first,42.2,1.0,1.0000000000000002,87.9533888905534,84,
96,20,temporary_damage,recent_contact,8000,0.2,0.03,common,first,43.2,1.0,1.0000000000000002,83.48282505601415,84,
96,20,temporary_damage,recent_contact,8000,0.2,0.03,common,first,44.2,1.0,1.0000000000000002,76.83613678270866,88,
96,20,temporary_damage,recent_contact,8000,0.2,0.03,common,first,45.2,1.0,1.0000000000000002,72.13505505426511,88,
96,20,temporary_damage,recent_contact,8000,0.2,0.03,common,first,46.2,1.0,1.0000000000000002,65.49267484655152,92,
96,20,temporary_damage,recent_contact,8000,0.2,0.03,common,first,47.2,1.0,1.0000000000000002,61.148209667978264,92,
96,20,temporary_damage,recent_contact,8000,0.2,0.03,common,first,48.2,1.0,1.0000000000000002,54.72432054167683,96,
96,20,temporary_damage,recent_contact,8000,0.2,0.03,common,first,49.2,1.0,1.0000000000000002,50.671549899510055,96,
96,20,temporary_damage,recent_contact,8000,0.2,0.03,common,first,50.2,1.0,1.0000000000000002,44.49650066502083,100,
96,20,temporary_damage,recent_contact,8000,0.2,0.03,common,first,51.2,1.0,1.0000000000000002,40.321100213159255,100,
96,20,temporary_damage,recent_contact,8000,0.2,0.03,common,first,52.2,0.6668758144365825,0.9952545814829119,34.42202762196446,104,
96,20,temporary_damage,recent_contact,8000,0.2,0.03,common,first,53.2,0.429567156140949,0.9886472182826503,31.151154486073928,104,
96,20,temporary_damage,recent_contact,8000,0.2,0.03,common,first,54.2,0.27755798978966323,0.9749226421045535,26.233368103477574,108,
96,20,temporary_damage,recent_contact,8000,0.2,0.03,common,first,55.2,0.08857385859139322,0.9564831650293733,24.086050025183056,108,
96,20,temporary_damage,recent_contact,8000,0.2,0.03,common,first,56.2,0.06478676569610592,0.9331175886291418,20.337299942092148,112,
96,20,temporary_damage,recent_contact,8000,0.2,0.03,common,first,57.2,0.04040855103324334,0.8996078382196734,19.242458738935245,112,
96,20,temporary_damage,recent_contact,8000,0.2,0.03,common,first,58.2,0.02613193614255704,0.8843084903127167,16.52158396901183,116,
96,20,temporary_damage,recent_contact,8000,0.2,0.03,common,first,59.2,0.009352043580718056,0.8450627082502266,16.031910787408066,116,
96,20,temporary_damage,recent_contact,8000,0.2,0.03,common,first,60.2,0.0,0.8331593449437013,13.869820633788475,120,
96,20,temporary_damage,recent_contact,8000,0.2,0.03,common,first,61.2,0.0011574703305967696,0.8237108867550359,14.264914296232542,120,
96,20,temporary_damage,recent_contact,8000,0.2,0.03,common,first,62.2,0.009209272356231047,0.8126500841831291,12.821301089574657,124,
96,20,temporary_damage,recent_contact,8000,0.2,0.03,common,first,63.2,0.0,0.815032673133761,13.864289454872305,124,
96,20,temporary_damage,recent_contact,8000,0.2,0.03,common,first,64.2,0.0,0.8260247775241187,12.764431250498017,128,
96,20,temporary_damage,recent_contact,8000,0.2,0.03,common,first,65.2,0.0,0.8356350637204444,13.761572596846303,128,
96,20,temporary_damage,recent_contact,8000,0.2,0.03,common,first,66.2,0.007622914520531277,0.8443213580129613,12.653171282248156,132,
96,20,temporary_damage,recent_contact,8000,0.2,0.03,common,first,67.2,0.0,0.8399169236246108,13.77338032439037,132,
96,20,temporary_damage,recent_contact,8000,0.2,0.03,common,first,68.2,0.006336086360304163,0.8291118097385735,12.882164402242509,136,
96,20,temporary_damage,recent_contact,8000,0.2,0.03,common,first,69.2,0.0,0.8405182007222124,14.269011705145456,136,
96,20,temporary_damage,recent_contact,8000,0.2,0.03,common,first,70.2,0.10838455541935593,0.906722311320632,13.809339634296816,140,
96,20,temporary_damage,recent_contact,8000,0.2,0.03,common,first,71.2,0.15192984628209238,0.939237956563718,16.636223407114795,140,
96,20,temporary_damage,recent_contact,8000,0.2,0.03,common,first,72.2,0.16643904505996615,0.9525382482397526,17.288517476532668,144,
96,20,temporary_damage,recent_contact,8000,0.2,0.03,common,first,73.2,0.22077842973884473,0.9661345218326618,19.7249404009875,144,
96,20,temporary_damage,recent_contact,8000,0.2,0.03,common,first,74.2,0.249172947817385,0.9736961425371722,20.11814202197513,148,
96,20,temporary_damage,recent_contact,8000,0.2,0.03,common,first,75.2,0.271098914030181,0.974694998893985,22.41430247540096,148,
96,20,temporary_damage,recent_contact,8000,0.2,0.03,common,first,76.2,0.4163174793374171,0.9876620832772771,22.695982217364406,152,
96,20,temporary_damage,recent_contact,8000,0.2,0.03,common,first,77.2,0.5692284006705023,0.9908915398872714,24.796675067829433,152,
96,20,temporary_damage,recent_contact,8000,0.2,0.03,common,first,78.2,0.7555428279519678,0.9962542355856713,24.907450969978825,156,
96,20,temporary_damage,recent_contact,8000,0.2,0.03,common,first,79.2,0.7710641037180621,0.9968041748952289,26.917014400444963,156,
96,20,temporary_damage,recent_contact,8000,0.2,0.03,common,first,80.2,0.9221357672067687,0.9989130561263408,26.97991038378997,160,
96,20,temporary_damage,recent_contact,8000,0.2,0.03,common,first,81.2,1.0,1.0000000000000002,28.94495120617133,160,
96,20,temporary_damage,recent_contact,8000,0.2,0.03,common,first,82.2,1.0,1.0000000000000002,28.9742322403943,164,
96,20,temporary_damage,recent_contact,8000,0.2,0.03,common,first,83.2,1.0,1.0000000000000002,30.928777517171568,164,
96,20,temporary_damage,recent_contact,8000,0.2,0.03,common,first,84.2,1.0,1.0000000000000002,30.9582509807978,168,
96,20,temporary_damage,recent_contact,8000,0.2,0.03,common,first,85.2,1.0,1.0000000000000002,32.910090554455515,168,
96,20,temporary_damage,recent_contact,8000,0.2,0.03,common,first,86.2,1.0,1.0000000000000002,32.92950057735298,172,
96,20,temporary_damage,recent_contact,8000,0.2,0.03,common,first,87.2,1.0,1.0000000000000002,34.8773151269468,172,
96,20,temporary_damage,recent_contact,8000,0.2,0.03,common,first,88.2,1.0,1.0000000000000002,34.8957975763865,176,
96,20,temporary_damage,recent_contact,8000,0.2,0.03,common,first,89.2,1.0,1.0000000000000002,36.846722431638455,176,
96,20,temporary_damage,recent_contact,8000,0.2,0.03,common,first,90.2,1.0,1.0000000000000002,36.86982591068891,180,
96,20,temporary_damage,recent_contact,8000,0.2,0.03,continue,quiet,91.2,1.0,1.0000000000000002,38.81532597757513,180,1.0
96,20,temporary_damage,recent_contact,8000,0.2,0.03,continue,quiet,92.2,1.0,1.0000000000000002,38.83838463757941,184,0.9583333333333334
96,20,temporary_damage,recent_contact,8000,0.2,0.03,continue,quiet,93.2,1.0,1.0000000000000002,40.78598150171509,184,0.9583333333333334
96,20,temporary_damage,recent_contact,8000,0.2,0.03,continue,quiet,94.2,1.0,1.0000000000000002,40.80387497441344,188,0.9166666666666666
96,20,temporary_damage,recent_contact,8000,0.2,0.03,continue,quiet,95.2,1.0,1.0000000000000002,42.740300738463034,188,0.9166666666666666
96,20,temporary_damage,recent_contact,8000,0.2,0.03,continue,quiet,96.2,1.0,1.0000000000000002,42.738399376051994,192,0.875
96,20,temporary_damage,recent_contact,8000,0.2,0.03,continue,quiet,97.2,1.0,1.0000000000000002,44.655651587027165,192,0.875
96,20,temporary_damage,recent_contact,8000,0.2,0.03,continue,quiet,98.2,1.0,1.0000000000000002,44.64032736922883,196,0.84375
96,20,temporary_damage,recent_contact,8000,0.2,0.03,continue,quiet,99.2,1.0,1.0000000000000002,46.548314149516145,196,0.84375
96,20,temporary_damage,recent_contact,8000,0.2,0.03,continue,quiet,100.2,1.0,1.0000000000000002,46.52609835600699,200,0.8125
96,20,temporary_damage,recent_contact,8000,0.2,0.03,continue,quiet,101.2,1.0,1.0000000000000002,48.43141946829028,200,0.8125
96,20,temporary_damage,recent_contact,8000,0.2,0.03,continue,quiet,102.2,1.0,1.0000000000000002,48.4072714084688,204,0.7760416666666666
96,20,temporary_damage,recent_contact,8000,0.2,0.03,continue,quiet,103.2,1.0,1.0000000000000002,50.30584177304958,204,0.7760416666666666
96,20,temporary_damage,recent_contact,8000,0.2,0.03,continue,quiet,104.2,1.0,1.0000000000000002,50.27335494399941,208,0.7447916666666666
96,20,temporary_damage,recent_contact,8000,0.2,0.03,continue,quiet,105.2,1.0,1.0000000000000002,52.161704508127926,208,0.7447916666666666
96,20,temporary_damage,recent_contact,8000,0.2,0.03,continue,quiet,106.2,1.0,1.0000000000000002,52.12047851351918,212,0.71875
96,20,temporary_damage,recent_contact,8000,0.2,0.03,continue,quiet,107.2,1.0,1.0000000000000002,54.009504623282545,212,0.71875
96,20,temporary_damage,recent_contact,8000,0.2,0.03,continue,quiet,108.2,1.0,1.0000000000000002,53.98235893197372,216,0.6822916666666666
96,20,temporary_damage,recent_contact,8000,0.2,0.03,continue,quiet,109.2,1.0,1.0000000000000002,55.880544041495675,216,0.6822916666666666
96,20,temporary_damage,recent_contact,8000,0.2,0.03,continue,quiet,110.2,1.0,1.0000000000000002,55.84179874848371,220,0.6614583333333334
96,20,temporary_damage,recent_contact,8000,0.2,0.03,continue,quiet,111.2,1.0,1.0000000000000002,57.72311027220684,220,0.6614583333333334
96,20,temporary_damage,recent_contact,8000,0.2,0.03,continue,quiet,112.2,1.0,1.0000000000000002,57.67850326256661,224,0.6302083333333334
96,20,temporary_damage,recent_contact,8000,0.2,0.03,continue,quiet,113.2,1.0,1.0000000000000002,59.55960881909747,224,0.6302083333333334
96,20,temporary_damage,recent_contact,8000,0.2,0.03,continue,quiet,114.2,1.0,1.0000000000000002,59.51096911014921,228,0.609375
96,20,temporary_damage,recent_contact,8000,0.2,0.03,continue,quiet,115.2,1.0,1.0000000000000002,61.38285307589193,228,0.609375
96,20,temporary_damage,recent_contact,8000,0.2,0.03,continue,quiet,116.2,1.0,1.0000000000000002,61.32257713462113,232,0.5989583333333334
96,20,temporary_damage,recent_contact,8000,0.2,0.03,continue,quiet,117.2,1.0,1.0000000000000002,63.18799707099214,232,0.5989583333333334
96,20,temporary_damage,recent_contact,8000,0.2,0.03,continue,quiet,118.2,1.0,1.0000000000000002,63.12747517210745,236,0.5833333333333334
96,20,temporary_damage,recent_contact,8000,0.2,0.03,continue,quiet,119.2,1.0,1.0000000000000002,64.98484883689932,236,0.5833333333333334
96,20,temporary_damage,recent_contact,8000,0.2,0.03,continue,quiet,120.2,1.0,1.0000000000000002,64.91769472655417,240,0.5677083333333334
96,20,temporary_damage,recent_contact,8000,0.2,0.03,continue,second,121.2,1.0,1.0000000000000002,62.500943570304926,240,0.5677083333333334
96,20,temporary_damage,recent_contact,8000,0.2,0.03,continue,second,122.2,1.0,1.0000000000000002,56.6775110544107,244,0.5364583333333334
96,20,temporary_damage,recent_contact,8000,0.2,0.03,continue,second,123.2,1.0,1.0000000000000002,53.073401311152125,244,0.5364583333333334
96,20,temporary_damage,recent_contact,8000,0.2,0.03,continue,second,124.2,1.0,1.0000000000000002,47.21197919983486,248,0.4947916666666667
96,20,temporary_damage,recent_contact,8000,0.2,0.03,continue,second,125.2,1.0,1.0000000000000002,43.20777494595746,248,0.4947916666666667
96,20,temporary_damage,recent_contact,8000,0.2,0.03,continue,second,126.2,0.42538857217435827,0.98540593874859,37.39155230807148,252,0.4635416666666667
96,20,temporary_damage,recent_contact,8000,0.2,0.03,continue,second,127.2,0.28103526864979017,0.9591059804225688,34.265279255588254,252,0.4635416666666667
96,20,temporary_damage,recent_contact,8000,0.2,0.03,continue,second,128.20000000000002,0.2590892558489014,0.947712198076338,29.712699955066554,256,0.4322916666666667
96,20,temporary_damage,recent_contact,8000,0.2,0.03,continue,second,129.20000000000002,0.23922250871632564,0.9411170476751339,27.57845639120825,256,0.4322916666666667
96,20,temporary_damage,recent_contact,8000,0.2,0.03,continue,second,130.20000000000002,0.010443161670486468,0.9421674777949335,23.826414432264336,260,0.4114583333333333
96,20,temporary_damage,recent_contact,8000,0.2,0.03,continue,second,131.20000000000002,0.0,0.912864550795507,22.935681674602318,260,0.4114583333333333
96,20,temporary_damage,recent_contact,8000,0.2,0.03,continue,second,132.20000000000002,0.0,0.9076244976021496,20.362629712481287,264,0.4166666666666667
96,20,temporary_damage,recent_contact,8000,0.2,0.03,continue,second,133.20000000000002,0.0,0.8965092585490558,20.119264309836637,264,0.4166666666666667
96,20,temporary_damage,recent_contact,8000,0.2,0.03,continue,second,134.20000000000002,0.0,0.9099685769199163,18.04018120164487,268,0.4010416666666667
96,20,temporary_damage,recent_contact,8000,0.2,0.03,continue,second,135.20000000000002,0.04081684981815778,0.8918101228725235,18.3298411356472,268,0.4010416666666667
96,20,temporary_damage,recent_contact,8000,0.2,0.03,continue,second,136.20000000000002,0.07932904104976557,0.8954159394659592,16.721381492001044,272,0.4010416666666667
96,20,temporary_damage,recent_contact,8000,0.2,0.03,continue,second,137.20000000000002,0.013360777535557988,0.8772909470870858,17.237938754783404,272,0.4010416666666667
96,20,temporary_damage,recent_contact,8000,0.2,0.03,continue,second,138.20000000000002,0.015064380368678921,0.8926079841851078,15.795661212581983,276,0.3854166666666667
96,20,temporary_damage,recent_contact,8000,0.2,0.03,continue,second,139.20000000000002,0.04853441746128477,0.8757065302705226,16.370507644972776,276,0.3854166666666667
96,20,temporary_damage,recent_contact,8000,0.2,0.03,continue,second,140.20000000000002,0.03113564925254057,0.8858225270217619,15.164891212084086,280,0.3854166666666667
96,20,temporary_damage,recent_contact,8000,0.2,0.03,continue,second,141.20000000000002,0.05193626811006159,0.8708365891025373,16.475667841500638,280,0.3854166666666667
96,20,temporary_damage,recent_contact,8000,0.2,0.03,continue,second,142.20000000000002,0.09660029868616567,0.8844930100897149,15.61650758006958,284,0.3697916666666667
96,20,temporary_damage,recent_contact,8000,0.2,0.03,continue,second,143.20000000000002,0.08533665547913456,0.8949233808789252,16.57722298806575,284,0.3697916666666667
96,20,temporary_damage,recent_contact,8000,0.2,0.03,continue,second,144.20000000000002,0.10428877362919493,0.903675674850223,15.551886754714344,288,0.359375
96,20,temporary_damage,recent_contact,8000,0.2,0.03,continue,second,145.20000000000002,0.12277363025515929,0.8894755968496177,16.645714246460837,288,0.359375
96,20,temporary_damage,recent_contact,8000,0.2,0.03,continue,second,146.20000000000002,0.15277625904968312,0.9112932554509299,15.679474535251817,292,0.3385416666666667
96,20,temporary_damage,recent_contact,8000,0.2,0.03,continue,second,147.20000000000002,0.1325844197559721,0.8887832647273249,16.756846244807345,292,0.3385416666666667
96,20,temporary_damage,recent_contact,8000,0.2,0.03,continue,second,148.20000000000002,0.151468825241749,0.8931189338424327,15.797673333961852,296,0.328125
96,20,temporary_damage,recent_contact,8000,0.2,0.03,continue,second,149.20000000000002,0.13225150575900418,0.8893981481107083,16.961701229229245,296,0.328125
96,20,temporary_damage,recent_contact,8000,0.2,0.03,continue,second,150.20000000000002,0.18619093081422686,0.9182229906696077,16.016435455204366,300,0.3125
96,20,temporary_damage,recent_contact,8000,0.2,0.03,continue,second,151.20000000000002,0.26166226509141144,0.9123723644663877,17.059943636676998,300,0.3125
96,20,temporary_damage,recent_contact,8000,0.2,0.03,continue,second,152.20000000000002,0.33186656096043426,0.9346585537172502,16.122627572539407,304,0.296875
96,20,temporary_damage,recent_contact,8000,0.2,0.03,continue,second,153.20000000000002,0.2986262103477862,0.9308600423634807,17.122968077432326,304,0.296875
96,20,temporary_damage,recent_contact,8000,0.2,0.03,continue,second,154.20000000000002,0.34897006465824865,0.9412168430919043,16.022116822805003,308,0.2916666666666667
96,20,temporary_damage,recent_contact,8000,0.2,0.03,continue,second,155.20000000000002,0.29018161674569104,0.9369967563683654,16.747907534350446,308,0.2916666666666667
96,20,temporary_damage,recent_contact,8000,0.2,0.03,continue,second,156.20000000000002,0.309580903302358,0.9515190027547996,15.506674983183753,312,0.28125
96,20,temporary_damage,recent_contact,8000,0.2,0.03,continue,second,157.20000000000002,0.25732522771008876,0.9310665610548688,16.41536184694744,312,0.28125
96,20,temporary_damage,recent_contact,8000,0.2,0.03,continue,second,158.20000000000002,0.2985163417666189,0.9368080982138599,15.414034790386905,316,0.28125
96,20,temporary_damage,recent_contact,8000,0.2,0.03,continue,second,159.20000000000002,0.2641509240894082,0.9191376945729816,16.665538272639164,316,0.28125
96,20,temporary_damage,recent_contact,8000,0.2,0.03,continue,second,160.20000000000002,0.2892676816345036,0.9240415794698702,15.910642830137231,320,0.2708333333333333
96,20,temporary_damage,recent_contact,8000,0.2,0.03,continue,second,161.20000000000002,0.25352867593589423,0.9197800840286174,17.413795154643093,320,0.2708333333333333
96,20,temporary_damage,recent_contact,8000,0.2,0.03,continue,second,162.20000000000002,0.3771357888106295,0.9487211377155079,16.84910693406342,324,0.2708333333333333
96,20,temporary_damage,recent_contact,8000,0.2,0.03,continue,second,163.20000000000002,0.1825725630862672,0.9336366585415026,18.27660117316489,324,0.2708333333333333
96,20,temporary_damage,recent_contact,8000,0.2,0.03,continue,second,164.20000000000002,0.12263110909004446,0.9511664441653787,17.652426823490302,328,0.2708333333333333
96,20,temporary_damage,recent_contact,8000,0.2,0.03,continue,second,165.20000000000002,0.07801099912983017,0.9473476142740032,19.089549605266242,328,0.2708333333333333
96,20,temporary_damage,recent_contact,8000,0.2,0.03,continue,second,166.20000000000002,0.08247439210156932,0.9625851807913803,18.531594435571883,332,0.2604166666666667
96,20,temporary_damage,recent_contact,8000,0.2,0.03,continue,second,167.20000000000002,0.0676254743915143,0.9732335390467468,19.856617098533974,332,0.2604166666666667
96,20,temporary_damage,recent_contact,8000,0.2,0.03,continue,second,168.20000000000002,0.1145915101106825,0.9808725300111858,19.159293983438516,336,0.24479166666666666
96,20,temporary_damage,recent_contact,8000,0.2,0.03,continue,second,169.20000000000002,0.0745262836488118,0.9790615249523655,20.506572316877936,336,0.24479166666666666
96,20,temporary_damage,recent_contact,8000,0.2,0.03,continue,second,170.20000000000002,0.0667071250721584,0.9751398939347261,19.834842541376332,340,0.22395833333333334
96,20,temporary_damage,recent_contact,8000,0.2,0.03,continue,second,171.20000000000002,0.06284396366731405,0.9666135703351351,21.133594969368044,340,0.22395833333333334
96,20,temporary_damage,recent_contact,8000,0.2,0.03,continue,second,172.20000000000002,0.07226408064785785,0.9698393650274478,20.52788612111287,344,0.22916666666666666
96,20,temporary_damage,recent_contact,8000,0.2,0.03,continue,second,173.20000000000002,0.0719160825085354,0.9673559764192017,21.86153044448192,344,0.22916666666666666
96,20,temporary_damage,recent_contact,8000,0.2,0.03,continue,second,174.20000000000002,0.07977376845473347,0.9700525175574212,21.23701851083961,348,0.21875
96,20,temporary_damage,recent_contact,8000,0.2,0.03,continue,second,175.20000000000002,0.0724446784548032,0.9723898319196153,22.639296776673607,348,0.21875
96,20,temporary_damage,recent_contact,8000,0.2,0.03,continue,second,176.20000000000002,0.07497232399208259,0.9776249978397133,22.013713991887663,352,0.22395833333333334
96,20,temporary_damage,recent_contact,8000,0.2,0.03,continue,second,177.20000000000002,0.16312645463964395,0.9791845842432197,23.2878766527292,352,0.22395833333333334
96,20,temporary_damage,recent_contact,8000,0.2,0.03,continue,second,178.20000000000002,0.20688517138564108,0.9823378411545425,22.61428124509665,356,0.20833333333333334
96,20,temporary_damage,recent_contact,8000,0.2,0.03,continue,second,179.20000000000002,0.2187874719159042,0.9846020928293078,23.97328623677796,356,0.20833333333333334
96,20,temporary_damage,recent_contact,8000,0.2,0.03,continue,second,180.20000000000002,0.831092853443122,0.9959538252733824,23.382629866098025,360,0.20833333333333334
96,20,temporary_damage,recent_contact,8000,0.2,0.03,pause,quiet,91.2,1.0,1.0000000000000002,38.81532597757513,180,1.0
96,20,temporary_damage,recent_contact,8000,0.2,0.03,pause,quiet,92.2,1.0,1.0000000000000002,40.74403639213868,180,1.0
96,20,temporary_damage,recent_contact,8000,0.2,0.03,pause,quiet,93.2,1.0,1.0000000000000002,42.66316010445121,180,1.0
96,20,temporary_damage,recent_contact,8000,0.2,0.03,pause,quiet,94.2,1.0,1.0000000000000002,44.57463404494341,180,1.0
96,20,temporary_damage,recent_contact,8000,0.2,0.03,pause,quiet,95.2,1.0,1.0000000000000002,46.479331408120785,180,1.0
96,20,temporary_damage,recent_contact,8000,0.2,0.03,pause,quiet,96.2,1.0,1.0000000000000002,48.377694724579925,180,1.0
96,20,temporary_damage,recent_contact,8000,0.2,0.03,pause,quiet,97.2,1.0,1.0000000000000002,50.26998493835662,180,1.0
96,20,temporary_damage,recent_contact,8000,0.2,0.03,pause,quiet,98.2,1.0,1.0000000000000002,52.15635955335581,180,1.0
96,20,temporary_damage,recent_contact,8000,0.2,0.03,pause,quiet,99.2,1.0,1.0000000000000002,54.036917504993,180,1.0
96,20,temporary_damage,recent_contact,8000,0.2,0.03,pause,quiet,100.2,1.0,1.0000000000000002,55.91172889680253,180,1.0
96,20,temporary_damage,recent_contact,8000,0.2,0.03,pause,quiet,101.2,1.0,1.0000000000000002,57.780846577568,180,1.0
96,20,temporary_damage,recent_contact,8000,0.2,0.03,pause,quiet,102.2,1.0,1.0000000000000002,59.64431136141353,180,1.0
96,20,temporary_damage,recent_contact,8000,0.2,0.03,pause,quiet,103.2,1.0,1.0000000000000002,61.50215631007134,180,1.0
96,20,temporary_damage,recent_contact,8000,0.2,0.03,pause,quiet,104.2,1.0,1.0000000000000002,63.354409361273134,180,1.0
96,20,temporary_damage,recent_contact,8000,0.2,0.03,pause,quiet,105.2,1.0,1.0000000000000002,65.20109499446666,180,1.0
96,20,temporary_damage,recent_contact,8000,0.2,0.03,pause,quiet,106.2,1.0,1.0000000000000002,67.0422353140731,180,1.0
96,20,temporary_damage,recent_contact,8000,0.2,0.03,pause,quiet,107.2,1.0,1.0000000000000002,68.87785076883804,180,1.0
96,20,temporary_damage,recent_contact,8000,0.2,0.03,pause,quiet,108.2,1.0,1.0000000000000002,70.70796063767209,180,1.0
96,20,temporary_damage,recent_contact,8000,0.2,0.03,pause,quiet,109.2,1.0,1.0000000000000002,72.53258336231363,180,1.0
96,20,temporary_damage,recent_contact,8000,0.2,0.03,pause,quiet,110.2,1.0,1.0000000000000002,74.35173677767115,180,1.0
96,20,temporary_damage,recent_contact,8000,0.2,0.03,pause,quiet,111.2,1.0,1.0000000000000002,76.1654382727865,180,1.0
96,20,temporary_damage,recent_contact,8000,0.2,0.03,pause,quiet,112.2,1.0,1.0000000000000002,77.97370490417126,180,1.0
96,20,temporary_damage,recent_contact,8000,0.2,0.03,pause,quiet,113.2,1.0,1.0000000000000002,79.77655347611267,180,1.0
96,20,temporary_damage,recent_contact,8000,0.2,0.03,pause,quiet,114.2,1.0,1.0000000000000002,81.57400059787665,180,1.0
96,20,temporary_damage,recent_contact,8000,0.2,0.03,pause,quiet,115.2,1.0,1.0000000000000002,83.36606272463786,180,1.0
96,20,temporary_damage,recent_contact,8000,0.2,0.03,pause,quiet,116.2,1.0,1.0000000000000002,85.1527561868798,180,1.0
96,20,temporary_damage,recent_contact,8000,0.2,0.03,pause,quiet,117.2,1.0,1.0000000000000002,86.93409721158568,180,1.0
96,20,temporary_damage,recent_contact,8000,0.2,0.03,pause,quiet,118.2,1.0,1.0000000000000002,88.71010193756031,180,1.0
96,20,temporary_damage,recent_contact,8000,0.2,0.03,pause,quiet,119.2,1.0,1.0000000000000002,90.48078642654195,180,1.0
96,20,temporary_damage,recent_contact,8000,0.2,0.03,pause,quiet,120.2,1.0,1.0000000000000002,92.24616667128521,180,1.0
96,20,temporary_damage,recent_contact,8000,0.2,0.03,pause,second,121.2,1.0,1.0000000000000002,89.8111122449815,180,1.0
96,20,temporary_damage,recent_contact,8000,0.2,0.03,pause,second,122.2,1.0,1.0000000000000002,84.02099074846824,184,0.9583333333333334
96,20,temporary_damage,recent_contact,8000,0.2,0.03,pause,second,123.2,1.0,1.0000000000000002,80.32900334764423,184,0.9583333333333334
96,20,temporary_damage,recent_contact,8000,0.2,0.03,pause,second,124.2,1.0,1.0000000000000002,74.53455103145953,188,0.921875
96,20,temporary_damage,recent_contact,8000,0.2,0.03,pause,second,125.2,1.0,1.0000000000000002,71.03494742944437,188,0.921875
96,20,temporary_damage,recent_contact,8000,0.2,0.03,pause,second,126.2,1.0,1.0000000000000002,65.62418773000746,192,0.8802083333333334
96,20,temporary_damage,recent_contact,8000,0.2,0.03,pause,second,127.2,1.0,1.0000000000000002,62.62549961848074,192,0.8802083333333334
96,20,temporary_damage,recent_contact,8000,0.2,0.03,pause,second,128.20000000000002,1.0,1.0000000000000002,57.63774435963535,196,0.8489583333333334
96,20,temporary_damage,recent_contact,8000,0.2,0.03,pause,second,129.20000000000002,1.0,1.0000000000000002,55.182888064565844,196,0.8489583333333334
96,20,temporary_damage,recent_contact,8000,0.2,0.03,pause,second,130.20000000000002,1.0,1.0000000000000002,50.865399394541356,200,0.8072916666666666
96,20,temporary_damage,recent_contact,8000,0.2,0.03,pause,second,131.20000000000002,1.0,1.0000000000000002,49.028856692680975,200,0.8072916666666666
96,20,temporary_damage,recent_contact,8000,0.2,0.03,pause,second,132.20000000000002,1.0,1.0000000000000002,45.23087137820416,204,0.7760416666666666
96,20,temporary_damage,recent_contact,8000,0.2,0.03,pause,second,133.20000000000002,1.0,1.0000000000000002,43.66834996734478,204,0.7760416666666666
96,20,temporary_damage,recent_contact,8000,0.2,0.03,pause,second,134.20000000000002,1.0,1.0000000000000002,40.12188381796368,208,0.75
96,20,temporary_damage,recent_contact,8000,0.2,0.03,pause,second,135.20000000000002,1.0,1.0000000000000002,38.62561936279458,208,0.75
96,20,temporary_damage,recent_contact,8000,0.2,0.03,pause,second,136.20000000000002,1.0,1.0000000000000002,35.38255349199782,212,0.71875
96,20,temporary_damage,recent_contact,8000,0.2,0.03,pause,second,137.20000000000002,1.0,1.0000000000000002,34.85842689387486,212,0.71875
96,20,temporary_damage,recent_contact,8000,0.2,0.03,pause,second,138.20000000000002,1.0,1.0000000000000002,32.33640623088337,216,0.6927083333333334
96,20,temporary_damage,recent_contact,8000,0.2,0.03,pause,second,139.20000000000002,0.6529366782288825,0.9949701075564683,31.740182927881847,216,0.6927083333333334
96,20,temporary_damage,recent_contact,8000,0.2,0.03,pause,second,140.20000000000002,0.6951863941876413,0.9955824209693576,29.346109164483654,220,0.6614583333333334
96,20,temporary_damage,recent_contact,8000,0.2,0.03,pause,second,141.20000000000002,0.6355710558874936,0.994718432409275,29.175051072659823,220,0.6614583333333334
96,20,temporary_damage,recent_contact,8000,0.2,0.03,pause,second,142.20000000000002,0.5779351310867406,0.9938831309399296,27.164572903877012,224,0.6354166666666666
96,20,temporary_damage,recent_contact,8000,0.2,0.03,pause,second,143.20000000000002,0.5078870432573747,0.9919574678359993,27.691280506419375,224,0.6354166666666666
96,20,temporary_damage,recent_contact,8000,0.2,0.03,pause,second,144.20000000000002,0.467021036256281,0.9907236937217421,26.195066205996124,228,0.5989583333333334
96,20,temporary_damage,recent_contact,8000,0.2,0.03,pause,second,145.20000000000002,0.36533477592728264,0.9855219224687646,26.500511078113554,228,0.5989583333333334
96,20,temporary_damage,recent_contact,8000,0.2,0.03,pause,second,146.20000000000002,0.3410475350641835,0.9844030101190232,24.879487349081693,232,0.5625
96,20,temporary_damage,recent_contact,8000,0.2,0.03,pause,second,147.20000000000002,0.30697021214451187,0.9797909211571757,25.325628202622497,232,0.5625
96,20,temporary_damage,recent_contact,8000,0.2,0.03,pause,second,148.20000000000002,0.32100043000994954,0.9820627193470196,23.920388475369542,236,0.53125
96,20,temporary_damage,recent_contact,8000,0.2,0.03,pause,second,149.20000000000002,0.30826111439419496,0.9769539511519764,24.641248104430325,236,0.53125
96,20,temporary_damage,recent_contact,8000,0.2,0.03,pause,second,150.20000000000002,0.4864478240113396,0.9891619140501481,23.464600751969513,240,0.5208333333333334
96,20,temporary_damage,recent_contact,8000,0.2,0.03,pause,second,151.20000000000002,0.5618199398999018,0.9889392079873105,24.429391337174735,240,0.5208333333333334
96,20,temporary_damage,recent_contact,8000,0.2,0.03,pause,second,152.20000000000002,0.5617724659000424,0.9913147467875977,23.422522402729232,244,0.5104166666666666
96,20,temporary_damage,recent_contact,8000,0.2,0.03,pause,second,153.20000000000002,0.4472939298121674,0.9875468804733384,24.24297342844635,244,0.5104166666666666
96,20,temporary_damage,recent_contact,8000,0.2,0.03,pause,second,154.20000000000002,0.7143708117766903,0.9924528665638086,23.161978458705917,248,0.4895833333333333
96,20,temporary_damage,recent_contact,8000,0.2,0.03,pause,second,155.20000000000002,0.7049000943212467,0.9904263601111856,24.173843694990865,248,0.4895833333333333
96,20,temporary_damage,recent_contact,8000,0.2,0.03,pause,second,156.20000000000002,0.7765073709473485,0.9957397228985984,23.116990548844107,252,0.4583333333333333
96,20,temporary_damage,recent_contact,8000,0.2,0.03,pause,second,157.20000000000002,0.8030136281760436,0.9973509794657268,23.742545624791962,252,0.4583333333333333
96,20,temporary_damage,recent_contact,8000,0.2,0.03,pause,second,158.20000000000002,0.7859652641490216,0.9971217175834697,22.494452558068723,256,0.4375
96,20,temporary_damage,recent_contact,8000,0.2,0.03,pause,second,159.20000000000002,0.7885674740756725,0.9956309400380192,23.178872228940968,256,0.4375
96,20,temporary_damage,recent_contact,8000,0.2,0.03,pause,second,160.20000000000002,0.7580788210389878,0.9954007702381011,21.863013489721684,260,0.4114583333333333
96,20,temporary_damage,recent_contact,8000,0.2,0.03,pause,second,161.20000000000002,0.6077877425773608,0.9858743190718549,22.353952142911346,260,0.4114583333333333
96,20,temporary_damage,recent_contact,8000,0.2,0.03,pause,second,162.20000000000002,0.6238126764971644,0.9803325144626999,21.00967723709234,264,0.40625
96,20,temporary_damage,recent_contact,8000,0.2,0.03,pause,second,163.20000000000002,0.5805574487808229,0.9728551117152042,21.72393880112587,264,0.40625
96,20,temporary_damage,recent_contact,8000,0.2,0.03,pause,second,164.20000000000002,0.5757412164999515,0.9718890638607152,20.485647463576917,268,0.40625
96,20,temporary_damage,recent_contact,8000,0.2,0.03,pause,second,165.20000000000002,0.5100246489491663,0.9693832150926981,21.232343305050073,268,0.40625
96,20,temporary_damage,recent_contact,8000,0.2,0.03,pause,second,166.20000000000002,0.3890337031792537,0.9745793083681131,20.04666304560161,272,0.3958333333333333
96,20,temporary_damage,recent_contact,8000,0.2,0.03,pause,second,167.20000000000002,0.4156428736096883,0.9769049618184367,20.850673613134887,272,0.3958333333333333
96,20,temporary_damage,recent_contact,8000,0.2,0.03,pause,second,168.20000000000002,0.20221540310413516,0.9807294987293484,19.69139726071372,276,0.3958333333333333
96,20,temporary_damage,recent_contact,8000,0.2,0.03,pause,second,169.20000000000002,0.15972630043834063,0.9751118463294081,20.67927112157662,276,0.3958333333333333
96,20,temporary_damage,recent_contact,8000,0.2,0.03,pause,second,170.20000000000002,0.16687521684388806,0.9765427958765222,19.74878671885299,280,0.3802083333333333
96,20,temporary_damage,recent_contact,8000,0.2,0.03,pause,second,171.20000000000002,0.15345640781867242,0.9603671577439188,20.977045902991442,280,0.3802083333333333
96,20,temporary_damage,recent_contact,8000,0.2,0.03,pause,second,172.20000000000002,0.1932615187150223,0.9593296456793611,20.322476188901987,284,0.359375
96,20,temporary_damage,recent_contact,8000,0.2,0.03,pause,second,173.20000000000002,0.17366796866505646,0.9596151445755301,21.53044538152018,284,0.359375
96,20,temporary_damage,recent_contact,8000,0.2,0.03,pause,second,174.20000000000002,0.1895467119179981,0.9635858197534155,20.73095612850298,288,0.3385416666666667
96,20,temporary_damage,recent_contact,8000,0.2,0.03,pause,second,175.20000000000002,0.19091676855858541,0.9590624852850885,21.800271785095322,288,0.3385416666666667
96,20,temporary_damage,recent_contact,8000,0.2,0.03,pause,second,176.20000000000002,0.23896868663070467,0.9605826303361893,20.93470640098581,292,0.328125
96,20,temporary_damage,recent_contact,8000,0.2,0.03,pause,second,177.20000000000002,0.21484763048005864,0.9577613988562419,21.955509256021024,292,0.328125
96,20,temporary_damage,recent_contact,8000,0.2,0.03,pause,second,178.20000000000002,0.22645664982025615,0.9613988402735623,21.03922427916078,296,0.3333333333333333
96,20,temporary_damage,recent_contact,8000,0.2,0.03,pause,second,179.20000000000002,0.15653515805014087,0.9572956584827331,22.248881460799108,296,0.3333333333333333
96,20,temporary_damage,recent_contact,8000,0.2,0.03,pause,second,180.20000000000002,0.17243045645883065,0.9690052093721347,21.42237482949362,300,0.328125
96,20,temporary_damage,experience_swap,8000,0.2,0.03,common,first,0.2,1.0,1.0000000000000002,67.62141361096175,0,
96,20,temporary_damage,experience_swap,8000,0.2,0.03,common,first,1.2000000000000002,1.0,1.0000000000000002,69.59637492062518,0,
96,20,temporary_damage,experience_swap,8000,0.2,0.03,common,first,2.2,1.0,1.0000000000000002,69.59100551356175,4,
96,20,temporary_damage,experience_swap,8000,0.2,0.03,common,first,3.2,1.0,1.0000000000000002,71.46966847828652,4,
96,20,temporary_damage,experience_swap,8000,0.2,0.03,common,first,4.2,1.0,1.0000000000000002,71.39910946019606,8,
96,20,temporary_damage,experience_swap,8000,0.2,0.03,common,first,5.2,1.0,1.0000000000000002,73.21707005439185,8,
96,20,temporary_damage,experience_swap,8000,0.2,0.03,common,first,6.2,0.768651518693384,0.9968180481417357,73.10297555642576,12,
96,20,temporary_damage,experience_swap,8000,0.2,0.03,common,first,7.2,1.0,1.0000000000000002,74.87707981369174,12,
96,20,temporary_damage,experience_swap,8000,0.2,0.03,common,first,8.200000000000001,1.0,1.0000000000000002,74.64468391179297,16,
96,20,temporary_damage,experience_swap,8000,0.2,0.03,common,first,9.200000000000001,1.0,1.0000000000000002,76.20049761693392,16,
96,20,temporary_damage,experience_swap,8000,0.2,0.03,common,first,10.200000000000001,1.0,1.0000000000000002,75.70797181205444,20,
96,20,temporary_damage,experience_swap,8000,0.2,0.03,common,first,11.200000000000001,1.0,1.0000000000000002,77.0183526081226,20,
96,20,temporary_damage,experience_swap,8000,0.2,0.03,common,first,12.200000000000001,1.0,1.0000000000000002,76.34371472888441,24,
96,20,temporary_damage,experience_swap,8000,0.2,0.03,common,first,13.200000000000001,1.0,1.0000000000000002,77.80448368571246,24,
96,20,temporary_damage,experience_swap,8000,0.2,0.03,common,first,14.200000000000001,1.0,1.0000000000000002,77.45574830966464,28,
96,20,temporary_damage,experience_swap,8000,0.2,0.03,common,first,15.200000000000001,1.0,1.0000000000000002,79.0930344227328,28,
96,20,temporary_damage,experience_swap,8000,0.2,0.03,common,first,16.2,1.0,1.0000000000000002,78.7696354742317,32,
96,20,temporary_damage,experience_swap,8000,0.2,0.03,common,first,17.2,1.0,1.0000000000000002,80.48417676333794,32,
96,20,temporary_damage,experience_swap,8000,0.2,0.03,common,first,18.2,1.0,1.0000000000000002,80.29469640930799,36,
96,20,temporary_damage,experience_swap,8000,0.2,0.03,common,first,19.200000000000003,1.0,1.0000000000000002,82.03197534516042,36,
96,20,temporary_damage,experience_swap,8000,0.2,0.03,common,first,20.200000000000003,1.0,1.0000000000000002,81.8477341282599,40,
96,20,temporary_damage,experience_swap,8000,0.2,0.03,common,first,21.200000000000003,1.0,1.0000000000000002,83.59192180593732,40,
96,20,temporary_damage,experience_swap,8000,0.2,0.03,common,first,22.200000000000003,1.0,1.0000000000000002,83.4160226725418,44,
96,20,temporary_damage,experience_swap,8000,0.2,0.03,common,first,23.200000000000003,1.0,1.0000000000000002,85.16459229980828,44,
96,20,temporary_damage,experience_swap,8000,0.2,0.03,common,first,24.200000000000003,1.0,1.0000000000000002,84.99226231985583,48,
96,20,temporary_damage,experience_swap,8000,0.2,0.03,common,first,25.200000000000003,1.0,1.0000000000000002,86.74936938911031,48,
96,20,temporary_damage,experience_swap,8000,0.2,0.03,common,first,26.200000000000003,1.0,1.0000000000000002,86.59261889780818,52,
96,20,temporary_damage,experience_swap,8000,0.2,0.03,common,first,27.200000000000003,1.0,1.0000000000000002,88.36562005761115,52,
96,20,temporary_damage,experience_swap,8000,0.2,0.03,common,first,28.200000000000003,1.0,1.0000000000000002,88.21676955225885,56,
96,20,temporary_damage,experience_swap,8000,0.2,0.03,common,first,29.200000000000003,1.0,1.0000000000000002,89.98772986119279,56,
96,20,temporary_damage,experience_swap,8000,0.2,0.03,common,first,30.200000000000003,1.0,1.0000000000000002,89.83902719946092,60,
96,20,temporary_damage,experience_swap,8000,0.2,0.03,common,first,31.200000000000003,1.0,1.0000000000000002,91.61818624315384,60,
96,20,temporary_damage,experience_swap,8000,0.2,0.03,common,first,32.2,1.0,1.0000000000000002,91.46707172004099,64,
96,20,temporary_damage,experience_swap,8000,0.2,0.03,common,first,33.2,1.0,1.0000000000000002,93.23351330492777,64,
96,20,temporary_damage,experience_swap,8000,0.2,0.03,common,first,34.2,1.0,1.0000000000000002,93.08363603979919,68,
96,20,temporary_damage,experience_swap,8000,0.2,0.03,common,first,35.2,1.0,1.0000000000000002,94.85794468721055,68,
96,20,temporary_damage,experience_swap,8000,0.2,0.03,common,first,36.2,1.0,1.0000000000000002,94.7018571313083,72,
96,20,temporary_damage,experience_swap,8000,0.2,0.03,common,first,37.2,1.0,1.0000000000000002,96.46401356910613,72,
96,20,temporary_damage,experience_swap,8000,0.2,0.03,common,first,38.2,1.0,1.0000000000000002,96.30472862163117,76,
96,20,temporary_damage,experience_swap,8000,0.2,0.03,common,first,39.2,1.0,1.0000000000000002,98.06616269878104,76,
96,20,temporary_damage,experience_swap,8000,0.2,0.03,common,first,40.2,1.0,1.0000000000000002,97.04951692853084,80,
96,20,temporary_damage,experience_swap,8000,0.2,0.03,common,first,41.2,1.0,1.0000000000000002,92.90521064365075,80,
96,20,temporary_damage,experience_swap,8000,0.2,0.03,common,first,42.2,1.0,1.0000000000000002,86.27289271753457,84,
96,20,temporary_damage,experience_swap,8000,0.2,0.03,common,first,43.2,1.0,1.0000000000000002,81.74664446861716,84,
96,20,temporary_damage,experience_swap,8000,0.2,0.03,common,first,44.2,1.0,1.0000000000000002,75.13052143749519,88,
96,20,temporary_damage,experience_swap,8000,0.2,0.03,common,first,45.2,1.0,1.0000000000000002,70.99583755011001,88,
96,20,temporary_damage,experience_swap,8000,0.2,0.03,common,first,46.2,1.0,1.0000000000000002,65.00963337282624,92,
96,20,temporary_damage,experience_swap,8000,0.2,0.03,common,first,47.2,1.0,1.0000000000000002,61.71676843957587,92,
96,20,temporary_damage,experience_swap,8000,0.2,0.03,common,first,48.2,1.0,1.0000000000000002,56.49113789257363,96,
96,20,temporary_damage,experience_swap,8000,0.2,0.03,common,first,49.2,1.0,1.0000000000000002,53.70934512383546,96,
96,20,temporary_damage,experience_swap,8000,0.2,0.03,common,first,50.2,1.0,1.0000000000000002,48.79645491206816,100,
96,20,temporary_damage,experience_swap,8000,0.2,0.03,common,first,51.2,0.44960521879055815,0.9874996850894646,45.86148466286154,100,
96,20,temporary_damage,experience_swap,8000,0.2,0.03,common,first,52.2,0.2959811498712469,0.9853591925440276,41.29555047561058,104,
96,20,temporary_damage,experience_swap,8000,0.2,0.03,common,first,53.2,0.34748221854094063,0.9801490137183612,39.11498371139379,104,
96,20,temporary_damage,experience_swap,8000,0.2,0.03,common,first,54.2,0.2097739097482766,0.9715628755745197,35.12324160292194,108,
96,20,temporary_damage,experience_swap,8000,0.2,0.03,common,first,55.2,0.3266585607463612,0.9690270761093068,33.357058720703975,108,
96,20,temporary_damage,experience_swap,8000,0.2,0.03,common,first,56.2,0.2695954805183404,0.9652470504889896,29.799553561286565,112,
96,20,temporary_damage,experience_swap,8000,0.2,0.03,common,first,57.2,0.21837200291991238,0.9368935023773333,28.86045705486614,112,
96,20,temporary_damage,experience_swap,8000,0.2,0.03,common,first,58.2,0.16278192664985983,0.9250166504588246,26.16398025040074,116,
96,20,temporary_damage,experience_swap,8000,0.2,0.03,common,first,59.2,0.1305600858722254,0.9122465193651106,25.62079568101153,116,
96,20,temporary_damage,experience_swap,8000,0.2,0.03,common,first,60.2,0.11760382744008402,0.92597047639978,23.22359844219954,120,
96,20,temporary_damage,experience_swap,8000,0.2,0.03,common,first,61.2,0.08205723387707838,0.9281481878785609,22.850532772302408,120,
96,20,temporary_damage,experience_swap,8000,0.2,0.03,common,first,62.2,0.06554692121572271,0.9180896713829456,20.676191808991362,124,
96,20,temporary_damage,experience_swap,8000,0.2,0.03,common,first,63.2,0.03701543587600357,0.8884507275538117,21.085397432335938,124,
96,20,temporary_damage,experience_swap,8000,0.2,0.03,common,first,64.2,0.02722577860999044,0.8857634036069808,19.730200676415944,128,
96,20,temporary_damage,experience_swap,8000,0.2,0.03,common,first,65.2,0.005370969237302338,0.8824526860600447,20.736447163161795,128,
96,20,temporary_damage,experience_swap,8000,0.2,0.03,common,first,66.2,0.16549779604616865,0.908236988519746,19.689644844921666,132,
96,20,temporary_damage,experience_swap,8000,0.2,0.03,common,first,67.2,0.12260468914052554,0.9156066477580145,20.413228388912575,132,
96,20,temporary_damage,experience_swap,8000,0.2,0.03,common,first,68.2,0.1526674241061724,0.9168698112086612,19.18639361757302,136,
96,20,temporary_damage,experience_swap,8000,0.2,0.03,common,first,69.2,0.1323069678263679,0.9104807607436253,20.096156071548794,136,
96,20,temporary_damage,experience_swap,8000,0.2,0.03,common,first,70.2,0.27691821265116173,0.959175529155137,19.310345446048885,140,
96,20,temporary_damage,experience_swap,8000,0.2,0.03,common,first,71.2,0.3885625632377391,0.9757388325876203,21.658684825736586,140,
96,20,temporary_damage,experience_swap,8000,0.2,0.03,common,first,72.2,0.592381957588129,0.9912595693153397,21.89067209451082,144,
96,20,temporary_damage,experience_swap,8000,0.2,0.03,common,first,73.2,0.6334036261502356,0.9946885465196398,23.944929931437798,144,
96,20,temporary_damage,experience_swap,8000,0.2,0.03,common,first,74.2,1.0,1.0000000000000002,24.034846289214617,148,
96,20,temporary_damage,experience_swap,8000,0.2,0.03,common,first,75.2,1.0,1.0000000000000002,26.01302837305466,148,
96,20,temporary_damage,experience_swap,8000,0.2,0.03,common,first,76.2,1.0,1.0000000000000002,26.06391135831244,152,
96,20,temporary_damage,experience_swap,8000,0.2,0.03,common,first,77.2,1.0,1.0000000000000002,28.033700786416365,152,
96,20,temporary_damage,experience_swap,8000,0.2,0.03,common,first,78.2,1.0,1.0000000000000002,28.075033042227354,156,
96,20,temporary_damage,experience_swap,8000,0.2,0.03,common,first,79.2,1.0,1.0000000000000002,30.040975543227503,156,
96,20,temporary_damage,experience_swap,8000,0.2,0.03,common,first,80.2,1.0,1.0000000000000002,30.082036210978835,160,
96,20,temporary_damage,experience_swap,8000,0.2,0.03,common,first,81.2,1.0,1.0000000000000002,32.0459197590539,160,
96,20,temporary_damage,experience_swap,8000,0.2,0.03,common,first,82.2,1.0,1.0000000000000002,32.07595041012745,164,
96,20,temporary_damage,experience_swap,8000,0.2,0.03,common,first,83.2,1.0,1.0000000000000002,34.02137294492083,164,
96,20,temporary_damage,experience_swap,8000,0.2,0.03,continue,quiet,84.2,1.0,1.0000000000000002,34.04182243286247,168,0.9635416666666666
96,20,temporary_damage,experience_swap,8000,0.2,0.03,continue,quiet,85.2,1.0,1.0000000000000002,35.986456712782626,168,0.9635416666666666
96,20,temporary_damage,experience_swap,8000,0.2,0.03,continue,quiet,86.2,1.0,1.0000000000000002,36.00166243454893,172,0.9270833333333334
96,20,temporary_damage,experience_swap,8000,0.2,0.03,continue,quiet,87.2,1.0,1.0000000000000002,37.94310001045781,172,0.9270833333333334
96,20,temporary_damage,experience_swap,8000,0.2,0.03,continue,quiet,88.2,1.0,1.0000000000000002,37.95568270831552,176,0.890625
96,20,temporary_damage,experience_swap,8000,0.2,0.03,continue,quiet,89.2,1.0,1.0000000000000002,39.89294229942148,176,0.890625
96,20,temporary_damage,experience_swap,8000,0.2,0.03,continue,quiet,90.2,1.0,1.0000000000000002,39.897450227042,180,0.8645833333333334
96,20,temporary_damage,experience_swap,8000,0.2,0.03,continue,quiet,91.2,1.0,1.0000000000000002,41.82479334724561,180,0.8645833333333334
96,20,temporary_damage,experience_swap,8000,0.2,0.03,continue,quiet,92.2,1.0,1.0000000000000002,41.82437828458123,184,0.84375
96,20,temporary_damage,experience_swap,8000,0.2,0.03,continue,quiet,93.2,1.0,1.0000000000000002,43.7437261729859,184,0.84375
96,20,temporary_damage,experience_swap,8000,0.2,0.03,continue,quiet,94.2,1.0,1.0000000000000002,43.73073872096087,188,0.8229166666666666
96,20,temporary_damage,experience_swap,8000,0.2,0.03,continue,quiet,95.2,1.0,1.0000000000000002,45.64039362479489,188,0.8229166666666666
96,20,temporary_damage,experience_swap,8000,0.2,0.03,continue,quiet,96.2,1.0,1.0000000000000002,45.617953676743106,192,0.796875
96,20,temporary_damage,experience_swap,8000,0.2,0.03,continue,quiet,97.2,1.0,1.0000000000000002,47.51434262275887,192,0.796875
96,20,temporary_damage,experience_swap,8000,0.2,0.03,continue,quiet,98.2,1.0,1.0000000000000002,47.47875987061357,196,0.7708333333333334
96,20,temporary_damage,experience_swap,8000,0.2,0.03,continue,quiet,99.2,1.0,1.0000000000000002,49.36160809161825,196,0.7708333333333334
96,20,temporary_damage,experience_swap,8000,0.2,0.03,continue,quiet,100.2,1.0,1.0000000000000002,49.31245016476001,200,0.7395833333333334
96,20,temporary_damage,experience_swap,8000,0.2,0.03,continue,quiet,101.2,1.0,1.0000000000000002,51.18897293152521,200,0.7395833333333334
96,20,temporary_damage,experience_swap,8000,0.2,0.03,continue,quiet,102.2,1.0,1.0000000000000002,51.144148145319676,204,0.7239583333333334
96,20,temporary_damage,experience_swap,8000,0.2,0.03,continue,quiet,103.2,1.0,1.0000000000000002,53.02613149184823,204,0.7239583333333334
96,20,temporary_damage,experience_swap,8000,0.2,0.03,continue,quiet,104.2,1.0,1.0000000000000002,52.99157208596606,208,0.703125
96,20,temporary_damage,experience_swap,8000,0.2,0.03,continue,quiet,105.2,1.0,1.0000000000000002,54.88587964126387,208,0.703125
96,20,temporary_damage,experience_swap,8000,0.2,0.03,continue,quiet,106.2,1.0,1.0000000000000002,54.85062854092287,212,0.6770833333333334
96,20,temporary_damage,experience_swap,8000,0.2,0.03,continue,quiet,107.2,1.0,1.0000000000000002,56.73335999009416,212,0.6770833333333334
96,20,temporary_damage,experience_swap,8000,0.2,0.03,continue,quiet,108.2,1.0,1.0000000000000002,56.69449776849876,216,0.6458333333333334
96,20,temporary_damage,experience_swap,8000,0.2,0.03,continue,quiet,109.2,1.0,1.0000000000000002,58.57872092633119,216,0.6458333333333334
96,20,temporary_damage,experience_swap,8000,0.2,0.03,continue,quiet,110.2,1.0,1.0000000000000002,58.54023128151927,220,0.625
96,20,temporary_damage,experience_swap,8000,0.2,0.03,continue,quiet,111.2,1.0,1.0000000000000002,60.42312668016386,220,0.625
96,20,temporary_damage,experience_swap,8000,0.2,0.03,continue,quiet,112.2,1.0,1.0000000000000002,60.38049171068579,224,0.609375
96,20,temporary_damage,experience_swap,8000,0.2,0.03,continue,quiet,113.2,1.0,1.0000000000000002,62.2642341166529,224,0.609375
96,20,temporary_damage,experience_swap,8000,0.2,0.03,continue,second,114.2,1.0,1.0000000000000002,61.358671688363685,228,0.5833333333333334
96,20,temporary_damage,experience_swap,8000,0.2,0.03,continue,second,115.2,1.0,1.0000000000000002,57.131798765596976,228,0.5833333333333334
96,20,temporary_damage,experience_swap,8000,0.2,0.03,continue,second,116.2,1.0,1.0000000000000002,50.53588142455432,232,0.5572916666666666
96,20,temporary_damage,experience_swap,8000,0.2,0.03,continue,second,117.2,1.0,1.0000000000000002,46.302573589420064,232,0.5572916666666666
96,20,temporary_damage,experience_swap,8000,0.2,0.03,continue,second,118.2,1.0,1.0000000000000002,40.0958128131535,236,0.5260416666666666
96,20,temporary_damage,experience_swap,8000,0.2,0.03,continue,second,119.2,0.6401748849419083,0.9950277354311436,36.447189148361446,236,0.5260416666666666
96,20,temporary_damage,experience_swap,8000,0.2,0.03,continue,second,120.2,0.3685577691574253,0.9869295432729933,30.906789532598175,240,0.4947916666666667
96,20,temporary_damage,experience_swap,8000,0.2,0.03,continue,second,121.2,0.2153261327558465,0.9772354785007673,27.671480165437735,240,0.4947916666666667
96,20,temporary_damage,experience_swap,8000,0.2,0.03,continue,second,122.2,0.09225696498866864,0.9699556462510637,22.807612036595238,244,0.46875
96,20,temporary_damage,experience_swap,8000,0.2,0.03,continue,second,123.2,0.31553835750409803,0.955016121777592,20.4633528710336,244,0.46875
96,20,temporary_damage,experience_swap,8000,0.2,0.03,continue,second,124.2,0.10410241814205146,0.9004704528128434,16.592074930156556,248,0.453125
96,20,temporary_damage,experience_swap,8000,0.2,0.03,continue,second,125.2,0.0003328878649874879,0.8449582824302523,15.769229916074186,248,0.453125
96,20,temporary_damage,experience_swap,8000,0.2,0.03,continue,second,126.2,0.017869240161578266,0.800612519070498,13.653291591177089,252,0.4270833333333333
96,20,temporary_damage,experience_swap,8000,0.2,0.03,continue,second,127.2,0.0,0.7747951104883767,14.326918469910858,252,0.4270833333333333
96,20,temporary_damage,experience_swap,8000,0.2,0.03,continue,second,128.20000000000002,0.0,0.7650731636974023,13.105541274944631,256,0.3958333333333333
96,20,temporary_damage,experience_swap,8000,0.2,0.03,continue,second,129.20000000000002,0.0,0.7713093033855127,14.312110671944367,256,0.3958333333333333
96,20,temporary_damage,experience_swap,8000,0.2,0.03,continue,second,130.20000000000002,0.0,0.7918278020541926,13.369448078937863,260,0.3802083333333333
96,20,temporary_damage,experience_swap,8000,0.2,0.03,continue,second,131.20000000000002,0.0,0.7919063755864914,14.423566424847962,260,0.3802083333333333
96,20,temporary_damage,experience_swap,8000,0.2,0.03,continue,second,132.20000000000002,0.0,0.8179331243881162,13.369930562328426,264,0.3697916666666667
96,20,temporary_damage,experience_swap,8000,0.2,0.03,continue,second,133.20000000000002,0.04019347434673708,0.816538818772484,14.53207587074029,264,0.3697916666666667
96,20,temporary_damage,experience_swap,8000,0.2,0.03,continue,second,134.20000000000002,0.04251504323905469,0.8349414636867347,13.555378039845214,268,0.359375
96,20,temporary_damage,experience_swap,8000,0.2,0.03,continue,second,135.20000000000002,0.0371894910165181,0.8450694034899435,14.59986764236838,268,0.359375
96,20,temporary_damage,experience_swap,8000,0.2,0.03,continue,second,136.20000000000002,0.04276069753598726,0.8468017705439237,13.550209601810275,272,0.359375
96,20,temporary_damage,experience_swap,8000,0.2,0.03,continue,second,137.20000000000002,0.03812867270883863,0.8413180109896204,14.849089167215741,272,0.359375
96,20,temporary_damage,experience_swap,8000,0.2,0.03,continue,second,138.20000000000002,0.0,0.8457775794226166,14.121920653416971,276,0.3489583333333333
96,20,temporary_damage,experience_swap,8000,0.2,0.03,continue,second,139.20000000000002,0.0,0.8329542798062305,16.011129664886646,276,0.3489583333333333
96,20,temporary_damage,experience_swap,8000,0.2,0.03,continue,second,140.20000000000002,0.0,0.8607452569499111,15.72072784585557,280,0.3385416666666667
96,20,temporary_damage,experience_swap,8000,0.2,0.03,continue,second,141.20000000000002,0.0,0.8759612562015621,17.32985371771403,280,0.3385416666666667
96,20,temporary_damage,experience_swap,8000,0.2,0.03,continue,second,142.20000000000002,0.07214545165980202,0.9043846029575207,16.754599709416993,284,0.3333333333333333
96,20,temporary_damage,experience_swap,8000,0.2,0.03,continue,second,143.20000000000002,0.18933999638709617,0.9095239791487728,18.015054788302713,284,0.3333333333333333
96,20,temporary_damage,experience_swap,8000,0.2,0.03,continue,second,144.20000000000002,0.2665300024087368,0.9168034935267285,17.13937375464293,288,0.3229166666666667
96,20,temporary_damage,experience_swap,8000,0.2,0.03,continue,second,145.20000000000002,0.19161738931137115,0.9151415359871929,18.065908347104443,288,0.3229166666666667
96,20,temporary_damage,experience_swap,8000,0.2,0.03,continue,second,146.20000000000002,0.35086412040413045,0.9297880951892997,16.997601322464956,292,0.3229166666666667
96,20,temporary_damage,experience_swap,8000,0.2,0.03,continue,second,147.20000000000002,0.27927455229719467,0.9236002435156784,17.94347615522709,292,0.3229166666666667
96,20,temporary_damage,experience_swap,8000,0.2,0.03,continue,second,148.20000000000002,0.29874127903485986,0.9357303763208774,16.914048354023716,296,0.328125
96,20,temporary_damage,experience_swap,8000,0.2,0.03,continue,second,149.20000000000002,0.030358117902791283,0.9261555989008992,18.178477230661727,296,0.328125
96,20,temporary_damage,experience_swap,8000,0.2,0.03,continue,second,150.20000000000002,0.022639407302299536,0.920987871397041,17.456399277939134,300,0.328125
96,20,temporary_damage,experience_swap,8000,0.2,0.03,continue,second,151.20000000000002,0.016070705944253846,0.9189470730533902,18.704002374319806,300,0.328125
96,20,temporary_damage,experience_swap,8000,0.2,0.03,continue,second,152.20000000000002,0.035811897686451176,0.9232784436418138,17.95908519788539,304,0.3229166666666667
96,20,temporary_damage,experience_swap,8000,0.2,0.03,continue,second,153.20000000000002,0.07356940152987014,0.9295816648802803,19.200400000846525,304,0.3229166666666667
96,20,temporary_damage,experience_swap,8000,0.2,0.03,continue,second,154.20000000000002,0.09164915522880608,0.9386998772505312,18.330321883106077,308,0.3020833333333333
96,20,temporary_damage,experience_swap,8000,0.2,0.03,continue,second,155.20000000000002,0.08249134472721532,0.9329490975534731,19.50090739164854,308,0.3020833333333333
96,20,temporary_damage,experience_swap,8000,0.2,0.03,continue,second,156.20000000000002,0.09841683006391666,0.9418534351105675,18.750195806459942,312,0.296875
96,20,temporary_damage,experience_swap,8000,0.2,0.03,continue,second,157.20000000000002,0.19520546761566332,0.9495332213973039,20.104002820925178,312,0.296875
96,20,temporary_damage,experience_swap,8000,0.2,0.03,continue,second,158.20000000000002,0.20951648694657715,0.9554849621020283,19.435200348271053,316,0.296875
96,20,temporary_damage,experience_swap,8000,0.2,0.03,continue,second,159.20000000000002,0.19482596452326714,0.952798691955361,20.753726251980602,316,0.296875
96,20,temporary_damage,experience_swap,8000,0.2,0.03,continue,second,160.20000000000002,0.22097170199958774,0.9585474123345836,20.09624769980991,320,0.3020833333333333
96,20,temporary_damage,experience_swap,8000,0.2,0.03,continue,second,161.20000000000002,0.19679650546222352,0.9546863196269119,21.532748730700995,320,0.3020833333333333
96,20,temporary_damage,experience_swap,8000,0.2,0.03,continue,second,162.20000000000002,0.2183645964598687,0.9583276149783959,20.91155528324497,324,0.3020833333333333
96,20,temporary_damage,experience_swap,8000,0.2,0.03,continue,second,163.20000000000002,0.10332537055064842,0.9498900957760805,22.143525372215112,324,0.3020833333333333
96,20,temporary_damage,experience_swap,8000,0.2,0.03,continue,second,164.20000000000002,0.08462243828004459,0.9584763844432547,21.41212825674228,328,0.2916666666666667
96,20,temporary_damage,experience_swap,8000,0.2,0.03,continue,second,165.20000000000002,0.06471178131484548,0.9426292142462126,22.80996281215122,328,0.2916666666666667
96,20,temporary_damage,experience_swap,8000,0.2,0.03,continue,second,166.20000000000002,0.41131743560737166,0.965297133823352,22.17099042452231,332,0.296875
96,20,temporary_damage,experience_swap,8000,0.2,0.03,continue,second,167.20000000000002,0.3053192911174448,0.9596599439273092,23.24676234506854,332,0.296875
96,20,temporary_damage,experience_swap,8000,0.2,0.03,continue,second,168.20000000000002,0.33693883550237136,0.9671538880224139,22.445667257864297,336,0.296875
96,20,temporary_damage,experience_swap,8000,0.2,0.03,continue,second,169.20000000000002,0.3238223262689598,0.9648286541918127,23.89075062413133,336,0.296875
96,20,temporary_damage,experience_swap,8000,0.2,0.03,continue,second,170.20000000000002,0.3663476642039172,0.9729199272456999,23.23588892127519,340,0.296875
96,20,temporary_damage,experience_swap,8000,0.2,0.03,continue,second,171.20000000000002,0.4742732142177932,0.9772869585168931,24.1654169850042,340,0.296875
96,20,temporary_damage,experience_swap,8000,0.2,0.03,continue,second,172.20000000000002,0.5153876124586727,0.9801529196587896,23.135677282808174,344,0.2864583333333333
96,20,temporary_damage,experience_swap,8000,0.2,0.03,continue,second,173.20000000000002,0.6495751595691501,0.9841720951432201,24.05740825079606,344,0.2864583333333333
96,20,temporary_damage,experience_swap,8000,0.2,0.03,pause,quiet,84.2,1.0,1.0000000000000002,35.94774650126968,164,1.0
96,20,temporary_damage,experience_swap,8000,0.2,0.03,pause,quiet,85.2,1.0,1.0000000000000002,37.86556277069089,164,1.0
96,20,temporary_damage,experience_swap,8000,0.2,0.03,pause,quiet,86.2,1.0,1.0000000000000002,39.776490039489936,164,1.0
96,20,temporary_damage,experience_swap,8000,0.2,0.03,pause,quiet,87.2,1.0,1.0000000000000002,41.68114082083923,164,1.0
96,20,temporary_damage,experience_swap,8000,0.2,0.03,pause,quiet,88.2,1.0,1.0000000000000002,43.57979320188889,164,1.0
96,20,temporary_damage,experience_swap,8000,0.2,0.03,pause,quiet,89.2,1.0,1.0000000000000002,45.47259713960736,164,1.0
96,20,temporary_damage,experience_swap,8000,0.2,0.03,pause,quiet,90.2,1.0,1.0000000000000002,47.359643660199026,164,1.0
96,20,temporary_damage,experience_swap,8000,0.2,0.03,pause,quiet,91.2,1.0,1.0000000000000002,49.24098877051402,164,1.0
96,20,temporary_damage,experience_swap,8000,0.2,0.03,pause,quiet,92.2,1.0,1.0000000000000002,51.116670533857224,164,1.0
96,20,temporary_damage,experience_swap,8000,0.2,0.03,pause,quiet,93.2,1.0,1.0000000000000002,52.986717547982536,164,1.0
96,20,temporary_damage,experience_swap,8000,0.2,0.03,pause,quiet,94.2,1.0,1.0000000000000002,54.85115328297977,164,1.0
96,20,temporary_damage,experience_swap,8000,0.2,0.03,pause,quiet,95.2,1.0,1.0000000000000002,56.70999835737675,164,1.0
96,20,temporary_damage,experience_swap,8000,0.2,0.03,pause,quiet,96.2,1.0,1.0000000000000002,58.56327176046055,164,1.0
96,20,temporary_damage,experience_swap,8000,0.2,0.03,pause,quiet,97.2,1.0,1.0000000000000002,60.410991523387736,164,1.0
96,20,temporary_damage,experience_swap,8000,0.2,0.03,pause,quiet,98.2,1.0,1.0000000000000002,62.25317509554472,164,1.0
96,20,temporary_damage,experience_swap,8000,0.2,0.03,pause,quiet,99.2,1.0,1.0000000000000002,64.08983955988703,164,1.0
96,20,temporary_damage,experience_swap,8000,0.2,0.03,pause,quiet,100.2,1.0,1.0000000000000002,65.92100175846865,164,1.0
96,20,temporary_damage,experience_swap,8000,0.2,0.03,pause,quiet,101.2,1.0,1.0000000000000002,67.74667836687621,164,1.0
96,20,temporary_damage,experience_swap,8000,0.2,0.03,pause,quiet,102.2,1.0,1.0000000000000002,69.5668859390484,164,1.0
96,20,temporary_damage,experience_swap,8000,0.2,0.03,pause,quiet,103.2,1.0,1.0000000000000002,71.38164093463608,164,1.0
96,20,temporary_damage,experience_swap,8000,0.2,0.03,pause,quiet,104.2,1.0,1.0000000000000002,73.19095973591052,164,1.0
96,20,temporary_damage,experience_swap,8000,0.2,0.03,pause,quiet,105.2,1.0,1.0000000000000002,74.99485865833071,164,1.0
96,20,temporary_damage,experience_swap,8000,0.2,0.03,pause,quiet,106.2,1.0,1.0000000000000002,76.79335395721877,164,1.0
96,20,temporary_damage,experience_swap,8000,0.2,0.03,pause,quiet,107.2,1.0,1.0000000000000002,78.58646183202296,164,1.0
96,20,temporary_damage,experience_swap,8000,0.2,0.03,pause,quiet,108.2,1.0,1.0000000000000002,80.37419842907298,164,1.0
96,20,temporary_damage,experience_swap,8000,0.2,0.03,pause,quiet,109.2,1.0,1.0000000000000002,82.15657984338685,164,1.0
96,20,temporary_damage,experience_swap,8000,0.2,0.03,pause,quiet,110.2,1.0,1.0000000000000002,83.93362211987699,164,1.0
96,20,temporary_damage,experience_swap,8000,0.2,0.03,pause,quiet,111.2,1.0,1.0000000000000002,85.70534125417463,164,1.0
96,20,temporary_damage,experience_swap,8000,0.2,0.03,pause,quiet,112.2,1.0,1.0000000000000002,87.47175319321053,164,1.0
96,20,temporary_damage,experience_swap,8000,0.2,0.03,pause,quiet,113.2,1.0,1.0000000000000002,89.23287383563934,164,1.0
96,20,temporary_damage,experience_swap,8000,0.2,0.03,pause,second,114.2,1.0,1.0000000000000002,88.07306564959012,168,0.9635416666666666
96,20,temporary_damage,experience_swap,8000,0.2,0.03,pause,second,115.2,1.0,1.0000000000000002,83.3824723315303,168,0.9635416666666666
96,20,temporary_damage,experience_swap,8000,0.2,0.03,pause,second,116.2,1.0,1.0000000000000002,76.48873964780009,172,0.921875
96,20,temporary_damage,experience_swap,8000,0.2,0.03,pause,second,117.2,1.0,1.0000000000000002,72.43202461003119,172,0.921875
96,20,temporary_damage,experience_swap,8000,0.2,0.03,pause,second,118.2,1.0,1.0000000000000002,66.19085794577119,176,0.8958333333333334
96,20,temporary_damage,experience_swap,8000,0.2,0.03,pause,second,119.2,1.0,1.0000000000000002,62.01720203047469,176,0.8958333333333334
96,20,temporary_damage,experience_swap,8000,0.2,0.03,pause,second,120.2,1.0,1.0000000000000002,55.90766049888971,180,0.859375
96,20,temporary_damage,experience_swap,8000,0.2,0.03,pause,second,121.2,1.0,1.0000000000000002,52.12148006998187,180,0.859375
96,20,temporary_damage,experience_swap,8000,0.2,0.03,pause,second,122.2,1.0,1.0000000000000002,46.405892186150155,184,0.828125
96,20,temporary_damage,experience_swap,8000,0.2,0.03,pause,second,123.2,0.5771091148460614,0.9938614928404215,42.98676985255152,184,0.828125
96,20,temporary_damage,experience_swap,8000,0.2,0.03,pause,second,124.2,1.0,1.0000000000000002,37.60643615674276,188,0.796875
96,20,temporary_damage,experience_swap,8000,0.2,0.03,pause,second,125.2,1.0,1.0000000000000002,34.52586081346896,188,0.796875
96,20,temporary_damage,experience_swap,8000,0.2,0.03,pause,second,126.2,1.0,1.0000000000000002,29.6437656838526,192,0.7552083333333334
96,20,temporary_damage,experience_swap,8000,0.2,0.03,pause,second,127.2,0.649829374274355,0.9895232837049908,27.209225278340664,192,0.7552083333333334
96,20,temporary_damage,experience_swap,8000,0.2,0.03,pause,second,128.20000000000002,0.5623387181998932,0.9799649813417401,23.03289213750462,196,0.71875
96,20,temporary_damage,experience_swap,8000,0.2,0.03,pause,second,129.20000000000002,0.39461652101909045,0.9634083662315646,21.45544904868941,196,0.71875
96,20,temporary_damage,experience_swap,8000,0.2,0.03,pause,second,130.20000000000002,0.2736776264442398,0.9443096345894383,18.368616341452384,200,0.6822916666666666
96,20,temporary_damage,experience_swap,8000,0.2,0.03,pause,second,131.20000000000002,0.17890677578538727,0.9130474797758145,17.956098673194614,200,0.6822916666666666
96,20,temporary_damage,experience_swap,8000,0.2,0.03,pause,second,132.20000000000002,0.17977045207858708,0.8977589706451975,15.644981819534038,204,0.6510416666666666
96,20,temporary_damage,experience_swap,8000,0.2,0.03,pause,second,133.20000000000002,0.14801876299198424,0.8770745989134554,15.554204781513658,204,0.6510416666666666
96,20,temporary_damage,experience_swap,8000,0.2,0.03,pause,second,134.20000000000002,0.10629217042757506,0.8782634323771585,13.722783465053716,208,0.6302083333333334
96,20,temporary_damage,experience_swap,8000,0.2,0.03,pause,second,135.20000000000002,0.08011714482530048,0.848092896523208,14.452420382471502,208,0.6302083333333334
96,20,temporary_damage,experience_swap,8000,0.2,0.03,pause,second,136.20000000000002,0.0902206214010151,0.8560000911442825,13.300349759490192,212,0.6197916666666666
96,20,temporary_damage,experience_swap,8000,0.2,0.03,pause,second,137.20000000000002,0.06448814923095093,0.830022634694811,14.750513030885784,212,0.6197916666666666
96,20,temporary_damage,experience_swap,8000,0.2,0.03,pause,second,138.20000000000002,0.08401534032595324,0.8541983323408421,14.085264550451942,216,0.5885416666666666
96,20,temporary_damage,experience_swap,8000,0.2,0.03,pause,second,139.20000000000002,0.06723311142735641,0.8416277277853382,15.593641956096102,216,0.5885416666666666
96,20,temporary_damage,experience_swap,8000,0.2,0.03,pause,second,140.20000000000002,0.0,0.8632627920401762,14.995254836753707,220,0.5729166666666666
96,20,temporary_damage,experience_swap,8000,0.2,0.03,pause,second,141.20000000000002,0.0,0.849780845430039,16.85622114485382,220,0.5729166666666666
96,20,temporary_damage,experience_swap,8000,0.2,0.03,pause,second,142.20000000000002,0.0,0.8800327782517062,16.51770928438836,224,0.5520833333333334
96,20,temporary_damage,experience_swap,8000,0.2,0.03,pause,second,143.20000000000002,0.10668410889421132,0.8862419409713287,18.126024693685366,224,0.5520833333333334
96,20,temporary_damage,experience_swap,8000,0.2,0.03,pause,second,144.20000000000002,0.19953389382848233,0.907749638791803,17.565061510354788,228,0.5260416666666666
96,20,temporary_damage,experience_swap,8000,0.2,0.03,pause,second,145.20000000000002,0.14061360013741006,0.8867404687701893,19.19132420510092,228,0.5260416666666666
96,20,temporary_damage,experience_swap,8000,0.2,0.03,pause,second,146.20000000000002,0.16253339587888418,0.8935439834324399,18.833205671546708,232,0.5052083333333334
96,20,temporary_damage,experience_swap,8000,0.2,0.03,pause,second,147.20000000000002,0.03666343859575279,0.9068993501529153,20.503046548655618,232,0.5052083333333334
96,20,temporary_damage,experience_swap,8000,0.2,0.03,pause,second,148.20000000000002,0.04810479141305067,0.9187892887805807,20.132970489714253,236,0.4895833333333333
96,20,temporary_damage,experience_swap,8000,0.2,0.03,pause,second,149.20000000000002,0.04399195930105771,0.9295044234747897,21.796175982901516,236,0.4895833333333333
96,20,temporary_damage,experience_swap,8000,0.2,0.03,pause,second,150.20000000000002,0.07791014108162049,0.9419940153638934,21.31573648639577,240,0.484375
96,20,temporary_damage,experience_swap,8000,0.2,0.03,pause,second,151.20000000000002,0.07896102045447226,0.9573192600912366,22.61619202937036,240,0.484375
96,20,temporary_damage,experience_swap,8000,0.2,0.03,pause,second,152.20000000000002,0.13162734624740774,0.9666900160166279,21.93678490491846,244,0.453125
96,20,temporary_damage,experience_swap,8000,0.2,0.03,pause,second,153.20000000000002,0.07064014683355384,0.9541479981398047,23.152415275810625,244,0.453125
96,20,temporary_damage,experience_swap,8000,0.2,0.03,pause,second,154.20000000000002,0.06849334570869947,0.9533169614609797,22.397812478877057,248,0.4375
96,20,temporary_damage,experience_swap,8000,0.2,0.03,pause,second,155.20000000000002,0.04873443875679239,0.9517201746589242,23.375860805737624,248,0.4375
96,20,temporary_damage,experience_swap,8000,0.2,0.03,pause,second,156.20000000000002,0.01114124672667872,0.9572948228401718,22.34230302510596,252,0.421875
96,20,temporary_damage,experience_swap,8000,0.2,0.03,pause,second,157.20000000000002,0.09840054711033976,0.953639779360996,23.16062021211995,252,0.421875
96,20,temporary_damage,experience_swap,8000,0.2,0.03,pause,second,158.20000000000002,0.15532553243424307,0.9549095524210623,22.14188361620606,256,0.421875
96,20,temporary_damage,experience_swap,8000,0.2,0.03,pause,second,159.20000000000002,0.1395005274357189,0.944159555151979,23.45010412076316,256,0.421875
96,20,temporary_damage,experience_swap,8000,0.2,0.03,pause,second,160.20000000000002,0.14981450948690905,0.9473883323652693,22.761395223153333,260,0.4166666666666667
96,20,temporary_damage,experience_swap,8000,0.2,0.03,pause,second,161.20000000000002,0.12026086442479937,0.9441428476135287,23.957048911760342,260,0.4166666666666667
96,20,temporary_damage,experience_swap,8000,0.2,0.03,pause,second,162.20000000000002,0.12352422005874543,0.9515572820681628,23.14403941337119,264,0.4114583333333333
96,20,temporary_damage,experience_swap,8000,0.2,0.03,pause,second,163.20000000000002,0.0809961941690657,0.9392670986913568,24.230138306805095,264,0.4114583333333333
96,20,temporary_damage,experience_swap,8000,0.2,0.03,pause,second,164.20000000000002,0.09568065063019311,0.9402002571699276,23.437084029505996,268,0.4010416666666667
96,20,temporary_damage,experience_swap,8000,0.2,0.03,pause,second,165.20000000000002,0.09401205923403762,0.9340661448933958,24.900347357462337,268,0.4010416666666667
96,20,temporary_damage,experience_swap,8000,0.2,0.03,pause,second,166.20000000000002,0.141778968898954,0.9595263709191609,24.29312748475394,272,0.3802083333333333
96,20,temporary_damage,experience_swap,8000,0.2,0.03,pause,second,167.20000000000002,0.14756197121924372,0.9592508551322456,25.312062915724496,272,0.3802083333333333
96,20,temporary_damage,experience_swap,8000,0.2,0.03,pause,second,168.20000000000002,0.21177098516333037,0.972020325479068,24.427934355679493,276,0.3854166666666667
96,20,temporary_damage,experience_swap,8000,0.2,0.03,pause,second,169.20000000000002,0.40157172603936536,0.976961376077505,25.38618671850763,276,0.3854166666666667
96,20,temporary_damage,experience_swap,8000,0.2,0.03,pause,second,170.20000000000002,0.4126580701473447,0.9696366293902204,24.42772482103159,280,0.3697916666666667
96,20,temporary_damage,experience_swap,8000,0.2,0.03,pause,second,171.20000000000002,0.3913873795748859,0.9658388958389019,25.379171387522504,280,0.3697916666666667
96,20,temporary_damage,experience_swap,8000,0.2,0.03,pause,second,172.20000000000002,0.4417461587114118,0.9800672804576172,24.45412378447389,284,0.3541666666666667
96,20,temporary_damage,experience_swap,8000,0.2,0.03,pause,second,173.20000000000002,0.43355515389052945,0.9802175025382922,25.898684991429306,284,0.3541666666666667
