profile,policy,seed,complete,partial_end,unchanged_end,prepared_end,fully_acknowledged,decision,messages,lost,duplicates,delivered,budget_suppressed,max_node_messages,mixed_view_ticks,unavailable_changed_edge_node_ticks,conflict_ticks,completion_time,agreement_time,max_prepared,fee_charges,max_apply
reliable_delay,fixed,14000,0,0,1,0,0,none,0,0,0,0,0,0,0,0,0,-1,-1,0,0,0
reliable_delay,ideal_atomic,14000,1,0,0,0,0,none,0,0,0,0,0,0,0,0,0,0,-1,0,1,1
reliable_delay,command_once,14000,1,0,0,0,0,none,3,0,0,3,0,3,4,8,0,4,-1,0,1,1
reliable_delay,confirmed_once,14000,1,0,0,0,1,COMMIT,12,0,0,12,0,6,4,8,0,9,12,4,1,1
reliable_delay,confirmed_retry,14000,1,0,0,0,1,COMMIT,20,0,0,20,0,10,4,8,0,9,12,4,1,1
reliable_delay,fixed,14001,0,0,1,0,0,none,0,0,0,0,0,0,0,0,0,-1,-1,0,0,0
reliable_delay,ideal_atomic,14001,1,0,0,0,0,none,0,0,0,0,0,0,0,0,0,0,-1,0,1,1
reliable_delay,command_once,14001,1,0,0,0,0,none,3,0,0,3,0,3,4,8,0,4,-1,0,1,1
reliable_delay,confirmed_once,14001,1,0,0,0,1,COMMIT,12,0,0,12,0,6,4,8,0,11,13,4,1,1
reliable_delay,confirmed_retry,14001,1,0,0,0,1,COMMIT,24,0,0,24,0,12,4,8,0,11,13,4,1,1
reliable_delay,fixed,14002,0,0,1,0,0,none,0,0,0,0,0,0,0,0,0,-1,-1,0,0,0
reliable_delay,ideal_atomic,14002,1,0,0,0,0,none,0,0,0,0,0,0,0,0,0,0,-1,0,1,1
reliable_delay,command_once,14002,1,0,0,0,0,none,3,0,0,3,0,3,2,6,0,2,-1,0,1,1
reliable_delay,confirmed_once,14002,1,0,0,0,1,COMMIT,12,0,0,12,0,6,4,8,0,7,10,4,1,1
reliable_delay,confirmed_retry,14002,1,0,0,0,1,COMMIT,20,0,0,20,0,10,4,8,0,7,10,4,1,1
reliable_delay,fixed,14003,0,0,1,0,0,none,0,0,0,0,0,0,0,0,0,-1,-1,0,0,0
reliable_delay,ideal_atomic,14003,1,0,0,0,0,none,0,0,0,0,0,0,0,0,0,0,-1,0,1,1
reliable_delay,command_once,14003,1,0,0,0,0,none,3,0,0,3,0,3,3,6,0,3,-1,0,1,1
reliable_delay,confirmed_once,14003,1,0,0,0,1,COMMIT,12,0,0,12,0,6,4,8,0,10,13,4,1,1
reliable_delay,confirmed_retry,14003,1,0,0,0,1,COMMIT,24,0,0,24,0,12,4,8,0,10,13,4,1,1
reliable_delay,fixed,14004,0,0,1,0,0,none,0,0,0,0,0,0,0,0,0,-1,-1,0,0,0
reliable_delay,ideal_atomic,14004,1,0,0,0,0,none,0,0,0,0,0,0,0,0,0,0,-1,0,1,1
reliable_delay,command_once,14004,1,0,0,0,0,none,3,0,0,3,0,3,4,8,0,4,-1,0,1,1
reliable_delay,confirmed_once,14004,1,0,0,0,1,COMMIT,12,0,0,12,0,6,3,8,0,11,15,4,1,1
reliable_delay,confirmed_retry,14004,1,0,0,0,1,COMMIT,20,0,0,20,0,10,3,8,0,11,15,4,1,1
reliable_delay,fixed,14005,0,0,1,0,0,none,0,0,0,0,0,0,0,0,0,-1,-1,0,0,0
reliable_delay,ideal_atomic,14005,1,0,0,0,0,none,0,0,0,0,0,0,0,0,0,0,-1,0,1,1
reliable_delay,command_once,14005,1,0,0,0,0,none,3,0,0,3,0,3,3,8,0,3,-1,0,1,1
reliable_delay,confirmed_once,14005,1,0,0,0,1,COMMIT,12,0,0,12,0,6,4,10,0,10,14,4,1,1
reliable_delay,confirmed_retry,14005,1,0,0,0,1,COMMIT,22,0,0,22,0,11,3,8,0,9,12,4,1,1
reliable_delay,fixed,14006,0,0,1,0,0,none,0,0,0,0,0,0,0,0,0,-1,-1,0,0,0
reliable_delay,ideal_atomic,14006,1,0,0,0,0,none,0,0,0,0,0,0,0,0,0,0,-1,0,1,1
reliable_delay,command_once,14006,1,0,0,0,0,none,3,0,0,3,0,3,4,8,0,4,-1,0,1,1
reliable_delay,confirmed_once,14006,1,0,0,0,1,COMMIT,12,0,0,12,0,6,4,12,0,11,14,4,1,1
reliable_delay,confirmed_retry,14006,1,0,0,0,1,COMMIT,24,0,0,24,0,12,4,10,0,11,14,4,1,1
reliable_delay,fixed,14007,0,0,1,0,0,none,0,0,0,0,0,0,0,0,0,-1,-1,0,0,0
reliable_delay,ideal_atomic,14007,1,0,0,0,0,none,0,0,0,0,0,0,0,0,0,0,-1,0,1,1
reliable_delay,command_once,14007,1,0,0,0,0,none,3,0,0,3,0,3,4,10,0,4,-1,0,1,1
reliable_delay,confirmed_once,14007,1,0,0,0,1,COMMIT,12,0,0,12,0,6,3,6,0,10,12,4,1,1
reliable_delay,confirmed_retry,14007,1,0,0,0,1,COMMIT,20,0,0,20,0,10,3,6,0,10,12,4,1,1
reliable_delay,fixed,14008,0,0,1,0,0,none,0,0,0,0,0,0,0,0,0,-1,-1,0,0,0
reliable_delay,ideal_atomic,14008,1,0,0,0,0,none,0,0,0,0,0,0,0,0,0,0,-1,0,1,1
reliable_delay,command_once,14008,1,0,0,0,0,none,3,0,0,3,0,3,3,6,0,3,-1,0,1,1
reliable_delay,confirmed_once,14008,1,0,0,0,1,COMMIT,12,0,0,12,0,6,3,6,0,10,11,4,1,1
reliable_delay,confirmed_retry,14008,1,0,0,0,1,COMMIT,20,0,0,20,0,10,2,4,0,9,11,4,1,1
reliable_delay,fixed,14009,0,0,1,0,0,none,0,0,0,0,0,0,0,0,0,-1,-1,0,0,0
reliable_delay,ideal_atomic,14009,1,0,0,0,0,none,0,0,0,0,0,0,0,0,0,0,-1,0,1,1
reliable_delay,command_once,14009,1,0,0,0,0,none,3,0,0,3,0,3,3,8,0,3,-1,0,1,1
reliable_delay,confirmed_once,14009,1,0,0,0,1,COMMIT,12,0,0,12,0,6,3,6,0,9,12,4,1,1
reliable_delay,confirmed_retry,14009,1,0,0,0,1,COMMIT,22,0,0,22,0,11,3,6,0,9,12,4,1,1
reliable_delay,fixed,14010,0,0,1,0,0,none,0,0,0,0,0,0,0,0,0,-1,-1,0,0,0
reliable_delay,ideal_atomic,14010,1,0,0,0,0,none,0,0,0,0,0,0,0,0,0,0,-1,0,1,1
reliable_delay,command_once,14010,1,0,0,0,0,none,3,0,0,3,0,3,3,8,0,3,-1,0,1,1
reliable_delay,confirmed_once,14010,1,0,0,0,1,COMMIT,12,0,0,12,0,6,1,2,0,6,9,4,1,1
reliable_delay,confirmed_retry,14010,1,0,0,0,1,COMMIT,18,0,0,18,0,9,1,2,0,6,9,4,1,1
reliable_delay,fixed,14011,0,0,1,0,0,none,0,0,0,0,0,0,0,0,0,-1,-1,0,0,0
reliable_delay,ideal_atomic,14011,1,0,0,0,0,none,0,0,0,0,0,0,0,0,0,0,-1,0,1,1
reliable_delay,command_once,14011,1,0,0,0,0,none,3,0,0,3,0,3,4,8,0,4,-1,0,1,1
reliable_delay,confirmed_once,14011,1,0,0,0,1,COMMIT,12,0,0,12,0,6,4,8,0,11,13,4,1,1
reliable_delay,confirmed_retry,14011,1,0,0,0,1,COMMIT,26,0,0,26,0,13,2,4,0,9,13,4,1,1
reliable_delay,fixed,14012,0,0,1,0,0,none,0,0,0,0,0,0,0,0,0,-1,-1,0,0,0
reliable_delay,ideal_atomic,14012,1,0,0,0,0,none,0,0,0,0,0,0,0,0,0,0,-1,0,1,1
reliable_delay,command_once,14012,1,0,0,0,0,none,3,0,0,3,0,3,4,8,0,4,-1,0,1,1
reliable_delay,confirmed_once,14012,1,0,0,0,1,COMMIT,12,0,0,12,0,6,4,8,0,12,15,4,1,1
reliable_delay,confirmed_retry,14012,1,0,0,0,1,COMMIT,22,0,0,22,0,11,4,8,0,12,15,4,1,1
reliable_delay,fixed,14013,0,0,1,0,0,none,0,0,0,0,0,0,0,0,0,-1,-1,0,0,0
reliable_delay,ideal_atomic,14013,1,0,0,0,0,none,0,0,0,0,0,0,0,0,0,0,-1,0,1,1
reliable_delay,command_once,14013,1,0,0,0,0,none,3,0,0,3,0,3,3,6,0,3,-1,0,1,1
reliable_delay,confirmed_once,14013,1,0,0,0,1,COMMIT,12,0,0,12,0,6,4,8,0,10,12,4,1,1
reliable_delay,confirmed_retry,14013,1,0,0,0,1,COMMIT,18,0,0,18,0,9,4,8,0,10,12,4,1,1
reliable_delay,fixed,14014,0,0,1,0,0,none,0,0,0,0,0,0,0,0,0,-1,-1,0,0,0
reliable_delay,ideal_atomic,14014,1,0,0,0,0,none,0,0,0,0,0,0,0,0,0,0,-1,0,1,1
reliable_delay,command_once,14014,1,0,0,0,0,none,3,0,0,3,0,3,3,6,0,3,-1,0,1,1
reliable_delay,confirmed_once,14014,1,0,0,0,1,COMMIT,12,0,0,12,0,6,3,6,0,8,10,4,1,1
reliable_delay,confirmed_retry,14014,1,0,0,0,1,COMMIT,16,0,0,16,0,8,3,6,0,8,10,4,1,1
reliable_delay,fixed,14015,0,0,1,0,0,none,0,0,0,0,0,0,0,0,0,-1,-1,0,0,0
reliable_delay,ideal_atomic,14015,1,0,0,0,0,none,0,0,0,0,0,0,0,0,0,0,-1,0,1,1
reliable_delay,command_once,14015,1,0,0,0,0,none,3,0,0,3,0,3,4,8,0,4,-1,0,1,1
reliable_delay,confirmed_once,14015,1,0,0,0,1,COMMIT,12,0,0,12,0,6,4,8,0,11,13,4,1,1
reliable_delay,confirmed_retry,14015,1,0,0,0,1,COMMIT,24,0,0,24,0,12,4,8,0,11,13,4,1,1
reliable_delay,fixed,14016,0,0,1,0,0,none,0,0,0,0,0,0,0,0,0,-1,-1,0,0,0
reliable_delay,ideal_atomic,14016,1,0,0,0,0,none,0,0,0,0,0,0,0,0,0,0,-1,0,1,1
reliable_delay,command_once,14016,1,0,0,0,0,none,3,0,0,3,0,3,4,12,0,4,-1,0,1,1
reliable_delay,confirmed_once,14016,1,0,0,0,1,COMMIT,12,0,0,12,0,6,4,12,0,9,13,4,1,1
reliable_delay,confirmed_retry,14016,1,0,0,0,1,COMMIT,20,0,0,20,0,10,4,12,0,9,13,4,1,1
reliable_delay,fixed,14017,0,0,1,0,0,none,0,0,0,0,0,0,0,0,0,-1,-1,0,0,0
reliable_delay,ideal_atomic,14017,1,0,0,0,0,none,0,0,0,0,0,0,0,0,0,0,-1,0,1,1
reliable_delay,command_once,14017,1,0,0,0,0,none,3,0,0,3,0,3,4,8,0,4,-1,0,1,1
reliable_delay,confirmed_once,14017,1,0,0,0,1,COMMIT,12,0,0,12,0,6,3,8,0,9,12,4,1,1
reliable_delay,confirmed_retry,14017,1,0,0,0,1,COMMIT,22,0,0,22,0,11,3,8,0,9,12,4,1,1
reliable_delay,fixed,14018,0,0,1,0,0,none,0,0,0,0,0,0,0,0,0,-1,-1,0,0,0
reliable_delay,ideal_atomic,14018,1,0,0,0,0,none,0,0,0,0,0,0,0,0,0,0,-1,0,1,1
reliable_delay,command_once,14018,1,0,0,0,0,none,3,0,0,3,0,3,4,8,0,4,-1,0,1,1
reliable_delay,confirmed_once,14018,1,0,0,0,1,COMMIT,12,0,0,12,0,6,3,8,0,9,11,4,1,1
reliable_delay,confirmed_retry,14018,1,0,0,0,1,COMMIT,24,0,0,24,0,12,3,8,0,9,11,4,1,1
reliable_delay,fixed,14019,0,0,1,0,0,none,0,0,0,0,0,0,0,0,0,-1,-1,0,0,0
reliable_delay,ideal_atomic,14019,1,0,0,0,0,none,0,0,0,0,0,0,0,0,0,0,-1,0,1,1
reliable_delay,command_once,14019,1,0,0,0,0,none,3,0,0,3,0,3,4,8,0,4,-1,0,1,1
reliable_delay,confirmed_once,14019,1,0,0,0,1,COMMIT,12,0,0,12,0,6,2,4,0,10,14,4,1,1
reliable_delay,confirmed_retry,14019,1,0,0,0,1,COMMIT,20,0,0,20,0,10,2,4,0,10,14,4,1,1
reliable_delay,fixed,14020,0,0,1,0,0,none,0,0,0,0,0,0,0,0,0,-1,-1,0,0,0
reliable_delay,ideal_atomic,14020,1,0,0,0,0,none,0,0,0,0,0,0,0,0,0,0,-1,0,1,1
reliable_delay,command_once,14020,1,0,0,0,0,none,3,0,0,3,0,3,3,10,0,3,-1,0,1,1
reliable_delay,confirmed_once,14020,1,0,0,0,1,COMMIT,12,0,0,12,0,6,4,8,0,9,11,4,1,1
reliable_delay,confirmed_retry,14020,1,0,0,0,1,COMMIT,24,0,0,24,0,12,4,8,0,9,11,4,1,1
reliable_delay,fixed,14021,0,0,1,0,0,none,0,0,0,0,0,0,0,0,0,-1,-1,0,0,0
reliable_delay,ideal_atomic,14021,1,0,0,0,0,none,0,0,0,0,0,0,0,0,0,0,-1,0,1,1
reliable_delay,command_once,14021,1,0,0,0,0,none,3,0,0,3,0,3,2,4,0,2,-1,0,1,1
reliable_delay,confirmed_once,14021,1,0,0,0,1,COMMIT,12,0,0,12,0,6,3,6,0,7,9,4,1,1
reliable_delay,confirmed_retry,14021,1,0,0,0,1,COMMIT,14,0,0,14,0,7,3,6,0,7,9,4,1,1
reliable_delay,fixed,14022,0,0,1,0,0,none,0,0,0,0,0,0,0,0,0,-1,-1,0,0,0
reliable_delay,ideal_atomic,14022,1,0,0,0,0,none,0,0,0,0,0,0,0,0,0,0,-1,0,1,1
reliable_delay,command_once,14022,1,0,0,0,0,none,3,0,0,3,0,3,4,10,0,4,-1,0,1,1
reliable_delay,confirmed_once,14022,1,0,0,0,1,COMMIT,12,0,0,12,0,6,3,6,0,10,14,4,1,1
reliable_delay,confirmed_retry,14022,1,0,0,0,1,COMMIT,26,0,0,26,0,13,3,6,0,10,13,4,1,1
reliable_delay,fixed,14023,0,0,1,0,0,none,0,0,0,0,0,0,0,0,0,-1,-1,0,0,0
reliable_delay,ideal_atomic,14023,1,0,0,0,0,none,0,0,0,0,0,0,0,0,0,0,-1,0,1,1
reliable_delay,command_once,14023,1,0,0,0,0,none,3,0,0,3,0,3,2,4,0,2,-1,0,1,1
reliable_delay,confirmed_once,14023,1,0,0,0,1,COMMIT,12,0,0,12,0,6,2,4,0,8,11,4,1,1
reliable_delay,confirmed_retry,14023,1,0,0,0,1,COMMIT,22,0,0,22,0,11,2,4,0,8,11,4,1,1
reliable_delay,fixed,14024,0,0,1,0,0,none,0,0,0,0,0,0,0,0,0,-1,-1,0,0,0
reliable_delay,ideal_atomic,14024,1,0,0,0,0,none,0,0,0,0,0,0,0,0,0,0,-1,0,1,1
reliable_delay,command_once,14024,1,0,0,0,0,none,3,0,0,3,0,3,3,6,0,3,-1,0,1,1
reliable_delay,confirmed_once,14024,1,0,0,0,1,COMMIT,12,0,0,12,0,6,4,8,0,11,15,4,1,1
reliable_delay,confirmed_retry,14024,1,0,0,0,1,COMMIT,28,0,0,28,0,14,4,8,0,11,14,4,1,1
reliable_delay,fixed,14025,0,0,1,0,0,none,0,0,0,0,0,0,0,0,0,-1,-1,0,0,0
reliable_delay,ideal_atomic,14025,1,0,0,0,0,none,0,0,0,0,0,0,0,0,0,0,-1,0,1,1
reliable_delay,command_once,14025,1,0,0,0,0,none,3,0,0,3,0,3,4,8,0,4,-1,0,1,1
reliable_delay,confirmed_once,14025,1,0,0,0,1,COMMIT,12,0,0,12,0,6,3,6,0,8,12,4,1,1
reliable_delay,confirmed_retry,14025,1,0,0,0,1,COMMIT,22,0,0,22,0,11,3,6,0,8,12,4,1,1
reliable_delay,fixed,14026,0,0,1,0,0,none,0,0,0,0,0,0,0,0,0,-1,-1,0,0,0
reliable_delay,ideal_atomic,14026,1,0,0,0,0,none,0,0,0,0,0,0,0,0,0,0,-1,0,1,1
reliable_delay,command_once,14026,1,0,0,0,0,none,3,0,0,3,0,3,4,8,0,4,-1,0,1,1
reliable_delay,confirmed_once,14026,1,0,0,0,1,COMMIT,12,0,0,12,0,6,4,8,0,12,16,4,1,1
reliable_delay,confirmed_retry,14026,1,0,0,0,1,COMMIT,22,0,0,22,0,11,4,8,0,12,16,4,1,1
reliable_delay,fixed,14027,0,0,1,0,0,none,0,0,0,0,0,0,0,0,0,-1,-1,0,0,0
reliable_delay,ideal_atomic,14027,1,0,0,0,0,none,0,0,0,0,0,0,0,0,0,0,-1,0,1,1
reliable_delay,command_once,14027,1,0,0,0,0,none,3,0,0,3,0,3,3,10,0,3,-1,0,1,1
reliable_delay,confirmed_once,14027,1,0,0,0,1,COMMIT,12,0,0,12,0,6,4,8,0,9,11,4,1,1
reliable_delay,confirmed_retry,14027,1,0,0,0,1,COMMIT,20,0,0,20,0,10,4,8,0,9,11,4,1,1
reliable_delay,fixed,14028,0,0,1,0,0,none,0,0,0,0,0,0,0,0,0,-1,-1,0,0,0
reliable_delay,ideal_atomic,14028,1,0,0,0,0,none,0,0,0,0,0,0,0,0,0,0,-1,0,1,1
reliable_delay,command_once,14028,1,0,0,0,0,none,3,0,0,3,0,3,3,6,0,3,-1,0,1,1
reliable_delay,confirmed_once,14028,1,0,0,0,1,COMMIT,12,0,0,12,0,6,2,4,0,8,10,4,1,1
reliable_delay,confirmed_retry,14028,1,0,0,0,1,COMMIT,20,0,0,20,0,10,2,4,0,8,10,4,1,1
reliable_delay,fixed,14029,0,0,1,0,0,none,0,0,0,0,0,0,0,0,0,-1,-1,0,0,0
reliable_delay,ideal_atomic,14029,1,0,0,0,0,none,0,0,0,0,0,0,0,0,0,0,-1,0,1,1
reliable_delay,command_once,14029,1,0,0,0,0,none,3,0,0,3,0,3,3,6,0,3,-1,0,1,1
reliable_delay,confirmed_once,14029,1,0,0,0,1,COMMIT,12,0,0,12,0,6,4,10,0,11,14,4,1,1
reliable_delay,confirmed_retry,14029,1,0,0,0,1,COMMIT,26,0,0,26,0,13,4,10,0,11,14,4,1,1
reliable_delay,fixed,14030,0,0,1,0,0,none,0,0,0,0,0,0,0,0,0,-1,-1,0,0,0
reliable_delay,ideal_atomic,14030,1,0,0,0,0,none,0,0,0,0,0,0,0,0,0,0,-1,0,1,1
reliable_delay,command_once,14030,1,0,0,0,0,none,3,0,0,3,0,3,4,8,0,4,-1,0,1,1
reliable_delay,confirmed_once,14030,1,0,0,0,1,COMMIT,12,0,0,12,0,6,2,4,0,9,13,4,1,1
reliable_delay,confirmed_retry,14030,1,0,0,0,1,COMMIT,22,0,0,22,0,11,2,4,0,9,13,4,1,1
reliable_delay,fixed,14031,0,0,1,0,0,none,0,0,0,0,0,0,0,0,0,-1,-1,0,0,0
reliable_delay,ideal_atomic,14031,1,0,0,0,0,none,0,0,0,0,0,0,0,0,0,0,-1,0,1,1
reliable_delay,command_once,14031,1,0,0,0,0,none,3,0,0,3,0,3,4,8,0,4,-1,0,1,1
reliable_delay,confirmed_once,14031,1,0,0,0,1,COMMIT,12,0,0,12,0,6,2,4,0,10,12,4,1,1
reliable_delay,confirmed_retry,14031,1,0,0,0,1,COMMIT,18,0,0,18,0,9,2,4,0,10,12,4,1,1
reliable_delay,fixed,14032,0,0,1,0,0,none,0,0,0,0,0,0,0,0,0,-1,-1,0,0,0
reliable_delay,ideal_atomic,14032,1,0,0,0,0,none,0,0,0,0,0,0,0,0,0,0,-1,0,1,1
reliable_delay,command_once,14032,1,0,0,0,0,none,3,0,0,3,0,3,2,4,0,2,-1,0,1,1
reliable_delay,confirmed_once,14032,1,0,0,0,1,COMMIT,12,0,0,12,0,6,3,6,0,9,11,4,1,1
reliable_delay,confirmed_retry,14032,1,0,0,0,1,COMMIT,20,0,0,20,0,10,3,6,0,9,11,4,1,1
reliable_delay,fixed,14033,0,0,1,0,0,none,0,0,0,0,0,0,0,0,0,-1,-1,0,0,0
reliable_delay,ideal_atomic,14033,1,0,0,0,0,none,0,0,0,0,0,0,0,0,0,0,-1,0,1,1
reliable_delay,command_once,14033,1,0,0,0,0,none,3,0,0,3,0,3,4,12,0,4,-1,0,1,1
reliable_delay,confirmed_once,14033,1,0,0,0,1,COMMIT,12,0,0,12,0,6,3,6,0,10,12,4,1,1
reliable_delay,confirmed_retry,14033,1,0,0,0,1,COMMIT,24,0,0,24,0,12,3,8,0,10,12,4,1,1
reliable_delay,fixed,14034,0,0,1,0,0,none,0,0,0,0,0,0,0,0,0,-1,-1,0,0,0
reliable_delay,ideal_atomic,14034,1,0,0,0,0,none,0,0,0,0,0,0,0,0,0,0,-1,0,1,1
reliable_delay,command_once,14034,1,0,0,0,0,none,3,0,0,3,0,3,2,4,0,2,-1,0,1,1
reliable_delay,confirmed_once,14034,1,0,0,0,1,COMMIT,12,0,0,12,0,6,2,4,0,5,9,4,1,1
reliable_delay,confirmed_retry,14034,1,0,0,0,1,COMMIT,20,0,0,20,0,10,2,4,0,5,9,4,1,1
reliable_delay,fixed,14035,0,0,1,0,0,none,0,0,0,0,0,0,0,0,0,-1,-1,0,0,0
reliable_delay,ideal_atomic,14035,1,0,0,0,0,none,0,0,0,0,0,0,0,0,0,0,-1,0,1,1
reliable_delay,command_once,14035,1,0,0,0,0,none,3,0,0,3,0,3,3,6,0,3,-1,0,1,1
reliable_delay,confirmed_once,14035,1,0,0,0,1,COMMIT,12,0,0,12,0,6,4,8,0,10,13,4,1,1
reliable_delay,confirmed_retry,14035,1,0,0,0,1,COMMIT,24,0,0,24,0,12,4,8,0,10,13,4,1,1
reliable_delay,fixed,14036,0,0,1,0,0,none,0,0,0,0,0,0,0,0,0,-1,-1,0,0,0
reliable_delay,ideal_atomic,14036,1,0,0,0,0,none,0,0,0,0,0,0,0,0,0,0,-1,0,1,1
reliable_delay,command_once,14036,1,0,0,0,0,none,3,0,0,3,0,3,4,8,0,4,-1,0,1,1
reliable_delay,confirmed_once,14036,1,0,0,0,1,COMMIT,12,0,0,12,0,6,4,8,0,10,11,4,1,1
reliable_delay,confirmed_retry,14036,1,0,0,0,1,COMMIT,22,0,0,22,0,11,3,6,0,9,11,4,1,1
reliable_delay,fixed,14037,0,0,1,0,0,none,0,0,0,0,0,0,0,0,0,-1,-1,0,0,0
reliable_delay,ideal_atomic,14037,1,0,0,0,0,none,0,0,0,0,0,0,0,0,0,0,-1,0,1,1
reliable_delay,command_once,14037,1,0,0,0,0,none,3,0,0,3,0,3,4,8,0,4,-1,0,1,1
reliable_delay,confirmed_once,14037,1,0,0,0,1,COMMIT,12,0,0,12,0,6,4,10,0,9,13,4,1,1
reliable_delay,confirmed_retry,14037,1,0,0,0,1,COMMIT,22,0,0,22,0,11,4,10,0,9,13,4,1,1
reliable_delay,fixed,14038,0,0,1,0,0,none,0,0,0,0,0,0,0,0,0,-1,-1,0,0,0
reliable_delay,ideal_atomic,14038,1,0,0,0,0,none,0,0,0,0,0,0,0,0,0,0,-1,0,1,1
reliable_delay,command_once,14038,1,0,0,0,0,none,3,0,0,3,0,3,4,8,0,4,-1,0,1,1
reliable_delay,confirmed_once,14038,1,0,0,0,1,COMMIT,12,0,0,12,0,6,4,8,0,11,13,4,1,1
reliable_delay,confirmed_retry,14038,1,0,0,0,1,COMMIT,24,0,0,24,0,12,4,8,0,11,13,4,1,1
reliable_delay,fixed,14039,0,0,1,0,0,none,0,0,0,0,0,0,0,0,0,-1,-1,0,0,0
reliable_delay,ideal_atomic,14039,1,0,0,0,0,none,0,0,0,0,0,0,0,0,0,0,-1,0,1,1
reliable_delay,command_once,14039,1,0,0,0,0,none,3,0,0,3,0,3,4,8,0,4,-1,0,1,1
reliable_delay,confirmed_once,14039,1,0,0,0,1,COMMIT,12,0,0,12,0,6,3,8,0,8,12,4,1,1
reliable_delay,confirmed_retry,14039,1,0,0,0,1,COMMIT,16,0,0,16,0,8,3,8,0,8,12,4,1,1
reliable_delay,fixed,14040,0,0,1,0,0,none,0,0,0,0,0,0,0,0,0,-1,-1,0,0,0
reliable_delay,ideal_atomic,14040,1,0,0,0,0,none,0,0,0,0,0,0,0,0,0,0,-1,0,1,1
reliable_delay,command_once,14040,1,0,0,0,0,none,3,0,0,3,0,3,3,6,0,3,-1,0,1,1
reliable_delay,confirmed_once,14040,1,0,0,0,1,COMMIT,12,0,0,12,0,6,3,6,0,8,11,4,1,1
reliable_delay,confirmed_retry,14040,1,0,0,0,1,COMMIT,20,0,0,20,0,10,3,6,0,8,11,4,1,1
reliable_delay,fixed,14041,0,0,1,0,0,none,0,0,0,0,0,0,0,0,0,-1,-1,0,0,0
reliable_delay,ideal_atomic,14041,1,0,0,0,0,none,0,0,0,0,0,0,0,0,0,0,-1,0,1,1
reliable_delay,command_once,14041,1,0,0,0,0,none,3,0,0,3,0,3,2,4,0,2,-1,0,1,1
reliable_delay,confirmed_once,14041,1,0,0,0,1,COMMIT,12,0,0,12,0,6,3,6,0,8,11,4,1,1
reliable_delay,confirmed_retry,14041,1,0,0,0,1,COMMIT,20,0,0,20,0,10,3,6,0,8,11,4,1,1
reliable_delay,fixed,14042,0,0,1,0,0,none,0,0,0,0,0,0,0,0,0,-1,-1,0,0,0
reliable_delay,ideal_atomic,14042,1,0,0,0,0,none,0,0,0,0,0,0,0,0,0,0,-1,0,1,1
reliable_delay,command_once,14042,1,0,0,0,0,none,3,0,0,3,0,3,4,8,0,4,-1,0,1,1
reliable_delay,confirmed_once,14042,1,0,0,0,1,COMMIT,12,0,0,12,0,6,2,4,0,9,13,4,1,1
reliable_delay,confirmed_retry,14042,1,0,0,0,1,COMMIT,26,0,0,26,0,13,2,4,0,9,13,4,1,1
reliable_delay,fixed,14043,0,0,1,0,0,none,0,0,0,0,0,0,0,0,0,-1,-1,0,0,0
reliable_delay,ideal_atomic,14043,1,0,0,0,0,none,0,0,0,0,0,0,0,0,0,0,-1,0,1,1
reliable_delay,command_once,14043,1,0,0,0,0,none,3,0,0,3,0,3,3,6,0,3,-1,0,1,1
reliable_delay,confirmed_once,14043,1,0,0,0,1,COMMIT,12,0,0,12,0,6,4,8,0,9,12,4,1,1
reliable_delay,confirmed_retry,14043,1,0,0,0,1,COMMIT,22,0,0,22,0,11,4,8,0,9,12,4,1,1
reliable_delay,fixed,14044,0,0,1,0,0,none,0,0,0,0,0,0,0,0,0,-1,-1,0,0,0
reliable_delay,ideal_atomic,14044,1,0,0,0,0,none,0,0,0,0,0,0,0,0,0,0,-1,0,1,1
reliable_delay,command_once,14044,1,0,0,0,0,none,3,0,0,3,0,3,2,4,0,2,-1,0,1,1
reliable_delay,confirmed_once,14044,1,0,0,0,1,COMMIT,12,0,0,12,0,6,2,4,0,8,12,4,1,1
reliable_delay,confirmed_retry,14044,1,0,0,0,1,COMMIT,18,0,0,18,0,9,2,4,0,8,12,4,1,1
reliable_delay,fixed,14045,0,0,1,0,0,none,0,0,0,0,0,0,0,0,0,-1,-1,0,0,0
reliable_delay,ideal_atomic,14045,1,0,0,0,0,none,0,0,0,0,0,0,0,0,0,0,-1,0,1,1
reliable_delay,command_once,14045,1,0,0,0,0,none,3,0,0,3,0,3,4,8,0,4,-1,0,1,1
reliable_delay,confirmed_once,14045,1,0,0,0,1,COMMIT,12,0,0,12,0,6,4,8,0,11,14,4,1,1
reliable_delay,confirmed_retry,14045,1,0,0,0,1,COMMIT,26,0,0,26,0,13,4,8,0,11,14,4,1,1
reliable_delay,fixed,14046,0,0,1,0,0,none,0,0,0,0,0,0,0,0,0,-1,-1,0,0,0
reliable_delay,ideal_atomic,14046,1,0,0,0,0,none,0,0,0,0,0,0,0,0,0,0,-1,0,1,1
reliable_delay,command_once,14046,1,0,0,0,0,none,3,0,0,3,0,3,4,12,0,4,-1,0,1,1
reliable_delay,confirmed_once,14046,1,0,0,0,1,COMMIT,12,0,0,12,0,6,4,8,0,10,13,4,1,1
reliable_delay,confirmed_retry,14046,1,0,0,0,1,COMMIT,22,0,0,22,0,11,3,6,0,9,12,4,1,1
reliable_delay,fixed,14047,0,0,1,0,0,none,0,0,0,0,0,0,0,0,0,-1,-1,0,0,0
reliable_delay,ideal_atomic,14047,1,0,0,0,0,none,0,0,0,0,0,0,0,0,0,0,-1,0,1,1
reliable_delay,command_once,14047,1,0,0,0,0,none,3,0,0,3,0,3,4,8,0,4,-1,0,1,1
reliable_delay,confirmed_once,14047,1,0,0,0,1,COMMIT,12,0,0,12,0,6,4,8,0,10,14,4,1,1
reliable_delay,confirmed_retry,14047,1,0,0,0,1,COMMIT,22,0,0,22,0,11,4,8,0,10,14,4,1,1
reliable_delay,fixed,14048,0,0,1,0,0,none,0,0,0,0,0,0,0,0,0,-1,-1,0,0,0
reliable_delay,ideal_atomic,14048,1,0,0,0,0,none,0,0,0,0,0,0,0,0,0,0,-1,0,1,1
reliable_delay,command_once,14048,1,0,0,0,0,none,3,0,0,3,0,3,4,8,0,4,-1,0,1,1
reliable_delay,confirmed_once,14048,1,0,0,0,1,COMMIT,12,0,0,12,0,6,4,8,0,11,14,4,1,1
reliable_delay,confirmed_retry,14048,1,0,0,0,1,COMMIT,24,0,0,24,0,12,4,8,0,11,14,4,1,1
reliable_delay,fixed,14049,0,0,1,0,0,none,0,0,0,0,0,0,0,0,0,-1,-1,0,0,0
reliable_delay,ideal_atomic,14049,1,0,0,0,0,none,0,0,0,0,0,0,0,0,0,0,-1,0,1,1
reliable_delay,command_once,14049,1,0,0,0,0,none,3,0,0,3,0,3,3,6,0,3,-1,0,1,1
reliable_delay,confirmed_once,14049,1,0,0,0,1,COMMIT,12,0,0,12,0,6,2,4,0,9,13,4,1,1
reliable_delay,confirmed_retry,14049,1,0,0,0,1,COMMIT,24,0,0,24,0,12,2,4,0,9,13,4,1,1
reliable_delay,fixed,14050,0,0,1,0,0,none,0,0,0,0,0,0,0,0,0,-1,-1,0,0,0
reliable_delay,ideal_atomic,14050,1,0,0,0,0,none,0,0,0,0,0,0,0,0,0,0,-1,0,1,1
reliable_delay,command_once,14050,1,0,0,0,0,none,3,0,0,3,0,3,4,10,0,4,-1,0,1,1
reliable_delay,confirmed_once,14050,1,0,0,0,1,COMMIT,12,0,0,12,0,6,4,10,0,12,13,4,1,1
reliable_delay,confirmed_retry,14050,1,0,0,0,1,COMMIT,20,0,0,20,0,10,4,10,0,12,13,4,1,1
reliable_delay,fixed,14051,0,0,1,0,0,none,0,0,0,0,0,0,0,0,0,-1,-1,0,0,0
reliable_delay,ideal_atomic,14051,1,0,0,0,0,none,0,0,0,0,0,0,0,0,0,0,-1,0,1,1
reliable_delay,command_once,14051,1,0,0,0,0,none,3,0,0,3,0,3,4,8,0,4,-1,0,1,1
reliable_delay,confirmed_once,14051,1,0,0,0,1,COMMIT,12,0,0,12,0,6,4,12,0,10,13,4,1,1
reliable_delay,confirmed_retry,14051,1,0,0,0,1,COMMIT,18,0,0,18,0,9,4,12,0,10,12,4,1,1
reliable_delay,fixed,14052,0,0,1,0,0,none,0,0,0,0,0,0,0,0,0,-1,-1,0,0,0
reliable_delay,ideal_atomic,14052,1,0,0,0,0,none,0,0,0,0,0,0,0,0,0,0,-1,0,1,1
reliable_delay,command_once,14052,1,0,0,0,0,none,3,0,0,3,0,3,3,6,0,3,-1,0,1,1
reliable_delay,confirmed_once,14052,1,0,0,0,1,COMMIT,12,0,0,12,0,6,4,8,0,11,14,4,1,1
reliable_delay,confirmed_retry,14052,1,0,0,0,1,COMMIT,26,0,0,26,0,13,4,8,0,11,14,4,1,1
reliable_delay,fixed,14053,0,0,1,0,0,none,0,0,0,0,0,0,0,0,0,-1,-1,0,0,0
reliable_delay,ideal_atomic,14053,1,0,0,0,0,none,0,0,0,0,0,0,0,0,0,0,-1,0,1,1
reliable_delay,command_once,14053,1,0,0,0,0,none,3,0,0,3,0,3,4,8,0,4,-1,0,1,1
reliable_delay,confirmed_once,14053,1,0,0,0,1,COMMIT,12,0,0,12,0,6,3,6,0,9,13,4,1,1
reliable_delay,confirmed_retry,14053,1,0,0,0,1,COMMIT,24,0,0,24,0,12,3,6,0,9,13,4,1,1
reliable_delay,fixed,14054,0,0,1,0,0,none,0,0,0,0,0,0,0,0,0,-1,-1,0,0,0
reliable_delay,ideal_atomic,14054,1,0,0,0,0,none,0,0,0,0,0,0,0,0,0,0,-1,0,1,1
reliable_delay,command_once,14054,1,0,0,0,0,none,3,0,0,3,0,3,3,6,0,3,-1,0,1,1
reliable_delay,confirmed_once,14054,1,0,0,0,1,COMMIT,12,0,0,12,0,6,3,6,0,9,11,4,1,1
reliable_delay,confirmed_retry,14054,1,0,0,0,1,COMMIT,20,0,0,20,0,10,3,6,0,9,11,4,1,1
reliable_delay,fixed,14055,0,0,1,0,0,none,0,0,0,0,0,0,0,0,0,-1,-1,0,0,0
reliable_delay,ideal_atomic,14055,1,0,0,0,0,none,0,0,0,0,0,0,0,0,0,0,-1,0,1,1
reliable_delay,command_once,14055,1,0,0,0,0,none,3,0,0,3,0,3,3,6,0,3,-1,0,1,1
reliable_delay,confirmed_once,14055,1,0,0,0,1,COMMIT,12,0,0,12,0,6,3,6,0,10,12,4,1,1
reliable_delay,confirmed_retry,14055,1,0,0,0,1,COMMIT,22,0,0,22,0,11,2,4,0,9,12,4,1,1
reliable_delay,fixed,14056,0,0,1,0,0,none,0,0,0,0,0,0,0,0,0,-1,-1,0,0,0
reliable_delay,ideal_atomic,14056,1,0,0,0,0,none,0,0,0,0,0,0,0,0,0,0,-1,0,1,1
reliable_delay,command_once,14056,1,0,0,0,0,none,3,0,0,3,0,3,4,10,0,4,-1,0,1,1
reliable_delay,confirmed_once,14056,1,0,0,0,1,COMMIT,12,0,0,12,0,6,4,12,0,12,15,4,1,1
reliable_delay,confirmed_retry,14056,1,0,0,0,1,COMMIT,24,0,0,24,0,12,4,8,0,11,13,4,1,1
reliable_delay,fixed,14057,0,0,1,0,0,none,0,0,0,0,0,0,0,0,0,-1,-1,0,0,0
reliable_delay,ideal_atomic,14057,1,0,0,0,0,none,0,0,0,0,0,0,0,0,0,0,-1,0,1,1
reliable_delay,command_once,14057,1,0,0,0,0,none,3,0,0,3,0,3,4,8,0,4,-1,0,1,1
reliable_delay,confirmed_once,14057,1,0,0,0,1,COMMIT,12,0,0,12,0,6,4,8,0,10,14,4,1,1
reliable_delay,confirmed_retry,14057,1,0,0,0,1,COMMIT,24,0,0,24,0,12,3,6,0,9,13,4,1,1
reliable_delay,fixed,14058,0,0,1,0,0,none,0,0,0,0,0,0,0,0,0,-1,-1,0,0,0
reliable_delay,ideal_atomic,14058,1,0,0,0,0,none,0,0,0,0,0,0,0,0,0,0,-1,0,1,1
reliable_delay,command_once,14058,1,0,0,0,0,none,3,0,0,3,0,3,4,8,0,4,-1,0,1,1
reliable_delay,confirmed_once,14058,1,0,0,0,1,COMMIT,12,0,0,12,0,6,4,8,0,12,15,4,1,1
reliable_delay,confirmed_retry,14058,1,0,0,0,1,COMMIT,22,0,0,22,0,11,4,8,0,12,15,4,1,1
reliable_delay,fixed,14059,0,0,1,0,0,none,0,0,0,0,0,0,0,0,0,-1,-1,0,0,0
reliable_delay,ideal_atomic,14059,1,0,0,0,0,none,0,0,0,0,0,0,0,0,0,0,-1,0,1,1
reliable_delay,command_once,14059,1,0,0,0,0,none,3,0,0,3,0,3,4,8,0,4,-1,0,1,1
reliable_delay,confirmed_once,14059,1,0,0,0,1,COMMIT,12,0,0,12,0,6,4,8,0,11,13,4,1,1
reliable_delay,confirmed_retry,14059,1,0,0,0,1,COMMIT,26,0,0,26,0,13,4,8,0,11,13,4,1,1
reliable_delay,fixed,14060,0,0,1,0,0,none,0,0,0,0,0,0,0,0,0,-1,-1,0,0,0
reliable_delay,ideal_atomic,14060,1,0,0,0,0,none,0,0,0,0,0,0,0,0,0,0,-1,0,1,1
reliable_delay,command_once,14060,1,0,0,0,0,none,3,0,0,3,0,3,3,6,0,3,-1,0,1,1
reliable_delay,confirmed_once,14060,1,0,0,0,1,COMMIT,12,0,0,12,0,6,3,6,0,10,13,4,1,1
reliable_delay,confirmed_retry,14060,1,0,0,0,1,COMMIT,26,0,0,26,0,13,3,6,0,10,13,4,1,1
reliable_delay,fixed,14061,0,0,1,0,0,none,0,0,0,0,0,0,0,0,0,-1,-1,0,0,0
reliable_delay,ideal_atomic,14061,1,0,0,0,0,none,0,0,0,0,0,0,0,0,0,0,-1,0,1,1
reliable_delay,command_once,14061,1,0,0,0,0,none,3,0,0,3,0,3,2,4,0,2,-1,0,1,1
reliable_delay,confirmed_once,14061,1,0,0,0,1,COMMIT,12,0,0,12,0,6,4,8,0,10,14,4,1,1
reliable_delay,confirmed_retry,14061,1,0,0,0,1,COMMIT,22,0,0,22,0,11,4,8,0,10,14,4,1,1
reliable_delay,fixed,14062,0,0,1,0,0,none,0,0,0,0,0,0,0,0,0,-1,-1,0,0,0
reliable_delay,ideal_atomic,14062,1,0,0,0,0,none,0,0,0,0,0,0,0,0,0,0,-1,0,1,1
reliable_delay,command_once,14062,1,0,0,0,0,none,3,0,0,3,0,3,2,4,0,2,-1,0,1,1
reliable_delay,confirmed_once,14062,1,0,0,0,1,COMMIT,12,0,0,12,0,6,3,6,0,6,10,4,1,1
reliable_delay,confirmed_retry,14062,1,0,0,0,1,COMMIT,20,0,0,20,0,10,3,6,0,6,10,4,1,1
reliable_delay,fixed,14063,0,0,1,0,0,none,0,0,0,0,0,0,0,0,0,-1,-1,0,0,0
reliable_delay,ideal_atomic,14063,1,0,0,0,0,none,0,0,0,0,0,0,0,0,0,0,-1,0,1,1
reliable_delay,command_once,14063,1,0,0,0,0,none,3,0,0,3,0,3,4,8,0,4,-1,0,1,1
reliable_delay,confirmed_once,14063,1,0,0,0,1,COMMIT,12,0,0,12,0,6,2,4,0,9,12,4,1,1
reliable_delay,confirmed_retry,14063,1,0,0,0,1,COMMIT,24,0,0,24,0,12,2,4,0,9,12,4,1,1
reliable_delay,fixed,14064,0,0,1,0,0,none,0,0,0,0,0,0,0,0,0,-1,-1,0,0,0
reliable_delay,ideal_atomic,14064,1,0,0,0,0,none,0,0,0,0,0,0,0,0,0,0,-1,0,1,1
reliable_delay,command_once,14064,1,0,0,0,0,none,3,0,0,3,0,3,4,10,0,4,-1,0,1,1
reliable_delay,confirmed_once,14064,1,0,0,0,1,COMMIT,12,0,0,12,0,6,4,8,0,10,12,4,1,1
reliable_delay,confirmed_retry,14064,1,0,0,0,1,COMMIT,20,0,0,20,0,10,3,6,0,9,12,4,1,1
reliable_delay,fixed,14065,0,0,1,0,0,none,0,0,0,0,0,0,0,0,0,-1,-1,0,0,0
reliable_delay,ideal_atomic,14065,1,0,0,0,0,none,0,0,0,0,0,0,0,0,0,0,-1,0,1,1
reliable_delay,command_once,14065,1,0,0,0,0,none,3,0,0,3,0,3,3,10,0,3,-1,0,1,1
reliable_delay,confirmed_once,14065,1,0,0,0,1,COMMIT,12,0,0,12,0,6,4,8,0,11,14,4,1,1
reliable_delay,confirmed_retry,14065,1,0,0,0,1,COMMIT,24,0,0,24,0,12,4,8,0,11,14,4,1,1
reliable_delay,fixed,14066,0,0,1,0,0,none,0,0,0,0,0,0,0,0,0,-1,-1,0,0,0
reliable_delay,ideal_atomic,14066,1,0,0,0,0,none,0,0,0,0,0,0,0,0,0,0,-1,0,1,1
reliable_delay,command_once,14066,1,0,0,0,0,none,3,0,0,3,0,3,3,6,0,3,-1,0,1,1
reliable_delay,confirmed_once,14066,1,0,0,0,1,COMMIT,12,0,0,12,0,6,4,8,0,9,11,4,1,1
reliable_delay,confirmed_retry,14066,1,0,0,0,1,COMMIT,20,0,0,20,0,10,4,8,0,9,11,4,1,1
reliable_delay,fixed,14067,0,0,1,0,0,none,0,0,0,0,0,0,0,0,0,-1,-1,0,0,0
reliable_delay,ideal_atomic,14067,1,0,0,0,0,none,0,0,0,0,0,0,0,0,0,0,-1,0,1,1
reliable_delay,command_once,14067,1,0,0,0,0,none,3,0,0,3,0,3,2,6,0,2,-1,0,1,1
reliable_delay,confirmed_once,14067,1,0,0,0,1,COMMIT,12,0,0,12,0,6,3,6,0,7,11,4,1,1
reliable_delay,confirmed_retry,14067,1,0,0,0,1,COMMIT,16,0,0,16,0,8,3,6,0,7,11,4,1,1
reliable_delay,fixed,14068,0,0,1,0,0,none,0,0,0,0,0,0,0,0,0,-1,-1,0,0,0
reliable_delay,ideal_atomic,14068,1,0,0,0,0,none,0,0,0,0,0,0,0,0,0,0,-1,0,1,1
reliable_delay,command_once,14068,1,0,0,0,0,none,3,0,0,3,0,3,3,6,0,3,-1,0,1,1
reliable_delay,confirmed_once,14068,1,0,0,0,1,COMMIT,12,0,0,12,0,6,3,6,0,9,13,4,1,1
reliable_delay,confirmed_retry,14068,1,0,0,0,1,COMMIT,22,0,0,22,0,11,3,6,0,9,13,4,1,1
reliable_delay,fixed,14069,0,0,1,0,0,none,0,0,0,0,0,0,0,0,0,-1,-1,0,0,0
reliable_delay,ideal_atomic,14069,1,0,0,0,0,none,0,0,0,0,0,0,0,0,0,0,-1,0,1,1
reliable_delay,command_once,14069,1,0,0,0,0,none,3,0,0,3,0,3,4,12,0,4,-1,0,1,1
reliable_delay,confirmed_once,14069,1,0,0,0,1,COMMIT,12,0,0,12,0,6,3,6,0,10,13,4,1,1
reliable_delay,confirmed_retry,14069,1,0,0,0,1,COMMIT,22,0,0,22,0,11,3,6,0,10,13,4,1,1
reliable_delay,fixed,14070,0,0,1,0,0,none,0,0,0,0,0,0,0,0,0,-1,-1,0,0,0
reliable_delay,ideal_atomic,14070,1,0,0,0,0,none,0,0,0,0,0,0,0,0,0,0,-1,0,1,1
reliable_delay,command_once,14070,1,0,0,0,0,none,3,0,0,3,0,3,4,12,0,4,-1,0,1,1
reliable_delay,confirmed_once,14070,1,0,0,0,1,COMMIT,12,0,0,12,0,6,4,8,0,10,12,4,1,1
reliable_delay,confirmed_retry,14070,1,0,0,0,1,COMMIT,22,0,0,22,0,11,3,6,0,9,12,4,1,1
reliable_delay,fixed,14071,0,0,1,0,0,none,0,0,0,0,0,0,0,0,0,-1,-1,0,0,0
reliable_delay,ideal_atomic,14071,1,0,0,0,0,none,0,0,0,0,0,0,0,0,0,0,-1,0,1,1
reliable_delay,command_once,14071,1,0,0,0,0,none,3,0,0,3,0,3,3,6,0,3,-1,0,1,1
reliable_delay,confirmed_once,14071,1,0,0,0,1,COMMIT,12,0,0,12,0,6,3,6,0,10,14,4,1,1
reliable_delay,confirmed_retry,14071,1,0,0,0,1,COMMIT,26,0,0,26,0,13,3,6,0,10,14,4,1,1
reliable_delay,fixed,14072,0,0,1,0,0,none,0,0,0,0,0,0,0,0,0,-1,-1,0,0,0
reliable_delay,ideal_atomic,14072,1,0,0,0,0,none,0,0,0,0,0,0,0,0,0,0,-1,0,1,1
reliable_delay,command_once,14072,1,0,0,0,0,none,3,0,0,3,0,3,3,8,0,3,-1,0,1,1
reliable_delay,confirmed_once,14072,1,0,0,0,1,COMMIT,12,0,0,12,0,6,4,8,0,10,12,4,1,1
reliable_delay,confirmed_retry,14072,1,0,0,0,1,COMMIT,20,0,0,20,0,10,4,8,0,10,12,4,1,1
reliable_delay,fixed,14073,0,0,1,0,0,none,0,0,0,0,0,0,0,0,0,-1,-1,0,0,0
reliable_delay,ideal_atomic,14073,1,0,0,0,0,none,0,0,0,0,0,0,0,0,0,0,-1,0,1,1
reliable_delay,command_once,14073,1,0,0,0,0,none,3,0,0,3,0,3,4,10,0,4,-1,0,1,1
reliable_delay,confirmed_once,14073,1,0,0,0,1,COMMIT,12,0,0,12,0,6,2,4,0,7,9,4,1,1
reliable_delay,confirmed_retry,14073,1,0,0,0,1,COMMIT,16,0,0,16,0,8,2,4,0,7,9,4,1,1
reliable_delay,fixed,14074,0,0,1,0,0,none,0,0,0,0,0,0,0,0,0,-1,-1,0,0,0
reliable_delay,ideal_atomic,14074,1,0,0,0,0,none,0,0,0,0,0,0,0,0,0,0,-1,0,1,1
reliable_delay,command_once,14074,1,0,0,0,0,none,3,0,0,3,0,3,3,6,0,3,-1,0,1,1
reliable_delay,confirmed_once,14074,1,0,0,0,1,COMMIT,12,0,0,12,0,6,4,8,0,8,11,4,1,1
reliable_delay,confirmed_retry,14074,1,0,0,0,1,COMMIT,16,0,0,16,0,8,4,8,0,8,11,4,1,1
reliable_delay,fixed,14075,0,0,1,0,0,none,0,0,0,0,0,0,0,0,0,-1,-1,0,0,0
reliable_delay,ideal_atomic,14075,1,0,0,0,0,none,0,0,0,0,0,0,0,0,0,0,-1,0,1,1
reliable_delay,command_once,14075,1,0,0,0,0,none,3,0,0,3,0,3,4,8,0,4,-1,0,1,1
reliable_delay,confirmed_once,14075,1,0,0,0,1,COMMIT,12,0,0,12,0,6,4,8,0,11,15,4,1,1
reliable_delay,confirmed_retry,14075,1,0,0,0,1,COMMIT,22,0,0,22,0,11,2,4,0,9,12,4,1,1
reliable_delay,fixed,14076,0,0,1,0,0,none,0,0,0,0,0,0,0,0,0,-1,-1,0,0,0
reliable_delay,ideal_atomic,14076,1,0,0,0,0,none,0,0,0,0,0,0,0,0,0,0,-1,0,1,1
reliable_delay,command_once,14076,1,0,0,0,0,none,3,0,0,3,0,3,4,10,0,4,-1,0,1,1
reliable_delay,confirmed_once,14076,1,0,0,0,1,COMMIT,12,0,0,12,0,6,4,12,0,10,13,4,1,1
reliable_delay,confirmed_retry,14076,1,0,0,0,1,COMMIT,24,0,0,24,0,12,4,12,0,10,13,4,1,1
reliable_delay,fixed,14077,0,0,1,0,0,none,0,0,0,0,0,0,0,0,0,-1,-1,0,0,0
reliable_delay,ideal_atomic,14077,1,0,0,0,0,none,0,0,0,0,0,0,0,0,0,0,-1,0,1,1
reliable_delay,command_once,14077,1,0,0,0,0,none,3,0,0,3,0,3,3,6,0,3,-1,0,1,1
reliable_delay,confirmed_once,14077,1,0,0,0,1,COMMIT,12,0,0,12,0,6,3,6,0,10,12,4,1,1
reliable_delay,confirmed_retry,14077,1,0,0,0,1,COMMIT,24,0,0,24,0,12,4,8,0,10,12,4,1,1
reliable_delay,fixed,14078,0,0,1,0,0,none,0,0,0,0,0,0,0,0,0,-1,-1,0,0,0
reliable_delay,ideal_atomic,14078,1,0,0,0,0,none,0,0,0,0,0,0,0,0,0,0,-1,0,1,1
reliable_delay,command_once,14078,1,0,0,0,0,none,3,0,0,3,0,3,3,6,0,3,-1,0,1,1
reliable_delay,confirmed_once,14078,1,0,0,0,1,COMMIT,12,0,0,12,0,6,3,6,0,10,14,4,1,1
reliable_delay,confirmed_retry,14078,1,0,0,0,1,COMMIT,22,0,0,22,0,11,3,6,0,10,13,4,1,1
reliable_delay,fixed,14079,0,0,1,0,0,none,0,0,0,0,0,0,0,0,0,-1,-1,0,0,0
reliable_delay,ideal_atomic,14079,1,0,0,0,0,none,0,0,0,0,0,0,0,0,0,0,-1,0,1,1
reliable_delay,command_once,14079,1,0,0,0,0,none,3,0,0,3,0,3,3,6,0,3,-1,0,1,1
reliable_delay,confirmed_once,14079,1,0,0,0,1,COMMIT,12,0,0,12,0,6,4,8,0,11,14,4,1,1
reliable_delay,confirmed_retry,14079,1,0,0,0,1,COMMIT,28,0,0,28,0,14,4,8,0,11,14,4,1,1
reliable_delay,fixed,14080,0,0,1,0,0,none,0,0,0,0,0,0,0,0,0,-1,-1,0,0,0
reliable_delay,ideal_atomic,14080,1,0,0,0,0,none,0,0,0,0,0,0,0,0,0,0,-1,0,1,1
reliable_delay,command_once,14080,1,0,0,0,0,none,3,0,0,3,0,3,4,8,0,4,-1,0,1,1
reliable_delay,confirmed_once,14080,1,0,0,0,1,COMMIT,12,0,0,12,0,6,1,2,0,9,11,4,1,1
reliable_delay,confirmed_retry,14080,1,0,0,0,1,COMMIT,18,0,0,18,0,9,1,2,0,9,11,4,1,1
reliable_delay,fixed,14081,0,0,1,0,0,none,0,0,0,0,0,0,0,0,0,-1,-1,0,0,0
reliable_delay,ideal_atomic,14081,1,0,0,0,0,none,0,0,0,0,0,0,0,0,0,0,-1,0,1,1
reliable_delay,command_once,14081,1,0,0,0,0,none,3,0,0,3,0,3,3,6,0,3,-1,0,1,1
reliable_delay,confirmed_once,14081,1,0,0,0,1,COMMIT,12,0,0,12,0,6,3,6,0,9,13,4,1,1
reliable_delay,confirmed_retry,14081,1,0,0,0,1,COMMIT,24,0,0,24,0,12,3,6,0,9,13,4,1,1
reliable_delay,fixed,14082,0,0,1,0,0,none,0,0,0,0,0,0,0,0,0,-1,-1,0,0,0
reliable_delay,ideal_atomic,14082,1,0,0,0,0,none,0,0,0,0,0,0,0,0,0,0,-1,0,1,1
reliable_delay,command_once,14082,1,0,0,0,0,none,3,0,0,3,0,3,3,6,0,3,-1,0,1,1
reliable_delay,confirmed_once,14082,1,0,0,0,1,COMMIT,12,0,0,12,0,6,4,8,0,11,14,4,1,1
reliable_delay,confirmed_retry,14082,1,0,0,0,1,COMMIT,24,0,0,24,0,12,2,4,0,8,11,4,1,1
reliable_delay,fixed,14083,0,0,1,0,0,none,0,0,0,0,0,0,0,0,0,-1,-1,0,0,0
reliable_delay,ideal_atomic,14083,1,0,0,0,0,none,0,0,0,0,0,0,0,0,0,0,-1,0,1,1
reliable_delay,command_once,14083,1,0,0,0,0,none,3,0,0,3,0,3,4,8,0,4,-1,0,1,1
reliable_delay,confirmed_once,14083,1,0,0,0,1,COMMIT,12,0,0,12,0,6,3,6,0,10,14,4,1,1
reliable_delay,confirmed_retry,14083,1,0,0,0,1,COMMIT,26,0,0,26,0,13,3,6,0,10,14,4,1,1
reliable_delay,fixed,14084,0,0,1,0,0,none,0,0,0,0,0,0,0,0,0,-1,-1,0,0,0
reliable_delay,ideal_atomic,14084,1,0,0,0,0,none,0,0,0,0,0,0,0,0,0,0,-1,0,1,1
reliable_delay,command_once,14084,1,0,0,0,0,none,3,0,0,3,0,3,3,6,0,3,-1,0,1,1
reliable_delay,confirmed_once,14084,1,0,0,0,1,COMMIT,12,0,0,12,0,6,3,8,0,8,12,4,1,1
reliable_delay,confirmed_retry,14084,1,0,0,0,1,COMMIT,20,0,0,20,0,10,3,8,0,8,12,4,1,1
reliable_delay,fixed,14085,0,0,1,0,0,none,0,0,0,0,0,0,0,0,0,-1,-1,0,0,0
reliable_delay,ideal_atomic,14085,1,0,0,0,0,none,0,0,0,0,0,0,0,0,0,0,-1,0,1,1
reliable_delay,command_once,14085,1,0,0,0,0,none,3,0,0,3,0,3,3,6,0,3,-1,0,1,1
reliable_delay,confirmed_once,14085,1,0,0,0,1,COMMIT,12,0,0,12,0,6,4,8,0,10,13,4,1,1
reliable_delay,confirmed_retry,14085,1,0,0,0,1,COMMIT,22,0,0,22,0,11,4,8,0,10,13,4,1,1
reliable_delay,fixed,14086,0,0,1,0,0,none,0,0,0,0,0,0,0,0,0,-1,-1,0,0,0
reliable_delay,ideal_atomic,14086,1,0,0,0,0,none,0,0,0,0,0,0,0,0,0,0,-1,0,1,1
reliable_delay,command_once,14086,1,0,0,0,0,none,3,0,0,3,0,3,4,8,0,4,-1,0,1,1
reliable_delay,confirmed_once,14086,1,0,0,0,1,COMMIT,12,0,0,12,0,6,2,4,0,9,13,4,1,1
reliable_delay,confirmed_retry,14086,1,0,0,0,1,COMMIT,26,0,0,26,0,13,2,4,0,9,13,4,1,1
reliable_delay,fixed,14087,0,0,1,0,0,none,0,0,0,0,0,0,0,0,0,-1,-1,0,0,0
reliable_delay,ideal_atomic,14087,1,0,0,0,0,none,0,0,0,0,0,0,0,0,0,0,-1,0,1,1
reliable_delay,command_once,14087,1,0,0,0,0,none,3,0,0,3,0,3,4,8,0,4,-1,0,1,1
reliable_delay,confirmed_once,14087,1,0,0,0,1,COMMIT,12,0,0,12,0,6,3,6,0,9,12,4,1,1
reliable_delay,confirmed_retry,14087,1,0,0,0,1,COMMIT,22,0,0,22,0,11,3,6,0,9,12,4,1,1
reliable_delay,fixed,14088,0,0,1,0,0,none,0,0,0,0,0,0,0,0,0,-1,-1,0,0,0
reliable_delay,ideal_atomic,14088,1,0,0,0,0,none,0,0,0,0,0,0,0,0,0,0,-1,0,1,1
reliable_delay,command_once,14088,1,0,0,0,0,none,3,0,0,3,0,3,4,14,0,4,-1,0,1,1
reliable_delay,confirmed_once,14088,1,0,0,0,1,COMMIT,12,0,0,12,0,6,4,8,0,11,15,4,1,1
reliable_delay,confirmed_retry,14088,1,0,0,0,1,COMMIT,26,0,0,26,0,13,4,8,0,11,14,4,1,1
reliable_delay,fixed,14089,0,0,1,0,0,none,0,0,0,0,0,0,0,0,0,-1,-1,0,0,0
reliable_delay,ideal_atomic,14089,1,0,0,0,0,none,0,0,0,0,0,0,0,0,0,0,-1,0,1,1
reliable_delay,command_once,14089,1,0,0,0,0,none,3,0,0,3,0,3,4,8,0,4,-1,0,1,1
reliable_delay,confirmed_once,14089,1,0,0,0,1,COMMIT,12,0,0,12,0,6,4,10,0,12,15,4,1,1
reliable_delay,confirmed_retry,14089,1,0,0,0,1,COMMIT,22,0,0,22,0,11,4,10,0,12,15,4,1,1
reliable_delay,fixed,14090,0,0,1,0,0,none,0,0,0,0,0,0,0,0,0,-1,-1,0,0,0
reliable_delay,ideal_atomic,14090,1,0,0,0,0,none,0,0,0,0,0,0,0,0,0,0,-1,0,1,1
reliable_delay,command_once,14090,1,0,0,0,0,none,3,0,0,3,0,3,2,4,0,2,-1,0,1,1
reliable_delay,confirmed_once,14090,1,0,0,0,1,COMMIT,12,0,0,12,0,6,3,6,0,8,11,4,1,1
reliable_delay,confirmed_retry,14090,1,0,0,0,1,COMMIT,20,0,0,20,0,10,3,6,0,8,11,4,1,1
reliable_delay,fixed,14091,0,0,1,0,0,none,0,0,0,0,0,0,0,0,0,-1,-1,0,0,0
reliable_delay,ideal_atomic,14091,1,0,0,0,0,none,0,0,0,0,0,0,0,0,0,0,-1,0,1,1
reliable_delay,command_once,14091,1,0,0,0,0,none,3,0,0,3,0,3,3,8,0,3,-1,0,1,1
reliable_delay,confirmed_once,14091,1,0,0,0,1,COMMIT,12,0,0,12,0,6,4,10,0,8,10,4,1,1
reliable_delay,confirmed_retry,14091,1,0,0,0,1,COMMIT,16,0,0,16,0,8,4,10,0,8,10,4,1,1
reliable_delay,fixed,14092,0,0,1,0,0,none,0,0,0,0,0,0,0,0,0,-1,-1,0,0,0
reliable_delay,ideal_atomic,14092,1,0,0,0,0,none,0,0,0,0,0,0,0,0,0,0,-1,0,1,1
reliable_delay,command_once,14092,1,0,0,0,0,none,3,0,0,3,0,3,2,4,0,2,-1,0,1,1
reliable_delay,confirmed_once,14092,1,0,0,0,1,COMMIT,12,0,0,12,0,6,4,12,0,7,9,4,1,1
reliable_delay,confirmed_retry,14092,1,0,0,0,1,COMMIT,20,0,0,20,0,10,4,10,0,7,9,4,1,1
reliable_delay,fixed,14093,0,0,1,0,0,none,0,0,0,0,0,0,0,0,0,-1,-1,0,0,0
reliable_delay,ideal_atomic,14093,1,0,0,0,0,none,0,0,0,0,0,0,0,0,0,0,-1,0,1,1
reliable_delay,command_once,14093,1,0,0,0,0,none,3,0,0,3,0,3,4,12,0,4,-1,0,1,1
reliable_delay,confirmed_once,14093,1,0,0,0,1,COMMIT,12,0,0,12,0,6,3,6,0,10,13,4,1,1
reliable_delay,confirmed_retry,14093,1,0,0,0,1,COMMIT,24,0,0,24,0,12,3,6,0,10,13,4,1,1
reliable_delay,fixed,14094,0,0,1,0,0,none,0,0,0,0,0,0,0,0,0,-1,-1,0,0,0
reliable_delay,ideal_atomic,14094,1,0,0,0,0,none,0,0,0,0,0,0,0,0,0,0,-1,0,1,1
reliable_delay,command_once,14094,1,0,0,0,0,none,3,0,0,3,0,3,3,6,0,3,-1,0,1,1
reliable_delay,confirmed_once,14094,1,0,0,0,1,COMMIT,12,0,0,12,0,6,4,8,0,10,14,4,1,1
reliable_delay,confirmed_retry,14094,1,0,0,0,1,COMMIT,26,0,0,26,0,13,4,8,0,10,14,4,1,1
reliable_delay,fixed,14095,0,0,1,0,0,none,0,0,0,0,0,0,0,0,0,-1,-1,0,0,0
reliable_delay,ideal_atomic,14095,1,0,0,0,0,none,0,0,0,0,0,0,0,0,0,0,-1,0,1,1
reliable_delay,command_once,14095,1,0,0,0,0,none,3,0,0,3,0,3,4,8,0,4,-1,0,1,1
reliable_delay,confirmed_once,14095,1,0,0,0,1,COMMIT,12,0,0,12,0,6,4,8,0,11,14,4,1,1
reliable_delay,confirmed_retry,14095,1,0,0,0,1,COMMIT,24,0,0,24,0,12,3,10,0,9,13,4,1,1
reliable_delay,fixed,14096,0,0,1,0,0,none,0,0,0,0,0,0,0,0,0,-1,-1,0,0,0
reliable_delay,ideal_atomic,14096,1,0,0,0,0,none,0,0,0,0,0,0,0,0,0,0,-1,0,1,1
reliable_delay,command_once,14096,1,0,0,0,0,none,3,0,0,3,0,3,3,6,0,3,-1,0,1,1
reliable_delay,confirmed_once,14096,1,0,0,0,1,COMMIT,12,0,0,12,0,6,4,8,0,10,14,4,1,1
reliable_delay,confirmed_retry,14096,1,0,0,0,1,COMMIT,20,0,0,20,0,10,3,6,0,9,12,4,1,1
reliable_delay,fixed,14097,0,0,1,0,0,none,0,0,0,0,0,0,0,0,0,-1,-1,0,0,0
reliable_delay,ideal_atomic,14097,1,0,0,0,0,none,0,0,0,0,0,0,0,0,0,0,-1,0,1,1
reliable_delay,command_once,14097,1,0,0,0,0,none,3,0,0,3,0,3,4,8,0,4,-1,0,1,1
reliable_delay,confirmed_once,14097,1,0,0,0,1,COMMIT,12,0,0,12,0,6,4,8,0,9,11,4,1,1
reliable_delay,confirmed_retry,14097,1,0,0,0,1,COMMIT,20,0,0,20,0,10,4,8,0,9,11,4,1,1
reliable_delay,fixed,14098,0,0,1,0,0,none,0,0,0,0,0,0,0,0,0,-1,-1,0,0,0
reliable_delay,ideal_atomic,14098,1,0,0,0,0,none,0,0,0,0,0,0,0,0,0,0,-1,0,1,1
reliable_delay,command_once,14098,1,0,0,0,0,none,3,0,0,3,0,3,3,6,0,3,-1,0,1,1
reliable_delay,confirmed_once,14098,1,0,0,0,1,COMMIT,12,0,0,12,0,6,4,8,0,10,14,4,1,1
reliable_delay,confirmed_retry,14098,1,0,0,0,1,COMMIT,24,0,0,24,0,12,4,8,0,10,14,4,1,1
reliable_delay,fixed,14099,0,0,1,0,0,none,0,0,0,0,0,0,0,0,0,-1,-1,0,0,0
reliable_delay,ideal_atomic,14099,1,0,0,0,0,none,0,0,0,0,0,0,0,0,0,0,-1,0,1,1
reliable_delay,command_once,14099,1,0,0,0,0,none,3,0,0,3,0,3,3,6,0,3,-1,0,1,1
reliable_delay,confirmed_once,14099,1,0,0,0,1,COMMIT,12,0,0,12,0,6,3,6,0,8,12,4,1,1
reliable_delay,confirmed_retry,14099,1,0,0,0,1,COMMIT,20,0,0,20,0,10,3,6,0,8,12,4,1,1
reliable_delay,fixed,14100,0,0,1,0,0,none,0,0,0,0,0,0,0,0,0,-1,-1,0,0,0
reliable_delay,ideal_atomic,14100,1,0,0,0,0,none,0,0,0,0,0,0,0,0,0,0,-1,0,1,1
reliable_delay,command_once,14100,1,0,0,0,0,none,3,0,0,3,0,3,4,8,0,4,-1,0,1,1
reliable_delay,confirmed_once,14100,1,0,0,0,1,COMMIT,12,0,0,12,0,6,4,8,0,10,13,4,1,1
reliable_delay,confirmed_retry,14100,1,0,0,0,1,COMMIT,26,0,0,26,0,13,4,8,0,10,13,4,1,1
reliable_delay,fixed,14101,0,0,1,0,0,none,0,0,0,0,0,0,0,0,0,-1,-1,0,0,0
reliable_delay,ideal_atomic,14101,1,0,0,0,0,none,0,0,0,0,0,0,0,0,0,0,-1,0,1,1
reliable_delay,command_once,14101,1,0,0,0,0,none,3,0,0,3,0,3,4,8,0,4,-1,0,1,1
reliable_delay,confirmed_once,14101,1,0,0,0,1,COMMIT,12,0,0,12,0,6,3,10,0,11,13,4,1,1
reliable_delay,confirmed_retry,14101,1,0,0,0,1,COMMIT,24,0,0,24,0,12,3,6,0,10,13,4,1,1
reliable_delay,fixed,14102,0,0,1,0,0,none,0,0,0,0,0,0,0,0,0,-1,-1,0,0,0
reliable_delay,ideal_atomic,14102,1,0,0,0,0,none,0,0,0,0,0,0,0,0,0,0,-1,0,1,1
reliable_delay,command_once,14102,1,0,0,0,0,none,3,0,0,3,0,3,1,2,0,1,-1,0,1,1
reliable_delay,confirmed_once,14102,1,0,0,0,1,COMMIT,12,0,0,12,0,6,2,4,0,5,8,4,1,1
reliable_delay,confirmed_retry,14102,1,0,0,0,1,COMMIT,18,0,0,18,0,9,2,4,0,5,8,4,1,1
reliable_delay,fixed,14103,0,0,1,0,0,none,0,0,0,0,0,0,0,0,0,-1,-1,0,0,0
reliable_delay,ideal_atomic,14103,1,0,0,0,0,none,0,0,0,0,0,0,0,0,0,0,-1,0,1,1
reliable_delay,command_once,14103,1,0,0,0,0,none,3,0,0,3,0,3,4,12,0,4,-1,0,1,1
reliable_delay,confirmed_once,14103,1,0,0,0,1,COMMIT,12,0,0,12,0,6,2,4,0,10,12,4,1,1
reliable_delay,confirmed_retry,14103,1,0,0,0,1,COMMIT,16,0,0,16,0,8,2,4,0,10,12,4,1,1
reliable_delay,fixed,14104,0,0,1,0,0,none,0,0,0,0,0,0,0,0,0,-1,-1,0,0,0
reliable_delay,ideal_atomic,14104,1,0,0,0,0,none,0,0,0,0,0,0,0,0,0,0,-1,0,1,1
reliable_delay,command_once,14104,1,0,0,0,0,none,3,0,0,3,0,3,4,10,0,4,-1,0,1,1
reliable_delay,confirmed_once,14104,1,0,0,0,1,COMMIT,12,0,0,12,0,6,2,4,0,7,9,4,1,1
reliable_delay,confirmed_retry,14104,1,0,0,0,1,COMMIT,22,0,0,22,0,11,2,4,0,7,9,4,1,1
reliable_delay,fixed,14105,0,0,1,0,0,none,0,0,0,0,0,0,0,0,0,-1,-1,0,0,0
reliable_delay,ideal_atomic,14105,1,0,0,0,0,none,0,0,0,0,0,0,0,0,0,0,-1,0,1,1
reliable_delay,command_once,14105,1,0,0,0,0,none,3,0,0,3,0,3,3,6,0,3,-1,0,1,1
reliable_delay,confirmed_once,14105,1,0,0,0,1,COMMIT,12,0,0,12,0,6,4,8,0,10,14,4,1,1
reliable_delay,confirmed_retry,14105,1,0,0,0,1,COMMIT,24,0,0,24,0,12,4,8,0,10,12,4,1,1
reliable_delay,fixed,14106,0,0,1,0,0,none,0,0,0,0,0,0,0,0,0,-1,-1,0,0,0
reliable_delay,ideal_atomic,14106,1,0,0,0,0,none,0,0,0,0,0,0,0,0,0,0,-1,0,1,1
reliable_delay,command_once,14106,1,0,0,0,0,none,3,0,0,3,0,3,4,14,0,4,-1,0,1,1
reliable_delay,confirmed_once,14106,1,0,0,0,1,COMMIT,12,0,0,12,0,6,2,4,0,10,14,4,1,1
reliable_delay,confirmed_retry,14106,1,0,0,0,1,COMMIT,20,0,0,20,0,10,2,4,0,10,14,4,1,1
reliable_delay,fixed,14107,0,0,1,0,0,none,0,0,0,0,0,0,0,0,0,-1,-1,0,0,0
reliable_delay,ideal_atomic,14107,1,0,0,0,0,none,0,0,0,0,0,0,0,0,0,0,-1,0,1,1
reliable_delay,command_once,14107,1,0,0,0,0,none,3,0,0,3,0,3,4,10,0,4,-1,0,1,1
reliable_delay,confirmed_once,14107,1,0,0,0,1,COMMIT,12,0,0,12,0,6,3,6,0,9,10,4,1,1
reliable_delay,confirmed_retry,14107,1,0,0,0,1,COMMIT,20,0,0,20,0,10,3,6,0,9,10,4,1,1
reliable_delay,fixed,14108,0,0,1,0,0,none,0,0,0,0,0,0,0,0,0,-1,-1,0,0,0
reliable_delay,ideal_atomic,14108,1,0,0,0,0,none,0,0,0,0,0,0,0,0,0,0,-1,0,1,1
reliable_delay,command_once,14108,1,0,0,0,0,none,3,0,0,3,0,3,4,8,0,4,-1,0,1,1
reliable_delay,confirmed_once,14108,1,0,0,0,1,COMMIT,12,0,0,12,0,6,3,10,0,10,13,4,1,1
reliable_delay,confirmed_retry,14108,1,0,0,0,1,COMMIT,24,0,0,24,0,12,3,10,0,10,13,4,1,1
reliable_delay,fixed,14109,0,0,1,0,0,none,0,0,0,0,0,0,0,0,0,-1,-1,0,0,0
reliable_delay,ideal_atomic,14109,1,0,0,0,0,none,0,0,0,0,0,0,0,0,0,0,-1,0,1,1
reliable_delay,command_once,14109,1,0,0,0,0,none,3,0,0,3,0,3,4,12,0,4,-1,0,1,1
reliable_delay,confirmed_once,14109,1,0,0,0,1,COMMIT,12,0,0,12,0,6,4,8,0,11,15,4,1,1
reliable_delay,confirmed_retry,14109,1,0,0,0,1,COMMIT,24,0,0,24,0,12,2,4,0,9,13,4,1,1
reliable_delay,fixed,14110,0,0,1,0,0,none,0,0,0,0,0,0,0,0,0,-1,-1,0,0,0
reliable_delay,ideal_atomic,14110,1,0,0,0,0,none,0,0,0,0,0,0,0,0,0,0,-1,0,1,1
reliable_delay,command_once,14110,1,0,0,0,0,none,3,0,0,3,0,3,4,8,0,4,-1,0,1,1
reliable_delay,confirmed_once,14110,1,0,0,0,1,COMMIT,12,0,0,12,0,6,4,8,0,11,12,4,1,1
reliable_delay,confirmed_retry,14110,1,0,0,0,1,COMMIT,22,0,0,22,0,11,2,4,0,9,10,4,1,1
reliable_delay,fixed,14111,0,0,1,0,0,none,0,0,0,0,0,0,0,0,0,-1,-1,0,0,0
reliable_delay,ideal_atomic,14111,1,0,0,0,0,none,0,0,0,0,0,0,0,0,0,0,-1,0,1,1
reliable_delay,command_once,14111,1,0,0,0,0,none,3,0,0,3,0,3,2,4,0,2,-1,0,1,1
reliable_delay,confirmed_once,14111,1,0,0,0,1,COMMIT,12,0,0,12,0,6,4,8,0,9,12,4,1,1
reliable_delay,confirmed_retry,14111,1,0,0,0,1,COMMIT,20,0,0,20,0,10,4,8,0,9,12,4,1,1
reliable_delay,fixed,14112,0,0,1,0,0,none,0,0,0,0,0,0,0,0,0,-1,-1,0,0,0
reliable_delay,ideal_atomic,14112,1,0,0,0,0,none,0,0,0,0,0,0,0,0,0,0,-1,0,1,1
reliable_delay,command_once,14112,1,0,0,0,0,none,3,0,0,3,0,3,4,8,0,4,-1,0,1,1
reliable_delay,confirmed_once,14112,1,0,0,0,1,COMMIT,12,0,0,12,0,6,4,8,0,12,13,4,1,1
reliable_delay,confirmed_retry,14112,1,0,0,0,1,COMMIT,18,0,0,18,0,9,4,8,0,12,13,4,1,1
reliable_delay,fixed,14113,0,0,1,0,0,none,0,0,0,0,0,0,0,0,0,-1,-1,0,0,0
reliable_delay,ideal_atomic,14113,1,0,0,0,0,none,0,0,0,0,0,0,0,0,0,0,-1,0,1,1
reliable_delay,command_once,14113,1,0,0,0,0,none,3,0,0,3,0,3,2,6,0,2,-1,0,1,1
reliable_delay,confirmed_once,14113,1,0,0,0,1,COMMIT,12,0,0,12,0,6,4,8,0,9,12,4,1,1
reliable_delay,confirmed_retry,14113,1,0,0,0,1,COMMIT,22,0,0,22,0,11,4,8,0,9,12,4,1,1
reliable_delay,fixed,14114,0,0,1,0,0,none,0,0,0,0,0,0,0,0,0,-1,-1,0,0,0
reliable_delay,ideal_atomic,14114,1,0,0,0,0,none,0,0,0,0,0,0,0,0,0,0,-1,0,1,1
reliable_delay,command_once,14114,1,0,0,0,0,none,3,0,0,3,0,3,4,8,0,4,-1,0,1,1
reliable_delay,confirmed_once,14114,1,0,0,0,1,COMMIT,12,0,0,12,0,6,4,8,0,10,14,4,1,1
reliable_delay,confirmed_retry,14114,1,0,0,0,1,COMMIT,24,0,0,24,0,12,4,8,0,10,14,4,1,1
reliable_delay,fixed,14115,0,0,1,0,0,none,0,0,0,0,0,0,0,0,0,-1,-1,0,0,0
reliable_delay,ideal_atomic,14115,1,0,0,0,0,none,0,0,0,0,0,0,0,0,0,0,-1,0,1,1
reliable_delay,command_once,14115,1,0,0,0,0,none,3,0,0,3,0,3,3,6,0,3,-1,0,1,1
reliable_delay,confirmed_once,14115,1,0,0,0,1,COMMIT,12,0,0,12,0,6,3,6,0,9,13,4,1,1
reliable_delay,confirmed_retry,14115,1,0,0,0,1,COMMIT,24,0,0,24,0,12,3,6,0,9,13,4,1,1
reliable_delay,fixed,14116,0,0,1,0,0,none,0,0,0,0,0,0,0,0,0,-1,-1,0,0,0
reliable_delay,ideal_atomic,14116,1,0,0,0,0,none,0,0,0,0,0,0,0,0,0,0,-1,0,1,1
reliable_delay,command_once,14116,1,0,0,0,0,none,3,0,0,3,0,3,4,8,0,4,-1,0,1,1
reliable_delay,confirmed_once,14116,1,0,0,0,1,COMMIT,12,0,0,12,0,6,4,8,0,12,16,4,1,1
reliable_delay,confirmed_retry,14116,1,0,0,0,1,COMMIT,18,0,0,18,0,9,4,8,0,12,16,4,1,1
reliable_delay,fixed,14117,0,0,1,0,0,none,0,0,0,0,0,0,0,0,0,-1,-1,0,0,0
reliable_delay,ideal_atomic,14117,1,0,0,0,0,none,0,0,0,0,0,0,0,0,0,0,-1,0,1,1
reliable_delay,command_once,14117,1,0,0,0,0,none,3,0,0,3,0,3,4,14,0,4,-1,0,1,1
reliable_delay,confirmed_once,14117,1,0,0,0,1,COMMIT,12,0,0,12,0,6,4,8,0,11,13,4,1,1
reliable_delay,confirmed_retry,14117,1,0,0,0,1,COMMIT,24,0,0,24,0,12,2,4,0,9,13,4,1,1
reliable_delay,fixed,14118,0,0,1,0,0,none,0,0,0,0,0,0,0,0,0,-1,-1,0,0,0
reliable_delay,ideal_atomic,14118,1,0,0,0,0,none,0,0,0,0,0,0,0,0,0,0,-1,0,1,1
reliable_delay,command_once,14118,1,0,0,0,0,none,3,0,0,3,0,3,4,8,0,4,-1,0,1,1
reliable_delay,confirmed_once,14118,1,0,0,0,1,COMMIT,12,0,0,12,0,6,3,6,0,9,11,4,1,1
reliable_delay,confirmed_retry,14118,1,0,0,0,1,COMMIT,24,0,0,24,0,12,3,6,0,9,11,4,1,1
reliable_delay,fixed,14119,0,0,1,0,0,none,0,0,0,0,0,0,0,0,0,-1,-1,0,0,0
reliable_delay,ideal_atomic,14119,1,0,0,0,0,none,0,0,0,0,0,0,0,0,0,0,-1,0,1,1
reliable_delay,command_once,14119,1,0,0,0,0,none,3,0,0,3,0,3,4,14,0,4,-1,0,1,1
reliable_delay,confirmed_once,14119,1,0,0,0,1,COMMIT,12,0,0,12,0,6,2,4,0,9,13,4,1,1
reliable_delay,confirmed_retry,14119,1,0,0,0,1,COMMIT,24,0,0,24,0,12,2,4,0,9,13,4,1,1
reliable_delay,fixed,14120,0,0,1,0,0,none,0,0,0,0,0,0,0,0,0,-1,-1,0,0,0
reliable_delay,ideal_atomic,14120,1,0,0,0,0,none,0,0,0,0,0,0,0,0,0,0,-1,0,1,1
reliable_delay,command_once,14120,1,0,0,0,0,none,3,0,0,3,0,3,4,8,0,4,-1,0,1,1
reliable_delay,confirmed_once,14120,1,0,0,0,1,COMMIT,12,0,0,12,0,6,4,8,0,12,13,4,1,1
reliable_delay,confirmed_retry,14120,1,0,0,0,1,COMMIT,22,0,0,22,0,11,4,8,0,12,13,4,1,1
reliable_delay,fixed,14121,0,0,1,0,0,none,0,0,0,0,0,0,0,0,0,-1,-1,0,0,0
reliable_delay,ideal_atomic,14121,1,0,0,0,0,none,0,0,0,0,0,0,0,0,0,0,-1,0,1,1
reliable_delay,command_once,14121,1,0,0,0,0,none,3,0,0,3,0,3,2,4,0,2,-1,0,1,1
reliable_delay,confirmed_once,14121,1,0,0,0,1,COMMIT,12,0,0,12,0,6,3,6,0,7,9,4,1,1
reliable_delay,confirmed_retry,14121,1,0,0,0,1,COMMIT,14,0,0,14,0,7,3,6,0,7,9,4,1,1
reliable_delay,fixed,14122,0,0,1,0,0,none,0,0,0,0,0,0,0,0,0,-1,-1,0,0,0
reliable_delay,ideal_atomic,14122,1,0,0,0,0,none,0,0,0,0,0,0,0,0,0,0,-1,0,1,1
reliable_delay,command_once,14122,1,0,0,0,0,none,3,0,0,3,0,3,4,8,0,4,-1,0,1,1
reliable_delay,confirmed_once,14122,1,0,0,0,1,COMMIT,12,0,0,12,0,6,4,8,0,10,14,4,1,1
reliable_delay,confirmed_retry,14122,1,0,0,0,1,COMMIT,26,0,0,26,0,13,4,8,0,10,13,4,1,1
reliable_delay,fixed,14123,0,0,1,0,0,none,0,0,0,0,0,0,0,0,0,-1,-1,0,0,0
reliable_delay,ideal_atomic,14123,1,0,0,0,0,none,0,0,0,0,0,0,0,0,0,0,-1,0,1,1
reliable_delay,command_once,14123,1,0,0,0,0,none,3,0,0,3,0,3,4,8,0,4,-1,0,1,1
reliable_delay,confirmed_once,14123,1,0,0,0,1,COMMIT,12,0,0,12,0,6,4,8,0,11,13,4,1,1
reliable_delay,confirmed_retry,14123,1,0,0,0,1,COMMIT,22,0,0,22,0,11,3,6,0,10,12,4,1,1
reliable_delay,fixed,14124,0,0,1,0,0,none,0,0,0,0,0,0,0,0,0,-1,-1,0,0,0
reliable_delay,ideal_atomic,14124,1,0,0,0,0,none,0,0,0,0,0,0,0,0,0,0,-1,0,1,1
reliable_delay,command_once,14124,1,0,0,0,0,none,3,0,0,3,0,3,4,12,0,4,-1,0,1,1
reliable_delay,confirmed_once,14124,1,0,0,0,1,COMMIT,12,0,0,12,0,6,4,12,0,9,12,4,1,1
reliable_delay,confirmed_retry,14124,1,0,0,0,1,COMMIT,20,0,0,20,0,10,4,12,0,9,12,4,1,1
reliable_delay,fixed,14125,0,0,1,0,0,none,0,0,0,0,0,0,0,0,0,-1,-1,0,0,0
reliable_delay,ideal_atomic,14125,1,0,0,0,0,none,0,0,0,0,0,0,0,0,0,0,-1,0,1,1
reliable_delay,command_once,14125,1,0,0,0,0,none,3,0,0,3,0,3,2,4,0,2,-1,0,1,1
reliable_delay,confirmed_once,14125,1,0,0,0,1,COMMIT,12,0,0,12,0,6,4,8,0,9,13,4,1,1
reliable_delay,confirmed_retry,14125,1,0,0,0,1,COMMIT,22,0,0,22,0,11,4,8,0,9,13,4,1,1
reliable_delay,fixed,14126,0,0,1,0,0,none,0,0,0,0,0,0,0,0,0,-1,-1,0,0,0
reliable_delay,ideal_atomic,14126,1,0,0,0,0,none,0,0,0,0,0,0,0,0,0,0,-1,0,1,1
reliable_delay,command_once,14126,1,0,0,0,0,none,3,0,0,3,0,3,4,10,0,4,-1,0,1,1
reliable_delay,confirmed_once,14126,1,0,0,0,1,COMMIT,12,0,0,12,0,6,3,8,0,11,14,4,1,1
reliable_delay,confirmed_retry,14126,1,0,0,0,1,COMMIT,18,0,0,18,0,9,3,8,0,11,14,4,1,1
reliable_delay,fixed,14127,0,0,1,0,0,none,0,0,0,0,0,0,0,0,0,-1,-1,0,0,0
reliable_delay,ideal_atomic,14127,1,0,0,0,0,none,0,0,0,0,0,0,0,0,0,0,-1,0,1,1
reliable_delay,command_once,14127,1,0,0,0,0,none,3,0,0,3,0,3,3,6,0,3,-1,0,1,1
reliable_delay,confirmed_once,14127,1,0,0,0,1,COMMIT,12,0,0,12,0,6,4,8,0,9,11,4,1,1
reliable_delay,confirmed_retry,14127,1,0,0,0,1,COMMIT,20,0,0,20,0,10,4,8,0,9,11,4,1,1
reliable_delay,fixed,14128,0,0,1,0,0,none,0,0,0,0,0,0,0,0,0,-1,-1,0,0,0
reliable_delay,ideal_atomic,14128,1,0,0,0,0,none,0,0,0,0,0,0,0,0,0,0,-1,0,1,1
reliable_delay,command_once,14128,1,0,0,0,0,none,3,0,0,3,0,3,1,2,0,1,-1,0,1,1
reliable_delay,confirmed_once,14128,1,0,0,0,1,COMMIT,12,0,0,12,0,6,2,4,0,6,9,4,1,1
reliable_delay,confirmed_retry,14128,1,0,0,0,1,COMMIT,16,0,0,16,0,8,2,4,0,6,9,4,1,1
reliable_delay,fixed,14129,0,0,1,0,0,none,0,0,0,0,0,0,0,0,0,-1,-1,0,0,0
reliable_delay,ideal_atomic,14129,1,0,0,0,0,none,0,0,0,0,0,0,0,0,0,0,-1,0,1,1
reliable_delay,command_once,14129,1,0,0,0,0,none,3,0,0,3,0,3,4,8,0,4,-1,0,1,1
reliable_delay,confirmed_once,14129,1,0,0,0,1,COMMIT,12,0,0,12,0,6,2,4,0,7,9,4,1,1
reliable_delay,confirmed_retry,14129,1,0,0,0,1,COMMIT,18,0,0,18,0,9,2,4,0,7,9,4,1,1
reliable_delay,fixed,14130,0,0,1,0,0,none,0,0,0,0,0,0,0,0,0,-1,-1,0,0,0
reliable_delay,ideal_atomic,14130,1,0,0,0,0,none,0,0,0,0,0,0,0,0,0,0,-1,0,1,1
reliable_delay,command_once,14130,1,0,0,0,0,none,3,0,0,3,0,3,4,8,0,4,-1,0,1,1
reliable_delay,confirmed_once,14130,1,0,0,0,1,COMMIT,12,0,0,12,0,6,1,2,0,9,11,4,1,1
reliable_delay,confirmed_retry,14130,1,0,0,0,1,COMMIT,16,0,0,16,0,8,1,2,0,9,11,4,1,1
reliable_delay,fixed,14131,0,0,1,0,0,none,0,0,0,0,0,0,0,0,0,-1,-1,0,0,0
reliable_delay,ideal_atomic,14131,1,0,0,0,0,none,0,0,0,0,0,0,0,0,0,0,-1,0,1,1
reliable_delay,command_once,14131,1,0,0,0,0,none,3,0,0,3,0,3,2,4,0,2,-1,0,1,1
reliable_delay,confirmed_once,14131,1,0,0,0,1,COMMIT,12,0,0,12,0,6,4,8,0,8,12,4,1,1
reliable_delay,confirmed_retry,14131,1,0,0,0,1,COMMIT,16,0,0,16,0,8,4,8,0,8,12,4,1,1
reliable_delay,fixed,14132,0,0,1,0,0,none,0,0,0,0,0,0,0,0,0,-1,-1,0,0,0
reliable_delay,ideal_atomic,14132,1,0,0,0,0,none,0,0,0,0,0,0,0,0,0,0,-1,0,1,1
reliable_delay,command_once,14132,1,0,0,0,0,none,3,0,0,3,0,3,3,6,0,3,-1,0,1,1
reliable_delay,confirmed_once,14132,1,0,0,0,1,COMMIT,12,0,0,12,0,6,4,12,0,11,15,4,1,1
reliable_delay,confirmed_retry,14132,1,0,0,0,1,COMMIT,26,0,0,26,0,13,4,12,0,11,15,4,1,1
reliable_delay,fixed,14133,0,0,1,0,0,none,0,0,0,0,0,0,0,0,0,-1,-1,0,0,0
reliable_delay,ideal_atomic,14133,1,0,0,0,0,none,0,0,0,0,0,0,0,0,0,0,-1,0,1,1
reliable_delay,command_once,14133,1,0,0,0,0,none,3,0,0,3,0,3,4,12,0,4,-1,0,1,1
reliable_delay,confirmed_once,14133,1,0,0,0,1,COMMIT,12,0,0,12,0,6,3,10,0,9,11,4,1,1
reliable_delay,confirmed_retry,14133,1,0,0,0,1,COMMIT,20,0,0,20,0,10,3,10,0,9,11,4,1,1
reliable_delay,fixed,14134,0,0,1,0,0,none,0,0,0,0,0,0,0,0,0,-1,-1,0,0,0
reliable_delay,ideal_atomic,14134,1,0,0,0,0,none,0,0,0,0,0,0,0,0,0,0,-1,0,1,1
reliable_delay,command_once,14134,1,0,0,0,0,none,3,0,0,3,0,3,4,8,0,4,-1,0,1,1
reliable_delay,confirmed_once,14134,1,0,0,0,1,COMMIT,12,0,0,12,0,6,4,8,0,12,15,4,1,1
reliable_delay,confirmed_retry,14134,1,0,0,0,1,COMMIT,20,0,0,20,0,10,4,8,0,12,14,4,1,1
reliable_delay,fixed,14135,0,0,1,0,0,none,0,0,0,0,0,0,0,0,0,-1,-1,0,0,0
reliable_delay,ideal_atomic,14135,1,0,0,0,0,none,0,0,0,0,0,0,0,0,0,0,-1,0,1,1
reliable_delay,command_once,14135,1,0,0,0,0,none,3,0,0,3,0,3,3,6,0,3,-1,0,1,1
reliable_delay,confirmed_once,14135,1,0,0,0,1,COMMIT,12,0,0,12,0,6,1,2,0,6,10,4,1,1
reliable_delay,confirmed_retry,14135,1,0,0,0,1,COMMIT,16,0,0,16,0,8,1,2,0,6,10,4,1,1
reliable_delay,fixed,14136,0,0,1,0,0,none,0,0,0,0,0,0,0,0,0,-1,-1,0,0,0
reliable_delay,ideal_atomic,14136,1,0,0,0,0,none,0,0,0,0,0,0,0,0,0,0,-1,0,1,1
reliable_delay,command_once,14136,1,0,0,0,0,none,3,0,0,3,0,3,4,12,0,4,-1,0,1,1
reliable_delay,confirmed_once,14136,1,0,0,0,1,COMMIT,12,0,0,12,0,6,3,6,0,10,14,4,1,1
reliable_delay,confirmed_retry,14136,1,0,0,0,1,COMMIT,22,0,0,22,0,11,2,4,0,9,12,4,1,1
reliable_delay,fixed,14137,0,0,1,0,0,none,0,0,0,0,0,0,0,0,0,-1,-1,0,0,0
reliable_delay,ideal_atomic,14137,1,0,0,0,0,none,0,0,0,0,0,0,0,0,0,0,-1,0,1,1
reliable_delay,command_once,14137,1,0,0,0,0,none,3,0,0,3,0,3,2,4,0,2,-1,0,1,1
reliable_delay,confirmed_once,14137,1,0,0,0,1,COMMIT,12,0,0,12,0,6,4,8,0,9,13,4,1,1
reliable_delay,confirmed_retry,14137,1,0,0,0,1,COMMIT,22,0,0,22,0,11,4,8,0,9,13,4,1,1
reliable_delay,fixed,14138,0,0,1,0,0,none,0,0,0,0,0,0,0,0,0,-1,-1,0,0,0
reliable_delay,ideal_atomic,14138,1,0,0,0,0,none,0,0,0,0,0,0,0,0,0,0,-1,0,1,1
reliable_delay,command_once,14138,1,0,0,0,0,none,3,0,0,3,0,3,4,12,0,4,-1,0,1,1
reliable_delay,confirmed_once,14138,1,0,0,0,1,COMMIT,12,0,0,12,0,6,3,6,0,10,13,4,1,1
reliable_delay,confirmed_retry,14138,1,0,0,0,1,COMMIT,24,0,0,24,0,12,3,6,0,9,13,4,1,1
reliable_delay,fixed,14139,0,0,1,0,0,none,0,0,0,0,0,0,0,0,0,-1,-1,0,0,0
reliable_delay,ideal_atomic,14139,1,0,0,0,0,none,0,0,0,0,0,0,0,0,0,0,-1,0,1,1
reliable_delay,command_once,14139,1,0,0,0,0,none,3,0,0,3,0,3,4,8,0,4,-1,0,1,1
reliable_delay,confirmed_once,14139,1,0,0,0,1,COMMIT,12,0,0,12,0,6,4,10,0,10,14,4,1,1
reliable_delay,confirmed_retry,14139,1,0,0,0,1,COMMIT,20,0,0,20,0,10,3,8,0,9,11,4,1,1
reliable_delay,fixed,14140,0,0,1,0,0,none,0,0,0,0,0,0,0,0,0,-1,-1,0,0,0
reliable_delay,ideal_atomic,14140,1,0,0,0,0,none,0,0,0,0,0,0,0,0,0,0,-1,0,1,1
reliable_delay,command_once,14140,1,0,0,0,0,none,3,0,0,3,0,3,4,8,0,4,-1,0,1,1
reliable_delay,confirmed_once,14140,1,0,0,0,1,COMMIT,12,0,0,12,0,6,1,2,0,9,11,4,1,1
reliable_delay,confirmed_retry,14140,1,0,0,0,1,COMMIT,18,0,0,18,0,9,1,2,0,9,11,4,1,1
reliable_delay,fixed,14141,0,0,1,0,0,none,0,0,0,0,0,0,0,0,0,-1,-1,0,0,0
reliable_delay,ideal_atomic,14141,1,0,0,0,0,none,0,0,0,0,0,0,0,0,0,0,-1,0,1,1
reliable_delay,command_once,14141,1,0,0,0,0,none,3,0,0,3,0,3,4,10,0,4,-1,0,1,1
reliable_delay,confirmed_once,14141,1,0,0,0,1,COMMIT,12,0,0,12,0,6,4,8,0,9,12,4,1,1
reliable_delay,confirmed_retry,14141,1,0,0,0,1,COMMIT,24,0,0,24,0,12,4,8,0,9,12,4,1,1
reliable_delay,fixed,14142,0,0,1,0,0,none,0,0,0,0,0,0,0,0,0,-1,-1,0,0,0
reliable_delay,ideal_atomic,14142,1,0,0,0,0,none,0,0,0,0,0,0,0,0,0,0,-1,0,1,1
reliable_delay,command_once,14142,1,0,0,0,0,none,3,0,0,3,0,3,4,8,0,4,-1,0,1,1
reliable_delay,confirmed_once,14142,1,0,0,0,1,COMMIT,12,0,0,12,0,6,3,6,0,10,14,4,1,1
reliable_delay,confirmed_retry,14142,1,0,0,0,1,COMMIT,24,0,0,24,0,12,3,6,0,10,14,4,1,1
reliable_delay,fixed,14143,0,0,1,0,0,none,0,0,0,0,0,0,0,0,0,-1,-1,0,0,0
reliable_delay,ideal_atomic,14143,1,0,0,0,0,none,0,0,0,0,0,0,0,0,0,0,-1,0,1,1
reliable_delay,command_once,14143,1,0,0,0,0,none,3,0,0,3,0,3,4,10,0,4,-1,0,1,1
reliable_delay,confirmed_once,14143,1,0,0,0,1,COMMIT,12,0,0,12,0,6,4,12,0,10,14,4,1,1
reliable_delay,confirmed_retry,14143,1,0,0,0,1,COMMIT,22,0,0,22,0,11,4,12,0,10,13,4,1,1
reliable_delay,fixed,14144,0,0,1,0,0,none,0,0,0,0,0,0,0,0,0,-1,-1,0,0,0
reliable_delay,ideal_atomic,14144,1,0,0,0,0,none,0,0,0,0,0,0,0,0,0,0,-1,0,1,1
reliable_delay,command_once,14144,1,0,0,0,0,none,3,0,0,3,0,3,4,8,0,4,-1,0,1,1
reliable_delay,confirmed_once,14144,1,0,0,0,1,COMMIT,12,0,0,12,0,6,4,8,0,12,14,4,1,1
reliable_delay,confirmed_retry,14144,1,0,0,0,1,COMMIT,28,0,0,28,0,14,3,6,0,10,13,4,1,1
reliable_delay,fixed,14145,0,0,1,0,0,none,0,0,0,0,0,0,0,0,0,-1,-1,0,0,0
reliable_delay,ideal_atomic,14145,1,0,0,0,0,none,0,0,0,0,0,0,0,0,0,0,-1,0,1,1
reliable_delay,command_once,14145,1,0,0,0,0,none,3,0,0,3,0,3,3,6,0,3,-1,0,1,1
reliable_delay,confirmed_once,14145,1,0,0,0,1,COMMIT,12,0,0,12,0,6,4,8,0,11,12,4,1,1
reliable_delay,confirmed_retry,14145,1,0,0,0,1,COMMIT,24,0,0,24,0,12,4,8,0,11,12,4,1,1
reliable_delay,fixed,14146,0,0,1,0,0,none,0,0,0,0,0,0,0,0,0,-1,-1,0,0,0
reliable_delay,ideal_atomic,14146,1,0,0,0,0,none,0,0,0,0,0,0,0,0,0,0,-1,0,1,1
reliable_delay,command_once,14146,1,0,0,0,0,none,3,0,0,3,0,3,2,4,0,2,-1,0,1,1
reliable_delay,confirmed_once,14146,1,0,0,0,1,COMMIT,12,0,0,12,0,6,4,8,0,10,13,4,1,1
reliable_delay,confirmed_retry,14146,1,0,0,0,1,COMMIT,22,0,0,22,0,11,4,8,0,10,13,4,1,1
reliable_delay,fixed,14147,0,0,1,0,0,none,0,0,0,0,0,0,0,0,0,-1,-1,0,0,0
reliable_delay,ideal_atomic,14147,1,0,0,0,0,none,0,0,0,0,0,0,0,0,0,0,-1,0,1,1
reliable_delay,command_once,14147,1,0,0,0,0,none,3,0,0,3,0,3,3,6,0,3,-1,0,1,1
reliable_delay,confirmed_once,14147,1,0,0,0,1,COMMIT,12,0,0,12,0,6,2,4,0,8,10,4,1,1
reliable_delay,confirmed_retry,14147,1,0,0,0,1,COMMIT,20,0,0,20,0,10,2,4,0,8,10,4,1,1
reliable_delay,fixed,14148,0,0,1,0,0,none,0,0,0,0,0,0,0,0,0,-1,-1,0,0,0
reliable_delay,ideal_atomic,14148,1,0,0,0,0,none,0,0,0,0,0,0,0,0,0,0,-1,0,1,1
reliable_delay,command_once,14148,1,0,0,0,0,none,3,0,0,3,0,3,4,8,0,4,-1,0,1,1
reliable_delay,confirmed_once,14148,1,0,0,0,1,COMMIT,12,0,0,12,0,6,3,6,0,10,14,4,1,1
reliable_delay,confirmed_retry,14148,1,0,0,0,1,COMMIT,22,0,0,22,0,11,3,6,0,10,13,4,1,1
reliable_delay,fixed,14149,0,0,1,0,0,none,0,0,0,0,0,0,0,0,0,-1,-1,0,0,0
reliable_delay,ideal_atomic,14149,1,0,0,0,0,none,0,0,0,0,0,0,0,0,0,0,-1,0,1,1
reliable_delay,command_once,14149,1,0,0,0,0,none,3,0,0,3,0,3,4,8,0,4,-1,0,1,1
reliable_delay,confirmed_once,14149,1,0,0,0,1,COMMIT,12,0,0,12,0,6,3,6,0,10,12,4,1,1
reliable_delay,confirmed_retry,14149,1,0,0,0,1,COMMIT,24,0,0,24,0,12,3,6,0,10,12,4,1,1
reliable_delay,fixed,14150,0,0,1,0,0,none,0,0,0,0,0,0,0,0,0,-1,-1,0,0,0
reliable_delay,ideal_atomic,14150,1,0,0,0,0,none,0,0,0,0,0,0,0,0,0,0,-1,0,1,1
reliable_delay,command_once,14150,1,0,0,0,0,none,3,0,0,3,0,3,2,4,0,2,-1,0,1,1
reliable_delay,confirmed_once,14150,1,0,0,0,1,COMMIT,12,0,0,12,0,6,3,6,0,8,11,4,1,1
reliable_delay,confirmed_retry,14150,1,0,0,0,1,COMMIT,20,0,0,20,0,10,3,6,0,8,11,4,1,1
reliable_delay,fixed,14151,0,0,1,0,0,none,0,0,0,0,0,0,0,0,0,-1,-1,0,0,0
reliable_delay,ideal_atomic,14151,1,0,0,0,0,none,0,0,0,0,0,0,0,0,0,0,-1,0,1,1
reliable_delay,command_once,14151,1,0,0,0,0,none,3,0,0,3,0,3,3,8,0,3,-1,0,1,1
reliable_delay,confirmed_once,14151,1,0,0,0,1,COMMIT,12,0,0,12,0,6,3,8,0,10,13,4,1,1
reliable_delay,confirmed_retry,14151,1,0,0,0,1,COMMIT,24,0,0,24,0,12,3,8,0,10,13,4,1,1
reliable_delay,fixed,14152,0,0,1,0,0,none,0,0,0,0,0,0,0,0,0,-1,-1,0,0,0
reliable_delay,ideal_atomic,14152,1,0,0,0,0,none,0,0,0,0,0,0,0,0,0,0,-1,0,1,1
reliable_delay,command_once,14152,1,0,0,0,0,none,3,0,0,3,0,3,4,8,0,4,-1,0,1,1
reliable_delay,confirmed_once,14152,1,0,0,0,1,COMMIT,12,0,0,12,0,6,2,4,0,10,14,4,1,1
reliable_delay,confirmed_retry,14152,1,0,0,0,1,COMMIT,18,0,0,18,0,9,2,4,0,10,14,4,1,1
reliable_delay,fixed,14153,0,0,1,0,0,none,0,0,0,0,0,0,0,0,0,-1,-1,0,0,0
reliable_delay,ideal_atomic,14153,1,0,0,0,0,none,0,0,0,0,0,0,0,0,0,0,-1,0,1,1
reliable_delay,command_once,14153,1,0,0,0,0,none,3,0,0,3,0,3,3,8,0,3,-1,0,1,1
reliable_delay,confirmed_once,14153,1,0,0,0,1,COMMIT,12,0,0,12,0,6,2,4,0,9,12,4,1,1
reliable_delay,confirmed_retry,14153,1,0,0,0,1,COMMIT,24,0,0,24,0,12,2,4,0,9,12,4,1,1
reliable_delay,fixed,14154,0,0,1,0,0,none,0,0,0,0,0,0,0,0,0,-1,-1,0,0,0
reliable_delay,ideal_atomic,14154,1,0,0,0,0,none,0,0,0,0,0,0,0,0,0,0,-1,0,1,1
reliable_delay,command_once,14154,1,0,0,0,0,none,3,0,0,3,0,3,4,8,0,4,-1,0,1,1
reliable_delay,confirmed_once,14154,1,0,0,0,1,COMMIT,12,0,0,12,0,6,4,8,0,12,14,4,1,1
reliable_delay,confirmed_retry,14154,1,0,0,0,1,COMMIT,26,0,0,26,0,13,4,8,0,10,14,4,1,1
reliable_delay,fixed,14155,0,0,1,0,0,none,0,0,0,0,0,0,0,0,0,-1,-1,0,0,0
reliable_delay,ideal_atomic,14155,1,0,0,0,0,none,0,0,0,0,0,0,0,0,0,0,-1,0,1,1
reliable_delay,command_once,14155,1,0,0,0,0,none,3,0,0,3,0,3,4,10,0,4,-1,0,1,1
reliable_delay,confirmed_once,14155,1,0,0,0,1,COMMIT,12,0,0,12,0,6,3,6,0,10,12,4,1,1
reliable_delay,confirmed_retry,14155,1,0,0,0,1,COMMIT,22,0,0,22,0,11,2,4,0,9,12,4,1,1
reliable_delay,fixed,14156,0,0,1,0,0,none,0,0,0,0,0,0,0,0,0,-1,-1,0,0,0
reliable_delay,ideal_atomic,14156,1,0,0,0,0,none,0,0,0,0,0,0,0,0,0,0,-1,0,1,1
reliable_delay,command_once,14156,1,0,0,0,0,none,3,0,0,3,0,3,4,8,0,4,-1,0,1,1
reliable_delay,confirmed_once,14156,1,0,0,0,1,COMMIT,12,0,0,12,0,6,2,4,0,10,14,4,1,1
reliable_delay,confirmed_retry,14156,1,0,0,0,1,COMMIT,18,0,0,18,0,9,2,4,0,10,14,4,1,1
reliable_delay,fixed,14157,0,0,1,0,0,none,0,0,0,0,0,0,0,0,0,-1,-1,0,0,0
reliable_delay,ideal_atomic,14157,1,0,0,0,0,none,0,0,0,0,0,0,0,0,0,0,-1,0,1,1
reliable_delay,command_once,14157,1,0,0,0,0,none,3,0,0,3,0,3,3,6,0,3,-1,0,1,1
reliable_delay,confirmed_once,14157,1,0,0,0,1,COMMIT,12,0,0,12,0,6,4,10,0,9,11,4,1,1
reliable_delay,confirmed_retry,14157,1,0,0,0,1,COMMIT,16,0,0,16,0,8,4,10,0,9,11,4,1,1
reliable_delay,fixed,14158,0,0,1,0,0,none,0,0,0,0,0,0,0,0,0,-1,-1,0,0,0
reliable_delay,ideal_atomic,14158,1,0,0,0,0,none,0,0,0,0,0,0,0,0,0,0,-1,0,1,1
reliable_delay,command_once,14158,1,0,0,0,0,none,3,0,0,3,0,3,4,10,0,4,-1,0,1,1
reliable_delay,confirmed_once,14158,1,0,0,0,1,COMMIT,12,0,0,12,0,6,4,8,0,9,11,4,1,1
reliable_delay,confirmed_retry,14158,1,0,0,0,1,COMMIT,20,0,0,20,0,10,4,8,0,9,11,4,1,1
reliable_delay,fixed,14159,0,0,1,0,0,none,0,0,0,0,0,0,0,0,0,-1,-1,0,0,0
reliable_delay,ideal_atomic,14159,1,0,0,0,0,none,0,0,0,0,0,0,0,0,0,0,-1,0,1,1
reliable_delay,command_once,14159,1,0,0,0,0,none,3,0,0,3,0,3,4,8,0,4,-1,0,1,1
reliable_delay,confirmed_once,14159,1,0,0,0,1,COMMIT,12,0,0,12,0,6,4,8,0,12,15,4,1,1
reliable_delay,confirmed_retry,14159,1,0,0,0,1,COMMIT,20,0,0,20,0,10,4,8,0,12,15,4,1,1
reliable_delay,fixed,14160,0,0,1,0,0,none,0,0,0,0,0,0,0,0,0,-1,-1,0,0,0
reliable_delay,ideal_atomic,14160,1,0,0,0,0,none,0,0,0,0,0,0,0,0,0,0,-1,0,1,1
reliable_delay,command_once,14160,1,0,0,0,0,none,3,0,0,3,0,3,4,8,0,4,-1,0,1,1
reliable_delay,confirmed_once,14160,1,0,0,0,1,COMMIT,12,0,0,12,0,6,4,8,0,10,12,4,1,1
reliable_delay,confirmed_retry,14160,1,0,0,0,1,COMMIT,24,0,0,24,0,12,4,8,0,10,12,4,1,1
reliable_delay,fixed,14161,0,0,1,0,0,none,0,0,0,0,0,0,0,0,0,-1,-1,0,0,0
reliable_delay,ideal_atomic,14161,1,0,0,0,0,none,0,0,0,0,0,0,0,0,0,0,-1,0,1,1
reliable_delay,command_once,14161,1,0,0,0,0,none,3,0,0,3,0,3,4,10,0,4,-1,0,1,1
reliable_delay,confirmed_once,14161,1,0,0,0,1,COMMIT,12,0,0,12,0,6,4,8,0,10,13,4,1,1
reliable_delay,confirmed_retry,14161,1,0,0,0,1,COMMIT,22,0,0,22,0,11,3,6,0,9,11,4,1,1
reliable_delay,fixed,14162,0,0,1,0,0,none,0,0,0,0,0,0,0,0,0,-1,-1,0,0,0
reliable_delay,ideal_atomic,14162,1,0,0,0,0,none,0,0,0,0,0,0,0,0,0,0,-1,0,1,1
reliable_delay,command_once,14162,1,0,0,0,0,none,3,0,0,3,0,3,3,6,0,3,-1,0,1,1
reliable_delay,confirmed_once,14162,1,0,0,0,1,COMMIT,12,0,0,12,0,6,4,14,0,8,12,4,1,1
reliable_delay,confirmed_retry,14162,1,0,0,0,1,COMMIT,16,0,0,16,0,8,4,14,0,8,12,4,1,1
reliable_delay,fixed,14163,0,0,1,0,0,none,0,0,0,0,0,0,0,0,0,-1,-1,0,0,0
reliable_delay,ideal_atomic,14163,1,0,0,0,0,none,0,0,0,0,0,0,0,0,0,0,-1,0,1,1
reliable_delay,command_once,14163,1,0,0,0,0,none,3,0,0,3,0,3,3,10,0,3,-1,0,1,1
reliable_delay,confirmed_once,14163,1,0,0,0,1,COMMIT,12,0,0,12,0,6,4,8,0,11,12,4,1,1
reliable_delay,confirmed_retry,14163,1,0,0,0,1,COMMIT,22,0,0,22,0,11,3,6,0,10,12,4,1,1
reliable_delay,fixed,14164,0,0,1,0,0,none,0,0,0,0,0,0,0,0,0,-1,-1,0,0,0
reliable_delay,ideal_atomic,14164,1,0,0,0,0,none,0,0,0,0,0,0,0,0,0,0,-1,0,1,1
reliable_delay,command_once,14164,1,0,0,0,0,none,3,0,0,3,0,3,4,14,0,4,-1,0,1,1
reliable_delay,confirmed_once,14164,1,0,0,0,1,COMMIT,12,0,0,12,0,6,4,10,0,12,15,4,1,1
reliable_delay,confirmed_retry,14164,1,0,0,0,1,COMMIT,24,0,0,24,0,12,3,6,0,10,11,4,1,1
reliable_delay,fixed,14165,0,0,1,0,0,none,0,0,0,0,0,0,0,0,0,-1,-1,0,0,0
reliable_delay,ideal_atomic,14165,1,0,0,0,0,none,0,0,0,0,0,0,0,0,0,0,-1,0,1,1
reliable_delay,command_once,14165,1,0,0,0,0,none,3,0,0,3,0,3,4,8,0,4,-1,0,1,1
reliable_delay,confirmed_once,14165,1,0,0,0,1,COMMIT,12,0,0,12,0,6,4,8,0,10,12,4,1,1
reliable_delay,confirmed_retry,14165,1,0,0,0,1,COMMIT,22,0,0,22,0,11,3,6,0,9,12,4,1,1
reliable_delay,fixed,14166,0,0,1,0,0,none,0,0,0,0,0,0,0,0,0,-1,-1,0,0,0
reliable_delay,ideal_atomic,14166,1,0,0,0,0,none,0,0,0,0,0,0,0,0,0,0,-1,0,1,1
reliable_delay,command_once,14166,1,0,0,0,0,none,3,0,0,3,0,3,4,8,0,4,-1,0,1,1
reliable_delay,confirmed_once,14166,1,0,0,0,1,COMMIT,12,0,0,12,0,6,4,8,0,9,12,4,1,1
reliable_delay,confirmed_retry,14166,1,0,0,0,1,COMMIT,18,0,0,18,0,9,4,8,0,9,12,4,1,1
reliable_delay,fixed,14167,0,0,1,0,0,none,0,0,0,0,0,0,0,0,0,-1,-1,0,0,0
reliable_delay,ideal_atomic,14167,1,0,0,0,0,none,0,0,0,0,0,0,0,0,0,0,-1,0,1,1
reliable_delay,command_once,14167,1,0,0,0,0,none,3,0,0,3,0,3,3,6,0,3,-1,0,1,1
reliable_delay,confirmed_once,14167,1,0,0,0,1,COMMIT,12,0,0,12,0,6,4,8,0,11,13,4,1,1
reliable_delay,confirmed_retry,14167,1,0,0,0,1,COMMIT,22,0,0,22,0,11,4,8,0,11,13,4,1,1
reliable_delay,fixed,14168,0,0,1,0,0,none,0,0,0,0,0,0,0,0,0,-1,-1,0,0,0
reliable_delay,ideal_atomic,14168,1,0,0,0,0,none,0,0,0,0,0,0,0,0,0,0,-1,0,1,1
reliable_delay,command_once,14168,1,0,0,0,0,none,3,0,0,3,0,3,3,6,0,3,-1,0,1,1
reliable_delay,confirmed_once,14168,1,0,0,0,1,COMMIT,12,0,0,12,0,6,1,2,0,6,10,4,1,1
reliable_delay,confirmed_retry,14168,1,0,0,0,1,COMMIT,20,0,0,20,0,10,1,2,0,6,10,4,1,1
reliable_delay,fixed,14169,0,0,1,0,0,none,0,0,0,0,0,0,0,0,0,-1,-1,0,0,0
reliable_delay,ideal_atomic,14169,1,0,0,0,0,none,0,0,0,0,0,0,0,0,0,0,-1,0,1,1
reliable_delay,command_once,14169,1,0,0,0,0,none,3,0,0,3,0,3,3,6,0,3,-1,0,1,1
reliable_delay,confirmed_once,14169,1,0,0,0,1,COMMIT,12,0,0,12,0,6,1,2,0,7,11,4,1,1
reliable_delay,confirmed_retry,14169,1,0,0,0,1,COMMIT,20,0,0,20,0,10,1,2,0,7,11,4,1,1
reliable_delay,fixed,14170,0,0,1,0,0,none,0,0,0,0,0,0,0,0,0,-1,-1,0,0,0
reliable_delay,ideal_atomic,14170,1,0,0,0,0,none,0,0,0,0,0,0,0,0,0,0,-1,0,1,1
reliable_delay,command_once,14170,1,0,0,0,0,none,3,0,0,3,0,3,4,8,0,4,-1,0,1,1
reliable_delay,confirmed_once,14170,1,0,0,0,1,COMMIT,12,0,0,12,0,6,3,6,0,8,10,4,1,1
reliable_delay,confirmed_retry,14170,1,0,0,0,1,COMMIT,20,0,0,20,0,10,3,6,0,8,10,4,1,1
reliable_delay,fixed,14171,0,0,1,0,0,none,0,0,0,0,0,0,0,0,0,-1,-1,0,0,0
reliable_delay,ideal_atomic,14171,1,0,0,0,0,none,0,0,0,0,0,0,0,0,0,0,-1,0,1,1
reliable_delay,command_once,14171,1,0,0,0,0,none,3,0,0,3,0,3,3,8,0,3,-1,0,1,1
reliable_delay,confirmed_once,14171,1,0,0,0,1,COMMIT,12,0,0,12,0,6,4,8,0,10,12,4,1,1
reliable_delay,confirmed_retry,14171,1,0,0,0,1,COMMIT,22,0,0,22,0,11,3,6,0,9,12,4,1,1
reliable_delay,fixed,14172,0,0,1,0,0,none,0,0,0,0,0,0,0,0,0,-1,-1,0,0,0
reliable_delay,ideal_atomic,14172,1,0,0,0,0,none,0,0,0,0,0,0,0,0,0,0,-1,0,1,1
reliable_delay,command_once,14172,1,0,0,0,0,none,3,0,0,3,0,3,4,8,0,4,-1,0,1,1
reliable_delay,confirmed_once,14172,1,0,0,0,1,COMMIT,12,0,0,12,0,6,3,6,0,9,12,4,1,1
reliable_delay,confirmed_retry,14172,1,0,0,0,1,COMMIT,24,0,0,24,0,12,3,6,0,9,12,4,1,1
reliable_delay,fixed,14173,0,0,1,0,0,none,0,0,0,0,0,0,0,0,0,-1,-1,0,0,0
reliable_delay,ideal_atomic,14173,1,0,0,0,0,none,0,0,0,0,0,0,0,0,0,0,-1,0,1,1
reliable_delay,command_once,14173,1,0,0,0,0,none,3,0,0,3,0,3,4,8,0,4,-1,0,1,1
reliable_delay,confirmed_once,14173,1,0,0,0,1,COMMIT,12,0,0,12,0,6,4,8,0,10,13,4,1,1
reliable_delay,confirmed_retry,14173,1,0,0,0,1,COMMIT,24,0,0,24,0,12,3,6,0,9,13,4,1,1
reliable_delay,fixed,14174,0,0,1,0,0,none,0,0,0,0,0,0,0,0,0,-1,-1,0,0,0
reliable_delay,ideal_atomic,14174,1,0,0,0,0,none,0,0,0,0,0,0,0,0,0,0,-1,0,1,1
reliable_delay,command_once,14174,1,0,0,0,0,none,3,0,0,3,0,3,3,6,0,3,-1,0,1,1
reliable_delay,confirmed_once,14174,1,0,0,0,1,COMMIT,12,0,0,12,0,6,4,10,0,10,12,4,1,1
reliable_delay,confirmed_retry,14174,1,0,0,0,1,COMMIT,22,0,0,22,0,11,3,8,0,9,12,4,1,1
reliable_delay,fixed,14175,0,0,1,0,0,none,0,0,0,0,0,0,0,0,0,-1,-1,0,0,0
reliable_delay,ideal_atomic,14175,1,0,0,0,0,none,0,0,0,0,0,0,0,0,0,0,-1,0,1,1
reliable_delay,command_once,14175,1,0,0,0,0,none,3,0,0,3,0,3,4,8,0,4,-1,0,1,1
reliable_delay,confirmed_once,14175,1,0,0,0,1,COMMIT,12,0,0,12,0,6,4,8,0,10,14,4,1,1
reliable_delay,confirmed_retry,14175,1,0,0,0,1,COMMIT,22,0,0,22,0,11,4,8,0,10,14,4,1,1
reliable_delay,fixed,14176,0,0,1,0,0,none,0,0,0,0,0,0,0,0,0,-1,-1,0,0,0
reliable_delay,ideal_atomic,14176,1,0,0,0,0,none,0,0,0,0,0,0,0,0,0,0,-1,0,1,1
reliable_delay,command_once,14176,1,0,0,0,0,none,3,0,0,3,0,3,4,8,0,4,-1,0,1,1
reliable_delay,confirmed_once,14176,1,0,0,0,1,COMMIT,12,0,0,12,0,6,3,6,0,11,14,4,1,1
reliable_delay,confirmed_retry,14176,1,0,0,0,1,COMMIT,16,0,0,16,0,8,3,6,0,11,14,4,1,1
reliable_delay,fixed,14177,0,0,1,0,0,none,0,0,0,0,0,0,0,0,0,-1,-1,0,0,0
reliable_delay,ideal_atomic,14177,1,0,0,0,0,none,0,0,0,0,0,0,0,0,0,0,-1,0,1,1
reliable_delay,command_once,14177,1,0,0,0,0,none,3,0,0,3,0,3,4,8,0,4,-1,0,1,1
reliable_delay,confirmed_once,14177,1,0,0,0,1,COMMIT,12,0,0,12,0,6,3,6,0,10,11,4,1,1
reliable_delay,confirmed_retry,14177,1,0,0,0,1,COMMIT,24,0,0,24,0,12,3,6,0,10,11,4,1,1
reliable_delay,fixed,14178,0,0,1,0,0,none,0,0,0,0,0,0,0,0,0,-1,-1,0,0,0
reliable_delay,ideal_atomic,14178,1,0,0,0,0,none,0,0,0,0,0,0,0,0,0,0,-1,0,1,1
reliable_delay,command_once,14178,1,0,0,0,0,none,3,0,0,3,0,3,4,10,0,4,-1,0,1,1
reliable_delay,confirmed_once,14178,1,0,0,0,1,COMMIT,12,0,0,12,0,6,4,12,0,11,14,4,1,1
reliable_delay,confirmed_retry,14178,1,0,0,0,1,COMMIT,24,0,0,24,0,12,4,12,0,11,14,4,1,1
reliable_delay,fixed,14179,0,0,1,0,0,none,0,0,0,0,0,0,0,0,0,-1,-1,0,0,0
reliable_delay,ideal_atomic,14179,1,0,0,0,0,none,0,0,0,0,0,0,0,0,0,0,-1,0,1,1
reliable_delay,command_once,14179,1,0,0,0,0,none,3,0,0,3,0,3,4,8,0,4,-1,0,1,1
reliable_delay,confirmed_once,14179,1,0,0,0,1,COMMIT,12,0,0,12,0,6,4,8,0,9,13,4,1,1
reliable_delay,confirmed_retry,14179,1,0,0,0,1,COMMIT,24,0,0,24,0,12,4,8,0,9,13,4,1,1
reliable_delay,fixed,14180,0,0,1,0,0,none,0,0,0,0,0,0,0,0,0,-1,-1,0,0,0
reliable_delay,ideal_atomic,14180,1,0,0,0,0,none,0,0,0,0,0,0,0,0,0,0,-1,0,1,1
reliable_delay,command_once,14180,1,0,0,0,0,none,3,0,0,3,0,3,4,8,0,4,-1,0,1,1
reliable_delay,confirmed_once,14180,1,0,0,0,1,COMMIT,12,0,0,12,0,6,3,6,0,11,15,4,1,1
reliable_delay,confirmed_retry,14180,1,0,0,0,1,COMMIT,16,0,0,16,0,8,3,6,0,11,15,4,1,1
reliable_delay,fixed,14181,0,0,1,0,0,none,0,0,0,0,0,0,0,0,0,-1,-1,0,0,0
reliable_delay,ideal_atomic,14181,1,0,0,0,0,none,0,0,0,0,0,0,0,0,0,0,-1,0,1,1
reliable_delay,command_once,14181,1,0,0,0,0,none,3,0,0,3,0,3,4,8,0,4,-1,0,1,1
reliable_delay,confirmed_once,14181,1,0,0,0,1,COMMIT,12,0,0,12,0,6,4,10,0,10,13,4,1,1
reliable_delay,confirmed_retry,14181,1,0,0,0,1,COMMIT,24,0,0,24,0,12,4,10,0,10,13,4,1,1
reliable_delay,fixed,14182,0,0,1,0,0,none,0,0,0,0,0,0,0,0,0,-1,-1,0,0,0
reliable_delay,ideal_atomic,14182,1,0,0,0,0,none,0,0,0,0,0,0,0,0,0,0,-1,0,1,1
reliable_delay,command_once,14182,1,0,0,0,0,none,3,0,0,3,0,3,3,6,0,3,-1,0,1,1
reliable_delay,confirmed_once,14182,1,0,0,0,1,COMMIT,12,0,0,12,0,6,4,8,0,11,13,4,1,1
reliable_delay,confirmed_retry,14182,1,0,0,0,1,COMMIT,24,0,0,24,0,12,4,8,0,11,13,4,1,1
reliable_delay,fixed,14183,0,0,1,0,0,none,0,0,0,0,0,0,0,0,0,-1,-1,0,0,0
reliable_delay,ideal_atomic,14183,1,0,0,0,0,none,0,0,0,0,0,0,0,0,0,0,-1,0,1,1
reliable_delay,command_once,14183,1,0,0,0,0,none,3,0,0,3,0,3,4,10,0,4,-1,0,1,1
reliable_delay,confirmed_once,14183,1,0,0,0,1,COMMIT,12,0,0,12,0,6,4,8,0,12,16,4,1,1
reliable_delay,confirmed_retry,14183,1,0,0,0,1,COMMIT,22,0,0,22,0,11,4,8,0,12,15,4,1,1
reliable_delay,fixed,14184,0,0,1,0,0,none,0,0,0,0,0,0,0,0,0,-1,-1,0,0,0
reliable_delay,ideal_atomic,14184,1,0,0,0,0,none,0,0,0,0,0,0,0,0,0,0,-1,0,1,1
reliable_delay,command_once,14184,1,0,0,0,0,none,3,0,0,3,0,3,4,8,0,4,-1,0,1,1
reliable_delay,confirmed_once,14184,1,0,0,0,1,COMMIT,12,0,0,12,0,6,4,8,0,11,15,4,1,1
reliable_delay,confirmed_retry,14184,1,0,0,0,1,COMMIT,26,0,0,26,0,13,3,6,0,10,13,4,1,1
reliable_delay,fixed,14185,0,0,1,0,0,none,0,0,0,0,0,0,0,0,0,-1,-1,0,0,0
reliable_delay,ideal_atomic,14185,1,0,0,0,0,none,0,0,0,0,0,0,0,0,0,0,-1,0,1,1
reliable_delay,command_once,14185,1,0,0,0,0,none,3,0,0,3,0,3,4,8,0,4,-1,0,1,1
reliable_delay,confirmed_once,14185,1,0,0,0,1,COMMIT,12,0,0,12,0,6,1,2,0,9,13,4,1,1
reliable_delay,confirmed_retry,14185,1,0,0,0,1,COMMIT,18,0,0,18,0,9,1,2,0,9,13,4,1,1
reliable_delay,fixed,14186,0,0,1,0,0,none,0,0,0,0,0,0,0,0,0,-1,-1,0,0,0
reliable_delay,ideal_atomic,14186,1,0,0,0,0,none,0,0,0,0,0,0,0,0,0,0,-1,0,1,1
reliable_delay,command_once,14186,1,0,0,0,0,none,3,0,0,3,0,3,3,6,0,3,-1,0,1,1
reliable_delay,confirmed_once,14186,1,0,0,0,1,COMMIT,12,0,0,12,0,6,3,6,0,8,11,4,1,1
reliable_delay,confirmed_retry,14186,1,0,0,0,1,COMMIT,20,0,0,20,0,10,3,6,0,8,11,4,1,1
reliable_delay,fixed,14187,0,0,1,0,0,none,0,0,0,0,0,0,0,0,0,-1,-1,0,0,0
reliable_delay,ideal_atomic,14187,1,0,0,0,0,none,0,0,0,0,0,0,0,0,0,0,-1,0,1,1
reliable_delay,command_once,14187,1,0,0,0,0,none,3,0,0,3,0,3,3,6,0,3,-1,0,1,1
reliable_delay,confirmed_once,14187,1,0,0,0,1,COMMIT,12,0,0,12,0,6,4,10,0,10,14,4,1,1
reliable_delay,confirmed_retry,14187,1,0,0,0,1,COMMIT,24,0,0,24,0,12,4,10,0,10,14,4,1,1
reliable_delay,fixed,14188,0,0,1,0,0,none,0,0,0,0,0,0,0,0,0,-1,-1,0,0,0
reliable_delay,ideal_atomic,14188,1,0,0,0,0,none,0,0,0,0,0,0,0,0,0,0,-1,0,1,1
reliable_delay,command_once,14188,1,0,0,0,0,none,3,0,0,3,0,3,4,8,0,4,-1,0,1,1
reliable_delay,confirmed_once,14188,1,0,0,0,1,COMMIT,12,0,0,12,0,6,4,8,0,9,13,4,1,1
reliable_delay,confirmed_retry,14188,1,0,0,0,1,COMMIT,22,0,0,22,0,11,4,8,0,9,12,4,1,1
reliable_delay,fixed,14189,0,0,1,0,0,none,0,0,0,0,0,0,0,0,0,-1,-1,0,0,0
reliable_delay,ideal_atomic,14189,1,0,0,0,0,none,0,0,0,0,0,0,0,0,0,0,-1,0,1,1
reliable_delay,command_once,14189,1,0,0,0,0,none,3,0,0,3,0,3,3,6,0,3,-1,0,1,1
reliable_delay,confirmed_once,14189,1,0,0,0,1,COMMIT,12,0,0,12,0,6,2,6,0,9,13,4,1,1
reliable_delay,confirmed_retry,14189,1,0,0,0,1,COMMIT,24,0,0,24,0,12,2,6,0,9,13,4,1,1
reliable_delay,fixed,14190,0,0,1,0,0,none,0,0,0,0,0,0,0,0,0,-1,-1,0,0,0
reliable_delay,ideal_atomic,14190,1,0,0,0,0,none,0,0,0,0,0,0,0,0,0,0,-1,0,1,1
reliable_delay,command_once,14190,1,0,0,0,0,none,3,0,0,3,0,3,4,8,0,4,-1,0,1,1
reliable_delay,confirmed_once,14190,1,0,0,0,1,COMMIT,12,0,0,12,0,6,4,8,0,12,15,4,1,1
reliable_delay,confirmed_retry,14190,1,0,0,0,1,COMMIT,22,0,0,22,0,11,4,8,0,12,15,4,1,1
reliable_delay,fixed,14191,0,0,1,0,0,none,0,0,0,0,0,0,0,0,0,-1,-1,0,0,0
reliable_delay,ideal_atomic,14191,1,0,0,0,0,none,0,0,0,0,0,0,0,0,0,0,-1,0,1,1
reliable_delay,command_once,14191,1,0,0,0,0,none,3,0,0,3,0,3,1,2,0,1,-1,0,1,1
reliable_delay,confirmed_once,14191,1,0,0,0,1,COMMIT,12,0,0,12,0,6,4,12,0,9,13,4,1,1
reliable_delay,confirmed_retry,14191,1,0,0,0,1,COMMIT,22,0,0,22,0,11,4,12,0,9,13,4,1,1
reliable_delay,fixed,14192,0,0,1,0,0,none,0,0,0,0,0,0,0,0,0,-1,-1,0,0,0
reliable_delay,ideal_atomic,14192,1,0,0,0,0,none,0,0,0,0,0,0,0,0,0,0,-1,0,1,1
reliable_delay,command_once,14192,1,0,0,0,0,none,3,0,0,3,0,3,4,10,0,4,-1,0,1,1
reliable_delay,confirmed_once,14192,1,0,0,0,1,COMMIT,12,0,0,12,0,6,4,8,0,9,12,4,1,1
reliable_delay,confirmed_retry,14192,1,0,0,0,1,COMMIT,20,0,0,20,0,10,4,8,0,9,12,4,1,1
reliable_delay,fixed,14193,0,0,1,0,0,none,0,0,0,0,0,0,0,0,0,-1,-1,0,0,0
reliable_delay,ideal_atomic,14193,1,0,0,0,0,none,0,0,0,0,0,0,0,0,0,0,-1,0,1,1
reliable_delay,command_once,14193,1,0,0,0,0,none,3,0,0,3,0,3,3,6,0,3,-1,0,1,1
reliable_delay,confirmed_once,14193,1,0,0,0,1,COMMIT,12,0,0,12,0,6,4,10,0,11,12,4,1,1
reliable_delay,confirmed_retry,14193,1,0,0,0,1,COMMIT,22,0,0,22,0,11,4,10,0,11,12,4,1,1
reliable_delay,fixed,14194,0,0,1,0,0,none,0,0,0,0,0,0,0,0,0,-1,-1,0,0,0
reliable_delay,ideal_atomic,14194,1,0,0,0,0,none,0,0,0,0,0,0,0,0,0,0,-1,0,1,1
reliable_delay,command_once,14194,1,0,0,0,0,none,3,0,0,3,0,3,4,8,0,4,-1,0,1,1
reliable_delay,confirmed_once,14194,1,0,0,0,1,COMMIT,12,0,0,12,0,6,3,6,0,9,13,4,1,1
reliable_delay,confirmed_retry,14194,1,0,0,0,1,COMMIT,22,0,0,22,0,11,3,6,0,9,13,4,1,1
reliable_delay,fixed,14195,0,0,1,0,0,none,0,0,0,0,0,0,0,0,0,-1,-1,0,0,0
reliable_delay,ideal_atomic,14195,1,0,0,0,0,none,0,0,0,0,0,0,0,0,0,0,-1,0,1,1
reliable_delay,command_once,14195,1,0,0,0,0,none,3,0,0,3,0,3,4,8,0,4,-1,0,1,1
reliable_delay,confirmed_once,14195,1,0,0,0,1,COMMIT,12,0,0,12,0,6,4,8,0,10,13,4,1,1
reliable_delay,confirmed_retry,14195,1,0,0,0,1,COMMIT,24,0,0,24,0,12,4,8,0,10,13,4,1,1
reliable_delay,fixed,14196,0,0,1,0,0,none,0,0,0,0,0,0,0,0,0,-1,-1,0,0,0
reliable_delay,ideal_atomic,14196,1,0,0,0,0,none,0,0,0,0,0,0,0,0,0,0,-1,0,1,1
reliable_delay,command_once,14196,1,0,0,0,0,none,3,0,0,3,0,3,3,8,0,3,-1,0,1,1
reliable_delay,confirmed_once,14196,1,0,0,0,1,COMMIT,12,0,0,12,0,6,2,4,0,6,9,4,1,1
reliable_delay,confirmed_retry,14196,1,0,0,0,1,COMMIT,16,0,0,16,0,8,2,4,0,6,9,4,1,1
reliable_delay,fixed,14197,0,0,1,0,0,none,0,0,0,0,0,0,0,0,0,-1,-1,0,0,0
reliable_delay,ideal_atomic,14197,1,0,0,0,0,none,0,0,0,0,0,0,0,0,0,0,-1,0,1,1
reliable_delay,command_once,14197,1,0,0,0,0,none,3,0,0,3,0,3,3,6,0,3,-1,0,1,1
reliable_delay,confirmed_once,14197,1,0,0,0,1,COMMIT,12,0,0,12,0,6,4,12,0,9,12,4,1,1
reliable_delay,confirmed_retry,14197,1,0,0,0,1,COMMIT,18,0,0,18,0,9,4,12,0,9,12,4,1,1
reliable_delay,fixed,14198,0,0,1,0,0,none,0,0,0,0,0,0,0,0,0,-1,-1,0,0,0
reliable_delay,ideal_atomic,14198,1,0,0,0,0,none,0,0,0,0,0,0,0,0,0,0,-1,0,1,1
reliable_delay,command_once,14198,1,0,0,0,0,none,3,0,0,3,0,3,4,8,0,4,-1,0,1,1
reliable_delay,confirmed_once,14198,1,0,0,0,1,COMMIT,12,0,0,12,0,6,4,8,0,12,15,4,1,1
reliable_delay,confirmed_retry,14198,1,0,0,0,1,COMMIT,22,0,0,22,0,11,4,8,0,12,15,4,1,1
reliable_delay,fixed,14199,0,0,1,0,0,none,0,0,0,0,0,0,0,0,0,-1,-1,0,0,0
reliable_delay,ideal_atomic,14199,1,0,0,0,0,none,0,0,0,0,0,0,0,0,0,0,-1,0,1,1
reliable_delay,command_once,14199,1,0,0,0,0,none,3,0,0,3,0,3,4,8,0,4,-1,0,1,1
reliable_delay,confirmed_once,14199,1,0,0,0,1,COMMIT,12,0,0,12,0,6,4,8,0,11,13,4,1,1
reliable_delay,confirmed_retry,14199,1,0,0,0,1,COMMIT,24,0,0,24,0,12,4,8,0,11,13,4,1,1
loss_10,fixed,14000,0,0,1,0,0,none,0,0,0,0,0,0,0,0,0,-1,-1,0,0,0
loss_10,ideal_atomic,14000,1,0,0,0,0,none,0,0,0,0,0,0,0,0,0,0,-1,0,1,1
loss_10,command_once,14000,0,1,0,0,0,none,3,1,0,2,0,3,80,160,0,-1,-1,0,1,1
loss_10,confirmed_once,14000,0,0,1,0,0,ABORT,11,3,0,8,0,6,0,0,0,-1,-1,3,0,0
loss_10,confirmed_retry,14000,1,0,0,0,1,COMMIT,26,3,0,23,0,14,5,14,0,14,18,4,1,1
loss_10,fixed,14001,0,0,1,0,0,none,0,0,0,0,0,0,0,0,0,-1,-1,0,0,0
loss_10,ideal_atomic,14001,1,0,0,0,0,none,0,0,0,0,0,0,0,0,0,0,-1,0,1,1
loss_10,command_once,14001,1,0,0,0,0,none,3,0,0,3,0,3,4,8,0,4,-1,0,1,1
loss_10,confirmed_once,14001,1,0,0,0,1,COMMIT,12,0,0,12,0,6,4,8,0,11,13,4,1,1
loss_10,confirmed_retry,14001,1,0,0,0,1,COMMIT,24,1,0,23,0,12,4,8,0,11,13,4,1,1
loss_10,fixed,14002,0,0,1,0,0,none,0,0,0,0,0,0,0,0,0,-1,-1,0,0,0
loss_10,ideal_atomic,14002,1,0,0,0,0,none,0,0,0,0,0,0,0,0,0,0,-1,0,1,1
loss_10,command_once,14002,1,0,0,0,0,none,3,0,0,3,0,3,2,6,0,2,-1,0,1,1
loss_10,confirmed_once,14002,0,1,0,1,0,COMMIT,11,1,0,10,0,6,77,154,0,-1,-1,4,1,1
loss_10,confirmed_retry,14002,1,0,0,0,1,COMMIT,19,3,0,16,0,10,4,8,0,7,10,4,1,1
loss_10,fixed,14003,0,0,1,0,0,none,0,0,0,0,0,0,0,0,0,-1,-1,0,0,0
loss_10,ideal_atomic,14003,1,0,0,0,0,none,0,0,0,0,0,0,0,0,0,0,-1,0,1,1
loss_10,command_once,14003,0,1,0,0,0,none,3,1,0,2,0,3,80,162,0,-1,-1,0,1,1
loss_10,confirmed_once,14003,0,0,1,0,1,ABORT,11,1,0,10,0,6,0,0,0,-1,23,3,0,0
loss_10,confirmed_retry,14003,1,0,0,0,1,COMMIT,25,4,0,21,0,14,4,10,0,17,21,4,1,1
loss_10,fixed,14004,0,0,1,0,0,none,0,0,0,0,0,0,0,0,0,-1,-1,0,0,0
loss_10,ideal_atomic,14004,1,0,0,0,0,none,0,0,0,0,0,0,0,0,0,0,-1,0,1,1
loss_10,command_once,14004,1,0,0,0,0,none,3,0,0,3,0,3,4,8,0,4,-1,0,1,1
loss_10,confirmed_once,14004,1,0,0,0,1,COMMIT,12,0,0,12,0,6,3,8,0,11,15,4,1,1
loss_10,confirmed_retry,14004,1,0,0,0,1,COMMIT,19,1,0,18,0,10,3,8,0,11,15,4,1,1
loss_10,fixed,14005,0,0,1,0,0,none,0,0,0,0,0,0,0,0,0,-1,-1,0,0,0
loss_10,ideal_atomic,14005,1,0,0,0,0,none,0,0,0,0,0,0,0,0,0,0,-1,0,1,1
loss_10,command_once,14005,1,0,0,0,0,none,3,0,0,3,0,3,3,8,0,3,-1,0,1,1
loss_10,confirmed_once,14005,0,0,1,0,1,ABORT,12,1,0,11,0,6,0,0,0,-1,23,4,0,0
loss_10,confirmed_retry,14005,1,0,0,0,1,COMMIT,22,2,0,20,0,11,1,2,0,15,19,4,1,1
loss_10,fixed,14006,0,0,1,0,0,none,0,0,0,0,0,0,0,0,0,-1,-1,0,0,0
loss_10,ideal_atomic,14006,1,0,0,0,0,none,0,0,0,0,0,0,0,0,0,0,-1,0,1,1
loss_10,command_once,14006,0,1,0,0,0,none,3,1,0,2,0,3,80,160,0,-1,-1,0,1,1
loss_10,confirmed_once,14006,0,0,1,0,0,ABORT,11,2,0,9,0,6,0,0,0,-1,-1,3,0,0
loss_10,confirmed_retry,14006,1,0,0,0,1,COMMIT,23,7,0,16,0,14,8,16,0,15,19,4,1,1
loss_10,fixed,14007,0,0,1,0,0,none,0,0,0,0,0,0,0,0,0,-1,-1,0,0,0
loss_10,ideal_atomic,14007,1,0,0,0,0,none,0,0,0,0,0,0,0,0,0,0,-1,0,1,1
loss_10,command_once,14007,0,1,0,0,0,none,3,1,0,2,0,3,80,162,0,-1,-1,0,1,1
loss_10,confirmed_once,14007,0,0,1,0,1,ABORT,11,1,0,10,0,6,0,0,0,-1,24,3,0,0
loss_10,confirmed_retry,14007,1,0,0,0,1,COMMIT,21,2,0,19,0,11,3,6,0,13,17,4,1,1
loss_10,fixed,14008,0,0,1,0,0,none,0,0,0,0,0,0,0,0,0,-1,-1,0,0,0
loss_10,ideal_atomic,14008,1,0,0,0,0,none,0,0,0,0,0,0,0,0,0,0,-1,0,1,1
loss_10,command_once,14008,0,1,0,0,0,none,3,1,0,2,0,3,80,160,0,-1,-1,0,0,1
loss_10,confirmed_once,14008,0,0,1,0,0,ABORT,11,2,0,9,0,6,0,0,0,-1,-1,3,0,0
loss_10,confirmed_retry,14008,1,0,0,0,1,COMMIT,19,2,0,17,0,10,3,6,0,11,15,4,1,1
loss_10,fixed,14009,0,0,1,0,0,none,0,0,0,0,0,0,0,0,0,-1,-1,0,0,0
loss_10,ideal_atomic,14009,1,0,0,0,0,none,0,0,0,0,0,0,0,0,0,0,-1,0,1,1
loss_10,command_once,14009,0,1,0,0,0,none,3,1,0,2,0,3,80,162,0,-1,-1,0,0,1
loss_10,confirmed_once,14009,0,0,1,2,0,ABORT,9,3,0,6,0,6,0,0,0,-1,-1,3,0,0
loss_10,confirmed_retry,14009,1,0,0,0,1,COMMIT,21,1,0,20,0,11,4,8,0,13,14,4,1,1
loss_10,fixed,14010,0,0,1,0,0,none,0,0,0,0,0,0,0,0,0,-1,-1,0,0,0
loss_10,ideal_atomic,14010,1,0,0,0,0,none,0,0,0,0,0,0,0,0,0,0,-1,0,1,1
loss_10,command_once,14010,1,0,0,0,0,none,3,0,0,3,0,3,3,8,0,3,-1,0,1,1
loss_10,confirmed_once,14010,1,0,0,0,1,COMMIT,12,0,0,12,0,6,1,2,0,6,9,4,1,1
loss_10,confirmed_retry,14010,1,0,0,0,1,COMMIT,18,0,0,18,0,9,1,2,0,6,9,4,1,1
loss_10,fixed,14011,0,0,1,0,0,none,0,0,0,0,0,0,0,0,0,-1,-1,0,0,0
loss_10,ideal_atomic,14011,1,0,0,0,0,none,0,0,0,0,0,0,0,0,0,0,-1,0,1,1
loss_10,command_once,14011,1,0,0,0,0,none,3,0,0,3,0,3,4,8,0,4,-1,0,1,1
loss_10,confirmed_once,14011,0,1,0,1,0,COMMIT,11,1,0,10,0,6,73,146,0,-1,-1,4,1,1
loss_10,confirmed_retry,14011,1,0,0,0,1,COMMIT,28,3,0,25,0,15,6,12,0,13,17,4,1,1
loss_10,fixed,14012,0,0,1,0,0,none,0,0,0,0,0,0,0,0,0,-1,-1,0,0,0
loss_10,ideal_atomic,14012,1,0,0,0,0,none,0,0,0,0,0,0,0,0,0,0,-1,0,1,1
loss_10,command_once,14012,0,1,0,0,0,none,3,1,0,2,0,3,80,160,0,-1,-1,0,1,1
loss_10,confirmed_once,14012,0,0,1,0,1,ABORT,11,1,0,10,0,6,0,0,0,-1,22,3,0,0
loss_10,confirmed_retry,14012,1,0,0,0,1,COMMIT,21,1,0,20,0,11,4,8,0,12,15,4,1,1
loss_10,fixed,14013,0,0,1,0,0,none,0,0,0,0,0,0,0,0,0,-1,-1,0,0,0
loss_10,ideal_atomic,14013,1,0,0,0,0,none,0,0,0,0,0,0,0,0,0,0,-1,0,1,1
loss_10,command_once,14013,1,0,0,0,0,none,3,0,0,3,0,3,3,6,0,3,-1,0,1,1
loss_10,confirmed_once,14013,1,0,0,0,0,COMMIT,12,2,0,10,0,6,4,8,0,10,-1,4,1,1
loss_10,confirmed_retry,14013,1,0,0,0,1,COMMIT,22,2,0,20,0,11,4,8,0,10,13,4,1,1
loss_10,fixed,14014,0,0,1,0,0,none,0,0,0,0,0,0,0,0,0,-1,-1,0,0,0
loss_10,ideal_atomic,14014,1,0,0,0,0,none,0,0,0,0,0,0,0,0,0,0,-1,0,1,1
loss_10,command_once,14014,1,0,0,0,0,none,3,0,0,3,0,3,3,6,0,3,-1,0,1,1
loss_10,confirmed_once,14014,0,1,0,1,0,COMMIT,11,1,0,10,0,6,75,154,0,-1,-1,4,1,1
loss_10,confirmed_retry,14014,1,0,0,0,1,COMMIT,17,1,0,16,0,9,4,12,0,9,12,4,1,1
loss_10,fixed,14015,0,0,1,0,0,none,0,0,0,0,0,0,0,0,0,-1,-1,0,0,0
loss_10,ideal_atomic,14015,1,0,0,0,0,none,0,0,0,0,0,0,0,0,0,0,-1,0,1,1
loss_10,command_once,14015,1,0,0,0,0,none,3,0,0,3,0,3,4,8,0,4,-1,0,1,1
loss_10,confirmed_once,14015,0,0,1,1,0,ABORT,11,3,0,8,0,6,0,0,0,-1,-1,4,0,0
loss_10,confirmed_retry,14015,1,0,0,0,1,COMMIT,24,4,0,20,0,13,6,12,0,16,20,4,1,1
loss_10,fixed,14016,0,0,1,0,0,none,0,0,0,0,0,0,0,0,0,-1,-1,0,0,0
loss_10,ideal_atomic,14016,1,0,0,0,0,none,0,0,0,0,0,0,0,0,0,0,-1,0,1,1
loss_10,command_once,14016,1,0,0,0,0,none,3,0,0,3,0,3,4,12,0,4,-1,0,1,1
loss_10,confirmed_once,14016,1,0,0,0,1,COMMIT,12,0,0,12,0,6,4,12,0,9,13,4,1,1
loss_10,confirmed_retry,14016,1,0,0,0,1,COMMIT,20,1,0,19,0,10,4,12,0,9,13,4,1,1
loss_10,fixed,14017,0,0,1,0,0,none,0,0,0,0,0,0,0,0,0,-1,-1,0,0,0
loss_10,ideal_atomic,14017,1,0,0,0,0,none,0,0,0,0,0,0,0,0,0,0,-1,0,1,1
loss_10,command_once,14017,1,0,0,0,0,none,3,0,0,3,0,3,4,8,0,4,-1,0,1,1
loss_10,confirmed_once,14017,1,0,0,0,1,COMMIT,12,0,0,12,0,6,3,8,0,9,12,4,1,1
loss_10,confirmed_retry,14017,1,0,0,0,1,COMMIT,22,0,0,22,0,11,3,8,0,9,12,4,1,1
loss_10,fixed,14018,0,0,1,0,0,none,0,0,0,0,0,0,0,0,0,-1,-1,0,0,0
loss_10,ideal_atomic,14018,1,0,0,0,0,none,0,0,0,0,0,0,0,0,0,0,-1,0,1,1
loss_10,command_once,14018,0,1,0,0,0,none,3,1,0,2,0,3,80,160,0,-1,-1,0,1,1
loss_10,confirmed_once,14018,0,0,1,1,0,ABORT,10,2,0,8,0,6,0,0,0,-1,-1,3,0,0
loss_10,confirmed_retry,14018,1,0,0,0,1,COMMIT,23,3,0,20,0,12,3,8,0,9,11,4,1,1
loss_10,fixed,14019,0,0,1,0,0,none,0,0,0,0,0,0,0,0,0,-1,-1,0,0,0
loss_10,ideal_atomic,14019,1,0,0,0,0,none,0,0,0,0,0,0,0,0,0,0,-1,0,1,1
loss_10,command_once,14019,1,0,0,0,0,none,3,0,0,3,0,3,4,8,0,4,-1,0,1,1
loss_10,confirmed_once,14019,0,0,1,0,1,ABORT,12,1,0,11,0,6,0,0,0,-1,22,4,0,0
loss_10,confirmed_retry,14019,1,0,0,0,1,COMMIT,25,2,0,23,0,13,4,8,0,14,18,4,1,1
loss_10,fixed,14020,0,0,1,0,0,none,0,0,0,0,0,0,0,0,0,-1,-1,0,0,0
loss_10,ideal_atomic,14020,1,0,0,0,0,none,0,0,0,0,0,0,0,0,0,0,-1,0,1,1
loss_10,command_once,14020,1,0,0,0,0,none,3,0,0,3,0,3,3,10,0,3,-1,0,1,1
loss_10,confirmed_once,14020,0,0,1,1,0,ABORT,11,4,0,7,0,6,0,0,0,-1,-1,4,0,0
loss_10,confirmed_retry,14020,1,0,0,0,1,COMMIT,24,1,0,23,0,12,2,4,0,9,12,4,1,1
loss_10,fixed,14021,0,0,1,0,0,none,0,0,0,0,0,0,0,0,0,-1,-1,0,0,0
loss_10,ideal_atomic,14021,1,0,0,0,0,none,0,0,0,0,0,0,0,0,0,0,-1,0,1,1
loss_10,command_once,14021,1,0,0,0,0,none,3,0,0,3,0,3,2,4,0,2,-1,0,1,1
loss_10,confirmed_once,14021,0,0,1,0,1,ABORT,12,1,0,11,0,6,0,0,0,-1,24,4,0,0
loss_10,confirmed_retry,14021,1,0,0,0,1,COMMIT,18,4,0,14,0,10,3,10,0,11,15,4,1,1
loss_10,fixed,14022,0,0,1,0,0,none,0,0,0,0,0,0,0,0,0,-1,-1,0,0,0
loss_10,ideal_atomic,14022,1,0,0,0,0,none,0,0,0,0,0,0,0,0,0,0,-1,0,1,1
loss_10,command_once,14022,1,0,0,0,0,none,3,0,0,3,0,3,4,10,0,4,-1,0,1,1
loss_10,confirmed_once,14022,0,1,0,2,0,COMMIT,10,2,0,8,0,6,73,286,0,-1,-1,4,0,1
loss_10,confirmed_retry,14022,1,0,0,0,1,COMMIT,24,4,0,20,0,14,4,12,0,11,14,4,1,1
loss_10,fixed,14023,0,0,1,0,0,none,0,0,0,0,0,0,0,0,0,-1,-1,0,0,0
loss_10,ideal_atomic,14023,1,0,0,0,0,none,0,0,0,0,0,0,0,0,0,0,-1,0,1,1
loss_10,command_once,14023,0,1,0,0,0,none,3,1,0,2,0,3,80,160,0,-1,-1,0,0,1
loss_10,confirmed_once,14023,0,0,1,0,1,ABORT,11,1,0,10,0,6,0,0,0,-1,22,3,0,0
loss_10,confirmed_retry,14023,1,0,0,0,1,COMMIT,20,2,0,18,0,11,4,8,0,16,18,4,1,1
loss_10,fixed,14024,0,0,1,0,0,none,0,0,0,0,0,0,0,0,0,-1,-1,0,0,0
loss_10,ideal_atomic,14024,1,0,0,0,0,none,0,0,0,0,0,0,0,0,0,0,-1,0,1,1
loss_10,command_once,14024,1,0,0,0,0,none,3,0,0,3,0,3,3,6,0,3,-1,0,1,1
loss_10,confirmed_once,14024,0,0,1,0,0,ABORT,12,3,0,9,0,6,0,0,0,-1,-1,4,0,0
loss_10,confirmed_retry,14024,1,0,0,0,1,COMMIT,26,3,0,23,0,13,2,4,0,13,15,4,1,1
loss_10,fixed,14025,0,0,1,0,0,none,0,0,0,0,0,0,0,0,0,-1,-1,0,0,0
loss_10,ideal_atomic,14025,1,0,0,0,0,none,0,0,0,0,0,0,0,0,0,0,-1,0,1,1
loss_10,command_once,14025,1,0,0,0,0,none,3,0,0,3,0,3,4,8,0,4,-1,0,1,1
loss_10,confirmed_once,14025,1,0,0,0,0,COMMIT,12,1,0,11,0,6,3,6,0,8,-1,4,1,1
loss_10,confirmed_retry,14025,1,0,0,0,1,COMMIT,22,1,0,21,0,11,3,6,0,8,12,4,1,1
loss_10,fixed,14026,0,0,1,0,0,none,0,0,0,0,0,0,0,0,0,-1,-1,0,0,0
loss_10,ideal_atomic,14026,1,0,0,0,0,none,0,0,0,0,0,0,0,0,0,0,-1,0,1,1
loss_10,command_once,14026,1,0,0,0,0,none,3,0,0,3,0,3,4,8,0,4,-1,0,1,1
loss_10,confirmed_once,14026,0,0,1,1,0,ABORT,11,2,0,9,0,6,0,0,0,-1,-1,4,0,0
loss_10,confirmed_retry,14026,1,0,0,0,1,COMMIT,23,2,0,21,0,12,3,6,0,15,18,4,1,1
loss_10,fixed,14027,0,0,1,0,0,none,0,0,0,0,0,0,0,0,0,-1,-1,0,0,0
loss_10,ideal_atomic,14027,1,0,0,0,0,none,0,0,0,0,0,0,0,0,0,0,-1,0,1,1
loss_10,command_once,14027,0,1,0,0,0,none,3,1,0,2,0,3,80,164,0,-1,-1,0,1,1
loss_10,confirmed_once,14027,0,0,1,1,0,ABORT,10,2,0,8,0,6,0,0,0,-1,-1,3,0,0
loss_10,confirmed_retry,14027,1,0,0,0,1,COMMIT,24,4,0,20,0,13,5,10,0,12,15,4,1,1
loss_10,fixed,14028,0,0,1,0,0,none,0,0,0,0,0,0,0,0,0,-1,-1,0,0,0
loss_10,ideal_atomic,14028,1,0,0,0,0,none,0,0,0,0,0,0,0,0,0,0,-1,0,1,1
loss_10,command_once,14028,1,0,0,0,0,none,3,0,0,3,0,3,3,6,0,3,-1,0,1,1
loss_10,confirmed_once,14028,1,0,0,0,1,COMMIT,12,0,0,12,0,6,2,4,0,8,10,4,1,1
loss_10,confirmed_retry,14028,1,0,0,0,1,COMMIT,20,0,0,20,0,10,2,4,0,8,10,4,1,1
loss_10,fixed,14029,0,0,1,0,0,none,0,0,0,0,0,0,0,0,0,-1,-1,0,0,0
loss_10,ideal_atomic,14029,1,0,0,0,0,none,0,0,0,0,0,0,0,0,0,0,-1,0,1,1
loss_10,command_once,14029,1,0,0,0,0,none,3,0,0,3,0,3,3,6,0,3,-1,0,1,1
loss_10,confirmed_once,14029,1,0,0,0,0,COMMIT,12,1,0,11,0,6,4,10,0,11,-1,4,1,1
loss_10,confirmed_retry,14029,1,0,0,0,1,COMMIT,24,3,0,21,0,13,4,10,0,11,15,4,1,1
loss_10,fixed,14030,0,0,1,0,0,none,0,0,0,0,0,0,0,0,0,-1,-1,0,0,0
loss_10,ideal_atomic,14030,1,0,0,0,0,none,0,0,0,0,0,0,0,0,0,0,-1,0,1,1
loss_10,command_once,14030,1,0,0,0,0,none,3,0,0,3,0,3,4,8,0,4,-1,0,1,1
loss_10,confirmed_once,14030,1,0,0,0,1,COMMIT,12,0,0,12,0,6,2,4,0,9,13,4,1,1
loss_10,confirmed_retry,14030,1,0,0,0,1,COMMIT,22,1,0,21,0,11,2,4,0,9,13,4,1,1
loss_10,fixed,14031,0,0,1,0,0,none,0,0,0,0,0,0,0,0,0,-1,-1,0,0,0
loss_10,ideal_atomic,14031,1,0,0,0,0,none,0,0,0,0,0,0,0,0,0,0,-1,0,1,1
loss_10,command_once,14031,1,0,0,0,0,none,3,0,0,3,0,3,4,8,0,4,-1,0,1,1
loss_10,confirmed_once,14031,0,1,0,1,0,COMMIT,11,1,0,10,0,6,72,144,0,-1,-1,4,0,1
loss_10,confirmed_retry,14031,1,0,0,0,1,COMMIT,19,2,0,17,0,10,5,10,0,13,16,4,1,1
loss_10,fixed,14032,0,0,1,0,0,none,0,0,0,0,0,0,0,0,0,-1,-1,0,0,0
loss_10,ideal_atomic,14032,1,0,0,0,0,none,0,0,0,0,0,0,0,0,0,0,-1,0,1,1
loss_10,command_once,14032,1,0,0,0,0,none,3,0,0,3,0,3,2,4,0,2,-1,0,1,1
loss_10,confirmed_once,14032,1,0,0,0,0,COMMIT,12,1,0,11,0,6,3,6,0,9,-1,4,1,1
loss_10,confirmed_retry,14032,1,0,0,0,1,COMMIT,20,1,0,19,0,10,3,6,0,9,11,4,1,1
loss_10,fixed,14033,0,0,1,0,0,none,0,0,0,0,0,0,0,0,0,-1,-1,0,0,0
loss_10,ideal_atomic,14033,1,0,0,0,0,none,0,0,0,0,0,0,0,0,0,0,-1,0,1,1
loss_10,command_once,14033,1,0,0,0,0,none,3,0,0,3,0,3,4,12,0,4,-1,0,1,1
loss_10,confirmed_once,14033,1,0,0,0,0,COMMIT,12,2,0,10,0,6,3,6,0,10,-1,4,1,1
loss_10,confirmed_retry,14033,1,0,0,0,1,COMMIT,27,5,0,22,0,14,3,8,0,10,17,4,1,1
loss_10,fixed,14034,0,0,1,0,0,none,0,0,0,0,0,0,0,0,0,-1,-1,0,0,0
loss_10,ideal_atomic,14034,1,0,0,0,0,none,0,0,0,0,0,0,0,0,0,0,-1,0,1,1
loss_10,command_once,14034,0,1,0,0,0,none,3,1,0,2,0,3,80,162,0,-1,-1,0,0,1
loss_10,confirmed_once,14034,0,0,1,1,0,ABORT,10,2,0,8,0,6,0,0,0,-1,-1,3,0,0
loss_10,confirmed_retry,14034,1,0,0,0,1,COMMIT,17,3,0,14,0,10,3,6,0,15,18,4,1,1
loss_10,fixed,14035,0,0,1,0,0,none,0,0,0,0,0,0,0,0,0,-1,-1,0,0,0
loss_10,ideal_atomic,14035,1,0,0,0,0,none,0,0,0,0,0,0,0,0,0,0,-1,0,1,1
loss_10,command_once,14035,1,0,0,0,0,none,3,0,0,3,0,3,3,6,0,3,-1,0,1,1
loss_10,confirmed_once,14035,1,0,0,0,1,COMMIT,12,0,0,12,0,6,4,8,0,10,13,4,1,1
loss_10,confirmed_retry,14035,1,0,0,0,1,COMMIT,24,0,0,24,0,12,4,8,0,10,13,4,1,1
loss_10,fixed,14036,0,0,1,0,0,none,0,0,0,0,0,0,0,0,0,-1,-1,0,0,0
loss_10,ideal_atomic,14036,1,0,0,0,0,none,0,0,0,0,0,0,0,0,0,0,-1,0,1,1
loss_10,command_once,14036,0,1,0,0,0,none,3,1,0,2,0,3,80,164,0,-1,-1,0,0,1
loss_10,confirmed_once,14036,0,0,1,1,0,ABORT,10,2,0,8,0,6,0,0,0,-1,-1,3,0,0
loss_10,confirmed_retry,14036,1,0,0,0,1,COMMIT,25,1,0,24,0,13,4,8,0,14,16,4,1,1
loss_10,fixed,14037,0,0,1,0,0,none,0,0,0,0,0,0,0,0,0,-1,-1,0,0,0
loss_10,ideal_atomic,14037,1,0,0,0,0,none,0,0,0,0,0,0,0,0,0,0,-1,0,1,1
loss_10,command_once,14037,1,0,0,0,0,none,3,0,0,3,0,3,4,8,0,4,-1,0,1,1
loss_10,confirmed_once,14037,1,0,0,0,0,COMMIT,12,1,0,11,0,6,4,10,0,9,-1,4,1,1
loss_10,confirmed_retry,14037,1,0,0,0,1,COMMIT,26,2,0,24,0,13,4,10,0,9,13,4,1,1
loss_10,fixed,14038,0,0,1,0,0,none,0,0,0,0,0,0,0,0,0,-1,-1,0,0,0
loss_10,ideal_atomic,14038,1,0,0,0,0,none,0,0,0,0,0,0,0,0,0,0,-1,0,1,1
loss_10,command_once,14038,1,0,0,0,0,none,3,0,0,3,0,3,4,8,0,4,-1,0,1,1
loss_10,confirmed_once,14038,1,0,0,0,1,COMMIT,12,0,0,12,0,6,4,8,0,11,13,4,1,1
loss_10,confirmed_retry,14038,1,0,0,0,1,COMMIT,25,2,0,23,0,13,4,8,0,11,13,4,1,1
loss_10,fixed,14039,0,0,1,0,0,none,0,0,0,0,0,0,0,0,0,-1,-1,0,0,0
loss_10,ideal_atomic,14039,1,0,0,0,0,none,0,0,0,0,0,0,0,0,0,0,-1,0,1,1
loss_10,command_once,14039,1,0,0,0,0,none,3,0,0,3,0,3,4,8,0,4,-1,0,1,1
loss_10,confirmed_once,14039,0,0,1,0,1,ABORT,12,1,0,11,0,6,0,0,0,-1,21,4,0,0
loss_10,confirmed_retry,14039,1,0,0,0,1,COMMIT,24,2,0,22,0,12,4,10,0,11,15,4,1,1
loss_10,fixed,14040,0,0,1,0,0,none,0,0,0,0,0,0,0,0,0,-1,-1,0,0,0
loss_10,ideal_atomic,14040,1,0,0,0,0,none,0,0,0,0,0,0,0,0,0,0,-1,0,1,1
loss_10,command_once,14040,1,0,0,0,0,none,3,0,0,3,0,3,3,6,0,3,-1,0,1,1
loss_10,confirmed_once,14040,0,0,1,0,0,ABORT,12,2,0,10,0,6,0,0,0,-1,-1,4,0,0
loss_10,confirmed_retry,14040,1,0,0,0,1,COMMIT,19,3,0,16,0,10,6,12,0,14,15,4,1,1
loss_10,fixed,14041,0,0,1,0,0,none,0,0,0,0,0,0,0,0,0,-1,-1,0,0,0
loss_10,ideal_atomic,14041,1,0,0,0,0,none,0,0,0,0,0,0,0,0,0,0,-1,0,1,1
loss_10,command_once,14041,0,1,0,0,0,none,3,1,0,2,0,3,80,160,0,-1,-1,0,1,1
loss_10,confirmed_once,14041,0,0,1,0,0,ABORT,11,3,0,8,0,6,0,0,0,-1,-1,3,0,0
loss_10,confirmed_retry,14041,1,0,0,0,1,COMMIT,22,4,0,18,0,12,3,6,0,12,14,4,1,1
loss_10,fixed,14042,0,0,1,0,0,none,0,0,0,0,0,0,0,0,0,-1,-1,0,0,0
loss_10,ideal_atomic,14042,1,0,0,0,0,none,0,0,0,0,0,0,0,0,0,0,-1,0,1,1
loss_10,command_once,14042,0,1,0,0,0,none,3,1,0,2,0,3,80,160,0,-1,-1,0,1,1
loss_10,confirmed_once,14042,0,0,1,1,0,ABORT,10,2,0,8,0,6,0,0,0,-1,-1,3,0,0
loss_10,confirmed_retry,14042,1,0,0,0,1,COMMIT,27,3,0,24,0,15,4,8,0,17,21,4,1,1
loss_10,fixed,14043,0,0,1,0,0,none,0,0,0,0,0,0,0,0,0,-1,-1,0,0,0
loss_10,ideal_atomic,14043,1,0,0,0,0,none,0,0,0,0,0,0,0,0,0,0,-1,0,1,1
loss_10,command_once,14043,1,0,0,0,0,none,3,0,0,3,0,3,3,6,0,3,-1,0,1,1
loss_10,confirmed_once,14043,0,1,0,1,0,COMMIT,11,1,0,10,0,6,75,150,0,-1,-1,4,0,1
loss_10,confirmed_retry,14043,1,0,0,0,1,COMMIT,20,2,0,18,0,11,6,12,0,11,12,4,1,1
loss_10,fixed,14044,0,0,1,0,0,none,0,0,0,0,0,0,0,0,0,-1,-1,0,0,0
loss_10,ideal_atomic,14044,1,0,0,0,0,none,0,0,0,0,0,0,0,0,0,0,-1,0,1,1
loss_10,command_once,14044,1,0,0,0,0,none,3,0,0,3,0,3,2,4,0,2,-1,0,1,1
loss_10,confirmed_once,14044,0,1,0,1,0,COMMIT,11,1,0,10,0,6,74,148,0,-1,-1,4,0,1
loss_10,confirmed_retry,14044,1,0,0,0,1,COMMIT,16,2,0,14,0,9,3,6,0,9,12,4,1,1
loss_10,fixed,14045,0,0,1,0,0,none,0,0,0,0,0,0,0,0,0,-1,-1,0,0,0
loss_10,ideal_atomic,14045,1,0,0,0,0,none,0,0,0,0,0,0,0,0,0,0,-1,0,1,1
loss_10,command_once,14045,1,0,0,0,0,none,3,0,0,3,0,3,4,8,0,4,-1,0,1,1
loss_10,confirmed_once,14045,1,0,0,0,1,COMMIT,12,0,0,12,0,6,4,8,0,11,14,4,1,1
loss_10,confirmed_retry,14045,1,0,0,0,1,COMMIT,26,2,0,24,0,13,4,8,0,11,14,4,1,1
loss_10,fixed,14046,0,0,1,0,0,none,0,0,0,0,0,0,0,0,0,-1,-1,0,0,0
loss_10,ideal_atomic,14046,1,0,0,0,0,none,0,0,0,0,0,0,0,0,0,0,-1,0,1,1
loss_10,command_once,14046,1,0,0,0,0,none,3,0,0,3,0,3,4,12,0,4,-1,0,1,1
loss_10,confirmed_once,14046,0,1,0,1,0,COMMIT,11,1,0,10,0,6,74,148,0,-1,-1,4,1,1
loss_10,confirmed_retry,14046,1,0,0,0,1,COMMIT,25,2,0,23,0,13,3,6,0,9,17,4,1,1
loss_10,fixed,14047,0,0,1,0,0,none,0,0,0,0,0,0,0,0,0,-1,-1,0,0,0
loss_10,ideal_atomic,14047,1,0,0,0,0,none,0,0,0,0,0,0,0,0,0,0,-1,0,1,1
loss_10,command_once,14047,0,1,0,0,0,none,3,1,0,2,0,3,80,166,0,-1,-1,0,1,1
loss_10,confirmed_once,14047,0,0,1,0,1,ABORT,11,2,0,9,0,6,0,0,0,-1,22,3,0,0
loss_10,confirmed_retry,14047,1,0,0,0,1,COMMIT,26,4,0,22,0,14,4,8,0,16,22,4,1,1
loss_10,fixed,14048,0,0,1,0,0,none,0,0,0,0,0,0,0,0,0,-1,-1,0,0,0
loss_10,ideal_atomic,14048,1,0,0,0,0,none,0,0,0,0,0,0,0,0,0,0,-1,0,1,1
loss_10,command_once,14048,1,0,0,0,0,none,3,0,0,3,0,3,4,8,0,4,-1,0,1,1
loss_10,confirmed_once,14048,1,0,0,0,1,COMMIT,12,0,0,12,0,6,4,8,0,11,14,4,1,1
loss_10,confirmed_retry,14048,1,0,0,0,1,COMMIT,23,2,0,21,0,12,4,8,0,11,14,4,1,1
loss_10,fixed,14049,0,0,1,0,0,none,0,0,0,0,0,0,0,0,0,-1,-1,0,0,0
loss_10,ideal_atomic,14049,1,0,0,0,0,none,0,0,0,0,0,0,0,0,0,0,-1,0,1,1
loss_10,command_once,14049,1,0,0,0,0,none,3,0,0,3,0,3,3,6,0,3,-1,0,1,1
loss_10,confirmed_once,14049,0,0,1,0,1,ABORT,12,1,0,11,0,6,0,0,0,-1,20,4,0,0
loss_10,confirmed_retry,14049,1,0,0,0,1,COMMIT,24,1,0,23,0,12,3,6,0,12,15,4,1,1
loss_10,fixed,14050,0,0,1,0,0,none,0,0,0,0,0,0,0,0,0,-1,-1,0,0,0
loss_10,ideal_atomic,14050,1,0,0,0,0,none,0,0,0,0,0,0,0,0,0,0,-1,0,1,1
loss_10,command_once,14050,1,0,0,0,0,none,3,0,0,3,0,3,4,10,0,4,-1,0,1,1
loss_10,confirmed_once,14050,1,0,0,0,1,COMMIT,12,0,0,12,0,6,4,10,0,12,13,4,1,1
loss_10,confirmed_retry,14050,1,0,0,0,1,COMMIT,20,0,0,20,0,10,4,10,0,12,13,4,1,1
loss_10,fixed,14051,0,0,1,0,0,none,0,0,0,0,0,0,0,0,0,-1,-1,0,0,0
loss_10,ideal_atomic,14051,1,0,0,0,0,none,0,0,0,0,0,0,0,0,0,0,-1,0,1,1
loss_10,command_once,14051,1,0,0,0,0,none,3,0,0,3,0,3,4,8,0,4,-1,0,1,1
loss_10,confirmed_once,14051,1,0,0,0,1,COMMIT,12,0,0,12,0,6,4,12,0,10,13,4,1,1
loss_10,confirmed_retry,14051,1,0,0,0,1,COMMIT,18,0,0,18,0,9,4,12,0,10,12,4,1,1
loss_10,fixed,14052,0,0,1,0,0,none,0,0,0,0,0,0,0,0,0,-1,-1,0,0,0
loss_10,ideal_atomic,14052,1,0,0,0,0,none,0,0,0,0,0,0,0,0,0,0,-1,0,1,1
loss_10,command_once,14052,1,0,0,0,0,none,3,0,0,3,0,3,3,6,0,3,-1,0,1,1
loss_10,confirmed_once,14052,1,0,0,0,1,COMMIT,12,0,0,12,0,6,4,8,0,11,14,4,1,1
loss_10,confirmed_retry,14052,1,0,0,0,1,COMMIT,26,3,0,23,0,13,4,8,0,11,14,4,1,1
loss_10,fixed,14053,0,0,1,0,0,none,0,0,0,0,0,0,0,0,0,-1,-1,0,0,0
loss_10,ideal_atomic,14053,1,0,0,0,0,none,0,0,0,0,0,0,0,0,0,0,-1,0,1,1
loss_10,command_once,14053,1,0,0,0,0,none,3,0,0,3,0,3,4,8,0,4,-1,0,1,1
loss_10,confirmed_once,14053,0,0,1,1,0,ABORT,11,2,0,9,0,6,0,0,0,-1,-1,4,0,0
loss_10,confirmed_retry,14053,1,0,0,0,1,COMMIT,25,4,0,21,0,13,3,6,0,17,20,4,1,1
loss_10,fixed,14054,0,0,1,0,0,none,0,0,0,0,0,0,0,0,0,-1,-1,0,0,0
loss_10,ideal_atomic,14054,1,0,0,0,0,none,0,0,0,0,0,0,0,0,0,0,-1,0,1,1
loss_10,command_once,14054,1,0,0,0,0,none,3,0,0,3,0,3,3,6,0,3,-1,0,1,1
loss_10,confirmed_once,14054,0,1,0,1,0,COMMIT,11,1,0,10,0,6,74,152,0,-1,-1,4,0,1
loss_10,confirmed_retry,14054,1,0,0,0,1,COMMIT,23,2,0,21,0,12,6,16,0,12,19,4,1,1
loss_10,fixed,14055,0,0,1,0,0,none,0,0,0,0,0,0,0,0,0,-1,-1,0,0,0
loss_10,ideal_atomic,14055,1,0,0,0,0,none,0,0,0,0,0,0,0,0,0,0,-1,0,1,1
loss_10,command_once,14055,1,0,0,0,0,none,3,0,0,3,0,3,3,6,0,3,-1,0,1,1
loss_10,confirmed_once,14055,1,0,0,0,0,COMMIT,12,1,0,11,0,6,3,6,0,10,-1,4,1,1
loss_10,confirmed_retry,14055,1,0,0,0,1,COMMIT,24,1,0,23,0,12,2,4,0,9,13,4,1,1
loss_10,fixed,14056,0,0,1,0,0,none,0,0,0,0,0,0,0,0,0,-1,-1,0,0,0
loss_10,ideal_atomic,14056,1,0,0,0,0,none,0,0,0,0,0,0,0,0,0,0,-1,0,1,1
loss_10,command_once,14056,1,0,0,0,0,none,3,0,0,3,0,3,4,10,0,4,-1,0,1,1
loss_10,confirmed_once,14056,1,0,0,0,1,COMMIT,12,0,0,12,0,6,4,12,0,12,15,4,1,1
loss_10,confirmed_retry,14056,1,0,0,0,1,COMMIT,25,2,0,23,0,13,5,10,0,12,15,4,1,1
loss_10,fixed,14057,0,0,1,0,0,none,0,0,0,0,0,0,0,0,0,-1,-1,0,0,0
loss_10,ideal_atomic,14057,1,0,0,0,0,none,0,0,0,0,0,0,0,0,0,0,-1,0,1,1
loss_10,command_once,14057,1,0,0,0,0,none,3,0,0,3,0,3,4,8,0,4,-1,0,1,1
loss_10,confirmed_once,14057,1,0,0,0,1,COMMIT,12,0,0,12,0,6,4,8,0,10,14,4,1,1
loss_10,confirmed_retry,14057,1,0,0,0,1,COMMIT,23,1,0,22,0,12,3,6,0,9,13,4,1,1
loss_10,fixed,14058,0,0,1,0,0,none,0,0,0,0,0,0,0,0,0,-1,-1,0,0,0
loss_10,ideal_atomic,14058,1,0,0,0,0,none,0,0,0,0,0,0,0,0,0,0,-1,0,1,1
loss_10,command_once,14058,1,0,0,0,0,none,3,0,0,3,0,3,4,8,0,4,-1,0,1,1
loss_10,confirmed_once,14058,1,0,0,0,1,COMMIT,12,0,0,12,0,6,4,8,0,12,15,4,1,1
loss_10,confirmed_retry,14058,1,0,0,0,1,COMMIT,22,0,0,22,0,11,4,8,0,12,15,4,1,1
loss_10,fixed,14059,0,0,1,0,0,none,0,0,0,0,0,0,0,0,0,-1,-1,0,0,0
loss_10,ideal_atomic,14059,1,0,0,0,0,none,0,0,0,0,0,0,0,0,0,0,-1,0,1,1
loss_10,command_once,14059,1,0,0,0,0,none,3,0,0,3,0,3,4,8,0,4,-1,0,1,1
loss_10,confirmed_once,14059,1,0,0,0,1,COMMIT,12,0,0,12,0,6,4,8,0,11,13,4,1,1
loss_10,confirmed_retry,14059,1,0,0,0,1,COMMIT,25,2,0,23,0,13,4,8,0,11,13,4,1,1
loss_10,fixed,14060,0,0,1,0,0,none,0,0,0,0,0,0,0,0,0,-1,-1,0,0,0
loss_10,ideal_atomic,14060,1,0,0,0,0,none,0,0,0,0,0,0,0,0,0,0,-1,0,1,1
loss_10,command_once,14060,1,0,0,0,0,none,3,0,0,3,0,3,3,6,0,3,-1,0,1,1
loss_10,confirmed_once,14060,1,0,0,0,1,COMMIT,12,0,0,12,0,6,3,6,0,10,13,4,1,1
loss_10,confirmed_retry,14060,1,0,0,0,1,COMMIT,24,2,0,22,0,13,3,6,0,10,13,4,1,1
loss_10,fixed,14061,0,0,1,0,0,none,0,0,0,0,0,0,0,0,0,-1,-1,0,0,0
loss_10,ideal_atomic,14061,1,0,0,0,0,none,0,0,0,0,0,0,0,0,0,0,-1,0,1,1
loss_10,command_once,14061,1,0,0,0,0,none,3,0,0,3,0,3,2,4,0,2,-1,0,1,1
loss_10,confirmed_once,14061,0,1,0,1,0,COMMIT,11,2,0,9,0,6,74,152,0,-1,-1,4,0,1
loss_10,confirmed_retry,14061,1,0,0,0,1,COMMIT,23,3,0,20,0,12,4,12,0,10,14,4,1,1
loss_10,fixed,14062,0,0,1,0,0,none,0,0,0,0,0,0,0,0,0,-1,-1,0,0,0
loss_10,ideal_atomic,14062,1,0,0,0,0,none,0,0,0,0,0,0,0,0,0,0,-1,0,1,1
loss_10,command_once,14062,0,1,0,0,0,none,3,2,0,1,0,3,80,316,0,-1,-1,0,0,1
loss_10,confirmed_once,14062,0,0,1,1,0,ABORT,9,3,0,6,0,6,0,0,0,-1,-1,2,0,0
loss_10,confirmed_retry,14062,1,0,0,0,1,COMMIT,18,3,0,15,0,10,3,6,0,12,16,4,1,1
loss_10,fixed,14063,0,0,1,0,0,none,0,0,0,0,0,0,0,0,0,-1,-1,0,0,0
loss_10,ideal_atomic,14063,1,0,0,0,0,none,0,0,0,0,0,0,0,0,0,0,-1,0,1,1
loss_10,command_once,14063,0,1,0,0,0,none,3,1,0,2,0,3,80,160,0,-1,-1,0,0,1
loss_10,confirmed_once,14063,0,0,1,0,1,ABORT,11,1,0,10,0,6,0,0,0,-1,24,3,0,0
loss_10,confirmed_retry,14063,1,0,0,0,1,COMMIT,27,4,0,23,0,15,2,6,0,11,22,4,1,1
loss_10,fixed,14064,0,0,1,0,0,none,0,0,0,0,0,0,0,0,0,-1,-1,0,0,0
loss_10,ideal_atomic,14064,1,0,0,0,0,none,0,0,0,0,0,0,0,0,0,0,-1,0,1,1
loss_10,command_once,14064,1,0,0,0,0,none,3,0,0,3,0,3,4,10,0,4,-1,0,1,1
loss_10,confirmed_once,14064,0,0,1,2,0,ABORT,10,4,0,6,0,6,0,0,0,-1,-1,4,0,0
loss_10,confirmed_retry,14064,1,0,0,0,1,COMMIT,27,3,0,24,0,14,4,8,0,14,16,4,1,1
loss_10,fixed,14065,0,0,1,0,0,none,0,0,0,0,0,0,0,0,0,-1,-1,0,0,0
loss_10,ideal_atomic,14065,1,0,0,0,0,none,0,0,0,0,0,0,0,0,0,0,-1,0,1,1
loss_10,command_once,14065,1,0,0,0,0,none,3,0,0,3,0,3,3,10,0,3,-1,0,1,1
loss_10,confirmed_once,14065,1,0,0,0,1,COMMIT,12,0,0,12,0,6,4,8,0,11,14,4,1,1
loss_10,confirmed_retry,14065,1,0,0,0,1,COMMIT,24,1,0,23,0,12,4,8,0,11,14,4,1,1
loss_10,fixed,14066,0,0,1,0,0,none,0,0,0,0,0,0,0,0,0,-1,-1,0,0,0
loss_10,ideal_atomic,14066,1,0,0,0,0,none,0,0,0,0,0,0,0,0,0,0,-1,0,1,1
loss_10,command_once,14066,1,0,0,0,0,none,3,0,0,3,0,3,3,6,0,3,-1,0,1,1
loss_10,confirmed_once,14066,1,0,0,0,1,COMMIT,12,0,0,12,0,6,4,8,0,9,11,4,1,1
loss_10,confirmed_retry,14066,1,0,0,0,1,COMMIT,19,1,0,18,0,10,4,8,0,9,11,4,1,1
loss_10,fixed,14067,0,0,1,0,0,none,0,0,0,0,0,0,0,0,0,-1,-1,0,0,0
loss_10,ideal_atomic,14067,1,0,0,0,0,none,0,0,0,0,0,0,0,0,0,0,-1,0,1,1
loss_10,command_once,14067,1,0,0,0,0,none,3,0,0,3,0,3,2,6,0,2,-1,0,1,1
loss_10,confirmed_once,14067,0,1,0,1,0,COMMIT,11,1,0,10,0,6,76,152,0,-1,-1,4,1,1
loss_10,confirmed_retry,14067,1,0,0,0,1,COMMIT,15,2,0,13,0,8,5,10,0,9,12,4,1,1
loss_10,fixed,14068,0,0,1,0,0,none,0,0,0,0,0,0,0,0,0,-1,-1,0,0,0
loss_10,ideal_atomic,14068,1,0,0,0,0,none,0,0,0,0,0,0,0,0,0,0,-1,0,1,1
loss_10,command_once,14068,0,1,0,0,0,none,3,2,0,1,0,3,80,160,0,-1,-1,0,0,1
loss_10,confirmed_once,14068,0,0,1,0,1,ABORT,10,2,0,8,0,6,0,0,0,-1,22,2,0,0
loss_10,confirmed_retry,14068,1,0,0,0,1,COMMIT,29,4,0,25,0,16,3,6,0,18,22,4,1,1
loss_10,fixed,14069,0,0,1,0,0,none,0,0,0,0,0,0,0,0,0,-1,-1,0,0,0
loss_10,ideal_atomic,14069,1,0,0,0,0,none,0,0,0,0,0,0,0,0,0,0,-1,0,1,1
loss_10,command_once,14069,1,0,0,0,0,none,3,0,0,3,0,3,4,12,0,4,-1,0,1,1
loss_10,confirmed_once,14069,0,0,1,0,1,ABORT,12,1,0,11,0,6,0,0,0,-1,20,4,0,0
loss_10,confirmed_retry,14069,1,0,0,0,1,COMMIT,20,1,0,19,0,10,4,8,0,13,16,4,1,1
loss_10,fixed,14070,0,0,1,0,0,none,0,0,0,0,0,0,0,0,0,-1,-1,0,0,0
loss_10,ideal_atomic,14070,1,0,0,0,0,none,0,0,0,0,0,0,0,0,0,0,-1,0,1,1
loss_10,command_once,14070,0,1,0,0,0,none,3,1,0,2,0,3,80,164,0,-1,-1,0,0,1
loss_10,confirmed_once,14070,0,0,1,0,0,ABORT,11,2,0,9,0,6,0,0,0,-1,-1,3,0,0
loss_10,confirmed_retry,14070,1,0,0,0,1,COMMIT,27,4,0,23,0,15,4,8,0,14,22,4,1,1
loss_10,fixed,14071,0,0,1,0,0,none,0,0,0,0,0,0,0,0,0,-1,-1,0,0,0
loss_10,ideal_atomic,14071,1,0,0,0,0,none,0,0,0,0,0,0,0,0,0,0,-1,0,1,1
loss_10,command_once,14071,0,1,0,0,0,none,3,1,0,2,0,3,80,160,0,-1,-1,0,1,1
loss_10,confirmed_once,14071,0,0,1,0,1,ABORT,11,1,0,10,0,6,0,0,0,-1,23,3,0,0
loss_10,confirmed_retry,14071,1,0,0,0,1,COMMIT,27,4,0,23,0,14,4,8,0,14,23,4,1,1
loss_10,fixed,14072,0,0,1,0,0,none,0,0,0,0,0,0,0,0,0,-1,-1,0,0,0
loss_10,ideal_atomic,14072,1,0,0,0,0,none,0,0,0,0,0,0,0,0,0,0,-1,0,1,1
loss_10,command_once,14072,1,0,0,0,0,none,3,0,0,3,0,3,3,8,0,3,-1,0,1,1
loss_10,confirmed_once,14072,0,1,0,1,0,COMMIT,11,1,0,10,0,6,74,148,0,-1,-1,4,1,1
loss_10,confirmed_retry,14072,1,0,0,0,1,COMMIT,21,1,0,20,0,11,6,12,0,12,14,4,1,1
loss_10,fixed,14073,0,0,1,0,0,none,0,0,0,0,0,0,0,0,0,-1,-1,0,0,0
loss_10,ideal_atomic,14073,1,0,0,0,0,none,0,0,0,0,0,0,0,0,0,0,-1,0,1,1
loss_10,command_once,14073,1,0,0,0,0,none,3,0,0,3,0,3,4,10,0,4,-1,0,1,1
loss_10,confirmed_once,14073,1,0,0,0,1,COMMIT,12,0,0,12,0,6,2,4,0,7,9,4,1,1
loss_10,confirmed_retry,14073,1,0,0,0,1,COMMIT,16,0,0,16,0,8,2,4,0,7,9,4,1,1
loss_10,fixed,14074,0,0,1,0,0,none,0,0,0,0,0,0,0,0,0,-1,-1,0,0,0
loss_10,ideal_atomic,14074,1,0,0,0,0,none,0,0,0,0,0,0,0,0,0,0,-1,0,1,1
loss_10,command_once,14074,1,0,0,0,0,none,3,0,0,3,0,3,3,6,0,3,-1,0,1,1
loss_10,confirmed_once,14074,1,0,0,0,1,COMMIT,12,0,0,12,0,6,4,8,0,8,11,4,1,1
loss_10,confirmed_retry,14074,1,0,0,0,1,COMMIT,16,0,0,16,0,8,4,8,0,8,11,4,1,1
loss_10,fixed,14075,0,0,1,0,0,none,0,0,0,0,0,0,0,0,0,-1,-1,0,0,0
loss_10,ideal_atomic,14075,1,0,0,0,0,none,0,0,0,0,0,0,0,0,0,0,-1,0,1,1
loss_10,command_once,14075,1,0,0,0,0,none,3,0,0,3,0,3,4,8,0,4,-1,0,1,1
loss_10,confirmed_once,14075,0,1,0,2,0,COMMIT,10,2,0,8,0,6,73,146,0,-1,-1,4,1,1
loss_10,confirmed_retry,14075,1,0,0,0,1,COMMIT,21,3,0,18,0,12,3,6,0,10,14,4,1,1
loss_10,fixed,14076,0,0,1,0,0,none,0,0,0,0,0,0,0,0,0,-1,-1,0,0,0
loss_10,ideal_atomic,14076,1,0,0,0,0,none,0,0,0,0,0,0,0,0,0,0,-1,0,1,1
loss_10,command_once,14076,1,0,0,0,0,none,3,0,0,3,0,3,4,10,0,4,-1,0,1,1
loss_10,confirmed_once,14076,1,0,0,0,1,COMMIT,12,0,0,12,0,6,4,12,0,10,13,4,1,1
loss_10,confirmed_retry,14076,1,0,0,0,1,COMMIT,24,0,0,24,0,12,4,12,0,10,13,4,1,1
loss_10,fixed,14077,0,0,1,0,0,none,0,0,0,0,0,0,0,0,0,-1,-1,0,0,0
loss_10,ideal_atomic,14077,1,0,0,0,0,none,0,0,0,0,0,0,0,0,0,0,-1,0,1,1
loss_10,command_once,14077,1,0,0,0,0,none,3,0,0,3,0,3,3,6,0,3,-1,0,1,1
loss_10,confirmed_once,14077,1,0,0,0,1,COMMIT,12,0,0,12,0,6,3,6,0,10,12,4,1,1
loss_10,confirmed_retry,14077,1,0,0,0,1,COMMIT,24,1,0,23,0,12,4,8,0,10,12,4,1,1
loss_10,fixed,14078,0,0,1,0,0,none,0,0,0,0,0,0,0,0,0,-1,-1,0,0,0
loss_10,ideal_atomic,14078,1,0,0,0,0,none,0,0,0,0,0,0,0,0,0,0,-1,0,1,1
loss_10,command_once,14078,1,0,0,0,0,none,3,0,0,3,0,3,3,6,0,3,-1,0,1,1
loss_10,confirmed_once,14078,0,1,0,1,0,COMMIT,11,1,0,10,0,6,73,146,0,-1,-1,4,0,1
loss_10,confirmed_retry,14078,1,0,0,0,1,COMMIT,23,2,0,21,0,12,3,6,0,10,14,4,1,1
loss_10,fixed,14079,0,0,1,0,0,none,0,0,0,0,0,0,0,0,0,-1,-1,0,0,0
loss_10,ideal_atomic,14079,1,0,0,0,0,none,0,0,0,0,0,0,0,0,0,0,-1,0,1,1
loss_10,command_once,14079,1,0,0,0,0,none,3,0,0,3,0,3,3,6,0,3,-1,0,1,1
loss_10,confirmed_once,14079,1,0,0,0,1,COMMIT,12,0,0,12,0,6,4,8,0,11,14,4,1,1
loss_10,confirmed_retry,14079,1,0,0,0,1,COMMIT,26,3,0,23,0,14,4,8,0,11,14,4,1,1
loss_10,fixed,14080,0,0,1,0,0,none,0,0,0,0,0,0,0,0,0,-1,-1,0,0,0
loss_10,ideal_atomic,14080,1,0,0,0,0,none,0,0,0,0,0,0,0,0,0,0,-1,0,1,1
loss_10,command_once,14080,1,0,0,0,0,none,3,0,0,3,0,3,4,8,0,4,-1,0,1,1
loss_10,confirmed_once,14080,0,1,0,1,0,COMMIT,11,1,0,10,0,6,72,144,0,-1,-1,4,1,1
loss_10,confirmed_retry,14080,1,0,0,0,1,COMMIT,21,2,0,19,0,11,6,12,0,14,18,4,1,1
loss_10,fixed,14081,0,0,1,0,0,none,0,0,0,0,0,0,0,0,0,-1,-1,0,0,0
loss_10,ideal_atomic,14081,1,0,0,0,0,none,0,0,0,0,0,0,0,0,0,0,-1,0,1,1
loss_10,command_once,14081,0,1,0,0,0,none,3,1,0,2,0,3,80,160,0,-1,-1,0,1,1
loss_10,confirmed_once,14081,0,0,1,0,1,ABORT,11,1,0,10,0,6,0,0,0,-1,23,3,0,0
loss_10,confirmed_retry,14081,1,0,0,0,1,COMMIT,22,4,0,18,0,13,4,10,0,15,17,4,1,1
loss_10,fixed,14082,0,0,1,0,0,none,0,0,0,0,0,0,0,0,0,-1,-1,0,0,0
loss_10,ideal_atomic,14082,1,0,0,0,0,none,0,0,0,0,0,0,0,0,0,0,-1,0,1,1
loss_10,command_once,14082,1,0,0,0,0,none,3,0,0,3,0,3,3,6,0,3,-1,0,1,1
loss_10,confirmed_once,14082,1,0,0,0,1,COMMIT,12,0,0,12,0,6,4,8,0,11,14,4,1,1
loss_10,confirmed_retry,14082,1,0,0,0,1,COMMIT,22,2,0,20,0,12,4,8,0,10,11,4,1,1
loss_10,fixed,14083,0,0,1,0,0,none,0,0,0,0,0,0,0,0,0,-1,-1,0,0,0
loss_10,ideal_atomic,14083,1,0,0,0,0,none,0,0,0,0,0,0,0,0,0,0,-1,0,1,1
loss_10,command_once,14083,1,0,0,0,0,none,3,0,0,3,0,3,4,8,0,4,-1,0,1,1
loss_10,confirmed_once,14083,1,0,0,0,1,COMMIT,12,0,0,12,0,6,3,6,0,10,14,4,1,1
loss_10,confirmed_retry,14083,1,0,0,0,1,COMMIT,24,3,0,21,0,13,3,6,0,10,14,4,1,1
loss_10,fixed,14084,0,0,1,0,0,none,0,0,0,0,0,0,0,0,0,-1,-1,0,0,0
loss_10,ideal_atomic,14084,1,0,0,0,0,none,0,0,0,0,0,0,0,0,0,0,-1,0,1,1
loss_10,command_once,14084,0,1,0,0,0,none,3,1,0,2,0,3,80,160,0,-1,-1,0,1,1
loss_10,confirmed_once,14084,0,0,1,0,1,ABORT,11,1,0,10,0,6,0,0,0,-1,22,3,0,0
loss_10,confirmed_retry,14084,1,0,0,0,1,COMMIT,19,3,0,16,0,11,8,16,0,16,19,4,1,1
loss_10,fixed,14085,0,0,1,0,0,none,0,0,0,0,0,0,0,0,0,-1,-1,0,0,0
loss_10,ideal_atomic,14085,1,0,0,0,0,none,0,0,0,0,0,0,0,0,0,0,-1,0,1,1
loss_10,command_once,14085,1,0,0,0,0,none,3,0,0,3,0,3,3,6,0,3,-1,0,1,1
loss_10,confirmed_once,14085,0,1,0,1,0,COMMIT,11,1,0,10,0,6,74,152,0,-1,-1,4,1,1
loss_10,confirmed_retry,14085,1,0,0,0,1,COMMIT,21,1,0,20,0,11,4,10,0,10,13,4,1,1
loss_10,fixed,14086,0,0,1,0,0,none,0,0,0,0,0,0,0,0,0,-1,-1,0,0,0
loss_10,ideal_atomic,14086,1,0,0,0,0,none,0,0,0,0,0,0,0,0,0,0,-1,0,1,1
loss_10,command_once,14086,1,0,0,0,0,none,3,0,0,3,0,3,4,8,0,4,-1,0,1,1
loss_10,confirmed_once,14086,0,1,0,1,0,COMMIT,11,1,0,10,0,6,73,146,0,-1,-1,4,1,1
loss_10,confirmed_retry,14086,1,0,0,0,1,COMMIT,27,2,0,25,0,14,4,8,0,11,15,4,1,1
loss_10,fixed,14087,0,0,1,0,0,none,0,0,0,0,0,0,0,0,0,-1,-1,0,0,0
loss_10,ideal_atomic,14087,1,0,0,0,0,none,0,0,0,0,0,0,0,0,0,0,-1,0,1,1
loss_10,command_once,14087,1,0,0,0,0,none,3,0,0,3,0,3,4,8,0,4,-1,0,1,1
loss_10,confirmed_once,14087,1,0,0,0,1,COMMIT,12,0,0,12,0,6,3,6,0,9,12,4,1,1
loss_10,confirmed_retry,14087,1,0,0,0,1,COMMIT,22,0,0,22,0,11,3,6,0,9,12,4,1,1
loss_10,fixed,14088,0,0,1,0,0,none,0,0,0,0,0,0,0,0,0,-1,-1,0,0,0
loss_10,ideal_atomic,14088,1,0,0,0,0,none,0,0,0,0,0,0,0,0,0,0,-1,0,1,1
loss_10,command_once,14088,0,1,0,0,0,none,3,1,0,2,0,3,80,166,0,-1,-1,0,1,1
loss_10,confirmed_once,14088,0,0,1,0,1,ABORT,11,1,0,10,0,6,0,0,0,-1,24,3,0,0
loss_10,confirmed_retry,14088,1,0,0,0,1,COMMIT,25,3,0,22,0,13,4,10,0,13,22,4,1,1
loss_10,fixed,14089,0,0,1,0,0,none,0,0,0,0,0,0,0,0,0,-1,-1,0,0,0
loss_10,ideal_atomic,14089,1,0,0,0,0,none,0,0,0,0,0,0,0,0,0,0,-1,0,1,1
loss_10,command_once,14089,1,0,0,0,0,none,3,0,0,3,0,3,4,8,0,4,-1,0,1,1
loss_10,confirmed_once,14089,1,0,0,0,0,COMMIT,12,1,0,11,0,6,4,10,0,12,-1,4,1,1
loss_10,confirmed_retry,14089,1,0,0,0,1,COMMIT,27,6,0,21,0,14,4,10,0,12,26,4,1,1
loss_10,fixed,14090,0,0,1,0,0,none,0,0,0,0,0,0,0,0,0,-1,-1,0,0,0
loss_10,ideal_atomic,14090,1,0,0,0,0,none,0,0,0,0,0,0,0,0,0,0,-1,0,1,1
loss_10,command_once,14090,1,0,0,0,0,none,3,0,0,3,0,3,2,4,0,2,-1,0,1,1
loss_10,confirmed_once,14090,1,0,0,0,1,COMMIT,12,0,0,12,0,6,3,6,0,8,11,4,1,1
loss_10,confirmed_retry,14090,1,0,0,0,1,COMMIT,20,0,0,20,0,10,3,6,0,8,11,4,1,1
loss_10,fixed,14091,0,0,1,0,0,none,0,0,0,0,0,0,0,0,0,-1,-1,0,0,0
loss_10,ideal_atomic,14091,1,0,0,0,0,none,0,0,0,0,0,0,0,0,0,0,-1,0,1,1
loss_10,command_once,14091,1,0,0,0,0,none,3,0,0,3,0,3,3,8,0,3,-1,0,1,1
loss_10,confirmed_once,14091,1,0,0,0,1,COMMIT,12,0,0,12,0,6,4,10,0,8,10,4,1,1
loss_10,confirmed_retry,14091,1,0,0,0,1,COMMIT,16,1,0,15,0,8,4,10,0,8,10,4,1,1
loss_10,fixed,14092,0,0,1,0,0,none,0,0,0,0,0,0,0,0,0,-1,-1,0,0,0
loss_10,ideal_atomic,14092,1,0,0,0,0,none,0,0,0,0,0,0,0,0,0,0,-1,0,1,1
loss_10,command_once,14092,0,1,0,0,0,none,3,1,0,2,0,3,80,160,0,-1,-1,0,1,1
loss_10,confirmed_once,14092,0,0,1,0,1,ABORT,11,2,0,9,0,6,0,0,0,-1,23,3,0,0
loss_10,confirmed_retry,14092,1,0,0,0,1,COMMIT,26,3,0,23,0,14,4,10,0,18,19,4,1,1
loss_10,fixed,14093,0,0,1,0,0,none,0,0,0,0,0,0,0,0,0,-1,-1,0,0,0
loss_10,ideal_atomic,14093,1,0,0,0,0,none,0,0,0,0,0,0,0,0,0,0,-1,0,1,1
loss_10,command_once,14093,1,0,0,0,0,none,3,0,0,3,0,3,4,12,0,4,-1,0,1,1
loss_10,confirmed_once,14093,0,0,1,0,1,ABORT,12,1,0,11,0,6,0,0,0,-1,23,4,0,0
loss_10,confirmed_retry,14093,1,0,0,0,1,COMMIT,24,2,0,22,0,12,3,10,0,12,18,4,1,1
loss_10,fixed,14094,0,0,1,0,0,none,0,0,0,0,0,0,0,0,0,-1,-1,0,0,0
loss_10,ideal_atomic,14094,1,0,0,0,0,none,0,0,0,0,0,0,0,0,0,0,-1,0,1,1
loss_10,command_once,14094,1,0,0,0,0,none,3,0,0,3,0,3,3,6,0,3,-1,0,1,1
loss_10,confirmed_once,14094,0,1,0,1,0,COMMIT,11,1,0,10,0,6,74,148,0,-1,-1,4,0,1
loss_10,confirmed_retry,14094,1,0,0,0,1,COMMIT,26,2,0,24,0,14,10,20,0,16,17,4,1,1
loss_10,fixed,14095,0,0,1,0,0,none,0,0,0,0,0,0,0,0,0,-1,-1,0,0,0
loss_10,ideal_atomic,14095,1,0,0,0,0,none,0,0,0,0,0,0,0,0,0,0,-1,0,1,1
loss_10,command_once,14095,1,0,0,0,0,none,3,0,0,3,0,3,4,8,0,4,-1,0,1,1
loss_10,confirmed_once,14095,0,1,0,1,0,COMMIT,11,1,0,10,0,6,73,146,0,-1,-1,4,1,1
loss_10,confirmed_retry,14095,1,0,0,0,1,COMMIT,22,3,0,19,0,12,4,12,0,10,14,4,1,1
loss_10,fixed,14096,0,0,1,0,0,none,0,0,0,0,0,0,0,0,0,-1,-1,0,0,0
loss_10,ideal_atomic,14096,1,0,0,0,0,none,0,0,0,0,0,0,0,0,0,0,-1,0,1,1
loss_10,command_once,14096,1,0,0,0,0,none,3,0,0,3,0,3,3,6,0,3,-1,0,1,1
loss_10,confirmed_once,14096,0,0,1,0,1,ABORT,12,1,0,11,0,6,0,0,0,-1,22,4,0,0
loss_10,confirmed_retry,14096,1,0,0,0,1,COMMIT,24,2,0,22,0,12,2,4,0,13,16,4,1,1
loss_10,fixed,14097,0,0,1,0,0,none,0,0,0,0,0,0,0,0,0,-1,-1,0,0,0
loss_10,ideal_atomic,14097,1,0,0,0,0,none,0,0,0,0,0,0,0,0,0,0,-1,0,1,1
loss_10,command_once,14097,1,0,0,0,0,none,3,0,0,3,0,3,4,8,0,4,-1,0,1,1
loss_10,confirmed_once,14097,0,1,0,1,0,COMMIT,11,1,0,10,0,6,75,150,0,-1,-1,4,1,1
loss_10,confirmed_retry,14097,1,0,0,0,1,COMMIT,19,3,0,16,0,11,5,10,0,10,12,4,1,1
loss_10,fixed,14098,0,0,1,0,0,none,0,0,0,0,0,0,0,0,0,-1,-1,0,0,0
loss_10,ideal_atomic,14098,1,0,0,0,0,none,0,0,0,0,0,0,0,0,0,0,-1,0,1,1
loss_10,command_once,14098,1,0,0,0,0,none,3,0,0,3,0,3,3,6,0,3,-1,0,1,1
loss_10,confirmed_once,14098,1,0,0,0,1,COMMIT,12,0,0,12,0,6,4,8,0,10,14,4,1,1
loss_10,confirmed_retry,14098,1,0,0,0,1,COMMIT,24,0,0,24,0,12,4,8,0,10,14,4,1,1
loss_10,fixed,14099,0,0,1,0,0,none,0,0,0,0,0,0,0,0,0,-1,-1,0,0,0
loss_10,ideal_atomic,14099,1,0,0,0,0,none,0,0,0,0,0,0,0,0,0,0,-1,0,1,1
loss_10,command_once,14099,1,0,0,0,0,none,3,0,0,3,0,3,3,6,0,3,-1,0,1,1
loss_10,confirmed_once,14099,1,0,0,0,1,COMMIT,12,0,0,12,0,6,3,6,0,8,12,4,1,1
loss_10,confirmed_retry,14099,1,0,0,0,1,COMMIT,20,1,0,19,0,10,3,6,0,8,12,4,1,1
loss_10,fixed,14100,0,0,1,0,0,none,0,0,0,0,0,0,0,0,0,-1,-1,0,0,0
loss_10,ideal_atomic,14100,1,0,0,0,0,none,0,0,0,0,0,0,0,0,0,0,-1,0,1,1
loss_10,command_once,14100,0,1,0,0,0,none,3,1,0,2,0,3,80,166,0,-1,-1,0,1,1
loss_10,confirmed_once,14100,0,0,1,0,1,ABORT,11,1,0,10,0,6,0,0,0,-1,24,3,0,0
loss_10,confirmed_retry,14100,1,0,0,0,1,COMMIT,23,4,0,19,0,13,3,6,0,14,15,4,1,1
loss_10,fixed,14101,0,0,1,0,0,none,0,0,0,0,0,0,0,0,0,-1,-1,0,0,0
loss_10,ideal_atomic,14101,1,0,0,0,0,none,0,0,0,0,0,0,0,0,0,0,-1,0,1,1
loss_10,command_once,14101,1,0,0,0,0,none,3,0,0,3,0,3,4,8,0,4,-1,0,1,1
loss_10,confirmed_once,14101,1,0,0,0,1,COMMIT,12,0,0,12,0,6,3,10,0,11,13,4,1,1
loss_10,confirmed_retry,14101,1,0,0,0,1,COMMIT,24,1,0,23,0,12,3,6,0,10,13,4,1,1
loss_10,fixed,14102,0,0,1,0,0,none,0,0,0,0,0,0,0,0,0,-1,-1,0,0,0
loss_10,ideal_atomic,14102,1,0,0,0,0,none,0,0,0,0,0,0,0,0,0,0,-1,0,1,1
loss_10,command_once,14102,1,0,0,0,0,none,3,0,0,3,0,3,1,2,0,1,-1,0,1,1
loss_10,confirmed_once,14102,1,0,0,0,0,COMMIT,12,2,0,10,0,6,2,4,0,5,-1,4,1,1
loss_10,confirmed_retry,14102,1,0,0,0,1,COMMIT,20,3,0,17,0,10,2,4,0,5,11,4,1,1
loss_10,fixed,14103,0,0,1,0,0,none,0,0,0,0,0,0,0,0,0,-1,-1,0,0,0
loss_10,ideal_atomic,14103,1,0,0,0,0,none,0,0,0,0,0,0,0,0,0,0,-1,0,1,1
loss_10,command_once,14103,1,0,0,0,0,none,3,0,0,3,0,3,4,12,0,4,-1,0,1,1
loss_10,confirmed_once,14103,1,0,0,0,0,COMMIT,12,1,0,11,0,6,2,4,0,10,-1,4,1,1
loss_10,confirmed_retry,14103,1,0,0,0,1,COMMIT,19,3,0,16,0,10,2,4,0,10,17,4,1,1
loss_10,fixed,14104,0,0,1,0,0,none,0,0,0,0,0,0,0,0,0,-1,-1,0,0,0
loss_10,ideal_atomic,14104,1,0,0,0,0,none,0,0,0,0,0,0,0,0,0,0,-1,0,1,1
loss_10,command_once,14104,0,1,0,0,0,none,3,1,0,2,0,3,80,166,0,-1,-1,0,0,1
loss_10,confirmed_once,14104,0,0,1,0,1,ABORT,11,1,0,10,0,6,0,0,0,-1,23,3,0,0
loss_10,confirmed_retry,14104,1,0,0,0,1,COMMIT,25,1,0,24,0,13,4,10,0,13,15,4,1,1
loss_10,fixed,14105,0,0,1,0,0,none,0,0,0,0,0,0,0,0,0,-1,-1,0,0,0
loss_10,ideal_atomic,14105,1,0,0,0,0,none,0,0,0,0,0,0,0,0,0,0,-1,0,1,1
loss_10,command_once,14105,1,0,0,0,0,none,3,0,0,3,0,3,3,6,0,3,-1,0,1,1
loss_10,confirmed_once,14105,1,0,0,0,0,COMMIT,12,1,0,11,0,6,4,8,0,10,-1,4,1,1
loss_10,confirmed_retry,14105,1,0,0,0,1,COMMIT,23,2,0,21,0,12,4,8,0,10,12,4,1,1
loss_10,fixed,14106,0,0,1,0,0,none,0,0,0,0,0,0,0,0,0,-1,-1,0,0,0
loss_10,ideal_atomic,14106,1,0,0,0,0,none,0,0,0,0,0,0,0,0,0,0,-1,0,1,1
loss_10,command_once,14106,1,0,0,0,0,none,3,0,0,3,0,3,4,14,0,4,-1,0,1,1
loss_10,confirmed_once,14106,1,0,0,0,0,COMMIT,12,1,0,11,0,6,2,4,0,10,-1,4,1,1
loss_10,confirmed_retry,14106,1,0,0,0,1,COMMIT,19,2,0,17,0,10,2,4,0,10,16,4,1,1
loss_10,fixed,14107,0,0,1,0,0,none,0,0,0,0,0,0,0,0,0,-1,-1,0,0,0
loss_10,ideal_atomic,14107,1,0,0,0,0,none,0,0,0,0,0,0,0,0,0,0,-1,0,1,1
loss_10,command_once,14107,1,0,0,0,0,none,3,0,0,3,0,3,4,10,0,4,-1,0,1,1
loss_10,confirmed_once,14107,1,0,0,0,1,COMMIT,12,0,0,12,0,6,3,6,0,9,10,4,1,1
loss_10,confirmed_retry,14107,1,0,0,0,1,COMMIT,17,3,0,14,0,10,3,6,0,9,10,4,1,1
loss_10,fixed,14108,0,0,1,0,0,none,0,0,0,0,0,0,0,0,0,-1,-1,0,0,0
loss_10,ideal_atomic,14108,1,0,0,0,0,none,0,0,0,0,0,0,0,0,0,0,-1,0,1,1
loss_10,command_once,14108,1,0,0,0,0,none,3,0,0,3,0,3,4,8,0,4,-1,0,1,1
loss_10,confirmed_once,14108,0,0,1,0,0,ABORT,12,3,0,9,0,6,0,0,0,-1,-1,4,0,0
loss_10,confirmed_retry,14108,1,0,0,0,1,COMMIT,24,4,0,20,0,13,3,10,0,10,13,4,1,1
loss_10,fixed,14109,0,0,1,0,0,none,0,0,0,0,0,0,0,0,0,-1,-1,0,0,0
loss_10,ideal_atomic,14109,1,0,0,0,0,none,0,0,0,0,0,0,0,0,0,0,-1,0,1,1
loss_10,command_once,14109,0,1,0,0,0,none,3,1,0,2,0,3,80,164,0,-1,-1,0,0,1
loss_10,confirmed_once,14109,0,0,1,0,0,ABORT,10,2,0,8,0,6,0,0,0,-1,-1,3,0,0
loss_10,confirmed_retry,14109,1,0,0,0,1,COMMIT,23,4,0,19,0,13,8,16,0,16,20,4,1,1
loss_10,fixed,14110,0,0,1,0,0,none,0,0,0,0,0,0,0,0,0,-1,-1,0,0,0
loss_10,ideal_atomic,14110,1,0,0,0,0,none,0,0,0,0,0,0,0,0,0,0,-1,0,1,1
loss_10,command_once,14110,0,1,0,0,0,none,3,1,0,2,0,3,80,162,0,-1,-1,0,1,1
loss_10,confirmed_once,14110,0,0,1,0,1,ABORT,11,1,0,10,0,6,0,0,0,-1,22,3,0,0
loss_10,confirmed_retry,14110,1,0,0,0,1,COMMIT,21,4,0,17,0,12,2,4,0,9,10,4,1,1
loss_10,fixed,14111,0,0,1,0,0,none,0,0,0,0,0,0,0,0,0,-1,-1,0,0,0
loss_10,ideal_atomic,14111,1,0,0,0,0,none,0,0,0,0,0,0,0,0,0,0,-1,0,1,1
loss_10,command_once,14111,1,0,0,0,0,none,3,0,0,3,0,3,2,4,0,2,-1,0,1,1
loss_10,confirmed_once,14111,1,0,0,0,0,COMMIT,12,1,0,11,0,6,4,8,0,9,-1,4,1,1
loss_10,confirmed_retry,14111,1,0,0,0,1,COMMIT,21,2,0,19,0,11,4,8,0,9,16,4,1,1
loss_10,fixed,14112,0,0,1,0,0,none,0,0,0,0,0,0,0,0,0,-1,-1,0,0,0
loss_10,ideal_atomic,14112,1,0,0,0,0,none,0,0,0,0,0,0,0,0,0,0,-1,0,1,1
loss_10,command_once,14112,1,0,0,0,0,none,3,0,0,3,0,3,4,8,0,4,-1,0,1,1
loss_10,confirmed_once,14112,0,1,0,1,0,COMMIT,11,2,0,9,0,6,72,144,0,-1,-1,4,1,1
loss_10,confirmed_retry,14112,1,0,0,0,1,COMMIT,23,2,0,21,0,12,6,12,0,14,17,4,1,1
loss_10,fixed,14113,0,0,1,0,0,none,0,0,0,0,0,0,0,0,0,-1,-1,0,0,0
loss_10,ideal_atomic,14113,1,0,0,0,0,none,0,0,0,0,0,0,0,0,0,0,-1,0,1,1
loss_10,command_once,14113,1,0,0,0,0,none,3,0,0,3,0,3,2,6,0,2,-1,0,1,1
loss_10,confirmed_once,14113,0,0,1,1,0,ABORT,11,2,0,9,0,6,0,0,0,-1,-1,4,0,0
loss_10,confirmed_retry,14113,1,0,0,0,1,COMMIT,27,2,0,25,0,14,3,6,0,14,17,4,1,1
loss_10,fixed,14114,0,0,1,0,0,none,0,0,0,0,0,0,0,0,0,-1,-1,0,0,0
loss_10,ideal_atomic,14114,1,0,0,0,0,none,0,0,0,0,0,0,0,0,0,0,-1,0,1,1
loss_10,command_once,14114,0,1,0,0,0,none,3,1,0,2,0,3,80,160,0,-1,-1,0,1,1
loss_10,confirmed_once,14114,0,0,1,0,0,ABORT,11,3,0,8,0,6,0,0,0,-1,-1,3,0,0
loss_10,confirmed_retry,14114,1,0,0,0,1,COMMIT,27,5,0,22,0,15,4,8,0,17,21,4,1,1
loss_10,fixed,14115,0,0,1,0,0,none,0,0,0,0,0,0,0,0,0,-1,-1,0,0,0
loss_10,ideal_atomic,14115,1,0,0,0,0,none,0,0,0,0,0,0,0,0,0,0,-1,0,1,1
loss_10,command_once,14115,1,0,0,0,0,none,3,0,0,3,0,3,3,6,0,3,-1,0,1,1
loss_10,confirmed_once,14115,1,0,0,0,1,COMMIT,12,0,0,12,0,6,3,6,0,9,13,4,1,1
loss_10,confirmed_retry,14115,1,0,0,0,1,COMMIT,24,0,0,24,0,12,3,6,0,9,13,4,1,1
loss_10,fixed,14116,0,0,1,0,0,none,0,0,0,0,0,0,0,0,0,-1,-1,0,0,0
loss_10,ideal_atomic,14116,1,0,0,0,0,none,0,0,0,0,0,0,0,0,0,0,-1,0,1,1
loss_10,command_once,14116,1,0,0,0,0,none,3,0,0,3,0,3,4,8,0,4,-1,0,1,1
loss_10,confirmed_once,14116,1,0,0,0,1,COMMIT,12,0,0,12,0,6,4,8,0,12,16,4,1,1
loss_10,confirmed_retry,14116,1,0,0,0,1,COMMIT,18,2,0,16,0,9,4,8,0,12,16,4,1,1
loss_10,fixed,14117,0,0,1,0,0,none,0,0,0,0,0,0,0,0,0,-1,-1,0,0,0
loss_10,ideal_atomic,14117,1,0,0,0,0,none,0,0,0,0,0,0,0,0,0,0,-1,0,1,1
loss_10,command_once,14117,1,0,0,0,0,none,3,0,0,3,0,3,4,14,0,4,-1,0,1,1
loss_10,confirmed_once,14117,0,1,0,1,0,COMMIT,11,2,0,9,0,6,73,146,0,-1,-1,4,0,1
loss_10,confirmed_retry,14117,1,0,0,0,1,COMMIT,25,3,0,22,0,13,5,10,0,12,14,4,1,1
loss_10,fixed,14118,0,0,1,0,0,none,0,0,0,0,0,0,0,0,0,-1,-1,0,0,0
loss_10,ideal_atomic,14118,1,0,0,0,0,none,0,0,0,0,0,0,0,0,0,0,-1,0,1,1
loss_10,command_once,14118,1,0,0,0,0,none,3,0,0,3,0,3,4,8,0,4,-1,0,1,1
loss_10,confirmed_once,14118,0,0,1,1,0,ABORT,11,2,0,9,0,6,0,0,0,-1,-1,4,0,0
loss_10,confirmed_retry,14118,1,0,0,0,1,COMMIT,24,3,0,21,0,13,3,6,0,12,15,4,1,1
loss_10,fixed,14119,0,0,1,0,0,none,0,0,0,0,0,0,0,0,0,-1,-1,0,0,0
loss_10,ideal_atomic,14119,1,0,0,0,0,none,0,0,0,0,0,0,0,0,0,0,-1,0,1,1
loss_10,command_once,14119,0,1,0,0,0,none,3,1,0,2,0,3,80,166,0,-1,-1,0,0,1
loss_10,confirmed_once,14119,0,0,1,1,0,ABORT,10,2,0,8,0,6,0,0,0,-1,-1,3,0,0
loss_10,confirmed_retry,14119,1,0,0,0,1,COMMIT,23,2,0,21,0,12,2,4,0,13,15,4,1,1
loss_10,fixed,14120,0,0,1,0,0,none,0,0,0,0,0,0,0,0,0,-1,-1,0,0,0
loss_10,ideal_atomic,14120,1,0,0,0,0,none,0,0,0,0,0,0,0,0,0,0,-1,0,1,1
loss_10,command_once,14120,1,0,0,0,0,none,3,0,0,3,0,3,4,8,0,4,-1,0,1,1
loss_10,confirmed_once,14120,0,0,1,1,0,ABORT,11,2,0,9,0,6,0,0,0,-1,-1,4,0,0
loss_10,confirmed_retry,14120,1,0,0,0,1,COMMIT,29,4,0,25,0,15,4,8,0,17,21,4,1,1
loss_10,fixed,14121,0,0,1,0,0,none,0,0,0,0,0,0,0,0,0,-1,-1,0,0,0
loss_10,ideal_atomic,14121,1,0,0,0,0,none,0,0,0,0,0,0,0,0,0,0,-1,0,1,1
loss_10,command_once,14121,1,0,0,0,0,none,3,0,0,3,0,3,2,4,0,2,-1,0,1,1
loss_10,confirmed_once,14121,1,0,0,0,1,COMMIT,12,0,0,12,0,6,3,6,0,7,9,4,1,1
loss_10,confirmed_retry,14121,1,0,0,0,1,COMMIT,14,0,0,14,0,7,3,6,0,7,9,4,1,1
loss_10,fixed,14122,0,0,1,0,0,none,0,0,0,0,0,0,0,0,0,-1,-1,0,0,0
loss_10,ideal_atomic,14122,1,0,0,0,0,none,0,0,0,0,0,0,0,0,0,0,-1,0,1,1
loss_10,command_once,14122,1,0,0,0,0,none,3,0,0,3,0,3,4,8,0,4,-1,0,1,1
loss_10,confirmed_once,14122,1,0,0,0,1,COMMIT,12,0,0,12,0,6,4,8,0,10,14,4,1,1
loss_10,confirmed_retry,14122,1,0,0,0,1,COMMIT,26,2,0,24,0,13,4,8,0,10,14,4,1,1
loss_10,fixed,14123,0,0,1,0,0,none,0,0,0,0,0,0,0,0,0,-1,-1,0,0,0
loss_10,ideal_atomic,14123,1,0,0,0,0,none,0,0,0,0,0,0,0,0,0,0,-1,0,1,1
loss_10,command_once,14123,0,1,0,0,0,none,3,1,0,2,0,3,80,160,0,-1,-1,0,1,1
loss_10,confirmed_once,14123,0,0,1,1,0,ABORT,10,3,0,7,0,6,0,0,0,-1,-1,3,0,0
loss_10,confirmed_retry,14123,1,0,0,0,1,COMMIT,19,4,0,15,0,11,7,14,0,15,19,4,1,1
loss_10,fixed,14124,0,0,1,0,0,none,0,0,0,0,0,0,0,0,0,-1,-1,0,0,0
loss_10,ideal_atomic,14124,1,0,0,0,0,none,0,0,0,0,0,0,0,0,0,0,-1,0,1,1
loss_10,command_once,14124,1,0,0,0,0,none,3,0,0,3,0,3,4,12,0,4,-1,0,1,1
loss_10,confirmed_once,14124,1,0,0,0,0,COMMIT,12,1,0,11,0,6,4,12,0,9,-1,4,1,1
loss_10,confirmed_retry,14124,1,0,0,0,1,COMMIT,21,2,0,19,0,11,4,12,0,9,13,4,1,1
loss_10,fixed,14125,0,0,1,0,0,none,0,0,0,0,0,0,0,0,0,-1,-1,0,0,0
loss_10,ideal_atomic,14125,1,0,0,0,0,none,0,0,0,0,0,0,0,0,0,0,-1,0,1,1
loss_10,command_once,14125,1,0,0,0,0,none,3,0,0,3,0,3,2,4,0,2,-1,0,1,1
loss_10,confirmed_once,14125,1,0,0,0,1,COMMIT,12,0,0,12,0,6,4,8,0,9,13,4,1,1
loss_10,confirmed_retry,14125,1,0,0,0,1,COMMIT,21,2,0,19,0,11,4,8,0,9,13,4,1,1
loss_10,fixed,14126,0,0,1,0,0,none,0,0,0,0,0,0,0,0,0,-1,-1,0,0,0
loss_10,ideal_atomic,14126,1,0,0,0,0,none,0,0,0,0,0,0,0,0,0,0,-1,0,1,1
loss_10,command_once,14126,1,0,0,0,0,none,3,0,0,3,0,3,4,10,0,4,-1,0,1,1
loss_10,confirmed_once,14126,0,1,0,1,0,COMMIT,11,1,0,10,0,6,72,146,0,-1,-1,4,0,1
loss_10,confirmed_retry,14126,1,0,0,0,1,COMMIT,21,1,0,20,0,11,8,18,0,16,17,4,1,1
loss_10,fixed,14127,0,0,1,0,0,none,0,0,0,0,0,0,0,0,0,-1,-1,0,0,0
loss_10,ideal_atomic,14127,1,0,0,0,0,none,0,0,0,0,0,0,0,0,0,0,-1,0,1,1
loss_10,command_once,14127,1,0,0,0,0,none,3,0,0,3,0,3,3,6,0,3,-1,0,1,1
loss_10,confirmed_once,14127,0,0,1,0,1,ABORT,12,1,0,11,0,6,0,0,0,-1,21,4,0,0
loss_10,confirmed_retry,14127,1,0,0,0,1,COMMIT,25,3,0,22,0,13,5,10,0,15,18,4,1,1
loss_10,fixed,14128,0,0,1,0,0,none,0,0,0,0,0,0,0,0,0,-1,-1,0,0,0
loss_10,ideal_atomic,14128,1,0,0,0,0,none,0,0,0,0,0,0,0,0,0,0,-1,0,1,1
loss_10,command_once,14128,1,0,0,0,0,none,3,0,0,3,0,3,1,2,0,1,-1,0,1,1
loss_10,confirmed_once,14128,0,0,1,0,1,ABORT,12,1,0,11,0,6,0,0,0,-1,21,4,0,0
loss_10,confirmed_retry,14128,1,0,0,0,1,COMMIT,22,1,0,21,0,11,4,8,0,13,15,4,1,1
loss_10,fixed,14129,0,0,1,0,0,none,0,0,0,0,0,0,0,0,0,-1,-1,0,0,0
loss_10,ideal_atomic,14129,1,0,0,0,0,none,0,0,0,0,0,0,0,0,0,0,-1,0,1,1
loss_10,command_once,14129,0,1,0,0,0,none,3,1,0,2,0,3,80,160,0,-1,-1,0,1,1
loss_10,confirmed_once,14129,0,0,1,0,0,ABORT,11,2,0,9,0,6,0,0,0,-1,-1,3,0,0
loss_10,confirmed_retry,14129,1,0,0,0,1,COMMIT,21,1,0,20,0,11,4,8,0,13,16,4,1,1
loss_10,fixed,14130,0,0,1,0,0,none,0,0,0,0,0,0,0,0,0,-1,-1,0,0,0
loss_10,ideal_atomic,14130,1,0,0,0,0,none,0,0,0,0,0,0,0,0,0,0,-1,0,1,1
loss_10,command_once,14130,0,1,0,0,0,none,3,1,0,2,0,3,80,160,0,-1,-1,0,0,1
loss_10,confirmed_once,14130,0,0,1,1,0,ABORT,10,3,0,7,0,6,0,0,0,-1,-1,3,0,0
loss_10,confirmed_retry,14130,1,0,0,0,1,COMMIT,24,5,0,19,0,14,4,12,0,14,24,4,1,1
loss_10,fixed,14131,0,0,1,0,0,none,0,0,0,0,0,0,0,0,0,-1,-1,0,0,0
loss_10,ideal_atomic,14131,1,0,0,0,0,none,0,0,0,0,0,0,0,0,0,0,-1,0,1,1
loss_10,command_once,14131,1,0,0,0,0,none,3,0,0,3,0,3,2,4,0,2,-1,0,1,1
loss_10,confirmed_once,14131,1,0,0,0,0,COMMIT,12,1,0,11,0,6,4,8,0,8,-1,4,1,1
loss_10,confirmed_retry,14131,1,0,0,0,1,COMMIT,19,2,0,17,0,10,4,8,0,8,16,4,1,1
loss_10,fixed,14132,0,0,1,0,0,none,0,0,0,0,0,0,0,0,0,-1,-1,0,0,0
loss_10,ideal_atomic,14132,1,0,0,0,0,none,0,0,0,0,0,0,0,0,0,0,-1,0,1,1
loss_10,command_once,14132,1,0,0,0,0,none,3,0,0,3,0,3,3,6,0,3,-1,0,1,1
loss_10,confirmed_once,14132,1,0,0,0,1,COMMIT,12,0,0,12,0,6,4,12,0,11,15,4,1,1
loss_10,confirmed_retry,14132,1,0,0,0,1,COMMIT,25,1,0,24,0,13,4,12,0,11,15,4,1,1
loss_10,fixed,14133,0,0,1,0,0,none,0,0,0,0,0,0,0,0,0,-1,-1,0,0,0
loss_10,ideal_atomic,14133,1,0,0,0,0,none,0,0,0,0,0,0,0,0,0,0,-1,0,1,1
loss_10,command_once,14133,1,0,0,0,0,none,3,0,0,3,0,3,4,12,0,4,-1,0,1,1
loss_10,confirmed_once,14133,0,0,1,0,0,ABORT,12,2,0,10,0,6,0,0,0,-1,-1,4,0,0
loss_10,confirmed_retry,14133,1,0,0,0,1,COMMIT,27,4,0,23,0,14,5,10,0,14,26,4,1,1
loss_10,fixed,14134,0,0,1,0,0,none,0,0,0,0,0,0,0,0,0,-1,-1,0,0,0
loss_10,ideal_atomic,14134,1,0,0,0,0,none,0,0,0,0,0,0,0,0,0,0,-1,0,1,1
loss_10,command_once,14134,1,0,0,0,0,none,3,0,0,3,0,3,4,8,0,4,-1,0,1,1
loss_10,confirmed_once,14134,0,0,1,0,0,ABORT,12,2,0,10,0,6,0,0,0,-1,-1,4,0,0
loss_10,confirmed_retry,14134,1,0,0,0,1,COMMIT,28,3,0,25,0,14,1,2,0,12,20,4,1,1
loss_10,fixed,14135,0,0,1,0,0,none,0,0,0,0,0,0,0,0,0,-1,-1,0,0,0
loss_10,ideal_atomic,14135,1,0,0,0,0,none,0,0,0,0,0,0,0,0,0,0,-1,0,1,1
loss_10,command_once,14135,1,0,0,0,0,none,3,0,0,3,0,3,3,6,0,3,-1,0,1,1
loss_10,confirmed_once,14135,0,0,1,0,1,ABORT,12,1,0,11,0,6,0,0,0,-1,22,4,0,0
loss_10,confirmed_retry,14135,1,0,0,0,1,COMMIT,24,1,0,23,0,12,4,8,0,14,18,4,1,1
loss_10,fixed,14136,0,0,1,0,0,none,0,0,0,0,0,0,0,0,0,-1,-1,0,0,0
loss_10,ideal_atomic,14136,1,0,0,0,0,none,0,0,0,0,0,0,0,0,0,0,-1,0,1,1
loss_10,command_once,14136,0,1,0,0,0,none,3,1,0,2,0,3,80,164,0,-1,-1,0,0,1
loss_10,confirmed_once,14136,0,0,1,0,1,ABORT,11,1,0,10,0,6,0,0,0,-1,22,3,0,0
loss_10,confirmed_retry,14136,1,0,0,0,1,COMMIT,21,1,0,20,0,11,2,4,0,9,12,4,1,1
loss_10,fixed,14137,0,0,1,0,0,none,0,0,0,0,0,0,0,0,0,-1,-1,0,0,0
loss_10,ideal_atomic,14137,1,0,0,0,0,none,0,0,0,0,0,0,0,0,0,0,-1,0,1,1
loss_10,command_once,14137,1,0,0,0,0,none,3,0,0,3,0,3,2,4,0,2,-1,0,1,1
loss_10,confirmed_once,14137,0,1,0,1,0,COMMIT,11,2,0,9,0,6,75,152,0,-1,-1,4,1,1
loss_10,confirmed_retry,14137,1,0,0,0,1,COMMIT,26,5,0,21,0,14,6,14,0,11,20,4,1,1
loss_10,fixed,14138,0,0,1,0,0,none,0,0,0,0,0,0,0,0,0,-1,-1,0,0,0
loss_10,ideal_atomic,14138,1,0,0,0,0,none,0,0,0,0,0,0,0,0,0,0,-1,0,1,1
loss_10,command_once,14138,1,0,0,0,0,none,3,0,0,3,0,3,4,12,0,4,-1,0,1,1
loss_10,confirmed_once,14138,0,1,0,1,0,COMMIT,11,1,0,10,0,6,73,146,0,-1,-1,4,1,1
loss_10,confirmed_retry,14138,1,0,0,0,1,COMMIT,25,3,0,22,0,13,6,12,0,12,18,4,1,1
loss_10,fixed,14139,0,0,1,0,0,none,0,0,0,0,0,0,0,0,0,-1,-1,0,0,0
loss_10,ideal_atomic,14139,1,0,0,0,0,none,0,0,0,0,0,0,0,0,0,0,-1,0,1,1
loss_10,command_once,14139,0,1,0,0,0,none,3,2,0,1,0,3,80,160,0,-1,-1,0,1,1
loss_10,confirmed_once,14139,0,0,1,0,1,ABORT,10,2,0,8,0,6,0,0,0,-1,24,2,0,0
loss_10,confirmed_retry,14139,1,0,0,0,1,COMMIT,21,3,0,18,0,12,4,8,0,13,16,4,1,1
loss_10,fixed,14140,0,0,1,0,0,none,0,0,0,0,0,0,0,0,0,-1,-1,0,0,0
loss_10,ideal_atomic,14140,1,0,0,0,0,none,0,0,0,0,0,0,0,0,0,0,-1,0,1,1
loss_10,command_once,14140,0,1,0,0,0,none,3,1,0,2,0,3,80,160,0,-1,-1,0,0,1
loss_10,confirmed_once,14140,0,0,1,0,1,ABORT,11,2,0,9,0,6,0,0,0,-1,24,3,0,0
loss_10,confirmed_retry,14140,1,0,0,0,1,COMMIT,26,3,0,23,0,14,1,2,0,12,15,4,1,1
loss_10,fixed,14141,0,0,1,0,0,none,0,0,0,0,0,0,0,0,0,-1,-1,0,0,0
loss_10,ideal_atomic,14141,1,0,0,0,0,none,0,0,0,0,0,0,0,0,0,0,-1,0,1,1
loss_10,command_once,14141,0,1,0,0,0,none,3,1,0,2,0,3,80,162,0,-1,-1,0,1,1
loss_10,confirmed_once,14141,0,0,1,2,0,ABORT,9,3,0,6,0,6,0,0,0,-1,-1,3,0,0
loss_10,confirmed_retry,14141,1,0,0,0,1,COMMIT,24,2,0,22,0,13,3,6,0,13,17,4,1,1
loss_10,fixed,14142,0,0,1,0,0,none,0,0,0,0,0,0,0,0,0,-1,-1,0,0,0
loss_10,ideal_atomic,14142,1,0,0,0,0,none,0,0,0,0,0,0,0,0,0,0,-1,0,1,1
loss_10,command_once,14142,0,1,0,0,0,none,3,1,0,2,0,3,80,160,0,-1,-1,0,1,1
loss_10,confirmed_once,14142,0,0,1,0,0,ABORT,10,2,0,8,0,6,0,0,0,-1,-1,3,0,0
loss_10,confirmed_retry,14142,1,0,0,0,1,COMMIT,29,4,0,25,0,16,5,10,0,18,22,4,1,1
loss_10,fixed,14143,0,0,1,0,0,none,0,0,0,0,0,0,0,0,0,-1,-1,0,0,0
loss_10,ideal_atomic,14143,1,0,0,0,0,none,0,0,0,0,0,0,0,0,0,0,-1,0,1,1
loss_10,command_once,14143,1,0,0,0,0,none,3,0,0,3,0,3,4,10,0,4,-1,0,1,1
loss_10,confirmed_once,14143,0,1,0,1,0,COMMIT,11,1,0,10,0,6,74,152,0,-1,-1,4,1,1
loss_10,confirmed_retry,14143,1,0,0,0,1,COMMIT,19,3,0,16,0,11,4,12,0,10,13,4,1,1
loss_10,fixed,14144,0,0,1,0,0,none,0,0,0,0,0,0,0,0,0,-1,-1,0,0,0
loss_10,ideal_atomic,14144,1,0,0,0,0,none,0,0,0,0,0,0,0,0,0,0,-1,0,1,1
loss_10,command_once,14144,0,1,0,0,0,none,3,1,0,2,0,3,80,160,0,-1,-1,0,0,1
loss_10,confirmed_once,14144,0,0,1,0,1,ABORT,11,1,0,10,0,6,0,0,0,-1,23,3,0,0
loss_10,confirmed_retry,14144,1,0,0,0,1,COMMIT,25,4,0,21,0,14,4,10,0,15,17,4,1,1
loss_10,fixed,14145,0,0,1,0,0,none,0,0,0,0,0,0,0,0,0,-1,-1,0,0,0
loss_10,ideal_atomic,14145,1,0,0,0,0,none,0,0,0,0,0,0,0,0,0,0,-1,0,1,1
loss_10,command_once,14145,0,1,0,0,0,none,3,1,0,2,0,3,80,160,0,-1,-1,0,1,1
loss_10,confirmed_once,14145,0,0,1,0,1,ABORT,11,1,0,10,0,6,0,0,0,-1,22,3,0,0
loss_10,confirmed_retry,14145,1,0,0,0,1,COMMIT,23,3,0,20,0,13,8,20,0,20,21,4,1,1
loss_10,fixed,14146,0,0,1,0,0,none,0,0,0,0,0,0,0,0,0,-1,-1,0,0,0
loss_10,ideal_atomic,14146,1,0,0,0,0,none,0,0,0,0,0,0,0,0,0,0,-1,0,1,1
loss_10,command_once,14146,0,1,0,0,0,none,3,1,0,2,0,3,80,160,0,-1,-1,0,0,1
loss_10,confirmed_once,14146,0,0,1,0,1,ABORT,11,1,0,10,0,6,0,0,0,-1,21,3,0,0
loss_10,confirmed_retry,14146,1,0,0,0,1,COMMIT,22,3,0,19,0,12,3,6,0,10,13,4,1,1
loss_10,fixed,14147,0,0,1,0,0,none,0,0,0,0,0,0,0,0,0,-1,-1,0,0,0
loss_10,ideal_atomic,14147,1,0,0,0,0,none,0,0,0,0,0,0,0,0,0,0,-1,0,1,1
loss_10,command_once,14147,1,0,0,0,0,none,3,0,0,3,0,3,3,6,0,3,-1,0,1,1
loss_10,confirmed_once,14147,0,0,1,1,0,ABORT,11,2,0,9,0,6,0,0,0,-1,-1,4,0,0
loss_10,confirmed_retry,14147,1,0,0,0,1,COMMIT,22,4,0,18,0,12,11,22,0,23,25,4,1,1
loss_10,fixed,14148,0,0,1,0,0,none,0,0,0,0,0,0,0,0,0,-1,-1,0,0,0
loss_10,ideal_atomic,14148,1,0,0,0,0,none,0,0,0,0,0,0,0,0,0,0,-1,0,1,1
loss_10,command_once,14148,1,0,0,0,0,none,3,0,0,3,0,3,4,8,0,4,-1,0,1,1
loss_10,confirmed_once,14148,1,0,0,0,1,COMMIT,12,0,0,12,0,6,3,6,0,10,14,4,1,1
loss_10,confirmed_retry,14148,1,0,0,0,1,COMMIT,22,1,0,21,0,11,3,6,0,10,13,4,1,1
loss_10,fixed,14149,0,0,1,0,0,none,0,0,0,0,0,0,0,0,0,-1,-1,0,0,0
loss_10,ideal_atomic,14149,1,0,0,0,0,none,0,0,0,0,0,0,0,0,0,0,-1,0,1,1
loss_10,command_once,14149,1,0,0,0,0,none,3,0,0,3,0,3,4,8,0,4,-1,0,1,1
loss_10,confirmed_once,14149,1,0,0,0,1,COMMIT,12,0,0,12,0,6,3,6,0,10,12,4,1,1
loss_10,confirmed_retry,14149,1,0,0,0,1,COMMIT,24,1,0,23,0,12,3,6,0,10,12,4,1,1
loss_10,fixed,14150,0,0,1,0,0,none,0,0,0,0,0,0,0,0,0,-1,-1,0,0,0
loss_10,ideal_atomic,14150,1,0,0,0,0,none,0,0,0,0,0,0,0,0,0,0,-1,0,1,1
loss_10,command_once,14150,0,1,0,0,0,none,3,1,0,2,0,3,80,160,0,-1,-1,0,0,1
loss_10,confirmed_once,14150,0,0,1,0,0,ABORT,11,2,0,9,0,6,0,0,0,-1,-1,3,0,0
loss_10,confirmed_retry,14150,1,0,0,0,1,COMMIT,22,3,0,19,0,12,2,4,0,13,15,4,1,1
loss_10,fixed,14151,0,0,1,0,0,none,0,0,0,0,0,0,0,0,0,-1,-1,0,0,0
loss_10,ideal_atomic,14151,1,0,0,0,0,none,0,0,0,0,0,0,0,0,0,0,-1,0,1,1
loss_10,command_once,14151,1,0,0,0,0,none,3,0,0,3,0,3,3,8,0,3,-1,0,1,1
loss_10,confirmed_once,14151,1,0,0,0,1,COMMIT,12,0,0,12,0,6,3,8,0,10,13,4,1,1
loss_10,confirmed_retry,14151,1,0,0,0,1,COMMIT,21,4,0,17,0,12,3,8,0,10,13,4,1,1
loss_10,fixed,14152,0,0,1,0,0,none,0,0,0,0,0,0,0,0,0,-1,-1,0,0,0
loss_10,ideal_atomic,14152,1,0,0,0,0,none,0,0,0,0,0,0,0,0,0,0,-1,0,1,1
loss_10,command_once,14152,1,0,0,0,0,none,3,0,0,3,0,3,4,8,0,4,-1,0,1,1
loss_10,confirmed_once,14152,0,0,1,1,0,ABORT,11,2,0,9,0,6,0,0,0,-1,-1,4,0,0
loss_10,confirmed_retry,14152,1,0,0,0,1,COMMIT,25,2,0,23,0,13,4,8,0,13,16,4,1,1
loss_10,fixed,14153,0,0,1,0,0,none,0,0,0,0,0,0,0,0,0,-1,-1,0,0,0
loss_10,ideal_atomic,14153,1,0,0,0,0,none,0,0,0,0,0,0,0,0,0,0,-1,0,1,1
loss_10,command_once,14153,1,0,0,0,0,none,3,0,0,3,0,3,3,8,0,3,-1,0,1,1
loss_10,confirmed_once,14153,0,0,1,0,0,ABORT,12,2,0,10,0,6,0,0,0,-1,-1,4,0,0
loss_10,confirmed_retry,14153,1,0,0,0,1,COMMIT,25,4,0,21,0,13,2,4,0,11,14,4,1,1
loss_10,fixed,14154,0,0,1,0,0,none,0,0,0,0,0,0,0,0,0,-1,-1,0,0,0
loss_10,ideal_atomic,14154,1,0,0,0,0,none,0,0,0,0,0,0,0,0,0,0,-1,0,1,1
loss_10,command_once,14154,1,0,0,0,0,none,3,0,0,3,0,3,4,8,0,4,-1,0,1,1
loss_10,confirmed_once,14154,1,0,0,0,1,COMMIT,12,0,0,12,0,6,4,8,0,12,14,4,1,1
loss_10,confirmed_retry,14154,1,0,0,0,1,COMMIT,26,1,0,25,0,13,4,8,0,10,14,4,1,1
loss_10,fixed,14155,0,0,1,0,0,none,0,0,0,0,0,0,0,0,0,-1,-1,0,0,0
loss_10,ideal_atomic,14155,1,0,0,0,0,none,0,0,0,0,0,0,0,0,0,0,-1,0,1,1
loss_10,command_once,14155,1,0,0,0,0,none,3,0,0,3,0,3,4,10,0,4,-1,0,1,1
loss_10,confirmed_once,14155,0,1,0,2,0,COMMIT,10,2,0,8,0,6,73,146,0,-1,-1,4,0,1
loss_10,confirmed_retry,14155,1,0,0,0,1,COMMIT,22,2,0,20,0,12,5,10,0,12,16,4,1,1
loss_10,fixed,14156,0,0,1,0,0,none,0,0,0,0,0,0,0,0,0,-1,-1,0,0,0
loss_10,ideal_atomic,14156,1,0,0,0,0,none,0,0,0,0,0,0,0,0,0,0,-1,0,1,1
loss_10,command_once,14156,1,0,0,0,0,none,3,0,0,3,0,3,4,8,0,4,-1,0,1,1
loss_10,confirmed_once,14156,0,0,1,0,1,ABORT,12,1,0,11,0,6,0,0,0,-1,22,4,0,0
loss_10,confirmed_retry,14156,1,0,0,0,1,COMMIT,18,3,0,15,0,10,7,14,0,15,17,4,1,1
loss_10,fixed,14157,0,0,1,0,0,none,0,0,0,0,0,0,0,0,0,-1,-1,0,0,0
loss_10,ideal_atomic,14157,1,0,0,0,0,none,0,0,0,0,0,0,0,0,0,0,-1,0,1,1
loss_10,command_once,14157,1,0,0,0,0,none,3,0,0,3,0,3,3,6,0,3,-1,0,1,1
loss_10,confirmed_once,14157,1,0,0,0,1,COMMIT,12,0,0,12,0,6,4,10,0,9,11,4,1,1
loss_10,confirmed_retry,14157,1,0,0,0,1,COMMIT,16,1,0,15,0,8,4,10,0,9,11,4,1,1
loss_10,fixed,14158,0,0,1,0,0,none,0,0,0,0,0,0,0,0,0,-1,-1,0,0,0
loss_10,ideal_atomic,14158,1,0,0,0,0,none,0,0,0,0,0,0,0,0,0,0,-1,0,1,1
loss_10,command_once,14158,0,1,0,0,0,none,3,1,0,2,0,3,80,166,0,-1,-1,0,1,1
loss_10,confirmed_once,14158,0,0,1,0,1,ABORT,11,2,0,9,0,6,0,0,0,-1,22,3,0,0
loss_10,confirmed_retry,14158,1,0,0,0,1,COMMIT,28,4,0,24,0,15,4,8,0,18,22,4,1,1
loss_10,fixed,14159,0,0,1,0,0,none,0,0,0,0,0,0,0,0,0,-1,-1,0,0,0
loss_10,ideal_atomic,14159,1,0,0,0,0,none,0,0,0,0,0,0,0,0,0,0,-1,0,1,1
loss_10,command_once,14159,1,0,0,0,0,none,3,0,0,3,0,3,4,8,0,4,-1,0,1,1
loss_10,confirmed_once,14159,1,0,0,0,0,COMMIT,12,1,0,11,0,6,4,8,0,12,-1,4,1,1
loss_10,confirmed_retry,14159,1,0,0,0,1,COMMIT,19,2,0,17,0,10,4,8,0,12,16,4,1,1
loss_10,fixed,14160,0,0,1,0,0,none,0,0,0,0,0,0,0,0,0,-1,-1,0,0,0
loss_10,ideal_atomic,14160,1,0,0,0,0,none,0,0,0,0,0,0,0,0,0,0,-1,0,1,1
loss_10,command_once,14160,1,0,0,0,0,none,3,0,0,3,0,3,4,8,0,4,-1,0,1,1
loss_10,confirmed_once,14160,1,0,0,0,0,COMMIT,12,1,0,11,0,6,4,8,0,10,-1,4,1,1
loss_10,confirmed_retry,14160,1,0,0,0,1,COMMIT,26,1,0,25,0,13,4,8,0,10,15,4,1,1
loss_10,fixed,14161,0,0,1,0,0,none,0,0,0,0,0,0,0,0,0,-1,-1,0,0,0
loss_10,ideal_atomic,14161,1,0,0,0,0,none,0,0,0,0,0,0,0,0,0,0,-1,0,1,1
loss_10,command_once,14161,0,1,0,0,0,none,3,1,0,2,0,3,80,162,0,-1,-1,0,0,1
loss_10,confirmed_once,14161,0,0,1,0,0,ABORT,10,2,0,8,0,6,0,0,0,-1,-1,3,0,0
loss_10,confirmed_retry,14161,1,0,0,0,1,COMMIT,20,2,0,18,0,11,3,6,0,9,11,4,1,1
loss_10,fixed,14162,0,0,1,0,0,none,0,0,0,0,0,0,0,0,0,-1,-1,0,0,0
loss_10,ideal_atomic,14162,1,0,0,0,0,none,0,0,0,0,0,0,0,0,0,0,-1,0,1,1
loss_10,command_once,14162,1,0,0,0,0,none,3,0,0,3,0,3,3,6,0,3,-1,0,1,1
loss_10,confirmed_once,14162,0,1,0,1,0,COMMIT,11,1,0,10,0,6,76,152,0,-1,-1,4,1,1
loss_10,confirmed_retry,14162,1,0,0,0,1,COMMIT,19,2,0,17,0,10,6,12,0,10,15,4,1,1
loss_10,fixed,14163,0,0,1,0,0,none,0,0,0,0,0,0,0,0,0,-1,-1,0,0,0
loss_10,ideal_atomic,14163,1,0,0,0,0,none,0,0,0,0,0,0,0,0,0,0,-1,0,1,1
loss_10,command_once,14163,1,0,0,0,0,none,3,0,0,3,0,3,3,10,0,3,-1,0,1,1
loss_10,confirmed_once,14163,1,0,0,0,1,COMMIT,12,0,0,12,0,6,4,8,0,11,12,4,1,1
loss_10,confirmed_retry,14163,1,0,0,0,1,COMMIT,22,0,0,22,0,11,3,6,0,10,12,4,1,1
loss_10,fixed,14164,0,0,1,0,0,none,0,0,0,0,0,0,0,0,0,-1,-1,0,0,0
loss_10,ideal_atomic,14164,1,0,0,0,0,none,0,0,0,0,0,0,0,0,0,0,-1,0,1,1
loss_10,command_once,14164,0,1,0,0,0,none,3,1,0,2,0,3,80,160,0,-1,-1,0,1,1
loss_10,confirmed_once,14164,0,0,1,0,1,ABORT,11,1,0,10,0,6,0,0,0,-1,22,3,0,0
loss_10,confirmed_retry,14164,1,0,0,0,1,COMMIT,23,1,0,22,0,12,4,8,0,13,16,4,1,1
loss_10,fixed,14165,0,0,1,0,0,none,0,0,0,0,0,0,0,0,0,-1,-1,0,0,0
loss_10,ideal_atomic,14165,1,0,0,0,0,none,0,0,0,0,0,0,0,0,0,0,-1,0,1,1
loss_10,command_once,14165,1,0,0,0,0,none,3,0,0,3,0,3,4,8,0,4,-1,0,1,1
loss_10,confirmed_once,14165,1,0,0,0,0,COMMIT,12,1,0,11,0,6,4,8,0,10,-1,4,1,1
loss_10,confirmed_retry,14165,1,0,0,0,1,COMMIT,23,2,0,21,0,12,3,6,0,9,13,4,1,1
loss_10,fixed,14166,0,0,1,0,0,none,0,0,0,0,0,0,0,0,0,-1,-1,0,0,0
loss_10,ideal_atomic,14166,1,0,0,0,0,none,0,0,0,0,0,0,0,0,0,0,-1,0,1,1
loss_10,command_once,14166,0,1,0,0,0,none,3,1,0,2,0,3,80,160,0,-1,-1,0,1,1
loss_10,confirmed_once,14166,0,0,1,0,1,ABORT,11,1,0,10,0,6,0,0,0,-1,22,3,0,0
loss_10,confirmed_retry,14166,1,0,0,0,1,COMMIT,20,2,0,18,0,11,4,10,0,11,14,4,1,1
loss_10,fixed,14167,0,0,1,0,0,none,0,0,0,0,0,0,0,0,0,-1,-1,0,0,0
loss_10,ideal_atomic,14167,1,0,0,0,0,none,0,0,0,0,0,0,0,0,0,0,-1,0,1,1
loss_10,command_once,14167,1,0,0,0,0,none,3,0,0,3,0,3,3,6,0,3,-1,0,1,1
loss_10,confirmed_once,14167,0,0,1,0,1,ABORT,12,2,0,10,0,6,0,0,0,-1,21,4,0,0
loss_10,confirmed_retry,14167,1,0,0,0,1,COMMIT,29,4,0,25,0,15,3,6,0,14,18,4,1,1
loss_10,fixed,14168,0,0,1,0,0,none,0,0,0,0,0,0,0,0,0,-1,-1,0,0,0
loss_10,ideal_atomic,14168,1,0,0,0,0,none,0,0,0,0,0,0,0,0,0,0,-1,0,1,1
loss_10,command_once,14168,1,0,0,0,0,none,3,0,0,3,0,3,3,6,0,3,-1,0,1,1
loss_10,confirmed_once,14168,1,0,0,0,1,COMMIT,12,0,0,12,0,6,1,2,0,6,10,4,1,1
loss_10,confirmed_retry,14168,1,0,0,0,1,COMMIT,19,1,0,18,0,10,1,2,0,6,10,4,1,1
loss_10,fixed,14169,0,0,1,0,0,none,0,0,0,0,0,0,0,0,0,-1,-1,0,0,0
loss_10,ideal_atomic,14169,1,0,0,0,0,none,0,0,0,0,0,0,0,0,0,0,-1,0,1,1
loss_10,command_once,14169,0,1,0,0,0,none,3,1,0,2,0,3,80,160,0,-1,-1,0,1,1
loss_10,confirmed_once,14169,0,0,1,0,0,ABORT,11,2,0,9,0,6,0,0,0,-1,-1,3,0,0
loss_10,confirmed_retry,14169,1,0,0,0,1,COMMIT,18,3,0,15,0,10,3,8,0,15,17,4,1,1
loss_10,fixed,14170,0,0,1,0,0,none,0,0,0,0,0,0,0,0,0,-1,-1,0,0,0
loss_10,ideal_atomic,14170,1,0,0,0,0,none,0,0,0,0,0,0,0,0,0,0,-1,0,1,1
loss_10,command_once,14170,1,0,0,0,0,none,3,0,0,3,0,3,4,8,0,4,-1,0,1,1
loss_10,confirmed_once,14170,0,0,1,0,1,ABORT,12,1,0,11,0,6,0,0,0,-1,23,4,0,0
loss_10,confirmed_retry,14170,1,0,0,0,1,COMMIT,28,5,0,23,0,14,4,8,0,13,18,4,1,1
loss_10,fixed,14171,0,0,1,0,0,none,0,0,0,0,0,0,0,0,0,-1,-1,0,0,0
loss_10,ideal_atomic,14171,1,0,0,0,0,none,0,0,0,0,0,0,0,0,0,0,-1,0,1,1
loss_10,command_once,14171,1,0,0,0,0,none,3,0,0,3,0,3,3,8,0,3,-1,0,1,1
loss_10,confirmed_once,14171,1,0,0,0,1,COMMIT,12,0,0,12,0,6,4,8,0,10,12,4,1,1
loss_10,confirmed_retry,14171,1,0,0,0,1,COMMIT,22,0,0,22,0,11,3,6,0,9,12,4,1,1
loss_10,fixed,14172,0,0,1,0,0,none,0,0,0,0,0,0,0,0,0,-1,-1,0,0,0
loss_10,ideal_atomic,14172,1,0,0,0,0,none,0,0,0,0,0,0,0,0,0,0,-1,0,1,1
loss_10,command_once,14172,1,0,0,0,0,none,3,0,0,3,0,3,4,8,0,4,-1,0,1,1
loss_10,confirmed_once,14172,1,0,0,0,0,COMMIT,12,2,0,10,0,6,3,6,0,9,-1,4,1,1
loss_10,confirmed_retry,14172,1,0,0,0,1,COMMIT,26,2,0,24,0,13,3,6,0,9,14,4,1,1
loss_10,fixed,14173,0,0,1,0,0,none,0,0,0,0,0,0,0,0,0,-1,-1,0,0,0
loss_10,ideal_atomic,14173,1,0,0,0,0,none,0,0,0,0,0,0,0,0,0,0,-1,0,1,1
loss_10,command_once,14173,0,1,0,0,0,none,3,1,0,2,0,3,80,160,0,-1,-1,0,1,1
loss_10,confirmed_once,14173,0,0,1,0,0,ABORT,11,2,0,9,0,6,0,0,0,-1,-1,3,0,0
loss_10,confirmed_retry,14173,1,0,0,0,1,COMMIT,27,4,0,23,0,14,4,8,0,15,18,4,1,1
loss_10,fixed,14174,0,0,1,0,0,none,0,0,0,0,0,0,0,0,0,-1,-1,0,0,0
loss_10,ideal_atomic,14174,1,0,0,0,0,none,0,0,0,0,0,0,0,0,0,0,-1,0,1,1
loss_10,command_once,14174,1,0,0,0,0,none,3,0,0,3,0,3,3,6,0,3,-1,0,1,1
loss_10,confirmed_once,14174,1,0,0,0,1,COMMIT,12,0,0,12,0,6,4,10,0,10,12,4,1,1
loss_10,confirmed_retry,14174,1,0,0,0,1,COMMIT,22,0,0,22,0,11,3,8,0,9,12,4,1,1
loss_10,fixed,14175,0,0,1,0,0,none,0,0,0,0,0,0,0,0,0,-1,-1,0,0,0
loss_10,ideal_atomic,14175,1,0,0,0,0,none,0,0,0,0,0,0,0,0,0,0,-1,0,1,1
loss_10,command_once,14175,1,0,0,0,0,none,3,0,0,3,0,3,4,8,0,4,-1,0,1,1
loss_10,confirmed_once,14175,0,0,1,2,0,ABORT,10,4,0,6,0,6,0,0,0,-1,-1,4,0,0
loss_10,confirmed_retry,14175,1,0,0,0,1,COMMIT,26,8,0,18,0,15,7,14,0,23,27,4,1,1
loss_10,fixed,14176,0,0,1,0,0,none,0,0,0,0,0,0,0,0,0,-1,-1,0,0,0
loss_10,ideal_atomic,14176,1,0,0,0,0,none,0,0,0,0,0,0,0,0,0,0,-1,0,1,1
loss_10,command_once,14176,1,0,0,0,0,none,3,0,0,3,0,3,4,8,0,4,-1,0,1,1
loss_10,confirmed_once,14176,0,0,1,0,1,ABORT,12,2,0,10,0,6,0,0,0,-1,20,4,0,0
loss_10,confirmed_retry,14176,1,0,0,0,1,COMMIT,18,2,0,16,0,9,3,6,0,11,14,4,1,1
loss_10,fixed,14177,0,0,1,0,0,none,0,0,0,0,0,0,0,0,0,-1,-1,0,0,0
loss_10,ideal_atomic,14177,1,0,0,0,0,none,0,0,0,0,0,0,0,0,0,0,-1,0,1,1
loss_10,command_once,14177,1,0,0,0,0,none,3,0,0,3,0,3,4,8,0,4,-1,0,1,1
loss_10,confirmed_once,14177,0,0,1,1,0,ABORT,11,2,0,9,0,6,0,0,0,-1,-1,4,0,0
loss_10,confirmed_retry,14177,1,0,0,0,1,COMMIT,22,4,0,18,0,12,3,6,0,10,11,4,1,1
loss_10,fixed,14178,0,0,1,0,0,none,0,0,0,0,0,0,0,0,0,-1,-1,0,0,0
loss_10,ideal_atomic,14178,1,0,0,0,0,none,0,0,0,0,0,0,0,0,0,0,-1,0,1,1
loss_10,command_once,14178,1,0,0,0,0,none,3,0,0,3,0,3,4,10,0,4,-1,0,1,1
loss_10,confirmed_once,14178,0,1,0,1,0,COMMIT,11,1,0,10,0,6,73,150,0,-1,-1,4,1,1
loss_10,confirmed_retry,14178,1,0,0,0,1,COMMIT,23,2,0,21,0,12,4,12,0,11,14,4,1,1
loss_10,fixed,14179,0,0,1,0,0,none,0,0,0,0,0,0,0,0,0,-1,-1,0,0,0
loss_10,ideal_atomic,14179,1,0,0,0,0,none,0,0,0,0,0,0,0,0,0,0,-1,0,1,1
loss_10,command_once,14179,1,0,0,0,0,none,3,0,0,3,0,3,4,8,0,4,-1,0,1,1
loss_10,confirmed_once,14179,0,0,1,0,0,ABORT,12,2,0,10,0,6,0,0,0,-1,-1,4,0,0
loss_10,confirmed_retry,14179,1,0,0,0,1,COMMIT,25,2,0,23,0,13,4,8,0,14,17,4,1,1
loss_10,fixed,14180,0,0,1,0,0,none,0,0,0,0,0,0,0,0,0,-1,-1,0,0,0
loss_10,ideal_atomic,14180,1,0,0,0,0,none,0,0,0,0,0,0,0,0,0,0,-1,0,1,1
loss_10,command_once,14180,1,0,0,0,0,none,3,0,0,3,0,3,4,8,0,4,-1,0,1,1
loss_10,confirmed_once,14180,0,1,0,1,0,COMMIT,11,2,0,9,0,6,72,144,0,-1,-1,4,1,1
loss_10,confirmed_retry,14180,1,0,0,0,1,COMMIT,19,3,0,16,0,10,6,12,0,14,17,4,1,1
loss_10,fixed,14181,0,0,1,0,0,none,0,0,0,0,0,0,0,0,0,-1,-1,0,0,0
loss_10,ideal_atomic,14181,1,0,0,0,0,none,0,0,0,0,0,0,0,0,0,0,-1,0,1,1
loss_10,command_once,14181,1,0,0,0,0,none,3,0,0,3,0,3,4,8,0,4,-1,0,1,1
loss_10,confirmed_once,14181,1,0,0,0,0,COMMIT,12,1,0,11,0,6,4,10,0,10,-1,4,1,1
loss_10,confirmed_retry,14181,1,0,0,0,1,COMMIT,26,2,0,24,0,13,4,10,0,10,16,4,1,1
loss_10,fixed,14182,0,0,1,0,0,none,0,0,0,0,0,0,0,0,0,-1,-1,0,0,0
loss_10,ideal_atomic,14182,1,0,0,0,0,none,0,0,0,0,0,0,0,0,0,0,-1,0,1,1
loss_10,command_once,14182,1,0,0,0,0,none,3,0,0,3,0,3,3,6,0,3,-1,0,1,1
loss_10,confirmed_once,14182,1,0,0,0,1,COMMIT,12,0,0,12,0,6,4,8,0,11,13,4,1,1
loss_10,confirmed_retry,14182,1,0,0,0,1,COMMIT,24,0,0,24,0,12,4,8,0,11,13,4,1,1
loss_10,fixed,14183,0,0,1,0,0,none,0,0,0,0,0,0,0,0,0,-1,-1,0,0,0
loss_10,ideal_atomic,14183,1,0,0,0,0,none,0,0,0,0,0,0,0,0,0,0,-1,0,1,1
loss_10,command_once,14183,1,0,0,0,0,none,3,0,0,3,0,3,4,10,0,4,-1,0,1,1
loss_10,confirmed_once,14183,1,0,0,0,1,COMMIT,12,0,0,12,0,6,4,8,0,12,16,4,1,1
loss_10,confirmed_retry,14183,1,0,0,0,1,COMMIT,22,1,0,21,0,11,4,8,0,12,16,4,1,1
loss_10,fixed,14184,0,0,1,0,0,none,0,0,0,0,0,0,0,0,0,-1,-1,0,0,0
loss_10,ideal_atomic,14184,1,0,0,0,0,none,0,0,0,0,0,0,0,0,0,0,-1,0,1,1
loss_10,command_once,14184,0,1,0,0,0,none,3,1,0,2,0,3,80,160,0,-1,-1,0,1,1
loss_10,confirmed_once,14184,0,0,1,0,0,ABORT,11,2,0,9,0,6,0,0,0,-1,-1,3,0,0
loss_10,confirmed_retry,14184,1,0,0,0,1,COMMIT,30,7,0,23,0,17,4,8,0,18,25,4,1,1
loss_10,fixed,14185,0,0,1,0,0,none,0,0,0,0,0,0,0,0,0,-1,-1,0,0,0
loss_10,ideal_atomic,14185,1,0,0,0,0,none,0,0,0,0,0,0,0,0,0,0,-1,0,1,1
loss_10,command_once,14185,1,0,0,0,0,none,3,0,0,3,0,3,4,8,0,4,-1,0,1,1
loss_10,confirmed_once,14185,0,1,0,1,0,COMMIT,11,1,0,10,0,6,72,144,0,-1,-1,4,1,1
loss_10,confirmed_retry,14185,1,0,0,0,1,COMMIT,17,1,0,16,0,9,6,12,0,14,16,4,1,1
loss_10,fixed,14186,0,0,1,0,0,none,0,0,0,0,0,0,0,0,0,-1,-1,0,0,0
loss_10,ideal_atomic,14186,1,0,0,0,0,none,0,0,0,0,0,0,0,0,0,0,-1,0,1,1
loss_10,command_once,14186,0,1,0,0,0,none,3,1,0,2,0,3,80,160,0,-1,-1,0,0,1
loss_10,confirmed_once,14186,0,0,1,0,1,ABORT,11,1,0,10,0,6,0,0,0,-1,23,3,0,0
loss_10,confirmed_retry,14186,1,0,0,0,1,COMMIT,19,4,0,15,0,11,5,10,0,15,16,4,1,1
loss_10,fixed,14187,0,0,1,0,0,none,0,0,0,0,0,0,0,0,0,-1,-1,0,0,0
loss_10,ideal_atomic,14187,1,0,0,0,0,none,0,0,0,0,0,0,0,0,0,0,-1,0,1,1
loss_10,command_once,14187,0,1,0,0,0,none,3,1,0,2,0,3,80,162,0,-1,-1,0,1,1
loss_10,confirmed_once,14187,0,0,1,0,0,ABORT,10,3,0,7,0,6,0,0,0,-1,-1,3,0,0
loss_10,confirmed_retry,14187,1,0,0,0,1,COMMIT,22,3,0,19,0,12,5,14,0,14,17,4,1,1
loss_10,fixed,14188,0,0,1,0,0,none,0,0,0,0,0,0,0,0,0,-1,-1,0,0,0
loss_10,ideal_atomic,14188,1,0,0,0,0,none,0,0,0,0,0,0,0,0,0,0,-1,0,1,1
loss_10,command_once,14188,1,0,0,0,0,none,3,0,0,3,0,3,4,8,0,4,-1,0,1,1
loss_10,confirmed_once,14188,0,0,1,1,0,ABORT,11,2,0,9,0,6,0,0,0,-1,-1,4,0,0
loss_10,confirmed_retry,14188,1,0,0,0,1,COMMIT,26,3,0,23,0,14,4,8,0,14,18,4,1,1
loss_10,fixed,14189,0,0,1,0,0,none,0,0,0,0,0,0,0,0,0,-1,-1,0,0,0
loss_10,ideal_atomic,14189,1,0,0,0,0,none,0,0,0,0,0,0,0,0,0,0,-1,0,1,1
loss_10,command_once,14189,1,0,0,0,0,none,3,0,0,3,0,3,3,6,0,3,-1,0,1,1
loss_10,confirmed_once,14189,1,0,0,0,1,COMMIT,12,0,0,12,0,6,2,6,0,9,13,4,1,1
loss_10,confirmed_retry,14189,1,0,0,0,1,COMMIT,23,2,0,21,0,12,2,6,0,9,13,4,1,1
loss_10,fixed,14190,0,0,1,0,0,none,0,0,0,0,0,0,0,0,0,-1,-1,0,0,0
loss_10,ideal_atomic,14190,1,0,0,0,0,none,0,0,0,0,0,0,0,0,0,0,-1,0,1,1
loss_10,command_once,14190,0,1,0,0,0,none,3,2,0,1,0,3,80,160,0,-1,-1,0,0,1
loss_10,confirmed_once,14190,0,0,1,0,1,ABORT,10,2,0,8,0,6,0,0,0,-1,24,2,0,0
loss_10,confirmed_retry,14190,1,0,0,0,1,COMMIT,27,3,0,24,0,15,3,6,0,13,17,4,1,1
loss_10,fixed,14191,0,0,1,0,0,none,0,0,0,0,0,0,0,0,0,-1,-1,0,0,0
loss_10,ideal_atomic,14191,1,0,0,0,0,none,0,0,0,0,0,0,0,0,0,0,-1,0,1,1
loss_10,command_once,14191,1,0,0,0,0,none,3,0,0,3,0,3,1,2,0,1,-1,0,1,1
loss_10,confirmed_once,14191,1,0,0,0,1,COMMIT,12,0,0,12,0,6,4,12,0,9,13,4,1,1
loss_10,confirmed_retry,14191,1,0,0,0,1,COMMIT,22,0,0,22,0,11,4,12,0,9,13,4,1,1
loss_10,fixed,14192,0,0,1,0,0,none,0,0,0,0,0,0,0,0,0,-1,-1,0,0,0
loss_10,ideal_atomic,14192,1,0,0,0,0,none,0,0,0,0,0,0,0,0,0,0,-1,0,1,1
loss_10,command_once,14192,1,0,0,0,0,none,3,0,0,3,0,3,4,10,0,4,-1,0,1,1
loss_10,confirmed_once,14192,0,0,1,0,0,ABORT,12,2,0,10,0,6,0,0,0,-1,-1,4,0,0
loss_10,confirmed_retry,14192,1,0,0,0,1,COMMIT,16,1,0,15,0,8,4,8,0,12,16,4,1,1
loss_10,fixed,14193,0,0,1,0,0,none,0,0,0,0,0,0,0,0,0,-1,-1,0,0,0
loss_10,ideal_atomic,14193,1,0,0,0,0,none,0,0,0,0,0,0,0,0,0,0,-1,0,1,1
loss_10,command_once,14193,1,0,0,0,0,none,3,0,0,3,0,3,3,6,0,3,-1,0,1,1
loss_10,confirmed_once,14193,0,1,0,1,0,COMMIT,11,1,0,10,0,6,73,146,0,-1,-1,4,1,1
loss_10,confirmed_retry,14193,1,0,0,0,1,COMMIT,22,2,0,20,0,12,4,8,0,11,15,4,1,1
loss_10,fixed,14194,0,0,1,0,0,none,0,0,0,0,0,0,0,0,0,-1,-1,0,0,0
loss_10,ideal_atomic,14194,1,0,0,0,0,none,0,0,0,0,0,0,0,0,0,0,-1,0,1,1
loss_10,command_once,14194,0,1,0,0,0,none,3,1,0,2,0,3,80,160,0,-1,-1,0,1,1
loss_10,confirmed_once,14194,0,0,1,1,0,ABORT,10,2,0,8,0,6,0,0,0,-1,-1,3,0,0
loss_10,confirmed_retry,14194,1,0,0,0,1,COMMIT,25,2,0,23,0,13,4,8,0,11,14,4,1,1
loss_10,fixed,14195,0,0,1,0,0,none,0,0,0,0,0,0,0,0,0,-1,-1,0,0,0
loss_10,ideal_atomic,14195,1,0,0,0,0,none,0,0,0,0,0,0,0,0,0,0,-1,0,1,1
loss_10,command_once,14195,1,0,0,0,0,none,3,0,0,3,0,3,4,8,0,4,-1,0,1,1
loss_10,confirmed_once,14195,1,0,0,0,0,COMMIT,12,1,0,11,0,6,4,8,0,10,-1,4,1,1
loss_10,confirmed_retry,14195,1,0,0,0,1,COMMIT,31,5,0,26,0,16,4,8,0,10,28,4,1,1
loss_10,fixed,14196,0,0,1,0,0,none,0,0,0,0,0,0,0,0,0,-1,-1,0,0,0
loss_10,ideal_atomic,14196,1,0,0,0,0,none,0,0,0,0,0,0,0,0,0,0,-1,0,1,1
loss_10,command_once,14196,1,0,0,0,0,none,3,0,0,3,0,3,3,8,0,3,-1,0,1,1
loss_10,confirmed_once,14196,0,1,0,1,0,COMMIT,11,1,0,10,0,6,76,152,0,-1,-1,4,1,1
loss_10,confirmed_retry,14196,1,0,0,0,1,COMMIT,17,2,0,15,0,9,7,14,0,11,14,4,1,1
loss_10,fixed,14197,0,0,1,0,0,none,0,0,0,0,0,0,0,0,0,-1,-1,0,0,0
loss_10,ideal_atomic,14197,1,0,0,0,0,none,0,0,0,0,0,0,0,0,0,0,-1,0,1,1
loss_10,command_once,14197,1,0,0,0,0,none,3,0,0,3,0,3,3,6,0,3,-1,0,1,1
loss_10,confirmed_once,14197,1,0,0,0,1,COMMIT,12,0,0,12,0,6,4,12,0,9,12,4,1,1
loss_10,confirmed_retry,14197,1,0,0,0,1,COMMIT,18,0,0,18,0,9,4,12,0,9,12,4,1,1
loss_10,fixed,14198,0,0,1,0,0,none,0,0,0,0,0,0,0,0,0,-1,-1,0,0,0
loss_10,ideal_atomic,14198,1,0,0,0,0,none,0,0,0,0,0,0,0,0,0,0,-1,0,1,1
loss_10,command_once,14198,1,0,0,0,0,none,3,0,0,3,0,3,4,8,0,4,-1,0,1,1
loss_10,confirmed_once,14198,0,0,1,0,0,ABORT,12,2,0,10,0,6,0,0,0,-1,-1,4,0,0
loss_10,confirmed_retry,14198,1,0,0,0,1,COMMIT,26,4,0,22,0,14,7,14,0,16,20,4,1,1
loss_10,fixed,14199,0,0,1,0,0,none,0,0,0,0,0,0,0,0,0,-1,-1,0,0,0
loss_10,ideal_atomic,14199,1,0,0,0,0,none,0,0,0,0,0,0,0,0,0,0,-1,0,1,1
loss_10,command_once,14199,1,0,0,0,0,none,3,0,0,3,0,3,4,8,0,4,-1,0,1,1
loss_10,confirmed_once,14199,1,0,0,0,0,COMMIT,12,1,0,11,0,6,4,8,0,11,-1,4,1,1
loss_10,confirmed_retry,14199,1,0,0,0,1,COMMIT,33,7,0,26,0,18,4,8,0,11,33,4,1,1
loss_30,fixed,14000,0,0,1,0,0,none,0,0,0,0,0,0,0,0,0,-1,-1,0,0,0
loss_30,ideal_atomic,14000,1,0,0,0,0,none,0,0,0,0,0,0,0,0,0,0,-1,0,1,1
loss_30,command_once,14000,0,1,0,0,0,none,3,1,0,2,0,3,80,160,0,-1,-1,0,1,1
loss_30,confirmed_once,14000,0,0,1,0,0,ABORT,11,4,0,7,0,6,0,0,0,-1,-1,3,0,0
loss_30,confirmed_retry,14000,1,0,0,0,1,COMMIT,25,5,0,20,0,14,10,24,0,19,20,4,1,1
loss_30,fixed,14001,0,0,1,0,0,none,0,0,0,0,0,0,0,0,0,-1,-1,0,0,0
loss_30,ideal_atomic,14001,1,0,0,0,0,none,0,0,0,0,0,0,0,0,0,0,-1,0,1,1
loss_30,command_once,14001,0,1,0,0,0,none,3,1,0,2,0,3,80,160,0,-1,-1,0,1,1
loss_30,confirmed_once,14001,0,0,1,1,0,ABORT,9,4,0,5,0,6,0,0,0,-1,-1,3,0,0
loss_30,confirmed_retry,14001,1,0,0,0,1,COMMIT,25,7,0,18,0,15,2,4,0,13,20,4,1,1
loss_30,fixed,14002,0,0,1,0,0,none,0,0,0,0,0,0,0,0,0,-1,-1,0,0,0
loss_30,ideal_atomic,14002,1,0,0,0,0,none,0,0,0,0,0,0,0,0,0,0,-1,0,1,1
loss_30,command_once,14002,1,0,0,0,0,none,3,0,0,3,0,3,2,6,0,2,-1,0,1,1
loss_30,confirmed_once,14002,0,0,1,1,0,ABORT,11,2,0,9,0,6,0,0,0,-1,-1,4,0,0
loss_30,confirmed_retry,14002,0,0,1,0,1,ABORT,23,7,0,16,0,13,0,0,0,-1,25,4,0,0
loss_30,fixed,14003,0,0,1,0,0,none,0,0,0,0,0,0,0,0,0,-1,-1,0,0,0
loss_30,ideal_atomic,14003,1,0,0,0,0,none,0,0,0,0,0,0,0,0,0,0,-1,0,1,1
loss_30,command_once,14003,0,1,0,0,0,none,3,1,0,2,0,3,80,162,0,-1,-1,0,1,1
loss_30,confirmed_once,14003,0,0,1,0,1,ABORT,11,2,0,9,0,6,0,0,0,-1,23,3,0,0
loss_30,confirmed_retry,14003,1,0,0,0,1,COMMIT,27,7,0,20,0,16,6,14,0,19,23,4,1,1
loss_30,fixed,14004,0,0,1,0,0,none,0,0,0,0,0,0,0,0,0,-1,-1,0,0,0
loss_30,ideal_atomic,14004,1,0,0,0,0,none,0,0,0,0,0,0,0,0,0,0,-1,0,1,1
loss_30,command_once,14004,0,1,0,0,0,none,3,1,0,2,0,3,80,160,0,-1,-1,0,1,1
loss_30,confirmed_once,14004,0,0,1,1,0,ABORT,10,4,0,6,0,6,0,0,0,-1,-1,3,0,0
loss_30,confirmed_retry,14004,0,0,1,0,1,ABORT,36,14,0,22,0,22,0,0,0,-1,53,3,0,0
loss_30,fixed,14005,0,0,1,0,0,none,0,0,0,0,0,0,0,0,0,-1,-1,0,0,0
loss_30,ideal_atomic,14005,1,0,0,0,0,none,0,0,0,0,0,0,0,0,0,0,-1,0,1,1
loss_30,command_once,14005,1,0,0,0,0,none,3,0,0,3,0,3,3,8,0,3,-1,0,1,1
loss_30,confirmed_once,14005,0,0,1,2,0,ABORT,10,3,0,7,0,6,0,0,0,-1,-1,4,0,0
loss_30,confirmed_retry,14005,1,0,0,0,1,COMMIT,29,8,0,21,0,16,1,2,0,15,27,4,1,1
loss_30,fixed,14006,0,0,1,0,0,none,0,0,0,0,0,0,0,0,0,-1,-1,0,0,0
loss_30,ideal_atomic,14006,1,0,0,0,0,none,0,0,0,0,0,0,0,0,0,0,-1,0,1,1
loss_30,command_once,14006,0,1,0,0,0,none,3,1,0,2,0,3,80,160,0,-1,-1,0,1,1
loss_30,confirmed_once,14006,0,0,1,0,0,ABORT,11,3,0,8,0,6,0,0,0,-1,-1,3,0,0
loss_30,confirmed_retry,14006,1,0,0,0,1,COMMIT,22,8,0,14,0,14,8,16,0,15,19,4,1,1
loss_30,fixed,14007,0,0,1,0,0,none,0,0,0,0,0,0,0,0,0,-1,-1,0,0,0
loss_30,ideal_atomic,14007,1,0,0,0,0,none,0,0,0,0,0,0,0,0,0,0,-1,0,1,1
loss_30,command_once,14007,0,1,0,0,0,none,3,1,0,2,0,3,80,162,0,-1,-1,0,1,1
loss_30,confirmed_once,14007,0,0,1,0,0,ABORT,11,3,0,8,0,6,0,0,0,-1,-1,3,0,0
loss_30,confirmed_retry,14007,1,0,0,0,1,COMMIT,24,4,0,20,0,13,6,14,0,16,20,4,1,1
loss_30,fixed,14008,0,0,1,0,0,none,0,0,0,0,0,0,0,0,0,-1,-1,0,0,0
loss_30,ideal_atomic,14008,1,0,0,0,0,none,0,0,0,0,0,0,0,0,0,0,-1,0,1,1
loss_30,command_once,14008,0,1,0,0,0,none,3,2,0,1,0,3,80,314,0,-1,-1,0,0,1
loss_30,confirmed_once,14008,0,0,1,0,0,ABORT,9,4,0,5,0,6,0,0,0,-1,-1,2,0,0
loss_30,confirmed_retry,14008,1,0,0,0,0,COMMIT,34,18,0,16,10,24,18,46,0,31,-1,4,1,1
loss_30,fixed,14009,0,0,1,0,0,none,0,0,0,0,0,0,0,0,0,-1,-1,0,0,0
loss_30,ideal_atomic,14009,1,0,0,0,0,none,0,0,0,0,0,0,0,0,0,0,-1,0,1,1
loss_30,command_once,14009,0,1,0,0,0,none,3,1,0,2,0,3,80,162,0,-1,-1,0,0,1
loss_30,confirmed_once,14009,0,0,1,2,0,ABORT,9,4,0,5,0,6,0,0,0,-1,-1,3,0,0
loss_30,confirmed_retry,14009,1,0,0,0,1,COMMIT,26,8,0,18,0,16,7,16,0,19,30,4,1,1
loss_30,fixed,14010,0,0,1,0,0,none,0,0,0,0,0,0,0,0,0,-1,-1,0,0,0
loss_30,ideal_atomic,14010,1,0,0,0,0,none,0,0,0,0,0,0,0,0,0,0,-1,0,1,1
loss_30,command_once,14010,1,0,0,0,0,none,3,0,0,3,0,3,3,8,0,3,-1,0,1,1
loss_30,confirmed_once,14010,1,0,0,0,0,COMMIT,12,2,0,10,0,6,1,2,0,6,-1,4,1,1
loss_30,confirmed_retry,14010,1,0,0,0,1,COMMIT,22,5,0,17,0,12,1,2,0,6,19,4,1,1
loss_30,fixed,14011,0,0,1,0,0,none,0,0,0,0,0,0,0,0,0,-1,-1,0,0,0
loss_30,ideal_atomic,14011,1,0,0,0,0,none,0,0,0,0,0,0,0,0,0,0,-1,0,1,1
loss_30,command_once,14011,1,0,0,0,0,none,3,0,0,3,0,3,4,8,0,4,-1,0,1,1
loss_30,confirmed_once,14011,0,1,0,1,0,COMMIT,11,2,0,9,0,6,73,146,0,-1,-1,4,1,1
loss_30,confirmed_retry,14011,1,0,0,0,1,COMMIT,27,8,0,19,0,16,10,20,0,17,18,4,1,1
loss_30,fixed,14012,0,0,1,0,0,none,0,0,0,0,0,0,0,0,0,-1,-1,0,0,0
loss_30,ideal_atomic,14012,1,0,0,0,0,none,0,0,0,0,0,0,0,0,0,0,-1,0,1,1
loss_30,command_once,14012,0,1,0,0,0,none,3,2,0,1,0,3,80,160,0,-1,-1,0,1,1
loss_30,confirmed_once,14012,0,0,1,1,0,ABORT,9,4,0,5,0,6,0,0,0,-1,-1,2,0,0
loss_30,confirmed_retry,14012,1,0,0,0,1,COMMIT,28,10,0,18,0,17,5,12,0,16,22,4,1,1
loss_30,fixed,14013,0,0,1,0,0,none,0,0,0,0,0,0,0,0,0,-1,-1,0,0,0
loss_30,ideal_atomic,14013,1,0,0,0,0,none,0,0,0,0,0,0,0,0,0,0,-1,0,1,1
loss_30,command_once,14013,0,1,0,0,0,none,3,1,0,2,0,3,80,160,0,-1,-1,0,1,1
loss_30,confirmed_once,14013,0,0,1,0,0,ABORT,11,3,0,8,0,6,0,0,0,-1,-1,3,0,0
loss_30,confirmed_retry,14013,1,0,0,0,1,COMMIT,32,11,0,21,0,19,6,12,0,19,30,4,1,1
loss_30,fixed,14014,0,0,1,0,0,none,0,0,0,0,0,0,0,0,0,-1,-1,0,0,0
loss_30,ideal_atomic,14014,1,0,0,0,0,none,0,0,0,0,0,0,0,0,0,0,-1,0,1,1
loss_30,command_once,14014,0,1,0,0,0,none,3,1,0,2,0,3,80,160,0,-1,-1,0,1,1
loss_30,confirmed_once,14014,0,0,1,1,0,ABORT,9,4,0,5,0,6,0,0,0,-1,-1,3,0,0
loss_30,confirmed_retry,14014,1,0,0,0,1,COMMIT,24,5,0,19,0,13,4,8,0,10,18,4,1,1
loss_30,fixed,14015,0,0,1,0,0,none,0,0,0,0,0,0,0,0,0,-1,-1,0,0,0
loss_30,ideal_atomic,14015,1,0,0,0,0,none,0,0,0,0,0,0,0,0,0,0,-1,0,1,1
loss_30,command_once,14015,0,1,0,0,0,none,3,1,0,2,0,3,80,160,0,-1,-1,0,1,1
loss_30,confirmed_once,14015,0,0,1,0,0,ABORT,10,4,0,6,0,6,0,0,0,-1,-1,3,0,0
loss_30,confirmed_retry,14015,0,0,1,0,1,ABORT,28,8,0,20,0,16,0,0,0,-1,23,4,0,0
loss_30,fixed,14016,0,0,1,0,0,none,0,0,0,0,0,0,0,0,0,-1,-1,0,0,0
loss_30,ideal_atomic,14016,1,0,0,0,0,none,0,0,0,0,0,0,0,0,0,0,-1,0,1,1
loss_30,command_once,14016,0,1,0,0,0,none,3,1,0,2,0,3,80,160,0,-1,-1,0,1,1
loss_30,confirmed_once,14016,0,0,1,0,0,ABORT,11,4,0,7,0,6,0,0,0,-1,-1,3,0,0
loss_30,confirmed_retry,14016,1,0,0,0,1,COMMIT,33,10,0,23,0,18,9,18,0,15,27,4,1,1
loss_30,fixed,14017,0,0,1,0,0,none,0,0,0,0,0,0,0,0,0,-1,-1,0,0,0
loss_30,ideal_atomic,14017,1,0,0,0,0,none,0,0,0,0,0,0,0,0,0,0,-1,0,1,1
loss_30,command_once,14017,0,1,0,0,0,none,3,1,0,2,0,3,80,160,0,-1,-1,0,1,1
loss_30,confirmed_once,14017,0,0,1,0,1,ABORT,11,1,0,10,0,6,0,0,0,-1,21,3,0,0
loss_30,confirmed_retry,14017,1,0,0,0,1,COMMIT,27,3,0,24,0,14,3,6,0,14,20,4,1,1
loss_30,fixed,14018,0,0,1,0,0,none,0,0,0,0,0,0,0,0,0,-1,-1,0,0,0
loss_30,ideal_atomic,14018,1,0,0,0,0,none,0,0,0,0,0,0,0,0,0,0,-1,0,1,1
loss_30,command_once,14018,0,1,0,0,0,none,3,1,0,2,0,3,80,160,0,-1,-1,0,1,1
loss_30,confirmed_once,14018,0,0,1,2,0,ABORT,9,4,0,5,0,6,0,0,0,-1,-1,3,0,0
loss_30,confirmed_retry,14018,1,0,0,0,1,COMMIT,23,3,0,20,0,12,3,8,0,9,11,4,1,1
loss_30,fixed,14019,0,0,1,0,0,none,0,0,0,0,0,0,0,0,0,-1,-1,0,0,0
loss_30,ideal_atomic,14019,1,0,0,0,0,none,0,0,0,0,0,0,0,0,0,0,-1,0,1,1
loss_30,command_once,14019,0,1,0,0,0,none,3,1,0,2,0,3,80,166,0,-1,-1,0,1,1
loss_30,confirmed_once,14019,0,0,1,0,0,ABORT,11,4,0,7,0,6,0,0,0,-1,-1,3,0,0
loss_30,confirmed_retry,14019,1,0,0,0,1,COMMIT,27,6,0,21,0,15,3,6,0,16,18,4,1,1
loss_30,fixed,14020,0,0,1,0,0,none,0,0,0,0,0,0,0,0,0,-1,-1,0,0,0
loss_30,ideal_atomic,14020,1,0,0,0,0,none,0,0,0,0,0,0,0,0,0,0,-1,0,1,1
loss_30,command_once,14020,0,1,0,0,0,none,3,2,0,1,0,3,80,318,0,-1,-1,0,0,1
loss_30,confirmed_once,14020,0,0,1,1,0,ABORT,8,6,0,2,0,6,0,0,0,-1,-1,2,0,0
loss_30,confirmed_retry,14020,0,0,1,0,0,ABORT,41,20,0,21,36,24,0,0,0,-1,-1,4,0,0
loss_30,fixed,14021,0,0,1,0,0,none,0,0,0,0,0,0,0,0,0,-1,-1,0,0,0
loss_30,ideal_atomic,14021,1,0,0,0,0,none,0,0,0,0,0,0,0,0,0,0,-1,0,1,1
loss_30,command_once,14021,0,1,0,0,0,none,3,2,0,1,0,3,80,316,0,-1,-1,0,0,1
loss_30,confirmed_once,14021,0,0,1,0,0,ABORT,10,4,0,6,0,6,0,0,0,-1,-1,2,0,0
loss_30,confirmed_retry,14021,0,0,1,0,1,ABORT,24,10,0,14,0,15,0,0,0,-1,28,4,0,0
loss_30,fixed,14022,0,0,1,0,0,none,0,0,0,0,0,0,0,0,0,-1,-1,0,0,0
loss_30,ideal_atomic,14022,1,0,0,0,0,none,0,0,0,0,0,0,0,0,0,0,-1,0,1,1
loss_30,command_once,14022,1,0,0,0,0,none,3,0,0,3,0,3,4,10,0,4,-1,0,1,1
loss_30,confirmed_once,14022,0,1,0,2,0,COMMIT,10,2,0,8,0,6,73,286,0,-1,-1,4,0,1
loss_30,confirmed_retry,14022,1,0,0,0,1,COMMIT,37,13,0,24,0,22,4,12,0,11,46,4,1,1
loss_30,fixed,14023,0,0,1,0,0,none,0,0,0,0,0,0,0,0,0,-1,-1,0,0,0
loss_30,ideal_atomic,14023,1,0,0,0,0,none,0,0,0,0,0,0,0,0,0,0,-1,0,1,1
loss_30,command_once,14023,0,1,0,0,0,none,3,3,0,0,0,3,80,160,0,-1,-1,0,0,1
loss_30,confirmed_once,14023,0,0,1,0,0,ABORT,7,5,0,2,0,6,0,0,0,-1,-1,1,0,0
loss_30,confirmed_retry,14023,1,0,0,0,1,COMMIT,24,8,0,16,0,15,4,8,0,16,27,4,1,1
loss_30,fixed,14024,0,0,1,0,0,none,0,0,0,0,0,0,0,0,0,-1,-1,0,0,0
loss_30,ideal_atomic,14024,1,0,0,0,0,none,0,0,0,0,0,0,0,0,0,0,-1,0,1,1
loss_30,command_once,14024,0,1,0,0,0,none,3,1,0,2,0,3,80,160,0,-1,-1,0,1,1
loss_30,confirmed_once,14024,0,0,1,0,0,ABORT,10,5,0,5,0,6,0,0,0,-1,-1,3,0,0
loss_30,confirmed_retry,14024,1,0,0,0,1,COMMIT,37,13,0,24,0,21,2,4,0,13,38,4,1,1
loss_30,fixed,14025,0,0,1,0,0,none,0,0,0,0,0,0,0,0,0,-1,-1,0,0,0
loss_30,ideal_atomic,14025,1,0,0,0,0,none,0,0,0,0,0,0,0,0,0,0,-1,0,1,1
loss_30,command_once,14025,0,1,0,0,0,none,3,1,0,2,0,3,80,160,0,-1,-1,0,1,1
loss_30,confirmed_once,14025,0,0,1,0,0,ABORT,11,4,0,7,0,6,0,0,0,-1,-1,3,0,0
loss_30,confirmed_retry,14025,1,0,0,0,1,COMMIT,33,14,0,19,0,20,8,16,0,18,24,4,1,1
loss_30,fixed,14026,0,0,1,0,0,none,0,0,0,0,0,0,0,0,0,-1,-1,0,0,0
loss_30,ideal_atomic,14026,1,0,0,0,0,none,0,0,0,0,0,0,0,0,0,0,-1,0,1,1
loss_30,command_once,14026,0,1,0,0,0,none,3,1,0,2,0,3,80,160,0,-1,-1,0,1,1
loss_30,confirmed_once,14026,0,0,1,0,0,ABORT,10,3,0,7,0,6,0,0,0,-1,-1,3,0,0
loss_30,confirmed_retry,14026,0,0,1,0,1,ABORT,29,8,0,21,0,17,0,0,0,-1,34,4,0,0
loss_30,fixed,14027,0,0,1,0,0,none,0,0,0,0,0,0,0,0,0,-1,-1,0,0,0
loss_30,ideal_atomic,14027,1,0,0,0,0,none,0,0,0,0,0,0,0,0,0,0,-1,0,1,1
loss_30,command_once,14027,0,1,0,0,0,none,3,1,0,2,0,3,80,164,0,-1,-1,0,1,1
loss_30,confirmed_once,14027,0,0,1,1,0,ABORT,9,3,0,6,0,6,0,0,0,-1,-1,3,0,0
loss_30,confirmed_retry,14027,1,0,0,0,1,COMMIT,33,15,0,18,0,23,20,40,0,27,31,4,1,1
loss_30,fixed,14028,0,0,1,0,0,none,0,0,0,0,0,0,0,0,0,-1,-1,0,0,0
loss_30,ideal_atomic,14028,1,0,0,0,0,none,0,0,0,0,0,0,0,0,0,0,-1,0,1,1
loss_30,command_once,14028,1,0,0,0,0,none,3,0,0,3,0,3,3,6,0,3,-1,0,1,1
loss_30,confirmed_once,14028,1,0,0,0,1,COMMIT,12,0,0,12,0,6,2,4,0,8,10,4,1,1
loss_30,confirmed_retry,14028,1,0,0,0,1,COMMIT,18,2,0,16,0,10,2,4,0,8,10,4,1,1
loss_30,fixed,14029,0,0,1,0,0,none,0,0,0,0,0,0,0,0,0,-1,-1,0,0,0
loss_30,ideal_atomic,14029,1,0,0,0,0,none,0,0,0,0,0,0,0,0,0,0,-1,0,1,1
loss_30,command_once,14029,0,1,0,0,0,none,3,1,0,2,0,3,80,160,0,-1,-1,0,1,1
loss_30,confirmed_once,14029,0,0,1,1,0,ABORT,10,4,0,6,0,6,0,0,0,-1,-1,3,0,0
loss_30,confirmed_retry,14029,0,0,1,0,1,ABORT,25,9,0,16,0,15,0,0,0,-1,29,4,0,0
loss_30,fixed,14030,0,0,1,0,0,none,0,0,0,0,0,0,0,0,0,-1,-1,0,0,0
loss_30,ideal_atomic,14030,1,0,0,0,0,none,0,0,0,0,0,0,0,0,0,0,-1,0,1,1
loss_30,command_once,14030,0,1,0,0,0,none,3,1,0,2,0,3,80,162,0,-1,-1,0,0,1
loss_30,confirmed_once,14030,0,0,1,1,0,ABORT,10,2,0,8,0,6,0,0,0,-1,-1,3,0,0
loss_30,confirmed_retry,14030,0,0,1,0,1,ABORT,23,6,0,17,0,14,0,0,0,-1,26,4,0,0
loss_30,fixed,14031,0,0,1,0,0,none,0,0,0,0,0,0,0,0,0,-1,-1,0,0,0
loss_30,ideal_atomic,14031,1,0,0,0,0,none,0,0,0,0,0,0,0,0,0,0,-1,0,1,1
loss_30,command_once,14031,1,0,0,0,0,none,3,0,0,3,0,3,4,8,0,4,-1,0,1,1
loss_30,confirmed_once,14031,0,1,0,2,0,COMMIT,10,2,0,8,0,6,72,144,0,-1,-1,4,0,1
loss_30,confirmed_retry,14031,1,0,0,0,1,COMMIT,33,13,0,20,0,21,16,32,0,24,42,4,1,1
loss_30,fixed,14032,0,0,1,0,0,none,0,0,0,0,0,0,0,0,0,-1,-1,0,0,0
loss_30,ideal_atomic,14032,1,0,0,0,0,none,0,0,0,0,0,0,0,0,0,0,-1,0,1,1
loss_30,command_once,14032,1,0,0,0,0,none,3,0,0,3,0,3,2,4,0,2,-1,0,1,1
loss_30,confirmed_once,14032,0,0,1,1,0,ABORT,11,3,0,8,0,6,0,0,0,-1,-1,4,0,0
loss_30,confirmed_retry,14032,1,0,0,0,1,COMMIT,26,6,0,20,0,14,5,12,0,16,19,4,1,1
loss_30,fixed,14033,0,0,1,0,0,none,0,0,0,0,0,0,0,0,0,-1,-1,0,0,0
loss_30,ideal_atomic,14033,1,0,0,0,0,none,0,0,0,0,0,0,0,0,0,0,-1,0,1,1
loss_30,command_once,14033,0,1,0,0,0,none,3,1,0,2,0,3,80,160,0,-1,-1,0,1,1
loss_30,confirmed_once,14033,0,0,1,1,0,ABORT,9,3,0,6,0,6,0,0,0,-1,-1,3,0,0
loss_30,confirmed_retry,14033,1,0,0,0,1,COMMIT,28,8,0,20,0,16,3,10,0,14,23,4,1,1
loss_30,fixed,14034,0,0,1,0,0,none,0,0,0,0,0,0,0,0,0,-1,-1,0,0,0
loss_30,ideal_atomic,14034,1,0,0,0,0,none,0,0,0,0,0,0,0,0,0,0,-1,0,1,1
loss_30,command_once,14034,0,1,0,0,0,none,3,2,0,1,0,3,80,318,0,-1,-1,0,0,1
loss_30,confirmed_once,14034,0,0,1,1,0,ABORT,9,3,0,6,0,6,0,0,0,-1,-1,2,0,0
loss_30,confirmed_retry,14034,1,0,0,0,1,COMMIT,19,5,0,14,0,12,8,16,0,20,21,4,1,1
loss_30,fixed,14035,0,0,1,0,0,none,0,0,0,0,0,0,0,0,0,-1,-1,0,0,0
loss_30,ideal_atomic,14035,1,0,0,0,0,none,0,0,0,0,0,0,0,0,0,0,-1,0,1,1
loss_30,command_once,14035,0,1,0,0,0,none,3,1,0,2,0,3,80,160,0,-1,-1,0,1,1
loss_30,confirmed_once,14035,0,0,1,1,0,ABORT,10,2,0,8,0,6,0,0,0,-1,-1,3,0,0
loss_30,confirmed_retry,14035,1,0,0,0,1,COMMIT,29,9,0,20,0,18,17,34,0,27,32,4,1,1
loss_30,fixed,14036,0,0,1,0,0,none,0,0,0,0,0,0,0,0,0,-1,-1,0,0,0
loss_30,ideal_atomic,14036,1,0,0,0,0,none,0,0,0,0,0,0,0,0,0,0,-1,0,1,1
loss_30,command_once,14036,0,1,0,0,0,none,3,2,0,1,0,3,80,316,0,-1,-1,0,0,1
loss_30,confirmed_once,14036,0,0,1,1,0,ABORT,9,5,0,4,0,6,0,0,0,-1,-1,2,0,0
loss_30,confirmed_retry,14036,1,0,0,0,1,COMMIT,32,10,0,22,0,18,5,10,0,16,23,4,1,1
loss_30,fixed,14037,0,0,1,0,0,none,0,0,0,0,0,0,0,0,0,-1,-1,0,0,0
loss_30,ideal_atomic,14037,1,0,0,0,0,none,0,0,0,0,0,0,0,0,0,0,-1,0,1,1
loss_30,command_once,14037,0,1,0,0,0,none,3,3,0,0,0,3,80,160,0,-1,-1,0,0,1
loss_30,confirmed_once,14037,0,0,1,0,0,ABORT,8,5,0,3,0,6,0,0,0,-1,-1,1,0,0
loss_30,confirmed_retry,14037,0,0,1,0,1,ABORT,36,15,0,21,0,21,0,0,0,-1,31,4,0,0
loss_30,fixed,14038,0,0,1,0,0,none,0,0,0,0,0,0,0,0,0,-1,-1,0,0,0
loss_30,ideal_atomic,14038,1,0,0,0,0,none,0,0,0,0,0,0,0,0,0,0,-1,0,1,1
loss_30,command_once,14038,1,0,0,0,0,none,3,0,0,3,0,3,4,8,0,4,-1,0,1,1
loss_30,confirmed_once,14038,1,0,0,0,1,COMMIT,12,0,0,12,0,6,4,8,0,11,13,4,1,1
loss_30,confirmed_retry,14038,1,0,0,0,1,COMMIT,24,4,0,20,0,13,4,8,0,11,13,4,1,1
loss_30,fixed,14039,0,0,1,0,0,none,0,0,0,0,0,0,0,0,0,-1,-1,0,0,0
loss_30,ideal_atomic,14039,1,0,0,0,0,none,0,0,0,0,0,0,0,0,0,0,-1,0,1,1
loss_30,command_once,14039,0,1,0,0,0,none,3,2,0,1,0,3,80,316,0,-1,-1,0,0,1
loss_30,confirmed_once,14039,0,0,1,0,0,ABORT,9,3,0,6,0,6,0,0,0,-1,-1,2,0,0
loss_30,confirmed_retry,14039,1,0,0,0,1,COMMIT,24,7,0,17,0,14,7,14,0,16,19,4,1,1
loss_30,fixed,14040,0,0,1,0,0,none,0,0,0,0,0,0,0,0,0,-1,-1,0,0,0
loss_30,ideal_atomic,14040,1,0,0,0,0,none,0,0,0,0,0,0,0,0,0,0,-1,0,1,1
loss_30,command_once,14040,0,1,0,0,0,none,3,1,0,2,0,3,80,160,0,-1,-1,0,0,1
loss_30,confirmed_once,14040,0,0,1,1,0,ABORT,10,4,0,6,0,6,0,0,0,-1,-1,3,0,0
loss_30,confirmed_retry,14040,1,0,0,0,1,COMMIT,28,9,0,19,0,16,4,10,0,17,36,4,1,1
loss_30,fixed,14041,0,0,1,0,0,none,0,0,0,0,0,0,0,0,0,-1,-1,0,0,0
loss_30,ideal_atomic,14041,1,0,0,0,0,none,0,0,0,0,0,0,0,0,0,0,-1,0,1,1
loss_30,command_once,14041,0,1,0,0,0,none,3,1,0,2,0,3,80,160,0,-1,-1,0,1,1
loss_30,confirmed_once,14041,0,0,1,1,0,ABORT,10,3,0,7,0,6,0,0,0,-1,-1,3,0,0
loss_30,confirmed_retry,14041,0,0,1,0,1,ABORT,26,8,0,18,0,15,0,0,0,-1,28,4,0,0
loss_30,fixed,14042,0,0,1,0,0,none,0,0,0,0,0,0,0,0,0,-1,-1,0,0,0
loss_30,ideal_atomic,14042,1,0,0,0,0,none,0,0,0,0,0,0,0,0,0,0,-1,0,1,1
loss_30,command_once,14042,0,1,0,0,0,none,3,3,0,0,0,3,80,160,0,-1,-1,0,0,1
loss_30,confirmed_once,14042,0,0,1,0,0,ABORT,7,5,0,2,0,6,0,0,0,-1,-1,1,0,0
loss_30,confirmed_retry,14042,0,0,1,0,1,ABORT,29,12,0,17,0,20,0,0,0,-1,31,3,0,0
loss_30,fixed,14043,0,0,1,0,0,none,0,0,0,0,0,0,0,0,0,-1,-1,0,0,0
loss_30,ideal_atomic,14043,1,0,0,0,0,none,0,0,0,0,0,0,0,0,0,0,-1,0,1,1
loss_30,command_once,14043,0,1,0,0,0,none,3,1,0,2,0,3,80,160,0,-1,-1,0,0,1
loss_30,confirmed_once,14043,0,0,1,0,1,ABORT,11,1,0,10,0,6,0,0,0,-1,23,3,0,0
loss_30,confirmed_retry,14043,1,0,0,0,1,COMMIT,22,6,0,16,0,14,7,14,0,16,19,4,1,1
loss_30,fixed,14044,0,0,1,0,0,none,0,0,0,0,0,0,0,0,0,-1,-1,0,0,0
loss_30,ideal_atomic,14044,1,0,0,0,0,none,0,0,0,0,0,0,0,0,0,0,-1,0,1,1
loss_30,command_once,14044,0,1,0,0,0,none,3,1,0,2,0,3,80,160,0,-1,-1,0,1,1
loss_30,confirmed_once,14044,0,0,1,1,0,ABORT,10,2,0,8,0,6,0,0,0,-1,-1,3,0,0
loss_30,confirmed_retry,14044,1,0,0,0,1,COMMIT,24,6,0,18,0,14,6,12,0,20,24,4,1,1
loss_30,fixed,14045,0,0,1,0,0,none,0,0,0,0,0,0,0,0,0,-1,-1,0,0,0
loss_30,ideal_atomic,14045,1,0,0,0,0,none,0,0,0,0,0,0,0,0,0,0,-1,0,1,1
loss_30,command_once,14045,0,1,0,0,0,none,3,1,0,2,0,3,80,160,0,-1,-1,0,1,1
loss_30,confirmed_once,14045,0,0,1,0,0,ABORT,11,2,0,9,0,6,0,0,0,-1,-1,3,0,0
loss_30,confirmed_retry,14045,1,0,0,0,1,COMMIT,28,5,0,23,0,15,7,16,0,16,23,4,1,1
loss_30,fixed,14046,0,0,1,0,0,none,0,0,0,0,0,0,0,0,0,-1,-1,0,0,0
loss_30,ideal_atomic,14046,1,0,0,0,0,none,0,0,0,0,0,0,0,0,0,0,-1,0,1,1
loss_30,command_once,14046,1,0,0,0,0,none,3,0,0,3,0,3,4,12,0,4,-1,0,1,1
loss_30,confirmed_once,14046,0,0,1,1,0,ABORT,11,2,0,9,0,6,0,0,0,-1,-1,4,0,0
loss_30,confirmed_retry,14046,1,0,0,0,1,COMMIT,28,7,0,21,0,16,3,8,0,14,18,4,1,1
loss_30,fixed,14047,0,0,1,0,0,none,0,0,0,0,0,0,0,0,0,-1,-1,0,0,0
loss_30,ideal_atomic,14047,1,0,0,0,0,none,0,0,0,0,0,0,0,0,0,0,-1,0,1,1
loss_30,command_once,14047,0,1,0,0,0,none,3,1,0,2,0,3,80,166,0,-1,-1,0,1,1
loss_30,confirmed_once,14047,0,0,1,0,0,ABORT,10,3,0,7,0,6,0,0,0,-1,-1,3,0,0
loss_30,confirmed_retry,14047,0,0,1,0,1,ABORT,25,9,0,16,0,16,0,0,0,-1,30,3,0,0
loss_30,fixed,14048,0,0,1,0,0,none,0,0,0,0,0,0,0,0,0,-1,-1,0,0,0
loss_30,ideal_atomic,14048,1,0,0,0,0,none,0,0,0,0,0,0,0,0,0,0,-1,0,1,1
loss_30,command_once,14048,0,1,0,0,0,none,3,1,0,2,0,3,80,160,0,-1,-1,0,1,1
loss_30,confirmed_once,14048,0,0,1,1,0,ABORT,10,3,0,7,0,6,0,0,0,-1,-1,3,0,0
loss_30,confirmed_retry,14048,1,0,0,0,1,COMMIT,32,13,0,19,0,20,9,18,0,20,27,4,1,1
loss_30,fixed,14049,0,0,1,0,0,none,0,0,0,0,0,0,0,0,0,-1,-1,0,0,0
loss_30,ideal_atomic,14049,1,0,0,0,0,none,0,0,0,0,0,0,0,0,0,0,-1,0,1,1
loss_30,command_once,14049,1,0,0,0,0,none,3,0,0,3,0,3,3,6,0,3,-1,0,1,1
loss_30,confirmed_once,14049,0,0,1,2,0,ABORT,10,3,0,7,0,6,0,0,0,-1,-1,4,0,0
loss_30,confirmed_retry,14049,1,0,0,0,1,COMMIT,22,3,0,19,0,12,5,10,0,14,15,4,1,1
loss_30,fixed,14050,0,0,1,0,0,none,0,0,0,0,0,0,0,0,0,-1,-1,0,0,0
loss_30,ideal_atomic,14050,1,0,0,0,0,none,0,0,0,0,0,0,0,0,0,0,-1,0,1,1
loss_30,command_once,14050,0,1,0,0,0,none,3,1,0,2,0,3,80,160,0,-1,-1,0,1,1
loss_30,confirmed_once,14050,0,0,1,0,0,ABORT,11,2,0,9,0,6,0,0,0,-1,-1,3,0,0
loss_30,confirmed_retry,14050,1,0,0,0,1,COMMIT,25,6,0,19,0,14,4,10,0,17,20,4,1,1
loss_30,fixed,14051,0,0,1,0,0,none,0,0,0,0,0,0,0,0,0,-1,-1,0,0,0
loss_30,ideal_atomic,14051,1,0,0,0,0,none,0,0,0,0,0,0,0,0,0,0,-1,0,1,1
loss_30,command_once,14051,1,0,0,0,0,none,3,0,0,3,0,3,4,8,0,4,-1,0,1,1
loss_30,confirmed_once,14051,1,0,0,0,0,COMMIT,12,1,0,11,0,6,4,12,0,10,-1,4,1,1
loss_30,confirmed_retry,14051,1,0,0,0,1,COMMIT,19,3,0,16,0,10,4,12,0,10,12,4,1,1
loss_30,fixed,14052,0,0,1,0,0,none,0,0,0,0,0,0,0,0,0,-1,-1,0,0,0
loss_30,ideal_atomic,14052,1,0,0,0,0,none,0,0,0,0,0,0,0,0,0,0,-1,0,1,1
loss_30,command_once,14052,0,1,0,0,0,none,3,1,0,2,0,3,80,160,0,-1,-1,0,0,1
loss_30,confirmed_once,14052,0,0,1,2,0,ABORT,8,5,0,3,0,6,0,0,0,-1,-1,3,0,0
loss_30,confirmed_retry,14052,0,0,1,0,0,ABORT,37,18,0,19,7,24,0,0,0,-1,-1,4,0,0
loss_30,fixed,14053,0,0,1,0,0,none,0,0,0,0,0,0,0,0,0,-1,-1,0,0,0
loss_30,ideal_atomic,14053,1,0,0,0,0,none,0,0,0,0,0,0,0,0,0,0,-1,0,1,1
loss_30,command_once,14053,0,1,0,0,0,none,3,2,0,1,0,3,80,316,0,-1,-1,0,0,1
loss_30,confirmed_once,14053,0,0,1,0,0,ABORT,9,3,0,6,0,6,0,0,0,-1,-1,2,0,0
loss_30,confirmed_retry,14053,1,0,0,0,1,COMMIT,29,8,0,21,0,16,3,6,0,17,21,4,1,1
loss_30,fixed,14054,0,0,1,0,0,none,0,0,0,0,0,0,0,0,0,-1,-1,0,0,0
loss_30,ideal_atomic,14054,1,0,0,0,0,none,0,0,0,0,0,0,0,0,0,0,-1,0,1,1
loss_30,command_once,14054,1,0,0,0,0,none,3,0,0,3,0,3,3,6,0,3,-1,0,1,1
loss_30,confirmed_once,14054,0,0,1,0,0,ABORT,12,2,0,10,0,6,0,0,0,-1,-1,4,0,0
loss_30,confirmed_retry,14054,1,0,0,0,1,COMMIT,21,3,0,18,0,11,4,8,0,13,15,4,1,1
loss_30,fixed,14055,0,0,1,0,0,none,0,0,0,0,0,0,0,0,0,-1,-1,0,0,0
loss_30,ideal_atomic,14055,1,0,0,0,0,none,0,0,0,0,0,0,0,0,0,0,-1,0,1,1
loss_30,command_once,14055,1,0,0,0,0,none,3,0,0,3,0,3,3,6,0,3,-1,0,1,1
loss_30,confirmed_once,14055,1,0,0,0,0,COMMIT,12,1,0,11,0,6,3,6,0,10,-1,4,1,1
loss_30,confirmed_retry,14055,1,0,0,0,1,COMMIT,23,4,0,19,0,12,2,4,0,9,13,4,1,1
loss_30,fixed,14056,0,0,1,0,0,none,0,0,0,0,0,0,0,0,0,-1,-1,0,0,0
loss_30,ideal_atomic,14056,1,0,0,0,0,none,0,0,0,0,0,0,0,0,0,0,-1,0,1,1
loss_30,command_once,14056,1,0,0,0,0,none,3,0,0,3,0,3,4,10,0,4,-1,0,1,1
loss_30,confirmed_once,14056,0,0,1,1,0,ABORT,11,3,0,8,0,6,0,0,0,-1,-1,4,0,0
loss_30,confirmed_retry,14056,1,0,0,0,1,COMMIT,22,7,0,15,0,13,5,10,0,12,15,4,1,1
loss_30,fixed,14057,0,0,1,0,0,none,0,0,0,0,0,0,0,0,0,-1,-1,0,0,0
loss_30,ideal_atomic,14057,1,0,0,0,0,none,0,0,0,0,0,0,0,0,0,0,-1,0,1,1
loss_30,command_once,14057,0,1,0,0,0,none,3,1,0,2,0,3,80,160,0,-1,-1,0,1,1
loss_30,confirmed_once,14057,0,0,1,0,0,ABORT,11,2,0,9,0,6,0,0,0,-1,-1,3,0,0
loss_30,confirmed_retry,14057,1,0,0,0,1,COMMIT,30,8,0,22,0,17,8,18,0,17,29,4,1,1
loss_30,fixed,14058,0,0,1,0,0,none,0,0,0,0,0,0,0,0,0,-1,-1,0,0,0
loss_30,ideal_atomic,14058,1,0,0,0,0,none,0,0,0,0,0,0,0,0,0,0,-1,0,1,1
loss_30,command_once,14058,1,0,0,0,0,none,3,0,0,3,0,3,4,8,0,4,-1,0,1,1
loss_30,confirmed_once,14058,1,0,0,0,0,COMMIT,12,1,0,11,0,6,4,8,0,12,-1,4,1,1
loss_30,confirmed_retry,14058,1,0,0,0,1,COMMIT,22,2,0,20,0,11,4,8,0,12,16,4,1,1
loss_30,fixed,14059,0,0,1,0,0,none,0,0,0,0,0,0,0,0,0,-1,-1,0,0,0
loss_30,ideal_atomic,14059,1,0,0,0,0,none,0,0,0,0,0,0,0,0,0,0,-1,0,1,1
loss_30,command_once,14059,1,0,0,0,0,none,3,0,0,3,0,3,4,8,0,4,-1,0,1,1
loss_30,confirmed_once,14059,0,0,1,1,0,ABORT,11,2,0,9,0,6,0,0,0,-1,-1,4,0,0
loss_30,confirmed_retry,14059,1,0,0,0,1,COMMIT,31,8,0,23,0,17,9,18,0,24,31,4,1,1
loss_30,fixed,14060,0,0,1,0,0,none,0,0,0,0,0,0,0,0,0,-1,-1,0,0,0
loss_30,ideal_atomic,14060,1,0,0,0,0,none,0,0,0,0,0,0,0,0,0,0,-1,0,1,1
loss_30,command_once,14060,1,0,0,0,0,none,3,0,0,3,0,3,3,6,0,3,-1,0,1,1
loss_30,confirmed_once,14060,0,0,1,2,0,ABORT,10,4,0,6,0,6,0,0,0,-1,-1,4,0,0
loss_30,confirmed_retry,14060,1,0,0,0,1,COMMIT,28,10,0,18,0,17,10,20,0,22,26,4,1,1
loss_30,fixed,14061,0,0,1,0,0,none,0,0,0,0,0,0,0,0,0,-1,-1,0,0,0
loss_30,ideal_atomic,14061,1,0,0,0,0,none,0,0,0,0,0,0,0,0,0,0,-1,0,1,1
loss_30,command_once,14061,1,0,0,0,0,none,3,0,0,3,0,3,2,4,0,2,-1,0,1,1
loss_30,confirmed_once,14061,0,1,0,1,0,COMMIT,11,3,0,8,0,6,74,152,0,-1,-1,4,0,1
loss_30,confirmed_retry,14061,1,0,0,0,1,COMMIT,22,6,0,16,0,12,7,18,0,13,16,4,1,1
loss_30,fixed,14062,0,0,1,0,0,none,0,0,0,0,0,0,0,0,0,-1,-1,0,0,0
loss_30,ideal_atomic,14062,1,0,0,0,0,none,0,0,0,0,0,0,0,0,0,0,-1,0,1,1
loss_30,command_once,14062,0,1,0,0,0,none,3,3,0,0,0,3,80,160,0,-1,-1,0,0,1
loss_30,confirmed_once,14062,0,0,1,0,0,ABORT,7,5,0,2,0,6,0,0,0,-1,-1,1,0,0
loss_30,confirmed_retry,14062,0,0,1,0,1,ABORT,24,9,0,15,0,16,0,0,0,-1,29,4,0,0
loss_30,fixed,14063,0,0,1,0,0,none,0,0,0,0,0,0,0,0,0,-1,-1,0,0,0
loss_30,ideal_atomic,14063,1,0,0,0,0,none,0,0,0,0,0,0,0,0,0,0,-1,0,1,1
loss_30,command_once,14063,0,1,0,0,0,none,3,1,0,2,0,3,80,160,0,-1,-1,0,0,1
loss_30,confirmed_once,14063,0,0,1,0,1,ABORT,11,1,0,10,0,6,0,0,0,-1,24,3,0,0
loss_30,confirmed_retry,14063,1,0,0,0,1,COMMIT,25,6,0,19,0,15,2,6,0,11,22,4,1,1
loss_30,fixed,14064,0,0,1,0,0,none,0,0,0,0,0,0,0,0,0,-1,-1,0,0,0
loss_30,ideal_atomic,14064,1,0,0,0,0,none,0,0,0,0,0,0,0,0,0,0,-1,0,1,1
loss_30,command_once,14064,1,0,0,0,0,none,3,0,0,3,0,3,4,10,0,4,-1,0,1,1
loss_30,confirmed_once,14064,0,0,1,2,0,ABORT,10,5,0,5,0,6,0,0,0,-1,-1,4,0,0
loss_30,confirmed_retry,14064,1,0,0,0,1,COMMIT,29,9,0,20,0,16,4,10,0,17,22,4,1,1
loss_30,fixed,14065,0,0,1,0,0,none,0,0,0,0,0,0,0,0,0,-1,-1,0,0,0
loss_30,ideal_atomic,14065,1,0,0,0,0,none,0,0,0,0,0,0,0,0,0,0,-1,0,1,1
loss_30,command_once,14065,0,1,0,0,0,none,3,1,0,2,0,3,80,164,0,-1,-1,0,0,1
loss_30,confirmed_once,14065,0,0,1,0,0,ABORT,11,2,0,9,0,6,0,0,0,-1,-1,3,0,0
loss_30,confirmed_retry,14065,0,0,1,0,1,ABORT,27,8,0,19,0,16,0,0,0,-1,33,4,0,0
loss_30,fixed,14066,0,0,1,0,0,none,0,0,0,0,0,0,0,0,0,-1,-1,0,0,0
loss_30,ideal_atomic,14066,1,0,0,0,0,none,0,0,0,0,0,0,0,0,0,0,-1,0,1,1
loss_30,command_once,14066,0,1,0,0,0,none,3,1,0,2,0,3,80,160,0,-1,-1,0,1,1
loss_30,confirmed_once,14066,0,0,1,1,0,ABORT,9,3,0,6,0,6,0,0,0,-1,-1,3,0,0
loss_30,confirmed_retry,14066,0,0,1,0,1,ABORT,24,9,0,15,0,16,0,0,0,-1,30,4,0,0
loss_30,fixed,14067,0,0,1,0,0,none,0,0,0,0,0,0,0,0,0,-1,-1,0,0,0
loss_30,ideal_atomic,14067,1,0,0,0,0,none,0,0,0,0,0,0,0,0,0,0,-1,0,1,1
loss_30,command_once,14067,0,1,0,0,0,none,3,2,0,1,0,3,80,160,0,-1,-1,0,1,1
loss_30,confirmed_once,14067,0,0,1,1,0,ABORT,9,5,0,4,0,6,0,0,0,-1,-1,2,0,0
loss_30,confirmed_retry,14067,0,0,1,0,1,ABORT,33,14,0,19,0,20,0,0,0,-1,41,4,0,0
loss_30,fixed,14068,0,0,1,0,0,none,0,0,0,0,0,0,0,0,0,-1,-1,0,0,0
loss_30,ideal_atomic,14068,1,0,0,0,0,none,0,0,0,0,0,0,0,0,0,0,-1,0,1,1
loss_30,command_once,14068,0,1,0,0,0,none,3,2,0,1,0,3,80,160,0,-1,-1,0,0,1
loss_30,confirmed_once,14068,0,0,1,1,0,ABORT,8,4,0,4,0,6,0,0,0,-1,-1,2,0,0
loss_30,confirmed_retry,14068,0,0,1,0,1,ABORT,40,14,0,26,1,24,0,0,0,-1,42,4,0,0
loss_30,fixed,14069,0,0,1,0,0,none,0,0,0,0,0,0,0,0,0,-1,-1,0,0,0
loss_30,ideal_atomic,14069,1,0,0,0,0,none,0,0,0,0,0,0,0,0,0,0,-1,0,1,1
loss_30,command_once,14069,1,0,0,0,0,none,3,0,0,3,0,3,4,12,0,4,-1,0,1,1
loss_30,confirmed_once,14069,0,0,1,1,0,ABORT,11,2,0,9,0,6,0,0,0,-1,-1,4,0,0
loss_30,confirmed_retry,14069,1,0,0,0,1,COMMIT,21,4,0,17,0,11,3,6,0,17,20,4,1,1
loss_30,fixed,14070,0,0,1,0,0,none,0,0,0,0,0,0,0,0,0,-1,-1,0,0,0
loss_30,ideal_atomic,14070,1,0,0,0,0,none,0,0,0,0,0,0,0,0,0,0,-1,0,1,1
loss_30,command_once,14070,0,1,0,0,0,none,3,1,0,2,0,3,80,164,0,-1,-1,0,0,1
loss_30,confirmed_once,14070,0,0,1,0,0,ABORT,11,3,0,8,0,6,0,0,0,-1,-1,3,0,0
loss_30,confirmed_retry,14070,1,0,0,0,1,COMMIT,29,5,0,24,0,15,4,8,0,20,24,4,1,1
loss_30,fixed,14071,0,0,1,0,0,none,0,0,0,0,0,0,0,0,0,-1,-1,0,0,0
loss_30,ideal_atomic,14071,1,0,0,0,0,none,0,0,0,0,0,0,0,0,0,0,-1,0,1,1
loss_30,command_once,14071,0,1,0,0,0,none,3,3,0,0,0,3,80,160,0,-1,-1,0,0,1
loss_30,confirmed_once,14071,0,0,1,0,1,ABORT,9,3,0,6,0,6,0,0,0,-1,23,1,0,0
loss_30,confirmed_retry,14071,0,0,1,0,1,ABORT,27,9,0,18,0,16,0,0,0,-1,23,4,0,0
loss_30,fixed,14072,0,0,1,0,0,none,0,0,0,0,0,0,0,0,0,-1,-1,0,0,0
loss_30,ideal_atomic,14072,1,0,0,0,0,none,0,0,0,0,0,0,0,0,0,0,-1,0,1,1
loss_30,command_once,14072,0,1,0,0,0,none,3,2,0,1,0,3,80,160,0,-1,-1,0,1,1
loss_30,confirmed_once,14072,0,0,1,1,0,ABORT,8,5,0,3,0,6,0,0,0,-1,-1,2,0,0
loss_30,confirmed_retry,14072,1,0,0,0,1,COMMIT,23,7,0,16,0,14,4,10,0,13,26,4,1,1
loss_30,fixed,14073,0,0,1,0,0,none,0,0,0,0,0,0,0,0,0,-1,-1,0,0,0
loss_30,ideal_atomic,14073,1,0,0,0,0,none,0,0,0,0,0,0,0,0,0,0,-1,0,1,1
loss_30,command_once,14073,0,1,0,0,0,none,3,2,0,1,0,3,80,318,0,-1,-1,0,0,1
loss_30,confirmed_once,14073,0,0,1,0,0,ABORT,9,5,0,4,0,6,0,0,0,-1,-1,2,0,0
loss_30,confirmed_retry,14073,0,0,1,0,1,ABORT,33,12,0,21,0,21,0,0,0,-1,33,4,0,0
loss_30,fixed,14074,0,0,1,0,0,none,0,0,0,0,0,0,0,0,0,-1,-1,0,0,0
loss_30,ideal_atomic,14074,1,0,0,0,0,none,0,0,0,0,0,0,0,0,0,0,-1,0,1,1
loss_30,command_once,14074,0,1,0,0,0,none,3,1,0,2,0,3,80,160,0,-1,-1,0,1,1
loss_30,confirmed_once,14074,0,0,1,0,1,ABORT,11,1,0,10,0,6,0,0,0,-1,21,3,0,0
loss_30,confirmed_retry,14074,1,0,0,0,1,COMMIT,21,4,0,17,0,12,5,10,0,16,19,4,1,1
loss_30,fixed,14075,0,0,1,0,0,none,0,0,0,0,0,0,0,0,0,-1,-1,0,0,0
loss_30,ideal_atomic,14075,1,0,0,0,0,none,0,0,0,0,0,0,0,0,0,0,-1,0,1,1
loss_30,command_once,14075,0,1,0,0,0,none,3,1,0,2,0,3,80,160,0,-1,-1,0,1,1
loss_30,confirmed_once,14075,0,0,1,0,1,ABORT,11,2,0,9,0,6,0,0,0,-1,21,3,0,0
loss_30,confirmed_retry,14075,1,0,0,0,1,COMMIT,23,7,0,16,0,14,2,4,0,18,21,4,1,1
loss_30,fixed,14076,0,0,1,0,0,none,0,0,0,0,0,0,0,0,0,-1,-1,0,0,0
loss_30,ideal_atomic,14076,1,0,0,0,0,none,0,0,0,0,0,0,0,0,0,0,-1,0,1,1
loss_30,command_once,14076,0,1,0,0,0,none,3,2,0,1,0,3,80,160,0,-1,-1,0,0,1
loss_30,confirmed_once,14076,0,0,1,0,0,ABORT,9,3,0,6,0,6,0,0,0,-1,-1,2,0,0
loss_30,confirmed_retry,14076,1,0,0,0,1,COMMIT,26,6,0,20,0,15,3,8,0,14,17,4,1,1
loss_30,fixed,14077,0,0,1,0,0,none,0,0,0,0,0,0,0,0,0,-1,-1,0,0,0
loss_30,ideal_atomic,14077,1,0,0,0,0,none,0,0,0,0,0,0,0,0,0,0,-1,0,1,1
loss_30,command_once,14077,1,0,0,0,0,none,3,0,0,3,0,3,3,6,0,3,-1,0,1,1
loss_30,confirmed_once,14077,0,0,1,0,1,ABORT,12,2,0,10,0,6,0,0,0,-1,22,4,0,0
loss_30,confirmed_retry,14077,1,0,0,0,1,COMMIT,24,5,0,19,0,13,4,8,0,15,16,4,1,1
loss_30,fixed,14078,0,0,1,0,0,none,0,0,0,0,0,0,0,0,0,-1,-1,0,0,0
loss_30,ideal_atomic,14078,1,0,0,0,0,none,0,0,0,0,0,0,0,0,0,0,-1,0,1,1
loss_30,command_once,14078,0,1,0,0,0,none,3,1,0,2,0,3,80,160,0,-1,-1,0,1,1
loss_30,confirmed_once,14078,0,0,1,1,0,ABORT,9,4,0,5,0,6,0,0,0,-1,-1,3,0,0
loss_30,confirmed_retry,14078,1,0,0,0,1,COMMIT,24,10,0,14,0,16,4,10,0,17,25,4,1,1
loss_30,fixed,14079,0,0,1,0,0,none,0,0,0,0,0,0,0,0,0,-1,-1,0,0,0
loss_30,ideal_atomic,14079,1,0,0,0,0,none,0,0,0,0,0,0,0,0,0,0,-1,0,1,1
loss_30,command_once,14079,0,1,0,0,0,none,3,1,0,2,0,3,80,160,0,-1,-1,0,1,1
loss_30,confirmed_once,14079,0,0,1,0,0,ABORT,10,2,0,8,0,6,0,0,0,-1,-1,3,0,0
loss_30,confirmed_retry,14079,1,0,0,0,1,COMMIT,26,9,0,17,0,17,11,22,0,19,22,4,1,1
loss_30,fixed,14080,0,0,1,0,0,none,0,0,0,0,0,0,0,0,0,-1,-1,0,0,0
loss_30,ideal_atomic,14080,1,0,0,0,0,none,0,0,0,0,0,0,0,0,0,0,-1,0,1,1
loss_30,command_once,14080,0,1,0,0,0,none,3,1,0,2,0,3,80,162,0,-1,-1,0,0,1
loss_30,confirmed_once,14080,0,0,1,0,0,ABORT,11,5,0,6,0,6,0,0,0,-1,-1,3,0,0
loss_30,confirmed_retry,14080,1,0,0,0,1,COMMIT,26,5,0,21,0,14,3,6,0,14,16,4,1,1
loss_30,fixed,14081,0,0,1,0,0,none,0,0,0,0,0,0,0,0,0,-1,-1,0,0,0
loss_30,ideal_atomic,14081,1,0,0,0,0,none,0,0,0,0,0,0,0,0,0,0,-1,0,1,1
loss_30,command_once,14081,0,1,0,0,0,none,3,1,0,2,0,3,80,160,0,-1,-1,0,1,1
loss_30,confirmed_once,14081,0,0,1,0,0,ABORT,11,3,0,8,0,6,0,0,0,-1,-1,3,0,0
loss_30,confirmed_retry,14081,0,0,1,0,1,ABORT,21,7,0,14,0,13,0,0,0,-1,30,3,0,0
loss_30,fixed,14082,0,0,1,0,0,none,0,0,0,0,0,0,0,0,0,-1,-1,0,0,0
loss_30,ideal_atomic,14082,1,0,0,0,0,none,0,0,0,0,0,0,0,0,0,0,-1,0,1,1
loss_30,command_once,14082,0,1,0,0,0,none,3,1,0,2,0,3,80,160,0,-1,-1,0,1,1
loss_30,confirmed_once,14082,0,0,1,1,0,ABORT,10,2,0,8,0,6,0,0,0,-1,-1,3,0,0
loss_30,confirmed_retry,14082,1,0,0,0,1,COMMIT,24,6,0,18,0,14,3,6,0,14,17,4,1,1
loss_30,fixed,14083,0,0,1,0,0,none,0,0,0,0,0,0,0,0,0,-1,-1,0,0,0
loss_30,ideal_atomic,14083,1,0,0,0,0,none,0,0,0,0,0,0,0,0,0,0,-1,0,1,1
loss_30,command_once,14083,0,1,0,0,0,none,3,1,0,2,0,3,80,160,0,-1,-1,0,1,1
loss_30,confirmed_once,14083,0,0,1,1,0,ABORT,9,3,0,6,0,6,0,0,0,-1,-1,3,0,0
loss_30,confirmed_retry,14083,0,0,1,0,1,ABORT,26,8,0,18,0,16,0,0,0,-1,32,4,0,0
loss_30,fixed,14084,0,0,1,0,0,none,0,0,0,0,0,0,0,0,0,-1,-1,0,0,0
loss_30,ideal_atomic,14084,1,0,0,0,0,none,0,0,0,0,0,0,0,0,0,0,-1,0,1,1
loss_30,command_once,14084,0,1,0,0,0,none,3,1,0,2,0,3,80,160,0,-1,-1,0,1,1
loss_30,confirmed_once,14084,0,0,1,1,0,ABORT,10,2,0,8,0,6,0,0,0,-1,-1,3,0,0
loss_30,confirmed_retry,14084,1,0,0,0,1,COMMIT,19,3,0,16,0,11,8,16,0,16,19,4,1,1
loss_30,fixed,14085,0,0,1,0,0,none,0,0,0,0,0,0,0,0,0,-1,-1,0,0,0
loss_30,ideal_atomic,14085,1,0,0,0,0,none,0,0,0,0,0,0,0,0,0,0,-1,0,1,1
loss_30,command_once,14085,0,1,0,0,0,none,3,1,0,2,0,3,80,160,0,-1,-1,0,1,1
loss_30,confirmed_once,14085,0,0,1,0,0,ABORT,11,2,0,9,0,6,0,0,0,-1,-1,3,0,0
loss_30,confirmed_retry,14085,1,0,0,0,1,COMMIT,24,5,0,19,0,13,4,10,0,18,20,4,1,1
loss_30,fixed,14086,0,0,1,0,0,none,0,0,0,0,0,0,0,0,0,-1,-1,0,0,0
loss_30,ideal_atomic,14086,1,0,0,0,0,none,0,0,0,0,0,0,0,0,0,0,-1,0,1,1
loss_30,command_once,14086,1,0,0,0,0,none,3,0,0,3,0,3,4,8,0,4,-1,0,1,1
loss_30,confirmed_once,14086,0,0,1,1,0,ABORT,11,3,0,8,0,6,0,0,0,-1,-1,4,0,0
loss_30,confirmed_retry,14086,1,0,0,0,1,COMMIT,28,8,0,20,0,16,6,12,0,22,25,4,1,1
loss_30,fixed,14087,0,0,1,0,0,none,0,0,0,0,0,0,0,0,0,-1,-1,0,0,0
loss_30,ideal_atomic,14087,1,0,0,0,0,none,0,0,0,0,0,0,0,0,0,0,-1,0,1,1
loss_30,command_once,14087,0,1,0,0,0,none,3,2,0,1,0,3,80,314,0,-1,-1,0,0,1
loss_30,confirmed_once,14087,0,0,1,1,0,ABORT,9,4,0,5,0,6,0,0,0,-1,-1,2,0,0
loss_30,confirmed_retry,14087,1,0,0,0,1,COMMIT,28,9,0,19,0,17,9,18,0,25,36,4,1,1
loss_30,fixed,14088,0,0,1,0,0,none,0,0,0,0,0,0,0,0,0,-1,-1,0,0,0
loss_30,ideal_atomic,14088,1,0,0,0,0,none,0,0,0,0,0,0,0,0,0,0,-1,0,1,1
loss_30,command_once,14088,0,1,0,0,0,none,3,2,0,1,0,3,80,318,0,-1,-1,0,0,1
loss_30,confirmed_once,14088,0,0,1,0,0,ABORT,10,3,0,7,0,6,0,0,0,-1,-1,2,0,0
loss_30,confirmed_retry,14088,1,0,0,0,1,COMMIT,25,6,0,19,0,14,6,12,0,19,20,4,1,1
loss_30,fixed,14089,0,0,1,0,0,none,0,0,0,0,0,0,0,0,0,-1,-1,0,0,0
loss_30,ideal_atomic,14089,1,0,0,0,0,none,0,0,0,0,0,0,0,0,0,0,-1,0,1,1
loss_30,command_once,14089,0,1,0,0,0,none,3,1,0,2,0,3,80,160,0,-1,-1,0,1,1
loss_30,confirmed_once,14089,0,0,1,2,0,ABORT,9,5,0,4,0,6,0,0,0,-1,-1,3,0,0
loss_30,confirmed_retry,14089,0,0,1,0,1,ABORT,32,12,0,20,0,19,0,0,0,-1,29,4,0,0
loss_30,fixed,14090,0,0,1,0,0,none,0,0,0,0,0,0,0,0,0,-1,-1,0,0,0
loss_30,ideal_atomic,14090,1,0,0,0,0,none,0,0,0,0,0,0,0,0,0,0,-1,0,1,1
loss_30,command_once,14090,0,1,0,0,0,none,3,1,0,2,0,3,80,160,0,-1,-1,0,1,1
loss_30,confirmed_once,14090,0,0,1,1,0,ABORT,10,4,0,6,0,6,0,0,0,-1,-1,3,0,0
loss_30,confirmed_retry,14090,1,0,0,0,1,COMMIT,31,10,0,21,0,18,6,12,0,22,34,4,1,1
loss_30,fixed,14091,0,0,1,0,0,none,0,0,0,0,0,0,0,0,0,-1,-1,0,0,0
loss_30,ideal_atomic,14091,1,0,0,0,0,none,0,0,0,0,0,0,0,0,0,0,-1,0,1,1
loss_30,command_once,14091,0,1,0,0,0,none,3,1,0,2,0,3,80,160,0,-1,-1,0,1,1
loss_30,confirmed_once,14091,0,0,1,0,0,ABORT,10,2,0,8,0,6,0,0,0,-1,-1,3,0,0
loss_30,confirmed_retry,14091,0,0,1,0,1,ABORT,19,8,0,11,0,13,0,0,0,-1,33,3,0,0
loss_30,fixed,14092,0,0,1,0,0,none,0,0,0,0,0,0,0,0,0,-1,-1,0,0,0
loss_30,ideal_atomic,14092,1,0,0,0,0,none,0,0,0,0,0,0,0,0,0,0,-1,0,1,1
loss_30,command_once,14092,0,1,0,0,0,none,3,1,0,2,0,3,80,160,0,-1,-1,0,1,1
loss_30,confirmed_once,14092,0,0,1,0,0,ABORT,11,3,0,8,0,6,0,0,0,-1,-1,3,0,0
loss_30,confirmed_retry,14092,1,0,0,0,1,COMMIT,27,8,0,19,0,16,4,14,0,19,23,4,1,1
loss_30,fixed,14093,0,0,1,0,0,none,0,0,0,0,0,0,0,0,0,-1,-1,0,0,0
loss_30,ideal_atomic,14093,1,0,0,0,0,none,0,0,0,0,0,0,0,0,0,0,-1,0,1,1
loss_30,command_once,14093,0,1,0,0,0,none,3,1,0,2,0,3,80,160,0,-1,-1,0,1,1
loss_30,confirmed_once,14093,0,0,1,0,1,ABORT,11,2,0,9,0,6,0,0,0,-1,23,3,0,0
loss_30,confirmed_retry,14093,0,0,1,0,1,ABORT,22,8,0,14,0,14,0,0,0,-1,23,3,0,0
loss_30,fixed,14094,0,0,1,0,0,none,0,0,0,0,0,0,0,0,0,-1,-1,0,0,0
loss_30,ideal_atomic,14094,1,0,0,0,0,none,0,0,0,0,0,0,0,0,0,0,-1,0,1,1
loss_30,command_once,14094,1,0,0,0,0,none,3,0,0,3,0,3,3,6,0,3,-1,0,1,1
loss_30,confirmed_once,14094,0,0,1,0,0,ABORT,12,2,0,10,0,6,0,0,0,-1,-1,4,0,0
loss_30,confirmed_retry,14094,1,0,0,0,1,COMMIT,26,8,0,18,0,15,10,20,0,19,26,4,1,1
loss_30,fixed,14095,0,0,1,0,0,none,0,0,0,0,0,0,0,0,0,-1,-1,0,0,0
loss_30,ideal_atomic,14095,1,0,0,0,0,none,0,0,0,0,0,0,0,0,0,0,-1,0,1,1
loss_30,command_once,14095,1,0,0,0,0,none,3,0,0,3,0,3,4,8,0,4,-1,0,1,1
loss_30,confirmed_once,14095,0,0,1,1,0,ABORT,11,4,0,7,0,6,0,0,0,-1,-1,4,0,0
loss_30,confirmed_retry,14095,0,0,1,0,1,ABORT,31,11,0,20,0,18,0,0,0,-1,26,4,0,0
loss_30,fixed,14096,0,0,1,0,0,none,0,0,0,0,0,0,0,0,0,-1,-1,0,0,0
loss_30,ideal_atomic,14096,1,0,0,0,0,none,0,0,0,0,0,0,0,0,0,0,-1,0,1,1
loss_30,command_once,14096,0,1,0,0,0,none,3,1,0,2,0,3,80,160,0,-1,-1,0,0,1
loss_30,confirmed_once,14096,0,0,1,0,0,ABORT,10,3,0,7,0,6,0,0,0,-1,-1,3,0,0
loss_30,confirmed_retry,14096,1,0,0,0,1,COMMIT,27,7,0,20,0,15,9,24,0,21,30,4,1,1
loss_30,fixed,14097,0,0,1,0,0,none,0,0,0,0,0,0,0,0,0,-1,-1,0,0,0
loss_30,ideal_atomic,14097,1,0,0,0,0,none,0,0,0,0,0,0,0,0,0,0,-1,0,1,1
loss_30,command_once,14097,1,0,0,0,0,none,3,0,0,3,0,3,4,8,0,4,-1,0,1,1
loss_30,confirmed_once,14097,0,1,0,1,0,COMMIT,11,1,0,10,0,6,75,150,0,-1,-1,4,1,1
loss_30,confirmed_retry,14097,1,0,0,0,1,COMMIT,22,8,0,14,0,15,19,38,0,24,26,4,1,1
loss_30,fixed,14098,0,0,1,0,0,none,0,0,0,0,0,0,0,0,0,-1,-1,0,0,0
loss_30,ideal_atomic,14098,1,0,0,0,0,none,0,0,0,0,0,0,0,0,0,0,-1,0,1,1
loss_30,command_once,14098,1,0,0,0,0,none,3,0,0,3,0,3,3,6,0,3,-1,0,1,1
loss_30,confirmed_once,14098,0,0,1,1,0,ABORT,11,4,0,7,0,6,0,0,0,-1,-1,4,0,0
loss_30,confirmed_retry,14098,1,0,0,0,1,COMMIT,30,8,0,22,0,16,4,8,0,16,27,4,1,1
loss_30,fixed,14099,0,0,1,0,0,none,0,0,0,0,0,0,0,0,0,-1,-1,0,0,0
loss_30,ideal_atomic,14099,1,0,0,0,0,none,0,0,0,0,0,0,0,0,0,0,-1,0,1,1
loss_30,command_once,14099,1,0,0,0,0,none,3,0,0,3,0,3,3,6,0,3,-1,0,1,1
loss_30,confirmed_once,14099,0,0,1,0,1,ABORT,12,1,0,11,0,6,0,0,0,-1,21,4,0,0
loss_30,confirmed_retry,14099,1,0,0,0,1,COMMIT,26,4,0,22,0,14,4,10,0,18,21,4,1,1
loss_30,fixed,14100,0,0,1,0,0,none,0,0,0,0,0,0,0,0,0,-1,-1,0,0,0
loss_30,ideal_atomic,14100,1,0,0,0,0,none,0,0,0,0,0,0,0,0,0,0,-1,0,1,1
loss_30,command_once,14100,0,1,0,0,0,none,3,1,0,2,0,3,80,166,0,-1,-1,0,1,1
loss_30,confirmed_once,14100,0,0,1,0,0,ABORT,10,3,0,7,0,6,0,0,0,-1,-1,3,0,0
loss_30,confirmed_retry,14100,1,0,0,0,1,COMMIT,31,9,0,22,0,18,3,6,0,18,29,4,1,1
loss_30,fixed,14101,0,0,1,0,0,none,0,0,0,0,0,0,0,0,0,-1,-1,0,0,0
loss_30,ideal_atomic,14101,1,0,0,0,0,none,0,0,0,0,0,0,0,0,0,0,-1,0,1,1
loss_30,command_once,14101,1,0,0,0,0,none,3,0,0,3,0,3,4,8,0,4,-1,0,1,1
loss_30,confirmed_once,14101,0,0,1,0,0,ABORT,12,2,0,10,0,6,0,0,0,-1,-1,4,0,0
loss_30,confirmed_retry,14101,0,0,1,0,1,ABORT,24,6,0,18,0,13,0,0,0,-1,25,4,0,0
loss_30,fixed,14102,0,0,1,0,0,none,0,0,0,0,0,0,0,0,0,-1,-1,0,0,0
loss_30,ideal_atomic,14102,1,0,0,0,0,none,0,0,0,0,0,0,0,0,0,0,-1,0,1,1
loss_30,command_once,14102,1,0,0,0,0,none,3,0,0,3,0,3,1,2,0,1,-1,0,1,1
loss_30,confirmed_once,14102,1,0,0,0,0,COMMIT,12,3,0,9,0,6,2,4,0,5,-1,4,1,1
loss_30,confirmed_retry,14102,1,0,0,0,1,COMMIT,26,8,0,18,0,15,2,4,0,5,21,4,1,1
loss_30,fixed,14103,0,0,1,0,0,none,0,0,0,0,0,0,0,0,0,-1,-1,0,0,0
loss_30,ideal_atomic,14103,1,0,0,0,0,none,0,0,0,0,0,0,0,0,0,0,-1,0,1,1
loss_30,command_once,14103,0,1,0,0,0,none,3,1,0,2,0,3,80,166,0,-1,-1,0,0,1
loss_30,confirmed_once,14103,0,0,1,0,0,ABORT,10,2,0,8,0,6,0,0,0,-1,-1,3,0,0
loss_30,confirmed_retry,14103,0,0,1,0,1,ABORT,21,5,0,16,0,12,0,0,0,-1,24,4,0,0
loss_30,fixed,14104,0,0,1,0,0,none,0,0,0,0,0,0,0,0,0,-1,-1,0,0,0
loss_30,ideal_atomic,14104,1,0,0,0,0,none,0,0,0,0,0,0,0,0,0,0,-1,0,1,1
loss_30,command_once,14104,0,1,0,0,0,none,3,1,0,2,0,3,80,166,0,-1,-1,0,0,1
loss_30,confirmed_once,14104,0,0,1,2,0,ABORT,9,4,0,5,0,6,0,0,0,-1,-1,3,0,0
loss_30,confirmed_retry,14104,1,0,0,0,1,COMMIT,32,9,0,23,0,18,11,22,0,24,25,4,1,1
loss_30,fixed,14105,0,0,1,0,0,none,0,0,0,0,0,0,0,0,0,-1,-1,0,0,0
loss_30,ideal_atomic,14105,1,0,0,0,0,none,0,0,0,0,0,0,0,0,0,0,-1,0,1,1
loss_30,command_once,14105,0,1,0,0,0,none,3,1,0,2,0,3,80,160,0,-1,-1,0,1,1
loss_30,confirmed_once,14105,0,0,1,0,0,ABORT,11,3,0,8,0,6,0,0,0,-1,-1,3,0,0
loss_30,confirmed_retry,14105,0,0,1,0,1,ABORT,24,8,0,16,0,14,0,0,0,-1,32,3,0,0
loss_30,fixed,14106,0,0,1,0,0,none,0,0,0,0,0,0,0,0,0,-1,-1,0,0,0
loss_30,ideal_atomic,14106,1,0,0,0,0,none,0,0,0,0,0,0,0,0,0,0,-1,0,1,1
loss_30,command_once,14106,1,0,0,0,0,none,3,0,0,3,0,3,4,14,0,4,-1,0,1,1
loss_30,confirmed_once,14106,0,0,1,0,1,ABORT,12,1,0,11,0,6,0,0,0,-1,22,4,0,0
loss_30,confirmed_retry,14106,1,0,0,0,1,COMMIT,23,4,0,19,0,13,3,6,0,16,18,4,1,1
loss_30,fixed,14107,0,0,1,0,0,none,0,0,0,0,0,0,0,0,0,-1,-1,0,0,0
loss_30,ideal_atomic,14107,1,0,0,0,0,none,0,0,0,0,0,0,0,0,0,0,-1,0,1,1
loss_30,command_once,14107,0,1,0,0,0,none,3,1,0,2,0,3,80,160,0,-1,-1,0,1,1
loss_30,confirmed_once,14107,0,0,1,0,1,ABORT,11,1,0,10,0,6,0,0,0,-1,21,3,0,0
loss_30,confirmed_retry,14107,0,0,1,0,1,ABORT,19,5,0,14,0,11,0,0,0,-1,21,4,0,0
loss_30,fixed,14108,0,0,1,0,0,none,0,0,0,0,0,0,0,0,0,-1,-1,0,0,0
loss_30,ideal_atomic,14108,1,0,0,0,0,none,0,0,0,0,0,0,0,0,0,0,-1,0,1,1
loss_30,command_once,14108,0,1,0,0,0,none,3,1,0,2,0,3,80,160,0,-1,-1,0,1,1
loss_30,confirmed_once,14108,0,0,1,0,0,ABORT,11,5,0,6,0,6,0,0,0,-1,-1,3,0,0
loss_30,confirmed_retry,14108,1,0,0,0,1,COMMIT,39,16,0,23,0,23,5,10,0,19,36,4,1,1
loss_30,fixed,14109,0,0,1,0,0,none,0,0,0,0,0,0,0,0,0,-1,-1,0,0,0
loss_30,ideal_atomic,14109,1,0,0,0,0,none,0,0,0,0,0,0,0,0,0,0,-1,0,1,1
loss_30,command_once,14109,0,1,0,0,0,none,3,2,0,1,0,3,80,160,0,-1,-1,0,0,1
loss_30,confirmed_once,14109,0,0,1,1,0,ABORT,7,5,0,2,0,6,0,0,0,-1,-1,2,0,0
loss_30,confirmed_retry,14109,1,0,0,0,1,COMMIT,24,7,0,17,0,15,13,26,0,21,23,4,1,1
loss_30,fixed,14110,0,0,1,0,0,none,0,0,0,0,0,0,0,0,0,-1,-1,0,0,0
loss_30,ideal_atomic,14110,1,0,0,0,0,none,0,0,0,0,0,0,0,0,0,0,-1,0,1,1
loss_30,command_once,14110,0,1,0,0,0,none,3,1,0,2,0,3,80,162,0,-1,-1,0,1,1
loss_30,confirmed_once,14110,0,0,1,0,0,ABORT,11,2,0,9,0,6,0,0,0,-1,-1,3,0,0
loss_30,confirmed_retry,14110,1,0,0,0,1,COMMIT,27,7,0,20,0,16,5,10,0,20,23,4,1,1
loss_30,fixed,14111,0,0,1,0,0,none,0,0,0,0,0,0,0,0,0,-1,-1,0,0,0
loss_30,ideal_atomic,14111,1,0,0,0,0,none,0,0,0,0,0,0,0,0,0,0,-1,0,1,1
loss_30,command_once,14111,0,1,0,0,0,none,3,1,0,2,0,3,80,160,0,-1,-1,0,1,1
loss_30,confirmed_once,14111,0,0,1,0,1,ABORT,11,3,0,8,0,6,0,0,0,-1,21,3,0,0
loss_30,confirmed_retry,14111,0,0,1,0,1,ABORT,23,6,0,17,0,13,0,0,0,-1,21,4,0,0
loss_30,fixed,14112,0,0,1,0,0,none,0,0,0,0,0,0,0,0,0,-1,-1,0,0,0
loss_30,ideal_atomic,14112,1,0,0,0,0,none,0,0,0,0,0,0,0,0,0,0,-1,0,1,1
loss_30,command_once,14112,1,0,0,0,0,none,3,0,0,3,0,3,4,8,0,4,-1,0,1,1
loss_30,confirmed_once,14112,0,1,0,1,0,COMMIT,11,2,0,9,0,6,72,144,0,-1,-1,4,1,1
loss_30,confirmed_retry,14112,1,0,0,0,1,COMMIT,22,4,0,18,0,12,6,12,0,14,20,4,1,1
loss_30,fixed,14113,0,0,1,0,0,none,0,0,0,0,0,0,0,0,0,-1,-1,0,0,0
loss_30,ideal_atomic,14113,1,0,0,0,0,none,0,0,0,0,0,0,0,0,0,0,-1,0,1,1
loss_30,command_once,14113,1,0,0,0,0,none,3,0,0,3,0,3,2,6,0,2,-1,0,1,1
loss_30,confirmed_once,14113,0,0,1,1,0,ABORT,11,3,0,8,0,6,0,0,0,-1,-1,4,0,0
loss_30,confirmed_retry,14113,0,0,1,0,1,ABORT,30,10,0,20,0,17,0,0,0,-1,28,4,0,0
loss_30,fixed,14114,0,0,1,0,0,none,0,0,0,0,0,0,0,0,0,-1,-1,0,0,0
loss_30,ideal_atomic,14114,1,0,0,0,0,none,0,0,0,0,0,0,0,0,0,0,-1,0,1,1
loss_30,command_once,14114,0,1,0,0,0,none,3,1,0,2,0,3,80,160,0,-1,-1,0,1,1
loss_30,confirmed_once,14114,0,0,1,0,0,ABORT,11,3,0,8,0,6,0,0,0,-1,-1,3,0,0
loss_30,confirmed_retry,14114,1,0,0,0,1,COMMIT,28,6,0,22,0,16,2,4,0,17,21,4,1,1
loss_30,fixed,14115,0,0,1,0,0,none,0,0,0,0,0,0,0,0,0,-1,-1,0,0,0
loss_30,ideal_atomic,14115,1,0,0,0,0,none,0,0,0,0,0,0,0,0,0,0,-1,0,1,1
loss_30,command_once,14115,1,0,0,0,0,none,3,0,0,3,0,3,3,6,0,3,-1,0,1,1
loss_30,confirmed_once,14115,0,0,1,0,1,ABORT,12,2,0,10,0,6,0,0,0,-1,23,4,0,0
loss_30,confirmed_retry,14115,1,0,0,0,1,COMMIT,30,8,0,22,0,16,8,16,0,17,21,4,1,1
loss_30,fixed,14116,0,0,1,0,0,none,0,0,0,0,0,0,0,0,0,-1,-1,0,0,0
loss_30,ideal_atomic,14116,1,0,0,0,0,none,0,0,0,0,0,0,0,0,0,0,-1,0,1,1
loss_30,command_once,14116,1,0,0,0,0,none,3,0,0,3,0,3,4,8,0,4,-1,0,1,1
loss_30,confirmed_once,14116,1,0,0,0,1,COMMIT,12,0,0,12,0,6,4,8,0,12,16,4,1,1
loss_30,confirmed_retry,14116,1,0,0,0,1,COMMIT,17,2,0,15,0,9,4,8,0,12,16,4,1,1
loss_30,fixed,14117,0,0,1,0,0,none,0,0,0,0,0,0,0,0,0,-1,-1,0,0,0
loss_30,ideal_atomic,14117,1,0,0,0,0,none,0,0,0,0,0,0,0,0,0,0,-1,0,1,1
loss_30,command_once,14117,1,0,0,0,0,none,3,0,0,3,0,3,4,14,0,4,-1,0,1,1
loss_30,confirmed_once,14117,0,1,0,2,0,COMMIT,10,3,0,7,0,6,73,146,0,-1,-1,4,0,1
loss_30,confirmed_retry,14117,1,0,0,0,1,COMMIT,26,5,0,21,0,14,5,10,0,12,19,4,1,1
loss_30,fixed,14118,0,0,1,0,0,none,0,0,0,0,0,0,0,0,0,-1,-1,0,0,0
loss_30,ideal_atomic,14118,1,0,0,0,0,none,0,0,0,0,0,0,0,0,0,0,-1,0,1,1
loss_30,command_once,14118,1,0,0,0,0,none,3,0,0,3,0,3,4,8,0,4,-1,0,1,1
loss_30,confirmed_once,14118,0,0,1,2,0,ABORT,10,4,0,6,0,6,0,0,0,-1,-1,4,0,0
loss_30,confirmed_retry,14118,0,0,1,0,1,ABORT,31,12,0,19,0,19,0,0,0,-1,32,4,0,0
loss_30,fixed,14119,0,0,1,0,0,none,0,0,0,0,0,0,0,0,0,-1,-1,0,0,0
loss_30,ideal_atomic,14119,1,0,0,0,0,none,0,0,0,0,0,0,0,0,0,0,-1,0,1,1
loss_30,command_once,14119,0,1,0,0,0,none,3,1,0,2,0,3,80,166,0,-1,-1,0,0,1
loss_30,confirmed_once,14119,0,0,1,1,0,ABORT,10,4,0,6,0,6,0,0,0,-1,-1,3,0,0
loss_30,confirmed_retry,14119,1,0,0,0,1,COMMIT,30,7,0,23,0,17,1,2,0,16,26,4,1,1
loss_30,fixed,14120,0,0,1,0,0,none,0,0,0,0,0,0,0,0,0,-1,-1,0,0,0
loss_30,ideal_atomic,14120,1,0,0,0,0,none,0,0,0,0,0,0,0,0,0,0,-1,0,1,1
loss_30,command_once,14120,0,1,0,0,0,none,3,1,0,2,0,3,80,160,0,-1,-1,0,1,1
loss_30,confirmed_once,14120,0,0,1,1,0,ABORT,10,4,0,6,0,6,0,0,0,-1,-1,3,0,0
loss_30,confirmed_retry,14120,1,0,0,0,1,COMMIT,34,13,0,21,0,20,11,22,0,24,27,4,1,1
loss_30,fixed,14121,0,0,1,0,0,none,0,0,0,0,0,0,0,0,0,-1,-1,0,0,0
loss_30,ideal_atomic,14121,1,0,0,0,0,none,0,0,0,0,0,0,0,0,0,0,-1,0,1,1
loss_30,command_once,14121,0,1,0,0,0,none,3,1,0,2,0,3,80,160,0,-1,-1,0,1,1
loss_30,confirmed_once,14121,0,0,1,0,0,ABORT,10,3,0,7,0,6,0,0,0,-1,-1,3,0,0
loss_30,confirmed_retry,14121,0,0,1,0,1,ABORT,25,9,0,16,0,15,0,0,0,-1,31,3,0,0
loss_30,fixed,14122,0,0,1,0,0,none,0,0,0,0,0,0,0,0,0,-1,-1,0,0,0
loss_30,ideal_atomic,14122,1,0,0,0,0,none,0,0,0,0,0,0,0,0,0,0,-1,0,1,1
loss_30,command_once,14122,0,1,0,0,0,none,3,2,0,1,0,3,80,316,0,-1,-1,0,0,1
loss_30,confirmed_once,14122,0,0,1,0,0,ABORT,8,4,0,4,0,6,0,0,0,-1,-1,2,0,0
loss_30,confirmed_retry,14122,0,0,1,0,1,ABORT,33,12,0,21,0,20,0,0,0,-1,38,4,0,0
loss_30,fixed,14123,0,0,1,0,0,none,0,0,0,0,0,0,0,0,0,-1,-1,0,0,0
loss_30,ideal_atomic,14123,1,0,0,0,0,none,0,0,0,0,0,0,0,0,0,0,-1,0,1,1
loss_30,command_once,14123,0,1,0,0,0,none,3,1,0,2,0,3,80,160,0,-1,-1,0,1,1
loss_30,confirmed_once,14123,0,0,1,1,0,ABORT,10,3,0,7,0,6,0,0,0,-1,-1,3,0,0
loss_30,confirmed_retry,14123,1,0,0,0,1,COMMIT,26,9,0,17,0,16,10,20,0,18,25,4,1,1
loss_30,fixed,14124,0,0,1,0,0,none,0,0,0,0,0,0,0,0,0,-1,-1,0,0,0
loss_30,ideal_atomic,14124,1,0,0,0,0,none,0,0,0,0,0,0,0,0,0,0,-1,0,1,1
loss_30,command_once,14124,1,0,0,0,0,none,3,0,0,3,0,3,4,12,0,4,-1,0,1,1
loss_30,confirmed_once,14124,0,1,0,1,0,COMMIT,11,2,0,9,0,6,75,150,0,-1,-1,4,1,1
loss_30,confirmed_retry,14124,1,0,0,0,1,COMMIT,22,6,0,16,0,13,11,22,0,16,18,4,1,1
loss_30,fixed,14125,0,0,1,0,0,none,0,0,0,0,0,0,0,0,0,-1,-1,0,0,0
loss_30,ideal_atomic,14125,1,0,0,0,0,none,0,0,0,0,0,0,0,0,0,0,-1,0,1,1
loss_30,command_once,14125,0,1,0,0,0,none,3,1,0,2,0,3,80,160,0,-1,-1,0,1,1
loss_30,confirmed_once,14125,0,0,1,0,0,ABORT,11,3,0,8,0,6,0,0,0,-1,-1,3,0,0
loss_30,confirmed_retry,14125,1,0,0,0,1,COMMIT,25,7,0,18,0,14,4,8,0,14,28,4,1,1
loss_30,fixed,14126,0,0,1,0,0,none,0,0,0,0,0,0,0,0,0,-1,-1,0,0,0
loss_30,ideal_atomic,14126,1,0,0,0,0,none,0,0,0,0,0,0,0,0,0,0,-1,0,1,1
loss_30,command_once,14126,1,0,0,0,0,none,3,0,0,3,0,3,4,10,0,4,-1,0,1,1
loss_30,confirmed_once,14126,0,0,1,0,0,ABORT,12,3,0,9,0,6,0,0,0,-1,-1,4,0,0
loss_30,confirmed_retry,14126,1,0,0,0,1,COMMIT,23,3,0,20,0,12,3,10,0,12,15,4,1,1
loss_30,fixed,14127,0,0,1,0,0,none,0,0,0,0,0,0,0,0,0,-1,-1,0,0,0
loss_30,ideal_atomic,14127,1,0,0,0,0,none,0,0,0,0,0,0,0,0,0,0,-1,0,1,1
loss_30,command_once,14127,1,0,0,0,0,none,3,0,0,3,0,3,3,6,0,3,-1,0,1,1
loss_30,confirmed_once,14127,0,0,1,1,0,ABORT,11,4,0,7,0,6,0,0,0,-1,-1,4,0,0
loss_30,confirmed_retry,14127,1,0,0,0,1,COMMIT,29,5,0,24,0,15,5,10,0,15,18,4,1,1
loss_30,fixed,14128,0,0,1,0,0,none,0,0,0,0,0,0,0,0,0,-1,-1,0,0,0
loss_30,ideal_atomic,14128,1,0,0,0,0,none,0,0,0,0,0,0,0,0,0,0,-1,0,1,1
loss_30,command_once,14128,1,0,0,0,0,none,3,0,0,3,0,3,1,2,0,1,-1,0,1,1
loss_30,confirmed_once,14128,0,0,1,2,0,ABORT,10,4,0,6,0,6,0,0,0,-1,-1,4,0,0
loss_30,confirmed_retry,14128,0,0,1,0,1,ABORT,23,8,0,15,0,14,0,0,0,-1,27,4,0,0
loss_30,fixed,14129,0,0,1,0,0,none,0,0,0,0,0,0,0,0,0,-1,-1,0,0,0
loss_30,ideal_atomic,14129,1,0,0,0,0,none,0,0,0,0,0,0,0,0,0,0,-1,0,1,1
loss_30,command_once,14129,0,1,0,0,0,none,3,1,0,2,0,3,80,160,0,-1,-1,0,1,1
loss_30,confirmed_once,14129,0,0,1,0,0,ABORT,11,2,0,9,0,6,0,0,0,-1,-1,3,0,0
loss_30,confirmed_retry,14129,1,0,0,0,1,COMMIT,27,7,0,20,0,15,5,10,0,14,20,4,1,1
loss_30,fixed,14130,0,0,1,0,0,none,0,0,0,0,0,0,0,0,0,-1,-1,0,0,0
loss_30,ideal_atomic,14130,1,0,0,0,0,none,0,0,0,0,0,0,0,0,0,0,-1,0,1,1
loss_30,command_once,14130,0,1,0,0,0,none,3,1,0,2,0,3,80,160,0,-1,-1,0,0,1
loss_30,confirmed_once,14130,0,0,1,1,0,ABORT,10,4,0,6,0,6,0,0,0,-1,-1,3,0,0
loss_30,confirmed_retry,14130,1,0,0,0,1,COMMIT,23,6,0,17,0,14,4,12,0,14,24,4,1,1
loss_30,fixed,14131,0,0,1,0,0,none,0,0,0,0,0,0,0,0,0,-1,-1,0,0,0
loss_30,ideal_atomic,14131,1,0,0,0,0,none,0,0,0,0,0,0,0,0,0,0,-1,0,1,1
loss_30,command_once,14131,1,0,0,0,0,none,3,0,0,3,0,3,2,4,0,2,-1,0,1,1
loss_30,confirmed_once,14131,0,0,1,0,0,ABORT,12,3,0,9,0,6,0,0,0,-1,-1,4,0,0
loss_30,confirmed_retry,14131,1,0,0,0,1,COMMIT,32,8,0,24,0,17,5,10,0,17,31,4,1,1
loss_30,fixed,14132,0,0,1,0,0,none,0,0,0,0,0,0,0,0,0,-1,-1,0,0,0
loss_30,ideal_atomic,14132,1,0,0,0,0,none,0,0,0,0,0,0,0,0,0,0,-1,0,1,1
loss_30,command_once,14132,0,1,0,0,0,none,3,2,0,1,0,3,80,160,0,-1,-1,0,1,1
loss_30,confirmed_once,14132,0,0,1,0,0,ABORT,9,5,0,4,0,6,0,0,0,-1,-1,2,0,0
loss_30,confirmed_retry,14132,1,0,0,0,1,COMMIT,25,6,0,19,0,15,3,6,0,14,17,4,1,1
loss_30,fixed,14133,0,0,1,0,0,none,0,0,0,0,0,0,0,0,0,-1,-1,0,0,0
loss_30,ideal_atomic,14133,1,0,0,0,0,none,0,0,0,0,0,0,0,0,0,0,-1,0,1,1
loss_30,command_once,14133,1,0,0,0,0,none,3,0,0,3,0,3,4,12,0,4,-1,0,1,1
loss_30,confirmed_once,14133,0,0,1,0,0,ABORT,12,5,0,7,0,6,0,0,0,-1,-1,4,0,0
loss_30,confirmed_retry,14133,1,0,0,0,1,COMMIT,34,9,0,25,0,18,3,6,0,19,28,4,1,1
loss_30,fixed,14134,0,0,1,0,0,none,0,0,0,0,0,0,0,0,0,-1,-1,0,0,0
loss_30,ideal_atomic,14134,1,0,0,0,0,none,0,0,0,0,0,0,0,0,0,0,-1,0,1,1
loss_30,command_once,14134,1,0,0,0,0,none,3,0,0,3,0,3,4,8,0,4,-1,0,1,1
loss_30,confirmed_once,14134,0,0,1,0,0,ABORT,12,2,0,10,0,6,0,0,0,-1,-1,4,0,0
loss_30,confirmed_retry,14134,1,0,0,0,1,COMMIT,32,5,0,27,0,16,4,8,0,17,27,4,1,1
loss_30,fixed,14135,0,0,1,0,0,none,0,0,0,0,0,0,0,0,0,-1,-1,0,0,0
loss_30,ideal_atomic,14135,1,0,0,0,0,none,0,0,0,0,0,0,0,0,0,0,-1,0,1,1
loss_30,command_once,14135,0,1,0,0,0,none,3,2,0,1,0,3,80,314,0,-1,-1,0,0,1
loss_30,confirmed_once,14135,0,0,1,0,0,ABORT,10,4,0,6,0,6,0,0,0,-1,-1,2,0,0
loss_30,confirmed_retry,14135,0,0,1,0,1,ABORT,31,9,0,22,0,17,0,0,0,-1,26,4,0,0
loss_30,fixed,14136,0,0,1,0,0,none,0,0,0,0,0,0,0,0,0,-1,-1,0,0,0
loss_30,ideal_atomic,14136,1,0,0,0,0,none,0,0,0,0,0,0,0,0,0,0,-1,0,1,1
loss_30,command_once,14136,0,1,0,0,0,none,3,2,0,1,0,3,80,160,0,-1,-1,0,0,1
loss_30,confirmed_once,14136,0,0,1,1,0,ABORT,8,4,0,4,0,6,0,0,0,-1,-1,2,0,0
loss_30,confirmed_retry,14136,0,0,1,0,1,ABORT,23,8,0,15,0,15,0,0,0,-1,26,3,0,0
loss_30,fixed,14137,0,0,1,0,0,none,0,0,0,0,0,0,0,0,0,-1,-1,0,0,0
loss_30,ideal_atomic,14137,1,0,0,0,0,none,0,0,0,0,0,0,0,0,0,0,-1,0,1,1
loss_30,command_once,14137,1,0,0,0,0,none,3,0,0,3,0,3,2,4,0,2,-1,0,1,1
loss_30,confirmed_once,14137,0,0,1,1,0,ABORT,11,2,0,9,0,6,0,0,0,-1,-1,4,0,0
loss_30,confirmed_retry,14137,1,0,0,0,1,COMMIT,28,7,0,21,0,16,8,16,0,21,31,4,1,1
loss_30,fixed,14138,0,0,1,0,0,none,0,0,0,0,0,0,0,0,0,-1,-1,0,0,0
loss_30,ideal_atomic,14138,1,0,0,0,0,none,0,0,0,0,0,0,0,0,0,0,-1,0,1,1
loss_30,command_once,14138,1,0,0,0,0,none,3,0,0,3,0,3,4,12,0,4,-1,0,1,1
loss_30,confirmed_once,14138,0,1,0,2,0,COMMIT,10,2,0,8,0,6,73,286,0,-1,-1,4,0,1
loss_30,confirmed_retry,14138,1,0,0,0,1,COMMIT,25,5,0,20,0,14,6,12,0,12,18,4,1,1
loss_30,fixed,14139,0,0,1,0,0,none,0,0,0,0,0,0,0,0,0,-1,-1,0,0,0
loss_30,ideal_atomic,14139,1,0,0,0,0,none,0,0,0,0,0,0,0,0,0,0,-1,0,1,1
loss_30,command_once,14139,0,1,0,0,0,none,3,3,0,0,0,3,80,160,0,-1,-1,0,0,1
loss_30,confirmed_once,14139,0,0,1,0,1,ABORT,9,3,0,6,0,6,0,0,0,-1,24,1,0,0
loss_30,confirmed_retry,14139,0,0,1,0,1,ABORT,25,10,0,15,0,17,0,0,0,-1,24,3,0,0
loss_30,fixed,14140,0,0,1,0,0,none,0,0,0,0,0,0,0,0,0,-1,-1,0,0,0
loss_30,ideal_atomic,14140,1,0,0,0,0,none,0,0,0,0,0,0,0,0,0,0,-1,0,1,1
loss_30,command_once,14140,0,1,0,0,0,none,3,1,0,2,0,3,80,160,0,-1,-1,0,0,1
loss_30,confirmed_once,14140,0,0,1,1,0,ABORT,9,4,0,5,0,6,0,0,0,-1,-1,3,0,0
loss_30,confirmed_retry,14140,1,0,0,0,1,COMMIT,31,8,0,23,0,18,4,8,0,15,26,4,1,1
loss_30,fixed,14141,0,0,1,0,0,none,0,0,0,0,0,0,0,0,0,-1,-1,0,0,0
loss_30,ideal_atomic,14141,1,0,0,0,0,none,0,0,0,0,0,0,0,0,0,0,-1,0,1,1
loss_30,command_once,14141,0,1,0,0,0,none,3,1,0,2,0,3,80,162,0,-1,-1,0,1,1
loss_30,confirmed_once,14141,0,0,1,2,0,ABORT,9,3,0,6,0,6,0,0,0,-1,-1,3,0,0
loss_30,confirmed_retry,14141,1,0,0,0,1,COMMIT,23,3,0,20,0,13,3,6,0,13,17,4,1,1
loss_30,fixed,14142,0,0,1,0,0,none,0,0,0,0,0,0,0,0,0,-1,-1,0,0,0
loss_30,ideal_atomic,14142,1,0,0,0,0,none,0,0,0,0,0,0,0,0,0,0,-1,0,1,1
loss_30,command_once,14142,0,1,0,0,0,none,3,1,0,2,0,3,80,160,0,-1,-1,0,1,1
loss_30,confirmed_once,14142,0,0,1,0,0,ABORT,10,2,0,8,0,6,0,0,0,-1,-1,3,0,0
loss_30,confirmed_retry,14142,1,0,0,0,1,COMMIT,23,6,0,17,0,13,5,10,0,21,22,4,1,1
loss_30,fixed,14143,0,0,1,0,0,none,0,0,0,0,0,0,0,0,0,-1,-1,0,0,0
loss_30,ideal_atomic,14143,1,0,0,0,0,none,0,0,0,0,0,0,0,0,0,0,-1,0,1,1
loss_30,command_once,14143,0,1,0,0,0,none,3,1,0,2,0,3,80,166,0,-1,-1,0,0,1
loss_30,confirmed_once,14143,0,0,1,2,0,ABORT,9,6,0,3,0,6,0,0,0,-1,-1,3,0,0
loss_30,confirmed_retry,14143,0,0,1,0,1,ABORT,28,11,0,17,0,18,0,0,0,-1,27,4,0,0
loss_30,fixed,14144,0,0,1,0,0,none,0,0,0,0,0,0,0,0,0,-1,-1,0,0,0
loss_30,ideal_atomic,14144,1,0,0,0,0,none,0,0,0,0,0,0,0,0,0,0,-1,0,1,1
loss_30,command_once,14144,0,1,0,0,0,none,3,1,0,2,0,3,80,160,0,-1,-1,0,0,1
loss_30,confirmed_once,14144,0,0,1,0,0,ABORT,11,2,0,9,0,6,0,0,0,-1,-1,3,0,0
loss_30,confirmed_retry,14144,1,0,0,0,1,COMMIT,33,10,0,23,0,19,6,18,0,17,27,4,1,1
loss_30,fixed,14145,0,0,1,0,0,none,0,0,0,0,0,0,0,0,0,-1,-1,0,0,0
loss_30,ideal_atomic,14145,1,0,0,0,0,none,0,0,0,0,0,0,0,0,0,0,-1,0,1,1
loss_30,command_once,14145,0,1,0,0,0,none,3,1,0,2,0,3,80,160,0,-1,-1,0,1,1
loss_30,confirmed_once,14145,0,0,1,1,0,ABORT,10,4,0,6,0,6,0,0,0,-1,-1,3,0,0
loss_30,confirmed_retry,14145,0,0,1,0,1,ABORT,31,11,0,20,0,19,0,0,0,-1,33,4,0,0
loss_30,fixed,14146,0,0,1,0,0,none,0,0,0,0,0,0,0,0,0,-1,-1,0,0,0
loss_30,ideal_atomic,14146,1,0,0,0,0,none,0,0,0,0,0,0,0,0,0,0,-1,0,1,1
loss_30,command_once,14146,0,1,0,0,0,none,3,1,0,2,0,3,80,160,0,-1,-1,0,0,1
loss_30,confirmed_once,14146,0,0,1,0,0,ABORT,10,3,0,7,0,6,0,0,0,-1,-1,3,0,0
loss_30,confirmed_retry,14146,0,0,1,0,1,ABORT,20,7,0,13,0,12,0,0,0,-1,27,4,0,0
loss_30,fixed,14147,0,0,1,0,0,none,0,0,0,0,0,0,0,0,0,-1,-1,0,0,0
loss_30,ideal_atomic,14147,1,0,0,0,0,none,0,0,0,0,0,0,0,0,0,0,-1,0,1,1
loss_30,command_once,14147,1,0,0,0,0,none,3,0,0,3,0,3,3,6,0,3,-1,0,1,1
loss_30,confirmed_once,14147,0,0,1,2,0,ABORT,10,5,0,5,0,6,0,0,0,-1,-1,4,0,0
loss_30,confirmed_retry,14147,0,0,1,0,1,ABORT,27,11,0,16,0,16,0,0,0,-1,30,4,0,0
loss_30,fixed,14148,0,0,1,0,0,none,0,0,0,0,0,0,0,0,0,-1,-1,0,0,0
loss_30,ideal_atomic,14148,1,0,0,0,0,none,0,0,0,0,0,0,0,0,0,0,-1,0,1,1
loss_30,command_once,14148,0,1,0,0,0,none,3,3,0,0,0,3,80,160,0,-1,-1,0,0,1
loss_30,confirmed_once,14148,0,0,1,0,0,ABORT,8,4,0,4,0,6,0,0,0,-1,-1,1,0,0
loss_30,confirmed_retry,14148,0,0,1,0,1,ABORT,28,12,0,16,0,18,0,0,0,-1,29,4,0,0
loss_30,fixed,14149,0,0,1,0,0,none,0,0,0,0,0,0,0,0,0,-1,-1,0,0,0
loss_30,ideal_atomic,14149,1,0,0,0,0,none,0,0,0,0,0,0,0,0,0,0,-1,0,1,1
loss_30,command_once,14149,0,1,0,0,0,none,3,1,0,2,0,3,80,160,0,-1,-1,0,1,1
loss_30,confirmed_once,14149,0,0,1,0,0,ABORT,10,2,0,8,0,6,0,0,0,-1,-1,3,0,0
loss_30,confirmed_retry,14149,1,0,0,0,1,COMMIT,23,2,0,21,0,12,3,6,0,10,12,4,1,1
loss_30,fixed,14150,0,0,1,0,0,none,0,0,0,0,0,0,0,0,0,-1,-1,0,0,0
loss_30,ideal_atomic,14150,1,0,0,0,0,none,0,0,0,0,0,0,0,0,0,0,-1,0,1,1
loss_30,command_once,14150,0,1,0,0,0,none,3,1,0,2,0,3,80,160,0,-1,-1,0,0,1
loss_30,confirmed_once,14150,0,0,1,0,0,ABORT,11,3,0,8,0,6,0,0,0,-1,-1,3,0,0
loss_30,confirmed_retry,14150,1,0,0,0,1,COMMIT,32,6,0,26,0,17,4,8,0,18,25,4,1,1
loss_30,fixed,14151,0,0,1,0,0,none,0,0,0,0,0,0,0,0,0,-1,-1,0,0,0
loss_30,ideal_atomic,14151,1,0,0,0,0,none,0,0,0,0,0,0,0,0,0,0,-1,0,1,1
loss_30,command_once,14151,0,1,0,0,0,none,3,1,0,2,0,3,80,162,0,-1,-1,0,0,1
loss_30,confirmed_once,14151,0,0,1,0,0,ABORT,11,2,0,9,0,6,0,0,0,-1,-1,3,0,0
loss_30,confirmed_retry,14151,1,0,0,0,1,COMMIT,26,9,0,17,0,16,10,20,0,20,21,4,1,1
loss_30,fixed,14152,0,0,1,0,0,none,0,0,0,0,0,0,0,0,0,-1,-1,0,0,0
loss_30,ideal_atomic,14152,1,0,0,0,0,none,0,0,0,0,0,0,0,0,0,0,-1,0,1,1
loss_30,command_once,14152,0,1,0,0,0,none,3,1,0,2,0,3,80,160,0,-1,-1,0,1,1
loss_30,confirmed_once,14152,0,0,1,0,0,ABORT,10,3,0,7,0,6,0,0,0,-1,-1,3,0,0
loss_30,confirmed_retry,14152,1,0,0,0,1,COMMIT,27,7,0,20,0,16,9,18,0,21,24,4,1,1
loss_30,fixed,14153,0,0,1,0,0,none,0,0,0,0,0,0,0,0,0,-1,-1,0,0,0
loss_30,ideal_atomic,14153,1,0,0,0,0,none,0,0,0,0,0,0,0,0,0,0,-1,0,1,1
loss_30,command_once,14153,0,1,0,0,0,none,3,1,0,2,0,3,80,160,0,-1,-1,0,1,1
loss_30,confirmed_once,14153,0,0,1,0,0,ABORT,10,4,0,6,0,6,0,0,0,-1,-1,3,0,0
loss_30,confirmed_retry,14153,1,0,0,0,1,COMMIT,32,11,0,21,0,18,12,24,0,28,32,4,1,1
loss_30,fixed,14154,0,0,1,0,0,none,0,0,0,0,0,0,0,0,0,-1,-1,0,0,0
loss_30,ideal_atomic,14154,1,0,0,0,0,none,0,0,0,0,0,0,0,0,0,0,-1,0,1,1
loss_30,command_once,14154,1,0,0,0,0,none,3,0,0,3,0,3,4,8,0,4,-1,0,1,1
loss_30,confirmed_once,14154,0,0,1,1,0,ABORT,11,2,0,9,0,6,0,0,0,-1,-1,4,0,0
loss_30,confirmed_retry,14154,1,0,0,0,1,COMMIT,24,5,0,19,0,13,5,10,0,12,20,4,1,1
loss_30,fixed,14155,0,0,1,0,0,none,0,0,0,0,0,0,0,0,0,-1,-1,0,0,0
loss_30,ideal_atomic,14155,1,0,0,0,0,none,0,0,0,0,0,0,0,0,0,0,-1,0,1,1
loss_30,command_once,14155,0,1,0,0,0,none,3,1,0,2,0,3,80,166,0,-1,-1,0,0,1
loss_30,confirmed_once,14155,0,0,1,1,0,ABORT,10,4,0,6,0,6,0,0,0,-1,-1,3,0,0
loss_30,confirmed_retry,14155,1,0,0,0,1,COMMIT,26,7,0,19,0,15,4,12,0,14,24,4,1,1
loss_30,fixed,14156,0,0,1,0,0,none,0,0,0,0,0,0,0,0,0,-1,-1,0,0,0
loss_30,ideal_atomic,14156,1,0,0,0,0,none,0,0,0,0,0,0,0,0,0,0,-1,0,1,1
loss_30,command_once,14156,0,1,0,0,0,none,3,2,0,1,0,3,80,312,0,-1,-1,0,0,1
loss_30,confirmed_once,14156,0,0,1,0,1,ABORT,10,2,0,8,0,6,0,0,0,-1,22,2,0,0
loss_30,confirmed_retry,14156,1,0,0,0,1,COMMIT,24,7,0,17,0,14,2,4,0,13,17,4,1,1
loss_30,fixed,14157,0,0,1,0,0,none,0,0,0,0,0,0,0,0,0,-1,-1,0,0,0
loss_30,ideal_atomic,14157,1,0,0,0,0,none,0,0,0,0,0,0,0,0,0,0,-1,0,1,1
loss_30,command_once,14157,1,0,0,0,0,none,3,0,0,3,0,3,3,6,0,3,-1,0,1,1
loss_30,confirmed_once,14157,0,1,0,1,0,COMMIT,11,1,0,10,0,6,75,156,0,-1,-1,4,0,1
loss_30,confirmed_retry,14157,1,0,0,0,1,COMMIT,19,4,0,15,0,11,8,22,0,13,17,4,1,1
loss_30,fixed,14158,0,0,1,0,0,none,0,0,0,0,0,0,0,0,0,-1,-1,0,0,0
loss_30,ideal_atomic,14158,1,0,0,0,0,none,0,0,0,0,0,0,0,0,0,0,-1,0,1,1
loss_30,command_once,14158,0,1,0,0,0,none,3,1,0,2,0,3,80,166,0,-1,-1,0,1,1
loss_30,confirmed_once,14158,0,0,1,0,1,ABORT,11,2,0,9,0,6,0,0,0,-1,22,3,0,0
loss_30,confirmed_retry,14158,1,0,0,0,1,COMMIT,30,8,0,22,0,17,4,8,0,18,22,4,1,1
loss_30,fixed,14159,0,0,1,0,0,none,0,0,0,0,0,0,0,0,0,-1,-1,0,0,0
loss_30,ideal_atomic,14159,1,0,0,0,0,none,0,0,0,0,0,0,0,0,0,0,-1,0,1,1
loss_30,command_once,14159,1,0,0,0,0,none,3,0,0,3,0,3,4,8,0,4,-1,0,1,1
loss_30,confirmed_once,14159,0,0,1,1,0,ABORT,11,3,0,8,0,6,0,0,0,-1,-1,4,0,0
loss_30,confirmed_retry,14159,0,0,1,0,1,ABORT,32,12,0,20,0,19,0,0,0,-1,44,4,0,0
loss_30,fixed,14160,0,0,1,0,0,none,0,0,0,0,0,0,0,0,0,-1,-1,0,0,0
loss_30,ideal_atomic,14160,1,0,0,0,0,none,0,0,0,0,0,0,0,0,0,0,-1,0,1,1
loss_30,command_once,14160,0,1,0,0,0,none,3,1,0,2,0,3,80,164,0,-1,-1,0,1,1
loss_30,confirmed_once,14160,0,0,1,1,0,ABORT,10,3,0,7,0,6,0,0,0,-1,-1,3,0,0
loss_30,confirmed_retry,14160,1,0,0,0,1,COMMIT,29,6,0,23,0,17,14,30,0,24,28,4,1,1
loss_30,fixed,14161,0,0,1,0,0,none,0,0,0,0,0,0,0,0,0,-1,-1,0,0,0
loss_30,ideal_atomic,14161,1,0,0,0,0,none,0,0,0,0,0,0,0,0,0,0,-1,0,1,1
loss_30,command_once,14161,0,1,0,0,0,none,3,1,0,2,0,3,80,162,0,-1,-1,0,0,1
loss_30,confirmed_once,14161,0,0,1,0,0,ABORT,10,3,0,7,0,6,0,0,0,-1,-1,3,0,0
loss_30,confirmed_retry,14161,1,0,0,0,1,COMMIT,17,5,0,12,0,11,5,10,0,11,12,4,1,1
loss_30,fixed,14162,0,0,1,0,0,none,0,0,0,0,0,0,0,0,0,-1,-1,0,0,0
loss_30,ideal_atomic,14162,1,0,0,0,0,none,0,0,0,0,0,0,0,0,0,0,-1,0,1,1
loss_30,command_once,14162,0,1,0,0,0,none,3,2,0,1,0,3,80,160,0,-1,-1,0,0,1
loss_30,confirmed_once,14162,0,0,1,1,0,ABORT,9,3,0,6,0,6,0,0,0,-1,-1,2,0,0
loss_30,confirmed_retry,14162,1,0,0,0,1,COMMIT,29,14,0,15,0,20,17,34,0,32,36,4,1,1
loss_30,fixed,14163,0,0,1,0,0,none,0,0,0,0,0,0,0,0,0,-1,-1,0,0,0
loss_30,ideal_atomic,14163,1,0,0,0,0,none,0,0,0,0,0,0,0,0,0,0,-1,0,1,1
loss_30,command_once,14163,0,1,0,0,0,none,3,1,0,2,0,3,80,164,0,-1,-1,0,1,1
loss_30,confirmed_once,14163,0,0,1,1,0,ABORT,9,4,0,5,0,6,0,0,0,-1,-1,3,0,0
loss_30,confirmed_retry,14163,1,0,0,0,1,COMMIT,27,11,0,16,0,17,11,32,0,27,28,4,1,1
loss_30,fixed,14164,0,0,1,0,0,none,0,0,0,0,0,0,0,0,0,-1,-1,0,0,0
loss_30,ideal_atomic,14164,1,0,0,0,0,none,0,0,0,0,0,0,0,0,0,0,-1,0,1,1
loss_30,command_once,14164,0,1,0,0,0,none,3,1,0,2,0,3,80,160,0,-1,-1,0,1,1
loss_30,confirmed_once,14164,0,0,1,0,0,ABORT,11,2,0,9,0,6,0,0,0,-1,-1,3,0,0
loss_30,confirmed_retry,14164,1,0,0,0,1,COMMIT,25,5,0,20,0,14,4,8,0,13,20,4,1,1
loss_30,fixed,14165,0,0,1,0,0,none,0,0,0,0,0,0,0,0,0,-1,-1,0,0,0
loss_30,ideal_atomic,14165,1,0,0,0,0,none,0,0,0,0,0,0,0,0,0,0,-1,0,1,1
loss_30,command_once,14165,1,0,0,0,0,none,3,0,0,3,0,3,4,8,0,4,-1,0,1,1
loss_30,confirmed_once,14165,0,0,1,0,0,ABORT,12,2,0,10,0,6,0,0,0,-1,-1,4,0,0
loss_30,confirmed_retry,14165,1,0,0,0,1,COMMIT,27,8,0,19,0,15,7,18,0,18,22,4,1,1
loss_30,fixed,14166,0,0,1,0,0,none,0,0,0,0,0,0,0,0,0,-1,-1,0,0,0
loss_30,ideal_atomic,14166,1,0,0,0,0,none,0,0,0,0,0,0,0,0,0,0,-1,0,1,1
loss_30,command_once,14166,0,1,0,0,0,none,3,2,0,1,0,3,80,160,0,-1,-1,0,0,1
loss_30,confirmed_once,14166,0,0,1,0,0,ABORT,9,5,0,4,0,6,0,0,0,-1,-1,2,0,0
loss_30,confirmed_retry,14166,1,0,0,0,1,COMMIT,27,11,0,16,0,17,16,32,0,28,36,4,1,1
loss_30,fixed,14167,0,0,1,0,0,none,0,0,0,0,0,0,0,0,0,-1,-1,0,0,0
loss_30,ideal_atomic,14167,1,0,0,0,0,none,0,0,0,0,0,0,0,0,0,0,-1,0,1,1
loss_30,command_once,14167,0,1,0,0,0,none,3,1,0,2,0,3,80,160,0,-1,-1,0,1,1
loss_30,confirmed_once,14167,0,0,1,1,0,ABORT,9,4,0,5,0,6,0,0,0,-1,-1,3,0,0
loss_30,confirmed_retry,14167,1,0,0,0,1,COMMIT,33,12,0,21,0,20,3,6,0,14,30,4,1,1
loss_30,fixed,14168,0,0,1,0,0,none,0,0,0,0,0,0,0,0,0,-1,-1,0,0,0
loss_30,ideal_atomic,14168,1,0,0,0,0,none,0,0,0,0,0,0,0,0,0,0,-1,0,1,1
loss_30,command_once,14168,0,1,0,0,0,none,3,1,0,2,0,3,80,160,0,-1,-1,0,1,1
loss_30,confirmed_once,14168,0,0,1,1,0,ABORT,10,3,0,7,0,6,0,0,0,-1,-1,3,0,0
loss_30,confirmed_retry,14168,0,0,1,0,1,ABORT,27,9,0,18,0,17,0,0,0,-1,32,3,0,0
loss_30,fixed,14169,0,0,1,0,0,none,0,0,0,0,0,0,0,0,0,-1,-1,0,0,0
loss_30,ideal_atomic,14169,1,0,0,0,0,none,0,0,0,0,0,0,0,0,0,0,-1,0,1,1
loss_30,command_once,14169,0,1,0,0,0,none,3,1,0,2,0,3,80,160,0,-1,-1,0,1,1
loss_30,confirmed_once,14169,0,0,1,1,0,ABORT,10,3,0,7,0,6,0,0,0,-1,-1,3,0,0
loss_30,confirmed_retry,14169,1,0,0,0,1,COMMIT,27,9,0,18,0,16,2,6,0,16,27,4,1,1
loss_30,fixed,14170,0,0,1,0,0,none,0,0,0,0,0,0,0,0,0,-1,-1,0,0,0
loss_30,ideal_atomic,14170,1,0,0,0,0,none,0,0,0,0,0,0,0,0,0,0,-1,0,1,1
loss_30,command_once,14170,0,1,0,0,0,none,3,2,0,1,0,3,80,160,0,-1,-1,0,1,1
loss_30,confirmed_once,14170,0,0,1,0,0,ABORT,10,4,0,6,0,6,0,0,0,-1,-1,2,0,0
loss_30,confirmed_retry,14170,0,0,1,0,1,ABORT,28,10,0,18,0,16,0,0,0,-1,26,4,0,0
loss_30,fixed,14171,0,0,1,0,0,none,0,0,0,0,0,0,0,0,0,-1,-1,0,0,0
loss_30,ideal_atomic,14171,1,0,0,0,0,none,0,0,0,0,0,0,0,0,0,0,-1,0,1,1
loss_30,command_once,14171,0,1,0,0,0,none,3,1,0,2,0,3,80,164,0,-1,-1,0,1,1
loss_30,confirmed_once,14171,0,0,1,1,0,ABORT,10,3,0,7,0,6,0,0,0,-1,-1,3,0,0
loss_30,confirmed_retry,14171,1,0,0,0,1,COMMIT,26,9,0,17,0,16,10,20,0,23,25,4,1,1
loss_30,fixed,14172,0,0,1,0,0,none,0,0,0,0,0,0,0,0,0,-1,-1,0,0,0
loss_30,ideal_atomic,14172,1,0,0,0,0,none,0,0,0,0,0,0,0,0,0,0,-1,0,1,1
loss_30,command_once,14172,0,1,0,0,0,none,3,1,0,2,0,3,80,160,0,-1,-1,0,1,1
loss_30,confirmed_once,14172,0,0,1,0,0,ABORT,10,3,0,7,0,6,0,0,0,-1,-1,3,0,0
loss_30,confirmed_retry,14172,0,0,1,0,1,ABORT,24,9,0,15,0,15,0,0,0,-1,23,4,0,0
loss_30,fixed,14173,0,0,1,0,0,none,0,0,0,0,0,0,0,0,0,-1,-1,0,0,0
loss_30,ideal_atomic,14173,1,0,0,0,0,none,0,0,0,0,0,0,0,0,0,0,-1,0,1,1
loss_30,command_once,14173,0,1,0,0,0,none,3,2,0,1,0,3,80,160,0,-1,-1,0,0,1
loss_30,confirmed_once,14173,0,0,1,1,0,ABORT,9,4,0,5,0,6,0,0,0,-1,-1,2,0,0
loss_30,confirmed_retry,14173,0,0,1,0,1,ABORT,29,8,0,21,0,17,0,0,0,-1,30,4,0,0
loss_30,fixed,14174,0,0,1,0,0,none,0,0,0,0,0,0,0,0,0,-1,-1,0,0,0
loss_30,ideal_atomic,14174,1,0,0,0,0,none,0,0,0,0,0,0,0,0,0,0,-1,0,1,1
loss_30,command_once,14174,0,1,0,0,0,none,3,2,0,1,0,3,80,160,0,-1,-1,0,1,1
loss_30,confirmed_once,14174,0,0,1,0,0,ABORT,10,3,0,7,0,6,0,0,0,-1,-1,2,0,0
loss_30,confirmed_retry,14174,1,0,0,0,1,COMMIT,20,3,0,17,0,11,4,12,0,16,19,4,1,1
loss_30,fixed,14175,0,0,1,0,0,none,0,0,0,0,0,0,0,0,0,-1,-1,0,0,0
loss_30,ideal_atomic,14175,1,0,0,0,0,none,0,0,0,0,0,0,0,0,0,0,-1,0,1,1
loss_30,command_once,14175,0,1,0,0,0,none,3,2,0,1,0,3,80,160,0,-1,-1,0,1,1
loss_30,confirmed_once,14175,0,0,1,1,0,ABORT,8,5,0,3,0,6,0,0,0,-1,-1,2,0,0
loss_30,confirmed_retry,14175,1,0,0,0,1,COMMIT,31,12,0,19,0,19,7,14,0,23,31,4,1,1
loss_30,fixed,14176,0,0,1,0,0,none,0,0,0,0,0,0,0,0,0,-1,-1,0,0,0
loss_30,ideal_atomic,14176,1,0,0,0,0,none,0,0,0,0,0,0,0,0,0,0,-1,0,1,1
loss_30,command_once,14176,1,0,0,0,0,none,3,0,0,3,0,3,4,8,0,4,-1,0,1,1
loss_30,confirmed_once,14176,0,0,1,1,0,ABORT,11,3,0,8,0,6,0,0,0,-1,-1,4,0,0
loss_30,confirmed_retry,14176,1,0,0,0,1,COMMIT,25,7,0,18,0,14,6,12,0,16,19,4,1,1
loss_30,fixed,14177,0,0,1,0,0,none,0,0,0,0,0,0,0,0,0,-1,-1,0,0,0
loss_30,ideal_atomic,14177,1,0,0,0,0,none,0,0,0,0,0,0,0,0,0,0,-1,0,1,1
loss_30,command_once,14177,0,1,0,0,0,none,3,2,0,1,0,3,80,160,0,-1,-1,0,0,1
loss_30,confirmed_once,14177,0,0,1,1,0,ABORT,8,5,0,3,0,6,0,0,0,-1,-1,2,0,0
loss_30,confirmed_retry,14177,0,0,1,0,1,ABORT,28,12,0,16,0,18,0,0,0,-1,29,3,0,0
loss_30,fixed,14178,0,0,1,0,0,none,0,0,0,0,0,0,0,0,0,-1,-1,0,0,0
loss_30,ideal_atomic,14178,1,0,0,0,0,none,0,0,0,0,0,0,0,0,0,0,-1,0,1,1
loss_30,command_once,14178,1,0,0,0,0,none,3,0,0,3,0,3,4,10,0,4,-1,0,1,1
loss_30,confirmed_once,14178,0,1,0,2,0,COMMIT,10,2,0,8,0,6,73,290,0,-1,-1,4,0,1
loss_30,confirmed_retry,14178,1,0,0,0,1,COMMIT,25,7,0,18,0,15,8,22,0,15,23,4,1,1
loss_30,fixed,14179,0,0,1,0,0,none,0,0,0,0,0,0,0,0,0,-1,-1,0,0,0
loss_30,ideal_atomic,14179,1,0,0,0,0,none,0,0,0,0,0,0,0,0,0,0,-1,0,1,1
loss_30,command_once,14179,0,1,0,0,0,none,3,1,0,2,0,3,80,160,0,-1,-1,0,1,1
loss_30,confirmed_once,14179,0,0,1,0,0,ABORT,11,4,0,7,0,6,0,0,0,-1,-1,3,0,0
loss_30,confirmed_retry,14179,1,0,0,0,1,COMMIT,29,9,0,20,0,16,4,8,0,17,23,4,1,1
loss_30,fixed,14180,0,0,1,0,0,none,0,0,0,0,0,0,0,0,0,-1,-1,0,0,0
loss_30,ideal_atomic,14180,1,0,0,0,0,none,0,0,0,0,0,0,0,0,0,0,-1,0,1,1
loss_30,command_once,14180,0,1,0,0,0,none,3,1,0,2,0,3,80,166,0,-1,-1,0,1,1
loss_30,confirmed_once,14180,0,0,1,1,0,ABORT,9,3,0,6,0,6,0,0,0,-1,-1,3,0,0
loss_30,confirmed_retry,14180,0,0,1,0,1,ABORT,31,12,0,19,0,18,0,0,0,-1,35,4,0,0
loss_30,fixed,14181,0,0,1,0,0,none,0,0,0,0,0,0,0,0,0,-1,-1,0,0,0
loss_30,ideal_atomic,14181,1,0,0,0,0,none,0,0,0,0,0,0,0,0,0,0,-1,0,1,1
loss_30,command_once,14181,0,1,0,0,0,none,3,2,0,1,0,3,80,160,0,-1,-1,0,0,1
loss_30,confirmed_once,14181,0,0,1,0,0,ABORT,10,3,0,7,0,6,0,0,0,-1,-1,2,0,0
loss_30,confirmed_retry,14181,1,0,0,0,1,COMMIT,25,6,0,19,0,14,2,4,0,15,22,4,1,1
loss_30,fixed,14182,0,0,1,0,0,none,0,0,0,0,0,0,0,0,0,-1,-1,0,0,0
loss_30,ideal_atomic,14182,1,0,0,0,0,none,0,0,0,0,0,0,0,0,0,0,-1,0,1,1
loss_30,command_once,14182,1,0,0,0,0,none,3,0,0,3,0,3,3,6,0,3,-1,0,1,1
loss_30,confirmed_once,14182,0,0,1,1,0,ABORT,11,4,0,7,0,6,0,0,0,-1,-1,4,0,0
loss_30,confirmed_retry,14182,0,0,1,0,1,ABORT,29,10,0,19,0,16,0,0,0,-1,30,4,0,0
loss_30,fixed,14183,0,0,1,0,0,none,0,0,0,0,0,0,0,0,0,-1,-1,0,0,0
loss_30,ideal_atomic,14183,1,0,0,0,0,none,0,0,0,0,0,0,0,0,0,0,-1,0,1,1
loss_30,command_once,14183,0,1,0,0,0,none,3,1,0,2,0,3,80,166,0,-1,-1,0,1,1
loss_30,confirmed_once,14183,0,0,1,2,0,ABORT,9,3,0,6,0,6,0,0,0,-1,-1,3,0,0
loss_30,confirmed_retry,14183,1,0,0,0,1,COMMIT,28,10,0,18,0,17,6,12,0,22,29,4,1,1
loss_30,fixed,14184,0,0,1,0,0,none,0,0,0,0,0,0,0,0,0,-1,-1,0,0,0
loss_30,ideal_atomic,14184,1,0,0,0,0,none,0,0,0,0,0,0,0,0,0,0,-1,0,1,1
loss_30,command_once,14184,0,1,0,0,0,none,3,1,0,2,0,3,80,160,0,-1,-1,0,1,1
loss_30,confirmed_once,14184,0,0,1,2,0,ABORT,8,5,0,3,0,6,0,0,0,-1,-1,3,0,0
loss_30,confirmed_retry,14184,0,0,1,0,1,ABORT,27,10,0,17,0,18,0,0,0,-1,27,3,0,0
loss_30,fixed,14185,0,0,1,0,0,none,0,0,0,0,0,0,0,0,0,-1,-1,0,0,0
loss_30,ideal_atomic,14185,1,0,0,0,0,none,0,0,0,0,0,0,0,0,0,0,-1,0,1,1
loss_30,command_once,14185,1,0,0,0,0,none,3,0,0,3,0,3,4,8,0,4,-1,0,1,1
loss_30,confirmed_once,14185,0,0,1,1,0,ABORT,11,3,0,8,0,6,0,0,0,-1,-1,4,0,0
loss_30,confirmed_retry,14185,1,0,0,0,1,COMMIT,24,4,0,20,0,13,2,4,0,12,17,4,1,1
loss_30,fixed,14186,0,0,1,0,0,none,0,0,0,0,0,0,0,0,0,-1,-1,0,0,0
loss_30,ideal_atomic,14186,1,0,0,0,0,none,0,0,0,0,0,0,0,0,0,0,-1,0,1,1
loss_30,command_once,14186,0,1,0,0,0,none,3,1,0,2,0,3,80,160,0,-1,-1,0,0,1
loss_30,confirmed_once,14186,0,0,1,0,1,ABORT,11,2,0,9,0,6,0,0,0,-1,23,3,0,0
loss_30,confirmed_retry,14186,0,0,1,0,1,ABORT,24,9,0,15,0,14,0,0,0,-1,23,4,0,0
loss_30,fixed,14187,0,0,1,0,0,none,0,0,0,0,0,0,0,0,0,-1,-1,0,0,0
loss_30,ideal_atomic,14187,1,0,0,0,0,none,0,0,0,0,0,0,0,0,0,0,-1,0,1,1
loss_30,command_once,14187,0,1,0,0,0,none,3,1,0,2,0,3,80,162,0,-1,-1,0,1,1
loss_30,confirmed_once,14187,0,0,1,0,0,ABORT,10,3,0,7,0,6,0,0,0,-1,-1,3,0,0
loss_30,confirmed_retry,14187,1,0,0,0,1,COMMIT,30,9,0,21,0,17,7,14,0,22,26,4,1,1
loss_30,fixed,14188,0,0,1,0,0,none,0,0,0,0,0,0,0,0,0,-1,-1,0,0,0
loss_30,ideal_atomic,14188,1,0,0,0,0,none,0,0,0,0,0,0,0,0,0,0,-1,0,1,1
loss_30,command_once,14188,0,1,0,0,0,none,3,1,0,2,0,3,80,160,0,-1,-1,0,1,1
loss_30,confirmed_once,14188,0,0,1,1,0,ABORT,9,4,0,5,0,6,0,0,0,-1,-1,3,0,0
loss_30,confirmed_retry,14188,1,0,0,0,1,COMMIT,24,6,0,18,0,14,4,8,0,14,19,4,1,1
loss_30,fixed,14189,0,0,1,0,0,none,0,0,0,0,0,0,0,0,0,-1,-1,0,0,0
loss_30,ideal_atomic,14189,1,0,0,0,0,none,0,0,0,0,0,0,0,0,0,0,-1,0,1,1
loss_30,command_once,14189,0,1,0,0,0,none,3,1,0,2,0,3,80,162,0,-1,-1,0,0,1
loss_30,confirmed_once,14189,0,0,1,0,0,ABORT,11,3,0,8,0,6,0,0,0,-1,-1,3,0,0
loss_30,confirmed_retry,14189,1,0,0,0,1,COMMIT,34,11,0,23,0,20,6,12,0,20,29,4,1,1
loss_30,fixed,14190,0,0,1,0,0,none,0,0,0,0,0,0,0,0,0,-1,-1,0,0,0
loss_30,ideal_atomic,14190,1,0,0,0,0,none,0,0,0,0,0,0,0,0,0,0,-1,0,1,1
loss_30,command_once,14190,0,1,0,0,0,none,3,2,0,1,0,3,80,160,0,-1,-1,0,0,1
loss_30,confirmed_once,14190,0,0,1,1,0,ABORT,9,4,0,5,0,6,0,0,0,-1,-1,2,0,0
loss_30,confirmed_retry,14190,1,0,0,0,1,COMMIT,30,12,0,18,0,20,12,24,0,24,32,4,1,1
loss_30,fixed,14191,0,0,1,0,0,none,0,0,0,0,0,0,0,0,0,-1,-1,0,0,0
loss_30,ideal_atomic,14191,1,0,0,0,0,none,0,0,0,0,0,0,0,0,0,0,-1,0,1,1
loss_30,command_once,14191,1,0,0,0,0,none,3,0,0,3,0,3,1,2,0,1,-1,0,1,1
loss_30,confirmed_once,14191,1,0,0,0,0,COMMIT,12,2,0,10,0,6,4,12,0,9,-1,4,1,1
loss_30,confirmed_retry,14191,1,0,0,0,1,COMMIT,23,4,0,19,0,12,4,12,0,9,19,4,1,1
loss_30,fixed,14192,0,0,1,0,0,none,0,0,0,0,0,0,0,0,0,-1,-1,0,0,0
loss_30,ideal_atomic,14192,1,0,0,0,0,none,0,0,0,0,0,0,0,0,0,0,-1,0,1,1
loss_30,command_once,14192,0,1,0,0,0,none,3,1,0,2,0,3,80,160,0,-1,-1,0,1,1
loss_30,confirmed_once,14192,0,0,1,0,0,ABORT,11,3,0,8,0,6,0,0,0,-1,-1,3,0,0
loss_30,confirmed_retry,14192,1,0,0,0,1,COMMIT,28,7,0,21,0,16,8,16,0,18,21,4,1,1
loss_30,fixed,14193,0,0,1,0,0,none,0,0,0,0,0,0,0,0,0,-1,-1,0,0,0
loss_30,ideal_atomic,14193,1,0,0,0,0,none,0,0,0,0,0,0,0,0,0,0,-1,0,1,1
loss_30,command_once,14193,0,1,0,0,0,none,3,1,0,2,0,3,80,160,0,-1,-1,0,1,1
loss_30,confirmed_once,14193,0,0,1,0,1,ABORT,11,2,0,9,0,6,0,0,0,-1,22,3,0,0
loss_30,confirmed_retry,14193,1,0,0,0,1,COMMIT,28,4,0,24,0,15,4,8,0,19,20,4,1,1
loss_30,fixed,14194,0,0,1,0,0,none,0,0,0,0,0,0,0,0,0,-1,-1,0,0,0
loss_30,ideal_atomic,14194,1,0,0,0,0,none,0,0,0,0,0,0,0,0,0,0,-1,0,1,1
loss_30,command_once,14194,0,1,0,0,0,none,3,1,0,2,0,3,80,160,0,-1,-1,0,1,1
loss_30,confirmed_once,14194,0,0,1,2,0,ABORT,9,3,0,6,0,6,0,0,0,-1,-1,3,0,0
loss_30,confirmed_retry,14194,1,0,0,0,1,COMMIT,28,11,0,17,0,18,6,12,0,13,25,4,1,1
loss_30,fixed,14195,0,0,1,0,0,none,0,0,0,0,0,0,0,0,0,-1,-1,0,0,0
loss_30,ideal_atomic,14195,1,0,0,0,0,none,0,0,0,0,0,0,0,0,0,0,-1,0,1,1
loss_30,command_once,14195,0,1,0,0,0,none,3,2,0,1,0,3,80,160,0,-1,-1,0,0,1
loss_30,confirmed_once,14195,0,0,1,0,0,ABORT,9,4,0,5,0,6,0,0,0,-1,-1,2,0,0
loss_30,confirmed_retry,14195,0,0,1,0,1,ABORT,28,11,0,17,0,18,0,0,0,-1,28,4,0,0
loss_30,fixed,14196,0,0,1,0,0,none,0,0,0,0,0,0,0,0,0,-1,-1,0,0,0
loss_30,ideal_atomic,14196,1,0,0,0,0,none,0,0,0,0,0,0,0,0,0,0,-1,0,1,1
loss_30,command_once,14196,1,0,0,0,0,none,3,0,0,3,0,3,3,8,0,3,-1,0,1,1
loss_30,confirmed_once,14196,0,1,0,3,0,COMMIT,9,3,0,6,0,6,76,152,0,-1,-1,4,0,1
loss_30,confirmed_retry,14196,1,0,0,0,1,COMMIT,27,11,0,16,0,17,15,30,0,19,23,4,1,1
loss_30,fixed,14197,0,0,1,0,0,none,0,0,0,0,0,0,0,0,0,-1,-1,0,0,0
loss_30,ideal_atomic,14197,1,0,0,0,0,none,0,0,0,0,0,0,0,0,0,0,-1,0,1,1
loss_30,command_once,14197,0,1,0,0,0,none,3,1,0,2,0,3,80,160,0,-1,-1,0,0,1
loss_30,confirmed_once,14197,0,0,1,0,1,ABORT,11,1,0,10,0,6,0,0,0,-1,21,3,0,0
loss_30,confirmed_retry,14197,1,0,0,0,1,COMMIT,24,4,0,20,0,14,7,14,0,20,21,4,1,1
loss_30,fixed,14198,0,0,1,0,0,none,0,0,0,0,0,0,0,0,0,-1,-1,0,0,0
loss_30,ideal_atomic,14198,1,0,0,0,0,none,0,0,0,0,0,0,0,0,0,0,-1,0,1,1
loss_30,command_once,14198,1,0,0,0,0,none,3,0,0,3,0,3,4,8,0,4,-1,0,1,1
loss_30,confirmed_once,14198,0,0,1,1,0,ABORT,11,4,0,7,0,6,0,0,0,-1,-1,4,0,0
loss_30,confirmed_retry,14198,1,0,0,0,1,COMMIT,31,8,0,23,0,17,7,14,0,16,25,4,1,1
loss_30,fixed,14199,0,0,1,0,0,none,0,0,0,0,0,0,0,0,0,-1,-1,0,0,0
loss_30,ideal_atomic,14199,1,0,0,0,0,none,0,0,0,0,0,0,0,0,0,0,-1,0,1,1
loss_30,command_once,14199,0,1,0,0,0,none,3,1,0,2,0,3,80,160,0,-1,-1,0,0,1
loss_30,confirmed_once,14199,0,0,1,0,0,ABORT,11,3,0,8,0,6,0,0,0,-1,-1,3,0,0
loss_30,confirmed_retry,14199,1,0,0,0,1,COMMIT,28,10,0,18,0,17,7,16,0,19,33,4,1,1
loss_duplicates,fixed,14000,0,0,1,0,0,none,0,0,0,0,0,0,0,0,0,-1,-1,0,0,0
loss_duplicates,ideal_atomic,14000,1,0,0,0,0,none,0,0,0,0,0,0,0,0,0,0,-1,0,1,1
loss_duplicates,command_once,14000,0,1,0,0,0,none,3,1,0,2,0,3,80,160,0,-1,-1,0,1,1
loss_duplicates,confirmed_once,14000,0,0,1,0,0,ABORT,11,3,0,8,0,6,0,0,0,-1,-1,3,0,0
loss_duplicates,confirmed_retry,14000,1,0,0,0,1,COMMIT,28,3,4,29,0,14,5,14,0,14,18,4,1,1
loss_duplicates,fixed,14001,0,0,1,0,0,none,0,0,0,0,0,0,0,0,0,-1,-1,0,0,0
loss_duplicates,ideal_atomic,14001,1,0,0,0,0,none,0,0,0,0,0,0,0,0,0,0,-1,0,1,1
loss_duplicates,command_once,14001,1,0,0,0,0,none,3,0,1,4,0,3,4,8,0,4,-1,0,1,1
loss_duplicates,confirmed_once,14001,1,0,0,0,1,COMMIT,14,1,2,15,0,6,4,8,0,11,13,4,1,1
loss_duplicates,confirmed_retry,14001,1,0,0,0,1,COMMIT,29,3,7,33,0,12,4,8,0,11,13,4,1,1
loss_duplicates,fixed,14002,0,0,1,0,0,none,0,0,0,0,0,0,0,0,0,-1,-1,0,0,0
loss_duplicates,ideal_atomic,14002,1,0,0,0,0,none,0,0,0,0,0,0,0,0,0,0,-1,0,1,1
loss_duplicates,command_once,14002,1,0,0,0,0,none,3,0,1,4,0,3,2,6,0,2,-1,0,1,1
loss_duplicates,confirmed_once,14002,0,1,0,1,0,COMMIT,12,1,2,13,0,6,77,154,0,-1,-1,4,1,1
loss_duplicates,confirmed_retry,14002,1,0,0,0,1,COMMIT,21,3,3,21,0,10,4,8,0,7,10,4,1,1
loss_duplicates,fixed,14003,0,0,1,0,0,none,0,0,0,0,0,0,0,0,0,-1,-1,0,0,0
loss_duplicates,ideal_atomic,14003,1,0,0,0,0,none,0,0,0,0,0,0,0,0,0,0,-1,0,1,1
loss_duplicates,command_once,14003,0,1,0,0,0,none,3,1,1,3,0,3,80,162,0,-1,-1,0,1,1
loss_duplicates,confirmed_once,14003,0,0,1,0,1,ABORT,13,1,5,17,0,6,0,0,0,-1,23,3,0,0
loss_duplicates,confirmed_retry,14003,1,0,0,0,1,COMMIT,29,4,10,35,0,14,4,10,0,17,21,4,1,1
loss_duplicates,fixed,14004,0,0,1,0,0,none,0,0,0,0,0,0,0,0,0,-1,-1,0,0,0
loss_duplicates,ideal_atomic,14004,1,0,0,0,0,none,0,0,0,0,0,0,0,0,0,0,-1,0,1,1
loss_duplicates,command_once,14004,1,0,0,0,0,none,3,0,0,3,0,3,4,8,0,4,-1,0,1,1
loss_duplicates,confirmed_once,14004,1,0,0,0,1,COMMIT,15,2,4,17,0,6,3,8,0,11,15,4,1,1
loss_duplicates,confirmed_retry,14004,1,0,0,0,1,COMMIT,23,3,5,25,0,10,3,8,0,11,15,4,1,1
loss_duplicates,fixed,14005,0,0,1,0,0,none,0,0,0,0,0,0,0,0,0,-1,-1,0,0,0
loss_duplicates,ideal_atomic,14005,1,0,0,0,0,none,0,0,0,0,0,0,0,0,0,0,-1,0,1,1
loss_duplicates,command_once,14005,1,0,0,0,0,none,3,0,0,3,0,3,3,8,0,3,-1,0,1,1
loss_duplicates,confirmed_once,14005,0,0,1,0,1,ABORT,13,1,2,14,0,6,0,0,0,-1,23,4,0,0
loss_duplicates,confirmed_retry,14005,1,0,0,0,1,COMMIT,24,2,6,28,0,11,1,2,0,15,19,4,1,1
loss_duplicates,fixed,14006,0,0,1,0,0,none,0,0,0,0,0,0,0,0,0,-1,-1,0,0,0
loss_duplicates,ideal_atomic,14006,1,0,0,0,0,none,0,0,0,0,0,0,0,0,0,0,-1,0,1,1
loss_duplicates,command_once,14006,0,1,0,0,0,none,3,1,0,2,0,3,80,160,0,-1,-1,0,1,1
loss_duplicates,confirmed_once,14006,0,0,1,0,1,ABORT,14,2,4,16,0,6,0,0,0,-1,24,3,0,0
loss_duplicates,confirmed_retry,14006,1,0,0,0,1,COMMIT,25,7,5,23,0,14,8,16,0,15,19,4,1,1
loss_duplicates,fixed,14007,0,0,1,0,0,none,0,0,0,0,0,0,0,0,0,-1,-1,0,0,0
loss_duplicates,ideal_atomic,14007,1,0,0,0,0,none,0,0,0,0,0,0,0,0,0,0,-1,0,1,1
loss_duplicates,command_once,14007,0,1,0,0,0,none,3,1,0,2,0,3,80,162,0,-1,-1,0,1,1
loss_duplicates,confirmed_once,14007,0,0,1,0,1,ABORT,12,1,4,15,0,6,0,0,0,-1,24,3,0,0
loss_duplicates,confirmed_retry,14007,1,0,0,0,1,COMMIT,22,2,5,25,0,11,3,6,0,13,17,4,1,1
loss_duplicates,fixed,14008,0,0,1,0,0,none,0,0,0,0,0,0,0,0,0,-1,-1,0,0,0
loss_duplicates,ideal_atomic,14008,1,0,0,0,0,none,0,0,0,0,0,0,0,0,0,0,-1,0,1,1
loss_duplicates,command_once,14008,0,1,0,0,0,none,3,1,0,2,0,3,80,160,0,-1,-1,0,0,1
loss_duplicates,confirmed_once,14008,0,0,1,0,0,ABORT,12,2,3,13,0,6,0,0,0,-1,-1,3,0,0
loss_duplicates,confirmed_retry,14008,1,0,0,0,1,COMMIT,19,2,2,19,0,10,3,6,0,11,15,4,1,1
loss_duplicates,fixed,14009,0,0,1,0,0,none,0,0,0,0,0,0,0,0,0,-1,-1,0,0,0
loss_duplicates,ideal_atomic,14009,1,0,0,0,0,none,0,0,0,0,0,0,0,0,0,0,-1,0,1,1
loss_duplicates,command_once,14009,0,1,0,0,0,none,3,1,0,2,0,3,80,162,0,-1,-1,0,0,1
loss_duplicates,confirmed_once,14009,0,0,1,2,0,ABORT,9,3,0,6,0,6,0,0,0,-1,-1,3,0,0
loss_duplicates,confirmed_retry,14009,1,0,0,0,1,COMMIT,25,1,6,30,0,11,4,8,0,13,14,4,1,1
loss_duplicates,fixed,14010,0,0,1,0,0,none,0,0,0,0,0,0,0,0,0,-1,-1,0,0,0
loss_duplicates,ideal_atomic,14010,1,0,0,0,0,none,0,0,0,0,0,0,0,0,0,0,-1,0,1,1
loss_duplicates,command_once,14010,1,0,0,0,0,none,3,0,0,3,0,3,3,8,0,3,-1,0,1,1
loss_duplicates,confirmed_once,14010,1,0,0,0,1,COMMIT,12,0,2,14,0,6,1,2,0,6,9,4,1,1
loss_duplicates,confirmed_retry,14010,1,0,0,0,1,COMMIT,18,0,2,20,0,9,1,2,0,6,9,4,1,1
loss_duplicates,fixed,14011,0,0,1,0,0,none,0,0,0,0,0,0,0,0,0,-1,-1,0,0,0
loss_duplicates,ideal_atomic,14011,1,0,0,0,0,none,0,0,0,0,0,0,0,0,0,0,-1,0,1,1
loss_duplicates,command_once,14011,1,0,0,0,0,none,3,0,0,3,0,3,4,8,0,4,-1,0,1,1
loss_duplicates,confirmed_once,14011,0,1,0,1,0,COMMIT,12,1,3,14,0,6,73,146,0,-1,-1,4,1,1
loss_duplicates,confirmed_retry,14011,1,0,0,0,1,COMMIT,33,3,11,41,0,15,6,12,0,13,17,4,1,1
loss_duplicates,fixed,14012,0,0,1,0,0,none,0,0,0,0,0,0,0,0,0,-1,-1,0,0,0
loss_duplicates,ideal_atomic,14012,1,0,0,0,0,none,0,0,0,0,0,0,0,0,0,0,-1,0,1,1
loss_duplicates,command_once,14012,0,1,0,0,0,none,3,1,0,2,0,3,80,160,0,-1,-1,0,1,1
loss_duplicates,confirmed_once,14012,0,0,1,0,1,ABORT,12,1,4,15,0,6,0,0,0,-1,22,3,0,0
loss_duplicates,confirmed_retry,14012,1,0,0,0,1,COMMIT,23,1,6,28,0,11,4,8,0,12,15,4,1,1
loss_duplicates,fixed,14013,0,0,1,0,0,none,0,0,0,0,0,0,0,0,0,-1,-1,0,0,0
loss_duplicates,ideal_atomic,14013,1,0,0,0,0,none,0,0,0,0,0,0,0,0,0,0,-1,0,1,1
loss_duplicates,command_once,14013,1,0,0,0,0,none,3,0,1,4,0,3,3,6,0,3,-1,0,1,1
loss_duplicates,confirmed_once,14013,1,0,0,0,0,COMMIT,13,2,2,13,0,6,4,8,0,10,-1,4,1,1
loss_duplicates,confirmed_retry,14013,1,0,0,0,1,COMMIT,24,2,5,27,0,11,4,8,0,10,13,4,1,1
loss_duplicates,fixed,14014,0,0,1,0,0,none,0,0,0,0,0,0,0,0,0,-1,-1,0,0,0
loss_duplicates,ideal_atomic,14014,1,0,0,0,0,none,0,0,0,0,0,0,0,0,0,0,-1,0,1,1
loss_duplicates,command_once,14014,1,0,0,0,0,none,3,0,0,3,0,3,3,6,0,3,-1,0,1,1
loss_duplicates,confirmed_once,14014,0,1,0,1,0,COMMIT,11,1,3,13,0,6,75,154,0,-1,-1,4,1,1
loss_duplicates,confirmed_retry,14014,1,0,0,0,1,COMMIT,18,1,6,23,0,9,4,12,0,9,12,4,1,1
loss_duplicates,fixed,14015,0,0,1,0,0,none,0,0,0,0,0,0,0,0,0,-1,-1,0,0,0
loss_duplicates,ideal_atomic,14015,1,0,0,0,0,none,0,0,0,0,0,0,0,0,0,0,-1,0,1,1
loss_duplicates,command_once,14015,1,0,0,0,0,none,3,0,2,5,0,3,4,8,0,4,-1,0,1,1
loss_duplicates,confirmed_once,14015,0,1,0,1,0,COMMIT,13,4,2,11,0,6,66,132,0,-1,-1,4,0,1
loss_duplicates,confirmed_retry,14015,1,0,0,0,1,COMMIT,28,4,6,30,0,13,6,12,0,16,20,4,1,1
loss_duplicates,fixed,14016,0,0,1,0,0,none,0,0,0,0,0,0,0,0,0,-1,-1,0,0,0
loss_duplicates,ideal_atomic,14016,1,0,0,0,0,none,0,0,0,0,0,0,0,0,0,0,-1,0,1,1
loss_duplicates,command_once,14016,1,0,0,0,0,none,3,0,1,4,0,3,4,12,0,4,-1,0,1,1
loss_duplicates,confirmed_once,14016,1,0,0,0,1,COMMIT,13,0,3,16,0,6,4,12,0,9,13,4,1,1
loss_duplicates,confirmed_retry,14016,1,0,0,0,1,COMMIT,24,3,8,29,0,10,4,12,0,9,13,4,1,1
loss_duplicates,fixed,14017,0,0,1,0,0,none,0,0,0,0,0,0,0,0,0,-1,-1,0,0,0
loss_duplicates,ideal_atomic,14017,1,0,0,0,0,none,0,0,0,0,0,0,0,0,0,0,-1,0,1,1
loss_duplicates,command_once,14017,1,0,0,0,0,none,3,0,0,3,0,3,4,8,0,4,-1,0,1,1
loss_duplicates,confirmed_once,14017,1,0,0,0,1,COMMIT,13,0,2,15,0,6,3,8,0,9,12,4,1,1
loss_duplicates,confirmed_retry,14017,1,0,0,0,1,COMMIT,24,0,4,28,0,11,3,8,0,9,12,4,1,1
loss_duplicates,fixed,14018,0,0,1,0,0,none,0,0,0,0,0,0,0,0,0,-1,-1,0,0,0
loss_duplicates,ideal_atomic,14018,1,0,0,0,0,none,0,0,0,0,0,0,0,0,0,0,-1,0,1,1
loss_duplicates,command_once,14018,0,1,0,0,0,none,3,1,0,2,0,3,80,160,0,-1,-1,0,1,1
loss_duplicates,confirmed_once,14018,0,0,1,1,0,ABORT,11,2,2,11,0,6,0,0,0,-1,-1,3,0,0
loss_duplicates,confirmed_retry,14018,1,0,0,0,1,COMMIT,26,3,8,31,0,12,3,8,0,9,11,4,1,1
loss_duplicates,fixed,14019,0,0,1,0,0,none,0,0,0,0,0,0,0,0,0,-1,-1,0,0,0
loss_duplicates,ideal_atomic,14019,1,0,0,0,0,none,0,0,0,0,0,0,0,0,0,0,-1,0,1,1
loss_duplicates,command_once,14019,1,0,0,0,0,none,3,0,0,3,0,3,4,8,0,4,-1,0,1,1
loss_duplicates,confirmed_once,14019,0,0,1,0,1,ABORT,13,1,2,14,0,6,0,0,0,-1,22,4,0,0
loss_duplicates,confirmed_retry,14019,1,0,0,0,1,COMMIT,27,2,4,29,0,13,4,8,0,14,18,4,1,1
loss_duplicates,fixed,14020,0,0,1,0,0,none,0,0,0,0,0,0,0,0,0,-1,-1,0,0,0
loss_duplicates,ideal_atomic,14020,1,0,0,0,0,none,0,0,0,0,0,0,0,0,0,0,-1,0,1,1
loss_duplicates,command_once,14020,1,0,0,0,0,none,3,0,2,5,0,3,3,10,0,3,-1,0,1,1
loss_duplicates,confirmed_once,14020,0,0,1,1,0,ABORT,13,6,2,9,0,6,0,0,0,-1,-1,4,0,0
loss_duplicates,confirmed_retry,14020,1,0,0,0,1,COMMIT,29,3,8,34,0,12,2,4,0,9,12,4,1,1
loss_duplicates,fixed,14021,0,0,1,0,0,none,0,0,0,0,0,0,0,0,0,-1,-1,0,0,0
loss_duplicates,ideal_atomic,14021,1,0,0,0,0,none,0,0,0,0,0,0,0,0,0,0,-1,0,1,1
loss_duplicates,command_once,14021,1,0,0,0,0,none,3,0,1,4,0,3,2,4,0,2,-1,0,1,1
loss_duplicates,confirmed_once,14021,0,0,1,0,1,ABORT,14,1,5,18,0,6,0,0,0,-1,24,4,0,0
loss_duplicates,confirmed_retry,14021,1,0,0,0,1,COMMIT,20,4,4,20,0,10,3,10,0,11,15,4,1,1
loss_duplicates,fixed,14022,0,0,1,0,0,none,0,0,0,0,0,0,0,0,0,-1,-1,0,0,0
loss_duplicates,ideal_atomic,14022,1,0,0,0,0,none,0,0,0,0,0,0,0,0,0,0,-1,0,1,1
loss_duplicates,command_once,14022,1,0,0,0,0,none,3,0,0,3,0,3,4,10,0,4,-1,0,1,1
loss_duplicates,confirmed_once,14022,0,1,0,2,0,COMMIT,10,2,1,9,0,6,73,286,0,-1,-1,4,0,1
loss_duplicates,confirmed_retry,14022,1,0,0,0,1,COMMIT,24,4,1,21,0,14,4,12,0,11,14,4,1,1
loss_duplicates,fixed,14023,0,0,1,0,0,none,0,0,0,0,0,0,0,0,0,-1,-1,0,0,0
loss_duplicates,ideal_atomic,14023,1,0,0,0,0,none,0,0,0,0,0,0,0,0,0,0,-1,0,1,1
loss_duplicates,command_once,14023,0,1,0,0,0,none,3,1,0,2,0,3,80,160,0,-1,-1,0,0,1
loss_duplicates,confirmed_once,14023,0,0,1,0,1,ABORT,13,2,3,14,0,6,0,0,0,-1,22,3,0,0
loss_duplicates,confirmed_retry,14023,1,0,0,0,1,COMMIT,23,3,6,26,0,11,4,8,0,16,18,4,1,1
loss_duplicates,fixed,14024,0,0,1,0,0,none,0,0,0,0,0,0,0,0,0,-1,-1,0,0,0
loss_duplicates,ideal_atomic,14024,1,0,0,0,0,none,0,0,0,0,0,0,0,0,0,0,-1,0,1,1
loss_duplicates,command_once,14024,1,0,0,0,0,none,3,0,2,5,0,3,3,6,0,3,-1,0,1,1
loss_duplicates,confirmed_once,14024,1,0,0,0,1,COMMIT,16,3,7,20,0,6,4,10,0,16,26,4,1,1
loss_duplicates,confirmed_retry,14024,1,0,0,0,1,COMMIT,36,6,16,46,0,14,4,8,0,14,20,4,1,1
loss_duplicates,fixed,14025,0,0,1,0,0,none,0,0,0,0,0,0,0,0,0,-1,-1,0,0,0
loss_duplicates,ideal_atomic,14025,1,0,0,0,0,none,0,0,0,0,0,0,0,0,0,0,-1,0,1,1
loss_duplicates,command_once,14025,1,0,0,0,0,none,3,0,1,4,0,3,4,8,0,4,-1,0,1,1
loss_duplicates,confirmed_once,14025,1,0,0,0,1,COMMIT,15,1,8,22,0,6,3,6,0,8,12,4,1,1
loss_duplicates,confirmed_retry,14025,1,0,0,0,1,COMMIT,25,1,10,34,0,11,3,6,0,8,12,4,1,1
loss_duplicates,fixed,14026,0,0,1,0,0,none,0,0,0,0,0,0,0,0,0,-1,-1,0,0,0
loss_duplicates,ideal_atomic,14026,1,0,0,0,0,none,0,0,0,0,0,0,0,0,0,0,-1,0,1,1
loss_duplicates,command_once,14026,1,0,0,0,0,none,3,0,1,4,0,3,4,8,0,4,-1,0,1,1
loss_duplicates,confirmed_once,14026,0,0,1,1,0,ABORT,12,2,1,11,0,6,0,0,0,-1,-1,4,0,0
loss_duplicates,confirmed_retry,14026,1,0,0,0,1,COMMIT,28,3,8,33,0,12,3,6,0,15,18,4,1,1
loss_duplicates,fixed,14027,0,0,1,0,0,none,0,0,0,0,0,0,0,0,0,-1,-1,0,0,0
loss_duplicates,ideal_atomic,14027,1,0,0,0,0,none,0,0,0,0,0,0,0,0,0,0,-1,0,1,1
loss_duplicates,command_once,14027,0,1,0,0,0,none,3,1,1,3,0,3,80,164,0,-1,-1,0,1,1
loss_duplicates,confirmed_once,14027,0,0,1,1,0,ABORT,12,2,3,13,0,6,0,0,0,-1,-1,3,0,0
loss_duplicates,confirmed_retry,14027,1,0,0,0,1,COMMIT,27,4,5,28,0,13,5,10,0,12,15,4,1,1
loss_duplicates,fixed,14028,0,0,1,0,0,none,0,0,0,0,0,0,0,0,0,-1,-1,0,0,0
loss_duplicates,ideal_atomic,14028,1,0,0,0,0,none,0,0,0,0,0,0,0,0,0,0,-1,0,1,1
loss_duplicates,command_once,14028,1,0,0,0,0,none,3,0,2,5,0,3,3,6,0,3,-1,0,1,1
loss_duplicates,confirmed_once,14028,1,0,0,0,1,COMMIT,15,0,5,20,0,6,2,4,0,8,10,4,1,1
loss_duplicates,confirmed_retry,14028,1,0,0,0,1,COMMIT,24,0,8,32,0,10,2,4,0,8,10,4,1,1
loss_duplicates,fixed,14029,0,0,1,0,0,none,0,0,0,0,0,0,0,0,0,-1,-1,0,0,0
loss_duplicates,ideal_atomic,14029,1,0,0,0,0,none,0,0,0,0,0,0,0,0,0,0,-1,0,1,1
loss_duplicates,command_once,14029,1,0,0,0,0,none,3,0,0,3,0,3,3,6,0,3,-1,0,1,1
loss_duplicates,confirmed_once,14029,1,0,0,0,0,COMMIT,12,1,0,11,0,6,4,10,0,11,-1,4,1,1
loss_duplicates,confirmed_retry,14029,1,0,0,0,1,COMMIT,25,3,5,27,0,13,4,10,0,11,15,4,1,1
loss_duplicates,fixed,14030,0,0,1,0,0,none,0,0,0,0,0,0,0,0,0,-1,-1,0,0,0
loss_duplicates,ideal_atomic,14030,1,0,0,0,0,none,0,0,0,0,0,0,0,0,0,0,-1,0,1,1
loss_duplicates,command_once,14030,1,0,0,0,0,none,3,0,0,3,0,3,4,8,0,4,-1,0,1,1
loss_duplicates,confirmed_once,14030,1,0,0,0,1,COMMIT,12,0,1,13,0,6,2,4,0,9,13,4,1,1
loss_duplicates,confirmed_retry,14030,1,0,0,0,1,COMMIT,24,1,5,28,0,11,2,4,0,9,13,4,1,1
loss_duplicates,fixed,14031,0,0,1,0,0,none,0,0,0,0,0,0,0,0,0,-1,-1,0,0,0
loss_duplicates,ideal_atomic,14031,1,0,0,0,0,none,0,0,0,0,0,0,0,0,0,0,-1,0,1,1
loss_duplicates,command_once,14031,1,0,0,0,0,none,3,0,2,5,0,3,4,8,0,4,-1,0,1,1
loss_duplicates,confirmed_once,14031,0,1,0,1,0,COMMIT,13,1,4,16,0,6,72,144,0,-1,-1,4,0,1
loss_duplicates,confirmed_retry,14031,1,0,0,0,1,COMMIT,21,2,7,26,0,10,5,10,0,13,16,4,1,1
loss_duplicates,fixed,14032,0,0,1,0,0,none,0,0,0,0,0,0,0,0,0,-1,-1,0,0,0
loss_duplicates,ideal_atomic,14032,1,0,0,0,0,none,0,0,0,0,0,0,0,0,0,0,-1,0,1,1
loss_duplicates,command_once,14032,1,0,0,0,0,none,3,0,0,3,0,3,2,4,0,2,-1,0,1,1
loss_duplicates,confirmed_once,14032,1,0,0,0,1,COMMIT,14,1,5,18,0,6,3,6,0,9,11,4,1,1
loss_duplicates,confirmed_retry,14032,1,0,0,0,1,COMMIT,23,2,7,28,0,10,3,6,0,9,11,4,1,1
loss_duplicates,fixed,14033,0,0,1,0,0,none,0,0,0,0,0,0,0,0,0,-1,-1,0,0,0
loss_duplicates,ideal_atomic,14033,1,0,0,0,0,none,0,0,0,0,0,0,0,0,0,0,-1,0,1,1
loss_duplicates,command_once,14033,1,0,0,0,0,none,3,0,1,4,0,3,4,12,0,4,-1,0,1,1
loss_duplicates,confirmed_once,14033,1,0,0,0,0,COMMIT,15,2,5,18,0,6,3,6,0,10,-1,4,1,1
loss_duplicates,confirmed_retry,14033,1,0,0,0,1,COMMIT,34,5,12,41,0,14,3,8,0,10,17,4,1,1
loss_duplicates,fixed,14034,0,0,1,0,0,none,0,0,0,0,0,0,0,0,0,-1,-1,0,0,0
loss_duplicates,ideal_atomic,14034,1,0,0,0,0,none,0,0,0,0,0,0,0,0,0,0,-1,0,1,1
loss_duplicates,command_once,14034,0,1,0,0,0,none,3,1,2,4,0,3,80,162,0,-1,-1,0,0,1
loss_duplicates,confirmed_once,14034,0,0,1,1,0,ABORT,13,2,6,17,0,6,0,0,0,-1,-1,3,0,0
loss_duplicates,confirmed_retry,14034,1,0,0,0,1,COMMIT,19,3,6,22,0,10,3,6,0,15,18,4,1,1
loss_duplicates,fixed,14035,0,0,1,0,0,none,0,0,0,0,0,0,0,0,0,-1,-1,0,0,0
loss_duplicates,ideal_atomic,14035,1,0,0,0,0,none,0,0,0,0,0,0,0,0,0,0,-1,0,1,1
loss_duplicates,command_once,14035,1,0,0,0,0,none,3,0,1,4,0,3,3,6,0,3,-1,0,1,1
loss_duplicates,confirmed_once,14035,1,0,0,0,1,COMMIT,13,0,4,17,0,6,4,8,0,10,13,4,1,1
loss_duplicates,confirmed_retry,14035,1,0,0,0,1,COMMIT,28,0,9,37,0,12,4,8,0,10,13,4,1,1
loss_duplicates,fixed,14036,0,0,1,0,0,none,0,0,0,0,0,0,0,0,0,-1,-1,0,0,0
loss_duplicates,ideal_atomic,14036,1,0,0,0,0,none,0,0,0,0,0,0,0,0,0,0,-1,0,1,1
loss_duplicates,command_once,14036,0,1,0,0,0,none,3,1,1,3,0,3,80,164,0,-1,-1,0,0,1
loss_duplicates,confirmed_once,14036,0,0,1,1,0,ABORT,12,3,4,13,0,6,0,0,0,-1,-1,3,0,0
loss_duplicates,confirmed_retry,14036,1,0,0,0,1,COMMIT,30,3,14,41,0,13,4,8,0,14,16,4,1,1
loss_duplicates,fixed,14037,0,0,1,0,0,none,0,0,0,0,0,0,0,0,0,-1,-1,0,0,0
loss_duplicates,ideal_atomic,14037,1,0,0,0,0,none,0,0,0,0,0,0,0,0,0,0,-1,0,1,1
loss_duplicates,command_once,14037,1,0,0,0,0,none,3,0,0,3,0,3,4,8,0,4,-1,0,1,1
loss_duplicates,confirmed_once,14037,1,0,0,0,0,COMMIT,12,1,1,12,0,6,4,10,0,9,-1,4,1,1
loss_duplicates,confirmed_retry,14037,1,0,0,0,1,COMMIT,27,2,4,29,0,13,4,10,0,9,13,4,1,1
loss_duplicates,fixed,14038,0,0,1,0,0,none,0,0,0,0,0,0,0,0,0,-1,-1,0,0,0
loss_duplicates,ideal_atomic,14038,1,0,0,0,0,none,0,0,0,0,0,0,0,0,0,0,-1,0,1,1
loss_duplicates,command_once,14038,1,0,0,0,0,none,3,0,1,4,0,3,4,8,0,4,-1,0,1,1
loss_duplicates,confirmed_once,14038,1,0,0,0,1,COMMIT,13,0,3,16,0,6,4,8,0,11,13,4,1,1
loss_duplicates,confirmed_retry,14038,1,0,0,0,1,COMMIT,30,2,8,36,0,13,4,8,0,11,13,4,1,1
loss_duplicates,fixed,14039,0,0,1,0,0,none,0,0,0,0,0,0,0,0,0,-1,-1,0,0,0
loss_duplicates,ideal_atomic,14039,1,0,0,0,0,none,0,0,0,0,0,0,0,0,0,0,-1,0,1,1
loss_duplicates,command_once,14039,1,0,0,0,0,none,3,0,0,3,0,3,4,8,0,4,-1,0,1,1
loss_duplicates,confirmed_once,14039,0,0,1,0,1,ABORT,13,1,6,18,0,6,0,0,0,-1,21,4,0,0
loss_duplicates,confirmed_retry,14039,1,0,0,0,1,COMMIT,26,2,4,28,0,12,4,10,0,11,15,4,1,1
loss_duplicates,fixed,14040,0,0,1,0,0,none,0,0,0,0,0,0,0,0,0,-1,-1,0,0,0
loss_duplicates,ideal_atomic,14040,1,0,0,0,0,none,0,0,0,0,0,0,0,0,0,0,-1,0,1,1
loss_duplicates,command_once,14040,1,0,0,0,0,none,3,0,0,3,0,3,3,6,0,3,-1,0,1,1
loss_duplicates,confirmed_once,14040,0,0,1,0,0,ABORT,12,2,0,10,0,6,0,0,0,-1,-1,4,0,0
loss_duplicates,confirmed_retry,14040,1,0,0,0,1,COMMIT,21,4,3,20,0,10,6,12,0,14,15,4,1,1
loss_duplicates,fixed,14041,0,0,1,0,0,none,0,0,0,0,0,0,0,0,0,-1,-1,0,0,0
loss_duplicates,ideal_atomic,14041,1,0,0,0,0,none,0,0,0,0,0,0,0,0,0,0,-1,0,1,1
loss_duplicates,command_once,14041,0,1,0,0,0,none,3,1,1,3,0,3,80,160,0,-1,-1,0,1,1
loss_duplicates,confirmed_once,14041,0,0,1,0,1,ABORT,14,3,5,16,0,6,0,0,0,-1,26,3,0,0
loss_duplicates,confirmed_retry,14041,1,0,0,0,1,COMMIT,25,4,7,28,0,12,3,6,0,12,14,4,1,1
loss_duplicates,fixed,14042,0,0,1,0,0,none,0,0,0,0,0,0,0,0,0,-1,-1,0,0,0
loss_duplicates,ideal_atomic,14042,1,0,0,0,0,none,0,0,0,0,0,0,0,0,0,0,-1,0,1,1
loss_duplicates,command_once,14042,0,1,0,0,0,none,3,1,0,2,0,3,80,160,0,-1,-1,0,1,1
loss_duplicates,confirmed_once,14042,0,0,1,1,0,ABORT,11,2,2,11,0,6,0,0,0,-1,-1,3,0,0
loss_duplicates,confirmed_retry,14042,1,0,0,0,1,COMMIT,31,3,9,37,0,15,4,8,0,17,21,4,1,1
loss_duplicates,fixed,14043,0,0,1,0,0,none,0,0,0,0,0,0,0,0,0,-1,-1,0,0,0
loss_duplicates,ideal_atomic,14043,1,0,0,0,0,none,0,0,0,0,0,0,0,0,0,0,-1,0,1,1
loss_duplicates,command_once,14043,1,0,0,0,0,none,3,0,1,4,0,3,3,6,0,3,-1,0,1,1
loss_duplicates,confirmed_once,14043,0,1,0,1,0,COMMIT,14,1,7,20,0,6,75,150,0,-1,-1,4,0,1
loss_duplicates,confirmed_retry,14043,1,0,0,0,1,COMMIT,23,2,7,28,0,11,6,12,0,11,12,4,1,1
loss_duplicates,fixed,14044,0,0,1,0,0,none,0,0,0,0,0,0,0,0,0,-1,-1,0,0,0
loss_duplicates,ideal_atomic,14044,1,0,0,0,0,none,0,0,0,0,0,0,0,0,0,0,-1,0,1,1
loss_duplicates,command_once,14044,1,0,0,0,0,none,3,0,1,4,0,3,2,4,0,2,-1,0,1,1
loss_duplicates,confirmed_once,14044,0,1,0,1,0,COMMIT,12,1,3,14,0,6,74,148,0,-1,-1,4,0,1
loss_duplicates,confirmed_retry,14044,1,0,0,0,1,COMMIT,17,2,5,20,0,9,3,6,0,9,12,4,1,1
loss_duplicates,fixed,14045,0,0,1,0,0,none,0,0,0,0,0,0,0,0,0,-1,-1,0,0,0
loss_duplicates,ideal_atomic,14045,1,0,0,0,0,none,0,0,0,0,0,0,0,0,0,0,-1,0,1,1
loss_duplicates,command_once,14045,1,0,0,0,0,none,3,0,0,3,0,3,4,8,0,4,-1,0,1,1
loss_duplicates,confirmed_once,14045,1,0,0,0,1,COMMIT,13,1,4,16,0,6,4,8,0,11,14,4,1,1
loss_duplicates,confirmed_retry,14045,1,0,0,0,1,COMMIT,31,3,12,40,0,13,4,8,0,11,14,4,1,1
loss_duplicates,fixed,14046,0,0,1,0,0,none,0,0,0,0,0,0,0,0,0,-1,-1,0,0,0
loss_duplicates,ideal_atomic,14046,1,0,0,0,0,none,0,0,0,0,0,0,0,0,0,0,-1,0,1,1
loss_duplicates,command_once,14046,1,0,0,0,0,none,3,0,0,3,0,3,4,12,0,4,-1,0,1,1
loss_duplicates,confirmed_once,14046,0,1,0,1,0,COMMIT,11,1,1,11,0,6,74,148,0,-1,-1,4,1,1
loss_duplicates,confirmed_retry,14046,1,0,0,0,1,COMMIT,28,2,6,32,0,13,3,6,0,9,17,4,1,1
loss_duplicates,fixed,14047,0,0,1,0,0,none,0,0,0,0,0,0,0,0,0,-1,-1,0,0,0
loss_duplicates,ideal_atomic,14047,1,0,0,0,0,none,0,0,0,0,0,0,0,0,0,0,-1,0,1,1
loss_duplicates,command_once,14047,0,1,0,0,0,none,3,1,0,2,0,3,80,166,0,-1,-1,0,1,1
loss_duplicates,confirmed_once,14047,0,0,1,0,1,ABORT,13,2,5,16,0,6,0,0,0,-1,22,3,0,0
loss_duplicates,confirmed_retry,14047,1,0,0,0,1,COMMIT,31,5,11,37,0,14,4,8,0,16,22,4,1,1
loss_duplicates,fixed,14048,0,0,1,0,0,none,0,0,0,0,0,0,0,0,0,-1,-1,0,0,0
loss_duplicates,ideal_atomic,14048,1,0,0,0,0,none,0,0,0,0,0,0,0,0,0,0,-1,0,1,1
loss_duplicates,command_once,14048,1,0,0,0,0,none,3,0,1,4,0,3,4,8,0,4,-1,0,1,1
loss_duplicates,confirmed_once,14048,1,0,0,0,1,COMMIT,15,1,5,19,0,6,4,8,0,11,14,4,1,1
loss_duplicates,confirmed_retry,14048,1,0,0,0,1,COMMIT,26,3,7,30,0,12,4,8,0,11,14,4,1,1
loss_duplicates,fixed,14049,0,0,1,0,0,none,0,0,0,0,0,0,0,0,0,-1,-1,0,0,0
loss_duplicates,ideal_atomic,14049,1,0,0,0,0,none,0,0,0,0,0,0,0,0,0,0,-1,0,1,1
loss_duplicates,command_once,14049,1,0,0,0,0,none,3,0,0,3,0,3,3,6,0,3,-1,0,1,1
loss_duplicates,confirmed_once,14049,0,0,1,0,1,ABORT,13,1,1,13,0,6,0,0,0,-1,20,4,0,0
loss_duplicates,confirmed_retry,14049,1,0,0,0,1,COMMIT,27,1,5,31,0,12,3,6,0,12,15,4,1,1
loss_duplicates,fixed,14050,0,0,1,0,0,none,0,0,0,0,0,0,0,0,0,-1,-1,0,0,0
loss_duplicates,ideal_atomic,14050,1,0,0,0,0,none,0,0,0,0,0,0,0,0,0,0,-1,0,1,1
loss_duplicates,command_once,14050,1,0,0,0,0,none,3,0,1,4,0,3,4,10,0,4,-1,0,1,1
loss_duplicates,confirmed_once,14050,1,0,0,0,1,COMMIT,14,0,4,18,0,6,4,10,0,12,13,4,1,1
loss_duplicates,confirmed_retry,14050,1,0,0,0,1,COMMIT,22,0,4,26,0,10,4,10,0,12,13,4,1,1
loss_duplicates,fixed,14051,0,0,1,0,0,none,0,0,0,0,0,0,0,0,0,-1,-1,0,0,0
loss_duplicates,ideal_atomic,14051,1,0,0,0,0,none,0,0,0,0,0,0,0,0,0,0,-1,0,1,1
loss_duplicates,command_once,14051,1,0,0,0,0,none,3,0,1,4,0,3,4,8,0,4,-1,0,1,1
loss_duplicates,confirmed_once,14051,1,0,0,0,1,COMMIT,14,0,3,17,0,6,4,12,0,10,13,4,1,1
loss_duplicates,confirmed_retry,14051,1,0,0,0,1,COMMIT,21,0,6,27,0,9,4,12,0,10,12,4,1,1
loss_duplicates,fixed,14052,0,0,1,0,0,none,0,0,0,0,0,0,0,0,0,-1,-1,0,0,0
loss_duplicates,ideal_atomic,14052,1,0,0,0,0,none,0,0,0,0,0,0,0,0,0,0,-1,0,1,1
loss_duplicates,command_once,14052,1,0,0,0,0,none,3,0,1,4,0,3,3,6,0,3,-1,0,1,1
loss_duplicates,confirmed_once,14052,1,0,0,0,1,COMMIT,13,0,3,16,0,6,4,8,0,11,14,4,1,1
loss_duplicates,confirmed_retry,14052,1,0,0,0,1,COMMIT,30,3,10,37,0,13,4,8,0,11,14,4,1,1
loss_duplicates,fixed,14053,0,0,1,0,0,none,0,0,0,0,0,0,0,0,0,-1,-1,0,0,0
loss_duplicates,ideal_atomic,14053,1,0,0,0,0,none,0,0,0,0,0,0,0,0,0,0,-1,0,1,1
loss_duplicates,command_once,14053,1,0,0,0,0,none,3,0,0,3,0,3,4,8,0,4,-1,0,1,1
loss_duplicates,confirmed_once,14053,0,0,1,1,0,ABORT,11,2,0,9,0,6,0,0,0,-1,-1,4,0,0
loss_duplicates,confirmed_retry,14053,1,0,0,0,1,COMMIT,26,4,2,24,0,13,3,6,0,17,20,4,1,1
loss_duplicates,fixed,14054,0,0,1,0,0,none,0,0,0,0,0,0,0,0,0,-1,-1,0,0,0
loss_duplicates,ideal_atomic,14054,1,0,0,0,0,none,0,0,0,0,0,0,0,0,0,0,-1,0,1,1
loss_duplicates,command_once,14054,1,0,0,0,0,none,3,0,1,4,0,3,3,6,0,3,-1,0,1,1
loss_duplicates,confirmed_once,14054,0,1,0,1,0,COMMIT,13,1,6,18,0,6,74,152,0,-1,-1,4,0,1
loss_duplicates,confirmed_retry,14054,1,0,0,0,1,COMMIT,27,2,9,34,0,12,6,16,0,12,19,4,1,1
loss_duplicates,fixed,14055,0,0,1,0,0,none,0,0,0,0,0,0,0,0,0,-1,-1,0,0,0
loss_duplicates,ideal_atomic,14055,1,0,0,0,0,none,0,0,0,0,0,0,0,0,0,0,-1,0,1,1
loss_duplicates,command_once,14055,1,0,0,0,0,none,3,0,1,4,0,3,3,6,0,3,-1,0,1,1
loss_duplicates,confirmed_once,14055,1,0,0,0,0,COMMIT,13,1,3,15,0,6,3,6,0,10,-1,4,1,1
loss_duplicates,confirmed_retry,14055,1,0,0,0,1,COMMIT,27,1,9,35,0,12,2,4,0,9,13,4,1,1
loss_duplicates,fixed,14056,0,0,1,0,0,none,0,0,0,0,0,0,0,0,0,-1,-1,0,0,0
loss_duplicates,ideal_atomic,14056,1,0,0,0,0,none,0,0,0,0,0,0,0,0,0,0,-1,0,1,1
loss_duplicates,command_once,14056,1,0,0,0,0,none,3,0,1,4,0,3,4,10,0,4,-1,0,1,1
loss_duplicates,confirmed_once,14056,1,0,0,0,1,COMMIT,14,0,3,17,0,6,4,12,0,12,15,4,1,1
loss_duplicates,confirmed_retry,14056,1,0,0,0,1,COMMIT,30,3,7,34,0,13,5,10,0,12,15,4,1,1
loss_duplicates,fixed,14057,0,0,1,0,0,none,0,0,0,0,0,0,0,0,0,-1,-1,0,0,0
loss_duplicates,ideal_atomic,14057,1,0,0,0,0,none,0,0,0,0,0,0,0,0,0,0,-1,0,1,1
loss_duplicates,command_once,14057,1,0,0,0,0,none,3,0,1,4,0,3,4,8,0,4,-1,0,1,1
loss_duplicates,confirmed_once,14057,1,0,0,0,1,COMMIT,14,0,5,19,0,6,4,8,0,10,13,4,1,1
loss_duplicates,confirmed_retry,14057,1,0,0,0,1,COMMIT,25,1,7,31,0,12,3,6,0,9,13,4,1,1
loss_duplicates,fixed,14058,0,0,1,0,0,none,0,0,0,0,0,0,0,0,0,-1,-1,0,0,0
loss_duplicates,ideal_atomic,14058,1,0,0,0,0,none,0,0,0,0,0,0,0,0,0,0,-1,0,1,1
loss_duplicates,command_once,14058,1,0,0,0,0,none,3,0,0,3,0,3,4,8,0,4,-1,0,1,1
loss_duplicates,confirmed_once,14058,1,0,0,0,1,COMMIT,13,0,6,19,0,6,4,8,0,12,15,4,1,1
loss_duplicates,confirmed_retry,14058,1,0,0,0,1,COMMIT,25,0,11,36,0,11,4,8,0,12,15,4,1,1
loss_duplicates,fixed,14059,0,0,1,0,0,none,0,0,0,0,0,0,0,0,0,-1,-1,0,0,0
loss_duplicates,ideal_atomic,14059,1,0,0,0,0,none,0,0,0,0,0,0,0,0,0,0,-1,0,1,1
loss_duplicates,command_once,14059,1,0,0,0,0,none,3,0,0,3,0,3,4,8,0,4,-1,0,1,1
loss_duplicates,confirmed_once,14059,1,0,0,0,1,COMMIT,13,0,2,15,0,6,4,8,0,11,13,4,1,1
loss_duplicates,confirmed_retry,14059,1,0,0,0,1,COMMIT,26,2,3,27,0,13,4,8,0,11,13,4,1,1
loss_duplicates,fixed,14060,0,0,1,0,0,none,0,0,0,0,0,0,0,0,0,-1,-1,0,0,0
loss_duplicates,ideal_atomic,14060,1,0,0,0,0,none,0,0,0,0,0,0,0,0,0,0,-1,0,1,1
loss_duplicates,command_once,14060,1,0,0,0,0,none,3,0,1,4,0,3,3,6,0,3,-1,0,1,1
loss_duplicates,confirmed_once,14060,1,0,0,0,1,COMMIT,14,0,4,18,0,6,3,6,0,10,13,4,1,1
loss_duplicates,confirmed_retry,14060,1,0,0,0,1,COMMIT,27,2,5,30,0,13,3,6,0,10,13,4,1,1
loss_duplicates,fixed,14061,0,0,1,0,0,none,0,0,0,0,0,0,0,0,0,-1,-1,0,0,0
loss_duplicates,ideal_atomic,14061,1,0,0,0,0,none,0,0,0,0,0,0,0,0,0,0,-1,0,1,1
loss_duplicates,command_once,14061,1,0,0,0,0,none,3,0,2,5,0,3,2,4,0,2,-1,0,1,1
loss_duplicates,confirmed_once,14061,0,1,0,1,0,COMMIT,15,2,5,18,0,6,74,152,0,-1,-1,4,0,1
loss_duplicates,confirmed_retry,14061,1,0,0,0,1,COMMIT,29,3,9,35,0,12,4,12,0,10,14,4,1,1
loss_duplicates,fixed,14062,0,0,1,0,0,none,0,0,0,0,0,0,0,0,0,-1,-1,0,0,0
loss_duplicates,ideal_atomic,14062,1,0,0,0,0,none,0,0,0,0,0,0,0,0,0,0,-1,0,1,1
loss_duplicates,command_once,14062,0,1,0,0,0,none,3,2,0,1,0,3,80,316,0,-1,-1,0,0,1
loss_duplicates,confirmed_once,14062,0,0,1,1,0,ABORT,9,3,0,6,0,6,0,0,0,-1,-1,2,0,0
loss_duplicates,confirmed_retry,14062,1,0,0,0,1,COMMIT,21,3,7,25,0,10,3,6,0,12,16,4,1,1
loss_duplicates,fixed,14063,0,0,1,0,0,none,0,0,0,0,0,0,0,0,0,-1,-1,0,0,0
loss_duplicates,ideal_atomic,14063,1,0,0,0,0,none,0,0,0,0,0,0,0,0,0,0,-1,0,1,1
loss_duplicates,command_once,14063,0,1,0,0,0,none,3,1,1,3,0,3,80,160,0,-1,-1,0,0,1
loss_duplicates,confirmed_once,14063,0,0,1,0,1,ABORT,15,1,6,20,0,6,0,0,0,-1,24,3,0,0
loss_duplicates,confirmed_retry,14063,1,0,0,0,1,COMMIT,33,4,12,41,0,15,2,6,0,11,22,4,1,1
loss_duplicates,fixed,14064,0,0,1,0,0,none,0,0,0,0,0,0,0,0,0,-1,-1,0,0,0
loss_duplicates,ideal_atomic,14064,1,0,0,0,0,none,0,0,0,0,0,0,0,0,0,0,-1,0,1,1
loss_duplicates,command_once,14064,1,0,0,0,0,none,3,0,1,4,0,3,4,10,0,4,-1,0,1,1
loss_duplicates,confirmed_once,14064,0,0,1,2,0,ABORT,11,4,1,8,0,6,0,0,0,-1,-1,4,0,0
loss_duplicates,confirmed_retry,14064,1,0,0,0,1,COMMIT,30,3,8,35,0,14,4,8,0,14,16,4,1,1
loss_duplicates,fixed,14065,0,0,1,0,0,none,0,0,0,0,0,0,0,0,0,-1,-1,0,0,0
loss_duplicates,ideal_atomic,14065,1,0,0,0,0,none,0,0,0,0,0,0,0,0,0,0,-1,0,1,1
loss_duplicates,command_once,14065,1,0,0,0,0,none,3,0,0,3,0,3,3,10,0,3,-1,0,1,1
loss_duplicates,confirmed_once,14065,1,0,0,0,1,COMMIT,13,0,3,16,0,6,4,8,0,11,14,4,1,1
loss_duplicates,confirmed_retry,14065,1,0,0,0,1,COMMIT,28,1,11,38,0,12,4,8,0,11,14,4,1,1
loss_duplicates,fixed,14066,0,0,1,0,0,none,0,0,0,0,0,0,0,0,0,-1,-1,0,0,0
loss_duplicates,ideal_atomic,14066,1,0,0,0,0,none,0,0,0,0,0,0,0,0,0,0,-1,0,1,1
loss_duplicates,command_once,14066,1,0,0,0,0,none,3,0,1,4,0,3,3,6,0,3,-1,0,1,1
loss_duplicates,confirmed_once,14066,1,0,0,0,1,COMMIT,14,0,3,17,0,6,4,8,0,9,11,4,1,1
loss_duplicates,confirmed_retry,14066,1,0,0,0,1,COMMIT,21,1,4,24,0,10,4,8,0,9,11,4,1,1
loss_duplicates,fixed,14067,0,0,1,0,0,none,0,0,0,0,0,0,0,0,0,-1,-1,0,0,0
loss_duplicates,ideal_atomic,14067,1,0,0,0,0,none,0,0,0,0,0,0,0,0,0,0,-1,0,1,1
loss_duplicates,command_once,14067,1,0,0,0,0,none,3,0,1,4,0,3,2,6,0,2,-1,0,1,1
loss_duplicates,confirmed_once,14067,0,1,0,1,0,COMMIT,12,1,4,15,0,6,76,152,0,-1,-1,4,1,1
loss_duplicates,confirmed_retry,14067,1,0,0,0,1,COMMIT,17,2,6,21,0,8,5,10,0,9,11,4,1,1
loss_duplicates,fixed,14068,0,0,1,0,0,none,0,0,0,0,0,0,0,0,0,-1,-1,0,0,0
loss_duplicates,ideal_atomic,14068,1,0,0,0,0,none,0,0,0,0,0,0,0,0,0,0,-1,0,1,1
loss_duplicates,command_once,14068,0,1,0,0,0,none,3,2,0,1,0,3,80,160,0,-1,-1,0,0,1
loss_duplicates,confirmed_once,14068,0,0,1,0,1,ABORT,12,2,4,14,0,6,0,0,0,-1,22,2,0,0
loss_duplicates,confirmed_retry,14068,1,0,0,0,1,COMMIT,32,4,10,38,0,16,3,6,0,18,22,4,1,1
loss_duplicates,fixed,14069,0,0,1,0,0,none,0,0,0,0,0,0,0,0,0,-1,-1,0,0,0
loss_duplicates,ideal_atomic,14069,1,0,0,0,0,none,0,0,0,0,0,0,0,0,0,0,-1,0,1,1
loss_duplicates,command_once,14069,1,0,0,0,0,none,3,0,1,4,0,3,4,12,0,4,-1,0,1,1
loss_duplicates,confirmed_once,14069,0,0,1,0,1,ABORT,14,1,5,18,0,6,0,0,0,-1,20,4,0,0
loss_duplicates,confirmed_retry,14069,1,0,0,0,1,COMMIT,23,1,6,28,0,10,4,8,0,13,16,4,1,1
loss_duplicates,fixed,14070,0,0,1,0,0,none,0,0,0,0,0,0,0,0,0,-1,-1,0,0,0
loss_duplicates,ideal_atomic,14070,1,0,0,0,0,none,0,0,0,0,0,0,0,0,0,0,-1,0,1,1
loss_duplicates,command_once,14070,0,1,0,0,0,none,3,1,0,2,0,3,80,164,0,-1,-1,0,0,1
loss_duplicates,confirmed_once,14070,0,0,1,0,1,ABORT,12,2,3,13,0,6,0,0,0,-1,24,3,0,0
loss_duplicates,confirmed_retry,14070,1,0,0,0,1,COMMIT,28,5,5,28,0,15,4,8,0,14,22,4,1,1
loss_duplicates,fixed,14071,0,0,1,0,0,none,0,0,0,0,0,0,0,0,0,-1,-1,0,0,0
loss_duplicates,ideal_atomic,14071,1,0,0,0,0,none,0,0,0,0,0,0,0,0,0,0,-1,0,1,1
loss_duplicates,command_once,14071,0,1,0,0,0,none,3,1,1,3,0,3,80,160,0,-1,-1,0,1,1
loss_duplicates,confirmed_once,14071,0,0,1,0,1,ABORT,12,1,2,13,0,6,0,0,0,-1,23,3,0,0
loss_duplicates,confirmed_retry,14071,1,0,0,0,1,COMMIT,29,4,3,28,0,14,4,8,0,14,23,4,1,1
loss_duplicates,fixed,14072,0,0,1,0,0,none,0,0,0,0,0,0,0,0,0,-1,-1,0,0,0
loss_duplicates,ideal_atomic,14072,1,0,0,0,0,none,0,0,0,0,0,0,0,0,0,0,-1,0,1,1
loss_duplicates,command_once,14072,1,0,0,0,0,none,3,0,0,3,0,3,3,8,0,3,-1,0,1,1
loss_duplicates,confirmed_once,14072,0,1,0,1,0,COMMIT,11,1,1,11,0,6,74,148,0,-1,-1,4,1,1
loss_duplicates,confirmed_retry,14072,1,0,0,0,1,COMMIT,22,1,5,26,0,11,6,12,0,12,14,4,1,1
loss_duplicates,fixed,14073,0,0,1,0,0,none,0,0,0,0,0,0,0,0,0,-1,-1,0,0,0
loss_duplicates,ideal_atomic,14073,1,0,0,0,0,none,0,0,0,0,0,0,0,0,0,0,-1,0,1,1
loss_duplicates,command_once,14073,1,0,0,0,0,none,3,0,0,3,0,3,4,10,0,4,-1,0,1,1
loss_duplicates,confirmed_once,14073,1,0,0,0,1,COMMIT,12,0,2,14,0,6,2,4,0,7,9,4,1,1
loss_duplicates,confirmed_retry,14073,1,0,0,0,1,COMMIT,16,0,3,19,0,8,2,4,0,7,9,4,1,1
loss_duplicates,fixed,14074,0,0,1,0,0,none,0,0,0,0,0,0,0,0,0,-1,-1,0,0,0
loss_duplicates,ideal_atomic,14074,1,0,0,0,0,none,0,0,0,0,0,0,0,0,0,0,-1,0,1,1
loss_duplicates,command_once,14074,1,0,0,0,0,none,3,0,0,3,0,3,3,6,0,3,-1,0,1,1
loss_duplicates,confirmed_once,14074,1,0,0,0,1,COMMIT,13,0,5,18,0,6,4,8,0,8,11,4,1,1
loss_duplicates,confirmed_retry,14074,1,0,0,0,1,COMMIT,18,0,6,24,0,8,4,8,0,8,11,4,1,1
loss_duplicates,fixed,14075,0,0,1,0,0,none,0,0,0,0,0,0,0,0,0,-1,-1,0,0,0
loss_duplicates,ideal_atomic,14075,1,0,0,0,0,none,0,0,0,0,0,0,0,0,0,0,-1,0,1,1
loss_duplicates,command_once,14075,1,0,0,0,0,none,3,0,1,4,0,3,4,8,0,4,-1,0,1,1
loss_duplicates,confirmed_once,14075,0,1,0,2,0,COMMIT,11,2,2,11,0,6,73,146,0,-1,-1,4,1,1
loss_duplicates,confirmed_retry,14075,1,0,0,0,1,COMMIT,24,4,5,25,0,12,3,6,0,10,14,4,1,1
loss_duplicates,fixed,14076,0,0,1,0,0,none,0,0,0,0,0,0,0,0,0,-1,-1,0,0,0
loss_duplicates,ideal_atomic,14076,1,0,0,0,0,none,0,0,0,0,0,0,0,0,0,0,-1,0,1,1
loss_duplicates,command_once,14076,1,0,0,0,0,none,3,0,1,4,0,3,4,10,0,4,-1,0,1,1
loss_duplicates,confirmed_once,14076,1,0,0,0,1,COMMIT,13,1,3,15,0,6,4,12,0,10,13,4,1,1
loss_duplicates,confirmed_retry,14076,1,0,0,0,1,COMMIT,26,1,6,31,0,12,4,12,0,10,13,4,1,1
loss_duplicates,fixed,14077,0,0,1,0,0,none,0,0,0,0,0,0,0,0,0,-1,-1,0,0,0
loss_duplicates,ideal_atomic,14077,1,0,0,0,0,none,0,0,0,0,0,0,0,0,0,0,-1,0,1,1
loss_duplicates,command_once,14077,1,0,0,0,0,none,3,0,2,5,0,3,3,6,0,3,-1,0,1,1
loss_duplicates,confirmed_once,14077,1,0,0,0,1,COMMIT,16,0,5,21,0,6,3,6,0,10,12,4,1,1
loss_duplicates,confirmed_retry,14077,1,0,0,0,1,COMMIT,28,1,7,34,0,12,4,8,0,10,12,4,1,1
loss_duplicates,fixed,14078,0,0,1,0,0,none,0,0,0,0,0,0,0,0,0,-1,-1,0,0,0
loss_duplicates,ideal_atomic,14078,1,0,0,0,0,none,0,0,0,0,0,0,0,0,0,0,-1,0,1,1
loss_duplicates,command_once,14078,1,0,0,0,0,none,3,0,1,4,0,3,3,6,0,3,-1,0,1,1
loss_duplicates,confirmed_once,14078,0,1,0,1,0,COMMIT,13,3,4,14,0,6,73,146,0,-1,-1,4,0,1
loss_duplicates,confirmed_retry,14078,1,0,0,0,1,COMMIT,25,4,6,27,0,12,3,6,0,10,14,4,1,1
loss_duplicates,fixed,14079,0,0,1,0,0,none,0,0,0,0,0,0,0,0,0,-1,-1,0,0,0
loss_duplicates,ideal_atomic,14079,1,0,0,0,0,none,0,0,0,0,0,0,0,0,0,0,-1,0,1,1
loss_duplicates,command_once,14079,1,0,0,0,0,none,3,0,0,3,0,3,3,6,0,3,-1,0,1,1
loss_duplicates,confirmed_once,14079,1,0,0,0,1,COMMIT,14,0,3,17,0,6,4,8,0,11,14,4,1,1
loss_duplicates,confirmed_retry,14079,1,0,0,0,1,COMMIT,29,3,5,31,0,14,4,8,0,11,14,4,1,1
loss_duplicates,fixed,14080,0,0,1,0,0,none,0,0,0,0,0,0,0,0,0,-1,-1,0,0,0
loss_duplicates,ideal_atomic,14080,1,0,0,0,0,none,0,0,0,0,0,0,0,0,0,0,-1,0,1,1
loss_duplicates,command_once,14080,1,0,0,0,0,none,3,0,0,3,0,3,4,8,0,4,-1,0,1,1
loss_duplicates,confirmed_once,14080,0,1,0,1,0,COMMIT,11,1,1,11,0,6,72,144,0,-1,-1,4,1,1
loss_duplicates,confirmed_retry,14080,1,0,0,0,1,COMMIT,22,2,3,23,0,11,6,12,0,14,18,4,1,1
loss_duplicates,fixed,14081,0,0,1,0,0,none,0,0,0,0,0,0,0,0,0,-1,-1,0,0,0
loss_duplicates,ideal_atomic,14081,1,0,0,0,0,none,0,0,0,0,0,0,0,0,0,0,-1,0,1,1
loss_duplicates,command_once,14081,0,1,0,0,0,none,3,1,1,3,0,3,80,160,0,-1,-1,0,1,1
loss_duplicates,confirmed_once,14081,0,0,1,0,1,ABORT,12,1,3,14,0,6,0,0,0,-1,23,3,0,0
loss_duplicates,confirmed_retry,14081,1,0,0,0,1,COMMIT,24,4,6,26,0,13,4,10,0,15,17,4,1,1
loss_duplicates,fixed,14082,0,0,1,0,0,none,0,0,0,0,0,0,0,0,0,-1,-1,0,0,0
loss_duplicates,ideal_atomic,14082,1,0,0,0,0,none,0,0,0,0,0,0,0,0,0,0,-1,0,1,1
loss_duplicates,command_once,14082,1,0,0,0,0,none,3,0,1,4,0,3,3,6,0,3,-1,0,1,1
loss_duplicates,confirmed_once,14082,1,0,0,0,1,COMMIT,14,1,3,16,0,6,4,8,0,11,14,4,1,1
loss_duplicates,confirmed_retry,14082,1,0,0,0,1,COMMIT,27,2,8,33,0,12,4,8,0,10,11,4,1,1
loss_duplicates,fixed,14083,0,0,1,0,0,none,0,0,0,0,0,0,0,0,0,-1,-1,0,0,0
loss_duplicates,ideal_atomic,14083,1,0,0,0,0,none,0,0,0,0,0,0,0,0,0,0,-1,0,1,1
loss_duplicates,command_once,14083,1,0,0,0,0,none,3,0,0,3,0,3,4,8,0,4,-1,0,1,1
loss_duplicates,confirmed_once,14083,1,0,0,0,1,COMMIT,12,0,1,13,0,6,3,6,0,10,14,4,1,1
loss_duplicates,confirmed_retry,14083,1,0,0,0,1,COMMIT,24,3,2,23,0,13,3,6,0,10,14,4,1,1
loss_duplicates,fixed,14084,0,0,1,0,0,none,0,0,0,0,0,0,0,0,0,-1,-1,0,0,0
loss_duplicates,ideal_atomic,14084,1,0,0,0,0,none,0,0,0,0,0,0,0,0,0,0,-1,0,1,1
loss_duplicates,command_once,14084,0,1,0,0,0,none,3,1,1,3,0,3,80,160,0,-1,-1,0,1,1
loss_duplicates,confirmed_once,14084,0,0,1,0,1,ABORT,13,1,5,17,0,6,0,0,0,-1,22,3,0,0
loss_duplicates,confirmed_retry,14084,1,0,0,0,1,COMMIT,23,3,9,29,0,11,8,16,0,16,19,4,1,1
loss_duplicates,fixed,14085,0,0,1,0,0,none,0,0,0,0,0,0,0,0,0,-1,-1,0,0,0
loss_duplicates,ideal_atomic,14085,1,0,0,0,0,none,0,0,0,0,0,0,0,0,0,0,-1,0,1,1
loss_duplicates,command_once,14085,1,0,0,0,0,none,3,0,0,3,0,3,3,6,0,3,-1,0,1,1
loss_duplicates,confirmed_once,14085,0,1,0,1,0,COMMIT,13,1,4,16,0,6,74,152,0,-1,-1,4,1,1
loss_duplicates,confirmed_retry,14085,1,0,0,0,1,COMMIT,24,1,9,32,0,11,4,10,0,10,13,4,1,1
loss_duplicates,fixed,14086,0,0,1,0,0,none,0,0,0,0,0,0,0,0,0,-1,-1,0,0,0
loss_duplicates,ideal_atomic,14086,1,0,0,0,0,none,0,0,0,0,0,0,0,0,0,0,-1,0,1,1
loss_duplicates,command_once,14086,1,0,0,0,0,none,3,0,2,5,0,3,4,8,0,4,-1,0,1,1
loss_duplicates,confirmed_once,14086,0,1,0,1,0,COMMIT,15,1,6,20,0,6,73,146,0,-1,-1,4,1,1
loss_duplicates,confirmed_retry,14086,1,0,0,0,1,COMMIT,31,2,9,38,0,14,4,8,0,11,15,4,1,1
loss_duplicates,fixed,14087,0,0,1,0,0,none,0,0,0,0,0,0,0,0,0,-1,-1,0,0,0
loss_duplicates,ideal_atomic,14087,1,0,0,0,0,none,0,0,0,0,0,0,0,0,0,0,-1,0,1,1
loss_duplicates,command_once,14087,1,0,0,0,0,none,3,0,0,3,0,3,4,8,0,4,-1,0,1,1
loss_duplicates,confirmed_once,14087,1,0,0,0,1,COMMIT,12,0,1,13,0,6,3,6,0,9,12,4,1,1
loss_duplicates,confirmed_retry,14087,1,0,0,0,1,COMMIT,24,0,5,29,0,11,3,6,0,9,12,4,1,1
loss_duplicates,fixed,14088,0,0,1,0,0,none,0,0,0,0,0,0,0,0,0,-1,-1,0,0,0
loss_duplicates,ideal_atomic,14088,1,0,0,0,0,none,0,0,0,0,0,0,0,0,0,0,-1,0,1,1
loss_duplicates,command_once,14088,0,1,0,0,0,none,3,1,0,2,0,3,80,166,0,-1,-1,0,1,1
loss_duplicates,confirmed_once,14088,0,0,1,0,1,ABORT,11,1,4,14,0,6,0,0,0,-1,24,3,0,0
loss_duplicates,confirmed_retry,14088,1,0,0,0,1,COMMIT,23,3,8,28,0,11,4,10,0,13,16,4,1,1
loss_duplicates,fixed,14089,0,0,1,0,0,none,0,0,0,0,0,0,0,0,0,-1,-1,0,0,0
loss_duplicates,ideal_atomic,14089,1,0,0,0,0,none,0,0,0,0,0,0,0,0,0,0,-1,0,1,1
loss_duplicates,command_once,14089,1,0,0,0,0,none,3,0,2,5,0,3,4,8,0,4,-1,0,1,1
loss_duplicates,confirmed_once,14089,1,0,0,0,0,COMMIT,15,2,5,18,0,6,4,10,0,12,-1,4,1,1
loss_duplicates,confirmed_retry,14089,1,0,0,0,1,COMMIT,31,7,8,32,0,14,4,10,0,12,26,4,1,1
loss_duplicates,fixed,14090,0,0,1,0,0,none,0,0,0,0,0,0,0,0,0,-1,-1,0,0,0
loss_duplicates,ideal_atomic,14090,1,0,0,0,0,none,0,0,0,0,0,0,0,0,0,0,-1,0,1,1
loss_duplicates,command_once,14090,1,0,0,0,0,none,3,0,1,4,0,3,2,4,0,2,-1,0,1,1
loss_duplicates,confirmed_once,14090,1,0,0,0,1,COMMIT,14,0,5,19,0,6,3,6,0,8,11,4,1,1
loss_duplicates,confirmed_retry,14090,1,0,0,0,1,COMMIT,25,1,11,35,0,10,3,6,0,8,11,4,1,1
loss_duplicates,fixed,14091,0,0,1,0,0,none,0,0,0,0,0,0,0,0,0,-1,-1,0,0,0
loss_duplicates,ideal_atomic,14091,1,0,0,0,0,none,0,0,0,0,0,0,0,0,0,0,-1,0,1,1
loss_duplicates,command_once,14091,1,0,0,0,0,none,3,0,0,3,0,3,3,8,0,3,-1,0,1,1
loss_duplicates,confirmed_once,14091,1,0,0,0,1,COMMIT,12,0,2,14,0,6,4,10,0,8,10,4,1,1
loss_duplicates,confirmed_retry,14091,1,0,0,0,1,COMMIT,16,1,3,18,0,8,4,10,0,8,10,4,1,1
loss_duplicates,fixed,14092,0,0,1,0,0,none,0,0,0,0,0,0,0,0,0,-1,-1,0,0,0
loss_duplicates,ideal_atomic,14092,1,0,0,0,0,none,0,0,0,0,0,0,0,0,0,0,-1,0,1,1
loss_duplicates,command_once,14092,0,1,0,0,0,none,3,1,0,2,0,3,80,160,0,-1,-1,0,1,1
loss_duplicates,confirmed_once,14092,0,0,1,0,1,ABORT,13,2,3,14,0,6,0,0,0,-1,23,3,0,0
loss_duplicates,confirmed_retry,14092,1,0,0,0,1,COMMIT,32,3,9,38,0,14,4,10,0,18,19,4,1,1
loss_duplicates,fixed,14093,0,0,1,0,0,none,0,0,0,0,0,0,0,0,0,-1,-1,0,0,0
loss_duplicates,ideal_atomic,14093,1,0,0,0,0,none,0,0,0,0,0,0,0,0,0,0,-1,0,1,1
loss_duplicates,command_once,14093,1,0,0,0,0,none,3,0,2,5,0,3,4,12,0,4,-1,0,1,1
loss_duplicates,confirmed_once,14093,0,0,1,0,1,ABORT,14,3,5,16,0,6,0,0,0,-1,23,4,0,0
loss_duplicates,confirmed_retry,14093,1,0,0,0,1,COMMIT,29,4,9,34,0,12,3,10,0,12,18,4,1,1
loss_duplicates,fixed,14094,0,0,1,0,0,none,0,0,0,0,0,0,0,0,0,-1,-1,0,0,0
loss_duplicates,ideal_atomic,14094,1,0,0,0,0,none,0,0,0,0,0,0,0,0,0,0,-1,0,1,1
loss_duplicates,command_once,14094,1,0,0,0,0,none,3,0,2,5,0,3,3,6,0,3,-1,0,1,1
loss_duplicates,confirmed_once,14094,0,1,0,1,0,COMMIT,13,1,4,16,0,6,74,148,0,-1,-1,4,0,1
loss_duplicates,confirmed_retry,14094,1,0,0,0,1,COMMIT,28,2,8,34,0,14,10,20,0,16,17,4,1,1
loss_duplicates,fixed,14095,0,0,1,0,0,none,0,0,0,0,0,0,0,0,0,-1,-1,0,0,0
loss_duplicates,ideal_atomic,14095,1,0,0,0,0,none,0,0,0,0,0,0,0,0,0,0,-1,0,1,1
loss_duplicates,command_once,14095,1,0,0,0,0,none,3,0,1,4,0,3,4,8,0,4,-1,0,1,1
loss_duplicates,confirmed_once,14095,0,1,0,1,0,COMMIT,13,1,5,17,0,6,73,146,0,-1,-1,4,1,1
loss_duplicates,confirmed_retry,14095,1,0,0,0,1,COMMIT,26,4,7,29,0,12,4,12,0,10,14,4,1,1
loss_duplicates,fixed,14096,0,0,1,0,0,none,0,0,0,0,0,0,0,0,0,-1,-1,0,0,0
loss_duplicates,ideal_atomic,14096,1,0,0,0,0,none,0,0,0,0,0,0,0,0,0,0,-1,0,1,1
loss_duplicates,command_once,14096,1,0,0,0,0,none,3,0,1,4,0,3,3,6,0,3,-1,0,1,1
loss_duplicates,confirmed_once,14096,1,0,0,0,1,COMMIT,14,1,4,17,0,6,4,8,0,10,14,4,1,1
loss_duplicates,confirmed_retry,14096,1,0,0,0,1,COMMIT,23,1,5,27,0,10,3,6,0,9,12,4,1,1
loss_duplicates,fixed,14097,0,0,1,0,0,none,0,0,0,0,0,0,0,0,0,-1,-1,0,0,0
loss_duplicates,ideal_atomic,14097,1,0,0,0,0,none,0,0,0,0,0,0,0,0,0,0,-1,0,1,1
loss_duplicates,command_once,14097,1,0,0,0,0,none,3,0,0,3,0,3,4,8,0,4,-1,0,1,1
loss_duplicates,confirmed_once,14097,0,1,0,1,0,COMMIT,12,1,3,14,0,6,75,150,0,-1,-1,4,1,1
loss_duplicates,confirmed_retry,14097,1,0,0,0,1,COMMIT,21,3,4,22,0,11,5,10,0,10,12,4,1,1
loss_duplicates,fixed,14098,0,0,1,0,0,none,0,0,0,0,0,0,0,0,0,-1,-1,0,0,0
loss_duplicates,ideal_atomic,14098,1,0,0,0,0,none,0,0,0,0,0,0,0,0,0,0,-1,0,1,1
loss_duplicates,command_once,14098,1,0,0,0,0,none,3,0,0,3,0,3,3,6,0,3,-1,0,1,1
loss_duplicates,confirmed_once,14098,1,0,0,0,1,COMMIT,13,0,2,15,0,6,4,8,0,10,14,4,1,1
loss_duplicates,confirmed_retry,14098,1,0,0,0,1,COMMIT,26,0,5,31,0,12,4,8,0,10,14,4,1,1
loss_duplicates,fixed,14099,0,0,1,0,0,none,0,0,0,0,0,0,0,0,0,-1,-1,0,0,0
loss_duplicates,ideal_atomic,14099,1,0,0,0,0,none,0,0,0,0,0,0,0,0,0,0,-1,0,1,1
loss_duplicates,command_once,14099,1,0,0,0,0,none,3,0,1,4,0,3,3,6,0,3,-1,0,1,1
loss_duplicates,confirmed_once,14099,1,0,0,0,1,COMMIT,14,1,3,16,0,6,3,6,0,8,12,4,1,1
loss_duplicates,confirmed_retry,14099,1,0,0,0,1,COMMIT,22,2,4,24,0,10,3,6,0,8,12,4,1,1
loss_duplicates,fixed,14100,0,0,1,0,0,none,0,0,0,0,0,0,0,0,0,-1,-1,0,0,0
loss_duplicates,ideal_atomic,14100,1,0,0,0,0,none,0,0,0,0,0,0,0,0,0,0,-1,0,1,1
loss_duplicates,command_once,14100,0,1,0,0,0,none,3,1,0,2,0,3,80,166,0,-1,-1,0,1,1
loss_duplicates,confirmed_once,14100,0,0,1,0,1,ABORT,12,1,3,14,0,6,0,0,0,-1,24,3,0,0
loss_duplicates,confirmed_retry,14100,1,0,0,0,1,COMMIT,29,6,11,34,0,13,3,6,0,14,15,4,1,1
loss_duplicates,fixed,14101,0,0,1,0,0,none,0,0,0,0,0,0,0,0,0,-1,-1,0,0,0
loss_duplicates,ideal_atomic,14101,1,0,0,0,0,none,0,0,0,0,0,0,0,0,0,0,-1,0,1,1
loss_duplicates,command_once,14101,1,0,0,0,0,none,3,0,1,4,0,3,4,8,0,4,-1,0,1,1
loss_duplicates,confirmed_once,14101,1,0,0,0,1,COMMIT,14,1,4,17,0,6,3,10,0,11,13,4,1,1
loss_duplicates,confirmed_retry,14101,1,0,0,0,1,COMMIT,28,3,8,33,0,12,3,6,0,10,13,4,1,1
loss_duplicates,fixed,14102,0,0,1,0,0,none,0,0,0,0,0,0,0,0,0,-1,-1,0,0,0
loss_duplicates,ideal_atomic,14102,1,0,0,0,0,none,0,0,0,0,0,0,0,0,0,0,-1,0,1,1
loss_duplicates,command_once,14102,1,0,0,0,0,none,3,0,1,4,0,3,1,2,0,1,-1,0,1,1
loss_duplicates,confirmed_once,14102,1,0,0,0,0,COMMIT,13,3,2,12,0,6,2,4,0,5,-1,4,1,1
loss_duplicates,confirmed_retry,14102,1,0,0,0,1,COMMIT,21,4,4,21,0,10,2,4,0,5,11,4,1,1
loss_duplicates,fixed,14103,0,0,1,0,0,none,0,0,0,0,0,0,0,0,0,-1,-1,0,0,0
loss_duplicates,ideal_atomic,14103,1,0,0,0,0,none,0,0,0,0,0,0,0,0,0,0,-1,0,1,1
loss_duplicates,command_once,14103,1,0,0,0,0,none,3,0,1,4,0,3,4,12,0,4,-1,0,1,1
loss_duplicates,confirmed_once,14103,1,0,0,0,0,COMMIT,13,1,3,15,0,6,2,4,0,10,-1,4,1,1
loss_duplicates,confirmed_retry,14103,1,0,0,0,1,COMMIT,20,3,3,20,0,10,2,4,0,10,17,4,1,1
loss_duplicates,fixed,14104,0,0,1,0,0,none,0,0,0,0,0,0,0,0,0,-1,-1,0,0,0
loss_duplicates,ideal_atomic,14104,1,0,0,0,0,none,0,0,0,0,0,0,0,0,0,0,-1,0,1,1
loss_duplicates,command_once,14104,0,1,0,0,0,none,3,1,2,4,0,3,80,166,0,-1,-1,0,0,1
loss_duplicates,confirmed_once,14104,0,0,1,0,1,ABORT,14,1,8,21,0,6,0,0,0,-1,23,3,0,0
loss_duplicates,confirmed_retry,14104,1,0,0,0,1,COMMIT,27,1,13,39,0,12,4,10,0,13,15,4,1,1
loss_duplicates,fixed,14105,0,0,1,0,0,none,0,0,0,0,0,0,0,0,0,-1,-1,0,0,0
loss_duplicates,ideal_atomic,14105,1,0,0,0,0,none,0,0,0,0,0,0,0,0,0,0,-1,0,1,1
loss_duplicates,command_once,14105,1,0,0,0,0,none,3,0,2,5,0,3,3,6,0,3,-1,0,1,1
loss_duplicates,confirmed_once,14105,1,0,0,0,1,COMMIT,16,2,6,20,0,6,4,8,0,10,14,4,1,1
loss_duplicates,confirmed_retry,14105,1,0,0,0,1,COMMIT,29,3,10,36,0,12,4,8,0,10,12,4,1,1
loss_duplicates,fixed,14106,0,0,1,0,0,none,0,0,0,0,0,0,0,0,0,-1,-1,0,0,0
loss_duplicates,ideal_atomic,14106,1,0,0,0,0,none,0,0,0,0,0,0,0,0,0,0,-1,0,1,1
loss_duplicates,command_once,14106,1,0,0,0,0,none,3,0,0,3,0,3,4,14,0,4,-1,0,1,1
loss_duplicates,confirmed_once,14106,1,0,0,0,0,COMMIT,13,2,3,14,0,6,2,4,0,10,-1,4,1,1
loss_duplicates,confirmed_retry,14106,1,0,0,0,1,COMMIT,23,4,7,26,0,10,2,4,0,10,16,4,1,1
loss_duplicates,fixed,14107,0,0,1,0,0,none,0,0,0,0,0,0,0,0,0,-1,-1,0,0,0
loss_duplicates,ideal_atomic,14107,1,0,0,0,0,none,0,0,0,0,0,0,0,0,0,0,-1,0,1,1
loss_duplicates,command_once,14107,1,0,0,0,0,none,3,0,0,3,0,3,4,10,0,4,-1,0,1,1
loss_duplicates,confirmed_once,14107,1,0,0,0,1,COMMIT,12,0,1,13,0,6,3,6,0,9,10,4,1,1
loss_duplicates,confirmed_retry,14107,1,0,0,0,1,COMMIT,17,3,2,16,0,10,3,6,0,9,10,4,1,1
loss_duplicates,fixed,14108,0,0,1,0,0,none,0,0,0,0,0,0,0,0,0,-1,-1,0,0,0
loss_duplicates,ideal_atomic,14108,1,0,0,0,0,none,0,0,0,0,0,0,0,0,0,0,-1,0,1,1
loss_duplicates,command_once,14108,1,0,0,0,0,none,3,0,1,4,0,3,4,8,0,4,-1,0,1,1
loss_duplicates,confirmed_once,14108,0,0,1,0,0,ABORT,13,3,2,12,0,6,0,0,0,-1,-1,4,0,0
loss_duplicates,confirmed_retry,14108,1,0,0,0,1,COMMIT,26,4,5,27,0,13,3,10,0,10,13,4,1,1
loss_duplicates,fixed,14109,0,0,1,0,0,none,0,0,0,0,0,0,0,0,0,-1,-1,0,0,0
loss_duplicates,ideal_atomic,14109,1,0,0,0,0,none,0,0,0,0,0,0,0,0,0,0,-1,0,1,1
loss_duplicates,command_once,14109,0,1,0,0,0,none,3,1,1,3,0,3,80,164,0,-1,-1,0,0,1
loss_duplicates,confirmed_once,14109,0,0,1,0,0,ABORT,12,2,3,13,0,6,0,0,0,-1,-1,3,0,0
loss_duplicates,confirmed_retry,14109,1,0,0,0,1,COMMIT,29,4,9,34,0,12,8,16,0,16,20,4,1,1
loss_duplicates,fixed,14110,0,0,1,0,0,none,0,0,0,0,0,0,0,0,0,-1,-1,0,0,0
loss_duplicates,ideal_atomic,14110,1,0,0,0,0,none,0,0,0,0,0,0,0,0,0,0,-1,0,1,1
loss_duplicates,command_once,14110,0,1,0,0,0,none,3,1,0,2,0,3,80,162,0,-1,-1,0,1,1
loss_duplicates,confirmed_once,14110,0,0,1,0,1,ABORT,12,1,4,15,0,6,0,0,0,-1,22,3,0,0
loss_duplicates,confirmed_retry,14110,1,0,0,0,1,COMMIT,23,4,6,25,0,12,2,4,0,9,10,4,1,1
loss_duplicates,fixed,14111,0,0,1,0,0,none,0,0,0,0,0,0,0,0,0,-1,-1,0,0,0
loss_duplicates,ideal_atomic,14111,1,0,0,0,0,none,0,0,0,0,0,0,0,0,0,0,-1,0,1,1
loss_duplicates,command_once,14111,1,0,0,0,0,none,3,0,1,4,0,3,2,4,0,2,-1,0,1,1
loss_duplicates,confirmed_once,14111,1,0,0,0,1,COMMIT,15,3,6,18,0,6,4,8,0,9,19,4,1,1
loss_duplicates,confirmed_retry,14111,1,0,0,0,1,COMMIT,26,4,9,31,0,11,4,8,0,9,16,4,1,1
loss_duplicates,fixed,14112,0,0,1,0,0,none,0,0,0,0,0,0,0,0,0,-1,-1,0,0,0
loss_duplicates,ideal_atomic,14112,1,0,0,0,0,none,0,0,0,0,0,0,0,0,0,0,-1,0,1,1
loss_duplicates,command_once,14112,1,0,0,0,0,none,3,0,0,3,0,3,4,8,0,4,-1,0,1,1
loss_duplicates,confirmed_once,14112,0,1,0,1,0,COMMIT,11,2,1,10,0,6,72,144,0,-1,-1,4,1,1
loss_duplicates,confirmed_retry,14112,1,0,0,0,1,COMMIT,25,2,7,30,0,12,6,12,0,14,17,4,1,1
loss_duplicates,fixed,14113,0,0,1,0,0,none,0,0,0,0,0,0,0,0,0,-1,-1,0,0,0
loss_duplicates,ideal_atomic,14113,1,0,0,0,0,none,0,0,0,0,0,0,0,0,0,0,-1,0,1,1
loss_duplicates,command_once,14113,1,0,0,0,0,none,3,0,0,3,0,3,2,6,0,2,-1,0,1,1
loss_duplicates,confirmed_once,14113,0,0,1,1,0,ABORT,11,2,2,11,0,6,0,0,0,-1,-1,4,0,0
loss_duplicates,confirmed_retry,14113,1,0,0,0,1,COMMIT,28,2,4,30,0,14,3,6,0,14,17,4,1,1
loss_duplicates,fixed,14114,0,0,1,0,0,none,0,0,0,0,0,0,0,0,0,-1,-1,0,0,0
loss_duplicates,ideal_atomic,14114,1,0,0,0,0,none,0,0,0,0,0,0,0,0,0,0,-1,0,1,1
loss_duplicates,command_once,14114,0,1,0,0,0,none,3,1,1,3,0,3,80,160,0,-1,-1,0,1,1
loss_duplicates,confirmed_once,14114,0,0,1,0,0,ABORT,14,3,4,15,0,6,0,0,0,-1,-1,3,0,0
loss_duplicates,confirmed_retry,14114,1,0,0,0,1,COMMIT,33,5,11,39,0,15,4,8,0,17,21,4,1,1
loss_duplicates,fixed,14115,0,0,1,0,0,none,0,0,0,0,0,0,0,0,0,-1,-1,0,0,0
loss_duplicates,ideal_atomic,14115,1,0,0,0,0,none,0,0,0,0,0,0,0,0,0,0,-1,0,1,1
loss_duplicates,command_once,14115,1,0,0,0,0,none,3,0,1,4,0,3,3,6,0,3,-1,0,1,1
loss_duplicates,confirmed_once,14115,1,0,0,0,1,COMMIT,15,1,4,18,0,6,3,6,0,9,13,4,1,1
loss_duplicates,confirmed_retry,14115,1,0,0,0,1,COMMIT,28,1,10,37,0,12,3,6,0,9,13,4,1,1
loss_duplicates,fixed,14116,0,0,1,0,0,none,0,0,0,0,0,0,0,0,0,-1,-1,0,0,0
loss_duplicates,ideal_atomic,14116,1,0,0,0,0,none,0,0,0,0,0,0,0,0,0,0,-1,0,1,1
loss_duplicates,command_once,14116,1,0,0,0,0,none,3,0,0,3,0,3,4,8,0,4,-1,0,1,1
loss_duplicates,confirmed_once,14116,1,0,0,0,1,COMMIT,12,0,2,14,0,6,4,8,0,12,16,4,1,1
loss_duplicates,confirmed_retry,14116,1,0,0,0,1,COMMIT,19,2,4,21,0,9,4,8,0,12,16,4,1,1
loss_duplicates,fixed,14117,0,0,1,0,0,none,0,0,0,0,0,0,0,0,0,-1,-1,0,0,0
loss_duplicates,ideal_atomic,14117,1,0,0,0,0,none,0,0,0,0,0,0,0,0,0,0,-1,0,1,1
loss_duplicates,command_once,14117,1,0,0,0,0,none,3,0,0,3,0,3,4,14,0,4,-1,0,1,1
loss_duplicates,confirmed_once,14117,0,1,0,1,0,COMMIT,12,2,2,12,0,6,73,146,0,-1,-1,4,0,1
loss_duplicates,confirmed_retry,14117,1,0,0,0,1,COMMIT,29,3,6,32,0,13,5,10,0,12,14,4,1,1
loss_duplicates,fixed,14118,0,0,1,0,0,none,0,0,0,0,0,0,0,0,0,-1,-1,0,0,0
loss_duplicates,ideal_atomic,14118,1,0,0,0,0,none,0,0,0,0,0,0,0,0,0,0,-1,0,1,1
loss_duplicates,command_once,14118,1,0,0,0,0,none,3,0,3,6,0,3,4,8,0,4,-1,0,1,1
loss_duplicates,confirmed_once,14118,0,1,0,1,0,COMMIT,14,2,4,16,0,6,68,138,0,-1,-1,4,1,1
loss_duplicates,confirmed_retry,14118,1,0,0,0,1,COMMIT,29,3,9,35,0,13,3,6,0,12,15,4,1,1
loss_duplicates,fixed,14119,0,0,1,0,0,none,0,0,0,0,0,0,0,0,0,-1,-1,0,0,0
loss_duplicates,ideal_atomic,14119,1,0,0,0,0,none,0,0,0,0,0,0,0,0,0,0,-1,0,1,1
loss_duplicates,command_once,14119,0,1,0,0,0,none,3,1,0,2,0,3,80,166,0,-1,-1,0,0,1
loss_duplicates,confirmed_once,14119,0,0,1,1,0,ABORT,10,2,0,8,0,6,0,0,0,-1,-1,3,0,0
loss_duplicates,confirmed_retry,14119,1,0,0,0,1,COMMIT,25,2,6,29,0,12,2,4,0,13,15,4,1,1
loss_duplicates,fixed,14120,0,0,1,0,0,none,0,0,0,0,0,0,0,0,0,-1,-1,0,0,0
loss_duplicates,ideal_atomic,14120,1,0,0,0,0,none,0,0,0,0,0,0,0,0,0,0,-1,0,1,1
loss_duplicates,command_once,14120,1,0,0,0,0,none,3,0,0,3,0,3,4,8,0,4,-1,0,1,1
loss_duplicates,confirmed_once,14120,0,0,1,1,0,ABORT,12,2,4,14,0,6,0,0,0,-1,-1,4,0,0
loss_duplicates,confirmed_retry,14120,1,0,0,0,1,COMMIT,35,6,13,42,0,15,4,8,0,17,21,4,1,1
loss_duplicates,fixed,14121,0,0,1,0,0,none,0,0,0,0,0,0,0,0,0,-1,-1,0,0,0
loss_duplicates,ideal_atomic,14121,1,0,0,0,0,none,0,0,0,0,0,0,0,0,0,0,-1,0,1,1
loss_duplicates,command_once,14121,1,0,0,0,0,none,3,0,1,4,0,3,2,4,0,2,-1,0,1,1
loss_duplicates,confirmed_once,14121,1,0,0,0,1,COMMIT,14,0,2,16,0,6,3,6,0,7,9,4,1,1
loss_duplicates,confirmed_retry,14121,1,0,0,0,1,COMMIT,16,0,2,18,0,7,3,6,0,7,9,4,1,1
loss_duplicates,fixed,14122,0,0,1,0,0,none,0,0,0,0,0,0,0,0,0,-1,-1,0,0,0
loss_duplicates,ideal_atomic,14122,1,0,0,0,0,none,0,0,0,0,0,0,0,0,0,0,-1,0,1,1
loss_duplicates,command_once,14122,1,0,0,0,0,none,3,0,1,4,0,3,4,8,0,4,-1,0,1,1
loss_duplicates,confirmed_once,14122,1,0,0,0,1,COMMIT,14,1,5,18,0,6,4,8,0,10,14,4,1,1
loss_duplicates,confirmed_retry,14122,1,0,0,0,1,COMMIT,29,3,9,35,0,13,4,8,0,10,14,4,1,1
loss_duplicates,fixed,14123,0,0,1,0,0,none,0,0,0,0,0,0,0,0,0,-1,-1,0,0,0
loss_duplicates,ideal_atomic,14123,1,0,0,0,0,none,0,0,0,0,0,0,0,0,0,0,-1,0,1,1
loss_duplicates,command_once,14123,0,1,0,0,0,none,3,1,2,4,0,3,80,160,0,-1,-1,0,1,1
loss_duplicates,confirmed_once,14123,0,0,1,1,0,ABORT,14,5,5,14,0,6,0,0,0,-1,-1,3,0,0
loss_duplicates,confirmed_retry,14123,1,0,0,0,1,COMMIT,23,5,7,25,0,11,7,14,0,15,19,4,1,1
loss_duplicates,fixed,14124,0,0,1,0,0,none,0,0,0,0,0,0,0,0,0,-1,-1,0,0,0
loss_duplicates,ideal_atomic,14124,1,0,0,0,0,none,0,0,0,0,0,0,0,0,0,0,-1,0,1,1
loss_duplicates,command_once,14124,1,0,0,0,0,none,3,0,2,5,0,3,4,12,0,4,-1,0,1,1
loss_duplicates,confirmed_once,14124,1,0,0,0,0,COMMIT,14,1,4,17,0,6,4,12,0,9,-1,4,1,1
loss_duplicates,confirmed_retry,14124,1,0,0,0,1,COMMIT,25,2,8,31,0,11,4,12,0,9,13,4,1,1
loss_duplicates,fixed,14125,0,0,1,0,0,none,0,0,0,0,0,0,0,0,0,-1,-1,0,0,0
loss_duplicates,ideal_atomic,14125,1,0,0,0,0,none,0,0,0,0,0,0,0,0,0,0,-1,0,1,1
loss_duplicates,command_once,14125,1,0,0,0,0,none,3,0,1,4,0,3,2,4,0,2,-1,0,1,1
loss_duplicates,confirmed_once,14125,1,0,0,0,1,COMMIT,14,0,6,20,0,6,4,8,0,9,13,4,1,1
loss_duplicates,confirmed_retry,14125,1,0,0,0,1,COMMIT,24,2,7,29,0,11,4,8,0,9,13,4,1,1
loss_duplicates,fixed,14126,0,0,1,0,0,none,0,0,0,0,0,0,0,0,0,-1,-1,0,0,0
loss_duplicates,ideal_atomic,14126,1,0,0,0,0,none,0,0,0,0,0,0,0,0,0,0,-1,0,1,1
loss_duplicates,command_once,14126,1,0,0,0,0,none,3,0,1,4,0,3,4,10,0,4,-1,0,1,1
loss_duplicates,confirmed_once,14126,0,1,0,1,0,COMMIT,13,1,5,17,0,6,72,146,0,-1,-1,4,0,1
loss_duplicates,confirmed_retry,14126,1,0,0,0,1,COMMIT,25,2,9,32,0,11,8,18,0,16,17,4,1,1
loss_duplicates,fixed,14127,0,0,1,0,0,none,0,0,0,0,0,0,0,0,0,-1,-1,0,0,0
loss_duplicates,ideal_atomic,14127,1,0,0,0,0,none,0,0,0,0,0,0,0,0,0,0,-1,0,1,1
loss_duplicates,command_once,14127,1,0,0,0,0,none,3,0,0,3,0,3,3,6,0,3,-1,0,1,1
loss_duplicates,confirmed_once,14127,0,0,1,0,1,ABORT,14,1,3,16,0,6,0,0,0,-1,21,4,0,0
loss_duplicates,confirmed_retry,14127,1,0,0,0,1,COMMIT,30,3,9,36,0,13,5,10,0,15,18,4,1,1
loss_duplicates,fixed,14128,0,0,1,0,0,none,0,0,0,0,0,0,0,0,0,-1,-1,0,0,0
loss_duplicates,ideal_atomic,14128,1,0,0,0,0,none,0,0,0,0,0,0,0,0,0,0,-1,0,1,1
loss_duplicates,command_once,14128,1,0,0,0,0,none,3,0,1,4,0,3,1,2,0,1,-1,0,1,1
loss_duplicates,confirmed_once,14128,0,0,1,0,1,ABORT,13,1,2,14,0,6,0,0,0,-1,21,4,0,0
loss_duplicates,confirmed_retry,14128,1,0,0,0,1,COMMIT,24,1,5,28,0,11,4,8,0,13,15,4,1,1
loss_duplicates,fixed,14129,0,0,1,0,0,none,0,0,0,0,0,0,0,0,0,-1,-1,0,0,0
loss_duplicates,ideal_atomic,14129,1,0,0,0,0,none,0,0,0,0,0,0,0,0,0,0,-1,0,1,1
loss_duplicates,command_once,14129,0,1,0,0,0,none,3,1,1,3,0,3,80,160,0,-1,-1,0,1,1
loss_duplicates,confirmed_once,14129,0,0,1,0,0,ABORT,12,2,4,14,0,6,0,0,0,-1,-1,3,0,0
loss_duplicates,confirmed_retry,14129,1,0,0,0,1,COMMIT,24,1,8,31,0,11,4,8,0,13,16,4,1,1
loss_duplicates,fixed,14130,0,0,1,0,0,none,0,0,0,0,0,0,0,0,0,-1,-1,0,0,0
loss_duplicates,ideal_atomic,14130,1,0,0,0,0,none,0,0,0,0,0,0,0,0,0,0,-1,0,1,1
loss_duplicates,command_once,14130,0,1,0,0,0,none,3,1,1,3,0,3,80,160,0,-1,-1,0,0,1
loss_duplicates,confirmed_once,14130,0,0,1,1,0,ABORT,12,3,4,13,0,6,0,0,0,-1,-1,3,0,0
loss_duplicates,confirmed_retry,14130,1,0,0,0,1,COMMIT,24,4,8,28,0,12,4,12,0,14,16,4,1,1
loss_duplicates,fixed,14131,0,0,1,0,0,none,0,0,0,0,0,0,0,0,0,-1,-1,0,0,0
loss_duplicates,ideal_atomic,14131,1,0,0,0,0,none,0,0,0,0,0,0,0,0,0,0,-1,0,1,1
loss_duplicates,command_once,14131,1,0,0,0,0,none,3,0,0,3,0,3,2,4,0,2,-1,0,1,1
loss_duplicates,confirmed_once,14131,1,0,0,0,0,COMMIT,12,1,3,14,0,6,4,8,0,8,-1,4,1,1
loss_duplicates,confirmed_retry,14131,1,0,0,0,1,COMMIT,20,2,5,23,0,10,4,8,0,8,16,4,1,1
loss_duplicates,fixed,14132,0,0,1,0,0,none,0,0,0,0,0,0,0,0,0,-1,-1,0,0,0
loss_duplicates,ideal_atomic,14132,1,0,0,0,0,none,0,0,0,0,0,0,0,0,0,0,-1,0,1,1
loss_duplicates,command_once,14132,1,0,0,0,0,none,3,0,2,5,0,3,3,6,0,3,-1,0,1,1
loss_duplicates,confirmed_once,14132,1,0,0,0,1,COMMIT,17,0,8,25,0,6,4,12,0,11,13,4,1,1
loss_duplicates,confirmed_retry,14132,1,0,0,0,1,COMMIT,32,1,12,43,0,13,4,12,0,11,13,4,1,1
loss_duplicates,fixed,14133,0,0,1,0,0,none,0,0,0,0,0,0,0,0,0,-1,-1,0,0,0
loss_duplicates,ideal_atomic,14133,1,0,0,0,0,none,0,0,0,0,0,0,0,0,0,0,-1,0,1,1
loss_duplicates,command_once,14133,1,0,0,0,0,none,3,0,1,4,0,3,4,12,0,4,-1,0,1,1
loss_duplicates,confirmed_once,14133,0,0,1,0,0,ABORT,14,2,3,15,0,6,0,0,0,-1,-1,4,0,0
loss_duplicates,confirmed_retry,14133,1,0,0,0,1,COMMIT,26,4,4,26,0,12,5,10,0,14,18,4,1,1
loss_duplicates,fixed,14134,0,0,1,0,0,none,0,0,0,0,0,0,0,0,0,-1,-1,0,0,0
loss_duplicates,ideal_atomic,14134,1,0,0,0,0,none,0,0,0,0,0,0,0,0,0,0,-1,0,1,1
loss_duplicates,command_once,14134,1,0,0,0,0,none,3,0,0,3,0,3,4,8,0,4,-1,0,1,1
loss_duplicates,confirmed_once,14134,0,0,1,0,0,ABORT,12,2,2,12,0,6,0,0,0,-1,-1,4,0,0
loss_duplicates,confirmed_retry,14134,1,0,0,0,1,COMMIT,30,4,7,33,0,14,1,2,0,12,20,4,1,1
loss_duplicates,fixed,14135,0,0,1,0,0,none,0,0,0,0,0,0,0,0,0,-1,-1,0,0,0
loss_duplicates,ideal_atomic,14135,1,0,0,0,0,none,0,0,0,0,0,0,0,0,0,0,-1,0,1,1
loss_duplicates,command_once,14135,1,0,0,0,0,none,3,0,1,4,0,3,3,6,0,3,-1,0,1,1
loss_duplicates,confirmed_once,14135,1,0,0,0,1,COMMIT,15,1,6,20,0,6,4,8,0,10,12,4,1,1
loss_duplicates,confirmed_retry,14135,1,0,0,0,1,COMMIT,25,1,9,33,0,10,4,8,0,10,12,4,1,1
loss_duplicates,fixed,14136,0,0,1,0,0,none,0,0,0,0,0,0,0,0,0,-1,-1,0,0,0
loss_duplicates,ideal_atomic,14136,1,0,0,0,0,none,0,0,0,0,0,0,0,0,0,0,-1,0,1,1
loss_duplicates,command_once,14136,0,1,0,0,0,none,3,1,0,2,0,3,80,164,0,-1,-1,0,0,1
loss_duplicates,confirmed_once,14136,0,0,1,0,1,ABORT,11,1,2,12,0,6,0,0,0,-1,22,3,0,0
loss_duplicates,confirmed_retry,14136,1,0,0,0,1,COMMIT,26,1,13,38,0,11,2,4,0,9,12,4,1,1
loss_duplicates,fixed,14137,0,0,1,0,0,none,0,0,0,0,0,0,0,0,0,-1,-1,0,0,0
loss_duplicates,ideal_atomic,14137,1,0,0,0,0,none,0,0,0,0,0,0,0,0,0,0,-1,0,1,1
loss_duplicates,command_once,14137,1,0,0,0,0,none,3,0,3,6,0,3,2,4,0,2,-1,0,1,1
loss_duplicates,confirmed_once,14137,0,1,0,1,0,COMMIT,16,2,8,22,0,6,75,152,0,-1,-1,4,1,1
loss_duplicates,confirmed_retry,14137,1,0,0,0,1,COMMIT,28,4,10,34,0,12,6,14,0,11,20,4,1,1
loss_duplicates,fixed,14138,0,0,1,0,0,none,0,0,0,0,0,0,0,0,0,-1,-1,0,0,0
loss_duplicates,ideal_atomic,14138,1,0,0,0,0,none,0,0,0,0,0,0,0,0,0,0,-1,0,1,1
loss_duplicates,command_once,14138,1,0,0,0,0,none,3,0,2,5,0,3,4,12,0,4,-1,0,1,1
loss_duplicates,confirmed_once,14138,0,1,0,1,0,COMMIT,14,2,4,16,0,6,74,148,0,-1,-1,4,0,1
loss_duplicates,confirmed_retry,14138,1,0,0,0,1,COMMIT,31,3,10,38,0,13,6,12,0,12,18,4,1,1
loss_duplicates,fixed,14139,0,0,1,0,0,none,0,0,0,0,0,0,0,0,0,-1,-1,0,0,0
loss_duplicates,ideal_atomic,14139,1,0,0,0,0,none,0,0,0,0,0,0,0,0,0,0,-1,0,1,1
loss_duplicates,command_once,14139,0,1,0,0,0,none,3,2,0,1,0,3,80,160,0,-1,-1,0,1,1
loss_duplicates,confirmed_once,14139,0,0,1,0,1,ABORT,12,2,3,13,0,6,0,0,0,-1,24,2,0,0
loss_duplicates,confirmed_retry,14139,1,0,0,0,1,COMMIT,23,3,2,22,0,12,4,8,0,13,15,4,1,1
loss_duplicates,fixed,14140,0,0,1,0,0,none,0,0,0,0,0,0,0,0,0,-1,-1,0,0,0
loss_duplicates,ideal_atomic,14140,1,0,0,0,0,none,0,0,0,0,0,0,0,0,0,0,-1,0,1,1
loss_duplicates,command_once,14140,0,1,0,0,0,none,3,1,0,2,0,3,80,160,0,-1,-1,0,0,1
loss_duplicates,confirmed_once,14140,0,0,1,0,1,ABORT,11,2,0,9,0,6,0,0,0,-1,24,3,0,0
loss_duplicates,confirmed_retry,14140,1,0,0,0,1,COMMIT,29,3,11,37,0,14,1,2,0,12,15,4,1,1
loss_duplicates,fixed,14141,0,0,1,0,0,none,0,0,0,0,0,0,0,0,0,-1,-1,0,0,0
loss_duplicates,ideal_atomic,14141,1,0,0,0,0,none,0,0,0,0,0,0,0,0,0,0,-1,0,1,1
loss_duplicates,command_once,14141,0,1,0,0,0,none,3,1,1,3,0,3,80,162,0,-1,-1,0,1,1
loss_duplicates,confirmed_once,14141,0,0,1,2,0,ABORT,10,3,2,9,0,6,0,0,0,-1,-1,3,0,0
loss_duplicates,confirmed_retry,14141,1,0,0,0,1,COMMIT,27,4,9,32,0,12,3,6,0,13,16,4,1,1
loss_duplicates,fixed,14142,0,0,1,0,0,none,0,0,0,0,0,0,0,0,0,-1,-1,0,0,0
loss_duplicates,ideal_atomic,14142,1,0,0,0,0,none,0,0,0,0,0,0,0,0,0,0,-1,0,1,1
loss_duplicates,command_once,14142,0,1,0,0,0,none,3,1,0,2,0,3,80,160,0,-1,-1,0,1,1
loss_duplicates,confirmed_once,14142,0,0,1,0,0,ABORT,11,2,3,12,0,6,0,0,0,-1,-1,3,0,0
loss_duplicates,confirmed_retry,14142,1,0,0,0,1,COMMIT,34,4,11,41,0,16,5,10,0,18,22,4,1,1
loss_duplicates,fixed,14143,0,0,1,0,0,none,0,0,0,0,0,0,0,0,0,-1,-1,0,0,0
loss_duplicates,ideal_atomic,14143,1,0,0,0,0,none,0,0,0,0,0,0,0,0,0,0,-1,0,1,1
loss_duplicates,command_once,14143,1,0,0,0,0,none,3,0,0,3,0,3,4,10,0,4,-1,0,1,1
loss_duplicates,confirmed_once,14143,0,1,0,1,0,COMMIT,11,1,2,12,0,6,74,152,0,-1,-1,4,1,1
loss_duplicates,confirmed_retry,14143,1,0,0,0,1,COMMIT,19,3,4,20,0,11,4,12,0,10,13,4,1,1
loss_duplicates,fixed,14144,0,0,1,0,0,none,0,0,0,0,0,0,0,0,0,-1,-1,0,0,0
loss_duplicates,ideal_atomic,14144,1,0,0,0,0,none,0,0,0,0,0,0,0,0,0,0,-1,0,1,1
loss_duplicates,command_once,14144,0,1,0,0,0,none,3,1,0,2,0,3,80,160,0,-1,-1,0,0,1
loss_duplicates,confirmed_once,14144,0,0,1,0,1,ABORT,13,1,4,16,0,6,0,0,0,-1,23,3,0,0
loss_duplicates,confirmed_retry,14144,1,0,0,0,1,COMMIT,29,4,8,33,0,14,4,10,0,15,17,4,1,1
loss_duplicates,fixed,14145,0,0,1,0,0,none,0,0,0,0,0,0,0,0,0,-1,-1,0,0,0
loss_duplicates,ideal_atomic,14145,1,0,0,0,0,none,0,0,0,0,0,0,0,0,0,0,-1,0,1,1
loss_duplicates,command_once,14145,0,1,0,0,0,none,3,1,0,2,0,3,80,160,0,-1,-1,0,1,1
loss_duplicates,confirmed_once,14145,0,0,1,0,1,ABORT,12,2,2,12,0,6,0,0,0,-1,22,3,0,0
loss_duplicates,confirmed_retry,14145,1,0,0,0,1,COMMIT,27,4,9,32,0,13,8,20,0,20,21,4,1,1
loss_duplicates,fixed,14146,0,0,1,0,0,none,0,0,0,0,0,0,0,0,0,-1,-1,0,0,0
loss_duplicates,ideal_atomic,14146,1,0,0,0,0,none,0,0,0,0,0,0,0,0,0,0,-1,0,1,1
loss_duplicates,command_once,14146,0,1,0,0,0,none,3,1,0,2,0,3,80,160,0,-1,-1,0,0,1
loss_duplicates,confirmed_once,14146,0,0,1,0,1,ABORT,13,1,4,16,0,6,0,0,0,-1,21,3,0,0
loss_duplicates,confirmed_retry,14146,1,0,0,0,1,COMMIT,28,3,10,35,0,12,3,6,0,10,13,4,1,1
loss_duplicates,fixed,14147,0,0,1,0,0,none,0,0,0,0,0,0,0,0,0,-1,-1,0,0,0
loss_duplicates,ideal_atomic,14147,1,0,0,0,0,none,0,0,0,0,0,0,0,0,0,0,-1,0,1,1
loss_duplicates,command_once,14147,1,0,0,0,0,none,3,0,1,4,0,3,3,6,0,3,-1,0,1,1
loss_duplicates,confirmed_once,14147,0,0,1,1,0,ABORT,12,2,2,12,0,6,0,0,0,-1,-1,4,0,0
loss_duplicates,confirmed_retry,14147,1,0,0,0,1,COMMIT,28,7,9,30,0,14,4,8,0,15,24,4,1,1
loss_duplicates,fixed,14148,0,0,1,0,0,none,0,0,0,0,0,0,0,0,0,-1,-1,0,0,0
loss_duplicates,ideal_atomic,14148,1,0,0,0,0,none,0,0,0,0,0,0,0,0,0,0,-1,0,1,1
loss_duplicates,command_once,14148,1,0,0,0,0,none,3,0,1,4,0,3,4,8,0,4,-1,0,1,1
loss_duplicates,confirmed_once,14148,1,0,0,0,1,COMMIT,14,1,3,16,0,6,3,6,0,10,14,4,1,1
loss_duplicates,confirmed_retry,14148,1,0,0,0,1,COMMIT,25,2,7,30,0,11,3,6,0,10,13,4,1,1
loss_duplicates,fixed,14149,0,0,1,0,0,none,0,0,0,0,0,0,0,0,0,-1,-1,0,0,0
loss_duplicates,ideal_atomic,14149,1,0,0,0,0,none,0,0,0,0,0,0,0,0,0,0,-1,0,1,1
loss_duplicates,command_once,14149,1,0,0,0,0,none,3,0,1,4,0,3,4,8,0,4,-1,0,1,1
loss_duplicates,confirmed_once,14149,1,0,0,0,1,COMMIT,15,0,8,23,0,6,3,6,0,10,12,4,1,1
loss_duplicates,confirmed_retry,14149,1,0,0,0,1,COMMIT,28,1,12,39,0,12,3,6,0,10,12,4,1,1
loss_duplicates,fixed,14150,0,0,1,0,0,none,0,0,0,0,0,0,0,0,0,-1,-1,0,0,0
loss_duplicates,ideal_atomic,14150,1,0,0,0,0,none,0,0,0,0,0,0,0,0,0,0,-1,0,1,1
loss_duplicates,command_once,14150,0,1,0,0,0,none,3,1,1,3,0,3,80,160,0,-1,-1,0,0,1
loss_duplicates,confirmed_once,14150,0,0,1,0,0,ABORT,12,2,2,12,0,6,0,0,0,-1,-1,3,0,0
loss_duplicates,confirmed_retry,14150,1,0,0,0,1,COMMIT,23,3,2,22,0,12,2,4,0,13,15,4,1,1
loss_duplicates,fixed,14151,0,0,1,0,0,none,0,0,0,0,0,0,0,0,0,-1,-1,0,0,0
loss_duplicates,ideal_atomic,14151,1,0,0,0,0,none,0,0,0,0,0,0,0,0,0,0,-1,0,1,1
loss_duplicates,command_once,14151,1,0,0,0,0,none,3,0,1,4,0,3,3,8,0,3,-1,0,1,1
loss_duplicates,confirmed_once,14151,1,0,0,0,1,COMMIT,14,0,4,18,0,6,3,8,0,10,13,4,1,1
loss_duplicates,confirmed_retry,14151,1,0,0,0,1,COMMIT,25,4,7,28,0,12,3,8,0,10,13,4,1,1
loss_duplicates,fixed,14152,0,0,1,0,0,none,0,0,0,0,0,0,0,0,0,-1,-1,0,0,0
loss_duplicates,ideal_atomic,14152,1,0,0,0,0,none,0,0,0,0,0,0,0,0,0,0,-1,0,1,1
loss_duplicates,command_once,14152,1,0,0,0,0,none,3,0,0,3,0,3,4,8,0,4,-1,0,1,1
loss_duplicates,confirmed_once,14152,0,0,1,1,0,ABORT,11,2,3,12,0,6,0,0,0,-1,-1,4,0,0
loss_duplicates,confirmed_retry,14152,1,0,0,0,1,COMMIT,27,2,7,32,0,13,4,8,0,13,16,4,1,1
loss_duplicates,fixed,14153,0,0,1,0,0,none,0,0,0,0,0,0,0,0,0,-1,-1,0,0,0
loss_duplicates,ideal_atomic,14153,1,0,0,0,0,none,0,0,0,0,0,0,0,0,0,0,-1,0,1,1
loss_duplicates,command_once,14153,1,0,0,0,0,none,3,0,3,6,0,3,3,8,0,3,-1,0,1,1
loss_duplicates,confirmed_once,14153,0,1,0,1,0,COMMIT,15,3,5,17,0,6,73,146,0,-1,-1,4,1,1
loss_duplicates,confirmed_retry,14153,1,0,0,0,1,COMMIT,29,5,6,30,0,13,5,10,0,12,16,4,1,1
loss_duplicates,fixed,14154,0,0,1,0,0,none,0,0,0,0,0,0,0,0,0,-1,-1,0,0,0
loss_duplicates,ideal_atomic,14154,1,0,0,0,0,none,0,0,0,0,0,0,0,0,0,0,-1,0,1,1
loss_duplicates,command_once,14154,1,0,0,0,0,none,3,0,1,4,0,3,4,8,0,4,-1,0,1,1
loss_duplicates,confirmed_once,14154,1,0,0,0,1,COMMIT,13,0,3,16,0,6,4,8,0,12,14,4,1,1
loss_duplicates,confirmed_retry,14154,1,0,0,0,1,COMMIT,31,1,11,41,0,13,4,8,0,10,14,4,1,1
loss_duplicates,fixed,14155,0,0,1,0,0,none,0,0,0,0,0,0,0,0,0,-1,-1,0,0,0
loss_duplicates,ideal_atomic,14155,1,0,0,0,0,none,0,0,0,0,0,0,0,0,0,0,-1,0,1,1
loss_duplicates,command_once,14155,1,0,0,0,0,none,3,0,0,3,0,3,4,10,0,4,-1,0,1,1
loss_duplicates,confirmed_once,14155,0,1,0,2,0,COMMIT,10,2,2,10,0,6,73,146,0,-1,-1,4,0,1
loss_duplicates,confirmed_retry,14155,1,0,0,0,1,COMMIT,25,2,7,30,0,12,5,10,0,12,16,4,1,1
loss_duplicates,fixed,14156,0,0,1,0,0,none,0,0,0,0,0,0,0,0,0,-1,-1,0,0,0
loss_duplicates,ideal_atomic,14156,1,0,0,0,0,none,0,0,0,0,0,0,0,0,0,0,-1,0,1,1
loss_duplicates,command_once,14156,1,0,0,0,0,none,3,0,1,4,0,3,4,8,0,4,-1,0,1,1
loss_duplicates,confirmed_once,14156,0,0,1,0,1,ABORT,13,1,2,14,0,6,0,0,0,-1,22,4,0,0
loss_duplicates,confirmed_retry,14156,1,0,0,0,1,COMMIT,19,3,5,21,0,10,7,14,0,15,17,4,1,1
loss_duplicates,fixed,14157,0,0,1,0,0,none,0,0,0,0,0,0,0,0,0,-1,-1,0,0,0
loss_duplicates,ideal_atomic,14157,1,0,0,0,0,none,0,0,0,0,0,0,0,0,0,0,-1,0,1,1
loss_duplicates,command_once,14157,1,0,0,0,0,none,3,0,0,3,0,3,3,6,0,3,-1,0,1,1
loss_duplicates,confirmed_once,14157,1,0,0,0,1,COMMIT,14,0,3,17,0,6,4,10,0,9,11,4,1,1
loss_duplicates,confirmed_retry,14157,1,0,0,0,1,COMMIT,18,1,4,21,0,8,4,10,0,9,11,4,1,1
loss_duplicates,fixed,14158,0,0,1,0,0,none,0,0,0,0,0,0,0,0,0,-1,-1,0,0,0
loss_duplicates,ideal_atomic,14158,1,0,0,0,0,none,0,0,0,0,0,0,0,0,0,0,-1,0,1,1
loss_duplicates,command_once,14158,0,1,0,0,0,none,3,1,2,4,0,3,80,166,0,-1,-1,0,1,1
loss_duplicates,confirmed_once,14158,0,0,1,0,1,ABORT,14,3,5,16,0,6,0,0,0,-1,22,3,0,0
loss_duplicates,confirmed_retry,14158,1,0,0,0,1,COMMIT,25,5,5,25,0,12,3,6,0,13,16,4,1,1
loss_duplicates,fixed,14159,0,0,1,0,0,none,0,0,0,0,0,0,0,0,0,-1,-1,0,0,0
loss_duplicates,ideal_atomic,14159,1,0,0,0,0,none,0,0,0,0,0,0,0,0,0,0,-1,0,1,1
loss_duplicates,command_once,14159,1,0,0,0,0,none,3,0,1,4,0,3,4,8,0,4,-1,0,1,1
loss_duplicates,confirmed_once,14159,1,0,0,0,0,COMMIT,13,1,4,16,0,6,4,8,0,12,-1,4,1,1
loss_duplicates,confirmed_retry,14159,1,0,0,0,1,COMMIT,20,2,4,22,0,10,4,8,0,12,16,4,1,1
loss_duplicates,fixed,14160,0,0,1,0,0,none,0,0,0,0,0,0,0,0,0,-1,-1,0,0,0
loss_duplicates,ideal_atomic,14160,1,0,0,0,0,none,0,0,0,0,0,0,0,0,0,0,-1,0,1,1
loss_duplicates,command_once,14160,1,0,0,0,0,none,3,0,0,3,0,3,4,8,0,4,-1,0,1,1
loss_duplicates,confirmed_once,14160,1,0,0,0,1,COMMIT,15,1,6,20,0,6,4,8,0,10,21,4,1,1
loss_duplicates,confirmed_retry,14160,1,0,0,0,1,COMMIT,34,1,16,49,0,13,4,8,0,10,15,4,1,1
loss_duplicates,fixed,14161,0,0,1,0,0,none,0,0,0,0,0,0,0,0,0,-1,-1,0,0,0
loss_duplicates,ideal_atomic,14161,1,0,0,0,0,none,0,0,0,0,0,0,0,0,0,0,-1,0,1,1
loss_duplicates,command_once,14161,0,1,0,0,0,none,3,1,0,2,0,3,80,162,0,-1,-1,0,0,1
loss_duplicates,confirmed_once,14161,0,0,1,0,0,ABORT,10,2,0,8,0,6,0,0,0,-1,-1,3,0,0
loss_duplicates,confirmed_retry,14161,1,0,0,0,1,COMMIT,21,2,3,22,0,11,3,6,0,9,11,4,1,1
loss_duplicates,fixed,14162,0,0,1,0,0,none,0,0,0,0,0,0,0,0,0,-1,-1,0,0,0
loss_duplicates,ideal_atomic,14162,1,0,0,0,0,none,0,0,0,0,0,0,0,0,0,0,-1,0,1,1
loss_duplicates,command_once,14162,1,0,0,0,0,none,3,0,1,4,0,3,3,6,0,3,-1,0,1,1
loss_duplicates,confirmed_once,14162,0,1,0,1,0,COMMIT,12,1,1,12,0,6,76,152,0,-1,-1,4,1,1
loss_duplicates,confirmed_retry,14162,1,0,0,0,1,COMMIT,20,2,4,22,0,9,6,12,0,10,12,4,1,1
loss_duplicates,fixed,14163,0,0,1,0,0,none,0,0,0,0,0,0,0,0,0,-1,-1,0,0,0
loss_duplicates,ideal_atomic,14163,1,0,0,0,0,none,0,0,0,0,0,0,0,0,0,0,-1,0,1,1
loss_duplicates,command_once,14163,1,0,0,0,0,none,3,0,2,5,0,3,3,10,0,3,-1,0,1,1
loss_duplicates,confirmed_once,14163,1,0,0,0,1,COMMIT,15,0,7,22,0,6,4,8,0,11,12,4,1,1
loss_duplicates,confirmed_retry,14163,1,0,0,0,1,COMMIT,28,0,11,39,0,11,3,6,0,10,12,4,1,1
loss_duplicates,fixed,14164,0,0,1,0,0,none,0,0,0,0,0,0,0,0,0,-1,-1,0,0,0
loss_duplicates,ideal_atomic,14164,1,0,0,0,0,none,0,0,0,0,0,0,0,0,0,0,-1,0,1,1
loss_duplicates,command_once,14164,0,1,0,0,0,none,3,1,0,2,0,3,80,160,0,-1,-1,0,1,1
loss_duplicates,confirmed_once,14164,0,0,1,0,1,ABORT,11,1,2,12,0,6,0,0,0,-1,22,3,0,0
loss_duplicates,confirmed_retry,14164,1,0,0,0,1,COMMIT,24,1,4,27,0,12,4,8,0,13,16,4,1,1
loss_duplicates,fixed,14165,0,0,1,0,0,none,0,0,0,0,0,0,0,0,0,-1,-1,0,0,0
loss_duplicates,ideal_atomic,14165,1,0,0,0,0,none,0,0,0,0,0,0,0,0,0,0,-1,0,1,1
loss_duplicates,command_once,14165,1,0,0,0,0,none,3,0,1,4,0,3,4,8,0,4,-1,0,1,1
loss_duplicates,confirmed_once,14165,1,0,0,0,0,COMMIT,13,2,1,12,0,6,4,8,0,10,-1,4,1,1
loss_duplicates,confirmed_retry,14165,1,0,0,0,1,COMMIT,26,3,4,27,0,12,3,6,0,9,13,4,1,1
loss_duplicates,fixed,14166,0,0,1,0,0,none,0,0,0,0,0,0,0,0,0,-1,-1,0,0,0
loss_duplicates,ideal_atomic,14166,1,0,0,0,0,none,0,0,0,0,0,0,0,0,0,0,-1,0,1,1
loss_duplicates,command_once,14166,0,1,0,0,0,none,3,1,1,3,0,3,80,160,0,-1,-1,0,1,1
loss_duplicates,confirmed_once,14166,0,0,1,0,1,ABORT,14,2,5,17,0,6,0,0,0,-1,22,3,0,0
loss_duplicates,confirmed_retry,14166,1,0,0,0,1,COMMIT,24,2,9,31,0,11,4,10,0,11,14,4,1,1
loss_duplicates,fixed,14167,0,0,1,0,0,none,0,0,0,0,0,0,0,0,0,-1,-1,0,0,0
loss_duplicates,ideal_atomic,14167,1,0,0,0,0,none,0,0,0,0,0,0,0,0,0,0,-1,0,1,1
loss_duplicates,command_once,14167,1,0,0,0,0,none,3,0,0,3,0,3,3,6,0,3,-1,0,1,1
loss_duplicates,confirmed_once,14167,0,0,1,0,1,ABORT,13,2,2,13,0,6,0,0,0,-1,21,4,0,0
loss_duplicates,confirmed_retry,14167,1,0,0,0,1,COMMIT,31,5,3,29,0,15,3,6,0,14,18,4,1,1
loss_duplicates,fixed,14168,0,0,1,0,0,none,0,0,0,0,0,0,0,0,0,-1,-1,0,0,0
loss_duplicates,ideal_atomic,14168,1,0,0,0,0,none,0,0,0,0,0,0,0,0,0,0,-1,0,1,1
loss_duplicates,command_once,14168,1,0,0,0,0,none,3,0,3,6,0,3,3,6,0,3,-1,0,1,1
loss_duplicates,confirmed_once,14168,1,0,0,0,1,COMMIT,16,0,5,21,0,6,1,2,0,6,10,4,1,1
loss_duplicates,confirmed_retry,14168,1,0,0,0,1,COMMIT,24,1,6,29,0,10,1,2,0,6,10,4,1,1
loss_duplicates,fixed,14169,0,0,1,0,0,none,0,0,0,0,0,0,0,0,0,-1,-1,0,0,0
loss_duplicates,ideal_atomic,14169,1,0,0,0,0,none,0,0,0,0,0,0,0,0,0,0,-1,0,1,1
loss_duplicates,command_once,14169,0,1,0,0,0,none,3,1,0,2,0,3,80,160,0,-1,-1,0,1,1
loss_duplicates,confirmed_once,14169,0,0,1,0,1,ABORT,13,2,3,14,0,6,0,0,0,-1,29,3,0,0
loss_duplicates,confirmed_retry,14169,1,0,0,0,1,COMMIT,20,3,3,20,0,10,3,8,0,15,17,4,1,1
loss_duplicates,fixed,14170,0,0,1,0,0,none,0,0,0,0,0,0,0,0,0,-1,-1,0,0,0
loss_duplicates,ideal_atomic,14170,1,0,0,0,0,none,0,0,0,0,0,0,0,0,0,0,-1,0,1,1
loss_duplicates,command_once,14170,1,0,0,0,0,none,3,0,2,5,0,3,4,8,0,4,-1,0,1,1
loss_duplicates,confirmed_once,14170,0,0,1,0,1,ABORT,14,1,4,17,0,6,0,0,0,-1,23,4,0,0
loss_duplicates,confirmed_retry,14170,1,0,0,0,1,COMMIT,32,6,9,35,0,13,4,8,0,13,18,4,1,1
loss_duplicates,fixed,14171,0,0,1,0,0,none,0,0,0,0,0,0,0,0,0,-1,-1,0,0,0
loss_duplicates,ideal_atomic,14171,1,0,0,0,0,none,0,0,0,0,0,0,0,0,0,0,-1,0,1,1
loss_duplicates,command_once,14171,1,0,0,0,0,none,3,0,1,4,0,3,3,8,0,3,-1,0,1,1
loss_duplicates,confirmed_once,14171,1,0,0,0,1,COMMIT,14,0,5,19,0,6,4,8,0,10,12,4,1,1
loss_duplicates,confirmed_retry,14171,1,0,0,0,1,COMMIT,25,0,7,32,0,11,3,6,0,9,12,4,1,1
loss_duplicates,fixed,14172,0,0,1,0,0,none,0,0,0,0,0,0,0,0,0,-1,-1,0,0,0
loss_duplicates,ideal_atomic,14172,1,0,0,0,0,none,0,0,0,0,0,0,0,0,0,0,-1,0,1,1
loss_duplicates,command_once,14172,1,0,0,0,0,none,3,0,0,3,0,3,4,8,0,4,-1,0,1,1
loss_duplicates,confirmed_once,14172,1,0,0,0,0,COMMIT,12,2,1,11,0,6,3,6,0,9,-1,4,1,1
loss_duplicates,confirmed_retry,14172,1,0,0,0,1,COMMIT,28,2,4,30,0,13,3,6,0,9,14,4,1,1
loss_duplicates,fixed,14173,0,0,1,0,0,none,0,0,0,0,0,0,0,0,0,-1,-1,0,0,0
loss_duplicates,ideal_atomic,14173,1,0,0,0,0,none,0,0,0,0,0,0,0,0,0,0,-1,0,1,1
loss_duplicates,command_once,14173,0,1,0,0,0,none,3,1,0,2,0,3,80,160,0,-1,-1,0,1,1
loss_duplicates,confirmed_once,14173,0,0,1,0,0,ABORT,11,2,2,11,0,6,0,0,0,-1,-1,3,0,0
loss_duplicates,confirmed_retry,14173,1,0,0,0,1,COMMIT,29,5,7,31,0,14,4,8,0,15,18,4,1,1
loss_duplicates,fixed,14174,0,0,1,0,0,none,0,0,0,0,0,0,0,0,0,-1,-1,0,0,0
loss_duplicates,ideal_atomic,14174,1,0,0,0,0,none,0,0,0,0,0,0,0,0,0,0,-1,0,1,1
loss_duplicates,command_once,14174,1,0,0,0,0,none,3,0,1,4,0,3,3,6,0,3,-1,0,1,1
loss_duplicates,confirmed_once,14174,1,0,0,0,1,COMMIT,13,0,5,18,0,6,4,10,0,10,12,4,1,1
loss_duplicates,confirmed_retry,14174,1,0,0,0,1,COMMIT,24,0,8,32,0,11,3,8,0,9,12,4,1,1
loss_duplicates,fixed,14175,0,0,1,0,0,none,0,0,0,0,0,0,0,0,0,-1,-1,0,0,0
loss_duplicates,ideal_atomic,14175,1,0,0,0,0,none,0,0,0,0,0,0,0,0,0,0,-1,0,1,1
loss_duplicates,command_once,14175,1,0,0,0,0,none,3,0,1,4,0,3,4,8,0,4,-1,0,1,1
loss_duplicates,confirmed_once,14175,0,0,1,2,0,ABORT,12,4,3,11,0,6,0,0,0,-1,-1,4,0,0
loss_duplicates,confirmed_retry,14175,1,0,0,0,1,COMMIT,28,7,9,30,0,14,7,14,0,23,27,4,1,1
loss_duplicates,fixed,14176,0,0,1,0,0,none,0,0,0,0,0,0,0,0,0,-1,-1,0,0,0
loss_duplicates,ideal_atomic,14176,1,0,0,0,0,none,0,0,0,0,0,0,0,0,0,0,-1,0,1,1
loss_duplicates,command_once,14176,1,0,0,0,0,none,3,0,2,5,0,3,4,8,0,4,-1,0,1,1
loss_duplicates,confirmed_once,14176,0,1,0,1,0,COMMIT,13,4,2,11,0,6,70,140,0,-1,-1,4,1,1
loss_duplicates,confirmed_retry,14176,1,0,0,0,1,COMMIT,21,2,4,23,0,9,3,6,0,11,14,4,1,1
loss_duplicates,fixed,14177,0,0,1,0,0,none,0,0,0,0,0,0,0,0,0,-1,-1,0,0,0
loss_duplicates,ideal_atomic,14177,1,0,0,0,0,none,0,0,0,0,0,0,0,0,0,0,-1,0,1,1
loss_duplicates,command_once,14177,1,0,0,0,0,none,3,0,1,4,0,3,4,8,0,4,-1,0,1,1
loss_duplicates,confirmed_once,14177,1,0,0,0,1,COMMIT,14,1,4,17,0,6,3,6,0,10,11,4,1,1
loss_duplicates,confirmed_retry,14177,1,0,0,0,1,COMMIT,24,4,5,25,0,12,3,6,0,10,11,4,1,1
loss_duplicates,fixed,14178,0,0,1,0,0,none,0,0,0,0,0,0,0,0,0,-1,-1,0,0,0
loss_duplicates,ideal_atomic,14178,1,0,0,0,0,none,0,0,0,0,0,0,0,0,0,0,-1,0,1,1
loss_duplicates,command_once,14178,1,0,0,0,0,none,3,0,1,4,0,3,4,10,0,4,-1,0,1,1
loss_duplicates,confirmed_once,14178,0,1,0,1,0,COMMIT,12,1,2,13,0,6,73,150,0,-1,-1,4,1,1
loss_duplicates,confirmed_retry,14178,1,0,0,0,1,COMMIT,26,3,7,30,0,12,4,12,0,11,14,4,1,1
loss_duplicates,fixed,14179,0,0,1,0,0,none,0,0,0,0,0,0,0,0,0,-1,-1,0,0,0
loss_duplicates,ideal_atomic,14179,1,0,0,0,0,none,0,0,0,0,0,0,0,0,0,0,-1,0,1,1
loss_duplicates,command_once,14179,1,0,0,0,0,none,3,0,1,4,0,3,4,8,0,4,-1,0,1,1
loss_duplicates,confirmed_once,14179,0,0,1,0,0,ABORT,15,2,4,17,0,6,0,0,0,-1,-1,4,0,0
loss_duplicates,confirmed_retry,14179,1,0,0,0,1,COMMIT,31,2,13,42,0,13,4,8,0,14,17,4,1,1
loss_duplicates,fixed,14180,0,0,1,0,0,none,0,0,0,0,0,0,0,0,0,-1,-1,0,0,0
loss_duplicates,ideal_atomic,14180,1,0,0,0,0,none,0,0,0,0,0,0,0,0,0,0,-1,0,1,1
loss_duplicates,command_once,14180,1,0,0,0,0,none,3,0,2,5,0,3,4,8,0,4,-1,0,1,1
loss_duplicates,confirmed_once,14180,0,1,0,1,0,COMMIT,13,2,5,16,0,6,72,144,0,-1,-1,4,1,1
loss_duplicates,confirmed_retry,14180,1,0,0,0,1,COMMIT,22,3,7,26,0,10,6,12,0,14,17,4,1,1
loss_duplicates,fixed,14181,0,0,1,0,0,none,0,0,0,0,0,0,0,0,0,-1,-1,0,0,0
loss_duplicates,ideal_atomic,14181,1,0,0,0,0,none,0,0,0,0,0,0,0,0,0,0,-1,0,1,1
loss_duplicates,command_once,14181,1,0,0,0,0,none,3,0,0,3,0,3,4,8,0,4,-1,0,1,1
loss_duplicates,confirmed_once,14181,1,0,0,0,1,COMMIT,14,1,4,17,0,6,4,10,0,10,14,4,1,1
loss_duplicates,confirmed_retry,14181,1,0,0,0,1,COMMIT,31,3,8,36,0,13,4,10,0,10,14,4,1,1
loss_duplicates,fixed,14182,0,0,1,0,0,none,0,0,0,0,0,0,0,0,0,-1,-1,0,0,0
loss_duplicates,ideal_atomic,14182,1,0,0,0,0,none,0,0,0,0,0,0,0,0,0,0,-1,0,1,1
loss_duplicates,command_once,14182,1,0,0,0,0,none,3,0,1,4,0,3,3,6,0,3,-1,0,1,1
loss_duplicates,confirmed_once,14182,1,0,0,0,1,COMMIT,14,0,5,19,0,6,4,8,0,11,13,4,1,1
loss_duplicates,confirmed_retry,14182,1,0,0,0,1,COMMIT,28,0,7,35,0,12,4,8,0,11,13,4,1,1
loss_duplicates,fixed,14183,0,0,1,0,0,none,0,0,0,0,0,0,0,0,0,-1,-1,0,0,0
loss_duplicates,ideal_atomic,14183,1,0,0,0,0,none,0,0,0,0,0,0,0,0,0,0,-1,0,1,1
loss_duplicates,command_once,14183,1,0,0,0,0,none,3,0,0,3,0,3,4,10,0,4,-1,0,1,1
loss_duplicates,confirmed_once,14183,1,0,0,0,1,COMMIT,13,0,2,15,0,6,4,8,0,12,16,4,1,1
loss_duplicates,confirmed_retry,14183,1,0,0,0,1,COMMIT,23,1,3,25,0,11,4,8,0,12,16,4,1,1
loss_duplicates,fixed,14184,0,0,1,0,0,none,0,0,0,0,0,0,0,0,0,-1,-1,0,0,0
loss_duplicates,ideal_atomic,14184,1,0,0,0,0,none,0,0,0,0,0,0,0,0,0,0,-1,0,1,1
loss_duplicates,command_once,14184,0,1,0,0,0,none,3,1,1,3,0,3,80,160,0,-1,-1,0,1,1
loss_duplicates,confirmed_once,14184,0,0,1,0,1,ABORT,14,2,6,18,0,6,0,0,0,-1,25,3,0,0
loss_duplicates,confirmed_retry,14184,1,0,0,0,1,COMMIT,35,7,9,37,0,17,4,8,0,18,25,4,1,1
loss_duplicates,fixed,14185,0,0,1,0,0,none,0,0,0,0,0,0,0,0,0,-1,-1,0,0,0
loss_duplicates,ideal_atomic,14185,1,0,0,0,0,none,0,0,0,0,0,0,0,0,0,0,-1,0,1,1
loss_duplicates,command_once,14185,1,0,0,0,0,none,3,0,1,4,0,3,4,8,0,4,-1,0,1,1
loss_duplicates,confirmed_once,14185,0,1,0,1,0,COMMIT,12,1,5,16,0,6,72,144,0,-1,-1,4,1,1
loss_duplicates,confirmed_retry,14185,1,0,0,0,1,COMMIT,18,1,6,23,0,9,6,12,0,14,16,4,1,1
loss_duplicates,fixed,14186,0,0,1,0,0,none,0,0,0,0,0,0,0,0,0,-1,-1,0,0,0
loss_duplicates,ideal_atomic,14186,1,0,0,0,0,none,0,0,0,0,0,0,0,0,0,0,-1,0,1,1
loss_duplicates,command_once,14186,0,1,0,0,0,none,3,1,0,2,0,3,80,160,0,-1,-1,0,0,1
loss_duplicates,confirmed_once,14186,0,0,1,0,1,ABORT,13,1,4,16,0,6,0,0,0,-1,23,3,0,0
loss_duplicates,confirmed_retry,14186,1,0,0,0,1,COMMIT,22,4,5,23,0,11,5,10,0,15,16,4,1,1
loss_duplicates,fixed,14187,0,0,1,0,0,none,0,0,0,0,0,0,0,0,0,-1,-1,0,0,0
loss_duplicates,ideal_atomic,14187,1,0,0,0,0,none,0,0,0,0,0,0,0,0,0,0,-1,0,1,1
loss_duplicates,command_once,14187,0,1,0,0,0,none,3,1,0,2,0,3,80,162,0,-1,-1,0,1,1
loss_duplicates,confirmed_once,14187,0,0,1,0,0,ABORT,10,3,1,8,0,6,0,0,0,-1,-1,3,0,0
loss_duplicates,confirmed_retry,14187,1,0,0,0,1,COMMIT,25,4,6,27,0,12,5,14,0,14,17,4,1,1
loss_duplicates,fixed,14188,0,0,1,0,0,none,0,0,0,0,0,0,0,0,0,-1,-1,0,0,0
loss_duplicates,ideal_atomic,14188,1,0,0,0,0,none,0,0,0,0,0,0,0,0,0,0,-1,0,1,1
loss_duplicates,command_once,14188,1,0,0,0,0,none,3,0,3,6,0,3,4,8,0,4,-1,0,1,1
loss_duplicates,confirmed_once,14188,0,1,0,1,0,COMMIT,15,3,6,18,0,6,70,140,0,-1,-1,4,1,1
loss_duplicates,confirmed_retry,14188,1,0,0,0,1,COMMIT,33,4,11,40,0,14,4,8,0,14,18,4,1,1
loss_duplicates,fixed,14189,0,0,1,0,0,none,0,0,0,0,0,0,0,0,0,-1,-1,0,0,0
loss_duplicates,ideal_atomic,14189,1,0,0,0,0,none,0,0,0,0,0,0,0,0,0,0,-1,0,1,1
loss_duplicates,command_once,14189,1,0,0,0,0,none,3,0,0,3,0,3,3,6,0,3,-1,0,1,1
loss_duplicates,confirmed_once,14189,1,0,0,0,1,COMMIT,13,0,3,16,0,6,2,6,0,9,13,4,1,1
loss_duplicates,confirmed_retry,14189,1,0,0,0,1,COMMIT,25,2,6,29,0,12,2,6,0,9,13,4,1,1
loss_duplicates,fixed,14190,0,0,1,0,0,none,0,0,0,0,0,0,0,0,0,-1,-1,0,0,0
loss_duplicates,ideal_atomic,14190,1,0,0,0,0,none,0,0,0,0,0,0,0,0,0,0,-1,0,1,1
loss_duplicates,command_once,14190,0,1,0,0,0,none,3,2,0,1,0,3,80,160,0,-1,-1,0,0,1
loss_duplicates,confirmed_once,14190,0,0,1,0,1,ABORT,11,2,3,12,0,6,0,0,0,-1,24,2,0,0
loss_duplicates,confirmed_retry,14190,1,0,0,0,1,COMMIT,31,4,7,34,0,15,3,6,0,13,17,4,1,1
loss_duplicates,fixed,14191,0,0,1,0,0,none,0,0,0,0,0,0,0,0,0,-1,-1,0,0,0
loss_duplicates,ideal_atomic,14191,1,0,0,0,0,none,0,0,0,0,0,0,0,0,0,0,-1,0,1,1
loss_duplicates,command_once,14191,1,0,0,0,0,none,3,0,2,5,0,3,1,2,0,1,-1,0,1,1
loss_duplicates,confirmed_once,14191,1,0,0,0,1,COMMIT,15,0,7,22,0,6,4,12,0,9,13,4,1,1
loss_duplicates,confirmed_retry,14191,1,0,0,0,1,COMMIT,26,0,11,37,0,11,4,12,0,9,13,4,1,1
loss_duplicates,fixed,14192,0,0,1,0,0,none,0,0,0,0,0,0,0,0,0,-1,-1,0,0,0
loss_duplicates,ideal_atomic,14192,1,0,0,0,0,none,0,0,0,0,0,0,0,0,0,0,-1,0,1,1
loss_duplicates,command_once,14192,1,0,0,0,0,none,3,0,0,3,0,3,4,10,0,4,-1,0,1,1
loss_duplicates,confirmed_once,14192,0,0,1,0,0,ABORT,13,2,3,14,0,6,0,0,0,-1,-1,4,0,0
loss_duplicates,confirmed_retry,14192,1,0,0,0,1,COMMIT,17,1,5,21,0,8,4,8,0,12,16,4,1,1
loss_duplicates,fixed,14193,0,0,1,0,0,none,0,0,0,0,0,0,0,0,0,-1,-1,0,0,0
loss_duplicates,ideal_atomic,14193,1,0,0,0,0,none,0,0,0,0,0,0,0,0,0,0,-1,0,1,1
loss_duplicates,command_once,14193,1,0,0,0,0,none,3,0,1,4,0,3,3,6,0,3,-1,0,1,1
loss_duplicates,confirmed_once,14193,0,1,0,1,0,COMMIT,13,1,2,14,0,6,73,146,0,-1,-1,4,1,1
loss_duplicates,confirmed_retry,14193,1,0,0,0,1,COMMIT,26,2,4,28,0,12,4,8,0,11,15,4,1,1
loss_duplicates,fixed,14194,0,0,1,0,0,none,0,0,0,0,0,0,0,0,0,-1,-1,0,0,0
loss_duplicates,ideal_atomic,14194,1,0,0,0,0,none,0,0,0,0,0,0,0,0,0,0,-1,0,1,1
loss_duplicates,command_once,14194,0,1,0,0,0,none,3,1,1,3,0,3,80,160,0,-1,-1,0,1,1
loss_duplicates,confirmed_once,14194,0,0,1,1,0,ABORT,12,2,4,14,0,6,0,0,0,-1,-1,3,0,0
loss_duplicates,confirmed_retry,14194,1,0,0,0,1,COMMIT,28,2,6,32,0,13,4,8,0,11,14,4,1,1
loss_duplicates,fixed,14195,0,0,1,0,0,none,0,0,0,0,0,0,0,0,0,-1,-1,0,0,0
loss_duplicates,ideal_atomic,14195,1,0,0,0,0,none,0,0,0,0,0,0,0,0,0,0,-1,0,1,1
loss_duplicates,command_once,14195,1,0,0,0,0,none,3,0,1,4,0,3,4,8,0,4,-1,0,1,1
loss_duplicates,confirmed_once,14195,1,0,0,0,0,COMMIT,14,2,3,15,0,6,4,8,0,10,-1,4,1,1
loss_duplicates,confirmed_retry,14195,1,0,0,0,1,COMMIT,33,6,7,34,0,14,4,8,0,10,17,4,1,1
loss_duplicates,fixed,14196,0,0,1,0,0,none,0,0,0,0,0,0,0,0,0,-1,-1,0,0,0
loss_duplicates,ideal_atomic,14196,1,0,0,0,0,none,0,0,0,0,0,0,0,0,0,0,-1,0,1,1
loss_duplicates,command_once,14196,1,0,0,0,0,none,3,0,0,3,0,3,3,8,0,3,-1,0,1,1
loss_duplicates,confirmed_once,14196,0,1,0,1,0,COMMIT,11,1,2,12,0,6,76,152,0,-1,-1,4,1,1
loss_duplicates,confirmed_retry,14196,1,0,0,0,1,COMMIT,17,2,2,17,0,9,7,14,0,11,14,4,1,1
loss_duplicates,fixed,14197,0,0,1,0,0,none,0,0,0,0,0,0,0,0,0,-1,-1,0,0,0
loss_duplicates,ideal_atomic,14197,1,0,0,0,0,none,0,0,0,0,0,0,0,0,0,0,-1,0,1,1
loss_duplicates,command_once,14197,1,0,0,0,0,none,3,0,1,4,0,3,3,6,0,3,-1,0,1,1
loss_duplicates,confirmed_once,14197,1,0,0,0,1,COMMIT,14,1,3,16,0,6,4,12,0,9,12,4,1,1
loss_duplicates,confirmed_retry,14197,1,0,0,0,1,COMMIT,21,1,5,25,0,9,4,12,0,9,12,4,1,1
loss_duplicates,fixed,14198,0,0,1,0,0,none,0,0,0,0,0,0,0,0,0,-1,-1,0,0,0
loss_duplicates,ideal_atomic,14198,1,0,0,0,0,none,0,0,0,0,0,0,0,0,0,0,-1,0,1,1
loss_duplicates,command_once,14198,1,0,0,0,0,none,3,0,2,5,0,3,4,8,0,4,-1,0,1,1
loss_duplicates,confirmed_once,14198,0,1,0,1,0,COMMIT,13,2,4,15,0,6,65,132,0,-1,-1,4,1,1
loss_duplicates,confirmed_retry,14198,1,0,0,0,1,COMMIT,31,4,12,39,0,14,7,14,0,16,20,4,1,1
loss_duplicates,fixed,14199,0,0,1,0,0,none,0,0,0,0,0,0,0,0,0,-1,-1,0,0,0
loss_duplicates,ideal_atomic,14199,1,0,0,0,0,none,0,0,0,0,0,0,0,0,0,0,-1,0,1,1
loss_duplicates,command_once,14199,1,0,0,0,0,none,3,0,2,5,0,3,4,8,0,4,-1,0,1,1
loss_duplicates,confirmed_once,14199,1,0,0,0,0,COMMIT,15,2,5,18,0,6,4,8,0,11,-1,4,1,1
loss_duplicates,confirmed_retry,14199,1,0,0,0,1,COMMIT,38,8,11,41,0,18,4,8,0,11,33,4,1,1
temporary_partition,fixed,14000,0,0,1,0,0,none,0,0,0,0,0,0,0,0,0,-1,-1,0,0,0
temporary_partition,ideal_atomic,14000,1,0,0,0,0,none,0,0,0,0,0,0,0,0,0,0,-1,0,1,1
temporary_partition,command_once,14000,0,1,0,0,0,none,3,1,0,2,0,3,80,160,0,-1,-1,0,1,1
temporary_partition,confirmed_once,14000,0,0,1,0,0,ABORT,10,2,0,8,0,6,0,0,0,-1,-1,3,0,0
temporary_partition,confirmed_retry,14000,0,0,1,0,1,ABORT,20,6,0,14,0,13,0,0,0,-1,29,3,0,0
temporary_partition,fixed,14001,0,0,1,0,0,none,0,0,0,0,0,0,0,0,0,-1,-1,0,0,0
temporary_partition,ideal_atomic,14001,1,0,0,0,0,none,0,0,0,0,0,0,0,0,0,0,-1,0,1,1
temporary_partition,command_once,14001,0,1,0,0,0,none,3,1,0,2,0,3,80,160,0,-1,-1,0,1,1
temporary_partition,confirmed_once,14001,0,0,1,0,0,ABORT,10,2,0,8,0,6,0,0,0,-1,-1,3,0,0
temporary_partition,confirmed_retry,14001,0,0,1,0,1,ABORT,22,6,0,16,0,14,0,0,0,-1,30,3,0,0
temporary_partition,fixed,14002,0,0,1,0,0,none,0,0,0,0,0,0,0,0,0,-1,-1,0,0,0
temporary_partition,ideal_atomic,14002,1,0,0,0,0,none,0,0,0,0,0,0,0,0,0,0,-1,0,1,1
temporary_partition,command_once,14002,0,1,0,0,0,none,3,1,0,2,0,3,80,160,0,-1,-1,0,1,1
temporary_partition,confirmed_once,14002,0,0,1,0,0,ABORT,10,2,0,8,0,6,0,0,0,-1,-1,3,0,0
temporary_partition,confirmed_retry,14002,0,0,1,0,1,ABORT,22,6,0,16,0,14,0,0,0,-1,29,3,0,0
temporary_partition,fixed,14003,0,0,1,0,0,none,0,0,0,0,0,0,0,0,0,-1,-1,0,0,0
temporary_partition,ideal_atomic,14003,1,0,0,0,0,none,0,0,0,0,0,0,0,0,0,0,-1,0,1,1
temporary_partition,command_once,14003,0,1,0,0,0,none,3,1,0,2,0,3,80,160,0,-1,-1,0,1,1
temporary_partition,confirmed_once,14003,0,0,1,0,0,ABORT,10,2,0,8,0,6,0,0,0,-1,-1,3,0,0
temporary_partition,confirmed_retry,14003,0,0,1,0,1,ABORT,26,6,0,20,0,16,0,0,0,-1,30,3,0,0
temporary_partition,fixed,14004,0,0,1,0,0,none,0,0,0,0,0,0,0,0,0,-1,-1,0,0,0
temporary_partition,ideal_atomic,14004,1,0,0,0,0,none,0,0,0,0,0,0,0,0,0,0,-1,0,1,1
temporary_partition,command_once,14004,0,1,0,0,0,none,3,1,0,2,0,3,80,160,0,-1,-1,0,1,1
temporary_partition,confirmed_once,14004,0,0,1,0,0,ABORT,10,2,0,8,0,6,0,0,0,-1,-1,3,0,0
temporary_partition,confirmed_retry,14004,0,0,1,0,1,ABORT,22,6,0,16,0,14,0,0,0,-1,29,3,0,0
temporary_partition,fixed,14005,0,0,1,0,0,none,0,0,0,0,0,0,0,0,0,-1,-1,0,0,0
temporary_partition,ideal_atomic,14005,1,0,0,0,0,none,0,0,0,0,0,0,0,0,0,0,-1,0,1,1
temporary_partition,command_once,14005,0,1,0,0,0,none,3,1,0,2,0,3,80,160,0,-1,-1,0,1,1
temporary_partition,confirmed_once,14005,0,0,1,0,0,ABORT,10,2,0,8,0,6,0,0,0,-1,-1,3,0,0
temporary_partition,confirmed_retry,14005,0,0,1,0,1,ABORT,22,6,0,16,0,14,0,0,0,-1,27,3,0,0
temporary_partition,fixed,14006,0,0,1,0,0,none,0,0,0,0,0,0,0,0,0,-1,-1,0,0,0
temporary_partition,ideal_atomic,14006,1,0,0,0,0,none,0,0,0,0,0,0,0,0,0,0,-1,0,1,1
temporary_partition,command_once,14006,0,1,0,0,0,none,3,1,0,2,0,3,80,160,0,-1,-1,0,1,1
temporary_partition,confirmed_once,14006,0,0,1,0,0,ABORT,10,2,0,8,0,6,0,0,0,-1,-1,3,0,0
temporary_partition,confirmed_retry,14006,0,0,1,0,1,ABORT,22,6,0,16,0,14,0,0,0,-1,29,3,0,0
temporary_partition,fixed,14007,0,0,1,0,0,none,0,0,0,0,0,0,0,0,0,-1,-1,0,0,0
temporary_partition,ideal_atomic,14007,1,0,0,0,0,none,0,0,0,0,0,0,0,0,0,0,-1,0,1,1
temporary_partition,command_once,14007,0,1,0,0,0,none,3,1,0,2,0,3,80,160,0,-1,-1,0,1,1
temporary_partition,confirmed_once,14007,0,0,1,0,0,ABORT,10,2,0,8,0,6,0,0,0,-1,-1,3,0,0
temporary_partition,confirmed_retry,14007,0,0,1,0,1,ABORT,22,6,0,16,0,14,0,0,0,-1,31,3,0,0
temporary_partition,fixed,14008,0,0,1,0,0,none,0,0,0,0,0,0,0,0,0,-1,-1,0,0,0
temporary_partition,ideal_atomic,14008,1,0,0,0,0,none,0,0,0,0,0,0,0,0,0,0,-1,0,1,1
temporary_partition,command_once,14008,0,1,0,0,0,none,3,1,0,2,0,3,80,160,0,-1,-1,0,1,1
temporary_partition,confirmed_once,14008,0,0,1,0,0,ABORT,10,2,0,8,0,6,0,0,0,-1,-1,3,0,0
temporary_partition,confirmed_retry,14008,0,0,1,0,1,ABORT,22,6,0,16,0,14,0,0,0,-1,29,3,0,0
temporary_partition,fixed,14009,0,0,1,0,0,none,0,0,0,0,0,0,0,0,0,-1,-1,0,0,0
temporary_partition,ideal_atomic,14009,1,0,0,0,0,none,0,0,0,0,0,0,0,0,0,0,-1,0,1,1
temporary_partition,command_once,14009,0,1,0,0,0,none,3,1,0,2,0,3,80,160,0,-1,-1,0,1,1
temporary_partition,confirmed_once,14009,0,0,1,0,0,ABORT,10,2,0,8,0,6,0,0,0,-1,-1,3,0,0
temporary_partition,confirmed_retry,14009,0,0,1,0,1,ABORT,26,6,0,20,0,16,0,0,0,-1,30,3,0,0
temporary_partition,fixed,14010,0,0,1,0,0,none,0,0,0,0,0,0,0,0,0,-1,-1,0,0,0
temporary_partition,ideal_atomic,14010,1,0,0,0,0,none,0,0,0,0,0,0,0,0,0,0,-1,0,1,1
temporary_partition,command_once,14010,0,1,0,0,0,none,3,1,0,2,0,3,80,160,0,-1,-1,0,1,1
temporary_partition,confirmed_once,14010,0,0,1,0,0,ABORT,10,2,0,8,0,6,0,0,0,-1,-1,3,0,0
temporary_partition,confirmed_retry,14010,0,0,1,0,1,ABORT,20,6,0,14,0,13,0,0,0,-1,29,3,0,0
temporary_partition,fixed,14011,0,0,1,0,0,none,0,0,0,0,0,0,0,0,0,-1,-1,0,0,0
temporary_partition,ideal_atomic,14011,1,0,0,0,0,none,0,0,0,0,0,0,0,0,0,0,-1,0,1,1
temporary_partition,command_once,14011,0,1,0,0,0,none,3,1,0,2,0,3,80,160,0,-1,-1,0,1,1
temporary_partition,confirmed_once,14011,0,0,1,0,0,ABORT,10,2,0,8,0,6,0,0,0,-1,-1,3,0,0
temporary_partition,confirmed_retry,14011,0,0,1,0,1,ABORT,26,6,0,20,0,16,0,0,0,-1,29,3,0,0
temporary_partition,fixed,14012,0,0,1,0,0,none,0,0,0,0,0,0,0,0,0,-1,-1,0,0,0
temporary_partition,ideal_atomic,14012,1,0,0,0,0,none,0,0,0,0,0,0,0,0,0,0,-1,0,1,1
temporary_partition,command_once,14012,0,1,0,0,0,none,3,1,0,2,0,3,80,160,0,-1,-1,0,1,1
temporary_partition,confirmed_once,14012,0,0,1,0,0,ABORT,10,2,0,8,0,6,0,0,0,-1,-1,3,0,0
temporary_partition,confirmed_retry,14012,0,0,1,0,1,ABORT,26,6,0,20,0,16,0,0,0,-1,30,3,0,0
temporary_partition,fixed,14013,0,0,1,0,0,none,0,0,0,0,0,0,0,0,0,-1,-1,0,0,0
temporary_partition,ideal_atomic,14013,1,0,0,0,0,none,0,0,0,0,0,0,0,0,0,0,-1,0,1,1
temporary_partition,command_once,14013,0,1,0,0,0,none,3,1,0,2,0,3,80,160,0,-1,-1,0,1,1
temporary_partition,confirmed_once,14013,0,0,1,0,0,ABORT,10,2,0,8,0,6,0,0,0,-1,-1,3,0,0
temporary_partition,confirmed_retry,14013,0,0,1,0,1,ABORT,24,6,0,18,0,15,0,0,0,-1,29,3,0,0
temporary_partition,fixed,14014,0,0,1,0,0,none,0,0,0,0,0,0,0,0,0,-1,-1,0,0,0
temporary_partition,ideal_atomic,14014,1,0,0,0,0,none,0,0,0,0,0,0,0,0,0,0,-1,0,1,1
temporary_partition,command_once,14014,0,1,0,0,0,none,3,1,0,2,0,3,80,160,0,-1,-1,0,1,1
temporary_partition,confirmed_once,14014,0,0,1,0,0,ABORT,10,2,0,8,0,6,0,0,0,-1,-1,3,0,0
temporary_partition,confirmed_retry,14014,0,0,1,0,1,ABORT,22,6,0,16,0,14,0,0,0,-1,28,3,0,0
temporary_partition,fixed,14015,0,0,1,0,0,none,0,0,0,0,0,0,0,0,0,-1,-1,0,0,0
temporary_partition,ideal_atomic,14015,1,0,0,0,0,none,0,0,0,0,0,0,0,0,0,0,-1,0,1,1
temporary_partition,command_once,14015,0,1,0,0,0,none,3,1,0,2,0,3,80,160,0,-1,-1,0,1,1
temporary_partition,confirmed_once,14015,0,0,1,0,0,ABORT,10,2,0,8,0,6,0,0,0,-1,-1,3,0,0
temporary_partition,confirmed_retry,14015,0,0,1,0,1,ABORT,22,6,0,16,0,14,0,0,0,-1,29,3,0,0
temporary_partition,fixed,14016,0,0,1,0,0,none,0,0,0,0,0,0,0,0,0,-1,-1,0,0,0
temporary_partition,ideal_atomic,14016,1,0,0,0,0,none,0,0,0,0,0,0,0,0,0,0,-1,0,1,1
temporary_partition,command_once,14016,0,1,0,0,0,none,3,1,0,2,0,3,80,160,0,-1,-1,0,1,1
temporary_partition,confirmed_once,14016,0,0,1,0,0,ABORT,10,2,0,8,0,6,0,0,0,-1,-1,3,0,0
temporary_partition,confirmed_retry,14016,0,0,1,0,1,ABORT,20,6,0,14,0,13,0,0,0,-1,30,3,0,0
temporary_partition,fixed,14017,0,0,1,0,0,none,0,0,0,0,0,0,0,0,0,-1,-1,0,0,0
temporary_partition,ideal_atomic,14017,1,0,0,0,0,none,0,0,0,0,0,0,0,0,0,0,-1,0,1,1
temporary_partition,command_once,14017,0,1,0,0,0,none,3,1,0,2,0,3,80,160,0,-1,-1,0,1,1
temporary_partition,confirmed_once,14017,0,0,1,0,0,ABORT,10,2,0,8,0,6,0,0,0,-1,-1,3,0,0
temporary_partition,confirmed_retry,14017,0,0,1,0,1,ABORT,24,6,0,18,0,15,0,0,0,-1,29,3,0,0
temporary_partition,fixed,14018,0,0,1,0,0,none,0,0,0,0,0,0,0,0,0,-1,-1,0,0,0
temporary_partition,ideal_atomic,14018,1,0,0,0,0,none,0,0,0,0,0,0,0,0,0,0,-1,0,1,1
temporary_partition,command_once,14018,0,1,0,0,0,none,3,1,0,2,0,3,80,160,0,-1,-1,0,1,1
temporary_partition,confirmed_once,14018,0,0,1,0,0,ABORT,10,2,0,8,0,6,0,0,0,-1,-1,3,0,0
temporary_partition,confirmed_retry,14018,0,0,1,0,1,ABORT,26,6,0,20,0,16,0,0,0,-1,32,3,0,0
temporary_partition,fixed,14019,0,0,1,0,0,none,0,0,0,0,0,0,0,0,0,-1,-1,0,0,0
temporary_partition,ideal_atomic,14019,1,0,0,0,0,none,0,0,0,0,0,0,0,0,0,0,-1,0,1,1
temporary_partition,command_once,14019,0,1,0,0,0,none,3,1,0,2,0,3,80,160,0,-1,-1,0,1,1
temporary_partition,confirmed_once,14019,0,0,1,0,0,ABORT,10,2,0,8,0,6,0,0,0,-1,-1,3,0,0
temporary_partition,confirmed_retry,14019,0,0,1,0,1,ABORT,22,6,0,16,0,14,0,0,0,-1,30,3,0,0
temporary_partition,fixed,14020,0,0,1,0,0,none,0,0,0,0,0,0,0,0,0,-1,-1,0,0,0
temporary_partition,ideal_atomic,14020,1,0,0,0,0,none,0,0,0,0,0,0,0,0,0,0,-1,0,1,1
temporary_partition,command_once,14020,0,1,0,0,0,none,3,1,0,2,0,3,80,160,0,-1,-1,0,1,1
temporary_partition,confirmed_once,14020,0,0,1,0,0,ABORT,10,2,0,8,0,6,0,0,0,-1,-1,3,0,0
temporary_partition,confirmed_retry,14020,0,0,1,0,1,ABORT,26,6,0,20,0,16,0,0,0,-1,31,3,0,0
temporary_partition,fixed,14021,0,0,1,0,0,none,0,0,0,0,0,0,0,0,0,-1,-1,0,0,0
temporary_partition,ideal_atomic,14021,1,0,0,0,0,none,0,0,0,0,0,0,0,0,0,0,-1,0,1,1
temporary_partition,command_once,14021,0,1,0,0,0,none,3,1,0,2,0,3,80,160,0,-1,-1,0,1,1
temporary_partition,confirmed_once,14021,0,0,1,0,0,ABORT,10,2,0,8,0,6,0,0,0,-1,-1,3,0,0
temporary_partition,confirmed_retry,14021,0,0,1,0,1,ABORT,22,6,0,16,0,14,0,0,0,-1,29,3,0,0
temporary_partition,fixed,14022,0,0,1,0,0,none,0,0,0,0,0,0,0,0,0,-1,-1,0,0,0
temporary_partition,ideal_atomic,14022,1,0,0,0,0,none,0,0,0,0,0,0,0,0,0,0,-1,0,1,1
temporary_partition,command_once,14022,0,1,0,0,0,none,3,1,0,2,0,3,80,160,0,-1,-1,0,1,1
temporary_partition,confirmed_once,14022,0,0,1,0,0,ABORT,10,2,0,8,0,6,0,0,0,-1,-1,3,0,0
temporary_partition,confirmed_retry,14022,0,0,1,0,1,ABORT,22,6,0,16,0,14,0,0,0,-1,30,3,0,0
temporary_partition,fixed,14023,0,0,1,0,0,none,0,0,0,0,0,0,0,0,0,-1,-1,0,0,0
temporary_partition,ideal_atomic,14023,1,0,0,0,0,none,0,0,0,0,0,0,0,0,0,0,-1,0,1,1
temporary_partition,command_once,14023,0,1,0,0,0,none,3,1,0,2,0,3,80,160,0,-1,-1,0,1,1
temporary_partition,confirmed_once,14023,0,0,1,0,0,ABORT,10,2,0,8,0,6,0,0,0,-1,-1,3,0,0
temporary_partition,confirmed_retry,14023,0,0,1,0,1,ABORT,24,6,0,18,0,15,0,0,0,-1,29,3,0,0
temporary_partition,fixed,14024,0,0,1,0,0,none,0,0,0,0,0,0,0,0,0,-1,-1,0,0,0
temporary_partition,ideal_atomic,14024,1,0,0,0,0,none,0,0,0,0,0,0,0,0,0,0,-1,0,1,1
temporary_partition,command_once,14024,0,1,0,0,0,none,3,1,0,2,0,3,80,160,0,-1,-1,0,1,1
temporary_partition,confirmed_once,14024,0,0,1,0,0,ABORT,10,2,0,8,0,6,0,0,0,-1,-1,3,0,0
temporary_partition,confirmed_retry,14024,0,0,1,0,1,ABORT,26,6,0,20,0,16,0,0,0,-1,29,3,0,0
temporary_partition,fixed,14025,0,0,1,0,0,none,0,0,0,0,0,0,0,0,0,-1,-1,0,0,0
temporary_partition,ideal_atomic,14025,1,0,0,0,0,none,0,0,0,0,0,0,0,0,0,0,-1,0,1,1
temporary_partition,command_once,14025,0,1,0,0,0,none,3,1,0,2,0,3,80,160,0,-1,-1,0,1,1
temporary_partition,confirmed_once,14025,0,0,1,0,0,ABORT,10,2,0,8,0,6,0,0,0,-1,-1,3,0,0
temporary_partition,confirmed_retry,14025,0,0,1,0,1,ABORT,22,6,0,16,0,14,0,0,0,-1,28,3,0,0
temporary_partition,fixed,14026,0,0,1,0,0,none,0,0,0,0,0,0,0,0,0,-1,-1,0,0,0
temporary_partition,ideal_atomic,14026,1,0,0,0,0,none,0,0,0,0,0,0,0,0,0,0,-1,0,1,1
temporary_partition,command_once,14026,0,1,0,0,0,none,3,1,0,2,0,3,80,160,0,-1,-1,0,1,1
temporary_partition,confirmed_once,14026,0,0,1,0,0,ABORT,10,2,0,8,0,6,0,0,0,-1,-1,3,0,0
temporary_partition,confirmed_retry,14026,0,0,1,0,1,ABORT,22,6,0,16,0,14,0,0,0,-1,31,3,0,0
temporary_partition,fixed,14027,0,0,1,0,0,none,0,0,0,0,0,0,0,0,0,-1,-1,0,0,0
temporary_partition,ideal_atomic,14027,1,0,0,0,0,none,0,0,0,0,0,0,0,0,0,0,-1,0,1,1
temporary_partition,command_once,14027,0,1,0,0,0,none,3,1,0,2,0,3,80,160,0,-1,-1,0,1,1
temporary_partition,confirmed_once,14027,0,0,1,0,0,ABORT,10,2,0,8,0,6,0,0,0,-1,-1,3,0,0
temporary_partition,confirmed_retry,14027,0,0,1,0,1,ABORT,26,6,0,20,0,16,0,0,0,-1,29,3,0,0
temporary_partition,fixed,14028,0,0,1,0,0,none,0,0,0,0,0,0,0,0,0,-1,-1,0,0,0
temporary_partition,ideal_atomic,14028,1,0,0,0,0,none,0,0,0,0,0,0,0,0,0,0,-1,0,1,1
temporary_partition,command_once,14028,0,1,0,0,0,none,3,1,0,2,0,3,80,160,0,-1,-1,0,1,1
temporary_partition,confirmed_once,14028,0,0,1,0,0,ABORT,10,2,0,8,0,6,0,0,0,-1,-1,3,0,0
temporary_partition,confirmed_retry,14028,0,0,1,0,1,ABORT,26,6,0,20,0,16,0,0,0,-1,31,3,0,0
temporary_partition,fixed,14029,0,0,1,0,0,none,0,0,0,0,0,0,0,0,0,-1,-1,0,0,0
temporary_partition,ideal_atomic,14029,1,0,0,0,0,none,0,0,0,0,0,0,0,0,0,0,-1,0,1,1
temporary_partition,command_once,14029,0,1,0,0,0,none,3,1,0,2,0,3,80,160,0,-1,-1,0,1,1
temporary_partition,confirmed_once,14029,0,0,1,0,0,ABORT,10,2,0,8,0,6,0,0,0,-1,-1,3,0,0
temporary_partition,confirmed_retry,14029,0,0,1,0,1,ABORT,24,6,0,18,0,15,0,0,0,-1,30,3,0,0
temporary_partition,fixed,14030,0,0,1,0,0,none,0,0,0,0,0,0,0,0,0,-1,-1,0,0,0
temporary_partition,ideal_atomic,14030,1,0,0,0,0,none,0,0,0,0,0,0,0,0,0,0,-1,0,1,1
temporary_partition,command_once,14030,0,1,0,0,0,none,3,1,0,2,0,3,80,160,0,-1,-1,0,1,1
temporary_partition,confirmed_once,14030,0,0,1,0,0,ABORT,10,2,0,8,0,6,0,0,0,-1,-1,3,0,0
temporary_partition,confirmed_retry,14030,0,0,1,0,1,ABORT,22,6,0,16,0,14,0,0,0,-1,31,3,0,0
temporary_partition,fixed,14031,0,0,1,0,0,none,0,0,0,0,0,0,0,0,0,-1,-1,0,0,0
temporary_partition,ideal_atomic,14031,1,0,0,0,0,none,0,0,0,0,0,0,0,0,0,0,-1,0,1,1
temporary_partition,command_once,14031,0,1,0,0,0,none,3,1,0,2,0,3,80,160,0,-1,-1,0,1,1
temporary_partition,confirmed_once,14031,0,0,1,0,0,ABORT,10,2,0,8,0,6,0,0,0,-1,-1,3,0,0
temporary_partition,confirmed_retry,14031,0,0,1,0,1,ABORT,24,6,0,18,0,15,0,0,0,-1,28,3,0,0
temporary_partition,fixed,14032,0,0,1,0,0,none,0,0,0,0,0,0,0,0,0,-1,-1,0,0,0
temporary_partition,ideal_atomic,14032,1,0,0,0,0,none,0,0,0,0,0,0,0,0,0,0,-1,0,1,1
temporary_partition,command_once,14032,0,1,0,0,0,none,3,1,0,2,0,3,80,160,0,-1,-1,0,1,1
temporary_partition,confirmed_once,14032,0,0,1,0,0,ABORT,10,2,0,8,0,6,0,0,0,-1,-1,3,0,0
temporary_partition,confirmed_retry,14032,0,0,1,0,1,ABORT,18,6,0,12,0,12,0,0,0,-1,28,3,0,0
temporary_partition,fixed,14033,0,0,1,0,0,none,0,0,0,0,0,0,0,0,0,-1,-1,0,0,0
temporary_partition,ideal_atomic,14033,1,0,0,0,0,none,0,0,0,0,0,0,0,0,0,0,-1,0,1,1
temporary_partition,command_once,14033,0,1,0,0,0,none,3,1,0,2,0,3,80,160,0,-1,-1,0,1,1
temporary_partition,confirmed_once,14033,0,0,1,0,0,ABORT,10,2,0,8,0,6,0,0,0,-1,-1,3,0,0
temporary_partition,confirmed_retry,14033,0,0,1,0,1,ABORT,22,6,0,16,0,14,0,0,0,-1,30,3,0,0
temporary_partition,fixed,14034,0,0,1,0,0,none,0,0,0,0,0,0,0,0,0,-1,-1,0,0,0
temporary_partition,ideal_atomic,14034,1,0,0,0,0,none,0,0,0,0,0,0,0,0,0,0,-1,0,1,1
temporary_partition,command_once,14034,0,1,0,0,0,none,3,1,0,2,0,3,80,160,0,-1,-1,0,1,1
temporary_partition,confirmed_once,14034,0,0,1,0,0,ABORT,10,2,0,8,0,6,0,0,0,-1,-1,3,0,0
temporary_partition,confirmed_retry,14034,0,0,1,0,1,ABORT,20,6,0,14,0,13,0,0,0,-1,31,3,0,0
temporary_partition,fixed,14035,0,0,1,0,0,none,0,0,0,0,0,0,0,0,0,-1,-1,0,0,0
temporary_partition,ideal_atomic,14035,1,0,0,0,0,none,0,0,0,0,0,0,0,0,0,0,-1,0,1,1
temporary_partition,command_once,14035,0,1,0,0,0,none,3,1,0,2,0,3,80,160,0,-1,-1,0,1,1
temporary_partition,confirmed_once,14035,0,0,1,0,0,ABORT,10,2,0,8,0,6,0,0,0,-1,-1,3,0,0
temporary_partition,confirmed_retry,14035,0,0,1,0,1,ABORT,24,6,0,18,0,15,0,0,0,-1,30,3,0,0
temporary_partition,fixed,14036,0,0,1,0,0,none,0,0,0,0,0,0,0,0,0,-1,-1,0,0,0
temporary_partition,ideal_atomic,14036,1,0,0,0,0,none,0,0,0,0,0,0,0,0,0,0,-1,0,1,1
temporary_partition,command_once,14036,0,1,0,0,0,none,3,1,0,2,0,3,80,160,0,-1,-1,0,1,1
temporary_partition,confirmed_once,14036,0,0,1,0,0,ABORT,10,2,0,8,0,6,0,0,0,-1,-1,3,0,0
temporary_partition,confirmed_retry,14036,0,0,1,0,1,ABORT,24,6,0,18,0,15,0,0,0,-1,30,3,0,0
temporary_partition,fixed,14037,0,0,1,0,0,none,0,0,0,0,0,0,0,0,0,-1,-1,0,0,0
temporary_partition,ideal_atomic,14037,1,0,0,0,0,none,0,0,0,0,0,0,0,0,0,0,-1,0,1,1
temporary_partition,command_once,14037,0,1,0,0,0,none,3,1,0,2,0,3,80,160,0,-1,-1,0,1,1
temporary_partition,confirmed_once,14037,0,0,1,0,0,ABORT,10,2,0,8,0,6,0,0,0,-1,-1,3,0,0
temporary_partition,confirmed_retry,14037,0,0,1,0,1,ABORT,24,6,0,18,0,15,0,0,0,-1,30,3,0,0
temporary_partition,fixed,14038,0,0,1,0,0,none,0,0,0,0,0,0,0,0,0,-1,-1,0,0,0
temporary_partition,ideal_atomic,14038,1,0,0,0,0,none,0,0,0,0,0,0,0,0,0,0,-1,0,1,1
temporary_partition,command_once,14038,0,1,0,0,0,none,3,1,0,2,0,3,80,160,0,-1,-1,0,1,1
temporary_partition,confirmed_once,14038,0,0,1,0,0,ABORT,10,2,0,8,0,6,0,0,0,-1,-1,3,0,0
temporary_partition,confirmed_retry,14038,0,0,1,0,1,ABORT,20,6,0,14,0,13,0,0,0,-1,27,3,0,0
temporary_partition,fixed,14039,0,0,1,0,0,none,0,0,0,0,0,0,0,0,0,-1,-1,0,0,0
temporary_partition,ideal_atomic,14039,1,0,0,0,0,none,0,0,0,0,0,0,0,0,0,0,-1,0,1,1
temporary_partition,command_once,14039,0,1,0,0,0,none,3,1,0,2,0,3,80,160,0,-1,-1,0,1,1
temporary_partition,confirmed_once,14039,0,0,1,0,0,ABORT,10,2,0,8,0,6,0,0,0,-1,-1,3,0,0
temporary_partition,confirmed_retry,14039,0,0,1,0,1,ABORT,22,6,0,16,0,14,0,0,0,-1,31,3,0,0
temporary_partition,fixed,14040,0,0,1,0,0,none,0,0,0,0,0,0,0,0,0,-1,-1,0,0,0
temporary_partition,ideal_atomic,14040,1,0,0,0,0,none,0,0,0,0,0,0,0,0,0,0,-1,0,1,1
temporary_partition,command_once,14040,0,1,0,0,0,none,3,1,0,2,0,3,80,160,0,-1,-1,0,1,1
temporary_partition,confirmed_once,14040,0,0,1,0,0,ABORT,10,2,0,8,0,6,0,0,0,-1,-1,3,0,0
temporary_partition,confirmed_retry,14040,0,0,1,0,1,ABORT,24,6,0,18,0,15,0,0,0,-1,30,3,0,0
temporary_partition,fixed,14041,0,0,1,0,0,none,0,0,0,0,0,0,0,0,0,-1,-1,0,0,0
temporary_partition,ideal_atomic,14041,1,0,0,0,0,none,0,0,0,0,0,0,0,0,0,0,-1,0,1,1
temporary_partition,command_once,14041,0,1,0,0,0,none,3,1,0,2,0,3,80,160,0,-1,-1,0,1,1
temporary_partition,confirmed_once,14041,0,0,1,0,0,ABORT,10,2,0,8,0,6,0,0,0,-1,-1,3,0,0
temporary_partition,confirmed_retry,14041,0,0,1,0,1,ABORT,22,6,0,16,0,14,0,0,0,-1,30,3,0,0
temporary_partition,fixed,14042,0,0,1,0,0,none,0,0,0,0,0,0,0,0,0,-1,-1,0,0,0
temporary_partition,ideal_atomic,14042,1,0,0,0,0,none,0,0,0,0,0,0,0,0,0,0,-1,0,1,1
temporary_partition,command_once,14042,0,1,0,0,0,none,3,1,0,2,0,3,80,160,0,-1,-1,0,1,1
temporary_partition,confirmed_once,14042,0,0,1,0,0,ABORT,10,2,0,8,0,6,0,0,0,-1,-1,3,0,0
temporary_partition,confirmed_retry,14042,0,0,1,0,1,ABORT,24,6,0,18,0,15,0,0,0,-1,31,3,0,0
temporary_partition,fixed,14043,0,0,1,0,0,none,0,0,0,0,0,0,0,0,0,-1,-1,0,0,0
temporary_partition,ideal_atomic,14043,1,0,0,0,0,none,0,0,0,0,0,0,0,0,0,0,-1,0,1,1
temporary_partition,command_once,14043,0,1,0,0,0,none,3,1,0,2,0,3,80,160,0,-1,-1,0,1,1
temporary_partition,confirmed_once,14043,0,0,1,0,0,ABORT,10,2,0,8,0,6,0,0,0,-1,-1,3,0,0
temporary_partition,confirmed_retry,14043,0,0,1,0,1,ABORT,26,6,0,20,0,16,0,0,0,-1,29,3,0,0
temporary_partition,fixed,14044,0,0,1,0,0,none,0,0,0,0,0,0,0,0,0,-1,-1,0,0,0
temporary_partition,ideal_atomic,14044,1,0,0,0,0,none,0,0,0,0,0,0,0,0,0,0,-1,0,1,1
temporary_partition,command_once,14044,0,1,0,0,0,none,3,1,0,2,0,3,80,160,0,-1,-1,0,1,1
temporary_partition,confirmed_once,14044,0,0,1,0,0,ABORT,10,2,0,8,0,6,0,0,0,-1,-1,3,0,0
temporary_partition,confirmed_retry,14044,0,0,1,0,1,ABORT,22,6,0,16,0,14,0,0,0,-1,30,3,0,0
temporary_partition,fixed,14045,0,0,1,0,0,none,0,0,0,0,0,0,0,0,0,-1,-1,0,0,0
temporary_partition,ideal_atomic,14045,1,0,0,0,0,none,0,0,0,0,0,0,0,0,0,0,-1,0,1,1
temporary_partition,command_once,14045,0,1,0,0,0,none,3,1,0,2,0,3,80,160,0,-1,-1,0,1,1
temporary_partition,confirmed_once,14045,0,0,1,0,0,ABORT,10,2,0,8,0,6,0,0,0,-1,-1,3,0,0
temporary_partition,confirmed_retry,14045,0,0,1,0,1,ABORT,26,6,0,20,0,16,0,0,0,-1,31,3,0,0
temporary_partition,fixed,14046,0,0,1,0,0,none,0,0,0,0,0,0,0,0,0,-1,-1,0,0,0
temporary_partition,ideal_atomic,14046,1,0,0,0,0,none,0,0,0,0,0,0,0,0,0,0,-1,0,1,1
temporary_partition,command_once,14046,0,1,0,0,0,none,3,1,0,2,0,3,80,160,0,-1,-1,0,1,1
temporary_partition,confirmed_once,14046,0,0,1,0,0,ABORT,10,2,0,8,0,6,0,0,0,-1,-1,3,0,0
temporary_partition,confirmed_retry,14046,0,0,1,0,1,ABORT,24,6,0,18,0,15,0,0,0,-1,28,3,0,0
temporary_partition,fixed,14047,0,0,1,0,0,none,0,0,0,0,0,0,0,0,0,-1,-1,0,0,0
temporary_partition,ideal_atomic,14047,1,0,0,0,0,none,0,0,0,0,0,0,0,0,0,0,-1,0,1,1
temporary_partition,command_once,14047,0,1,0,0,0,none,3,1,0,2,0,3,80,160,0,-1,-1,0,1,1
temporary_partition,confirmed_once,14047,0,0,1,0,0,ABORT,10,2,0,8,0,6,0,0,0,-1,-1,3,0,0
temporary_partition,confirmed_retry,14047,0,0,1,0,1,ABORT,22,6,0,16,0,14,0,0,0,-1,29,3,0,0
temporary_partition,fixed,14048,0,0,1,0,0,none,0,0,0,0,0,0,0,0,0,-1,-1,0,0,0
temporary_partition,ideal_atomic,14048,1,0,0,0,0,none,0,0,0,0,0,0,0,0,0,0,-1,0,1,1
temporary_partition,command_once,14048,0,1,0,0,0,none,3,1,0,2,0,3,80,160,0,-1,-1,0,1,1
temporary_partition,confirmed_once,14048,0,0,1,0,0,ABORT,10,2,0,8,0,6,0,0,0,-1,-1,3,0,0
temporary_partition,confirmed_retry,14048,0,0,1,0,1,ABORT,24,6,0,18,0,15,0,0,0,-1,29,3,0,0
temporary_partition,fixed,14049,0,0,1,0,0,none,0,0,0,0,0,0,0,0,0,-1,-1,0,0,0
temporary_partition,ideal_atomic,14049,1,0,0,0,0,none,0,0,0,0,0,0,0,0,0,0,-1,0,1,1
temporary_partition,command_once,14049,0,1,0,0,0,none,3,1,0,2,0,3,80,160,0,-1,-1,0,1,1
temporary_partition,confirmed_once,14049,0,0,1,0,0,ABORT,10,2,0,8,0,6,0,0,0,-1,-1,3,0,0
temporary_partition,confirmed_retry,14049,0,0,1,0,1,ABORT,16,6,0,10,0,11,0,0,0,-1,28,3,0,0
temporary_partition,fixed,14050,0,0,1,0,0,none,0,0,0,0,0,0,0,0,0,-1,-1,0,0,0
temporary_partition,ideal_atomic,14050,1,0,0,0,0,none,0,0,0,0,0,0,0,0,0,0,-1,0,1,1
temporary_partition,command_once,14050,0,1,0,0,0,none,3,1,0,2,0,3,80,160,0,-1,-1,0,1,1
temporary_partition,confirmed_once,14050,0,0,1,0,0,ABORT,10,2,0,8,0,6,0,0,0,-1,-1,3,0,0
temporary_partition,confirmed_retry,14050,0,0,1,0,1,ABORT,22,6,0,16,0,14,0,0,0,-1,30,3,0,0
temporary_partition,fixed,14051,0,0,1,0,0,none,0,0,0,0,0,0,0,0,0,-1,-1,0,0,0
temporary_partition,ideal_atomic,14051,1,0,0,0,0,none,0,0,0,0,0,0,0,0,0,0,-1,0,1,1
temporary_partition,command_once,14051,0,1,0,0,0,none,3,1,0,2,0,3,80,160,0,-1,-1,0,1,1
temporary_partition,confirmed_once,14051,0,0,1,0,0,ABORT,10,2,0,8,0,6,0,0,0,-1,-1,3,0,0
temporary_partition,confirmed_retry,14051,0,0,1,0,1,ABORT,24,6,0,18,0,15,0,0,0,-1,31,3,0,0
temporary_partition,fixed,14052,0,0,1,0,0,none,0,0,0,0,0,0,0,0,0,-1,-1,0,0,0
temporary_partition,ideal_atomic,14052,1,0,0,0,0,none,0,0,0,0,0,0,0,0,0,0,-1,0,1,1
temporary_partition,command_once,14052,0,1,0,0,0,none,3,1,0,2,0,3,80,160,0,-1,-1,0,1,1
temporary_partition,confirmed_once,14052,0,0,1,0,0,ABORT,10,2,0,8,0,6,0,0,0,-1,-1,3,0,0
temporary_partition,confirmed_retry,14052,0,0,1,0,1,ABORT,22,6,0,16,0,14,0,0,0,-1,26,3,0,0
temporary_partition,fixed,14053,0,0,1,0,0,none,0,0,0,0,0,0,0,0,0,-1,-1,0,0,0
temporary_partition,ideal_atomic,14053,1,0,0,0,0,none,0,0,0,0,0,0,0,0,0,0,-1,0,1,1
temporary_partition,command_once,14053,0,1,0,0,0,none,3,1,0,2,0,3,80,160,0,-1,-1,0,1,1
temporary_partition,confirmed_once,14053,0,0,1,0,0,ABORT,10,2,0,8,0,6,0,0,0,-1,-1,3,0,0
temporary_partition,confirmed_retry,14053,0,0,1,0,1,ABORT,22,6,0,16,0,14,0,0,0,-1,32,3,0,0
temporary_partition,fixed,14054,0,0,1,0,0,none,0,0,0,0,0,0,0,0,0,-1,-1,0,0,0
temporary_partition,ideal_atomic,14054,1,0,0,0,0,none,0,0,0,0,0,0,0,0,0,0,-1,0,1,1
temporary_partition,command_once,14054,0,1,0,0,0,none,3,1,0,2,0,3,80,160,0,-1,-1,0,1,1
temporary_partition,confirmed_once,14054,0,0,1,0,0,ABORT,10,2,0,8,0,6,0,0,0,-1,-1,3,0,0
temporary_partition,confirmed_retry,14054,0,0,1,0,1,ABORT,22,6,0,16,0,14,0,0,0,-1,26,3,0,0
temporary_partition,fixed,14055,0,0,1,0,0,none,0,0,0,0,0,0,0,0,0,-1,-1,0,0,0
temporary_partition,ideal_atomic,14055,1,0,0,0,0,none,0,0,0,0,0,0,0,0,0,0,-1,0,1,1
temporary_partition,command_once,14055,0,1,0,0,0,none,3,1,0,2,0,3,80,160,0,-1,-1,0,1,1
temporary_partition,confirmed_once,14055,0,0,1,0,0,ABORT,10,2,0,8,0,6,0,0,0,-1,-1,3,0,0
temporary_partition,confirmed_retry,14055,0,0,1,0,1,ABORT,22,6,0,16,0,14,0,0,0,-1,26,3,0,0
temporary_partition,fixed,14056,0,0,1,0,0,none,0,0,0,0,0,0,0,0,0,-1,-1,0,0,0
temporary_partition,ideal_atomic,14056,1,0,0,0,0,none,0,0,0,0,0,0,0,0,0,0,-1,0,1,1
temporary_partition,command_once,14056,0,1,0,0,0,none,3,1,0,2,0,3,80,160,0,-1,-1,0,1,1
temporary_partition,confirmed_once,14056,0,0,1,0,0,ABORT,10,2,0,8,0,6,0,0,0,-1,-1,3,0,0
temporary_partition,confirmed_retry,14056,0,0,1,0,1,ABORT,24,6,0,18,0,15,0,0,0,-1,27,3,0,0
temporary_partition,fixed,14057,0,0,1,0,0,none,0,0,0,0,0,0,0,0,0,-1,-1,0,0,0
temporary_partition,ideal_atomic,14057,1,0,0,0,0,none,0,0,0,0,0,0,0,0,0,0,-1,0,1,1
temporary_partition,command_once,14057,0,1,0,0,0,none,3,1,0,2,0,3,80,160,0,-1,-1,0,1,1
temporary_partition,confirmed_once,14057,0,0,1,0,0,ABORT,10,2,0,8,0,6,0,0,0,-1,-1,3,0,0
temporary_partition,confirmed_retry,14057,0,0,1,0,1,ABORT,22,6,0,16,0,14,0,0,0,-1,27,3,0,0
temporary_partition,fixed,14058,0,0,1,0,0,none,0,0,0,0,0,0,0,0,0,-1,-1,0,0,0
temporary_partition,ideal_atomic,14058,1,0,0,0,0,none,0,0,0,0,0,0,0,0,0,0,-1,0,1,1
temporary_partition,command_once,14058,0,1,0,0,0,none,3,1,0,2,0,3,80,160,0,-1,-1,0,1,1
temporary_partition,confirmed_once,14058,0,0,1,0,0,ABORT,10,2,0,8,0,6,0,0,0,-1,-1,3,0,0
temporary_partition,confirmed_retry,14058,0,0,1,0,1,ABORT,18,6,0,12,0,12,0,0,0,-1,27,3,0,0
temporary_partition,fixed,14059,0,0,1,0,0,none,0,0,0,0,0,0,0,0,0,-1,-1,0,0,0
temporary_partition,ideal_atomic,14059,1,0,0,0,0,none,0,0,0,0,0,0,0,0,0,0,-1,0,1,1
temporary_partition,command_once,14059,0,1,0,0,0,none,3,1,0,2,0,3,80,160,0,-1,-1,0,1,1
temporary_partition,confirmed_once,14059,0,0,1,0,0,ABORT,10,2,0,8,0,6,0,0,0,-1,-1,3,0,0
temporary_partition,confirmed_retry,14059,0,0,1,0,1,ABORT,24,6,0,18,0,15,0,0,0,-1,28,3,0,0
temporary_partition,fixed,14060,0,0,1,0,0,none,0,0,0,0,0,0,0,0,0,-1,-1,0,0,0
temporary_partition,ideal_atomic,14060,1,0,0,0,0,none,0,0,0,0,0,0,0,0,0,0,-1,0,1,1
temporary_partition,command_once,14060,0,1,0,0,0,none,3,1,0,2,0,3,80,160,0,-1,-1,0,1,1
temporary_partition,confirmed_once,14060,0,0,1,0,0,ABORT,10,2,0,8,0,6,0,0,0,-1,-1,3,0,0
temporary_partition,confirmed_retry,14060,0,0,1,0,1,ABORT,26,6,0,20,0,16,0,0,0,-1,30,3,0,0
temporary_partition,fixed,14061,0,0,1,0,0,none,0,0,0,0,0,0,0,0,0,-1,-1,0,0,0
temporary_partition,ideal_atomic,14061,1,0,0,0,0,none,0,0,0,0,0,0,0,0,0,0,-1,0,1,1
temporary_partition,command_once,14061,0,1,0,0,0,none,3,1,0,2,0,3,80,160,0,-1,-1,0,1,1
temporary_partition,confirmed_once,14061,0,0,1,0,0,ABORT,10,2,0,8,0,6,0,0,0,-1,-1,3,0,0
temporary_partition,confirmed_retry,14061,0,0,1,0,1,ABORT,20,6,0,14,0,13,0,0,0,-1,32,3,0,0
temporary_partition,fixed,14062,0,0,1,0,0,none,0,0,0,0,0,0,0,0,0,-1,-1,0,0,0
temporary_partition,ideal_atomic,14062,1,0,0,0,0,none,0,0,0,0,0,0,0,0,0,0,-1,0,1,1
temporary_partition,command_once,14062,0,1,0,0,0,none,3,1,0,2,0,3,80,160,0,-1,-1,0,1,1
temporary_partition,confirmed_once,14062,0,0,1,0,0,ABORT,10,2,0,8,0,6,0,0,0,-1,-1,3,0,0
temporary_partition,confirmed_retry,14062,0,0,1,0,1,ABORT,20,6,0,14,0,13,0,0,0,-1,29,3,0,0
temporary_partition,fixed,14063,0,0,1,0,0,none,0,0,0,0,0,0,0,0,0,-1,-1,0,0,0
temporary_partition,ideal_atomic,14063,1,0,0,0,0,none,0,0,0,0,0,0,0,0,0,0,-1,0,1,1
temporary_partition,command_once,14063,0,1,0,0,0,none,3,1,0,2,0,3,80,160,0,-1,-1,0,1,1
temporary_partition,confirmed_once,14063,0,0,1,0,0,ABORT,10,2,0,8,0,6,0,0,0,-1,-1,3,0,0
temporary_partition,confirmed_retry,14063,0,0,1,0,1,ABORT,24,6,0,18,0,15,0,0,0,-1,31,3,0,0
temporary_partition,fixed,14064,0,0,1,0,0,none,0,0,0,0,0,0,0,0,0,-1,-1,0,0,0
temporary_partition,ideal_atomic,14064,1,0,0,0,0,none,0,0,0,0,0,0,0,0,0,0,-1,0,1,1
temporary_partition,command_once,14064,0,1,0,0,0,none,3,1,0,2,0,3,80,160,0,-1,-1,0,1,1
temporary_partition,confirmed_once,14064,0,0,1,0,0,ABORT,10,2,0,8,0,6,0,0,0,-1,-1,3,0,0
temporary_partition,confirmed_retry,14064,0,0,1,0,1,ABORT,18,6,0,12,0,12,0,0,0,-1,27,3,0,0
temporary_partition,fixed,14065,0,0,1,0,0,none,0,0,0,0,0,0,0,0,0,-1,-1,0,0,0
temporary_partition,ideal_atomic,14065,1,0,0,0,0,none,0,0,0,0,0,0,0,0,0,0,-1,0,1,1
temporary_partition,command_once,14065,0,1,0,0,0,none,3,1,0,2,0,3,80,160,0,-1,-1,0,1,1
temporary_partition,confirmed_once,14065,0,0,1,0,0,ABORT,10,2,0,8,0,6,0,0,0,-1,-1,3,0,0
temporary_partition,confirmed_retry,14065,0,0,1,0,1,ABORT,26,6,0,20,0,16,0,0,0,-1,29,3,0,0
temporary_partition,fixed,14066,0,0,1,0,0,none,0,0,0,0,0,0,0,0,0,-1,-1,0,0,0
temporary_partition,ideal_atomic,14066,1,0,0,0,0,none,0,0,0,0,0,0,0,0,0,0,-1,0,1,1
temporary_partition,command_once,14066,0,1,0,0,0,none,3,1,0,2,0,3,80,160,0,-1,-1,0,1,1
temporary_partition,confirmed_once,14066,0,0,1,0,0,ABORT,10,2,0,8,0,6,0,0,0,-1,-1,3,0,0
temporary_partition,confirmed_retry,14066,0,0,1,0,1,ABORT,22,6,0,16,0,14,0,0,0,-1,30,3,0,0
temporary_partition,fixed,14067,0,0,1,0,0,none,0,0,0,0,0,0,0,0,0,-1,-1,0,0,0
temporary_partition,ideal_atomic,14067,1,0,0,0,0,none,0,0,0,0,0,0,0,0,0,0,-1,0,1,1
temporary_partition,command_once,14067,0,1,0,0,0,none,3,1,0,2,0,3,80,160,0,-1,-1,0,1,1
temporary_partition,confirmed_once,14067,0,0,1,0,0,ABORT,10,2,0,8,0,6,0,0,0,-1,-1,3,0,0
temporary_partition,confirmed_retry,14067,0,0,1,0,1,ABORT,22,6,0,16,0,14,0,0,0,-1,32,3,0,0
temporary_partition,fixed,14068,0,0,1,0,0,none,0,0,0,0,0,0,0,0,0,-1,-1,0,0,0
temporary_partition,ideal_atomic,14068,1,0,0,0,0,none,0,0,0,0,0,0,0,0,0,0,-1,0,1,1
temporary_partition,command_once,14068,0,1,0,0,0,none,3,1,0,2,0,3,80,160,0,-1,-1,0,1,1
temporary_partition,confirmed_once,14068,0,0,1,0,0,ABORT,10,2,0,8,0,6,0,0,0,-1,-1,3,0,0
temporary_partition,confirmed_retry,14068,0,0,1,0,1,ABORT,20,6,0,14,0,13,0,0,0,-1,26,3,0,0
temporary_partition,fixed,14069,0,0,1,0,0,none,0,0,0,0,0,0,0,0,0,-1,-1,0,0,0
temporary_partition,ideal_atomic,14069,1,0,0,0,0,none,0,0,0,0,0,0,0,0,0,0,-1,0,1,1
temporary_partition,command_once,14069,0,1,0,0,0,none,3,1,0,2,0,3,80,160,0,-1,-1,0,1,1
temporary_partition,confirmed_once,14069,0,0,1,0,0,ABORT,10,2,0,8,0,6,0,0,0,-1,-1,3,0,0
temporary_partition,confirmed_retry,14069,0,0,1,0,1,ABORT,18,6,0,12,0,12,0,0,0,-1,28,3,0,0
temporary_partition,fixed,14070,0,0,1,0,0,none,0,0,0,0,0,0,0,0,0,-1,-1,0,0,0
temporary_partition,ideal_atomic,14070,1,0,0,0,0,none,0,0,0,0,0,0,0,0,0,0,-1,0,1,1
temporary_partition,command_once,14070,0,1,0,0,0,none,3,1,0,2,0,3,80,160,0,-1,-1,0,1,1
temporary_partition,confirmed_once,14070,0,0,1,0,0,ABORT,10,2,0,8,0,6,0,0,0,-1,-1,3,0,0
temporary_partition,confirmed_retry,14070,0,0,1,0,1,ABORT,22,6,0,16,0,14,0,0,0,-1,27,3,0,0
temporary_partition,fixed,14071,0,0,1,0,0,none,0,0,0,0,0,0,0,0,0,-1,-1,0,0,0
temporary_partition,ideal_atomic,14071,1,0,0,0,0,none,0,0,0,0,0,0,0,0,0,0,-1,0,1,1
temporary_partition,command_once,14071,0,1,0,0,0,none,3,1,0,2,0,3,80,160,0,-1,-1,0,1,1
temporary_partition,confirmed_once,14071,0,0,1,0,0,ABORT,10,2,0,8,0,6,0,0,0,-1,-1,3,0,0
temporary_partition,confirmed_retry,14071,0,0,1,0,1,ABORT,22,6,0,16,0,14,0,0,0,-1,27,3,0,0
temporary_partition,fixed,14072,0,0,1,0,0,none,0,0,0,0,0,0,0,0,0,-1,-1,0,0,0
temporary_partition,ideal_atomic,14072,1,0,0,0,0,none,0,0,0,0,0,0,0,0,0,0,-1,0,1,1
temporary_partition,command_once,14072,0,1,0,0,0,none,3,1,0,2,0,3,80,160,0,-1,-1,0,1,1
temporary_partition,confirmed_once,14072,0,0,1,0,0,ABORT,10,2,0,8,0,6,0,0,0,-1,-1,3,0,0
temporary_partition,confirmed_retry,14072,0,0,1,0,1,ABORT,20,6,0,14,0,13,0,0,0,-1,28,3,0,0
temporary_partition,fixed,14073,0,0,1,0,0,none,0,0,0,0,0,0,0,0,0,-1,-1,0,0,0
temporary_partition,ideal_atomic,14073,1,0,0,0,0,none,0,0,0,0,0,0,0,0,0,0,-1,0,1,1
temporary_partition,command_once,14073,0,1,0,0,0,none,3,1,0,2,0,3,80,160,0,-1,-1,0,1,1
temporary_partition,confirmed_once,14073,0,0,1,0,0,ABORT,10,2,0,8,0,6,0,0,0,-1,-1,3,0,0
temporary_partition,confirmed_retry,14073,0,0,1,0,1,ABORT,22,6,0,16,0,14,0,0,0,-1,27,3,0,0
temporary_partition,fixed,14074,0,0,1,0,0,none,0,0,0,0,0,0,0,0,0,-1,-1,0,0,0
temporary_partition,ideal_atomic,14074,1,0,0,0,0,none,0,0,0,0,0,0,0,0,0,0,-1,0,1,1
temporary_partition,command_once,14074,0,1,0,0,0,none,3,1,0,2,0,3,80,160,0,-1,-1,0,1,1
temporary_partition,confirmed_once,14074,0,0,1,0,0,ABORT,10,2,0,8,0,6,0,0,0,-1,-1,3,0,0
temporary_partition,confirmed_retry,14074,0,0,1,0,1,ABORT,20,6,0,14,0,13,0,0,0,-1,29,3,0,0
temporary_partition,fixed,14075,0,0,1,0,0,none,0,0,0,0,0,0,0,0,0,-1,-1,0,0,0
temporary_partition,ideal_atomic,14075,1,0,0,0,0,none,0,0,0,0,0,0,0,0,0,0,-1,0,1,1
temporary_partition,command_once,14075,0,1,0,0,0,none,3,1,0,2,0,3,80,160,0,-1,-1,0,1,1
temporary_partition,confirmed_once,14075,0,0,1,0,0,ABORT,10,2,0,8,0,6,0,0,0,-1,-1,3,0,0
temporary_partition,confirmed_retry,14075,0,0,1,0,1,ABORT,24,6,0,18,0,15,0,0,0,-1,29,3,0,0
temporary_partition,fixed,14076,0,0,1,0,0,none,0,0,0,0,0,0,0,0,0,-1,-1,0,0,0
temporary_partition,ideal_atomic,14076,1,0,0,0,0,none,0,0,0,0,0,0,0,0,0,0,-1,0,1,1
temporary_partition,command_once,14076,0,1,0,0,0,none,3,1,0,2,0,3,80,160,0,-1,-1,0,1,1
temporary_partition,confirmed_once,14076,0,0,1,0,0,ABORT,10,2,0,8,0,6,0,0,0,-1,-1,3,0,0
temporary_partition,confirmed_retry,14076,0,0,1,0,1,ABORT,22,6,0,16,0,14,0,0,0,-1,29,3,0,0
temporary_partition,fixed,14077,0,0,1,0,0,none,0,0,0,0,0,0,0,0,0,-1,-1,0,0,0
temporary_partition,ideal_atomic,14077,1,0,0,0,0,none,0,0,0,0,0,0,0,0,0,0,-1,0,1,1
temporary_partition,command_once,14077,0,1,0,0,0,none,3,1,0,2,0,3,80,160,0,-1,-1,0,1,1
temporary_partition,confirmed_once,14077,0,0,1,0,0,ABORT,10,2,0,8,0,6,0,0,0,-1,-1,3,0,0
temporary_partition,confirmed_retry,14077,0,0,1,0,1,ABORT,24,6,0,18,0,15,0,0,0,-1,29,3,0,0
temporary_partition,fixed,14078,0,0,1,0,0,none,0,0,0,0,0,0,0,0,0,-1,-1,0,0,0
temporary_partition,ideal_atomic,14078,1,0,0,0,0,none,0,0,0,0,0,0,0,0,0,0,-1,0,1,1
temporary_partition,command_once,14078,0,1,0,0,0,none,3,1,0,2,0,3,80,160,0,-1,-1,0,1,1
temporary_partition,confirmed_once,14078,0,0,1,0,0,ABORT,10,2,0,8,0,6,0,0,0,-1,-1,3,0,0
temporary_partition,confirmed_retry,14078,0,0,1,0,1,ABORT,20,6,0,14,0,13,0,0,0,-1,29,3,0,0
temporary_partition,fixed,14079,0,0,1,0,0,none,0,0,0,0,0,0,0,0,0,-1,-1,0,0,0
temporary_partition,ideal_atomic,14079,1,0,0,0,0,none,0,0,0,0,0,0,0,0,0,0,-1,0,1,1
temporary_partition,command_once,14079,0,1,0,0,0,none,3,1,0,2,0,3,80,160,0,-1,-1,0,1,1
temporary_partition,confirmed_once,14079,0,0,1,0,0,ABORT,10,2,0,8,0,6,0,0,0,-1,-1,3,0,0
temporary_partition,confirmed_retry,14079,0,0,1,0,1,ABORT,22,6,0,16,0,14,0,0,0,-1,27,3,0,0
temporary_partition,fixed,14080,0,0,1,0,0,none,0,0,0,0,0,0,0,0,0,-1,-1,0,0,0
temporary_partition,ideal_atomic,14080,1,0,0,0,0,none,0,0,0,0,0,0,0,0,0,0,-1,0,1,1
temporary_partition,command_once,14080,0,1,0,0,0,none,3,1,0,2,0,3,80,160,0,-1,-1,0,1,1
temporary_partition,confirmed_once,14080,0,0,1,0,0,ABORT,10,2,0,8,0,6,0,0,0,-1,-1,3,0,0
temporary_partition,confirmed_retry,14080,0,0,1,0,1,ABORT,22,6,0,16,0,14,0,0,0,-1,30,3,0,0
temporary_partition,fixed,14081,0,0,1,0,0,none,0,0,0,0,0,0,0,0,0,-1,-1,0,0,0
temporary_partition,ideal_atomic,14081,1,0,0,0,0,none,0,0,0,0,0,0,0,0,0,0,-1,0,1,1
temporary_partition,command_once,14081,0,1,0,0,0,none,3,1,0,2,0,3,80,160,0,-1,-1,0,1,1
temporary_partition,confirmed_once,14081,0,0,1,0,0,ABORT,10,2,0,8,0,6,0,0,0,-1,-1,3,0,0
temporary_partition,confirmed_retry,14081,0,0,1,0,1,ABORT,22,6,0,16,0,14,0,0,0,-1,29,3,0,0
temporary_partition,fixed,14082,0,0,1,0,0,none,0,0,0,0,0,0,0,0,0,-1,-1,0,0,0
temporary_partition,ideal_atomic,14082,1,0,0,0,0,none,0,0,0,0,0,0,0,0,0,0,-1,0,1,1
temporary_partition,command_once,14082,0,1,0,0,0,none,3,1,0,2,0,3,80,160,0,-1,-1,0,1,1
temporary_partition,confirmed_once,14082,0,0,1,0,0,ABORT,10,2,0,8,0,6,0,0,0,-1,-1,3,0,0
temporary_partition,confirmed_retry,14082,0,0,1,0,1,ABORT,24,6,0,18,0,15,0,0,0,-1,29,3,0,0
temporary_partition,fixed,14083,0,0,1,0,0,none,0,0,0,0,0,0,0,0,0,-1,-1,0,0,0
temporary_partition,ideal_atomic,14083,1,0,0,0,0,none,0,0,0,0,0,0,0,0,0,0,-1,0,1,1
temporary_partition,command_once,14083,0,1,0,0,0,none,3,1,0,2,0,3,80,160,0,-1,-1,0,1,1
temporary_partition,confirmed_once,14083,0,0,1,0,0,ABORT,10,2,0,8,0,6,0,0,0,-1,-1,3,0,0
temporary_partition,confirmed_retry,14083,0,0,1,0,1,ABORT,24,6,0,18,0,15,0,0,0,-1,32,3,0,0
temporary_partition,fixed,14084,0,0,1,0,0,none,0,0,0,0,0,0,0,0,0,-1,-1,0,0,0
temporary_partition,ideal_atomic,14084,1,0,0,0,0,none,0,0,0,0,0,0,0,0,0,0,-1,0,1,1
temporary_partition,command_once,14084,0,1,0,0,0,none,3,1,0,2,0,3,80,160,0,-1,-1,0,1,1
temporary_partition,confirmed_once,14084,0,0,1,0,0,ABORT,10,2,0,8,0,6,0,0,0,-1,-1,3,0,0
temporary_partition,confirmed_retry,14084,0,0,1,0,1,ABORT,20,6,0,14,0,13,0,0,0,-1,28,3,0,0
temporary_partition,fixed,14085,0,0,1,0,0,none,0,0,0,0,0,0,0,0,0,-1,-1,0,0,0
temporary_partition,ideal_atomic,14085,1,0,0,0,0,none,0,0,0,0,0,0,0,0,0,0,-1,0,1,1
temporary_partition,command_once,14085,0,1,0,0,0,none,3,1,0,2,0,3,80,160,0,-1,-1,0,1,1
temporary_partition,confirmed_once,14085,0,0,1,0,0,ABORT,10,2,0,8,0,6,0,0,0,-1,-1,3,0,0
temporary_partition,confirmed_retry,14085,0,0,1,0,1,ABORT,20,6,0,14,0,13,0,0,0,-1,31,3,0,0
temporary_partition,fixed,14086,0,0,1,0,0,none,0,0,0,0,0,0,0,0,0,-1,-1,0,0,0
temporary_partition,ideal_atomic,14086,1,0,0,0,0,none,0,0,0,0,0,0,0,0,0,0,-1,0,1,1
temporary_partition,command_once,14086,0,1,0,0,0,none,3,1,0,2,0,3,80,160,0,-1,-1,0,1,1
temporary_partition,confirmed_once,14086,0,0,1,0,0,ABORT,10,2,0,8,0,6,0,0,0,-1,-1,3,0,0
temporary_partition,confirmed_retry,14086,0,0,1,0,1,ABORT,24,6,0,18,0,15,0,0,0,-1,31,3,0,0
temporary_partition,fixed,14087,0,0,1,0,0,none,0,0,0,0,0,0,0,0,0,-1,-1,0,0,0
temporary_partition,ideal_atomic,14087,1,0,0,0,0,none,0,0,0,0,0,0,0,0,0,0,-1,0,1,1
temporary_partition,command_once,14087,0,1,0,0,0,none,3,1,0,2,0,3,80,160,0,-1,-1,0,1,1
temporary_partition,confirmed_once,14087,0,0,1,0,0,ABORT,10,2,0,8,0,6,0,0,0,-1,-1,3,0,0
temporary_partition,confirmed_retry,14087,0,0,1,0,1,ABORT,20,6,0,14,0,13,0,0,0,-1,29,3,0,0
temporary_partition,fixed,14088,0,0,1,0,0,none,0,0,0,0,0,0,0,0,0,-1,-1,0,0,0
temporary_partition,ideal_atomic,14088,1,0,0,0,0,none,0,0,0,0,0,0,0,0,0,0,-1,0,1,1
temporary_partition,command_once,14088,0,1,0,0,0,none,3,1,0,2,0,3,80,160,0,-1,-1,0,1,1
temporary_partition,confirmed_once,14088,0,0,1,0,0,ABORT,10,2,0,8,0,6,0,0,0,-1,-1,3,0,0
temporary_partition,confirmed_retry,14088,0,0,1,0,1,ABORT,24,6,0,18,0,15,0,0,0,-1,30,3,0,0
temporary_partition,fixed,14089,0,0,1,0,0,none,0,0,0,0,0,0,0,0,0,-1,-1,0,0,0
temporary_partition,ideal_atomic,14089,1,0,0,0,0,none,0,0,0,0,0,0,0,0,0,0,-1,0,1,1
temporary_partition,command_once,14089,0,1,0,0,0,none,3,1,0,2,0,3,80,160,0,-1,-1,0,1,1
temporary_partition,confirmed_once,14089,0,0,1,0,0,ABORT,10,2,0,8,0,6,0,0,0,-1,-1,3,0,0
temporary_partition,confirmed_retry,14089,0,0,1,0,1,ABORT,22,6,0,16,0,14,0,0,0,-1,28,3,0,0
temporary_partition,fixed,14090,0,0,1,0,0,none,0,0,0,0,0,0,0,0,0,-1,-1,0,0,0
temporary_partition,ideal_atomic,14090,1,0,0,0,0,none,0,0,0,0,0,0,0,0,0,0,-1,0,1,1
temporary_partition,command_once,14090,0,1,0,0,0,none,3,1,0,2,0,3,80,160,0,-1,-1,0,1,1
temporary_partition,confirmed_once,14090,0,0,1,0,0,ABORT,10,2,0,8,0,6,0,0,0,-1,-1,3,0,0
temporary_partition,confirmed_retry,14090,0,0,1,0,1,ABORT,20,6,0,14,0,13,0,0,0,-1,28,3,0,0
temporary_partition,fixed,14091,0,0,1,0,0,none,0,0,0,0,0,0,0,0,0,-1,-1,0,0,0
temporary_partition,ideal_atomic,14091,1,0,0,0,0,none,0,0,0,0,0,0,0,0,0,0,-1,0,1,1
temporary_partition,command_once,14091,0,1,0,0,0,none,3,1,0,2,0,3,80,160,0,-1,-1,0,1,1
temporary_partition,confirmed_once,14091,0,0,1,0,0,ABORT,10,2,0,8,0,6,0,0,0,-1,-1,3,0,0
temporary_partition,confirmed_retry,14091,0,0,1,0,1,ABORT,18,6,0,12,0,12,0,0,0,-1,31,3,0,0
temporary_partition,fixed,14092,0,0,1,0,0,none,0,0,0,0,0,0,0,0,0,-1,-1,0,0,0
temporary_partition,ideal_atomic,14092,1,0,0,0,0,none,0,0,0,0,0,0,0,0,0,0,-1,0,1,1
temporary_partition,command_once,14092,0,1,0,0,0,none,3,1,0,2,0,3,80,160,0,-1,-1,0,1,1
temporary_partition,confirmed_once,14092,0,0,1,0,0,ABORT,10,2,0,8,0,6,0,0,0,-1,-1,3,0,0
temporary_partition,confirmed_retry,14092,0,0,1,0,1,ABORT,20,6,0,14,0,13,0,0,0,-1,32,3,0,0
temporary_partition,fixed,14093,0,0,1,0,0,none,0,0,0,0,0,0,0,0,0,-1,-1,0,0,0
temporary_partition,ideal_atomic,14093,1,0,0,0,0,none,0,0,0,0,0,0,0,0,0,0,-1,0,1,1
temporary_partition,command_once,14093,0,1,0,0,0,none,3,1,0,2,0,3,80,160,0,-1,-1,0,1,1
temporary_partition,confirmed_once,14093,0,0,1,0,0,ABORT,10,2,0,8,0,6,0,0,0,-1,-1,3,0,0
temporary_partition,confirmed_retry,14093,0,0,1,0,1,ABORT,24,6,0,18,0,15,0,0,0,-1,29,3,0,0
temporary_partition,fixed,14094,0,0,1,0,0,none,0,0,0,0,0,0,0,0,0,-1,-1,0,0,0
temporary_partition,ideal_atomic,14094,1,0,0,0,0,none,0,0,0,0,0,0,0,0,0,0,-1,0,1,1
temporary_partition,command_once,14094,0,1,0,0,0,none,3,1,0,2,0,3,80,160,0,-1,-1,0,1,1
temporary_partition,confirmed_once,14094,0,0,1,0,0,ABORT,10,2,0,8,0,6,0,0,0,-1,-1,3,0,0
temporary_partition,confirmed_retry,14094,0,0,1,0,1,ABORT,20,6,0,14,0,13,0,0,0,-1,26,3,0,0
temporary_partition,fixed,14095,0,0,1,0,0,none,0,0,0,0,0,0,0,0,0,-1,-1,0,0,0
temporary_partition,ideal_atomic,14095,1,0,0,0,0,none,0,0,0,0,0,0,0,0,0,0,-1,0,1,1
temporary_partition,command_once,14095,0,1,0,0,0,none,3,1,0,2,0,3,80,160,0,-1,-1,0,1,1
temporary_partition,confirmed_once,14095,0,0,1,0,0,ABORT,10,2,0,8,0,6,0,0,0,-1,-1,3,0,0
temporary_partition,confirmed_retry,14095,0,0,1,0,1,ABORT,22,6,0,16,0,14,0,0,0,-1,29,3,0,0
temporary_partition,fixed,14096,0,0,1,0,0,none,0,0,0,0,0,0,0,0,0,-1,-1,0,0,0
temporary_partition,ideal_atomic,14096,1,0,0,0,0,none,0,0,0,0,0,0,0,0,0,0,-1,0,1,1
temporary_partition,command_once,14096,0,1,0,0,0,none,3,1,0,2,0,3,80,160,0,-1,-1,0,1,1
temporary_partition,confirmed_once,14096,0,0,1,0,0,ABORT,10,2,0,8,0,6,0,0,0,-1,-1,3,0,0
temporary_partition,confirmed_retry,14096,0,0,1,0,1,ABORT,20,6,0,14,0,13,0,0,0,-1,29,3,0,0
temporary_partition,fixed,14097,0,0,1,0,0,none,0,0,0,0,0,0,0,0,0,-1,-1,0,0,0
temporary_partition,ideal_atomic,14097,1,0,0,0,0,none,0,0,0,0,0,0,0,0,0,0,-1,0,1,1
temporary_partition,command_once,14097,0,1,0,0,0,none,3,1,0,2,0,3,80,160,0,-1,-1,0,1,1
temporary_partition,confirmed_once,14097,0,0,1,0,0,ABORT,10,2,0,8,0,6,0,0,0,-1,-1,3,0,0
temporary_partition,confirmed_retry,14097,0,0,1,0,1,ABORT,24,6,0,18,0,15,0,0,0,-1,31,3,0,0
temporary_partition,fixed,14098,0,0,1,0,0,none,0,0,0,0,0,0,0,0,0,-1,-1,0,0,0
temporary_partition,ideal_atomic,14098,1,0,0,0,0,none,0,0,0,0,0,0,0,0,0,0,-1,0,1,1
temporary_partition,command_once,14098,0,1,0,0,0,none,3,1,0,2,0,3,80,160,0,-1,-1,0,1,1
temporary_partition,confirmed_once,14098,0,0,1,0,0,ABORT,10,2,0,8,0,6,0,0,0,-1,-1,3,0,0
temporary_partition,confirmed_retry,14098,0,0,1,0,1,ABORT,22,6,0,16,0,14,0,0,0,-1,28,3,0,0
temporary_partition,fixed,14099,0,0,1,0,0,none,0,0,0,0,0,0,0,0,0,-1,-1,0,0,0
temporary_partition,ideal_atomic,14099,1,0,0,0,0,none,0,0,0,0,0,0,0,0,0,0,-1,0,1,1
temporary_partition,command_once,14099,0,1,0,0,0,none,3,1,0,2,0,3,80,160,0,-1,-1,0,1,1
temporary_partition,confirmed_once,14099,0,0,1,0,0,ABORT,10,2,0,8,0,6,0,0,0,-1,-1,3,0,0
temporary_partition,confirmed_retry,14099,0,0,1,0,1,ABORT,22,6,0,16,0,14,0,0,0,-1,31,3,0,0
temporary_partition,fixed,14100,0,0,1,0,0,none,0,0,0,0,0,0,0,0,0,-1,-1,0,0,0
temporary_partition,ideal_atomic,14100,1,0,0,0,0,none,0,0,0,0,0,0,0,0,0,0,-1,0,1,1
temporary_partition,command_once,14100,0,1,0,0,0,none,3,1,0,2,0,3,80,160,0,-1,-1,0,1,1
temporary_partition,confirmed_once,14100,0,0,1,0,0,ABORT,10,2,0,8,0,6,0,0,0,-1,-1,3,0,0
temporary_partition,confirmed_retry,14100,0,0,1,0,1,ABORT,22,6,0,16,0,14,0,0,0,-1,26,3,0,0
temporary_partition,fixed,14101,0,0,1,0,0,none,0,0,0,0,0,0,0,0,0,-1,-1,0,0,0
temporary_partition,ideal_atomic,14101,1,0,0,0,0,none,0,0,0,0,0,0,0,0,0,0,-1,0,1,1
temporary_partition,command_once,14101,0,1,0,0,0,none,3,1,0,2,0,3,80,160,0,-1,-1,0,1,1
temporary_partition,confirmed_once,14101,0,0,1,0,0,ABORT,10,2,0,8,0,6,0,0,0,-1,-1,3,0,0
temporary_partition,confirmed_retry,14101,0,0,1,0,1,ABORT,24,6,0,18,0,15,0,0,0,-1,31,3,0,0
temporary_partition,fixed,14102,0,0,1,0,0,none,0,0,0,0,0,0,0,0,0,-1,-1,0,0,0
temporary_partition,ideal_atomic,14102,1,0,0,0,0,none,0,0,0,0,0,0,0,0,0,0,-1,0,1,1
temporary_partition,command_once,14102,0,1,0,0,0,none,3,1,0,2,0,3,80,160,0,-1,-1,0,1,1
temporary_partition,confirmed_once,14102,0,0,1,0,0,ABORT,10,2,0,8,0,6,0,0,0,-1,-1,3,0,0
temporary_partition,confirmed_retry,14102,0,0,1,0,1,ABORT,18,6,0,12,0,12,0,0,0,-1,26,3,0,0
temporary_partition,fixed,14103,0,0,1,0,0,none,0,0,0,0,0,0,0,0,0,-1,-1,0,0,0
temporary_partition,ideal_atomic,14103,1,0,0,0,0,none,0,0,0,0,0,0,0,0,0,0,-1,0,1,1
temporary_partition,command_once,14103,0,1,0,0,0,none,3,1,0,2,0,3,80,160,0,-1,-1,0,1,1
temporary_partition,confirmed_once,14103,0,0,1,0,0,ABORT,10,2,0,8,0,6,0,0,0,-1,-1,3,0,0
temporary_partition,confirmed_retry,14103,0,0,1,0,1,ABORT,24,6,0,18,0,15,0,0,0,-1,28,3,0,0
temporary_partition,fixed,14104,0,0,1,0,0,none,0,0,0,0,0,0,0,0,0,-1,-1,0,0,0
temporary_partition,ideal_atomic,14104,1,0,0,0,0,none,0,0,0,0,0,0,0,0,0,0,-1,0,1,1
temporary_partition,command_once,14104,0,1,0,0,0,none,3,1,0,2,0,3,80,160,0,-1,-1,0,1,1
temporary_partition,confirmed_once,14104,0,0,1,0,0,ABORT,10,2,0,8,0,6,0,0,0,-1,-1,3,0,0
temporary_partition,confirmed_retry,14104,0,0,1,0,1,ABORT,22,6,0,16,0,14,0,0,0,-1,31,3,0,0
temporary_partition,fixed,14105,0,0,1,0,0,none,0,0,0,0,0,0,0,0,0,-1,-1,0,0,0
temporary_partition,ideal_atomic,14105,1,0,0,0,0,none,0,0,0,0,0,0,0,0,0,0,-1,0,1,1
temporary_partition,command_once,14105,0,1,0,0,0,none,3,1,0,2,0,3,80,160,0,-1,-1,0,1,1
temporary_partition,confirmed_once,14105,0,0,1,0,0,ABORT,10,2,0,8,0,6,0,0,0,-1,-1,3,0,0
temporary_partition,confirmed_retry,14105,0,0,1,0,1,ABORT,22,6,0,16,0,14,0,0,0,-1,31,3,0,0
temporary_partition,fixed,14106,0,0,1,0,0,none,0,0,0,0,0,0,0,0,0,-1,-1,0,0,0
temporary_partition,ideal_atomic,14106,1,0,0,0,0,none,0,0,0,0,0,0,0,0,0,0,-1,0,1,1
temporary_partition,command_once,14106,0,1,0,0,0,none,3,1,0,2,0,3,80,160,0,-1,-1,0,1,1
temporary_partition,confirmed_once,14106,0,0,1,0,0,ABORT,10,2,0,8,0,6,0,0,0,-1,-1,3,0,0
temporary_partition,confirmed_retry,14106,0,0,1,0,1,ABORT,22,6,0,16,0,14,0,0,0,-1,28,3,0,0
temporary_partition,fixed,14107,0,0,1,0,0,none,0,0,0,0,0,0,0,0,0,-1,-1,0,0,0
temporary_partition,ideal_atomic,14107,1,0,0,0,0,none,0,0,0,0,0,0,0,0,0,0,-1,0,1,1
temporary_partition,command_once,14107,0,1,0,0,0,none,3,1,0,2,0,3,80,160,0,-1,-1,0,1,1
temporary_partition,confirmed_once,14107,0,0,1,0,0,ABORT,10,2,0,8,0,6,0,0,0,-1,-1,3,0,0
temporary_partition,confirmed_retry,14107,0,0,1,0,1,ABORT,22,6,0,16,0,14,0,0,0,-1,29,3,0,0
temporary_partition,fixed,14108,0,0,1,0,0,none,0,0,0,0,0,0,0,0,0,-1,-1,0,0,0
temporary_partition,ideal_atomic,14108,1,0,0,0,0,none,0,0,0,0,0,0,0,0,0,0,-1,0,1,1
temporary_partition,command_once,14108,0,1,0,0,0,none,3,1,0,2,0,3,80,160,0,-1,-1,0,1,1
temporary_partition,confirmed_once,14108,0,0,1,0,0,ABORT,10,2,0,8,0,6,0,0,0,-1,-1,3,0,0
temporary_partition,confirmed_retry,14108,0,0,1,0,1,ABORT,20,6,0,14,0,13,0,0,0,-1,28,3,0,0
temporary_partition,fixed,14109,0,0,1,0,0,none,0,0,0,0,0,0,0,0,0,-1,-1,0,0,0
temporary_partition,ideal_atomic,14109,1,0,0,0,0,none,0,0,0,0,0,0,0,0,0,0,-1,0,1,1
temporary_partition,command_once,14109,0,1,0,0,0,none,3,1,0,2,0,3,80,160,0,-1,-1,0,1,1
temporary_partition,confirmed_once,14109,0,0,1,0,0,ABORT,10,2,0,8,0,6,0,0,0,-1,-1,3,0,0
temporary_partition,confirmed_retry,14109,0,0,1,0,1,ABORT,24,6,0,18,0,15,0,0,0,-1,31,3,0,0
temporary_partition,fixed,14110,0,0,1,0,0,none,0,0,0,0,0,0,0,0,0,-1,-1,0,0,0
temporary_partition,ideal_atomic,14110,1,0,0,0,0,none,0,0,0,0,0,0,0,0,0,0,-1,0,1,1
temporary_partition,command_once,14110,0,1,0,0,0,none,3,1,0,2,0,3,80,160,0,-1,-1,0,1,1
temporary_partition,confirmed_once,14110,0,0,1,0,0,ABORT,10,2,0,8,0,6,0,0,0,-1,-1,3,0,0
temporary_partition,confirmed_retry,14110,0,0,1,0,1,ABORT,22,6,0,16,0,14,0,0,0,-1,30,3,0,0
temporary_partition,fixed,14111,0,0,1,0,0,none,0,0,0,0,0,0,0,0,0,-1,-1,0,0,0
temporary_partition,ideal_atomic,14111,1,0,0,0,0,none,0,0,0,0,0,0,0,0,0,0,-1,0,1,1
temporary_partition,command_once,14111,0,1,0,0,0,none,3,1,0,2,0,3,80,160,0,-1,-1,0,1,1
temporary_partition,confirmed_once,14111,0,0,1,0,0,ABORT,10,2,0,8,0,6,0,0,0,-1,-1,3,0,0
temporary_partition,confirmed_retry,14111,0,0,1,0,1,ABORT,18,6,0,12,0,12,0,0,0,-1,27,3,0,0
temporary_partition,fixed,14112,0,0,1,0,0,none,0,0,0,0,0,0,0,0,0,-1,-1,0,0,0
temporary_partition,ideal_atomic,14112,1,0,0,0,0,none,0,0,0,0,0,0,0,0,0,0,-1,0,1,1
temporary_partition,command_once,14112,0,1,0,0,0,none,3,1,0,2,0,3,80,160,0,-1,-1,0,1,1
temporary_partition,confirmed_once,14112,0,0,1,0,0,ABORT,10,2,0,8,0,6,0,0,0,-1,-1,3,0,0
temporary_partition,confirmed_retry,14112,0,0,1,0,1,ABORT,20,6,0,14,0,13,0,0,0,-1,29,3,0,0
temporary_partition,fixed,14113,0,0,1,0,0,none,0,0,0,0,0,0,0,0,0,-1,-1,0,0,0
temporary_partition,ideal_atomic,14113,1,0,0,0,0,none,0,0,0,0,0,0,0,0,0,0,-1,0,1,1
temporary_partition,command_once,14113,0,1,0,0,0,none,3,1,0,2,0,3,80,160,0,-1,-1,0,1,1
temporary_partition,confirmed_once,14113,0,0,1,0,0,ABORT,10,2,0,8,0,6,0,0,0,-1,-1,3,0,0
temporary_partition,confirmed_retry,14113,0,0,1,0,1,ABORT,24,6,0,18,0,15,0,0,0,-1,28,3,0,0
temporary_partition,fixed,14114,0,0,1,0,0,none,0,0,0,0,0,0,0,0,0,-1,-1,0,0,0
temporary_partition,ideal_atomic,14114,1,0,0,0,0,none,0,0,0,0,0,0,0,0,0,0,-1,0,1,1
temporary_partition,command_once,14114,0,1,0,0,0,none,3,1,0,2,0,3,80,160,0,-1,-1,0,1,1
temporary_partition,confirmed_once,14114,0,0,1,0,0,ABORT,10,2,0,8,0,6,0,0,0,-1,-1,3,0,0
temporary_partition,confirmed_retry,14114,0,0,1,0,1,ABORT,24,6,0,18,0,15,0,0,0,-1,29,3,0,0
temporary_partition,fixed,14115,0,0,1,0,0,none,0,0,0,0,0,0,0,0,0,-1,-1,0,0,0
temporary_partition,ideal_atomic,14115,1,0,0,0,0,none,0,0,0,0,0,0,0,0,0,0,-1,0,1,1
temporary_partition,command_once,14115,0,1,0,0,0,none,3,1,0,2,0,3,80,160,0,-1,-1,0,1,1
temporary_partition,confirmed_once,14115,0,0,1,0,0,ABORT,10,2,0,8,0,6,0,0,0,-1,-1,3,0,0
temporary_partition,confirmed_retry,14115,0,0,1,0,1,ABORT,20,6,0,14,0,13,0,0,0,-1,28,3,0,0
temporary_partition,fixed,14116,0,0,1,0,0,none,0,0,0,0,0,0,0,0,0,-1,-1,0,0,0
temporary_partition,ideal_atomic,14116,1,0,0,0,0,none,0,0,0,0,0,0,0,0,0,0,-1,0,1,1
temporary_partition,command_once,14116,0,1,0,0,0,none,3,1,0,2,0,3,80,160,0,-1,-1,0,1,1
temporary_partition,confirmed_once,14116,0,0,1,0,0,ABORT,10,2,0,8,0,6,0,0,0,-1,-1,3,0,0
temporary_partition,confirmed_retry,14116,0,0,1,0,1,ABORT,24,6,0,18,0,15,0,0,0,-1,29,3,0,0
temporary_partition,fixed,14117,0,0,1,0,0,none,0,0,0,0,0,0,0,0,0,-1,-1,0,0,0
temporary_partition,ideal_atomic,14117,1,0,0,0,0,none,0,0,0,0,0,0,0,0,0,0,-1,0,1,1
temporary_partition,command_once,14117,0,1,0,0,0,none,3,1,0,2,0,3,80,160,0,-1,-1,0,1,1
temporary_partition,confirmed_once,14117,0,0,1,0,0,ABORT,10,2,0,8,0,6,0,0,0,-1,-1,3,0,0
temporary_partition,confirmed_retry,14117,0,0,1,0,1,ABORT,22,6,0,16,0,14,0,0,0,-1,31,3,0,0
temporary_partition,fixed,14118,0,0,1,0,0,none,0,0,0,0,0,0,0,0,0,-1,-1,0,0,0
temporary_partition,ideal_atomic,14118,1,0,0,0,0,none,0,0,0,0,0,0,0,0,0,0,-1,0,1,1
temporary_partition,command_once,14118,0,1,0,0,0,none,3,1,0,2,0,3,80,160,0,-1,-1,0,1,1
temporary_partition,confirmed_once,14118,0,0,1,0,0,ABORT,10,2,0,8,0,6,0,0,0,-1,-1,3,0,0
temporary_partition,confirmed_retry,14118,0,0,1,0,1,ABORT,26,6,0,20,0,16,0,0,0,-1,29,3,0,0
temporary_partition,fixed,14119,0,0,1,0,0,none,0,0,0,0,0,0,0,0,0,-1,-1,0,0,0
temporary_partition,ideal_atomic,14119,1,0,0,0,0,none,0,0,0,0,0,0,0,0,0,0,-1,0,1,1
temporary_partition,command_once,14119,0,1,0,0,0,none,3,1,0,2,0,3,80,160,0,-1,-1,0,1,1
temporary_partition,confirmed_once,14119,0,0,1,0,0,ABORT,10,2,0,8,0,6,0,0,0,-1,-1,3,0,0
temporary_partition,confirmed_retry,14119,0,0,1,0,1,ABORT,20,6,0,14,0,13,0,0,0,-1,28,3,0,0
temporary_partition,fixed,14120,0,0,1,0,0,none,0,0,0,0,0,0,0,0,0,-1,-1,0,0,0
temporary_partition,ideal_atomic,14120,1,0,0,0,0,none,0,0,0,0,0,0,0,0,0,0,-1,0,1,1
temporary_partition,command_once,14120,0,1,0,0,0,none,3,1,0,2,0,3,80,160,0,-1,-1,0,1,1
temporary_partition,confirmed_once,14120,0,0,1,0,0,ABORT,10,2,0,8,0,6,0,0,0,-1,-1,3,0,0
temporary_partition,confirmed_retry,14120,0,0,1,0,1,ABORT,24,6,0,18,0,15,0,0,0,-1,29,3,0,0
temporary_partition,fixed,14121,0,0,1,0,0,none,0,0,0,0,0,0,0,0,0,-1,-1,0,0,0
temporary_partition,ideal_atomic,14121,1,0,0,0,0,none,0,0,0,0,0,0,0,0,0,0,-1,0,1,1
temporary_partition,command_once,14121,0,1,0,0,0,none,3,1,0,2,0,3,80,160,0,-1,-1,0,1,1
temporary_partition,confirmed_once,14121,0,0,1,0,0,ABORT,10,2,0,8,0,6,0,0,0,-1,-1,3,0,0
temporary_partition,confirmed_retry,14121,0,0,1,0,1,ABORT,20,6,0,14,0,13,0,0,0,-1,31,3,0,0
temporary_partition,fixed,14122,0,0,1,0,0,none,0,0,0,0,0,0,0,0,0,-1,-1,0,0,0
temporary_partition,ideal_atomic,14122,1,0,0,0,0,none,0,0,0,0,0,0,0,0,0,0,-1,0,1,1
temporary_partition,command_once,14122,0,1,0,0,0,none,3,1,0,2,0,3,80,160,0,-1,-1,0,1,1
temporary_partition,confirmed_once,14122,0,0,1,0,0,ABORT,10,2,0,8,0,6,0,0,0,-1,-1,3,0,0
temporary_partition,confirmed_retry,14122,0,0,1,0,1,ABORT,24,6,0,18,0,15,0,0,0,-1,29,3,0,0
temporary_partition,fixed,14123,0,0,1,0,0,none,0,0,0,0,0,0,0,0,0,-1,-1,0,0,0
temporary_partition,ideal_atomic,14123,1,0,0,0,0,none,0,0,0,0,0,0,0,0,0,0,-1,0,1,1
temporary_partition,command_once,14123,0,1,0,0,0,none,3,1,0,2,0,3,80,160,0,-1,-1,0,1,1
temporary_partition,confirmed_once,14123,0,0,1,0,0,ABORT,10,2,0,8,0,6,0,0,0,-1,-1,3,0,0
temporary_partition,confirmed_retry,14123,0,0,1,0,1,ABORT,20,6,0,14,0,13,0,0,0,-1,26,3,0,0
temporary_partition,fixed,14124,0,0,1,0,0,none,0,0,0,0,0,0,0,0,0,-1,-1,0,0,0
temporary_partition,ideal_atomic,14124,1,0,0,0,0,none,0,0,0,0,0,0,0,0,0,0,-1,0,1,1
temporary_partition,command_once,14124,0,1,0,0,0,none,3,1,0,2,0,3,80,160,0,-1,-1,0,1,1
temporary_partition,confirmed_once,14124,0,0,1,0,0,ABORT,10,2,0,8,0,6,0,0,0,-1,-1,3,0,0
temporary_partition,confirmed_retry,14124,0,0,1,0,1,ABORT,20,6,0,14,0,13,0,0,0,-1,30,3,0,0
temporary_partition,fixed,14125,0,0,1,0,0,none,0,0,0,0,0,0,0,0,0,-1,-1,0,0,0
temporary_partition,ideal_atomic,14125,1,0,0,0,0,none,0,0,0,0,0,0,0,0,0,0,-1,0,1,1
temporary_partition,command_once,14125,0,1,0,0,0,none,3,1,0,2,0,3,80,160,0,-1,-1,0,1,1
temporary_partition,confirmed_once,14125,0,0,1,0,0,ABORT,10,2,0,8,0,6,0,0,0,-1,-1,3,0,0
temporary_partition,confirmed_retry,14125,0,0,1,0,1,ABORT,20,6,0,14,0,13,0,0,0,-1,31,3,0,0
temporary_partition,fixed,14126,0,0,1,0,0,none,0,0,0,0,0,0,0,0,0,-1,-1,0,0,0
temporary_partition,ideal_atomic,14126,1,0,0,0,0,none,0,0,0,0,0,0,0,0,0,0,-1,0,1,1
temporary_partition,command_once,14126,0,1,0,0,0,none,3,1,0,2,0,3,80,160,0,-1,-1,0,1,1
temporary_partition,confirmed_once,14126,0,0,1,0,0,ABORT,10,2,0,8,0,6,0,0,0,-1,-1,3,0,0
temporary_partition,confirmed_retry,14126,0,0,1,0,1,ABORT,26,6,0,20,0,16,0,0,0,-1,30,3,0,0
temporary_partition,fixed,14127,0,0,1,0,0,none,0,0,0,0,0,0,0,0,0,-1,-1,0,0,0
temporary_partition,ideal_atomic,14127,1,0,0,0,0,none,0,0,0,0,0,0,0,0,0,0,-1,0,1,1
temporary_partition,command_once,14127,0,1,0,0,0,none,3,1,0,2,0,3,80,160,0,-1,-1,0,1,1
temporary_partition,confirmed_once,14127,0,0,1,0,0,ABORT,10,2,0,8,0,6,0,0,0,-1,-1,3,0,0
temporary_partition,confirmed_retry,14127,0,0,1,0,1,ABORT,22,6,0,16,0,14,0,0,0,-1,29,3,0,0
temporary_partition,fixed,14128,0,0,1,0,0,none,0,0,0,0,0,0,0,0,0,-1,-1,0,0,0
temporary_partition,ideal_atomic,14128,1,0,0,0,0,none,0,0,0,0,0,0,0,0,0,0,-1,0,1,1
temporary_partition,command_once,14128,0,1,0,0,0,none,3,1,0,2,0,3,80,160,0,-1,-1,0,1,1
temporary_partition,confirmed_once,14128,0,0,1,0,0,ABORT,10,2,0,8,0,6,0,0,0,-1,-1,3,0,0
temporary_partition,confirmed_retry,14128,0,0,1,0,1,ABORT,20,6,0,14,0,13,0,0,0,-1,29,3,0,0
temporary_partition,fixed,14129,0,0,1,0,0,none,0,0,0,0,0,0,0,0,0,-1,-1,0,0,0
temporary_partition,ideal_atomic,14129,1,0,0,0,0,none,0,0,0,0,0,0,0,0,0,0,-1,0,1,1
temporary_partition,command_once,14129,0,1,0,0,0,none,3,1,0,2,0,3,80,160,0,-1,-1,0,1,1
temporary_partition,confirmed_once,14129,0,0,1,0,0,ABORT,10,2,0,8,0,6,0,0,0,-1,-1,3,0,0
temporary_partition,confirmed_retry,14129,0,0,1,0,1,ABORT,18,6,0,12,0,12,0,0,0,-1,27,3,0,0
temporary_partition,fixed,14130,0,0,1,0,0,none,0,0,0,0,0,0,0,0,0,-1,-1,0,0,0
temporary_partition,ideal_atomic,14130,1,0,0,0,0,none,0,0,0,0,0,0,0,0,0,0,-1,0,1,1
temporary_partition,command_once,14130,0,1,0,0,0,none,3,1,0,2,0,3,80,160,0,-1,-1,0,1,1
temporary_partition,confirmed_once,14130,0,0,1,0,0,ABORT,10,2,0,8,0,6,0,0,0,-1,-1,3,0,0
temporary_partition,confirmed_retry,14130,0,0,1,0,1,ABORT,22,6,0,16,0,14,0,0,0,-1,28,3,0,0
temporary_partition,fixed,14131,0,0,1,0,0,none,0,0,0,0,0,0,0,0,0,-1,-1,0,0,0
temporary_partition,ideal_atomic,14131,1,0,0,0,0,none,0,0,0,0,0,0,0,0,0,0,-1,0,1,1
temporary_partition,command_once,14131,0,1,0,0,0,none,3,1,0,2,0,3,80,160,0,-1,-1,0,1,1
temporary_partition,confirmed_once,14131,0,0,1,0,0,ABORT,10,2,0,8,0,6,0,0,0,-1,-1,3,0,0
temporary_partition,confirmed_retry,14131,0,0,1,0,1,ABORT,20,6,0,14,0,13,0,0,0,-1,29,3,0,0
temporary_partition,fixed,14132,0,0,1,0,0,none,0,0,0,0,0,0,0,0,0,-1,-1,0,0,0
temporary_partition,ideal_atomic,14132,1,0,0,0,0,none,0,0,0,0,0,0,0,0,0,0,-1,0,1,1
temporary_partition,command_once,14132,0,1,0,0,0,none,3,1,0,2,0,3,80,160,0,-1,-1,0,1,1
temporary_partition,confirmed_once,14132,0,0,1,0,0,ABORT,10,2,0,8,0,6,0,0,0,-1,-1,3,0,0
temporary_partition,confirmed_retry,14132,0,0,1,0,1,ABORT,24,6,0,18,0,15,0,0,0,-1,27,3,0,0
temporary_partition,fixed,14133,0,0,1,0,0,none,0,0,0,0,0,0,0,0,0,-1,-1,0,0,0
temporary_partition,ideal_atomic,14133,1,0,0,0,0,none,0,0,0,0,0,0,0,0,0,0,-1,0,1,1
temporary_partition,command_once,14133,0,1,0,0,0,none,3,1,0,2,0,3,80,160,0,-1,-1,0,1,1
temporary_partition,confirmed_once,14133,0,0,1,0,0,ABORT,10,2,0,8,0,6,0,0,0,-1,-1,3,0,0
temporary_partition,confirmed_retry,14133,0,0,1,0,1,ABORT,22,6,0,16,0,14,0,0,0,-1,26,3,0,0
temporary_partition,fixed,14134,0,0,1,0,0,none,0,0,0,0,0,0,0,0,0,-1,-1,0,0,0
temporary_partition,ideal_atomic,14134,1,0,0,0,0,none,0,0,0,0,0,0,0,0,0,0,-1,0,1,1
temporary_partition,command_once,14134,0,1,0,0,0,none,3,1,0,2,0,3,80,160,0,-1,-1,0,1,1
temporary_partition,confirmed_once,14134,0,0,1,0,0,ABORT,10,2,0,8,0,6,0,0,0,-1,-1,3,0,0
temporary_partition,confirmed_retry,14134,0,0,1,0,1,ABORT,24,6,0,18,0,15,0,0,0,-1,29,3,0,0
temporary_partition,fixed,14135,0,0,1,0,0,none,0,0,0,0,0,0,0,0,0,-1,-1,0,0,0
temporary_partition,ideal_atomic,14135,1,0,0,0,0,none,0,0,0,0,0,0,0,0,0,0,-1,0,1,1
temporary_partition,command_once,14135,0,1,0,0,0,none,3,1,0,2,0,3,80,160,0,-1,-1,0,1,1
temporary_partition,confirmed_once,14135,0,0,1,0,0,ABORT,10,2,0,8,0,6,0,0,0,-1,-1,3,0,0
temporary_partition,confirmed_retry,14135,0,0,1,0,1,ABORT,24,6,0,18,0,15,0,0,0,-1,31,3,0,0
temporary_partition,fixed,14136,0,0,1,0,0,none,0,0,0,0,0,0,0,0,0,-1,-1,0,0,0
temporary_partition,ideal_atomic,14136,1,0,0,0,0,none,0,0,0,0,0,0,0,0,0,0,-1,0,1,1
temporary_partition,command_once,14136,0,1,0,0,0,none,3,1,0,2,0,3,80,160,0,-1,-1,0,1,1
temporary_partition,confirmed_once,14136,0,0,1,0,0,ABORT,10,2,0,8,0,6,0,0,0,-1,-1,3,0,0
temporary_partition,confirmed_retry,14136,0,0,1,0,1,ABORT,24,6,0,18,0,15,0,0,0,-1,30,3,0,0
temporary_partition,fixed,14137,0,0,1,0,0,none,0,0,0,0,0,0,0,0,0,-1,-1,0,0,0
temporary_partition,ideal_atomic,14137,1,0,0,0,0,none,0,0,0,0,0,0,0,0,0,0,-1,0,1,1
temporary_partition,command_once,14137,0,1,0,0,0,none,3,1,0,2,0,3,80,160,0,-1,-1,0,1,1
temporary_partition,confirmed_once,14137,0,0,1,0,0,ABORT,10,2,0,8,0,6,0,0,0,-1,-1,3,0,0
temporary_partition,confirmed_retry,14137,0,0,1,0,1,ABORT,22,6,0,16,0,14,0,0,0,-1,31,3,0,0
temporary_partition,fixed,14138,0,0,1,0,0,none,0,0,0,0,0,0,0,0,0,-1,-1,0,0,0
temporary_partition,ideal_atomic,14138,1,0,0,0,0,none,0,0,0,0,0,0,0,0,0,0,-1,0,1,1
temporary_partition,command_once,14138,0,1,0,0,0,none,3,1,0,2,0,3,80,160,0,-1,-1,0,1,1
temporary_partition,confirmed_once,14138,0,0,1,0,0,ABORT,10,2,0,8,0,6,0,0,0,-1,-1,3,0,0
temporary_partition,confirmed_retry,14138,0,0,1,0,1,ABORT,24,6,0,18,0,15,0,0,0,-1,28,3,0,0
temporary_partition,fixed,14139,0,0,1,0,0,none,0,0,0,0,0,0,0,0,0,-1,-1,0,0,0
temporary_partition,ideal_atomic,14139,1,0,0,0,0,none,0,0,0,0,0,0,0,0,0,0,-1,0,1,1
temporary_partition,command_once,14139,0,1,0,0,0,none,3,1,0,2,0,3,80,160,0,-1,-1,0,1,1
temporary_partition,confirmed_once,14139,0,0,1,0,0,ABORT,10,2,0,8,0,6,0,0,0,-1,-1,3,0,0
temporary_partition,confirmed_retry,14139,0,0,1,0,1,ABORT,24,6,0,18,0,15,0,0,0,-1,30,3,0,0
temporary_partition,fixed,14140,0,0,1,0,0,none,0,0,0,0,0,0,0,0,0,-1,-1,0,0,0
temporary_partition,ideal_atomic,14140,1,0,0,0,0,none,0,0,0,0,0,0,0,0,0,0,-1,0,1,1
temporary_partition,command_once,14140,0,1,0,0,0,none,3,1,0,2,0,3,80,160,0,-1,-1,0,1,1
temporary_partition,confirmed_once,14140,0,0,1,0,0,ABORT,10,2,0,8,0,6,0,0,0,-1,-1,3,0,0
temporary_partition,confirmed_retry,14140,0,0,1,0,1,ABORT,24,6,0,18,0,15,0,0,0,-1,30,3,0,0
temporary_partition,fixed,14141,0,0,1,0,0,none,0,0,0,0,0,0,0,0,0,-1,-1,0,0,0
temporary_partition,ideal_atomic,14141,1,0,0,0,0,none,0,0,0,0,0,0,0,0,0,0,-1,0,1,1
temporary_partition,command_once,14141,0,1,0,0,0,none,3,1,0,2,0,3,80,160,0,-1,-1,0,1,1
temporary_partition,confirmed_once,14141,0,0,1,0,0,ABORT,10,2,0,8,0,6,0,0,0,-1,-1,3,0,0
temporary_partition,confirmed_retry,14141,0,0,1,0,1,ABORT,24,6,0,18,0,15,0,0,0,-1,30,3,0,0
temporary_partition,fixed,14142,0,0,1,0,0,none,0,0,0,0,0,0,0,0,0,-1,-1,0,0,0
temporary_partition,ideal_atomic,14142,1,0,0,0,0,none,0,0,0,0,0,0,0,0,0,0,-1,0,1,1
temporary_partition,command_once,14142,0,1,0,0,0,none,3,1,0,2,0,3,80,160,0,-1,-1,0,1,1
temporary_partition,confirmed_once,14142,0,0,1,0,0,ABORT,10,2,0,8,0,6,0,0,0,-1,-1,3,0,0
temporary_partition,confirmed_retry,14142,0,0,1,0,1,ABORT,24,6,0,18,0,15,0,0,0,-1,31,3,0,0
temporary_partition,fixed,14143,0,0,1,0,0,none,0,0,0,0,0,0,0,0,0,-1,-1,0,0,0
temporary_partition,ideal_atomic,14143,1,0,0,0,0,none,0,0,0,0,0,0,0,0,0,0,-1,0,1,1
temporary_partition,command_once,14143,0,1,0,0,0,none,3,1,0,2,0,3,80,160,0,-1,-1,0,1,1
temporary_partition,confirmed_once,14143,0,0,1,0,0,ABORT,10,2,0,8,0,6,0,0,0,-1,-1,3,0,0
temporary_partition,confirmed_retry,14143,0,0,1,0,1,ABORT,20,6,0,14,0,13,0,0,0,-1,27,3,0,0
temporary_partition,fixed,14144,0,0,1,0,0,none,0,0,0,0,0,0,0,0,0,-1,-1,0,0,0
temporary_partition,ideal_atomic,14144,1,0,0,0,0,none,0,0,0,0,0,0,0,0,0,0,-1,0,1,1
temporary_partition,command_once,14144,0,1,0,0,0,none,3,1,0,2,0,3,80,160,0,-1,-1,0,1,1
temporary_partition,confirmed_once,14144,0,0,1,0,0,ABORT,10,2,0,8,0,6,0,0,0,-1,-1,3,0,0
temporary_partition,confirmed_retry,14144,0,0,1,0,1,ABORT,22,6,0,16,0,14,0,0,0,-1,27,3,0,0
temporary_partition,fixed,14145,0,0,1,0,0,none,0,0,0,0,0,0,0,0,0,-1,-1,0,0,0
temporary_partition,ideal_atomic,14145,1,0,0,0,0,none,0,0,0,0,0,0,0,0,0,0,-1,0,1,1
temporary_partition,command_once,14145,0,1,0,0,0,none,3,1,0,2,0,3,80,160,0,-1,-1,0,1,1
temporary_partition,confirmed_once,14145,0,0,1,0,0,ABORT,10,2,0,8,0,6,0,0,0,-1,-1,3,0,0
temporary_partition,confirmed_retry,14145,0,0,1,0,1,ABORT,26,6,0,20,0,16,0,0,0,-1,31,3,0,0
temporary_partition,fixed,14146,0,0,1,0,0,none,0,0,0,0,0,0,0,0,0,-1,-1,0,0,0
temporary_partition,ideal_atomic,14146,1,0,0,0,0,none,0,0,0,0,0,0,0,0,0,0,-1,0,1,1
temporary_partition,command_once,14146,0,1,0,0,0,none,3,1,0,2,0,3,80,160,0,-1,-1,0,1,1
temporary_partition,confirmed_once,14146,0,0,1,0,0,ABORT,10,2,0,8,0,6,0,0,0,-1,-1,3,0,0
temporary_partition,confirmed_retry,14146,0,0,1,0,1,ABORT,20,6,0,14,0,13,0,0,0,-1,28,3,0,0
temporary_partition,fixed,14147,0,0,1,0,0,none,0,0,0,0,0,0,0,0,0,-1,-1,0,0,0
temporary_partition,ideal_atomic,14147,1,0,0,0,0,none,0,0,0,0,0,0,0,0,0,0,-1,0,1,1
temporary_partition,command_once,14147,0,1,0,0,0,none,3,1,0,2,0,3,80,160,0,-1,-1,0,1,1
temporary_partition,confirmed_once,14147,0,0,1,0,0,ABORT,10,2,0,8,0,6,0,0,0,-1,-1,3,0,0
temporary_partition,confirmed_retry,14147,0,0,1,0,1,ABORT,24,6,0,18,0,15,0,0,0,-1,29,3,0,0
temporary_partition,fixed,14148,0,0,1,0,0,none,0,0,0,0,0,0,0,0,0,-1,-1,0,0,0
temporary_partition,ideal_atomic,14148,1,0,0,0,0,none,0,0,0,0,0,0,0,0,0,0,-1,0,1,1
temporary_partition,command_once,14148,0,1,0,0,0,none,3,1,0,2,0,3,80,160,0,-1,-1,0,1,1
temporary_partition,confirmed_once,14148,0,0,1,0,0,ABORT,10,2,0,8,0,6,0,0,0,-1,-1,3,0,0
temporary_partition,confirmed_retry,14148,0,0,1,0,1,ABORT,20,6,0,14,0,13,0,0,0,-1,30,3,0,0
temporary_partition,fixed,14149,0,0,1,0,0,none,0,0,0,0,0,0,0,0,0,-1,-1,0,0,0
temporary_partition,ideal_atomic,14149,1,0,0,0,0,none,0,0,0,0,0,0,0,0,0,0,-1,0,1,1
temporary_partition,command_once,14149,0,1,0,0,0,none,3,1,0,2,0,3,80,160,0,-1,-1,0,1,1
temporary_partition,confirmed_once,14149,0,0,1,0,0,ABORT,10,2,0,8,0,6,0,0,0,-1,-1,3,0,0
temporary_partition,confirmed_retry,14149,0,0,1,0,1,ABORT,24,6,0,18,0,15,0,0,0,-1,28,3,0,0
temporary_partition,fixed,14150,0,0,1,0,0,none,0,0,0,0,0,0,0,0,0,-1,-1,0,0,0
temporary_partition,ideal_atomic,14150,1,0,0,0,0,none,0,0,0,0,0,0,0,0,0,0,-1,0,1,1
temporary_partition,command_once,14150,0,1,0,0,0,none,3,1,0,2,0,3,80,160,0,-1,-1,0,1,1
temporary_partition,confirmed_once,14150,0,0,1,0,0,ABORT,10,2,0,8,0,6,0,0,0,-1,-1,3,0,0
temporary_partition,confirmed_retry,14150,0,0,1,0,1,ABORT,20,6,0,14,0,13,0,0,0,-1,28,3,0,0
temporary_partition,fixed,14151,0,0,1,0,0,none,0,0,0,0,0,0,0,0,0,-1,-1,0,0,0
temporary_partition,ideal_atomic,14151,1,0,0,0,0,none,0,0,0,0,0,0,0,0,0,0,-1,0,1,1
temporary_partition,command_once,14151,0,1,0,0,0,none,3,1,0,2,0,3,80,160,0,-1,-1,0,1,1
temporary_partition,confirmed_once,14151,0,0,1,0,0,ABORT,10,2,0,8,0,6,0,0,0,-1,-1,3,0,0
temporary_partition,confirmed_retry,14151,0,0,1,0,1,ABORT,24,6,0,18,0,15,0,0,0,-1,29,3,0,0
temporary_partition,fixed,14152,0,0,1,0,0,none,0,0,0,0,0,0,0,0,0,-1,-1,0,0,0
temporary_partition,ideal_atomic,14152,1,0,0,0,0,none,0,0,0,0,0,0,0,0,0,0,-1,0,1,1
temporary_partition,command_once,14152,0,1,0,0,0,none,3,1,0,2,0,3,80,160,0,-1,-1,0,1,1
temporary_partition,confirmed_once,14152,0,0,1,0,0,ABORT,10,2,0,8,0,6,0,0,0,-1,-1,3,0,0
temporary_partition,confirmed_retry,14152,0,0,1,0,1,ABORT,20,6,0,14,0,13,0,0,0,-1,28,3,0,0
temporary_partition,fixed,14153,0,0,1,0,0,none,0,0,0,0,0,0,0,0,0,-1,-1,0,0,0
temporary_partition,ideal_atomic,14153,1,0,0,0,0,none,0,0,0,0,0,0,0,0,0,0,-1,0,1,1
temporary_partition,command_once,14153,0,1,0,0,0,none,3,1,0,2,0,3,80,160,0,-1,-1,0,1,1
temporary_partition,confirmed_once,14153,0,0,1,0,0,ABORT,10,2,0,8,0,6,0,0,0,-1,-1,3,0,0
temporary_partition,confirmed_retry,14153,0,0,1,0,1,ABORT,24,6,0,18,0,15,0,0,0,-1,32,3,0,0
temporary_partition,fixed,14154,0,0,1,0,0,none,0,0,0,0,0,0,0,0,0,-1,-1,0,0,0
temporary_partition,ideal_atomic,14154,1,0,0,0,0,none,0,0,0,0,0,0,0,0,0,0,-1,0,1,1
temporary_partition,command_once,14154,0,1,0,0,0,none,3,1,0,2,0,3,80,160,0,-1,-1,0,1,1
temporary_partition,confirmed_once,14154,0,0,1,0,0,ABORT,10,2,0,8,0,6,0,0,0,-1,-1,3,0,0
temporary_partition,confirmed_retry,14154,0,0,1,0,1,ABORT,24,6,0,18,0,15,0,0,0,-1,31,3,0,0
temporary_partition,fixed,14155,0,0,1,0,0,none,0,0,0,0,0,0,0,0,0,-1,-1,0,0,0
temporary_partition,ideal_atomic,14155,1,0,0,0,0,none,0,0,0,0,0,0,0,0,0,0,-1,0,1,1
temporary_partition,command_once,14155,0,1,0,0,0,none,3,1,0,2,0,3,80,160,0,-1,-1,0,1,1
temporary_partition,confirmed_once,14155,0,0,1,0,0,ABORT,10,2,0,8,0,6,0,0,0,-1,-1,3,0,0
temporary_partition,confirmed_retry,14155,0,0,1,0,1,ABORT,22,6,0,16,0,14,0,0,0,-1,28,3,0,0
temporary_partition,fixed,14156,0,0,1,0,0,none,0,0,0,0,0,0,0,0,0,-1,-1,0,0,0
temporary_partition,ideal_atomic,14156,1,0,0,0,0,none,0,0,0,0,0,0,0,0,0,0,-1,0,1,1
temporary_partition,command_once,14156,0,1,0,0,0,none,3,1,0,2,0,3,80,160,0,-1,-1,0,1,1
temporary_partition,confirmed_once,14156,0,0,1,0,0,ABORT,10,2,0,8,0,6,0,0,0,-1,-1,3,0,0
temporary_partition,confirmed_retry,14156,0,0,1,0,1,ABORT,22,6,0,16,0,14,0,0,0,-1,29,3,0,0
temporary_partition,fixed,14157,0,0,1,0,0,none,0,0,0,0,0,0,0,0,0,-1,-1,0,0,0
temporary_partition,ideal_atomic,14157,1,0,0,0,0,none,0,0,0,0,0,0,0,0,0,0,-1,0,1,1
temporary_partition,command_once,14157,0,1,0,0,0,none,3,1,0,2,0,3,80,160,0,-1,-1,0,1,1
temporary_partition,confirmed_once,14157,0,0,1,0,0,ABORT,10,2,0,8,0,6,0,0,0,-1,-1,3,0,0
temporary_partition,confirmed_retry,14157,0,0,1,0,1,ABORT,22,6,0,16,0,14,0,0,0,-1,29,3,0,0
temporary_partition,fixed,14158,0,0,1,0,0,none,0,0,0,0,0,0,0,0,0,-1,-1,0,0,0
temporary_partition,ideal_atomic,14158,1,0,0,0,0,none,0,0,0,0,0,0,0,0,0,0,-1,0,1,1
temporary_partition,command_once,14158,0,1,0,0,0,none,3,1,0,2,0,3,80,160,0,-1,-1,0,1,1
temporary_partition,confirmed_once,14158,0,0,1,0,0,ABORT,10,2,0,8,0,6,0,0,0,-1,-1,3,0,0
temporary_partition,confirmed_retry,14158,0,0,1,0,1,ABORT,22,6,0,16,0,14,0,0,0,-1,29,3,0,0
temporary_partition,fixed,14159,0,0,1,0,0,none,0,0,0,0,0,0,0,0,0,-1,-1,0,0,0
temporary_partition,ideal_atomic,14159,1,0,0,0,0,none,0,0,0,0,0,0,0,0,0,0,-1,0,1,1
temporary_partition,command_once,14159,0,1,0,0,0,none,3,1,0,2,0,3,80,160,0,-1,-1,0,1,1
temporary_partition,confirmed_once,14159,0,0,1,0,0,ABORT,10,2,0,8,0,6,0,0,0,-1,-1,3,0,0
temporary_partition,confirmed_retry,14159,0,0,1,0,1,ABORT,20,6,0,14,0,13,0,0,0,-1,28,3,0,0
temporary_partition,fixed,14160,0,0,1,0,0,none,0,0,0,0,0,0,0,0,0,-1,-1,0,0,0
temporary_partition,ideal_atomic,14160,1,0,0,0,0,none,0,0,0,0,0,0,0,0,0,0,-1,0,1,1
temporary_partition,command_once,14160,0,1,0,0,0,none,3,1,0,2,0,3,80,160,0,-1,-1,0,1,1
temporary_partition,confirmed_once,14160,0,0,1,0,0,ABORT,10,2,0,8,0,6,0,0,0,-1,-1,3,0,0
temporary_partition,confirmed_retry,14160,0,0,1,0,1,ABORT,26,6,0,20,0,16,0,0,0,-1,30,3,0,0
temporary_partition,fixed,14161,0,0,1,0,0,none,0,0,0,0,0,0,0,0,0,-1,-1,0,0,0
temporary_partition,ideal_atomic,14161,1,0,0,0,0,none,0,0,0,0,0,0,0,0,0,0,-1,0,1,1
temporary_partition,command_once,14161,0,1,0,0,0,none,3,1,0,2,0,3,80,160,0,-1,-1,0,1,1
temporary_partition,confirmed_once,14161,0,0,1,0,0,ABORT,10,2,0,8,0,6,0,0,0,-1,-1,3,0,0
temporary_partition,confirmed_retry,14161,0,0,1,0,1,ABORT,20,6,0,14,0,13,0,0,0,-1,29,3,0,0
temporary_partition,fixed,14162,0,0,1,0,0,none,0,0,0,0,0,0,0,0,0,-1,-1,0,0,0
temporary_partition,ideal_atomic,14162,1,0,0,0,0,none,0,0,0,0,0,0,0,0,0,0,-1,0,1,1
temporary_partition,command_once,14162,0,1,0,0,0,none,3,1,0,2,0,3,80,160,0,-1,-1,0,1,1
temporary_partition,confirmed_once,14162,0,0,1,0,0,ABORT,10,2,0,8,0,6,0,0,0,-1,-1,3,0,0
temporary_partition,confirmed_retry,14162,0,0,1,0,1,ABORT,20,6,0,14,0,13,0,0,0,-1,28,3,0,0
temporary_partition,fixed,14163,0,0,1,0,0,none,0,0,0,0,0,0,0,0,0,-1,-1,0,0,0
temporary_partition,ideal_atomic,14163,1,0,0,0,0,none,0,0,0,0,0,0,0,0,0,0,-1,0,1,1
temporary_partition,command_once,14163,0,1,0,0,0,none,3,1,0,2,0,3,80,160,0,-1,-1,0,1,1
temporary_partition,confirmed_once,14163,0,0,1,0,0,ABORT,10,2,0,8,0,6,0,0,0,-1,-1,3,0,0
temporary_partition,confirmed_retry,14163,0,0,1,0,1,ABORT,22,6,0,16,0,14,0,0,0,-1,28,3,0,0
temporary_partition,fixed,14164,0,0,1,0,0,none,0,0,0,0,0,0,0,0,0,-1,-1,0,0,0
temporary_partition,ideal_atomic,14164,1,0,0,0,0,none,0,0,0,0,0,0,0,0,0,0,-1,0,1,1
temporary_partition,command_once,14164,0,1,0,0,0,none,3,1,0,2,0,3,80,160,0,-1,-1,0,1,1
temporary_partition,confirmed_once,14164,0,0,1,0,0,ABORT,10,2,0,8,0,6,0,0,0,-1,-1,3,0,0
temporary_partition,confirmed_retry,14164,0,0,1,0,1,ABORT,22,6,0,16,0,14,0,0,0,-1,29,3,0,0
temporary_partition,fixed,14165,0,0,1,0,0,none,0,0,0,0,0,0,0,0,0,-1,-1,0,0,0
temporary_partition,ideal_atomic,14165,1,0,0,0,0,none,0,0,0,0,0,0,0,0,0,0,-1,0,1,1
temporary_partition,command_once,14165,0,1,0,0,0,none,3,1,0,2,0,3,80,160,0,-1,-1,0,1,1
temporary_partition,confirmed_once,14165,0,0,1,0,0,ABORT,10,2,0,8,0,6,0,0,0,-1,-1,3,0,0
temporary_partition,confirmed_retry,14165,0,0,1,0,1,ABORT,20,6,0,14,0,13,0,0,0,-1,28,3,0,0
temporary_partition,fixed,14166,0,0,1,0,0,none,0,0,0,0,0,0,0,0,0,-1,-1,0,0,0
temporary_partition,ideal_atomic,14166,1,0,0,0,0,none,0,0,0,0,0,0,0,0,0,0,-1,0,1,1
temporary_partition,command_once,14166,0,1,0,0,0,none,3,1,0,2,0,3,80,160,0,-1,-1,0,1,1
temporary_partition,confirmed_once,14166,0,0,1,0,0,ABORT,10,2,0,8,0,6,0,0,0,-1,-1,3,0,0
temporary_partition,confirmed_retry,14166,0,0,1,0,1,ABORT,20,6,0,14,0,13,0,0,0,-1,29,3,0,0
temporary_partition,fixed,14167,0,0,1,0,0,none,0,0,0,0,0,0,0,0,0,-1,-1,0,0,0
temporary_partition,ideal_atomic,14167,1,0,0,0,0,none,0,0,0,0,0,0,0,0,0,0,-1,0,1,1
temporary_partition,command_once,14167,0,1,0,0,0,none,3,1,0,2,0,3,80,160,0,-1,-1,0,1,1
temporary_partition,confirmed_once,14167,0,0,1,0,0,ABORT,10,2,0,8,0,6,0,0,0,-1,-1,3,0,0
temporary_partition,confirmed_retry,14167,0,0,1,0,1,ABORT,20,6,0,14,0,13,0,0,0,-1,30,3,0,0
temporary_partition,fixed,14168,0,0,1,0,0,none,0,0,0,0,0,0,0,0,0,-1,-1,0,0,0
temporary_partition,ideal_atomic,14168,1,0,0,0,0,none,0,0,0,0,0,0,0,0,0,0,-1,0,1,1
temporary_partition,command_once,14168,0,1,0,0,0,none,3,1,0,2,0,3,80,160,0,-1,-1,0,1,1
temporary_partition,confirmed_once,14168,0,0,1,0,0,ABORT,10,2,0,8,0,6,0,0,0,-1,-1,3,0,0
temporary_partition,confirmed_retry,14168,0,0,1,0,1,ABORT,26,6,0,20,0,16,0,0,0,-1,31,3,0,0
temporary_partition,fixed,14169,0,0,1,0,0,none,0,0,0,0,0,0,0,0,0,-1,-1,0,0,0
temporary_partition,ideal_atomic,14169,1,0,0,0,0,none,0,0,0,0,0,0,0,0,0,0,-1,0,1,1
temporary_partition,command_once,14169,0,1,0,0,0,none,3,1,0,2,0,3,80,160,0,-1,-1,0,1,1
temporary_partition,confirmed_once,14169,0,0,1,0,0,ABORT,10,2,0,8,0,6,0,0,0,-1,-1,3,0,0
temporary_partition,confirmed_retry,14169,0,0,1,0,1,ABORT,20,6,0,14,0,13,0,0,0,-1,28,3,0,0
temporary_partition,fixed,14170,0,0,1,0,0,none,0,0,0,0,0,0,0,0,0,-1,-1,0,0,0
temporary_partition,ideal_atomic,14170,1,0,0,0,0,none,0,0,0,0,0,0,0,0,0,0,-1,0,1,1
temporary_partition,command_once,14170,0,1,0,0,0,none,3,1,0,2,0,3,80,160,0,-1,-1,0,1,1
temporary_partition,confirmed_once,14170,0,0,1,0,0,ABORT,10,2,0,8,0,6,0,0,0,-1,-1,3,0,0
temporary_partition,confirmed_retry,14170,0,0,1,0,1,ABORT,22,6,0,16,0,14,0,0,0,-1,32,3,0,0
temporary_partition,fixed,14171,0,0,1,0,0,none,0,0,0,0,0,0,0,0,0,-1,-1,0,0,0
temporary_partition,ideal_atomic,14171,1,0,0,0,0,none,0,0,0,0,0,0,0,0,0,0,-1,0,1,1
temporary_partition,command_once,14171,0,1,0,0,0,none,3,1,0,2,0,3,80,160,0,-1,-1,0,1,1
temporary_partition,confirmed_once,14171,0,0,1,0,0,ABORT,10,2,0,8,0,6,0,0,0,-1,-1,3,0,0
temporary_partition,confirmed_retry,14171,0,0,1,0,1,ABORT,22,6,0,16,0,14,0,0,0,-1,26,3,0,0
temporary_partition,fixed,14172,0,0,1,0,0,none,0,0,0,0,0,0,0,0,0,-1,-1,0,0,0
temporary_partition,ideal_atomic,14172,1,0,0,0,0,none,0,0,0,0,0,0,0,0,0,0,-1,0,1,1
temporary_partition,command_once,14172,0,1,0,0,0,none,3,1,0,2,0,3,80,160,0,-1,-1,0,1,1
temporary_partition,confirmed_once,14172,0,0,1,0,0,ABORT,10,2,0,8,0,6,0,0,0,-1,-1,3,0,0
temporary_partition,confirmed_retry,14172,0,0,1,0,1,ABORT,26,6,0,20,0,16,0,0,0,-1,30,3,0,0
temporary_partition,fixed,14173,0,0,1,0,0,none,0,0,0,0,0,0,0,0,0,-1,-1,0,0,0
temporary_partition,ideal_atomic,14173,1,0,0,0,0,none,0,0,0,0,0,0,0,0,0,0,-1,0,1,1
temporary_partition,command_once,14173,0,1,0,0,0,none,3,1,0,2,0,3,80,160,0,-1,-1,0,1,1
temporary_partition,confirmed_once,14173,0,0,1,0,0,ABORT,10,2,0,8,0,6,0,0,0,-1,-1,3,0,0
temporary_partition,confirmed_retry,14173,0,0,1,0,1,ABORT,24,6,0,18,0,15,0,0,0,-1,30,3,0,0
temporary_partition,fixed,14174,0,0,1,0,0,none,0,0,0,0,0,0,0,0,0,-1,-1,0,0,0
temporary_partition,ideal_atomic,14174,1,0,0,0,0,none,0,0,0,0,0,0,0,0,0,0,-1,0,1,1
temporary_partition,command_once,14174,0,1,0,0,0,none,3,1,0,2,0,3,80,160,0,-1,-1,0,1,1
temporary_partition,confirmed_once,14174,0,0,1,0,0,ABORT,10,2,0,8,0,6,0,0,0,-1,-1,3,0,0
temporary_partition,confirmed_retry,14174,0,0,1,0,1,ABORT,18,6,0,12,0,12,0,0,0,-1,28,3,0,0
temporary_partition,fixed,14175,0,0,1,0,0,none,0,0,0,0,0,0,0,0,0,-1,-1,0,0,0
temporary_partition,ideal_atomic,14175,1,0,0,0,0,none,0,0,0,0,0,0,0,0,0,0,-1,0,1,1
temporary_partition,command_once,14175,0,1,0,0,0,none,3,1,0,2,0,3,80,160,0,-1,-1,0,1,1
temporary_partition,confirmed_once,14175,0,0,1,0,0,ABORT,10,2,0,8,0,6,0,0,0,-1,-1,3,0,0
temporary_partition,confirmed_retry,14175,0,0,1,0,1,ABORT,20,6,0,14,0,13,0,0,0,-1,29,3,0,0
temporary_partition,fixed,14176,0,0,1,0,0,none,0,0,0,0,0,0,0,0,0,-1,-1,0,0,0
temporary_partition,ideal_atomic,14176,1,0,0,0,0,none,0,0,0,0,0,0,0,0,0,0,-1,0,1,1
temporary_partition,command_once,14176,0,1,0,0,0,none,3,1,0,2,0,3,80,160,0,-1,-1,0,1,1
temporary_partition,confirmed_once,14176,0,0,1,0,0,ABORT,10,2,0,8,0,6,0,0,0,-1,-1,3,0,0
temporary_partition,confirmed_retry,14176,0,0,1,0,1,ABORT,18,6,0,12,0,12,0,0,0,-1,28,3,0,0
temporary_partition,fixed,14177,0,0,1,0,0,none,0,0,0,0,0,0,0,0,0,-1,-1,0,0,0
temporary_partition,ideal_atomic,14177,1,0,0,0,0,none,0,0,0,0,0,0,0,0,0,0,-1,0,1,1
temporary_partition,command_once,14177,0,1,0,0,0,none,3,1,0,2,0,3,80,160,0,-1,-1,0,1,1
temporary_partition,confirmed_once,14177,0,0,1,0,0,ABORT,10,2,0,8,0,6,0,0,0,-1,-1,3,0,0
temporary_partition,confirmed_retry,14177,0,0,1,0,1,ABORT,26,6,0,20,0,16,0,0,0,-1,29,3,0,0
temporary_partition,fixed,14178,0,0,1,0,0,none,0,0,0,0,0,0,0,0,0,-1,-1,0,0,0
temporary_partition,ideal_atomic,14178,1,0,0,0,0,none,0,0,0,0,0,0,0,0,0,0,-1,0,1,1
temporary_partition,command_once,14178,0,1,0,0,0,none,3,1,0,2,0,3,80,160,0,-1,-1,0,1,1
temporary_partition,confirmed_once,14178,0,0,1,0,0,ABORT,10,2,0,8,0,6,0,0,0,-1,-1,3,0,0
temporary_partition,confirmed_retry,14178,0,0,1,0,1,ABORT,26,6,0,20,0,16,0,0,0,-1,29,3,0,0
temporary_partition,fixed,14179,0,0,1,0,0,none,0,0,0,0,0,0,0,0,0,-1,-1,0,0,0
temporary_partition,ideal_atomic,14179,1,0,0,0,0,none,0,0,0,0,0,0,0,0,0,0,-1,0,1,1
temporary_partition,command_once,14179,0,1,0,0,0,none,3,1,0,2,0,3,80,160,0,-1,-1,0,1,1
temporary_partition,confirmed_once,14179,0,0,1,0,0,ABORT,10,2,0,8,0,6,0,0,0,-1,-1,3,0,0
temporary_partition,confirmed_retry,14179,0,0,1,0,1,ABORT,18,6,0,12,0,12,0,0,0,-1,26,3,0,0
temporary_partition,fixed,14180,0,0,1,0,0,none,0,0,0,0,0,0,0,0,0,-1,-1,0,0,0
temporary_partition,ideal_atomic,14180,1,0,0,0,0,none,0,0,0,0,0,0,0,0,0,0,-1,0,1,1
temporary_partition,command_once,14180,0,1,0,0,0,none,3,1,0,2,0,3,80,160,0,-1,-1,0,1,1
temporary_partition,confirmed_once,14180,0,0,1,0,0,ABORT,10,2,0,8,0,6,0,0,0,-1,-1,3,0,0
temporary_partition,confirmed_retry,14180,0,0,1,0,1,ABORT,22,6,0,16,0,14,0,0,0,-1,31,3,0,0
temporary_partition,fixed,14181,0,0,1,0,0,none,0,0,0,0,0,0,0,0,0,-1,-1,0,0,0
temporary_partition,ideal_atomic,14181,1,0,0,0,0,none,0,0,0,0,0,0,0,0,0,0,-1,0,1,1
temporary_partition,command_once,14181,0,1,0,0,0,none,3,1,0,2,0,3,80,160,0,-1,-1,0,1,1
temporary_partition,confirmed_once,14181,0,0,1,0,0,ABORT,10,2,0,8,0,6,0,0,0,-1,-1,3,0,0
temporary_partition,confirmed_retry,14181,0,0,1,0,1,ABORT,20,6,0,14,0,13,0,0,0,-1,31,3,0,0
temporary_partition,fixed,14182,0,0,1,0,0,none,0,0,0,0,0,0,0,0,0,-1,-1,0,0,0
temporary_partition,ideal_atomic,14182,1,0,0,0,0,none,0,0,0,0,0,0,0,0,0,0,-1,0,1,1
temporary_partition,command_once,14182,0,1,0,0,0,none,3,1,0,2,0,3,80,160,0,-1,-1,0,1,1
temporary_partition,confirmed_once,14182,0,0,1,0,0,ABORT,10,2,0,8,0,6,0,0,0,-1,-1,3,0,0
temporary_partition,confirmed_retry,14182,0,0,1,0,1,ABORT,24,6,0,18,0,15,0,0,0,-1,30,3,0,0
temporary_partition,fixed,14183,0,0,1,0,0,none,0,0,0,0,0,0,0,0,0,-1,-1,0,0,0
temporary_partition,ideal_atomic,14183,1,0,0,0,0,none,0,0,0,0,0,0,0,0,0,0,-1,0,1,1
temporary_partition,command_once,14183,0,1,0,0,0,none,3,1,0,2,0,3,80,160,0,-1,-1,0,1,1
temporary_partition,confirmed_once,14183,0,0,1,0,0,ABORT,10,2,0,8,0,6,0,0,0,-1,-1,3,0,0
temporary_partition,confirmed_retry,14183,0,0,1,0,1,ABORT,22,6,0,16,0,14,0,0,0,-1,29,3,0,0
temporary_partition,fixed,14184,0,0,1,0,0,none,0,0,0,0,0,0,0,0,0,-1,-1,0,0,0
temporary_partition,ideal_atomic,14184,1,0,0,0,0,none,0,0,0,0,0,0,0,0,0,0,-1,0,1,1
temporary_partition,command_once,14184,0,1,0,0,0,none,3,1,0,2,0,3,80,160,0,-1,-1,0,1,1
temporary_partition,confirmed_once,14184,0,0,1,0,0,ABORT,10,2,0,8,0,6,0,0,0,-1,-1,3,0,0
temporary_partition,confirmed_retry,14184,0,0,1,0,1,ABORT,24,6,0,18,0,15,0,0,0,-1,27,3,0,0
temporary_partition,fixed,14185,0,0,1,0,0,none,0,0,0,0,0,0,0,0,0,-1,-1,0,0,0
temporary_partition,ideal_atomic,14185,1,0,0,0,0,none,0,0,0,0,0,0,0,0,0,0,-1,0,1,1
temporary_partition,command_once,14185,0,1,0,0,0,none,3,1,0,2,0,3,80,160,0,-1,-1,0,1,1
temporary_partition,confirmed_once,14185,0,0,1,0,0,ABORT,10,2,0,8,0,6,0,0,0,-1,-1,3,0,0
temporary_partition,confirmed_retry,14185,0,0,1,0,1,ABORT,20,6,0,14,0,13,0,0,0,-1,27,3,0,0
temporary_partition,fixed,14186,0,0,1,0,0,none,0,0,0,0,0,0,0,0,0,-1,-1,0,0,0
temporary_partition,ideal_atomic,14186,1,0,0,0,0,none,0,0,0,0,0,0,0,0,0,0,-1,0,1,1
temporary_partition,command_once,14186,0,1,0,0,0,none,3,1,0,2,0,3,80,160,0,-1,-1,0,1,1
temporary_partition,confirmed_once,14186,0,0,1,0,0,ABORT,10,2,0,8,0,6,0,0,0,-1,-1,3,0,0
temporary_partition,confirmed_retry,14186,0,0,1,0,1,ABORT,24,6,0,18,0,15,0,0,0,-1,32,3,0,0
temporary_partition,fixed,14187,0,0,1,0,0,none,0,0,0,0,0,0,0,0,0,-1,-1,0,0,0
temporary_partition,ideal_atomic,14187,1,0,0,0,0,none,0,0,0,0,0,0,0,0,0,0,-1,0,1,1
temporary_partition,command_once,14187,0,1,0,0,0,none,3,1,0,2,0,3,80,160,0,-1,-1,0,1,1
temporary_partition,confirmed_once,14187,0,0,1,0,0,ABORT,10,2,0,8,0,6,0,0,0,-1,-1,3,0,0
temporary_partition,confirmed_retry,14187,0,0,1,0,1,ABORT,22,6,0,16,0,14,0,0,0,-1,30,3,0,0
temporary_partition,fixed,14188,0,0,1,0,0,none,0,0,0,0,0,0,0,0,0,-1,-1,0,0,0
temporary_partition,ideal_atomic,14188,1,0,0,0,0,none,0,0,0,0,0,0,0,0,0,0,-1,0,1,1
temporary_partition,command_once,14188,0,1,0,0,0,none,3,1,0,2,0,3,80,160,0,-1,-1,0,1,1
temporary_partition,confirmed_once,14188,0,0,1,0,0,ABORT,10,2,0,8,0,6,0,0,0,-1,-1,3,0,0
temporary_partition,confirmed_retry,14188,0,0,1,0,1,ABORT,24,6,0,18,0,15,0,0,0,-1,29,3,0,0
temporary_partition,fixed,14189,0,0,1,0,0,none,0,0,0,0,0,0,0,0,0,-1,-1,0,0,0
temporary_partition,ideal_atomic,14189,1,0,0,0,0,none,0,0,0,0,0,0,0,0,0,0,-1,0,1,1
temporary_partition,command_once,14189,0,1,0,0,0,none,3,1,0,2,0,3,80,160,0,-1,-1,0,1,1
temporary_partition,confirmed_once,14189,0,0,1,0,0,ABORT,10,2,0,8,0,6,0,0,0,-1,-1,3,0,0
temporary_partition,confirmed_retry,14189,0,0,1,0,1,ABORT,24,6,0,18,0,15,0,0,0,-1,30,3,0,0
temporary_partition,fixed,14190,0,0,1,0,0,none,0,0,0,0,0,0,0,0,0,-1,-1,0,0,0
temporary_partition,ideal_atomic,14190,1,0,0,0,0,none,0,0,0,0,0,0,0,0,0,0,-1,0,1,1
temporary_partition,command_once,14190,0,1,0,0,0,none,3,1,0,2,0,3,80,160,0,-1,-1,0,1,1
temporary_partition,confirmed_once,14190,0,0,1,0,0,ABORT,10,2,0,8,0,6,0,0,0,-1,-1,3,0,0
temporary_partition,confirmed_retry,14190,0,0,1,0,1,ABORT,24,6,0,18,0,15,0,0,0,-1,26,3,0,0
temporary_partition,fixed,14191,0,0,1,0,0,none,0,0,0,0,0,0,0,0,0,-1,-1,0,0,0
temporary_partition,ideal_atomic,14191,1,0,0,0,0,none,0,0,0,0,0,0,0,0,0,0,-1,0,1,1
temporary_partition,command_once,14191,0,1,0,0,0,none,3,1,0,2,0,3,80,160,0,-1,-1,0,1,1
temporary_partition,confirmed_once,14191,0,0,1,0,0,ABORT,10,2,0,8,0,6,0,0,0,-1,-1,3,0,0
temporary_partition,confirmed_retry,14191,0,0,1,0,1,ABORT,22,6,0,16,0,14,0,0,0,-1,27,3,0,0
temporary_partition,fixed,14192,0,0,1,0,0,none,0,0,0,0,0,0,0,0,0,-1,-1,0,0,0
temporary_partition,ideal_atomic,14192,1,0,0,0,0,none,0,0,0,0,0,0,0,0,0,0,-1,0,1,1
temporary_partition,command_once,14192,0,1,0,0,0,none,3,1,0,2,0,3,80,160,0,-1,-1,0,1,1
temporary_partition,confirmed_once,14192,0,0,1,0,0,ABORT,10,2,0,8,0,6,0,0,0,-1,-1,3,0,0
temporary_partition,confirmed_retry,14192,0,0,1,0,1,ABORT,22,6,0,16,0,14,0,0,0,-1,29,3,0,0
temporary_partition,fixed,14193,0,0,1,0,0,none,0,0,0,0,0,0,0,0,0,-1,-1,0,0,0
temporary_partition,ideal_atomic,14193,1,0,0,0,0,none,0,0,0,0,0,0,0,0,0,0,-1,0,1,1
temporary_partition,command_once,14193,0,1,0,0,0,none,3,1,0,2,0,3,80,160,0,-1,-1,0,1,1
temporary_partition,confirmed_once,14193,0,0,1,0,0,ABORT,10,2,0,8,0,6,0,0,0,-1,-1,3,0,0
temporary_partition,confirmed_retry,14193,0,0,1,0,1,ABORT,20,6,0,14,0,13,0,0,0,-1,27,3,0,0
temporary_partition,fixed,14194,0,0,1,0,0,none,0,0,0,0,0,0,0,0,0,-1,-1,0,0,0
temporary_partition,ideal_atomic,14194,1,0,0,0,0,none,0,0,0,0,0,0,0,0,0,0,-1,0,1,1
temporary_partition,command_once,14194,0,1,0,0,0,none,3,1,0,2,0,3,80,160,0,-1,-1,0,1,1
temporary_partition,confirmed_once,14194,0,0,1,0,0,ABORT,10,2,0,8,0,6,0,0,0,-1,-1,3,0,0
temporary_partition,confirmed_retry,14194,0,0,1,0,1,ABORT,22,6,0,16,0,14,0,0,0,-1,31,3,0,0
temporary_partition,fixed,14195,0,0,1,0,0,none,0,0,0,0,0,0,0,0,0,-1,-1,0,0,0
temporary_partition,ideal_atomic,14195,1,0,0,0,0,none,0,0,0,0,0,0,0,0,0,0,-1,0,1,1
temporary_partition,command_once,14195,0,1,0,0,0,none,3,1,0,2,0,3,80,160,0,-1,-1,0,1,1
temporary_partition,confirmed_once,14195,0,0,1,0,0,ABORT,10,2,0,8,0,6,0,0,0,-1,-1,3,0,0
temporary_partition,confirmed_retry,14195,0,0,1,0,1,ABORT,22,6,0,16,0,14,0,0,0,-1,28,3,0,0
temporary_partition,fixed,14196,0,0,1,0,0,none,0,0,0,0,0,0,0,0,0,-1,-1,0,0,0
temporary_partition,ideal_atomic,14196,1,0,0,0,0,none,0,0,0,0,0,0,0,0,0,0,-1,0,1,1
temporary_partition,command_once,14196,0,1,0,0,0,none,3,1,0,2,0,3,80,160,0,-1,-1,0,1,1
temporary_partition,confirmed_once,14196,0,0,1,0,0,ABORT,10,2,0,8,0,6,0,0,0,-1,-1,3,0,0
temporary_partition,confirmed_retry,14196,0,0,1,0,1,ABORT,20,6,0,14,0,13,0,0,0,-1,28,3,0,0
temporary_partition,fixed,14197,0,0,1,0,0,none,0,0,0,0,0,0,0,0,0,-1,-1,0,0,0
temporary_partition,ideal_atomic,14197,1,0,0,0,0,none,0,0,0,0,0,0,0,0,0,0,-1,0,1,1
temporary_partition,command_once,14197,0,1,0,0,0,none,3,1,0,2,0,3,80,160,0,-1,-1,0,1,1
temporary_partition,confirmed_once,14197,0,0,1,0,0,ABORT,10,2,0,8,0,6,0,0,0,-1,-1,3,0,0
temporary_partition,confirmed_retry,14197,0,0,1,0,1,ABORT,20,6,0,14,0,13,0,0,0,-1,28,3,0,0
temporary_partition,fixed,14198,0,0,1,0,0,none,0,0,0,0,0,0,0,0,0,-1,-1,0,0,0
temporary_partition,ideal_atomic,14198,1,0,0,0,0,none,0,0,0,0,0,0,0,0,0,0,-1,0,1,1
temporary_partition,command_once,14198,0,1,0,0,0,none,3,1,0,2,0,3,80,160,0,-1,-1,0,1,1
temporary_partition,confirmed_once,14198,0,0,1,0,0,ABORT,10,2,0,8,0,6,0,0,0,-1,-1,3,0,0
temporary_partition,confirmed_retry,14198,0,0,1,0,1,ABORT,24,6,0,18,0,15,0,0,0,-1,28,3,0,0
temporary_partition,fixed,14199,0,0,1,0,0,none,0,0,0,0,0,0,0,0,0,-1,-1,0,0,0
temporary_partition,ideal_atomic,14199,1,0,0,0,0,none,0,0,0,0,0,0,0,0,0,0,-1,0,1,1
temporary_partition,command_once,14199,0,1,0,0,0,none,3,1,0,2,0,3,80,160,0,-1,-1,0,1,1
temporary_partition,confirmed_once,14199,0,0,1,0,0,ABORT,10,2,0,8,0,6,0,0,0,-1,-1,3,0,0
temporary_partition,confirmed_retry,14199,0,0,1,0,1,ABORT,22,6,0,16,0,14,0,0,0,-1,30,3,0,0
final_never_arrives,fixed,14000,0,0,1,0,0,none,0,0,0,0,0,0,0,0,0,-1,-1,0,0,0
final_never_arrives,ideal_atomic,14000,1,0,0,0,0,none,0,0,0,0,0,0,0,0,0,0,-1,0,1,1
final_never_arrives,command_once,14000,0,1,0,0,0,none,3,1,0,2,0,3,80,160,0,-1,-1,0,1,1
final_never_arrives,confirmed_once,14000,0,1,0,1,0,COMMIT,11,1,0,10,0,6,75,150,0,-1,-1,4,1,1
final_never_arrives,confirmed_retry,14000,0,1,0,1,0,COMMIT,32,16,0,16,3,24,75,150,0,-1,-1,4,1,1
final_never_arrives,fixed,14001,0,0,1,0,0,none,0,0,0,0,0,0,0,0,0,-1,-1,0,0,0
final_never_arrives,ideal_atomic,14001,1,0,0,0,0,none,0,0,0,0,0,0,0,0,0,0,-1,0,1,1
final_never_arrives,command_once,14001,0,1,0,0,0,none,3,1,0,2,0,3,80,160,0,-1,-1,0,1,1
final_never_arrives,confirmed_once,14001,0,1,0,1,0,COMMIT,11,1,0,10,0,6,73,146,0,-1,-1,4,1,1
final_never_arrives,confirmed_retry,14001,0,1,0,1,0,COMMIT,34,14,0,20,5,24,73,146,0,-1,-1,4,1,1
final_never_arrives,fixed,14002,0,0,1,0,0,none,0,0,0,0,0,0,0,0,0,-1,-1,0,0,0
final_never_arrives,ideal_atomic,14002,1,0,0,0,0,none,0,0,0,0,0,0,0,0,0,0,-1,0,1,1
final_never_arrives,command_once,14002,0,1,0,0,0,none,3,1,0,2,0,3,80,160,0,-1,-1,0,1,1
final_never_arrives,confirmed_once,14002,0,1,0,1,0,COMMIT,11,1,0,10,0,6,77,154,0,-1,-1,4,1,1
final_never_arrives,confirmed_retry,14002,0,1,0,1,0,COMMIT,31,17,0,14,3,24,77,154,0,-1,-1,4,1,1
final_never_arrives,fixed,14003,0,0,1,0,0,none,0,0,0,0,0,0,0,0,0,-1,-1,0,0,0
final_never_arrives,ideal_atomic,14003,1,0,0,0,0,none,0,0,0,0,0,0,0,0,0,0,-1,0,1,1
final_never_arrives,command_once,14003,0,1,0,0,0,none,3,1,0,2,0,3,80,160,0,-1,-1,0,1,1
final_never_arrives,confirmed_once,14003,0,1,0,1,0,COMMIT,11,1,0,10,0,6,74,148,0,-1,-1,4,1,1
final_never_arrives,confirmed_retry,14003,0,1,0,1,0,COMMIT,34,14,0,20,5,24,74,148,0,-1,-1,4,1,1
final_never_arrives,fixed,14004,0,0,1,0,0,none,0,0,0,0,0,0,0,0,0,-1,-1,0,0,0
final_never_arrives,ideal_atomic,14004,1,0,0,0,0,none,0,0,0,0,0,0,0,0,0,0,-1,0,1,1
final_never_arrives,command_once,14004,0,1,0,0,0,none,3,1,0,2,0,3,80,160,0,-1,-1,0,1,1
final_never_arrives,confirmed_once,14004,0,1,0,1,0,COMMIT,11,1,0,10,0,6,72,144,0,-1,-1,4,1,1
final_never_arrives,confirmed_retry,14004,0,1,0,1,0,COMMIT,32,16,0,16,2,24,72,144,0,-1,-1,4,1,1
final_never_arrives,fixed,14005,0,0,1,0,0,none,0,0,0,0,0,0,0,0,0,-1,-1,0,0,0
final_never_arrives,ideal_atomic,14005,1,0,0,0,0,none,0,0,0,0,0,0,0,0,0,0,-1,0,1,1
final_never_arrives,command_once,14005,0,1,0,0,0,none,3,1,0,2,0,3,80,160,0,-1,-1,0,1,1
final_never_arrives,confirmed_once,14005,0,1,0,1,0,COMMIT,11,1,0,10,0,6,74,148,0,-1,-1,4,1,1
final_never_arrives,confirmed_retry,14005,0,1,0,1,0,COMMIT,33,15,0,18,4,24,74,148,0,-1,-1,4,1,1
final_never_arrives,fixed,14006,0,0,1,0,0,none,0,0,0,0,0,0,0,0,0,-1,-1,0,0,0
final_never_arrives,ideal_atomic,14006,1,0,0,0,0,none,0,0,0,0,0,0,0,0,0,0,-1,0,1,1
final_never_arrives,command_once,14006,0,1,0,0,0,none,3,1,0,2,0,3,80,160,0,-1,-1,0,1,1
final_never_arrives,confirmed_once,14006,0,1,0,1,0,COMMIT,11,1,0,10,0,6,73,146,0,-1,-1,4,1,1
final_never_arrives,confirmed_retry,14006,0,1,0,1,0,COMMIT,34,14,0,20,5,24,73,146,0,-1,-1,4,1,1
final_never_arrives,fixed,14007,0,0,1,0,0,none,0,0,0,0,0,0,0,0,0,-1,-1,0,0,0
final_never_arrives,ideal_atomic,14007,1,0,0,0,0,none,0,0,0,0,0,0,0,0,0,0,-1,0,1,1
final_never_arrives,command_once,14007,0,1,0,0,0,none,3,1,0,2,0,3,80,160,0,-1,-1,0,1,1
final_never_arrives,confirmed_once,14007,0,1,0,1,0,COMMIT,11,1,0,10,0,6,73,146,0,-1,-1,4,1,1
final_never_arrives,confirmed_retry,14007,0,1,0,1,0,COMMIT,32,16,0,16,3,24,73,146,0,-1,-1,4,1,1
final_never_arrives,fixed,14008,0,0,1,0,0,none,0,0,0,0,0,0,0,0,0,-1,-1,0,0,0
final_never_arrives,ideal_atomic,14008,1,0,0,0,0,none,0,0,0,0,0,0,0,0,0,0,-1,0,1,1
final_never_arrives,command_once,14008,0,1,0,0,0,none,3,1,0,2,0,3,80,160,0,-1,-1,0,1,1
final_never_arrives,confirmed_once,14008,0,1,0,1,0,COMMIT,11,1,0,10,0,6,73,146,0,-1,-1,4,1,1
final_never_arrives,confirmed_retry,14008,0,1,0,1,0,COMMIT,32,16,0,16,3,24,73,146,0,-1,-1,4,1,1
final_never_arrives,fixed,14009,0,0,1,0,0,none,0,0,0,0,0,0,0,0,0,-1,-1,0,0,0
final_never_arrives,ideal_atomic,14009,1,0,0,0,0,none,0,0,0,0,0,0,0,0,0,0,-1,0,1,1
final_never_arrives,command_once,14009,0,1,0,0,0,none,3,1,0,2,0,3,80,160,0,-1,-1,0,1,1
final_never_arrives,confirmed_once,14009,0,1,0,1,0,COMMIT,11,1,0,10,0,6,74,148,0,-1,-1,4,1,1
final_never_arrives,confirmed_retry,14009,0,1,0,1,0,COMMIT,33,15,0,18,4,24,74,148,0,-1,-1,4,1,1
final_never_arrives,fixed,14010,0,0,1,0,0,none,0,0,0,0,0,0,0,0,0,-1,-1,0,0,0
final_never_arrives,ideal_atomic,14010,1,0,0,0,0,none,0,0,0,0,0,0,0,0,0,0,-1,0,1,1
final_never_arrives,command_once,14010,0,1,0,0,0,none,3,1,0,2,0,3,80,160,0,-1,-1,0,1,1
final_never_arrives,confirmed_once,14010,0,1,0,1,0,COMMIT,11,1,0,10,0,6,75,150,0,-1,-1,4,1,1
final_never_arrives,confirmed_retry,14010,0,1,0,1,0,COMMIT,31,17,0,14,2,24,75,150,0,-1,-1,4,1,1
final_never_arrives,fixed,14011,0,0,1,0,0,none,0,0,0,0,0,0,0,0,0,-1,-1,0,0,0
final_never_arrives,ideal_atomic,14011,1,0,0,0,0,none,0,0,0,0,0,0,0,0,0,0,-1,0,1,1
final_never_arrives,command_once,14011,0,1,0,0,0,none,3,1,0,2,0,3,80,160,0,-1,-1,0,1,1
final_never_arrives,confirmed_once,14011,0,1,0,1,0,COMMIT,11,1,0,10,0,6,73,146,0,-1,-1,4,1,1
final_never_arrives,confirmed_retry,14011,0,1,0,1,0,COMMIT,35,13,0,22,6,24,73,146,0,-1,-1,4,1,1
final_never_arrives,fixed,14012,0,0,1,0,0,none,0,0,0,0,0,0,0,0,0,-1,-1,0,0,0
final_never_arrives,ideal_atomic,14012,1,0,0,0,0,none,0,0,0,0,0,0,0,0,0,0,-1,0,1,1
final_never_arrives,command_once,14012,0,1,0,0,0,none,3,1,0,2,0,3,80,160,0,-1,-1,0,1,1
final_never_arrives,confirmed_once,14012,0,1,0,1,0,COMMIT,11,1,0,10,0,6,72,144,0,-1,-1,4,1,1
final_never_arrives,confirmed_retry,14012,0,1,0,1,0,COMMIT,33,15,0,18,3,24,72,144,0,-1,-1,4,1,1
final_never_arrives,fixed,14013,0,0,1,0,0,none,0,0,0,0,0,0,0,0,0,-1,-1,0,0,0
final_never_arrives,ideal_atomic,14013,1,0,0,0,0,none,0,0,0,0,0,0,0,0,0,0,-1,0,1,1
final_never_arrives,command_once,14013,0,1,0,0,0,none,3,1,0,2,0,3,80,160,0,-1,-1,0,1,1
final_never_arrives,confirmed_once,14013,0,1,0,1,0,COMMIT,11,1,0,10,0,6,74,148,0,-1,-1,4,1,1
final_never_arrives,confirmed_retry,14013,0,1,0,1,0,COMMIT,31,17,0,14,2,24,74,148,0,-1,-1,4,1,1
final_never_arrives,fixed,14014,0,0,1,0,0,none,0,0,0,0,0,0,0,0,0,-1,-1,0,0,0
final_never_arrives,ideal_atomic,14014,1,0,0,0,0,none,0,0,0,0,0,0,0,0,0,0,-1,0,1,1
final_never_arrives,command_once,14014,0,1,0,0,0,none,3,1,0,2,0,3,80,160,0,-1,-1,0,1,1
final_never_arrives,confirmed_once,14014,0,1,0,1,0,COMMIT,11,1,0,10,0,6,75,150,0,-1,-1,4,1,1
final_never_arrives,confirmed_retry,14014,0,1,0,1,0,COMMIT,31,17,0,14,2,24,75,150,0,-1,-1,4,1,1
final_never_arrives,fixed,14015,0,0,1,0,0,none,0,0,0,0,0,0,0,0,0,-1,-1,0,0,0
final_never_arrives,ideal_atomic,14015,1,0,0,0,0,none,0,0,0,0,0,0,0,0,0,0,-1,0,1,1
final_never_arrives,command_once,14015,0,1,0,0,0,none,3,1,0,2,0,3,80,160,0,-1,-1,0,1,1
final_never_arrives,confirmed_once,14015,0,1,0,1,0,COMMIT,11,1,0,10,0,6,73,146,0,-1,-1,4,1,1
final_never_arrives,confirmed_retry,14015,0,1,0,1,0,COMMIT,33,15,0,18,4,24,73,146,0,-1,-1,4,1,1
final_never_arrives,fixed,14016,0,0,1,0,0,none,0,0,0,0,0,0,0,0,0,-1,-1,0,0,0
final_never_arrives,ideal_atomic,14016,1,0,0,0,0,none,0,0,0,0,0,0,0,0,0,0,-1,0,1,1
final_never_arrives,command_once,14016,0,1,0,0,0,none,3,1,0,2,0,3,80,160,0,-1,-1,0,1,1
final_never_arrives,confirmed_once,14016,0,1,0,1,0,COMMIT,11,1,0,10,0,6,75,150,0,-1,-1,4,1,1
final_never_arrives,confirmed_retry,14016,0,1,0,1,0,COMMIT,33,15,0,18,4,24,75,150,0,-1,-1,4,1,1
final_never_arrives,fixed,14017,0,0,1,0,0,none,0,0,0,0,0,0,0,0,0,-1,-1,0,0,0
final_never_arrives,ideal_atomic,14017,1,0,0,0,0,none,0,0,0,0,0,0,0,0,0,0,-1,0,1,1
final_never_arrives,command_once,14017,0,1,0,0,0,none,3,1,0,2,0,3,80,160,0,-1,-1,0,1,1
final_never_arrives,confirmed_once,14017,0,1,0,1,0,COMMIT,11,1,0,10,0,6,74,148,0,-1,-1,4,1,1
final_never_arrives,confirmed_retry,14017,0,1,0,1,0,COMMIT,33,15,0,18,4,24,74,148,0,-1,-1,4,1,1
final_never_arrives,fixed,14018,0,0,1,0,0,none,0,0,0,0,0,0,0,0,0,-1,-1,0,0,0
final_never_arrives,ideal_atomic,14018,1,0,0,0,0,none,0,0,0,0,0,0,0,0,0,0,-1,0,1,1
final_never_arrives,command_once,14018,0,1,0,0,0,none,3,1,0,2,0,3,80,160,0,-1,-1,0,1,1
final_never_arrives,confirmed_once,14018,0,1,0,1,0,COMMIT,11,1,0,10,0,6,74,148,0,-1,-1,4,1,1
final_never_arrives,confirmed_retry,14018,0,1,0,1,0,COMMIT,34,14,0,20,5,24,74,148,0,-1,-1,4,1,1
final_never_arrives,fixed,14019,0,0,1,0,0,none,0,0,0,0,0,0,0,0,0,-1,-1,0,0,0
final_never_arrives,ideal_atomic,14019,1,0,0,0,0,none,0,0,0,0,0,0,0,0,0,0,-1,0,1,1
final_never_arrives,command_once,14019,0,1,0,0,0,none,3,1,0,2,0,3,80,160,0,-1,-1,0,1,1
final_never_arrives,confirmed_once,14019,0,1,0,1,0,COMMIT,11,1,0,10,0,6,72,144,0,-1,-1,4,1,1
final_never_arrives,confirmed_retry,14019,0,1,0,1,0,COMMIT,32,16,0,16,2,24,72,144,0,-1,-1,4,1,1
final_never_arrives,fixed,14020,0,0,1,0,0,none,0,0,0,0,0,0,0,0,0,-1,-1,0,0,0
final_never_arrives,ideal_atomic,14020,1,0,0,0,0,none,0,0,0,0,0,0,0,0,0,0,-1,0,1,1
final_never_arrives,command_once,14020,0,1,0,0,0,none,3,1,0,2,0,3,80,160,0,-1,-1,0,1,1
final_never_arrives,confirmed_once,14020,0,1,0,1,0,COMMIT,11,1,0,10,0,6,75,150,0,-1,-1,4,1,1
final_never_arrives,confirmed_retry,14020,0,1,0,1,0,COMMIT,34,14,0,20,5,24,75,150,0,-1,-1,4,1,1
final_never_arrives,fixed,14021,0,0,1,0,0,none,0,0,0,0,0,0,0,0,0,-1,-1,0,0,0
final_never_arrives,ideal_atomic,14021,1,0,0,0,0,none,0,0,0,0,0,0,0,0,0,0,-1,0,1,1
final_never_arrives,command_once,14021,0,1,0,0,0,none,3,1,0,2,0,3,80,160,0,-1,-1,0,1,1
final_never_arrives,confirmed_once,14021,0,1,0,1,0,COMMIT,11,1,0,10,0,6,76,152,0,-1,-1,4,1,1
final_never_arrives,confirmed_retry,14021,0,1,0,1,0,COMMIT,29,19,0,10,0,24,76,152,0,-1,-1,4,1,1
final_never_arrives,fixed,14022,0,0,1,0,0,none,0,0,0,0,0,0,0,0,0,-1,-1,0,0,0
final_never_arrives,ideal_atomic,14022,1,0,0,0,0,none,0,0,0,0,0,0,0,0,0,0,-1,0,1,1
final_never_arrives,command_once,14022,0,1,0,0,0,none,3,1,0,2,0,3,80,160,0,-1,-1,0,1,1
final_never_arrives,confirmed_once,14022,0,1,0,1,0,COMMIT,11,1,0,10,0,6,73,146,0,-1,-1,4,1,1
final_never_arrives,confirmed_retry,14022,0,1,0,1,0,COMMIT,34,14,0,20,5,24,73,146,0,-1,-1,4,1,1
final_never_arrives,fixed,14023,0,0,1,0,0,none,0,0,0,0,0,0,0,0,0,-1,-1,0,0,0
final_never_arrives,ideal_atomic,14023,1,0,0,0,0,none,0,0,0,0,0,0,0,0,0,0,-1,0,1,1
final_never_arrives,command_once,14023,0,1,0,0,0,none,3,1,0,2,0,3,80,160,0,-1,-1,0,1,1
final_never_arrives,confirmed_once,14023,0,1,0,1,0,COMMIT,11,1,0,10,0,6,74,148,0,-1,-1,4,1,1
final_never_arrives,confirmed_retry,14023,0,1,0,1,0,COMMIT,33,15,0,18,4,24,74,148,0,-1,-1,4,1,1
final_never_arrives,fixed,14024,0,0,1,0,0,none,0,0,0,0,0,0,0,0,0,-1,-1,0,0,0
final_never_arrives,ideal_atomic,14024,1,0,0,0,0,none,0,0,0,0,0,0,0,0,0,0,-1,0,1,1
final_never_arrives,command_once,14024,0,1,0,0,0,none,3,1,0,2,0,3,80,160,0,-1,-1,0,1,1
final_never_arrives,confirmed_once,14024,0,1,0,1,0,COMMIT,11,1,0,10,0,6,73,146,0,-1,-1,4,1,1
final_never_arrives,confirmed_retry,14024,0,1,0,1,0,COMMIT,35,13,0,22,6,24,73,146,0,-1,-1,4,1,1
final_never_arrives,fixed,14025,0,0,1,0,0,none,0,0,0,0,0,0,0,0,0,-1,-1,0,0,0
final_never_arrives,ideal_atomic,14025,1,0,0,0,0,none,0,0,0,0,0,0,0,0,0,0,-1,0,1,1
final_never_arrives,command_once,14025,0,1,0,0,0,none,3,1,0,2,0,3,80,160,0,-1,-1,0,1,1
final_never_arrives,confirmed_once,14025,0,1,0,1,0,COMMIT,11,1,0,10,0,6,75,150,0,-1,-1,4,1,1
final_never_arrives,confirmed_retry,14025,0,1,0,1,0,COMMIT,33,15,0,18,4,24,75,150,0,-1,-1,4,1,1
final_never_arrives,fixed,14026,0,0,1,0,0,none,0,0,0,0,0,0,0,0,0,-1,-1,0,0,0
final_never_arrives,ideal_atomic,14026,1,0,0,0,0,none,0,0,0,0,0,0,0,0,0,0,-1,0,1,1
final_never_arrives,command_once,14026,0,1,0,0,0,none,3,1,0,2,0,3,80,160,0,-1,-1,0,1,1
final_never_arrives,confirmed_once,14026,0,1,0,1,0,COMMIT,11,1,0,10,0,6,72,144,0,-1,-1,4,1,1
final_never_arrives,confirmed_retry,14026,0,1,0,1,0,COMMIT,33,15,0,18,3,24,72,144,0,-1,-1,4,1,1
final_never_arrives,fixed,14027,0,0,1,0,0,none,0,0,0,0,0,0,0,0,0,-1,-1,0,0,0
final_never_arrives,ideal_atomic,14027,1,0,0,0,0,none,0,0,0,0,0,0,0,0,0,0,-1,0,1,1
final_never_arrives,command_once,14027,0,1,0,0,0,none,3,1,0,2,0,3,80,160,0,-1,-1,0,1,1
final_never_arrives,confirmed_once,14027,0,1,0,1,0,COMMIT,11,1,0,10,0,6,75,150,0,-1,-1,4,1,1
final_never_arrives,confirmed_retry,14027,0,1,0,1,0,COMMIT,32,16,0,16,3,24,75,150,0,-1,-1,4,1,1
final_never_arrives,fixed,14028,0,0,1,0,0,none,0,0,0,0,0,0,0,0,0,-1,-1,0,0,0
final_never_arrives,ideal_atomic,14028,1,0,0,0,0,none,0,0,0,0,0,0,0,0,0,0,-1,0,1,1
final_never_arrives,command_once,14028,0,1,0,0,0,none,3,1,0,2,0,3,80,160,0,-1,-1,0,1,1
final_never_arrives,confirmed_once,14028,0,1,0,1,0,COMMIT,11,1,0,10,0,6,74,148,0,-1,-1,4,1,1
final_never_arrives,confirmed_retry,14028,0,1,0,1,0,COMMIT,32,16,0,16,3,24,74,148,0,-1,-1,4,1,1
final_never_arrives,fixed,14029,0,0,1,0,0,none,0,0,0,0,0,0,0,0,0,-1,-1,0,0,0
final_never_arrives,ideal_atomic,14029,1,0,0,0,0,none,0,0,0,0,0,0,0,0,0,0,-1,0,1,1
final_never_arrives,command_once,14029,0,1,0,0,0,none,3,1,0,2,0,3,80,160,0,-1,-1,0,1,1
final_never_arrives,confirmed_once,14029,0,1,0,1,0,COMMIT,11,1,0,10,0,6,73,146,0,-1,-1,4,1,1
final_never_arrives,confirmed_retry,14029,0,1,0,1,0,COMMIT,35,13,0,22,6,24,73,146,0,-1,-1,4,1,1
final_never_arrives,fixed,14030,0,0,1,0,0,none,0,0,0,0,0,0,0,0,0,-1,-1,0,0,0
final_never_arrives,ideal_atomic,14030,1,0,0,0,0,none,0,0,0,0,0,0,0,0,0,0,-1,0,1,1
final_never_arrives,command_once,14030,0,1,0,0,0,none,3,1,0,2,0,3,80,160,0,-1,-1,0,1,1
final_never_arrives,confirmed_once,14030,0,1,0,1,0,COMMIT,11,1,0,10,0,6,73,146,0,-1,-1,4,1,1
final_never_arrives,confirmed_retry,14030,0,1,0,1,0,COMMIT,33,15,0,18,4,24,73,146,0,-1,-1,4,1,1
final_never_arrives,fixed,14031,0,0,1,0,0,none,0,0,0,0,0,0,0,0,0,-1,-1,0,0,0
final_never_arrives,ideal_atomic,14031,1,0,0,0,0,none,0,0,0,0,0,0,0,0,0,0,-1,0,1,1
final_never_arrives,command_once,14031,0,1,0,0,0,none,3,1,0,2,0,3,80,160,0,-1,-1,0,1,1
final_never_arrives,confirmed_once,14031,0,1,0,1,0,COMMIT,11,1,0,10,0,6,72,144,0,-1,-1,4,1,1
final_never_arrives,confirmed_retry,14031,0,1,0,1,0,COMMIT,32,16,0,16,2,24,72,144,0,-1,-1,4,1,1
final_never_arrives,fixed,14032,0,0,1,0,0,none,0,0,0,0,0,0,0,0,0,-1,-1,0,0,0
final_never_arrives,ideal_atomic,14032,1,0,0,0,0,none,0,0,0,0,0,0,0,0,0,0,-1,0,1,1
final_never_arrives,command_once,14032,0,1,0,0,0,none,3,1,0,2,0,3,80,160,0,-1,-1,0,1,1
final_never_arrives,confirmed_once,14032,0,1,0,1,0,COMMIT,11,1,0,10,0,6,74,148,0,-1,-1,4,1,1
final_never_arrives,confirmed_retry,14032,0,1,0,1,0,COMMIT,32,16,0,16,3,24,74,148,0,-1,-1,4,1,1
final_never_arrives,fixed,14033,0,0,1,0,0,none,0,0,0,0,0,0,0,0,0,-1,-1,0,0,0
final_never_arrives,ideal_atomic,14033,1,0,0,0,0,none,0,0,0,0,0,0,0,0,0,0,-1,0,1,1
final_never_arrives,command_once,14033,0,1,0,0,0,none,3,1,0,2,0,3,80,160,0,-1,-1,0,1,1
final_never_arrives,confirmed_once,14033,0,1,0,1,0,COMMIT,11,1,0,10,0,6,73,146,0,-1,-1,4,1,1
final_never_arrives,confirmed_retry,14033,0,1,0,1,0,COMMIT,34,14,0,20,5,24,73,146,0,-1,-1,4,1,1
final_never_arrives,fixed,14034,0,0,1,0,0,none,0,0,0,0,0,0,0,0,0,-1,-1,0,0,0
final_never_arrives,ideal_atomic,14034,1,0,0,0,0,none,0,0,0,0,0,0,0,0,0,0,-1,0,1,1
final_never_arrives,command_once,14034,0,1,0,0,0,none,3,1,0,2,0,3,80,160,0,-1,-1,0,1,1
final_never_arrives,confirmed_once,14034,0,1,0,1,0,COMMIT,11,1,0,10,0,6,77,154,0,-1,-1,4,1,1
final_never_arrives,confirmed_retry,14034,0,1,0,1,0,COMMIT,31,17,0,14,3,24,77,154,0,-1,-1,4,1,1
final_never_arrives,fixed,14035,0,0,1,0,0,none,0,0,0,0,0,0,0,0,0,-1,-1,0,0,0
final_never_arrives,ideal_atomic,14035,1,0,0,0,0,none,0,0,0,0,0,0,0,0,0,0,-1,0,1,1
final_never_arrives,command_once,14035,0,1,0,0,0,none,3,1,0,2,0,3,80,160,0,-1,-1,0,1,1
final_never_arrives,confirmed_once,14035,0,1,0,1,0,COMMIT,11,1,0,10,0,6,74,148,0,-1,-1,4,1,1
final_never_arrives,confirmed_retry,14035,0,1,0,1,0,COMMIT,33,15,0,18,4,24,74,148,0,-1,-1,4,1,1
final_never_arrives,fixed,14036,0,0,1,0,0,none,0,0,0,0,0,0,0,0,0,-1,-1,0,0,0
final_never_arrives,ideal_atomic,14036,1,0,0,0,0,none,0,0,0,0,0,0,0,0,0,0,-1,0,1,1
final_never_arrives,command_once,14036,0,1,0,0,0,none,3,1,0,2,0,3,80,160,0,-1,-1,0,1,1
final_never_arrives,confirmed_once,14036,0,1,0,1,0,COMMIT,11,1,0,10,0,6,74,148,0,-1,-1,4,1,1
final_never_arrives,confirmed_retry,14036,0,1,0,1,0,COMMIT,33,15,0,18,4,24,74,148,0,-1,-1,4,1,1
final_never_arrives,fixed,14037,0,0,1,0,0,none,0,0,0,0,0,0,0,0,0,-1,-1,0,0,0
final_never_arrives,ideal_atomic,14037,1,0,0,0,0,none,0,0,0,0,0,0,0,0,0,0,-1,0,1,1
final_never_arrives,command_once,14037,0,1,0,0,0,none,3,1,0,2,0,3,80,160,0,-1,-1,0,1,1
final_never_arrives,confirmed_once,14037,0,1,0,1,0,COMMIT,11,1,0,10,0,6,75,150,0,-1,-1,4,1,1
final_never_arrives,confirmed_retry,14037,0,1,0,1,0,COMMIT,34,14,0,20,5,24,75,150,0,-1,-1,4,1,1
final_never_arrives,fixed,14038,0,0,1,0,0,none,0,0,0,0,0,0,0,0,0,-1,-1,0,0,0
final_never_arrives,ideal_atomic,14038,1,0,0,0,0,none,0,0,0,0,0,0,0,0,0,0,-1,0,1,1
final_never_arrives,command_once,14038,0,1,0,0,0,none,3,1,0,2,0,3,80,160,0,-1,-1,0,1,1
final_never_arrives,confirmed_once,14038,0,1,0,1,0,COMMIT,11,1,0,10,0,6,73,146,0,-1,-1,4,1,1
final_never_arrives,confirmed_retry,14038,0,1,0,1,0,COMMIT,34,14,0,20,5,24,73,146,0,-1,-1,4,1,1
final_never_arrives,fixed,14039,0,0,1,0,0,none,0,0,0,0,0,0,0,0,0,-1,-1,0,0,0
final_never_arrives,ideal_atomic,14039,1,0,0,0,0,none,0,0,0,0,0,0,0,0,0,0,-1,0,1,1
final_never_arrives,command_once,14039,0,1,0,0,0,none,3,1,0,2,0,3,80,160,0,-1,-1,0,1,1
final_never_arrives,confirmed_once,14039,0,1,0,1,0,COMMIT,11,1,0,10,0,6,75,150,0,-1,-1,4,1,1
final_never_arrives,confirmed_retry,14039,0,1,0,1,0,COMMIT,31,17,0,14,2,24,75,150,0,-1,-1,4,1,1
final_never_arrives,fixed,14040,0,0,1,0,0,none,0,0,0,0,0,0,0,0,0,-1,-1,0,0,0
final_never_arrives,ideal_atomic,14040,1,0,0,0,0,none,0,0,0,0,0,0,0,0,0,0,-1,0,1,1
final_never_arrives,command_once,14040,0,1,0,0,0,none,3,1,0,2,0,3,80,160,0,-1,-1,0,1,1
final_never_arrives,confirmed_once,14040,0,1,0,1,0,COMMIT,11,1,0,10,0,6,75,150,0,-1,-1,4,1,1
final_never_arrives,confirmed_retry,14040,0,1,0,1,0,COMMIT,32,16,0,16,3,24,75,150,0,-1,-1,4,1,1
final_never_arrives,fixed,14041,0,0,1,0,0,none,0,0,0,0,0,0,0,0,0,-1,-1,0,0,0
final_never_arrives,ideal_atomic,14041,1,0,0,0,0,none,0,0,0,0,0,0,0,0,0,0,-1,0,1,1
final_never_arrives,command_once,14041,0,1,0,0,0,none,3,1,0,2,0,3,80,160,0,-1,-1,0,1,1
final_never_arrives,confirmed_once,14041,0,1,0,1,0,COMMIT,11,1,0,10,0,6,75,150,0,-1,-1,4,1,1
final_never_arrives,confirmed_retry,14041,0,1,0,1,0,COMMIT,32,16,0,16,3,24,75,150,0,-1,-1,4,1,1
final_never_arrives,fixed,14042,0,0,1,0,0,none,0,0,0,0,0,0,0,0,0,-1,-1,0,0,0
final_never_arrives,ideal_atomic,14042,1,0,0,0,0,none,0,0,0,0,0,0,0,0,0,0,-1,0,1,1
final_never_arrives,command_once,14042,0,1,0,0,0,none,3,1,0,2,0,3,80,160,0,-1,-1,0,1,1
final_never_arrives,confirmed_once,14042,0,1,0,1,0,COMMIT,11,1,0,10,0,6,73,146,0,-1,-1,4,1,1
final_never_arrives,confirmed_retry,14042,0,1,0,1,0,COMMIT,34,14,0,20,5,24,73,146,0,-1,-1,4,1,1
final_never_arrives,fixed,14043,0,0,1,0,0,none,0,0,0,0,0,0,0,0,0,-1,-1,0,0,0
final_never_arrives,ideal_atomic,14043,1,0,0,0,0,none,0,0,0,0,0,0,0,0,0,0,-1,0,1,1
final_never_arrives,command_once,14043,0,1,0,0,0,none,3,1,0,2,0,3,80,160,0,-1,-1,0,1,1
final_never_arrives,confirmed_once,14043,0,1,0,1,0,COMMIT,11,1,0,10,0,6,75,150,0,-1,-1,4,1,1
final_never_arrives,confirmed_retry,14043,0,1,0,1,0,COMMIT,33,15,0,18,4,24,75,150,0,-1,-1,4,1,1
final_never_arrives,fixed,14044,0,0,1,0,0,none,0,0,0,0,0,0,0,0,0,-1,-1,0,0,0
final_never_arrives,ideal_atomic,14044,1,0,0,0,0,none,0,0,0,0,0,0,0,0,0,0,-1,0,1,1
final_never_arrives,command_once,14044,0,1,0,0,0,none,3,1,0,2,0,3,80,160,0,-1,-1,0,1,1
final_never_arrives,confirmed_once,14044,0,1,0,1,0,COMMIT,11,1,0,10,0,6,74,148,0,-1,-1,4,1,1
final_never_arrives,confirmed_retry,14044,0,1,0,1,0,COMMIT,31,17,0,14,2,24,74,148,0,-1,-1,4,1,1
final_never_arrives,fixed,14045,0,0,1,0,0,none,0,0,0,0,0,0,0,0,0,-1,-1,0,0,0
final_never_arrives,ideal_atomic,14045,1,0,0,0,0,none,0,0,0,0,0,0,0,0,0,0,-1,0,1,1
final_never_arrives,command_once,14045,0,1,0,0,0,none,3,1,0,2,0,3,80,160,0,-1,-1,0,1,1
final_never_arrives,confirmed_once,14045,0,1,0,1,0,COMMIT,11,1,0,10,0,6,73,146,0,-1,-1,4,1,1
final_never_arrives,confirmed_retry,14045,0,1,0,1,0,COMMIT,35,13,0,22,6,24,73,146,0,-1,-1,4,1,1
final_never_arrives,fixed,14046,0,0,1,0,0,none,0,0,0,0,0,0,0,0,0,-1,-1,0,0,0
final_never_arrives,ideal_atomic,14046,1,0,0,0,0,none,0,0,0,0,0,0,0,0,0,0,-1,0,1,1
final_never_arrives,command_once,14046,0,1,0,0,0,none,3,1,0,2,0,3,80,160,0,-1,-1,0,1,1
final_never_arrives,confirmed_once,14046,0,1,0,1,0,COMMIT,11,1,0,10,0,6,74,148,0,-1,-1,4,1,1
final_never_arrives,confirmed_retry,14046,0,1,0,1,0,COMMIT,33,15,0,18,4,24,74,148,0,-1,-1,4,1,1
final_never_arrives,fixed,14047,0,0,1,0,0,none,0,0,0,0,0,0,0,0,0,-1,-1,0,0,0
final_never_arrives,ideal_atomic,14047,1,0,0,0,0,none,0,0,0,0,0,0,0,0,0,0,-1,0,1,1
final_never_arrives,command_once,14047,0,1,0,0,0,none,3,1,0,2,0,3,80,160,0,-1,-1,0,1,1
final_never_arrives,confirmed_once,14047,0,1,0,1,0,COMMIT,11,1,0,10,0,6,74,148,0,-1,-1,4,1,1
final_never_arrives,confirmed_retry,14047,0,1,0,1,0,COMMIT,32,16,0,16,3,24,74,148,0,-1,-1,4,1,1
final_never_arrives,fixed,14048,0,0,1,0,0,none,0,0,0,0,0,0,0,0,0,-1,-1,0,0,0
final_never_arrives,ideal_atomic,14048,1,0,0,0,0,none,0,0,0,0,0,0,0,0,0,0,-1,0,1,1
final_never_arrives,command_once,14048,0,1,0,0,0,none,3,1,0,2,0,3,80,160,0,-1,-1,0,1,1
final_never_arrives,confirmed_once,14048,0,1,0,1,0,COMMIT,11,1,0,10,0,6,73,146,0,-1,-1,4,1,1
final_never_arrives,confirmed_retry,14048,0,1,0,1,0,COMMIT,34,14,0,20,5,24,73,146,0,-1,-1,4,1,1
final_never_arrives,fixed,14049,0,0,1,0,0,none,0,0,0,0,0,0,0,0,0,-1,-1,0,0,0
final_never_arrives,ideal_atomic,14049,1,0,0,0,0,none,0,0,0,0,0,0,0,0,0,0,-1,0,1,1
final_never_arrives,command_once,14049,0,1,0,0,0,none,3,1,0,2,0,3,80,160,0,-1,-1,0,1,1
final_never_arrives,confirmed_once,14049,0,1,0,1,0,COMMIT,11,1,0,10,0,6,73,146,0,-1,-1,4,1,1
final_never_arrives,confirmed_retry,14049,0,1,0,1,0,COMMIT,33,15,0,18,4,24,73,146,0,-1,-1,4,1,1
final_never_arrives,fixed,14050,0,0,1,0,0,none,0,0,0,0,0,0,0,0,0,-1,-1,0,0,0
final_never_arrives,ideal_atomic,14050,1,0,0,0,0,none,0,0,0,0,0,0,0,0,0,0,-1,0,1,1
final_never_arrives,command_once,14050,0,1,0,0,0,none,3,1,0,2,0,3,80,160,0,-1,-1,0,1,1
final_never_arrives,confirmed_once,14050,0,1,0,1,0,COMMIT,11,1,0,10,0,6,72,144,0,-1,-1,4,1,1
final_never_arrives,confirmed_retry,14050,0,1,0,1,0,COMMIT,32,16,0,16,2,24,72,144,0,-1,-1,4,1,1
final_never_arrives,fixed,14051,0,0,1,0,0,none,0,0,0,0,0,0,0,0,0,-1,-1,0,0,0
final_never_arrives,ideal_atomic,14051,1,0,0,0,0,none,0,0,0,0,0,0,0,0,0,0,-1,0,1,1
final_never_arrives,command_once,14051,0,1,0,0,0,none,3,1,0,2,0,3,80,160,0,-1,-1,0,1,1
final_never_arrives,confirmed_once,14051,0,1,0,1,0,COMMIT,11,1,0,10,0,6,74,148,0,-1,-1,4,1,1
final_never_arrives,confirmed_retry,14051,0,1,0,1,0,COMMIT,32,16,0,16,3,24,74,148,0,-1,-1,4,1,1
final_never_arrives,fixed,14052,0,0,1,0,0,none,0,0,0,0,0,0,0,0,0,-1,-1,0,0,0
final_never_arrives,ideal_atomic,14052,1,0,0,0,0,none,0,0,0,0,0,0,0,0,0,0,-1,0,1,1
final_never_arrives,command_once,14052,0,1,0,0,0,none,3,1,0,2,0,3,80,160,0,-1,-1,0,1,1
final_never_arrives,confirmed_once,14052,0,1,0,1,0,COMMIT,11,1,0,10,0,6,73,146,0,-1,-1,4,1,1
final_never_arrives,confirmed_retry,14052,0,1,0,1,0,COMMIT,34,14,0,20,5,24,73,146,0,-1,-1,4,1,1
final_never_arrives,fixed,14053,0,0,1,0,0,none,0,0,0,0,0,0,0,0,0,-1,-1,0,0,0
final_never_arrives,ideal_atomic,14053,1,0,0,0,0,none,0,0,0,0,0,0,0,0,0,0,-1,0,1,1
final_never_arrives,command_once,14053,0,1,0,0,0,none,3,1,0,2,0,3,80,160,0,-1,-1,0,1,1
final_never_arrives,confirmed_once,14053,0,1,0,1,0,COMMIT,11,1,0,10,0,6,74,148,0,-1,-1,4,1,1
final_never_arrives,confirmed_retry,14053,0,1,0,1,0,COMMIT,33,15,0,18,4,24,74,148,0,-1,-1,4,1,1
final_never_arrives,fixed,14054,0,0,1,0,0,none,0,0,0,0,0,0,0,0,0,-1,-1,0,0,0
final_never_arrives,ideal_atomic,14054,1,0,0,0,0,none,0,0,0,0,0,0,0,0,0,0,-1,0,1,1
final_never_arrives,command_once,14054,0,1,0,0,0,none,3,1,0,2,0,3,80,160,0,-1,-1,0,1,1
final_never_arrives,confirmed_once,14054,0,1,0,1,0,COMMIT,11,1,0,10,0,6,74,148,0,-1,-1,4,1,1
final_never_arrives,confirmed_retry,14054,0,1,0,1,0,COMMIT,33,15,0,18,4,24,74,148,0,-1,-1,4,1,1
final_never_arrives,fixed,14055,0,0,1,0,0,none,0,0,0,0,0,0,0,0,0,-1,-1,0,0,0
final_never_arrives,ideal_atomic,14055,1,0,0,0,0,none,0,0,0,0,0,0,0,0,0,0,-1,0,1,1
final_never_arrives,command_once,14055,0,1,0,0,0,none,3,1,0,2,0,3,80,160,0,-1,-1,0,1,1
final_never_arrives,confirmed_once,14055,0,1,0,1,0,COMMIT,11,1,0,10,0,6,73,146,0,-1,-1,4,1,1
final_never_arrives,confirmed_retry,14055,0,1,0,1,0,COMMIT,33,15,0,18,4,24,73,146,0,-1,-1,4,1,1
final_never_arrives,fixed,14056,0,0,1,0,0,none,0,0,0,0,0,0,0,0,0,-1,-1,0,0,0
final_never_arrives,ideal_atomic,14056,1,0,0,0,0,none,0,0,0,0,0,0,0,0,0,0,-1,0,1,1
final_never_arrives,command_once,14056,0,1,0,0,0,none,3,1,0,2,0,3,80,160,0,-1,-1,0,1,1
final_never_arrives,confirmed_once,14056,0,1,0,1,0,COMMIT,11,1,0,10,0,6,72,144,0,-1,-1,4,1,1
final_never_arrives,confirmed_retry,14056,0,1,0,1,0,COMMIT,33,15,0,18,4,24,73,146,0,-1,-1,4,1,1
final_never_arrives,fixed,14057,0,0,1,0,0,none,0,0,0,0,0,0,0,0,0,-1,-1,0,0,0
final_never_arrives,ideal_atomic,14057,1,0,0,0,0,none,0,0,0,0,0,0,0,0,0,0,-1,0,1,1
final_never_arrives,command_once,14057,0,1,0,0,0,none,3,1,0,2,0,3,80,160,0,-1,-1,0,1,1
final_never_arrives,confirmed_once,14057,0,1,0,1,0,COMMIT,11,1,0,10,0,6,74,148,0,-1,-1,4,1,1
final_never_arrives,confirmed_retry,14057,0,1,0,1,0,COMMIT,34,14,0,20,5,24,74,148,0,-1,-1,4,1,1
final_never_arrives,fixed,14058,0,0,1,0,0,none,0,0,0,0,0,0,0,0,0,-1,-1,0,0,0
final_never_arrives,ideal_atomic,14058,1,0,0,0,0,none,0,0,0,0,0,0,0,0,0,0,-1,0,1,1
final_never_arrives,command_once,14058,0,1,0,0,0,none,3,1,0,2,0,3,80,160,0,-1,-1,0,1,1
final_never_arrives,confirmed_once,14058,0,1,0,1,0,COMMIT,11,1,0,10,0,6,72,144,0,-1,-1,4,1,1
final_never_arrives,confirmed_retry,14058,0,1,0,1,0,COMMIT,33,15,0,18,3,24,72,144,0,-1,-1,4,1,1
final_never_arrives,fixed,14059,0,0,1,0,0,none,0,0,0,0,0,0,0,0,0,-1,-1,0,0,0
final_never_arrives,ideal_atomic,14059,1,0,0,0,0,none,0,0,0,0,0,0,0,0,0,0,-1,0,1,1
final_never_arrives,command_once,14059,0,1,0,0,0,none,3,1,0,2,0,3,80,160,0,-1,-1,0,1,1
final_never_arrives,confirmed_once,14059,0,1,0,1,0,COMMIT,11,1,0,10,0,6,73,146,0,-1,-1,4,1,1
final_never_arrives,confirmed_retry,14059,0,1,0,1,0,COMMIT,35,13,0,22,6,24,73,146,0,-1,-1,4,1,1
final_never_arrives,fixed,14060,0,0,1,0,0,none,0,0,0,0,0,0,0,0,0,-1,-1,0,0,0
final_never_arrives,ideal_atomic,14060,1,0,0,0,0,none,0,0,0,0,0,0,0,0,0,0,-1,0,1,1
final_never_arrives,command_once,14060,0,1,0,0,0,none,3,1,0,2,0,3,80,160,0,-1,-1,0,1,1
final_never_arrives,confirmed_once,14060,0,1,0,1,0,COMMIT,11,1,0,10,0,6,73,146,0,-1,-1,4,1,1
final_never_arrives,confirmed_retry,14060,0,1,0,1,0,COMMIT,35,13,0,22,6,24,73,146,0,-1,-1,4,1,1
final_never_arrives,fixed,14061,0,0,1,0,0,none,0,0,0,0,0,0,0,0,0,-1,-1,0,0,0
final_never_arrives,ideal_atomic,14061,1,0,0,0,0,none,0,0,0,0,0,0,0,0,0,0,-1,0,1,1
final_never_arrives,command_once,14061,0,1,0,0,0,none,3,1,0,2,0,3,80,160,0,-1,-1,0,1,1
final_never_arrives,confirmed_once,14061,0,1,0,1,0,COMMIT,11,1,0,10,0,6,74,148,0,-1,-1,4,1,1
final_never_arrives,confirmed_retry,14061,0,1,0,1,0,COMMIT,33,15,0,18,4,24,74,148,0,-1,-1,4,1,1
final_never_arrives,fixed,14062,0,0,1,0,0,none,0,0,0,0,0,0,0,0,0,-1,-1,0,0,0
final_never_arrives,ideal_atomic,14062,1,0,0,0,0,none,0,0,0,0,0,0,0,0,0,0,-1,0,1,1
final_never_arrives,command_once,14062,0,1,0,0,0,none,3,1,0,2,0,3,80,160,0,-1,-1,0,1,1
final_never_arrives,confirmed_once,14062,0,1,0,1,0,COMMIT,11,1,0,10,0,6,77,154,0,-1,-1,4,1,1
final_never_arrives,confirmed_retry,14062,0,1,0,1,0,COMMIT,31,17,0,14,3,24,77,154,0,-1,-1,4,1,1
final_never_arrives,fixed,14063,0,0,1,0,0,none,0,0,0,0,0,0,0,0,0,-1,-1,0,0,0
final_never_arrives,ideal_atomic,14063,1,0,0,0,0,none,0,0,0,0,0,0,0,0,0,0,-1,0,1,1
final_never_arrives,command_once,14063,0,1,0,0,0,none,3,1,0,2,0,3,80,160,0,-1,-1,0,1,1
final_never_arrives,confirmed_once,14063,0,1,0,1,0,COMMIT,11,1,0,10,0,6,73,146,0,-1,-1,4,1,1
final_never_arrives,confirmed_retry,14063,0,1,0,1,0,COMMIT,34,14,0,20,5,24,73,146,0,-1,-1,4,1,1
final_never_arrives,fixed,14064,0,0,1,0,0,none,0,0,0,0,0,0,0,0,0,-1,-1,0,0,0
final_never_arrives,ideal_atomic,14064,1,0,0,0,0,none,0,0,0,0,0,0,0,0,0,0,-1,0,1,1
final_never_arrives,command_once,14064,0,1,0,0,0,none,3,1,0,2,0,3,80,160,0,-1,-1,0,1,1
final_never_arrives,confirmed_once,14064,0,1,0,1,0,COMMIT,11,1,0,10,0,6,74,148,0,-1,-1,4,1,1
final_never_arrives,confirmed_retry,14064,0,1,0,1,0,COMMIT,32,16,0,16,3,24,74,148,0,-1,-1,4,1,1
final_never_arrives,fixed,14065,0,0,1,0,0,none,0,0,0,0,0,0,0,0,0,-1,-1,0,0,0
final_never_arrives,ideal_atomic,14065,1,0,0,0,0,none,0,0,0,0,0,0,0,0,0,0,-1,0,1,1
final_never_arrives,command_once,14065,0,1,0,0,0,none,3,1,0,2,0,3,80,160,0,-1,-1,0,1,1
final_never_arrives,confirmed_once,14065,0,1,0,1,0,COMMIT,11,1,0,10,0,6,73,146,0,-1,-1,4,1,1
final_never_arrives,confirmed_retry,14065,0,1,0,1,0,COMMIT,34,14,0,20,5,24,73,146,0,-1,-1,4,1,1
final_never_arrives,fixed,14066,0,0,1,0,0,none,0,0,0,0,0,0,0,0,0,-1,-1,0,0,0
final_never_arrives,ideal_atomic,14066,1,0,0,0,0,none,0,0,0,0,0,0,0,0,0,0,-1,0,1,1
final_never_arrives,command_once,14066,0,1,0,0,0,none,3,1,0,2,0,3,80,160,0,-1,-1,0,1,1
final_never_arrives,confirmed_once,14066,0,1,0,1,0,COMMIT,11,1,0,10,0,6,75,150,0,-1,-1,4,1,1
final_never_arrives,confirmed_retry,14066,0,1,0,1,0,COMMIT,32,16,0,16,3,24,75,150,0,-1,-1,4,1,1
final_never_arrives,fixed,14067,0,0,1,0,0,none,0,0,0,0,0,0,0,0,0,-1,-1,0,0,0
final_never_arrives,ideal_atomic,14067,1,0,0,0,0,none,0,0,0,0,0,0,0,0,0,0,-1,0,1,1
final_never_arrives,command_once,14067,0,1,0,0,0,none,3,1,0,2,0,3,80,160,0,-1,-1,0,1,1
final_never_arrives,confirmed_once,14067,0,1,0,1,0,COMMIT,11,1,0,10,0,6,76,152,0,-1,-1,4,1,1
final_never_arrives,confirmed_retry,14067,0,1,0,1,0,COMMIT,30,18,0,12,1,24,76,152,0,-1,-1,4,1,1
final_never_arrives,fixed,14068,0,0,1,0,0,none,0,0,0,0,0,0,0,0,0,-1,-1,0,0,0
final_never_arrives,ideal_atomic,14068,1,0,0,0,0,none,0,0,0,0,0,0,0,0,0,0,-1,0,1,1
final_never_arrives,command_once,14068,0,1,0,0,0,none,3,1,0,2,0,3,80,160,0,-1,-1,0,1,1
final_never_arrives,confirmed_once,14068,0,1,0,1,0,COMMIT,11,1,0,10,0,6,74,148,0,-1,-1,4,1,1
final_never_arrives,confirmed_retry,14068,0,1,0,1,0,COMMIT,32,16,0,16,3,24,74,148,0,-1,-1,4,1,1
final_never_arrives,fixed,14069,0,0,1,0,0,none,0,0,0,0,0,0,0,0,0,-1,-1,0,0,0
final_never_arrives,ideal_atomic,14069,1,0,0,0,0,none,0,0,0,0,0,0,0,0,0,0,-1,0,1,1
final_never_arrives,command_once,14069,0,1,0,0,0,none,3,1,0,2,0,3,80,160,0,-1,-1,0,1,1
final_never_arrives,confirmed_once,14069,0,1,0,1,0,COMMIT,11,1,0,10,0,6,73,146,0,-1,-1,4,1,1
final_never_arrives,confirmed_retry,14069,0,1,0,1,0,COMMIT,32,16,0,16,3,24,73,146,0,-1,-1,4,1,1
final_never_arrives,fixed,14070,0,0,1,0,0,none,0,0,0,0,0,0,0,0,0,-1,-1,0,0,0
final_never_arrives,ideal_atomic,14070,1,0,0,0,0,none,0,0,0,0,0,0,0,0,0,0,-1,0,1,1
final_never_arrives,command_once,14070,0,1,0,0,0,none,3,1,0,2,0,3,80,160,0,-1,-1,0,1,1
final_never_arrives,confirmed_once,14070,0,1,0,1,0,COMMIT,11,1,0,10,0,6,74,148,0,-1,-1,4,1,1
final_never_arrives,confirmed_retry,14070,0,1,0,1,0,COMMIT,33,15,0,18,4,24,74,148,0,-1,-1,4,1,1
final_never_arrives,fixed,14071,0,0,1,0,0,none,0,0,0,0,0,0,0,0,0,-1,-1,0,0,0
final_never_arrives,ideal_atomic,14071,1,0,0,0,0,none,0,0,0,0,0,0,0,0,0,0,-1,0,1,1
final_never_arrives,command_once,14071,0,1,0,0,0,none,3,1,0,2,0,3,80,160,0,-1,-1,0,1,1
final_never_arrives,confirmed_once,14071,0,1,0,1,0,COMMIT,11,1,0,10,0,6,73,146,0,-1,-1,4,1,1
final_never_arrives,confirmed_retry,14071,0,1,0,1,0,COMMIT,35,13,0,22,6,24,73,146,0,-1,-1,4,1,1
final_never_arrives,fixed,14072,0,0,1,0,0,none,0,0,0,0,0,0,0,0,0,-1,-1,0,0,0
final_never_arrives,ideal_atomic,14072,1,0,0,0,0,none,0,0,0,0,0,0,0,0,0,0,-1,0,1,1
final_never_arrives,command_once,14072,0,1,0,0,0,none,3,1,0,2,0,3,80,160,0,-1,-1,0,1,1
final_never_arrives,confirmed_once,14072,0,1,0,1,0,COMMIT,11,1,0,10,0,6,74,148,0,-1,-1,4,1,1
final_never_arrives,confirmed_retry,14072,0,1,0,1,0,COMMIT,32,16,0,16,3,24,74,148,0,-1,-1,4,1,1
final_never_arrives,fixed,14073,0,0,1,0,0,none,0,0,0,0,0,0,0,0,0,-1,-1,0,0,0
final_never_arrives,ideal_atomic,14073,1,0,0,0,0,none,0,0,0,0,0,0,0,0,0,0,-1,0,1,1
final_never_arrives,command_once,14073,0,1,0,0,0,none,3,1,0,2,0,3,80,160,0,-1,-1,0,1,1
final_never_arrives,confirmed_once,14073,0,1,0,1,0,COMMIT,11,1,0,10,0,6,75,150,0,-1,-1,4,1,1
final_never_arrives,confirmed_retry,14073,0,1,0,1,0,COMMIT,30,18,0,12,1,24,75,150,0,-1,-1,4,1,1
final_never_arrives,fixed,14074,0,0,1,0,0,none,0,0,0,0,0,0,0,0,0,-1,-1,0,0,0
final_never_arrives,ideal_atomic,14074,1,0,0,0,0,none,0,0,0,0,0,0,0,0,0,0,-1,0,1,1
final_never_arrives,command_once,14074,0,1,0,0,0,none,3,1,0,2,0,3,80,160,0,-1,-1,0,1,1
final_never_arrives,confirmed_once,14074,0,1,0,1,0,COMMIT,11,1,0,10,0,6,76,152,0,-1,-1,4,1,1
final_never_arrives,confirmed_retry,14074,0,1,0,1,0,COMMIT,30,18,0,12,1,24,76,152,0,-1,-1,4,1,1
final_never_arrives,fixed,14075,0,0,1,0,0,none,0,0,0,0,0,0,0,0,0,-1,-1,0,0,0
final_never_arrives,ideal_atomic,14075,1,0,0,0,0,none,0,0,0,0,0,0,0,0,0,0,-1,0,1,1
final_never_arrives,command_once,14075,0,1,0,0,0,none,3,1,0,2,0,3,80,160,0,-1,-1,0,1,1
final_never_arrives,confirmed_once,14075,0,1,0,1,0,COMMIT,11,1,0,10,0,6,73,146,0,-1,-1,4,1,1
final_never_arrives,confirmed_retry,14075,0,1,0,1,0,COMMIT,33,15,0,18,4,24,73,146,0,-1,-1,4,1,1
final_never_arrives,fixed,14076,0,0,1,0,0,none,0,0,0,0,0,0,0,0,0,-1,-1,0,0,0
final_never_arrives,ideal_atomic,14076,1,0,0,0,0,none,0,0,0,0,0,0,0,0,0,0,-1,0,1,1
final_never_arrives,command_once,14076,0,1,0,0,0,none,3,1,0,2,0,3,80,160,0,-1,-1,0,1,1
final_never_arrives,confirmed_once,14076,0,1,0,1,0,COMMIT,11,1,0,10,0,6,74,148,0,-1,-1,4,1,1
final_never_arrives,confirmed_retry,14076,0,1,0,1,0,COMMIT,34,14,0,20,5,24,74,148,0,-1,-1,4,1,1
final_never_arrives,fixed,14077,0,0,1,0,0,none,0,0,0,0,0,0,0,0,0,-1,-1,0,0,0
final_never_arrives,ideal_atomic,14077,1,0,0,0,0,none,0,0,0,0,0,0,0,0,0,0,-1,0,1,1
final_never_arrives,command_once,14077,0,1,0,0,0,none,3,1,0,2,0,3,80,160,0,-1,-1,0,1,1
final_never_arrives,confirmed_once,14077,0,1,0,1,0,COMMIT,11,1,0,10,0,6,73,146,0,-1,-1,4,1,1
final_never_arrives,confirmed_retry,14077,0,1,0,1,0,COMMIT,34,14,0,20,5,24,74,148,0,-1,-1,4,1,1
final_never_arrives,fixed,14078,0,0,1,0,0,none,0,0,0,0,0,0,0,0,0,-1,-1,0,0,0
final_never_arrives,ideal_atomic,14078,1,0,0,0,0,none,0,0,0,0,0,0,0,0,0,0,-1,0,1,1
final_never_arrives,command_once,14078,0,1,0,0,0,none,3,1,0,2,0,3,80,160,0,-1,-1,0,1,1
final_never_arrives,confirmed_once,14078,0,1,0,1,0,COMMIT,11,1,0,10,0,6,73,146,0,-1,-1,4,1,1
final_never_arrives,confirmed_retry,14078,0,1,0,1,0,COMMIT,32,16,0,16,3,24,73,146,0,-1,-1,4,1,1
final_never_arrives,fixed,14079,0,0,1,0,0,none,0,0,0,0,0,0,0,0,0,-1,-1,0,0,0
final_never_arrives,ideal_atomic,14079,1,0,0,0,0,none,0,0,0,0,0,0,0,0,0,0,-1,0,1,1
final_never_arrives,command_once,14079,0,1,0,0,0,none,3,1,0,2,0,3,80,160,0,-1,-1,0,1,1
final_never_arrives,confirmed_once,14079,0,1,0,1,0,COMMIT,11,1,0,10,0,6,73,146,0,-1,-1,4,1,1
final_never_arrives,confirmed_retry,14079,0,1,0,1,0,COMMIT,35,13,0,22,6,24,73,146,0,-1,-1,4,1,1
final_never_arrives,fixed,14080,0,0,1,0,0,none,0,0,0,0,0,0,0,0,0,-1,-1,0,0,0
final_never_arrives,ideal_atomic,14080,1,0,0,0,0,none,0,0,0,0,0,0,0,0,0,0,-1,0,1,1
final_never_arrives,command_once,14080,0,1,0,0,0,none,3,1,0,2,0,3,80,160,0,-1,-1,0,1,1
final_never_arrives,confirmed_once,14080,0,1,0,1,0,COMMIT,11,1,0,10,0,6,72,144,0,-1,-1,4,1,1
final_never_arrives,confirmed_retry,14080,0,1,0,1,0,COMMIT,32,16,0,16,2,24,72,144,0,-1,-1,4,1,1
final_never_arrives,fixed,14081,0,0,1,0,0,none,0,0,0,0,0,0,0,0,0,-1,-1,0,0,0
final_never_arrives,ideal_atomic,14081,1,0,0,0,0,none,0,0,0,0,0,0,0,0,0,0,-1,0,1,1
final_never_arrives,command_once,14081,0,1,0,0,0,none,3,1,0,2,0,3,80,160,0,-1,-1,0,1,1
final_never_arrives,confirmed_once,14081,0,1,0,1,0,COMMIT,11,1,0,10,0,6,74,148,0,-1,-1,4,1,1
final_never_arrives,confirmed_retry,14081,0,1,0,1,0,COMMIT,34,14,0,20,5,24,74,148,0,-1,-1,4,1,1
final_never_arrives,fixed,14082,0,0,1,0,0,none,0,0,0,0,0,0,0,0,0,-1,-1,0,0,0
final_never_arrives,ideal_atomic,14082,1,0,0,0,0,none,0,0,0,0,0,0,0,0,0,0,-1,0,1,1
final_never_arrives,command_once,14082,0,1,0,0,0,none,3,1,0,2,0,3,80,160,0,-1,-1,0,1,1
final_never_arrives,confirmed_once,14082,0,1,0,1,0,COMMIT,11,1,0,10,0,6,73,146,0,-1,-1,4,1,1
final_never_arrives,confirmed_retry,14082,0,1,0,1,0,COMMIT,34,14,0,20,5,24,74,148,0,-1,-1,4,1,1
final_never_arrives,fixed,14083,0,0,1,0,0,none,0,0,0,0,0,0,0,0,0,-1,-1,0,0,0
final_never_arrives,ideal_atomic,14083,1,0,0,0,0,none,0,0,0,0,0,0,0,0,0,0,-1,0,1,1
final_never_arrives,command_once,14083,0,1,0,0,0,none,3,1,0,2,0,3,80,160,0,-1,-1,0,1,1
final_never_arrives,confirmed_once,14083,0,1,0,1,0,COMMIT,11,1,0,10,0,6,73,146,0,-1,-1,4,1,1
final_never_arrives,confirmed_retry,14083,0,1,0,1,0,COMMIT,34,14,0,20,5,24,73,146,0,-1,-1,4,1,1
final_never_arrives,fixed,14084,0,0,1,0,0,none,0,0,0,0,0,0,0,0,0,-1,-1,0,0,0
final_never_arrives,ideal_atomic,14084,1,0,0,0,0,none,0,0,0,0,0,0,0,0,0,0,-1,0,1,1
final_never_arrives,command_once,14084,0,1,0,0,0,none,3,1,0,2,0,3,80,160,0,-1,-1,0,1,1
final_never_arrives,confirmed_once,14084,0,1,0,1,0,COMMIT,11,1,0,10,0,6,75,150,0,-1,-1,4,1,1
final_never_arrives,confirmed_retry,14084,0,1,0,1,0,COMMIT,32,16,0,16,3,24,75,150,0,-1,-1,4,1,1
final_never_arrives,fixed,14085,0,0,1,0,0,none,0,0,0,0,0,0,0,0,0,-1,-1,0,0,0
final_never_arrives,ideal_atomic,14085,1,0,0,0,0,none,0,0,0,0,0,0,0,0,0,0,-1,0,1,1
final_never_arrives,command_once,14085,0,1,0,0,0,none,3,1,0,2,0,3,80,160,0,-1,-1,0,1,1
final_never_arrives,confirmed_once,14085,0,1,0,1,0,COMMIT,11,1,0,10,0,6,74,148,0,-1,-1,4,1,1
final_never_arrives,confirmed_retry,14085,0,1,0,1,0,COMMIT,33,15,0,18,4,24,74,148,0,-1,-1,4,1,1
final_never_arrives,fixed,14086,0,0,1,0,0,none,0,0,0,0,0,0,0,0,0,-1,-1,0,0,0
final_never_arrives,ideal_atomic,14086,1,0,0,0,0,none,0,0,0,0,0,0,0,0,0,0,-1,0,1,1
final_never_arrives,command_once,14086,0,1,0,0,0,none,3,1,0,2,0,3,80,160,0,-1,-1,0,1,1
final_never_arrives,confirmed_once,14086,0,1,0,1,0,COMMIT,11,1,0,10,0,6,73,146,0,-1,-1,4,1,1
final_never_arrives,confirmed_retry,14086,0,1,0,1,0,COMMIT,34,14,0,20,5,24,73,146,0,-1,-1,4,1,1
final_never_arrives,fixed,14087,0,0,1,0,0,none,0,0,0,0,0,0,0,0,0,-1,-1,0,0,0
final_never_arrives,ideal_atomic,14087,1,0,0,0,0,none,0,0,0,0,0,0,0,0,0,0,-1,0,1,1
final_never_arrives,command_once,14087,0,1,0,0,0,none,3,1,0,2,0,3,80,160,0,-1,-1,0,1,1
final_never_arrives,confirmed_once,14087,0,1,0,1,0,COMMIT,11,1,0,10,0,6,74,148,0,-1,-1,4,1,1
final_never_arrives,confirmed_retry,14087,0,1,0,1,0,COMMIT,33,15,0,18,4,24,74,148,0,-1,-1,4,1,1
final_never_arrives,fixed,14088,0,0,1,0,0,none,0,0,0,0,0,0,0,0,0,-1,-1,0,0,0
final_never_arrives,ideal_atomic,14088,1,0,0,0,0,none,0,0,0,0,0,0,0,0,0,0,-1,0,1,1
final_never_arrives,command_once,14088,0,1,0,0,0,none,3,1,0,2,0,3,80,160,0,-1,-1,0,1,1
final_never_arrives,confirmed_once,14088,0,1,0,1,0,COMMIT,11,1,0,10,0,6,73,146,0,-1,-1,4,1,1
final_never_arrives,confirmed_retry,14088,0,1,0,1,0,COMMIT,34,14,0,20,5,24,73,146,0,-1,-1,4,1,1
final_never_arrives,fixed,14089,0,0,1,0,0,none,0,0,0,0,0,0,0,0,0,-1,-1,0,0,0
final_never_arrives,ideal_atomic,14089,1,0,0,0,0,none,0,0,0,0,0,0,0,0,0,0,-1,0,1,1
final_never_arrives,command_once,14089,0,1,0,0,0,none,3,1,0,2,0,3,80,160,0,-1,-1,0,1,1
final_never_arrives,confirmed_once,14089,0,1,0,1,0,COMMIT,11,1,0,10,0,6,72,144,0,-1,-1,4,1,1
final_never_arrives,confirmed_retry,14089,0,1,0,1,0,COMMIT,33,15,0,18,3,24,72,144,0,-1,-1,4,1,1
final_never_arrives,fixed,14090,0,0,1,0,0,none,0,0,0,0,0,0,0,0,0,-1,-1,0,0,0
final_never_arrives,ideal_atomic,14090,1,0,0,0,0,none,0,0,0,0,0,0,0,0,0,0,-1,0,1,1
final_never_arrives,command_once,14090,0,1,0,0,0,none,3,1,0,2,0,3,80,160,0,-1,-1,0,1,1
final_never_arrives,confirmed_once,14090,0,1,0,1,0,COMMIT,11,1,0,10,0,6,75,150,0,-1,-1,4,1,1
final_never_arrives,confirmed_retry,14090,0,1,0,1,0,COMMIT,32,16,0,16,3,24,75,150,0,-1,-1,4,1,1
final_never_arrives,fixed,14091,0,0,1,0,0,none,0,0,0,0,0,0,0,0,0,-1,-1,0,0,0
final_never_arrives,ideal_atomic,14091,1,0,0,0,0,none,0,0,0,0,0,0,0,0,0,0,-1,0,1,1
final_never_arrives,command_once,14091,0,1,0,0,0,none,3,1,0,2,0,3,80,160,0,-1,-1,0,1,1
final_never_arrives,confirmed_once,14091,0,1,0,1,0,COMMIT,11,1,0,10,0,6,76,152,0,-1,-1,4,1,1
final_never_arrives,confirmed_retry,14091,0,1,0,1,0,COMMIT,31,17,0,14,2,24,76,152,0,-1,-1,4,1,1
final_never_arrives,fixed,14092,0,0,1,0,0,none,0,0,0,0,0,0,0,0,0,-1,-1,0,0,0
final_never_arrives,ideal_atomic,14092,1,0,0,0,0,none,0,0,0,0,0,0,0,0,0,0,-1,0,1,1
final_never_arrives,command_once,14092,0,1,0,0,0,none,3,1,0,2,0,3,80,160,0,-1,-1,0,1,1
final_never_arrives,confirmed_once,14092,0,1,0,1,0,COMMIT,11,1,0,10,0,6,77,154,0,-1,-1,4,1,1
final_never_arrives,confirmed_retry,14092,0,1,0,1,0,COMMIT,32,16,0,16,4,24,77,154,0,-1,-1,4,1,1
final_never_arrives,fixed,14093,0,0,1,0,0,none,0,0,0,0,0,0,0,0,0,-1,-1,0,0,0
final_never_arrives,ideal_atomic,14093,1,0,0,0,0,none,0,0,0,0,0,0,0,0,0,0,-1,0,1,1
final_never_arrives,command_once,14093,0,1,0,0,0,none,3,1,0,2,0,3,80,160,0,-1,-1,0,1,1
final_never_arrives,confirmed_once,14093,0,1,0,1,0,COMMIT,11,1,0,10,0,6,73,146,0,-1,-1,4,1,1
final_never_arrives,confirmed_retry,14093,0,1,0,1,0,COMMIT,34,14,0,20,5,24,73,146,0,-1,-1,4,1,1
final_never_arrives,fixed,14094,0,0,1,0,0,none,0,0,0,0,0,0,0,0,0,-1,-1,0,0,0
final_never_arrives,ideal_atomic,14094,1,0,0,0,0,none,0,0,0,0,0,0,0,0,0,0,-1,0,1,1
final_never_arrives,command_once,14094,0,1,0,0,0,none,3,1,0,2,0,3,80,160,0,-1,-1,0,1,1
final_never_arrives,confirmed_once,14094,0,1,0,1,0,COMMIT,11,1,0,10,0,6,74,148,0,-1,-1,4,1,1
final_never_arrives,confirmed_retry,14094,0,1,0,1,0,COMMIT,34,14,0,20,5,24,74,148,0,-1,-1,4,1,1
final_never_arrives,fixed,14095,0,0,1,0,0,none,0,0,0,0,0,0,0,0,0,-1,-1,0,0,0
final_never_arrives,ideal_atomic,14095,1,0,0,0,0,none,0,0,0,0,0,0,0,0,0,0,-1,0,1,1
final_never_arrives,command_once,14095,0,1,0,0,0,none,3,1,0,2,0,3,80,160,0,-1,-1,0,1,1
final_never_arrives,confirmed_once,14095,0,1,0,1,0,COMMIT,11,1,0,10,0,6,73,146,0,-1,-1,4,1,1
final_never_arrives,confirmed_retry,14095,0,1,0,1,0,COMMIT,34,14,0,20,5,24,74,148,0,-1,-1,4,1,1
final_never_arrives,fixed,14096,0,0,1,0,0,none,0,0,0,0,0,0,0,0,0,-1,-1,0,0,0
final_never_arrives,ideal_atomic,14096,1,0,0,0,0,none,0,0,0,0,0,0,0,0,0,0,-1,0,1,1
final_never_arrives,command_once,14096,0,1,0,0,0,none,3,1,0,2,0,3,80,160,0,-1,-1,0,1,1
final_never_arrives,confirmed_once,14096,0,1,0,1,0,COMMIT,11,1,0,10,0,6,74,148,0,-1,-1,4,1,1
final_never_arrives,confirmed_retry,14096,0,1,0,1,0,COMMIT,32,16,0,16,3,24,74,148,0,-1,-1,4,1,1
final_never_arrives,fixed,14097,0,0,1,0,0,none,0,0,0,0,0,0,0,0,0,-1,-1,0,0,0
final_never_arrives,ideal_atomic,14097,1,0,0,0,0,none,0,0,0,0,0,0,0,0,0,0,-1,0,1,1
final_never_arrives,command_once,14097,0,1,0,0,0,none,3,1,0,2,0,3,80,160,0,-1,-1,0,1,1
final_never_arrives,confirmed_once,14097,0,1,0,1,0,COMMIT,11,1,0,10,0,6,75,150,0,-1,-1,4,1,1
final_never_arrives,confirmed_retry,14097,0,1,0,1,0,COMMIT,32,16,0,16,3,24,75,150,0,-1,-1,4,1,1
final_never_arrives,fixed,14098,0,0,1,0,0,none,0,0,0,0,0,0,0,0,0,-1,-1,0,0,0
final_never_arrives,ideal_atomic,14098,1,0,0,0,0,none,0,0,0,0,0,0,0,0,0,0,-1,0,1,1
final_never_arrives,command_once,14098,0,1,0,0,0,none,3,1,0,2,0,3,80,160,0,-1,-1,0,1,1
final_never_arrives,confirmed_once,14098,0,1,0,1,0,COMMIT,11,1,0,10,0,6,74,148,0,-1,-1,4,1,1
final_never_arrives,confirmed_retry,14098,0,1,0,1,0,COMMIT,34,14,0,20,5,24,74,148,0,-1,-1,4,1,1
final_never_arrives,fixed,14099,0,0,1,0,0,none,0,0,0,0,0,0,0,0,0,-1,-1,0,0,0
final_never_arrives,ideal_atomic,14099,1,0,0,0,0,none,0,0,0,0,0,0,0,0,0,0,-1,0,1,1
final_never_arrives,command_once,14099,0,1,0,0,0,none,3,1,0,2,0,3,80,160,0,-1,-1,0,1,1
final_never_arrives,confirmed_once,14099,0,1,0,1,0,COMMIT,11,1,0,10,0,6,75,150,0,-1,-1,4,1,1
final_never_arrives,confirmed_retry,14099,0,1,0,1,0,COMMIT,32,16,0,16,3,24,75,150,0,-1,-1,4,1,1
final_never_arrives,fixed,14100,0,0,1,0,0,none,0,0,0,0,0,0,0,0,0,-1,-1,0,0,0
final_never_arrives,ideal_atomic,14100,1,0,0,0,0,none,0,0,0,0,0,0,0,0,0,0,-1,0,1,1
final_never_arrives,command_once,14100,0,1,0,0,0,none,3,1,0,2,0,3,80,160,0,-1,-1,0,1,1
final_never_arrives,confirmed_once,14100,0,1,0,1,0,COMMIT,11,1,0,10,0,6,74,148,0,-1,-1,4,1,1
final_never_arrives,confirmed_retry,14100,0,1,0,1,0,COMMIT,34,14,0,20,5,24,74,148,0,-1,-1,4,1,1
final_never_arrives,fixed,14101,0,0,1,0,0,none,0,0,0,0,0,0,0,0,0,-1,-1,0,0,0
final_never_arrives,ideal_atomic,14101,1,0,0,0,0,none,0,0,0,0,0,0,0,0,0,0,-1,0,1,1
final_never_arrives,command_once,14101,0,1,0,0,0,none,3,1,0,2,0,3,80,160,0,-1,-1,0,1,1
final_never_arrives,confirmed_once,14101,0,1,0,1,0,COMMIT,11,1,0,10,0,6,72,144,0,-1,-1,4,1,1
final_never_arrives,confirmed_retry,14101,0,1,0,1,0,COMMIT,34,14,0,20,5,24,73,146,0,-1,-1,4,1,1
final_never_arrives,fixed,14102,0,0,1,0,0,none,0,0,0,0,0,0,0,0,0,-1,-1,0,0,0
final_never_arrives,ideal_atomic,14102,1,0,0,0,0,none,0,0,0,0,0,0,0,0,0,0,-1,0,1,1
final_never_arrives,command_once,14102,0,1,0,0,0,none,3,1,0,2,0,3,80,160,0,-1,-1,0,1,1
final_never_arrives,confirmed_once,14102,0,1,0,1,0,COMMIT,11,1,0,10,0,6,77,154,0,-1,-1,4,1,1
final_never_arrives,confirmed_retry,14102,0,1,0,1,0,COMMIT,31,17,0,14,3,24,77,154,0,-1,-1,4,1,1
final_never_arrives,fixed,14103,0,0,1,0,0,none,0,0,0,0,0,0,0,0,0,-1,-1,0,0,0
final_never_arrives,ideal_atomic,14103,1,0,0,0,0,none,0,0,0,0,0,0,0,0,0,0,-1,0,1,1
final_never_arrives,command_once,14103,0,1,0,0,0,none,3,1,0,2,0,3,80,160,0,-1,-1,0,1,1
final_never_arrives,confirmed_once,14103,0,1,0,1,0,COMMIT,11,1,0,10,0,6,72,144,0,-1,-1,4,1,1
final_never_arrives,confirmed_retry,14103,0,1,0,1,0,COMMIT,31,17,0,14,1,24,72,144,0,-1,-1,4,1,1
final_never_arrives,fixed,14104,0,0,1,0,0,none,0,0,0,0,0,0,0,0,0,-1,-1,0,0,0
final_never_arrives,ideal_atomic,14104,1,0,0,0,0,none,0,0,0,0,0,0,0,0,0,0,-1,0,1,1
final_never_arrives,command_once,14104,0,1,0,0,0,none,3,1,0,2,0,3,80,160,0,-1,-1,0,1,1
final_never_arrives,confirmed_once,14104,0,1,0,1,0,COMMIT,11,1,0,10,0,6,75,150,0,-1,-1,4,1,1
final_never_arrives,confirmed_retry,14104,0,1,0,1,0,COMMIT,33,15,0,18,4,24,75,150,0,-1,-1,4,1,1
final_never_arrives,fixed,14105,0,0,1,0,0,none,0,0,0,0,0,0,0,0,0,-1,-1,0,0,0
final_never_arrives,ideal_atomic,14105,1,0,0,0,0,none,0,0,0,0,0,0,0,0,0,0,-1,0,1,1
final_never_arrives,command_once,14105,0,1,0,0,0,none,3,1,0,2,0,3,80,160,0,-1,-1,0,1,1
final_never_arrives,confirmed_once,14105,0,1,0,1,0,COMMIT,11,1,0,10,0,6,74,148,0,-1,-1,4,1,1
final_never_arrives,confirmed_retry,14105,0,1,0,1,0,COMMIT,34,14,0,20,5,24,74,148,0,-1,-1,4,1,1
final_never_arrives,fixed,14106,0,0,1,0,0,none,0,0,0,0,0,0,0,0,0,-1,-1,0,0,0
final_never_arrives,ideal_atomic,14106,1,0,0,0,0,none,0,0,0,0,0,0,0,0,0,0,-1,0,1,1
final_never_arrives,command_once,14106,0,1,0,0,0,none,3,1,0,2,0,3,80,160,0,-1,-1,0,1,1
final_never_arrives,confirmed_once,14106,0,1,0,1,0,COMMIT,11,1,0,10,0,6,72,144,0,-1,-1,4,1,1
final_never_arrives,confirmed_retry,14106,0,1,0,1,0,COMMIT,32,16,0,16,2,24,72,144,0,-1,-1,4,1,1
final_never_arrives,fixed,14107,0,0,1,0,0,none,0,0,0,0,0,0,0,0,0,-1,-1,0,0,0
final_never_arrives,ideal_atomic,14107,1,0,0,0,0,none,0,0,0,0,0,0,0,0,0,0,-1,0,1,1
final_never_arrives,command_once,14107,0,1,0,0,0,none,3,1,0,2,0,3,80,160,0,-1,-1,0,1,1
final_never_arrives,confirmed_once,14107,0,1,0,1,0,COMMIT,11,1,0,10,0,6,74,148,0,-1,-1,4,1,1
final_never_arrives,confirmed_retry,14107,0,1,0,1,0,COMMIT,32,16,0,16,3,24,74,148,0,-1,-1,4,1,1
final_never_arrives,fixed,14108,0,0,1,0,0,none,0,0,0,0,0,0,0,0,0,-1,-1,0,0,0
final_never_arrives,ideal_atomic,14108,1,0,0,0,0,none,0,0,0,0,0,0,0,0,0,0,-1,0,1,1
final_never_arrives,command_once,14108,0,1,0,0,0,none,3,1,0,2,0,3,80,160,0,-1,-1,0,1,1
final_never_arrives,confirmed_once,14108,0,1,0,1,0,COMMIT,11,1,0,10,0,6,73,146,0,-1,-1,4,1,1
final_never_arrives,confirmed_retry,14108,0,1,0,1,0,COMMIT,34,14,0,20,5,24,73,146,0,-1,-1,4,1,1
final_never_arrives,fixed,14109,0,0,1,0,0,none,0,0,0,0,0,0,0,0,0,-1,-1,0,0,0
final_never_arrives,ideal_atomic,14109,1,0,0,0,0,none,0,0,0,0,0,0,0,0,0,0,-1,0,1,1
final_never_arrives,command_once,14109,0,1,0,0,0,none,3,1,0,2,0,3,80,160,0,-1,-1,0,1,1
final_never_arrives,confirmed_once,14109,0,1,0,1,0,COMMIT,11,1,0,10,0,6,73,146,0,-1,-1,4,1,1
final_never_arrives,confirmed_retry,14109,0,1,0,1,0,COMMIT,33,15,0,18,4,24,73,146,0,-1,-1,4,1,1
final_never_arrives,fixed,14110,0,0,1,0,0,none,0,0,0,0,0,0,0,0,0,-1,-1,0,0,0
final_never_arrives,ideal_atomic,14110,1,0,0,0,0,none,0,0,0,0,0,0,0,0,0,0,-1,0,1,1
final_never_arrives,command_once,14110,0,1,0,0,0,none,3,1,0,2,0,3,80,160,0,-1,-1,0,1,1
final_never_arrives,confirmed_once,14110,0,1,0,1,0,COMMIT,11,1,0,10,0,6,73,146,0,-1,-1,4,1,1
final_never_arrives,confirmed_retry,14110,0,1,0,1,0,COMMIT,33,15,0,18,4,24,73,146,0,-1,-1,4,1,1
final_never_arrives,fixed,14111,0,0,1,0,0,none,0,0,0,0,0,0,0,0,0,-1,-1,0,0,0
final_never_arrives,ideal_atomic,14111,1,0,0,0,0,none,0,0,0,0,0,0,0,0,0,0,-1,0,1,1
final_never_arrives,command_once,14111,0,1,0,0,0,none,3,1,0,2,0,3,80,160,0,-1,-1,0,1,1
final_never_arrives,confirmed_once,14111,0,1,0,1,0,COMMIT,11,1,0,10,0,6,75,150,0,-1,-1,4,1,1
final_never_arrives,confirmed_retry,14111,0,1,0,1,0,COMMIT,32,16,0,16,3,24,75,150,0,-1,-1,4,1,1
final_never_arrives,fixed,14112,0,0,1,0,0,none,0,0,0,0,0,0,0,0,0,-1,-1,0,0,0
final_never_arrives,ideal_atomic,14112,1,0,0,0,0,none,0,0,0,0,0,0,0,0,0,0,-1,0,1,1
final_never_arrives,command_once,14112,0,1,0,0,0,none,3,1,0,2,0,3,80,160,0,-1,-1,0,1,1
final_never_arrives,confirmed_once,14112,0,1,0,1,0,COMMIT,11,1,0,10,0,6,72,144,0,-1,-1,4,1,1
final_never_arrives,confirmed_retry,14112,0,1,0,1,0,COMMIT,32,16,0,16,2,24,72,144,0,-1,-1,4,1,1
final_never_arrives,fixed,14113,0,0,1,0,0,none,0,0,0,0,0,0,0,0,0,-1,-1,0,0,0
final_never_arrives,ideal_atomic,14113,1,0,0,0,0,none,0,0,0,0,0,0,0,0,0,0,-1,0,1,1
final_never_arrives,command_once,14113,0,1,0,0,0,none,3,1,0,2,0,3,80,160,0,-1,-1,0,1,1
final_never_arrives,confirmed_once,14113,0,1,0,1,0,COMMIT,11,1,0,10,0,6,75,150,0,-1,-1,4,1,1
final_never_arrives,confirmed_retry,14113,0,1,0,1,0,COMMIT,33,15,0,18,4,24,75,150,0,-1,-1,4,1,1
final_never_arrives,fixed,14114,0,0,1,0,0,none,0,0,0,0,0,0,0,0,0,-1,-1,0,0,0
final_never_arrives,ideal_atomic,14114,1,0,0,0,0,none,0,0,0,0,0,0,0,0,0,0,-1,0,1,1
final_never_arrives,command_once,14114,0,1,0,0,0,none,3,1,0,2,0,3,80,160,0,-1,-1,0,1,1
final_never_arrives,confirmed_once,14114,0,1,0,1,0,COMMIT,11,1,0,10,0,6,74,148,0,-1,-1,4,1,1
final_never_arrives,confirmed_retry,14114,0,1,0,1,0,COMMIT,33,15,0,18,4,24,74,148,0,-1,-1,4,1,1
final_never_arrives,fixed,14115,0,0,1,0,0,none,0,0,0,0,0,0,0,0,0,-1,-1,0,0,0
final_never_arrives,ideal_atomic,14115,1,0,0,0,0,none,0,0,0,0,0,0,0,0,0,0,-1,0,1,1
final_never_arrives,command_once,14115,0,1,0,0,0,none,3,1,0,2,0,3,80,160,0,-1,-1,0,1,1
final_never_arrives,confirmed_once,14115,0,1,0,1,0,COMMIT,11,1,0,10,0,6,74,148,0,-1,-1,4,1,1
final_never_arrives,confirmed_retry,14115,0,1,0,1,0,COMMIT,34,14,0,20,5,24,74,148,0,-1,-1,4,1,1
final_never_arrives,fixed,14116,0,0,1,0,0,none,0,0,0,0,0,0,0,0,0,-1,-1,0,0,0
final_never_arrives,ideal_atomic,14116,1,0,0,0,0,none,0,0,0,0,0,0,0,0,0,0,-1,0,1,1
final_never_arrives,command_once,14116,0,1,0,0,0,none,3,1,0,2,0,3,80,160,0,-1,-1,0,1,1
final_never_arrives,confirmed_once,14116,0,1,0,1,0,COMMIT,11,1,0,10,0,6,72,144,0,-1,-1,4,1,1
final_never_arrives,confirmed_retry,14116,0,1,0,1,0,COMMIT,32,16,0,16,2,24,72,144,0,-1,-1,4,1,1
final_never_arrives,fixed,14117,0,0,1,0,0,none,0,0,0,0,0,0,0,0,0,-1,-1,0,0,0
final_never_arrives,ideal_atomic,14117,1,0,0,0,0,none,0,0,0,0,0,0,0,0,0,0,-1,0,1,1
final_never_arrives,command_once,14117,0,1,0,0,0,none,3,1,0,2,0,3,80,160,0,-1,-1,0,1,1
final_never_arrives,confirmed_once,14117,0,1,0,1,0,COMMIT,11,1,0,10,0,6,73,146,0,-1,-1,4,1,1
final_never_arrives,confirmed_retry,14117,0,1,0,1,0,COMMIT,33,15,0,18,4,24,73,146,0,-1,-1,4,1,1
final_never_arrives,fixed,14118,0,0,1,0,0,none,0,0,0,0,0,0,0,0,0,-1,-1,0,0,0
final_never_arrives,ideal_atomic,14118,1,0,0,0,0,none,0,0,0,0,0,0,0,0,0,0,-1,0,1,1
final_never_arrives,command_once,14118,0,1,0,0,0,none,3,1,0,2,0,3,80,160,0,-1,-1,0,1,1
final_never_arrives,confirmed_once,14118,0,1,0,1,0,COMMIT,11,1,0,10,0,6,74,148,0,-1,-1,4,1,1
final_never_arrives,confirmed_retry,14118,0,1,0,1,0,COMMIT,34,14,0,20,5,24,74,148,0,-1,-1,4,1,1
final_never_arrives,fixed,14119,0,0,1,0,0,none,0,0,0,0,0,0,0,0,0,-1,-1,0,0,0
final_never_arrives,ideal_atomic,14119,1,0,0,0,0,none,0,0,0,0,0,0,0,0,0,0,-1,0,1,1
final_never_arrives,command_once,14119,0,1,0,0,0,none,3,1,0,2,0,3,80,160,0,-1,-1,0,1,1
final_never_arrives,confirmed_once,14119,0,1,0,1,0,COMMIT,11,1,0,10,0,6,73,146,0,-1,-1,4,1,1
final_never_arrives,confirmed_retry,14119,0,1,0,1,0,COMMIT,34,14,0,20,5,24,73,146,0,-1,-1,4,1,1
final_never_arrives,fixed,14120,0,0,1,0,0,none,0,0,0,0,0,0,0,0,0,-1,-1,0,0,0
final_never_arrives,ideal_atomic,14120,1,0,0,0,0,none,0,0,0,0,0,0,0,0,0,0,-1,0,1,1
final_never_arrives,command_once,14120,0,1,0,0,0,none,3,1,0,2,0,3,80,160,0,-1,-1,0,1,1
final_never_arrives,confirmed_once,14120,0,1,0,1,0,COMMIT,11,1,0,10,0,6,72,144,0,-1,-1,4,1,1
final_never_arrives,confirmed_retry,14120,0,1,0,1,0,COMMIT,34,14,0,20,4,24,72,144,0,-1,-1,4,1,1
final_never_arrives,fixed,14121,0,0,1,0,0,none,0,0,0,0,0,0,0,0,0,-1,-1,0,0,0
final_never_arrives,ideal_atomic,14121,1,0,0,0,0,none,0,0,0,0,0,0,0,0,0,0,-1,0,1,1
final_never_arrives,command_once,14121,0,1,0,0,0,none,3,1,0,2,0,3,80,160,0,-1,-1,0,1,1
final_never_arrives,confirmed_once,14121,0,1,0,1,0,COMMIT,11,1,0,10,0,6,76,152,0,-1,-1,4,1,1
final_never_arrives,confirmed_retry,14121,0,1,0,1,0,COMMIT,29,19,0,10,0,24,76,152,0,-1,-1,4,1,1
final_never_arrives,fixed,14122,0,0,1,0,0,none,0,0,0,0,0,0,0,0,0,-1,-1,0,0,0
final_never_arrives,ideal_atomic,14122,1,0,0,0,0,none,0,0,0,0,0,0,0,0,0,0,-1,0,1,1
final_never_arrives,command_once,14122,0,1,0,0,0,none,3,1,0,2,0,3,80,160,0,-1,-1,0,1,1
final_never_arrives,confirmed_once,14122,0,1,0,1,0,COMMIT,11,1,0,10,0,6,74,148,0,-1,-1,4,1,1
final_never_arrives,confirmed_retry,14122,0,1,0,1,0,COMMIT,34,14,0,20,5,24,74,148,0,-1,-1,4,1,1
final_never_arrives,fixed,14123,0,0,1,0,0,none,0,0,0,0,0,0,0,0,0,-1,-1,0,0,0
final_never_arrives,ideal_atomic,14123,1,0,0,0,0,none,0,0,0,0,0,0,0,0,0,0,-1,0,1,1
final_never_arrives,command_once,14123,0,1,0,0,0,none,3,1,0,2,0,3,80,160,0,-1,-1,0,1,1
final_never_arrives,confirmed_once,14123,0,1,0,1,0,COMMIT,11,1,0,10,0,6,73,146,0,-1,-1,4,1,1
final_never_arrives,confirmed_retry,14123,0,1,0,1,0,COMMIT,33,15,0,18,4,24,73,146,0,-1,-1,4,1,1
final_never_arrives,fixed,14124,0,0,1,0,0,none,0,0,0,0,0,0,0,0,0,-1,-1,0,0,0
final_never_arrives,ideal_atomic,14124,1,0,0,0,0,none,0,0,0,0,0,0,0,0,0,0,-1,0,1,1
final_never_arrives,command_once,14124,0,1,0,0,0,none,3,1,0,2,0,3,80,160,0,-1,-1,0,1,1
final_never_arrives,confirmed_once,14124,0,1,0,1,0,COMMIT,11,1,0,10,0,6,75,150,0,-1,-1,4,1,1
final_never_arrives,confirmed_retry,14124,0,1,0,1,0,COMMIT,32,16,0,16,3,24,75,150,0,-1,-1,4,1,1
final_never_arrives,fixed,14125,0,0,1,0,0,none,0,0,0,0,0,0,0,0,0,-1,-1,0,0,0
final_never_arrives,ideal_atomic,14125,1,0,0,0,0,none,0,0,0,0,0,0,0,0,0,0,-1,0,1,1
final_never_arrives,command_once,14125,0,1,0,0,0,none,3,1,0,2,0,3,80,160,0,-1,-1,0,1,1
final_never_arrives,confirmed_once,14125,0,1,0,1,0,COMMIT,11,1,0,10,0,6,75,150,0,-1,-1,4,1,1
final_never_arrives,confirmed_retry,14125,0,1,0,1,0,COMMIT,33,15,0,18,4,24,75,150,0,-1,-1,4,1,1
final_never_arrives,fixed,14126,0,0,1,0,0,none,0,0,0,0,0,0,0,0,0,-1,-1,0,0,0
final_never_arrives,ideal_atomic,14126,1,0,0,0,0,none,0,0,0,0,0,0,0,0,0,0,-1,0,1,1
final_never_arrives,command_once,14126,0,1,0,0,0,none,3,1,0,2,0,3,80,160,0,-1,-1,0,1,1
final_never_arrives,confirmed_once,14126,0,1,0,1,0,COMMIT,11,1,0,10,0,6,72,144,0,-1,-1,4,1,1
final_never_arrives,confirmed_retry,14126,0,1,0,1,0,COMMIT,32,16,0,16,2,24,72,144,0,-1,-1,4,1,1
final_never_arrives,fixed,14127,0,0,1,0,0,none,0,0,0,0,0,0,0,0,0,-1,-1,0,0,0
final_never_arrives,ideal_atomic,14127,1,0,0,0,0,none,0,0,0,0,0,0,0,0,0,0,-1,0,1,1
final_never_arrives,command_once,14127,0,1,0,0,0,none,3,1,0,2,0,3,80,160,0,-1,-1,0,1,1
final_never_arrives,confirmed_once,14127,0,1,0,1,0,COMMIT,11,1,0,10,0,6,75,150,0,-1,-1,4,1,1
final_never_arrives,confirmed_retry,14127,0,1,0,1,0,COMMIT,32,16,0,16,3,24,75,150,0,-1,-1,4,1,1
final_never_arrives,fixed,14128,0,0,1,0,0,none,0,0,0,0,0,0,0,0,0,-1,-1,0,0,0
final_never_arrives,ideal_atomic,14128,1,0,0,0,0,none,0,0,0,0,0,0,0,0,0,0,-1,0,1,1
final_never_arrives,command_once,14128,0,1,0,0,0,none,3,1,0,2,0,3,80,160,0,-1,-1,0,1,1
final_never_arrives,confirmed_once,14128,0,1,0,1,0,COMMIT,11,1,0,10,0,6,76,152,0,-1,-1,4,1,1
final_never_arrives,confirmed_retry,14128,0,1,0,1,0,COMMIT,30,18,0,12,1,24,76,152,0,-1,-1,4,1,1
final_never_arrives,fixed,14129,0,0,1,0,0,none,0,0,0,0,0,0,0,0,0,-1,-1,0,0,0
final_never_arrives,ideal_atomic,14129,1,0,0,0,0,none,0,0,0,0,0,0,0,0,0,0,-1,0,1,1
final_never_arrives,command_once,14129,0,1,0,0,0,none,3,1,0,2,0,3,80,160,0,-1,-1,0,1,1
final_never_arrives,confirmed_once,14129,0,1,0,1,0,COMMIT,11,1,0,10,0,6,75,150,0,-1,-1,4,1,1
final_never_arrives,confirmed_retry,14129,0,1,0,1,0,COMMIT,32,16,0,16,3,24,75,150,0,-1,-1,4,1,1
final_never_arrives,fixed,14130,0,0,1,0,0,none,0,0,0,0,0,0,0,0,0,-1,-1,0,0,0
final_never_arrives,ideal_atomic,14130,1,0,0,0,0,none,0,0,0,0,0,0,0,0,0,0,-1,0,1,1
final_never_arrives,command_once,14130,0,1,0,0,0,none,3,1,0,2,0,3,80,160,0,-1,-1,0,1,1
final_never_arrives,confirmed_once,14130,0,1,0,1,0,COMMIT,11,1,0,10,0,6,72,144,0,-1,-1,4,1,1
final_never_arrives,confirmed_retry,14130,0,1,0,1,0,COMMIT,31,17,0,14,1,24,72,144,0,-1,-1,4,1,1
final_never_arrives,fixed,14131,0,0,1,0,0,none,0,0,0,0,0,0,0,0,0,-1,-1,0,0,0
final_never_arrives,ideal_atomic,14131,1,0,0,0,0,none,0,0,0,0,0,0,0,0,0,0,-1,0,1,1
final_never_arrives,command_once,14131,0,1,0,0,0,none,3,1,0,2,0,3,80,160,0,-1,-1,0,1,1
final_never_arrives,confirmed_once,14131,0,1,0,1,0,COMMIT,11,1,0,10,0,6,76,152,0,-1,-1,4,1,1
final_never_arrives,confirmed_retry,14131,0,1,0,1,0,COMMIT,30,18,0,12,1,24,76,152,0,-1,-1,4,1,1
final_never_arrives,fixed,14132,0,0,1,0,0,none,0,0,0,0,0,0,0,0,0,-1,-1,0,0,0
final_never_arrives,ideal_atomic,14132,1,0,0,0,0,none,0,0,0,0,0,0,0,0,0,0,-1,0,1,1
final_never_arrives,command_once,14132,0,1,0,0,0,none,3,1,0,2,0,3,80,160,0,-1,-1,0,1,1
final_never_arrives,confirmed_once,14132,0,1,0,1,0,COMMIT,11,1,0,10,0,6,73,146,0,-1,-1,4,1,1
final_never_arrives,confirmed_retry,14132,0,1,0,1,0,COMMIT,35,13,0,22,6,24,73,146,0,-1,-1,4,1,1
final_never_arrives,fixed,14133,0,0,1,0,0,none,0,0,0,0,0,0,0,0,0,-1,-1,0,0,0
final_never_arrives,ideal_atomic,14133,1,0,0,0,0,none,0,0,0,0,0,0,0,0,0,0,-1,0,1,1
final_never_arrives,command_once,14133,0,1,0,0,0,none,3,1,0,2,0,3,80,160,0,-1,-1,0,1,1
final_never_arrives,confirmed_once,14133,0,1,0,1,0,COMMIT,11,1,0,10,0,6,74,148,0,-1,-1,4,1,1
final_never_arrives,confirmed_retry,14133,0,1,0,1,0,COMMIT,32,16,0,16,3,24,74,148,0,-1,-1,4,1,1
final_never_arrives,fixed,14134,0,0,1,0,0,none,0,0,0,0,0,0,0,0,0,-1,-1,0,0,0
final_never_arrives,ideal_atomic,14134,1,0,0,0,0,none,0,0,0,0,0,0,0,0,0,0,-1,0,1,1
final_never_arrives,command_once,14134,0,1,0,0,0,none,3,1,0,2,0,3,80,160,0,-1,-1,0,1,1
final_never_arrives,confirmed_once,14134,0,1,0,1,0,COMMIT,11,1,0,10,0,6,72,144,0,-1,-1,4,1,1
final_never_arrives,confirmed_retry,14134,0,1,0,1,0,COMMIT,33,15,0,18,3,24,72,144,0,-1,-1,4,1,1
final_never_arrives,fixed,14135,0,0,1,0,0,none,0,0,0,0,0,0,0,0,0,-1,-1,0,0,0
final_never_arrives,ideal_atomic,14135,1,0,0,0,0,none,0,0,0,0,0,0,0,0,0,0,-1,0,1,1
final_never_arrives,command_once,14135,0,1,0,0,0,none,3,1,0,2,0,3,80,160,0,-1,-1,0,1,1
final_never_arrives,confirmed_once,14135,0,1,0,1,0,COMMIT,11,1,0,10,0,6,75,150,0,-1,-1,4,1,1
final_never_arrives,confirmed_retry,14135,0,1,0,1,0,COMMIT,30,18,0,12,1,24,75,150,0,-1,-1,4,1,1
final_never_arrives,fixed,14136,0,0,1,0,0,none,0,0,0,0,0,0,0,0,0,-1,-1,0,0,0
final_never_arrives,ideal_atomic,14136,1,0,0,0,0,none,0,0,0,0,0,0,0,0,0,0,-1,0,1,1
final_never_arrives,command_once,14136,0,1,0,0,0,none,3,1,0,2,0,3,80,160,0,-1,-1,0,1,1
final_never_arrives,confirmed_once,14136,0,1,0,1,0,COMMIT,11,1,0,10,0,6,73,146,0,-1,-1,4,1,1
final_never_arrives,confirmed_retry,14136,0,1,0,1,0,COMMIT,33,15,0,18,4,24,73,146,0,-1,-1,4,1,1
final_never_arrives,fixed,14137,0,0,1,0,0,none,0,0,0,0,0,0,0,0,0,-1,-1,0,0,0
final_never_arrives,ideal_atomic,14137,1,0,0,0,0,none,0,0,0,0,0,0,0,0,0,0,-1,0,1,1
final_never_arrives,command_once,14137,0,1,0,0,0,none,3,1,0,2,0,3,80,160,0,-1,-1,0,1,1
final_never_arrives,confirmed_once,14137,0,1,0,1,0,COMMIT,11,1,0,10,0,6,75,150,0,-1,-1,4,1,1
final_never_arrives,confirmed_retry,14137,0,1,0,1,0,COMMIT,33,15,0,18,4,24,75,150,0,-1,-1,4,1,1
final_never_arrives,fixed,14138,0,0,1,0,0,none,0,0,0,0,0,0,0,0,0,-1,-1,0,0,0
final_never_arrives,ideal_atomic,14138,1,0,0,0,0,none,0,0,0,0,0,0,0,0,0,0,-1,0,1,1
final_never_arrives,command_once,14138,0,1,0,0,0,none,3,1,0,2,0,3,80,160,0,-1,-1,0,1,1
final_never_arrives,confirmed_once,14138,0,1,0,1,0,COMMIT,11,1,0,10,0,6,73,146,0,-1,-1,4,1,1
final_never_arrives,confirmed_retry,14138,0,1,0,1,0,COMMIT,34,14,0,20,5,24,74,148,0,-1,-1,4,1,1
final_never_arrives,fixed,14139,0,0,1,0,0,none,0,0,0,0,0,0,0,0,0,-1,-1,0,0,0
final_never_arrives,ideal_atomic,14139,1,0,0,0,0,none,0,0,0,0,0,0,0,0,0,0,-1,0,1,1
final_never_arrives,command_once,14139,0,1,0,0,0,none,3,1,0,2,0,3,80,160,0,-1,-1,0,1,1
final_never_arrives,confirmed_once,14139,0,1,0,1,0,COMMIT,11,1,0,10,0,6,74,148,0,-1,-1,4,1,1
final_never_arrives,confirmed_retry,14139,0,1,0,1,0,COMMIT,33,15,0,18,4,24,74,148,0,-1,-1,4,1,1
final_never_arrives,fixed,14140,0,0,1,0,0,none,0,0,0,0,0,0,0,0,0,-1,-1,0,0,0
final_never_arrives,ideal_atomic,14140,1,0,0,0,0,none,0,0,0,0,0,0,0,0,0,0,-1,0,1,1
final_never_arrives,command_once,14140,0,1,0,0,0,none,3,1,0,2,0,3,80,160,0,-1,-1,0,1,1
final_never_arrives,confirmed_once,14140,0,1,0,1,0,COMMIT,11,1,0,10,0,6,72,144,0,-1,-1,4,1,1
final_never_arrives,confirmed_retry,14140,0,1,0,1,0,COMMIT,32,16,0,16,2,24,72,144,0,-1,-1,4,1,1
final_never_arrives,fixed,14141,0,0,1,0,0,none,0,0,0,0,0,0,0,0,0,-1,-1,0,0,0
final_never_arrives,ideal_atomic,14141,1,0,0,0,0,none,0,0,0,0,0,0,0,0,0,0,-1,0,1,1
final_never_arrives,command_once,14141,0,1,0,0,0,none,3,1,0,2,0,3,80,160,0,-1,-1,0,1,1
final_never_arrives,confirmed_once,14141,0,1,0,1,0,COMMIT,11,1,0,10,0,6,75,150,0,-1,-1,4,1,1
final_never_arrives,confirmed_retry,14141,0,1,0,1,0,COMMIT,34,14,0,20,5,24,75,150,0,-1,-1,4,1,1
final_never_arrives,fixed,14142,0,0,1,0,0,none,0,0,0,0,0,0,0,0,0,-1,-1,0,0,0
final_never_arrives,ideal_atomic,14142,1,0,0,0,0,none,0,0,0,0,0,0,0,0,0,0,-1,0,1,1
final_never_arrives,command_once,14142,0,1,0,0,0,none,3,1,0,2,0,3,80,160,0,-1,-1,0,1,1
final_never_arrives,confirmed_once,14142,0,1,0,1,0,COMMIT,11,1,0,10,0,6,73,146,0,-1,-1,4,1,1
final_never_arrives,confirmed_retry,14142,0,1,0,1,0,COMMIT,34,14,0,20,5,24,73,146,0,-1,-1,4,1,1
final_never_arrives,fixed,14143,0,0,1,0,0,none,0,0,0,0,0,0,0,0,0,-1,-1,0,0,0
final_never_arrives,ideal_atomic,14143,1,0,0,0,0,none,0,0,0,0,0,0,0,0,0,0,-1,0,1,1
final_never_arrives,command_once,14143,0,1,0,0,0,none,3,1,0,2,0,3,80,160,0,-1,-1,0,1,1
final_never_arrives,confirmed_once,14143,0,1,0,1,0,COMMIT,11,1,0,10,0,6,74,148,0,-1,-1,4,1,1
final_never_arrives,confirmed_retry,14143,0,1,0,1,0,COMMIT,33,15,0,18,4,24,74,148,0,-1,-1,4,1,1
final_never_arrives,fixed,14144,0,0,1,0,0,none,0,0,0,0,0,0,0,0,0,-1,-1,0,0,0
final_never_arrives,ideal_atomic,14144,1,0,0,0,0,none,0,0,0,0,0,0,0,0,0,0,-1,0,1,1
final_never_arrives,command_once,14144,0,1,0,0,0,none,3,1,0,2,0,3,80,160,0,-1,-1,0,1,1
final_never_arrives,confirmed_once,14144,0,1,0,1,0,COMMIT,11,1,0,10,0,6,72,144,0,-1,-1,4,1,1
final_never_arrives,confirmed_retry,14144,0,1,0,1,0,COMMIT,35,13,0,22,6,24,73,146,0,-1,-1,4,1,1
final_never_arrives,fixed,14145,0,0,1,0,0,none,0,0,0,0,0,0,0,0,0,-1,-1,0,0,0
final_never_arrives,ideal_atomic,14145,1,0,0,0,0,none,0,0,0,0,0,0,0,0,0,0,-1,0,1,1
final_never_arrives,command_once,14145,0,1,0,0,0,none,3,1,0,2,0,3,80,160,0,-1,-1,0,1,1
final_never_arrives,confirmed_once,14145,0,1,0,1,0,COMMIT,11,1,0,10,0,6,73,146,0,-1,-1,4,1,1
final_never_arrives,confirmed_retry,14145,0,1,0,1,0,COMMIT,34,14,0,20,5,24,73,146,0,-1,-1,4,1,1
final_never_arrives,fixed,14146,0,0,1,0,0,none,0,0,0,0,0,0,0,0,0,-1,-1,0,0,0
final_never_arrives,ideal_atomic,14146,1,0,0,0,0,none,0,0,0,0,0,0,0,0,0,0,-1,0,1,1
final_never_arrives,command_once,14146,0,1,0,0,0,none,3,1,0,2,0,3,80,160,0,-1,-1,0,1,1
final_never_arrives,confirmed_once,14146,0,1,0,1,0,COMMIT,11,1,0,10,0,6,74,148,0,-1,-1,4,1,1
final_never_arrives,confirmed_retry,14146,0,1,0,1,0,COMMIT,33,15,0,18,4,24,74,148,0,-1,-1,4,1,1
final_never_arrives,fixed,14147,0,0,1,0,0,none,0,0,0,0,0,0,0,0,0,-1,-1,0,0,0
final_never_arrives,ideal_atomic,14147,1,0,0,0,0,none,0,0,0,0,0,0,0,0,0,0,-1,0,1,1
final_never_arrives,command_once,14147,0,1,0,0,0,none,3,1,0,2,0,3,80,160,0,-1,-1,0,1,1
final_never_arrives,confirmed_once,14147,0,1,0,1,0,COMMIT,11,1,0,10,0,6,74,148,0,-1,-1,4,1,1
final_never_arrives,confirmed_retry,14147,0,1,0,1,0,COMMIT,32,16,0,16,3,24,74,148,0,-1,-1,4,1,1
final_never_arrives,fixed,14148,0,0,1,0,0,none,0,0,0,0,0,0,0,0,0,-1,-1,0,0,0
final_never_arrives,ideal_atomic,14148,1,0,0,0,0,none,0,0,0,0,0,0,0,0,0,0,-1,0,1,1
final_never_arrives,command_once,14148,0,1,0,0,0,none,3,1,0,2,0,3,80,160,0,-1,-1,0,1,1
final_never_arrives,confirmed_once,14148,0,1,0,1,0,COMMIT,11,1,0,10,0,6,73,146,0,-1,-1,4,1,1
final_never_arrives,confirmed_retry,14148,0,1,0,1,0,COMMIT,33,15,0,18,4,24,73,146,0,-1,-1,4,1,1
final_never_arrives,fixed,14149,0,0,1,0,0,none,0,0,0,0,0,0,0,0,0,-1,-1,0,0,0
final_never_arrives,ideal_atomic,14149,1,0,0,0,0,none,0,0,0,0,0,0,0,0,0,0,-1,0,1,1
final_never_arrives,command_once,14149,0,1,0,0,0,none,3,1,0,2,0,3,80,160,0,-1,-1,0,1,1
final_never_arrives,confirmed_once,14149,0,1,0,1,0,COMMIT,11,1,0,10,0,6,73,146,0,-1,-1,4,1,1
final_never_arrives,confirmed_retry,14149,0,1,0,1,0,COMMIT,34,14,0,20,5,24,73,146,0,-1,-1,4,1,1
final_never_arrives,fixed,14150,0,0,1,0,0,none,0,0,0,0,0,0,0,0,0,-1,-1,0,0,0
final_never_arrives,ideal_atomic,14150,1,0,0,0,0,none,0,0,0,0,0,0,0,0,0,0,-1,0,1,1
final_never_arrives,command_once,14150,0,1,0,0,0,none,3,1,0,2,0,3,80,160,0,-1,-1,0,1,1
final_never_arrives,confirmed_once,14150,0,1,0,1,0,COMMIT,11,1,0,10,0,6,75,150,0,-1,-1,4,1,1
final_never_arrives,confirmed_retry,14150,0,1,0,1,0,COMMIT,32,16,0,16,3,24,75,150,0,-1,-1,4,1,1
final_never_arrives,fixed,14151,0,0,1,0,0,none,0,0,0,0,0,0,0,0,0,-1,-1,0,0,0
final_never_arrives,ideal_atomic,14151,1,0,0,0,0,none,0,0,0,0,0,0,0,0,0,0,-1,0,1,1
final_never_arrives,command_once,14151,0,1,0,0,0,none,3,1,0,2,0,3,80,160,0,-1,-1,0,1,1
final_never_arrives,confirmed_once,14151,0,1,0,1,0,COMMIT,11,1,0,10,0,6,73,146,0,-1,-1,4,1,1
final_never_arrives,confirmed_retry,14151,0,1,0,1,0,COMMIT,34,14,0,20,5,24,73,146,0,-1,-1,4,1,1
final_never_arrives,fixed,14152,0,0,1,0,0,none,0,0,0,0,0,0,0,0,0,-1,-1,0,0,0
final_never_arrives,ideal_atomic,14152,1,0,0,0,0,none,0,0,0,0,0,0,0,0,0,0,-1,0,1,1
final_never_arrives,command_once,14152,0,1,0,0,0,none,3,1,0,2,0,3,80,160,0,-1,-1,0,1,1
final_never_arrives,confirmed_once,14152,0,1,0,1,0,COMMIT,11,1,0,10,0,6,72,144,0,-1,-1,4,1,1
final_never_arrives,confirmed_retry,14152,0,1,0,1,0,COMMIT,31,17,0,14,1,24,72,144,0,-1,-1,4,1,1
final_never_arrives,fixed,14153,0,0,1,0,0,none,0,0,0,0,0,0,0,0,0,-1,-1,0,0,0
final_never_arrives,ideal_atomic,14153,1,0,0,0,0,none,0,0,0,0,0,0,0,0,0,0,-1,0,1,1
final_never_arrives,command_once,14153,0,1,0,0,0,none,3,1,0,2,0,3,80,160,0,-1,-1,0,1,1
final_never_arrives,confirmed_once,14153,0,1,0,1,0,COMMIT,11,1,0,10,0,6,73,146,0,-1,-1,4,1,1
final_never_arrives,confirmed_retry,14153,0,1,0,1,0,COMMIT,34,14,0,20,5,24,73,146,0,-1,-1,4,1,1
final_never_arrives,fixed,14154,0,0,1,0,0,none,0,0,0,0,0,0,0,0,0,-1,-1,0,0,0
final_never_arrives,ideal_atomic,14154,1,0,0,0,0,none,0,0,0,0,0,0,0,0,0,0,-1,0,1,1
final_never_arrives,command_once,14154,0,1,0,0,0,none,3,1,0,2,0,3,80,160,0,-1,-1,0,1,1
final_never_arrives,confirmed_once,14154,0,1,0,1,0,COMMIT,11,1,0,10,0,6,72,144,0,-1,-1,4,1,1
final_never_arrives,confirmed_retry,14154,0,1,0,1,0,COMMIT,34,14,0,20,5,24,74,148,0,-1,-1,4,1,1
final_never_arrives,fixed,14155,0,0,1,0,0,none,0,0,0,0,0,0,0,0,0,-1,-1,0,0,0
final_never_arrives,ideal_atomic,14155,1,0,0,0,0,none,0,0,0,0,0,0,0,0,0,0,-1,0,1,1
final_never_arrives,command_once,14155,0,1,0,0,0,none,3,1,0,2,0,3,80,160,0,-1,-1,0,1,1
final_never_arrives,confirmed_once,14155,0,1,0,1,0,COMMIT,11,1,0,10,0,6,73,146,0,-1,-1,4,1,1
final_never_arrives,confirmed_retry,14155,0,1,0,1,0,COMMIT,33,15,0,18,4,24,73,146,0,-1,-1,4,1,1
final_never_arrives,fixed,14156,0,0,1,0,0,none,0,0,0,0,0,0,0,0,0,-1,-1,0,0,0
final_never_arrives,ideal_atomic,14156,1,0,0,0,0,none,0,0,0,0,0,0,0,0,0,0,-1,0,1,1
final_never_arrives,command_once,14156,0,1,0,0,0,none,3,1,0,2,0,3,80,160,0,-1,-1,0,1,1
final_never_arrives,confirmed_once,14156,0,1,0,1,0,COMMIT,11,1,0,10,0,6,72,144,0,-1,-1,4,1,1
final_never_arrives,confirmed_retry,14156,0,1,0,1,0,COMMIT,31,17,0,14,1,24,72,144,0,-1,-1,4,1,1
final_never_arrives,fixed,14157,0,0,1,0,0,none,0,0,0,0,0,0,0,0,0,-1,-1,0,0,0
final_never_arrives,ideal_atomic,14157,1,0,0,0,0,none,0,0,0,0,0,0,0,0,0,0,-1,0,1,1
final_never_arrives,command_once,14157,0,1,0,0,0,none,3,1,0,2,0,3,80,160,0,-1,-1,0,1,1
final_never_arrives,confirmed_once,14157,0,1,0,1,0,COMMIT,11,1,0,10,0,6,75,150,0,-1,-1,4,1,1
final_never_arrives,confirmed_retry,14157,0,1,0,1,0,COMMIT,31,17,0,14,2,24,75,150,0,-1,-1,4,1,1
final_never_arrives,fixed,14158,0,0,1,0,0,none,0,0,0,0,0,0,0,0,0,-1,-1,0,0,0
final_never_arrives,ideal_atomic,14158,1,0,0,0,0,none,0,0,0,0,0,0,0,0,0,0,-1,0,1,1
final_never_arrives,command_once,14158,0,1,0,0,0,none,3,1,0,2,0,3,80,160,0,-1,-1,0,1,1
final_never_arrives,confirmed_once,14158,0,1,0,1,0,COMMIT,11,1,0,10,0,6,75,150,0,-1,-1,4,1,1
final_never_arrives,confirmed_retry,14158,0,1,0,1,0,COMMIT,32,16,0,16,3,24,75,150,0,-1,-1,4,1,1
final_never_arrives,fixed,14159,0,0,1,0,0,none,0,0,0,0,0,0,0,0,0,-1,-1,0,0,0
final_never_arrives,ideal_atomic,14159,1,0,0,0,0,none,0,0,0,0,0,0,0,0,0,0,-1,0,1,1
final_never_arrives,command_once,14159,0,1,0,0,0,none,3,1,0,2,0,3,80,160,0,-1,-1,0,1,1
final_never_arrives,confirmed_once,14159,0,1,0,1,0,COMMIT,11,1,0,10,0,6,72,144,0,-1,-1,4,1,1
final_never_arrives,confirmed_retry,14159,0,1,0,1,0,COMMIT,32,16,0,16,2,24,72,144,0,-1,-1,4,1,1
final_never_arrives,fixed,14160,0,0,1,0,0,none,0,0,0,0,0,0,0,0,0,-1,-1,0,0,0
final_never_arrives,ideal_atomic,14160,1,0,0,0,0,none,0,0,0,0,0,0,0,0,0,0,-1,0,1,1
final_never_arrives,command_once,14160,0,1,0,0,0,none,3,1,0,2,0,3,80,160,0,-1,-1,0,1,1
final_never_arrives,confirmed_once,14160,0,1,0,1,0,COMMIT,11,1,0,10,0,6,74,148,0,-1,-1,4,1,1
final_never_arrives,confirmed_retry,14160,0,1,0,1,0,COMMIT,34,14,0,20,5,24,74,148,0,-1,-1,4,1,1
final_never_arrives,fixed,14161,0,0,1,0,0,none,0,0,0,0,0,0,0,0,0,-1,-1,0,0,0
final_never_arrives,ideal_atomic,14161,1,0,0,0,0,none,0,0,0,0,0,0,0,0,0,0,-1,0,1,1
final_never_arrives,command_once,14161,0,1,0,0,0,none,3,1,0,2,0,3,80,160,0,-1,-1,0,1,1
final_never_arrives,confirmed_once,14161,0,1,0,1,0,COMMIT,11,1,0,10,0,6,74,148,0,-1,-1,4,1,1
final_never_arrives,confirmed_retry,14161,0,1,0,1,0,COMMIT,33,15,0,18,4,24,74,148,0,-1,-1,4,1,1
final_never_arrives,fixed,14162,0,0,1,0,0,none,0,0,0,0,0,0,0,0,0,-1,-1,0,0,0
final_never_arrives,ideal_atomic,14162,1,0,0,0,0,none,0,0,0,0,0,0,0,0,0,0,-1,0,1,1
final_never_arrives,command_once,14162,0,1,0,0,0,none,3,1,0,2,0,3,80,160,0,-1,-1,0,1,1
final_never_arrives,confirmed_once,14162,0,1,0,1,0,COMMIT,11,1,0,10,0,6,76,152,0,-1,-1,4,1,1
final_never_arrives,confirmed_retry,14162,0,1,0,1,0,COMMIT,31,17,0,14,2,24,76,152,0,-1,-1,4,1,1
final_never_arrives,fixed,14163,0,0,1,0,0,none,0,0,0,0,0,0,0,0,0,-1,-1,0,0,0
final_never_arrives,ideal_atomic,14163,1,0,0,0,0,none,0,0,0,0,0,0,0,0,0,0,-1,0,1,1
final_never_arrives,command_once,14163,0,1,0,0,0,none,3,1,0,2,0,3,80,160,0,-1,-1,0,1,1
final_never_arrives,confirmed_once,14163,0,1,0,1,0,COMMIT,11,1,0,10,0,6,73,146,0,-1,-1,4,1,1
final_never_arrives,confirmed_retry,14163,0,1,0,1,0,COMMIT,33,15,0,18,4,24,73,146,0,-1,-1,4,1,1
final_never_arrives,fixed,14164,0,0,1,0,0,none,0,0,0,0,0,0,0,0,0,-1,-1,0,0,0
final_never_arrives,ideal_atomic,14164,1,0,0,0,0,none,0,0,0,0,0,0,0,0,0,0,-1,0,1,1
final_never_arrives,command_once,14164,0,1,0,0,0,none,3,1,0,2,0,3,80,160,0,-1,-1,0,1,1
final_never_arrives,confirmed_once,14164,0,1,0,1,0,COMMIT,11,1,0,10,0,6,72,144,0,-1,-1,4,1,1
final_never_arrives,confirmed_retry,14164,0,1,0,1,0,COMMIT,34,14,0,20,5,24,73,146,0,-1,-1,4,1,1
final_never_arrives,fixed,14165,0,0,1,0,0,none,0,0,0,0,0,0,0,0,0,-1,-1,0,0,0
final_never_arrives,ideal_atomic,14165,1,0,0,0,0,none,0,0,0,0,0,0,0,0,0,0,-1,0,1,1
final_never_arrives,command_once,14165,0,1,0,0,0,none,3,1,0,2,0,3,80,160,0,-1,-1,0,1,1
final_never_arrives,confirmed_once,14165,0,1,0,1,0,COMMIT,11,1,0,10,0,6,74,148,0,-1,-1,4,1,1
final_never_arrives,confirmed_retry,14165,0,1,0,1,0,COMMIT,33,15,0,18,4,24,74,148,0,-1,-1,4,1,1
final_never_arrives,fixed,14166,0,0,1,0,0,none,0,0,0,0,0,0,0,0,0,-1,-1,0,0,0
final_never_arrives,ideal_atomic,14166,1,0,0,0,0,none,0,0,0,0,0,0,0,0,0,0,-1,0,1,1
final_never_arrives,command_once,14166,0,1,0,0,0,none,3,1,0,2,0,3,80,160,0,-1,-1,0,1,1
final_never_arrives,confirmed_once,14166,0,1,0,1,0,COMMIT,11,1,0,10,0,6,75,150,0,-1,-1,4,1,1
final_never_arrives,confirmed_retry,14166,0,1,0,1,0,COMMIT,31,17,0,14,2,24,75,150,0,-1,-1,4,1,1
final_never_arrives,fixed,14167,0,0,1,0,0,none,0,0,0,0,0,0,0,0,0,-1,-1,0,0,0
final_never_arrives,ideal_atomic,14167,1,0,0,0,0,none,0,0,0,0,0,0,0,0,0,0,-1,0,1,1
final_never_arrives,command_once,14167,0,1,0,0,0,none,3,1,0,2,0,3,80,160,0,-1,-1,0,1,1
final_never_arrives,confirmed_once,14167,0,1,0,1,0,COMMIT,11,1,0,10,0,6,73,146,0,-1,-1,4,1,1
final_never_arrives,confirmed_retry,14167,0,1,0,1,0,COMMIT,32,16,0,16,3,24,73,146,0,-1,-1,4,1,1
final_never_arrives,fixed,14168,0,0,1,0,0,none,0,0,0,0,0,0,0,0,0,-1,-1,0,0,0
final_never_arrives,ideal_atomic,14168,1,0,0,0,0,none,0,0,0,0,0,0,0,0,0,0,-1,0,1,1
final_never_arrives,command_once,14168,0,1,0,0,0,none,3,1,0,2,0,3,80,160,0,-1,-1,0,1,1
final_never_arrives,confirmed_once,14168,0,1,0,1,0,COMMIT,11,1,0,10,0,6,75,150,0,-1,-1,4,1,1
final_never_arrives,confirmed_retry,14168,0,1,0,1,0,COMMIT,33,15,0,18,4,24,75,150,0,-1,-1,4,1,1
final_never_arrives,fixed,14169,0,0,1,0,0,none,0,0,0,0,0,0,0,0,0,-1,-1,0,0,0
final_never_arrives,ideal_atomic,14169,1,0,0,0,0,none,0,0,0,0,0,0,0,0,0,0,-1,0,1,1
final_never_arrives,command_once,14169,0,1,0,0,0,none,3,1,0,2,0,3,80,160,0,-1,-1,0,1,1
final_never_arrives,confirmed_once,14169,0,1,0,1,0,COMMIT,11,1,0,10,0,6,74,148,0,-1,-1,4,1,1
final_never_arrives,confirmed_retry,14169,0,1,0,1,0,COMMIT,32,16,0,16,3,24,74,148,0,-1,-1,4,1,1
final_never_arrives,fixed,14170,0,0,1,0,0,none,0,0,0,0,0,0,0,0,0,-1,-1,0,0,0
final_never_arrives,ideal_atomic,14170,1,0,0,0,0,none,0,0,0,0,0,0,0,0,0,0,-1,0,1,1
final_never_arrives,command_once,14170,0,1,0,0,0,none,3,1,0,2,0,3,80,160,0,-1,-1,0,1,1
final_never_arrives,confirmed_once,14170,0,1,0,1,0,COMMIT,11,1,0,10,0,6,75,150,0,-1,-1,4,1,1
final_never_arrives,confirmed_retry,14170,0,1,0,1,0,COMMIT,32,16,0,16,3,24,75,150,0,-1,-1,4,1,1
final_never_arrives,fixed,14171,0,0,1,0,0,none,0,0,0,0,0,0,0,0,0,-1,-1,0,0,0
final_never_arrives,ideal_atomic,14171,1,0,0,0,0,none,0,0,0,0,0,0,0,0,0,0,-1,0,1,1
final_never_arrives,command_once,14171,0,1,0,0,0,none,3,1,0,2,0,3,80,160,0,-1,-1,0,1,1
final_never_arrives,confirmed_once,14171,0,1,0,1,0,COMMIT,11,1,0,10,0,6,74,148,0,-1,-1,4,1,1
final_never_arrives,confirmed_retry,14171,0,1,0,1,0,COMMIT,33,15,0,18,4,24,74,148,0,-1,-1,4,1,1
final_never_arrives,fixed,14172,0,0,1,0,0,none,0,0,0,0,0,0,0,0,0,-1,-1,0,0,0
final_never_arrives,ideal_atomic,14172,1,0,0,0,0,none,0,0,0,0,0,0,0,0,0,0,-1,0,1,1
final_never_arrives,command_once,14172,0,1,0,0,0,none,3,1,0,2,0,3,80,160,0,-1,-1,0,1,1
final_never_arrives,confirmed_once,14172,0,1,0,1,0,COMMIT,11,1,0,10,0,6,74,148,0,-1,-1,4,1,1
final_never_arrives,confirmed_retry,14172,0,1,0,1,0,COMMIT,34,14,0,20,5,24,74,148,0,-1,-1,4,1,1
final_never_arrives,fixed,14173,0,0,1,0,0,none,0,0,0,0,0,0,0,0,0,-1,-1,0,0,0
final_never_arrives,ideal_atomic,14173,1,0,0,0,0,none,0,0,0,0,0,0,0,0,0,0,-1,0,1,1
final_never_arrives,command_once,14173,0,1,0,0,0,none,3,1,0,2,0,3,80,160,0,-1,-1,0,1,1
final_never_arrives,confirmed_once,14173,0,1,0,1,0,COMMIT,11,1,0,10,0,6,74,148,0,-1,-1,4,1,1
final_never_arrives,confirmed_retry,14173,0,1,0,1,0,COMMIT,33,15,0,18,4,24,74,148,0,-1,-1,4,1,1
final_never_arrives,fixed,14174,0,0,1,0,0,none,0,0,0,0,0,0,0,0,0,-1,-1,0,0,0
final_never_arrives,ideal_atomic,14174,1,0,0,0,0,none,0,0,0,0,0,0,0,0,0,0,-1,0,1,1
final_never_arrives,command_once,14174,0,1,0,0,0,none,3,1,0,2,0,3,80,160,0,-1,-1,0,1,1
final_never_arrives,confirmed_once,14174,0,1,0,1,0,COMMIT,11,1,0,10,0,6,74,148,0,-1,-1,4,1,1
final_never_arrives,confirmed_retry,14174,0,1,0,1,0,COMMIT,33,15,0,18,4,24,74,148,0,-1,-1,4,1,1
final_never_arrives,fixed,14175,0,0,1,0,0,none,0,0,0,0,0,0,0,0,0,-1,-1,0,0,0
final_never_arrives,ideal_atomic,14175,1,0,0,0,0,none,0,0,0,0,0,0,0,0,0,0,-1,0,1,1
final_never_arrives,command_once,14175,0,1,0,0,0,none,3,1,0,2,0,3,80,160,0,-1,-1,0,1,1
final_never_arrives,confirmed_once,14175,0,1,0,1,0,COMMIT,11,1,0,10,0,6,74,148,0,-1,-1,4,1,1
final_never_arrives,confirmed_retry,14175,0,1,0,1,0,COMMIT,32,16,0,16,3,24,74,148,0,-1,-1,4,1,1
final_never_arrives,fixed,14176,0,0,1,0,0,none,0,0,0,0,0,0,0,0,0,-1,-1,0,0,0
final_never_arrives,ideal_atomic,14176,1,0,0,0,0,none,0,0,0,0,0,0,0,0,0,0,-1,0,1,1
final_never_arrives,command_once,14176,0,1,0,0,0,none,3,1,0,2,0,3,80,160,0,-1,-1,0,1,1
final_never_arrives,confirmed_once,14176,0,1,0,1,0,COMMIT,11,1,0,10,0,6,72,144,0,-1,-1,4,1,1
final_never_arrives,confirmed_retry,14176,0,1,0,1,0,COMMIT,30,18,0,12,0,24,72,144,0,-1,-1,4,1,1
final_never_arrives,fixed,14177,0,0,1,0,0,none,0,0,0,0,0,0,0,0,0,-1,-1,0,0,0
final_never_arrives,ideal_atomic,14177,1,0,0,0,0,none,0,0,0,0,0,0,0,0,0,0,-1,0,1,1
final_never_arrives,command_once,14177,0,1,0,0,0,none,3,1,0,2,0,3,80,160,0,-1,-1,0,1,1
final_never_arrives,confirmed_once,14177,0,1,0,1,0,COMMIT,11,1,0,10,0,6,73,146,0,-1,-1,4,1,1
final_never_arrives,confirmed_retry,14177,0,1,0,1,0,COMMIT,34,14,0,20,5,24,73,146,0,-1,-1,4,1,1
final_never_arrives,fixed,14178,0,0,1,0,0,none,0,0,0,0,0,0,0,0,0,-1,-1,0,0,0
final_never_arrives,ideal_atomic,14178,1,0,0,0,0,none,0,0,0,0,0,0,0,0,0,0,-1,0,1,1
final_never_arrives,command_once,14178,0,1,0,0,0,none,3,1,0,2,0,3,80,160,0,-1,-1,0,1,1
final_never_arrives,confirmed_once,14178,0,1,0,1,0,COMMIT,11,1,0,10,0,6,73,146,0,-1,-1,4,1,1
final_never_arrives,confirmed_retry,14178,0,1,0,1,0,COMMIT,34,14,0,20,5,24,73,146,0,-1,-1,4,1,1
final_never_arrives,fixed,14179,0,0,1,0,0,none,0,0,0,0,0,0,0,0,0,-1,-1,0,0,0
final_never_arrives,ideal_atomic,14179,1,0,0,0,0,none,0,0,0,0,0,0,0,0,0,0,-1,0,1,1
final_never_arrives,command_once,14179,0,1,0,0,0,none,3,1,0,2,0,3,80,160,0,-1,-1,0,1,1
final_never_arrives,confirmed_once,14179,0,1,0,1,0,COMMIT,11,1,0,10,0,6,75,150,0,-1,-1,4,1,1
final_never_arrives,confirmed_retry,14179,0,1,0,1,0,COMMIT,33,15,0,18,4,24,75,150,0,-1,-1,4,1,1
final_never_arrives,fixed,14180,0,0,1,0,0,none,0,0,0,0,0,0,0,0,0,-1,-1,0,0,0
final_never_arrives,ideal_atomic,14180,1,0,0,0,0,none,0,0,0,0,0,0,0,0,0,0,-1,0,1,1
final_never_arrives,command_once,14180,0,1,0,0,0,none,3,1,0,2,0,3,80,160,0,-1,-1,0,1,1
final_never_arrives,confirmed_once,14180,0,1,0,1,0,COMMIT,11,1,0,10,0,6,72,144,0,-1,-1,4,1,1
final_never_arrives,confirmed_retry,14180,0,1,0,1,0,COMMIT,31,17,0,14,1,24,72,144,0,-1,-1,4,1,1
final_never_arrives,fixed,14181,0,0,1,0,0,none,0,0,0,0,0,0,0,0,0,-1,-1,0,0,0
final_never_arrives,ideal_atomic,14181,1,0,0,0,0,none,0,0,0,0,0,0,0,0,0,0,-1,0,1,1
final_never_arrives,command_once,14181,0,1,0,0,0,none,3,1,0,2,0,3,80,160,0,-1,-1,0,1,1
final_never_arrives,confirmed_once,14181,0,1,0,1,0,COMMIT,11,1,0,10,0,6,74,148,0,-1,-1,4,1,1
final_never_arrives,confirmed_retry,14181,0,1,0,1,0,COMMIT,34,14,0,20,5,24,74,148,0,-1,-1,4,1,1
final_never_arrives,fixed,14182,0,0,1,0,0,none,0,0,0,0,0,0,0,0,0,-1,-1,0,0,0
final_never_arrives,ideal_atomic,14182,1,0,0,0,0,none,0,0,0,0,0,0,0,0,0,0,-1,0,1,1
final_never_arrives,command_once,14182,0,1,0,0,0,none,3,1,0,2,0,3,80,160,0,-1,-1,0,1,1
final_never_arrives,confirmed_once,14182,0,1,0,1,0,COMMIT,11,1,0,10,0,6,73,146,0,-1,-1,4,1,1
final_never_arrives,confirmed_retry,14182,0,1,0,1,0,COMMIT,34,14,0,20,5,24,73,146,0,-1,-1,4,1,1
final_never_arrives,fixed,14183,0,0,1,0,0,none,0,0,0,0,0,0,0,0,0,-1,-1,0,0,0
final_never_arrives,ideal_atomic,14183,1,0,0,0,0,none,0,0,0,0,0,0,0,0,0,0,-1,0,1,1
final_never_arrives,command_once,14183,0,1,0,0,0,none,3,1,0,2,0,3,80,160,0,-1,-1,0,1,1
final_never_arrives,confirmed_once,14183,0,1,0,1,0,COMMIT,11,1,0,10,0,6,72,144,0,-1,-1,4,1,1
final_never_arrives,confirmed_retry,14183,0,1,0,1,0,COMMIT,33,15,0,18,3,24,72,144,0,-1,-1,4,1,1
final_never_arrives,fixed,14184,0,0,1,0,0,none,0,0,0,0,0,0,0,0,0,-1,-1,0,0,0
final_never_arrives,ideal_atomic,14184,1,0,0,0,0,none,0,0,0,0,0,0,0,0,0,0,-1,0,1,1
final_never_arrives,command_once,14184,0,1,0,0,0,none,3,1,0,2,0,3,80,160,0,-1,-1,0,1,1
final_never_arrives,confirmed_once,14184,0,1,0,1,0,COMMIT,11,1,0,10,0,6,73,146,0,-1,-1,4,1,1
final_never_arrives,confirmed_retry,14184,0,1,0,1,0,COMMIT,34,14,0,20,5,24,73,146,0,-1,-1,4,1,1
final_never_arrives,fixed,14185,0,0,1,0,0,none,0,0,0,0,0,0,0,0,0,-1,-1,0,0,0
final_never_arrives,ideal_atomic,14185,1,0,0,0,0,none,0,0,0,0,0,0,0,0,0,0,-1,0,1,1
final_never_arrives,command_once,14185,0,1,0,0,0,none,3,1,0,2,0,3,80,160,0,-1,-1,0,1,1
final_never_arrives,confirmed_once,14185,0,1,0,1,0,COMMIT,11,1,0,10,0,6,72,144,0,-1,-1,4,1,1
final_never_arrives,confirmed_retry,14185,0,1,0,1,0,COMMIT,31,17,0,14,1,24,72,144,0,-1,-1,4,1,1
final_never_arrives,fixed,14186,0,0,1,0,0,none,0,0,0,0,0,0,0,0,0,-1,-1,0,0,0
final_never_arrives,ideal_atomic,14186,1,0,0,0,0,none,0,0,0,0,0,0,0,0,0,0,-1,0,1,1
final_never_arrives,command_once,14186,0,1,0,0,0,none,3,1,0,2,0,3,80,160,0,-1,-1,0,1,1
final_never_arrives,confirmed_once,14186,0,1,0,1,0,COMMIT,11,1,0,10,0,6,75,150,0,-1,-1,4,1,1
final_never_arrives,confirmed_retry,14186,0,1,0,1,0,COMMIT,32,16,0,16,3,24,75,150,0,-1,-1,4,1,1
final_never_arrives,fixed,14187,0,0,1,0,0,none,0,0,0,0,0,0,0,0,0,-1,-1,0,0,0
final_never_arrives,ideal_atomic,14187,1,0,0,0,0,none,0,0,0,0,0,0,0,0,0,0,-1,0,1,1
final_never_arrives,command_once,14187,0,1,0,0,0,none,3,1,0,2,0,3,80,160,0,-1,-1,0,1,1
final_never_arrives,confirmed_once,14187,0,1,0,1,0,COMMIT,11,1,0,10,0,6,74,148,0,-1,-1,4,1,1
final_never_arrives,confirmed_retry,14187,0,1,0,1,0,COMMIT,34,14,0,20,5,24,74,148,0,-1,-1,4,1,1
final_never_arrives,fixed,14188,0,0,1,0,0,none,0,0,0,0,0,0,0,0,0,-1,-1,0,0,0
final_never_arrives,ideal_atomic,14188,1,0,0,0,0,none,0,0,0,0,0,0,0,0,0,0,-1,0,1,1
final_never_arrives,command_once,14188,0,1,0,0,0,none,3,1,0,2,0,3,80,160,0,-1,-1,0,1,1
final_never_arrives,confirmed_once,14188,0,1,0,1,0,COMMIT,11,1,0,10,0,6,75,150,0,-1,-1,4,1,1
final_never_arrives,confirmed_retry,14188,0,1,0,1,0,COMMIT,33,15,0,18,4,24,75,150,0,-1,-1,4,1,1
final_never_arrives,fixed,14189,0,0,1,0,0,none,0,0,0,0,0,0,0,0,0,-1,-1,0,0,0
final_never_arrives,ideal_atomic,14189,1,0,0,0,0,none,0,0,0,0,0,0,0,0,0,0,-1,0,1,1
final_never_arrives,command_once,14189,0,1,0,0,0,none,3,1,0,2,0,3,80,160,0,-1,-1,0,1,1
final_never_arrives,confirmed_once,14189,0,1,0,1,0,COMMIT,11,1,0,10,0,6,73,146,0,-1,-1,4,1,1
final_never_arrives,confirmed_retry,14189,0,1,0,1,0,COMMIT,34,14,0,20,5,24,73,146,0,-1,-1,4,1,1
final_never_arrives,fixed,14190,0,0,1,0,0,none,0,0,0,0,0,0,0,0,0,-1,-1,0,0,0
final_never_arrives,ideal_atomic,14190,1,0,0,0,0,none,0,0,0,0,0,0,0,0,0,0,-1,0,1,1
final_never_arrives,command_once,14190,0,1,0,0,0,none,3,1,0,2,0,3,80,160,0,-1,-1,0,1,1
final_never_arrives,confirmed_once,14190,0,1,0,1,0,COMMIT,11,1,0,10,0,6,72,144,0,-1,-1,4,1,1
final_never_arrives,confirmed_retry,14190,0,1,0,1,0,COMMIT,33,15,0,18,3,24,72,144,0,-1,-1,4,1,1
final_never_arrives,fixed,14191,0,0,1,0,0,none,0,0,0,0,0,0,0,0,0,-1,-1,0,0,0
final_never_arrives,ideal_atomic,14191,1,0,0,0,0,none,0,0,0,0,0,0,0,0,0,0,-1,0,1,1
final_never_arrives,command_once,14191,0,1,0,0,0,none,3,1,0,2,0,3,80,160,0,-1,-1,0,1,1
final_never_arrives,confirmed_once,14191,0,1,0,1,0,COMMIT,11,1,0,10,0,6,75,150,0,-1,-1,4,1,1
final_never_arrives,confirmed_retry,14191,0,1,0,1,0,COMMIT,33,15,0,18,4,24,75,150,0,-1,-1,4,1,1
final_never_arrives,fixed,14192,0,0,1,0,0,none,0,0,0,0,0,0,0,0,0,-1,-1,0,0,0
final_never_arrives,ideal_atomic,14192,1,0,0,0,0,none,0,0,0,0,0,0,0,0,0,0,-1,0,1,1
final_never_arrives,command_once,14192,0,1,0,0,0,none,3,1,0,2,0,3,80,160,0,-1,-1,0,1,1
final_never_arrives,confirmed_once,14192,0,1,0,1,0,COMMIT,11,1,0,10,0,6,75,150,0,-1,-1,4,1,1
final_never_arrives,confirmed_retry,14192,0,1,0,1,0,COMMIT,32,16,0,16,3,24,75,150,0,-1,-1,4,1,1
final_never_arrives,fixed,14193,0,0,1,0,0,none,0,0,0,0,0,0,0,0,0,-1,-1,0,0,0
final_never_arrives,ideal_atomic,14193,1,0,0,0,0,none,0,0,0,0,0,0,0,0,0,0,-1,0,1,1
final_never_arrives,command_once,14193,0,1,0,0,0,none,3,1,0,2,0,3,80,160,0,-1,-1,0,1,1
final_never_arrives,confirmed_once,14193,0,1,0,1,0,COMMIT,11,1,0,10,0,6,73,146,0,-1,-1,4,1,1
final_never_arrives,confirmed_retry,14193,0,1,0,1,0,COMMIT,33,15,0,18,4,24,73,146,0,-1,-1,4,1,1
final_never_arrives,fixed,14194,0,0,1,0,0,none,0,0,0,0,0,0,0,0,0,-1,-1,0,0,0
final_never_arrives,ideal_atomic,14194,1,0,0,0,0,none,0,0,0,0,0,0,0,0,0,0,-1,0,1,1
final_never_arrives,command_once,14194,0,1,0,0,0,none,3,1,0,2,0,3,80,160,0,-1,-1,0,1,1
final_never_arrives,confirmed_once,14194,0,1,0,1,0,COMMIT,11,1,0,10,0,6,74,148,0,-1,-1,4,1,1
final_never_arrives,confirmed_retry,14194,0,1,0,1,0,COMMIT,33,15,0,18,4,24,74,148,0,-1,-1,4,1,1
final_never_arrives,fixed,14195,0,0,1,0,0,none,0,0,0,0,0,0,0,0,0,-1,-1,0,0,0
final_never_arrives,ideal_atomic,14195,1,0,0,0,0,none,0,0,0,0,0,0,0,0,0,0,-1,0,1,1
final_never_arrives,command_once,14195,0,1,0,0,0,none,3,1,0,2,0,3,80,160,0,-1,-1,0,1,1
final_never_arrives,confirmed_once,14195,0,1,0,1,0,COMMIT,11,1,0,10,0,6,74,148,0,-1,-1,4,1,1
final_never_arrives,confirmed_retry,14195,0,1,0,1,0,COMMIT,34,14,0,20,5,24,74,148,0,-1,-1,4,1,1
final_never_arrives,fixed,14196,0,0,1,0,0,none,0,0,0,0,0,0,0,0,0,-1,-1,0,0,0
final_never_arrives,ideal_atomic,14196,1,0,0,0,0,none,0,0,0,0,0,0,0,0,0,0,-1,0,1,1
final_never_arrives,command_once,14196,0,1,0,0,0,none,3,1,0,2,0,3,80,160,0,-1,-1,0,1,1
final_never_arrives,confirmed_once,14196,0,1,0,1,0,COMMIT,11,1,0,10,0,6,76,152,0,-1,-1,4,1,1
final_never_arrives,confirmed_retry,14196,0,1,0,1,0,COMMIT,31,17,0,14,2,24,76,152,0,-1,-1,4,1,1
final_never_arrives,fixed,14197,0,0,1,0,0,none,0,0,0,0,0,0,0,0,0,-1,-1,0,0,0
final_never_arrives,ideal_atomic,14197,1,0,0,0,0,none,0,0,0,0,0,0,0,0,0,0,-1,0,1,1
final_never_arrives,command_once,14197,0,1,0,0,0,none,3,1,0,2,0,3,80,160,0,-1,-1,0,1,1
final_never_arrives,confirmed_once,14197,0,1,0,1,0,COMMIT,11,1,0,10,0,6,75,150,0,-1,-1,4,1,1
final_never_arrives,confirmed_retry,14197,0,1,0,1,0,COMMIT,32,16,0,16,3,24,75,150,0,-1,-1,4,1,1
final_never_arrives,fixed,14198,0,0,1,0,0,none,0,0,0,0,0,0,0,0,0,-1,-1,0,0,0
final_never_arrives,ideal_atomic,14198,1,0,0,0,0,none,0,0,0,0,0,0,0,0,0,0,-1,0,1,1
final_never_arrives,command_once,14198,0,1,0,0,0,none,3,1,0,2,0,3,80,160,0,-1,-1,0,1,1
final_never_arrives,confirmed_once,14198,0,1,0,1,0,COMMIT,11,1,0,10,0,6,72,144,0,-1,-1,4,1,1
final_never_arrives,confirmed_retry,14198,0,1,0,1,0,COMMIT,33,15,0,18,3,24,72,144,0,-1,-1,4,1,1
final_never_arrives,fixed,14199,0,0,1,0,0,none,0,0,0,0,0,0,0,0,0,-1,-1,0,0,0
final_never_arrives,ideal_atomic,14199,1,0,0,0,0,none,0,0,0,0,0,0,0,0,0,0,-1,0,1,1
final_never_arrives,command_once,14199,0,1,0,0,0,none,3,1,0,2,0,3,80,160,0,-1,-1,0,1,1
final_never_arrives,confirmed_once,14199,0,1,0,1,0,COMMIT,11,1,0,10,0,6,73,146,0,-1,-1,4,1,1
final_never_arrives,confirmed_retry,14199,0,1,0,1,0,COMMIT,34,14,0,20,5,24,73,146,0,-1,-1,4,1,1
