model,success_mean,success_std,failure_mean,failure_std,avg_time_mean,avg_time_std
baseline,0.682500,0.029919,0.317500,0.029919,1.157224,0.007010
metaslayer_simple,0.905000,0.008498,0.095000,0.008498,1.164085,0.012277
metaslayer_real_I,0.998333,0.003333,0.001667,0.003333,1.191516,0.004324
metaslayer_soft,0.989167,0.008375,0.010833,0.008375,1.099206,0.000925
