n,scenario,policy,seed,dt,service,p10,messages,requests,swaps,resource_cost,active_need_end,request_rate_90_100,request_rate_110_140,source_reach_end,allowed_edges,active_edges,max_mass_error,max_budget_ratio,simulation_seconds,phase0_service,phase0_requests,phase0_messages,phase0_need_onsets,phase0_need_offsets,phase1_service,phase1_requests,phase1_messages,phase1_need_onsets,phase1_need_offsets,phase2_service,phase2_requests,phase2_messages,phase2_need_onsets,phase2_need_offsets,phase3_service,phase3_requests,phase3_messages,phase3_need_onsets,phase3_need_offsets
96,uniform,fixed,10000,0.2,0.9593203382412816,0.9804957463689227,0,0,0,0.0,6,0.0,0.0,1.0,576,192,4.263256414560601e-14,1.0000000000000004,0.10494489991106093,0.9737770975224704,0,0,6,0,0.9593486874147713,0,0,0,0,0.9591893563890935,0,0,0,0,0.9593716545806307,0,0,0,0
96,uniform,periodic,10000,0.2,1.0000000000000007,0.999999999999997,44504,1438,1249,29.975999999999914,0,0.12916666666666668,0.1259259259259259,1.0,576,192,8.526512829121202e-14,1.0000000000000002,0.25249599991366267,1.0000000000000004,358,11224,0,0,1.0,272,8400,0,0,1.0,272,8360,0,0,1.000000000000001,536,16520,0,0
96,uniform,local_signal,10000,0.2,0.9918955869052551,0.9987025709724764,1056,37,21,0.504,2,0.001388888888888889,0.002777777777777778,1.0,576,192,4.263256414560601e-14,1.0000000000000004,0.1255640999879688,0.9967028368063651,14,440,12,10,0.9917781437299895,7,192,3,3,0.9920928045953564,3,72,0,1,0.9918556996478377,13,352,4,3
96,uniform,shuffled_signal,10000,0.2,0.9664399676879948,0.9999999999999952,1048,37,20,0.48,3,0.001388888888888889,0.002777777777777778,1.0,576,192,4.263256414560601e-14,1.0000000000000004,0.10732479998841882,0.9775816638647393,14,416,6,1,0.9610463552583507,7,208,2,0,0.9629838476452054,3,72,0,0,0.9708648339242114,13,352,0,4
96,uniform,fixed,10001,0.2,0.9999999999999998,0.9999999999999969,0,0,0,0.0,0,0.0,0.0,1.0,576,192,4.263256414560601e-14,0.9821649880949175,0.09739949996583164,0.9999999999999998,0,0,0,0,0.9999999999999998,0,0,0,0,0.9999999999999998,0,0,0,0,0.9999999999999998,0,0,0,0
96,uniform,periodic,10001,0.2,0.9999999999999998,0.9999999999999969,43944,1438,1179,28.295999999999932,0,0.12777777777777777,0.12685185185185185,1.0,576,192,5.684341886080802e-14,1.0000000000000002,0.25745099992491305,0.9999999999999998,358,11120,0,0,0.9999999999999998,265,8088,0,0,0.9999999999999998,274,8280,0,0,0.9999999999999998,541,16456,0,0
96,uniform,local_signal,10001,0.2,0.9999999999999998,0.9999999999999969,0,0,0,0.0,0,0.0,0.0,1.0,576,192,4.263256414560601e-14,0.9821649880949175,0.11150469980202615,0.9999999999999998,0,0,0,0,0.9999999999999998,0,0,0,0,0.9999999999999998,0,0,0,0,0.9999999999999998,0,0,0,0
96,uniform,shuffled_signal,10001,0.2,0.9999999999999998,0.9999999999999969,0,0,0,0.0,0,0.0,0.0,1.0,576,192,4.263256414560601e-14,0.9821649880949175,0.11505460017360747,0.9999999999999998,0,0,0,0,0.9999999999999998,0,0,0,0,0.9999999999999998,0,0,0,0,0.9999999999999998,0,0,0,0
96,uniform,fixed,10002,0.2,0.9419989924166,0.9049659961642688,0,0,0,0.0,12,0.0,0.0,1.0,576,192,4.263256414560601e-14,1.0,0.09134979988448322,0.9627237894003637,0,0,13,0,0.9382187788456601,0,0,0,0,0.9420607558522426,0,0,0,1,0.9438582174842491,0,0,0,0
96,uniform,periodic,10002,0.2,0.9986253198352812,0.999999999999997,43952,1437,1183,28.391999999999914,0,0.12916666666666668,0.12638888888888888,1.0,576,192,2.842170943040401e-14,1.0000000000000004,0.24470459995791316,0.9933673801069985,357,11000,2,0,0.9945012793411248,271,8120,0,2,0.9999999999999997,273,8336,0,0,1.0000000000000002,536,16496,0,0
96,uniform,local_signal,10002,0.2,0.9549031944190659,0.9110447477820217,4792,198,5,0.12,11,0.016666666666666666,0.019444444444444445,1.0,576,192,4.263256414560601e-14,1.0,0.13707940001040697,0.9775346695503111,33,832,14,3,0.9537730418872274,39,936,0,0,0.9549083052063635,42,1008,0,0,0.955465715291336,84,2016,0,0
96,uniform,shuffled_signal,10002,0.2,0.9578180705113535,0.9248237574503138,5416,198,83,1.9920000000000007,11,0.016666666666666666,0.019444444444444445,1.0,576,192,2.842170943040401e-14,1.0000000000000002,0.11310560000129044,0.9658746059425488,33,1000,13,1,0.9533026247985893,39,1112,0,1,0.9584220551846722,42,1160,0,0,0.9597738010310763,84,2144,0,0
96,uniform,fixed,10003,0.2,0.8731429157784064,0.22764518299863007,0,0,0,0.0,14,0.0,0.0,1.0,576,192,4.263256414560601e-14,0.9707061741599637,0.08697329997085035,0.9043695170209125,0,0,13,0,0.8727303209083064,0,0,1,0,0.8730923027577419,0,0,0,0,0.8733745197237891,0,0,0,0
96,uniform,periodic,10003,0.2,0.9629613220513615,0.9518642707469124,42480,1437,999,23.976,9,0.12361111111111112,0.12546296296296297,1.0,576,192,2.842170943040401e-14,1.0000000000000002,0.22490449994802475,0.9453455925842106,357,10776,15,7,0.9518832298294637,272,8024,7,9,0.9589698324039225,271,7960,7,4,0.97049611298603,537,15720,8,8
96,uniform,local_signal,10003,0.2,0.8881621694077441,0.8378517509990427,7424,305,13,0.312,17,0.02361111111111111,0.02962962962962963,1.0,576,192,2.842170943040401e-14,1.0000000000000002,0.15120299998670816,0.9273886221839086,57,1472,23,7,0.8906882465802708,57,1368,0,0,0.8878381326065943,60,1440,0,0,0.8870611492220559,131,3144,1,0
96,uniform,shuffled_signal,10003,0.2,0.9077496907273944,0.6817840532809271,8328,305,126,3.0240000000000014,14,0.02361111111111111,0.02962962962962963,1.0,576,192,4.263256414560601e-14,1.0000000000000004,0.13543460005894303,0.9105905750243403,57,1688,14,3,0.9006003990460789,57,1600,2,2,0.909919181496899,60,1576,1,0,0.9102395911832999,131,3464,3,1
96,uniform,fixed,10004,0.2,0.9203066061432326,0.9999999999999954,0,0,0,0.0,7,0.0,0.0,1.0,576,192,4.263256414560601e-14,1.0000000000000002,0.08094639983028173,0.9364133652259712,0,0,7,0,0.9198537763463066,0,0,0,0,0.920393480802411,0,0,0,0,0.9204895837121063,0,0,0,0
96,uniform,periodic,10004,0.2,0.999211394487013,0.9999999999999954,44000,1438,1186,28.46399999999992,0,0.12361111111111112,0.12453703703703704,1.0,576,192,4.263256414560601e-14,1.0000000000000004,0.21178640006110072,0.9802132837367148,358,10800,6,1,0.9972414147317448,275,8472,1,6,1.0,269,8272,0,0,0.9998020816081534,536,16456,1,1
96,uniform,local_signal,10004,0.2,0.9573180218484167,0.95305925554028,3792,150,24,0.5760000000000001,7,0.013888888888888888,0.012037037037037037,1.0,576,192,4.263256414560601e-14,1.0000000000000002,0.13282589986920357,0.9535222867547256,39,1064,17,8,0.9618314366984181,34,880,9,12,0.9568007772663895,25,600,1,0,0.9553199367144295,52,1248,0,0
96,uniform,shuffled_signal,10004,0.2,0.937157685647203,0.9999999999999956,4216,150,77,1.8480000000000005,6,0.013888888888888888,0.012037037037037037,1.0,576,192,4.263256414560601e-14,1.0000000000000002,0.10486559988930821,0.9464655681027745,39,1176,8,2,0.9343774784004232,34,968,0,0,0.936761734894532,25,672,0,0,0.9387457646469286,52,1400,0,0
96,uniform,fixed,10005,0.2,0.9928126605961192,0.9999999999999966,0,0,0,0.0,2,0.0,0.0,1.0,576,192,4.263256414560601e-14,1.0000000000000004,0.09096499998122454,0.9991932389072082,0,0,2,0,0.994776433826172,0,0,0,0,0.9929459549061707,0,0,0,0,0.9917641268260671,0,0,0,0
96,uniform,periodic,10005,0.2,0.9999999999999998,0.9999999999999971,44216,1439,1210,29.039999999999928,0,0.12777777777777777,0.12453703703703704,1.0,576,192,8.526512829121202e-14,1.0000000000000002,0.19611110002733767,0.9999999999999996,359,11152,0,0,0.9999999999999997,270,8288,0,0,0.9999999999999997,269,8248,0,0,0.9999999999999998,541,16528,0,0
96,uniform,local_signal,10005,0.2,0.9999999999999998,0.9999999999999971,96,3,3,0.07200000000000001,0,0.0,0.0,1.0,576,192,4.263256414560601e-14,1.0000000000000002,0.09334919997490942,0.9997396865323646,3,96,3,3,0.9999999999999997,0,0,0,0,0.9999999999999997,0,0,0,0,0.9999999999999998,0,0,0,0
96,uniform,shuffled_signal,10005,0.2,0.9946295568918304,0.9999999999999966,96,3,3,0.07200000000000001,3,0.0,0.0,1.0,576,192,4.263256414560601e-14,1.0000000000000004,0.08697669999673963,0.9993330365327078,3,96,2,1,0.9969727783259662,0,0,0,0,0.995464499505478,0,0,2,0,0.9930404748679383,0,0,0,0
96,uniform,fixed,10006,0.2,0.9999999999999998,0.9999999999999968,0,0,0,0.0,0,0.0,0.0,1.0,576,192,8.526512829121202e-14,1.0000000000000004,0.086541400058195,0.9999999999999999,0,0,0,0,1.0,0,0,0,0,1.0,0,0,0,0,0.9999999999999997,0,0,0,0
96,uniform,periodic,10006,0.2,0.9999999999999998,0.9999999999999968,44096,1439,1195,28.67999999999993,0,0.125,0.12314814814814815,1.0,576,192,5.684341886080802e-14,1.0000000000000002,0.21021639998070896,0.9999999999999999,359,11112,0,0,1.0,272,8288,0,0,1.0,266,8176,0,0,0.9999999999999997,542,16520,0,0
96,uniform,local_signal,10006,0.2,0.9999999999999998,0.9999999999999968,0,0,0,0.0,0,0.0,0.0,1.0,576,192,8.526512829121202e-14,1.0000000000000004,0.10666449996642768,0.9999999999999999,0,0,0,0,1.0,0,0,0,0,1.0,0,0,0,0,0.9999999999999997,0,0,0,0
96,uniform,shuffled_signal,10006,0.2,0.9999999999999998,0.9999999999999968,0,0,0,0.0,0,0.0,0.0,1.0,576,192,8.526512829121202e-14,1.0000000000000004,0.07642910000868142,0.9999999999999999,0,0,0,0,1.0,0,0,0,0,1.0,0,0,0,0,0.9999999999999997,0,0,0,0
96,uniform,fixed,10007,0.2,0.9552989210255137,0.9999999999999954,0,0,0,0.0,6,0.0,0.0,1.0,576,192,4.263256414560601e-14,1.0000000000000002,0.08158740005455911,0.9729449472274457,0,0,6,1,0.9554489687099113,0,0,1,0,0.9552339143711437,0,0,0,0,0.9552564005105002,0,0,0,0
96,uniform,periodic,10007,0.2,0.9999999999999998,0.9999999999999971,44496,1439,1245,29.879999999999903,0,0.125,0.12314814814814815,1.0,576,192,5.684341886080802e-14,1.0000000000000002,0.1946790001820773,0.9999999999999998,359,11240,0,0,0.9999999999999994,268,8256,0,0,0.9999999999999994,266,8168,0,0,1.0000000000000002,546,16832,0,0
96,uniform,local_signal,10007,0.2,0.9817611011098473,0.9982383581153075,1920,74,18,0.43199999999999994,4,0.008333333333333333,0.007407407407407408,1.0,576,192,4.263256414560601e-14,1.0000000000000004,0.1001375000923872,0.9928835963624721,14,424,9,7,0.9848638794200759,16,440,6,6,0.9824501331433232,15,360,2,0,0.9798651959379949,29,696,0,0
96,uniform,shuffled_signal,10007,0.2,0.963725470447942,0.9999999999999964,2032,74,32,0.768,4,0.008333333333333333,0.007407407407407408,1.0,576,192,4.263256414560601e-14,1.0000000000000002,0.09671439998783171,0.9755862476114803,14,440,5,1,0.9641617941529281,16,488,0,0,0.9636809401888706,15,400,0,0,0.9635295737249845,29,704,0,0
96,uniform,fixed,10008,0.2,0.9211129016444104,0.9013224785060611,0,0,0,0.0,11,0.0,0.0,1.0,576,192,4.263256414560601e-14,1.0000000000000002,0.06369860004633665,0.9379657184560106,0,0,11,1,0.9214957858540318,0,0,1,0,0.921113411097692,0,0,0,0,0.9209212048129587,0,0,0,0
96,uniform,periodic,10008,0.2,0.9999999999999994,0.9999999999999966,43632,1436,1146,27.503999999999913,0,0.12361111111111112,0.12453703703703704,1.0,576,192,5.684341886080802e-14,1.0000000000000002,0.181286099832505,0.9922184920169935,356,10896,6,6,0.9999999999999998,268,7960,0,0,0.9999999999999998,269,8136,0,0,0.9999999999999991,543,16640,0,0
96,uniform,local_signal,10008,0.2,0.955362313352742,0.9999999999999951,2872,115,14,0.336,6,0.011111111111111112,0.011111111111111112,1.0,576,192,4.263256414560601e-14,1.0000000000000002,0.10099709988571703,0.9664867127190117,28,784,15,9,0.9585411408196528,20,480,2,2,0.9544060032844652,24,576,0,0,0.954251054653425,43,1032,0,0
96,uniform,shuffled_signal,10008,0.2,0.9429851646581558,0.9452975044231092,3232,115,59,1.4160000000000001,9,0.011111111111111112,0.011111111111111112,1.0,576,192,4.263256414560601e-14,1.0000000000000002,0.08026099996641278,0.9519175563437124,28,856,10,2,0.9465860046274889,20,592,0,0,0.9491602504492982,24,688,0,1,0.938097201777918,43,1096,2,0
96,uniform,fixed,10009,0.2,0.884959304165898,0.29190652802949896,0,0,0,0.0,14,0.0,0.0,1.0,576,192,4.263256414560601e-14,1.0000000000000002,0.0818473999388516,0.9040971713339452,0,0,14,0,0.8849264105462931,0,0,0,0,0.8849708011125944,0,0,0,0,0.8849700025023521,0,0,0,0
96,uniform,periodic,10009,0.2,0.9999999999999993,0.9999999999999969,44608,1439,1259,30.21599999999991,0,0.12777777777777777,0.12546296296296297,1.0,576,192,5.684341886080802e-14,1.0000000000000002,0.20589559990912676,0.9999999999999992,359,11272,0,0,0.9999999999999998,267,8296,0,0,0.9999999999999998,271,8336,0,0,0.9999999999999988,542,16704,0,0
96,uniform,local_signal,10009,0.2,0.9642732883423234,0.9937407872010585,2968,113,32,0.7680000000000001,4,0.008333333333333333,0.007407407407407408,1.0,576,192,4.263256414560601e-14,1.0000000000000002,0.09113990003243089,0.9574037986887668,43,1216,27,19,0.9609753265954123,25,664,5,8,0.9658940203300876,17,416,1,2,0.9651119032218967,28,672,0,0
96,uniform,shuffled_signal,10009,0.2,0.9929455530104424,0.9999999999999968,3432,113,90,2.1600000000000006,1,0.008333333333333333,0.007407407407407408,1.0,576,192,4.263256414560601e-14,1.0000000000000002,0.07997710001654923,0.9649039769160092,43,1352,9,6,0.9925699233658252,25,776,0,1,0.9936052850157138,17,504,0,1,0.9928035018301155,28,800,1,1
96,uniform,fixed,10010,0.2,0.8725932132445282,0.43594825851614805,0,0,0,0.0,15,0.0,0.0,1.0,576,192,4.263256414560601e-14,1.0000000000000004,0.07297089998610318,0.8968680264867758,0,0,16,1,0.8716349498125264,0,0,0,0,0.8728668483599505,0,0,0,0,0.872935527402818,0,0,0,0
96,uniform,periodic,10010,0.2,0.9846544482693509,0.965812260183371,42768,1437,1035,24.83999999999998,0,0.12222222222222222,0.12314814814814815,1.0,576,192,4.263256414560601e-14,1.0000000000000002,0.219678700203076,0.9416847784901661,357,10808,15,5,0.968604729562127,269,7936,5,9,0.99000797639432,266,7936,3,9,0.9900025435604782,545,16088,17,17
96,uniform,local_signal,10010,0.2,0.9018590492487465,0.8603243919263751,5832,237,18,0.4320000000000001,12,0.018055555555555554,0.02175925925925926,1.0,576,192,4.263256414560601e-14,1.0000000000000004,0.10010270006023347,0.9279278687807181,57,1512,21,9,0.9014317217941241,44,1056,0,0,0.9019370164422247,47,1128,0,0,0.9020337293793186,89,2136,0,0
96,uniform,shuffled_signal,10010,0.2,0.9176083269732006,0.6010952239249329,6520,237,104,2.496000000000001,11,0.018055555555555554,0.02175925925925926,1.0,576,192,5.684341886080802e-14,1.0000000000000002,0.09158089989796281,0.9268648764583716,57,1680,21,8,0.9023607175792245,44,1168,3,2,0.9138363359575933,47,1232,2,3,0.9271181271779921,89,2440,0,2
96,uniform,fixed,10011,0.2,0.9879097677901179,0.9999999999999956,0,0,0,0.0,2,0.0,0.0,1.0,576,192,4.263256414560601e-14,1.0000000000000002,0.06383669981732965,0.9899290765704127,0,0,3,0,0.9871333207378284,0,0,0,0,0.9878851676541051,0,0,0,1,0.9883102913842686,0,0,0,0
96,uniform,periodic,10011,0.2,0.9999999999999998,0.999999999999997,44728,1438,1277,30.647999999999904,0,0.12222222222222222,0.12638888888888888,1.0,576,192,8.526512829121202e-14,1.0000000000000004,0.199157299939543,0.9999999999999999,358,11232,0,0,0.9999999999999998,267,8384,0,0,0.9999999999999998,273,8432,0,0,0.9999999999999997,540,16680,0,0
96,uniform,local_signal,10011,0.2,0.9956424827669917,0.9999999999999956,840,33,6,0.144,2,0.002777777777777778,0.0032407407407407406,1.0,576,192,4.263256414560601e-14,1.0000000000000002,0.08960340009070933,0.9990279751284187,4,128,4,4,0.9979808724117167,6,152,3,1,0.9950633088298481,7,168,0,0,0.9947628749132014,16,392,1,1
96,uniform,shuffled_signal,10011,0.2,0.9987416803334789,0.9999999999999966,920,33,16,0.38399999999999995,0,0.002777777777777778,0.0032407407407407406,1.0,576,192,2.842170943040401e-14,1.0000000000000002,0.08934950013644993,0.990866356257263,4,120,3,0,0.9954004051523819,6,192,0,3,0.999566316181534,7,208,2,1,0.9999999999999997,16,400,0,1
96,persistent_damage,fixed,10000,0.2,0.728699744216844,0.06073927846262352,0,0,0,0.0,32,0.0,0.0,1.0,576,192,4.263256414560601e-14,1.0000000000000004,0.06862340006045997,0.9737770975224704,0,0,6,0,0.7946336950229648,0,0,21,0,0.7132480790183477,0,0,5,0,0.7034586014130318,0,0,0,0
96,persistent_damage,periodic,10000,0.2,0.9133067806790552,0.6199112242273223,41920,1438,926,22.224000000000018,14,0.12916666666666668,0.1259259259259259,1.0,576,192,4.263256414560601e-14,1.0000000000000002,0.15621829987503588,1.0000000000000004,358,11224,0,0,0.9487810262809758,272,8200,12,1,0.8874920923361269,272,7560,11,6,0.9084770020495591,536,14936,15,17
96,persistent_damage,local_signal,10000,0.2,0.8684576546514596,0.30948601569121437,6200,244,43,1.0320000000000003,14,0.027777777777777776,0.024074074074074074,1.0,576,192,2.842170943040401e-14,1.0000000000000004,0.11529400013387203,0.9967028368063651,14,440,12,10,0.8749788314114807,70,1896,30,14,0.8628546195397472,55,1344,1,5,0.8679985838273052,105,2520,0,0
96,persistent_damage,shuffled_signal,10000,0.2,0.807076685132964,0.275179862327331,6616,244,95,2.2800000000000007,21,0.027777777777777776,0.024074074074074074,1.0,576,192,4.263256414560601e-14,1.0000000000000004,0.09446380008012056,0.9775816638647393,14,416,6,1,0.8284137424229506,70,2016,22,3,0.7890412763908581,55,1440,0,2,0.8054258608590239,105,2744,0,1
96,persistent_damage,fixed,10001,0.2,0.7191546606862653,0.09439318394947475,0,0,0,0.0,34,0.0,0.0,1.0,576,192,2.842170943040401e-14,1.0000000000000004,0.05849870014935732,0.9999999999999998,0,0,0,0,0.7955488222973982,0,0,33,0,0.6969823667134397,0,0,0,0,0.6920437268671118,0,0,1,0
96,persistent_damage,periodic,10001,0.2,0.9959395491801677,0.9999999999999964,44664,1438,1269,30.45599999999991,3,0.12777777777777777,0.12685185185185185,1.0,576,192,5.684341886080802e-14,1.0000000000000002,0.17957620020024478,0.9999999999999998,358,11120,0,0,0.9999999999999998,265,8280,0,0,0.9999999999999998,274,8608,0,0,0.9918790983603358,541,16656,10,7
96,persistent_damage,local_signal,10001,0.2,0.9013579027689389,0.5885452104330176,6184,243,44,1.0560000000000005,15,0.025,0.025,1.0,576,192,2.842170943040401e-14,1.0000000000000004,0.10958980000577867,0.9999999999999998,0,0,0,0,0.9222898116161846,70,1984,39,23,0.8867287196456869,58,1416,1,1,0.8982065399069421,115,2784,0,1
96,persistent_damage,shuffled_signal,10001,0.2,0.9145266726204626,0.7929371622333239,6960,243,141,3.3840000000000017,14,0.025,0.025,1.0,576,192,2.842170943040401e-14,1.0000000000000004,0.09589589992538095,0.9999999999999998,0,0,0,0,0.9245263990633797,70,2144,20,6,0.9114788144539867,58,1712,3,3,0.9110507384822422,115,3104,3,3
96,persistent_damage,fixed,10002,0.2,0.7617399933982716,0.17620911731284694,0,0,0,0.0,36,0.0,0.0,1.0,576,192,4.263256414560601e-14,1.0000000000000002,0.06674690009094775,0.9627237894003637,0,0,13,0,0.8305855833186591,0,0,15,0,0.7507953091995107,0,0,8,0,0.7327895405374584,0,0,0,0
96,persistent_damage,periodic,10002,0.2,0.9528793865122523,0.9902604451786287,43232,1437,1093,26.231999999999964,4,0.12916666666666668,0.12638888888888888,1.0,576,192,4.263256414560601e-14,1.0000000000000002,0.17456009984016418,0.9933673801069985,357,11000,2,0,0.9486029625643615,271,8128,7,4,0.9445827305899512,273,8072,4,4,0.9591659264473481,536,16032,3,4
96,persistent_damage,local_signal,10002,0.2,0.8596382489517215,0.2460508667791301,9120,371,27,0.648,23,0.043055555555555555,0.04259259259259259,1.0,576,192,4.263256414560601e-14,1.0000000000000002,0.11119879991747439,0.9775346695503111,33,832,14,3,0.8810789406945612,70,1784,17,9,0.8520447000433484,92,2248,10,6,0.8527146775344882,176,4256,2,2
96,persistent_damage,shuffled_signal,10002,0.2,0.9024874894912087,0.5076213095189962,10712,371,226,5.424000000000003,14,0.043055555555555555,0.04259259259259259,1.0,576,192,2.842170943040401e-14,1.0000000000000002,0.0935168000869453,0.9658746059425488,33,1000,13,1,0.8881366721244929,70,2064,9,4,0.9070862312869511,92,2680,0,3,0.9073635272766954,176,4968,4,4
96,persistent_damage,fixed,10003,0.2,0.6638846280929791,0.001927001191923218,0,0,0,0.0,37,0.0,0.0,1.0,576,192,2.842170943040401e-14,1.0000000000000002,0.06595540000125766,0.9043695170209125,0,0,13,0,0.7141627087025836,0,0,23,0,0.6478523253117375,0,0,1,0,0.6467617391787975,0,0,0,0
96,persistent_damage,periodic,10003,0.2,0.8714496121630709,0.18772893175383576,41736,1437,906,21.744000000000014,15,0.12361111111111112,0.12546296296296297,1.0,576,192,4.263256414560601e-14,1.0000000000000002,0.15907950000837445,0.9453455925842106,357,10776,15,7,0.8654475012632505,272,7776,10,2,0.8755964639310144,271,7824,1,4,0.8723772417290097,537,15360,6,4
96,persistent_damage,local_signal,10003,0.2,0.7769551939971011,0.18216542098733404,11672,478,25,0.6,27,0.04583333333333333,0.047685185185185185,1.0,576,192,2.842170943040401e-14,1.0000000000000002,0.09768510004505515,0.9273886221839086,57,1472,23,7,0.7712279604159687,111,2760,22,8,0.7774627500879362,104,2496,0,3,0.7795650327422495,206,4944,0,0
96,persistent_damage,shuffled_signal,10003,0.2,0.759750845200249,0.09786601410257915,13160,478,211,5.064000000000003,24,0.04583333333333333,0.047685185185185185,1.0,576,192,2.842170943040401e-14,1.0000000000000004,0.09784800000488758,0.9105905750243403,57,1688,14,3,0.7836171266467403,111,3056,15,0,0.7436475701302115,104,2808,2,4,0.7558693420120223,206,5608,1,1
96,persistent_damage,fixed,10004,0.2,0.6537320457567775,0.011021527011442846,0,0,0,0.0,36,0.0,0.0,1.0,576,192,4.263256414560601e-14,1.0000000000000002,0.06313410005532205,0.9364133652259712,0,0,7,0,0.7228732471874615,0,0,29,0,0.6318428198865464,0,0,0,0,0.630106057976551,0,0,0,0
96,persistent_damage,periodic,10004,0.2,0.9178352338397504,0.7290890496017582,43184,1438,1084,26.015999999999956,9,0.12361111111111112,0.12453703703703704,1.0,576,192,5.684341886080802e-14,1.0000000000000002,0.18686209991574287,0.9802132837367148,358,10800,6,1,0.8988931764410429,275,8296,11,6,0.9190414383357413,269,8016,2,3,0.9267031602911084,536,16072,6,6
96,persistent_damage,local_signal,10004,0.2,0.7828695682274601,0.14360524641916114,10584,427,42,1.0080000000000002,26,0.05694444444444444,0.04583333333333333,1.0,576,192,4.263256414560601e-14,1.0000000000000004,0.11140980012714863,0.9535222867547256,39,1064,17,8,0.8105938860477652,97,2512,33,15,0.7736671039996371,102,2472,3,3,0.7736086414312191,189,4536,0,1
96,persistent_damage,shuffled_signal,10004,0.2,0.8172976705427719,0.0665170299099756,12288,427,255,6.120000000000004,21,0.05694444444444444,0.04583333333333333,1.0,576,192,4.263256414560601e-14,1.0000000000000004,0.0939603999722749,0.9464655681027745,39,1176,8,2,0.8407367184741277,97,2888,15,5,0.811387039484387,102,2936,6,1,0.8085334621062862,189,5288,11,11
96,persistent_damage,fixed,10005,0.2,0.7503998830134234,0.03821893305598007,0,0,0,0.0,32,0.0,0.0,1.0,576,192,2.842170943040401e-14,1.0000000000000002,0.078637600177899,0.9991932389072082,0,0,2,0,0.7954913986904596,0,0,26,0,0.7544200079059702,0,0,1,0,0.7258440627286322,0,0,3,0
96,persistent_damage,periodic,10005,0.2,0.9464687852220658,0.8103233772082379,42544,1439,1001,24.02400000000002,9,0.12777777777777777,0.12453703703703704,1.0,576,192,2.842170943040401e-14,1.0000000000000002,0.20396099984645844,0.9999999999999996,359,11152,0,0,0.9749749197374574,270,8192,12,6,0.9339943040774359,269,7672,9,4,0.9384529585366846,541,15528,12,14
96,persistent_damage,local_signal,10005,0.2,0.8536353934436318,0.3890410666932809,9552,385,39,0.9360000000000002,24,0.044444444444444446,0.04398148148148148,1.0,576,192,2.842170943040401e-14,1.0000000000000004,0.10452819988131523,0.9997396865323646,3,96,3,3,0.8748139221666504,88,2328,36,10,0.8436078115262099,96,2336,3,3,0.8480599200408333,198,4792,5,7
96,persistent_damage,shuffled_signal,10005,0.2,0.8070065757966499,0.2202537332319207,10968,385,216,5.184000000000003,22,0.044444444444444446,0.04398148148148148,1.0,576,192,2.842170943040401e-14,1.0000000000000002,0.08886329992674291,0.9993330365327078,3,96,2,1,0.8189986715171957,88,2544,24,2,0.808861362981905,96,2704,1,2,0.8000831343437496,198,5624,3,3
96,persistent_damage,fixed,10006,0.2,0.7985161701264203,0.297726326319975,0,0,0,0.0,35,0.0,0.0,1.0,576,192,2.842170943040401e-14,1.0000000000000002,0.06604170007631183,0.9999999999999999,0,0,0,0,0.9074866101518984,0,0,21,0,0.770423429643656,0,0,14,0,0.7580773203550635,0,0,0,0
96,persistent_damage,periodic,10006,0.2,0.9999999999999998,0.9999999999999968,44720,1439,1273,30.551999999999882,0,0.125,0.12314814814814815,1.0,576,192,5.684341886080802e-14,1.0000000000000002,0.19543459988199174,0.9999999999999999,359,11112,0,0,1.0,272,8416,0,0,1.0,266,8248,0,0,0.9999999999999997,542,16944,0,0
96,persistent_damage,local_signal,10006,0.2,0.898904193442851,0.5912712679737407,5808,232,30,0.7200000000000001,18,0.030555555555555555,0.03009259259259259,1.0,576,192,2.842170943040401e-14,1.0000000000000002,0.09601370012387633,0.9999999999999999,0,0,0,0,0.9521063578614621,32,872,18,8,0.8893362189130064,64,1664,16,8,0.8770870984984678,136,3272,1,1
96,persistent_damage,shuffled_signal,10006,0.2,0.9441596402321019,0.8528881863432212,6760,232,149,3.5760000000000023,7,0.030555555555555555,0.03009259259259259,1.0,576,192,2.842170943040401e-14,1.0000000000000002,0.08910540002398193,0.9999999999999999,0,0,0,0,0.9490800554027481,32,976,18,8,0.920834197890048,64,1864,3,4,0.9533621538178061,136,3920,3,5
96,persistent_damage,fixed,10007,0.2,0.6965345632676249,0.01482831014316893,0,0,0,0.0,36,0.0,0.0,1.0,576,192,4.263256414560601e-14,1.0000000000000002,0.07354509993456304,0.9729449472274457,0,0,6,1,0.7702323907148705,0,0,25,0,0.6828102719779382,0,0,6,0,0.6665477951888454,0,0,0,0
96,persistent_damage,periodic,10007,0.2,0.9277955439858834,0.8194580173400083,42992,1439,1057,25.367999999999995,7,0.125,0.12314814814814815,1.0,576,192,4.263256414560601e-14,1.0000000000000002,0.20478739985264838,0.9999999999999998,359,11240,0,0,0.913770513475363,268,7872,15,1,0.9275834792493582,266,7880,3,8,0.9349140916094061,546,16000,4,6
96,persistent_damage,local_signal,10007,0.2,0.8392059894400044,0.22529731052400806,6968,281,28,0.6719999999999999,17,0.043055555555555555,0.031018518518518518,1.0,576,192,4.263256414560601e-14,1.0000000000000002,0.1006446999963373,0.9928835963624721,14,424,9,7,0.8510860358901888,74,1880,23,6,0.8324729433362487,71,1736,4,6,0.8366324892667899,122,2928,0,0
96,persistent_damage,shuffled_signal,10007,0.2,0.8326279520290923,0.20603164547536307,7968,281,153,3.672000000000002,17,0.043055555555555555,0.031018518518518518,1.0,576,192,4.263256414560601e-14,1.0000000000000002,0.0930767001118511,0.9755862476114803,14,440,5,1,0.8139247399365198,74,2144,18,2,0.8141864481251632,71,2016,0,2,0.8512003100273431,122,3368,0,1
96,persistent_damage,fixed,10008,0.2,0.7010721727529372,0.03377596534761648,0,0,0,0.0,37,0.0,0.0,1.0,576,192,4.263256414560601e-14,1.0000000000000002,0.08157659997232258,0.9379657184560106,0,0,11,1,0.7690261679681055,0,0,18,0,0.6953400554454843,0,0,9,0,0.6699612337990798,0,0,0,0
96,persistent_damage,periodic,10008,0.2,0.9686356873584869,0.9639898958374805,42880,1436,1052,25.247999999999976,4,0.12361111111111112,0.12453703703703704,1.0,576,192,4.263256414560601e-14,1.0000000000000002,0.19378620013594627,0.9922184920169935,356,10896,6,6,0.9758375590642577,268,8000,11,8,0.9593373463911862,269,7904,19,12,0.9696839219892521,543,16080,15,21
96,persistent_damage,local_signal,10008,0.2,0.8179073844919507,0.21058912813463465,7752,306,51,1.2240000000000002,18,0.034722222222222224,0.03194444444444444,1.0,576,192,2.842170943040401e-14,1.0000000000000002,0.12529200012795627,0.9664867127190117,28,784,15,9,0.8429284322876693,64,1696,18,8,0.8123225569990595,79,2024,12,9,0.8081892743405371,135,3248,0,1
96,persistent_damage,shuffled_signal,10008,0.2,0.8143054031801419,0.23672610835134544,8792,306,181,4.344000000000002,21,0.034722222222222224,0.03194444444444444,1.0,576,192,4.263256414560601e-14,1.0000000000000002,0.09640779998153448,0.9519175563437124,28,856,10,2,0.8244562886913852,64,1872,13,0,0.8097804718421868,79,2256,3,1,0.811492426093498,135,3808,3,5
96,persistent_damage,fixed,10009,0.2,0.6959602025494956,0.0031038700362083552,0,0,0,0.0,31,0.0,0.0,1.0,576,192,2.842170943040401e-14,1.0000000000000002,0.06526139983907342,0.9040971713339452,0,0,14,0,0.7502326626992321,0,0,11,0,0.6859833781872272,0,0,6,0,0.6738123846557613,0,0,0,0
96,persistent_damage,periodic,10009,0.2,0.9622490118621674,0.9373636501906984,44416,1439,1235,29.639999999999908,3,0.12777777777777777,0.12546296296296297,1.0,576,192,4.263256414560601e-14,1.0000000000000002,0.18408189993351698,0.9999999999999992,359,11272,0,0,0.9551819542208436,267,8184,13,3,0.9631551203701513,271,8232,6,9,0.9653294864288373,542,16728,13,17
96,persistent_damage,local_signal,10009,0.2,0.8451933674557107,0.25476564502365656,9008,355,61,1.4640000000000004,20,0.04027777777777778,0.03611111111111111,1.0,576,192,4.263256414560601e-14,1.0000000000000002,0.1021859000902623,0.9574037986887668,43,1216,27,19,0.8582696602905251,83,2224,30,16,0.8320643860459074,83,2064,9,11,0.8452197117432051,146,3504,0,0
96,persistent_damage,shuffled_signal,10009,0.2,0.8523032730313854,0.20650179257474804,10016,355,187,4.488000000000002,21,0.04027777777777778,0.03611111111111111,1.0,576,192,4.263256414560601e-14,1.0000000000000002,0.10742750018835068,0.9649039769160092,43,1352,9,6,0.8765572490696297,83,2456,17,2,0.8710825846190723,83,2320,4,5,0.8307866292184195,146,3888,4,0
96,persistent_damage,fixed,10010,0.2,0.6222965390017648,0.0008689502031191161,0,0,0,0.0,40,0.0,0.0,1.0,576,192,4.263256414560601e-14,1.0000000000000004,0.06754760001786053,0.8968680264867758,0,0,16,1,0.6849958952105686,0,0,21,0,0.6086315637562811,0,0,2,0,0.5977793485201047,0,0,2,0
96,persistent_damage,periodic,10010,0.2,0.9018477355825449,0.6692436270984582,42576,1437,1011,24.264000000000003,13,0.12222222222222222,0.12314814814814815,1.0,576,192,2.842170943040401e-14,1.0000000000000002,0.17915560002438724,0.9416847784901661,357,10808,15,5,0.9049787172435062,269,7960,19,14,0.9059872009070644,266,7904,5,5,0.8982125120898045,545,15904,9,11
96,persistent_damage,local_signal,10010,0.2,0.7978932385672879,0.18669038202449378,10504,422,47,1.1280000000000003,23,0.041666666666666664,0.041666666666666664,1.0,576,192,4.263256414560601e-14,1.0000000000000004,0.11059629986993968,0.9279278687807181,57,1512,21,9,0.7905340057968149,102,2656,28,13,0.7967834693084441,94,2280,4,8,0.8021277395819465,169,4056,0,0
96,persistent_damage,shuffled_signal,10010,0.2,0.8295608190067266,0.20820367446220897,11720,422,199,4.7760000000000025,19,0.041666666666666664,0.041666666666666664,1.0,576,192,2.842170943040401e-14,1.0000000000000002,0.10253149992786348,0.9268648764583716,57,1680,21,8,0.7969167455575356,102,2872,10,3,0.8244212311116355,94,2584,3,6,0.8484526496788678,169,4584,5,3
96,persistent_damage,fixed,10011,0.2,0.6900949692413014,0.07986181137105311,0,0,0,0.0,38,0.0,0.0,1.0,576,192,2.842170943040401e-14,1.0000000000000002,0.07165369996801019,0.9899290765704127,0,0,3,0,0.7624158030100752,0,0,35,0,0.6672601767147276,0,0,0,0,0.6653519486202013,0,0,0,0
96,persistent_damage,periodic,10011,0.2,0.9164566510638719,0.700201861324536,42320,1438,976,23.424000000000017,16,0.12222222222222222,0.12638888888888888,1.0,576,192,4.263256414560601e-14,1.0000000000000004,0.165283199865371,0.9999999999999999,358,11232,0,0,0.949084046271348,267,8016,15,4,0.9044145003165917,273,7760,12,8,0.9061640288337738,540,15312,14,13
96,persistent_damage,local_signal,10011,0.2,0.7831326141774796,0.22443942842142195,9712,388,50,1.2000000000000002,26,0.05277777777777778,0.046296296296296294,1.0,576,192,4.263256414560601e-14,1.0000000000000004,0.13116990006528795,0.9990279751284187,4,128,4,4,0.8247494415124372,93,2464,38,13,0.7705002425625455,103,2544,5,4,0.7686403863174679,188,4576,0,0
96,persistent_damage,shuffled_signal,10011,0.2,0.811323762525814,0.2186708474106429,10560,388,156,3.744000000000002,23,0.05277777777777778,0.046296296296296294,1.0,576,192,2.842170943040401e-14,1.0000000000000002,0.09858620003797114,0.990866356257263,4,120,3,0,0.8500672621844313,93,2744,30,8,0.7940055198504867,103,2752,1,0,0.8006111340341686,188,4944,1,4
96,repeated_damage,fixed,10000,0.2,0.7726048846347809,0.3088478848261851,0,0,0,0.0,38,0.0,0.0,1.0,576,192,4.263256414560601e-14,1.0000000000000004,0.05998539994470775,0.9737770975224704,0,0,6,0,0.7946336950229648,0,0,21,0,0.9107571529574897,0,0,0,18,0.6925143452793345,0,0,29,0
96,repeated_damage,periodic,10000,0.2,0.9336462043849165,0.7737098153049595,42792,1438,1035,24.84000000000002,13,0.12916666666666668,0.1259259259259259,1.0,576,192,4.263256414560601e-14,1.0000000000000002,0.18973099999129772,1.0000000000000004,358,11224,0,0,0.9487810262809758,272,8200,12,1,0.9920021235520651,272,8232,0,11,0.8969008338533127,536,15136,25,12
96,repeated_damage,local_signal,10000,0.2,0.8834502629483129,0.5546342724257796,7944,312,57,1.3680000000000003,28,0.004166666666666667,0.04953703703703704,1.0,576,192,2.842170943040401e-14,1.0000000000000004,0.09557330003008246,0.9967028368063651,14,440,12,10,0.8749788314114807,70,1896,30,14,0.9798806164116488,26,656,0,17,0.8394708019850611,202,4952,34,7
96,repeated_damage,shuffled_signal,10000,0.2,0.871681479323991,0.5434525926491593,8576,312,136,3.2640000000000016,17,0.004166666666666667,0.04953703703703704,1.0,576,192,4.263256414560601e-14,1.0000000000000004,0.09926749998703599,0.9775816638647393,14,416,6,1,0.8284137424229506,70,2016,22,3,0.96508367546591,26,728,1,22,0.8466142497035514,202,5416,20,6
96,repeated_damage,fixed,10001,0.2,0.8304767521822545,0.4999612282024629,0,0,0,0.0,29,0.0,0.0,1.0,576,192,2.842170943040401e-14,1.0000000000000004,0.061112500028684735,0.9999999999999998,0,0,0,0,0.7955488222973982,0,0,33,0,0.9666183813902931,0,0,0,31,0.7798699025206637,0,0,27,0
96,repeated_damage,periodic,10001,0.2,0.9999999999999998,0.9999999999999969,44768,1438,1282,30.767999999999894,0,0.12777777777777777,0.12685185185185185,1.0,576,192,5.684341886080802e-14,1.0000000000000004,0.1776837999932468,0.9999999999999998,358,11120,0,0,0.9999999999999998,265,8280,0,0,0.9999999999999998,274,8536,0,0,0.9999999999999998,541,16832,0,0
96,repeated_damage,local_signal,10001,0.2,0.9119260416607418,0.6996041558314421,5920,225,65,1.5600000000000005,22,0.0,0.03657407407407407,1.0,576,192,4.263256414560601e-14,1.0000000000000004,0.0891866001766175,0.9999999999999998,0,0,0,0,0.9222898116161846,70,1984,39,23,0.9951523997245535,14,384,1,17,0.8651309776511146,141,3552,36,14
96,repeated_damage,shuffled_signal,10001,0.2,0.9520447011575658,0.8189051285511796,6736,225,167,4.008000000000003,7,0.0,0.03657407407407407,1.0,576,192,2.842170943040401e-14,1.0000000000000004,0.09021080005913973,0.9999999999999998,0,0,0,0,0.9245263990633797,70,2144,20,6,0.9928493562721238,14,432,0,14,0.9454015246473799,141,4160,15,8
96,repeated_damage,fixed,10002,0.2,0.7974367720055713,0.4838386621824623,0,0,0,0.0,41,0.0,0.0,1.0,576,192,4.263256414560601e-14,1.0000000000000002,0.06893269997090101,0.9627237894003637,0,0,13,0,0.8305855833186591,0,0,15,0,0.9118435052370714,0,0,0,10,0.7236589997332777,0,0,23,0
96,repeated_damage,periodic,10002,0.2,0.9466357828607517,0.7195470026110191,43336,1437,1106,26.543999999999986,12,0.12916666666666668,0.12638888888888888,1.0,576,192,4.263256414560601e-14,1.0000000000000002,0.1822158999275416,0.9933673801069985,357,11000,2,0,0.9486029625643615,271,8128,7,4,0.9896741931100165,273,8368,0,5,0.9241329878843145,536,15840,21,9
96,repeated_damage,local_signal,10002,0.2,0.8628277555724791,0.5491027943627615,9144,371,30,0.72,29,0.016666666666666666,0.05277777777777778,1.0,576,192,4.263256414560601e-14,1.0000000000000002,0.10004370007663965,0.9775346695503111,33,832,14,3,0.8810789406945612,70,1784,17,9,0.9536090428933335,52,1264,0,8,0.8083115193510111,216,5264,26,8
96,repeated_damage,shuffled_signal,10002,0.2,0.869452129262157,0.6091190549272881,10624,371,215,5.160000000000003,29,0.016666666666666666,0.05277777777777778,1.0,576,192,4.263256414560601e-14,1.0000000000000002,0.10241269995458424,0.9658746059425488,33,1000,13,1,0.8881366721244929,70,2064,9,4,0.9718760590468611,52,1528,0,9,0.8088978929386371,216,6032,26,5
96,repeated_damage,fixed,10003,0.2,0.7075855078329393,0.007979174381533491,0,0,0,0.0,38,0.0,0.0,1.0,576,192,2.842170943040401e-14,1.0000000000000002,0.07781759998761117,0.9043695170209125,0,0,13,0,0.7141627087025836,0,0,23,0,0.8408618587557137,0,0,0,17,0.6376587319367298,0,0,19,0
96,repeated_damage,periodic,10003,0.2,0.8891465660453359,0.6428509508922309,41976,1437,936,22.464000000000016,13,0.12361111111111112,0.12546296296296297,1.0,576,192,2.842170943040401e-14,1.0000000000000002,0.16571960016153753,0.9453455925842106,357,10776,15,7,0.8654475012632505,272,7776,10,2,0.9465313878518811,271,7968,2,13,0.8723036875331062,537,15456,18,10
96,repeated_damage,local_signal,10003,0.2,0.7714001270676923,0.33340855695911903,12112,490,44,1.056,33,0.02361111111111111,0.05925925925925926,1.0,576,192,4.263256414560601e-14,1.0000000000000002,0.1165018999017775,0.9273886221839086,57,1472,23,7,0.7712279604159687,111,2760,22,8,0.8848352965888665,76,1856,0,14,0.714768625632967,246,6024,27,10
96,repeated_damage,shuffled_signal,10003,0.2,0.7788836713247174,0.15531616495975065,13712,490,244,5.856000000000003,27,0.02361111111111111,0.05925925925925926,1.0,576,192,2.842170943040401e-14,1.0000000000000004,0.10340910009108484,0.9105905750243403,57,1688,14,3,0.7836171266467403,111,3056,15,0,0.8819226387909442,76,2096,1,15,0.7249974599305923,246,6872,19,4
96,repeated_damage,fixed,10004,0.2,0.7619404156035927,0.17660889038444177,0,0,0,0.0,32,0.0,0.0,1.0,576,192,4.263256414560601e-14,1.0000000000000004,0.07057669991627336,0.9364133652259712,0,0,7,0,0.7228732471874615,0,0,29,0,0.8759093056108347,0,0,0,27,0.7244895548080372,0,0,23,0
96,repeated_damage,periodic,10004,0.2,0.9259760054132821,0.688523707453476,43088,1438,1072,25.72799999999998,17,0.12361111111111112,0.12453703703703704,1.0,576,192,4.263256414560601e-14,1.0000000000000002,0.18559749983251095,0.9802132837367148,358,10800,6,1,0.8988931764410429,275,8296,11,6,0.982052206224014,269,8128,1,9,0.9114793194940355,536,15864,27,12
96,repeated_damage,local_signal,10004,0.2,0.8357743912251219,0.3666437782301553,9152,359,67,1.6080000000000003,24,0.013888888888888888,0.046296296296296294,1.0,576,192,4.263256414560601e-14,1.0000000000000002,0.09558080020360649,0.9535222867547256,39,1064,17,8,0.8105938860477652,97,2512,33,15,0.9365883896690205,43,1104,1,22,0.7979576445918511,180,4472,27,9
96,repeated_damage,shuffled_signal,10004,0.2,0.857315074077122,0.414809983830733,10136,359,190,4.560000000000002,22,0.013888888888888888,0.046296296296296294,1.0,576,192,4.263256414560601e-14,1.0000000000000002,0.104376400122419,0.9464655681027745,39,1176,8,2,0.8407367184741277,97,2888,15,5,0.943868708354937,43,1272,0,12,0.8223274347397118,180,4800,20,2
96,repeated_damage,fixed,10005,0.2,0.8173082948444049,0.3742521515910017,0,0,0,0.0,35,0.0,0.0,1.0,576,192,2.842170943040401e-14,1.0000000000000002,0.06658499990589917,0.9991932389072082,0,0,2,0,0.7954913986904596,0,0,26,0,0.9425037337292133,0,0,0,19,0.7656190234789736,0,0,26,0
96,repeated_damage,periodic,10005,0.2,0.9893136640789791,0.9592955959956329,43936,1439,1175,28.199999999999946,4,0.12777777777777777,0.12453703703703704,1.0,576,192,4.263256414560601e-14,1.0000000000000002,0.1802237001247704,0.9999999999999996,359,11152,0,0,0.9749749197374574,270,8192,12,6,0.9991434663808442,269,8248,0,6,0.9915681350988074,541,16344,7,3
96,repeated_damage,local_signal,10005,0.2,0.9046695105327656,0.6528463966762561,7232,286,46,1.1040000000000003,22,0.0,0.044444444444444446,1.0,576,192,4.263256414560601e-14,1.0000000000000004,0.10002470016479492,0.9997396865323646,3,96,3,3,0.8748139221666504,88,2328,36,10,0.99454500558435,27,664,0,26,0.8746595571900312,168,4144,35,13
96,repeated_damage,shuffled_signal,10005,0.2,0.9011846395371493,0.6841249352329589,8128,286,158,3.7920000000000025,15,0.0,0.044444444444444446,1.0,576,192,4.263256414560601e-14,1.0000000000000002,0.09894950012676418,0.9993330365327078,3,96,2,1,0.8189986715171957,88,2544,24,2,0.9939823165139335,27,760,0,23,0.895878785058734,168,4728,18,3
96,repeated_damage,fixed,10006,0.2,0.8910795804412924,0.5945569099371102,0,0,0,0.0,26,0.0,0.0,1.0,576,192,2.842170943040401e-14,1.0000000000000002,0.06977269984781742,0.9999999999999999,0,0,0,0,0.9074866101518984,0,0,21,0,0.9750699386064375,0,0,0,19,0.840880886503417,0,0,24,0
96,repeated_damage,periodic,10006,0.2,0.9999999999999998,0.9999999999999968,44608,1439,1259,30.215999999999887,0,0.125,0.12314814814814815,1.0,576,192,8.526512829121202e-14,1.0000000000000002,0.20208950014784932,0.9999999999999999,359,11112,0,0,1.0,272,8416,0,0,1.0,266,8208,0,0,0.9999999999999997,542,16872,0,0
96,repeated_damage,local_signal,10006,0.2,0.94431615647584,0.8151107826846445,4040,152,49,1.1760000000000004,14,0.0,0.030555555555555555,1.0,576,192,2.842170943040401e-14,1.0000000000000002,0.08227170002646744,0.9999999999999999,0,0,0,0,0.9521063578614621,32,872,18,8,0.9970236541983909,7,208,0,10,0.9140673069217534,113,2960,33,19
96,repeated_damage,shuffled_signal,10006,0.2,0.9431718036891689,0.8010128648238345,4352,152,88,2.112000000000001,15,0.0,0.030555555555555555,1.0,576,192,2.842170943040401e-14,1.0000000000000002,0.08232690021395683,0.9999999999999999,0,0,0,0,0.9490800554027481,32,976,18,8,0.9969999927245068,7,200,0,10,0.9133035833147102,113,3176,20,5
96,repeated_damage,fixed,10007,0.2,0.8056779506232268,0.267560786133338,0,0,0,0.0,29,0.0,0.0,1.0,576,192,4.263256414560601e-14,1.0000000000000002,0.06281789997592568,0.9729449472274457,0,0,6,1,0.7702323907148705,0,0,25,0,0.916617304644219,0,0,0,22,0.7679310535669088,0,0,21,0
96,repeated_damage,periodic,10007,0.2,0.9603443517908764,0.853346708256332,43584,1439,1131,27.143999999999963,9,0.125,0.12314814814814815,1.0,576,192,4.263256414560601e-14,1.0000000000000002,0.16551459999755025,0.9999999999999998,359,11240,0,0,0.913770513475363,268,7872,15,1,0.9928255366925568,266,8208,0,14,0.967390678497793,546,16264,17,8
96,repeated_damage,local_signal,10007,0.2,0.869868386604924,0.5817279581811573,7712,309,37,0.8879999999999999,28,0.006944444444444444,0.049074074074074076,1.0,576,192,4.263256414560601e-14,1.0000000000000002,0.09594939998351038,0.9928835963624721,14,424,9,7,0.8510860358901888,74,1880,23,6,0.9796751976312612,28,696,0,18,0.824356156449123,193,4712,34,7
96,repeated_damage,shuffled_signal,10007,0.2,0.8777975135566878,0.5378326358539526,8784,309,171,4.104000000000003,19,0.006944444444444444,0.049074074074074076,1.0,576,192,4.263256414560601e-14,1.0000000000000004,0.08604039996862411,0.9755862476114803,14,440,5,1,0.8139247399365198,74,2144,18,2,0.9661634753614822,28,840,0,16,0.8655509194643745,193,5360,20,5
96,repeated_damage,fixed,10008,0.2,0.785150422050111,0.20858035232822553,0,0,0,0.0,28,0.0,0.0,1.0,576,192,4.263256414560601e-14,1.0000000000000002,0.06342480005696416,0.9379657184560106,0,0,11,1,0.7690261679681055,0,0,18,0,0.8948731951109524,0,0,0,17,0.7383511625606929,0,0,17,0
96,repeated_damage,periodic,10008,0.2,0.9459359039186093,0.7158965846443813,43120,1436,1082,25.967999999999982,10,0.12361111111111112,0.12453703703703704,1.0,576,192,4.263256414560601e-14,1.0000000000000002,0.16643110010772943,0.9922184920169935,356,10896,6,6,0.9758375590642577,268,8000,11,8,0.9994800432865618,269,8184,0,3,0.9042130066618085,543,16040,25,15
96,repeated_damage,local_signal,10008,0.2,0.8535511229892627,0.4767583136386674,7000,274,53,1.2720000000000002,18,0.009722222222222222,0.03564814814814815,1.0,576,192,5.684341886080802e-14,1.0000000000000002,0.10306350002065301,0.9664867127190117,28,784,15,9,0.8429284322876693,64,1696,18,8,0.9382667074742493,35,888,1,13,0.8165046760975662,147,3632,22,8
96,repeated_damage,shuffled_signal,10008,0.2,0.8473044766873126,0.36956734176340283,7640,274,133,3.192000000000001,17,0.009722222222222222,0.03564814814814815,1.0,576,192,4.263256414560601e-14,1.0000000000000002,0.10026830015704036,0.9519175563437124,28,856,10,2,0.8244562886913852,64,1872,13,0,0.9205486632534291,35,984,0,12,0.8221064774022181,147,3928,12,4
96,repeated_damage,fixed,10009,0.2,0.7494243452529542,0.04810102492969014,0,0,0,0.0,29,0.0,0.0,1.0,576,192,4.263256414560601e-14,1.0000000000000002,0.0687673999927938,0.9040971713339452,0,0,14,0,0.7502326626992321,0,0,11,0,0.8545839568619915,0,0,1,11,0.6964403807252967,0,0,14,0
96,repeated_damage,periodic,10009,0.2,0.9796159644945284,0.9488165659576488,44400,1439,1233,29.59199999999992,6,0.12777777777777777,0.12546296296296297,1.0,576,192,4.263256414560601e-14,1.0000000000000004,0.1825274999719113,0.9999999999999992,359,11272,0,0,0.9551819542208436,267,8184,13,3,0.999255202537621,271,8352,1,11,0.9820133506098242,542,16592,9,3
96,repeated_damage,local_signal,10009,0.2,0.8769157603239865,0.6031355172385577,8256,315,87,2.0880000000000005,21,0.005555555555555556,0.03981481481481482,1.0,576,192,4.263256414560601e-14,1.0000000000000002,0.10927040013484657,0.9574037986887668,43,1216,27,19,0.8582696602905251,83,2224,30,16,0.971348224526087,30,800,1,22,0.8390225782396669,159,4016,40,20
96,repeated_damage,shuffled_signal,10009,0.2,0.9053781038255474,0.6409842019042961,9368,315,226,5.424000000000003,18,0.005555555555555556,0.03981481481481482,1.0,576,192,4.263256414560601e-14,1.0000000000000002,0.09757019998505712,0.9649039769160092,43,1352,9,6,0.8765572490696297,83,2456,17,2,0.993960610076877,30,912,0,18,0.8754972780778415,159,4648,25,7
96,repeated_damage,fixed,10010,0.2,0.7392979782600845,0.0310776591478089,0,0,0,0.0,30,0.0,0.0,1.0,576,192,4.263256414560601e-14,1.0000000000000004,0.0726288000587374,0.8968680264867758,0,0,16,1,0.6849958952105686,0,0,21,0,0.8402837251289349,0,0,0,20,0.7159561463504172,0,0,14,0
96,repeated_damage,periodic,10010,0.2,0.9039422940327434,0.5961632588077866,42560,1437,1009,24.216000000000008,14,0.12222222222222222,0.12314814814814815,1.0,576,192,4.263256414560601e-14,1.0000000000000004,0.16748359985649586,0.9416847784901661,357,10808,15,5,0.9049787172435062,269,7960,19,14,0.9708910635438691,266,7968,4,15,0.869949697671799,545,15824,29,19
96,repeated_damage,local_signal,10010,0.2,0.8191435000245946,0.2853820554195709,9560,381,52,1.2480000000000002,21,0.020833333333333332,0.03935185185185185,1.0,576,192,4.263256414560601e-14,1.0000000000000004,0.10794609994627535,0.9279278687807181,57,1512,21,9,0.7905340057968149,102,2656,28,13,0.8985480251025119,64,1560,0,15,0.7937459845995259,158,3832,13,4
96,repeated_damage,shuffled_signal,10010,0.2,0.8205259728565587,0.3440425668081238,10520,381,172,4.128000000000002,23,0.020833333333333332,0.03935185185185185,1.0,576,192,2.842170943040401e-14,1.0000000000000002,0.10291530005633831,0.9268648764583716,57,1680,21,8,0.7969167455575356,102,2872,10,3,0.9399603290375965,64,1768,1,13,0.7726134084155513,158,4200,22,7
96,repeated_damage,fixed,10011,0.2,0.7841919735100582,0.3209282812980804,0,0,0,0.0,35,0.0,0.0,1.0,576,192,2.842170943040401e-14,1.0000000000000002,0.06917309993878007,0.9899290765704127,0,0,3,0,0.7624158030100752,0,0,35,0,0.9229791151036794,0,0,0,30,0.7256864879632394,0,0,27,0
96,repeated_damage,periodic,10011,0.2,0.9396063972888465,0.833375993864372,43440,1438,1116,26.784000000000006,10,0.12222222222222222,0.12638888888888888,1.0,576,192,4.263256414560601e-14,1.0000000000000004,0.1645359001122415,0.9999999999999999,358,11232,0,0,0.949084046271348,267,8016,15,4,0.993755711232522,273,8424,1,12,0.9077929158257579,540,15768,22,12
96,repeated_damage,local_signal,10011,0.2,0.8481037361524096,0.5969397291767525,8168,322,55,1.3200000000000003,28,0.005555555555555556,0.049074074074074076,1.0,576,192,4.263256414560601e-14,1.0000000000000004,0.11322490009479225,0.9990279751284187,4,128,4,4,0.8247494415124372,93,2464,38,13,0.9764171616052728,30,784,0,23,0.795624170745964,195,4792,32,6
96,repeated_damage,shuffled_signal,10011,0.2,0.9016118528850817,0.6674903318050136,9304,322,197,4.728000000000003,16,0.005555555555555556,0.049074074074074076,1.0,576,192,2.842170943040401e-14,1.0000000000000002,0.10601849993690848,0.990866356257263,4,120,3,0,0.8500672621844313,93,2744,30,8,0.9829307283928824,30,816,0,24,0.8867247104815064,195,5624,21,6
96,scarcity,fixed,10000,0.2,0.6465805505568993,0.0,0,0,0,0.0,41,0.0,0.0,1.0,576,192,1.4210854715202004e-14,0.8211966693103798,0.07059270003810525,0.7430708081764903,0,0,41,0,0.6449159984847527,0,0,0,0,0.6466896185426931,0,0,0,0,0.6473582926000757,0,0,0,0
96,scarcity,periodic,10000,0.2,0.6620373429572655,0.003000502798111681,35632,1438,140,3.3600000000000025,43,0.12916666666666668,0.1259259259259259,1.0,576,192,2.1316282072803006e-14,1.0,0.14982360019348562,0.7796895658898207,358,9664,44,3,0.6689654165161152,272,6576,2,1,0.6599205005514346,272,6528,1,0,0.659631727380756,536,12864,0,0
96,scarcity,local_signal,10000,0.2,0.6594678936460193,0.0,21160,876,17,0.40800000000000003,47,0.075,0.08101851851851852,1.0,576,192,1.4210854715202004e-14,1.0000000000000002,0.1392388001549989,0.7699738418997443,171,4224,53,5,0.6662109300074675,176,4240,4,5,0.658723629881816,175,4200,0,0,0.656468507347397,354,8496,0,0
96,scarcity,shuffled_signal,10000,0.2,0.6598894609297152,0.0,21896,876,109,2.616000000000001,41,0.075,0.08101851851851852,1.0,576,192,1.4210854715202004e-14,1.0000000000000002,0.14991499995812774,0.7783447004499611,171,4544,40,1,0.6588215055923825,176,4440,7,5,0.6625446087094133,175,4376,3,2,0.6590958647085327,354,8536,0,1
96,scarcity,fixed,10001,0.2,0.6575854898019159,0.0,0,0,0,0.0,40,0.0,0.0,1.0,576,192,2.1316282072803006e-14,0.6146210928812327,0.06913119996897876,0.7787361312336294,0,0,38,0,0.6612544736807778,0,0,2,0,0.6567376141488369,0,0,0,0,0.6561749356890245,0,0,0,0
96,scarcity,periodic,10001,0.2,0.6600639996987926,0.2770523357457964,35328,1438,102,2.4480000000000017,49,0.12777777777777777,0.12685185185185185,1.0,576,192,1.4210854715202004e-14,0.9030724595526617,0.16629129997454584,0.7969161983147042,358,9408,49,0,0.6600645928311107,265,6360,0,0,0.6600638019907983,274,6576,0,0,0.6600638019866307,541,12984,0,0
96,scarcity,local_signal,10001,0.2,0.6596737571452543,0.1525434456753397,23064,955,18,0.4320000000000001,52,0.10138888888888889,0.08935185185185185,1.0,576,192,2.1316282072803006e-14,1.0,0.16720809997059405,0.7982639075906232,175,4344,60,8,0.6597338608966096,198,4752,0,0,0.6596537234103094,193,4632,0,0,0.6596537221370493,389,9336,0,0
96,scarcity,shuffled_signal,10001,0.2,0.6585942101329556,0.01931449924082935,23232,955,39,0.9360000000000005,47,0.10138888888888889,0.08935185185185185,1.0,576,192,2.1316282072803006e-14,0.8676264292860875,0.14226699993014336,0.7947670486429499,175,4512,49,2,0.6586204264623596,198,4752,0,0,0.6585854716216132,193,4632,0,0,0.6585854712239245,389,9336,0,0
96,scarcity,fixed,10002,0.2,0.6427729939598769,0.12251003721863479,0,0,0,0.0,48,0.0,0.0,1.0,576,192,1.4210854715202004e-14,0.7417147695876145,0.07099979999475181,0.7596913115961822,0,0,47,0,0.6461363462412532,0,0,1,0,0.6424437872963963,0,0,0,0,0.6412559211509288,0,0,0,0
96,scarcity,periodic,10002,0.2,0.6455274061476824,0.010857566899953841,35296,1437,101,2.4240000000000017,48,0.12916666666666668,0.12638888888888888,1.0,576,192,1.4210854715202004e-14,0.9999999999999998,0.15754099981859326,0.7811293029809244,357,9376,46,0,0.6461268050046647,271,6504,2,0,0.6453276141934451,273,6552,0,0,0.6453276026963098,536,12864,0,0
96,scarcity,local_signal,10002,0.2,0.6505182227478973,0.4410599348577946,22024,914,11,0.264,52,0.10694444444444444,0.09351851851851851,1.0,576,192,1.4210854715202004e-14,1.0,0.16156360018067062,0.7647164929731751,163,3952,48,3,0.6641036482414359,176,4256,5,4,0.6463403848690941,197,4744,6,1,0.6458144289405294,378,9072,2,1
96,scarcity,shuffled_signal,10002,0.2,0.6455143333809875,0.05627404767866425,22304,914,46,1.1040000000000005,49,0.10694444444444444,0.09351851851851851,1.0,576,192,1.4210854715202004e-14,0.9999999999999998,0.13709209999069571,0.7770872905715611,163,4280,48,3,0.6486655830583508,176,4224,4,0,0.6444866255790818,197,4728,0,0,0.6444525624432589,378,9072,0,0
96,scarcity,fixed,10003,0.2,0.6252252021821928,0.0,0,0,0,0.0,40,0.0,0.0,1.0,576,192,2.1316282072803006e-14,0.8283690870091969,0.07495949999429286,0.7098123602610146,0,0,42,0,0.6235457408780388,0,0,0,2,0.6254798037839774,0,0,0,0,0.6259376320333772,0,0,0,0
96,scarcity,periodic,10003,0.2,0.6522542191940279,0.0,36632,1437,268,6.432000000000004,36,0.12361111111111112,0.12546296296296297,1.0,576,192,1.4210854715202004e-14,1.0,0.14914619992487133,0.7487740373734738,357,9688,35,0,0.6581911668744013,272,6976,2,1,0.6500606666016412,271,6736,2,1,0.6503825216500345,537,13232,1,2
96,scarcity,local_signal,10003,0.2,0.6351589557253848,0.0,20264,843,4,0.096,44,0.06944444444444445,0.07314814814814814,1.0,576,192,1.4210854715202004e-14,0.8783400761033222,0.14583789999596775,0.7161162492405864,183,4424,46,2,0.6338329623792668,165,3960,0,0,0.6350305688480411,158,3792,0,0,0.6358861458371157,337,8088,0,0
96,scarcity,shuffled_signal,10003,0.2,0.6483500450762872,0.0,21864,843,204,4.896000000000003,39,0.06944444444444445,0.07314814814814814,1.0,576,192,1.4210854715202004e-14,1.0,0.12573949992656708,0.7325762219466156,183,4848,40,1,0.6562447359743341,165,4272,2,3,0.6467123527303752,158,4056,5,0,0.6452215458002197,337,8688,5,9
96,scarcity,fixed,10004,0.2,0.6344858756320833,0.0,0,0,0,0.0,38,0.0,0.0,1.0,576,192,2.1316282072803006e-14,0.7486208814154857,0.07714830012992024,0.7342428856925528,0,0,38,0,0.6352713618031957,0,0,0,0,0.6344663966673567,0,0,0,0,0.6341028720288905,0,0,0,0
96,scarcity,periodic,10004,0.2,0.6442753531697238,0.0,35528,1438,127,3.0480000000000023,41,0.12361111111111112,0.12453703703703704,1.0,576,192,2.842170943040401e-14,0.9611953539448262,0.17818889999762177,0.7710205278548798,358,9600,40,1,0.6467629615652918,275,6608,2,0,0.6434487562358606,269,6456,0,0,0.6434448474388718,536,12864,0,0
96,scarcity,local_signal,10004,0.2,0.6434562305685096,0.0,20608,853,17,0.4079999999999999,45,0.08472222222222223,0.08009259259259259,1.0,576,192,2.1316282072803006e-14,1.0,0.14207620010711253,0.7491869180602743,171,4192,49,3,0.6466544145414127,171,4120,2,3,0.6446181611587789,173,4168,2,1,0.6412761732869235,338,8128,2,3
96,scarcity,shuffled_signal,10004,0.2,0.6457685364264102,0.0,21056,853,73,1.752000000000001,41,0.08472222222222223,0.08009259259259259,1.0,576,192,2.1316282072803006e-14,1.0000000000000002,0.12098010000772774,0.7597383140585853,171,4600,40,1,0.6544559716971144,171,4192,3,1,0.6434067445845393,173,4152,0,0,0.6426057147119935,338,8112,0,0
96,scarcity,fixed,10005,0.2,0.6465216520770753,0.0403009812342811,0,0,0,0.0,48,0.0,0.0,1.0,576,192,1.4210854715202004e-14,0.5970906002783969,0.06856529996730387,0.7816753767860903,0,0,46,0,0.6469561361119451,0,0,2,0,0.6463782424291741,0,0,0,0,0.6463761148835911,0,0,0,0
96,scarcity,periodic,10005,0.2,0.6488107970592841,0.12679441607700476,35272,1439,92,2.2080000000000015,47,0.12777777777777777,0.12453703703703704,1.0,576,192,1.4210854715202004e-14,0.8620351070049497,0.1758262999355793,0.7877762535606228,359,9352,47,0,0.6488142366587473,270,6480,0,0,0.6488096505532474,269,6456,0,0,0.6488096505125707,541,12984,0,0
96,scarcity,local_signal,10005,0.2,0.6477163743465053,0.13954816446861912,22328,927,10,0.23999999999999996,51,0.09166666666666666,0.08703703703703704,1.0,576,192,1.4210854715202004e-14,0.879066996597581,0.13172169984318316,0.7874901500715644,162,3968,56,5,0.6477556059215057,196,4704,0,0,0.6477032971890545,188,4512,0,0,0.6477032971377308,381,9144,0,0
96,scarcity,shuffled_signal,10005,0.2,0.6478578049494567,0.31027902686147546,22472,927,28,0.6720000000000003,49,0.09166666666666666,0.08703703703703704,1.0,576,192,1.4210854715202004e-14,0.9999999999999998,0.12522329995408654,0.7873517910977954,162,4112,50,1,0.6478632205409168,196,4704,0,0,0.6478559997533049,188,4512,0,0,0.6478559997518025,381,9144,0,0
96,scarcity,fixed,10006,0.2,0.6545244074744238,0.013029879254300054,0,0,0,0.0,46,0.0,0.0,1.0,576,192,1.4210854715202004e-14,0.6478777676355078,0.07587959989905357,0.7897555714656378,0,0,46,0,0.6545841013404248,0,0,0,0,0.654504671625937,0,0,0,0,0.6545044284656667,0,0,0,0
96,scarcity,periodic,10006,0.2,0.6572095969786039,0.04594259859779636,35304,1439,96,2.3040000000000016,47,0.125,0.12314814814814815,1.0,576,192,2.1316282072803006e-14,0.9913701224024725,0.16049470007419586,0.7959111302264731,359,9384,47,0,0.6572096009706514,272,6528,0,0,0.6572095956479214,266,6384,0,0,0.6572095956479215,542,13008,0,0
96,scarcity,local_signal,10006,0.2,0.6567729355434047,0.27799414335114864,23904,991,15,0.36000000000000004,54,0.09861111111111111,0.09259259259259259,1.0,576,192,1.4210854715202004e-14,0.9686749671995889,0.12822930002585053,0.7979325489011118,181,4464,58,4,0.6567730774132998,203,4872,0,0,0.656772888253441,200,4800,0,0,0.6567728882534387,407,9768,0,0
96,scarcity,shuffled_signal,10006,0.2,0.657000559282032,0.03566465196496645,23912,991,16,0.38400000000000006,48,0.09861111111111111,0.09259259259259259,1.0,576,192,1.4210854715202004e-14,0.922773840716493,0.11136360000818968,0.7982504146217505,181,4472,48,0,0.6570101136167489,203,4872,0,0,0.6569973745626919,200,4800,0,0,0.6569973744743437,407,9768,0,0
96,scarcity,fixed,10007,0.2,0.6438277884597786,0.0,0,0,0,0.0,42,0.0,0.0,1.0,576,192,1.4210854715202004e-14,0.646131355119307,0.07146559981629252,0.7672066045037741,0,0,40,0,0.64550328808953,0,0,2,0,0.6433309639943734,0,0,0,0,0.6432384508776054,0,0,0,0
96,scarcity,periodic,10007,0.2,0.6468129071035008,0.012101023471888779,35416,1439,110,2.640000000000002,48,0.125,0.12314814814814815,1.0,576,192,1.4210854715202004e-14,0.8558561342759258,0.1440662001259625,0.7809071089126545,359,9496,49,1,0.6468526147887376,268,6432,0,0,0.6467996717607049,266,6384,0,0,0.6467996709322803,546,13104,0,0
96,scarcity,local_signal,10007,0.2,0.646155599187059,0.0,20320,842,14,0.336,46,0.08472222222222223,0.07777777777777778,1.0,576,192,1.4210854715202004e-14,0.9999999999999998,0.14844659995287657,0.7831346913971086,152,3760,54,9,0.6462422523206677,178,4272,1,0,0.6461267157176164,168,4032,0,0,0.646126714354976,344,8256,0,0
96,scarcity,shuffled_signal,10007,0.2,0.646375127115774,0.0,20496,842,36,0.8640000000000004,44,0.08472222222222223,0.07777777777777778,1.0,576,192,1.4210854715202004e-14,1.0,0.13393280003219843,0.7813412969448744,152,3936,45,1,0.646535064664394,178,4272,0,0,0.6463219445078803,168,4032,0,0,0.646321749645411,344,8256,0,0
96,scarcity,fixed,10008,0.2,0.6467691894396141,0.0,0,0,0,0.0,42,0.0,0.0,1.0,576,192,1.4210854715202004e-14,0.6160391123469072,0.08331440016627312,0.774761741908304,0,0,39,0,0.64907040612066,0,0,3,0,0.6460321691568143,0,0,0,0,0.6459870912404911,0,0,0,0
96,scarcity,periodic,10008,0.2,0.6497696607591575,0.0,35264,1436,100,2.4000000000000017,46,0.12361111111111112,0.12453703703703704,1.0,576,192,2.1316282072803006e-14,0.7881037889393717,0.18000690010376275,0.7876355412629549,356,9344,46,0,0.6497711218950651,268,6432,0,0,0.6497691737139932,269,6456,0,0,0.6497691737137861,543,13032,0,0
96,scarcity,local_signal,10008,0.2,0.6484170587588535,0.0,21296,883,13,0.312,49,0.08333333333333333,0.08472222222222223,1.0,576,192,1.4210854715202004e-14,0.9577925669027059,0.14880470000207424,0.7841301311021573,148,3656,56,11,0.6491175155831151,185,4440,4,0,0.6481837650759359,183,4392,0,0,0.6481834771881814,367,8808,0,0
96,scarcity,shuffled_signal,10008,0.2,0.6488629290196634,0.0,21472,883,35,0.8400000000000004,43,0.08333333333333333,0.08472222222222223,1.0,576,192,1.4210854715202004e-14,0.9850389895220811,0.11538719991222024,0.7836048783529534,148,3832,41,0,0.6502392036876463,185,4440,2,0,0.6484041976352835,183,4392,0,0,0.6484041573778621,367,8808,0,0
96,scarcity,fixed,10009,0.2,0.6439563961222514,0.0,0,0,0,0.0,39,0.0,0.0,1.0,576,192,2.842170943040401e-14,0.8503337367172749,0.08317589992657304,0.7410512807417942,0,0,35,0,0.6488487185729367,0,0,4,0,0.6430089554987822,0,0,0,0,0.6419839552086433,0,0,0,0
96,scarcity,periodic,10009,0.2,0.652198030168253,0.0,35464,1439,116,2.784000000000002,40,0.12777777777777777,0.12546296296296297,1.0,576,192,2.842170943040401e-14,0.9607983619156003,0.1755091999657452,0.7829467226682271,359,9544,42,2,0.652299880160883,267,6408,0,0,0.6521641947746475,271,6504,0,0,0.6521640228687408,542,13008,0,0
96,scarcity,local_signal,10009,0.2,0.654083978211382,0.00015896492763336714,19760,814,28,0.6720000000000002,44,0.07083333333333333,0.07777777777777778,1.0,576,192,2.842170943040401e-14,1.0000000000000002,0.1145756000187248,0.7660598343960334,158,3992,52,12,0.665651852098229,161,3888,8,4,0.6503282295172464,168,4032,0,0,0.6501779156150265,327,7848,0,0
96,scarcity,shuffled_signal,10009,0.2,0.6502217482219725,0.0,20464,814,116,2.784000000000001,42,0.07083333333333333,0.07777777777777778,1.0,576,192,2.842170943040401e-14,1.0,0.12593570002354681,0.7716824870718523,158,4264,42,3,0.6531801373022041,161,4008,3,1,0.6487997701840656,168,4120,2,0,0.6494535427008103,327,8072,2,3
96,scarcity,fixed,10010,0.2,0.6293011916578182,0.0,0,0,0,0.0,39,0.0,0.0,1.0,576,192,1.4210854715202004e-14,0.8129742269287852,0.08571430016309023,0.7294965517023869,0,0,38,0,0.6300163238141875,0,0,1,0,0.6291125302175221,0,0,0,0,0.6290379562997817,0,0,0,0
96,scarcity,periodic,10010,0.2,0.6398440847195297,0.0,35480,1437,124,2.976000000000002,45,0.12222222222222222,0.12314814814814815,1.0,576,192,1.4210854715202004e-14,0.9618679785774003,0.18123070010915399,0.7665694355663852,357,9560,40,0,0.6415963942694834,269,6456,5,0,0.6392604478149596,266,6384,0,0,0.6392597483968379,545,13080,0,0
96,scarcity,local_signal,10010,0.2,0.6395852730545961,0.0,19616,810,22,0.5280000000000001,44,0.07361111111111111,0.0787037037037037,1.0,576,192,1.4210854715202004e-14,1.0,0.11967980000190437,0.7608360707330849,150,3752,51,12,0.6444131545620175,162,3912,9,4,0.6380862065733027,170,4080,0,0,0.637920865541532,328,7872,0,0
96,scarcity,shuffled_signal,10010,0.2,0.6386646546378817,0.0,19840,810,50,1.2000000000000006,42,0.07361111111111111,0.0787037037037037,1.0,576,192,1.4210854715202004e-14,1.0,0.12321930006146431,0.7626094016995624,150,3936,42,2,0.6413900842563548,162,3928,3,0,0.637718840678778,170,4104,0,1,0.6377748468081967,328,7872,0,0
96,scarcity,fixed,10011,0.2,0.647423962493737,0.0,0,0,0,0.0,43,0.0,0.0,1.0,576,192,1.4210854715202004e-14,0.6610975641012655,0.09892050013877451,0.7529489264911855,0,0,43,0,0.6477275847628902,0,0,0,0,0.6473917199315362,0,0,0,0,0.647288272640261,0,0,0,0
96,scarcity,periodic,10011,0.2,0.6565130531969345,0.008688002175098535,35560,1438,131,3.1440000000000023,48,0.12222222222222222,0.12638888888888888,1.0,576,192,1.4210854715202004e-14,1.0,0.15299359988421202,0.7843160124934353,358,9624,49,2,0.6587107568663275,267,6424,1,0,0.6557862060696593,273,6552,0,0,0.6557776249258757,540,12960,0,0
96,scarcity,local_signal,10011,0.2,0.6532396463902875,0.14743592309010678,20856,864,15,0.36000000000000004,47,0.09583333333333334,0.08472222222222223,1.0,576,192,1.4210854715202004e-14,1.0,0.13036279985681176,0.7776568460857765,159,3936,56,11,0.6552417745736924,182,4368,2,0,0.652625466088782,183,4392,0,0,0.6525456724493378,340,8160,0,0
96,scarcity,shuffled_signal,10011,0.2,0.6561259979972628,0.009693332326678088,21088,864,44,1.0560000000000005,45,0.09583333333333334,0.08472222222222223,1.0,576,192,1.4210854715202004e-14,1.0,0.12769310013391078,0.7840801954235969,159,4144,44,1,0.6586181573947142,182,4392,2,0,0.6554369115497929,183,4392,0,0,0.655224461522272,340,8160,0,0
384,uniform,fixed,10000,0.2,0.8847393874532515,0.3988821173644882,0,0,0,0.0,55,0.0,0.0,1.0,2304,768,1.7053025658242404e-13,1.0000000000000004,0.12075569992884994,0.912898444837573,0,0,55,0,0.8842142821199599,0,0,0,0,0.8847705443515176,0,0,0,0,0.884986361670764,0,0,0,0
384,uniform,periodic,10000,0.2,0.9709955390130378,0.9624223437291707,169328,5749,3919,94.05600000000001,14,0.12569444444444444,0.12569444444444444,1.0,2304,768,1.7053025658242404e-13,1.0000000000000002,0.47235299996100366,0.9721911211856071,1429,43088,44,11,0.9612232980905601,1083,31648,21,29,0.9696398610211722,1086,31720,14,17,0.9765594984702096,2151,62872,23,31
384,uniform,local_signal,10000,0.2,0.9150867496140936,0.844319831705372,23352,949,72,1.728000000000001,49,0.022222222222222223,0.021180555555555557,1.0,2304,768,1.1368683772161603e-13,1.0000000000000004,0.18051209999248385,0.9395754493559975,217,5768,95,46,0.9162925694200533,183,4408,7,7,0.9147144272346486,183,4392,0,0,0.9146700009008362,366,8784,0,0
384,uniform,shuffled_signal,10000,0.2,0.9301947876219936,0.8782405132132611,25560,949,348,8.352000000000006,33,0.022222222222222223,0.021180555555555557,1.0,2304,768,1.7053025658242404e-13,1.0000000000000004,0.18078640010207891,0.937744192969534,217,6472,55,19,0.929816949024914,183,5064,2,7,0.9310729310460932,183,4752,2,0,0.929944635208484,366,9272,1,1
384,uniform,fixed,10001,0.2,0.9505627592519046,0.9999999999999953,0,0,0,0.0,25,0.0,0.0,1.0,2304,768,2.2737367544323206e-13,1.0000000000000002,0.11751979985274374,0.9634040822441016,0,0,27,1,0.9504332586342278,0,0,0,1,0.9505218201164046,0,0,0,0,0.9506479791284932,0,0,0,0
384,uniform,periodic,10001,0.2,0.991808698967699,0.9999999999999962,173216,5752,4396,105.50400000000045,4,0.1267361111111111,0.12708333333333333,1.0,2304,768,3.410605131648481e-13,1.0000000000000004,0.4854487997945398,0.9925028760309238,1432,44120,11,3,0.9888576695056066,1071,32264,5,8,0.9923926231918034,1098,32720,4,2,0.9929922515866931,2151,64112,6,9
384,uniform,local_signal,10001,0.2,0.9647336032023589,0.9993603207842404,8928,360,36,0.8640000000000003,19,0.00798611111111111,0.008564814814814815,1.0,2304,768,1.7053025658242404e-13,1.0000000000000004,0.15387409995310009,0.978586169902056,75,2040,41,22,0.9653988351316738,73,1776,5,5,0.9653485660811322,75,1824,5,6,0.9640935057983152,137,3288,1,0
384,uniform,shuffled_signal,10001,0.2,0.9659081183830536,0.999999999999996,9608,360,121,2.9040000000000012,16,0.00798611111111111,0.008564814814814815,1.0,2304,768,1.7053025658242404e-13,1.0000000000000002,0.13246849994175136,0.9754357407997762,75,2288,20,3,0.9664674418294653,73,2056,3,4,0.9654920313360414,75,1920,1,1,0.9658365001833541,137,3344,0,0
384,uniform,fixed,10002,0.2,0.8956340366871197,0.4308948157182914,0,0,0,0.0,45,0.0,0.0,1.0,2304,768,1.7053025658242404e-13,1.0000000000000002,0.11849080002866685,0.9239589950842046,0,0,44,0,0.8956670999953882,0,0,2,1,0.8955971355972898,0,0,0,0,0.8956359555779005,0,0,0,0
384,uniform,periodic,10002,0.2,0.9618643878626638,0.9948185830445053,169952,5755,3979,95.49600000000007,19,0.12916666666666668,0.12569444444444444,1.0,2304,768,2.2737367544323206e-13,1.0000000000000004,0.5138588999398053,0.9642253325480262,1435,43328,35,9,0.9564390903641058,1074,31400,12,13,0.9628675062933119,1086,31872,1,10,0.9640754773966188,2160,63352,11,8
384,uniform,local_signal,10002,0.2,0.922918491239167,0.8865728992939734,18504,754,51,1.2240000000000004,40,0.017361111111111112,0.018171296296296297,1.0,2304,768,1.7053025658242404e-13,1.0000000000000002,0.152510300045833,0.9410764197570168,146,3800,61,27,0.9192194172459054,152,3736,18,14,0.9238574480803917,155,3728,3,1,0.9242985498151853,301,7240,3,3
384,uniform,shuffled_signal,10002,0.2,0.9312084623546041,0.8897750276565825,19952,754,232,5.568000000000003,34,0.017361111111111112,0.018171296296296297,1.0,2304,768,1.7053025658242404e-13,1.0000000000000002,0.1566061000339687,0.9365404370772135,146,4288,41,3,0.9275286988259506,152,4144,4,9,0.9296095800701234,155,3928,4,4,0.933847785261171,301,7592,3,2
384,uniform,fixed,10003,0.2,0.9151969172730939,0.7010097655399442,0,0,0,0.0,37,0.0,0.0,1.0,2304,768,1.7053025658242404e-13,1.0000000000000002,0.10157459997572005,0.9361844025344025,0,0,37,0,0.9141946732428421,0,0,1,0,0.9151809336836477,0,0,0,0,0.9157060310829428,0,0,0,1
384,uniform,periodic,10003,0.2,0.9861470586036628,0.9999999999999957,173144,5758,4369,104.85600000000042,5,0.12604166666666666,0.12523148148148147,1.0,2304,768,1.7053025658242404e-13,1.0000000000000004,0.4876755001023412,0.9867436330371383,1438,44328,17,10,0.9842282138913838,1089,32656,5,4,0.9845584528566188,1082,32240,8,6,0.987900783833324,2149,63920,6,11
384,uniform,local_signal,10003,0.2,0.9394319310310233,0.9593372683335611,15088,593,107,2.568000000000001,29,0.013194444444444444,0.012847222222222222,1.0,2304,768,1.7053025658242404e-13,1.0000000000000002,0.17451549996621907,0.9595493317196649,146,4008,70,38,0.9406067211944671,111,2752,10,13,0.9387510347412673,118,2960,11,10,0.9391849840941794,218,5368,13,14
384,uniform,shuffled_signal,10003,0.2,0.9551170412523388,0.9808296684258702,16296,593,258,6.192000000000004,25,0.013194444444444444,0.012847222222222222,1.0,2304,768,1.7053025658242404e-13,1.0000000000000002,0.14391659991815686,0.9593941610825895,146,4480,40,12,0.9537003385785998,111,3112,7,7,0.9550218357843996,118,3184,2,2,0.9558729953231775,218,5520,2,5
384,uniform,fixed,10004,0.2,0.8523296360330425,0.06642831948802759,0,0,0,0.0,62,0.0,0.0,1.0,2304,768,1.7053025658242404e-13,1.0000000000000002,0.10827909992076457,0.8803304483148173,0,0,62,2,0.8519055099491298,0,0,3,1,0.8523681639243162,0,0,0,0,0.8525224351293619,0,0,0,0
384,uniform,periodic,10004,0.2,0.9392514830046722,0.8820031189070688,165256,5757,3386,81.26399999999981,29,0.121875,0.12395833333333334,1.0,2304,768,1.7053025658242404e-13,1.0000000000000004,0.4950358998030424,0.9561249794139738,1437,42944,71,27,0.9259267266884239,1088,30888,31,29,0.9366122192907798,1071,30320,14,20,0.9472334930197424,2161,61104,21,32
384,uniform,local_signal,10004,0.2,0.8940262112071238,0.503423306759759,29088,1170,126,3.024000000000002,58,0.02361111111111111,0.025810185185185186,1.0,2304,768,1.7053025658242404e-13,1.0000000000000002,0.18653900013305247,0.9166096007630156,284,7608,117,58,0.8935684748684142,224,5560,21,20,0.8947557116424796,225,5432,5,7,0.893890329158801,437,10488,0,0
384,uniform,shuffled_signal,10004,0.2,0.9119410040243353,0.7659151276002166,31056,1170,372,8.928000000000006,43,0.02361111111111111,0.025810185185185186,1.0,2304,768,1.7053025658242404e-13,1.0000000000000002,0.199709199834615,0.9167262236335872,284,8464,68,23,0.915446027162909,224,6096,15,10,0.9106652920900237,225,5672,1,8,0.9108263484222047,437,10824,0,0
384,uniform,fixed,10005,0.2,0.8453820976793199,0.0,0,0,0,0.0,59,0.0,0.0,1.0,2304,768,1.7053025658242404e-13,1.0000000000000004,0.1262056000996381,0.8746936701293476,0,0,59,1,0.8457192244822421,0,0,1,0,0.8452791372403047,0,0,0,0,0.8452650144973664,0,0,0,0
384,uniform,periodic,10005,0.2,0.8934668184819412,0.35971959063969194,166064,5758,3484,83.61599999999977,46,0.12777777777777777,0.12453703703703704,1.0,2304,768,1.7053025658242404e-13,1.0000000000000004,0.464775700122118,0.9133616018179002,1438,43008,58,14,0.8942459884091662,1090,31304,5,5,0.8928631237779382,1076,30640,7,8,0.8933790808703299,2154,61112,23,20
384,uniform,local_signal,10005,0.2,0.8657845144505397,0.05759898020358354,26192,1074,52,1.2480000000000007,54,0.021527777777777778,0.024421296296296295,1.0,2304,768,2.2737367544323206e-13,1.0000000000000004,0.17360350000672042,0.8926975585742214,259,6600,87,29,0.8665557115816067,190,4592,6,10,0.8655676102904016,211,5064,0,0,0.8655073679650752,414,9936,0,0
384,uniform,shuffled_signal,10005,0.2,0.8763678536358865,0.22309372114609094,29048,1074,409,9.816000000000008,49,0.021527777777777778,0.024421296296296295,1.0,2304,768,1.7053025658242404e-13,1.0000000000000002,0.19725840003229678,0.895566358305213,259,7696,56,7,0.8759385568034578,190,5232,2,2,0.8761499790030667,211,5528,0,0,0.876691439368511,414,10592,1,1
384,uniform,fixed,10006,0.2,0.9158400054536205,0.7238459350782199,0,0,0,0.0,45,0.0,0.0,1.0,2304,768,1.7053025658242404e-13,1.0000000000000002,0.13665080000646412,0.9374892678935358,0,0,46,2,0.9162203217245519,0,0,1,0,0.9159122432009339,0,0,0,0,0.9156137284444982,0,0,0,0
384,uniform,periodic,10006,0.2,0.9998288057041994,0.9999999999999969,176656,5753,4823,115.75200000000083,0,0.12361111111111112,0.12418981481481481,1.0,2304,768,1.7053025658242404e-13,1.0000000000000004,0.5068826000206172,0.9985394656111328,1433,44336,6,5,0.9993157441305167,1084,33352,3,1,0.9999994786862814,1073,32696,0,3,0.9999999999999998,2163,66272,0,0
384,uniform,local_signal,10006,0.2,0.9528993471863162,0.921351285220399,16264,644,101,2.4240000000000013,31,0.014930555555555556,0.014467592592592593,1.0,2304,768,1.1368683772161603e-13,1.0000000000000004,0.17047259979881346,0.970928047597896,146,4064,80,50,0.955060073168782,126,3168,20,17,0.9517623379840205,131,3200,8,7,0.9523874887962315,241,5832,4,7
384,uniform,shuffled_signal,10006,0.2,0.9595930713501947,0.9751801704112185,17792,644,292,7.0080000000000044,25,0.014930555555555556,0.014467592592592593,1.0,2304,768,1.7053025658242404e-13,1.0000000000000004,0.17526439996436238,0.959633983192894,146,4440,43,17,0.9599761622113858,126,3504,12,15,0.9626078986600193,131,3528,3,2,0.9578941122646868,241,6320,5,4
384,uniform,fixed,10007,0.2,0.9250816078272033,0.8267766252640469,0,0,0,0.0,33,0.0,0.0,1.0,2304,768,1.7053025658242404e-13,1.0000000000000004,0.10759750008583069,0.9396663568581096,0,0,34,1,0.9246083885485887,0,0,1,0,0.9251219948061917,0,0,0,1,0.9252980239770167,0,0,0,0
384,uniform,periodic,10007,0.2,0.9824194711231999,0.9873536488833942,171192,5755,4134,99.21600000000021,19,0.128125,0.12604166666666666,1.0,2304,768,1.7053025658242404e-13,1.0000000000000004,0.4747015000320971,0.9898570005815308,1435,44032,17,7,0.9819039713156825,1073,31688,14,8,0.9866789417418887,1089,31968,8,12,0.9805474857176142,2158,63504,23,16
384,uniform,local_signal,10007,0.2,0.9565830831118957,0.9723158239712563,13064,509,106,2.5440000000000005,26,0.011458333333333333,0.011921296296296296,1.0,2304,768,2.2737367544323206e-13,1.0000000000000002,0.14767240011133254,0.9743695651779993,110,3088,66,40,0.9571598335564492,100,2584,19,21,0.956503568927839,106,2632,13,12,0.956334464981647,193,4760,12,11
384,uniform,shuffled_signal,10007,0.2,0.9552517249270052,0.9960339964025218,13776,509,195,4.680000000000003,20,0.011458333333333333,0.011921296296296296,1.0,2304,768,1.7053025658242404e-13,1.0000000000000002,0.13586669997312129,0.9568114788888348,110,3408,36,13,0.9537847173819088,100,2840,4,7,0.9561244161240755,106,2736,1,1,0.9555488831010182,193,4792,1,1
384,uniform,fixed,10008,0.2,0.9356454618752148,0.9040178723662469,0,0,0,0.0,34,0.0,0.0,1.0,2304,768,1.7053025658242404e-13,1.0000000000000002,0.10831939987838268,0.9580585708965171,0,0,27,0,0.9368933621775515,0,0,6,0,0.9355596010557858,0,0,1,0,0.9350644421337608,0,0,0,0
384,uniform,periodic,10008,0.2,0.9795783552971782,0.9999999999999966,171200,5750,4150,99.60000000000022,9,0.12222222222222222,0.12361111111111112,1.0,2304,768,2.8421709430404007e-13,1.0000000000000004,0.48614389984868467,0.9872520257801269,1430,43536,14,2,0.9790226999303732,1086,32200,1,2,0.9780584399485427,1068,31480,3,2,0.9806161406548987,2166,63984,2,5
384,uniform,local_signal,10008,0.2,0.9510986601584793,0.9950972319871981,12184,489,56,1.3440000000000005,24,0.010763888888888889,0.010300925925925925,1.0,2304,768,1.7053025658242404e-13,1.0000000000000004,0.14171830005943775,0.9701131712143268,113,3040,46,20,0.9511775545539766,95,2320,7,8,0.9510950025250556,91,2216,5,3,0.9510610417774423,190,4608,4,7
384,uniform,shuffled_signal,10008,0.2,0.9438953762430269,0.9660171817698305,13528,489,224,5.376000000000003,26,0.010763888888888889,0.010300925925925925,1.0,2304,768,1.7053025658242404e-13,1.0000000000000004,0.13731619995087385,0.965236172197669,113,3424,32,7,0.9473217479491345,95,2664,4,5,0.9443732962379712,91,2480,3,0,0.9419432303925009,190,4960,2,3
384,uniform,fixed,10009,0.2,0.9476653270932784,0.9181627184342764,0,0,0,0.0,30,0.0,0.0,1.0,2304,768,1.7053025658242404e-13,1.0000000000000002,0.1316877999342978,0.9598313873899824,0,0,30,0,0.946817319506671,0,0,0,0,0.9476656328314746,0,0,0,0,0.9480891780174842,0,0,0,0
384,uniform,periodic,10009,0.2,0.9875074799064228,0.9999999999999956,173552,5755,4429,106.29600000000048,12,0.12777777777777777,0.12453703703703704,1.0,2304,768,2.2737367544323206e-13,1.0000000000000004,0.49706749990582466,0.9903474304210378,1435,44064,18,4,0.9853396627392459,1081,32640,1,2,0.9863968856595513,1076,32240,5,7,0.9891466856134472,2163,64608,9,8
384,uniform,local_signal,10009,0.2,0.9619509316126266,0.963892642584015,12872,527,28,0.6720000000000003,28,0.011805555555555555,0.01238425925925926,1.0,2304,768,1.7053025658242404e-13,1.0000000000000004,0.14610569993965328,0.9762579261349427,107,2792,47,19,0.961916539730288,103,2472,0,0,0.9618874308332562,107,2568,0,0,0.9619998779434811,210,5040,0,0
384,uniform,shuffled_signal,10009,0.2,0.9602634559972623,0.9999999999999956,14120,527,184,4.416000000000002,22,0.011805555555555555,0.01238425925925926,1.0,2304,768,1.7053025658242404e-13,1.0000000000000002,0.16403240012004972,0.9656736898362965,107,3288,32,6,0.958811554199427,103,2800,0,3,0.959844012460471,107,2752,1,2,0.9611991286645758,210,5280,0,0
384,uniform,fixed,10010,0.2,0.9387886520033508,0.9101670896108855,0,0,0,0.0,33,0.0,0.0,1.0,2304,768,1.7053025658242404e-13,1.0000000000000004,0.12203250010497868,0.9623599028959244,0,0,30,0,0.9400900509513173,0,0,2,0,0.938681281917121,0,0,1,0,0.9381916375724823,0,0,0,0
384,uniform,periodic,10010,0.2,0.9885394569199998,0.9999999999999957,174688,5749,4589,110.13600000000062,5,0.12048611111111111,0.12476851851851851,1.0,2304,768,1.7053025658242404e-13,1.0000000000000004,0.5247959000989795,0.9880375295286203,1429,44024,13,8,0.9821676810165835,1066,32176,9,5,0.9896896051127624,1078,32672,1,5,0.9911502707753266,2176,65816,5,5
384,uniform,local_signal,10010,0.2,0.9539445285405372,0.9999999999999951,11440,466,32,0.7680000000000003,25,0.010069444444444445,0.01087962962962963,1.0,2304,768,1.7053025658242404e-13,1.0000000000000002,0.14181650010868907,0.9730275484148118,94,2496,38,17,0.9575526082276461,87,2104,6,2,0.9533174390688387,94,2256,0,0,0.952454033432832,191,4584,0,0
384,uniform,shuffled_signal,10010,0.2,0.9515995997621906,0.9956947529491165,12696,466,189,4.536000000000002,24,0.010069444444444445,0.01087962962962963,1.0,2304,768,1.7053025658242404e-13,1.0000000000000002,0.13294180016964674,0.9658265188957067,94,2824,31,5,0.9515944730168635,87,2440,1,6,0.952497959769745,94,2544,1,0,0.9511529831310769,191,4888,3,1
384,uniform,fixed,10011,0.2,0.8898134717949511,0.407342188277438,0,0,0,0.0,48,0.0,0.0,1.0,2304,768,1.7053025658242404e-13,1.0000000000000004,0.10682599991559982,0.9113222230218133,0,0,51,1,0.8889603561164631,0,0,2,2,0.8899871185782245,0,0,0,1,0.8901532062425581,0,0,0,1
384,uniform,periodic,10011,0.2,0.9510231111423582,0.9573799802394733,166472,5749,3562,85.48799999999983,20,0.12604166666666666,0.12511574074074075,1.0,2304,768,1.7053025658242404e-13,1.0000000000000004,0.5029319999739528,0.9663952830571396,1429,42640,42,16,0.9482733100917866,1077,30856,7,6,0.9493200955947763,1081,30944,12,17,0.9532495194414352,2162,62032,14,16
384,uniform,local_signal,10011,0.2,0.9144611901987021,0.7412151073740241,19480,779,98,2.352000000000001,38,0.017361111111111112,0.017013888888888887,1.0,2304,768,1.7053025658242404e-13,1.0000000000000004,0.15128529979847372,0.941546091802494,182,4904,90,51,0.9129471007700929,153,3768,13,12,0.9161963561128682,154,3792,12,12,0.9143506519559234,290,7016,6,8
384,uniform,shuffled_signal,10011,0.2,0.9258447259957752,0.8461963480362056,21968,779,409,9.816000000000008,31,0.017361111111111112,0.017013888888888887,1.0,2304,768,1.7053025658242404e-13,1.0000000000000002,0.16194600006565452,0.9349527702221743,182,5576,43,12,0.9277064651699108,153,4376,1,3,0.924628433090386,154,4288,5,4,0.9255220028614018,290,7728,7,6
384,persistent_damage,fixed,10000,0.2,0.7188606497350566,0.005520850875283822,0,0,0,0.0,118,0.0,0.0,1.0,2304,768,1.1368683772161603e-13,1.0000000000000004,0.13159799994900823,0.912898444837573,0,0,55,0,0.7546920067664634,0,0,57,0,0.7103381794891418,0,0,5,0,0.7052062063423107,0,0,1,0
384,persistent_damage,periodic,10000,0.2,0.8671978012154161,0.2960359210156426,165304,5749,3416,81.9839999999997,63,0.12569444444444444,0.12569444444444444,1.0,2304,768,1.7053025658242404e-13,1.0000000000000004,0.45430100010707974,0.9721911211856071,1429,43088,44,11,0.8765741252100188,1083,31248,44,16,0.8636427889325011,1086,30848,12,8,0.8642871453595723,2151,60120,30,32
384,persistent_damage,local_signal,10000,0.2,0.8259314666990236,0.1863899922495125,36272,1460,154,3.6960000000000015,85,0.040625,0.03680555555555556,1.0,2304,768,1.7053025658242404e-13,1.0000000000000002,0.2066018998157233,0.9395754493559975,217,5768,95,46,0.8326146844187994,334,8488,78,49,0.8267655658236216,295,7192,14,12,0.8221728082768369,614,14824,8,3
384,persistent_damage,shuffled_signal,10000,0.2,0.7896157920093343,0.15200773948404597,40912,1460,734,17.616000000000014,92,0.040625,0.03680555555555556,1.0,2304,768,1.1368683772161603e-13,1.0000000000000002,0.20568330003879964,0.937744192969534,217,6472,55,19,0.8045781353238293,334,9448,75,15,0.7877562814511853,295,8096,10,10,0.7830643756311614,614,16896,26,30
384,persistent_damage,fixed,10001,0.2,0.713596258959818,0.04546915989372263,0,0,0,0.0,143,0.0,0.0,1.0,2304,768,1.7053025658242404e-13,1.0000000000000004,0.11367739993147552,0.9634040822441016,0,0,27,1,0.7864059676493362,0,0,98,0,0.6995047097420215,0,0,17,0,0.6842371792239572,0,0,2,0
384,persistent_damage,periodic,10001,0.2,0.9457043810116257,0.9205704295678803,172392,5752,4293,103.03200000000035,32,0.1267361111111111,0.12708333333333333,1.0,2304,768,1.7053025658242404e-13,1.0000000000000004,0.47106669982895255,0.9925028760309238,1432,44120,11,3,0.9489903207665962,1071,32128,30,10,0.9408085429009175,1098,32472,18,14,0.9465093301894949,2151,63672,20,20
384,persistent_damage,local_signal,10001,0.2,0.8721559831162802,0.38524082646583213,28008,1115,156,3.744000000000002,69,0.034375,0.03009259259259259,1.0,2304,768,1.1368683772161603e-13,1.0000000000000002,0.19181200000457466,0.978586169902056,75,2040,41,22,0.8886811563064102,276,7424,110,64,0.8711850739524829,260,6400,22,20,0.864378851103114,504,12144,9,7
384,persistent_damage,shuffled_signal,10001,0.2,0.8635185685551807,0.31310550090032,31600,1115,605,14.52000000000001,63,0.034375,0.03009259259259259,1.0,2304,768,1.1368683772161603e-13,1.0000000000000004,0.19346729991957545,0.9754357407997762,75,2288,20,3,0.8805022384145479,276,8200,61,19,0.8573194148732874,260,7376,32,24,0.8581263104664439,504,13736,10,14
384,persistent_damage,fixed,10002,0.2,0.7119996142815523,0.002071614398894876,0,0,0,0.0,127,0.0,0.0,1.0,2304,768,1.7053025658242404e-13,1.0000000000000002,0.10416009998880327,0.9239589950842046,0,0,44,0,0.7647926209890201,0,0,68,0,0.7002809229444273,0,0,12,0,0.691462456596381,0,0,3,0
384,persistent_damage,periodic,10002,0.2,0.8872799598395111,0.37404731365752836,168552,5755,3804,91.2959999999999,47,0.12916666666666668,0.12569444444444444,1.0,2304,768,1.7053025658242404e-13,1.0000000000000004,0.4496798999607563,0.9642253325480262,1435,43328,35,9,0.8785978628019795,1074,31080,46,11,0.8785392540936765,1086,31448,15,24,0.895991361231194,2160,62696,25,30
384,persistent_damage,local_signal,10002,0.2,0.7978679613237929,0.16504084278743572,38224,1556,110,2.640000000000001,92,0.04618055555555556,0.04097222222222222,1.0,2304,768,1.7053025658242404e-13,1.0000000000000002,0.19474110007286072,0.9410764197570168,146,3800,61,27,0.8067311580728834,356,8888,82,19,0.7943698061549793,370,9104,17,20,0.7951854405336544,684,16432,2,4
384,persistent_damage,shuffled_signal,10002,0.2,0.8491012633985113,0.20016791123982447,43728,1556,798,19.152000000000015,67,0.04618055555555556,0.04097222222222222,1.0,2304,768,1.7053025658242404e-13,1.0000000000000002,0.23358640004880726,0.9365404370772135,146,4288,41,3,0.853633642962601,356,10080,38,6,0.8467661037588085,370,10352,6,9,0.848002653436318,684,19008,11,11
384,persistent_damage,fixed,10003,0.2,0.6844180796042382,0.004933342743888464,0,0,0,0.0,144,0.0,0.0,1.0,2304,768,1.7053025658242404e-13,1.0000000000000002,0.11482999986037612,0.9361844025344025,0,0,37,0,0.7367183695795414,0,0,92,0,0.6712287455084995,0,0,13,0,0.6648626016644559,0,0,2,0
384,persistent_damage,periodic,10003,0.2,0.9264020410955486,0.8366388763989161,170736,5758,4068,97.63200000000015,40,0.12604166666666666,0.12523148148148147,1.0,2304,768,1.1368683772161603e-13,1.0000000000000004,0.45532619999721646,0.9867436330371383,1438,44328,17,10,0.9271732477908601,1089,32048,45,11,0.9280313689087591,1082,31680,12,19,0.9252017738412874,2149,62680,30,24
384,persistent_damage,local_signal,10003,0.2,0.8265951624020623,0.22999226839353895,37000,1450,275,6.600000000000005,79,0.04131944444444444,0.034837962962962966,1.0,2304,768,1.7053025658242404e-13,1.0000000000000004,0.2036836000625044,0.9595493317196649,146,4008,70,38,0.8179252860892053,379,10048,122,65,0.823957937053169,335,8368,24,34,0.8322487132329377,590,14576,35,35
384,persistent_damage,shuffled_signal,10003,0.2,0.8243155396613318,0.22563333213770612,41480,1450,835,20.040000000000013,81,0.04131944444444444,0.034837962962962966,1.0,2304,768,1.7053025658242404e-13,1.0000000000000004,0.24445939995348454,0.9593941610825895,146,4480,40,12,0.8367733528479492,379,11200,77,28,0.8280355495101301,335,9440,19,17,0.816226628143624,590,16360,14,12
384,persistent_damage,fixed,10004,0.2,0.6794234758079122,0.00013003864408725937,0,0,0,0.0,137,0.0,0.0,1.0,2304,768,1.7053025658242404e-13,1.0000000000000002,0.10819799988530576,0.8803304483148173,0,0,62,2,0.7168211897987586,0,0,57,0,0.6754223399198444,0,0,15,0,0.662725186756523,0,0,5,0
384,persistent_damage,periodic,10004,0.2,0.8475232453871487,0.20379704870380888,164824,5757,3332,79.96799999999973,67,0.121875,0.12395833333333334,1.0,2304,768,1.7053025658242404e-13,1.0000000000000002,0.47124999994412065,0.9561249794139738,1437,42944,71,27,0.8480927963766,1088,31016,57,25,0.8466185608509481,1071,30312,21,32,0.8476908121605234,2161,60552,48,46
384,persistent_damage,local_signal,10004,0.2,0.7998259539367871,0.10762380521726528,39280,1572,194,4.656000000000003,83,0.04027777777777778,0.03657407407407407,1.0,2304,768,1.7053025658242404e-13,1.0000000000000004,0.2036248000804335,0.9166096007630156,284,7608,117,58,0.806968760372165,348,8888,75,47,0.7997356276643094,329,8048,12,18,0.7962997138553369,611,14736,7,5
384,persistent_damage,shuffled_signal,10004,0.2,0.7633238694293477,0.01697656482290195,43160,1572,679,16.296000000000014,90,0.04027777777777778,0.03657407407407407,1.0,2304,768,1.7053025658242404e-13,1.0000000000000004,0.20113889989443123,0.9167262236335872,284,8464,68,23,0.7698224318266222,348,9760,48,4,0.7541939223527153,329,8904,11,8,0.7646395617690268,611,16032,6,8
384,persistent_damage,fixed,10005,0.2,0.6710243405303163,0.0,0,0,0,0.0,138,0.0,0.0,1.0,2304,768,1.7053025658242404e-13,1.0000000000000002,0.10818650014698505,0.8746936701293476,0,0,59,1,0.7075165643278521,0,0,74,0,0.6618250109405697,0,0,3,0,0.6573778934264217,0,0,3,0
384,persistent_damage,periodic,10005,0.2,0.8354828569166016,0.09654546224954091,166880,5758,3586,86.06399999999977,63,0.12777777777777777,0.12453703703703704,1.0,2304,768,1.7053025658242404e-13,1.0000000000000002,0.4649249999783933,0.9133616018179002,1438,43008,58,14,0.8355266397670001,1090,31608,27,9,0.8351096303721289,1076,30888,12,12,0.8356475787636388,2154,61376,17,16
384,persistent_damage,local_signal,10005,0.2,0.7714467576229652,0.002413408556194836,41152,1662,158,3.7920000000000016,89,0.04097222222222222,0.040625,1.0,2304,768,1.7053025658242404e-13,1.0000000000000002,0.1907999999821186,0.8926975585742214,259,6600,87,29,0.7727713814462082,365,9336,78,44,0.7703548906325473,357,8696,8,10,0.7713303792065528,681,16520,8,9
384,persistent_damage,shuffled_signal,10005,0.2,0.7799211435715656,0.0018343652659085778,46656,1662,846,20.304000000000013,88,0.04097222222222222,0.040625,1.0,2304,768,1.7053025658242404e-13,1.0000000000000002,0.2149637001566589,0.895566358305213,259,7696,56,7,0.7909629421869144,365,10416,43,6,0.774419397438073,357,9944,10,7,0.7771511173306376,681,18600,2,3
384,persistent_damage,fixed,10006,0.2,0.6896919414155274,0.008337382453483984,0,0,0,0.0,133,0.0,0.0,1.0,2304,768,1.7053025658242404e-13,1.0000000000000004,0.11404280015267432,0.9374892678935358,0,0,46,2,0.7391324339545223,0,0,76,0,0.6784795869895183,0,0,12,0,0.6705778723590344,0,0,1,0
384,persistent_damage,periodic,10006,0.2,0.9491805315727058,0.8753866401721273,170424,5753,4044,97.05600000000013,32,0.12361111111111112,0.12418981481481481,1.0,2304,768,1.7053025658242404e-13,1.0000000000000004,0.4936472000554204,0.9985394656111328,1433,44336,6,5,0.9584829717312665,1084,32160,55,19,0.945411843150666,1073,31256,30,35,0.9464136557044454,2163,62672,46,46
384,persistent_damage,local_signal,10006,0.2,0.8215121754167136,0.1918295493099763,34704,1386,180,4.320000000000003,76,0.042708333333333334,0.03449074074074074,1.0,2304,768,1.1368683772161603e-13,1.0000000000000004,0.18118770001456141,0.970928047597896,146,4064,80,50,0.8319820840758386,345,8992,116,65,0.8153098517396378,319,7768,16,16,0.8193783829256889,576,13880,2,7
384,persistent_damage,shuffled_signal,10006,0.2,0.8339496017454376,0.24689838718986595,38520,1386,657,15.768000000000011,72,0.042708333333333334,0.03449074074074074,1.0,2304,768,1.1368683772161603e-13,1.0000000000000002,0.18395709991455078,0.959633983192894,146,4440,43,17,0.8387287783821994,345,9872,60,13,0.8284775639544611,319,8704,21,22,0.8342960323225451,576,15504,11,11
384,persistent_damage,fixed,10007,0.2,0.6862447834725948,0.010313420716301471,0,0,0,0.0,137,0.0,0.0,1.0,2304,768,1.1368683772161603e-13,1.0000000000000002,0.10886709997430444,0.9396663568581096,0,0,34,1,0.7481912923105721,0,0,93,0,0.6718225023714413,0,0,8,0,0.6624826696041828,0,0,3,0
384,persistent_damage,periodic,10007,0.2,0.8766503851613978,0.3218055317358948,167960,5755,3730,89.5199999999999,70,0.128125,0.12604166666666666,1.0,2304,768,1.7053025658242404e-13,1.0000000000000004,0.4756030000280589,0.9898570005815308,1435,44032,17,7,0.8823310947654804,1073,31368,77,20,0.8747365276217997,1089,31176,21,29,0.8747669591291556,2158,61384,42,31
384,persistent_damage,local_signal,10007,0.2,0.8432106364121962,0.22647790296516204,33680,1339,193,4.632000000000003,77,0.04027777777777778,0.035069444444444445,1.0,2304,768,1.1368683772161603e-13,1.0000000000000004,0.18924070009961724,0.9743695651779993,110,3088,66,40,0.8491975253634547,338,8888,119,60,0.838626845963023,315,7712,15,19,0.8425090871611536,576,13992,4,8
384,persistent_damage,shuffled_signal,10007,0.2,0.8279982722650266,0.24606499835626533,37600,1339,683,16.392000000000014,76,0.04027777777777778,0.035069444444444445,1.0,2304,768,1.1368683772161603e-13,1.0000000000000002,0.18144700000993907,0.9568114788888348,110,3408,36,13,0.8425784618072065,338,9880,74,17,0.8156064528046628,315,8680,10,13,0.8269040872241186,576,15632,16,17
384,persistent_damage,fixed,10008,0.2,0.7101371921035965,0.031394196391577124,0,0,0,0.0,134,0.0,0.0,1.0,2304,768,1.7053025658242404e-13,1.0000000000000002,0.12442769994959235,0.9580585708965171,0,0,27,0,0.7635013856000121,0,0,100,0,0.695532160682637,0,0,6,0,0.6907576110658682,0,0,1,0
384,persistent_damage,periodic,10008,0.2,0.9021948702508694,0.6077436970166963,169632,5750,3954,94.89600000000004,44,0.12222222222222222,0.12361111111111112,1.0,2304,768,1.7053025658242404e-13,1.0000000000000002,0.48116630013100803,0.9872520257801269,1430,43536,14,2,0.9022843512701977,1086,31888,48,11,0.897539150784165,1068,31088,21,19,0.9044779894745574,2166,63120,28,35
384,persistent_damage,local_signal,10008,0.2,0.8602535706189017,0.24844954237371664,30696,1216,189,4.536000000000002,73,0.035416666666666666,0.03252314814814815,1.0,2304,768,1.1368683772161603e-13,1.0000000000000002,0.21218610019423068,0.9701131712143268,113,3040,46,20,0.8658564608315614,294,7704,105,64,0.863813567373032,250,6160,14,10,0.855672127135507,559,13792,22,20
384,persistent_damage,shuffled_signal,10008,0.2,0.8389898180683443,0.20173978814851773,34336,1216,644,15.456000000000012,72,0.035416666666666666,0.03252314814814815,1.0,2304,768,1.7053025658242404e-13,1.0000000000000004,0.1812919001094997,0.965236172197669,113,3424,32,7,0.8336329399620355,294,8480,68,18,0.834286904378461,250,6976,5,7,0.8440197139664405,559,15456,27,28
384,persistent_damage,fixed,10009,0.2,0.7539747528574331,0.06759218442586072,0,0,0,0.0,114,0.0,0.0,1.0,2304,768,1.7053025658242404e-13,1.0000000000000002,0.11538670002482831,0.9598313873899824,0,0,30,0,0.8118611629304147,0,0,63,0,0.7401311537698253,0,0,18,0,0.731953347364746,0,0,3,0
384,persistent_damage,periodic,10009,0.2,0.9437257980595554,0.9009237870508098,172624,5755,4313,103.51200000000037,31,0.12777777777777777,0.12453703703703704,1.0,2304,768,1.7053025658242404e-13,1.0000000000000004,0.4853316000662744,0.9903474304210378,1435,44064,18,4,0.9444602349294412,1081,32256,22,7,0.940356466500017,1076,31848,7,5,0.945043245404382,2163,64456,12,12
384,persistent_damage,local_signal,10009,0.2,0.8658060629747191,0.23377389268183044,28416,1144,120,2.8800000000000012,67,0.034027777777777775,0.029976851851851852,1.0,2304,768,1.7053025658242404e-13,1.0000000000000004,0.1716418000869453,0.9762579261349427,107,2792,47,19,0.8881346118584564,245,6432,75,42,0.8590782415793055,275,6736,29,20,0.8580056992305573,517,12456,7,10
384,persistent_damage,shuffled_signal,10009,0.2,0.851035435441905,0.22368607109120253,31608,1144,519,12.45600000000001,70,0.034027777777777775,0.029976851851851852,1.0,2304,768,1.7053025658242404e-13,1.0000000000000002,0.20142489997670054,0.9656736898362965,107,3288,32,6,0.8724951715760453,245,7064,61,17,0.8399955342715952,275,7584,17,13,0.8458255179599895,517,13672,6,10
384,persistent_damage,fixed,10010,0.2,0.7256556522739527,0.04063934395028403,0,0,0,0.0,136,0.0,0.0,1.0,2304,768,1.1368683772161603e-13,1.0000000000000004,0.11835310002788901,0.9623599028959244,0,0,30,0,0.7768203560479081,0,0,92,0,0.7128137879375915,0,0,14,0,0.7064942325551555,0,0,0,0
384,persistent_damage,periodic,10010,0.2,0.9173721316221929,0.6157062687679631,170264,5749,4036,96.86400000000012,41,0.12048611111111111,0.12476851851851851,1.0,2304,768,1.7053025658242404e-13,1.0000000000000004,0.4828827001620084,0.9880375295286203,1429,44024,13,8,0.917827028272957,1066,31360,51,12,0.9133690050243386,1078,31360,17,22,0.9191462465957377,2176,63520,30,28
384,persistent_damage,local_signal,10010,0.2,0.8432306298197848,0.22599127968044638,30400,1224,128,3.0720000000000014,72,0.03576388888888889,0.03217592592592593,1.0,2304,768,1.1368683772161603e-13,1.0000000000000002,0.19916209997609258,0.9730275484148118,94,2496,38,17,0.8582987319083769,296,7712,98,50,0.8383912128734505,291,7112,18,13,0.838116287248656,543,13080,3,5
384,persistent_damage,shuffled_signal,10010,0.2,0.8276987444390477,0.1945001178467615,33568,1224,524,12.57600000000001,80,0.03576388888888889,0.03217592592592593,1.0,2304,768,1.7053025658242404e-13,1.0000000000000004,0.20608639996498823,0.9658265188957067,94,2824,31,5,0.8443478087314912,296,8344,61,14,0.8320284817718181,291,7984,13,8,0.8172093436264407,543,14416,4,2
384,persistent_damage,fixed,10011,0.2,0.6543515676832283,0.0019457762491113938,0,0,0,0.0,144,0.0,0.0,1.0,2304,768,1.1368683772161603e-13,1.0000000000000004,0.12999169994145632,0.9113222230218133,0,0,51,1,0.7037772597142697,0,0,86,0,0.6416540132996297,0,0,6,0,0.635987498859507,0,0,2,0
384,persistent_damage,periodic,10011,0.2,0.8280785463980281,0.1923813688328496,163488,5749,3189,76.5359999999996,89,0.12604166666666666,0.12511574074074075,1.0,2304,768,1.1368683772161603e-13,1.0000000000000002,0.43636119994334877,0.9663952830571396,1429,42640,42,16,0.8399310033641365,1077,30720,61,12,0.8323990291332212,1081,30544,18,17,0.8199920765473774,2162,59584,53,40
384,persistent_damage,local_signal,10011,0.2,0.7639497733316963,0.09727284889121231,42808,1727,170,4.080000000000002,101,0.053125,0.044328703703703703,1.0,2304,768,1.1368683772161603e-13,1.0000000000000004,0.20443110004998744,0.941546091802494,182,4904,90,51,0.7825839488754294,404,10328,111,46,0.7549332750031806,397,9672,16,18,0.7591409347240875,744,17904,3,4
384,persistent_damage,shuffled_signal,10011,0.2,0.7988593322376459,0.05602150466257482,48664,1727,902,21.648000000000017,85,0.053125,0.044328703703703703,1.0,2304,768,1.1368683772161603e-13,1.0000000000000002,0.24070630013011396,0.9349527702221743,182,5576,43,12,0.8087844006665337,404,11664,60,14,0.7991327922447672,397,11144,15,8,0.7937600680196412,744,20280,19,18
384,repeated_damage,fixed,10000,0.2,0.7631860508086212,0.08453369214534028,0,0,0,0.0,113,0.0,0.0,1.0,2304,768,1.1368683772161603e-13,1.0000000000000002,0.12844070000573993,0.912898444837573,0,0,55,0,0.7546920067664634,0,0,57,0,0.8533485553424476,0,0,0,52,0.7223518205627872,0,0,53,0
384,repeated_damage,periodic,10000,0.2,0.8979328183626505,0.5953158409764945,166952,5749,3622,86.92799999999977,58,0.12569444444444444,0.12569444444444444,1.0,2304,768,2.2737367544323206e-13,1.0000000000000004,0.5140927999746054,0.9721911211856071,1429,43088,44,11,0.8765741252100188,1083,31248,44,16,0.9546306872988896,1086,31368,11,49,0.8802632304708469,2151,61248,66,31
384,repeated_damage,local_signal,10000,0.2,0.8463860551822352,0.46624640264118933,36880,1471,197,4.728000000000002,100,0.019097222222222224,0.04479166666666667,1.0,2304,768,1.7053025658242404e-13,1.0000000000000002,0.19548900006338954,0.9395754493559975,217,5768,95,46,0.8326146844187994,334,8488,78,49,0.9233444834685309,190,4664,1,42,0.8147925264208051,730,17960,104,41
384,repeated_damage,shuffled_signal,10000,0.2,0.831376572052251,0.3838648672337326,40744,1471,680,16.32000000000001,92,0.019097222222222224,0.04479166666666667,1.0,2304,768,1.1368683772161603e-13,1.0000000000000002,0.2063643999863416,0.937744192969534,217,6472,55,19,0.8045781353238293,334,9448,75,15,0.9183091580380714,190,5224,3,66,0.8013094974235517,730,19600,78,19
384,repeated_damage,fixed,10001,0.2,0.7923854180804398,0.2902387699442062,0,0,0,0.0,143,0.0,0.0,1.0,2304,768,1.7053025658242404e-13,1.0000000000000002,0.10858660005033016,0.9634040822441016,0,0,27,1,0.7864059676493362,0,0,98,0,0.9181036519736742,0,0,0,94,0.7325160263493742,0,0,113,0
384,repeated_damage,periodic,10001,0.2,0.9556981044976911,0.9064123128108956,173016,5752,4371,104.90400000000042,33,0.1267361111111111,0.12708333333333333,1.0,2304,768,1.7053025658242404e-13,1.0000000000000004,0.5197558999061584,0.9925028760309238,1432,44120,11,3,0.9489903207665962,1071,32128,30,10,0.986961932052809,1098,33200,5,26,0.9434200825856796,2151,63568,40,14
384,repeated_damage,local_signal,10001,0.2,0.8938481468850783,0.6599616350847627,28584,1108,249,5.9760000000000035,88,0.006944444444444444,0.040393518518518516,1.0,2304,768,1.1368683772161603e-13,1.0000000000000002,0.19429840007796884,0.978586169902056,75,2040,41,22,0.8886811563064102,276,7424,110,64,0.9724214933457489,106,2688,5,55,0.857144968944077,651,16432,139,66
384,repeated_damage,shuffled_signal,10001,0.2,0.8780895760519979,0.5380714175493124,31528,1108,617,14.80800000000001,86,0.006944444444444444,0.040393518518518516,1.0,2304,768,1.1368683772161603e-13,1.0000000000000004,0.18162719998508692,0.9754357407997762,75,2288,20,3,0.8805022384145479,276,8200,61,19,0.9605629803430946,106,2904,1,43,0.8356465427251745,651,18136,111,42
384,repeated_damage,fixed,10002,0.2,0.7705214365107887,0.042001647885220025,0,0,0,0.0,135,0.0,0.0,1.0,2304,768,1.7053025658242404e-13,1.0000000000000004,0.11686960002407432,0.9239589950842046,0,0,44,0,0.7647926209890201,0,0,68,0,0.8725643993583898,0,0,0,56,0.7223643628478725,0,0,79,0
384,repeated_damage,periodic,10002,0.2,0.8924350203501419,0.5898490411758508,168960,5755,3855,92.51999999999995,64,0.12916666666666668,0.12569444444444444,1.0,2304,768,1.7053025658242404e-13,1.0000000000000004,0.5060362999793142,0.9642253325480262,1435,43328,35,9,0.8785978628019795,1074,31080,46,11,0.9512576151464924,1086,32136,3,45,0.8699423017260477,2160,62416,75,30
384,repeated_damage,local_signal,10002,0.2,0.8278926441950625,0.38844848478538596,36464,1468,154,3.696000000000002,106,0.01840277777777778,0.04675925925925926,1.0,2304,768,1.7053025658242404e-13,1.0000000000000004,0.1813665998633951,0.9410764197570168,146,3800,61,27,0.8067311580728834,356,8888,82,19,0.9181735550466403,208,5040,0,61,0.793332931830363,758,18736,113,43
384,repeated_damage,shuffled_signal,10002,0.2,0.8406068010381672,0.3985076708719736,40712,1468,685,16.440000000000012,93,0.01840277777777778,0.04675925925925926,1.0,2304,768,1.7053025658242404e-13,1.0000000000000004,0.1984453999903053,0.9365404370772135,146,4288,41,3,0.853633642962601,356,10080,38,6,0.9181477659801632,208,5728,0,32,0.7953228976049525,758,20616,74,19
384,repeated_damage,fixed,10003,0.2,0.7523789259801996,0.12937120104624686,0,0,0,0.0,145,0.0,0.0,1.0,2304,768,1.7053025658242404e-13,1.0000000000000002,0.11547109996899962,0.9361844025344025,0,0,37,0,0.7367183695795414,0,0,92,0,0.8817424768311517,0,0,0,86,0.6955274287550528,0,0,102,0
384,repeated_damage,periodic,10003,0.2,0.9235240428410649,0.6962210987547433,171296,5758,4138,99.31200000000021,54,0.12604166666666666,0.12523148148148147,1.0,2304,768,2.2737367544323206e-13,1.0000000000000004,0.5182486001867801,0.9867436330371383,1438,44328,17,10,0.9271732477908601,1089,32048,45,11,0.9758937287735399,1082,32216,10,41,0.89551459739993,2149,62704,77,33
384,repeated_damage,local_signal,10003,0.2,0.8559195610729714,0.534988342454238,34888,1353,302,7.248000000000005,90,0.008680555555555556,0.043055555555555555,1.0,2304,768,1.7053025658242404e-13,1.0000000000000004,0.195419899886474,0.9595493317196649,146,4008,70,38,0.8179252860892053,379,10048,122,65,0.9509436902821393,142,3608,4,75,0.8274046339602708,686,17224,123,51
384,repeated_damage,shuffled_signal,10003,0.2,0.8648460468515332,0.5487687803402606,39320,1353,856,20.54399999999997,72,0.008680555555555556,0.043055555555555555,1.0,2304,768,1.7053025658242404e-13,1.0000000000000004,0.23956290003843606,0.9593941610825895,146,4480,40,12,0.8367733528479492,379,11200,77,28,0.9497850659246607,142,4064,1,58,0.8364128843167615,686,19576,75,23
384,repeated_damage,fixed,10004,0.2,0.7282271070520132,0.001032768091025606,0,0,0,0.0,127,0.0,0.0,1.0,2304,768,1.7053025658242404e-13,1.0000000000000002,0.10989930015057325,0.8803304483148173,0,0,62,2,0.7168211897987586,0,0,57,0,0.8215404422626561,0,0,0,48,0.6872733980733192,0,0,58,0
384,repeated_damage,periodic,10004,0.2,0.8603961428341069,0.40643791918998895,165360,5757,3399,81.57599999999974,75,0.121875,0.12395833333333334,1.0,2304,768,1.7053025658242404e-13,1.0000000000000002,0.5513329999521375,0.9561249794139738,1437,42944,71,27,0.8480927963766,1088,31016,57,25,0.9259065593188682,1071,30528,13,43,0.8337926078204797,2161,60872,62,33
384,repeated_damage,local_signal,10004,0.2,0.8170826148467892,0.26656611379929046,39672,1583,210,5.040000000000004,94,0.01840277777777778,0.04421296296296296,1.0,2304,768,1.7053025658242404e-13,1.0000000000000004,0.25481739989481866,0.9166096007630156,284,7608,117,58,0.806968760372165,348,8888,75,47,0.9088131866315637,219,5368,2,50,0.7762742561917141,732,17808,76,21
384,repeated_damage,shuffled_signal,10004,0.2,0.8087631062374709,0.19794670337389145,43800,1583,726,17.424000000000014,92,0.01840277777777778,0.04421296296296296,1.0,2304,768,1.7053025658242404e-13,1.0000000000000004,0.21326360013335943,0.9167262236335872,284,8464,68,23,0.7698224318266222,348,9760,48,4,0.8919684376097555,219,5848,4,45,0.7866307777567533,732,19728,57,13
384,repeated_damage,fixed,10005,0.2,0.7103371096441905,0.0,0,0,0,0.0,156,0.0,0.0,1.0,2304,768,1.7053025658242404e-13,1.0000000000000002,0.13754400005564094,0.8746936701293476,0,0,59,1,0.7075165643278521,0,0,74,0,0.8186670811714204,0,0,0,66,0.6575823965387447,0,0,90,0
384,repeated_damage,periodic,10005,0.2,0.8486818435382112,0.15507913324497022,167552,5758,3670,88.07999999999981,64,0.12777777777777777,0.12453703703703704,1.0,2304,768,1.7053025658242404e-13,1.0000000000000002,0.5157758998684585,0.9133616018179002,1438,43008,58,14,0.8355266397670001,1090,31608,27,9,0.887472941539808,1076,30984,4,22,0.8358638964230183,2154,61952,28,8
384,repeated_damage,local_signal,10005,0.2,0.7949748634328618,0.02749224601886628,38640,1553,171,4.104000000000003,87,0.019791666666666666,0.041666666666666664,1.0,2304,768,1.7053025658242404e-13,1.0000000000000004,0.2509924001060426,0.8926975585742214,259,6600,87,29,0.7727713814462082,365,9336,78,44,0.8666384872829567,236,5736,1,43,0.7702447925011414,693,16968,80,43
384,repeated_damage,shuffled_signal,10005,0.2,0.8121821361287941,0.01929801433555346,43808,1553,817,19.608000000000015,83,0.019791666666666666,0.041666666666666664,1.0,2304,768,1.7053025658242404e-13,1.0000000000000002,0.23174119996838272,0.895566358305213,259,7696,56,7,0.7909629421869144,365,10416,43,6,0.8684627720601414,236,6424,1,37,0.7946514151340603,693,19272,33,0
384,repeated_damage,fixed,10006,0.2,0.7628079504834457,0.11206328092034096,0,0,0,0.0,127,0.0,0.0,1.0,2304,768,1.7053025658242404e-13,1.0000000000000004,0.10293619986623526,0.9374892678935358,0,0,46,2,0.7391324339545223,0,0,76,0,0.8774406329100338,0,0,1,69,0.7173293675346133,0,0,75,0
384,repeated_damage,periodic,10006,0.2,0.9412603419624669,0.7550980440405816,170864,5753,4099,98.37600000000018,54,0.12361111111111112,0.12418981481481481,1.0,2304,768,1.7053025658242404e-13,1.0000000000000004,0.513920099940151,0.9985394656111328,1433,44336,6,5,0.9584829717312665,1084,32160,55,19,0.9947151967057039,1073,32048,4,41,0.9059215997064486,2163,62320,122,68
384,repeated_damage,local_signal,10006,0.2,0.85241006857723,0.5190107535204924,33728,1324,244,5.856000000000003,88,0.009027777777777777,0.044675925925925924,1.0,2304,768,1.7053025658242404e-13,1.0000000000000004,0.20055549987591803,0.970928047597896,146,4064,80,50,0.8319820840758386,345,8992,116,65,0.9568678175380916,125,3160,3,69,0.810395186347495,708,17512,128,55
384,repeated_damage,shuffled_signal,10006,0.2,0.8570828336513531,0.43119708830104925,37608,1324,729,17.495999999999995,87,0.009027777777777777,0.044675925925925924,1.0,2304,768,1.1368683772161603e-13,1.0000000000000002,0.22398580005392432,0.959633983192894,146,4440,43,17,0.8387287783821994,345,9872,60,13,0.955326169662056,125,3496,2,56,0.8171381932805781,708,19800,90,22
384,repeated_damage,fixed,10007,0.2,0.7700179806618456,0.10464878151790966,0,0,0,0.0,134,0.0,0.0,1.0,2304,768,1.7053025658242404e-13,1.0000000000000004,0.12307279999367893,0.9396663568581096,0,0,34,1,0.7481912923105721,0,0,93,0,0.883994493532892,0,0,0,89,0.7239430684019591,0,0,97,0
384,repeated_damage,periodic,10007,0.2,0.9032396523311909,0.5796565367143041,169128,5755,3876,93.02399999999997,59,0.128125,0.12604166666666666,1.0,2304,768,1.7053025658242404e-13,1.0000000000000004,0.4884039000608027,0.9898570005815308,1435,44032,17,7,0.8823310947654804,1073,31368,77,20,0.9706404673776161,1089,31744,8,56,0.8799935235908335,2158,61984,64,24
384,repeated_damage,local_signal,10007,0.2,0.8591662295762327,0.5148981977257748,31952,1260,214,5.136000000000003,90,0.009722222222222222,0.04178240740740741,1.0,2304,768,1.1368683772161603e-13,1.0000000000000004,0.17864800011739135,0.9743695651779993,110,3088,66,40,0.8491975253634547,338,8888,119,60,0.9542394309843782,150,3672,0,65,0.8166139809785492,662,16304,111,41
384,repeated_damage,shuffled_signal,10007,0.2,0.8586112805151775,0.46495849180755633,35952,1260,714,17.13600000000001,91,0.009722222222222222,0.04178240740740741,1.0,2304,768,1.7053025658242404e-13,1.0000000000000002,0.19506380008533597,0.9568114788888348,110,3408,36,13,0.8425784618072065,338,9880,74,17,0.9525228771655757,150,4096,0,59,0.8196718915439639,662,18568,83,13
384,repeated_damage,fixed,10008,0.2,0.7859237402645848,0.26833418115627283,0,0,0,0.0,128,0.0,0.0,1.0,2304,768,1.7053025658242404e-13,1.0000000000000002,0.12684560008347034,0.9580585708965171,0,0,27,0,0.7635013856000121,0,0,100,0,0.9110656333286734,0,0,0,84,0.7345639710648267,0,0,86,1
384,repeated_damage,periodic,10008,0.2,0.9299126683893987,0.7939136978653585,170896,5750,4112,98.68800000000019,40,0.12222222222222222,0.12361111111111112,1.0,2304,768,1.7053025658242404e-13,1.0000000000000004,0.4886392999906093,0.9872520257801269,1430,43536,14,2,0.9022843512701977,1086,31888,48,11,0.9706308467025314,1068,31640,2,36,0.9233677377924329,2166,63832,54,29
384,repeated_damage,local_signal,10008,0.2,0.8868641490018228,0.6529336250219117,29168,1142,220,5.280000000000003,89,0.007638888888888889,0.036689814814814814,1.0,2304,768,1.7053025658242404e-13,1.0000000000000002,0.20917919999919832,0.9701131712143268,113,3040,46,20,0.8658564608315614,294,7704,105,64,0.9613005304647235,103,2600,0,50,0.8601498023555032,632,15824,129,57
384,repeated_damage,shuffled_signal,10008,0.2,0.8702842297718019,0.49951483886411824,32320,1142,614,14.736000000000011,76,0.007638888888888889,0.036689814814814814,1.0,2304,768,1.7053025658242404e-13,1.0000000000000004,0.20476770005188882,0.965236172197669,113,3424,32,7,0.8336329399620355,294,8480,68,18,0.9557762042297039,103,2864,0,53,0.845863887447734,632,17552,76,22
384,repeated_damage,fixed,10009,0.2,0.8004861009890837,0.28610585587064613,0,0,0,0.0,118,0.0,0.0,1.0,2304,768,1.7053025658242404e-13,1.0000000000000002,0.11273159994743764,0.9598313873899824,0,0,30,0,0.8118611629304147,0,0,63,0,0.9139023358146222,0,0,0,57,0.7380904526056488,0,0,82,0
384,repeated_damage,periodic,10009,0.2,0.9413254172954005,0.7977492797712361,172192,5755,4259,102.21600000000032,42,0.12777777777777777,0.12453703703703704,1.0,2304,768,1.7053025658242404e-13,1.0000000000000004,0.5553409999702126,0.9903474304210378,1435,44064,18,4,0.9444602349294412,1081,32256,22,7,0.9798117504001271,1076,32080,3,19,0.9205148419260168,2163,63792,49,20
384,repeated_damage,local_signal,10009,0.2,0.8727246942679581,0.5534009656701306,28752,1138,180,4.320000000000002,84,0.011805555555555555,0.04085648148148148,1.0,2304,768,1.7053025658242404e-13,1.0000000000000002,0.19852240011096,0.9762579261349427,107,2792,47,19,0.8881346118584564,245,6432,75,42,0.9545845821811756,137,3376,1,37,0.8240897915161003,649,16152,99,40
384,repeated_damage,shuffled_signal,10009,0.2,0.8583330913952152,0.5009401104598663,31680,1138,546,13.10400000000001,97,0.011805555555555555,0.04085648148148148,1.0,2304,768,1.7053025658242404e-13,1.0000000000000004,0.20087799988687038,0.9656736898362965,107,3288,32,6,0.8724951715760453,245,7064,61,17,0.9430869598786364,137,3680,0,45,0.8088751170630895,649,17648,93,21
384,repeated_damage,fixed,10010,0.2,0.7747564117058512,0.27230016706354926,0,0,0,0.0,135,0.0,0.0,1.0,2304,768,1.1368683772161603e-13,1.0000000000000004,0.09680940001271665,0.9623599028959244,0,0,30,0,0.7768203560479081,0,0,92,0,0.9088932523388207,0,0,1,81,0.7066560192183379,0,0,93,0
384,repeated_damage,periodic,10010,0.2,0.9245444041634816,0.7050921577218852,170880,5749,4113,98.71200000000019,49,0.12048611111111111,0.12476851851851851,1.0,2304,768,1.7053025658242404e-13,1.0000000000000004,0.5618659998290241,0.9880375295286203,1429,44024,13,8,0.917827028272957,1066,31360,51,12,0.9781560912327174,1078,32104,7,41,0.9010972485741258,2176,63392,70,31
384,repeated_damage,local_signal,10010,0.2,0.8557176519783606,0.48464040035418327,32768,1305,181,4.344000000000002,103,0.011111111111111112,0.046412037037037036,1.0,2304,768,1.1368683772161603e-13,1.0000000000000002,0.20996550004929304,0.9730275484148118,94,2496,38,17,0.8582987319083769,296,7712,98,50,0.9525434960215399,147,3608,2,46,0.8060141899917631,768,18952,105,27
384,repeated_damage,shuffled_signal,10010,0.2,0.8514585219515615,0.45934243211825265,36104,1305,598,14.352000000000011,89,0.011111111111111112,0.046412037037037036,1.0,2304,768,1.7053025658242404e-13,1.0000000000000004,0.20343009987846017,0.9658265188957067,94,2824,31,5,0.8443478087314912,296,8344,61,14,0.9509022318327619,147,4120,1,54,0.8052920236209962,768,20816,86,17
384,repeated_damage,fixed,10011,0.2,0.7236784858645693,0.04133660580510958,0,0,0,0.0,138,0.0,0.0,1.0,2304,768,1.7053025658242404e-13,1.0000000000000004,0.14011229993775487,0.9113222230218133,0,0,51,1,0.7037772597142697,0,0,86,0,0.84711599940848,0,0,0,76,0.6719103421677637,0,0,79,1
384,repeated_damage,periodic,10011,0.2,0.8627175077715677,0.4199832282361507,164488,5749,3314,79.53599999999963,75,0.12604166666666666,0.12511574074074075,1.0,2304,768,1.1368683772161603e-13,1.0000000000000002,0.46584119996987283,0.9663952830571396,1429,42640,42,16,0.8399310033641365,1077,30720,61,12,0.9384218993292436,1081,30944,3,51,0.8362585641964453,2162,60184,78,30
384,repeated_damage,local_signal,10011,0.2,0.7907402237256517,0.29237831609863335,41688,1670,201,4.8240000000000025,122,0.01423611111111111,0.05497685185185185,1.0,2304,768,1.1368683772161603e-13,1.0000000000000004,0.24308289983309805,0.941546091802494,182,4904,90,51,0.7825839488754294,404,10328,111,46,0.9124664057855815,185,4560,0,72,0.7339552701207981,899,21896,121,31
384,repeated_damage,shuffled_signal,10011,0.2,0.8265030571129097,0.31054114827358265,47128,1670,881,21.14399999999997,92,0.01423611111111111,0.05497685185185185,1.0,2304,768,1.1368683772161603e-13,1.0000000000000002,0.26031619985587895,0.9349527702221743,182,5576,43,12,0.8087844006665337,404,11664,60,14,0.9217301949168362,185,5248,3,50,0.7877488164341346,899,24640,84,22
384,scarcity,fixed,10000,0.2,0.6367524870956474,0.0,0,0,0,0.0,155,0.0,0.0,1.0,2304,768,7.105427357601002e-14,0.8174958912359939,0.09884350001811981,0.7262952856310094,0,0,154,1,0.6356033676341838,0,0,3,1,0.6366974802143007,0,0,0,0,0.6373545502670525,0,0,0,0
384,scarcity,periodic,10000,0.2,0.654874809208549,0.0,144784,5749,851,20.42399999999981,160,0.12569444444444444,0.12569444444444444,1.0,2304,768,8.526512829121202e-14,1.0000000000000002,0.3770683000329882,0.762778137908354,1429,38816,148,3,0.660556975262381,1083,27008,18,2,0.6531636435557351,1086,26712,3,2,0.6528893090080399,2151,52248,1,3
384,scarcity,local_signal,10000,0.2,0.6462792318092846,0.0,75520,3124,68,1.632000000000001,166,0.07048611111111111,0.07361111111111111,1.0,2304,768,5.684341886080802e-14,1.0,0.28411180013790727,0.7459868397999996,635,15704,191,29,0.6500818087931105,617,14848,9,5,0.6456687063255071,640,15400,4,4,0.6446832060592604,1232,29568,0,0
384,scarcity,shuffled_signal,10000,0.2,0.6498092699834568,0.0,78336,3124,420,10.080000000000007,155,0.07048611111111111,0.07361111111111111,1.0,2304,768,5.684341886080802e-14,1.0000000000000002,0.297169900033623,0.7504293936144095,635,16888,168,12,0.6524117613277969,617,15504,9,8,0.6499973063677533,640,15776,3,3,0.6484140061191384,1232,30168,12,14
384,scarcity,fixed,10001,0.2,0.6476907463001547,0.0,0,0,0,0.0,171,0.0,0.0,1.0,2304,768,5.684341886080802e-14,0.7935364249302357,0.0905742000322789,0.7623426249162056,0,0,168,0,0.649570715015446,0,0,3,0,0.6473100188775469,0,0,0,0,0.6469411256538129,0,0,0,0
384,scarcity,periodic,10001,0.2,0.6538044046226322,0.00959712034567821,141592,5752,443,10.631999999999929,179,0.1267361111111111,0.12708333333333333,1.0,2304,768,5.684341886080802e-14,1.0,0.43438529991544783,0.7844411673179896,1432,37744,175,0,0.655285816919985,1071,25872,5,2,0.6535967313176559,1098,26352,1,0,0.6531675351264439,2151,51624,0,0
384,scarcity,local_signal,10001,0.2,0.6536124101614711,0.0,85392,3530,84,2.016000000000001,191,0.08784722222222222,0.08425925925925926,1.0,2304,768,5.684341886080802e-14,1.0000000000000002,0.30923549993894994,0.7785614853793188,658,16352,222,35,0.6556093959659922,729,17592,12,9,0.6536738380373237,730,17536,3,2,0.6525832033212845,1413,33912,0,0
384,scarcity,shuffled_signal,10001,0.2,0.6545268843323973,0.0,86472,3530,219,5.256000000000004,180,0.08784722222222222,0.08425925925925926,1.0,2304,768,5.684341886080802e-14,1.0000000000000002,0.2809771001338959,0.7811426355011895,658,17200,180,12,0.6578548519822448,729,17784,10,1,0.6542368337713271,730,17576,3,0,0.6530079257880086,1413,33912,0,0
384,scarcity,fixed,10002,0.2,0.6411069704025164,0.0,0,0,0,0.0,171,0.0,0.0,1.0,2304,768,5.684341886080802e-14,0.8387327959562091,0.11582049983553588,0.7454725329006548,0,0,169,0,0.6420639286413709,0,0,1,0,0.6410634219256948,0,0,0,0,0.6406502655215,0,0,1,0
384,scarcity,periodic,10002,0.2,0.6529796285345413,0.0,143216,5755,637,15.287999999999858,168,0.12916666666666668,0.12569444444444444,1.0,2304,768,5.684341886080802e-14,1.0,0.4701493999455124,0.7679766498515294,1435,38488,164,3,0.6586563241076497,1074,26432,8,3,0.6528162976425305,1086,26392,1,0,0.6502229461939925,2160,51904,1,0
384,scarcity,local_signal,10002,0.2,0.6485158096105251,0.0,81352,3375,44,1.0560000000000005,183,0.08263888888888889,0.0806712962962963,1.0,2304,768,5.684341886080802e-14,1.0,0.29013510001823306,0.7603979556118129,638,15640,197,22,0.6508089619247932,681,16352,9,3,0.648080892055044,694,16664,3,2,0.6475866922311319,1362,32696,2,1
384,scarcity,shuffled_signal,10002,0.2,0.6524531913269681,0.0,83640,3375,330,7.920000000000005,171,0.08263888888888889,0.0806712962962963,1.0,2304,768,5.684341886080802e-14,1.0,0.2879405999556184,0.7650579182729577,638,16736,164,3,0.6569109561094096,681,16888,7,0,0.6524743819768061,694,16976,2,1,0.6502137136108284,1362,33040,4,2
384,scarcity,fixed,10003,0.2,0.6404910410618025,0.0,0,0,0,0.0,156,0.0,0.0,1.0,2304,768,5.684341886080802e-14,0.9442666238179377,0.1202549000736326,0.740282291637674,0,0,152,1,0.6415242157880164,0,0,4,0,0.6400987846091462,0,0,1,0,0.6401705819250237,0,0,0,0
384,scarcity,periodic,10003,0.2,0.6515876220249992,0.0012664108074460188,142240,5758,506,12.143999999999886,168,0.12604166666666666,0.12523148148148147,1.0,2304,768,5.684341886080802e-14,1.0,0.5022962000221014,0.7740018825291818,1438,38272,169,4,0.6553588896449264,1089,26416,4,2,0.6507649480681915,1082,25976,1,0,0.6501133251934395,2149,51576,0,0
384,scarcity,local_signal,10003,0.2,0.6496085615937609,0.0,80528,3309,139,3.336000000000001,175,0.07673611111111112,0.07696759259259259,1.0,2304,768,5.684341886080802e-14,1.0000000000000002,0.29974679998122156,0.7642644662584993,652,16384,222,50,0.653511005407323,670,16240,18,15,0.648316884308537,671,16184,10,7,0.648303178329592,1316,31720,13,16
384,scarcity,shuffled_signal,10003,0.2,0.6506879713440442,0.0,82360,3309,368,8.832000000000006,171,0.07673611111111112,0.07696759259259259,1.0,2304,768,5.684341886080802e-14,1.0000000000000002,0.32980030006729066,0.7682496666056423,652,17544,172,10,0.6547685377830152,670,16584,13,6,0.6495049230800536,671,16312,4,2,0.6492392122565539,1316,31920,2,2
384,scarcity,fixed,10004,0.2,0.6337593489093795,0.0,0,0,0,0.0,153,0.0,0.0,1.0,2304,768,8.526512829121202e-14,1.0000000000000002,0.12175010005012155,0.72837907516121,0,0,151,0,0.6325554817614163,0,0,3,1,0.6334247509070111,0,0,0,0,0.634528581484545,0,0,0,0
384,scarcity,periodic,10004,0.2,0.6512077761755537,0.0,146392,5757,1028,24.67199999999985,155,0.121875,0.12395833333333334,1.0,2304,768,1.1368683772161603e-13,1.0,0.4698730001691729,0.756129452736081,1437,38656,157,2,0.6503101621234487,1088,27552,3,1,0.6527313772901218,1071,26784,0,2,0.6508947826443221,2161,53400,4,4
384,scarcity,local_signal,10004,0.2,0.6417000432538682,0.0,78096,3216,114,2.7360000000000007,170,0.07256944444444445,0.07592592592592592,1.0,2304,768,5.684341886080802e-14,1.0000000000000002,0.30141340009868145,0.7446785778355268,650,16136,193,24,0.6415822492490529,624,15120,17,12,0.6420273108845861,661,15960,5,9,0.6415953064409168,1281,30880,9,9
384,scarcity,shuffled_signal,10004,0.2,0.6503681027880396,0.0,81504,3216,540,12.960000000000008,161,0.07256944444444445,0.07592592592592592,1.0,2304,768,5.684341886080802e-14,1.0000000000000002,0.27125629992224276,0.74946289020426,650,17384,168,12,0.653937468888402,624,15656,7,3,0.6514849732301787,661,16528,1,2,0.6480249845167889,1281,31936,10,8
384,scarcity,fixed,10005,0.2,0.6381899712674441,0.0,0,0,0,0.0,147,0.0,0.0,1.0,2304,768,5.684341886080802e-14,0.8499320998267045,0.10844759992323816,0.7195892408182958,0,0,145,0,0.638899629505246,0,0,2,1,0.6380720939221206,0,0,0,0,0.637894080821205,0,0,1,0
384,scarcity,periodic,10005,0.2,0.6581216107232571,0.0,144240,5758,756,18.143999999999767,159,0.12777777777777777,0.12453703703703704,1.0,2304,768,8.526512829121202e-14,1.0,0.45623339992016554,0.7586020835834795,1438,39416,138,2,0.667556316480776,1090,27168,8,2,0.6586949181499056,1076,25960,13,0,0.6531176041311734,2154,51696,4,0
384,scarcity,local_signal,10005,0.2,0.6510778273063955,0.0,71560,2953,86,2.064000000000001,157,0.06666666666666667,0.06909722222222223,1.0,2304,768,5.684341886080802e-14,1.0000000000000002,0.27701079985126853,0.7442952730024445,606,15080,185,36,0.6571025690799618,569,13720,16,9,0.6515475899009453,601,14496,10,7,0.6478305751223375,1177,28264,4,6
384,scarcity,shuffled_signal,10005,0.2,0.6564165609596645,0.0,74520,2953,456,10.944000000000008,158,0.06666666666666667,0.06909722222222223,1.0,2304,768,5.684341886080802e-14,1.0,0.2815775000490248,0.7541422311586761,606,16680,148,8,0.6646869700778418,569,14424,5,0,0.6571807568610947,601,14784,9,1,0.6518992584498607,1177,28632,8,3
384,scarcity,fixed,10006,0.2,0.6458706062374311,0.0,0,0,0,0.0,155,0.0,0.0,1.0,2304,768,8.526512829121202e-14,0.8926224465070295,0.11112929997034371,0.7458180015029936,0,0,147,0,0.6486220023197449,0,0,7,0,0.6454594148724031,0,0,1,0,0.6447005038787883,0,0,0,0
384,scarcity,periodic,10006,0.2,0.6548473501711193,0.0,142472,5753,550,13.199999999999868,171,0.12361111111111112,0.12418981481481481,1.0,2304,768,5.684341886080802e-14,1.0,0.4712197999469936,0.7809977930955213,1433,38336,163,1,0.656798303858307,1084,26360,17,7,0.6548164193118767,1073,25864,1,2,0.6538873387571467,2163,51912,0,0
384,scarcity,local_signal,10006,0.2,0.6533698975478562,0.0,80040,3302,99,2.3760000000000012,177,0.07916666666666666,0.07835648148148149,1.0,2304,768,8.526512829121202e-14,1.0,0.30175390001386404,0.7655962663044207,643,16056,210,39,0.6583438299208805,675,16344,23,19,0.6530915502891029,672,16136,2,1,0.6510221049907209,1312,31504,3,2
384,scarcity,shuffled_signal,10006,0.2,0.6547319832289226,0.0,81944,3302,337,8.088000000000006,174,0.07916666666666666,0.07835648148148149,1.0,2304,768,8.526512829121202e-14,1.0000000000000002,0.2948493999429047,0.7724772448285392,643,17176,170,7,0.6610393435602103,675,16624,16,7,0.6542303521007453,672,16328,3,3,0.6518291186273675,1312,31816,3,1
384,scarcity,fixed,10007,0.2,0.6357981089290731,0.0,0,0,0,0.0,153,0.0,0.0,1.0,2304,768,1.1368683772161603e-13,0.9066438780910581,0.1061134000774473,0.745476821255897,0,0,148,0,0.6377788093937093,0,0,4,0,0.6354169707664353,0,0,1,0,0.634998327778074,0,0,0,0
384,scarcity,periodic,10007,0.2,0.6498267469828999,0.0,144128,5755,751,18.023999999999887,170,0.128125,0.12604166666666666,1.0,2304,768,1.1368683772161603e-13,1.0000000000000002,0.4522285000421107,0.770564595651691,1435,38248,169,1,0.6510076207664836,1073,26336,3,3,0.6500810318291416,1089,26776,7,4,0.649109167667987,2158,52768,6,7
384,scarcity,local_signal,10007,0.2,0.6434785949282257,0.0,81896,3384,85,2.0400000000000014,182,0.07951388888888888,0.07928240740740741,1.0,2304,768,1.1368683772161603e-13,1.0000000000000002,0.2861823998391628,0.7609521399233943,653,16288,208,30,0.6449386538067265,690,16616,11,8,0.6433334417068961,685,16448,2,1,0.64282114209964,1356,32544,0,0
384,scarcity,shuffled_signal,10007,0.2,0.6514052467401295,0.0,83736,3384,315,7.560000000000005,169,0.07951388888888888,0.07928240740740741,1.0,2304,768,1.1368683772161603e-13,1.0000000000000002,0.3070521999616176,0.766378035243961,653,17184,179,15,0.6549628321722764,690,16952,6,5,0.6516820131355144,685,16760,4,0,0.6494880708263635,1356,32840,5,5
384,scarcity,fixed,10008,0.2,0.6456176999216803,0.0,0,0,0,0.0,161,0.0,0.0,1.0,2304,768,5.684341886080802e-14,0.8071664171950924,0.10945870005525649,0.7594227393195527,0,0,156,0,0.647449652919757,0,0,5,0,0.6452216065494687,0,0,0,0,0.6448997701087477,0,0,0,0
384,scarcity,periodic,10008,0.2,0.6525253146884801,0.011709725391296614,141608,5750,451,10.823999999999904,186,0.12222222222222222,0.12361111111111112,1.0,2304,768,5.684341886080802e-14,1.0000000000000002,0.38461640011519194,0.7832971741056397,1430,37928,175,5,0.6545934805488303,1086,26064,16,0,0.6518360267186505,1068,25632,0,0,0.6518358757432199,2166,51984,0,0
384,scarcity,local_signal,10008,0.2,0.6527035275362512,0.0,83600,3454,88,2.112000000000001,187,0.08611111111111111,0.08298611111111111,1.0,2304,768,5.684341886080802e-14,1.0000000000000002,0.32504020002670586,0.7787073313020183,646,16104,216,37,0.6552267085197635,705,16976,16,10,0.6528867472477813,719,17296,6,5,0.6513503271887298,1384,33224,2,1
384,scarcity,shuffled_signal,10008,0.2,0.6517935917654603,0.0,84592,3454,212,5.088000000000004,175,0.08611111111111111,0.08298611111111111,1.0,2304,768,5.684341886080802e-14,1.0000000000000002,0.27961679990403354,0.7814912121750107,646,17056,177,7,0.6539492557895386,705,17064,11,6,0.6511213373503094,719,17256,0,0,0.6510518869609965,1384,33216,0,0
384,scarcity,fixed,10009,0.2,0.6488373711359521,0.0,0,0,0,0.0,150,0.0,0.0,1.0,2304,768,1.1368683772161603e-13,0.702497386673203,0.1091028000228107,0.7606120337956447,0,0,146,0,0.6512116243409365,0,0,4,0,0.6483530824157759,0,0,0,0,0.6478923888935479,0,0,0,0
384,scarcity,periodic,10009,0.2,0.6540886121610493,0.0004753748722751861,141944,5755,478,11.471999999999891,181,0.12777777777777777,0.12453703703703704,1.0,2304,768,1.1368683772161603e-13,1.0,0.4149036998860538,0.783954911273942,1435,38160,170,1,0.6565909145987887,1081,26048,14,2,0.6532713504806933,1076,25824,0,0,0.6532460917823576,2163,51912,0,0
384,scarcity,local_signal,10009,0.2,0.6541053084710272,0.0,81528,3374,69,1.656000000000001,183,0.07673611111111112,0.07928240740740741,1.0,2304,768,1.1368683772161603e-13,1.0,0.2848372000735253,0.7794276941745286,643,15976,219,40,0.6569243771065367,677,16256,3,1,0.6540279293825232,681,16344,2,0,0.6527344636975243,1373,32952,0,0
384,scarcity,shuffled_signal,10009,0.2,0.6546654434407837,0.0,82584,3374,201,4.824000000000003,172,0.07673611111111112,0.07928240740740741,1.0,2304,768,1.1368683772161603e-13,1.0,0.26043889997527003,0.7804790381261855,643,16880,165,6,0.6595153748553741,677,16408,12,1,0.6536553540295863,681,16344,1,0,0.6527455224390873,1373,32952,1,0
384,scarcity,fixed,10010,0.2,0.6360865874429223,0.0,0,0,0,0.0,173,0.0,0.0,1.0,2304,768,8.526512829121202e-14,0.8340121896222944,0.11376780015416443,0.7462239269906566,0,0,172,0,0.6365594129165764,0,0,2,1,0.6359308876457928,0,0,0,0,0.63592802460466,0,0,0,0
384,scarcity,periodic,10010,0.2,0.6521462745774897,0.008380986583682425,143592,5749,702,16.847999999999907,177,0.12048611111111111,0.12476851851851851,1.0,2304,768,5.684341886080802e-14,1.0,0.3899726001545787,0.7716080668243497,1429,37920,179,4,0.6530200741188412,1066,26256,1,2,0.6534938946961864,1078,26344,4,1,0.6510355647474655,2176,53072,6,6
384,scarcity,local_signal,10010,0.2,0.6435825297603637,0.0,85320,3532,69,1.656000000000001,190,0.08472222222222223,0.08321759259259259,1.0,2304,768,8.526512829121202e-14,1.0000000000000002,0.2822580998763442,0.764630499227671,682,16920,224,39,0.6437736968170144,710,17040,6,1,0.6435118512772722,719,17256,0,0,0.6435222854735841,1421,34104,0,0
384,scarcity,shuffled_signal,10010,0.2,0.6513285626389483,0.0,87800,3532,379,9.096000000000005,181,0.08472222222222223,0.08321759259259259,1.0,2304,768,8.526512829121202e-14,1.0000000000000002,0.28168189991265535,0.7667342703981497,682,17672,193,16,0.6547048534688614,710,17552,5,3,0.649572268059607,719,17728,6,2,0.6505185645136625,1421,34848,3,5
384,scarcity,fixed,10011,0.2,0.616547337747643,0.0,0,0,0,0.0,163,0.0,0.0,1.0,2304,768,5.684341886080802e-14,0.7650866506424016,0.12147239991463721,0.7171987688396331,0,0,165,1,0.6172217057093384,0,0,0,0,0.6165351729587448,0,0,0,1,0.6162162361612444,0,0,0,0
384,scarcity,periodic,10011,0.2,0.6417087617736371,0.0,145448,5749,934,22.415999999999887,178,0.12604166666666666,0.12511574074074075,1.0,2304,768,5.684341886080802e-14,1.0000000000000002,0.39267610013484955,0.7497729095052258,1429,38152,168,3,0.6420871322087539,1077,26696,9,3,0.6429689076182233,1081,26896,6,3,0.6408895036337855,2162,53704,12,8
384,scarcity,local_signal,10011,0.2,0.6264712136525532,0.0,84272,3489,67,1.608000000000001,186,0.07916666666666666,0.08113425925925925,1.0,2304,768,5.684341886080802e-14,1.0000000000000002,0.2973519000224769,0.7340951714260681,715,17672,206,25,0.628972185148639,678,16272,3,0,0.6268708731678421,698,16776,5,3,0.6250208981468659,1398,33552,0,0
384,scarcity,shuffled_signal,10011,0.2,0.6415869886643012,0.0,87800,3489,508,12.192000000000009,165,0.07916666666666666,0.08113425925925925,1.0,2304,768,5.684341886080802e-14,1.0000000000000002,0.2849177001044154,0.7402699641777367,715,18960,161,9,0.64454905747725,678,16928,14,2,0.6395140117515774,698,17296,3,2,0.6411424427141885,1398,34616,2,2
960,uniform,fixed,10000,0.2,0.9072674206479339,0.6593223612156317,0,0,0,0.0,104,0.0,0.0,1.0,5760,1920,4.547473508864641e-13,1.0000000000000004,0.17922960012219846,0.9246328255396433,0,0,111,6,0.9061424571550392,0,0,1,2,0.907351125023006,0,0,0,0,0.9077880502068452,0,0,0,0
960,uniform,periodic,10000,0.2,0.9649939497923367,0.997742646461049,428728,14379,10454,250.89600000000593,38,0.12305555555555556,0.12476851851851851,1.0,5760,1920,6.821210263296962e-13,1.0000000000000004,1.0875581000000238,0.9689716586833236,3579,108776,61,11,0.9609814212113248,2693,79776,14,21,0.9651950091534022,2695,79872,11,12,0.9668996844023101,5412,160304,32,36
960,uniform,local_signal,10000,0.2,0.931079964770602,0.9109106522091711,45248,1827,175,4.200000000000003,94,0.014861111111111111,0.016296296296296295,1.0,5760,1920,4.547473508864641e-13,1.0000000000000002,0.2871747000608593,0.947773453685123,428,11520,188,95,0.9313358828807293,348,8416,13,12,0.9309784956076742,351,8440,2,3,0.931002740297002,700,16872,8,7
960,uniform,shuffled_signal,10000,0.2,0.9341355475032237,0.9418545335513357,49584,1827,717,17.208000000000013,70,0.014861111111111111,0.016296296296296295,1.0,5760,1920,4.547473508864641e-13,1.0000000000000004,0.32209330005571246,0.9432191281856609,428,12936,101,23,0.9328581686030447,348,9496,10,12,0.9328273086541834,351,9136,6,12,0.935428356377833,700,18016,10,10
960,uniform,fixed,10001,0.2,0.9438202662169577,0.9320084438477775,0,0,0,0.0,75,0.0,0.0,1.0,5760,1920,6.821210263296962e-13,1.0000000000000004,0.1923070999328047,0.9551199872517515,0,0,78,4,0.9428713984225562,0,0,2,2,0.9436338250447512,0,0,1,0,0.9443879207002617,0,0,0,0
960,uniform,periodic,10001,0.2,0.9854167112161989,0.9999999999999958,432536,14374,10945,262.6800000000064,21,0.12375,0.1261574074074074,1.0,5760,1920,6.821210263296962e-13,1.0000000000000002,1.120131499832496,0.9882778332951371,3574,110392,33,13,0.9838367105733524,2674,80504,10,9,0.9862491844986777,2725,81168,10,10,0.9857904748963826,5401,160472,32,32
960,uniform,local_signal,10001,0.2,0.9649359480037427,0.9951262175882557,26856,1049,210,5.040000000000003,52,0.009027777777777777,0.009722222222222222,1.0,5760,1920,4.547473508864641e-13,1.0000000000000004,0.24262229981832206,0.9767149454101226,234,6336,114,64,0.9669694024866872,196,4984,37,38,0.9648689529962813,204,5112,20,15,0.9639527182660012,415,10424,29,31
960,uniform,shuffled_signal,10001,0.2,0.964078782249965,0.9999481261942861,28496,1049,415,9.960000000000006,51,0.009027777777777777,0.009722222222222222,1.0,5760,1920,6.821210263296962e-13,1.0000000000000004,0.2839330001734197,0.9667737947949502,234,7160,77,17,0.9642289993528677,196,5536,8,16,0.9645521507040086,204,5448,1,4,0.9637669894714921,415,10352,3,1
960,uniform,fixed,10002,0.2,0.8873673357841009,0.3202010327396183,0,0,0,0.0,113,0.0,0.0,1.0,5760,1920,3.410605131648481e-13,1.0000000000000004,0.16236289986409247,0.913178468365235,0,0,112,2,0.8879244444763327,0,0,5,2,0.8871583549644814,0,0,0,0,0.8871932718477948,0,0,0,0
960,uniform,periodic,10002,0.2,0.945062968691667,0.9553322941876613,416904,14386,8955,214.92000000000456,66,0.12777777777777777,0.12560185185185185,1.0,5760,1920,6.821210263296962e-13,1.0000000000000004,1.085763700073585,0.9565267104076696,3586,107792,93,21,0.9429563178732657,2689,77800,30,35,0.9427978033007021,2713,77608,19,20,0.94724887679635,5398,153704,36,36
960,uniform,local_signal,10002,0.2,0.9100579149587702,0.8341720253674377,49768,2034,119,2.8560000000000016,106,0.018055555555555554,0.018935185185185187,1.0,5760,1920,3.410605131648481e-13,1.0000000000000004,0.30920620006509125,0.9342424960728726,436,11224,165,64,0.9111300575927804,399,9728,27,22,0.9099604479215171,408,9832,5,7,0.9095705771603917,791,18984,2,0
960,uniform,shuffled_signal,10002,0.2,0.9040294019922301,0.5875463189775173,55584,2034,846,20.304000000000016,100,0.018055555555555554,0.018935185185185187,1.0,5760,1920,4.547473508864641e-13,1.0000000000000004,0.32563649979420006,0.925520458694094,436,13024,109,16,0.9092673734945849,399,11216,11,8,0.9050956700107315,408,10896,9,6,0.900877282231802,791,20448,6,5
960,uniform,fixed,10003,0.2,0.9173900086869184,0.7132576896230354,0,0,0,0.0,100,0.0,0.0,1.0,5760,1920,4.547473508864641e-13,1.0000000000000004,0.15717049990780652,0.9361539169040195,0,0,106,3,0.9169106039463675,0,0,1,4,0.9173825186910243,0,0,0,0,0.9176334560551409,0,0,0,0
960,uniform,periodic,10003,0.2,0.9809731912301485,0.9999999999999953,429640,14389,10538,252.912000000006,17,0.12569444444444444,0.12439814814814815,1.0,5760,1920,6.821210263296962e-13,1.0000000000000004,1.1261584998574108,0.983894577402903,3589,109696,41,10,0.9766420168972088,2721,80664,17,15,0.9817350094403242,2687,79616,8,15,0.9827578692915308,5392,159664,26,35
960,uniform,local_signal,10003,0.2,0.944903188749178,0.9764126373950125,34040,1364,163,3.9120000000000017,67,0.011944444444444445,0.01175925925925926,1.0,5760,1920,4.547473508864641e-13,1.0000000000000004,0.2873734999448061,0.9607374668183243,332,8880,154,86,0.9447696608801306,251,6160,22,22,0.9445982187521746,266,6512,16,15,0.9451224376822036,515,12488,17,19
960,uniform,shuffled_signal,10003,0.2,0.9431050319490836,0.9306434115746851,36552,1364,477,11.448000000000008,69,0.011944444444444445,0.01175925925925926,1.0,5760,1920,6.821210263296962e-13,1.0000000000000004,0.2800585001241416,0.9501071074969553,332,9904,95,21,0.9409054004542549,251,6848,7,11,0.9433657404998285,266,6920,6,8,0.9440744934211255,515,12880,4,3
960,uniform,fixed,10004,0.2,0.9041954766224213,0.5957301003625395,0,0,0,0.0,103,0.0,0.0,1.0,5760,1920,6.821210263296962e-13,1.0000000000000004,0.1568303001113236,0.9225006308898603,0,0,105,2,0.9029614572222842,0,0,1,1,0.9041072816308504,0,0,0,0,0.9048565838182752,0,0,0,0
960,uniform,periodic,10004,0.2,0.9726227454484258,0.9956136766223671,430560,14381,10677,256.24800000000613,27,0.1226388888888889,0.12458333333333334,1.0,5760,1920,6.821210263296962e-13,1.0000000000000004,1.1396029000170529,0.9708405476538182,3581,109632,68,28,0.9705961182794467,2697,80648,25,21,0.9702889777255601,2691,79648,22,27,0.9748029428943481,5412,160632,28,40
960,uniform,local_signal,10004,0.2,0.9333955953326655,0.9283823053802104,39552,1596,156,3.7440000000000024,78,0.013333333333333334,0.014074074074074074,1.0,5760,1920,4.547473508864641e-13,1.0000000000000004,0.2904137000441551,0.9502274552120221,399,10600,173,88,0.9338524501802757,301,7384,17,24,0.9334390475524347,311,7528,10,9,0.9331454417989756,585,14040,0,1
960,uniform,shuffled_signal,10004,0.2,0.9369478859162569,0.9613739100979928,43008,1596,588,14.11200000000001,68,0.013333333333333334,0.014074074074074074,1.0,5760,1920,4.547473508864641e-13,1.0000000000000002,0.2720425999723375,0.9455416141758913,399,11952,102,35,0.9349749601355556,301,8280,14,11,0.9357597592723683,311,8176,6,7,0.9385284121285519,585,14600,4,5
960,uniform,fixed,10005,0.2,0.9085059468000328,0.711894483509519,0,0,0,0.0,106,0.0,0.0,1.0,5760,1920,6.821210263296962e-13,1.0000000000000002,0.15601629996672273,0.9303422971929741,0,0,106,2,0.9082137956753941,0,0,1,1,0.9086361074712822,0,0,1,0,0.9085869420267275,0,0,1,0
960,uniform,periodic,10005,0.2,0.9769240604001141,0.9979498396285152,433816,14390,11057,265.3680000000065,29,0.12611111111111112,0.12527777777777777,1.0,5760,1920,4.547473508864641e-13,1.0000000000000004,1.186255200067535,0.973240763736272,3590,109736,66,23,0.9706667852058127,2699,81136,18,25,0.9774728271669886,2706,81200,16,22,0.9797783146138276,5395,161744,51,52
960,uniform,local_signal,10005,0.2,0.935378725687374,0.9246595913426945,41096,1647,196,4.704000000000003,82,0.014166666666666666,0.014351851851851852,1.0,5760,1920,3.410605131648481e-13,1.0000000000000004,0.29114000010304153,0.9512172209811172,387,10176,165,82,0.9340201798468281,327,8152,33,35,0.9345708768706003,318,7808,21,19,0.9364619230160338,615,14960,20,21
960,uniform,shuffled_signal,10005,0.2,0.9370402405090015,0.9274124292009235,44528,1647,625,15.00000000000001,75,0.014166666666666666,0.014351851851851852,1.0,5760,1920,6.821210263296962e-13,1.0000000000000004,0.2619928000494838,0.9434755476391986,387,11496,104,18,0.9345875706586397,327,9016,6,18,0.9372529267289891,318,8352,6,5,0.9381602323241885,615,15664,7,7
960,uniform,fixed,10006,0.2,0.8851865074002765,0.35717208526715594,0,0,0,0.0,126,0.0,0.0,1.0,5760,1920,6.821210263296962e-13,1.0000000000000004,0.15651000011712313,0.9114075694578901,0,0,129,1,0.884797983542362,0,0,0,2,0.885203853804884,0,0,0,0,0.88537209612693,0,0,0,0
960,uniform,periodic,10006,0.2,0.9331680404228458,0.9462641535736017,420984,14383,9474,227.37600000000504,68,0.12611111111111112,0.12541666666666668,1.0,5760,1920,6.821210263296962e-13,1.0000000000000002,1.084963799919933,0.9424989451109829,3583,107632,101,20,0.931365199928627,2708,79056,15,25,0.9334801731425906,2709,78520,10,5,0.933913394310083,5383,155776,26,34
960,uniform,local_signal,10006,0.2,0.9053049631028118,0.6915803124744784,51792,2111,141,3.3840000000000012,106,0.018194444444444444,0.019351851851851853,1.0,5760,1920,4.547473508864641e-13,1.0000000000000002,0.283643800066784,0.930283645045019,468,12008,174,67,0.9054028447971547,406,9888,17,14,0.9053134556814699,416,10064,8,11,0.9052517759663115,821,19832,13,14
960,uniform,shuffled_signal,10006,0.2,0.9042165275605164,0.5587077816573678,55808,2111,643,15.432000000000011,93,0.018194444444444444,0.019351851851851853,1.0,5760,1920,6.821210263296962e-13,1.0000000000000004,0.31176139996387064,0.9202569426048179,468,13664,120,21,0.9039745832992705,406,10928,10,13,0.9040721276136165,416,10648,1,6,0.904409699664589,821,20568,7,5
960,uniform,fixed,10007,0.2,0.8797891709757708,0.28308637964710265,0,0,0,0.0,135,0.0,0.0,1.0,5760,1920,3.410605131648481e-13,1.0000000000000004,0.16223180014640093,0.9088033354903684,0,0,135,3,0.8800643085216394,0,0,3,1,0.8797439184115017,0,0,1,0,0.8796742284849713,0,0,0,0
960,uniform,periodic,10007,0.2,0.946510374382427,0.9418546822179215,418536,14388,9153,219.67200000000474,57,0.1272222222222222,0.12513888888888888,1.0,5760,1920,6.821210263296962e-13,1.0000000000000004,1.0724490000866354,0.9551305608469536,3588,108512,92,23,0.9424643753132861,2710,78688,28,32,0.9461306403401499,2703,77728,17,20,0.9487232409381356,5387,153608,47,52
960,uniform,local_signal,10007,0.2,0.9105641511636385,0.7163842062339678,50160,2039,153,3.6720000000000024,104,0.017222222222222222,0.018472222222222223,1.0,5760,1920,3.410605131648481e-13,1.0000000000000004,0.2957380001898855,0.9356883173071308,468,12304,192,91,0.9108708137628163,385,9360,26,22,0.9105390226157037,401,9656,4,5,0.9104233841380169,785,18840,1,1
960,uniform,shuffled_signal,10007,0.2,0.9033632021281803,0.6128888512962104,54464,2039,691,16.584000000000003,109,0.017222222222222222,0.018472222222222223,1.0,5760,1920,6.821210263296962e-13,1.0000000000000004,0.29978290013968945,0.9223997816245861,468,13968,156,36,0.8998967053960018,385,10568,13,18,0.9034682973297788,401,10272,7,10,0.9050439028934704,785,19656,3,6
960,uniform,fixed,10008,0.2,0.9350443132197165,0.8850862912674478,0,0,0,0.0,81,0.0,0.0,1.0,5760,1920,4.547473508864641e-13,1.0000000000000004,0.17293219990096986,0.9509376003809211,0,0,85,3,0.9343323655168573,0,0,1,1,0.9348935292834404,0,0,0,1,0.9354756790392842,0,0,0,0
960,uniform,periodic,10008,0.2,0.9949551748079098,0.9999999999999964,437592,14383,11550,277.2000000000069,4,0.12638888888888888,0.12555555555555556,1.0,5760,1920,4.547473508864641e-13,1.0000000000000004,1.1512053001206368,0.9953000585766855,3583,110280,34,15,0.9919557378504573,2701,81712,15,20,0.9940573876952055,2712,82224,4,9,0.9969037868429882,5387,163376,8,13
960,uniform,local_signal,10008,0.2,0.9670580109258603,0.9986443516307615,24016,944,170,4.080000000000003,43,0.008333333333333333,0.007268518518518519,1.0,5760,1920,3.410605131648481e-13,1.0000000000000004,0.24115010001696646,0.9764239995279831,272,7544,143,92,0.9674435460383052,185,4672,23,31,0.967055003886593,167,4096,13,12,0.9668667468892713,320,7704,5,6
960,uniform,shuffled_signal,10008,0.2,0.9650023825103251,0.9999999999999954,25784,944,391,9.384000000000006,45,0.008333333333333333,0.007268518518518519,1.0,5760,1920,6.821210263296962e-13,1.0000000000000004,0.2879160998854786,0.966831213454017,272,8176,76,23,0.9656375782857959,185,5144,11,19,0.9643339219825006,167,4376,3,3,0.9650190148865021,320,8088,2,2
960,uniform,fixed,10009,0.2,0.887758970023353,0.42804876414881826,0,0,0,0.0,128,0.0,0.0,1.0,5760,1920,3.410605131648481e-13,1.0000000000000004,0.17716630012728274,0.9119902112816465,0,0,132,4,0.8870820131528893,0,0,2,0,0.8877387946127996,0,0,0,2,0.8881075361638615,0,0,0,0
960,uniform,periodic,10009,0.2,0.947964671494525,0.9569861142499689,420928,14381,9473,227.35200000000503,58,0.12555555555555556,0.12518518518518518,1.0,5760,1920,5.684341886080801e-13,1.0000000000000004,1.07303009997122,0.9568536731509124,3581,108504,89,19,0.9456612858284469,2717,78944,29,44,0.9463629953247453,2704,78192,28,21,0.949917202412454,5379,155288,47,51
960,uniform,local_signal,10009,0.2,0.9126745637235615,0.8038493176871573,50616,2046,189,4.536000000000003,107,0.01875,0.01898148148148148,1.0,5760,1920,3.410605131648481e-13,1.0000000000000004,0.2804008999373764,0.9385781611335924,443,11648,183,89,0.9163393371255742,390,9624,43,32,0.9122686005090304,407,9880,17,15,0.9110451586298207,806,19464,8,8
960,uniform,shuffled_signal,10009,0.2,0.9160998791595674,0.7398802076725617,55392,2046,786,18.864000000000015,99,0.01875,0.01898148148148148,1.0,5760,1920,4.547473508864641e-13,1.0000000000000002,0.36106470017693937,0.9300509903250083,443,13224,121,25,0.9142703830583889,390,10816,14,12,0.9124339817573639,407,10752,16,9,0.9188475759112584,806,20600,8,14
960,uniform,fixed,10010,0.2,0.8986344946549291,0.43463025735412864,0,0,0,0.0,120,0.0,0.0,1.0,5760,1920,3.410605131648481e-13,1.0000000000000004,0.18355290009640157,0.925510725885805,0,0,121,5,0.899589777522042,0,0,2,3,0.898519211016075,0,0,5,0,0.8982144950407996,0,0,0,0
960,uniform,periodic,10010,0.2,0.9637599593311992,0.9897761894591073,425048,14374,10009,240.21600000000552,46,0.12305555555555556,0.12523148148148147,1.0,5760,1920,4.547473508864641e-13,1.0000000000000004,1.0906496001407504,0.9727293955029657,3574,108864,67,22,0.963437071459129,2678,79248,15,17,0.9625110247157542,2705,79104,22,11,0.9645458705749568,5417,157832,27,35
960,uniform,local_signal,10010,0.2,0.9334655065823632,0.8863741900756877,44464,1786,200,4.800000000000003,90,0.014166666666666666,0.015648148148148147,1.0,5760,1920,3.410605131648481e-13,1.0000000000000004,0.3098279000259936,0.9533401940640056,419,11232,192,103,0.9347845878377308,347,8592,41,38,0.9328041535393464,345,8336,5,8,0.9331366424761877,675,16304,9,8
960,uniform,shuffled_signal,10010,0.2,0.9307652001511004,0.8595503500976507,47552,1786,586,14.06400000000001,81,0.014166666666666666,0.015648148148148147,1.0,5760,1920,3.410605131648481e-13,1.0000000000000004,0.33993090013973415,0.9458724869794449,419,12560,113,28,0.9315275367001628,347,9400,18,21,0.9304079771781475,345,8848,6,4,0.9305626433630458,675,16744,5,8
960,uniform,fixed,10011,0.2,0.8916141535041356,0.3598892665288993,0,0,0,0.0,121,0.0,0.0,1.0,5760,1920,5.684341886080801e-13,1.0000000000000004,0.16894020000472665,0.9161992792472807,0,0,120,1,0.8911915628782293,0,0,2,2,0.8917004989075981,0,0,2,0,0.8917822761153578,0,0,0,0
960,uniform,periodic,10011,0.2,0.9541911035808489,0.9702581859138812,422896,14372,9746,233.90400000000528,56,0.125,0.12560185185185185,1.0,5760,1920,6.821210263296962e-13,1.0000000000000004,1.0794625000562519,0.9629722865070737,3572,108208,88,23,0.9505086186588176,2696,79144,16,20,0.9522623997697172,2713,79008,16,18,0.9569966979474301,5391,156536,35,38
960,uniform,local_signal,10011,0.2,0.9172448545188624,0.8181013753256104,50136,1992,291,6.984000000000004,97,0.01611111111111111,0.017546296296296296,1.0,5760,1920,3.410605131648481e-13,1.0000000000000004,0.34892649995163083,0.9398285780632096,486,13160,213,103,0.917785663146608,381,9504,40,50,0.9175395799642972,381,9376,24,25,0.916827087482272,744,18096,23,25
960,uniform,shuffled_signal,10011,0.2,0.9194077861848915,0.8006574359398547,54272,1992,808,19.39199999999999,96,0.01611111111111111,0.017546296296296296,1.0,5760,1920,4.547473508864641e-13,1.0000000000000004,0.3469207000453025,0.9312404882313308,486,14568,133,33,0.9191679957319231,381,10656,9,16,0.9205221569974102,381,10104,4,2,0.9189704960051164,744,18944,2,1
960,persistent_damage,fixed,10000,0.2,0.7006597769788026,0.005469554792544404,0,0,0,0.0,338,0.0,0.0,1.0,5760,1920,4.547473508864641e-13,1.0000000000000004,0.17134010000154376,0.9246328255396433,0,0,111,6,0.7554998188826705,0,0,188,0,0.6896778778704792,0,0,38,0,0.6787307055810303,0,0,7,0
960,persistent_damage,periodic,10000,0.2,0.9112646822592427,0.7307902423667927,429992,14379,10612,254.68800000000607,106,0.12305555555555556,0.12476851851851851,1.0,5760,1920,4.547473508864641e-13,1.0000000000000004,1.1579070000443608,0.9689716586833236,3579,108776,61,11,0.9054976673907416,2693,80312,95,36,0.9117006903111291,2695,80160,37,53,0.91393018566755,5412,160744,85,72
960,persistent_damage,local_signal,10000,0.2,0.8233900821705494,0.1960185365030708,90880,3641,437,10.488000000000007,211,0.04055555555555555,0.037083333333333336,1.0,5760,1920,2.2737367544323206e-13,1.0000000000000004,0.342691799858585,0.947773453685123,428,11520,188,95,0.8398751086744211,820,21112,236,119,0.8209512832912637,827,20400,53,50,0.8163669683582563,1566,37848,4,6
960,persistent_damage,shuffled_signal,10000,0.2,0.8340311637002952,0.2363589905310928,103480,3641,2012,48.28799999999946,176,0.04055555555555555,0.037083333333333336,1.0,5760,1920,4.547473508864641e-13,1.0000000000000004,0.4208259000442922,0.9432191281856609,428,12936,101,23,0.8385156219310519,820,23888,136,26,0.8339820717402491,827,23632,34,51,0.83181348056494,1566,43024,58,53
960,persistent_damage,fixed,10001,0.2,0.7196374248812062,0.03264098453310988,0,0,0,0.0,324,0.0,0.0,1.0,5760,1920,4.547473508864641e-13,1.0000000000000004,0.1634128000587225,0.9551199872517515,0,0,78,4,0.781837732526953,0,0,221,0,0.7044026603717747,0,0,21,0,0.6961546533130485,0,0,8,0
960,persistent_damage,periodic,10001,0.2,0.9278094039093029,0.7852064265997459,424128,14374,9894,237.45600000000542,103,0.12375,0.1261574074074074,1.0,5760,1920,6.821210263296962e-13,1.0000000000000004,1.1599048001226038,0.9882778332951371,3574,110392,33,13,0.9360022391852028,2674,79104,96,28,0.9265329316229208,2725,78984,36,23,0.9243512224145438,5401,155648,58,56
960,persistent_damage,local_signal,10001,0.2,0.8577856359206374,0.2710684915072502,76624,3073,359,8.616000000000005,186,0.03625,0.03277777777777778,1.0,5760,1920,3.410605131648481e-13,1.0000000000000004,0.32082340004853904,0.9767149454101226,234,6336,114,64,0.875794867486305,700,18464,272,143,0.8520441947063586,733,17976,54,38,0.8516517407449432,1406,33848,9,18
960,persistent_damage,shuffled_signal,10001,0.2,0.8307308931814695,0.2826779151552846,86120,3073,1546,37.103999999999715,207,0.03625,0.03277777777777778,1.0,5760,1920,4.547473508864641e-13,1.0000000000000004,0.3734999999869615,0.9667737947949502,234,7160,77,17,0.8615595838440768,700,20488,158,30,0.8259040063399581,733,20648,56,41,0.8177299912709216,1406,37824,38,34
960,persistent_damage,fixed,10002,0.2,0.6687080922224105,0.0018125041233978065,0,0,0,0.0,340,0.0,0.0,1.0,5760,1920,3.410605131648481e-13,1.0000000000000004,0.17359489994123578,0.913178468365235,0,0,112,2,0.7165298172156204,0,0,205,0,0.6582841695214008,0,0,22,0,0.6500091910763104,0,0,3,0
960,persistent_damage,periodic,10002,0.2,0.869415990780248,0.25953912312298405,416880,14386,8952,214.84800000000456,148,0.12777777777777777,0.12560185185185185,1.0,5760,1920,3.410605131648481e-13,1.0000000000000004,1.084112900076434,0.9565267104076696,3586,107792,93,21,0.8696614006632654,2689,77712,118,40,0.8686142955283691,2713,77560,37,33,0.8696941334646788,5398,153816,45,51
960,persistent_damage,local_signal,10002,0.2,0.7857108533200308,0.1412404956886768,103240,4192,329,7.896000000000005,246,0.04666666666666667,0.04324074074074074,1.0,5760,1920,3.410605131648481e-13,1.0000000000000004,0.38931530015543103,0.9342424960728726,436,11224,165,64,0.8004457750481992,956,24488,270,117,0.7816095615833072,962,23392,35,37,0.7803940383243086,1838,44136,2,8
960,persistent_damage,shuffled_signal,10002,0.2,0.8005962971426078,0.0898697368214194,117328,4192,2090,50.15999999999948,200,0.04666666666666667,0.04324074074074074,1.0,5760,1920,3.410605131648481e-13,1.0000000000000004,0.41922940011136234,0.925520458694094,436,13024,109,16,0.8012258411903801,956,27672,155,36,0.7971360910528652,962,26640,31,36,0.802011628163593,1838,49992,31,38
960,persistent_damage,fixed,10003,0.2,0.7125251225857803,0.012453450012412727,0,0,0,0.0,323,0.0,0.0,1.0,5760,1920,4.547473508864641e-13,1.0000000000000004,0.1552738999016583,0.9361539169040195,0,0,106,3,0.7659927985002326,0,0,183,1,0.7002079886157442,0,0,32,0,0.6919498516135723,0,0,6,0
960,persistent_damage,periodic,10003,0.2,0.9007957178729772,0.4774401494292785,423336,14389,9750,234.0000000000053,120,0.12569444444444444,0.12439814814814815,1.0,5760,1920,4.547473508864641e-13,1.0000000000000004,1.1435752999968827,0.983894577402903,3589,109696,41,10,0.8989934194157903,2721,79544,158,41,0.8928413424060925,2687,77536,36,49,0.905674054835013,5392,156560,58,73
960,persistent_damage,local_signal,10003,0.2,0.8324816814489833,0.2010208494621122,90208,3627,395,9.480000000000008,209,0.04013888888888889,0.03726851851851852,1.0,5760,1920,2.2737367544323206e-13,1.0000000000000004,0.3834912001620978,0.9607374668183243,332,8880,154,86,0.8437197895128573,854,21976,278,129,0.8277177397875791,835,20536,47,50,0.8292445982477481,1606,38816,18,23
960,persistent_damage,shuffled_signal,10003,0.2,0.8211683464597004,0.19149335228918946,100416,3627,1671,40.10399999999965,196,0.04013888888888889,0.03726851851851852,1.0,5760,1920,4.547473508864641e-13,1.0000000000000004,0.4190236001741141,0.9501071074969553,332,9904,95,21,0.8338590609386937,854,24488,144,30,0.8249026215480417,835,23128,31,30,0.8129558516760335,1606,42896,38,31
960,persistent_damage,fixed,10004,0.2,0.6774771855104428,0.0045707932431164715,0,0,0,0.0,350,0.0,0.0,1.0,5760,1920,3.410605131648481e-13,1.0000000000000004,0.15087989997118711,0.9225006308898603,0,0,105,2,0.7394380760646493,0,0,212,0,0.6625558609723866,0,0,27,0,0.6539574025023678,0,0,8,0
960,persistent_damage,periodic,10004,0.2,0.8958213158885463,0.5240121595183912,419248,14381,9263,222.31200000000484,140,0.1226388888888889,0.12458333333333334,1.0,5760,1920,4.547473508864641e-13,1.0000000000000004,1.1118288999423385,0.9708405476538182,3581,109632,68,28,0.9065484515672638,2697,79584,122,44,0.8955602067161083,2691,76896,59,51,0.8905883026354063,5412,153136,87,73
960,persistent_damage,local_signal,10004,0.2,0.8165705228813838,0.19613003134749168,94576,3794,440,10.560000000000008,217,0.041805555555555554,0.03837962962962963,1.0,5760,1920,2.2737367544323206e-13,1.0000000000000004,0.4327614000067115,0.9502274552120221,399,10600,173,88,0.8280898705683473,879,22832,286,136,0.8107672722380723,879,21552,44,58,0.8137124743595577,1637,39592,19,23
960,persistent_damage,shuffled_signal,10004,0.2,0.7961048846246999,0.14387497722681744,103808,3794,1594,38.255999999999744,215,0.041805555555555554,0.03837962962962963,1.0,5760,1920,3.410605131648481e-13,1.0000000000000004,0.3890484001021832,0.9455416141758913,399,11952,102,35,0.8102677475064096,879,25000,195,43,0.7900396795409738,879,23632,33,33,0.7920560557257081,1637,43224,25,29
960,persistent_damage,fixed,10005,0.2,0.6974781331224219,0.007203729764386497,0,0,0,0.0,329,0.0,0.0,1.0,5760,1920,3.410605131648481e-13,1.0000000000000004,0.1802379998844117,0.9303422971929741,0,0,106,2,0.7571723480372413,0,0,186,0,0.6849711896417409,0,0,34,0,0.6738844974053528,0,0,5,0
960,persistent_damage,periodic,10005,0.2,0.9043002523635644,0.5911395499645118,426272,14390,10114,242.73600000000562,118,0.12611111111111112,0.12527777777777777,1.0,5760,1920,4.547473508864641e-13,1.0000000000000004,1.096697400091216,0.973240763736272,3590,109736,66,23,0.9068564153657568,2699,79960,113,43,0.9038526936156424,2706,79296,59,56,0.9032459502364291,5395,157280,83,81
960,persistent_damage,local_signal,10005,0.2,0.821425362456444,0.1904388165982299,90824,3641,430,10.320000000000007,207,0.04236111111111111,0.03666666666666667,1.0,5760,1920,3.410605131648481e-13,1.0000000000000004,0.4156766999512911,0.9512172209811172,387,10176,165,82,0.8314401717419547,835,21800,263,120,0.816044098084679,871,21552,65,74,0.8191085899995714,1548,37296,16,26
960,persistent_damage,shuffled_signal,10005,0.2,0.8233460252625884,0.1811994868294495,103680,3641,2037,48.88799999999952,199,0.04236111111111111,0.03666666666666667,1.0,5760,1920,4.547473508864641e-13,1.0000000000000004,0.4181294001173228,0.9434755476391986,387,11496,104,18,0.8298422297730955,835,24224,138,31,0.8249669086412467,871,24744,35,35,0.8192874813180057,1548,43216,61,55
960,persistent_damage,fixed,10006,0.2,0.6994555709518012,0.0017836040481589248,0,0,0,0.0,334,0.0,0.0,1.0,5760,1920,4.547473508864641e-13,1.0000000000000004,0.16818010015413165,0.9114075694578901,0,0,129,1,0.7490606461921911,0,0,170,0,0.687833459019333,0,0,34,0,0.6804640892978402,0,0,2,0
960,persistent_damage,periodic,10006,0.2,0.8644574324567446,0.2098668229312448,420696,14383,9438,226.512000000005,153,0.12611111111111112,0.12541666666666668,1.0,5760,1920,4.547473508864641e-13,1.0000000000000002,1.1299248000141233,0.9424989451109829,3583,107632,101,20,0.8675841109676522,2708,79264,92,30,0.8606377063439986,2709,78408,45,42,0.8648039562576638,5383,155392,88,81
960,persistent_damage,local_signal,10006,0.2,0.7890348864758353,0.08346370803553568,99776,4042,346,8.304000000000006,230,0.04652777777777778,0.04106481481481482,1.0,5760,1920,4.547473508864641e-13,1.0000000000000004,0.4129578999709338,0.930283645045019,468,12008,174,67,0.7998646186402787,917,23280,223,81,0.7838095547424926,936,22984,44,60,0.7862326862602851,1721,41504,15,18
960,persistent_damage,shuffled_signal,10006,0.2,0.8039644651446061,0.04938699351495267,112376,4042,1921,46.10399999999949,197,0.04652777777777778,0.04106481481481482,1.0,5760,1920,4.547473508864641e-13,1.0000000000000002,0.43477909988723695,0.9202569426048179,468,13664,120,21,0.8068001488408252,917,26288,122,21,0.8055492116090489,936,26080,31,35,0.8017542500642748,1721,46344,30,29
960,persistent_damage,fixed,10007,0.2,0.6641741189269402,0.0009737854887673233,0,0,0,0.0,352,0.0,0.0,1.0,5760,1920,3.410605131648481e-13,1.0000000000000004,0.17186010000295937,0.9088033354903684,0,0,135,3,0.7102029639893659,0,0,191,0,0.6541230849059786,0,0,24,0,0.6461852134062082,0,0,5,0
960,persistent_damage,periodic,10007,0.2,0.8773304848168999,0.33352047583278616,421440,14388,9516,228.38400000000507,141,0.1272222222222222,0.12513888888888888,1.0,5760,1920,4.547473508864641e-13,1.0000000000000004,1.0974791999906301,0.9551305608469536,3588,108512,92,23,0.8749402695794725,2710,78792,114,36,0.8790875974274175,2703,78224,36,51,0.8776470361303546,5387,155912,76,67
960,persistent_damage,local_signal,10007,0.2,0.7959175560898836,0.07385742100665942,101472,4096,396,9.504000000000007,230,0.04527777777777778,0.041435185185185186,1.0,5760,1920,2.2737367544323206e-13,1.0000000000000004,0.39682110003195703,0.9356883173071308,468,12304,192,91,0.7924525248070821,986,25136,262,119,0.7949592920453138,905,22040,28,37,0.7981292037535693,1737,41992,25,30
960,persistent_damage,shuffled_signal,10007,0.2,0.8201699988801298,0.14093190847839812,114480,4096,2022,48.52799999999945,190,0.04527777777777778,0.041435185185185186,1.0,5760,1920,3.410605131648481e-13,1.0000000000000004,0.43814810016192496,0.9223997816245861,468,13968,156,36,0.8110290714338814,986,28232,112,43,0.8223955809390049,905,25168,27,26,0.8236276715738167,1737,47112,46,46
960,persistent_damage,fixed,10008,0.2,0.6948044736353873,0.01527007278847783,0,0,0,0.0,360,0.0,0.0,1.0,5760,1920,3.410605131648481e-13,1.0000000000000004,0.1591615998186171,0.9509376003809211,0,0,85,3,0.7586902099671594,0,0,249,0,0.6770970183156239,0,0,25,0,0.6717153331293831,0,0,4,0
960,persistent_damage,periodic,10008,0.2,0.921052654053013,0.6422304618455215,424064,14383,9859,236.61600000000539,123,0.12638888888888888,0.12555555555555556,1.0,5760,1920,3.410605131648481e-13,1.0000000000000004,1.137910099932924,0.9953000585766855,3583,110280,34,15,0.9369316781423068,2701,80600,115,48,0.9229721056218354,2712,79000,58,32,0.9121534162239547,5387,154184,119,108
960,persistent_damage,local_signal,10008,0.2,0.8247099617974535,0.22553076193837082,91208,3665,406,9.744000000000007,220,0.04569444444444445,0.038796296296296294,1.0,5760,1920,3.410605131648481e-13,1.0000000000000004,0.39368540002033114,0.9764239995279831,272,7544,143,92,0.8450373447701225,877,22784,315,130,0.8146132900158047,879,21448,39,48,0.8195946062019434,1637,39432,6,13
960,persistent_damage,shuffled_signal,10008,0.2,0.8316110310879226,0.22621795805261788,102032,3665,1759,42.21599999999954,208,0.04569444444444445,0.038796296296296294,1.0,5760,1920,2.2737367544323206e-13,1.0000000000000004,0.40981379989534616,0.966831213454017,272,8176,76,23,0.8529648952374573,877,25296,182,33,0.8274148403601197,879,24496,20,28,0.8230321943770564,1637,44064,47,33
960,persistent_damage,fixed,10009,0.2,0.6770732267214754,0.001745939826695954,0,0,0,0.0,334,0.0,0.0,1.0,5760,1920,2.2737367544323206e-13,1.0000000000000004,0.16060340008698404,0.9119902112816465,0,0,132,4,0.7230356553950674,0,0,186,0,0.6662232638216257,0,0,13,0,0.6595169938346042,0,0,7,0
960,persistent_damage,periodic,10009,0.2,0.8575126571536866,0.2409254910978649,415136,14381,8749,209.97600000000438,159,0.12555555555555556,0.12518518518518518,1.0,5760,1920,3.410605131648481e-13,1.0000000000000004,1.0714793000370264,0.9568536731509124,3581,108504,89,19,0.8607235309012283,2717,77976,128,28,0.8562068764372084,2704,76960,34,48,0.8565601106381548,5379,151696,60,57
960,persistent_damage,local_signal,10009,0.2,0.7906391666039976,0.10008363609776057,97944,3915,498,11.952000000000007,215,0.044583333333333336,0.03902777777777778,1.0,5760,1920,3.410605131648481e-13,1.0000000000000004,0.3913210998289287,0.9385781611335924,443,11648,183,89,0.7918685204367891,940,24216,260,113,0.7855497160889486,895,22112,46,63,0.7925692149451264,1637,39968,32,41
960,persistent_damage,shuffled_signal,10009,0.2,0.7929470353812988,0.12755200907613098,107472,3915,1689,40.53599999999971,223,0.044583333333333336,0.03902777777777778,1.0,5760,1920,2.2737367544323206e-13,1.0000000000000004,0.4178863998968154,0.9300509903250083,443,13224,121,25,0.8078397194441853,940,26752,167,40,0.7871570515672799,895,24256,24,24,0.7883956852568653,1637,43240,33,33
960,persistent_damage,fixed,10010,0.2,0.680036068199743,0.0029508013217861176,0,0,0,0.0,362,0.0,0.0,1.0,5760,1920,3.410605131648481e-13,1.0000000000000004,0.16356809996068478,0.925510725885805,0,0,121,5,0.7251470961670026,0,0,218,0,0.6702197653352497,0,0,20,0,0.6623887056483603,0,0,8,0
960,persistent_damage,periodic,10010,0.2,0.8830353882570248,0.4356092870161658,419464,14374,9311,223.4640000000049,151,0.12305555555555556,0.12523148148148147,1.0,5760,1920,3.410605131648481e-13,1.0000000000000004,1.114566900068894,0.9727293955029657,3574,108864,67,22,0.8844425462138968,2678,77808,130,30,0.8843434113238168,2705,77800,39,46,0.881677797745193,5417,154992,102,89
960,persistent_damage,local_signal,10010,0.2,0.8194231769503054,0.19322736712275362,99480,3994,453,10.872000000000009,225,0.04375,0.03930555555555556,1.0,5760,1920,3.410605131648481e-13,1.0000000000000004,0.4100250001065433,0.9533401940640056,419,11232,192,103,0.8188321171468087,972,25088,279,126,0.8178387974367611,900,22000,46,52,0.820510896608826,1703,41160,18,29
960,persistent_damage,shuffled_signal,10010,0.2,0.82389687443863,0.2064822715906776,110672,3994,1852,44.44799999999955,205,0.04375,0.03930555555555556,1.0,5760,1920,3.410605131648481e-13,1.0000000000000004,0.4371095998212695,0.9458724869794449,419,12560,113,28,0.8267312233965968,972,27640,159,47,0.8215473208290355,900,24624,30,24,0.8236544767644436,1703,45848,34,32
960,persistent_damage,fixed,10011,0.2,0.6763139030633198,0.0017531300444637498,0,0,0,0.0,336,0.0,0.0,1.0,5760,1920,3.410605131648481e-13,1.0000000000000004,0.16758650005795062,0.9161992792472807,0,0,120,1,0.723304824061261,0,0,188,1,0.6656203289324392,0,0,26,0,0.6581652296297896,0,0,4,0
960,persistent_damage,periodic,10011,0.2,0.8732955032114035,0.2451076806717594,418952,14372,9253,222.07200000000483,137,0.125,0.12560185185185185,1.0,5760,1920,4.547473508864641e-13,1.0000000000000004,1.1415063999593258,0.9629722865070737,3572,108208,88,23,0.873761197265203,2696,78464,101,27,0.8702332586032197,2713,77928,29,31,0.8745937784885955,5391,154352,67,67
960,persistent_damage,local_signal,10011,0.2,0.8070615818018834,0.16627319756479797,94104,3766,465,11.160000000000007,201,0.0425,0.036898148148148145,1.0,5760,1920,3.410605131648481e-13,1.0000000000000002,0.35701009980402887,0.9398285780632096,486,13160,213,103,0.8050600446870702,894,22968,243,122,0.802896760374477,864,21304,41,60,0.8101447610729933,1522,36672,6,17
960,persistent_damage,shuffled_signal,10011,0.2,0.8152109794710425,0.1796125619059975,106720,3766,2042,49.00799999999941,187,0.0425,0.036898148148148145,1.0,5760,1920,3.410605131648481e-13,1.0000000000000004,0.37854629987850785,0.9312404882313308,486,14568,133,33,0.8126197673004669,894,25848,140,37,0.8123994148486278,864,24424,33,45,0.8179123678675375,1522,41880,30,34
960,repeated_damage,fixed,10000,0.2,0.7675751625915403,0.09720247577417523,0,0,0,0.0,302,0.0,0.0,1.0,5760,1920,4.547473508864641e-13,1.0000000000000004,0.18811049987562,0.9246328255396433,0,0,111,6,0.7554998188826705,0,0,188,0,0.8734584597786639,0,0,0,173,0.7206711858524134,0,0,182,0
960,repeated_damage,periodic,10000,0.2,0.9148447432202184,0.6906909488961497,428976,14379,10485,251.64000000000595,112,0.12305555555555556,0.12476851851851851,1.0,5760,1920,4.547473508864641e-13,1.0000000000000004,1.0915604999754578,0.9689716586833236,3579,108776,61,11,0.9054976673907416,2693,80312,95,36,0.9578423015992102,2695,80744,10,75,0.8980195019454611,5412,159144,144,76
960,repeated_damage,local_signal,10000,0.2,0.8506048802781591,0.4489833870948683,84024,3334,501,12.024000000000008,217,0.012222222222222223,0.04097222222222222,1.0,5760,1920,3.410605131648481e-13,1.0000000000000004,0.39873669994995,0.947773453685123,428,11520,188,95,0.8398751086744211,820,21112,236,119,0.9310936327883826,422,10472,4,146,0.8157253898249162,1664,40920,246,97
960,repeated_damage,shuffled_signal,10000,0.2,0.8491884925087547,0.4269924383942292,95472,3334,1932,46.36799999999973,207,0.012222222222222223,0.04097222222222222,1.0,5760,1920,4.547473508864641e-13,1.0000000000000004,0.40050049987621605,0.9432191281856609,428,12936,101,23,0.8385156219310519,820,23888,136,26,0.9248003586654109,422,11928,11,130,0.816718994719278,1664,46720,210,72
960,repeated_damage,fixed,10001,0.2,0.789491918442782,0.2473508099251026,0,0,0,0.0,302,0.0,0.0,1.0,5760,1920,4.547473508864641e-13,1.0000000000000004,0.19737110007554293,0.9551199872517515,0,0,78,4,0.781837732526953,0,0,221,0,0.9025548193393335,0,0,1,199,0.7367875609524207,0,0,206,1
960,repeated_damage,periodic,10001,0.2,0.93635936165799,0.7908593669255037,428816,14374,10480,251.52000000000595,103,0.12375,0.1261574074074074,1.0,5760,1920,6.821210263296962e-13,1.0000000000000004,1.0785704001318663,0.9882778332951371,3574,110392,33,13,0.9360022391852028,2674,79104,96,28,0.9763693635094047,2725,81496,12,74,0.9165329219686763,5401,157824,141,64
960,repeated_damage,local_signal,10001,0.2,0.8774737480693746,0.5800880374467094,73944,2926,465,11.160000000000007,232,0.008611111111111111,0.04185185185185185,1.0,5760,1920,3.410605131648481e-13,1.0000000000000004,0.3424296001903713,0.9767149454101226,234,6336,114,64,0.875794867486305,700,18464,272,143,0.9587696271147309,314,7816,7,143,0.8376652488382312,1678,41328,281,92
960,repeated_damage,shuffled_signal,10001,0.2,0.8707326919338952,0.5349131895231356,82464,2926,1530,36.71999999999966,202,0.008611111111111111,0.04185185185185185,1.0,5760,1920,4.547473508864641e-13,1.0000000000000004,0.3683237999211997,0.9667737947949502,234,7160,77,17,0.8615595838440768,700,20488,158,30,0.9488174276656787,314,8888,4,140,0.8362768781129127,1678,45928,198,48
960,repeated_damage,fixed,10002,0.2,0.7392428080523427,0.036385181654768575,0,0,0,0.0,327,0.0,0.0,1.0,5760,1920,3.410605131648481e-13,1.0000000000000004,0.1847295998595655,0.913178468365235,0,0,112,2,0.7165298172156204,0,0,205,0,0.8537484358856037,0,0,0,175,0.6933464895540736,0,0,189,2
960,repeated_damage,periodic,10002,0.2,0.8763561132670948,0.5402082663290034,418296,14386,9129,219.09600000000472,167,0.12777777777777777,0.12560185185185185,1.0,5760,1920,3.410605131648481e-13,1.0000000000000004,1.0755908000282943,0.9565267104076696,3586,107792,93,21,0.8696614006632654,2689,77712,118,40,0.9337874852170658,2713,78560,10,90,0.8509877835940237,5398,154232,158,61
960,repeated_damage,local_signal,10002,0.2,0.8268109533197554,0.32483060001562347,93784,3743,494,11.856000000000009,240,0.01638888888888889,0.04541666666666667,1.0,5760,1920,3.410605131648481e-13,1.0000000000000004,0.39193219994194806,0.9342424960728726,436,11224,165,64,0.8004457750481992,956,24488,270,117,0.9109809430144159,524,12928,5,170,0.7979085476082032,1827,45144,259,108
960,repeated_damage,shuffled_signal,10002,0.2,0.8221507747136936,0.2167582860672251,106168,3743,2042,49.00799999999969,220,0.01638888888888889,0.04541666666666667,1.0,5760,1920,3.410605131648481e-13,1.0000000000000004,0.4246413998771459,0.925520458694094,436,13024,109,16,0.8012258411903801,956,27672,155,36,0.9021151178629085,524,14720,5,126,0.7926310699007425,1827,50752,170,41
960,repeated_damage,fixed,10003,0.2,0.7800292126989067,0.13986892341506496,0,0,0,0.0,305,0.0,0.0,1.0,5760,1920,4.547473508864641e-13,1.0000000000000004,0.1561640000436455,0.9361539169040195,0,0,106,3,0.7659927985002326,0,0,183,1,0.8814983354927071,0,0,0,165,0.7363128584013435,0,0,185,0
960,repeated_damage,periodic,10003,0.2,0.9227794299233802,0.7072363926543777,425264,14389,9991,239.7840000000055,105,0.12569444444444444,0.12439814814814815,1.0,5760,1920,4.547473508864641e-13,1.0000000000000004,1.0624402998946607,0.983894577402903,3589,109696,41,10,0.8989934194157903,2721,79544,158,41,0.9678438648463715,2687,79312,16,121,0.9121402177156797,5392,156712,145,83
960,repeated_damage,local_signal,10003,0.2,0.8572052304296915,0.4789033924565084,82992,3306,456,10.944000000000008,230,0.012222222222222223,0.041666666666666664,1.0,5760,1920,3.410605131648481e-13,1.0000000000000004,0.3774031999055296,0.9607374668183243,332,8880,154,86,0.8437197895128573,854,21976,278,129,0.9421270220189633,407,10040,10,162,0.821487055093473,1713,42096,249,84
960,repeated_damage,shuffled_signal,10003,0.2,0.8588367345984,0.3943558837417498,92520,3306,1647,39.52799999999964,201,0.012222222222222223,0.041666666666666664,1.0,5760,1920,4.547473508864641e-13,1.0000000000000004,0.3796838999260217,0.9501071074969553,332,9904,95,21,0.8338590609386937,854,24488,144,30,0.9428894364160108,407,11216,4,135,0.8292992205194483,1713,46912,182,38
960,repeated_damage,fixed,10004,0.2,0.7482740376929523,0.07665507068707195,0,0,0,0.0,351,0.0,0.0,1.0,5760,1920,3.410605131648481e-13,1.0000000000000004,0.16347529995255172,0.9225006308898603,0,0,105,2,0.7394380760646493,0,0,212,0,0.8651853065550191,0,0,0,194,0.6942363840760707,0,0,230,0
960,repeated_damage,periodic,10004,0.2,0.9033880148494915,0.6337410031797106,422288,14381,9643,231.4320000000052,147,0.1226388888888889,0.12458333333333334,1.0,5760,1920,4.547473508864641e-13,1.0000000000000004,1.0718525999691337,0.9708405476538182,3581,109632,68,28,0.9065484515672638,2697,79584,122,44,0.96236132514927,2691,79600,24,103,0.8723211413407163,5412,153472,175,67
960,repeated_damage,local_signal,10004,0.2,0.8365393082301793,0.4330103323447985,90728,3605,526,12.62400000000001,250,0.012222222222222223,0.04694444444444444,1.0,5760,1920,2.2737367544323206e-13,1.0000000000000004,0.38864800008013844,0.9502274552120221,399,10600,173,88,0.8280898705683473,879,22832,286,136,0.9343147713254085,428,10552,5,174,0.7918762955134812,1899,46744,282,98
960,repeated_damage,shuffled_signal,10004,0.2,0.8370506390194629,0.3846919486521113,101064,3605,1818,43.63199999999975,220,0.012222222222222223,0.04694444444444444,1.0,5760,1920,3.410605131648481e-13,1.0000000000000004,0.3840008999686688,0.9455416141758913,399,11952,102,35,0.8102677475064096,879,25000,195,43,0.9275074009984243,428,11856,8,150,0.8052137037865089,1899,52256,182,39
960,repeated_damage,fixed,10005,0.2,0.7690933735648137,0.09007403886807161,0,0,0,0.0,311,0.0,0.0,1.0,5760,1920,3.410605131648481e-13,1.0000000000000004,0.15511150006204844,0.9303422971929741,0,0,106,2,0.7571723480372413,0,0,186,0,0.8781095480816608,0,0,1,172,0.720545799070176,0,0,192,0
960,repeated_damage,periodic,10005,0.2,0.9177798550111155,0.6851237069415316,426792,14390,10179,244.29600000000568,131,0.12611111111111112,0.12527777777777777,1.0,5760,1920,4.547473508864641e-13,1.0000000000000004,1.0813163998536766,0.973240763736272,3590,109736,66,23,0.9068564153657568,2699,79960,113,43,0.9675431432911392,2706,80696,16,98,0.8983599306937831,5395,156400,192,92
960,repeated_damage,local_signal,10005,0.2,0.8512639288644872,0.5051315998810518,84488,3345,526,12.62400000000001,222,0.012916666666666667,0.04388888888888889,1.0,5760,1920,3.410605131648481e-13,1.0000000000000004,0.3747004000470042,0.9512172209811172,387,10176,165,82,0.8314401717419547,835,21800,263,120,0.9375388805057963,410,10224,8,163,0.818038331605099,1713,42288,266,115
960,repeated_damage,shuffled_signal,10005,0.2,0.8529055198521128,0.428129417265453,95008,3345,1841,44.1839999999997,210,0.012916666666666667,0.04388888888888889,1.0,5760,1920,4.547473508864641e-13,1.0000000000000004,0.37243820005096495,0.9434755476391986,387,11496,104,18,0.8298422297730955,835,24224,138,31,0.9357734895431892,410,11664,4,130,0.8230031800460832,1713,47624,197,54
960,repeated_damage,fixed,10006,0.2,0.7499489172217536,0.029545499469069172,0,0,0,0.0,366,0.0,0.0,1.0,5760,1920,4.547473508864641e-13,1.0000000000000004,0.17485739989206195,0.9114075694578901,0,0,129,1,0.7490606461921911,0,0,170,0,0.8564745979618509,0,0,1,154,0.6971302123664861,0,0,221,0
960,repeated_damage,periodic,10006,0.2,0.8771993462773617,0.4479293765412364,422352,14383,9645,231.4800000000052,152,0.12611111111111112,0.12541666666666668,1.0,5760,1920,6.821210263296962e-13,1.0000000000000004,1.0666341001633555,0.9424989451109829,3583,107632,101,20,0.8675841109676522,2708,79264,92,30,0.9208585069510172,2709,79272,13,73,0.8601773835953888,5383,156184,138,69
960,repeated_damage,local_signal,10006,0.2,0.8169520411004999,0.320020716809106,95200,3821,437,10.488000000000007,268,0.017916666666666668,0.04652777777777778,1.0,5760,1920,4.547473508864641e-13,1.0000000000000004,0.35827740002423525,0.930283645045019,468,12008,174,67,0.7998646186402787,917,23280,223,81,0.9040106120267689,532,13104,7,162,0.7819664668674762,1904,46808,266,92
960,repeated_damage,shuffled_signal,10006,0.2,0.8283800071996911,0.2548427192987381,107152,3821,1931,46.343999999999724,212,0.017916666666666668,0.04652777777777778,1.0,5760,1920,4.547473508864641e-13,1.0000000000000004,0.41865499992854893,0.9202569426048179,468,13664,120,21,0.8068001488408252,917,26288,122,21,0.9050588911618273,532,14744,5,117,0.8008304943980555,1904,52456,168,44
960,repeated_damage,fixed,10007,0.2,0.7344486198244656,0.028542662518941175,0,0,0,0.0,325,0.0,0.0,1.0,5760,1920,3.410605131648481e-13,1.0000000000000004,0.15745020005851984,0.9088033354903684,0,0,135,3,0.7102029639893659,0,0,191,0,0.8448067568348665,0,0,0,179,0.6913923792368151,0,0,181,0
960,repeated_damage,periodic,10007,0.2,0.8851593780500665,0.5800301898560647,421896,14388,9573,229.75200000000513,158,0.1272222222222222,0.12513888888888888,1.0,5760,1920,4.547473508864641e-13,1.0000000000000004,1.1143990000709891,0.9551305608469536,3588,108512,92,23,0.8749402695794725,2710,78792,114,36,0.940809572671628,2703,78656,12,91,0.8624438349745828,5387,155936,171,81
960,repeated_damage,local_signal,10007,0.2,0.8256017514696684,0.3334707572320144,94848,3789,489,11.736000000000008,243,0.015,0.04462962962962963,1.0,5760,1920,3.410605131648481e-13,1.0000000000000004,0.3553007000591606,0.9356883173071308,468,12304,192,91,0.7924525248070821,986,25136,262,119,0.9155955377740562,494,12168,5,164,0.7971794716487679,1841,45240,248,90
960,repeated_damage,shuffled_signal,10007,0.2,0.8284063555353217,0.355082074734793,106672,3789,1967,47.20799999999966,234,0.015,0.04462962962962963,1.0,5760,1920,2.2737367544323206e-13,1.0000000000000004,0.4209677001927048,0.9223997816245861,468,13968,156,36,0.8110290714338814,986,28232,112,43,0.9115243944113194,494,13776,4,103,0.795535978148043,1841,50696,197,53
960,repeated_damage,fixed,10008,0.2,0.7668035008711189,0.2162059076722972,0,0,0,0.0,355,0.0,0.0,1.0,5760,1920,3.410605131648481e-13,1.0000000000000004,0.16852460009977221,0.9509376003809211,0,0,85,3,0.7586902099671594,0,0,249,0,0.8983032027661829,0,0,1,231,0.7051102953755666,0,0,254,0
960,repeated_damage,periodic,10008,0.2,0.9276828842264175,0.6954963682052299,426296,14383,10138,243.31200000000564,150,0.12638888888888888,0.12555555555555556,1.0,5760,1920,3.410605131648481e-13,1.0000000000000004,1.0939605000894517,0.9953000585766855,3583,110280,34,15,0.9369316781423068,2701,80600,115,48,0.9907111890483393,2712,81192,12,82,0.8915443348575119,5387,154224,211,77
960,repeated_damage,local_signal,10008,0.2,0.8609265430088824,0.5314313949018895,82512,3264,522,12.528000000000008,250,0.008055555555555555,0.04490740740740741,1.0,5760,1920,3.410605131648481e-13,1.0000000000000004,0.3647016000468284,0.9764239995279831,272,7544,143,92,0.8450373447701225,877,22784,315,130,0.964163151696549,327,8256,5,211,0.8172528377844293,1788,43928,312,92
960,repeated_damage,shuffled_signal,10008,0.2,0.868306460849529,0.5141092725177714,93552,3264,1902,45.647999999999854,192,0.008055555555555555,0.04490740740740741,1.0,5760,1920,3.410605131648481e-13,1.0000000000000004,0.40955660003237426,0.966831213454017,272,8176,76,23,0.8529648952374573,877,25296,182,33,0.9575111459491485,327,9248,2,165,0.8313749011057552,1788,50832,223,70
960,repeated_damage,fixed,10009,0.2,0.7365869197011057,0.025139322093916755,0,0,0,0.0,334,0.0,0.0,1.0,5760,1920,2.2737367544323206e-13,1.0000000000000004,0.14367590006440878,0.9119902112816465,0,0,132,4,0.7230356553950674,0,0,186,0,0.8515353543772474,0,0,1,172,0.685888334516054,0,0,193,2
960,repeated_damage,periodic,10009,0.2,0.8748894613434991,0.5193231907826467,416904,14381,8970,215.28000000000458,157,0.12555555555555556,0.12518518518518518,1.0,5760,1920,2.2737367544323206e-13,1.0000000000000004,1.1198088999371976,0.9568536731509124,3581,108504,89,19,0.8607235309012283,2717,77976,128,28,0.9344387377948394,2704,78232,15,114,0.8521977883389645,5379,152192,139,53
960,repeated_damage,local_signal,10009,0.2,0.8147295924520815,0.34755864465923664,95824,3833,479,11.496000000000008,258,0.019444444444444445,0.04717592592592593,1.0,5760,1920,3.410605131648481e-13,1.0000000000000004,0.37690700008533895,0.9385781611335924,443,11648,183,89,0.7918685204367891,940,24216,260,113,0.9112372049978554,526,13016,12,156,0.7779063221868407,1924,46944,240,79
960,repeated_damage,shuffled_signal,10009,0.2,0.8270981461672043,0.30488404734991903,107400,3833,1926,46.223999999999705,224,0.019444444444444445,0.04717592592592593,1.0,5760,1920,2.2737367544323206e-13,1.0000000000000004,0.42293290002271533,0.9300509903250083,443,13224,121,25,0.8078397194441853,940,26752,167,40,0.9072953451634667,526,14736,3,128,0.7966287600305827,1924,52688,185,59
960,repeated_damage,fixed,10010,0.2,0.7442647480468945,0.07188957889953,0,0,0,0.0,351,0.0,0.0,1.0,5760,1920,3.410605131648481e-13,1.0000000000000004,0.20360909984447062,0.925510725885805,0,0,121,5,0.7251470961670026,0,0,218,0,0.8628279002790313,0,0,0,196,0.6945419978707719,0,0,213,0
960,repeated_damage,periodic,10010,0.2,0.8903140059458386,0.5797618997778832,421328,14374,9544,229.0560000000051,165,0.12305555555555556,0.12523148148148147,1.0,5760,1920,3.410605131648481e-13,1.0000000000000004,1.0405305998865515,0.9727293955029657,3574,108864,67,22,0.8844425462138968,2678,77808,130,30,0.953118432437712,2705,79328,10,102,0.861847522565873,5417,155328,180,68
960,repeated_damage,local_signal,10010,0.2,0.8339143148052266,0.4679298616488085,94896,3783,513,12.31200000000001,265,0.01361111111111111,0.04773148148148148,1.0,5760,1920,3.410605131648481e-13,1.0000000000000004,0.381121400045231,0.9533401940640056,419,11232,192,103,0.8188321171468087,972,25088,279,126,0.9375101762731309,453,11256,10,177,0.7896574829004834,1939,47320,267,77
960,repeated_damage,shuffled_signal,10010,0.2,0.8321594730265989,0.3723363927034183,105488,3783,1837,44.08799999999967,240,0.01361111111111111,0.04773148148148148,1.0,5760,1920,3.410605131648481e-13,1.0000000000000004,0.43709390005096793,0.9458724869794449,419,12560,113,28,0.8267312233965968,972,27640,159,47,0.9263096189514348,453,12432,9,129,0.7877985248791819,1939,52856,215,52
960,repeated_damage,fixed,10011,0.2,0.7458449879628921,0.038118871198547066,0,0,0,0.0,335,0.0,0.0,1.0,5760,1920,3.410605131648481e-13,1.0000000000000004,0.18408889998681843,0.9161992792472807,0,0,120,1,0.723304824061261,0,0,188,1,0.8605440174393699,0,0,0,180,0.6997655551754689,0,0,209,0
960,repeated_damage,periodic,10011,0.2,0.884933394746965,0.5458330526863389,419816,14372,9361,224.66400000000493,159,0.125,0.12560185185185185,1.0,5760,1920,4.547473508864641e-13,1.0000000000000004,1.0448696999810636,0.9629722865070737,3572,108208,88,23,0.873761197265203,2696,78464,101,27,0.9445345154909609,2713,78744,10,87,0.8607189331158479,5391,154400,154,57
960,repeated_damage,local_signal,10011,0.2,0.8377685480334154,0.3613885443133616,91208,3613,562,13.48800000000001,226,0.016666666666666666,0.04375,1.0,5760,1920,3.410605131648481e-13,1.0000000000000004,0.3631065997760743,0.9398285780632096,486,13160,213,103,0.8050600446870702,894,22968,243,122,0.9199543439350729,481,11816,2,143,0.8130299017557588,1752,43264,239,103
960,repeated_damage,shuffled_signal,10011,0.2,0.8489979328265749,0.3832246496320414,102584,3613,1984,47.61599999999967,208,0.016666666666666666,0.04375,1.0,5760,1920,3.410605131648481e-13,1.0000000000000004,0.4033254000823945,0.9312404882313308,486,14568,133,33,0.8126197673004669,894,25848,140,37,0.9235256845906553,481,13496,15,136,0.8299231397075885,1752,48672,181,55
960,scarcity,fixed,10000,0.2,0.6456066455926782,0.0,0,0,0,0.0,391,0.0,0.0,1.0,5760,1920,2.2737367544323206e-13,0.814448269520626,0.16146619990468025,0.7451179336936714,0,0,375,0,0.6483611575719013,0,0,13,0,0.645120376286431,0,0,2,0,0.6444725242561903,0,0,1,0
960,scarcity,periodic,10000,0.2,0.653657769789856,0.0,355416,14379,1290,30.960000000000246,418,0.12305555555555556,0.12476851851851851,1.0,5760,1920,1.1368683772161603e-13,1.0000000000000002,0.9187461999244988,0.777849306223562,3579,95872,398,8,0.6579268669795665,2693,64976,30,2,0.6524469782059833,2695,64680,0,0,0.652128616986937,5412,129888,0,0
960,scarcity,local_signal,10000,0.2,0.6522947611359915,0.0,193448,8006,163,3.9120000000000026,434,0.07416666666666667,0.07657407407407407,1.0,5760,1920,2.2737367544323206e-13,1.0000000000000002,0.5595978000201285,0.7655085435328023,1550,38400,487,89,0.6573347075711115,1566,37656,38,11,0.6522824279142974,1639,39360,12,4,0.6497809545292788,3251,78032,2,1
960,scarcity,shuffled_signal,10000,0.2,0.6545591779562174,0.0,197968,8006,728,17.471999999999827,417,0.07416666666666667,0.07657407407407407,1.0,5760,1920,2.2737367544323206e-13,1.0000000000000002,0.5371197999920696,0.7692402458122404,1550,41560,409,23,0.6621877787796142,1566,38632,36,9,0.6531240562203863,1639,39600,5,3,0.6514624384124347,3251,78176,3,1
960,scarcity,fixed,10001,0.2,0.6432429266863791,0.0,0,0,0,0.0,415,0.0,0.0,1.0,5760,1920,2.2737367544323206e-13,0.7957359071700049,0.16962200007401407,0.754782911381731,0,0,403,0,0.6451139892295806,0,0,13,0,0.6429750191176987,0,0,0,1,0.6424413491991185,0,0,0,0
960,scarcity,periodic,10001,0.2,0.6503498397220486,0.0,354896,14374,1240,29.76000000000015,438,0.12375,0.1261574074074074,1.0,5760,1920,2.2737367544323206e-13,1.0000000000000002,0.8492737000342458,0.7760913430322587,3574,94920,428,7,0.6541240071483456,2674,64680,14,1,0.6495096651007042,2725,65624,3,1,0.6488828433195722,5401,129672,2,0
960,scarcity,local_signal,10001,0.2,0.6492000494146162,0.0,206472,8550,159,3.8160000000000025,463,0.08263888888888889,0.08180555555555556,1.0,5760,1920,2.2737367544323206e-13,1.0,0.5683808999601752,0.7709688395684979,1613,39816,515,62,0.6527180554409222,1734,41744,26,17,0.6486449938503486,1766,42408,7,5,0.6477185741835969,3437,82504,3,4
960,scarcity,shuffled_signal,10001,0.2,0.6503245992477408,0.0,209528,8550,541,12.983999999999938,428,0.08263888888888889,0.08180555555555556,1.0,5760,1920,2.2737367544323206e-13,1.0000000000000002,0.5456616999581456,0.7720880596867417,1613,42024,425,18,0.6555852419385779,1734,42192,23,6,0.6493108629800686,1766,42520,3,0,0.6482011460361584,3437,82792,2,1
960,scarcity,fixed,10002,0.2,0.6268148564883369,0.0,0,0,0,0.0,400,0.0,0.0,1.0,5760,1920,2.2737367544323206e-13,0.8301133938451878,0.16187210008502007,0.7231228001214031,0,0,396,0,0.628002072515362,0,0,4,1,0.6266583416152695,0,0,0,0,0.6262995059113582,0,0,1,0
960,scarcity,periodic,10002,0.2,0.6419502348837072,0.0,362040,14386,2097,50.328000000000266,430,0.12777777777777777,0.12560185185185185,1.0,5760,1920,2.2737367544323206e-13,1.0,0.9692482000682503,0.7526552283157265,3586,96120,429,7,0.642867163103932,2689,66920,10,6,0.6419406278981135,2713,66736,7,6,0.6414965742663917,5398,132264,3,0
960,scarcity,local_signal,10002,0.2,0.6354748604468458,0.0,198240,8204,168,4.032000000000003,437,0.07430555555555556,0.07643518518518519,1.0,5760,1920,2.2737367544323206e-13,1.0,0.5913274998310953,0.7404151740802809,1656,40880,486,66,0.6388096693267106,1626,39176,36,19,0.6350351753775971,1652,39688,9,10,0.6340272985415376,3270,78496,4,3
960,scarcity,shuffled_signal,10002,0.2,0.6400892026565621,0.0,206656,8204,1220,29.279999999999838,412,0.07430555555555556,0.07643518518518519,1.0,5760,1920,2.2737367544323206e-13,1.0000000000000002,0.6309811000246555,0.7465990055961207,1656,44072,426,29,0.642293056537019,1626,40848,24,6,0.6387547150088667,1652,41016,4,2,0.6396545195401813,3270,80720,7,12
960,scarcity,fixed,10003,0.2,0.6435203200810775,0.0,0,0,0,0.0,398,0.0,0.0,1.0,5760,1920,2.2737367544323206e-13,0.7425474529589318,0.16893889987841249,0.7474178429156595,0,0,388,0,0.6449801166270914,0,0,8,1,0.6432813240498122,0,0,3,0,0.642909919823703,0,0,1,1
960,scarcity,periodic,10003,0.2,0.6527642144539061,0.0,355856,14389,1315,31.560000000000194,440,0.12569444444444444,0.12439814814814815,1.0,5760,1920,2.2737367544323206e-13,1.0000000000000002,0.8953003999777138,0.7753183087044515,3589,95656,426,10,0.6564641743630779,2721,66032,22,0,0.6521143775459013,2687,64760,1,1,0.6512391529533228,5392,129408,2,0
960,scarcity,local_signal,10003,0.2,0.64897018302776,0.0,200520,8303,156,3.7440000000000024,447,0.07763888888888888,0.07865740740740741,1.0,5760,1920,2.2737367544323206e-13,1.0,0.5619449000805616,0.7625737896680596,1607,39672,498,61,0.6520813305831616,1679,40408,27,19,0.6485254422950631,1698,40784,5,4,0.6476369796164076,3319,79656,1,0
960,scarcity,shuffled_signal,10003,0.2,0.6533655724257049,0.0,205040,8303,721,17.303999999999867,421,0.07763888888888888,0.07865740740740741,1.0,5760,1920,2.2737367544323206e-13,1.0,0.5789600999560207,0.7688072568467037,1607,42576,412,21,0.6602243452516202,1679,41384,22,6,0.6527750442987887,1698,41032,12,0,0.6502314500762051,3319,80048,6,4
960,scarcity,fixed,10004,0.2,0.6325446572614718,0.0,0,0,0,0.0,407,0.0,0.0,1.0,5760,1920,2.2737367544323206e-13,0.8390826759718982,0.1742281001061201,0.7324670000423907,0,0,409,5,0.6327184751898884,0,0,2,0,0.6324100750739619,0,0,1,0,0.6325250393910185,0,0,0,0
960,scarcity,periodic,10004,0.2,0.6496824267248404,0.0,361456,14381,2039,48.936000000000234,420,0.1226388888888889,0.12458333333333334,1.0,5760,1920,2.2737367544323206e-13,1.0000000000000002,0.8915122000034899,0.763005828102237,3581,95744,415,10,0.6506400220439705,2697,66832,20,12,0.6498686116184339,2691,66248,9,6,0.649110536618479,5412,132632,11,7
960,scarcity,local_signal,10004,0.2,0.6419663473094457,0.0,196712,8130,199,4.776000000000003,433,0.07263888888888889,0.07550925925925926,1.0,5760,1920,2.2737367544323206e-13,1.0000000000000002,0.6338686998933554,0.7515849374556287,1652,41072,527,93,0.643823721682103,1621,39048,22,27,0.6423222093102177,1623,38976,8,6,0.6408597291227309,3234,77616,2,0
960,scarcity,shuffled_signal,10004,0.2,0.6473215359451793,0.0,204248,8130,1141,27.383999999999872,421,0.07263888888888889,0.07550925925925926,1.0,5760,1920,2.2737367544323206e-13,1.0000000000000002,0.5515441000461578,0.7562612526679282,1652,43624,416,13,0.6498326716692923,1621,40560,23,10,0.6469909229966471,1623,40288,14,10,0.6462312745573893,3234,79776,21,20
960,scarcity,fixed,10005,0.2,0.6379532538517453,0.0,0,0,0,0.0,411,0.0,0.0,1.0,5760,1920,2.2737367544323206e-13,0.9087322139193513,0.16509680007584393,0.740151676588049,0,0,410,3,0.6383743839654803,0,0,6,1,0.6377542037568653,0,0,0,1,0.6378422138423178,0,0,0,0
960,scarcity,periodic,10005,0.2,0.6517855790616175,0.0,358840,14390,1685,40.440000000000275,429,0.12611111111111112,0.12527777777777777,1.0,5760,1920,2.2737367544323206e-13,1.0000000000000002,0.888616899959743,0.7727954623539481,3590,96304,414,13,0.6546591692092906,2699,66080,36,10,0.6516517345599653,2706,65872,7,6,0.6504157062386071,5395,130584,3,2
960,scarcity,local_signal,10005,0.2,0.6482154741760385,0.0,196720,8127,209,5.016000000000004,431,0.07305555555555555,0.07555555555555556,1.0,5760,1920,2.2737367544323206e-13,1.0000000000000002,0.6093572999816388,0.7597397349143099,1616,40024,499,74,0.6516225014094339,1637,39504,37,25,0.6478943548308206,1644,39600,20,22,0.6466725202319495,3230,77592,6,10
960,scarcity,shuffled_signal,10005,0.2,0.6516347132254697,0.0,202880,8127,979,23.495999999999878,437,0.07305555555555555,0.07555555555555556,1.0,5760,1920,2.2737367544323206e-13,1.0000000000000002,0.5973774997983128,0.7673779830719424,1616,42704,427,28,0.6584057333721436,1637,40544,45,15,0.6500905200116287,1644,40384,19,11,0.6490212997590532,3230,79248,28,28
960,scarcity,fixed,10006,0.2,0.6258754622050764,0.0,0,0,0,0.0,419,0.0,0.0,1.0,5760,1920,2.2737367544323206e-13,0.9034057882900277,0.15477240015752614,0.7280355680541211,0,0,410,0,0.6263935615881814,0,0,8,1,0.6257355941899445,0,0,1,0,0.6256863465210899,0,0,1,0
960,scarcity,periodic,10006,0.2,0.6438337626593778,0.0,361392,14383,2025,48.60000000000019,436,0.12611111111111112,0.12541666666666668,1.0,5760,1920,2.2737367544323206e-13,1.0000000000000002,0.8911144000012428,0.7556060336688915,3583,95408,436,7,0.6445294922383552,2708,67280,10,9,0.6436180977373614,2709,66864,8,4,0.643593730330897,5383,131840,5,3
960,scarcity,local_signal,10006,0.2,0.6338987577277263,0.0,204144,8460,138,3.312000000000002,453,0.07791666666666666,0.08013888888888888,1.0,5760,1920,2.2737367544323206e-13,1.0000000000000002,0.5734595998656005,0.744071977547259,1661,40848,500,60,0.6363801733646297,1684,40512,31,18,0.6333210051997604,1739,41760,6,4,0.6329469261732577,3376,81024,0,2
960,scarcity,shuffled_signal,10006,0.2,0.640831771625758,0.0,211648,8460,1076,25.82399999999987,427,0.07791666666666666,0.08013888888888888,1.0,5760,1920,2.2737367544323206e-13,1.0000000000000002,0.5983335000928491,0.74663371894147,1661,43848,432,18,0.6421014874062204,1684,41992,29,17,0.6403894692911714,1739,42984,9,8,0.6404180649028199,3376,82824,8,8
960,scarcity,fixed,10007,0.2,0.6397974748814486,0.0,0,0,0,0.0,384,0.0,0.0,1.0,5760,1920,2.2737367544323206e-13,0.9223378347729588,0.16572689986787736,0.7329921712595361,0,0,374,1,0.6419147298686038,0,0,9,1,0.6394736722210266,0,0,2,0,0.6389007487180821,0,0,1,0
960,scarcity,periodic,10007,0.2,0.6556329359611788,0.0,358240,14388,1616,38.78400000000036,408,0.1272222222222222,0.12513888888888888,1.0,5760,1920,2.2737367544323206e-13,1.0000000000000002,0.9207391999661922,0.7692490116285395,3588,97032,404,22,0.6622940793253183,2710,66208,22,3,0.6540513142999913,2703,65440,8,2,0.6530931751097027,5387,129560,5,4
960,scarcity,local_signal,10007,0.2,0.6518110266074799,0.0,192232,7945,194,4.656000000000003,428,0.07208333333333333,0.07606481481481482,1.0,5760,1920,2.2737367544323206e-13,1.0000000000000002,0.5377550001721829,0.7536766744086716,1551,38480,480,85,0.6581081814621776,1572,37968,71,41,0.65070882525694,1639,39368,8,8,0.6492135498554008,3183,76416,6,3
960,scarcity,shuffled_signal,10007,0.2,0.6547332690808934,0.0,199568,7945,1111,26.663999999999835,408,0.07208333333333333,0.07606481481481482,1.0,5760,1920,2.2737367544323206e-13,1.0000000000000002,0.5644873999990523,0.761187901116084,1551,41560,387,16,0.6620494942531291,1572,39392,43,13,0.6527227255428145,1639,40448,17,10,0.652080428263815,3183,78168,12,12
960,scarcity,fixed,10008,0.2,0.6402796482038642,0.0,0,0,0,0.0,411,0.0,0.0,1.0,5760,1920,2.2737367544323206e-13,0.9491874378491444,0.18171159992925823,0.7458386139467036,0,0,404,0,0.6413590127905089,0,0,9,2,0.6398309412351602,0,0,1,1,0.6399643193948936,0,0,0,0
960,scarcity,periodic,10008,0.2,0.6513461960762275,0.0,356336,14383,1393,33.43200000000018,440,0.12638888888888888,0.12555555555555556,1.0,5760,1920,2.2737367544323206e-13,1.0000000000000002,0.9144574999809265,0.7751161185137541,3583,95336,433,6,0.6536847416050252,2701,66192,25,9,0.6509796768538831,2712,65512,1,4,0.6503601829230008,5387,129296,0,0
960,scarcity,local_signal,10008,0.2,0.6471768610835935,0.0,204272,8470,124,2.976000000000002,455,0.08347222222222223,0.08009259259259259,1.0,5760,1920,2.2737367544323206e-13,1.0000000000000002,0.6488789001014084,0.7629328678106261,1646,40448,511,64,0.6485027722445281,1708,41032,18,11,0.6470049951705207,1729,41504,3,1,0.6465998384596626,3387,81288,0,1
960,scarcity,shuffled_signal,10008,0.2,0.6514434259910913,0.0,210064,8470,848,20.351999999999887,439,0.08347222222222223,0.08009259259259259,1.0,5760,1920,2.2737367544323206e-13,1.0000000000000002,0.5562862998340279,0.768861863903267,1646,43336,442,25,0.6551809718704208,1708,42264,28,8,0.6513051908982342,1729,42256,6,5,0.6496437705978552,3387,82208,2,1
960,scarcity,fixed,10009,0.2,0.6260489988577027,0.0,0,0,0,0.0,405,0.0,0.0,1.0,5760,1920,1.1368683772161603e-13,0.9389463271863857,0.1558705000206828,0.7211155846264347,0,0,400,0,0.6265880508075276,0,0,9,3,0.6258938518637776,0,0,0,1,0.6258570463797527,0,0,0,0
960,scarcity,periodic,10009,0.2,0.6486892461353402,0.0,363304,14381,2270,54.48000000000027,411,0.12555555555555556,0.12518518518518518,1.0,5760,1920,2.2737367544323206e-13,1.0000000000000002,0.9674400000367314,0.7550306995876663,3581,96480,412,12,0.6520422462136322,2717,67784,14,6,0.6483879932519138,2704,66704,11,8,0.6471633725379069,5379,132336,14,14
960,scarcity,local_signal,10009,0.2,0.639002327974483,0.0,204608,8454,214,5.136000000000004,450,0.07472222222222222,0.0787037037037037,1.0,5760,1920,1.1368683772161603e-13,1.0000000000000002,0.6221841999795288,0.741482204906889,1721,42688,528,86,0.6408403909432993,1677,40448,35,30,0.6392502859969558,1700,40848,12,10,0.6379593174788383,3356,80624,18,17
960,scarcity,shuffled_signal,10009,0.2,0.647542407873916,0.0,213664,8454,1346,32.303999999999796,408,0.07472222222222222,0.0787037037037037,1.0,5760,1920,1.1368683772161603e-13,1.0000000000000002,0.5403577000834048,0.7483418063625189,1721,46016,410,26,0.6517859544163014,1677,42272,36,16,0.64756432055664,1700,42208,11,12,0.6454096782613614,3356,83168,15,10
960,scarcity,fixed,10010,0.2,0.6269112169263876,0.0,0,0,0,0.0,416,0.0,0.0,1.0,5760,1920,2.2737367544323206e-13,0.9170805913838406,0.15852109994739294,0.7274078135331231,0,0,400,1,0.6295036971579678,0,0,11,0,0.6262746226441995,0,0,5,0,0.6259332739516917,0,0,2,1
960,scarcity,periodic,10010,0.2,0.647769658686399,0.0,360248,14374,1909,45.81600000000023,425,0.12305555555555556,0.12523148148148147,1.0,5760,1920,2.2737367544323206e-13,1.0000000000000002,0.8716197998728603,0.76275513914362,3574,95512,407,9,0.6490102694658293,2678,65880,45,11,0.6458341086844759,2705,66368,10,11,0.6481171282976455,5417,132488,13,19
960,scarcity,local_signal,10010,0.2,0.6365283815934816,0.0,199232,8251,151,3.6240000000000023,442,0.07680555555555556,0.07810185185185185,1.0,5760,1920,2.2737367544323206e-13,1.0000000000000002,0.5221478999592364,0.7455687934804388,1626,40016,488,63,0.6404607159355631,1659,40000,40,23,0.6357787123952435,1687,40520,9,9,0.6349370490215598,3279,78696,0,0
960,scarcity,shuffled_signal,10010,0.2,0.6464453755096126,0.0,206016,8251,999,23.975999999999846,426,0.07680555555555556,0.07810185185185185,1.0,5760,1920,2.2737367544323206e-13,1.0000000000000002,0.6144832000136375,0.751983847596043,1626,43200,421,25,0.6538458544908534,1659,41392,30,8,0.6439140056297233,1687,41368,16,10,0.6440108209589362,3279,80056,12,10
960,scarcity,fixed,10011,0.2,0.6359654758599201,0.0,0,0,0,0.0,388,0.0,0.0,1.0,5760,1920,1.1368683772161603e-13,1.0000000000000002,0.17101049982011318,0.7344014293905485,0,0,383,2,0.6376531772937842,0,0,6,2,0.6356624819936955,0,0,3,0,0.6352731220761006,0,0,0,0
960,scarcity,periodic,10011,0.2,0.6514084876345967,0.0,357824,14372,1612,38.688000000000294,429,0.125,0.12560185185185185,1.0,5760,1920,1.1368683772161603e-13,1.0000000000000002,0.8527017999440432,0.7692530392423653,3572,96096,412,13,0.6552475469981174,2696,66112,31,5,0.6510820183446122,2713,65816,10,6,0.6496521925978287,5391,129800,7,7
960,scarcity,local_signal,10011,0.2,0.647264948409372,0.0,196960,8131,227,5.448000000000004,434,0.07486111111111111,0.07629629629629629,1.0,5760,1920,1.1368683772161603e-13,1.0000000000000002,0.5515589001588523,0.7574748803879305,1618,40272,510,85,0.6520203209083166,1613,38880,37,30,0.6462831597073115,1648,39640,10,8,0.6453781565109297,3252,78168,8,8
960,scarcity,shuffled_signal,10011,0.2,0.6485772034865557,0.0,203424,8131,1035,24.839999999999815,410,0.07486111111111111,0.07629629629629629,1.0,5760,1920,1.1368683772161603e-13,1.0000000000000002,0.584054599981755,0.7613825992157802,1618,43336,413,27,0.6516064183272835,1613,40136,38,16,0.6484341858483457,1648,40504,12,15,0.6471341048852969,3252,79448,12,7
