n,scenario,seed,dt,t,node,policy,delay,need,q,messages,swap,fee
96,mixed,24000,0.2,40.0,30,pulse8,8.0,0,0.9854740156343906,32,1,0.12
96,mixed,24000,0.2,40.0,30,pulse8,16.0,0,0.9997339473158561,24,0,0.0
96,mixed,24000,0.2,40.0,30,pulse8,24.0,0,0.999995127075112,24,0,0.0
96,mixed,24000,0.2,40.0,30,pulse8,32.0,0,0.9999999107492675,24,0,0.0
96,mixed,24000,0.2,40.0,30,pulse8,40.0,0,0.9999999983653157,24,0,0.0
96,mixed,24000,0.2,40.0,30,pulse16,16.0,0,0.9997339473158561,24,0,0.0
96,mixed,24000,0.2,40.0,30,pulse16,32.0,0,0.9999999107492675,24,0,0.0
96,mixed,24000,0.2,76.0,27,pulse8,8.0,0,0.9861675996400068,32,1,0.12
96,mixed,24000,0.2,76.0,27,pulse8,16.0,0,0.999746650750042,32,1,0.12
96,mixed,24000,0.2,76.0,27,pulse8,24.0,0,0.999995359746625,32,1,0.12
96,mixed,24000,0.2,76.0,27,pulse8,32.0,0,0.9999999150107949,32,1,0.12
96,mixed,24000,0.2,76.0,27,pulse8,40.0,0,0.9999999984433683,32,1,0.12
96,mixed,24000,0.2,76.0,27,pulse16,16.0,0,0.999746650750042,32,1,0.12
96,mixed,24000,0.2,76.0,27,pulse16,32.0,0,0.9999999150107949,32,1,0.12
96,mixed,24000,0.2,88.0,30,pulse8,8.0,0,0.9816843611115225,24,0,0.0
96,mixed,24000,0.2,88.0,30,pulse8,16.0,0,0.9996645373721023,32,1,0.12
96,mixed,24000,0.2,88.0,30,pulse8,24.0,0,0.9999938557876468,24,0,0.0
96,mixed,24000,0.2,88.0,30,pulse8,32.0,0,0.9999998874648253,24,0,0.0
96,mixed,24000,0.2,88.0,30,pulse8,40.0,0,0.9999999979388463,24,0,0.0
96,mixed,24000,0.2,88.0,30,pulse16,16.0,0,0.9996645373721023,32,1,0.12
96,mixed,24000,0.2,88.0,30,pulse16,32.0,0,0.9999998874648253,24,0,0.0
96,mixed,24001,0.2,40.0,50,persistent,8.8,1,0.7697413680535852,24,0,0.0
96,mixed,24001,0.2,40.0,50,persistent,16.8,1,0.4877034519329858,24,0,0.0
96,mixed,24001,0.2,40.0,50,persistent,24.8,1,0.3301059721175812,24,0,0.0
96,mixed,24001,0.2,40.0,50,pulse8,8.0,0,0.8406941272496535,24,0,0.0
96,mixed,24001,0.2,40.0,50,pulse8,16.0,1,0.502206439674901,24,0,0.0
96,mixed,24001,0.2,40.0,50,pulse8,24.0,1,0.3433715820598313,24,0,0.0
96,mixed,24001,0.2,40.0,50,pulse8,32.0,0,0.9642030271581655,24,0,0.0
96,mixed,24001,0.2,40.0,50,pulse8,40.0,0,0.9993443555721191,24,0,0.0
96,mixed,24001,0.2,40.0,50,pulse16,16.0,1,0.502206439674901,24,0,0.0
96,mixed,24001,0.2,40.0,50,pulse16,32.0,0,0.9642030271581655,24,0,0.0
96,mixed,24001,0.2,76.0,51,pulse8,8.0,0,0.9818641707873452,24,0,0.0
96,mixed,24001,0.2,76.0,51,pulse8,16.0,0,0.9996678307011931,24,0,0.0
96,mixed,24001,0.2,76.0,51,pulse8,24.0,0,0.9999939161070731,24,0,0.0
96,mixed,24001,0.2,76.0,51,pulse8,32.0,0,0.9999998885696142,24,0,0.0
96,mixed,24001,0.2,76.0,51,pulse8,40.0,0,0.9999999979590813,24,0,0.0
96,mixed,24001,0.2,76.0,51,pulse16,16.0,0,0.9996678307011931,24,0,0.0
96,mixed,24001,0.2,76.0,51,pulse16,32.0,0,0.9999998885696142,24,0,0.0
96,mixed,24001,0.2,100.0,70,pulse8,8.0,0,0.9857432054424161,24,0,0.0
96,mixed,24001,0.2,100.0,70,pulse8,16.0,0,0.9997388776991724,24,0,0.0
96,mixed,24001,0.2,100.0,70,pulse8,24.0,0,0.9999952173782323,32,1,0.12
96,mixed,24001,0.2,100.0,70,pulse8,32.0,0,0.9999999124032268,24,0,0.0
96,mixed,24001,0.2,100.0,70,pulse8,40.0,0,0.9999999983956092,24,0,0.0
96,mixed,24001,0.2,100.0,70,pulse16,16.0,0,0.9997388776991724,24,0,0.0
96,mixed,24001,0.2,100.0,70,pulse16,32.0,0,0.9999999124032268,24,0,0.0
96,mixed,24002,0.2,64.0,15,pulse8,8.0,0,0.990394959001328,24,0,0.0
96,mixed,24002,0.2,64.0,15,pulse8,16.0,0,0.9998240775375569,24,0,0.0
96,mixed,24002,0.2,64.0,15,pulse8,24.0,0,0.9999967778677056,24,0,0.0
96,mixed,24002,0.2,64.0,15,pulse8,32.0,0,0.9999999409845884,32,1,0.12
96,mixed,24002,0.2,64.0,15,pulse8,40.0,0,0.9999999989190951,32,1,0.12
96,mixed,24002,0.2,64.0,15,pulse16,16.0,0,0.9998240775375569,24,0,0.0
96,mixed,24002,0.2,64.0,15,pulse16,32.0,0,0.9999999409845884,32,1,0.12
96,mixed,24002,0.2,76.0,65,pulse8,8.0,0,0.9819666538000348,24,0,0.0
96,mixed,24002,0.2,76.0,65,pulse8,16.0,0,0.9996697077430459,24,0,0.0
96,mixed,24002,0.2,76.0,65,pulse8,24.0,0,0.9999939504862939,24,0,0.0
96,mixed,24002,0.2,76.0,65,pulse8,32.0,0,0.9999998891992915,24,0,0.0
96,mixed,24002,0.2,76.0,65,pulse8,40.0,0,0.9999999979706142,24,0,0.0
96,mixed,24002,0.2,76.0,65,pulse16,16.0,0,0.9996697077430459,24,0,0.0
96,mixed,24002,0.2,76.0,65,pulse16,32.0,0,0.9999998891992915,24,0,0.0
96,mixed,24002,0.2,100.0,25,pulse8,8.0,0,0.9979140991130105,32,1,0.12
96,mixed,24002,0.2,100.0,25,pulse8,16.0,0,0.9999617953925963,32,1,0.12
96,mixed,24002,0.2,100.0,25,pulse8,24.0,0,0.9999993002582069,32,1,0.12
96,mixed,24002,0.2,100.0,25,pulse8,32.0,0,0.999999987183782,32,1,0.12
96,mixed,24002,0.2,100.0,25,pulse8,40.0,0,0.9999999997652628,32,1,0.12
96,mixed,24002,0.2,100.0,25,pulse16,16.0,0,0.9999617953925963,32,1,0.12
96,mixed,24002,0.2,100.0,25,pulse16,32.0,0,0.999999987183782,32,1,0.12
96,mixed,24003,0.2,52.0,51,persistent,8.0,1,0.723038240261392,24,0,0.0
96,mixed,24003,0.2,52.0,51,persistent,16.0,1,0.9374439758986076,24,0,0.0
96,mixed,24003,0.2,52.0,51,pulse8,8.0,1,0.723038240261392,24,0,0.0
96,mixed,24003,0.2,52.0,51,pulse8,16.0,1,0.9374439758986076,24,0,0.0
96,mixed,24003,0.2,52.0,51,pulse8,24.0,0,0.998854246452244,24,0,0.0
96,mixed,24003,0.2,52.0,51,pulse8,32.0,0,0.9999790147917638,24,0,0.0
96,mixed,24003,0.2,52.0,51,pulse8,40.0,0,0.999999615642504,24,0,0.0
96,mixed,24003,0.2,52.0,51,pulse16,16.0,1,0.9374439758986076,24,0,0.0
96,mixed,24003,0.2,52.0,51,pulse16,32.0,0,0.9999790147917638,24,0,0.0
96,mixed,24003,0.2,88.0,53,pulse8,8.0,0,0.998363429918886,24,0,0.0
96,mixed,24003,0.2,88.0,53,pulse8,16.0,0,0.9999700251733782,24,0,0.0
96,mixed,24003,0.2,88.0,53,pulse8,24.0,0,0.9999994509918999,24,0,0.0
96,mixed,24003,0.2,88.0,53,pulse8,32.0,0,0.9999999899445658,24,0,0.0
96,mixed,24003,0.2,88.0,53,pulse8,40.0,0,0.9999999998158283,24,0,0.0
96,mixed,24003,0.2,88.0,53,pulse16,16.0,0,0.9999700251733782,24,0,0.0
96,mixed,24003,0.2,88.0,53,pulse16,32.0,0,0.9999999899445658,24,0,0.0
96,mixed,24004,0.2,52.0,44,pulse8,8.0,0,0.9903155344332418,32,1,0.12
96,mixed,24004,0.2,52.0,44,pulse8,16.0,0,0.9998226228258489,24,0,0.0
96,mixed,24004,0.2,52.0,44,pulse8,24.0,0,0.9999967512237311,24,0,0.0
96,mixed,24004,0.2,52.0,44,pulse8,32.0,0,0.9999999404965869,24,0,0.0
96,mixed,24004,0.2,52.0,44,pulse8,40.0,0,0.999999998910157,24,0,0.0
96,mixed,24004,0.2,52.0,44,pulse16,16.0,0,0.9998226228258489,32,1,0.12
96,mixed,24004,0.2,52.0,44,pulse16,32.0,0,0.9999999404965869,24,0,0.0
96,mixed,24004,0.2,100.0,0,pulse8,8.0,0,0.9834062432779999,32,1,0.12
96,mixed,24004,0.2,100.0,0,pulse8,16.0,0,0.9996960747440722,24,0,0.0
96,mixed,24004,0.2,100.0,0,pulse8,24.0,0,0.9999944334147632,24,0,0.0
96,mixed,24004,0.2,100.0,0,pulse8,32.0,0,0.9999998980444349,24,0,0.0
96,mixed,24004,0.2,100.0,0,pulse8,40.0,0,0.9999999981326189,24,0,0.0
96,mixed,24004,0.2,100.0,0,pulse16,16.0,0,0.9996960747440722,32,1,0.12
96,mixed,24004,0.2,100.0,0,pulse16,32.0,0,0.9999998980444349,32,1,0.12
96,mixed,24005,0.2,40.0,31,persistent,8.0,1,0.8912044668553836,24,0,0.0
96,mixed,24005,0.2,40.0,31,persistent,16.0,1,0.4680541806800628,24,0,0.0
96,mixed,24005,0.2,40.0,31,persistent,24.0,1,0.35293780598539615,24,0,0.0
96,mixed,24005,0.2,40.0,31,persistent,32.0,1,0.3433518954254988,24,0,0.0
96,mixed,24005,0.2,40.0,31,persistent,40.0,1,0.34167476769467836,24,0,0.0
96,mixed,24005,0.2,40.0,31,pulse8,8.0,1,0.8912044668553836,24,0,0.0
96,mixed,24005,0.2,40.0,31,pulse8,16.0,1,0.4680541806800628,24,0,0.0
96,mixed,24005,0.2,40.0,31,pulse8,24.0,1,0.35293780598539615,24,0,0.0
96,mixed,24005,0.2,40.0,31,pulse8,32.0,1,0.3433518954254988,24,0,0.0
96,mixed,24005,0.2,40.0,31,pulse8,40.0,1,0.34167476769467836,24,0,0.0
96,mixed,24005,0.2,40.0,31,pulse16,16.0,1,0.4680541806800628,24,0,0.0
96,mixed,24005,0.2,40.0,31,pulse16,32.0,1,0.3433518954254988,24,0,0.0
96,mixed,24005,0.2,76.0,4,pulse8,8.0,0,0.9950523227822617,32,1,0.12
96,mixed,24005,0.2,76.0,4,pulse8,16.0,0,0.9999093801307418,32,1,0.12
96,mixed,24005,0.2,76.0,4,pulse8,24.0,0,0.9999983402391985,32,1,0.12
96,mixed,24005,0.2,76.0,4,pulse8,32.0,0,0.9999999696004205,24,0,0.0
96,mixed,24005,0.2,76.0,4,pulse8,40.0,0,0.9999999994432124,24,0,0.0
96,mixed,24005,0.2,76.0,4,pulse16,16.0,0,0.9999093801307418,32,1,0.12
96,mixed,24005,0.2,76.0,4,pulse16,32.0,0,0.9999999696004205,24,0,0.0
96,mixed,24005,0.2,100.0,3,pulse8,8.0,0,0.9969061631380219,32,1,0.12
96,mixed,24005,0.2,100.0,3,pulse8,16.0,0,0.9999433344012554,32,1,0.12
96,mixed,24005,0.2,100.0,3,pulse8,24.0,0,0.999998962133356,24,0,0.0
96,mixed,24005,0.2,100.0,3,pulse8,32.0,0,0.9999999809908092,32,1,0.12
96,mixed,24005,0.2,100.0,3,pulse8,40.0,0,0.9999999996518346,32,1,0.12
96,mixed,24005,0.2,100.0,3,pulse16,16.0,0,0.9999433344012554,32,1,0.12
96,mixed,24005,0.2,100.0,3,pulse16,32.0,0,0.9999999809908092,32,1,0.12
96,mixed,24006,0.2,52.0,78,persistent,8.0,1,0.6542462465222035,32,1,0.12
96,mixed,24006,0.2,52.0,78,pulse8,8.0,1,0.6542462465222035,32,1,0.12
96,mixed,24006,0.2,52.0,78,pulse8,16.0,0,0.9936672991068762,24,0,0.0
96,mixed,24006,0.2,52.0,78,pulse8,24.0,0,0.9998840125372512,24,0,0.0
96,mixed,24006,0.2,52.0,78,pulse8,32.0,0,0.9999978756155167,24,0,0.0
96,mixed,24006,0.2,52.0,78,pulse8,40.0,0,0.999999961090541,24,0,0.0
96,mixed,24006,0.2,52.0,78,pulse16,16.0,1,0.11929685757961107,32,1,0.12
96,mixed,24006,0.2,52.0,78,pulse16,32.0,0,0.9997045570094416,32,1,0.12
96,mixed,24006,0.2,64.0,53,pulse8,8.0,0,0.9950179895443062,32,1,0.12
96,mixed,24006,0.2,64.0,53,pulse8,16.0,0,0.9999087512955538,24,0,0.0
96,mixed,24006,0.2,64.0,53,pulse8,24.0,0,0.9999983287216803,24,0,0.0
96,mixed,24006,0.2,64.0,53,pulse8,32.0,0,0.9999999693894698,24,0,0.0
96,mixed,24006,0.2,64.0,53,pulse8,40.0,0,0.9999999994393485,24,0,0.0
96,mixed,24006,0.2,64.0,53,pulse16,16.0,0,0.9999087512955538,32,1,0.12
96,mixed,24006,0.2,64.0,53,pulse16,32.0,0,0.9999999693894698,24,0,0.0
96,mixed,24006,0.2,88.0,80,pulse8,8.0,0,0.9978033860802121,24,0,0.0
96,mixed,24006,0.2,88.0,80,pulse8,16.0,0,0.9999597676126671,24,0,0.0
96,mixed,24006,0.2,88.0,80,pulse8,24.0,0,0.9999992631181219,24,0,0.0
96,mixed,24006,0.2,88.0,80,pulse8,32.0,0,0.9999999865035376,24,0,0.0
96,mixed,24006,0.2,88.0,80,pulse8,40.0,0,0.9999999997528037,24,0,0.0
96,mixed,24006,0.2,88.0,80,pulse16,16.0,0,0.9999597676126671,24,0,0.0
96,mixed,24006,0.2,88.0,80,pulse16,32.0,0,0.9999999865035376,24,0,0.0
96,mixed,24006,0.2,100.0,78,pulse8,8.0,0,0.991574463089866,32,1,0.12
96,mixed,24006,0.2,100.0,78,pulse8,16.0,0,0.9998456809085103,24,0,0.0
96,mixed,24006,0.2,100.0,78,pulse8,24.0,0,0.9999971735472466,24,0,0.0
96,mixed,24006,0.2,100.0,78,pulse8,32.0,0,0.999999948231712,24,0,0.0
96,mixed,24006,0.2,100.0,78,pulse8,40.0,0,0.9999999990518307,24,0,0.0
96,mixed,24006,0.2,100.0,78,pulse16,16.0,0,0.9998456809085103,32,1,0.12
96,mixed,24006,0.2,100.0,78,pulse16,32.0,1,0.5540273831700882,32,1,0.12
96,mixed,24007,0.2,88.0,2,pulse8,8.0,0,0.9942226119805759,32,1,0.12
96,mixed,24007,0.2,88.0,2,pulse8,16.0,0,0.9998941834473161,32,1,0.12
96,mixed,24007,0.2,88.0,2,pulse8,24.0,0,0.9999980619022326,32,1,0.12
96,mixed,24007,0.2,88.0,2,pulse8,32.0,0,0.9999999645025011,32,1,0.12
96,mixed,24007,0.2,88.0,2,pulse8,40.0,0,0.9999999993498406,24,0,0.0
96,mixed,24007,0.2,88.0,2,pulse16,16.0,0,0.9998941834473161,32,1,0.12
96,mixed,24007,0.2,88.0,2,pulse16,32.0,0,0.9999999645025011,32,1,0.12
96,mixed,24007,0.2,100.0,88,pulse8,8.0,0,0.9912007139624908,24,0,0.0
96,mixed,24007,0.2,100.0,88,pulse8,16.0,0,0.9998388354544583,24,0,0.0
96,mixed,24007,0.2,100.0,88,pulse8,24.0,0,0.9999970481683821,24,0,0.0
96,mixed,24007,0.2,100.0,88,pulse8,32.0,0,0.9999999459353179,24,0,0.0
96,mixed,24007,0.2,100.0,88,pulse8,40.0,0,0.9999999990097709,24,0,0.0
96,mixed,24007,0.2,100.0,88,pulse16,16.0,0,0.9998388354544583,24,0,0.0
96,mixed,24007,0.2,100.0,88,pulse16,32.0,0,0.9999999459353179,24,0,0.0
96,mixed,24008,0.2,40.0,27,persistent,8.4,1,0.869676739266425,24,0,0.0
96,mixed,24008,0.2,40.0,27,persistent,16.400000000000002,1,0.5388343394745784,24,0,0.0
96,mixed,24008,0.2,40.0,27,persistent,24.400000000000002,1,0.361477788262728,24,0,0.0
96,mixed,24008,0.2,40.0,27,persistent,32.4,1,0.3427446091868128,24,0,0.0
96,mixed,24008,0.2,40.0,27,persistent,40.400000000000006,1,0.33212357563869005,24,0,0.0
96,mixed,24008,0.2,40.0,27,pulse8,8.0,0,0.8905696638486378,24,0,0.0
96,mixed,24008,0.2,40.0,27,pulse8,16.0,1,0.5553057880385149,24,0,0.0
96,mixed,24008,0.2,40.0,27,pulse8,24.0,1,0.3681264562281682,24,0,0.0
96,mixed,24008,0.2,40.0,27,pulse8,32.0,1,0.34196192069405135,24,0,0.0
96,mixed,24008,0.2,40.0,27,pulse8,40.0,1,0.3332763127018593,24,0,0.0
96,mixed,24008,0.2,40.0,27,pulse16,16.0,1,0.5553057880385149,24,0,0.0
96,mixed,24008,0.2,40.0,27,pulse16,32.0,1,0.34196192069405135,24,0,0.0
96,mixed,24008,0.2,76.0,42,pulse8,8.0,0,0.982270323353849,32,1,0.12
96,mixed,24008,0.2,76.0,42,pulse8,16.0,0,0.999675269644935,32,1,0.12
96,mixed,24008,0.2,76.0,42,pulse8,24.0,0,0.9999940523560805,24,0,0.0
96,mixed,24008,0.2,76.0,42,pulse8,32.0,0,0.9999998910651018,24,0,0.0
96,mixed,24008,0.2,76.0,42,pulse8,40.0,0,0.9999999980047877,24,0,0.0
96,mixed,24008,0.2,76.0,42,pulse16,16.0,0,0.999675269644935,32,1,0.12
96,mixed,24008,0.2,76.0,42,pulse16,32.0,0,0.9999998910651018,24,0,0.0
96,mixed,24008,0.2,88.0,4,pulse8,8.0,0,0.9955711003388288,32,1,0.12
96,mixed,24008,0.2,88.0,4,pulse8,16.0,0,0.9999188818731316,24,0,0.0
96,mixed,24008,0.2,88.0,4,pulse8,24.0,0,0.9999985142696809,24,0,0.0
96,mixed,24008,0.2,88.0,4,pulse8,32.0,0,0.9999999727879001,24,0,0.0
96,mixed,24008,0.2,88.0,4,pulse8,40.0,0,0.999999999501593,32,1,0.12
96,mixed,24008,0.2,88.0,4,pulse16,16.0,0,0.9999188818731316,32,1,0.12
96,mixed,24008,0.2,88.0,4,pulse16,32.0,0,0.9999999727879001,24,0,0.0
96,mixed,24008,0.2,100.0,42,pulse8,8.0,0,0.9903875530835307,32,1,0.12
96,mixed,24008,0.2,100.0,42,pulse8,16.0,0,0.9998239418934408,24,0,0.0
96,mixed,24008,0.2,100.0,42,pulse8,24.0,0,0.9999967753832968,24,0,0.0
96,mixed,24008,0.2,100.0,42,pulse8,32.0,0,0.999999940939085,24,0,0.0
96,mixed,24008,0.2,100.0,42,pulse8,40.0,0,0.9999999989182615,24,0,0.0
96,mixed,24008,0.2,100.0,42,pulse16,16.0,0,0.9998239418934408,32,1,0.12
96,mixed,24008,0.2,100.0,42,pulse16,32.0,0,0.999999940939085,24,0,0.0
96,mixed,24009,0.2,88.0,31,pulse8,8.0,0,0.9901582332660317,32,1,0.12
96,mixed,24009,0.2,88.0,31,pulse8,16.0,0,0.9998197417544735,32,1,0.12
96,mixed,24009,0.2,88.0,31,pulse8,24.0,0,0.9999966984550682,24,0,0.0
96,mixed,24009,0.2,88.0,31,pulse8,32.0,0,0.9999999395300952,24,0,0.0
96,mixed,24009,0.2,88.0,31,pulse8,40.0,0,0.999999998892455,24,0,0.0
96,mixed,24009,0.2,88.0,31,pulse16,16.0,0,0.9998197417544735,32,1,0.12
96,mixed,24009,0.2,88.0,31,pulse16,32.0,0,0.9999999395300952,32,1,0.12
96,mixed,24010,0.2,64.0,60,pulse8,8.0,0,0.9902278956611581,32,1,0.12
96,mixed,24010,0.2,64.0,60,pulse8,16.0,0,0.9998210176657467,32,1,0.12
96,mixed,24010,0.2,64.0,60,pulse8,24.0,0,0.9999967218241983,32,1,0.12
96,mixed,24010,0.2,64.0,60,pulse8,32.0,0,0.9999999399581158,32,1,0.12
96,mixed,24010,0.2,64.0,60,pulse8,40.0,0,0.9999999989002945,32,1,0.12
96,mixed,24010,0.2,64.0,60,pulse16,16.0,0,0.9998210176657467,32,1,0.12
96,mixed,24010,0.2,64.0,60,pulse16,32.0,0,0.9999999399581158,32,1,0.12
96,mixed,24010,0.2,100.0,72,persistent,8.0,1,0.765585159283757,32,1,0.12
96,mixed,24010,0.2,100.0,72,pulse8,8.0,1,0.765585159283757,32,1,0.12
96,mixed,24010,0.2,100.0,72,pulse8,16.0,0,0.9957065424272811,24,0,0.0
96,mixed,24010,0.2,100.0,72,pulse8,24.0,0,0.999921362581514,32,1,0.12
96,mixed,24010,0.2,100.0,72,pulse8,32.0,0,0.9999985597054398,24,0,0.0
96,mixed,24010,0.2,100.0,72,pulse8,40.0,0,0.9999999736200851,24,0,0.0
96,mixed,24010,0.2,100.0,72,pulse16,16.0,1,0.7279446937576209,32,1,0.12
96,mixed,24010,0.2,100.0,72,pulse16,32.0,0,0.9999087356120331,24,0,0.0
96,mixed,24011,0.2,88.0,87,pulse8,8.0,0,0.9858292222211414,32,1,0.12
96,mixed,24011,0.2,88.0,87,pulse8,16.0,0,0.9997404531514299,32,1,0.12
96,mixed,24011,0.2,88.0,87,pulse8,24.0,0,0.999995246233647,32,1,0.12
96,mixed,24011,0.2,88.0,87,pulse8,32.0,0,0.999999912931732,24,0,0.0
96,mixed,24011,0.2,88.0,87,pulse8,40.0,0,0.999999998405289,24,0,0.0
96,mixed,24011,0.2,88.0,87,pulse16,16.0,0,0.9997404531514299,32,1,0.12
96,mixed,24011,0.2,88.0,87,pulse16,32.0,0,0.999999912931732,32,1,0.12
96,mixed,24012,0.2,40.0,46,persistent,8.0,1,0.22049783881259954,24,0,0.0
96,mixed,24012,0.2,40.0,46,persistent,16.0,1,0.06921270054746577,24,0,0.0
96,mixed,24012,0.2,40.0,46,persistent,24.0,1,0.04802973177811813,24,0,0.0
96,mixed,24012,0.2,40.0,46,persistent,32.0,1,0.46225521518155954,24,0,0.0
96,mixed,24012,0.2,40.0,46,persistent,40.0,1,0.584472538668099,24,0,0.0
96,mixed,24012,0.2,40.0,46,pulse8,8.0,1,0.22049783881259954,24,0,0.0
96,mixed,24012,0.2,40.0,46,pulse8,16.0,1,0.06921270054746577,24,0,0.0
96,mixed,24012,0.2,40.0,46,pulse8,24.0,1,0.04802973177811813,24,0,0.0
96,mixed,24012,0.2,40.0,46,pulse8,32.0,1,0.46225521518155954,24,0,0.0
96,mixed,24012,0.2,40.0,46,pulse8,40.0,1,0.584472538668099,24,0,0.0
96,mixed,24012,0.2,40.0,46,pulse16,16.0,1,0.06921270054746577,24,0,0.0
96,mixed,24012,0.2,40.0,46,pulse16,32.0,1,0.46225521518155954,24,0,0.0
96,mixed,24012,0.2,52.0,44,persistent,8.0,1,0.6378197498912124,24,0,0.0
96,mixed,24012,0.2,52.0,44,persistent,16.0,1,0.9099561839163015,24,0,0.0
96,mixed,24012,0.2,52.0,44,pulse8,8.0,1,0.6378197498912124,24,0,0.0
96,mixed,24012,0.2,52.0,44,pulse8,16.0,1,0.9099561839163015,24,0,0.0
96,mixed,24012,0.2,52.0,44,pulse8,24.0,0,0.9983507899804474,24,0,0.0
96,mixed,24012,0.2,52.0,44,pulse8,32.0,0,0.9999697936648302,24,0,0.0
96,mixed,24012,0.2,52.0,44,pulse8,40.0,0,0.9999994467516727,24,0,0.0
96,mixed,24012,0.2,52.0,44,pulse16,16.0,1,0.9099561839163015,24,0,0.0
96,mixed,24012,0.2,52.0,44,pulse16,32.0,0,0.9999697936648302,24,0,0.0
96,mixed,24012,0.2,64.0,41,pulse8,8.0,0,0.9910505893425048,32,1,0.12
96,mixed,24012,0.2,64.0,41,pulse8,16.0,0,0.9998360858261305,24,0,0.0
96,mixed,24012,0.2,64.0,41,pulse8,24.0,0,0.9999969978071827,24,0,0.0
96,mixed,24012,0.2,64.0,41,pulse8,32.0,0,0.9999999450129204,24,0,0.0
96,mixed,24012,0.2,64.0,41,pulse8,40.0,0,0.9999999989928765,24,0,0.0
96,mixed,24012,0.2,64.0,41,pulse16,16.0,0,0.9998360858261305,32,1,0.12
96,mixed,24012,0.2,64.0,41,pulse16,32.0,0,0.9999999450129204,32,1,0.12
96,mixed,24012,0.2,76.0,70,pulse8,8.0,0,0.9899905373192814,24,0,0.0
96,mixed,24012,0.2,76.0,70,pulse8,16.0,0,0.9998166702960697,24,0,0.0
96,mixed,24012,0.2,76.0,70,pulse8,24.0,0,0.9999966421993451,24,0,0.0
96,mixed,24012,0.2,76.0,70,pulse8,32.0,0,0.9999999384997358,32,1,0.12
96,mixed,24012,0.2,76.0,70,pulse8,40.0,0,0.9999999988735834,24,0,0.0
96,mixed,24012,0.2,76.0,70,pulse16,16.0,0,0.9998166702960697,24,0,0.0
96,mixed,24012,0.2,76.0,70,pulse16,32.0,0,0.9999999384997358,32,1,0.12
96,mixed,24012,0.2,100.0,44,persistent,8.0,1,0.5533507794822867,32,1,0.12
96,mixed,24012,0.2,100.0,44,pulse8,8.0,1,0.5533507794822867,32,1,0.12
96,mixed,24012,0.2,100.0,44,pulse8,16.0,0,0.991819334167063,24,0,0.0
96,mixed,24012,0.2,100.0,44,pulse8,24.0,0,0.9998501658787345,24,0,0.0
96,mixed,24012,0.2,100.0,44,pulse8,32.0,0,0.9999972556923418,24,0,0.0
96,mixed,24012,0.2,100.0,44,pulse8,40.0,0,0.999999949736252,24,0,0.0
96,mixed,24012,0.2,100.0,44,pulse16,16.0,1,0.5347195667955802,32,1,0.12
96,mixed,24012,0.2,100.0,44,pulse16,32.0,0,0.9998439158031657,24,0,0.0
96,mixed,24013,0.2,40.0,83,persistent,23.400000000000002,1,0.7975007723004734,24,0,0.0
96,mixed,24013,0.2,40.0,83,persistent,31.400000000000002,1,0.446530838299528,24,0,0.0
96,mixed,24013,0.2,40.0,83,persistent,39.400000000000006,1,0.4206504957333024,24,0,0.0
96,mixed,24013,0.2,40.0,83,pulse8,8.0,0,0.9886873168257931,24,0,0.0
96,mixed,24013,0.2,40.0,83,pulse8,16.0,0,0.9997928009801186,24,0,0.0
96,mixed,24013,0.2,40.0,83,pulse8,24.0,1,0.7501311322375046,24,0,0.0
96,mixed,24013,0.2,40.0,83,pulse8,32.0,1,0.44032107183972463,24,0,0.0
96,mixed,24013,0.2,40.0,83,pulse8,40.0,1,0.4205189890345906,24,0,0.0
96,mixed,24013,0.2,40.0,83,pulse16,16.0,0,0.9997928009801186,24,0,0.0
96,mixed,24013,0.2,40.0,83,pulse16,32.0,1,0.44032107183972463,24,0,0.0
96,mixed,24013,0.2,52.0,31,pulse8,8.0,0,0.9870712215732784,32,1,0.12
96,mixed,24013,0.2,52.0,31,pulse8,16.0,0,0.9997632011630636,24,0,0.0
96,mixed,24013,0.2,52.0,31,pulse8,24.0,0,0.9999956628780136,24,0,0.0
96,mixed,24013,0.2,52.0,31,pulse8,32.0,0,0.9999999205628398,24,0,0.0
96,mixed,24013,0.2,52.0,31,pulse8,40.0,0,0.9999999985450577,24,0,0.0
96,mixed,24013,0.2,52.0,31,pulse16,16.0,0,0.9997632011630636,32,1,0.12
96,mixed,24013,0.2,52.0,31,pulse16,32.0,0,0.9999999205628398,24,0,0.0
96,mixed,24013,0.2,100.0,82,persistent,17.2,1,0.9472192800776313,32,1,0.12
96,mixed,24013,0.2,100.0,82,pulse8,8.0,0,0.9922730140181275,32,1,0.12
96,mixed,24013,0.2,100.0,82,pulse8,16.0,0,0.9998584753150578,24,0,0.0
96,mixed,24013,0.2,100.0,82,pulse8,24.0,0,0.9999974078849767,24,0,0.0
96,mixed,24013,0.2,100.0,82,pulse8,32.0,0,0.9999999525237574,24,0,0.0
96,mixed,24013,0.2,100.0,82,pulse8,40.0,0,0.9999999991304424,24,0,0.0
96,mixed,24013,0.2,100.0,82,pulse16,16.0,0,0.9486884899021161,32,1,0.12
96,mixed,24013,0.2,100.0,82,pulse16,32.0,0,0.999982786905981,24,0,0.0
96,mixed,24014,0.2,76.0,81,pulse8,8.0,0,0.9827462398795503,24,0,0.0
96,mixed,24014,0.2,76.0,81,pulse8,16.0,0,0.999683986360161,32,1,0.12
96,mixed,24014,0.2,76.0,81,pulse8,24.0,0,0.9999942120082889,32,1,0.12
96,mixed,24014,0.2,76.0,81,pulse8,32.0,0,0.9999998939892338,32,1,0.12
96,mixed,24014,0.2,76.0,81,pulse8,40.0,0,0.9999999980583452,32,1,0.12
96,mixed,24014,0.2,76.0,81,pulse16,16.0,0,0.999683986360161,32,1,0.12
96,mixed,24014,0.2,76.0,81,pulse16,32.0,0,0.9999998939892338,32,1,0.12
96,mixed,24014,0.2,100.0,49,pulse8,8.0,0,0.9986111178134723,32,1,0.12
96,mixed,24014,0.2,100.0,49,pulse8,16.0,0,0.9999745617354125,32,1,0.12
96,mixed,24014,0.2,100.0,49,pulse8,24.0,0,0.9999995340819319,32,1,0.12
96,mixed,24014,0.2,100.0,49,pulse8,32.0,0,0.9999999914664129,32,1,0.12
96,mixed,24014,0.2,100.0,49,pulse8,40.0,0,0.9999999998437019,24,0,0.0
96,mixed,24014,0.2,100.0,49,pulse16,16.0,0,0.9999745617354125,32,1,0.12
96,mixed,24014,0.2,100.0,49,pulse16,32.0,0,0.9999999914664129,32,1,0.12
96,mixed,24015,0.2,88.0,95,pulse8,8.0,0,0.9828368119937982,24,0,0.0
96,mixed,24015,0.2,88.0,95,pulse8,16.0,0,0.9996856452462991,32,1,0.12
96,mixed,24015,0.2,88.0,95,pulse8,24.0,0,0.9999942423918483,32,1,0.12
96,mixed,24015,0.2,88.0,95,pulse8,32.0,0,0.9999998945457281,24,0,0.0
96,mixed,24015,0.2,88.0,95,pulse8,40.0,0,0.9999999980685376,24,0,0.0
96,mixed,24015,0.2,88.0,95,pulse16,16.0,0,0.9996856452462991,32,1,0.12
96,mixed,24015,0.2,88.0,95,pulse16,32.0,0,0.9999998945457281,32,1,0.12
96,mixed,24016,0.2,40.0,95,persistent,21.200000000000003,1,0.815316414757918,24,0,0.0
96,mixed,24016,0.2,40.0,95,persistent,29.200000000000003,1,0.27244073923082907,24,0,0.0
96,mixed,24016,0.2,40.0,95,persistent,37.2,1,0.011492121503657015,24,0,0.0
96,mixed,24016,0.2,40.0,95,persistent,45.2,1,0.11964775607868608,24,0,0.0
96,mixed,24016,0.2,40.0,95,pulse8,8.0,0,0.9816843616104811,24,0,0.0
96,mixed,24016,0.2,40.0,95,pulse8,16.0,0,0.9996645373812411,24,0,0.0
96,mixed,24016,0.2,40.0,95,pulse8,24.0,1,0.6014815374466786,24,0,0.0
96,mixed,24016,0.2,40.0,95,pulse8,32.0,1,0.13308710196668952,24,0,0.0
96,mixed,24016,0.2,40.0,95,pulse8,40.0,1,0.0028339222720498666,24,0,0.0
96,mixed,24016,0.2,40.0,95,pulse16,16.0,0,0.9996645373812411,24,0,0.0
96,mixed,24016,0.2,40.0,95,pulse16,32.0,1,0.13308710196668952,24,0,0.0
96,mixed,24016,0.2,52.0,8,pulse8,8.0,0,0.9947687455676989,24,0,0.0
96,mixed,24016,0.2,52.0,8,pulse8,16.0,0,0.999904186232883,24,0,0.0
96,mixed,24016,0.2,52.0,8,pulse8,24.0,0,0.999998245109641,24,0,0.0
96,mixed,24016,0.2,52.0,8,pulse8,32.0,0,0.9999999678580618,24,0,0.0
96,mixed,24016,0.2,52.0,8,pulse8,40.0,0,0.9999999994112997,24,0,0.0
96,mixed,24016,0.2,52.0,8,pulse16,16.0,0,0.999904186232883,24,0,0.0
96,mixed,24016,0.2,52.0,8,pulse16,32.0,0,0.9999999678580618,24,0,0.0
96,mixed,24016,0.2,76.0,24,persistent,8.0,1,0.3912398519632138,32,1,0.12
96,mixed,24016,0.2,76.0,24,pulse8,8.0,1,0.3912398519632138,32,1,0.12
96,mixed,24016,0.2,76.0,24,pulse8,16.0,0,0.988850168958706,32,1,0.12
96,mixed,24016,0.2,76.0,24,pulse8,24.0,0,0.9997957837209772,32,1,0.12
96,mixed,24016,0.2,76.0,24,pulse8,32.0,0,0.9999962596483782,32,1,0.12
96,mixed,24016,0.2,76.0,24,pulse8,40.0,0,0.9999999314930704,24,0,0.0
96,mixed,24016,0.2,76.0,24,pulse16,16.0,1,0.9201163015166851,32,1,0.12
96,mixed,24016,0.2,76.0,24,pulse16,32.0,0,0.9999732020045803,32,1,0.12
96,mixed,24017,0.2,100.0,20,pulse8,8.0,0,0.9920492428934554,32,1,0.12
96,mixed,24017,0.2,100.0,20,pulse8,16.0,0,0.9998543768039444,32,1,0.12
96,mixed,24017,0.2,100.0,20,pulse8,24.0,0,0.9999973328181272,24,0,0.0
96,mixed,24017,0.2,100.0,20,pulse8,32.0,0,0.9999999511488599,24,0,0.0
96,mixed,24017,0.2,100.0,20,pulse8,40.0,0,0.99999999910526,24,0,0.0
96,mixed,24017,0.2,100.0,20,pulse16,16.0,0,0.9998543768039444,32,1,0.12
96,mixed,24017,0.2,100.0,20,pulse16,32.0,0,0.9999999511488599,32,1,0.12
96,mixed,24019,0.2,40.0,62,persistent,10.0,1,0.8730981333039926,32,1,0.12
96,mixed,24019,0.2,40.0,62,persistent,18.0,1,0.8559257326710573,32,1,0.12
96,mixed,24019,0.2,40.0,62,pulse8,8.0,0,0.9546472081418218,32,1,0.12
96,mixed,24019,0.2,40.0,62,pulse8,16.0,1,0.8268634073093423,32,1,0.12
96,mixed,24019,0.2,40.0,62,pulse8,24.0,1,0.7901900982782845,32,1,0.12
96,mixed,24019,0.2,40.0,62,pulse8,32.0,0,0.9961571976047842,32,1,0.12
96,mixed,24019,0.2,40.0,62,pulse8,40.0,0,0.9999296166190085,32,1,0.12
96,mixed,24019,0.2,40.0,62,pulse16,16.0,1,0.8195404579250205,32,1,0.12
96,mixed,24019,0.2,40.0,62,pulse16,32.0,0,0.993614222123734,32,1,0.12
96,mixed,24019,0.2,52.0,33,persistent,8.0,1,0.48424059843360145,32,1,0.12
96,mixed,24019,0.2,52.0,33,pulse8,8.0,1,0.48424059843360145,32,1,0.12
96,mixed,24019,0.2,52.0,33,pulse8,16.0,0,0.9905535370474401,32,1,0.12
96,mixed,24019,0.2,52.0,33,pulse8,24.0,0,0.9998269819957851,32,1,0.12
96,mixed,24019,0.2,52.0,33,pulse8,32.0,0,0.9999968310647136,24,0,0.0
96,mixed,24019,0.2,52.0,33,pulse8,40.0,0,0.9999999419589257,24,0,0.0
96,mixed,24019,0.2,52.0,33,pulse16,16.0,1,0.8768525220279416,32,1,0.12
96,mixed,24019,0.2,52.0,33,pulse16,32.0,0,0.9999586886234201,32,1,0.12
96,mixed,24019,0.2,64.0,61,pulse8,8.0,0,0.9804576773660282,32,1,0.12
96,mixed,24019,0.2,64.0,61,pulse8,16.0,0,0.999642069875589,24,0,0.0
96,mixed,24019,0.2,64.0,61,pulse8,24.0,0,0.9999934442810938,32,1,0.12
96,mixed,24019,0.2,64.0,61,pulse8,32.0,0,0.9999998799278198,32,1,0.12
96,mixed,24019,0.2,64.0,61,pulse8,40.0,0,0.9999999978008013,32,1,0.12
96,mixed,24019,0.2,64.0,61,pulse16,16.0,0,0.999642069875589,24,0,0.0
96,mixed,24019,0.2,64.0,61,pulse16,32.0,0,0.9999998799278198,32,1,0.12
96,transient,24000,0.2,40.0,31,persistent,8.0,1,0.44973153601349514,32,1,0.12
96,transient,24000,0.2,40.0,31,persistent,16.0,1,0.7763714269928474,24,0,0.0
96,transient,24000,0.2,40.0,31,persistent,24.0,1,0.8894936364289232,24,0,0.0
96,transient,24000,0.2,40.0,31,persistent,32.0,1,0.896793044855013,24,0,0.0
96,transient,24000,0.2,40.0,31,persistent,40.0,1,0.898052673668177,24,0,0.0
96,transient,24000,0.2,40.0,31,pulse8,8.0,1,0.44973153601349514,32,1,0.12
96,transient,24000,0.2,40.0,31,pulse8,16.0,1,0.7763714269928474,24,0,0.0
96,transient,24000,0.2,40.0,31,pulse8,24.0,1,0.8894936364289232,24,0,0.0
96,transient,24000,0.2,40.0,31,pulse8,32.0,1,0.896793044855013,24,0,0.0
96,transient,24000,0.2,40.0,31,pulse8,40.0,1,0.898052673668177,24,0,0.0
96,transient,24000,0.2,40.0,31,pulse16,16.0,1,0.8942896288754287,32,1,0.12
96,transient,24000,0.2,40.0,31,pulse16,32.0,0,0.999964538121106,24,0,0.0
96,transient,24000,0.2,52.0,31,pulse8,8.0,0,0.9816920744213209,24,0,0.0
96,transient,24000,0.2,52.0,31,pulse8,16.0,0,0.9996646786462992,24,0,0.0
96,transient,24000,0.2,52.0,31,pulse8,24.0,0,0.9999938583751738,24,0,0.0
96,transient,24000,0.2,52.0,31,pulse8,32.0,0,0.9999998875122176,24,0,0.0
96,transient,24000,0.2,52.0,31,pulse8,40.0,0,0.9999999979397143,24,0,0.0
96,transient,24000,0.2,52.0,31,pulse16,16.0,0,0.9996646786462992,24,0,0.0
96,transient,24000,0.2,52.0,31,pulse16,32.0,0,0.9999998875122176,24,0,0.0
96,transient,24000,0.2,76.0,32,pulse8,8.0,0,0.9816843611112659,24,0,0.0
96,transient,24000,0.2,76.0,32,pulse8,16.0,0,0.9996645373720974,24,0,0.0
96,transient,24000,0.2,76.0,32,pulse8,24.0,0,0.9999938557876468,24,0,0.0
96,transient,24000,0.2,76.0,32,pulse8,32.0,0,0.9999998874648253,24,0,0.0
96,transient,24000,0.2,76.0,32,pulse8,40.0,0,0.9999999979388463,24,0,0.0
96,transient,24000,0.2,76.0,32,pulse16,16.0,0,0.9996645373720974,24,0,0.0
96,transient,24000,0.2,76.0,32,pulse16,32.0,0,0.9999998874648253,24,0,0.0
96,transient,24001,0.2,40.0,50,persistent,8.200000000000001,1,0.8532253846607206,24,0,0.0
96,transient,24001,0.2,40.0,50,persistent,16.2,1,0.8815502556799876,24,0,0.0
96,transient,24001,0.2,40.0,50,pulse8,8.0,0,0.8643283253501589,24,0,0.0
96,transient,24001,0.2,40.0,50,pulse8,16.0,1,0.8690927873240262,24,0,0.0
96,transient,24001,0.2,40.0,50,pulse8,24.0,0,0.9976023507646959,24,0,0.0
96,transient,24001,0.2,40.0,50,pulse8,32.0,0,0.9999560855224244,24,0,0.0
96,transient,24001,0.2,40.0,50,pulse8,40.0,0,0.9999991956782868,24,0,0.0
96,transient,24001,0.2,40.0,50,pulse16,16.0,1,0.8690927873240262,24,0,0.0
96,transient,24001,0.2,40.0,50,pulse16,32.0,0,0.9999560855224244,24,0,0.0
96,transient,24001,0.2,64.0,69,pulse8,8.0,0,0.984666890349063,32,1,0.12
96,transient,24001,0.2,64.0,69,pulse8,16.0,0,0.999719164300592,32,1,0.12
96,transient,24001,0.2,64.0,69,pulse8,24.0,0,0.9999948563147426,24,0,0.0
96,transient,24001,0.2,64.0,69,pulse8,32.0,0,0.9999999057901182,24,0,0.0
96,transient,24001,0.2,64.0,69,pulse8,40.0,0,0.9999999982744858,24,0,0.0
96,transient,24001,0.2,64.0,69,pulse16,16.0,0,0.999719164300592,32,1,0.12
96,transient,24001,0.2,64.0,69,pulse16,32.0,0,0.9999999057901182,32,1,0.12
96,transient,24001,0.2,76.0,52,pulse8,8.0,0,0.9948357768208324,32,1,0.12
96,transient,24001,0.2,76.0,52,pulse8,16.0,0,0.9999054139531095,32,1,0.12
96,transient,24001,0.2,76.0,52,pulse8,24.0,0,0.9999982675961211,32,1,0.12
96,transient,24001,0.2,76.0,52,pulse8,32.0,0,0.9999999682699161,32,1,0.12
96,transient,24001,0.2,76.0,52,pulse8,40.0,0,0.9999999994188433,32,1,0.12
96,transient,24001,0.2,76.0,52,pulse16,16.0,0,0.9999054139531095,32,1,0.12
96,transient,24001,0.2,76.0,52,pulse16,32.0,0,0.9999999682699161,32,1,0.12
96,transient,24001,0.2,88.0,51,pulse8,8.0,0,0.9878428184140844,32,1,0.12
96,transient,24001,0.2,88.0,51,pulse8,16.0,0,0.9997773334521676,24,0,0.0
96,transient,24001,0.2,88.0,51,pulse8,24.0,0,0.9999959217199172,24,0,0.0
96,transient,24001,0.2,88.0,51,pulse8,32.0,0,0.9999999253036947,24,0,0.0
96,transient,24001,0.2,88.0,51,pulse8,40.0,0,0.9999999986318896,24,0,0.0
96,transient,24001,0.2,88.0,51,pulse16,16.0,0,0.9997773334521676,32,1,0.12
96,transient,24001,0.2,88.0,51,pulse16,32.0,0,0.9999999253036947,24,0,0.0
96,transient,24001,0.2,100.0,71,pulse8,8.0,0,0.9936734274258308,32,1,0.12
96,transient,24001,0.2,100.0,71,pulse8,16.0,0,0.9998841247813282,32,1,0.12
96,transient,24001,0.2,100.0,71,pulse8,24.0,0,0.9999978776713387,32,1,0.12
96,transient,24001,0.2,100.0,71,pulse8,32.0,0,0.9999999611281946,24,0,0.0
96,transient,24001,0.2,100.0,71,pulse8,40.0,0,0.9999999992880381,24,0,0.0
96,transient,24001,0.2,100.0,71,pulse16,16.0,0,0.9998841247813282,32,1,0.12
96,transient,24001,0.2,100.0,71,pulse16,32.0,0,0.9999999611281946,32,1,0.12
96,transient,24002,0.2,64.0,12,persistent,11.600000000000001,1,0.9429622036228005,24,0,0.0
96,transient,24002,0.2,64.0,12,persistent,19.6,1,0.9267507850234173,32,1,0.12
96,transient,24002,0.2,64.0,12,pulse8,8.0,0,0.9538258849980212,24,0,0.0
96,transient,24002,0.2,64.0,12,pulse8,16.0,1,0.930305011076967,32,1,0.12
96,transient,24002,0.2,64.0,12,pulse8,24.0,0,0.9987234917505314,24,0,0.0
96,transient,24002,0.2,64.0,12,pulse8,32.0,0,0.9999766199358642,24,0,0.0
96,transient,24002,0.2,64.0,12,pulse8,40.0,0,0.9999995717791881,24,0,0.0
96,transient,24002,0.2,64.0,12,pulse16,16.0,1,0.930305011076967,32,1,0.12
96,transient,24002,0.2,64.0,12,pulse16,32.0,0,0.9999766199358642,24,0,0.0
96,transient,24002,0.2,76.0,66,persistent,8.0,1,0.560622974052361,24,0,0.0
96,transient,24002,0.2,76.0,66,persistent,16.0,1,0.49957147544898384,24,0,0.0
96,transient,24002,0.2,76.0,66,persistent,24.0,1,0.4938693195907274,24,0,0.0
96,transient,24002,0.2,76.0,66,persistent,32.0,1,0.49345686571303077,24,0,0.0
96,transient,24002,0.2,76.0,66,persistent,40.0,1,0.49343109764657883,24,0,0.0
96,transient,24002,0.2,76.0,66,pulse8,8.0,1,0.560622974052361,24,0,0.0
96,transient,24002,0.2,76.0,66,pulse8,16.0,1,0.49957147544898384,24,0,0.0
96,transient,24002,0.2,76.0,66,pulse8,24.0,1,0.4938693195907274,24,0,0.0
96,transient,24002,0.2,76.0,66,pulse8,32.0,1,0.49345686571303077,24,0,0.0
96,transient,24002,0.2,76.0,66,pulse8,40.0,1,0.49343109764657883,24,0,0.0
96,transient,24002,0.2,76.0,66,pulse16,16.0,1,0.49957147544898384,24,0,0.0
96,transient,24002,0.2,76.0,66,pulse16,32.0,1,0.49345686571303077,24,0,0.0
96,transient,24002,0.2,100.0,65,pulse8,8.0,0,0.9867423770809433,32,1,0.12
96,transient,24002,0.2,100.0,65,pulse8,16.0,0,0.9997571781660916,24,0,0.0
96,transient,24002,0.2,100.0,65,pulse8,24.0,0,0.9999955525629759,24,0,0.0
96,transient,24002,0.2,100.0,65,pulse8,32.0,0,0.9999999185423495,24,0,0.0
96,transient,24002,0.2,100.0,65,pulse8,40.0,0,0.999999998508051,24,0,0.0
96,transient,24002,0.2,100.0,65,pulse16,16.0,0,0.9997571781660916,32,1,0.12
96,transient,24002,0.2,100.0,65,pulse16,32.0,0,0.9999999185423495,24,0,0.0
96,transient,24003,0.2,52.0,49,pulse8,8.0,0,0.9892960858298624,24,0,0.0
96,transient,24003,0.2,52.0,49,pulse8,16.0,0,0.9998039509733637,24,0,0.0
96,transient,24003,0.2,52.0,49,pulse8,24.0,0,0.9999964092368236,24,0,0.0
96,transient,24003,0.2,52.0,49,pulse8,32.0,0,0.9999999342328784,32,1,0.12
96,transient,24003,0.2,52.0,49,pulse8,40.0,0,0.9999999987954332,24,0,0.0
96,transient,24003,0.2,52.0,49,pulse16,16.0,0,0.9998039509733637,24,0,0.0
96,transient,24003,0.2,52.0,49,pulse16,32.0,0,0.9999999342328784,32,1,0.12
96,transient,24003,0.2,64.0,50,pulse8,8.0,0,0.9988442588442279,24,0,0.0
96,transient,24003,0.2,64.0,50,pulse8,16.0,0,0.999978831862342,24,0,0.0
96,transient,24003,0.2,64.0,50,pulse8,24.0,0,0.9999996122920347,24,0,0.0
96,transient,24003,0.2,64.0,50,pulse8,32.0,0,0.999999992898881,32,1,0.12
96,transient,24003,0.2,64.0,50,pulse8,40.0,0,0.9999999998699385,24,0,0.0
96,transient,24003,0.2,64.0,50,pulse16,16.0,0,0.999978831862342,24,0,0.0
96,transient,24003,0.2,64.0,50,pulse16,32.0,0,0.999999992898881,32,1,0.12
96,transient,24003,0.2,76.0,49,pulse8,8.0,0,0.9978957198883173,32,1,0.12
96,transient,24003,0.2,76.0,49,pulse8,16.0,0,0.9999614587653537,24,0,0.0
96,transient,24003,0.2,76.0,49,pulse8,24.0,0,0.9999992940926639,24,0,0.0
96,transient,24003,0.2,76.0,49,pulse8,32.0,0,0.9999999870708561,24,0,0.0
96,transient,24003,0.2,76.0,49,pulse8,40.0,0,0.9999999997631944,24,0,0.0
96,transient,24003,0.2,76.0,49,pulse16,16.0,0,0.9999614587653537,32,1,0.12
96,transient,24003,0.2,76.0,49,pulse16,32.0,0,0.9999999870708561,32,1,0.12
96,transient,24004,0.2,52.0,65,pulse8,8.0,0,0.9899965038693428,32,1,0.12
96,transient,24004,0.2,52.0,65,pulse8,16.0,0,0.999816779577246,32,1,0.12
96,transient,24004,0.2,52.0,65,pulse8,24.0,0,0.9999966442008997,32,1,0.12
96,transient,24004,0.2,52.0,65,pulse8,32.0,0,0.9999999385363957,32,1,0.12
96,transient,24004,0.2,52.0,65,pulse8,40.0,0,0.9999999988742548,32,1,0.12
96,transient,24004,0.2,52.0,65,pulse16,16.0,0,0.999816779577246,32,1,0.12
96,transient,24004,0.2,52.0,65,pulse16,32.0,0,0.9999999385363957,32,1,0.12
96,transient,24004,0.2,64.0,0,pulse8,8.0,0,0.9904589924496469,32,1,0.12
96,transient,24004,0.2,64.0,0,pulse8,16.0,0,0.999825250351073,32,1,0.12
96,transient,24004,0.2,64.0,0,pulse8,24.0,0,0.9999967993485342,32,1,0.12
96,transient,24004,0.2,64.0,0,pulse8,32.0,0,0.9999999413780235,24,0,0.0
96,transient,24004,0.2,64.0,0,pulse8,40.0,0,0.999999998926301,32,1,0.12
96,transient,24004,0.2,64.0,0,pulse16,16.0,0,0.999825250351073,32,1,0.12
96,transient,24004,0.2,64.0,0,pulse16,32.0,0,0.9999999413780235,32,1,0.12
96,transient,24004,0.2,76.0,0,pulse8,8.0,0,0.9979795228650441,32,1,0.12
96,transient,24004,0.2,76.0,0,pulse8,16.0,0,0.9999629936704132,32,1,0.12
96,transient,24004,0.2,76.0,0,pulse8,24.0,0,0.9999993222054306,24,0,0.0
96,transient,24004,0.2,76.0,0,pulse8,32.0,0,0.9999999875857594,24,0,0.0
96,transient,24004,0.2,76.0,0,pulse8,40.0,0,0.9999999997726252,24,0,0.0
96,transient,24004,0.2,76.0,0,pulse16,16.0,0,0.9999629936704132,32,1,0.12
96,transient,24004,0.2,76.0,0,pulse16,32.0,0,0.9999999875857594,32,1,0.12
96,transient,24005,0.2,40.0,31,persistent,8.0,1,0.38359380298320706,24,0,0.0
96,transient,24005,0.2,40.0,31,persistent,16.0,1,0.9171848915322371,24,0,0.0
96,transient,24005,0.2,40.0,31,pulse8,8.0,1,0.38359380298320706,24,0,0.0
96,transient,24005,0.2,40.0,31,pulse8,16.0,1,0.9171848915322371,24,0,0.0
96,transient,24005,0.2,40.0,31,pulse8,24.0,0,0.9984831883787731,24,0,0.0
96,transient,24005,0.2,40.0,31,pulse8,32.0,0,0.9999722186260833,24,0,0.0
96,transient,24005,0.2,40.0,31,pulse8,40.0,0,0.9999994911663876,24,0,0.0
96,transient,24005,0.2,40.0,31,pulse16,16.0,1,0.9171848915322371,24,0,0.0
96,transient,24005,0.2,40.0,31,pulse16,32.0,0,0.9999722186260833,24,0,0.0
96,transient,24005,0.2,76.0,31,pulse8,8.0,0,0.9853237334977689,32,1,0.12
96,transient,24005,0.2,76.0,31,pulse8,16.0,0,0.9997311948025104,24,0,0.0
96,transient,24005,0.2,76.0,31,pulse8,24.0,0,0.9999950766610715,24,0,0.0
96,transient,24005,0.2,76.0,31,pulse8,32.0,0,0.999999909825902,24,0,0.0
96,transient,24005,0.2,76.0,31,pulse8,40.0,0,0.9999999983484038,24,0,0.0
96,transient,24005,0.2,76.0,31,pulse16,16.0,0,0.9997311948025104,32,1,0.12
96,transient,24005,0.2,76.0,31,pulse16,32.0,0,0.999999909825902,24,0,0.0
96,transient,24005,0.2,100.0,30,pulse8,8.0,0,0.9986406046906707,32,1,0.12
96,transient,24005,0.2,100.0,30,pulse8,16.0,0,0.9999751018064071,32,1,0.12
96,transient,24005,0.2,100.0,30,pulse8,24.0,0,0.9999995439736771,32,1,0.12
96,transient,24005,0.2,100.0,30,pulse8,32.0,0,0.9999999916475866,32,1,0.12
96,transient,24005,0.2,100.0,30,pulse8,40.0,0,0.9999999998470203,24,0,0.0
96,transient,24005,0.2,100.0,30,pulse16,16.0,0,0.9999751018064071,32,1,0.12
96,transient,24005,0.2,100.0,30,pulse16,32.0,0,0.9999999916475866,32,1,0.12
96,transient,24006,0.2,52.0,80,pulse8,8.0,0,0.9981553171586891,24,0,0.0
96,transient,24006,0.2,52.0,80,pulse8,16.0,0,0.9999662134552143,24,0,0.0
96,transient,24006,0.2,52.0,80,pulse8,24.0,0,0.9999993811778464,24,0,0.0
96,transient,24006,0.2,52.0,80,pulse8,32.0,0,0.9999999886658768,24,0,0.0
96,transient,24006,0.2,52.0,80,pulse8,40.0,0,0.9999999997924084,24,0,0.0
96,transient,24006,0.2,52.0,80,pulse16,16.0,0,0.9999662134552143,24,0,0.0
96,transient,24006,0.2,52.0,80,pulse16,32.0,0,0.9999999886658768,24,0,0.0
96,transient,24006,0.2,76.0,40,pulse8,8.0,0,0.9832432377538477,24,0,0.0
96,transient,24006,0.2,76.0,40,pulse8,16.0,0,0.9996930891937551,32,1,0.12
96,transient,24006,0.2,76.0,40,pulse8,24.0,0,0.9999943787325017,24,0,0.0
96,transient,24006,0.2,76.0,40,pulse8,32.0,0,0.9999998970428944,24,0,0.0
96,transient,24006,0.2,76.0,40,pulse8,40.0,0,0.9999999981142749,24,0,0.0
96,transient,24006,0.2,76.0,40,pulse16,16.0,0,0.9996930891937551,32,1,0.12
96,transient,24006,0.2,76.0,40,pulse16,32.0,0,0.9999998970428944,24,0,0.0
96,transient,24006,0.2,88.0,80,pulse8,8.0,0,0.9984789054729515,24,0,0.0
96,transient,24006,0.2,88.0,80,pulse8,16.0,0,0.9999721401819269,24,0,0.0
96,transient,24006,0.2,88.0,80,pulse8,24.0,0,0.9999994897296326,24,0,0.0
96,transient,24006,0.2,88.0,80,pulse8,32.0,0,0.9999999906540723,24,0,0.0
96,transient,24006,0.2,88.0,80,pulse8,40.0,0,0.9999999998288234,24,0,0.0
96,transient,24006,0.2,88.0,80,pulse16,16.0,0,0.9999721401819269,24,0,0.0
96,transient,24006,0.2,88.0,80,pulse16,32.0,0,0.9999999906540723,24,0,0.0
96,transient,24006,0.2,100.0,78,pulse8,8.0,0,0.9921746776556928,32,1,0.12
96,transient,24006,0.2,100.0,78,pulse8,16.0,0,0.9998566742217537,24,0,0.0
96,transient,24006,0.2,100.0,78,pulse8,24.0,0,0.9999973748968022,24,0,0.0
96,transient,24006,0.2,100.0,78,pulse8,32.0,0,0.9999999519195577,24,0,0.0
96,transient,24006,0.2,100.0,78,pulse8,40.0,0,0.9999999991193761,24,0,0.0
96,transient,24006,0.2,100.0,78,pulse16,16.0,0,0.9998566742217537,32,1,0.12
96,transient,24006,0.2,100.0,78,pulse16,32.0,1,0.5545140340201717,32,1,0.12
96,transient,24007,0.2,88.0,53,pulse8,8.0,0,0.9846954619690629,24,0,0.0
96,transient,24007,0.2,88.0,53,pulse8,16.0,0,0.9997196876080665,24,0,0.0
96,transient,24007,0.2,88.0,53,pulse8,24.0,0,0.9999948658994533,24,0,0.0
96,transient,24007,0.2,88.0,53,pulse8,32.0,0,0.9999999059656683,24,0,0.0
96,transient,24007,0.2,88.0,53,pulse8,40.0,0,0.9999999982777011,24,0,0.0
96,transient,24007,0.2,88.0,53,pulse16,16.0,0,0.9997196876080665,24,0,0.0
96,transient,24007,0.2,88.0,53,pulse16,32.0,0,0.9999999059656683,24,0,0.0
96,transient,24007,0.2,100.0,78,pulse8,8.0,0,0.9833063630464401,24,0,0.0
96,transient,24007,0.2,100.0,78,pulse8,16.0,0,0.999694245373819,24,0,0.0
96,transient,24007,0.2,100.0,78,pulse8,24.0,0,0.9999943999086783,24,0,0.0
96,transient,24007,0.2,100.0,78,pulse8,32.0,0,0.9999998974307497,24,0,0.0
96,transient,24007,0.2,100.0,78,pulse8,40.0,0,0.9999999981213786,24,0,0.0
96,transient,24007,0.2,100.0,78,pulse16,16.0,0,0.999694245373819,24,0,0.0
96,transient,24007,0.2,100.0,78,pulse16,32.0,0,0.9999998974307497,24,0,0.0
96,transient,24008,0.2,40.0,27,persistent,8.0,1,0.5408043783781603,24,0,0.0
96,transient,24008,0.2,40.0,27,persistent,16.0,1,0.8512829191436793,24,0,0.0
96,transient,24008,0.2,40.0,27,pulse8,8.0,1,0.5408043783781603,24,0,0.0
96,transient,24008,0.2,40.0,27,pulse8,16.0,1,0.8512829191436793,24,0,0.0
96,transient,24008,0.2,40.0,27,pulse8,24.0,0,0.997276151650449,24,0,0.0
96,transient,24008,0.2,40.0,27,pulse8,32.0,0,0.999950110977242,24,0,0.0
96,transient,24008,0.2,40.0,27,pulse8,40.0,0,0.9999990862506748,24,0,0.0
96,transient,24008,0.2,40.0,27,pulse16,16.0,1,0.8512829191436793,24,0,0.0
96,transient,24008,0.2,40.0,27,pulse16,32.0,0,0.999950110977242,24,0,0.0
96,transient,24008,0.2,76.0,42,pulse8,8.0,0,0.9882403561175342,32,1,0.12
96,transient,24008,0.2,76.0,42,pulse8,16.0,0,0.9997846146091885,32,1,0.12
96,transient,24008,0.2,76.0,42,pulse8,24.0,0,0.99999605507896,24,0,0.0
96,transient,24008,0.2,76.0,42,pulse8,32.0,0,0.9999999277462508,24,0,0.0
96,transient,24008,0.2,76.0,42,pulse8,40.0,0,0.9999999986766266,24,0,0.0
96,transient,24008,0.2,76.0,42,pulse16,16.0,0,0.9997846146091885,32,1,0.12
96,transient,24008,0.2,76.0,42,pulse16,32.0,0,0.9999999277462508,24,0,0.0
96,transient,24008,0.2,88.0,25,persistent,11.8,1,0.9096345947204527,32,1,0.12
96,transient,24008,0.2,88.0,25,pulse8,8.0,0,0.9897663255860726,32,1,0.12
96,transient,24008,0.2,88.0,25,pulse8,16.0,0,0.9998125637149298,32,1,0.12
96,transient,24008,0.2,88.0,25,pulse8,24.0,0,0.999996566984688,24,0,0.0
96,transient,24008,0.2,88.0,25,pulse8,32.0,0,0.9999999371221313,24,0,0.0
96,transient,24008,0.2,88.0,25,pulse8,40.0,0,0.9999999988483517,24,0,0.0
96,transient,24008,0.2,88.0,25,pulse16,16.0,1,0.8572264877570962,32,1,0.12
96,transient,24008,0.2,88.0,25,pulse16,32.0,0,0.9999521048223879,32,1,0.12
96,transient,24008,0.2,100.0,42,pulse8,8.0,0,0.9915276652140218,32,1,0.12
96,transient,24008,0.2,100.0,42,pulse8,16.0,0,0.9998448237755155,24,0,0.0
96,transient,24008,0.2,100.0,42,pulse8,24.0,0,0.9999971578483082,24,0,0.0
96,transient,24008,0.2,100.0,42,pulse8,32.0,0,0.9999999479441759,24,0,0.0
96,transient,24008,0.2,100.0,42,pulse8,40.0,0,0.9999999990465643,24,0,0.0
96,transient,24008,0.2,100.0,42,pulse16,16.0,0,0.9998448237755155,32,1,0.12
96,transient,24008,0.2,100.0,42,pulse16,32.0,0,0.9999999479441759,24,0,0.0
96,transient,24009,0.2,52.0,61,pulse8,8.0,0,0.9874523567663344,32,1,0.12
96,transient,24009,0.2,52.0,61,pulse8,16.0,0,0.9997701818976276,32,1,0.12
96,transient,24009,0.2,52.0,61,pulse8,24.0,0,0.9999957907346267,32,1,0.12
96,transient,24009,0.2,52.0,61,pulse8,32.0,0,0.9999999229046154,32,1,0.12
96,transient,24009,0.2,52.0,61,pulse8,40.0,0,0.9999999985879487,24,0,0.0
96,transient,24009,0.2,52.0,61,pulse16,16.0,0,0.9997701818976276,32,1,0.12
96,transient,24009,0.2,52.0,61,pulse16,32.0,0,0.9999999229046154,32,1,0.12
96,transient,24009,0.2,76.0,31,pulse8,8.0,0,0.9943670008820984,32,1,0.12
96,transient,24009,0.2,76.0,31,pulse8,16.0,0,0.999896828022296,32,1,0.12
96,transient,24009,0.2,76.0,31,pulse8,24.0,0,0.999998110339313,24,0,0.0
96,transient,24009,0.2,76.0,31,pulse8,32.0,0,0.9999999653896571,24,0,0.0
96,transient,24009,0.2,76.0,31,pulse8,40.0,0,0.9999999993660895,24,0,0.0
96,transient,24009,0.2,76.0,31,pulse16,16.0,0,0.999896828022296,32,1,0.12
96,transient,24009,0.2,76.0,31,pulse16,32.0,0,0.9999999653896571,24,0,0.0
96,transient,24010,0.2,64.0,18,pulse8,8.0,0,0.98202822290854,24,0,0.0
96,transient,24010,0.2,64.0,18,pulse8,16.0,0,0.9996708354206039,24,0,0.0
96,transient,24010,0.2,64.0,18,pulse8,24.0,0,0.9999939711404289,24,0,0.0
96,transient,24010,0.2,64.0,18,pulse8,32.0,0,0.9999998895775853,24,0,0.0
96,transient,24010,0.2,64.0,18,pulse8,40.0,0,0.9999999979775428,24,0,0.0
96,transient,24010,0.2,64.0,18,pulse16,16.0,0,0.9996708354206039,24,0,0.0
96,transient,24010,0.2,64.0,18,pulse16,32.0,0,0.9999998895775853,24,0,0.0
96,transient,24010,0.2,100.0,72,persistent,8.0,1,0.8650548542228637,32,1,0.12
96,transient,24010,0.2,100.0,72,pulse8,8.0,1,0.8650548542228637,32,1,0.12
96,transient,24010,0.2,100.0,72,pulse8,16.0,0,0.9975283934401583,32,1,0.12
96,transient,24010,0.2,100.0,72,pulse8,24.0,0,0.9999547309467748,24,0,0.0
96,transient,24010,0.2,100.0,72,pulse8,32.0,0,0.9999991708683683,24,0,0.0
96,transient,24010,0.2,100.0,72,pulse8,40.0,0,0.9999999848139244,24,0,0.0
96,transient,24010,0.2,100.0,72,pulse16,16.0,1,0.7693017295278074,32,1,0.12
96,transient,24010,0.2,100.0,72,pulse16,32.0,0,0.9999226093519349,24,0,0.0
96,transient,24011,0.2,76.0,7,pulse8,8.0,0,0.9982975872484668,32,1,0.12
96,transient,24011,0.2,76.0,7,pulse8,16.0,0,0.9999688192228035,32,1,0.12
96,transient,24011,0.2,76.0,7,pulse8,24.0,0,0.9999994289041445,24,0,0.0
96,transient,24011,0.2,76.0,7,pulse8,32.0,0,0.9999999895400146,24,0,0.0
96,transient,24011,0.2,76.0,7,pulse8,40.0,0,0.9999999998084186,24,0,0.0
96,transient,24011,0.2,76.0,7,pulse16,16.0,0,0.9999688192228035,32,1,0.12
96,transient,24011,0.2,76.0,7,pulse16,32.0,0,0.9999999895400146,32,1,0.12
96,transient,24011,0.2,88.0,6,pulse8,8.0,0,0.9867351879159314,24,0,0.0
96,transient,24011,0.2,88.0,6,pulse8,16.0,0,0.9997570464919413,24,0,0.0
96,transient,24011,0.2,88.0,6,pulse8,24.0,0,0.9999955501512798,24,0,0.0
96,transient,24011,0.2,88.0,6,pulse8,32.0,0,0.9999999184981777,24,0,0.0
96,transient,24011,0.2,88.0,6,pulse8,40.0,0,0.9999999985072421,24,0,0.0
96,transient,24011,0.2,88.0,6,pulse16,16.0,0,0.9997570464919413,24,0,0.0
96,transient,24011,0.2,88.0,6,pulse16,32.0,0,0.9999999184981777,24,0,0.0
96,transient,24012,0.2,40.0,46,persistent,8.0,1,0.003911031198445135,24,0,0.0
96,transient,24012,0.2,40.0,46,persistent,16.0,1,0.1568672193395911,24,0,0.0
96,transient,24012,0.2,40.0,46,persistent,24.0,1,0.5264244334207682,24,0,0.0
96,transient,24012,0.2,40.0,46,persistent,32.0,1,0.5997341724842719,24,0,0.0
96,transient,24012,0.2,40.0,46,persistent,40.0,1,0.5990101161706444,24,0,0.0
96,transient,24012,0.2,40.0,46,pulse8,8.0,1,0.003911031198445135,24,0,0.0
96,transient,24012,0.2,40.0,46,pulse8,16.0,1,0.1568672193395911,24,0,0.0
96,transient,24012,0.2,40.0,46,pulse8,24.0,1,0.5264244334207682,24,0,0.0
96,transient,24012,0.2,40.0,46,pulse8,32.0,1,0.5997341724842719,24,0,0.0
96,transient,24012,0.2,40.0,46,pulse8,40.0,1,0.5990101161706444,24,0,0.0
96,transient,24012,0.2,40.0,46,pulse16,16.0,1,0.1568672193395911,24,0,0.0
96,transient,24012,0.2,40.0,46,pulse16,32.0,1,0.5997341724842719,24,0,0.0
96,transient,24012,0.2,64.0,43,pulse8,8.0,0,0.9907893773379581,32,1,0.12
96,transient,24012,0.2,64.0,43,pulse8,16.0,0,0.9998313015613817,32,1,0.12
96,transient,24012,0.2,64.0,43,pulse8,24.0,0,0.9999969101803171,32,1,0.12
96,transient,24012,0.2,64.0,43,pulse8,32.0,0,0.9999999434079784,24,0,0.0
96,transient,24012,0.2,64.0,43,pulse8,40.0,0,0.999999998963481,24,0,0.0
96,transient,24012,0.2,64.0,43,pulse16,16.0,0,0.9998313015613817,32,1,0.12
96,transient,24012,0.2,64.0,43,pulse16,32.0,0,0.9999999434079784,32,1,0.12
96,transient,24012,0.2,76.0,57,pulse8,8.0,0,0.9859803882305842,24,0,0.0
96,transient,24012,0.2,76.0,57,pulse8,16.0,0,0.9997432218534711,32,1,0.12
96,transient,24012,0.2,76.0,57,pulse8,24.0,0,0.9999952969441935,32,1,0.12
96,transient,24012,0.2,76.0,57,pulse8,32.0,0,0.9999999138605282,24,0,0.0
96,transient,24012,0.2,76.0,57,pulse8,40.0,0,0.9999999984223005,24,0,0.0
96,transient,24012,0.2,76.0,57,pulse16,16.0,0,0.9997432218534711,32,1,0.12
96,transient,24012,0.2,76.0,57,pulse16,32.0,0,0.9999999138605282,32,1,0.12
96,transient,24012,0.2,88.0,46,pulse8,8.0,0,0.9833207546535137,24,0,0.0
96,transient,24012,0.2,88.0,46,pulse8,16.0,0,0.9996945089652972,24,0,0.0
96,transient,24012,0.2,88.0,46,pulse8,24.0,0,0.9999944047365247,24,0,0.0
96,transient,24012,0.2,88.0,46,pulse8,32.0,0,0.9999998975191747,24,0,0.0
96,transient,24012,0.2,88.0,46,pulse8,40.0,0,0.9999999981229981,24,0,0.0
96,transient,24012,0.2,88.0,46,pulse16,16.0,0,0.9996945089652972,24,0,0.0
96,transient,24012,0.2,88.0,46,pulse16,32.0,0,0.9999998975191747,24,0,0.0
96,transient,24012,0.2,100.0,44,persistent,8.0,1,0.5592244541531688,32,1,0.12
96,transient,24012,0.2,100.0,44,pulse8,8.0,1,0.5592244541531688,32,1,0.12
96,transient,24012,0.2,100.0,44,pulse8,16.0,0,0.9919269142712848,24,0,0.0
96,transient,24012,0.2,100.0,44,pulse8,24.0,0,0.999852136277075,24,0,0.0
96,transient,24012,0.2,100.0,44,pulse8,32.0,0,0.9999972917814461,24,0,0.0
96,transient,24012,0.2,100.0,44,pulse8,40.0,0,0.999999950397247,24,0,0.0
96,transient,24012,0.2,100.0,44,pulse16,16.0,1,0.5344737405990311,32,1,0.12
96,transient,24012,0.2,100.0,44,pulse16,32.0,0,0.9998438333376638,24,0,0.0
96,transient,24013,0.2,40.0,83,pulse8,8.0,0,0.9886977254014636,24,0,0.0
96,transient,24013,0.2,40.0,83,pulse8,16.0,0,0.9997929916198319,24,0,0.0
96,transient,24013,0.2,40.0,83,pulse8,24.0,0,0.9999962085092621,32,1,0.12
96,transient,24013,0.2,40.0,83,pulse8,32.0,0,0.9999999305564248,32,1,0.12
96,transient,24013,0.2,40.0,83,pulse8,40.0,0,0.9999999987280964,32,1,0.12
96,transient,24013,0.2,40.0,83,pulse16,16.0,0,0.9997929916198319,24,0,0.0
96,transient,24013,0.2,40.0,83,pulse16,32.0,0,0.9999999305564248,32,1,0.12
96,transient,24013,0.2,64.0,85,pulse8,8.0,0,0.9905122498349326,32,1,0.12
96,transient,24013,0.2,64.0,85,pulse8,16.0,0,0.9998262257941101,24,0,0.0
96,transient,24013,0.2,64.0,85,pulse8,24.0,0,0.9999968172143968,24,0,0.0
96,transient,24013,0.2,64.0,85,pulse8,32.0,0,0.9999999417052482,24,0,0.0
96,transient,24013,0.2,64.0,85,pulse8,40.0,0,0.9999999989322944,24,0,0.0
96,transient,24013,0.2,64.0,85,pulse16,16.0,0,0.9998262257941101,32,1,0.12
96,transient,24013,0.2,64.0,85,pulse16,32.0,0,0.9999999417052482,24,0,0.0
96,transient,24013,0.2,76.0,83,persistent,10.600000000000001,1,0.9047615690378756,24,0,0.0
96,transient,24013,0.2,76.0,83,persistent,18.6,1,0.7881665974509282,32,1,0.12
96,transient,24013,0.2,76.0,83,pulse8,8.0,0,0.9626074802334014,24,0,0.0
96,transient,24013,0.2,76.0,83,pulse8,16.0,1,0.8106637307679815,32,1,0.12
96,transient,24013,0.2,76.0,83,pulse8,24.0,0,0.9965321852642063,32,1,0.12
96,transient,24013,0.2,76.0,83,pulse8,32.0,0,0.9999364847575662,24,0,0.0
96,transient,24013,0.2,76.0,83,pulse8,40.0,0,0.9999988366777557,24,0,0.0
96,transient,24013,0.2,76.0,83,pulse16,16.0,1,0.8106637307679815,32,1,0.12
96,transient,24013,0.2,76.0,83,pulse16,32.0,0,0.9999364847575662,32,1,0.12
96,transient,24013,0.2,88.0,82,pulse8,8.0,0,0.998006646869249,32,1,0.12
96,transient,24013,0.2,88.0,82,pulse8,16.0,0,0.9999634904638794,24,0,0.0
96,transient,24013,0.2,88.0,82,pulse8,24.0,0,0.9999993313045205,24,0,0.0
96,transient,24013,0.2,88.0,82,pulse8,32.0,0,0.999999987752415,24,0,0.0
96,transient,24013,0.2,88.0,82,pulse8,40.0,0,0.9999999997756777,24,0,0.0
96,transient,24013,0.2,88.0,82,pulse16,16.0,0,0.9999634904638794,24,0,0.0
96,transient,24013,0.2,88.0,82,pulse16,32.0,0,0.999999987752415,24,0,0.0
96,transient,24013,0.2,100.0,84,pulse8,8.0,0,0.9849970563330029,32,1,0.12
96,transient,24013,0.2,100.0,84,pulse8,16.0,0,0.9997252115015274,32,1,0.12
96,transient,24013,0.2,100.0,84,pulse8,24.0,0,0.9999949670730911,24,0,0.0
96,transient,24013,0.2,100.0,84,pulse8,32.0,0,0.999999907818728,24,0,0.0
96,transient,24013,0.2,100.0,84,pulse8,40.0,0,0.9999999983116412,24,0,0.0
96,transient,24013,0.2,100.0,84,pulse16,16.0,0,0.9997252115015274,32,1,0.12
96,transient,24013,0.2,100.0,84,pulse16,32.0,0,0.999999907818728,24,0,0.0
96,transient,24014,0.2,76.0,49,pulse8,8.0,0,0.9977618993309494,32,1,0.12
96,transient,24014,0.2,76.0,49,pulse8,16.0,0,0.999959007756349,24,0,0.0
96,transient,24014,0.2,76.0,49,pulse8,24.0,0,0.9999992492008679,24,0,0.0
96,transient,24014,0.2,76.0,49,pulse8,32.0,0,0.9999999862486343,24,0,0.0
96,transient,24014,0.2,76.0,49,pulse8,40.0,0,0.9999999997481349,24,0,0.0
96,transient,24014,0.2,76.0,49,pulse16,16.0,0,0.999959007756349,32,1,0.12
96,transient,24014,0.2,76.0,49,pulse16,32.0,0,0.9999999862486343,24,0,0.0
96,transient,24014,0.2,100.0,49,pulse8,8.0,0,0.9990213499543411,32,1,0.12
96,transient,24014,0.2,100.0,49,pulse8,16.0,0,0.9999820753991653,32,1,0.12
96,transient,24014,0.2,100.0,49,pulse8,24.0,0,0.999999671699484,32,1,0.12
96,transient,24014,0.2,100.0,49,pulse8,32.0,0,0.9999999939869664,32,1,0.12
96,transient,24014,0.2,100.0,49,pulse8,40.0,0,0.9999999998898673,24,0,0.0
96,transient,24014,0.2,100.0,49,pulse16,16.0,0,0.9999820753991653,32,1,0.12
96,transient,24014,0.2,100.0,49,pulse16,32.0,0,0.9999999939869664,32,1,0.12
96,transient,24015,0.2,76.0,59,pulse8,8.0,0,0.9907180788746852,24,0,0.0
96,transient,24015,0.2,76.0,59,pulse8,16.0,0,0.9998299956844751,24,0,0.0
96,transient,24015,0.2,76.0,59,pulse8,24.0,0,0.9999968862623474,24,0,0.0
96,transient,24015,0.2,76.0,59,pulse8,32.0,0,0.9999999429699056,24,0,0.0
96,transient,24015,0.2,76.0,59,pulse8,40.0,0,0.9999999989554573,24,0,0.0
96,transient,24015,0.2,76.0,59,pulse16,16.0,0,0.9998299956844751,24,0,0.0
96,transient,24015,0.2,76.0,59,pulse16,32.0,0,0.9999999429699056,24,0,0.0
96,transient,24016,0.2,40.0,95,persistent,8.0,1,0.5447203169501325,24,0,0.0
96,transient,24016,0.2,40.0,95,persistent,16.0,1,0.3925637567532447,24,0,0.0
96,transient,24016,0.2,40.0,95,persistent,24.0,1,0.9474337295698863,24,0,0.0
96,transient,24016,0.2,40.0,95,pulse8,8.0,1,0.5447203169501325,24,0,0.0
96,transient,24016,0.2,40.0,95,pulse8,16.0,1,0.3925637567532447,24,0,0.0
96,transient,24016,0.2,40.0,95,pulse8,24.0,1,0.9474337295698863,24,0,0.0
96,transient,24016,0.2,40.0,95,pulse8,32.0,0,0.9990372151730746,24,0,0.0
96,transient,24016,0.2,40.0,95,pulse8,40.0,0,0.9999823659807824,24,0,0.0
96,transient,24016,0.2,40.0,95,pulse16,16.0,1,0.3925637567532447,24,0,0.0
96,transient,24016,0.2,40.0,95,pulse16,32.0,0,0.9990372151730746,24,0,0.0
96,transient,24016,0.2,76.0,5,pulse8,8.0,0,0.9820495731530425,24,0,0.0
96,transient,24016,0.2,76.0,5,pulse8,16.0,0,0.9996712264639726,24,0,0.0
96,transient,24016,0.2,76.0,5,pulse8,24.0,0,0.999993978302638,24,0,0.0
96,transient,24016,0.2,76.0,5,pulse8,32.0,0,0.9999998897087656,24,0,0.0
96,transient,24016,0.2,76.0,5,pulse8,40.0,0,0.9999999979799455,24,0,0.0
96,transient,24016,0.2,76.0,5,pulse16,16.0,0,0.9996712264639726,24,0,0.0
96,transient,24016,0.2,76.0,5,pulse16,32.0,0,0.9999998897087656,24,0,0.0
96,transient,24016,0.2,88.0,4,pulse8,8.0,0,0.9816843611112659,24,0,0.0
96,transient,24016,0.2,88.0,4,pulse8,16.0,0,0.9996645373720974,24,0,0.0
96,transient,24016,0.2,88.0,4,pulse8,24.0,0,0.9999938557876468,24,0,0.0
96,transient,24016,0.2,88.0,4,pulse8,32.0,0,0.9999998874648253,24,0,0.0
96,transient,24016,0.2,88.0,4,pulse8,40.0,0,0.9999999979388463,24,0,0.0
96,transient,24016,0.2,88.0,4,pulse16,16.0,0,0.9996645373720974,24,0,0.0
96,transient,24016,0.2,88.0,4,pulse16,32.0,0,0.9999998874648253,24,0,0.0
96,transient,24016,0.2,100.0,5,persistent,8.0,1,0.8693216116382199,32,1,0.12
96,transient,24016,0.2,100.0,5,pulse8,8.0,1,0.8693216116382199,32,1,0.12
96,transient,24016,0.2,100.0,5,pulse8,16.0,0,0.997606541828204,24,0,0.0
96,transient,24016,0.2,100.0,5,pulse8,24.0,0,0.9999561622844302,24,0,0.0
96,transient,24016,0.2,100.0,5,pulse8,32.0,0,0.9999991970842318,24,0,0.0
96,transient,24016,0.2,100.0,5,pulse8,40.0,0,0.9999999852940847,24,0,0.0
96,transient,24016,0.2,100.0,5,pulse16,16.0,1,0.7561701972182642,32,1,0.12
96,transient,24016,0.2,100.0,5,pulse16,32.0,0,0.999918204213598,24,0,0.0
96,transient,24017,0.2,64.0,0,pulse8,8.0,0,0.9919076475697854,32,1,0.12
96,transient,24017,0.2,64.0,0,pulse8,16.0,0,0.9998517833951279,24,0,0.0
96,transient,24017,0.2,64.0,0,pulse8,24.0,0,0.9999972853181879,24,0,0.0
96,transient,24017,0.2,64.0,0,pulse8,32.0,0,0.9999999502788682,24,0,0.0
96,transient,24017,0.2,64.0,0,pulse8,40.0,0,0.9999999990893257,24,0,0.0
96,transient,24017,0.2,64.0,0,pulse16,16.0,0,0.9998517833951279,32,1,0.12
96,transient,24017,0.2,64.0,0,pulse16,32.0,0,0.9999999502788682,32,1,0.12
96,transient,24017,0.2,100.0,41,persistent,8.0,1,0.4026994263910462,24,0,0.0
96,transient,24017,0.2,100.0,41,persistent,16.0,1,0.3215472705265925,24,0,0.0
96,transient,24017,0.2,100.0,41,persistent,24.0,1,0.3079739014562031,24,0,0.0
96,transient,24017,0.2,100.0,41,persistent,32.0,1,0.30611256116006413,24,0,0.0
96,transient,24017,0.2,100.0,41,persistent,40.0,1,0.3076752096101756,24,0,0.0
96,transient,24017,0.2,100.0,41,pulse8,8.0,1,0.4026994263910462,24,0,0.0
96,transient,24017,0.2,100.0,41,pulse8,16.0,1,0.3215472705265925,24,0,0.0
96,transient,24017,0.2,100.0,41,pulse8,24.0,1,0.3079739014562031,24,0,0.0
96,transient,24017,0.2,100.0,41,pulse8,32.0,1,0.30611256116006413,24,0,0.0
96,transient,24017,0.2,100.0,41,pulse8,40.0,1,0.3076752096101756,24,0,0.0
96,transient,24017,0.2,100.0,41,pulse16,16.0,1,0.3215472705265925,24,0,0.0
96,transient,24017,0.2,100.0,41,pulse16,32.0,1,0.30611256116006413,24,0,0.0
96,transient,24019,0.2,40.0,62,persistent,8.0,1,0.6506095776798954,32,1,0.12
96,transient,24019,0.2,40.0,62,pulse8,8.0,1,0.6506095776798954,32,1,0.12
96,transient,24019,0.2,40.0,62,pulse8,16.0,0,0.9936006911936025,32,1,0.12
96,transient,24019,0.2,40.0,62,pulse8,24.0,0,0.9998827925707645,32,1,0.12
96,transient,24019,0.2,40.0,62,pulse8,32.0,0,0.9999978532710511,32,1,0.12
96,transient,24019,0.2,40.0,62,pulse8,40.0,0,0.9999999606812877,32,1,0.12
96,transient,24019,0.2,40.0,62,pulse16,16.0,1,0.9004914736918969,32,1,0.12
96,transient,24019,0.2,40.0,62,pulse16,32.0,0,0.999966618608266,32,1,0.12
96,transient,24019,0.2,52.0,61,pulse8,8.0,0,0.9833083852552279,32,1,0.12
96,transient,24019,0.2,52.0,61,pulse8,16.0,0,0.9996942824118649,32,1,0.12
96,transient,24019,0.2,52.0,61,pulse8,24.0,0,0.9999944005870539,32,1,0.12
96,transient,24019,0.2,52.0,61,pulse8,32.0,0,0.9999998974431745,32,1,0.12
96,transient,24019,0.2,52.0,61,pulse8,40.0,0,0.9999999981216062,24,0,0.0
96,transient,24019,0.2,52.0,61,pulse16,16.0,0,0.9996942824118649,32,1,0.12
96,transient,24019,0.2,52.0,61,pulse16,32.0,0,0.9999998974431745,32,1,0.12
96,transient,24019,0.2,64.0,32,pulse8,8.0,0,0.9947273055180034,32,1,0.12
96,transient,24019,0.2,64.0,32,pulse8,16.0,0,0.9999034272318972,32,1,0.12
96,transient,24019,0.2,64.0,32,pulse8,24.0,0,0.999998231208053,32,1,0.12
96,transient,24019,0.2,64.0,32,pulse8,32.0,0,0.9999999676034454,24,0,0.0
96,transient,24019,0.2,64.0,32,pulse8,40.0,0,0.9999999994066365,24,0,0.0
96,transient,24019,0.2,64.0,32,pulse16,16.0,0,0.9999034272318972,32,1,0.12
96,transient,24019,0.2,64.0,32,pulse16,32.0,0,0.9999999676034454,32,1,0.12
384,mixed,24000,0.2,40.0,35,persistent,8.0,1,0.8136125639145013,24,0,0.0
384,mixed,24000,0.2,40.0,35,persistent,16.0,1,0.5593119704311734,24,0,0.0
384,mixed,24000,0.2,40.0,35,persistent,24.0,1,0.4995777133307724,24,0,0.0
384,mixed,24000,0.2,40.0,35,persistent,32.0,1,0.4486864084580439,24,0,0.0
384,mixed,24000,0.2,40.0,35,persistent,40.0,1,0.4447128391557594,24,0,0.0
384,mixed,24000,0.2,40.0,35,pulse8,8.0,1,0.8136125639145013,24,0,0.0
384,mixed,24000,0.2,40.0,35,pulse8,16.0,1,0.5593119704311734,24,0,0.0
384,mixed,24000,0.2,40.0,35,pulse8,24.0,1,0.4995777133307724,24,0,0.0
384,mixed,24000,0.2,40.0,35,pulse8,32.0,1,0.4486864084580439,24,0,0.0
384,mixed,24000,0.2,40.0,35,pulse8,40.0,1,0.4447128391557594,24,0,0.0
384,mixed,24000,0.2,40.0,35,pulse16,16.0,1,0.5593119704311734,24,0,0.0
384,mixed,24000,0.2,40.0,35,pulse16,32.0,1,0.4486864084580439,24,0,0.0
384,mixed,24000,0.2,76.0,66,persistent,8.0,1,0.7842534516185838,32,1,0.12
384,mixed,24000,0.2,76.0,66,pulse8,8.0,1,0.7842534516185838,32,1,0.12
384,mixed,24000,0.2,76.0,66,pulse8,16.0,0,0.9960484641283551,32,1,0.12
384,mixed,24000,0.2,76.0,66,pulse8,24.0,0,0.999927625095919,32,1,0.12
384,mixed,24000,0.2,76.0,66,pulse8,32.0,0,0.9999986744073923,32,1,0.12
384,mixed,24000,0.2,76.0,66,pulse8,40.0,0,0.9999999757209246,32,1,0.12
384,mixed,24000,0.2,76.0,66,pulse16,16.0,0,0.9904593090295504,32,1,0.12
384,mixed,24000,0.2,76.0,66,pulse16,32.0,0,0.9999967994547352,32,1,0.12
384,mixed,24000,0.2,88.0,100,pulse8,8.0,0,0.9816948344441808,32,1,0.12
384,mixed,24000,0.2,88.0,100,pulse8,16.0,0,0.9996647291978812,32,1,0.12
384,mixed,24000,0.2,88.0,100,pulse8,24.0,0,0.9999938593010586,32,1,0.12
384,mixed,24000,0.2,88.0,100,pulse8,32.0,0,0.9999998875291757,24,0,0.0
384,mixed,24000,0.2,88.0,100,pulse8,40.0,0,0.999999997940025,24,0,0.0
384,mixed,24000,0.2,88.0,100,pulse16,16.0,0,0.9996647291978812,32,1,0.12
384,mixed,24000,0.2,88.0,100,pulse16,32.0,0,0.9999998875291757,32,1,0.12
384,mixed,24001,0.2,40.0,148,persistent,8.0,1,0.45234686840721167,32,1,0.12
384,mixed,24001,0.2,40.0,148,pulse8,8.0,1,0.45234686840721167,32,1,0.12
384,mixed,24001,0.2,40.0,148,pulse8,16.0,0,0.9899693830054621,24,0,0.0
384,mixed,24001,0.2,40.0,148,pulse8,24.0,0,0.9998162828412968,24,0,0.0
384,mixed,24001,0.2,40.0,148,pulse8,32.0,0,0.9999966351028635,24,0,0.0
384,mixed,24001,0.2,40.0,148,pulse8,40.0,0,0.9999999383697592,24,0,0.0
384,mixed,24001,0.2,40.0,148,pulse16,16.0,1,0.036407716663309775,32,1,0.12
384,mixed,24001,0.2,40.0,148,pulse16,32.0,0,0.9996631917608833,24,0,0.0
384,mixed,24001,0.2,64.0,200,pulse8,8.0,0,0.989442750724544,32,1,0.12
384,mixed,24001,0.2,64.0,200,pulse8,16.0,0,0.9998066372346124,32,1,0.12
384,mixed,24001,0.2,64.0,200,pulse8,24.0,0,0.9999964584374146,32,1,0.12
384,mixed,24001,0.2,64.0,200,pulse8,32.0,0,0.9999999351340186,32,1,0.12
384,mixed,24001,0.2,64.0,200,pulse8,40.0,0,0.9999999988119382,32,1,0.12
384,mixed,24001,0.2,64.0,200,pulse16,16.0,0,0.9998066372346124,32,1,0.12
384,mixed,24001,0.2,64.0,200,pulse16,32.0,0,0.9999999351340186,32,1,0.12
384,mixed,24002,0.2,40.0,340,persistent,19.400000000000002,1,0.7537080063304988,24,0,0.0
384,mixed,24002,0.2,40.0,340,persistent,27.400000000000002,1,0.4443444780052247,24,0,0.0
384,mixed,24002,0.2,40.0,340,persistent,35.4,1,0.4186923852320599,24,0,0.0
384,mixed,24002,0.2,40.0,340,persistent,43.400000000000006,1,0.8218396756763137,24,0,0.0
384,mixed,24002,0.2,40.0,340,pulse8,8.0,0,0.9970706036508504,32,1,0.12
384,mixed,24002,0.2,40.0,340,pulse8,16.0,0,0.999946346234307,24,0,0.0
384,mixed,24002,0.2,40.0,340,pulse8,24.0,0,0.9999990172970027,24,0,0.0
384,mixed,24002,0.2,40.0,340,pulse8,32.0,1,0.8378302658311209,24,0,0.0
384,mixed,24002,0.2,40.0,340,pulse8,40.0,1,0.8045185469201964,24,0,0.0
384,mixed,24002,0.2,40.0,340,pulse16,16.0,0,0.999946346234307,32,1,0.12
384,mixed,24002,0.2,40.0,340,pulse16,32.0,1,0.8397956500741885,24,0,0.0
384,mixed,24003,0.2,40.0,192,persistent,8.0,1,0.6693206623295973,24,0,0.0
384,mixed,24003,0.2,40.0,192,persistent,16.0,1,0.1422611346673918,24,0,0.0
384,mixed,24003,0.2,40.0,192,persistent,24.0,1,0.1134786956981207,24,0,0.0
384,mixed,24003,0.2,40.0,192,persistent,32.0,1,0.6187924822811394,24,0,0.0
384,mixed,24003,0.2,40.0,192,persistent,40.0,1,0.8722037098241676,24,0,0.0
384,mixed,24003,0.2,40.0,192,pulse8,8.0,1,0.6693206623295973,24,0,0.0
384,mixed,24003,0.2,40.0,192,pulse8,16.0,1,0.1422611346673918,24,0,0.0
384,mixed,24003,0.2,40.0,192,pulse8,24.0,1,0.1134786956981207,24,0,0.0
384,mixed,24003,0.2,40.0,192,pulse8,32.0,1,0.6187924822811394,24,0,0.0
384,mixed,24003,0.2,40.0,192,pulse8,40.0,1,0.8722037098241676,24,0,0.0
384,mixed,24003,0.2,40.0,192,pulse16,16.0,1,0.1422611346673918,24,0,0.0
384,mixed,24003,0.2,40.0,192,pulse16,32.0,1,0.6187924822811394,24,0,0.0
384,mixed,24003,0.2,64.0,182,pulse8,8.0,0,0.9840825422107846,32,1,0.12
384,mixed,24003,0.2,64.0,182,pulse8,16.0,0,0.9997084615911062,32,1,0.12
384,mixed,24003,0.2,64.0,182,pulse8,24.0,0,0.9999946602877805,24,0,0.0
384,mixed,24003,0.2,64.0,182,pulse8,32.0,0,0.9999999021997593,24,0,0.0
384,mixed,24003,0.2,64.0,182,pulse8,40.0,0,0.9999999982087262,24,0,0.0
384,mixed,24003,0.2,64.0,182,pulse16,16.0,0,0.9997084615911062,32,1,0.12
384,mixed,24003,0.2,64.0,182,pulse16,32.0,0,0.9999999021997593,32,1,0.12
384,mixed,24003,0.2,88.0,191,pulse8,8.0,0,0.9912279444049322,32,1,0.12
384,mixed,24003,0.2,88.0,191,pulse8,16.0,0,0.999839334197409,24,0,0.0
384,mixed,24003,0.2,88.0,191,pulse8,24.0,0,0.999997057303178,24,0,0.0
384,mixed,24003,0.2,88.0,191,pulse8,32.0,0,0.9999999461026277,24,0,0.0
384,mixed,24003,0.2,88.0,191,pulse8,40.0,0,0.9999999990128352,24,0,0.0
384,mixed,24003,0.2,88.0,191,pulse16,16.0,0,0.999839334197409,32,1,0.12
384,mixed,24003,0.2,88.0,191,pulse16,32.0,0,0.9999999461026277,24,0,0.0
384,mixed,24005,0.2,40.0,171,persistent,9.4,1,0.759716294289204,24,0,0.0
384,mixed,24005,0.2,40.0,171,persistent,17.400000000000002,1,0.23150583712432407,24,0,0.0
384,mixed,24005,0.2,40.0,171,persistent,25.400000000000002,1,0.062473809629536636,24,0,0.0
384,mixed,24005,0.2,40.0,171,persistent,33.4,1,0.592973698384889,24,0,0.0
384,mixed,24005,0.2,40.0,171,persistent,41.400000000000006,1,0.938737762160416,24,0,0.0
384,mixed,24005,0.2,40.0,171,pulse8,8.0,0,0.8991653161513354,24,0,0.0
384,mixed,24005,0.2,40.0,171,pulse8,16.0,1,0.2892163956806219,24,0,0.0
384,mixed,24005,0.2,40.0,171,pulse8,24.0,1,0.06411772470971405,24,0,0.0
384,mixed,24005,0.2,40.0,171,pulse8,32.0,1,0.5164184835888563,24,0,0.0
384,mixed,24005,0.2,40.0,171,pulse8,40.0,1,0.8882774329127233,24,0,0.0
384,mixed,24005,0.2,40.0,171,pulse16,16.0,1,0.2892163956806219,24,0,0.0
384,mixed,24005,0.2,40.0,171,pulse16,32.0,1,0.5164184835888563,24,0,0.0
384,mixed,24005,0.2,52.0,166,persistent,8.0,1,0.118106607435827,24,0,0.0
384,mixed,24005,0.2,52.0,166,persistent,16.0,1,0.6473156916956663,24,0,0.0
384,mixed,24005,0.2,52.0,166,pulse8,8.0,1,0.118106607435827,24,0,0.0
384,mixed,24005,0.2,52.0,166,pulse8,16.0,1,0.6473156916956663,24,0,0.0
384,mixed,24005,0.2,52.0,166,pulse8,24.0,0,0.9935403615673748,32,1,0.12
384,mixed,24005,0.2,52.0,166,pulse8,32.0,0,0.9998816875951163,32,1,0.12
384,mixed,24005,0.2,52.0,166,pulse8,40.0,0,0.999997833032716,32,1,0.12
384,mixed,24005,0.2,52.0,166,pulse16,16.0,1,0.6473156916956663,24,0,0.0
384,mixed,24005,0.2,52.0,166,pulse16,32.0,0,0.9998816875951163,32,1,0.12
384,mixed,24005,0.2,76.0,38,persistent,10.0,1,0.9207481168203251,24,0,0.0
384,mixed,24005,0.2,76.0,38,pulse8,8.0,0,0.950448724012238,24,0,0.0
384,mixed,24005,0.2,76.0,38,pulse8,16.0,1,0.9143238703787575,24,0,0.0
384,mixed,24005,0.2,76.0,38,pulse8,24.0,0,0.998007761888275,32,1,0.12
384,mixed,24005,0.2,76.0,38,pulse8,32.0,0,0.9999635108861652,24,0,0.0
384,mixed,24005,0.2,76.0,38,pulse8,40.0,0,0.9999993316785676,24,0,0.0
384,mixed,24005,0.2,76.0,38,pulse16,16.0,1,0.9143238703787575,24,0,0.0
384,mixed,24005,0.2,76.0,38,pulse16,32.0,0,0.9999635108861652,32,1,0.12
384,mixed,24006,0.2,40.0,316,persistent,21.8,1,0.831495529651757,24,0,0.0
384,mixed,24006,0.2,40.0,316,persistent,29.8,1,0.47039109775035143,24,0,0.0
384,mixed,24006,0.2,40.0,316,persistent,37.800000000000004,1,0.3967787156456845,24,0,0.0
384,mixed,24006,0.2,40.0,316,persistent,45.800000000000004,1,0.9430548500123811,24,0,0.0
384,mixed,24006,0.2,40.0,316,pulse8,8.0,0,0.9816843619071268,24,0,0.0
384,mixed,24006,0.2,40.0,316,pulse8,16.0,0,0.9996645373866742,24,0,0.0
384,mixed,24006,0.2,40.0,316,pulse8,24.0,1,0.6986535943048886,24,0,0.0
384,mixed,24006,0.2,40.0,316,pulse8,32.0,1,0.43142083958784244,24,0,0.0
384,mixed,24006,0.2,40.0,316,pulse8,40.0,1,0.39511331379692277,24,0,0.0
384,mixed,24006,0.2,40.0,316,pulse16,16.0,0,0.9996645373866742,24,0,0.0
384,mixed,24006,0.2,40.0,316,pulse16,32.0,1,0.43142083958784244,24,0,0.0
384,mixed,24006,0.2,76.0,112,persistent,8.0,1,0.47084213882477016,24,0,0.0
384,mixed,24006,0.2,76.0,112,persistent,16.0,1,0.9008961149204986,24,0,0.0
384,mixed,24006,0.2,76.0,112,pulse8,8.0,1,0.47084213882477016,24,0,0.0
384,mixed,24006,0.2,76.0,112,pulse8,16.0,1,0.9008961149204986,24,0,0.0
384,mixed,24006,0.2,76.0,112,pulse8,24.0,0,0.9981848490284133,32,1,0.12
384,mixed,24006,0.2,76.0,112,pulse8,32.0,0,0.9999667543502758,32,1,0.12
384,mixed,24006,0.2,76.0,112,pulse8,40.0,0,0.999999391084685,32,1,0.12
384,mixed,24006,0.2,76.0,112,pulse16,16.0,1,0.9008961149204986,24,0,0.0
384,mixed,24006,0.2,76.0,112,pulse16,32.0,0,0.9999667543502758,32,1,0.12
384,mixed,24007,0.2,100.0,286,pulse8,8.0,0,0.9937804199989548,24,0,0.0
384,mixed,24007,0.2,100.0,286,pulse8,16.0,0,0.9998860844186613,24,0,0.0
384,mixed,24007,0.2,100.0,286,pulse8,24.0,0,0.9999979135633484,24,0,0.0
384,mixed,24007,0.2,100.0,286,pulse8,32.0,0,0.9999999617855797,32,1,0.12
384,mixed,24007,0.2,100.0,286,pulse8,40.0,0,0.9999999993000785,24,0,0.0
384,mixed,24007,0.2,100.0,286,pulse16,16.0,0,0.9998860844186613,24,0,0.0
384,mixed,24007,0.2,100.0,286,pulse16,32.0,0,0.9999999617855797,32,1,0.12
384,mixed,24008,0.2,40.0,169,persistent,11.600000000000001,1,0.8831352536705671,24,0,0.0
384,mixed,24008,0.2,40.0,169,persistent,19.6,1,0.5877396305080376,24,0,0.0
384,mixed,24008,0.2,40.0,169,persistent,27.6,1,0.755991222994818,24,0,0.0
384,mixed,24008,0.2,40.0,169,pulse8,8.0,0,0.9863659908067947,24,0,0.0
384,mixed,24008,0.2,40.0,169,pulse8,16.0,1,0.7188660804618321,24,0,0.0
384,mixed,24008,0.2,40.0,169,pulse8,24.0,1,0.44068237375331915,24,0,0.0
384,mixed,24008,0.2,40.0,169,pulse8,32.0,0,0.9729422885735969,24,0,0.0
384,mixed,24008,0.2,40.0,169,pulse8,40.0,0,0.9995044207283584,24,0,0.0
384,mixed,24008,0.2,40.0,169,pulse16,16.0,1,0.7188660804618321,24,0,0.0
384,mixed,24008,0.2,40.0,169,pulse16,32.0,0,0.9729422885735969,24,0,0.0
384,mixed,24009,0.2,76.0,72,persistent,8.0,1,0.5294114530707205,32,1,0.12
384,mixed,24009,0.2,76.0,72,pulse8,8.0,1,0.5294114530707205,32,1,0.12
384,mixed,24009,0.2,76.0,72,pulse8,16.0,0,0.9825653886690653,32,1,0.12
384,mixed,24009,0.2,76.0,72,pulse8,24.0,0,0.9996806739546972,32,1,0.12
384,mixed,24009,0.2,76.0,72,pulse8,32.0,0,0.9999941513394665,32,1,0.12
384,mixed,24009,0.2,76.0,72,pulse8,40.0,0,0.9999998928780457,32,1,0.12
384,mixed,24009,0.2,76.0,72,pulse16,16.0,1,0.9223949511238823,32,1,0.12
384,mixed,24009,0.2,76.0,72,pulse16,32.0,0,0.9999739664063655,24,0,0.0
384,mixed,24010,0.2,52.0,68,persistent,8.0,1,0.305670341552402,24,0,0.0
384,mixed,24010,0.2,52.0,68,persistent,16.0,1,0.2961510326012474,24,0,0.0
384,mixed,24010,0.2,52.0,68,persistent,24.0,1,0.2959615481600841,24,0,0.0
384,mixed,24010,0.2,52.0,68,persistent,32.0,1,0.295958024610909,24,0,0.0
384,mixed,24010,0.2,52.0,68,persistent,40.0,1,0.7124994187462769,24,0,0.0
384,mixed,24010,0.2,52.0,68,pulse8,8.0,1,0.305670341552402,24,0,0.0
384,mixed,24010,0.2,52.0,68,pulse8,16.0,1,0.2961510326012474,24,0,0.0
384,mixed,24010,0.2,52.0,68,pulse8,24.0,1,0.2959615481600841,24,0,0.0
384,mixed,24010,0.2,52.0,68,pulse8,32.0,1,0.295958024610909,24,0,0.0
384,mixed,24010,0.2,52.0,68,pulse8,40.0,1,0.7124994187462769,24,0,0.0
384,mixed,24010,0.2,52.0,68,pulse16,16.0,1,0.2961510326012474,24,0,0.0
384,mixed,24010,0.2,52.0,68,pulse16,32.0,1,0.295958024610909,24,0,0.0
384,mixed,24010,0.2,64.0,169,pulse8,8.0,0,0.9857356139305538,32,1,0.12
384,mixed,24010,0.2,64.0,169,pulse8,16.0,0,0.9997387386557824,32,1,0.12
384,mixed,24010,0.2,64.0,169,pulse8,24.0,0,0.9999952148315637,24,0,0.0
384,mixed,24010,0.2,64.0,169,pulse8,32.0,0,0.9999999123565827,32,1,0.12
384,mixed,24010,0.2,64.0,169,pulse8,40.0,0,0.9999999983947547,24,0,0.0
384,mixed,24010,0.2,64.0,169,pulse16,16.0,0,0.9997387386557824,32,1,0.12
384,mixed,24010,0.2,64.0,169,pulse16,32.0,0,0.9999999123565827,32,1,0.12
384,mixed,24010,0.2,100.0,353,persistent,8.0,1,0.47070725994781965,24,0,0.0
384,mixed,24010,0.2,100.0,353,persistent,16.0,1,0.3968278215118344,24,0,0.0
384,mixed,24010,0.2,100.0,353,persistent,24.0,1,0.4016093664875182,24,0,0.0
384,mixed,24010,0.2,100.0,353,persistent,32.0,1,0.42861278770124683,24,0,0.0
384,mixed,24010,0.2,100.0,353,persistent,40.0,1,0.44497412519391927,24,0,0.0
384,mixed,24010,0.2,100.0,353,pulse8,8.0,1,0.47070725994781965,24,0,0.0
384,mixed,24010,0.2,100.0,353,pulse8,16.0,1,0.3968278215118344,24,0,0.0
384,mixed,24010,0.2,100.0,353,pulse8,24.0,1,0.4016093664875182,24,0,0.0
384,mixed,24010,0.2,100.0,353,pulse8,32.0,1,0.42861278770124683,24,0,0.0
384,mixed,24010,0.2,100.0,353,pulse8,40.0,1,0.44497412519391927,24,0,0.0
384,mixed,24010,0.2,100.0,353,pulse16,16.0,1,0.3968278215118344,24,0,0.0
384,mixed,24010,0.2,100.0,353,pulse16,32.0,1,0.42861278770124683,24,0,0.0
384,mixed,24011,0.2,100.0,224,pulse8,8.0,0,0.994918063570232,32,1,0.12
384,mixed,24011,0.2,100.0,224,pulse8,16.0,0,0.9999069210874969,32,1,0.12
384,mixed,24011,0.2,100.0,224,pulse8,24.0,0,0.9999982952002505,24,0,0.0
384,mixed,24011,0.2,100.0,224,pulse8,32.0,0,0.9999999687755033,24,0,0.0
384,mixed,24011,0.2,100.0,224,pulse8,40.0,0,0.9999999994281035,24,0,0.0
384,mixed,24011,0.2,100.0,224,pulse16,16.0,0,0.9999069210874969,32,1,0.12
384,mixed,24011,0.2,100.0,224,pulse16,32.0,0,0.9999999687755033,24,0,0.0
384,mixed,24012,0.2,100.0,74,pulse8,8.0,0,0.9816843611112661,24,0,0.0
384,mixed,24012,0.2,100.0,74,pulse8,16.0,0,0.9996645373720974,24,0,0.0
384,mixed,24012,0.2,100.0,74,pulse8,24.0,0,0.9999938557876468,24,0,0.0
384,mixed,24012,0.2,100.0,74,pulse8,32.0,0,0.9999998874648253,24,0,0.0
384,mixed,24012,0.2,100.0,74,pulse8,40.0,0,0.9999999979388463,24,0,0.0
384,mixed,24012,0.2,100.0,74,pulse16,16.0,0,0.9996645373720974,24,0,0.0
384,mixed,24012,0.2,100.0,74,pulse16,32.0,0,0.9999998874648253,24,0,0.0
384,mixed,24013,0.2,64.0,321,pulse8,8.0,0,0.9931277020218926,24,0,0.0
384,mixed,24013,0.2,64.0,321,pulse8,16.0,0,0.9869327718137543,24,0,0.0
384,mixed,24013,0.2,64.0,321,pulse8,24.0,0,0.9996467346647468,32,1,0.12
384,mixed,24013,0.2,64.0,321,pulse8,32.0,0,0.9999935297196876,24,0,0.0
384,mixed,24013,0.2,64.0,321,pulse8,40.0,0,0.9999998814926824,24,0,0.0
384,mixed,24013,0.2,64.0,321,pulse16,16.0,0,0.9869327718137543,24,0,0.0
384,mixed,24013,0.2,64.0,321,pulse16,32.0,0,0.9999935297196876,32,1,0.12
384,mixed,24014,0.2,88.0,143,pulse8,8.0,0,0.9906466584149402,32,1,0.12
384,mixed,24014,0.2,88.0,143,pulse8,16.0,0,0.999828687573125,32,1,0.12
384,mixed,24014,0.2,88.0,143,pulse8,24.0,0,0.9999968623034522,24,0,0.0
384,mixed,24014,0.2,88.0,143,pulse8,32.0,0,0.999999942531083,24,0,0.0
384,mixed,24014,0.2,88.0,143,pulse8,40.0,0,0.9999999989474201,24,0,0.0
384,mixed,24014,0.2,88.0,143,pulse16,16.0,0,0.999828687573125,32,1,0.12
384,mixed,24014,0.2,88.0,143,pulse16,32.0,0,0.999999942531083,32,1,0.12
384,mixed,24015,0.2,64.0,159,pulse8,8.0,0,0.9815724623830844,32,1,0.12
384,mixed,24015,0.2,64.0,159,pulse8,16.0,0,0.9996624878754,32,1,0.12
384,mixed,24015,0.2,64.0,159,pulse8,24.0,0,0.9999938182498054,24,0,0.0
384,mixed,24015,0.2,64.0,159,pulse8,32.0,0,0.9999998867772958,24,0,0.0
384,mixed,24015,0.2,64.0,159,pulse8,40.0,0,0.9999999979262537,24,0,0.0
384,mixed,24015,0.2,64.0,159,pulse16,16.0,0,0.9996624878754,32,1,0.12
384,mixed,24015,0.2,64.0,159,pulse16,32.0,0,0.9999998867772958,24,0,0.0
384,mixed,24015,0.2,100.0,8,pulse8,8.0,0,0.9865969666564243,32,1,0.12
384,mixed,24015,0.2,100.0,8,pulse8,16.0,0,0.9997545148812653,32,1,0.12
384,mixed,24015,0.2,100.0,8,pulse8,24.0,0,0.9999955037832127,32,1,0.12
384,mixed,24015,0.2,100.0,8,pulse8,32.0,0,0.9999999176489168,32,1,0.12
384,mixed,24015,0.2,100.0,8,pulse8,40.0,0,0.9999999984916874,24,0,0.0
384,mixed,24015,0.2,100.0,8,pulse16,16.0,0,0.9997545148812653,32,1,0.12
384,mixed,24015,0.2,100.0,8,pulse16,32.0,0,0.9999999176489168,32,1,0.12
384,mixed,24016,0.2,40.0,320,persistent,22.6,1,0.8346607950460225,24,0,0.0
384,mixed,24016,0.2,40.0,320,persistent,30.6,1,0.44458896429253625,24,0,0.0
384,mixed,24016,0.2,40.0,320,persistent,38.6,1,0.40654553495559687,24,0,0.0
384,mixed,24016,0.2,40.0,320,persistent,46.6,1,0.8945797317858138,24,0,0.0
384,mixed,24016,0.2,40.0,320,pulse8,8.0,0,0.982538132697378,24,0,0.0
384,mixed,24016,0.2,40.0,320,pulse8,16.0,0,0.9996801747441623,24,0,0.0
384,mixed,24016,0.2,40.0,320,pulse8,24.0,1,0.7446135465087105,24,0,0.0
384,mixed,24016,0.2,40.0,320,pulse8,32.0,1,0.42512071463205414,24,0,0.0
384,mixed,24016,0.2,40.0,320,pulse8,40.0,1,0.4061874030930083,24,0,0.0
384,mixed,24016,0.2,40.0,320,pulse16,16.0,0,0.9996801747441623,24,0,0.0
384,mixed,24016,0.2,40.0,320,pulse16,32.0,1,0.42512071463205414,24,0,0.0
384,mixed,24017,0.2,64.0,57,pulse8,8.0,0,0.9911926265489606,32,1,0.12
384,mixed,24017,0.2,64.0,57,pulse8,16.0,0,0.9998386873283127,32,1,0.12
384,mixed,24017,0.2,64.0,57,pulse8,24.0,0,0.9999970454553572,32,1,0.12
384,mixed,24017,0.2,64.0,57,pulse8,32.0,0,0.9999999458856271,24,0,0.0
384,mixed,24017,0.2,64.0,57,pulse8,40.0,0,0.9999999990088607,24,0,0.0
384,mixed,24017,0.2,64.0,57,pulse16,16.0,0,0.9998386873283127,32,1,0.12
384,mixed,24017,0.2,64.0,57,pulse16,32.0,0,0.9999999458856271,32,1,0.12
384,mixed,24017,0.2,100.0,133,pulse8,8.0,0,0.9912456360927774,32,1,0.12
384,mixed,24017,0.2,100.0,133,pulse8,16.0,0,0.9998396582319747,24,0,0.0
384,mixed,24017,0.2,100.0,133,pulse8,24.0,0,0.9999970632380781,24,0,0.0
384,mixed,24017,0.2,100.0,133,pulse8,32.0,0,0.999999946211329,24,0,0.0
384,mixed,24017,0.2,100.0,133,pulse8,40.0,0,0.9999999990148262,24,0,0.0
384,mixed,24017,0.2,100.0,133,pulse16,16.0,0,0.9998396582319747,32,1,0.12
384,mixed,24017,0.2,100.0,133,pulse16,32.0,0,0.999999946211329,24,0,0.0
384,mixed,24018,0.2,52.0,237,pulse8,8.0,0,0.9858377111467866,32,1,0.12
384,mixed,24018,0.2,52.0,237,pulse8,16.0,0,0.9997406086315266,24,0,0.0
384,mixed,24018,0.2,52.0,237,pulse8,24.0,0,0.9999952490813641,24,0,0.0
384,mixed,24018,0.2,52.0,237,pulse8,32.0,0,0.9999999129838898,24,0,0.0
384,mixed,24018,0.2,52.0,237,pulse8,40.0,0,0.9999999984062443,24,0,0.0
384,mixed,24018,0.2,52.0,237,pulse16,16.0,0,0.9956575866394057,32,1,0.12
384,mixed,24018,0.2,52.0,237,pulse16,32.0,0,0.9999985432826025,32,1,0.12
384,mixed,24018,0.2,64.0,184,pulse8,8.0,0,0.9780789866608309,32,1,0.12
384,mixed,24018,0.2,64.0,184,pulse8,16.0,0,0.9995985026356048,24,0,0.0
384,mixed,24018,0.2,64.0,184,pulse8,24.0,0,0.999992646319259,24,0,0.0
384,mixed,24018,0.2,64.0,184,pulse8,32.0,0,0.9999998653126391,32,1,0.12
384,mixed,24018,0.2,64.0,184,pulse8,40.0,0,0.999999997533115,24,0,0.0
384,mixed,24018,0.2,64.0,184,pulse16,16.0,0,0.9995985026356048,32,1,0.12
384,mixed,24018,0.2,64.0,184,pulse16,32.0,0,0.9999998653126391,32,1,0.12
384,mixed,24018,0.2,76.0,183,pulse8,8.0,0,0.9971472910678874,32,1,0.12
384,mixed,24018,0.2,76.0,183,pulse8,16.0,0,0.9999477508133446,32,1,0.12
384,mixed,24018,0.2,76.0,183,pulse8,24.0,0,0.9999990430227651,32,1,0.12
384,mixed,24018,0.2,76.0,183,pulse8,32.0,0,0.9999999824723504,32,1,0.12
384,mixed,24018,0.2,76.0,183,pulse8,40.0,0,0.9999999996789697,24,0,0.0
384,mixed,24018,0.2,76.0,183,pulse16,16.0,0,0.9999477508133446,32,1,0.12
384,mixed,24018,0.2,76.0,183,pulse16,32.0,0,0.9999999824723504,32,1,0.12
384,mixed,24018,0.2,100.0,101,pulse8,8.0,0,0.9848042429853314,24,0,0.0
384,mixed,24018,0.2,100.0,101,pulse8,16.0,0,0.9997216800018782,24,0,0.0
384,mixed,24018,0.2,100.0,101,pulse8,24.0,0,0.999994902391419,32,1,0.12
384,mixed,24018,0.2,100.0,101,pulse8,32.0,0,0.999999906634042,24,0,0.0
384,mixed,24018,0.2,100.0,101,pulse8,40.0,0,0.9999999982899429,32,1,0.12
384,mixed,24018,0.2,100.0,101,pulse16,16.0,0,0.9997216800018782,24,0,0.0
384,mixed,24018,0.2,100.0,101,pulse16,32.0,0,0.999999906634042,24,0,0.0
384,mixed,24019,0.2,40.0,313,persistent,8.0,1,0.5543934072349208,32,1,0.12
384,mixed,24019,0.2,40.0,313,persistent,19.400000000000002,1,0.7408865624342384,24,0,0.0
384,mixed,24019,0.2,40.0,313,persistent,27.400000000000002,1,0.44853038162017156,24,0,0.0
384,mixed,24019,0.2,40.0,313,persistent,35.4,1,0.43126822201430115,24,0,0.0
384,mixed,24019,0.2,40.0,313,persistent,43.400000000000006,1,0.8743338517188923,24,0,0.0
384,mixed,24019,0.2,40.0,313,pulse8,8.0,1,0.5543934072349208,32,1,0.12
384,mixed,24019,0.2,40.0,313,pulse8,16.0,0,0.9918384305604756,24,0,0.0
384,mixed,24019,0.2,40.0,313,pulse8,24.0,1,0.5069396054924062,24,0,0.0
384,mixed,24019,0.2,40.0,313,pulse8,32.0,1,0.43271007603524414,24,0,0.0
384,mixed,24019,0.2,40.0,313,pulse8,40.0,1,0.43097825539050244,24,0,0.0
384,mixed,24019,0.2,40.0,313,pulse16,16.0,1,0.44391792162298865,32,1,0.12
384,mixed,24019,0.2,40.0,313,pulse16,32.0,1,0.004619501288293869,24,0,0.0
384,mixed,24019,0.2,88.0,208,pulse8,8.0,0,0.9816843611122548,32,1,0.12
384,mixed,24019,0.2,88.0,208,pulse8,16.0,0,0.9996645373721156,24,0,0.0
384,mixed,24019,0.2,88.0,208,pulse8,24.0,0,0.999993855787647,24,0,0.0
384,mixed,24019,0.2,88.0,208,pulse8,32.0,0,0.9999998874648253,24,0,0.0
384,mixed,24019,0.2,88.0,208,pulse8,40.0,0,0.9999999979388463,24,0,0.0
384,mixed,24019,0.2,88.0,208,pulse16,16.0,0,0.9996645373721156,32,1,0.12
384,mixed,24019,0.2,88.0,208,pulse16,32.0,0,0.9999998874648253,24,0,0.0
384,mixed,24019,0.2,100.0,111,pulse8,8.0,0,0.9980510748789592,32,1,0.12
384,mixed,24019,0.2,100.0,111,pulse8,16.0,0,0.9999643041912618,32,1,0.12
384,mixed,24019,0.2,100.0,111,pulse8,24.0,0,0.9999993462084573,24,0,0.0
384,mixed,24019,0.2,100.0,111,pulse8,32.0,0,0.9999999880253903,24,0,0.0
384,mixed,24019,0.2,100.0,111,pulse8,40.0,0,0.9999999997806773,24,0,0.0
384,mixed,24019,0.2,100.0,111,pulse16,16.0,0,0.9999643041912618,32,1,0.12
384,mixed,24019,0.2,100.0,111,pulse16,32.0,0,0.9999999880253903,32,1,0.12
384,transient,24000,0.2,40.0,36,persistent,8.0,1,0.7945823388670661,24,0,0.0
384,transient,24000,0.2,40.0,36,persistent,16.0,1,0.9379335299368511,24,0,0.0
384,transient,24000,0.2,40.0,36,pulse8,8.0,1,0.7945823388670661,24,0,0.0
384,transient,24000,0.2,40.0,36,pulse8,16.0,1,0.9379335299368511,24,0,0.0
384,transient,24000,0.2,40.0,36,pulse8,24.0,0,0.9988632129472249,24,0,0.0
384,transient,24000,0.2,40.0,36,pulse8,32.0,0,0.9999791790188479,24,0,0.0
384,transient,24000,0.2,40.0,36,pulse8,40.0,0,0.9999996186504279,24,0,0.0
384,transient,24000,0.2,40.0,36,pulse16,16.0,1,0.9379335299368511,24,0,0.0
384,transient,24000,0.2,40.0,36,pulse16,32.0,0,0.9999791790188479,24,0,0.0
384,transient,24000,0.2,64.0,213,pulse8,8.0,0,0.9863372024296129,32,1,0.12
384,transient,24000,0.2,64.0,213,pulse8,16.0,0,0.9997497571334909,24,0,0.0
384,transient,24000,0.2,64.0,213,pulse8,24.0,0,0.9999954166420225,24,0,0.0
384,transient,24000,0.2,64.0,213,pulse8,32.0,0,0.9999999160528705,24,0,0.0
384,transient,24000,0.2,64.0,213,pulse8,40.0,0,0.9999999984624547,24,0,0.0
384,transient,24000,0.2,64.0,213,pulse16,16.0,0,0.9997497571334909,32,1,0.12
384,transient,24000,0.2,64.0,213,pulse16,32.0,0,0.9999999160528705,24,0,0.0
384,transient,24000,0.2,88.0,113,pulse8,8.0,0,0.981775201947539,24,0,0.0
384,transient,24000,0.2,88.0,113,pulse8,16.0,0,0.999666201180051,24,0,0.0
384,transient,24000,0.2,88.0,113,pulse8,24.0,0,0.9999938862613523,24,0,0.0
384,transient,24000,0.2,88.0,113,pulse8,32.0,0,0.9999998880229707,24,0,0.0
384,transient,24000,0.2,88.0,113,pulse8,40.0,0,0.999999997949069,24,0,0.0
384,transient,24000,0.2,88.0,113,pulse16,16.0,0,0.999666201180051,24,0,0.0
384,transient,24000,0.2,88.0,113,pulse16,32.0,0,0.9999998880229707,24,0,0.0
384,transient,24000,0.2,100.0,175,persistent,8.0,1,0.8928104559381478,32,1,0.12
384,transient,24000,0.2,100.0,175,pulse8,8.0,1,0.8928104559381478,32,1,0.12
384,transient,24000,0.2,100.0,175,pulse8,16.0,0,0.9980367550183151,24,0,0.0
384,transient,24000,0.2,100.0,175,pulse8,24.0,0,0.9999640419138653,24,0,0.0
384,transient,24000,0.2,100.0,175,pulse8,32.0,0,0.9999993414046793,32,1,0.12
384,transient,24000,0.2,100.0,175,pulse8,40.0,0,0.9999999879374057,32,1,0.12
384,transient,24000,0.2,100.0,175,pulse16,16.0,1,0.8010431070293277,32,1,0.12
384,transient,24000,0.2,100.0,175,pulse16,32.0,0,0.9999332573978449,32,1,0.12
384,transient,24001,0.2,64.0,190,pulse8,8.0,0,0.9816843611114366,24,0,0.0
384,transient,24001,0.2,64.0,190,pulse8,16.0,0,0.9996645373721007,24,0,0.0
384,transient,24001,0.2,64.0,190,pulse8,24.0,0,0.9999938557876468,24,0,0.0
384,transient,24001,0.2,64.0,190,pulse8,32.0,0,0.9999998874648253,24,0,0.0
384,transient,24001,0.2,64.0,190,pulse8,40.0,0,0.9999999979388463,24,0,0.0
384,transient,24001,0.2,64.0,190,pulse16,16.0,0,0.9996645373721007,24,0,0.0
384,transient,24001,0.2,64.0,190,pulse16,32.0,0,0.9999998874648253,24,0,0.0
384,transient,24002,0.2,40.0,340,persistent,8.0,1,0.21227831164349492,24,0,0.0
384,transient,24002,0.2,40.0,340,persistent,16.0,1,0.8507778595563281,24,0,0.0
384,transient,24002,0.2,40.0,340,pulse8,8.0,1,0.21227831164349492,24,0,0.0
384,transient,24002,0.2,40.0,340,pulse8,16.0,1,0.8507778595563281,24,0,0.0
384,transient,24002,0.2,40.0,340,pulse8,24.0,0,0.9972175061402241,24,0,0.0
384,transient,24002,0.2,40.0,340,pulse8,32.0,0,0.9999490368472542,32,1,0.12
384,transient,24002,0.2,40.0,340,pulse8,40.0,0,0.9999990665772976,24,0,0.0
384,transient,24002,0.2,40.0,340,pulse16,16.0,1,0.8507778595563281,24,0,0.0
384,transient,24002,0.2,40.0,340,pulse16,32.0,0,0.9999490368472542,32,1,0.12
384,transient,24003,0.2,40.0,192,persistent,8.0,1,0.1194321146129335,24,0,0.0
384,transient,24003,0.2,40.0,192,persistent,16.0,1,0.4658213573617932,24,0,0.0
384,transient,24003,0.2,40.0,192,persistent,24.0,1,0.8151517571163895,24,0,0.0
384,transient,24003,0.2,40.0,192,pulse8,8.0,1,0.1194321146129335,24,0,0.0
384,transient,24003,0.2,40.0,192,pulse8,16.0,1,0.4658213573617932,24,0,0.0
384,transient,24003,0.2,40.0,192,pulse8,24.0,1,0.8151517571163895,24,0,0.0
384,transient,24003,0.2,40.0,192,pulse8,32.0,0,0.978696279066135,24,0,0.0
384,transient,24003,0.2,40.0,192,pulse8,40.0,0,0.999609808740389,24,0,0.0
384,transient,24003,0.2,40.0,192,pulse16,16.0,1,0.4658213573617932,24,0,0.0
384,transient,24003,0.2,40.0,192,pulse16,32.0,0,0.978696279066135,24,0,0.0
384,transient,24003,0.2,88.0,191,pulse8,8.0,0,0.9947046006906983,32,1,0.12
384,transient,24003,0.2,88.0,191,pulse8,16.0,0,0.9999030113784791,24,0,0.0
384,transient,24003,0.2,88.0,191,pulse8,24.0,0,0.9999982235914319,24,0,0.0
384,transient,24003,0.2,88.0,191,pulse8,32.0,0,0.999999967463942,24,0,0.0
384,transient,24003,0.2,88.0,191,pulse8,40.0,0,0.9999999994040812,24,0,0.0
384,transient,24003,0.2,88.0,191,pulse16,16.0,0,0.9999030113784791,32,1,0.12
384,transient,24003,0.2,88.0,191,pulse16,32.0,0,0.999999967463942,24,0,0.0
384,transient,24004,0.2,40.0,65,pulse8,8.0,0,0.9866182477438722,32,1,0.12
384,transient,24004,0.2,40.0,65,pulse8,16.0,0,0.9997549046579782,24,0,0.0
384,transient,24004,0.2,40.0,65,pulse8,24.0,0,0.9999955109222222,24,0,0.0
384,transient,24004,0.2,40.0,65,pulse8,32.0,0,0.9999999177796725,24,0,0.0
384,transient,24004,0.2,40.0,65,pulse8,40.0,0,0.9999999984940822,24,0,0.0
384,transient,24004,0.2,40.0,65,pulse16,16.0,0,0.9997549046579782,24,0,0.0
384,transient,24004,0.2,40.0,65,pulse16,32.0,0,0.9999999177796725,32,1,0.12
384,transient,24004,0.2,52.0,216,pulse8,8.0,0,0.9898109281712475,32,1,0.12
384,transient,24004,0.2,52.0,216,pulse8,16.0,0,0.999813380639773,24,0,0.0
384,transient,24004,0.2,52.0,216,pulse8,24.0,0,0.9999965819471883,32,1,0.12
384,transient,24004,0.2,52.0,216,pulse8,32.0,0,0.9999999373961791,24,0,0.0
384,transient,24004,0.2,52.0,216,pulse8,40.0,0,0.9999999988533711,24,0,0.0
384,transient,24004,0.2,52.0,216,pulse16,16.0,0,0.999813380639773,24,0,0.0
384,transient,24004,0.2,52.0,216,pulse16,32.0,0,0.9999999373961791,32,1,0.12
384,transient,24004,0.2,64.0,66,pulse8,8.0,0,0.998430191785746,24,0,0.0
384,transient,24004,0.2,64.0,66,pulse8,16.0,0,0.9999712479596231,24,0,0.0
384,transient,24004,0.2,64.0,66,pulse8,24.0,0,0.9999994733880111,24,0,0.0
384,transient,24004,0.2,64.0,66,pulse8,32.0,0,0.9999999903547651,24,0,0.0
384,transient,24004,0.2,64.0,66,pulse8,40.0,0,0.9999999998233414,24,0,0.0
384,transient,24004,0.2,64.0,66,pulse16,16.0,0,0.9999712479596231,24,0,0.0
384,transient,24004,0.2,64.0,66,pulse16,32.0,0,0.9999999903547651,24,0,0.0
384,transient,24005,0.2,40.0,201,persistent,13.200000000000001,1,0.9085956092675078,32,1,0.12
384,transient,24005,0.2,40.0,201,pulse8,8.0,0,0.985710053221205,24,0,0.0
384,transient,24005,0.2,40.0,201,pulse8,16.0,0,0.9643802351876103,32,1,0.12
384,transient,24005,0.2,40.0,201,pulse8,24.0,0,0.9993476012503946,24,0,0.0
384,transient,24005,0.2,40.0,201,pulse8,32.0,0,0.9999880509000907,24,0,0.0
384,transient,24005,0.2,40.0,201,pulse8,40.0,0,0.999999781144601,24,0,0.0
384,transient,24005,0.2,40.0,201,pulse16,16.0,0,0.9643802351876103,32,1,0.12
384,transient,24005,0.2,40.0,201,pulse16,32.0,0,0.9999880509000907,24,0,0.0
384,transient,24005,0.2,64.0,171,pulse8,8.0,0,0.9896041939565174,24,0,0.0
384,transient,24005,0.2,64.0,171,pulse8,16.0,0,0.9998095941705503,24,0,0.0
384,transient,24005,0.2,64.0,171,pulse8,24.0,0,0.9999965125955854,24,0,0.0
384,transient,24005,0.2,64.0,171,pulse8,32.0,0,0.99999993612596,24,0,0.0
384,transient,24005,0.2,64.0,171,pulse8,40.0,0,0.999999998830106,24,0,0.0
384,transient,24005,0.2,64.0,171,pulse16,16.0,0,0.9998095941705503,24,0,0.0
384,transient,24005,0.2,64.0,171,pulse16,32.0,0,0.99999993612596,24,0,0.0
384,transient,24005,0.2,76.0,86,persistent,8.0,1,0.6739770221736936,32,1,0.12
384,transient,24005,0.2,76.0,86,pulse8,8.0,1,0.6739770221736936,32,1,0.12
384,transient,24005,0.2,76.0,86,pulse8,16.0,0,0.9940286808687037,32,1,0.12
384,transient,24005,0.2,76.0,86,pulse8,24.0,0,0.9998906314751019,24,0,0.0
384,transient,24005,0.2,76.0,86,pulse8,32.0,0,0.9999979968455921,24,0,0.0
384,transient,24005,0.2,76.0,86,pulse8,40.0,0,0.9999999633109472,24,0,0.0
384,transient,24005,0.2,76.0,86,pulse16,16.0,1,0.6002764814962701,32,1,0.12
384,transient,24005,0.2,76.0,86,pulse16,32.0,0,0.9998659076980484,32,1,0.12
384,transient,24005,0.2,100.0,86,pulse8,8.0,0,0.9933152956151097,32,1,0.12
384,transient,24005,0.2,100.0,86,pulse8,16.0,0,0.9998775653684083,24,0,0.0
384,transient,24005,0.2,100.0,86,pulse8,24.0,0,0.9999977575315002,24,0,0.0
384,transient,24005,0.2,100.0,86,pulse8,32.0,0,0.9999999589277568,24,0,0.0
384,transient,24005,0.2,100.0,86,pulse8,40.0,0,0.9999999992477356,24,0,0.0
384,transient,24005,0.2,100.0,86,pulse16,16.0,0,0.9998775653684083,32,1,0.12
384,transient,24005,0.2,100.0,86,pulse16,32.0,0,0.9999999589277568,32,1,0.12
384,transient,24006,0.2,40.0,316,pulse8,8.0,0,0.9816843619071268,24,0,0.0
384,transient,24006,0.2,40.0,316,pulse8,16.0,0,0.9996645373866742,24,0,0.0
384,transient,24006,0.2,40.0,316,pulse8,24.0,0,0.9999938557879138,24,0,0.0
384,transient,24006,0.2,40.0,316,pulse8,32.0,0,0.99999988746483,24,0,0.0
384,transient,24006,0.2,40.0,316,pulse8,40.0,0,0.9999999979388464,24,0,0.0
384,transient,24006,0.2,40.0,316,pulse16,16.0,0,0.9996645373866742,24,0,0.0
384,transient,24006,0.2,40.0,316,pulse16,32.0,0,0.99999988746483,24,0,0.0
384,transient,24006,0.2,76.0,228,persistent,8.0,1,0.6703499342135276,32,1,0.12
384,transient,24006,0.2,76.0,228,pulse8,8.0,1,0.6703499342135276,32,1,0.12
384,transient,24006,0.2,76.0,228,pulse8,16.0,0,0.9939622484354075,32,1,0.12
384,transient,24006,0.2,76.0,228,pulse8,24.0,0,0.999889414722643,24,0,0.0
384,transient,24006,0.2,76.0,228,pulse8,32.0,0,0.9999979745599935,24,0,0.0
384,transient,24006,0.2,76.0,228,pulse8,40.0,0,0.9999999629027724,24,0,0.0
384,transient,24006,0.2,76.0,228,pulse16,16.0,1,0.6036844351735527,32,1,0.12
384,transient,24006,0.2,76.0,228,pulse16,32.0,0,0.9998670509391447,32,1,0.12
384,transient,24007,0.2,40.0,106,persistent,8.4,1,0.8607735200980718,24,0,0.0
384,transient,24007,0.2,40.0,106,persistent,16.400000000000002,1,0.9105189592144861,24,0,0.0
384,transient,24007,0.2,40.0,106,pulse8,8.0,0,0.8801648615851542,24,0,0.0
384,transient,24007,0.2,40.0,106,pulse8,16.0,1,0.8914460859465277,24,0,0.0
384,transient,24007,0.2,40.0,106,pulse8,24.0,0,0.997998240051135,24,0,0.0
384,transient,24007,0.2,40.0,106,pulse8,32.0,0,0.9999633364876347,24,0,0.0
384,transient,24007,0.2,40.0,106,pulse8,40.0,0,0.999999328484347,24,0,0.0
384,transient,24007,0.2,40.0,106,pulse16,16.0,1,0.8914460859465277,24,0,0.0
384,transient,24007,0.2,40.0,106,pulse16,32.0,0,0.9999633364876347,24,0,0.0
384,transient,24007,0.2,76.0,239,pulse8,8.0,0,0.9816843611183673,24,0,0.0
384,transient,24007,0.2,76.0,239,pulse8,16.0,0,0.9996645373722276,24,0,0.0
384,transient,24007,0.2,76.0,239,pulse8,24.0,0,0.9999938557876491,24,0,0.0
384,transient,24007,0.2,76.0,239,pulse8,32.0,0,0.9999998874648254,24,0,0.0
384,transient,24007,0.2,76.0,239,pulse8,40.0,0,0.9999999979388463,24,0,0.0
384,transient,24007,0.2,76.0,239,pulse16,16.0,0,0.9996645373722276,24,0,0.0
384,transient,24007,0.2,76.0,239,pulse16,32.0,0,0.9999998874648254,24,0,0.0
384,transient,24007,0.2,100.0,287,pulse8,8.0,0,0.9984920190638991,32,1,0.12
384,transient,24007,0.2,100.0,287,pulse8,16.0,0,0.9999723803657232,24,0,0.0
384,transient,24007,0.2,100.0,287,pulse8,24.0,0,0.9999994941287523,24,0,0.0
384,transient,24007,0.2,100.0,287,pulse8,32.0,0,0.9999999907346449,24,0,0.0
384,transient,24007,0.2,100.0,287,pulse8,40.0,0,0.9999999998302991,24,0,0.0
384,transient,24007,0.2,100.0,287,pulse16,16.0,0,0.9999723803657232,32,1,0.12
384,transient,24007,0.2,100.0,287,pulse16,32.0,0,0.9999999907346449,24,0,0.0
384,transient,24008,0.2,40.0,169,persistent,8.0,1,0.22705700376863944,24,0,0.0
384,transient,24008,0.2,40.0,169,persistent,16.0,1,0.8906339006011377,24,0,0.0
384,transient,24008,0.2,40.0,169,pulse8,8.0,1,0.22705700376863944,24,0,0.0
384,transient,24008,0.2,40.0,169,pulse8,16.0,1,0.8906339006011377,24,0,0.0
384,transient,24008,0.2,40.0,169,pulse8,24.0,0,0.997996890016741,24,0,0.0
384,transient,24008,0.2,40.0,169,pulse8,32.0,0,0.9999633117608923,24,0,0.0
384,transient,24008,0.2,40.0,169,pulse8,40.0,0,0.999999328031461,24,0,0.0
384,transient,24008,0.2,40.0,169,pulse16,16.0,1,0.8906339006011377,24,0,0.0
384,transient,24008,0.2,40.0,169,pulse16,32.0,0,0.9999633117608923,24,0,0.0
384,transient,24008,0.2,52.0,319,pulse8,8.0,0,0.9837290108395024,32,1,0.12
384,transient,24008,0.2,52.0,319,pulse8,16.0,0,0.9997019864381738,32,1,0.12
384,transient,24008,0.2,52.0,319,pulse8,24.0,0,0.9999945416912177,32,1,0.12
384,transient,24008,0.2,52.0,319,pulse8,32.0,0,0.9999999000275873,32,1,0.12
384,transient,24008,0.2,52.0,319,pulse8,40.0,0,0.9999999981689414,32,1,0.12
384,transient,24008,0.2,52.0,319,pulse16,16.0,0,0.9997019864381738,32,1,0.12
384,transient,24008,0.2,52.0,319,pulse16,32.0,0,0.9999999000275873,32,1,0.12
384,transient,24008,0.2,64.0,224,pulse8,8.0,0,0.9837845480180802,32,1,0.12
384,transient,24008,0.2,64.0,224,pulse8,16.0,0,0.9997030036370815,24,0,0.0
384,transient,24008,0.2,64.0,224,pulse8,24.0,0,0.9999945603218654,24,0,0.0
384,transient,24008,0.2,64.0,224,pulse8,32.0,0,0.9999999003688196,24,0,0.0
384,transient,24008,0.2,64.0,224,pulse8,40.0,0,0.9999999981751913,24,0,0.0
384,transient,24008,0.2,64.0,224,pulse16,16.0,0,0.9997030036370815,32,1,0.12
384,transient,24008,0.2,64.0,224,pulse16,32.0,0,0.9999999003688196,24,0,0.0
384,transient,24008,0.2,88.0,101,pulse8,8.0,0,0.9825660345199145,24,0,0.0
384,transient,24008,0.2,88.0,101,pulse8,16.0,0,0.9996806857838682,24,0,0.0
384,transient,24008,0.2,88.0,101,pulse8,24.0,0,0.9999941515561253,24,0,0.0
384,transient,24008,0.2,88.0,101,pulse8,32.0,0,0.9999998928820139,24,0,0.0
384,transient,24008,0.2,88.0,101,pulse8,40.0,0,0.9999999980380656,24,0,0.0
384,transient,24008,0.2,88.0,101,pulse16,16.0,0,0.9996806857838682,24,0,0.0
384,transient,24008,0.2,88.0,101,pulse16,32.0,0,0.9999998928820139,24,0,0.0
384,transient,24008,0.2,100.0,379,pulse8,8.0,0,0.9816843611112659,24,0,0.0
384,transient,24008,0.2,100.0,379,pulse8,16.0,0,0.9996645373720974,24,0,0.0
384,transient,24008,0.2,100.0,379,pulse8,24.0,0,0.9999938557876468,24,0,0.0
384,transient,24008,0.2,100.0,379,pulse8,32.0,0,0.9999998874648253,24,0,0.0
384,transient,24008,0.2,100.0,379,pulse8,40.0,0,0.9999999979388463,24,0,0.0
384,transient,24008,0.2,100.0,379,pulse16,16.0,0,0.9996645373720974,24,0,0.0
384,transient,24008,0.2,100.0,379,pulse16,32.0,0,0.9999998874648253,24,0,0.0
384,transient,24010,0.2,40.0,146,persistent,8.0,1,0.011282653004741412,24,0,0.0
384,transient,24010,0.2,40.0,146,persistent,16.0,1,0.6034909643008058,24,0,0.0
384,transient,24010,0.2,40.0,146,pulse8,8.0,1,0.011282653004741412,24,0,0.0
384,transient,24010,0.2,40.0,146,pulse8,16.0,1,0.6034909643008058,24,0,0.0
384,transient,24010,0.2,40.0,146,pulse8,24.0,0,0.9896288420965483,24,0,0.0
384,transient,24010,0.2,40.0,146,pulse8,32.0,0,0.9998100456169824,24,0,0.0
384,transient,24010,0.2,40.0,146,pulse8,40.0,0,0.9999965208641153,24,0,0.0
384,transient,24010,0.2,40.0,146,pulse16,16.0,1,0.6034909643008058,24,0,0.0
384,transient,24010,0.2,40.0,146,pulse16,32.0,0,0.9998100456169824,24,0,0.0
384,transient,24010,0.2,52.0,86,pulse8,8.0,0,0.9884903052131142,32,1,0.12
384,transient,24010,0.2,52.0,86,pulse8,16.0,0,0.9997891925865638,32,1,0.12
384,transient,24010,0.2,52.0,86,pulse8,24.0,0,0.9999961389275405,32,1,0.12
384,transient,24010,0.2,52.0,86,pulse8,32.0,0,0.9999999292819911,32,1,0.12
384,transient,24010,0.2,52.0,86,pulse8,40.0,0,0.9999999987047545,32,1,0.12
384,transient,24010,0.2,52.0,86,pulse16,16.0,0,0.9997891925865638,32,1,0.12
384,transient,24010,0.2,52.0,86,pulse16,32.0,0,0.9999999292819911,32,1,0.12
384,transient,24010,0.2,88.0,147,pulse8,8.0,0,0.9855629636966479,32,1,0.12
384,transient,24010,0.2,88.0,147,pulse8,16.0,0,0.9997355764564443,24,0,0.0
384,transient,24010,0.2,88.0,147,pulse8,24.0,0,0.9999951569138625,24,0,0.0
384,transient,24010,0.2,88.0,147,pulse8,32.0,0,0.9999999112957833,24,0,0.0
384,transient,24010,0.2,88.0,147,pulse8,40.0,0,0.9999999983753257,24,0,0.0
384,transient,24010,0.2,88.0,147,pulse16,16.0,0,0.9997355764564443,32,1,0.12
384,transient,24010,0.2,88.0,147,pulse16,32.0,0,0.9999999112957833,24,0,0.0
384,transient,24010,0.2,100.0,351,persistent,8.0,1,0.6077284294484476,32,1,0.12
384,transient,24010,0.2,100.0,351,pulse8,8.0,1,0.6077284294484476,32,1,0.12
384,transient,24010,0.2,100.0,351,pulse8,16.0,0,0.9928152955674612,24,0,0.0
384,transient,24010,0.2,100.0,351,pulse8,24.0,0,0.9998684075480914,24,0,0.0
384,transient,24010,0.2,100.0,351,pulse8,32.0,0,0.9999975898001705,24,0,0.0
384,transient,24010,0.2,100.0,351,pulse8,40.0,0,0.9999999558556503,24,0,0.0
384,transient,24010,0.2,100.0,351,pulse16,16.0,1,0.5251119691894421,32,1,0.12
384,transient,24010,0.2,100.0,351,pulse16,32.0,0,0.9998406928132249,32,1,0.12
384,transient,24012,0.2,64.0,73,pulse8,8.0,0,0.9911056814147109,24,0,0.0
384,transient,24012,0.2,64.0,73,pulse8,16.0,0,0.9998370948726304,24,0,0.0
384,transient,24012,0.2,64.0,73,pulse8,24.0,0,0.9999970162885141,24,0,0.0
384,transient,24012,0.2,64.0,73,pulse8,32.0,0,0.9999999453514179,24,0,0.0
384,transient,24012,0.2,64.0,73,pulse8,40.0,0,0.9999999989990762,24,0,0.0
384,transient,24012,0.2,64.0,73,pulse16,16.0,0,0.9998370948726304,24,0,0.0
384,transient,24012,0.2,64.0,73,pulse16,32.0,0,0.9999999453514179,24,0,0.0
384,transient,24012,0.2,100.0,78,pulse8,8.0,0,0.9954162633803229,32,1,0.12
384,transient,24012,0.2,100.0,78,pulse8,16.0,0,0.9999160459353128,24,0,0.0
384,transient,24012,0.2,100.0,78,pulse8,24.0,0,0.9999984623276679,24,0,0.0
384,transient,24012,0.2,100.0,78,pulse8,32.0,0,0.9999999718365488,24,0,0.0
384,transient,24012,0.2,100.0,78,pulse8,40.0,0,0.9999999994841684,24,0,0.0
384,transient,24012,0.2,100.0,78,pulse16,16.0,0,0.9999160459353128,32,1,0.12
384,transient,24012,0.2,100.0,78,pulse16,32.0,0,0.9999999718365488,24,0,0.0
384,transient,24013,0.2,64.0,369,pulse8,8.0,0,0.9878960939473899,32,1,0.12
384,transient,24013,0.2,64.0,369,pulse8,16.0,0,0.9997783092275973,24,0,0.0
384,transient,24013,0.2,64.0,369,pulse8,24.0,0,0.9999959395918676,24,0,0.0
384,transient,24013,0.2,64.0,369,pulse8,32.0,0,0.9999999256310308,32,1,0.12
384,transient,24013,0.2,64.0,369,pulse8,40.0,0,0.9999999986378847,24,0,0.0
384,transient,24013,0.2,64.0,369,pulse16,16.0,0,0.9997783092275973,32,1,0.12
384,transient,24013,0.2,64.0,369,pulse16,32.0,0,0.9999999256310308,32,1,0.12
384,transient,24014,0.2,64.0,145,pulse8,8.0,0,0.9970535755504183,24,0,0.0
384,transient,24014,0.2,64.0,145,pulse8,16.0,0,0.9999460343537685,24,0,0.0
384,transient,24014,0.2,64.0,145,pulse8,24.0,0,0.9999990115847113,24,0,0.0
384,transient,24014,0.2,64.0,145,pulse8,32.0,0,0.9999999818965425,24,0,0.0
384,transient,24014,0.2,64.0,145,pulse8,40.0,0,0.9999999996684236,24,0,0.0
384,transient,24014,0.2,64.0,145,pulse16,16.0,0,0.9999460343537685,24,0,0.0
384,transient,24014,0.2,64.0,145,pulse16,32.0,0,0.9999999818965425,24,0,0.0
384,transient,24014,0.2,76.0,312,pulse8,8.0,0,0.9816843611112659,32,1,0.12
384,transient,24014,0.2,76.0,312,pulse8,16.0,0,0.9996645373720974,24,0,0.0
384,transient,24014,0.2,76.0,312,pulse8,24.0,0,0.9999938557876468,24,0,0.0
384,transient,24014,0.2,76.0,312,pulse8,32.0,0,0.9999998874648253,24,0,0.0
384,transient,24014,0.2,76.0,312,pulse8,40.0,0,0.9999999979388463,24,0,0.0
384,transient,24014,0.2,76.0,312,pulse16,16.0,0,0.9996645373720974,32,1,0.12
384,transient,24014,0.2,76.0,312,pulse16,32.0,0,0.9999998874648253,24,0,0.0
384,transient,24014,0.2,100.0,312,pulse8,8.0,0,0.9822721370951589,24,0,0.0
384,transient,24014,0.2,100.0,312,pulse8,16.0,0,0.9996753028647658,32,1,0.12
384,transient,24014,0.2,100.0,312,pulse8,24.0,0,0.9999940529645229,24,0,0.0
384,transient,24014,0.2,100.0,312,pulse8,32.0,0,0.9999998910762458,24,0,0.0
384,transient,24014,0.2,100.0,312,pulse8,40.0,0,0.999999998004992,24,0,0.0
384,transient,24014,0.2,100.0,312,pulse16,16.0,0,0.9996753028647658,32,1,0.12
384,transient,24014,0.2,100.0,312,pulse16,32.0,0,0.9999998910762458,24,0,0.0
384,transient,24015,0.2,52.0,131,pulse8,8.0,0,0.994354071683509,32,1,0.12
384,transient,24015,0.2,52.0,131,pulse8,16.0,0,0.9998965912157635,32,1,0.12
384,transient,24015,0.2,52.0,131,pulse8,24.0,0,0.9999981060020501,32,1,0.12
384,transient,24015,0.2,52.0,131,pulse8,32.0,0,0.9999999653102174,32,1,0.12
384,transient,24015,0.2,52.0,131,pulse8,40.0,0,0.9999999993646345,32,1,0.12
384,transient,24015,0.2,52.0,131,pulse16,16.0,0,0.9998965912157635,32,1,0.12
384,transient,24015,0.2,52.0,131,pulse16,32.0,0,0.9999999653102174,32,1,0.12
384,transient,24015,0.2,100.0,5,pulse8,8.0,0,0.9816843611112659,24,0,0.0
384,transient,24015,0.2,100.0,5,pulse8,16.0,0,0.9996645373720974,24,0,0.0
384,transient,24015,0.2,100.0,5,pulse8,24.0,0,0.9999938557876468,24,0,0.0
384,transient,24015,0.2,100.0,5,pulse8,32.0,0,0.9999998874648253,24,0,0.0
384,transient,24015,0.2,100.0,5,pulse8,40.0,0,0.9999999979388463,24,0,0.0
384,transient,24015,0.2,100.0,5,pulse16,16.0,0,0.9996645373720974,24,0,0.0
384,transient,24015,0.2,100.0,5,pulse16,32.0,0,0.9999998874648253,24,0,0.0
384,transient,24016,0.2,40.0,320,persistent,8.0,1,0.22993039074609306,24,0,0.0
384,transient,24016,0.2,40.0,320,persistent,16.0,1,0.8853337260822941,24,0,0.0
384,transient,24016,0.2,40.0,320,pulse8,8.0,1,0.22993039074609306,24,0,0.0
384,transient,24016,0.2,40.0,320,pulse8,16.0,1,0.8853337260822941,24,0,0.0
384,transient,24016,0.2,40.0,320,pulse8,24.0,0,0.9978998139342067,24,0,0.0
384,transient,24016,0.2,40.0,320,pulse8,32.0,0,0.9999615337504197,24,0,0.0
384,transient,24016,0.2,40.0,320,pulse8,40.0,0,0.9999992954660634,24,0,0.0
384,transient,24016,0.2,40.0,320,pulse16,16.0,1,0.8853337260822941,24,0,0.0
384,transient,24016,0.2,40.0,320,pulse16,32.0,0,0.9999615337504197,24,0,0.0
384,transient,24016,0.2,52.0,186,pulse8,8.0,0,0.9954094973399046,32,1,0.12
384,transient,24016,0.2,52.0,186,pulse8,16.0,0,0.9999159220109598,32,1,0.12
384,transient,24016,0.2,52.0,186,pulse8,24.0,0,0.9999984600579142,24,0,0.0
384,transient,24016,0.2,52.0,186,pulse8,32.0,0,0.9999999717949768,24,0,0.0
384,transient,24016,0.2,52.0,186,pulse8,40.0,0,0.9999999994834069,24,0,0.0
384,transient,24016,0.2,52.0,186,pulse16,16.0,0,0.9999159220109598,32,1,0.12
384,transient,24016,0.2,52.0,186,pulse16,32.0,0,0.9999999717949768,32,1,0.12
384,transient,24016,0.2,76.0,174,pulse8,8.0,0,0.9986449259413146,24,0,0.0
384,transient,24016,0.2,76.0,174,pulse8,16.0,0,0.9999751809528735,24,0,0.0
384,transient,24016,0.2,76.0,174,pulse8,24.0,0,0.9999995454232953,24,0,0.0
384,transient,24016,0.2,76.0,174,pulse8,32.0,0,0.9999999916741373,24,0,0.0
384,transient,24016,0.2,76.0,174,pulse8,40.0,0,0.9999999998475064,24,0,0.0
384,transient,24016,0.2,76.0,174,pulse16,16.0,0,0.9999751809528735,24,0,0.0
384,transient,24016,0.2,76.0,174,pulse16,32.0,0,0.9999999916741373,24,0,0.0
384,transient,24017,0.2,64.0,63,pulse8,8.0,0,0.9822783428752611,32,1,0.12
384,transient,24017,0.2,64.0,63,pulse8,16.0,0,0.9996754165275934,24,0,0.0
384,transient,24017,0.2,64.0,63,pulse8,24.0,0,0.99999405504633,24,0,0.0
384,transient,24017,0.2,64.0,63,pulse8,32.0,0,0.9999998911143754,24,0,0.0
384,transient,24017,0.2,64.0,63,pulse8,40.0,0,0.9999999980056903,24,0,0.0
384,transient,24017,0.2,64.0,63,pulse16,16.0,0,0.9996754165275934,32,1,0.12
384,transient,24017,0.2,64.0,63,pulse16,32.0,0,0.9999998911143754,24,0,0.0
384,transient,24018,0.2,52.0,238,pulse8,8.0,0,0.9820415657700091,32,1,0.12
384,transient,24018,0.2,52.0,238,pulse8,16.0,0,0.9996710798036363,24,0,0.0
384,transient,24018,0.2,52.0,238,pulse8,24.0,0,0.9999939756164602,24,0,0.0
384,transient,24018,0.2,52.0,238,pulse8,32.0,0,0.9999998896595665,24,0,0.0
384,transient,24018,0.2,52.0,238,pulse8,40.0,0,0.9999999979790445,24,0,0.0
384,transient,24018,0.2,52.0,238,pulse16,16.0,0,0.9996710798036363,32,1,0.12
384,transient,24018,0.2,52.0,238,pulse16,32.0,0,0.9999998896595665,32,1,0.12
384,transient,24018,0.2,88.0,371,pulse8,8.0,0,0.989079043714986,24,0,0.0
384,transient,24018,0.2,88.0,371,pulse8,16.0,0,0.9997999757083642,32,1,0.12
384,transient,24018,0.2,88.0,371,pulse8,24.0,0,0.9999963364273053,32,1,0.12
384,transient,24018,0.2,88.0,371,pulse8,32.0,0,0.9999999328993255,24,0,0.0
384,transient,24018,0.2,88.0,371,pulse8,40.0,0,0.9999999987710082,24,0,0.0
384,transient,24018,0.2,88.0,371,pulse16,16.0,0,0.9997999757083642,32,1,0.12
384,transient,24018,0.2,88.0,371,pulse16,32.0,0,0.9999999328993255,32,1,0.12
384,transient,24018,0.2,100.0,238,pulse8,8.0,0,0.997470868506437,32,1,0.12
384,transient,24018,0.2,100.0,238,pulse8,16.0,0,0.9999536773408618,32,1,0.12
384,transient,24018,0.2,100.0,238,pulse8,24.0,0,0.9999991515709029,24,0,0.0
384,transient,24018,0.2,100.0,238,pulse8,32.0,0,0.999999984460479,24,0,0.0
384,transient,24018,0.2,100.0,238,pulse8,40.0,0,0.9999999997153837,24,0,0.0
384,transient,24018,0.2,100.0,238,pulse16,16.0,0,0.9999536773408618,32,1,0.12
384,transient,24018,0.2,100.0,238,pulse16,32.0,0,0.999999984460479,32,1,0.12
384,transient,24019,0.2,40.0,314,pulse8,8.0,0,0.9862296351626536,24,0,0.0
384,transient,24019,0.2,40.0,314,pulse8,16.0,0,0.999747786970273,24,0,0.0
384,transient,24019,0.2,40.0,314,pulse8,24.0,0,0.9999953805572245,24,0,0.0
384,transient,24019,0.2,40.0,314,pulse8,32.0,0,0.9999999153919542,24,0,0.0
384,transient,24019,0.2,40.0,314,pulse8,40.0,0,0.9999999984503496,32,1,0.12
384,transient,24019,0.2,40.0,314,pulse16,16.0,0,0.999747786970273,24,0,0.0
384,transient,24019,0.2,40.0,314,pulse16,32.0,0,0.9999999153919542,24,0,0.0
384,transient,24019,0.2,64.0,312,pulse8,8.0,0,0.9978928985319295,32,1,0.12
384,transient,24019,0.2,64.0,312,pulse8,16.0,0,0.9999614070904088,24,0,0.0
384,transient,24019,0.2,64.0,312,pulse8,24.0,0,0.9999992931462043,24,0,0.0
384,transient,24019,0.2,64.0,312,pulse8,32.0,0,0.9999999870535211,24,0,0.0
384,transient,24019,0.2,64.0,312,pulse8,40.0,0,0.999999999762877,24,0,0.0
384,transient,24019,0.2,64.0,312,pulse16,16.0,0,0.9999614070904088,32,1,0.12
384,transient,24019,0.2,64.0,312,pulse16,32.0,0,0.9999999870535211,32,1,0.12
384,transient,24019,0.2,76.0,229,pulse8,8.0,0,0.9816843611112661,24,0,0.0
384,transient,24019,0.2,76.0,229,pulse8,16.0,0,0.9996645373720974,24,0,0.0
384,transient,24019,0.2,76.0,229,pulse8,24.0,0,0.9999938557876468,32,1,0.12
384,transient,24019,0.2,76.0,229,pulse8,32.0,0,0.9999998874648253,24,0,0.0
384,transient,24019,0.2,76.0,229,pulse8,40.0,0,0.9999999979388463,24,0,0.0
384,transient,24019,0.2,76.0,229,pulse16,16.0,0,0.9996645373720974,24,0,0.0
384,transient,24019,0.2,76.0,229,pulse16,32.0,0,0.9999998874648253,32,1,0.12
384,transient,24019,0.2,88.0,209,persistent,8.0,1,0.921750568625281,24,0,0.0
384,transient,24019,0.2,88.0,209,persistent,16.0,1,0.8147336617820107,24,0,0.0
384,transient,24019,0.2,88.0,209,persistent,24.0,1,0.7699764121282385,24,0,0.0
384,transient,24019,0.2,88.0,209,persistent,32.0,1,0.753220679721897,32,1,0.12
384,transient,24019,0.2,88.0,209,pulse8,8.0,1,0.921750568625281,24,0,0.0
384,transient,24019,0.2,88.0,209,pulse8,16.0,1,0.8147336617820107,24,0,0.0
384,transient,24019,0.2,88.0,209,pulse8,24.0,1,0.7699764121282385,24,0,0.0
384,transient,24019,0.2,88.0,209,pulse8,32.0,1,0.753220679721897,32,1,0.12
384,transient,24019,0.2,88.0,209,pulse8,40.0,0,0.9954800790845789,24,0,0.0
384,transient,24019,0.2,88.0,209,pulse16,16.0,1,0.8147336617820107,24,0,0.0
384,transient,24019,0.2,88.0,209,pulse16,32.0,1,0.753220679721897,32,1,0.12
384,transient,24019,0.2,100.0,210,pulse8,8.0,0,0.9945562602219564,32,1,0.12
384,transient,24019,0.2,100.0,210,pulse8,16.0,0,0.9999002944280211,24,0,0.0
384,transient,24019,0.2,100.0,210,pulse8,24.0,0,0.9999981738287484,24,0,0.0
384,transient,24019,0.2,100.0,210,pulse8,32.0,0,0.9999999665525069,24,0,0.0
384,transient,24019,0.2,100.0,210,pulse8,40.0,0,0.9999999993873878,24,0,0.0
384,transient,24019,0.2,100.0,210,pulse16,16.0,0,0.9999002944280211,32,1,0.12
384,transient,24019,0.2,100.0,210,pulse16,32.0,0,0.9999999665525069,24,0,0.0
96,mixed,24100,0.2,40.0,72,persistent,8.0,1,0.40954199876710107,32,1,0.12
96,mixed,24100,0.2,40.0,72,pulse8,8.0,1,0.40954199876710107,32,1,0.12
96,mixed,24100,0.2,40.0,72,pulse8,16.0,0,0.9891853844704545,24,0,0.0
96,mixed,24100,0.2,40.0,72,pulse8,24.0,0,0.9998019234072404,24,0,0.0
96,mixed,24100,0.2,40.0,72,pulse8,32.0,0,0.9999963721006547,24,0,0.0
96,mixed,24100,0.2,40.0,72,pulse8,40.0,0,0.9999999335527057,24,0,0.0
96,mixed,24100,0.2,40.0,72,pulse16,16.0,1,0.25561958519726324,32,1,0.12
96,mixed,24100,0.2,40.0,72,pulse16,32.0,0,0.9997502881898911,24,0,0.0
96,mixed,24100,0.2,64.0,47,pulse8,8.0,0,0.9870841030307266,32,1,0.12
96,mixed,24100,0.2,64.0,47,pulse8,16.0,0,0.9997634370951867,32,1,0.12
96,mixed,24100,0.2,64.0,47,pulse8,24.0,0,0.999995667199261,32,1,0.12
96,mixed,24100,0.2,64.0,47,pulse8,32.0,0,0.9999999206419863,32,1,0.12
96,mixed,24100,0.2,64.0,47,pulse8,40.0,0,0.9999999985465072,24,0,0.0
96,mixed,24100,0.2,64.0,47,pulse16,16.0,0,0.9997634370951867,32,1,0.12
96,mixed,24100,0.2,64.0,47,pulse16,32.0,0,0.9999999206419863,32,1,0.12
96,mixed,24100,0.2,76.0,72,persistent,8.0,1,0.7927568056491091,24,0,0.0
96,mixed,24100,0.2,76.0,72,persistent,16.0,1,0.8056568653071673,24,0,0.0
96,mixed,24100,0.2,76.0,72,persistent,24.0,1,0.8253599431020044,24,0,0.0
96,mixed,24100,0.2,76.0,72,persistent,32.0,1,0.828236485168137,24,0,0.0
96,mixed,24100,0.2,76.0,72,persistent,40.0,1,0.8286099621417978,24,0,0.0
96,mixed,24100,0.2,76.0,72,pulse8,8.0,1,0.7927568056491091,24,0,0.0
96,mixed,24100,0.2,76.0,72,pulse8,16.0,1,0.8056568653071673,24,0,0.0
96,mixed,24100,0.2,76.0,72,pulse8,24.0,1,0.8253599431020044,24,0,0.0
96,mixed,24100,0.2,76.0,72,pulse8,32.0,1,0.828236485168137,24,0,0.0
96,mixed,24100,0.2,76.0,72,pulse8,40.0,1,0.8286099621417978,24,0,0.0
96,mixed,24100,0.2,76.0,72,pulse16,16.0,1,0.8056568653071673,24,0,0.0
96,mixed,24100,0.2,76.0,72,pulse16,32.0,1,0.828236485168137,24,0,0.0
96,mixed,24100,0.1,40.0,72,persistent,8.0,1,0.4102324471116572,32,1,0.12
96,mixed,24100,0.1,40.0,72,pulse8,8.0,1,0.4102324471116572,32,1,0.12
96,mixed,24100,0.1,40.0,72,pulse8,16.0,0,0.9891980304730047,24,0,0.0
96,mixed,24100,0.1,40.0,72,pulse8,24.0,0,0.9998021550268564,24,0,0.0
96,mixed,24100,0.1,40.0,72,pulse8,32.0,0,0.9999963763429159,24,0,0.0
96,mixed,24100,0.1,40.0,72,pulse8,40.0,0,0.9999999336304054,24,0,0.0
96,mixed,24100,0.1,40.0,72,pulse16,16.0,1,0.2558209253585662,32,1,0.12
96,mixed,24100,0.1,40.0,72,pulse16,32.0,0,0.9997503557319907,24,0,0.0
96,mixed,24100,0.1,52.0,94,persistent,8.0,1,0.6277591766168211,24,0,0.0
96,mixed,24100,0.1,52.0,94,persistent,16.0,1,0.5407004380105582,24,0,0.0
96,mixed,24100,0.1,52.0,94,persistent,24.0,1,0.5390471877336198,24,0,0.0
96,mixed,24100,0.1,52.0,94,persistent,32.0,1,0.9301069161757298,24,0,0.0
96,mixed,24100,0.1,52.0,94,pulse8,8.0,1,0.6277591766168211,24,0,0.0
96,mixed,24100,0.1,52.0,94,pulse8,16.0,1,0.5407004380105582,24,0,0.0
96,mixed,24100,0.1,52.0,94,pulse8,24.0,1,0.5390471877336198,24,0,0.0
96,mixed,24100,0.1,52.0,94,pulse8,32.0,1,0.9301069161757298,24,0,0.0
96,mixed,24100,0.1,52.0,94,pulse8,40.0,0,0.9987198635158547,24,0,0.0
96,mixed,24100,0.1,52.0,94,pulse16,16.0,1,0.5407004380105582,24,0,0.0
96,mixed,24100,0.1,52.0,94,pulse16,32.0,1,0.9301069161757298,24,0,0.0
96,mixed,24100,0.1,64.0,47,pulse8,8.0,0,0.9870900259820411,32,1,0.12
96,mixed,24100,0.1,64.0,47,pulse8,16.0,0,0.9997635455778242,32,1,0.12
96,mixed,24100,0.1,64.0,47,pulse8,24.0,0,0.9999956691861895,32,1,0.12
96,mixed,24100,0.1,64.0,47,pulse8,32.0,0,0.9999999206783781,32,1,0.12
96,mixed,24100,0.1,64.0,47,pulse8,40.0,0,0.9999999985471737,24,0,0.0
96,mixed,24100,0.1,64.0,47,pulse16,16.0,0,0.9997635455778242,32,1,0.12
96,mixed,24100,0.1,64.0,47,pulse16,32.0,0,0.9999999206783781,32,1,0.12
96,mixed,24100,0.1,76.0,72,persistent,8.0,1,0.7948004580323113,24,0,0.0
96,mixed,24100,0.1,76.0,72,persistent,16.0,1,0.8053810503102987,24,0,0.0
96,mixed,24100,0.1,76.0,72,persistent,24.0,1,0.8253465605550121,24,0,0.0
96,mixed,24100,0.1,76.0,72,persistent,32.0,1,0.8283485122652635,24,0,0.0
96,mixed,24100,0.1,76.0,72,persistent,40.0,1,0.8287397740699657,24,0,0.0
96,mixed,24100,0.1,76.0,72,pulse8,8.0,1,0.7948004580323113,24,0,0.0
96,mixed,24100,0.1,76.0,72,pulse8,16.0,1,0.8053810503102987,24,0,0.0
96,mixed,24100,0.1,76.0,72,pulse8,24.0,1,0.8253465605550121,24,0,0.0
96,mixed,24100,0.1,76.0,72,pulse8,32.0,1,0.8283485122652635,24,0,0.0
96,mixed,24100,0.1,76.0,72,pulse8,40.0,1,0.8287397740699657,24,0,0.0
96,mixed,24100,0.1,76.0,72,pulse16,16.0,1,0.8053810503102987,24,0,0.0
96,mixed,24100,0.1,76.0,72,pulse16,32.0,1,0.8283485122652635,24,0,0.0
96,mixed,24101,0.2,40.0,1,persistent,9.600000000000001,1,0.8567236752254385,24,0,0.0
96,mixed,24101,0.2,40.0,1,persistent,17.6,1,0.3793543802655547,24,0,0.0
96,mixed,24101,0.2,40.0,1,persistent,25.6,1,0.2905586858383076,24,0,0.0
96,mixed,24101,0.2,40.0,1,persistent,33.6,1,0.2743562182252168,24,0,0.0
96,mixed,24101,0.2,40.0,1,persistent,41.6,1,0.2610815120964968,24,0,0.0
96,mixed,24101,0.2,40.0,1,pulse8,8.0,0,0.9378910134771794,32,1,0.12
96,mixed,24101,0.2,40.0,1,pulse8,16.0,0,0.9976259498325352,32,1,0.12
96,mixed,24101,0.2,40.0,1,pulse8,24.0,1,0.31131313190694637,24,0,0.0
96,mixed,24101,0.2,40.0,1,pulse8,32.0,1,0.2778878281648957,24,0,0.0
96,mixed,24101,0.2,40.0,1,pulse8,40.0,1,0.2642099454690591,24,0,0.0
96,mixed,24101,0.2,40.0,1,pulse16,16.0,1,0.44154542240229194,24,0,0.0
96,mixed,24101,0.2,40.0,1,pulse16,32.0,1,0.2768824352529852,24,0,0.0
96,mixed,24101,0.2,52.0,94,persistent,13.600000000000001,1,0.858572211690013,24,0,0.0
96,mixed,24101,0.2,52.0,94,persistent,21.6,1,0.49227863139975225,24,0,0.0
96,mixed,24101,0.2,52.0,94,persistent,29.6,1,0.27411190381673856,24,0,0.0
96,mixed,24101,0.2,52.0,94,persistent,37.6,1,0.931181166406596,24,0,0.0
96,mixed,24101,0.2,52.0,94,pulse8,8.0,0,0.981684361112694,24,0,0.0
96,mixed,24101,0.2,52.0,94,pulse8,16.0,1,0.7361024552890351,24,0,0.0
96,mixed,24101,0.2,52.0,94,pulse8,24.0,1,0.40564483220208297,24,0,0.0
96,mixed,24101,0.2,52.0,94,pulse8,32.0,1,0.4424812458482803,24,0,0.0
96,mixed,24101,0.2,52.0,94,pulse8,40.0,0,0.9792721656511177,24,0,0.0
96,mixed,24101,0.2,52.0,94,pulse16,16.0,1,0.7361024552890351,24,0,0.0
96,mixed,24101,0.2,52.0,94,pulse16,32.0,1,0.4424812458482803,24,0,0.0
96,mixed,24101,0.2,64.0,40,pulse8,8.0,0,0.9828557348897701,32,1,0.12
96,mixed,24101,0.2,64.0,40,pulse8,16.0,0,0.9996859918312282,32,1,0.12
96,mixed,24101,0.2,64.0,40,pulse8,24.0,0,0.9999942487397727,32,1,0.12
96,mixed,24101,0.2,64.0,40,pulse8,32.0,0,0.9999998946619947,32,1,0.12
96,mixed,24101,0.2,64.0,40,pulse8,40.0,0,0.9999999980706672,32,1,0.12
96,mixed,24101,0.2,64.0,40,pulse16,16.0,0,0.9996859918312282,32,1,0.12
96,mixed,24101,0.2,64.0,40,pulse16,32.0,0,0.9999998946619947,32,1,0.12
96,mixed,24101,0.2,88.0,91,pulse8,8.0,0,0.9896385148810515,24,0,0.0
96,mixed,24101,0.2,88.0,91,pulse8,16.0,0,0.9998102227802103,24,0,0.0
96,mixed,24101,0.2,88.0,91,pulse8,24.0,0,0.999996524108973,24,0,0.0
96,mixed,24101,0.2,88.0,91,pulse8,32.0,0,0.9999999363368351,24,0,0.0
96,mixed,24101,0.2,88.0,91,pulse8,40.0,0,0.9999999988339685,24,0,0.0
96,mixed,24101,0.2,88.0,91,pulse16,16.0,0,0.9998102227802103,24,0,0.0
96,mixed,24101,0.2,88.0,91,pulse16,32.0,0,0.9999999363368351,24,0,0.0
96,mixed,24101,0.2,100.0,2,pulse8,8.0,0,0.9880179101975486,32,1,0.12
96,mixed,24101,0.2,100.0,2,pulse8,16.0,0,0.999780540370046,32,1,0.12
96,mixed,24101,0.2,100.0,2,pulse8,24.0,0,0.999995980456667,32,1,0.12
96,mixed,24101,0.2,100.0,2,pulse8,32.0,0,0.9999999263794958,24,0,0.0
96,mixed,24101,0.2,100.0,2,pulse8,40.0,0,0.9999999986515934,24,0,0.0
96,mixed,24101,0.2,100.0,2,pulse16,16.0,0,0.999780540370046,32,1,0.12
96,mixed,24101,0.2,100.0,2,pulse16,32.0,0,0.9999999263794958,32,1,0.12
96,mixed,24101,0.1,40.0,1,persistent,9.600000000000001,1,0.8539134287387636,24,0,0.0
96,mixed,24101,0.1,40.0,1,persistent,17.6,1,0.377053089251088,24,0,0.0
96,mixed,24101,0.1,40.0,1,persistent,25.6,1,0.2901903679604017,24,0,0.0
96,mixed,24101,0.1,40.0,1,persistent,33.6,1,0.27409167923822736,24,0,0.0
96,mixed,24101,0.1,40.0,1,persistent,41.6,1,0.2607915282243765,24,0,0.0
96,mixed,24101,0.1,40.0,1,pulse8,8.0,0,0.935850047079797,32,1,0.12
96,mixed,24101,0.1,40.0,1,pulse8,16.0,0,0.9963517390506795,32,1,0.12
96,mixed,24101,0.1,40.0,1,pulse8,24.0,1,0.31081636783493466,24,0,0.0
96,mixed,24101,0.1,40.0,1,pulse8,32.0,1,0.27764945423914483,24,0,0.0
96,mixed,24101,0.1,40.0,1,pulse8,40.0,1,0.26391821292307327,24,0,0.0
96,mixed,24101,0.1,40.0,1,pulse16,16.0,1,0.4381523577440947,24,0,0.0
96,mixed,24101,0.1,40.0,1,pulse16,32.0,1,0.27663838843209443,24,0,0.0
96,mixed,24101,0.1,52.0,94,persistent,13.8,1,0.8529804518606047,24,0,0.0
96,mixed,24101,0.1,52.0,94,persistent,21.8,1,0.48771230292301765,24,0,0.0
96,mixed,24101,0.1,52.0,94,persistent,29.8,1,0.28149120706640707,24,0,0.0
96,mixed,24101,0.1,52.0,94,persistent,37.800000000000004,1,0.935697594412931,24,0,0.0
96,mixed,24101,0.1,52.0,94,pulse8,8.0,0,0.9816843611126752,24,0,0.0
96,mixed,24101,0.1,52.0,94,pulse8,16.0,1,0.7404193517392145,24,0,0.0
96,mixed,24101,0.1,52.0,94,pulse8,24.0,1,0.40834150388461554,24,0,0.0
96,mixed,24101,0.1,52.0,94,pulse8,32.0,1,0.43829004737214344,24,0,0.0
96,mixed,24101,0.1,52.0,94,pulse8,40.0,0,0.9785955885678388,24,0,0.0
96,mixed,24101,0.1,52.0,94,pulse16,16.0,1,0.7404193517392145,24,0,0.0
96,mixed,24101,0.1,52.0,94,pulse16,32.0,1,0.43829004737214344,24,0,0.0
96,mixed,24101,0.1,64.0,40,pulse8,8.0,0,0.9826926167028481,32,1,0.12
96,mixed,24101,0.1,64.0,40,pulse8,16.0,0,0.9996830042174206,32,1,0.12
96,mixed,24101,0.1,64.0,40,pulse8,24.0,0,0.999994194019717,32,1,0.12
96,mixed,24101,0.1,64.0,40,pulse8,32.0,0,0.9999998936597617,32,1,0.12
96,mixed,24101,0.1,64.0,40,pulse8,40.0,0,0.9999999980523107,32,1,0.12
96,mixed,24101,0.1,64.0,40,pulse16,16.0,0,0.9996830042174206,32,1,0.12
96,mixed,24101,0.1,64.0,40,pulse16,32.0,0,0.9999998936597617,32,1,0.12
96,mixed,24101,0.1,88.0,91,pulse8,8.0,0,0.9895174669803192,24,0,0.0
96,mixed,24101,0.1,88.0,91,pulse8,16.0,0,0.9998080057105724,24,0,0.0
96,mixed,24101,0.1,88.0,91,pulse8,24.0,0,0.999996483501926,24,0,0.0
96,mixed,24101,0.1,88.0,91,pulse8,32.0,0,0.9999999355930912,24,0,0.0
96,mixed,24101,0.1,88.0,91,pulse8,40.0,0,0.9999999988203463,24,0,0.0
96,mixed,24101,0.1,88.0,91,pulse16,16.0,0,0.9998080057105724,24,0,0.0
96,mixed,24101,0.1,88.0,91,pulse16,32.0,0,0.9999999355930912,24,0,0.0
96,mixed,24101,0.1,100.0,2,pulse8,8.0,0,0.9881132176974953,32,1,0.12
96,mixed,24101,0.1,100.0,2,pulse8,16.0,0,0.9997822859877984,32,1,0.12
96,mixed,24101,0.1,100.0,2,pulse8,24.0,0,0.9999960124287717,32,1,0.12
96,mixed,24101,0.1,100.0,2,pulse8,32.0,0,0.9999999269650854,24,0,0.0
96,mixed,24101,0.1,100.0,2,pulse8,40.0,0,0.9999999986623189,24,0,0.0
96,mixed,24101,0.1,100.0,2,pulse16,16.0,0,0.9997822859877984,32,1,0.12
96,mixed,24101,0.1,100.0,2,pulse16,32.0,0,0.9999999269650854,32,1,0.12
96,mixed,24102,0.2,40.0,49,persistent,8.0,1,0.49160362856297046,24,0,0.0
96,mixed,24102,0.2,40.0,49,persistent,16.0,1,0.013855219931576691,24,0,0.0
96,mixed,24102,0.2,40.0,49,persistent,24.0,1,0.00025376720499075024,24,0,0.0
96,mixed,24102,0.2,40.0,49,persistent,32.0,1,0.27867091744713873,24,0,0.0
96,mixed,24102,0.2,40.0,49,persistent,40.0,1,0.5844677239239783,24,0,0.0
96,mixed,24102,0.2,40.0,49,pulse8,8.0,1,0.49160362856297046,24,0,0.0
96,mixed,24102,0.2,40.0,49,pulse8,16.0,1,0.013855219931576691,24,0,0.0
96,mixed,24102,0.2,40.0,49,pulse8,24.0,1,0.00025376720499075024,24,0,0.0
96,mixed,24102,0.2,40.0,49,pulse8,32.0,1,0.27867091744713873,24,0,0.0
96,mixed,24102,0.2,40.0,49,pulse8,40.0,1,0.5844677239239783,24,0,0.0
96,mixed,24102,0.2,40.0,49,pulse16,16.0,1,0.013855219931576691,24,0,0.0
96,mixed,24102,0.2,40.0,49,pulse16,32.0,1,0.27867091744713873,24,0,0.0
96,mixed,24102,0.2,64.0,24,pulse8,8.0,0,0.981924582984734,24,0,0.0
96,mixed,24102,0.2,64.0,24,pulse8,16.0,0,0.999668937189185,24,0,0.0
96,mixed,24102,0.2,64.0,24,pulse8,24.0,0,0.9999939363731076,24,0,0.0
96,mixed,24102,0.2,64.0,24,pulse8,32.0,0,0.9999998889407995,32,1,0.12
96,mixed,24102,0.2,64.0,24,pulse8,40.0,0,0.9999999979658799,32,1,0.12
96,mixed,24102,0.2,64.0,24,pulse16,16.0,0,0.999668937189185,24,0,0.0
96,mixed,24102,0.2,64.0,24,pulse16,32.0,0,0.9999998889407995,32,1,0.12
96,mixed,24102,0.2,100.0,65,pulse8,8.0,0,0.9846189835764262,32,1,0.12
96,mixed,24102,0.2,100.0,65,pulse8,16.0,0,0.9997182868574441,24,0,0.0
96,mixed,24102,0.2,100.0,65,pulse8,24.0,0,0.9999948402438108,24,0,0.0
96,mixed,24102,0.2,100.0,65,pulse8,32.0,0,0.9999999054957689,24,0,0.0
96,mixed,24102,0.2,100.0,65,pulse8,40.0,0,0.9999999982690946,24,0,0.0
96,mixed,24102,0.2,100.0,65,pulse16,16.0,0,0.9997182868574441,32,1,0.12
96,mixed,24102,0.2,100.0,65,pulse16,32.0,0,0.9999999054957689,24,0,0.0
96,mixed,24102,0.1,40.0,49,persistent,8.0,1,0.48932186503559383,24,0,0.0
96,mixed,24102,0.1,40.0,49,persistent,16.0,1,0.013773507965413953,24,0,0.0
96,mixed,24102,0.1,40.0,49,persistent,24.0,1,0.000252270598125626,24,0,0.0
96,mixed,24102,0.1,40.0,49,persistent,32.0,1,0.2799593571710798,24,0,0.0
96,mixed,24102,0.1,40.0,49,persistent,40.0,1,0.5845712108186938,24,0,0.0
96,mixed,24102,0.1,40.0,49,pulse8,8.0,1,0.48932186503559383,24,0,0.0
96,mixed,24102,0.1,40.0,49,pulse8,16.0,1,0.013773507965413953,24,0,0.0
96,mixed,24102,0.1,40.0,49,pulse8,24.0,1,0.000252270598125626,24,0,0.0
96,mixed,24102,0.1,40.0,49,pulse8,32.0,1,0.2799593571710798,24,0,0.0
96,mixed,24102,0.1,40.0,49,pulse8,40.0,1,0.5845712108186938,24,0,0.0
96,mixed,24102,0.1,40.0,49,pulse16,16.0,1,0.013773507965413953,24,0,0.0
96,mixed,24102,0.1,40.0,49,pulse16,32.0,1,0.2799593571710798,24,0,0.0
96,mixed,24102,0.1,64.0,24,pulse8,8.0,0,0.9819153456915399,24,0,0.0
96,mixed,24102,0.1,64.0,24,pulse8,16.0,0,0.9996687680022586,24,0,0.0
96,mixed,24102,0.1,64.0,24,pulse8,24.0,0,0.9999939332743409,24,0,0.0
96,mixed,24102,0.1,64.0,24,pulse8,32.0,0,0.9999998888840437,32,1,0.12
96,mixed,24102,0.1,64.0,24,pulse8,40.0,0,0.9999999979648404,32,1,0.12
96,mixed,24102,0.1,64.0,24,pulse16,16.0,0,0.9996687680022586,24,0,0.0
96,mixed,24102,0.1,64.0,24,pulse16,32.0,0,0.9999998888840437,32,1,0.12
96,mixed,24102,0.1,100.0,65,pulse8,8.0,0,0.9845923010642741,32,1,0.12
96,mixed,24102,0.1,100.0,65,pulse8,16.0,0,0.9997177981501868,24,0,0.0
96,mixed,24102,0.1,100.0,65,pulse8,24.0,0,0.9999948312928251,24,0,0.0
96,mixed,24102,0.1,100.0,65,pulse8,32.0,0,0.999999905331826,24,0,0.0
96,mixed,24102,0.1,100.0,65,pulse8,40.0,0,0.9999999982660919,24,0,0.0
96,mixed,24102,0.1,100.0,65,pulse16,16.0,0,0.9997177981501868,32,1,0.12
96,mixed,24102,0.1,100.0,65,pulse16,32.0,0,0.999999905331826,24,0,0.0
96,mixed,24103,0.2,52.0,51,pulse8,8.0,0,0.9625054256730122,32,1,0.12
96,mixed,24103,0.2,52.0,51,pulse8,16.0,0,0.9983080418382239,32,1,0.12
96,mixed,24103,0.2,52.0,51,pulse8,24.0,0,0.999969010705294,32,1,0.12
96,mixed,24103,0.2,52.0,51,pulse8,32.0,0,0.9999994324112688,32,1,0.12
96,mixed,24103,0.2,52.0,51,pulse8,40.0,0,0.9999999896042499,32,1,0.12
96,mixed,24103,0.2,52.0,51,pulse16,16.0,0,0.9913154695416915,32,1,0.12
96,mixed,24103,0.2,52.0,51,pulse16,32.0,0,0.9999970866645904,32,1,0.12
96,mixed,24103,0.2,88.0,50,pulse8,8.0,0,0.9978476491156414,32,1,0.12
96,mixed,24103,0.2,88.0,50,pulse8,16.0,0,0.9999605783184402,24,0,0.0
96,mixed,24103,0.2,88.0,50,pulse8,24.0,0,0.9999992779667161,24,0,0.0
96,mixed,24103,0.2,88.0,50,pulse8,32.0,0,0.9999999867754991,24,0,0.0
96,mixed,24103,0.2,88.0,50,pulse8,40.0,0,0.9999999997577849,24,0,0.0
96,mixed,24103,0.2,88.0,50,pulse16,16.0,0,0.9999605783184402,32,1,0.12
96,mixed,24103,0.2,88.0,50,pulse16,32.0,0,0.9999999867754991,24,0,0.0
96,mixed,24103,0.1,52.0,51,pulse8,8.0,0,0.9628480476600448,32,1,0.12
96,mixed,24103,0.1,52.0,51,pulse8,16.0,0,0.9983806580229423,32,1,0.12
96,mixed,24103,0.1,52.0,51,pulse8,24.0,0,0.999970340717111,32,1,0.12
96,mixed,24103,0.1,52.0,51,pulse8,32.0,0,0.9999994567712849,32,1,0.12
96,mixed,24103,0.1,52.0,51,pulse8,40.0,0,0.9999999900504192,32,1,0.12
96,mixed,24103,0.1,52.0,51,pulse16,16.0,0,0.9913958352976499,32,1,0.12
96,mixed,24103,0.1,52.0,51,pulse16,32.0,0,0.999997113624298,32,1,0.12
96,mixed,24103,0.1,88.0,50,pulse8,8.0,0,0.9978530644211978,32,1,0.12
96,mixed,24103,0.1,88.0,50,pulse8,16.0,0,0.9999606775032213,24,0,0.0
96,mixed,24103,0.1,88.0,50,pulse8,24.0,0,0.999999279783349,24,0,0.0
96,mixed,24103,0.1,88.0,50,pulse8,32.0,0,0.9999999868087719,24,0,0.0
96,mixed,24103,0.1,88.0,50,pulse8,40.0,0,0.9999999997583942,24,0,0.0
96,mixed,24103,0.1,88.0,50,pulse16,16.0,0,0.9999606775032213,32,1,0.12
96,mixed,24103,0.1,88.0,50,pulse16,32.0,0,0.9999999868087719,24,0,0.0
